Season,Name,Team,IP,Stf+ FA,Stf+ SI,Stf+ FC,Stf+ FS,Stf+ SL,Stf+ CU,Stf+ CH,Stf+ KC,Stf+ FO,Stuff+,Location+,Pitching+,NameASCII,PlayerId,MLBAMID
2021,"Emmanuel Clase","CLE",69.2,96.97,,130.29717842323652,,166.82748387096768,,,,,140.93063461538458,99.78894230769234,138.15215384615385,"Emmanuel Clase",21032,661403
2022,"Emmanuel Clase","CLE",72.2,107.81529411764707,,126.4609764918626,,148.48005698005701,,,,,134.2893073593074,101.66569264069264,133.09365800865797,"Emmanuel Clase",21032,661403
2026,"Adrian Morejon","SDP",85,127.44607734806631,128.79078688524595,,,129.02710659898474,,131.50422818791947,,,129.21083659108675,104.62403440187641,131.61590304925724,"Adrian Morejon",20039,670970
2021,"Jonathan Loáisiga","NYY",70.2,128.07380952380953,138.60969798657717,,,127.58846153846154,121.81638009049773,105.7052,,,128.48386679000916,104.04891766882518,131.4620166512489,"Jonathan Loaisiga",19753,642528
2021,"Liam Hendriks","CHW",71,115.93776609724043,,,,126.7348085106383,143.1672897196262,126,,,120.8651179673321,112.64194192377491,130.45299455535385,"Liam Hendriks",3548,521230
2025,"Tyler Rogers","- - -",77.1,,139.2371742112483,,,131.5633734939759,,,,,137.27442338238976,103.69271308913491,130.38359063405866,"Tyler Rogers",15541,643511
2025,"Jhoan Duran","- - -",70,116.90486772486774,,,133.36420560747663,109.48072580645163,,,144.98310679611652,,128.41349211370724,100.94787485999127,130.0944053431114,"Jhoan Duran",21029,661395
2022,"Andrés Muñoz","SEA",65,123.57583333333336,145.54,,,141.1594840667678,,,,,134.93128305582763,100.32103819784528,129.90865817825662,"Andres Munoz",20373,662253
2023,"Emmanuel Clase","CLE",72.2,120.676,,132.3157199471598,,136.60504201680675,,,,,133.473374888691,97.10983081032948,129.13303650934998,"Emmanuel Clase",21032,661403
2024,"Griffin Jax","MIN",71,92.55172413793102,116.4436190476191,,,115.58365914786971,134.09878787878785,114.17078651685394,,,109.60176194939089,120.0144892221181,129.09900656044996,"Griffin Jax",20253,643377
2025,"Aroldis Chapman","BOS",61.1,114.03166666666668,130.7405280528053,,133.89398058252422,142.87795620437956,,,,,125.87130625686068,105.19429198682766,128.22996706915478,"Aroldis Chapman",10233,547973
2024,"Emmanuel Clase","CLE",74.1,92.26333333333334,95.915,125.35105882352943,,142.82158415841582,,,,,127.97877016129034,101.45633064516127,128.20959677419353,"Emmanuel Clase",21032,661403
2022,"Edwin Díaz","NYM",62,122.9871979434448,,,,131.989720670391,,,,,128.20788336933043,97.96680345572358,127.26105831533481,"Edwin Diaz",14710,621242
2023,"Félix Bautista","BAL",61,130.1230612244898,,,138.5875409836066,87.00765957446805,,,,,126.45608883405302,95.99822331893888,127.0637014188773,"Felix Bautista",20666,642585
2021,"Blake Treinen","LAD",72.1,104.95341463414634,122.7904,113.22176829268292,,141.9408355091384,,97.96,,,125.30799632352938,105.29845588235298,126.82132352941186,"Blake Treinen",12572,595014
2021,"Raisel Iglesias","LAA",70,103.0868108108108,124.41960784313723,,,130.27113573407203,,109.55540229885057,,,117.85917596566526,113.35543347639486,126.39869527896997,"Raisel Iglesias",17130,628452
2023,"Tyler Rogers","SFG",74,,119.15130434782606,,,130.26098540145983,,,,,124.65235452103845,106.30347358997317,125.52723366159361,"Tyler Rogers",15541,643511
2023,"Brusdar Graterol","LAD",65.1,83.63164835164835,134.53979848866499,98.97340314136129,,136.93853881278537,,,,,122.23636566332223,106.60151616499448,125.07299888517281,"Brusdar Graterol",20367,660813
2026,"Tyler Rogers","TOR",70,,138.91197385620913,,,129.23445378151263,,,,,136.57586413586418,98.56761238761241,125.01300699300697,"Tyler Rogers",15541,643511
2025,"Griffin Jax","- - -",64,96.99145945945945,104.78704918032787,99.17999999999999,,126.68330140516362,150.996,119.26919831223628,,,116.38357562218786,108.10256447261558,124.82286946328341,"Griffin Jax",20253,643377
2022,"Evan Phillips","LAD",63,108.44406976744189,111.21268817204302,105.60639999999997,,137.86252173913044,,,,,124.1682621648462,104.28556107249261,124.63521350546183,"Evan Phillips",17734,623465
2022,"Jhoan Duran","MIN",67.2,116.5404733727811,,,126.39048780487803,114.00387096774195,140.89925,,,,129.1981926811053,99.18581030619856,123.90903659447353,"Jhoan Duran",21029,661395
2022,"Félix Bautista","BAL",65.2,126.02990163934425,,,156.34775665399243,121.93344262295085,,,,,131.81190817790525,90.48862266857961,123.87809182209465,"Felix Bautista",20666,642585
2024,"Adrian Morejon","SDP",63.2,114.63266129032257,118.81911227154049,,143.58567901234568,132.78896551724137,,,,,124.34494806421151,104.31918791312559,123.76379603399432,"Adrian Morejon",20039,670970
2026,"Jonathan Loáisiga","ARI",65,97.37868421052633,117.55728395061726,92.53250000000001,,,112.26916666666665,98.14047430830038,,,105.9110229645094,116.76753653444676,123.40331941544889,"Jonathan Loaisiga",19753,642528
2024,"Orion Kerkering","PHI",61,98.57980769230765,114.34546583850933,,,131.95877133105796,,,,,119.43200378071832,107.46746691871462,122.99183364839317,"Orion Kerkering",31776,689147
2025,"Reid Detmers","LAA",63.2,114.2826141078838,104.34378378378379,,,125.4165662650603,102.295807860262,94.98,,,114.76621004566215,111.32189954337899,122.89598173515978,"Reid Detmers",27468,672282
2021,"Tyler Rogers","SFG",81,107.72399999999998,135.744459234609,,,128.92016597510374,,,,,131.5870337477798,98.16772646536411,122.75799289520437,"Tyler Rogers",15541,643511
2023,"Tanner Scott","MIA",78,117.00856643356643,,,,129.7954258675079,,,,,123.73865671641792,99.51930348258708,122.67412935323374,"Tanner Scott",17586,656945
2023,"Yennier Cano","BAL",72.2,77.73235294117649,127.09864768683272,,,111.15144927536231,,95.08978723404255,,,114.25433628318586,109.11191740412983,122.07476892822027,"Yennier Cano",25911,666974
2024,"Yennier Cano","BAL",60,76.96540540540539,126.86589595375722,,,117.79190839694655,,93.46412955465586,,,111.63201990049753,111.35144278606967,122.00220895522386,"Yennier Cano",25911,666974
2025,"Jeremiah Estrada","SDP",73,117.22609686609685,,,147.26327526132403,111.77829959514169,,,,,123.08440650406504,100.95198373983736,121.99786991869912,"Jeremiah Estrada",22210,669093
2023,"Griffin Jax","MIN",65.1,90.3716595744681,113.50985074626864,96.23199999999999,,122.99411978221417,,109.73096774193554,,,112.61982725527835,110.59078694817654,121.9507293666028,"Griffin Jax",20253,643377
2025,"Adrian Morejon","SDP",73.2,119.84709677419356,129.94964285714286,98.02914285714284,,123.97398373983741,,122.49363636363637,,,126.2577689243028,99.22428286852582,121.93187250996019,"Adrian Morejon",20039,670970
2024,"Clay Holmes","NYY",63,,108.85213703099508,,,147.725593220339,,,,,125.77850138760412,101.78538390379285,121.90016651248845,"Clay Holmes",13649,605280
2021,"Kenley Jansen","LAD",69,,119.92093862815886,129.66985691573927,,134.46666666666667,,,,,127.97810328638504,95.70991549295772,121.49273239436621,"Kenley Jansen",3096,445276
2024,"Ryan Helsley","STL",66.1,106.67442080378248,,,,148.97497777777775,137.93448275862073,,,,129.10971982758616,95.03034482758618,121.19028017241378,"Ryan Helsley",18138,664854
2024,"Jeremiah Estrada","SDP",61,112.73333333333332,,,113.99869346733662,87.4267510548523,,,,,107.00978000000005,113.58447999999994,121.11625999999995,"Jeremiah Estrada",22210,669093
2023,"Jhoan Duran","MIN",62.1,115.22704595185994,,,132.84395683453238,,141.6998615916955,,,,130.2730721966206,92.92033794162825,121.08202764976956,"Jhoan Duran",21029,661395
2023,"Gregory Soto","PHI",60.1,113.07124260355032,114.42990430622012,,,132.0607042253521,,95.78,,,122.39480916030537,103.85387404580153,120.9464885496183,"Gregory Soto",19677,642397
2024,"Mason Miller","OAK",65,125.9756656346749,,,96.29333333333334,135.99888268156425,,96.10823529411766,,,129.13345703124995,92.79435546874997,120.41171875000002,"Mason Miller",31757,695243
2026,"Louis Varland","TOR",77,118.09916831683174,107.72827586206898,,,97.34404040404038,,100.49619909502262,124.91277628032341,,114.99288052373161,106.18088379705402,120.41029459901803,"Louis Varland",27691,686973
2024,"Tyler Rogers","SFG",70.1,99.7525,112.65783699059565,,,130.5189830508474,,,,,119.02858291457292,110.85561809045221,120.22936683417085,"Tyler Rogers",15541,643511
2021,"Andrew Kittredge","TBR",65.1,91.77425531914892,110.24087628865978,,,112.0371776155718,,79.1,,,109.09791245791243,111.98426487093157,120.14356902356897,"Andrew Kittredge",12828,552640
2021,"Garrett Whitlock","BOS",73.1,116.24440000000003,119.06751203852332,129.02,,104.2972340425532,,115.2264135021097,,,115.57310822510826,106.91123809523813,119.84290909090905,"Garrett Whitlock",20191,676477
2021,"Paul Sewald","SEA",64.2,128.10897515527947,,,,112.16583877995643,,40.42,,,121.36614687216684,101.0525657298277,119.63960108794197,"Paul Sewald",13892,623149
2026,"Tanner Scott","LAD",61.2,118.92858407079648,,,,122.26409185803757,,,,,120.65147470398274,104.19177610333696,119.46667384284176,"Tanner Scott",17586,656945
2024,"Josh Hader","HOU",71,,112.9626139088729,,,114.69855799373042,,83.83500000000001,,,113.08558899398109,106.37014617368872,119.41007738607044,"Josh Hader",14212,623352
2023,"Paul Sewald","- - -",60.2,124.27399662731874,,,,112.97443117224365,,,,,120.84302403178033,101.45830619312937,119.35765722705591,"Paul Sewald",13892,623149
2021,"Edwin Díaz","NYM",62.2,110.26660162601627,112.49666666666667,,,132.96679045092836,,,,,118.88171198388719,100.26471299093659,119.14499496475327,"Edwin Diaz",14710,621242
2022,"Tyler Rogers","SFG",75.2,120.7576,132.9856953642384,,,125.09014925373131,,,,,129.18134251290874,96.09549053356284,119.03950086058522,"Tyler Rogers",15541,643511
2023,"Jason Foley","DET",69,97.48666666666666,120.82224066390042,,,104.96439560439565,,77.58071942446041,,,112.27057251908397,107.70585877862595,118.98356870229006,"Jason Foley",19531,671345
2022,"Camilo Doval","SFG",67.2,,108.74931506849316,106.24323529411768,,127.68696721311474,,,,,116.23994642857141,102.67817857142859,118.86864285714279,"Camilo Doval",21992,666808
2023,"Gregory Santos","CHW",66.1,87.35391304347829,105.03960698689956,,,116.83989090909094,,94.16799999999998,,,110.44845360824735,108.36397375820054,118.74219306466736,"Gregory Santos",21894,666619
2021,"Ryan Pressly","HOU",64,94.97291005291004,93.64,,,127.13917888563047,134.75203463203462,,,,116.14413865546219,103.67046218487393,118.59758403361346,"Ryan Pressly",7005,519151
2025,"Devin Williams","NYY",62,107.92492424242423,,90.32,,,,124.33174657534248,,,116.48865107913667,100.85553956834529,118.51282374100718,"Devin Williams",15816,642207
2024,"Justin Martinez","ARI",72.2,107.5986567164179,128.05424812030077,,136.41245136186774,99.84799999999997,,,,,121.3837883959044,94.40808873720134,118.50076791808871,"Justin Martinez",24453,679885
2023,"Craig Kimbrel","PHI",69,116.69729442970825,,,,,,,116.94184782608696,,116.58236135957065,104.08135957066195,118.4736314847943,"Craig Kimbrel",6655,518886
2025,"Tanner Banks","PHI",65.1,105.3665470852018,105.32666666666668,,,111.13168067226891,,115.114,,,112.14220213640094,111.61168447000816,118.35411668036159,"Tanner Banks",16990,621383
2024,"Tanner Scott","- - -",72,120.95193033381712,,,,127.41545439965003,,199.12,,,123.68567112203931,96.34235206270482,118.34224120245983,"Tanner Scott",17586,656945
2022,"A.J. Minter","ATL",70,118.69855334538879,,123.79960784313727,,,,109.70019900497513,,,118.66883468834688,100.83044263775967,118.27817524841916,"A.J. Minter",18655,621345
2026,"Mason Miller","SDP",69,106.08610486891386,122.44,,,131.57299455535394,,110.50636363636364,,,118.9108161434978,102.43655605381164,117.82507623318389,"Mason Miller",31757,695243
2022,"Paul Sewald","SEA",64,121.75553784860558,,,,117.2810212765958,,,,,119.35020618556706,99.51488659793819,117.6917525773196,"Paul Sewald",13892,623149
2023,"Jordan Hicks","- - -",65.2,114.872,124.64960893854747,,120.94666666666666,129.4023846153846,,,,,124.65468578618342,93.43024388337955,117.28919511368076,"Jordan Hicks",19618,663855
2023,"Evan Phillips","LAD",61.1,106.41265536723165,111.0904,96.8012727272727,,128.55589371980673,,,,,114.68908690869088,104.4871287128713,116.98664466446645,"Evan Phillips",17734,623465
2023,"Camilo Doval","SFG",67.2,,110.11302052785923,112.74322077922076,,124.37007299270074,,,,,116.25314537444928,98.4304669603524,116.69363876651984,"Camilo Doval",21992,666808
2024,"Aroldis Chapman","PIT",61.2,85.33404145077719,129.70315789473685,,110.62725925925926,103.38240802675587,,,,,105.26880212954738,112.58637089618462,116.60894409937883,"Aroldis Chapman",10233,547973
2025,"Aaron Ashby","MIL",64.2,88.45272727272727,124.42574803149606,,,142.2353086419753,109.99984790874524,114.12564102564102,,,119.61747747747752,96.78570570570568,116.51695695695695,"Aaron Ashby",23550,676879
2025,"Tim Hill","NYY",67,109.52650406504064,127.16021709633648,,,96.48512820512819,,,,,123.46398656215008,99.18653975363937,116.42156774916012,"Tim Hill",16814,657612
2022,"Kenley Jansen","ATL",64,,104.70442396313366,131.1532618683002,,112.07212121212122,,,,,122.80923076923084,96.72407592407593,116.28151848151852,"Kenley Jansen",3096,445276
2023,"Matt Brash","SEA",70.2,96.32637813211848,128.37282051282054,119.54716981132077,,139.5666579634465,,87.72,124.90088495575219,,123.7702797202798,91.98216783216787,116.05156643356639,"Matt Brash",25756,666374
2021,"Caleb Thielbar","MIN",64,106.40719557195568,,,,122.25198938992044,129.78255555555555,127.79333333333334,,,115.69927206551405,103.82587807097362,116.0472065514104,"Caleb Thielbar",10078,573204
2025,"Mason Miller","- - -",61.2,119.82686390532547,,,,136.57801354401806,,94.82636363636365,,,126.85703173743487,92.95041727999079,116.03294010130355,"Mason Miller",31757,695243
2026,"Mason Montgomery","PIT",62,109.99238493723858,103.64812749003983,,,115.70454545454544,122.97531034482759,80.63238095238096,,,110.55720841300196,105.95173996175906,116.01722753346083,"Mason Montgomery",29770,682254
2026,"Aaron Ashby","MIL",85,87.61785714285715,118.52326797385619,,,132.37765363128491,114.74763636363637,115.09820224719098,,,118.21546991210265,94.7099121027722,115.99503718728863,"Aaron Ashby",23550,676879
2022,"Devin Williams","MIL",60.2,116.50893300248138,,99.83500000000001,,102.08648648648646,,119.45645161290325,,,117.59548689138583,96.19172284644193,115.84194756554304,"Devin Williams",15816,642207
2022,"Craig Kimbrel","LAD",60,121.23485094850948,,,,,,,104.69141025641026,,116.67020446096656,101.12150557620815,115.67728624535316,"Craig Kimbrel",6655,518886
2022,"Rafael Montero","HOU",68.1,104.49342685370743,117.4449799196787,,,111.18285714285717,,82.43132075471696,,,103.93593033913838,110.81802016498624,115.58043996333639,"Rafael Montero",12760,606160
2025,"Graham Ashcraft","CIN",65.1,,,89.92313167259789,,140.90527426160335,,,,,113.3204267701261,104.68593598448112,115.54888457807947,"Graham Ashcraft",27552,668933
2026,"José A. Ferrer","SEA",64.1,97.37666666666667,126.0379918588874,,,130.65651515151515,,121.93905263157896,,,125.72162570888462,93.97943289224956,115.54882797731567,"Jose A. Ferrer",24017,678606
2026,"Steven Okert","HOU",67,92.7122535211268,90.72631578947367,,,124.8104831625183,,76.28999999999999,,,113.96251707317072,105.70138536585364,115.53393170731707,"Steven Okert",13580,595345
2024,"Kevin Kelly","TBR",70.2,127.5878260869565,118.70907086614179,98.72758620689656,,134.63630662020907,,,,,121.68229795520934,106.08792599805261,115.37758519961045,"Kevin Kelly",25679,687330
2021,"Chad Green","NYY",83.2,112.89466042154567,118.54,,,115.99021276595745,105.60669683257919,,,,112.18321401370902,105.88169078446306,115.37306930693072,"Chad Green",15552,643338
2024,"Lucas Erceg","- - -",61.2,102.99720136518772,129.23227722772276,,,120.26916666666666,,92.54191489361703,,,111.37495697145567,104.99027796023913,115.11779000961734,"Lucas Erceg",19360,668674
2025,"Gabe Speier","SEA",62,110.76281553398056,105.20183823529416,,,114.40953586497885,,,,,110.05889250814336,110.93609120521174,114.93168295331165,"Gabe Speier",17170,642100
2022,"Yimi García","TOR",61,115.15934782608694,97.96136986301372,,,101.25801104972378,98.5812643678161,91.1742105263158,,,105.8328378378379,107.9182432432432,114.93003861003858,"Yimi Garcia",12095,554340
2023,"Ryan Pressly","HOU",65.1,94.8232911392405,101.9,103.21166666666666,,118.64161369193155,120.93726937269378,109.02637362637367,,,112.66994117647054,99.72411764705879,114.73300000000003,"Ryan Pressly",7005,519151
2022,"Luis García","SDP",61,87.549,110.25029354207439,,113.90800000000004,131.6997402597403,,,,,117.13131249999998,98.73779166666664,114.47791666666666,"Luis Garcia",6984,472610
2026,"Didier Fuentes","ATL",69.1,116.34808132147396,,,89.41583333333332,120.63655172413792,95.37111111111112,,,,115.46421238938052,101.24842477876108,114.33095575221239,"Didier Fuentes",30661,800311
2021,"Jordan Romano","TOR",63,120.7936137071651,124.15,,,120.18432717678098,,,,,120.59655976676387,93.20769679300285,114.29414965986396,"Jordan Romano",16122,605447
2026,"Cade Smith","CLE",73.1,115.23477360931433,,,108.17403278688526,114.63538461538457,,,,,113.33418121363255,102.22129675810476,114.24540315876969,"Cade Smith",27867,671922
2025,"José A. Ferrer","WSN",76.1,,125.4858147713951,,,126.0555555555556,,114.8422641509434,,,122.26729235880391,96.02762458471763,114.16255813953495,"Jose A. Ferrer",24017,678606
2026,"Grant Taylor","CHW",77,105.97442804428043,103.51119496855345,113.785,,108.35247524752478,99.79913544668587,,,,104.36295291300875,109.1190901835594,114.14435754189937,"Grant Taylor",33927,691799
2025,"Cade Smith","CLE",73.2,107.74089480048374,,,113.69027888446213,123.18342857142859,,,,,110.39327674023772,104.71050933786078,114.0343463497453,"Cade Smith",27867,671922
2024,"José Alvarado","PHI",61.2,,107.79600000000002,116.25259433962266,,,126.33333333333333,,,,111.19906488549621,96.83379770992363,113.97958015267169,"Jose Alvarado",17780,621237
2023,"Julian Merryweather","CHC",72,102.72454183266932,,,,129.55744479495272,,140.00260869565216,,,119.3936867862969,99.69309951060359,113.94249592169659,"Julian Merryweather",16703,657240
2024,"Ryan Thompson","ARI",66.1,118.94600000000004,116.48217252396161,,,121.22464000000001,,,,,117.86314491264132,100.82448098663927,113.89465570400819,"Ryan Thompson",16647,657044
2023,"A.J. Minter","ATL",64.2,112.64887999999999,,126.6615533980583,,,,111.41202702702702,,,117.88975517890772,100.04167608286248,113.87681732580043,"A.J. Minter",18655,621345
2023,"Kevin Kelly","TBR",67,139.56428571428572,119.29996078431374,95.36207547169813,,126.78229357798169,,,,,120.25018761726074,102.80052532833025,113.8026829268293,"Kevin Kelly",25679,687330
2025,"Dylan Lee","ATL",68.1,112.86368421052629,,,,112.12713584288056,,86.83342465753421,,,109.02718835304823,105.25707006369423,113.59095541401277,"Dylan Lee",19996,669276
2023,"Clay Holmes","NYY",63,,110.31370944992948,,,140.29544871794872,,,,,119.35579667644177,96.38678396871951,113.54592375366569,"Clay Holmes",13649,605280
2024,"Greg Weissert","BOS",63.1,120.24417021276591,102.97802325581398,,,111.30022471910114,,90.15516483516483,,,108.59425781250002,107.58386718750005,113.32042968750005,"Greg Weissert",20375,669711
2022,"Phil Bickford","LAD",61,115.52950965824668,,,,103.0925949367088,,85.34,,,111.54355915065723,103.86634984833165,113.30293225480285,"Phil Bickford",18519,641360
2026,"Bryan Baker","TBR",61.1,102.21913555992141,,,,114.33032258064516,,126.24384976525825,,,113.18269989615789,103.1469574247144,113.20292834890974,"Bryan Baker",19804,641329
2023,"Hunter Harvey","WSN",60.2,105.17103806228371,,,112.85733333333333,123.79492537313433,99.85887323943659,,,,108.8368366285119,106.53390218522362,113.08183142559838,"Hunter Harvey",15507,640451
2025,"Will Vest","DET",68.2,102.07986554621844,114.38715789473682,,,107.05888475836431,,106.327,,,105.61250221043323,109.42454465075156,112.7787267904509,"Will Vest",19769,676684
2026,"Michael Petersen","MIA",64.1,113.46770833333332,100.42,,,118.30872483221472,,95.82824427480918,,,112.62770593445529,101.71107174490702,112.66494242692653,"Michael Petersen",20827,656848
2024,"Michael Kopech","- - -",67.2,126.86146993318486,,131.05366666666666,,127.30976000000001,,,,,127.33876906504221,86.00548873580286,112.45157809748474,"Michael Kopech",17282,656629
2025,"Orion Kerkering","PHI",60,110.27550684931506,109.19544041450777,,,121.96038910505838,,,,,115.41824790307547,101.30730661696178,112.36029822926373,"Orion Kerkering",31776,689147
2025,"Robert Suarez","SDP",69.2,110.01855384615384,109.59449101796406,76.25,,,,101.22996108949421,,,107.36421052631582,107.02395198522623,112.24073868882738,"Robert Suarez",30115,663158
2022,"Ryan Helsley","STL",64.2,110.4029197080292,,,,138.9294462540717,124.35524752475247,92.22666666666667,,,120.85810613943808,92.00397502601459,112.18420395421435,"Ryan Helsley",18138,664854
2023,"Yimi García","TOR",66,113.1734065934066,111.77436781609194,,,100.88789915966387,111.72089136490256,90.11475,,,109.70750684931505,101.77981735159815,112.15457534246573,"Yimi Garcia",12095,554340
2023,"Carlos Hernández","KCR",63,113.04882165605093,124.6575,,106.24645161290317,127.70572490706319,,,118.58203703703704,,116.4946771378709,96.12743455497387,112.0510122164049,"Carlos Hernandez",22713,672578
2022,"Keegan Akin","BAL",79.1,110.81218093699516,,,,110.68461971830988,112.08399999999999,99.07896226415092,,,108.69782828282828,106.64092592592591,112.04659932659933,"Keegan Akin",19362,669211
2022,"Clay Holmes","NYY",63.2,81.22,107.18654777070064,,,130.9575,,,,,111.85033915724561,99.69825282631038,111.95021582733814,"Clay Holmes",13649,605280
2021,"Adam Cimber","- - -",71.2,117.31987915407856,123.62536986301369,,,110.3318884272883,,,,,117.43572367004165,99.66722892362458,111.81937410241017,"Adam Cimber",15288,643256
2021,"Brent Suter","MIL",71,108.31062645011598,98.53043478260871,,,94.84615384615384,102.41866666666667,84.98125,,,104.11633730834754,106.77676320272579,111.69098807495742,"Brent Suter",13942,608718
2025,"Ben Casparius","LAD",68,94.27575384615385,70.43733333333333,104.34263374485595,,126.03147601476017,115.16259740259736,,,,111.82899297423887,103.43178766588606,111.46321623731454,"Ben Casparius",30085,676508
2025,"Carlos Vargas","SEA",77,96.20842105263158,109.25242074927955,95.63057971014491,,108.1789268292683,,113.65619047619049,,,107.1433962264151,106.19256064690019,111.4506738544475,"Carlos Vargas",22915,672841
2024,"Robert Suarez","SDP",65,118.61237553342815,112.96272108843537,88.005,,,,107.32130081300815,,,116.13734693877555,97.00091836734694,111.3736734693877,"Robert Suarez",30115,663158
2024,"Matt Strahm","PHI",62.2,121.74225988700566,105.17706293706296,94.4213793103448,,116.08698412698413,,,,,115.10006066734073,101.07629929221434,111.29842264914052,"Matt Strahm",13799,621381
2021,"Dylan Floro","MIA",64,113.27848942598187,119.23531791907516,,,99.32023668639057,,90.72550387596897,,,108.65402298850572,104.22196286472155,111.28192749778958,"Dylan Floro",13394,571670
2026,"Juan Morillo","ARI",63.1,110.36205761316866,116.28734693877551,,,115.58479338842976,,94.52851851851852,,,108.80994094488183,104.07187007874019,111.2688779527559,"Juan Morillo",21924,666661
2025,"Louis Varland","- - -",70.2,108.73784017278615,109.05292307692305,,,89.71494366197183,,83.91224489795916,117.70463931438704,,109.4642459102666,101.05803931981869,111.26394767973943,"Louis Varland",27691,686973
2023,"Justin Topa","SEA",69,,121.95051502145918,92.38463917525773,,118.14122580645159,,88.36028169014082,,,113.03574999999996,104.50026923076928,111.2580576923078,"Justin Topa",15145,623437
2026,"Ryan Zeferjahn","- - -",69.2,119.318451361127,100.3805770833333,,,122.82458889903742,128.6455172413793,,,,118.163919398611,92.36778658241974,111.1723041042524,"Ryan Zeferjahn",25420,666171
2025,"Steven Okert","HOU",70,91.29882075471696,,86.13555555555556,,127.57657045840406,,129.64,,,112.20590196078429,101.02050980392158,111.11176470588232,"Steven Okert",13580,595345
2021,"Clay Holmes","- - -",70,71.68,115.47072507552869,,,119.25708593749998,112.17961216088875,,,,116.00650205699246,95.96078866724042,111.03624669072117,"Clay Holmes",13649,605280
2024,"Andrew Kittredge","STL",70.2,88.51054263565894,100.5116580310881,110.86,,101.35538461538465,,,,,99.46218536585364,112.4773268292683,110.90885853658543,"Andrew Kittredge",12828,552640
2025,"Angel Zerpa","KCR",62.2,88.12666666666667,127.52545842217485,,,109.50320699708452,,92.287,,,112.42951219512193,103.15896810506565,110.90720450281421,"Angel Zerpa",22717,672582
2022,"Emilio Pagán","MIN",63,113.95609589041098,,103.69118483412322,87.35240143369175,110.89545454545453,107.49357142857141,,,,105.25361777777779,107.28071111111102,110.7763022222222,"Emilio Pagan",14771,641941
2021,"Lucas Luetge","NYY",70.1,93,,97.8452,,97.15828358208955,165.10663043478257,,,,108.00690117252937,97.76164154103851,110.63664991624789,"Lucas Luetge",8337,476595
2021,"David Bednar","PIT",60.2,105.47113243761996,,,103.7502590673575,,104.32354545454544,,,,104.84522483940044,107.55473233404707,110.61573875802995,"David Bednar",19569,670280
2025,"Abner Uribe","MIL",75.1,105.65833333333336,102.41804054054055,,,129.79114018691587,,,,,115.08548109965638,98.07749140893468,110.57747422680414,"Abner Uribe",25327,682842
2026,"Trevor Megill","MIL",60.2,103.42631956912031,,,,,,,134.80431372549023,,114.58746511627903,99.49132558139539,110.5201162790697,"Trevor Megill",17722,656730
2022,"Alexis Díaz","CIN",63.2,112.14008784773057,,,,126.72789189189193,158.68,,,,117.29321937321937,93.43745489078823,110.4991452991453,"Alexis Diaz",21132,664747
2024,"Trent Thornton","SEA",72.1,101.43052631578948,102.67695238095233,102.34880000000001,,109.80999999999999,122.71911111111112,100.62357142857142,,,108.4801587301587,105.42760141093478,110.4088888888889,"Trent Thornton",17948,663423
2026,"Dylan Lee","ATL",66,115.61793939393932,,,,117.72022099447513,,91.10726190476193,,,112.7858823529412,99.69944069431054,110.34372227579556,"Dylan Lee",19996,669276
2025,"Rafael Montero","- - -",60.1,97.58728929384964,109.6575,,90.9295294117647,105.82192771084337,,,,,95.7021040767446,111.68403259670663,110.25068630131852,"Rafael Montero",12760,606160
2024,"Tim Hill","- - -",67,103.47554687500002,122.72272592592594,,,100.06257080610023,,,,,116.37541858125478,98.02719160240527,110.17885675349427,"Tim Hill",16814,657612
2025,"John Schreiber","KCR",64,111.11387878787878,108.54401960784315,91.18326530612246,,96.46976271186442,,108.07428571428571,,,102.638255033557,108.62253116011509,110.12393096836044,"John Schreiber",20020,670167
2024,"Jeff Hoffman","PHI",66.1,114.78920716112536,111.469756097561,,105.16433333333335,117.78067873303169,,,,,114.90598726114642,98.70647861692443,110.0605095541401,"Jeff Hoffman",17432,656546
2022,"Penn Murfee","SEA",67.1,109.71073891625615,95.28579710144929,,,120.3997975708502,,,,,113.8538493292054,97.97657378740975,110.05139318885449,"Penn Murfee",25174,682171
2021,"Luke Jackson","ATL",63.2,97.46845744680849,,,,117.30981617647058,101.28177777777779,,,,108.17669829222018,100.8328842504744,109.98070208728657,"Luke Jackson",11752,592426
2024,"Hunter Gaddis","CLE",74.2,95.16422330097082,,,,97.54411764705877,,112.18364640883976,,,99.11908239700377,110.07629213483146,109.94529962546818,"Hunter Gaddis",25636,683769
2026,"Kevin Kelly","TBR",72.2,122.05885714285715,118.29245551601426,86.49333333333334,,113.13647058823531,,107.71058394160585,,,115.1215794871795,97.20750769230769,109.9047794871795,"Kevin Kelly",25679,687330
2024,"Sean Hjelle","SFG",80.2,69.94,107.47016541353382,82.29562499999997,,,,,113.17721153846153,,106.74772689425475,105.29976686094922,109.71127393838468,"Sean Hjelle",21481,663546
2023,"Phil Maton","HOU",66,,72.24651162790697,86.44994011976047,,111.25037037037039,113.15541766109786,,,,102.43199230028871,102.72336862367658,109.69197305101056,"Phil Maton",18064,664208
2026,"Jacob Latz","TEX",67,118.82438356164384,,,,107.16070588235294,121.73870129870126,104.36701421800949,,,114.17971126082777,99.31713185755537,109.65339749759389,"Jacob Latz",21306,656641
2022,"A.J. Puk","OAK",66.1,115.80819875776395,102.03235955056181,,,122.81186104218364,,126.41692307692308,,,116.35047441860468,96.34167441860464,109.57724651162786,"A.J. Puk",19343,640462
2022,"Phil Maton","HOU",65.2,101.7249894291755,94.4688888888889,108.33428571428571,,109.40711340206188,124.06087719298245,-64.03999999999999,,,109.46227522935776,97.43666055045868,109.54233027522938,"Phil Maton",18064,664208
2024,"Raisel Iglesias","ATL",69.1,100.47007575757577,102.91176470588233,,,129.51623931623934,,91.47957894736842,,,107.48685032139579,103.24168962350778,109.4008631772268,"Raisel Iglesias",17130,628452
2024,"Ryan Walker","SFG",79,105.21333333333332,97.6915548780488,,,127.89132710280376,,,,,111.23981589958159,104.93949790794977,109.33626778242675,"Ryan Walker",20423,676254
2025,"Pete Fairbanks","TBR",60.1,98.8161904761905,,157.7504761904762,,133.83392857142857,,101.6091666666667,,,115.44996948118,99.24345879959311,109.31759918616478,"Pete Fairbanks",17998,664126
2024,"Keegan Akin","BAL",78.2,114.46555395683455,,,,110.36316301703167,,96.96044776119403,,,111.18338461538463,100.40364372469634,109.31023481781381,"Keegan Akin",19362,669211
2024,"Tyson Miller","- - -",62,99.52388261851016,81.705625,,,111.83667341548679,110.11066666666667,75.6695238095238,,,104.09277569246872,105.6395836738312,109.24577518553095,"Tyson Miller",19976,668338
2024,"David Robertson","TEX",72,,111.03058823529412,113.59020833333331,,99.18874999999998,,83.29142857142857,112.5230864197531,,111.79049586776861,97.00325619834716,109.18715702479338,"David Robertson",8241,502085
2025,"Andrés Muñoz","SEA",62.1,106.27989218328842,110.22750000000002,,,127.08828571428572,,122.98363636363636,,,120.36546737213399,94.10194003527337,109.12052910052913,"Andres Munoz",20373,662253
2023,"Miguel Castro","ARI",64.2,,93.10070093457942,,,119.03713603818619,,84.04650000000001,,,102.21392430278885,106.65360557768919,109.06974103585655,"Miguel Castro",15684,612434
2025,"Ronny Henriquez","MIA",73,115.37651162790696,110.01,,,112.16831385642739,,88.51364583333334,,,109.17925798101815,99.49382226056956,109.00303710094917,"Ronny Henriquez",24094,678692
2022,"Adam Cimber","TOR",70.2,114.07032967032967,117.06012903225806,,,107.78516304347826,,,,,112.73534167468713,100.49366698748803,108.92885466795,"Adam Cimber",15288,643256
2023,"Sam Moll","- - -",61.1,107.17188755020076,116.13798882681563,,,119.94825065274152,,93.79333333333334,,,114.90593668596753,97.89195838874471,108.90804390960662,"Sam Moll",14874,594580
2022,"Reynaldo López","CHW",63.1,101.52402985074629,,,,113.43575163398691,108.33108108108108,103.01652173913044,,,105.98730890052356,102.90439790575915,108.85392670157067,"Reynaldo Lopez",16400,625643
2022,"Jason Foley","DET",60.1,96.47011764705883,102.75595890410956,,,115.14460176991149,,82.01424242424244,,,103.68874350986502,108.05634475597094,108.82720664589823,"Jason Foley",19531,671345
2026,"Bradgley Rodriguez","SDP",68,108.4249315068493,101.0525093632959,,,117.43605633802818,,95.30195329087047,,,102.69958260869556,106.58248695652182,108.80972173913042,"Bradgley Rodriguez",29107,699134
2025,"David Bednar","- - -",62.2,112.48115044247788,,,101.50019900497512,135.72,107.00339622641508,,,,108.32343750000003,105.04099609374995,108.80841796874998,"David Bednar",19569,670280
2023,"Rafael Montero","HOU",67.1,102.05255284552848,126.90054644808743,,,100.08090909090912,,81.41777777777776,,,100.86764188649077,107.43747402078336,108.7386410871303,"Rafael Montero",12760,606160
2025,"Phil Maton","- - -",61.1,,87.49479808076768,102.02115068493148,,94.39955995599561,130.032680554345,,,,109.91962227598306,95.7636340423882,108.72170438220054,"Phil Maton",18064,664208
2025,"Bryan Baker","- - -",68.2,93.69899613899614,,,,110.20457722369356,,132.73771986970686,,,108.66865582110654,102.3544232465251,108.71328981989667,"Bryan Baker",19804,641329
2024,"Alex Vesia","LAD",66.1,116.00374999999998,,,,114.68637931034483,,86.5259649122807,,,114.07636363636358,96.58207272727277,108.66380000000004,"Alex Vesia",25007,681911
2021,"Sergio Romo","OAK",61.2,88.73714285714286,89.39308868501529,,,115.88062068965522,,84.0315789473684,,,103.51691275167789,106.53697027804407,108.59601150527327,"Sergio Romo",9817,489265
2025,"Steven Matz","- - -",67.2,,99.72170854271356,,,90.95714285714287,111.52677282608695,113.42194285714288,,,104.5829114094172,108.6539808051102,108.53773234670967,"Steven Matz",13361,571927
2022,"Adam Ottavino","NYM",65.2,109.14542635658913,114.00852173913044,98.40836363636363,,120.31699788583505,,96.8512,,,113.97399659863945,97.15044217687071,108.53132653061225,"Adam Ottavino",1247,493603
2025,"Garrett Cleavinger","TBR",61.1,107.77137614678901,90.96334365325077,105.872,,123.10307339449542,,,,,109.20543601359002,102.02937712344284,108.49624009060022,"Garrett Cleavinger",17897,664076
2022,"Raisel Iglesias","- - -",62,104.67449838187704,101.11399999999998,,,122.83205684475627,,86.34502127659576,,,104.21071868895778,104.4691219425371,108.46704228970324,"Raisel Iglesias",17130,628452
2025,"Garrett Whitlock","BOS",72,,105.22471223021581,,,110.40970731707318,,121.00829268292681,,,110.17424793388432,102.71849586776858,108.4358016528926,"Garrett Whitlock",20191,676477
2025,"Calvin Faucher","MIA",60.1,88.92586956521737,106.13907692307691,102.88297435897438,,112.15848484848487,117.26056338028167,90.76,,,107.36558178752107,102.5656661045531,108.37150084317032,"Calvin Faucher",20116,676534
2022,"Jason Adam","TBR",63.1,114.83516556291391,,,,109.30688427299705,,101.05247524752475,,,108.41175345377263,98.94571732199786,108.2562805526036,"Jason Adam",11861,592094
2021,"Trevor May","NYM",62.2,101.1520653789004,,,,101.32678832116785,,92.58058823529412,,,99.87730941704038,108.25734529147975,108.25244843049329,"Trevor May",6398,543507
2023,"David Robertson","- - -",65.1,,71.48,112.85771929824563,,94.8242253521127,,70.068,120.19769516728623,,110.44448574643643,96.00797694230268,108.23510391683456,"David Robertson",8241,502085
2024,"Cade Smith","CLE",75.1,101.37488833746895,,,110.65228215767631,108.5699159663866,,,,,104.04350515463913,105.86637457044668,108.14058419243983,"Cade Smith",27867,671922
2023,"Emilio Pagán","MIN",68.1,114.83535776614312,,104.52271293375391,94.68449612403099,,100.36592592592594,,,,108.84581016299136,102.1156471716203,108.11647171620324,"Emilio Pagan",14771,641941
2026,"David Bednar","NYY",68.1,104.78713656387664,,,103.83373390557941,,97.41349514563107,,,,103.04272000000002,105.99100444444444,108.07969777777785,"David Bednar",19569,670280
2026,"Spencer Miles","TOR",72.2,95.76670520231218,97.51670190274842,,,104.06291891891891,108.51338078291816,86.64,,,101.06442446043165,109.85721223021581,108.05300359712226,"Spencer Miles",31621,693686
2023,"Nick Sandlin","CLE",60,111.21855072463767,96.24053191489362,,76.50181818181817,114.06849699398796,,,,,108.0529224652087,102.35061630218694,107.9518489065606,"Nick Sandlin",20517,680704
2025,"Edwin Díaz","NYM",66.1,113.03978571428569,,,,115.15623762376238,,76.9,,,114.0293521126761,91.4346854460094,107.90985915492962,"Edwin Diaz",14710,621242
2023,"Hoby Milner","MIL",64.1,104.9133004926108,117.03763934426229,,,103.96711764705887,,88.20067415730338,,,104.34175276752774,107.60728782287818,107.83922509225091,"Hoby Milner",13346,571948
2024,"John King","STL",60,94.87384615384615,107.22718253968257,,,120.03553398058253,,84.19093220338985,,,102.23775700934573,106.87621495327106,107.70577102803736,"John King",22051,667463
2025,"Brock Burke","LAA",60.2,102.55056872037916,112.54749999999999,,,101.90905109489049,,110.85675675675677,,,105.2563853028799,102.14591857001002,107.6294736842105,"Brock Burke",17968,656271
2023,"Josh Winckowski","BOS",83.1,109.19264705882351,113.35708086785007,103.11808219178084,,108.56327137546472,,102.72219512195122,,,108.31011782032404,99.28422680412373,107.57405007363776,"Josh Winckowski",22387,670174
2025,"Tyler Alexander","- - -",80.1,103.43848484848483,99.12105263157895,94.80310160427808,,114.24106529760951,,84.86521739130434,,,101.14906370780359,108.66952618332067,107.5559314648667,"Tyler Alexander",17735,641302
2023,"Jakob Junis","SFG",73.1,95.35571428571427,91.73848580441638,,,119.38447236180906,,84.3962105263158,,,108.59527156549521,103.10845047923324,107.5341214057508,"Jakob Junis",13619,596001
2024,"Nate Pearson","- - -",65.1,106.15293388429754,118.6094117647059,,137.32,113.81521278721279,133.33898360655735,,,,112.71778414517668,94.78068767908307,107.21786055396372,"Nate Pearson",20160,663878
2023,"Nick Martinez","SDP",67.2,96.2865625,107.42778242677825,86.78118811881188,,,90.09833333333333,118.97565789473686,,,102.12188018433177,105.55155760368656,107.18160368663594,"Nick Martinez",12730,607259
2024,"Kevin Ginkel","ARI",70,83.70771986970684,97.42330434782609,,,109.98518681318683,,,,,94.93951137320974,112.10220724515588,107.16588037068234,"Kevin Ginkel",19876,656464
2025,"Hoby Milner","TEX",70.1,107.3602352941177,114.6177894736842,,,107.36452736318408,,85.90169154228859,,,106.06511708586292,104.55862966175201,107.11250650477015,"Hoby Milner",13346,571948
2022,"Héctor Neris","HOU",65.1,108.33815980629534,106.97863013698631,,104.51653846153846,94.06641975308641,,,,,106.64634446397197,101.83156414762739,107.09630931458697,"Hector Neris",11804,593576
2023,"David Bednar","PIT",67.1,111.16527301092044,,,100.70207650273225,,104.00571428571426,,,,107.59442831215969,101.93506352087111,107.02248638838479,"David Bednar",19569,670280
2025,"Brenan Hanifee","DET",60,74.25082568807339,101.41668896321069,,,108.06620000000002,,83.03099999999999,,,98.86657476139978,108.50888653234362,106.97395546129378,"Brenan Hanifee",22304,669724
2022,"Hoby Milner","MIL",64.2,120.90999999999998,114.85528907922914,,,100.71734463276833,,85.52090497737555,,,104.62744916820704,102.55942698706099,106.9391312384473,"Hoby Milner",13346,571948
2021,"Emilio Pagán","SDP",63.1,113.793244047619,,103.12560386473433,87.37,,,89.19749999999999,,,109.58973467520578,101.65313815187561,106.93405306495882,"Emilio Pagan",14771,641941
2022,"Griffin Jax","MIN",72.1,86.39958868894603,74.66,,,121.46389982110912,88.88081632653059,92.47848101265824,,,104.30296875000008,106.23074652777785,106.85500000000005,"Griffin Jax",20253,643377
2023,"Reynaldo López","- - -",66,105.67809032258067,,,,131.30785756663016,109.08000000000001,98.53261538461537,,,113.15820150796048,95.99862967637134,106.84784175425416,"Reynaldo Lopez",16400,625643
2023,"Trevor Richards","TOR",63.2,89.06537717601547,,,,,,119.70392909896604,,,106.43171428571426,101.36494117647061,106.74302521008401,"Trevor Richards",19309,670950
2025,"Robert Garcia","TEX",64,114.10868965517238,,,,103.3843076923077,,107.65347985347987,,,109.37278925619832,100.36508264462807,106.64371900826444,"Robert Garcia",23363,676395
2024,"Jason Foley","DET",60,99.1727027027027,109.90641129032254,,,106.10673684210526,,70.23387755102041,,,105.48167585446524,102.58235942668142,106.63342888643874,"Jason Foley",19531,671345
2022,"Tanner Scott","MIA",62.2,116.4847717842324,,,,122.22424778761061,,,,,120.05109190887666,86.74117831893167,106.60311076197956,"Tanner Scott",17586,656945
2025,"Jeff Hoffman","TOR",68,116.60154195011334,103.61024390243904,,94.49746268656712,110.13189189189194,,,,,109.83361264822143,97.82994466403163,106.59897233201589,"Jeff Hoffman",17432,656546
2026,"Wandy Peralta","SDP",70.1,100.37320754716983,98.08332631578949,,,99.07975609756097,,106.84598465473147,,,101.17437115215475,105.22775725593664,106.59493403693922,"Wandy Peralta",14295,593974
2021,"Jose Alvarez","SFG",63,97.2685714285714,106.97937947494033,108.09393939393938,,103.03000000000004,,97.89954372623573,,,102.84317152103563,103.76412081984893,106.56720604099243,"Jose Alvarez",5358,501625
2023,"Joel Payamps","MIL",70.2,99.7645714285714,99.39499999999998,,,110.66774590163938,,84.66963503649637,,,102.12572963294534,105.79416293643683,106.51674127126226,"Joel Payamps",14332,606303
2025,"JoJo Romero","STL",61,96.32338983050846,109.75354231974922,72.24000000000001,,113.02421333333334,111.35333333333331,85.80035874439461,,,104.71872081218277,100.75155329949237,106.49530964467002,"JoJo Romero",19574,668941
2024,"Hunter Strickland","LAA",73.1,95.119783197832,96.03384615384616,127.1686419753086,,105.19263999999997,,73.08478873239439,,,105.7886505190311,101.54077854671289,106.3642733564014,"Hunter Strickland",7836,519326
2026,"Jack Dreyer","LAD",60.2,107.0067405764967,,,,100.67050561797748,97.98925925925928,,,,103.17258333333335,102.86254166666664,106.28764583333333,"Jack Dreyer",30249,676263
2021,"Héctor Neris","PHI",74.1,101.89534065934065,98.29087866108789,,106.31441584158412,96.12039215686276,,,,,102.73569279493267,104.21642121931902,106.24345209817896,"Hector Neris",11804,593576
2024,"Hoby Milner","MIL",62.2,110.61115207373273,108.24691358024691,,,107.60391566265059,,86.43971014492755,,,105.49821782178216,106.81902970297028,106.21376237623765,"Hoby Milner",13346,571948
2026,"Andrew Morris","MIN",68.2,99.52120075046906,95.25860139860141,117.5619928825623,,134.24333333333334,104.99125000000001,105.76496240601504,,,106.70941275167775,101.907634228188,106.19676174496648,"Andrew Morris",31891,702193
2025,"Bryan Abreu","HOU",71,109.37468013468015,108.28571428571429,,,115.8891666666667,,94.072,,,112.4533894028595,92.3117409587889,106.1518250630782,"Bryan Abreu",16609,650556
2025,"Bryan King","HOU",68,96.29490076335874,94.72140350877191,,,112.77079096045196,89.34666666666668,87.63466666666667,,,101.4174585635359,108.12038674033154,106.11694290976058,"Bryan King",25890,687911
2024,"Cole Sands","MIN",71.1,89.816975308642,89.63809523809523,101.17883040935672,101.09434343434339,,116.00441717791409,,,,98.58461005199305,108.42828422876956,105.98093587521667,"Cole Sands",21461,663485
2026,"Antonio Senzatela","- - -",73,97.60269062651773,103.82777024285633,110.16568735632184,,117.54275862068967,107.9082551020408,89.73735849056605,,,104.109705934445,104.809697350246,105.97660900998241,"Antonio Senzatela",15488,622608
2022,"Jorge López","- - -",71,95.35038461538463,112.0177133105802,,,131.0290860215054,,102.10596685082874,114.50348623853209,,113.01346374964734,96.67587083254192,105.81685050021301,"Jorge Lopez",14527,605347
2022,"Scott Barlow","KCR",74.1,92.71888501742163,96.995,,,95.3383895131086,119.03394101876678,,,,102.0879766860949,102.92309741881763,105.72905911740212,"Scott Barlow",14993,605130
2021,"Trevor Stephan","CLE",63.1,92.61270718232045,,,114.16795918367347,122.92092783505154,,,,,104.09296357615897,103.00576158940396,105.61180463576157,"Trevor Stephan",19932,663986
2022,"John Schreiber","BOS",65,107.71733333333333,114.17613899613902,,,105.15818181818184,,89.27947368421053,,,106.97463654223965,98.32632612966603,105.59734774066804,"John Schreiber",20020,670167
2023,"Ian Gibaut","CIN",75.2,104.52756554307119,,90.02863221884496,,110.65296442687749,,91.84571428571428,,,100.84669975186104,106.09483870967736,105.56850289495448,"Ian Gibaut",17871,664139
2026,"Kevin Ginkel","ARI",66.2,82.85817073170733,98.60245614035088,,,107.3561033797217,,,,,95.40890788224121,111.8849192782526,105.49261158594493,"Kevin Ginkel",19876,656464
2025,"Kyle Leahy","STL",85,102.80437185929644,103.17473684210525,,,96.90675623800387,104.7240310077519,85.70032520325205,,,99.31342896174867,104.03551912568308,105.48677595628418,"Kyle Leahy",24763,681517
2024,"Joe Jiménez","ATL",68.2,106.08516898608346,,,,103.1650834879406,,82.6708695652174,,,103.64860294117652,103.61290441176475,105.44049632352937,"Joe Jimenez",15761,641729
2026,"Ryan Watson","- - -",72,98.67138591292455,102.00012269938652,72.43597122302157,85.88000000000001,93.0275146635505,97.39531304603742,,,,91.08914821693376,112.46402057516704,105.40992265472944,"Ryan Watson",27853,670245
2021,"José Ruiz","CHW",65,92.63463175122749,94.1,,,120.59809523809524,124.78376731301944,102.50842105263156,,,104.77217391304347,101.64162318840576,105.38459903381644,"Jose Ruiz",14552,614179
2023,"Kyle Finnegan","WSN",69.1,99.38374677002582,,,111.11299270072989,98.40763636363637,,,,,102.24266545784226,104.70114233907526,105.3819764279238,"Kyle Finnegan",15009,640448
2023,"Colin Poche","TBR",60.2,105.97525704809289,,,,101.27567901234566,,,,,104.39089924160345,98.49503791982664,105.36647887323947,"Colin Poche",19403,621363
2025,"Edwin Uceta","TBR",76,106.18523326572009,93.501,103.95564766839375,,115.4661111111111,,96.47423728813555,,,102.98797498045352,99.00709929632526,105.35044566067235,"Edwin Uceta",20539,670955
2023,"Bryan Abreu","HOU",72,106.71282565130262,,,,118.51378340365684,92.36,,,,113.68516129032257,89.23435897435894,105.16104218362284,"Bryan Abreu",16609,650556
2025,"Emilio Pagán","CIN",68.2,114.49168195718656,,100.85477386934669,113.96567441860466,,,,,,111.91433678269044,96.6432361241769,105.14793979303857,"Emilio Pagan",14771,641941
2023,"Justin Lawrence","COL",75,,85.97124999999998,,,117.88954861111112,,,,,101.5817302798982,106.60390161153522,105.14480067854117,"Justin Lawrence",17639,664875
2025,"Lucas Erceg","KCR",61.1,92.9675625,109.4146733668342,,,104.31893992932861,,86.46596273291925,,,98.85152892561983,106.18842975206614,105.14442148760335,"Lucas Erceg",19360,668674
2025,"Camilo Doval","- - -",65.1,,94.5877922077922,95.1651106639839,,125.1851102079395,,,,,108.86330655157727,95.76641701026143,105.13532974392768,"Camilo Doval",21992,666808
2022,"Jordan Romano","TOR",64,116.88392405063291,106.97333333333334,,,110.31619607843139,,,,,113.45016194331984,92.91295546558705,105.12542510121456,"Jordan Romano",16122,605447
2024,"Tanner Banks","- - -",68.2,97.18533038287362,95.72744680851065,,,99.94192557077626,121.34544303797469,91.99738086875074,,,100.74757276546207,103.51493785940667,105.0666981432113,"Tanner Banks",16990,621383
2024,"Matthew Liberatore","STL",63.1,88.69111111111113,99.61203791469192,100.5705785123967,,122.35657142857141,150.0354929577465,83.05677419354839,,,106.49670781893006,100.86207818930042,105.06032921810709,"Matthew Liberatore",22294,669461
2026,"Casey Legumina","- - -",60.1,122.94943925233643,110.06801980198023,,,104.41759253704483,,79.94800000000001,,,110.84722039742655,96.30769455542928,105.04998080246212,"Casey Legumina",25921,668984
2021,"Giovanny Gallegos","STL",80.1,84.19840735068912,,,,130.3241603053435,,75.23894736842107,,,103.41621753246751,104.66175324675325,104.95081168831167,"Giovanny Gallegos",14986,606149
2024,"Brent Suter","CIN",63.1,112.90175355450233,104.83080568720376,,,87.76496815286627,,105.61793814432993,,,105.74884811416925,98.81967380224262,104.84827726809375,"Brent Suter",13942,608718
2022,"Jesse Chavez","- - -",68.1,99.68363636363637,98.64806451612901,117.85336219336217,,,113.87911564625851,71.88709677419354,,,106.67988540629962,103.32137490329438,104.82764866419932,"Jesse Chavez",5448,445926
2025,"Enyel De Los Santos","- - -",66,93.3607037037037,,,,103.12942450419018,,83.37035714285715,,,95.34416022653954,108.99023368461299,104.80068181709561,"Enyel De Los Santos",18403,660853
2023,"Elvis Peguero","MIL",61.1,,102.04544642857145,,,104.23956896551725,,,,,103.17243124312431,98.5475687568757,104.77810781078107,"Elvis Peguero",21652,665625
2026,"Tyler Wells","- - -",72,91.4438,,99.40475308641975,,99.76733304527342,95.26468085106382,96.79882352941178,,,96.51176265339016,108.3179234856824,104.73197404791149,"Tyler Wells",20000,669330
2022,"Anthony Bass","- - -",70.1,96.30969696969697,109.53838926174497,,95.50153846153846,106.89334545454544,,,,,106.07807406418587,101.8050477796698,104.73053099736603,"Anthony Bass",7982,542914
2026,"Justin Bruihl","STL",75.2,117.17468354430376,103.9593617021277,84.43666666666667,,101.54463601532566,,89.94910714285712,,,102.35533694810226,103.59910147172734,104.61795507358639,"Justin Bruihl",23779,677865
2021,"Génesis Cabrera","STL",70,113.26640595903166,109.08756521739129,,,,109.58951111111112,88.76128712871287,,,107.66401349072515,96.18934232715013,104.61676222596965,"Genesis Cabrera",17490,650893
2025,"Grant Anderson","MIL",69.2,113.57606217616582,106.58784722222224,,,97.33932457786116,,80.39869565217391,,,103.82064000000001,101.74188800000002,104.61404799999997,"Grant Anderson",20546,681982
2024,"Jason Adam","- - -",73.2,105.15484337349397,,,,116.26603025330306,,105.07937062937062,,,109.2253327067908,94.21947797152617,104.52999773936678,"Jason Adam",11861,592094
2022,"Brent Suter","MIL",66.2,105.3691798561151,99.7308474576271,,,99.8891304347826,,102.88749063670411,,,104.08915730337084,101.34177902621722,104.46528089887637,"Brent Suter",13942,608718
2021,"Anthony Bender","MIA",60.1,116.41499999999998,104.23040322580648,,,126.43816993464053,,104.24,,,114.84605749486651,94.60238193018476,104.40207392197127,"Anthony Bender",19742,669622
2022,"Ryan Brasier","BOS",62.1,106.54799999999997,107.38263157894734,,,105.4393449781659,,96.17999999999999,,,105.93165876777252,100.15438862559249,104.35122274881519,"Ryan Brasier",5615,518489
2025,"Jacob Webb","TEX",66,102.90565517241379,,,,91.98019607843136,,92.85522123893804,,,97.15522051282053,107.18888205128205,104.34646153846155,"Jacob Webb",19274,657097
2024,"Bryse Wilson","MIL",63,109.77615384615386,102.34468354430378,97.44736842105263,,,105.97628318584074,79,,,100.9475079533404,106.35204665959708,104.29268292682924,"Bryse Wilson",19990,669060
2025,"Matt Svanson","STL",60.1,91.15538461538462,101.2733479212254,91.27632911392402,,117.08477611940296,,,,,105.17493801652893,103.36274793388432,104.25283057851236,"Matt Svanson",29629,694335
2023,"Kevin Ginkel","ARI",65.1,81.27133603238863,95.91532710280374,,,110.66559471365642,,,,,95.32964995269639,108.32809839167456,104.20851466414376,"Kevin Ginkel",19876,656464
2021,"Ryne Stanek","HOU",68.1,85.47905172413797,,,122.76259842519684,123.24111111111115,,,,,100.60755364806865,103.1897682403434,104.19181115879836,"Ryne Stanek",15947,592773
2022,"Wil Crowe","PIT",74,101.2828971962617,93.95856164383564,,,104.13919239904985,82.16682926829267,89.82423280423282,,,96.8237472118959,103.2204907063198,104.16640892193305,"Wil Crowe",19800,640444
2025,"Gregory Soto","- - -",60.1,104.39150684931506,113.26543438077634,,107.725,117.5127552136218,,,,,114.62833021259245,92.26299886752804,104.11512232504224,"Gregory Soto",19677,642397
2021,"Tyler Matzek","ATL",63,115.09272244355914,,,,122.49756944444451,103.85666666666667,,,,116.91992431409652,88.45275307473983,104.10011352885523,"Tyler Matzek",10058,554431
2025,"Eduard Bazardo","SEA",78.2,97.99167630057802,104.95477911646587,87.98666666666666,86.64000000000001,103.76263358778628,,,,,103.01423202614383,104.76598039215685,104.07352941176472,"Eduard Bazardo",20997,660825
2022,"Trevor Stephan","CLE",63.2,93.69142857142853,,,112.87160839160843,111.19372549019607,,,,,103.30672514619883,100.46430799220272,104.03177387914234,"Trevor Stephan",19932,663986
2025,"Tyler Kinley","- - -",72.2,68.89,,,,116.33158271383614,124.07048979064355,99.22363636363637,,,106.21114394808619,99.67708996520271,104.01856401768086,"Tyler Kinley",18297,641755
2024,"Kyle Finnegan","WSN",63.2,100.6164771151179,,,105.59609756097561,123.91525423728812,,,,,103.24663524976437,104.20037700282762,103.9337606032045,"Kyle Finnegan",15009,640448
2022,"Bryan Baker","BAL",66,94.38003205128203,,,,116.36986486486488,,129.7487562189055,,,106.50762499999993,99.29700000000001,103.80623214285721,"Bryan Baker",19804,641329
2022,"Dylan Coleman","KCR",68,97.87982300884954,95.76266666666669,,,132.1408219178082,,,,,112.28570723684204,91.9050986842105,103.76952302631577,"Dylan Coleman",22276,669395
2025,"Caleb Ferguson","- - -",65.1,100.39203647416412,115.44206611570249,109.62049180327868,,,100.26006219227777,,,,106.08511376620491,99.68090844787811,103.70204191412667,"Caleb Ferguson",19349,657571
2026,"Brayan Bello","BOS",63.2,75.09957894736841,103.19791549295775,91.0636923076923,,104.09824817518248,78.9675,78.8241148325359,,,92.97695420660274,111.01084132055374,103.68628328008518,"Brayan Bello",23920,678394
2022,"Kyle Finnegan","WSN",66.2,101.86249376558604,,,113.27829787234046,102.39085271317829,,,,,103.14157644824314,102.38909781576447,103.64547008547005,"Kyle Finnegan",15009,640448
2024,"Tyler Alexander","TBR",62,105.733014354067,92.58015873015871,101.07952218430033,,120.05638418079097,,85.07527559055117,,,102.48705501618123,104.71551240560952,103.64019417475728,"Tyler Alexander",17735,641302
2021,"Gregory Soto","DET",63.2,115.68095238095239,109.24745980707392,,,116.23745283018864,,,,,112.38420212765952,93.14257092198581,103.58299645390078,"Gregory Soto",19677,642397
2021,"Luis Cessa","- - -",64.2,74.29223880597014,99.22140931372549,,,95.63105050505051,,98.85929203539823,,,91.95721185593472,111.34627528752716,103.5693909378293,"Luis Cessa",13345,570666
2025,"Tyler Holton","DET",70.1,98.7691666666667,107.27723502304148,98.4831545741325,,113.94198952879574,135.67025641025643,82.94912751677853,,,102.36284600389864,101.58313840155942,103.5417153996101,"Tyler Holton",26231,663947
2021,"Scott Barlow","KCR",74.1,89.92024691358026,106.56,,,105.58713780918725,117.52195121951218,,,,102.80091954022993,100.50995073891633,103.5029228243021,"Scott Barlow",14993,605130
2021,"Jarlín García","SFG",68.2,101.48491017964069,,,,103.94682352941173,,99.5791056910569,,,101.6703571428571,102.32700396825396,103.46265873015872,"Jarlin Garcia",18282,606424
2024,"Phil Maton","- - -",64,,85.7784328358209,83.13460732984295,,99.82129807104826,113.91843725406426,,,,96.60460037277626,99.70857966708496,103.42098922578182,"Phil Maton",18064,664208
2025,"Tyler Phillips","MIA",75,78.50877551020409,91.82486646884271,,97.8877551020408,108.12251046025109,102.33751004016064,,,,98.08085251491899,104.99699914748503,103.36158567774935,"Tyler Phillips",20629,663969
2025,"Jared Koenig","MIL",66,143.25454545454548,112.40525423728812,100.27772972972976,,,126.39999999999998,86.23852631578949,,,110.35351923076924,96.29801923076924,103.35844230769231,"Jared Koenig",27517,657649
2022,"Mychal Givens","- - -",60.1,108.76171539961015,,,,95.47441168465936,,85.62244680851063,,,100.35699333169693,101.68557171494027,103.33783177875962,"Mychal Givens",10430,571710
2023,"Eli Morgan","CLE",67.1,86.08503118503114,,,,98.01384105960267,95.99933333333334,127.10360742705574,,,102.36693019343983,103.50689655172411,103.31885618166531,"Eli Morgan",20203,669212
2023,"Chris Stratton","- - -",82.2,93.34800539083558,,,,91.91408969465647,100.80535567970207,98.74755102040818,,,94.89649777711934,107.26240880048947,103.30706937460783,"Chris Stratton",13761,608717
2024,"Daniel Hudson","LAD",63,96.96876494023901,98.00745098039216,,,103.40572082379863,,78.99675675675675,,,101.01190990990993,104.66888288288285,103.26571171171175,"Daniel Hudson",7146,543339
2023,"Adbert Alzolay","CHC",64,103.05293532338308,96.492,104.24874999999997,,111.27014314928425,,92.43199999999999,,,105.89190133607396,97.30053442959918,103.13471736896196,"Adbert Alzolay",17859,640470
2023,"Lucas Sims","CIN",61,94.92867678958785,,,,127.05522556390981,93.84838709677419,,,,110.9809324452902,92.5630827783064,103.13158896289248,"Lucas Sims",13470,608371
2025,"Brendon Little","TOR",68.1,89.66499999999999,102.8959574468085,89.55463917525775,,,,,119.35669014084506,,109.49214285714287,88.94712662337662,103.11079545454541,"Brendon Little",21574,663893
2023,"Andre Pallante","STL",68,104.15364238410598,102.234,,,107.68829999999998,88.10784313725487,,,,102.55910369068542,99.19641476274167,103.01729349736381,"Andre Pallante",26108,669467
2022,"Bryan Abreu","HOU",60.1,108.67934782608698,102.24000000000001,,,121.12502222222221,104.35165048543692,73.31333333333333,,,113.60447497546615,89.33069676153092,102.84991167811583,"Bryan Abreu",16609,650556
2022,"Taylor Rogers","- - -",64.1,75.38,97.80206896551724,,,121.42137176306774,,,,,111.25815054164416,99.33156864653482,102.83122319938585,"Taylor Rogers",13449,573124
2021,"Cole Sulser","BAL",63.1,92.04698354661795,,88.84,,94.49577464788732,97.44166666666665,106.04901408450702,,,97.15925093632953,104.20440074906365,102.77790262172286,"Cole Sulser",15256,642121
2025,"Raisel Iglesias","ATL",67.1,101.40834645669291,95.47603686635941,,,120.65494736842105,,83.01557195571957,,,96.84883575883576,105.90848232848232,102.73471933471933,"Raisel Iglesias",17130,628452
2025,"Ryan Walker","SFG",61.1,,110.06399371069186,,,103.37443569553808,,,,,107.53000000000002,98.6248818897638,102.67009842519681,"Ryan Walker",20423,676254
2021,"Kyle Finnegan","WSN",66,97.96461928934012,,,104.68911564625853,103.49656652360515,,,,,100.00830564784053,104.82538205980066,102.65282392026577,"Kyle Finnegan",15009,640448
2023,"Michael King","NYY",64.1,97.27796460176992,106.87080906148866,,,119.29355029585794,,72.11773333333333,,,103.69700587084147,98.19614481409005,102.56645792563597,"Michael King",19853,650633
2024,"Will Vest","DET",70.1,92.74279569892471,110.44876712328768,,,100.69561752988045,,104.85508771929823,,,97.74420689655177,107.40943103448272,102.43610344827583,"Will Vest",19769,676684
2021,"Phil Maton","- - -",65.1,100.39527210382717,,89.36084507042256,,101.32136123348018,124.97240143369177,,,,105.99218298139249,96.12366014431004,102.41957020945202,"Phil Maton",18064,664208
2025,"Yuki Matsui","SDP",63.1,98.41066666666667,92.76250000000002,,112.77549707602337,98.3648763250883,123.3,,,,102.98229755178903,96.93028248587565,102.41606403013189,"Yuki Matsui",33826,673513
2024,"Derek Law","WSN",90,93.99139784946236,82.2220895522388,87.66640926640927,,108.76985436893206,97.14458333333334,98.14228571428572,,,95.19153338224517,106.74871606749821,102.35137197358777,"Derek Law",13133,571882
2025,"Matt Strahm","PHI",62.1,119.41999999999999,103.4573684210526,91.22054054054051,,110.94037854889585,,104.08999999999999,,,109.77376387487385,96.18609485368316,102.34322906155397,"Matt Strahm",13799,621381
2026,"Ryne Stanek","STL",62.2,99.03573529411767,102.17757575757577,,116.1782035928144,123.31742971887547,,,,,107.72001890359171,96.10663516068048,102.34249527410213,"Ryne Stanek",15947,592773
2026,"Taylor Clarke","ARI",70.2,103.15142857142858,89.48273972602742,80.41600000000001,,101.48481605351168,,89.72635036496357,,,91.60800796812747,106.16930278884462,102.33041832669323,"Taylor Clarke",17611,664199
2023,"Carlos Estévez","LAA",62.1,105.01458167330676,,,,117.84709030100336,95.13,80.23257142857143,,,106.92768,97.73733333333335,102.30092444444442,"Carlos Estevez",14542,608032
2026,"Jeff Hoffman","- - -",66,115.03602122015916,102.38222222222221,,96.88216666666666,104.32444444444442,,,,,106.12546655656482,96.18878612716762,102.26180016515276,"Jeff Hoffman",17432,656546
2026,"Jacob Webb","CHC",66,101.71187628865977,,,,99.8533333333333,82.86117647058823,94.13187214611872,,,97.20632493483926,106.49541268462207,102.21152041702871,"Jacob Webb",19274,657097
2026,"Brent Suter","- - -",82.1,96.76551319648094,94.18779166666666,,,102.39877408532438,,105.90478723404259,,,99.01573607002025,108.27490872400418,102.1854766889567,"Brent Suter",13942,608718
2021,"Adam Ottavino","BOS",62,111.76806722689075,109.9929523809524,91.44631578947367,,111.1089416058394,94.97,87.97999999999999,,,110.12113835376543,92.12087565674264,102.10147110332748,"Adam Ottavino",1247,493603
2024,"Luke Weaver","NYY",84,106.11849849849847,,89.88722580645161,,,,98.80593175853022,88.48352941176472,,100.21408491947291,97.78636896046854,101.97685212298681,"Luke Weaver",16918,596133
2025,"Wandy Peralta","SDP",70.1,74.3648275862069,98.2097942386831,,,104.20282608695652,,99.30318766066839,,,98.57122123893811,101.43661946902655,101.93943362831862,"Wandy Peralta",14295,593974
2022,"Collin McHugh","ATL",69.1,112.41111111111111,,96.62391472868217,,100.13808429118772,119.2130769230769,,,,99.10889094269868,106.5760073937154,101.88066543438079,"Collin McHugh",7531,543521
2021,"Jake Diekman","OAK",60.2,104.89975422427038,93.34886597938146,,,121.32204419889503,,96.37750000000001,,,109.08499105545614,96.14407871198569,101.87164579606446,"Jake Diekman",5003,518617
2026,"Rico Garcia","BAL",67,94.05527272727274,,,,93.23974025974029,113.91546218487392,91.68673992673993,,,98.06054380664659,101.18138972809669,101.74988922457199,"Rico Garcia",20023,670329
2021,"Daniel Bard","COL",65.2,86.53318518518518,98.26978723404255,,,126.25607142857149,,95.45396825396828,,,107.11706316652993,94.97694831829367,101.73753896636586,"Daniel Bard",7115,453268
2022,"Matt Moore","TEX",74,102.81190730837788,,,,,,120.3758095238095,111.31639412997902,,109.02329317269071,94.04522088353416,101.64433734939757,"Matt Moore",1890,519043
2022,"Sam Hentges","CLE",62,98.48562500000003,112.7814049586777,,,119.80513513513516,127.09316582914575,,,,111.96151871657752,90.55405347593575,101.62496256684493,"Sam Hentges",18548,656529
2021,"Anthony Bass","MIA",60.1,86.91211267605634,98.3096464646465,,83.63,111.85087420042643,,,,,104.02813163481956,99.47220806794053,101.60142250530785,"Anthony Bass",7982,542914
2026,"Riley O'Brien","STL",64,,107.63838969404188,,,105.02981308411218,,86.34166666666668,,,106.32896682464452,98.2685118483412,101.59907109004743,"Riley O'Brien",20348,676617
2022,"Erasmo Ramírez","WSN",80.1,131.88716981132077,105.31960088691791,104.07089866156785,,,96.1921212121212,85.59885714285716,,,104.8636734693878,98.83238686779056,101.4731854480923,"Erasmo Ramirez",10314,541640
2026,"Tyler Alexander","TEX",65,106.12291666666664,105.09098445595852,93.57153153153152,,108.89809523809525,,87.80721311475408,,,99.48325897187195,103.70102812803103,101.39767216294865,"Tyler Alexander",17735,641302
2022,"Seth Lugo","NYM",65,106.78707395498394,101.42565400843885,,,99.61602739726027,98.50544959128065,80.38333333333334,,,101.39249537892788,100.04591497227354,101.38064695009244,"Seth Lugo",12447,607625
2021,"Zack Littell","SFG",60.2,93.34043010752691,,,117.76920000000001,101.33517045454545,,,,,97.56025052192062,104.26797494780791,101.34613778705638,"Zack Littell",15823,641793
2025,"Luke Weaver","NYY",64.2,101.61331210191082,,83.37912087912088,,82.12375000000002,,93.8773801916933,,,97.12568981921979,101.88142721217885,101.32123691722168,"Luke Weaver",16918,596133
2021,"Dillon Tate","BAL",67.2,91.32352941176471,111.9596416938111,118.61433333333335,,115.33,,92.8349090909091,,,110.20971980676333,93.85271497584544,101.30927536231884,"Dillon Tate",17796,622253
2022,"Jimmy Herget","LAA",66,95.11214285714284,81.74411985018726,,,101.69846153846154,131.048828125,81.23540540540542,,,102.45055730809678,99.07644584647738,101.21028391167188,"Jimmy Herget",17556,623474
2022,"Will Vest","DET",61.1,88.00135181975737,106.44,,,92.66921739130436,,98.6601818181818,,,90.75570873786407,109.2594563106796,101.18392233009705,"Will Vest",19769,676684
2021,"Brett Martin","TEX",62.1,86.84245454545456,95.63316546762589,,,105.42303571428569,122.31593749999992,,,,101.53556043956057,100.50923076923074,101.08479120879117,"Brett Martin",17369,656685
2024,"Bryan Abreu","HOU",78.1,102.47810945273638,,,,114.76789550072571,,105.22285714285715,,,108.98872110939908,91.51685670261944,101.01909090909095,"Bryan Abreu",16609,650556
2024,"Jacob Barnes","WSN",66,106.4850474383302,,94.5370856102004,,101.95024390243904,,,,,100.419838998211,99.60255813953488,100.97194991055454,"Jacob Barnes",12323,606930
2023,"Phil Bickford","- - -",67.1,109.47457044673541,,,,105.98489425981873,,85.236,,,108.02247651155233,94.63007242886361,100.8977189698503,"Phil Bickford",18519,641360
2026,"Enyel De Los Santos","HOU",71.1,97.10835643564353,,,,97.9907204610951,,88.06481605351168,,,95.0337859007833,106.1603307223673,100.87791122715412,"Enyel De Los Santos",18403,660853
2021,"Craig Stammen","SDP",80.1,65.1075,96.72831792975973,81.64215384615386,,,,73.53999999999999,97.84379888268157,,93.36558497011096,107.30392826643893,100.8603757472246,"Craig Stammen",7274,489334
2022,"Joe Mantiply","ARI",60,98.21733333333333,100.29232044198893,,,,114.90219780219776,101.09241071428572,,,106.44365750528546,95.38382663847774,100.82270613107823,"Joe Mantiply",14857,573009
2022,"Jarlín García","SFG",65,97.99516129032259,,,,103.3902456140351,,89.12341296928327,,,97.51057471264363,101.29094252873563,100.81885057471263,"Jarlin Garcia",18282,606424
2024,"Tyler Holton","DET",77.1,97.39664596273293,107.69972222222222,95.19326797385621,,112.09180722891567,119.10666666666665,91.17,,,100.09016635859517,102.1873382624769,100.81378927911281,"Tyler Holton",26231,663947
2026,"Eduard Bazardo","SEA",65.1,88.64125,101.6676148148148,,81.15238095238094,109.9867904509284,,,,,103.93204775022956,100.89689623507807,100.77292929292933,"Eduard Bazardo",20997,660825
2025,"Hogan Harris","ATH",64.2,94.86932283464566,86.17333333333333,102.82416666666666,,109.44964285714285,109.35562499999999,107.72770270270273,,,100.70234986945168,103.68673629242826,100.66668407310709,"Hogan Harris",21520,663687
2026,"Hogan Harris","ATH",69.1,107.33262638717636,,90.42799999999998,,115.0961904761905,101.46468926553668,104.08867924528302,,,105.94633181126332,97.67283105022835,100.60398782343988,"Hogan Harris",21520,663687
2022,"Dillon Tate","BAL",73.2,,97.81583333333333,,,117.93449814126387,,92.08265625,,,101.47806870937791,102.20818941504173,100.59578458681523,"Dillon Tate",17796,622253
2021,"Mike Mayers","LAA",71.1,102.68027586206894,,85.6141144414169,,100.77499999999999,73.28,99.7,,,96.72551665243384,103.34409906063199,100.5332365499573,"Mike Mayers",15451,594577
2024,"Garrett Cleavinger","TBR",60,108.98988593155896,123.72499999999997,102.0943884892086,,119.64307692307686,,,,,112.73945075757578,88.81414772727275,100.53037878787873,"Garrett Cleavinger",17897,664076
2025,"Jordan Leasure","CHW",63.1,105.55008210180627,,,103.68074074074075,98.1894291754757,,,,,102.26391343552748,94.87917042380518,100.45522091974749,"Jordan Leasure",29950,673929
2023,"Michael Tonkin","ATL",80,100.14,,,,102.22690763052208,,,,,98.85135937499999,106.02050000000004,100.43996875,"Michael Tonkin",10315,543859
2021,"Lou Trivino III","OAK",73.2,104.7572523961661,102.61049608355091,87.71990000000004,,117.42,125.28118518518521,100.27849315068494,,,103.05344150298897,97.64396242527754,100.42901793339021,"Lou Trivino III",15043,642152
2023,"Sean Manaea","SFG",71,101.25029333333333,100.46399999999998,,,107.76809968847351,,86.91080291970803,,,100.62200501253133,102.00309523809524,100.42006265664158,"Sean Manaea",15873,640455
2024,"José Leclerc","TEX",66.2,102.28199999999994,80.37929411764706,108.95068783068783,,118.29347368421054,,72.85398373983739,,,103.9434949832776,95.72020066889633,100.28372909698996,"Jose Leclerc",14524,600917
2024,"Victor Vodnik","COL",73.2,93.87961950059453,,,,111.70820895522392,,104.44885844748862,,,99.1587715355805,99.10325093632963,100.26492883895128,"Victor Vodnik",24614,680767
2025,"Hunter Gaddis","CLE",66.2,92.25717579250723,,,,95.38117647058826,,108.32374100719424,,,96.07023969319272,104.51355704697986,100.24291466922338,"Hunter Gaddis",25636,683769
2025,"Jason Adam","SDP",65.1,95.5948987854251,,125.41333333333334,,104.9457627118644,,102.90159779614326,,,102.22967622571693,95.84172062904716,100.21750231267349,"Jason Adam",11861,592094
2023,"Scott Barlow","- - -",68,88.50861660079052,98.37408163265306,,,98.1793529209622,109.79094527363186,,,,100.62996515262124,100.02909873614092,100.21556686590318,"Scott Barlow",14993,605130
2025,"Greg Weissert","BOS",67,97.33944289693595,91.55810169491524,,,98.52384057971011,134.53906976744182,87.16038461538461,,,96.50204271123485,102.6934447539461,100.17546889507895,"Greg Weissert",20375,669711
2022,"Nabil Crismatt","SDP",64.1,83.19862660944207,85.93320754716983,,,91.696,92.9425120772947,97.49530332681019,,,92.63972194637536,103.72720953326719,99.96613704071495,"Nabil Crismatt",17732,622503
2026,"Sean Newcomb","CHW",77.1,95.0212083333333,105.34846715328467,93.94571428571429,,,115.31600917431194,84.61399999999999,,,103.98730923694778,97.40894779116465,99.9190200803213,"Sean Newcomb",16943,656794
2025,"Jakob Junis","CLE",66.2,72.00247191011236,85.76035971223023,,,108.71986870897156,,73.76126213592235,,,92.15129343629339,106.59658301158296,99.88658301158307,"Jakob Junis",13619,596001
2024,"Austin Voth","SEA",61,101.50155844155844,,97.2268085106383,,100.62452173913042,104.9576086956522,,,,100.52117163412122,101.64842754367928,99.88637204522095,"Austin Voth",15047,608723
2021,"Brad Boxberger","MIL",64.2,97.64209650582363,,,,104.74221343873519,,89.06046082949308,,,97.57323970037453,102.29486891385767,99.88071161048688,"Brad Boxberger",10133,502202
2025,"Cole Sands","MIN",67,90.91195804195807,88.42553191489361,103.10557251908394,92.20354430379749,,106.20653061224488,,,,96.57732093023249,104.39715348837208,99.76578604651166,"Cole Sands",21461,663485
2026,"Seranthony Domínguez","- - -",61,102.90978632478632,100.03259668508286,,117.58015873015871,122.73087947882733,98.804,,,,109.61806745670008,90.97349134001821,99.7639197812215,"Seranthony Dominguez",19249,622554
2022,"Daniel Bard","COL",60.1,99.97500000000001,91.36352705410822,,,124.99150617283951,-8.929999999999993,80.94695652173914,,,105.43105981112276,98.00247639034627,99.71943336831063,"Daniel Bard",7115,453268
2022,"Kendall Graveman","CHW",65,99.7259677419355,98.41031390134528,,,110.09201388888891,102.35513513513516,82.67985714285717,,,99.86878378378373,99.33181467181467,99.71685328185335,"Kendall Graveman",15514,608665
2025,"José Buttó","- - -",67,98.25881656804732,94.89645161290322,,,98.41379214365882,,87.40650602409642,,,97.20934264234529,98.25195302661132,99.61407810809342,"Jose Butto",23313,676130
2024,"Génesis Cabrera","TOR",62.2,120.29915789473684,97.85387931034485,123.03772839506172,,,95.14617886178861,86.82556962025318,,,110.26926213592232,90.53757281553399,99.56605825242721,"Genesis Cabrera",17490,650893
2023,"Tyler Holton","DET",84.1,96.18860606060605,111.96791666666667,90.86330434782607,,110.57987878787881,107.38232558139536,94.93992509363298,,,99.1937201365188,101.64054607508537,99.5638225255973,"Tyler Holton",26231,663947
2022,"Brock Burke","TEX",82.1,101.72650774731827,93.17040000000003,,,101.74199233716475,,100.09772727272731,,,101.02994684889903,99.37240698557326,99.52895975702356,"Brock Burke",17968,656271
2023,"Mike Baumann","BAL",64.2,95.7569090909091,,,,86.15434977578472,,87.41538461538462,119.14361623616239,,99.5131588785047,97.71990654205604,99.42300934579441,"Mike Baumann",20206,657508
2022,"Eli Morgan","CLE",63.2,89.61678638941397,,,,102.16592105263157,95.77000000000001,117.04408759124092,,,99.44562500000006,104.14089583333336,99.39618749999997,"Eli Morgan",20203,669212
2021,"Nabil Crismatt","SDP",81.1,77.99549450549449,85.91692307692307,,,,81.22990476190476,99.41001459854013,,,90.63696240601504,102.74836090225564,99.38739849624064,"Nabil Crismatt",17732,622503
2023,"Shintaro Fujinami","- - -",61.1,104.52975767366722,,114.53110323886642,111.2636559139785,133.61377049180325,97.32,,,,109.14744421141765,88.16833953247631,99.19120782887862,"Shintaro Fujinami",31839,660261
2026,"Erick Fedde","CHW",68.2,94.44222222222223,82.49401129943503,86.2774647887324,,97.94400900900898,,74.89396226415094,,,88.14750421585158,109.68217537942661,99.1672681281619,"Erick Fedde",17425,607200
2021,"Tyler Duffey","MIN",62.1,95.71987179487184,97.14,,,93.32,,,97.0708719851577,,96.11138783269959,103.17846007604568,99.15644486692008,"Tyler Duffey",13758,608648
2021,"Mark Melancon","SDP",64.2,67.8103448275862,,93.42481818181818,,,,,111.09049723756905,,98.7998666666667,102.3922095238095,99.15460952380953,"Mark Melancon",4264,453343
2026,"Chad Patrick","MIL",77.1,96.82156862745099,90.52346938775511,108.66923649906892,,,112.09738095238093,74.11600000000001,,,101.43783429040198,97.85471698113209,99.15353568498765,"Chad Patrick",30113,694477
2024,"Bryan Hudson","MIL",62.1,102.17308488612838,,95.31008771929825,,99.36288372093028,,,,,99.86728060671723,103.13098591549296,99.12613217768153,"Bryan Hudson",19924,663542
2026,"Calvin Faucher","MIA",67.1,89.52032786885248,103.57219780219782,101.18179347826086,,104.32173374613004,114.02092105263158,,,,102.86951048951053,94.95075174825178,99.00968531468534,"Calvin Faucher",20116,676534
2021,"José Cisnero","DET",61.2,111.93674311926605,91.866468401487,113.9330120481928,,112.8928125,,73.2346875,,,105.16212605832548,95.6268485418627,98.99945437441208,"Jose Cisnero",6399,542585
2026,"Gregory Soto","PIT",66,109.80120218579235,104.754,,90.4,119.21482965931861,,,,,111.93802867383512,91.36745519713268,98.94234767025091,"Gregory Soto",19677,642397
2025,"Spencer Bivens","SFG",81,98.98269662921348,98.31051124744377,94.69467455621303,,120.18288,100.35797101449275,83.369898989899,,,97.32050420168065,103.29503437738728,98.86407944996182,"Spencer Bivens",30226,702352
2025,"Brandon Eisert","CHW",66.2,87.19037634408602,87.6378947368421,,,88.43826923076927,,90.05988472622477,,,88.39556692242112,104.28799658994029,98.8223870417732,"Brandon Eisert",27668,685126
2025,"Lake Bachar","MIA",69,98.18029411764707,,,105.11115942028985,102.58085867620753,,,,,101.26954710144923,97.8625905797101,98.68585144927538,"Lake Bachar",19222,669199
2021,"Steve Cishek","LAA",68.1,115.12276150627618,102.559217221135,,,99.0685654885655,,95.97333333333334,,,103.6275508543531,97.20356387306751,98.68429617575265,"Steve Cishek",6483,518553
2022,"David Robertson","- - -",63.2,,,109.32063079777366,,87.99079193454119,,,111.70394366197185,,105.16982748906945,91.1526693271516,98.59085759558675,"David Robertson",8241,502085
2021,"Tyler Kinley","COL",70.1,70.00097560975608,84.785,,,117.23291946308726,171.244,99.96382978723403,,,96.4234385964913,100.41505263157894,98.58157894736839,"Tyler Kinley",18297,641755
2024,"Ryan Yarbrough","- - -",98.2,96.50674846625766,94.088165374677,100.98520000000002,,,124.17307459677417,84.10961702127658,,,108.72825920786141,96.2457456480331,98.49827617288348,"Ryan Yarbrough",16502,642232
2025,"Jack Dreyer","LAD",68,101.44733475479744,,,,95.14746268656718,100.21599999999998,,,,98.46530049261084,98.72356650246309,98.37944827586202,"Jack Dreyer",30249,676263
2021,"Drew Steckenrider","SEA",67.2,91.99740963855419,,,,,104.01576086956523,97.28212500000001,,,95.04443339960234,105.37178926441354,98.35570576540758,"Drew Steckenrider",18806,608716
2021,"Richard Rodríguez","- - -",64.1,98.25134071340713,,,,96.68958617918842,,,,,98.01894418693253,104.95914445457994,98.33980033191833,"Richard Rodriguez",13549,593144
2025,"Sean Newcomb","- - -",70,100.22177370030582,99.5694402082946,93.4033628318584,,,120.75224654913755,82.73777777777777,,,104.71984411563517,96.44145498073946,98.33055450552607,"Sean Newcomb",16943,656794
2023,"Erik Swanson","TOR",66.2,87.3622950819672,,,106.44862823061628,94.36105820105819,,,,,97.66439163498099,100.12714828897334,98.23973384030421,"Erik Swanson",16587,657024
2021,"Bryan Shaw","CLE",77.1,77.231,,97.26533834586469,,97.2626804123711,116.68151898734178,79.21275862068966,,,97.13893491124264,100.62806048652203,98.2067850098619,"Bryan Shaw",8110,543766
2025,"Carlos Estévez","KCR",66,96.61810035842294,,,,106.6096273291925,,82.2838036809816,,,97.47712092130521,101.52848368522072,98.12598848368523,"Carlos Estevez",14542,608032
2023,"Tristan Beck","SFG",73,89.00143920595532,,,,100.61558776167473,85.12430379746836,106.16000000000001,,,95.29680505415166,99.07963898916971,98.1182671480144,"Tristan Beck",21584,663941
2026,"Brent Headrick","NYY",77.1,100.71500000000003,106.53535714285717,,106.27128205128204,105.3901856763926,,,,,103.34028800000002,97.30371199999999,98.01424000000006,"Brent Headrick",27702,687396
2026,"Luis Medina","ATH",71,92.06241573033708,102.67109034267912,,,117.10362745098037,99.14560975609756,121.89016042780749,,,104.42258957654717,92.07806188925079,97.98504885993485,"Luis Medina",21649,665622
2021,"Yusmeiro Petit","OAK",78,78.27216161616155,,90.92209677419353,,,140.21506849315068,95.0119371727749,,,92.47116063138343,106.26776230269269,97.91216341689878,"Yusmeiro Petit",4020,433589
2025,"Justin Sterner","ATH",64,102.04212014134276,,97.26526011560694,,113.92686746987957,,,,,102.32886617100371,98.53198884758366,97.8456505576208,"Justin Sterner",27694,686993
2021,"Codi Heuer","- - -",67.1,96.26251273344651,,,,106.09901234567903,,101.72728110599078,,,99.69205957928521,95.83379445406959,97.82245100914372,"Codi Heuer",23293,676051
2025,"Brad Keller","CHC",68.2,91.03269978401731,105.7316129032258,,,130.80212201591505,,93.83922480620156,,,107.6301147540984,93.38690163934426,97.79552459016386,"Brad Keller",15734,641745
2021,"Will Smith","ATL",68,88.7134117647059,,,,126.42112866817156,99.44703999999997,,,,105.48046468401489,95.20708178438662,97.75802973977694,"Will Smith",8048,519293
2026,"Yohan Ramírez","PIT",81.2,101.02713780918731,101.31558282208586,,,119.76145648312611,105.1226315789474,88.172,,,109.4247324792765,91.08990203466459,97.72378296910334,"Yohan Ramirez",19444,670990
2022,"Steve Cishek","WSN",66.1,99.37115044247786,97.91781725888323,,,97.70478160919542,,90.388,,,98.15361229718177,97.78362083689153,97.70717335610584,"Steve Cishek",6483,518553
2025,"Yariel Rodríguez","TOR",72,92.26433839479392,106.92149253731344,,103.88283582089554,106.82809421841537,,,,,100.53030141843979,94.97984042553188,97.69632978723405,"Yariel Rodriguez",33838,684320
2024,"Buck Farmer","CIN",69,77.67991379310345,91.98916363636363,,,115.21353689567427,,101.14082987551865,,,98.94614035087727,99.70614035087722,97.67171929824559,"Buck Farmer",14814,571656
2021,"Josh Staumont","KCR",65.2,99.63813278008294,100.13982905982908,,,,112.10284210526316,,,,104.09453382084097,95.59009140767823,97.61486288848259,"Josh Staumont",18335,622251
2024,"Ryan Fernandez","STL",66.2,99.54358333333333,107.14266666666667,95.11626016260162,,107.53580419580422,,,,,103.054359832636,93.16323012552303,97.56451882845185,"Ryan Fernandez",24862,681676
2024,"Michael Tonkin","- - -",79.1,103.355791433892,94.41423868312756,,,105.4108892706276,,,,,102.70475345717448,98.27811951919387,97.56339351688985,"Michael Tonkin",10315,543859
2024,"Yuki Matsui","SDP",62.2,99.16663573085843,,,101.36700389105057,105.66982857142857,85.174,,,,101.75664750957856,94.10886973180081,97.5516283524904,"Yuki Matsui",33826,673513
2026,"George Soriano","STL",66,86.47014577259472,110.55797468354434,,,96.58053475935823,,114.5506963788301,,,100.11548611111112,95.16657986111115,97.51302083333324,"George Soriano",21863,666277
2026,"AJ Blubaugh","HOU",95.1,98.90442583732059,,90.02126984126986,,114.42703601108036,88.81428571428572,108.05800000000005,,,104.16811309157953,93.75775046097112,97.44646588813767,"AJ Blubaugh",31764,805123
2024,"Dennis Santana","- - -",71.2,112.49773972602739,95.25445945945945,99.23462264150942,,109.9938778826225,,84.19311827956989,,,104.50024937941943,92.7004477608246,97.39099875621093,"Dennis Santana",17878,642701
2025,"Juan Mejia","COL",61.1,89.07548476454292,,,,122.16488636363638,,,,,99.92658582089553,99.7901865671642,97.31947761194031,"Juan Mejia",23237,675848
2023,"Xzavion Curry","CLE",60.2,82.8896494845361,,,,99.6540524781341,94.92230088495576,89.84529411764706,,,90.42438974358973,106.85181538461542,97.2674256410257,"Xzavion Curry",25595,675540
2021,"Andrew Chafin","- - -",68.2,83.32135714285714,92.17533653846155,,,114.92888,,71.38,,,95.5682792173687,100.2134894983884,97.15854895868466,"Andrew Chafin",12988,605177
2023,"Brent Suter","COL",66.1,107.53689552238806,95.46537037037035,,,80.02539130434785,,102.9240776699029,,,99.67185528756956,95.76374768089048,97.07022263450833,"Brent Suter",13942,608718
2026,"Brock Burke","CIN",74.1,98.71340292275575,110.63784810126582,,,106.51241590214067,,111.29112195121951,,,104.71000858369086,91.72331330472109,96.97158798283266,"Brock Burke",17968,656271
2026,"Tyler Holton","DET",68,88.29218045112779,109.213119266055,96.20947058823528,,115.71698113207549,128.40111111111113,84.01922222222223,,,99.9121550094518,96.35627599243848,96.97020793950843,"Tyler Holton",26231,663947
2022,"Alex Lange","DET",63.1,90.7958823529412,103.6485234899329,,,,,91.70196078431373,,,102.1916398104266,92.15791469194313,96.95302369668254,"Alex Lange",19883,656638
2024,"Tyler Kinley","COL",64,65.05708542713568,69.8,,,109.40600811907983,,89.3247619047619,,,93.66916949152544,99.58949152542375,96.84874576271189,"Tyler Kinley",18297,641755
2021,"Miguel Castro","NYM",68.1,,82.34092843326887,,,126.41680952380952,,93.60077519379846,,,100.32603015075377,96.81469011725292,96.84601340033507,"Miguel Castro",15684,612434
2024,"Tim Herrin","CLE",65.2,88.26733870967743,115.43603174603174,,,94.33057553956827,109.1640336134454,,,,100.78560079443888,98.94021847070509,96.73360476663358,"Tim Herrin",25139,682120
2026,"Miles Mikolas","WSN",63,83.17058333333333,87.7113913043478,,,94.25850187265918,97.21230769230769,86.91653846153847,,,89.70789531079608,107.76300981461286,96.69062159214833,"Miles Mikolas",9803,571945
2025,"Anthony Banda","LAD",64.2,94.71349794238684,104.74143426294819,,,107.36912521440824,,92.25804878048781,,,104.47211857018307,91.62568439407146,96.61544899738452,"Anthony Banda",14706,607455
2023,"Alex Lange","DET",66,77.19694915254237,102.60566666666665,,,,,93.06752136752137,,,102.90586805555552,89.87972222222226,96.58472222222228,"Alex Lange",19883,656638
2021,"Nick Wittgren","CLE",61.2,88.21215827338129,81.71666666666667,91.52183673469385,,88.99019230769234,,90.64654708520179,,,89.10259898477159,108.09222335025379,96.56818274111679,"Nick Wittgren",15594,621295
2021,"Hansel Robles","- - -",69,99.71898928024498,101.4825,,,101.51625730994151,111.56,94.52079545454545,,,98.18289622890295,97.99397646360761,96.55224004483127,"Hansel Robles",11801,570663
2024,"Dylan Floro","- - -",68.2,86.08372670807455,97.82913580246912,,,91.2494890510949,,85.96680412371133,,,93.13644204907091,103.22066256031206,96.4925123703932,"Dylan Floro",13394,571670
2023,"Trevor Stephan","CLE",68.2,84.89298701298698,,,103.82712933753945,105.61301470588236,,,,,95.23528888888892,98.34179555555555,96.43000888888893,"Trevor Stephan",19932,663986
2025,"Shawn Armstrong","TEX",70,100.87541935483875,109.00130612244898,89.71546875,,119.6675806451613,134.07999999999998,,,,104.51157398680496,94.4416588124411,96.29000942507068,"Shawn Armstrong",12857,542888
2024,"Enyel De Los Santos","- - -",64,83.42678635547576,,,,109.74756198347106,,79.08737199582028,,,94.42092321652606,103.61272985118373,96.13871979635809,"Enyel De Los Santos",18403,660853
2022,"Caleb Smith","ARI",69,95.62725925925925,,,,113.08213872832371,113.4888888888889,97.22807407407409,,,101.55484466834595,95.17701091519731,96.11932829555003,"Caleb Smith",14875,592761
2025,"Jimmy Herget","COL",83.1,92.61178947368417,79.5658725761773,,,98.13887640449438,127.29376884422106,79.7732394366197,,,100.63253521126764,95.67093896713615,96.0634428794993,"Jimmy Herget",17556,623474
2025,"Tony Santillan","CIN",73.2,92.70908635794737,,,,112.9292156862745,102.26920152091253,66.06,,,97.92287747035567,102.16434782608695,95.87784980237157,"Tony Santillan",19926,663574
2021,"Carlos Estévez","COL",61.2,91.10856711915541,,,,122.10107382550333,,94.56422680412372,,,96.3622885572139,99.030447761194,95.84035820895518,"Carlos Estevez",14542,608032
2022,"Carl Edwards Jr.","WSN",62,99.04989598811294,108.19846153846153,,,,93.5888209606987,78.57999999999997,,,96.0542048780487,98.36169756097557,95.80989268292677,"Carl Edwards Jr.",13607,605218
2022,"Rowan Wick","CHC",64,103.23238546603476,77.96,94.164,,112.14800000000004,,172.98000000000002,88.9569547325103,,99.07086069210293,97.09430346051465,95.80351375332746,"Rowan Wick",14646,592858
2023,"Héctor Neris","HOU",68.1,97.7891519434629,97.05564705882352,,106.00057324840765,89.73162790697677,,,,,99.76126721763085,95.35048668503217,95.76918273645545,"Hector Neris",11804,593576
2024,"José Ureña","TEX",64.2,88.7404347826087,98.24176904176903,,,99.02040114613182,,73.5675392670157,,,93.46222446916077,99.35296258847325,95.70471183013146,"Jose Urena",11589,570632
2021,"Trevor Richards","- - -",64.1,90.49644518272426,,,,,,109.82086153846153,,,97.43711326749643,95.06110035396325,95.68227426344488,"Trevor Richards",19309,670950
2026,"Matt Festa","CLE",65.2,103.59676082862524,94.48,101.36943396226415,,100.77088372093027,,,,,101.91610750695091,92.54759962928638,95.29473586654306,"Matt Festa",19330,670036
2021,"Jhoulys Chacín","COL",60.1,71.82461538461537,81.81617283950615,,,92.28237623762375,110.84618384401115,84.86216216216215,,,93.41442136498517,100.34611275964396,95.21467853610291,"Jhoulys Chacin",2608,468504
2022,"Michael Fulmer","- - -",63.2,99.31251533742329,97.60177777777778,100.18154545454544,,,96.53737373737373,82.55650793650794,,,97.20688644063831,92.69651591774998,95.15476904034601,"Michael Fulmer",13218,605242
2026,"Lake Bachar","- - -",60,99.55017921146954,87.99431085043987,,97.47148936170213,93.77305924160281,107.49016240745163,,,,97.70960638642829,96.34961800592556,95.01339147083206,"Lake Bachar",19222,669199
2026,"Paul Blackburn","NYY",81,98.92962962962966,96.27321518987345,93.70858407079646,,107.42947368421052,95.68595238095237,78.19952569169959,,,92.75043852106617,98.73430782459151,94.94247635425619,"Paul Blackburn",14739,621112
2024,"Jesse Chavez","ATL",63.1,,86.18405693950177,102.66090056285178,,111.77882352941178,114.99397260273972,72.48314285714288,,,95.15666987487974,102.03836381135709,94.91133782483159,"Jesse Chavez",5448,445926
2022,"José Ruiz","CHW",60.2,82.97935727788281,98.1,,,,112.35176829268292,86.87470355731223,,,92.6033183856502,96.7683049327354,94.86229596412558,"Jose Ruiz",14552,614179
2026,"Kyle Finnegan","DET",60.2,97.0191605839416,,,100.01511904761901,101.92651685393257,,,,,98.80392045454548,95.56916666666669,94.79246212121214,"Kyle Finnegan",15009,640448
2026,"Braydon Fisher","TOR",63.1,74.12594871794872,43.8,89.20642857142857,,114.49969230769233,92.04745098039216,,,,99.70214828897343,96.85159695817488,94.75566539923959,"Braydon Fisher",24609,680755
2026,"Brennan Bernardino","COL",61,97.88772727272726,90.92195876288656,83.43942857142858,,118.83800000000002,96.28036923076921,77.01652173913043,,,91.56832800851981,105.89738019169329,94.65850905218322,"Brennan Bernardino",16835,657514
2023,"Kendall Graveman","- - -",66.1,95.05099601593626,105.90863013698629,,,106.04134396135264,100.948,85.34514851485149,,,101.33043797939644,93.42225938638954,94.65204782308544,"Kendall Graveman",15514,608665
2022,"Chris Stratton","- - -",61,88.88447826086957,80.9511111111111,,,92.57482926829266,94.43789703486478,88.98473684210526,,,91.03800943457576,102.6722403865875,94.5732945478557,"Chris Stratton",13761,608717
2023,"Alexis Díaz","CIN",67.1,86.7441489361702,,,,96.6678655462185,,,,,91.87449350649352,99.34623376623378,94.51295238095238,"Alexis Diaz",21132,664747
2024,"Taylor Rogers","SFG",60,,93.11824868651487,,,115.8258823529412,,,,,103.85272222222228,96.64379629629633,94.38392592592594,"Taylor Rogers",13449,573124
2021,"Ryan Tepera","- - -",61.1,99.88100946372239,97.02372549019609,,,98.83184282418146,107.08399999999999,88.55423942394238,,,97.96773224604078,95.11601972083969,94.33950669662495,"Ryan Tepera",10291,572193
2022,"Brad Boxberger","MIL",64,94.97462437395662,,,,99.54938775510203,,91.98422764227642,,,95.34911602209941,100.74749539594839,94.30154696132597,"Brad Boxberger",10133,502202
2023,"Fernando Cruz","CIN",63,90.58192,80.188,85.77215384615386,127.39068783068784,94.2164705882353,,,,,102.5442803738318,87.74603738317758,94.22031775700934,"Fernando Cruz",7048,518585
2022,"Jaime Barria","LAA",74.2,84.45294736842108,83.16234234234234,,,94.97458585858587,,93.88028985507249,,,90.00406015037589,103.7518421052632,94.17368421052628,"Jaime Barria",18356,642545
2022,"Domingo Acevedo","OAK",67.2,88.86741784037561,95.52,,,89.36466472303205,,91.56585585585587,,,89.72798810703661,102.03768087215063,94.02810703666992,"Domingo Acevedo",17092,642758
2024,"Fernando Cruz","CIN",60.2,89.13529761904763,,81.79325925925927,128.92185614849188,,,,,,103.81603498542273,87.498853255588,94.0032069970845,"Fernando Cruz",7048,518585
2024,"Kirby Yates","TEX",61.2,99.95535256410257,,,91.70614609571793,89.38,,,,,96.68236097560971,99.29560975609755,94.00003902439022,"Kirby Yates",9073,489446
2021,"Chris Stratton","PIT",79.1,83.70124054462933,90.44666666666666,,,100.24585106382982,105.23183908045976,85.9722988505747,,,91.73336244541483,101.24451237263466,93.96189228529845,"Chris Stratton",13761,608717
2024,"Trevor Richards","- - -",61,86.69284332688588,,,,,,114.27614093959731,,,101.51066722899408,93.27317219151186,93.837685926673,"Trevor Richards",19309,670950
2024,"Declan Cronin","MIA",70.1,104.0579746835443,88.52982062780266,,,94.34528896672508,,,,,92.68567246111617,99.96305580969812,93.8247758462946,"Declan Cronin",25645,686539
2023,"Bryse Wilson","MIL",76.2,112.79272727272726,103.67280397022333,96.2776558603491,103.68,,106.8387012987013,93.16999999999999,,,102.89034782608697,90.87055652173912,93.74666086956523,"Bryse Wilson",19990,669060
2022,"Nick Nelson","PHI",64.2,91.37568228105906,73.75999999999999,,,102.27579365079366,98.98651162790698,102.3780664652568,,,97.38906810035846,93.41829749103945,93.73448028673836,"Nick Nelson",20153,656793
2023,"Buck Farmer","CIN",75,72.76437262357416,,,,117.08660194174759,,95.28425531914897,,,93.07559769167354,100.55683429513606,93.60832646331409,"Buck Farmer",14814,571656
2023,"Jose Cuas","- - -",63.1,108.26108108108107,97.05978873239437,,,95.51986210392904,,82.66999999999999,,,98.33162767429062,95.17186559456866,93.52198778603187,"Jose Cuas",17701,621016
2026,"Yuki Matsui","SDP",63.2,95.42565000000002,94.25733333333334,,115.99971428571428,102.61439093484422,,,,,103.14408278457195,90.16513640639698,93.45179680150514,"Yuki Matsui",33826,673513
2023,"Pierce Johnson","- - -",62.2,77.57958115183249,,,,118.43804873511905,118.52038235693026,,,,104.16712713981332,92.03122924993696,93.19101225256588,"Pierce Johnson",13435,572955
2026,"Carmen Mlodzinski","PIT",68.1,79.16704918032787,87.76238636363637,84.54799999999999,98.12141342756183,97.58152941176472,94.90096774193549,,,,90.7149906542056,102.71226168224297,93.18235514018687,"Carmen Mlodzinski",27572,669387
2026,"Gordon Graceffo","STL",76,80.86857142857143,95.10384615384616,89.63454545454546,,99.77419178082191,101.89689320388351,102.34878378378376,,,92.72681938325992,97.98659030837005,93.17658149779736,"Gordon Graceffo",29519,700669
2025,"Dennis Santana","PIT",70.1,82.8015172413793,92.1658227848101,93.02077669902908,,101.45617204301082,,80.97406249999999,,,93.19515392254222,101.74170804369415,93.14480635551146,"Dennis Santana",17878,642701
2026,"Yoendrys Gómez","- - -",66,118.78590291262137,104.88336633663364,91.4967173958994,,124.39828996282527,,88.4653117913832,,,112.9168680483917,80.99567000231308,93.0123530298149,"Yoendrys Gomez",22872,672782
2025,"Tommy Kahnle","DET",63,88.47931034482757,,,,100.52000000000001,,92.18038374717831,,,91.66145208131653,96.79413359148106,92.9265246853824,"Tommy Kahnle",11384,592454
2025,"Mike Vasil","CHW",90,89.40329896907215,90.49172649572647,95.55666666666667,,105.38974137931037,90.99112359550563,83.0956571428571,,,92.23984838042732,97.98723638869748,92.81827705031013,"Mike Vasil",30105,678024
2022,"Gregory Soto","DET",60.1,112.47457142857145,101.3697017892644,,,103.70075949367089,,92.05818181818182,,,105.24353369763206,89.37938069216759,92.64816029143905,"Gregory Soto",19677,642397
2023,"Jake Bird","COL",84.1,,87.9576738305942,107.30358381502889,,113.34795698924734,145.97274900398403,77.06,,,103.41713848508036,94.21253251721492,92.35173680183627,"Jake Bird",21267,656234
2025,"Scott Barlow","CIN",67.1,96.69403921568626,90.0432978723404,,,103.72499168053245,113.9071844660194,,,,101.9011314741036,90.31314741035855,91.95419920318727,"Scott Barlow",14993,605130
2024,"Joey Wentz","- - -",67.1,90.66968750000001,,102.66713541666667,,,103.68440251572326,98.52529914529917,,,97.63816668965795,95.32563326976914,91.84146925792187,"Joey Wentz",19962,666214
2021,"Brad Hand","- - -",64.2,89.65950113378686,91.16429378531073,,,114.0578493812474,,,,,100.21433648783467,95.95845538405808,91.83216975164851,"Brad Hand",9111,543272
2021,"Jake Brentz","KCR",64,93.23773643410854,76.97200000000001,,,116.15474025974032,,95.717,,,99.86616924476796,91.57053685168333,91.81233848953597,"Jake Brentz",17783,641394
2023,"Adam Ottavino","NYM",61.2,104.44105263157897,111.1183937823834,94.35077922077923,,112.35866197183097,,87.557323943662,,,105.30836754643217,86.80869990224828,91.77290322580649,"Adam Ottavino",1247,493603
2024,"Jared Shuster","CHW",64,77.37590588235295,88.96136363636363,,,92.6451376146789,,85.78736231884056,,,84.63362521891418,103.22451838879161,91.70768826619965,"Jared Shuster",27472,694363
2021,"Alex Reyes","STL",72.1,99.3362924281984,89.10093959731546,,,129.62057142857145,93.34800000000001,79.7237168141593,,,103.145088282504,86.953643659711,91.39391653290528,"Alex Reyes",15015,621052
2025,"Seranthony Domínguez","- - -",62.2,107.14416666666666,102.10565517241378,,115.49398907103826,128.87813510638298,109.66324408746092,,,,111.94615474029533,76.84392330768502,91.19936820890341,"Seranthony Dominguez",19249,622554
2025,"Daniel Lynch IV","KCR",63.1,86.68739726027398,103.21333333333334,,,96.52907936507934,,95.00943005181347,91.3073786407767,,94.87943067033983,91.41522497704311,90.66356290174477,"Daniel Lynch IV",21537,663738
2022,"Hunter Strickland","CIN",62.1,82.81615245009075,76.89534246575343,124.56,,105.11676190476186,,71.21818181818182,,,90.71444958371886,99.42349676225719,90.53829787234041,"Hunter Strickland",7836,519326
2021,"Deolis Guerra","OAK",65.2,82.74583333333331,83.7253488372093,,,85.62259740259739,88.09504950495051,110.92363095238096,,,92.4437453874539,96.76747232472323,90.45905904059045,"Deolis Guerra",8410,500610
2023,"Enyel De Los Santos","CLE",65.2,85.16119685039371,,,,118.49222570532916,,80.28989473684209,,,94.89210325047802,98.28745697896753,90.44959847036331,"Enyel De Los Santos",18403,660853
2023,"Scott McGough","ARI",68,85.83295681063123,88.38,,96.94258333333329,103.78277777777778,,,,,91.91766582703612,97.26881612090683,90.33926112510495,"Scott McGough",12056,543518
2021,"Duane Underwood Jr.","PIT",72.2,83.22259433962263,102.75933333333333,91.00200000000001,,95.30444444444444,98.5643686006826,89.42161993769469,,,90.89295726495722,98.12456410256408,90.16066666666661,"Duane Underwood Jr.",14677,621249
2022,"David Phelps","TOR",62.2,84.15595238095239,86.68911764705884,95.42028673835127,,,,76.66776470588235,82.58910299003324,,86.24358024691358,101.7002998236332,90.14825396825397,"David Phelps",6316,475479
2026,"Brad Lord","WSN",71.2,90.58690265486727,88.88440129449839,,,106.51873786407764,,80.60610169491525,,,95.06761827079936,99.97443719412723,90.07980424143555,"Brad Lord",31972,695418
2024,"Tayler Scott","HOU",65.2,99.60952212389381,92.02264705882354,,84.31273381294966,90.34957198443578,,,,,93.80652506372134,95.11009345794393,89.9097706032286,"Tayler Scott",13652,605463
2026,"Trevor Richards","- - -",79.2,79.9897660463572,85.52,,,93.05182608695651,,111.20960118818412,,,89.80019354627787,103.46231198439425,89.7734904807053,"Trevor Richards",19309,670950
2024,"Jalen Beeks","- - -",70,88.98199697428137,,105.89472480252765,,,127.74833333333333,98.79399339933994,,,94.89416775951273,92.90495839445636,89.77091666299287,"Jalen Beeks",17192,656222
2026,"Jovani Morán","BOS",62,96.86767567567561,96.89075268817203,96.34956521739133,,115.02418604651159,81.36,105.27971098265898,,,100.56976116303221,87.48434060228456,89.46485981308415,"Jovani Moran",20422,663558
2026,"Bryan Abreu","HOU",62.2,98.95010570824525,,92.09752066115703,,105.3784,,44.400000000000006,,,101.14411929170542,86.38721342031687,89.4242870456664,"Bryan Abreu",16609,650556
2024,"Roansy Contreras","- - -",60.2,89.71203389830508,92.94344827586207,,,104.41319468804811,90.91218390804599,88.27011235955057,,,94.88181408787862,94.10908848264441,89.33187409908398,"Roansy Contreras",22810,672710
2026,"Zach Agnos","COL",80.1,85.4752,85.023085106383,88.36273684210525,92.80569343065692,94.74782828282832,,,,,89.68797610156832,98.20182225541453,89.12954443614636,"Zach Agnos",31552,688642
2026,"Juan Mejia","COL",68.1,82.03889716840537,94.60105263157895,,,116.83276767676769,,77.18962962962962,,,96.41426307448494,95.19976228209194,88.87611727416797,"Juan Mejia",23237,675848
2025,"Jackson Rutledge","WSN",73.1,99.38142857142854,92.30468085106378,99.35244444444444,95.7411111111111,107.04387283236997,,,,,98.68458579881657,90.49681952662722,88.33692307692313,"Jackson Rutledge",26215,671131
2022,"Chase De Jong","PIT",71.2,84.86533820840948,115.87333333333333,,51.22,107.03498542274052,91.94401486988848,75.30545454545455,,,92.98295473953884,94.98746370623401,88.2882664389411,"Chase De Jong",15036,608328
2021,"Junior Guerra","LAA",64.1,91.2957425742574,97.94794871794873,,94.91127659574468,94.27364238410595,79.98951871657752,,,,93.04615255658008,89.46729253981557,88.02506286672252,"Junior Guerra",5702,448855
2021,"Alex Colomé","MIN",65,81.2822769230769,,95.60874514877102,,,,,,,91.33693989071037,94.05967213114751,87.20841530054648,"Alex Colome",6661,517008
2024,"Pedro Avila","- - -",82.2,82.38611510791368,87.63413793103449,,,90.80429530201343,83.18456140350878,99.8499358974359,,,87.99344991206777,95.68274329225044,86.18426113248319,"Pedro Avila",18864,658648
2023,"Drew VerHagen","STL",61,79.62900343642612,83.37005586592181,94.16916030534354,,109.90117283950619,,87.52564102564104,,,92.3948560460652,93.03706333973132,85.98155470249526,"Drew VerHagen",13424,572403
2021,"Kyle Funkhouser","DET",63.1,103.67059322033897,99.16781249999998,,,104.24070351758795,,76.94076923076923,,,100.16074074074074,83.41305958132043,84.85958132045086,"Kyle Funkhouser",19456,608335
2023,"Kirby Yates","ATL",60.1,92.42014035087719,,,91.3822929936306,105.66875000000002,,,,,92.0759090909091,87.1967424242424,80.35571969696976,"Kirby Yates",9073,489446
2023,"Mark Leiter Jr.","CHC",64.1,81.11720930232558,87.38518518518516,79.76247706422019,94.66529247910864,,78.79075268817202,,,,86.98041904761908,86.11449523809523,79.56272380952375,"Mark Leiter Jr.",15551,643410
2016,"Fernando Rodney","- - -",65.1,,,,,,,,,,,,,"Fernando Rodney",494,407845
2016,"Matt Bush","TEX",61.2,,,,,,,,,,,,,"Matt Bush",1246,456713
2016,"Blake Wood","CIN",76.2,,,,,,,,,,,,,"Blake Wood",1345,502028
2016,"Ryan Madson","OAK",64.2,,,,,,,,,,,,,"Ryan Madson",1852,425492
2016,"Blaine Boyer","MIL",66,,,,,,,,,,,,,"Blaine Boyer",2237,430641
2016,"Kenley Jansen","LAD",68.2,,,,,,,,,,,,,"Kenley Jansen",3096,445276
2016,"Tony Watson","PIT",67.2,,,,,,,,,,,,,"Tony Watson",3132,453265
2016,"Will Harris","HOU",64,,,,,,,,,,,,,"Will Harris",3192,501789
2016,"Zack Britton","BAL",67,,,,,,,,,,,,,"Zack Britton",3240,502154
2016,"Liam Hendriks","OAK",64.2,,,,,,,,,,,,,"Liam Hendriks",3548,521230
2016,"Tony Barnette","TEX",60.1,,,,,,,,,,,,,"Tony Barnette",3555,501817
2016,"Jim Johnson","ATL",64.2,,,,,,,,,,,,,"Jim Johnson",3656,462382
2016,"Zach Duke","- - -",61,,,,,,,,,,,,,"Zach Duke",3840,435043
2016,"Brett Oberholtzer","- - -",66.1,,,,,,,,,,,,,"Brett Oberholtzer",3855,519085
2016,"Carlos Villanueva","SDP",74,,,,,,,,,,,,,"Carlos Villanueva",4138,453646
2016,"David Hernandez","PHI",72.2,,,,,,,,,,,,,"David Hernandez",4259,456696
2016,"Mark Melancon","- - -",71.1,,,,,,,,,,,,,"Mark Melancon",4264,453343
2016,"Nate Jones","CHW",70.2,,,,,,,,,,,,,"Nate Jones",4696,518858
2016,"Jonathan Broxton","STL",60.2,,,,,,,,,,,,,"Jonathan Broxton",4759,455009
2016,"Joe Blanton","LAD",80,,,,,,,,,,,,,"Joe Blanton",4849,430599
2016,"Mike Montgomery","- - -",64.1,,,,,,,,,,,,,"Mike Montgomery",4869,543557
2016,"Brandon Maurer","SDP",69.2,,,,,,,,,,,,,"Brandon Maurer",4878,543506
2016,"Fernando Salas","- - -",73.2,,,,,,,,,,,,,"Fernando Salas",4971,477569
2016,"Jeurys Familia","NYM",77.2,,,,,,,,,,,,,"Jeurys Familia",5114,544727
2016,"Pedro Báez","LAD",74,,,,,,,,,,,,,"Pedro Baez",5420,520980
2016,"Jesse Chavez","- - -",67,,,,,,,,,,,,,"Jesse Chavez",5448,445926
2016,"Tyler Clippard","- - -",63,,,,,,,,,,,,,"Tyler Clippard",5640,461325
2016,"Jhan Mariñez","- - -",62.1,,,,,,,,,,,,,"Jhan Marinez",5830,501697
2016,"Randall Delgado","ARI",75,,,,,,,,,,,,,"Randall Delgado",5985,517414
2016,"Kelvin Herrera","KCR",72,,,,,,,,,,,,,"Kelvin Herrera",6033,516969
2016,"Dellin Betances","NYY",73,,,,,,,,,,,,,"Dellin Betances",6216,476454
2016,"Trevor Cahill","CHC",60.2,,,,,,,,,,,,,"Trevor Cahill",6249,502239
2016,"David Phelps","MIA",62.1,,,,,,,,,,,,,"David Phelps",6316,475479
2016,"Vance Worley","BAL",64.2,,,,,,,,,,,,,"Vance Worley",6435,474699
2016,"Steve Cishek","SEA",64,,,,,,,,,,,,,"Steve Cishek",6483,518553
2016,"Brad Brach","BAL",79,,,,,,,,,,,,,"Brad Brach",6627,542960
2016,"Andrew Miller","- - -",74.1,,,,,,,,,,,,,"Andrew Miller",6785,453192
2016,"Joakim Soria","KCR",66.2,,,,,,,,,,,,,"Joakim Soria",6941,465657
2016,"Ryan Pressly","MIN",75.1,,,,,,,,,,,,,"Ryan Pressly",7005,519151
2016,"Daniel Hudson","ARI",60.1,,,,,,,,,,,,,"Daniel Hudson",7146,543339
2016,"Brad Ziegler","- - -",68,,,,,,,,,,,,,"Brad Ziegler",7293,446899
2016,"Dan Otero","CLE",70.2,,,,,,,,,,,,,"Dan Otero",7385,519096
2016,"Nick Vincent","SEA",60.1,,,,,,,,,,,,,"Nick Vincent",7555,543883
2016,"Carlos Torres","MIL",82.1,,,,,,,,,,,,,"Carlos Torres",7624,448614
2016,"Hunter Strickland","SFG",61,,,,,,,,,,,,,"Hunter Strickland",7836,519326
2016,"Dan Jennings","CHW",60.2,,,,,,,,,,,,,"Dan Jennings",8073,543359
2016,"Bryan Shaw","CLE",66.2,,,,,,,,,,,,,"Bryan Shaw",8110,543766
2016,"Kevin Siegrist","STL",61.2,,,,,,,,,,,,,"Kevin Siegrist",8180,543779
2016,"David Robertson","CHW",62.1,,,,,,,,,,,,,"David Robertson",8241,502085
2016,"Ross Ohlendorf","CIN",65.2,,,,,,,,,,,,,"Ross Ohlendorf",8268,456027
2016,"JC Ramírez","- - -",78.2,,,,,,,,,,,,,"JC Ramirez",8302,500724
2016,"AJ Ramos","MIA",64,,,,,,,,,,,,,"AJ Ramos",8350,573109
2016,"Dustin McGowan","MIA",67,,,,,,,,,,,,,"Dustin McGowan",8600,430661
2016,"Antonio Bastardo","- - -",67.2,,,,,,,,,,,,,"Antonio Bastardo",8844,455374
2016,"Arquimedes Caminero","- - -",60.2,,,,,,,,,,,,,"Arquimedes Caminero",8992,491708
2016,"Adam Warren","- - -",60.1,,,,,,,,,,,,,"Adam Warren",9029,476589
2016,"Jeanmar Gómez","PHI",68.2,,,,,,,,,,,,,"Jeanmar Gomez",9033,491646
2016,"John Axford","OAK",65.2,,,,,,,,,,,,,"John Axford",9059,446099
2016,"Brad Hand","SDP",89.1,,,,,,,,,,,,,"Brad Hand",9111,543272
2016,"Alex Wilson","DET",73,,,,,,,,,,,,,"Alex Wilson",9239,543935
2016,"Ryan Buchter","SDP",63,,,,,,,,,,,,,"Ryan Buchter",9456,488748
2016,"Travis Wood","CHC",61,,,,,,,,,,,,,"Travis Wood",9884,475243
2016,"Erasmo Ramírez","TBR",85,,,,,,,,,,,,,"Erasmo Ramirez",10314,541640
2016,"Michael Tonkin","MIN",71.2,,,,,,,,,,,,,"Michael Tonkin",10315,543859
2016,"Mychal Givens","BAL",74.2,,,,,,,,,,,,,"Mychal Givens",10430,571710
2016,"Addison Reed","NYM",77.2,,,,,,,,,,,,,"Addison Reed",10586,592665
2016,"Tyler Thornburg","MIL",67,,,,,,,,,,,,,"Tyler Thornburg",10688,592804
2016,"Sam Dyson","TEX",70.1,,,,,,,,,,,,,"Sam Dyson",11710,473879
2016,"Hansel Robles","NYM",77.2,,,,,,,,,,,,,"Hansel Robles",11801,570663
2016,"Héctor Neris","PHI",80.1,,,,,,,,,,,,,"Hector Neris",11804,593576
2016,"Michael Feliz","HOU",65,,,,,,,,,,,,,"Michael Feliz",11903,593140
2016,"Felipe Vázquez","- - -",77,,,,,,,,,,,,,"Felipe Vazquez",12076,553878
2016,"Cody Allen","CLE",68,,,,,,,,,,,,,"Cody Allen",12183,592102
2016,"Tony Cingrani","CIN",63,,,,,,,,,,,,,"Tony Cingrani",12555,571561
2016,"Blake Treinen","WSN",67,,,,,,,,,,,,,"Blake Treinen",12572,595014
2016,"Chris Devenski","HOU",83.2,,,,,,,,,,,,,"Chris Devenski",12763,606965
2016,"Matt Barnes","BOS",66.2,,,,,,,,,,,,,"Matt Barnes",12863,598264
2016,"Ken Giles","HOU",65.2,,,,,,,,,,,,,"Ken Giles",12910,571704
2016,"Joe Biagini","TOR",67.2,,,,,,,,,,,,,"Joe Biagini",13194,607352
2016,"Taylor Rogers","MIN",61.1,,,,,,,,,,,,,"Taylor Rogers",13449,573124
2016,"Matt Bowman","STL",67.2,,,,,,,,,,,,,"Matt Bowman",13528,621199
2016,"Kyle Barraclough","MIA",72.2,,,,,,,,,,,,,"Kyle Barraclough",13713,607457
2016,"Roberto Osuna","TOR",74,,,,,,,,,,,,,"Roberto Osuna",13764,532077
2016,"Ryan Dull","OAK",74.1,,,,,,,,,,,,,"Ryan Dull",13974,623430
2016,"Seunghwan Oh","STL",79.2,,,,,,,,,,,,,"Seunghwan Oh",18719,493200
2017,"Blake Wood","- - -",74.1,,,,,,,,,,,,,"Blake Wood",1345,502028
2017,"Matt Belisle","MIN",60.1,,,,,,,,,,,,,"Matt Belisle",1837,279571
2017,"Brett Cecil","STL",67.1,,,,,,,,,,,,,"Brett Cecil",2660,446399
2017,"Zach McAllister","CLE",62,,,,,,,,,,,,,"Zach McAllister",2895,502083
2017,"Kenley Jansen","LAD",68.1,,,,,,,,,,,,,"Kenley Jansen",3096,445276
2017,"Tony Watson","- - -",66.2,,,,,,,,,,,,,"Tony Watson",3132,453265
2017,"Darren O'Day","BAL",60.1,,,,,,,,,,,,,"Darren O'Day",3321,503285
2017,"Liam Hendriks","OAK",64,,,,,,,,,,,,,"Liam Hendriks",3548,521230
2017,"Yusmeiro Petit","LAA",87.1,,,,,,,,,,,,,"Yusmeiro Petit",4020,433589
2017,"Brian Duensing","CHC",62.1,,,,,,,,,,,,,"Brian Duensing",4064,488846
2017,"Pedro Strop","CHC",60.1,,,,,,,,,,,,,"Pedro Strop",4070,467008
2017,"Luke Gregerson","HOU",61,,,,,,,,,,,,,"Luke Gregerson",4090,502381
2017,"Matt Albers","WSN",61,,,,,,,,,,,,,"Matt Albers",4300,458006
2017,"Pat Neshek","- - -",62.1,,,,,,,,,,,,,"Pat Neshek",4682,450212
2017,"Mike Montgomery","CHC",61.1,,,,,,,,,,,,,"Mike Montgomery",4869,543557
2017,"Wade LeBlanc","PIT",68,,,,,,,,,,,,,"Wade LeBlanc",5221,453281
2017,"Blake Parker","LAA",67.1,,,,,,,,,,,,,"Blake Parker",5224,453284
2017,"Pedro Báez","LAD",64,,,,,,,,,,,,,"Pedro Baez",5420,520980
2017,"Tyler Clippard","- - -",60.1,,,,,,,,,,,,,"Tyler Clippard",5640,461325
2017,"Brad Brach","BAL",68,,,,,,,,,,,,,"Brad Brach",6627,542960
2017,"Craig Kimbrel","BOS",69,,,,,,,,,,,,,"Craig Kimbrel",6655,518886
2017,"Alex Colomé","TBR",66.2,,,,,,,,,,,,,"Alex Colome",6661,517008
2017,"Andrew Miller","CLE",62.2,,,,,,,,,,,,,"Andrew Miller",6785,453192
2017,"Sam Freeman","ATL",60,,,,,,,,,,,,,"Sam Freeman",6832,518693
2017,"Luis García","PHI",71.1,,,,,,,,,,,,,"Luis Garcia",6984,472610
2017,"Ryan Pressly","MIN",61.1,,,,,,,,,,,,,"Ryan Pressly",7005,519151
2017,"Daniel Hudson","PIT",61.2,,,,,,,,,,,,,"Daniel Hudson",7146,543339
2017,"Craig Stammen","SDP",80.1,,,,,,,,,,,,,"Craig Stammen",7274,489334
2017,"Dan Otero","CLE",60,,,,,,,,,,,,,"Dan Otero",7385,519096
2017,"Anthony Swarzak","- - -",77.1,,,,,,,,,,,,,"Anthony Swarzak",7466,461872
2017,"Nick Vincent","SEA",64.2,,,,,,,,,,,,,"Nick Vincent",7555,543883
2017,"Carlos Torres","MIL",72.2,,,,,,,,,,,,,"Carlos Torres",7624,448614
2017,"Juan Nicasio","- - -",72.1,,,,,,,,,,,,,"Juan Nicasio",7731,504379
2017,"Richard Bleier","BAL",63.1,,,,,,,,,,,,,"Richard Bleier",7803,542947
2017,"Hunter Strickland","SFG",61.1,,,,,,,,,,,,,"Hunter Strickland",7836,519326
2017,"Cory Gearrin","SFG",68,,,,,,,,,,,,,"Cory Gearrin",7947,518715
2017,"Dan Jennings","- - -",62.2,,,,,,,,,,,,,"Dan Jennings",8073,543359
2017,"Bryan Shaw","CLE",76.2,,,,,,,,,,,,,"Bryan Shaw",8110,543766
2017,"David Robertson","- - -",68.1,,,,,,,,,,,,,"David Robertson",8241,502085
2017,"Dustin McGowan","MIA",77.2,,,,,,,,,,,,,"Dustin McGowan",8600,430661
2017,"Brad Hand","SDP",79.1,,,,,,,,,,,,,"Brad Hand",9111,543272
2017,"Alex Wilson","DET",60,,,,,,,,,,,,,"Alex Wilson",9239,543935
2017,"Ryan Buchter","- - -",65.1,,,,,,,,,,,,,"Ryan Buchter",9456,488748
2017,"George Kontos","- - -",66.1,,,,,,,,,,,,,"George Kontos",9486,502004
2017,"Jeremy Jeffress","- - -",63.1,,,,,,,,,,,,,"Jeremy Jeffress",9490,502026
2017,"Chris Rusin","COL",85,,,,,,,,,,,,,"Chris Rusin",9895,543734
2017,"Brandon Kintzler","- - -",71.1,,,,,,,,,,,,,"Brandon Kintzler",9939,445213
2017,"Mike Minor","KCR",77.2,,,,,,,,,,,,,"Mike Minor",10021,501985
2017,"José Ramírez","ATL",62,,,,,,,,,,,,,"Jose Ramirez",10171,542432
2017,"Ryan Tepera","TOR",77.2,,,,,,,,,,,,,"Ryan Tepera",10291,572193
2017,"Mychal Givens","BAL",78.2,,,,,,,,,,,,,"Mychal Givens",10430,571710
2017,"Addison Reed","- - -",76,,,,,,,,,,,,,"Addison Reed",10586,592665
2017,"Scott Alexander","KCR",69,,,,,,,,,,,,,"Scott Alexander",10591,518397
2017,"Shane Greene","DET",67.2,,,,,,,,,,,,,"Shane Greene",10756,572888
2017,"Tommy Kahnle","- - -",62.2,,,,,,,,,,,,,"Tommy Kahnle",11384,592454
2017,"Danny Barnes","TOR",66,,,,,,,,,,,,,"Danny Barnes",11388,592130
2017,"Heath Hembree","BOS",62,,,,,,,,,,,,,"Heath Hembree",11632,592390
2017,"Héctor Neris","PHI",74.2,,,,,,,,,,,,,"Hector Neris",11804,593576
2017,"Felipe Vázquez","PIT",75.1,,,,,,,,,,,,,"Felipe Vazquez",12076,553878
2017,"Cody Allen","CLE",67.1,,,,,,,,,,,,,"Cody Allen",12183,592102
2017,"Jacob Barnes","MIL",72,,,,,,,,,,,,,"Jacob Barnes",12323,606930
2017,"Blake Treinen","- - -",75.2,,,,,,,,,,,,,"Blake Treinen",12572,595014
2017,"Chris Devenski","HOU",80.2,,,,,,,,,,,,,"Chris Devenski",12763,606965
2017,"Matt Barnes","BOS",69.2,,,,,,,,,,,,,"Matt Barnes",12863,598264
2017,"Alex Claudio","TEX",78.2,,,,,,,,,,,,,"Alex Claudio",12890,592222
2017,"Ken Giles","HOU",62.2,,,,,,,,,,,,,"Ken Giles",12910,571704
2017,"Archie Bradley","ARI",73,,,,,,,,,,,,,"Archie Bradley",12918,605151
2017,"Warwick Saupold","DET",62.2,,,,,,,,,,,,,"Warwick Saupold",13211,599683
2017,"Ross Stripling","LAD",69.1,,,,,,,,,,,,,"Ross Stripling",13273,548389
2017,"Chris Beck","CHW",64.2,,,,,,,,,,,,,"Chris Beck",13418,571476
2017,"Carl Edwards Jr.","CHC",66.1,,,,,,,,,,,,,"Carl Edwards Jr.",13607,605218
2017,"Kyle Barraclough","MIA",66,,,,,,,,,,,,,"Kyle Barraclough",13713,607457
2017,"Tyler Duffey","MIN",71,,,,,,,,,,,,,"Tyler Duffey",13758,608648
2017,"Dominic Leone","TOR",70.1,,,,,,,,,,,,,"Dominic Leone",13763,608678
2017,"Roberto Osuna","TOR",64,,,,,,,,,,,,,"Roberto Osuna",13764,532077
2017,"Paul Sewald","NYM",65.1,,,,,,,,,,,,,"Paul Sewald",13892,623149
2017,"Wandy Peralta","CIN",64.2,,,,,,,,,,,,,"Wandy Peralta",14295,593974
2017,"Edwin Díaz","SEA",66,,,,,,,,,,,,,"Edwin Diaz",14710,621242
2017,"Michael Lorenzen","CIN",83,,,,,,,,,,,,,"Michael Lorenzen",14843,547179
2017,"José Torres","SDP",68.1,,,,,,,,,,,,,"Jose Torres",14957,600526
2017,"Corey Knebel","MIL",76,,,,,,,,,,,,,"Corey Knebel",15010,608349
2017,"Chad Green","NYY",67,,,,,,,,,,,,,"Chad Green",15552,643338
2017,"Miguel Castro","BAL",63,,,,,,,,,,,,,"Miguel Castro",15684,612434
2017,"Raisel Iglesias","CIN",76,,,,,,,,,,,,,"Raisel Iglesias",17130,628452
2018,"Fernando Rodney","- - -",64.1,,,,,,,,,,,,,"Fernando Rodney",494,407845
2018,"Tommy Hunter","PHI",64,,,,,,,,,,,,,"Tommy Hunter",1157,488984
2018,"Adam Ottavino","COL",77.2,,,,,,,,,,,,,"Adam Ottavino",1247,493603
2018,"Kenley Jansen","LAD",71.2,,,,,,,,,,,,,"Kenley Jansen",3096,445276
2018,"Tony Watson","SFG",66,,,,,,,,,,,,,"Tony Watson",3132,453265
2018,"T.J. McFarland","ARI",72,,,,,,,,,,,,,"T.J. McFarland",3237,519008
2018,"Jim Johnson","LAA",62,,,,,,,,,,,,,"Jim Johnson",3656,462382
2018,"Yusmeiro Petit","OAK",93,,,,,,,,,,,,,"Yusmeiro Petit",4020,433589
2018,"Héctor Santiago","CHW",69.2,,,,,,,,,,,,,"Hector Santiago",4026,502327
2018,"David Hernandez","CIN",64,,,,,,,,,,,,,"David Hernandez",4259,456696
2018,"Jeurys Familia","- - -",72,,,,,,,,,,,,,"Jeurys Familia",5114,544727
2018,"Blake Parker","LAA",66.1,,,,,,,,,,,,,"Blake Parker",5224,453284
2018,"Jose Alvarez","LAA",63,,,,,,,,,,,,,"Jose Alvarez",5358,501625
2018,"Brad Peacock","HOU",63.1,,,,,,,,,,,,,"Brad Peacock",5401,502748
2018,"Jesse Chavez","- - -",95.1,,,,,,,,,,,,,"Jesse Chavez",5448,445926
2018,"Tyler Clippard","TOR",67.2,,,,,,,,,,,,,"Tyler Clippard",5640,461325
2018,"Dellin Betances","NYY",66.2,,,,,,,,,,,,,"Dellin Betances",6216,476454
2018,"Steve Cishek","CHC",70.1,,,,,,,,,,,,,"Steve Cishek",6483,518553
2018,"Brad Brach","- - -",62.2,,,,,,,,,,,,,"Brad Brach",6627,542960
2018,"Craig Kimbrel","BOS",62.1,,,,,,,,,,,,,"Craig Kimbrel",6655,518886
2018,"Alex Colomé","- - -",68,,,,,,,,,,,,,"Alex Colome",6661,517008
2018,"Joakim Soria","- - -",60.2,,,,,,,,,,,,,"Joakim Soria",6941,465657
2018,"Ryan Pressly","- - -",71,,,,,,,,,,,,,"Ryan Pressly",7005,519151
2018,"Craig Stammen","SDP",79,,,,,,,,,,,,,"Craig Stammen",7274,489334
2018,"Brad Ziegler","- - -",73.2,,,,,,,,,,,,,"Brad Ziegler",7293,446899
2018,"Wade Davis","COL",65.1,,,,,,,,,,,,,"Wade Davis",7441,451584
2018,"Collin McHugh","HOU",72.1,,,,,,,,,,,,,"Collin McHugh",7531,543521
2018,"Dan Jennings","MIL",64,,,,,,,,,,,,,"Dan Jennings",8073,543359
2018,"David Robertson","NYY",69.2,,,,,,,,,,,,,"David Robertson",8241,502085
2018,"Kirby Yates","SDP",63,,,,,,,,,,,,,"Kirby Yates",9073,489446
2018,"Brad Hand","- - -",72,,,,,,,,,,,,,"Brad Hand",9111,543272
2018,"Alex Wilson","DET",61.2,,,,,,,,,,,,,"Alex Wilson",9239,543935
2018,"Jared Hughes","CIN",78.2,,,,,,,,,,,,,"Jared Hughes",9325,453172
2018,"Jeremy Jeffress","MIL",76.2,,,,,,,,,,,,,"Jeremy Jeffress",9490,502026
2018,"Joe Kelly","BOS",65.2,,,,,,,,,,,,,"Joe Kelly",9761,523260
2018,"Sergio Romo","TBR",62.2,,,,,,,,,,,,,"Sergio Romo",9817,489265
2018,"Brandon Kintzler","- - -",60.2,,,,,,,,,,,,,"Brandon Kintzler",9939,445213
2018,"Ryan Tepera","TOR",64.2,,,,,,,,,,,,,"Ryan Tepera",10291,572193
2018,"Mychal Givens","BAL",76.2,,,,,,,,,,,,,"Mychal Givens",10430,571710
2018,"Scott Alexander","LAD",64.2,,,,,,,,,,,,,"Scott Alexander",10591,518397
2018,"Shane Greene","DET",63.1,,,,,,,,,,,,,"Shane Greene",10756,572888
2018,"Jesse Biddle","ATL",63.2,,,,,,,,,,,,,"Jesse Biddle",11437,592145
2018,"Heath Hembree","BOS",60,,,,,,,,,,,,,"Heath Hembree",11632,592390
2018,"Sam Dyson","SFG",70.1,,,,,,,,,,,,,"Sam Dyson",11710,473879
2018,"Matt Andriese","- - -",65.1,,,,,,,,,,,,,"Matt Andriese",12022,542882
2018,"Brian Flynn","KCR",75.2,,,,,,,,,,,,,"Brian Flynn",12027,543169
2018,"Felipe Vázquez","PIT",70,,,,,,,,,,,,,"Felipe Vazquez",12076,553878
2018,"Cody Allen","CLE",67,,,,,,,,,,,,,"Cody Allen",12183,592102
2018,"Dan Winkler","ATL",60.1,,,,,,,,,,,,,"Dan Winkler",12237,595465
2018,"Seth Lugo","NYM",78.1,,,,,,,,,,,,,"Seth Lugo",12447,607625
2018,"Blake Treinen","OAK",80.1,,,,,,,,,,,,,"Blake Treinen",12572,595014
2018,"Mike Wright Jr.","BAL",78.2,,,,,,,,,,,,,"Mike Wright Jr.",12586,605541
2018,"Noé Ramirez","LAA",82.1,,,,,,,,,,,,,"Noe Ramirez",12800,598287
2018,"Matt Barnes","BOS",61.2,,,,,,,,,,,,,"Matt Barnes",12863,598264
2018,"Alex Claudio","TEX",67.1,,,,,,,,,,,,,"Alex Claudio",12890,592222
2018,"Archie Bradley","ARI",71.2,,,,,,,,,,,,,"Archie Bradley",12918,605151
2018,"Kyle Crick","PIT",60.1,,,,,,,,,,,,,"Kyle Crick",13182,605195
2018,"Cam Bedrosian","LAA",64,,,,,,,,,,,,,"Cam Bedrosian",13360,592135
2018,"Dylan Floro","- - -",64,,,,,,,,,,,,,"Dylan Floro",13394,571670
2018,"Taylor Rogers","MIN",68.1,,,,,,,,,,,,,"Taylor Rogers",13449,573124
2018,"Richard Rodríguez","PIT",69.1,,,,,,,,,,,,,"Richard Rodriguez",13549,593144
2018,"Robert Gsellman","NYM",80,,,,,,,,,,,,,"Robert Gsellman",13696,607229
2018,"Josh Hader","MIL",81.1,,,,,,,,,,,,,"Josh Hader",14212,623352
2018,"Amir Garrett","CIN",63,,,,,,,,,,,,,"Amir Garrett",14375,607237
2018,"Edwin Díaz","SEA",73.1,,,,,,,,,,,,,"Edwin Diaz",14710,621242
2018,"Emilio Pagán","OAK",62,,,,,,,,,,,,,"Emilio Pagan",14771,641941
2018,"Buck Farmer","DET",67,,,,,,,,,,,,,"Buck Farmer",14814,571656
2018,"Michael Lorenzen","CIN",67.1,,,,,,,,,,,,,"Michael Lorenzen",14843,547179
2018,"Reyes Moronta","SFG",65,,,,,,,,,,,,,"Reyes Moronta",14966,606625
2018,"Lou Trivino III","OAK",73,,,,,,,,,,,,,"Lou Trivino III",15043,642152
2018,"Kevin McCarthy","KCR",72,,,,,,,,,,,,,"Kevin McCarthy",15240,641838
2018,"Shane Carle","ATL",63,,,,,,,,,,,,,"Shane Carle",15258,641438
2018,"Adam Cimber","- - -",68.1,,,,,,,,,,,,,"Adam Cimber",15288,643256
2018,"Austin Pruitt","TBR",69.2,,,,,,,,,,,,,"Austin Pruitt",15290,643493
2018,"Steven Brault","PIT",65.2,,,,,,,,,,,,,"Steven Brault",15291,643230
2018,"Chad Green","NYY",75.2,,,,,,,,,,,,,"Chad Green",15552,643338
2018,"Miguel Castro","BAL",83.2,,,,,,,,,,,,,"Miguel Castro",15684,612434
2018,"Joe Jiménez","DET",62.2,,,,,,,,,,,,,"Joe Jimenez",15761,641729
2018,"Ryan Yarbrough","TBR",118.2,,,,,,,,,,,,,"Ryan Yarbrough",16502,642232
2018,"Jonathan Holder","NYY",65,,,,,,,,,,,,,"Jonathan Holder",16588,656547
2018,"Trevor Hildenberger","MIN",73,,,,,,,,,,,,,"Trevor Hildenberger",17002,657610
2018,"Raisel Iglesias","CIN",72,,,,,,,,,,,,,"Raisel Iglesias",17130,628452
2018,"Edgar Santana","PIT",66.1,,,,,,,,,,,,,"Edgar Santana",17355,650828
2018,"José Alvarado","TBR",64,,,,,,,,,,,,,"Jose Alvarado",17780,621237
2018,"A.J. Minter","ATL",61.1,,,,,,,,,,,,,"A.J. Minter",18655,621345
2018,"Seunghwan Oh","- - -",68.1,,,,,,,,,,,,,"Seunghwan Oh",18719,493200
2018,"Drew Steckenrider","MIA",64.2,,,,,,,,,,,,,"Drew Steckenrider",18806,608716
2018,"Jordan Hicks","STL",77.2,,,,,,,,,,,,,"Jordan Hicks",19618,663855
2018,"Yoshihisa Hirano","ARI",66.1,,,,,,,,,,,,,"Yoshihisa Hirano",19756,673633
2019,"Adam Ottavino","NYY",66.1,,,,,,,,,,,,,"Adam Ottavino",1247,493603
2019,"Sean Doolittle","WSN",60,,,,,,,,,,,,,"Sean Doolittle",1581,448281
2019,"Héctor Rondón","HOU",60,,,,,,,,,,,,,"Hector Rondon",2391,444468
2019,"Kenley Jansen","LAD",63,,,,,,,,,,,,,"Kenley Jansen",3096,445276
2019,"Will Harris","HOU",60,,,,,,,,,,,,,"Will Harris",3192,501789
2019,"Francisco Liriano","PIT",70,,,,,,,,,,,,,"Francisco Liriano",3201,434538
2019,"Zack Britton","NYY",61.1,,,,,,,,,,,,,"Zack Britton",3240,502154
2019,"Liam Hendriks","OAK",83,,,,,,,,,,,,,"Liam Hendriks",3548,521230
2019,"Yusmeiro Petit","OAK",83,,,,,,,,,,,,,"Yusmeiro Petit",4020,433589
2019,"Mark Melancon","- - -",67.1,,,,,,,,,,,,,"Mark Melancon",4264,453343
2019,"Jake Diekman","- - -",62,,,,,,,,,,,,,"Jake Diekman",5003,518617
2019,"Jeurys Familia","NYM",60,,,,,,,,,,,,,"Jeurys Familia",5114,544727
2019,"Wade LeBlanc","SEA",84.2,,,,,,,,,,,,,"Wade LeBlanc",5221,453281
2019,"Pedro Báez","LAD",69.2,,,,,,,,,,,,,"Pedro Baez",5420,520980
2019,"Junior Guerra","MIL",83.2,,,,,,,,,,,,,"Junior Guerra",5702,448855
2019,"Trevor May","MIN",64.1,,,,,,,,,,,,,"Trevor May",6398,543507
2019,"Steve Cishek","CHC",64,,,,,,,,,,,,,"Steve Cishek",6483,518553
2019,"Alex Colomé","CHW",61,,,,,,,,,,,,,"Alex Colome",6661,517008
2019,"Joakim Soria","OAK",68,,,,,,,,,,,,,"Joakim Soria",6941,465657
2019,"Luis García","LAA",60,,,,,,,,,,,,,"Luis Garcia",6984,472610
2019,"Ian Kennedy","KCR",63.1,,,,,,,,,,,,,"Ian Kennedy",6986,453178
2019,"Daniel Hudson","- - -",72,,,,,,,,,,,,,"Daniel Hudson",7146,543339
2019,"Craig Stammen","SDP",82,,,,,,,,,,,,,"Craig Stammen",7274,489334
2019,"Javy Guerra","- - -",67.2,,,,,,,,,,,,,"Javy Guerra",7407,457915
2019,"Tommy Milone","SEA",80.2,,,,,,,,,,,,,"Tommy Milone",7608,543548
2019,"Marcus Walden","BOS",78,,,,,,,,,,,,,"Marcus Walden",8004,519393
2019,"Will Smith","SFG",65.1,,,,,,,,,,,,,"Will Smith",8048,519293
2019,"Bryan Shaw","COL",72,,,,,,,,,,,,,"Bryan Shaw",8110,543766
2019,"Kirby Yates","SDP",60.2,,,,,,,,,,,,,"Kirby Yates",9073,489446
2019,"Jared Hughes","- - -",71.1,,,,,,,,,,,,,"Jared Hughes",9325,453172
2019,"Josh Tomlin","ATL",76.1,,,,,,,,,,,,,"Josh Tomlin",9388,458708
2019,"Sergio Romo","- - -",60.1,,,,,,,,,,,,,"Sergio Romo",9817,489265
2019,"Mychal Givens","BAL",63,,,,,,,,,,,,,"Mychal Givens",10430,571710
2019,"Shane Greene","- - -",62.2,,,,,,,,,,,,,"Shane Greene",10756,572888
2019,"Tommy Kahnle","NYY",61.1,,,,,,,,,,,,,"Tommy Kahnle",11384,592454
2019,"Brandon Workman","BOS",71.2,,,,,,,,,,,,,"Brandon Workman",11428,519443
2019,"Josh Osich","CHW",67.2,,,,,,,,,,,,,"Josh Osich",11528,592612
2019,"Sam Dyson","- - -",62.1,,,,,,,,,,,,,"Sam Dyson",11710,473879
2019,"Luke Jackson","ATL",72.2,,,,,,,,,,,,,"Luke Jackson",11752,592426
2019,"Kyle Ryan","CHC",61,,,,,,,,,,,,,"Kyle Ryan",11753,594986
2019,"Hansel Robles","LAA",71.2,,,,,,,,,,,,,"Hansel Robles",11801,570663
2019,"Héctor Neris","PHI",67.2,,,,,,,,,,,,,"Hector Neris",11804,593576
2019,"Matt Andriese","ARI",70.2,,,,,,,,,,,,,"Matt Andriese",12022,542882
2019,"Felipe Vázquez","PIT",60,,,,,,,,,,,,,"Felipe Vazquez",12076,553878
2019,"Yimi García","LAD",62.1,,,,,,,,,,,,,"Yimi Garcia",12095,554340
2019,"Seth Lugo","NYM",80,,,,,,,,,,,,,"Seth Lugo",12447,607625
2019,"Nick Ramirez","DET",79.2,,,,,,,,,,,,,"Nick Ramirez",12575,598286
2019,"Chris Devenski","HOU",67,,,,,,,,,,,,,"Chris Devenski",12763,606965
2019,"John Brebbia","STL",72.2,,,,,,,,,,,,,"John Brebbia",12777,605154
2019,"Sam Gaviglio","TOR",95.2,,,,,,,,,,,,,"Sam Gaviglio",12778,543208
2019,"Matt Barnes","BOS",64.1,,,,,,,,,,,,,"Matt Barnes",12863,598264
2019,"Alex Claudio","MIL",62,,,,,,,,,,,,,"Alex Claudio",12890,592222
2019,"Archie Bradley","ARI",70.1,,,,,,,,,,,,,"Archie Bradley",12918,605151
2019,"Wei-Yin Chen","MIA",68.1,,,,,,,,,,,,,"Wei-Yin Chen",13071,612672
2019,"Joe Biagini","- - -",64.2,,,,,,,,,,,,,"Joe Biagini",13194,607352
2019,"Luis Cessa","NYY",81,,,,,,,,,,,,,"Luis Cessa",13345,570666
2019,"Félix Peña","LAA",67.2,,,,,,,,,,,,,"Felix Pena",13403,570240
2019,"Taylor Rogers","MIN",69,,,,,,,,,,,,,"Taylor Rogers",13449,573124
2019,"Richard Rodríguez","PIT",65.1,,,,,,,,,,,,,"Richard Rodriguez",13549,593144
2019,"Robert Stephenson","CIN",64.2,,,,,,,,,,,,,"Robert Stephenson",13594,596112
2019,"John Gant","STL",66.1,,,,,,,,,,,,,"John Gant",13684,607231
2019,"Robert Gsellman","NYM",63.2,,,,,,,,,,,,,"Robert Gsellman",13696,607229
2019,"Roberto Osuna","HOU",65,,,,,,,,,,,,,"Roberto Osuna",13764,532077
2019,"Josh Hader","MIL",75.2,,,,,,,,,,,,,"Josh Hader",14212,623352
2019,"Adam Conley","MIA",60.2,,,,,,,,,,,,,"Adam Conley",14457,543045
2019,"José Leclerc","TEX",65,,,,,,,,,,,,,"Jose Leclerc",14524,600917
2019,"Carlos Estévez","COL",72,,,,,,,,,,,,,"Carlos Estevez",14542,608032
2019,"Luis Perdomo","SDP",68.2,,,,,,,,,,,,,"Luis Perdomo",14682,606131
2019,"Ty Buttrey","LAA",72.1,,,,,,,,,,,,,"Ty Buttrey",14719,621142
2019,"Emilio Pagán","TBR",70,,,,,,,,,,,,,"Emilio Pagan",14771,641941
2019,"Buck Farmer","DET",65.2,,,,,,,,,,,,,"Buck Farmer",14814,571656
2019,"Michael Lorenzen","CIN",83.1,,,,,,,,,,,,,"Michael Lorenzen",14843,547179
2019,"Giovanny Gallegos","STL",74,,,,,,,,,,,,,"Giovanny Gallegos",14986,606149
2019,"Scott Barlow","KCR",70.1,,,,,,,,,,,,,"Scott Barlow",14993,605130
2019,"Lou Trivino III","OAK",60,,,,,,,,,,,,,"Lou Trivino III",15043,642152
2019,"Kevin McCarthy","KCR",60.1,,,,,,,,,,,,,"Kevin McCarthy",15240,641838
2019,"Miguel Castro","BAL",73.1,,,,,,,,,,,,,"Miguel Castro",15684,612434
2019,"Wander Suero","WSN",71.1,,,,,,,,,,,,,"Wander Suero",15855,593833
2019,"Aaron Bummer","CHW",67.2,,,,,,,,,,,,,"Aaron Bummer",16258,607481
2019,"Josh James","HOU",60.1,,,,,,,,,,,,,"Josh James",16794,657624
2019,"Raisel Iglesias","CIN",67,,,,,,,,,,,,,"Raisel Iglesias",17130,628452
2019,"Yoan López","ARI",60.2,,,,,,,,,,,,,"Yoan Lopez",17181,661255
2019,"Jalen Beeks","TBR",92,,,,,,,,,,,,,"Jalen Beeks",17192,656222
2019,"Brett Martin","TEX",60.2,,,,,,,,,,,,,"Brett Martin",17369,656685
2019,"Diego Castillo","TBR",61.1,,,,,,,,,,,,,"Diego Castillo",17496,650895
2019,"Nestor Cortes","NYY",64.1,,,,,,,,,,,,,"Nestor Cortes",17874,641482
2019,"Nick Anderson","- - -",65,,,,,,,,,,,,,"Nick Anderson",18337,623433