Season,Name,Team,BABIP,GB/FB,LD%,GB%,FB%,IFFB%,HR/FB,RS,RS/9,Balls,Strikes,Pitches,Pull%,Cent%,Oppo%,Soft%,Med%,Hard%,NameASCII,PlayerId,MLBAMID
2016,"Zack Britton","BAL",0.22981366459627328,9.142857142,0.1125,0.8,0.0875,0,0.071428571,5,0.6716418675256834,376,651,1027,0.41975309,0.40123457,0.17901235,0.30864198,0.54320988,0.14814815,"Zack Britton",3240,502154
2021,"Jonathan Loáisiga","NYY",0.2760416666666667,2.6,0.15625,0.609375,0.234375,0.222222222,0.066666666,41,5.221698864875486,348,737,1085,0.38461538,0.34871795,0.26666667,0.25128205,0.56410256,0.18461538,"Jonathan Loaisiga",19753,642528
2022,"Emmanuel Clase","CLE",0.2222222222222222,3.194444444,0.161111111,0.638888888,0.2,0.083333333,0.083333333,13,1.6100917994680073,230,691,921,0.31693989,0.44808743,0.23497268,0.15846995,0.64480874,0.19672131,"Emmanuel Clase",21032,661403
2016,"Jonathan Broxton","STL",0.26785714285714285,1.708333333,0.239766081,0.479532163,0.280701754,0.083333333,0.145833333,39,5.7857163472684485,363,639,1002,0.28571429,0.38857143,0.32571429,0.23428571,0.56571429,0.2,"Jonathan Broxton",4759,455009
2016,"Jeurys Familia","NYM",0.30392156862745096,3.315789473,0.175879396,0.633165829,0.190954773,0.078947368,0.026315789,3,0.34763946221220077,439,823,1262,0.33658537,0.3804878,0.28292683,0.31707317,0.48292683,0.2,"Jeurys Familia",5114,544727
2016,"Bryan Shaw","CLE",0.28402366863905326,1.958333333,0.188571428,0.537142857,0.274285714,0.083333333,0.166666666,31,4.185001596451414,438,720,1158,0.33333333,0.36723164,0.29943503,0.21468927,0.5819209,0.20338983,"Bryan Shaw",8110,543766
2026,"Tyler Rogers","TOR",0.2577777777777778,2.73076923,0.130044843,0.6367713,0.233183856,0.23076923,0.038461538,37,4.757143375630338,305,700,1005,0.25777778,0.39555556,0.34666667,0.26666667,0.52888889,0.20444444,"Tyler Rogers",15541,643511
2021,"Tyler Rogers","SFG",0.2782258064516129,2.215384615,0.164,0.576,0.26,0.123076923,0.076923076,42,4.666666666666667,339,790,1129,0.33992095,0.37944664,0.28063241,0.256917,0.53754941,0.2055336,"Tyler Rogers",15541,643511
2022,"Devin Williams","MIL",0.26605504587155965,1.78125,0.198198198,0.513513513,0.288288288,0.09375,0.0625,36,5.340659900357163,400,668,1068,0.5045045,0.31531532,0.18018018,0.21621622,0.57657658,0.20720721,"Devin Williams",15816,642207
2016,"Dan Otero","CLE",0.26,3.179487179,0.180904522,0.623115577,0.195979899,0.102564102,0.051282051,32,4.075472284780867,319,682,1001,0.37623762,0.4009901,0.22277228,0.21287129,0.57920792,0.20792079,"Dan Otero",7385,519096
2023,"Brent Suter","COL",0.30303030303030304,1.40625,0.206185567,0.463917525,0.329896907,0.140625,0.046875,48,6.512563313436331,410,674,1084,0.32835821,0.39303483,0.27860697,0.21890547,0.5721393,0.20895522,"Brent Suter",13942,608718
2025,"Caleb Ferguson","- - -",0.2751322751322751,1.784313725,0.240641711,0.486631016,0.272727272,0.078431372,0.039215686,38,5.234695354833071,370,672,1042,0.36649215,0.36125654,0.27225131,0.20418848,0.58638743,0.20942408,"Caleb Ferguson",19349,657571
2016,"Zach Duke","- - -",0.2967741935483871,2.5,0.176470588,0.588235294,0.235294117,0.222222222,0.055555555,23,3.393443896225687,392,622,1014,0.38216561,0.38216561,0.23566879,0.2866242,0.50318471,0.21019108,"Zach Duke",3840,435043
2025,"Tyler Rogers","- - -",0.2594142259414226,3.386363636,0.195833333,0.620833333,0.183333333,0.09090909,0.09090909,37,4.306034765969294,250,728,978,0.28512397,0.39669421,0.31818182,0.26033058,0.52892562,0.2107438,"Tyler Rogers",15541,643511
2016,"Matt Bowman","STL",0.2696078431372549,3.175,0.189320388,0.616504854,0.194174757,0.075,0.1,37,4.921183005825551,394,666,1060,0.45192308,0.33173077,0.21634615,0.24519231,0.54326923,0.21153846,"Matt Bowman",13528,621199
2017,"Sam Freeman","ATL",0.2777777777777778,2.232558139,0.152439024,0.585365853,0.262195121,0,0.069767441,33,4.950002832414341,350,600,950,0.35151515,0.39393939,0.25454545,0.19393939,0.59393939,0.21212121,"Sam Freeman",6832,518693
2022,"Jorge López","- - -",0.266304347826087,2.25,0.165775401,0.577540106,0.256684491,0.083333333,0.083333333,17,2.154929809025489,398,763,1161,0.36702128,0.38829787,0.24468085,0.17553191,0.61170213,0.21276596,"Jorge Lopez",14527,605347
2022,"Nick Nelson","PHI",0.32085561497326204,1,0.229946524,0.385026737,0.385026737,0.125,0.013888888,40,5.567011185008757,438,681,1119,0.37765957,0.34042553,0.28191489,0.15425532,0.63297872,0.21276596,"Nick Nelson",20153,656793
2021,"Edwin Díaz","NYM",0.3007518796992481,0.789473684,0.227272727,0.34090909,0.431818181,0.105263157,0.052631578,17,2.441489609402759,353,646,999,0.27941176,0.39705882,0.32352941,0.17647059,0.61029412,0.21323529,"Edwin Diaz",14710,621242
2023,"Tyler Rogers","SFG",0.2681818181818182,1.555555555,0.171171171,0.504504504,0.324324324,0.083333333,0.097222222,31,3.7702706589848964,348,777,1125,0.36888889,0.31111111,0.32,0.27555556,0.51111111,0.21333333,"Tyler Rogers",15541,643511
2021,"Clay Holmes","- - -",0.2727272727272727,3.84375,0.134078212,0.687150837,0.178770949,0.09375,0.15625,29,3.728572038144581,409,715,1124,0.39779006,0.33701657,0.26519337,0.28729282,0.49723757,0.21546961,"Clay Holmes",13649,605280
2022,"Jhoan Duran","MIN",0.2913907284768212,2.764705882,0.168831168,0.61038961,0.22077922,0.058823529,0.176470588,30,3.9901479332138563,314,709,1023,0.3566879,0.36305732,0.28025478,0.19745223,0.58598726,0.21656051,"Jhoan Duran",21029,661395
2022,"Tyler Rogers","SFG",0.2928870292887029,2.196721311,0.184100418,0.560669456,0.255230125,0.098360655,0.049180327,30,3.568282418041134,400,766,1166,0.31120332,0.37759336,0.31120332,0.26141079,0.5186722,0.21991701,"Tyler Rogers",15541,643511
2022,"Rafael Montero","HOU",0.2603550295857988,1.698113207,0.158823529,0.529411764,0.311764705,0.132075471,0.056603773,24,3.1609758450373837,398,695,1093,0.38953488,0.3372093,0.27325581,0.19767442,0.58139535,0.22093023,"Rafael Montero",12760,606160
2017,"Matt Albers","WSN",0.20279720279720279,1.681818181,0.186206896,0.510344827,0.303448275,0.159090909,0.136363636,35,5.163936363821698,359,607,966,0.38255034,0.32885906,0.2885906,0.30872483,0.46979866,0.22147651,"Matt Albers",4300,458006
2021,"Sergio Romo","OAK",0.281437125748503,0.846153846,0.181818181,0.375,0.443181818,0.128205128,0.115384615,24,3.502703280508222,391,652,1043,0.51704545,0.27272727,0.21022727,0.17045455,0.60795455,0.22159091,"Sergio Romo",9817,489265
2024,"Tanner Scott","- - -",0.24705882352941178,1.6875,0.203703703,0.5,0.296296296,0.145833333,0.0625,35,4.375000347693788,385,779,1164,0.36842105,0.32163743,0.30994152,0.21637427,0.56140351,0.22222222,"Tanner Scott",17586,656945
2024,"Emmanuel Clase","CLE",0.19473684210526315,2.369565217,0.184210526,0.57368421,0.242105263,0.04347826,0.04347826,9,1.0896860613737898,282,702,984,0.34895833,0.39583333,0.25520833,0.171875,0.60416667,0.22395833,"Emmanuel Clase",21032,661403
2016,"Mike Montgomery","- - -",0.2784090909090909,3.322580645,0.234285714,0.588571428,0.177142857,0.129032258,0.064516129,31,4.336787779061302,385,590,975,0.4494382,0.34831461,0.20224719,0.20786517,0.56741573,0.2247191,"Mike Montgomery",4869,543557
2018,"Kyle Crick","PIT",0.267515923566879,1.145454545,0.253164556,0.398734177,0.348101265,0.181818181,0.054545454,16,2.38674113632662,377,671,1048,0.425,0.36875,0.20625,0.25,0.525,0.225,"Kyle Crick",13182,605195
2022,"Matt Moore","TEX",0.2569832402234637,1.112676056,0.166666666,0.438888888,0.394444444,0.154929577,0.042253521,43,5.229730268914534,433,815,1248,0.32967033,0.38461538,0.28571429,0.21978022,0.55494505,0.22527473,"Matt Moore",1890,519043
2017,"Tony Watson","- - -",0.3088235294117647,1.616666666,0.226600985,0.477832512,0.295566502,0.116666666,0.15,22,2.970000878048203,308,702,1010,0.342723,0.34741784,0.30985915,0.21126761,0.56338028,0.22535211,"Tony Watson",3132,453265
2025,"Adrian Morejon","SDP",0.23857868020304568,1.854545454,0.182291666,0.53125,0.286458333,0.127272727,0.036363636,53,6.475114686915982,314,686,1000,0.30653266,0.42713568,0.26633166,0.20603015,0.5678392,0.22613065,"Adrian Morejon",20039,670970
2017,"Chris Rusin","COL",0.2773109243697479,2.389830508,0.170124481,0.58506224,0.244813278,0.033898305,0.152542372,23,2.4352941176470586,416,786,1202,0.44534413,0.34817814,0.20647773,0.20647773,0.56680162,0.22672065,"Chris Rusin",9895,543734
2022,"Edwin Díaz","NYM",0.32978723404255317,1.40625,0.197916666,0.46875,0.333333333,0.09375,0.09375,10,1.451613081853692,285,643,928,0.37113402,0.31958763,0.30927835,0.2371134,0.53608247,0.22680412,"Edwin Diaz",14710,621242
2022,"Adam Ottavino","NYM",0.27631578947368424,1.64,0.164556962,0.518987341,0.316455696,0.12,0.12,30,4.111675763849677,377,680,1057,0.43670886,0.36075949,0.20253165,0.22151899,0.55063291,0.2278481,"Adam Ottavino",1247,493603
2022,"Penn Murfee","SEA",0.24390243902439024,0.707317073,0.176470588,0.34117647,0.482352941,0.085365853,0.085365853,30,4.009901747354516,302,667,969,0.32748538,0.32163743,0.35087719,0.16374269,0.60818713,0.22807018,"Penn Murfee",25174,682171
2022,"Wil Crowe","PIT",0.2830188679245283,1.611940298,0.193548387,0.497695852,0.30875576,0.074626865,0.104477611,34,4.1351355614673055,531,816,1347,0.48401826,0.31506849,0.20091324,0.15981735,0.61187215,0.2283105,"Wil Crowe",19800,640444
2016,"Joe Biagini","TOR",0.32038834951456313,1.981481481,0.214634146,0.521951219,0.263414634,0.111111111,0.055555555,34,4.522168677388487,395,722,1117,0.36363636,0.35406699,0.28229665,0.17703349,0.59330144,0.22966507,"Joe Biagini",13194,607352
2024,"Tyson Miller","- - -",0.20253164556962025,0.61728395,0.196319018,0.306748466,0.496932515,0.098765432,0.086419753,39,5.661291193391614,314,620,934,0.39393939,0.36969697,0.23636364,0.2,0.56969697,0.23030303,"Tyson Miller",19976,668338
2017,"Bryan Shaw","CLE",0.3113207547169811,2.531914893,0.220657276,0.558685446,0.220657276,0.14893617,0.106382978,50,5.8695671644018965,419,789,1208,0.30414747,0.38709677,0.30875576,0.28110599,0.48847926,0.23041475,"Bryan Shaw",8110,543766
2016,"Blake Treinen","WSN",0.2804878048780488,3.333333333,0.143712574,0.658682634,0.19760479,0,0.151515151,29,3.8955237188277922,389,613,1002,0.37278107,0.35502959,0.27218935,0.27810651,0.49112426,0.23076923,"Blake Treinen",12572,595014
2024,"Tyler Rogers","SFG",0.273972602739726,1.848484848,0.160714285,0.544642857,0.294642857,0.166666666,0.106060606,57,7.29383939002444,277,725,1002,0.35555556,0.33333333,0.31111111,0.24444444,0.52444444,0.23111111,"Tyler Rogers",15541,643511
2022,"Alexis Díaz","CIN",0.17829457364341086,0.555555555,0.151515151,0.303030303,0.545454545,0.055555555,0.069444444,20,2.8272255826182073,396,681,1077,0.35820896,0.3880597,0.25373134,0.17910448,0.58955224,0.23134328,"Alexis Diaz",21132,664747
2025,"Brad Keller","CHC",0.24404761904761904,1.92,0.14117647,0.564705882,0.294117647,0.14,0.08,27,3.5388354757120783,405,692,1097,0.41860465,0.35465116,0.22674419,0.19767442,0.56976744,0.23255814,"Brad Keller",15734,641745
2025,"Ben Casparius","LAD",0.29850746268656714,0.837209302,0.225490196,0.352941176,0.421568627,0.093023255,0.058139534,43,5.69117710912111,408,702,1110,0.36893204,0.32524272,0.30582524,0.18932039,0.5776699,0.23300971,"Ben Casparius",30085,676508
2021,"Adam Ottavino","BOS",0.31645569620253167,1.015873015,0.20625,0.4,0.39375,0.095238095,0.079365079,36,5.225807416203545,441,705,1146,0.37423313,0.36809816,0.25766871,0.20858896,0.55828221,0.23312883,"Adam Ottavino",1247,493603
2023,"Gregory Santos","CHW",0.33668341708542715,2.5,0.265,0.525,0.21,0.071428571,0.047619047,30,4.070352539053402,341,708,1049,0.37810945,0.32338308,0.29850746,0.14925373,0.61691542,0.23383085,"Gregory Santos",21894,666619
2025,"Jason Adam","SDP",0.27380952380952384,1,0.152941176,0.423529411,0.423529411,0.097222222,0.055555555,40,5.510204510607389,394,695,1089,0.4502924,0.39181287,0.15789474,0.16959064,0.59649123,0.23391813,"Jason Adam",11861,592094
2016,"Andrew Miller","- - -",0.2556390977443609,1.9,0.171428571,0.542857142,0.285714285,0.05,0.2,33,3.995515865938155,334,784,1118,0.46099291,0.30496454,0.23404255,0.19148936,0.57446809,0.23404255,"Andrew Miller",6785,453192
2016,"Mychal Givens","BAL",0.3136094674556213,0.897058823,0.25433526,0.352601156,0.393063583,0.102941176,0.088235294,38,4.5803591709364895,460,846,1306,0.42285714,0.25142857,0.32571429,0.26857143,0.49714286,0.23428571,"Mychal Givens",10430,571710
2024,"Raisel Iglesias","ATL",0.19883040935672514,1.117647058,0.157894736,0.444444444,0.397660818,0.073529411,0.058823529,17,2.2067309311155854,291,637,928,0.34857143,0.36571429,0.28571429,0.17142857,0.59428571,0.23428571,"Raisel Iglesias",17130,628452
2016,"Mark Melancon","- - -",0.25925925925925924,2.145833333,0.205263157,0.542105263,0.252631578,0.041666666,0.0625,3,0.3785047302476082,337,686,1023,0.40104167,0.34375,0.25520833,0.30208333,0.46354167,0.234375,"Mark Melancon",4264,453343
2017,"Cory Gearrin","SFG",0.26285714285714284,1.465517241,0.192090395,0.480225988,0.327683615,0.086206896,0.068965517,35,4.63235398064871,411,658,1069,0.34078212,0.40223464,0.25698324,0.24581006,0.51955307,0.23463687,"Cory Gearrin",7947,518715
2016,"Nick Vincent","SEA",0.2709677419354839,0.666666666,0.202453987,0.319018404,0.478527607,0.115384615,0.141025641,30,4.475138215863522,296,639,935,0.38554217,0.30722892,0.30722892,0.21084337,0.55421687,0.23493976,"Nick Vincent",7555,543883
2021,"Kenley Jansen","LAD",0.21333333333333335,0.835820895,0.185430463,0.370860927,0.443708609,0.179104477,0.059701492,16,2.0869567524958903,358,713,1071,0.35294118,0.34640523,0.30065359,0.25490196,0.50980392,0.23529412,"Kenley Jansen",3096,445276
2024,"Alex Vesia","LAD",0.1925925925925926,0.34090909,0.132352941,0.220588235,0.647058823,0.170454545,0.079545454,30,4.070352539053402,416,696,1112,0.32857143,0.37142857,0.3,0.22142857,0.54285714,0.23571429,"Alex Vesia",25007,681911
2021,"Jose Alvarez","SFG",0.2422680412371134,1.644067796,0.191709844,0.502590673,0.305699481,0.186440677,0.033898305,50,7.142858872878998,314,617,931,0.40512821,0.33846154,0.25641026,0.23589744,0.52820513,0.23589744,"Jose Alvarez",5358,501625
2017,"Nick Vincent","SEA",0.3010204081632653,0.652173913,0.208333333,0.3125,0.479166666,0.119565217,0.032608695,32,4.453610524322542,278,667,945,0.31155779,0.42211055,0.26633166,0.18592965,0.57788945,0.2361809,"Nick Vincent",7555,543883
2021,"Emmanuel Clase","CLE",0.2620320855614973,3.735294117,0.143617021,0.675531914,0.180851063,0.029411764,0.058823529,19,2.4545455441468724,335,722,1057,0.3968254,0.34391534,0.25925926,0.13756614,0.62433862,0.23809524,"Emmanuel Clase",21032,661403
2023,"Justin Topa","SEA",0.29533678756476683,2.291666666,0.18556701,0.567010309,0.24742268,0.104166666,0.083333333,25,3.260869925774829,333,713,1046,0.40101523,0.38071066,0.21827411,0.21827411,0.54314721,0.23857868,"Justin Topa",15145,623437
2025,"Ryan Walker","SFG",0.3181818181818182,1.851063829,0.238636363,0.494318181,0.267045454,0.063829787,0.085106382,16,2.347826427683312,361,658,1019,0.28333333,0.37222222,0.34444444,0.20555556,0.55555556,0.23888889,"Ryan Walker",20423,676254
2026,"Seranthony Domínguez","- - -",0.24666666666666667,1,0.157232704,0.421383647,0.421383647,0.179104477,0.134328358,23,3.3934431534818983,429,668,1097,0.40251572,0.33333333,0.26415094,0.20754717,0.55345912,0.23899371,"Seranthony Dominguez",19249,622554
2022,"Jason Adam","TBR",0.19402985074626866,1.105263157,0.130434782,0.456521739,0.413043478,0.175438596,0.087719298,28,3.978947927628276,309,633,942,0.41304348,0.36231884,0.22463768,0.19565217,0.56521739,0.23913043,"Jason Adam",11861,592094
2022,"Evan Phillips","LAD",0.22794117647058823,1.215686274,0.169117647,0.455882352,0.375,0.215686274,0.039215686,46,6.571429367238528,312,611,923,0.34057971,0.38405797,0.27536232,0.20289855,0.55797101,0.23913043,"Evan Phillips",17734,623465
2024,"Kirby Yates","TEX",0.16806722689075632,1.078431372,0.123966942,0.454545454,0.421487603,0.098039215,0.058823529,18,2.6270272978733473,367,661,1028,0.4214876,0.36363636,0.21487603,0.16528926,0.59504132,0.23966942,"Kirby Yates",9073,489446
2017,"Carl Edwards Jr.","CHC",0.19166666666666668,1.222222222,0.193548387,0.443548387,0.362903225,0.044444444,0.133333333,36,4.884421923290543,437,692,1129,0.384,0.352,0.264,0.24,0.52,0.24,"Carl Edwards Jr.",13607,605218
2016,"Tony Watson","PIT",0.23204419889502761,1.14084507,0.178378378,0.437837837,0.383783783,0.098591549,0.14084507,14,1.8620688255521407,352,693,1045,0.38219895,0.35078534,0.26701571,0.19895288,0.56020942,0.2408377,"Tony Watson",3132,453265
2017,"Raisel Iglesias","CIN",0.287292817679558,1.3,0.254054054,0.421621621,0.324324324,0.016666666,0.083333333,27,3.197367779105783,413,819,1232,0.40322581,0.31182796,0.28494624,0.15053763,0.60752688,0.24193548,"Raisel Iglesias",17130,628452
2022,"David Phelps","TOR",0.2916666666666667,0.892307692,0.259036144,0.34939759,0.391566265,0.107692307,0.03076923,25,3.5904263332993867,452,685,1137,0.28402367,0.41420118,0.30177515,0.14792899,0.60946746,0.24260355,"David Phelps",6316,475479
2022,"Yimi García","TOR",0.25766871165644173,0.858974358,0.142011834,0.396449704,0.461538461,0.166666666,0.076923076,23,3.393443259588134,372,667,1039,0.34911243,0.34319527,0.30769231,0.21301775,0.5443787,0.24260355,"Yimi Garcia",12095,554340
2021,"Blake Treinen","LAD",0.24404761904761904,1.75,0.173410404,0.52601156,0.300578034,0.153846153,0.096153846,55,6.843319175354422,384,711,1095,0.38728324,0.34682081,0.26589595,0.30635838,0.45086705,0.24277457,"Blake Treinen",12572,595014
2022,"Joe Mantiply","ARI",0.31736526946107785,2.275,0.229411764,0.535294117,0.235294117,0.075,0.15,42,6.300001602173259,247,614,861,0.4566474,0.31791908,0.22543353,0.16184971,0.59537572,0.24277457,"Joe Mantiply",14857,573009
2025,"Scott Barlow","CIN",0.24550898203592814,1.153846153,0.186046511,0.436046511,0.377906976,0.184615384,0.107692307,33,4.410891922089968,490,751,1241,0.47398844,0.35260116,0.1734104,0.21387283,0.5433526,0.24277457,"Scott Barlow",14993,605130
2024,"Bryan Hudson","MIL",0.14788732394366197,1.016666666,0.182432432,0.412162162,0.405405405,0.15,0.116666666,32,4.6203212326230325,310,619,929,0.32432432,0.39864865,0.27702703,0.20945946,0.5472973,0.24324324,"Bryan Hudson",19924,663542
2026,"Mason Miller","SDP",0.28703703703703703,1.162790697,0.154545454,0.454545454,0.39090909,0.116279069,0.069767441,17,2.2173915495268837,387,739,1126,0.42342342,0.25225225,0.32432432,0.18018018,0.57657658,0.24324324,"Mason Miller",31757,695243
2017,"Pat Neshek","- - -",0.28662420382165604,0.788732394,0.175324675,0.363636363,0.461038961,0.154929577,0.042253521,30,4.331552215919606,243,697,940,0.29375,0.3625,0.34375,0.19375,0.5625,0.24375,"Pat Neshek",4682,450212
2023,"Colin Poche","TBR",0.24358974358974358,0.697368421,0.173076923,0.339743589,0.487179487,0.171052631,0.052631578,35,5.192308562948804,334,593,927,0.43125,0.3375,0.23125,0.18125,0.575,0.24375,"Colin Poche",19403,621363
2017,"Andrew Miller","CLE",0.23333333333333334,1.093023255,0.243697478,0.394957983,0.361344537,0.093023255,0.069767441,48,6.893616881398609,313,674,987,0.33333333,0.25203252,0.41463415,0.26829268,0.48780488,0.24390244,"Andrew Miller",6785,453192
2017,"Luis García","PHI",0.2815533980582524,2.188679245,0.17961165,0.563106796,0.257281553,0.056603773,0.056603773,28,3.5327109101038623,374,623,997,0.32535885,0.36842105,0.3062201,0.23444976,0.5215311,0.24401914,"Luis Garcia",6984,472610
2021,"Lou Trivino III","OAK",0.265,1.469696969,0.193069306,0.480198019,0.326732673,0.106060606,0.075757575,27,3.298642989441607,445,732,1177,0.35784314,0.32352941,0.31862745,0.19607843,0.55882353,0.24509804,"Lou Trivino III",15043,642152
2016,"Fernando Rodney","- - -",0.30246913580246915,2.432432432,0.220858895,0.552147239,0.226993865,0.054054054,0.135135135,13,1.7908165705100079,460,689,1149,0.46107784,0.31137725,0.22754491,0.24550898,0.50898204,0.24550898,"Fernando Rodney",494,407845
2022,"Dylan Coleman","KCR",0.24705882352941178,1.074626865,0.201149425,0.413793103,0.385057471,0.089552238,0.074626865,26,3.4411768566778806,485,720,1205,0.33142857,0.34857143,0.32,0.21142857,0.54285714,0.24571429,"Dylan Coleman",22276,669395
2025,"Abner Uribe","MIL",0.27485380116959063,2.068181818,0.210526315,0.532163742,0.257309941,0.159090909,0.09090909,40,4.778761384593416,414,752,1166,0.42857143,0.38285714,0.18857143,0.20571429,0.54857143,0.24571429,"Abner Uribe",25327,682842
2023,"Griffin Jax","MIN",0.29775280898876405,1.886792452,0.15,0.555555555,0.294444444,0.132075471,0.094339622,39,5.372449397842205,338,710,1048,0.38797814,0.33879781,0.27322404,0.18579235,0.56830601,0.24590164,"Griffin Jax",20253,643377
2022,"Bryan Abreu","HOU",0.3359375,1.536585365,0.2,0.484615384,0.315384615,0.146341463,0.048780487,35,5.2209952453901325,386,633,1019,0.32307692,0.44615385,0.23076923,0.20769231,0.54615385,0.24615385,"Bryan Abreu",16609,650556
2025,"Graham Ashcraft","CIN",0.34196891191709844,2.560975609,0.223404255,0.558510638,0.218085106,0.073170731,0.048780487,44,6.061225669476581,354,685,1039,0.34358974,0.33846154,0.31794872,0.19487179,0.55897436,0.24615385,"Graham Ashcraft",27552,668933
2024,"Derek Law","WSN",0.2918287937743191,1.739726027,0.236641221,0.484732824,0.278625954,0.09589041,0.09589041,44,4.40000074598537,483,888,1371,0.41287879,0.375,0.21212121,0.13257576,0.62121212,0.24621212,"Derek Law",13133,571882
2023,"Sam Moll","- - -",0.275,1.62745098,0.167701863,0.51552795,0.316770186,0.117647058,0.039215686,24,3.5217404081605235,360,643,1003,0.33950617,0.34567901,0.31481481,0.15432099,0.59876543,0.24691358,"Sam Moll",14874,594580
2018,"Scott Alexander","LAD",0.29310344827586204,5.952380952,0.175141242,0.706214689,0.118644067,0.047619047,0.19047619,25,3.479382811628051,358,591,949,0.40449438,0.45505618,0.14044944,0.26966292,0.48314607,0.24719101,"Scott Alexander",10591,518397
2022,"Félix Bautista","BAL",0.23134328358208955,1.09090909,0.178571428,0.428571428,0.392857142,0.181818181,0.127272727,22,3.015228893489763,344,651,995,0.32624113,0.40425532,0.26950355,0.22695035,0.5248227,0.24822695,"Felix Bautista",20666,642585
2023,"Héctor Neris","HOU",0.21935483870967742,0.61728395,0.165605095,0.318471337,0.515923566,0.148148148,0.086419753,43,5.663415055691979,387,707,1094,0.47826087,0.31677019,0.20496894,0.21118012,0.54037267,0.2484472,"Hector Neris",11804,593576
2025,"Jhoan Duran","- - -",0.3021978021978022,3.305555555,0.153005464,0.650273224,0.196721311,0.083333333,0.083333333,19,2.4428572094197194,364,709,1073,0.35675676,0.39459459,0.24864865,0.2,0.55135135,0.24864865,"Jhoan Duran",21029,661395
2016,"Blaine Boyer","MIL",0.3247863247863248,1.69117647,0.221276595,0.489361702,0.289361702,0.102941176,0.058823529,30,4.09091003670202,345,707,1052,0.30801688,0.37974684,0.31223629,0.19409283,0.55696203,0.24894515,"Blaine Boyer",2237,430641
2017,"David Robertson","- - -",0.21641791044776118,1.274509803,0.159420289,0.471014492,0.369565217,0.058823529,0.117647058,24,3.1609756685764157,365,667,1032,0.47857143,0.33571429,0.18571429,0.18571429,0.56428571,0.25,"David Robertson",8241,502085
2017,"Scott Alexander","KCR",0.30569948186528495,6.857142857,0.153846153,0.738461538,0.107692307,0,0.142857142,51,6.652176119655483,390,669,1059,0.44897959,0.35714286,0.19387755,0.26530612,0.48469388,0.25,"Scott Alexander",10591,518397
2021,"Tyler Matzek","ATL",0.25517241379310346,1.117647058,0.239436619,0.40140845,0.359154929,0.117647058,0.058823529,31,4.428571964878139,411,654,1065,0.31081081,0.35135135,0.33783784,0.17567568,0.57432432,0.25,"Tyler Matzek",10058,554431
2022,"Phil Maton","HOU",0.2891566265060241,1.015384615,0.242774566,0.38150289,0.375722543,0.123076923,0.153846153,29,3.9746199050546878,383,706,1089,0.42613636,0.35227273,0.22159091,0.20454545,0.54545455,0.25,"Phil Maton",18064,664208
2024,"Orion Kerkering","PHI",0.32,2.105263157,0.208053691,0.536912751,0.255033557,0.052631578,0.052631578,35,5.16393507209341,369,694,1063,0.40131579,0.35526316,0.24342105,0.13157895,0.61842105,0.25,"Orion Kerkering",31776,689147
2017,"Alex Claudio","TEX",0.27586206896551724,4.105263157,0.16017316,0.675324675,0.164502164,0.131578947,0.078947368,28,3.203390555421664,335,732,1067,0.44680851,0.35319149,0.2,0.25957447,0.4893617,0.25106383,"Alex Claudio",12890,592222
2016,"Ryan Madson","OAK",0.2916666666666667,1.5,0.226804123,0.463917525,0.30927835,0.1,0.116666666,21,2.922680872129597,363,639,1002,0.38693467,0.32663317,0.28643216,0.2361809,0.51256281,0.25125628,"Ryan Madson",1852,425492
2023,"Nick Martinez","SDP",0.3351063829787234,2.04,0.195767195,0.539682539,0.264550264,0.1,0.16,44,5.852216968713656,378,714,1092,0.40512821,0.38461538,0.21025641,0.23076923,0.51794872,0.25128205,"Nick Martinez",12730,607259
2023,"Joel Payamps","MIL",0.2722222222222222,1.214285714,0.162162162,0.459459459,0.378378378,0.157142857,0.114285714,27,3.438679740283857,418,704,1122,0.36363636,0.36363636,0.27272727,0.19786096,0.55080214,0.2513369,"Joel Payamps",14332,606303
2026,"Bradgley Rodriguez","SDP",0.281767955801105,1.3,0.125,0.494565217,0.380434782,0.085714285,0.085714285,34,4.500001009773032,357,744,1101,0.45454545,0.3315508,0.21390374,0.17647059,0.57219251,0.2513369,"Bradgley Rodriguez",29107,699134
2017,"Dan Jennings","- - -",0.2556818181818182,2.815789473,0.189944134,0.597765363,0.212290502,0.157894736,0.210526315,28,4.021278227655219,396,644,1040,0.36065574,0.38251366,0.2568306,0.28961749,0.45901639,0.25136612,"Dan Jennings",8073,543359
2021,"Dylan Floro","MIA",0.281767955801105,1.607142857,0.202185792,0.491803278,0.306010928,0.089285714,0.035714285,26,3.6562502179294953,372,704,1076,0.39344262,0.33333333,0.27322404,0.18032787,0.56830601,0.25136612,"Dylan Floro",13394,571670
2019,"Aaron Bummer","CHW",0.22807017543859648,4.275862068,0.110465116,0.720930232,0.168604651,0,0.137931034,35,4.655173113618765,381,658,1039,0.42285714,0.32,0.25714286,0.22857143,0.52,0.25142857,"Aaron Bummer",16258,607481
2025,"Steven Okert","HOU",0.2360248447204969,0.40860215,0.196319018,0.233128834,0.570552147,0.161290322,0.064516129,28,3.6000007847378943,346,681,1027,0.35928144,0.37125749,0.26946108,0.19161677,0.55688623,0.25149701,"Steven Okert",13580,595345
2022,"Trevor Stephan","CLE",0.3375,1.452830188,0.1875,0.48125,0.33125,0.075471698,0.056603773,28,3.95811581566549,356,676,1032,0.38650307,0.32515337,0.28834356,0.12269939,0.62576687,0.25153374,"Trevor Stephan",19932,663986
2022,"A.J. Minter","ATL",0.2857142857142857,0.857142857,0.166666666,0.384615384,0.448717948,0.1,0.071428571,29,3.728571834953508,368,743,1111,0.35220126,0.34591195,0.30188679,0.16352201,0.58490566,0.25157233,"A.J. Minter",18655,621345
2024,"Lucas Erceg","- - -",0.2948717948717949,1.510204081,0.226415094,0.465408805,0.3081761,0.081632653,0.061224489,28,4.086487160592926,331,616,947,0.32075472,0.33962264,0.33962264,0.22641509,0.52201258,0.25157233,"Lucas Erceg",19360,668674
2024,"Tim Herrin","CLE",0.2356687898089172,1.509803921,0.174193548,0.496774193,0.329032258,0.078431372,0.039215686,30,4.111676241559399,345,666,1011,0.39622642,0.44654088,0.1572327,0.20754717,0.5408805,0.25157233,"Tim Herrin",25139,682120
2016,"David Phelps","MIA",0.2949640287769784,1.244897959,0.214285714,0.435714285,0.35,0.102040816,0.081632653,30,4.331551155584093,413,665,1078,0.32167832,0.41958042,0.25874126,0.18181818,0.56643357,0.25174825,"David Phelps",6316,475479
2024,"Ryan Yarbrough","- - -",0.21223021582733814,1.064814814,0.209219858,0.407801418,0.382978723,0.148148148,0.101851851,37,3.3750002827193524,534,981,1515,0.40138408,0.34948097,0.24913495,0.17647059,0.57093426,0.25259516,"Ryan Yarbrough",16502,642232
2016,"Dan Jennings","CHW",0.30939226519337015,2.425,0.238888888,0.538888888,0.222222222,0.175,0.025,41,6.0824186023114555,406,621,1027,0.4010989,0.34065934,0.25824176,0.29120879,0.45604396,0.25274725,"Dan Jennings",8073,543359
2024,"Austin Voth","SEA",0.2356687898089172,0.814285714,0.225609756,0.347560975,0.426829268,0.1,0.128571428,18,2.6557380370766106,357,619,976,0.5060241,0.25903614,0.23493976,0.19879518,0.54819277,0.25301205,"Austin Voth",15047,608723
2018,"Adam Ottavino","COL",0.24,1.120689655,0.185430463,0.430463576,0.38410596,0.103448275,0.086206896,32,3.708155356381379,470,802,1272,0.38311688,0.2987013,0.31818182,0.2012987,0.54545455,0.25324675,"Adam Ottavino",1247,493603
2021,"Jordan Romano","TOR",0.2518518518518518,1.178571428,0.134751773,0.468085106,0.39716312,0.107142857,0.125,25,3.571428787681264,360,671,1031,0.3943662,0.35915493,0.24647887,0.18309859,0.56338028,0.25352113,"Jordan Romano",16122,605447
2025,"Andrés Muñoz","SEA",0.24817518248175183,1.666666666,0.176470588,0.514705882,0.308823529,0.071428571,0.047619047,10,1.443850296833432,368,667,1035,0.36231884,0.36956522,0.26811594,0.16666667,0.57971014,0.25362319,"Andres Munoz",20373,662253
2022,"Camilo Doval","SFG",0.2958579881656805,2.552631578,0.215116279,0.563953488,0.220930232,0.105263157,0.105263157,21,2.7931038681712588,417,704,1121,0.40462428,0.35260116,0.24277457,0.24277457,0.50289017,0.25433526,"Camilo Doval",21992,666808
2018,"Dan Winkler","ATL",0.310126582278481,1.051724137,0.25625,0.38125,0.3625,0.068965517,0.051724137,45,6.7127077482198425,378,656,1034,0.27329193,0.46583851,0.26086957,0.14285714,0.60248447,0.25465839,"Dan Winkler",12237,595465
2022,"Andrés Muñoz","SEA",0.296875,1.59090909,0.142857142,0.526315789,0.330827067,0.045454545,0.113636363,23,3.184615758410616,322,702,1024,0.34586466,0.35338346,0.30075188,0.21804511,0.52631579,0.2556391,"Andres Munoz",20373,662253
2023,"Jordan Hicks","- - -",0.3231707317073171,2.648648648,0.196428571,0.583333333,0.220238095,0.054054054,0.108108108,28,3.8375639347941126,432,688,1120,0.36904762,0.4047619,0.22619048,0.2202381,0.52380952,0.25595238,"Jordan Hicks",19618,663855
2023,"Eli Morgan","CLE",0.3368421052631579,1.169014084,0.222222222,0.419191919,0.358585858,0.084507042,0.126760563,37,4.945544928034787,407,793,1200,0.39698492,0.36180905,0.24120603,0.19095477,0.55276382,0.25628141,"Eli Morgan",20203,669212
2017,"Brandon Kintzler","- - -",0.27111111111111114,2.066666666,0.185840707,0.548672566,0.265486725,0.15,0.083333333,18,2.2710285029336053,395,715,1110,0.37826087,0.37826087,0.24347826,0.19130435,0.55217391,0.25652174,"Brandon Kintzler",9939,445213
2025,"Brandon Eisert","CHW",0.3388888888888889,0.973333333,0.216931216,0.386243386,0.396825396,0.066666666,0.146666666,20,2.7000007209779757,460,716,1176,0.38743455,0.39790576,0.21465969,0.16230366,0.58115183,0.2565445,"Brandon Eisert",27668,685126
2024,"Hoby Milner","MIL",0.3107344632768362,1.784313725,0.193181818,0.517045454,0.289772727,0.078431372,0.117647058,31,4.452128924304981,358,659,1017,0.41530055,0.31147541,0.27322404,0.21857923,0.52459016,0.2568306,"Hoby Milner",13346,571948
2024,"Justin Martinez","ARI",0.3220338983050847,3.322580645,0.234285714,0.588571428,0.177142857,0,0.064516129,37,4.582569448848262,435,743,1178,0.32960894,0.37430168,0.29608939,0.21787709,0.52513966,0.25698324,"Justin Martinez",24453,679885
2026,"David Bednar","NYY",0.26857142857142857,1.607142857,0.170454545,0.511363636,0.318181818,0.107142857,0.071428571,26,3.424390498790499,365,761,1126,0.53072626,0.31284916,0.15642458,0.17877095,0.56424581,0.25698324,"David Bednar",19569,670280
2022,"Hoby Milner","MIL",0.30939226519337015,1.679245283,0.219780219,0.489010989,0.291208791,0.056603773,0.094339622,26,3.6185576971743822,404,684,1088,0.37634409,0.35483871,0.2688172,0.22043011,0.52150538,0.25806452,"Hoby Milner",13346,571948
2016,"Tony Cingrani","CIN",0.2768361581920904,1.23880597,0.15730337,0.466292134,0.376404494,0.104477611,0.074626865,10,1.4285715150725056,434,661,1095,0.39010989,0.33516484,0.27472527,0.16483516,0.57692308,0.25824176,"Tony Cingrani",12555,571561
2025,"Jakob Junis","CLE",0.3072916666666667,1.04,0.203125,0.40625,0.390625,0.093333333,0.066666666,30,4.050000617981051,361,671,1032,0.46700508,0.32994924,0.20304569,0.18781726,0.55329949,0.25888325,"Jakob Junis",13619,596001
2017,"Kenley Jansen","LAD",0.28888888888888886,0.946428571,0.210144927,0.384057971,0.405797101,0.232142857,0.089285714,26,3.4243920281196556,267,745,1012,0.34532374,0.38129496,0.27338129,0.31654676,0.42446043,0.25899281,"Kenley Jansen",3096,445276
2021,"Junior Guerra","LAA",0.31016042780748665,1.467741935,0.207253886,0.47150259,0.321243523,0.096774193,0.096774193,39,5.455959627607993,489,707,1196,0.46632124,0.31088083,0.22279793,0.21761658,0.52331606,0.25906736,"Junior Guerra",5702,448855
2018,"Joakim Soria","- - -",0.310126582278481,0.861538461,0.229299363,0.356687898,0.414012738,0.184615384,0.061538461,17,2.521978524151393,356,693,1049,0.37037037,0.35185185,0.27777778,0.27777778,0.46296296,0.25925926,"Joakim Soria",6941,465657
2023,"Adam Ottavino","NYM",0.25161290322580643,1.875,0.1375,0.5625,0.3,0.0625,0.145833333,17,2.4810813368803837,386,642,1028,0.42592593,0.33950617,0.2345679,0.13580247,0.60493827,0.25925926,"Adam Ottavino",1247,493603
2021,"Dillon Tate","BAL",0.26865671641791045,2.365384615,0.150485436,0.597087378,0.252427184,0.076923076,0.134615384,23,3.0591141052922115,369,673,1042,0.41346154,0.36538462,0.22115385,0.23557692,0.50480769,0.25961538,"Dillon Tate",17796,622253
2021,"Codi Heuer","- - -",0.3005181347150259,1.25,0.215384615,0.435897435,0.348717948,0.132352941,0.102941176,41,5.480199054717839,363,686,1049,0.42,0.31,0.27,0.165,0.575,0.26,"Codi Heuer",23293,676051
2017,"Ken Giles","HOU",0.2898550724637681,1.148148148,0.177304964,0.439716312,0.382978723,0.055555555,0.074074074,11,1.579787298153301,314,638,952,0.38028169,0.31690141,0.3028169,0.24647887,0.49295775,0.26056338,"Ken Giles",12910,571704
2022,"Clay Holmes","NYY",0.2621951219512195,6.25,0.121212121,0.757575757,0.121212121,0.1,0.1,19,2.685864303487297,352,629,981,0.40606061,0.41212121,0.18181818,0.16969697,0.56969697,0.26060606,"Clay Holmes",13649,605280
2022,"Domingo Acevedo","OAK",0.22905027932960895,1.02739726,0.195652173,0.407608695,0.39673913,0.109589041,0.123287671,23,3.0591137603780454,333,672,1005,0.46276596,0.27659574,0.2606383,0.19680851,0.54255319,0.2606383,"Domingo Acevedo",17092,642758
2023,"Andre Pallante","STL",0.3181818181818182,7.608695652,0.12,0.777777777,0.102222222,0,0.260869565,35,4.63235398064871,450,690,1140,0.36725664,0.42035398,0.21238938,0.19911504,0.53982301,0.26106195,"Andre Pallante",26108,669467
2021,"Mark Melancon","SDP",0.2840909090909091,3.06060606,0.251396648,0.56424581,0.184357541,0.06060606,0.121212121,15,2.0876289480790975,377,676,1053,0.39444444,0.39444444,0.21111111,0.23333333,0.50555556,0.26111111,"Mark Melancon",4264,453343
2017,"Richard Bleier","BAL",0.25925925925925924,3.488372093,0.114678899,0.688073394,0.197247706,0.046511627,0.139534883,35,4.9736846099600225,285,629,914,0.38738739,0.3963964,0.21621622,0.22972973,0.50900901,0.26126126,"Richard Bleier",7803,542947
2022,"Adam Cimber","TOR",0.28846153846153844,1.208333333,0.235576923,0.41826923,0.346153846,0.166666666,0.083333333,36,4.584906815379438,327,717,1044,0.28504673,0.43925234,0.27570093,0.1728972,0.56542056,0.26168224,"Adam Cimber",15288,643256
2022,"David Robertson","- - -",0.23741007194244604,1.155172413,0.131944444,0.465277777,0.402777777,0.103448275,0.103448275,25,3.534031554777597,388,672,1060,0.36551724,0.33793103,0.29655172,0.13793103,0.6,0.26206897,"David Robertson",8241,502085
2023,"Michael King","NYY",0.2848101265822785,1.388888888,0.203703703,0.462962962,0.333333333,0.055555555,0.111111111,26,3.6373064184053288,379,646,1025,0.4695122,0.33536585,0.19512195,0.19512195,0.54268293,0.26219512,"Michael King",19853,650633
2023,"Lucas Sims","CIN",0.21212121212121213,0.37804878,0.156716417,0.231343283,0.611940298,0.146341463,0.060975609,36,5.311476738470543,417,641,1058,0.37226277,0.35766423,0.27007299,0.23357664,0.50364964,0.26277372,"Lucas Sims",13470,608371
2025,"Phil Maton","- - -",0.291044776119403,1.395348837,0.237037037,0.444444444,0.318518518,0.093023255,0.069767441,27,3.9619572199248516,354,655,1009,0.40875912,0.29927007,0.2919708,0.18978102,0.54744526,0.26277372,"Phil Maton",18064,664208
2023,"Tanner Scott","MIA",0.29069767441860467,1.872340425,0.219653179,0.50867052,0.2716763,0.042553191,0.063829787,39,4.50000044015742,381,827,1208,0.38285714,0.32571429,0.29142857,0.2,0.53714286,0.26285714,"Tanner Scott",17586,656945
2024,"Tanner Banks","- - -",0.30851063829787234,1.492307692,0.160621761,0.502590673,0.336787564,0.107692307,0.092307692,26,3.4077674004728467,397,714,1111,0.34536082,0.38659794,0.26804124,0.1443299,0.59278351,0.2628866,"Tanner Banks",16990,621383
2022,"Kendall Graveman","CHW",0.32432432432432434,2.266666666,0.222222222,0.539682539,0.238095238,0.066666666,0.111111111,21,2.907692648983606,374,661,1035,0.44736842,0.34210526,0.21052632,0.15789474,0.57894737,0.26315789,"Kendall Graveman",15514,608665
2018,"Mychal Givens","BAL",0.2835820895522388,0.925,0.24137931,0.364532019,0.394088669,0.15,0.05,28,3.286956957869416,424,823,1247,0.35121951,0.31707317,0.33170732,0.18536585,0.55121951,0.26341463,"Mychal Givens",10430,571710
2024,"Jared Shuster","CHW",0.28865979381443296,0.795454545,0.21,0.35,0.44,0.079545454,0.079545454,13,1.8281252179295084,467,675,1142,0.39800995,0.31840796,0.28358209,0.12437811,0.6119403,0.26368159,"Jared Shuster",27472,694363
2022,"Anthony Bass","- - -",0.2556818181818182,1.086956521,0.208791208,0.412087912,0.379120879,0.115942028,0.086956521,29,3.7109011448324383,333,653,986,0.4010989,0.35714286,0.24175824,0.20879121,0.52747253,0.26373626,"Anthony Bass",7982,542914
2016,"JC Ramírez","- - -",0.27310924369747897,1.928571428,0.166666666,0.548780487,0.284552845,0.085714285,0.171428571,29,3.317797039199705,431,811,1242,0.408,0.36,0.232,0.212,0.524,0.264,"JC Ramirez",8302,500724
2025,"Robert Garcia","TEX",0.29411764705882354,1.045454545,0.228571428,0.394285714,0.377142857,0.03030303,0.121212121,9,1.2656253017485861,306,667,973,0.46067416,0.30337079,0.23595506,0.12921348,0.60674157,0.26404494,"Robert Garcia",23363,676395
2017,"Miguel Castro","BAL",0.21505376344086022,1.453125,0.17368421,0.489473684,0.336842105,0.0625,0.109375,37,5.285715565930458,370,604,974,0.48704663,0.35233161,0.16062176,0.24352332,0.49222798,0.2642487,"Miguel Castro",15684,612434
2023,"Kendall Graveman","- - -",0.25301204819277107,0.985294117,0.219653179,0.387283236,0.393063583,0.132352941,0.132352941,32,4.341709000465729,447,669,1116,0.36206897,0.32183908,0.31609195,0.14942529,0.5862069,0.26436782,"Kendall Graveman",15514,608665
2025,"Yariel Rodríguez","TOR",0.22527472527472528,0.986666666,0.198924731,0.397849462,0.403225806,0.133333333,0.093333333,33,4.125000874201642,462,669,1131,0.33862434,0.38095238,0.28042328,0.21164021,0.52380952,0.26455026,"Yariel Rodriguez",33838,684320
2017,"Kyle Barraclough","MIA",0.2909090909090909,1.267857142,0.23030303,0.43030303,0.339393939,0.089285714,0.089285714,36,4.909091476566601,473,686,1159,0.45294118,0.27058824,0.27647059,0.16470588,0.57058824,0.26470588,"Kyle Barraclough",13713,607457
2022,"Kenley Jansen","ATL",0.25874125874125875,0.543209876,0.149659863,0.299319727,0.551020408,0.12345679,0.098765432,14,1.9687501173466515,312,694,1006,0.42384106,0.29139073,0.28476821,0.20529801,0.52980132,0.26490066,"Kenley Jansen",3096,445276
2022,"Jason Foley","DET",0.35353535353535354,2.26,0.176767676,0.57070707,0.252525252,0.04,0.04,21,3.1325971472340797,316,645,961,0.34,0.365,0.295,0.125,0.61,0.265,"Jason Foley",19531,671345
2023,"Phil Maton","HOU",0.26875,1.044776119,0.159509202,0.429447852,0.411042944,0.059701492,0.089552238,47,6.409091649961951,368,673,1041,0.40963855,0.35542169,0.23493976,0.20481928,0.53012048,0.26506024,"Phil Maton",18064,664208
2024,"Brent Suter","CIN",0.27419354838709675,0.987341772,0.190721649,0.402061855,0.407216494,0.050632911,0.126582278,16,2.273684393124582,340,644,984,0.3622449,0.33673469,0.30102041,0.17857143,0.55612245,0.26530612,"Brent Suter",13942,608718
2025,"Shawn Armstrong","TEX",0.2023121387283237,0.802469135,0.175141242,0.367231638,0.457627118,0.049382716,0.049382716,44,5.657144090302405,358,703,1061,0.3220339,0.38418079,0.29378531,0.16384181,0.57062147,0.26553672,"Shawn Armstrong",12857,542888
2017,"Felipe Vázquez","PIT",0.23369565217391305,1.867924528,0.187165775,0.529411764,0.283422459,0.132075471,0.075471698,31,3.7035404481365317,378,789,1167,0.34042553,0.40957447,0.25,0.22340426,0.5106383,0.26595745,"Felipe Vazquez",12076,553878
2017,"Matt Belisle","MIN",0.25308641975308643,1.0625,0.209580838,0.407185628,0.383233532,0.15625,0.109375,9,1.3425418042987687,294,643,937,0.34911243,0.37869822,0.27218935,0.23076923,0.50295858,0.26627219,"Matt Belisle",1837,279571
2017,"Ross Stripling","LAD",0.30158730158730157,1.714285714,0.22051282,0.492307692,0.287179487,0.071428571,0.178571428,28,3.6346164511508796,389,718,1107,0.30150754,0.37688442,0.32160804,0.20100503,0.53266332,0.26633166,"Ross Stripling",13273,548389
2016,"Erasmo Ramírez","TBR",0.28515625,1.674698795,0.155893536,0.52851711,0.315589353,0.144578313,0.168674698,35,3.7058833508345708,454,838,1292,0.44814815,0.35925926,0.19259259,0.1962963,0.53703704,0.26666667,"Erasmo Ramirez",10314,541640
2024,"Taylor Rogers","SFG",0.2987012987012987,1.254237288,0.16875,0.4625,0.36875,0.118644067,0.118644067,20,3.000000572204699,383,699,1082,0.38509317,0.39751553,0.2173913,0.22360248,0.50931677,0.26708075,"Taylor Rogers",13449,573124
2016,"Hunter Strickland","SFG",0.27380952380952384,1.56862745,0.224852071,0.473372781,0.301775147,0.058823529,0.078431372,23,3.393443259588134,364,655,1019,0.36046512,0.39534884,0.24418605,0.20348837,0.52906977,0.26744186,"Hunter Strickland",7836,519326
2017,"Michael Lorenzen","CIN",0.2948717948717949,2.166666666,0.201680672,0.546218487,0.25210084,0.083333333,0.15,41,4.445783949846741,519,847,1366,0.36625514,0.37037037,0.26337449,0.22633745,0.50617284,0.26748971,"Michael Lorenzen",14843,547179
2022,"Chase De Jong","PIT",0.2222222222222222,0.673469387,0.16751269,0.33502538,0.497461928,0.142857142,0.102040816,29,3.641860982050126,454,720,1174,0.41919192,0.35353535,0.22727273,0.2020202,0.53030303,0.26767677,"Chase De Jong",15036,608328
2025,"Luke Weaver","NYY",0.22641509433962265,0.489361702,0.161676646,0.275449101,0.562874251,0.053191489,0.106382978,34,4.731959507257443,361,688,1049,0.35714286,0.32142857,0.32142857,0.125,0.60714286,0.26785714,"Luke Weaver",16918,596133
2022,"Brent Suter","MIL",0.2648648648648649,1.246376811,0.188481675,0.45026178,0.361256544,0.057971014,0.130434782,45,6.075000926971577,399,671,1070,0.41237113,0.36082474,0.22680412,0.21649485,0.51546392,0.26804124,"Brent Suter",13942,608718
2025,"Matt Strahm","PHI",0.2641509433962264,0.358695652,0.198717948,0.211538461,0.589743589,0.141304347,0.054347826,22,3.1764708474283347,316,678,994,0.39634146,0.32926829,0.27439024,0.18292683,0.54878049,0.26829268,"Matt Strahm",13799,621381
2016,"Jim Johnson","ATL",0.313953488372093,2.41025641,0.222222222,0.549707602,0.228070175,0.025641025,0.076923076,15,2.087629440677528,386,668,1054,0.34857143,0.42857143,0.22285714,0.22285714,0.50857143,0.26857143,"Jim Johnson",3656,462382
2016,"Ryan Dull","OAK",0.2094240837696335,0.647058823,0.155778894,0.331658291,0.512562814,0.166666666,0.098039215,24,2.905830988234236,441,776,1217,0.3880597,0.3880597,0.2238806,0.1840796,0.54726368,0.26865672,"Ryan Dull",13974,623430
2018,"Tommy Hunter","PHI",0.30256410256410254,1.677419354,0.17,0.52,0.31,0.080645161,0.096774193,33,4.640626659617421,302,656,958,0.42288557,0.37313433,0.2039801,0.17910448,0.55223881,0.26865672,"Tommy Hunter",1157,488984
2026,"Andrew Morris","MIN",0.30808080808080807,1.236111111,0.195,0.445,0.36,0.069444444,0.055555555,30,3.932039417457865,413,785,1198,0.35820896,0.3880597,0.25373134,0.1840796,0.54726368,0.26865672,"Andrew Morris",31891,702193
2026,"Ryan Zeferjahn","- - -",0.2727272727272727,1.245614035,0.194968553,0.44654088,0.358490566,0.140350877,0.122807017,13,1.6794261285252223,514,765,1279,0.34375,0.425,0.23125,0.16875,0.5625,0.26875,"Ryan Zeferjahn",25420,666171
2016,"Kelvin Herrera","KCR",0.2897727272727273,1.333333333,0.226519337,0.44198895,0.331491712,0.083333333,0.1,39,4.8750005165736425,357,734,1091,0.38461538,0.32967033,0.28571429,0.14835165,0.58241758,0.26923077,"Kelvin Herrera",6033,516969
2024,"Tyler Holton","DET",0.19306930693069307,1.272727272,0.150485436,0.475728155,0.373786407,0.103896103,0.077922077,40,4.655173179227431,368,718,1086,0.35096154,0.44230769,0.20673077,0.16346154,0.56730769,0.26923077,"Tyler Holton",26231,663947
2017,"Carlos Torres","MIL",0.3090909090909091,1.342105263,0.201793721,0.457399103,0.340807174,0.039473684,0.131578947,26,3.2201835989360146,461,787,1248,0.35652174,0.40869565,0.23478261,0.20869565,0.52173913,0.26956522,"Carlos Torres",7624,448614
2019,"Steve Cishek","CHC",0.24550898203592814,1.457627118,0.156976744,0.5,0.343023255,0.101694915,0.118644067,34,4.781251709908859,424,685,1109,0.37356322,0.39655172,0.22988506,0.25287356,0.47701149,0.27011494,"Steve Cishek",6483,518553
2022,"Daniel Bard","COL",0.2206896551724138,1.727272727,0.183673469,0.517006802,0.299319727,0.181818181,0.068181818,17,2.5359116556559957,341,612,953,0.30405405,0.44594595,0.25,0.19594595,0.53378378,0.27027027,"Daniel Bard",7115,453268
2016,"David Robertson","CHW",0.30718954248366015,1.129032258,0.142857142,0.454545454,0.402597402,0.096774193,0.096774193,9,1.2994655852507038,393,657,1050,0.44654088,0.3081761,0.24528302,0.16352201,0.56603774,0.27044025,"David Robertson",8241,502085
2017,"Tyler Clippard","- - -",0.2483221476510067,0.641025641,0.168831168,0.324675324,0.506493506,0.102564102,0.128205128,24,3.580111195180241,410,703,1113,0.41509434,0.35220126,0.2327044,0.16981132,0.55974843,0.27044025,"Tyler Clippard",5640,461325
2016,"Chris Devenski","HOU",0.25980392156862747,0.843373493,0.253658536,0.341463414,0.404878048,0.156626506,0.036144578,29,3.1195228605605836,363,789,1152,0.41062802,0.34782609,0.24154589,0.2173913,0.51207729,0.2705314,"Chris Devenski",12763,606965
2021,"Andrew Kittredge","TBR",0.27710843373493976,2,0.178571428,0.547619047,0.273809523,0.086956521,0.086956521,30,4.132653865552214,260,635,895,0.45882353,0.30588235,0.23529412,0.16470588,0.56470588,0.27058824,"Andrew Kittredge",12828,552640
2016,"Dustin McGowan","MIA",0.2413793103448276,1.921568627,0.172222222,0.544444444,0.283333333,0.098039215,0.137254901,23,3.089552590618144,435,645,1080,0.47513812,0.32044199,0.20441989,0.22099448,0.50828729,0.27071823,"Dustin McGowan",8600,430661
2023,"Scott Barlow","- - -",0.3220338983050847,1.333333333,0.24858757,0.429378531,0.322033898,0.087719298,0.070175438,18,2.382353208469302,439,761,1200,0.45856354,0.32044199,0.22099448,0.18232044,0.54696133,0.27071823,"Scott Barlow",14993,605130
2025,"Seranthony Domínguez","- - -",0.2805755395683453,1.192307692,0.208333333,0.430555555,0.361111111,0.192307692,0.096153846,34,4.88297966466674,444,658,1102,0.48611111,0.33333333,0.18055556,0.18055556,0.54861111,0.27083333,"Seranthony Dominguez",19249,622554
2016,"Kevin Siegrist","STL",0.2206896551724138,0.732394366,0.196078431,0.339869281,0.464052287,0.169014084,0.14084507,25,3.6486499276454776,398,652,1050,0.2516129,0.46451613,0.28387097,0.23225806,0.49677419,0.27096774,"Kevin Siegrist",8180,543779
2017,"Blake Wood","- - -",0.36893203883495146,2.094339622,0.230046948,0.52112676,0.248826291,0.113207547,0.150943396,21,2.5426012013218697,489,794,1283,0.35514019,0.41121495,0.23364486,0.20560748,0.52336449,0.27102804,"Blake Wood",1345,502028
2024,"Tayler Scott","HOU",0.2375,1.186440677,0.218181818,0.424242424,0.357575757,0.118644067,0.118644067,42,5.756346069389548,462,707,1169,0.42168675,0.34337349,0.23493976,0.1686747,0.56024096,0.27108434,"Tayler Scott",13652,605463
2024,"Cade Smith","CLE",0.30303030303030304,1.220338983,0.206060606,0.436363636,0.357575757,0.101694915,0.016949152,58,6.929204709416737,365,801,1166,0.3313253,0.39156627,0.27710843,0.12048193,0.60843373,0.27108434,"Cade Smith",27867,671922
2018,"Craig Kimbrel","BOS",0.21621621621621623,0.6,0.247863247,0.282051282,0.47008547,0.2,0.127272727,15,2.165776107959803,420,691,1111,0.25423729,0.30508475,0.44067797,0.21186441,0.51694915,0.27118644,"Craig Kimbrel",6655,518886
2026,"Brent Headrick","NYY",0.31958762886597936,0.827160493,0.229166666,0.348958333,0.421875,0.086419753,0.061728395,60,6.982760457732223,410,846,1256,0.3919598,0.31658291,0.29145729,0.13065327,0.59798995,0.27135678,"Brent Headrick",27702,687396
2023,"Miguel Castro","ARI",0.25,1.278688524,0.219101123,0.438202247,0.342696629,0.098360655,0.13114754,39,5.427836545761573,360,650,1010,0.39444444,0.36666667,0.23888889,0.20555556,0.52222222,0.27222222,"Miguel Castro",15684,612434
2023,"Brusdar Graterol","LAD",0.26455026455026454,2.727272727,0.127659574,0.638297872,0.234042553,0.113636363,0.068181818,42,5.785714736137759,281,619,900,0.28795812,0.39790576,0.31413613,0.20418848,0.52356021,0.27225131,"Brusdar Graterol",20367,660813
2023,"Yennier Cano","BAL",0.2828282828282828,2.974358974,0.225,0.58,0.195,0.025641025,0.102564102,39,4.830276412681611,339,679,1018,0.37128713,0.36138614,0.26732673,0.2029703,0.52475248,0.27227723,"Yennier Cano",25911,666974
2025,"Steven Matz","- - -",0.2815533980582524,1.328767123,0.182692307,0.466346153,0.350961538,0.178082191,0.109589041,38,5.054188379322573,324,692,1016,0.35211268,0.37089202,0.27699531,0.15492958,0.57276995,0.27230047,"Steven Matz",13361,571927
2017,"Brian Duensing","CHC",0.3058823529411765,1.448275862,0.179190751,0.485549132,0.335260115,0.086206896,0.103448275,36,5.197861704801507,401,631,1032,0.32954545,0.35795455,0.3125,0.1875,0.53977273,0.27272727,"Brian Duensing",4064,488846
2023,"Gregory Soto","PHI",0.2645161290322581,1.446428571,0.132911392,0.512658227,0.354430379,0.053571428,0.107142857,34,5.071824273341115,331,636,967,0.32919255,0.37888199,0.29192547,0.14906832,0.57763975,0.27329193,"Gregory Soto",19677,642397
2024,"Kevin Kelly","TBR",0.26804123711340205,2.092592592,0.16080402,0.567839195,0.271356783,0.055555555,0.129629629,17,2.1650948850402902,326,707,1033,0.3880597,0.38308458,0.22885572,0.2039801,0.52238806,0.27363184,"Kevin Kelly",25679,687330
2025,"JoJo Romero","STL",0.2694610778443114,1.8,0.151515151,0.545454545,0.303030303,0.1,0.04,49,7.229510005140463,373,618,991,0.39285714,0.41666667,0.19047619,0.2202381,0.50595238,0.27380952,"JoJo Romero",19574,668941
2026,"Juan Morillo","ARI",0.2532467532467532,1.529411764,0.173076923,0.5,0.326923076,0.156862745,0.058823529,28,3.978947927628276,357,662,1019,0.34394904,0.36942675,0.2866242,0.17834395,0.5477707,0.27388535,"Juan Morillo",21924,666661
2016,"Jeanmar Gómez","PHI",0.32727272727272727,1.983050847,0.217777777,0.52,0.262222222,0.050847457,0.101694915,6,0.786407883491573,443,711,1154,0.37168142,0.36725664,0.26106195,0.21681416,0.50884956,0.27433628,"Jeanmar Gomez",9033,491646
2016,"Sam Dyson","TEX",0.2914572864321608,4.09375,0.189054726,0.651741293,0.15920398,0.15625,0.15625,10,1.2796210844249787,348,642,990,0.44607843,0.37254902,0.18137255,0.25,0.4754902,0.2745098,"Sam Dyson",11710,473879
2024,"Trent Thornton","SEA",0.2972972972972973,0.986301369,0.232804232,0.38095238,0.386243386,0.109589041,0.109589041,24,2.9861756401546566,367,773,1140,0.40932642,0.34196891,0.24870466,0.16580311,0.55958549,0.2746114,"Trent Thornton",17948,663423
2022,"Michael Fulmer","- - -",0.3089887640449438,0.876712328,0.243093922,0.35359116,0.403314917,0.136986301,0.05479452,29,4.099476971982792,403,640,1043,0.35714286,0.36813187,0.27472527,0.17032967,0.55494505,0.27472527,"Michael Fulmer",13218,605242
2026,"Lake Bachar","- - -",0.21476510067114093,0.746835443,0.132075471,0.371069182,0.496855345,0.101265822,0.151898734,23,3.450000383853955,375,602,977,0.46875,0.325,0.20625,0.15,0.575,0.275,"Lake Bachar",19222,669199
2016,"David Hernandez","PHI",0.3350253807106599,0.987012987,0.25,0.372549019,0.37745098,0.129870129,0.142857142,32,3.963302890998172,458,818,1276,0.38164251,0.27536232,0.34299517,0.18357488,0.5410628,0.27536232,"David Hernandez",4259,456696
2017,"Mike Minor","KCR",0.27225130890052357,1.025316455,0.162303664,0.424083769,0.413612565,0.11392405,0.063291139,35,4.055794522631014,406,786,1192,0.42346939,0.30102041,0.2755102,0.2244898,0.5,0.2755102,"Mike Minor",10021,501985
2026,"Jovani Morán","BOS",0.1793103448275862,0.909090909,0.136986301,0.410958904,0.452054794,0.106060606,0.106060606,21,3.0483874718927533,366,605,971,0.35526316,0.34868421,0.29605263,0.17105263,0.55263158,0.27631579,"Jovani Moran",20422,663558
2024,"Mason Miller","OAK",0.2564102564102564,0.943396226,0.162601626,0.406504065,0.430894308,0.150943396,0.113207547,11,1.5230771018485556,331,694,1025,0.31707317,0.3495935,0.33333333,0.22764228,0.49593496,0.27642276,"Mason Miller",31757,695243
2024,"Matt Strahm","PHI",0.23357664233576642,0.628571428,0.185714285,0.314285714,0.5,0.157142857,0.057142857,35,5.026596254652739,298,685,983,0.41843972,0.33333333,0.24822695,0.17021277,0.55319149,0.27659574,"Matt Strahm",13799,621381
2019,"Zack Britton","NYY",0.22435897435897437,8.133333333,0.132911392,0.772151898,0.094936708,0.066666666,0.2,31,4.5489137036364165,382,551,933,0.43396226,0.41509434,0.1509434,0.22012579,0.50314465,0.27672956,"Zack Britton",3240,502154
2022,"Jimmy Herget","LAA",0.24855491329479767,1.03076923,0.24137931,0.385057471,0.373563218,0.123076923,0.061538461,19,2.5909093904101503,318,635,953,0.38983051,0.36723164,0.24293785,0.14689266,0.57627119,0.27683616,"Jimmy Herget",17556,623474
2016,"Daniel Hudson","ARI",0.33146067415730335,1.275862068,0.270718232,0.408839779,0.320441988,0.189655172,0.103448275,43,6.41436599275494,414,699,1113,0.38586957,0.35869565,0.25543478,0.22282609,0.5,0.27717391,"Daniel Hudson",7146,543339
2025,"Eduard Bazardo","SEA",0.22797927461139897,0.88372093,0.198019801,0.376237623,0.425742574,0.116279069,0.104651162,46,5.262712544937463,419,805,1224,0.37623762,0.36138614,0.26237624,0.14851485,0.57425743,0.27722772,"Eduard Bazardo",20997,660825
2022,"Mychal Givens","- - -",0.3197278911564626,1.157894736,0.206451612,0.425806451,0.367741935,0.070175438,0.140350877,28,4.176796328355332,369,639,1008,0.35483871,0.40645161,0.23870968,0.18064516,0.54193548,0.27741935,"Mychal Givens",10430,571710
2022,"Dillon Tate","BAL",0.2512315270935961,2.448979591,0.191387559,0.574162679,0.23444976,0,0.122448979,29,3.5429872815200656,347,730,1077,0.44976077,0.31578947,0.23444976,0.17703349,0.54545455,0.27751196,"Dillon Tate",17796,622253
2017,"Brad Hand","SDP",0.2631578947368421,1.366666666,0.197740112,0.463276836,0.33898305,0.083333333,0.15,16,1.8151266904684626,427,774,1201,0.37777778,0.34444444,0.27777778,0.18888889,0.53333333,0.27777778,"Brad Hand",9111,543272
2017,"Jeremy Jeffress","- - -",0.31382978723404253,2.533333333,0.176165803,0.590673575,0.233160621,0.066666666,0.222222222,44,6.252633775833353,426,687,1113,0.41919192,0.41919192,0.16161616,0.25757576,0.46464646,0.27777778,"Jeremy Jeffress",9490,502026
2023,"Paul Sewald","- - -",0.27941176470588236,0.642857142,0.178571428,0.321428571,0.5,0.1,0.114285714,9,1.3351649750892907,347,691,1038,0.41666667,0.34027778,0.24305556,0.19444444,0.52777778,0.27777778,"Paul Sewald",13892,623149
2024,"Luke Weaver","NYY",0.22340425531914893,0.78021978,0.169230769,0.364102564,0.466666666,0.076923076,0.109890109,44,4.714286570646481,491,883,1374,0.40909091,0.38383838,0.20707071,0.14141414,0.58080808,0.27777778,"Luke Weaver",16918,596133
2024,"Ryan Walker","SFG",0.25142857142857145,1.45614035,0.209039548,0.468926553,0.322033898,0.087719298,0.087719298,39,4.443038403768265,394,805,1199,0.38333333,0.34444444,0.27222222,0.17777778,0.54444444,0.27777778,"Ryan Walker",20423,676254
2016,"Brad Brach","BAL",0.26737967914438504,1.09589041,0.207253886,0.414507772,0.378238341,0.08219178,0.09589041,59,6.721519636469939,459,836,1295,0.47938144,0.30412371,0.21649485,0.20618557,0.51546392,0.27835052,"Brad Brach",6627,542960
2025,"Jared Koenig","MIL",0.3,1.142857142,0.137931034,0.459770114,0.40229885,0.085714285,0.085714285,41,5.590909737200851,368,675,1043,0.42613636,0.30113636,0.27272727,0.11931818,0.60227273,0.27840909,"Jared Koenig",27517,657649
2025,"Rafael Montero","- - -",0.24183006535947713,1.357142857,0.159235668,0.484076433,0.356687898,0.089285714,0.089285714,11,1.6408842718538803,427,661,1088,0.43670886,0.32911392,0.23417722,0.16455696,0.55696203,0.27848101,"Rafael Montero",12760,606160
2017,"Roberto Osuna","TOR",0.2847682119205298,1.403846153,0.177631578,0.480263157,0.342105263,0.115384615,0.057692307,7,0.9843752346933448,318,643,961,0.37662338,0.42207792,0.2012987,0.11688312,0.6038961,0.27922078,"Roberto Osuna",13764,532077
2025,"Carlos Vargas","SEA",0.29957805907172996,2.044776119,0.163934426,0.561475409,0.274590163,0.044776119,0.149253731,35,4.090909901588717,376,725,1101,0.4048583,0.34412955,0.25101215,0.1659919,0.55465587,0.27935223,"Carlos Vargas",22915,672841
2023,"Elvis Peguero","MIL",0.27439024390243905,2.238095238,0.19047619,0.559523809,0.25,0.095238095,0.095238095,34,4.989131469131857,345,572,917,0.47619048,0.36309524,0.16071429,0.17261905,0.54761905,0.2797619,"Elvis Peguero",21652,665625
2026,"Spencer Miles","TOR",0.2578947368421053,1.921568627,0.223958333,0.510416666,0.265625,0.137254901,0.058823529,40,4.954129133890013,382,734,1116,0.38341969,0.3626943,0.25388601,0.16062176,0.55958549,0.27979275,"Spencer Miles",31621,693686
2022,"Seth Lugo","NYM",0.2832369942196532,1.205882352,0.166666666,0.455555555,0.377777777,0.058823529,0.132352941,31,4.292308196118657,400,679,1079,0.37362637,0.3956044,0.23076923,0.17032967,0.54945055,0.28021978,"Seth Lugo",12447,607625
2016,"Liam Hendriks","OAK",0.3442622950819672,1.041666666,0.213903743,0.401069518,0.385026737,0.152777777,0.083333333,26,3.6185564164186133,351,730,1081,0.30687831,0.38095238,0.31216931,0.23280423,0.48677249,0.28042328,"Liam Hendriks",3548,521230
2021,"Kyle Finnegan","WSN",0.30386740331491713,1.353846153,0.172972972,0.475675675,0.351351351,0.092307692,0.138461538,26,3.5454549552981005,430,779,1209,0.31216931,0.39153439,0.2962963,0.16402116,0.55555556,0.28042328,"Kyle Finnegan",15009,640448
2024,"Buck Farmer","CIN",0.2692307692307692,0.848101265,0.215053763,0.360215053,0.424731182,0.151898734,0.088607594,42,5.4782614753017125,417,727,1144,0.43386243,0.33862434,0.22751323,0.18518519,0.53439153,0.28042328,"Buck Farmer",14814,571656
2022,"Phil Bickford","LAD",0.26973684210526316,0.779220779,0.149068322,0.372670807,0.478260869,0.129870129,0.155844155,31,4.573771063854163,317,673,990,0.39634146,0.28658537,0.31707317,0.14634146,0.57317073,0.2804878,"Phil Bickford",18519,641360
2016,"John Axford","OAK",0.3105263157894737,2,0.1875,0.541666666,0.270833333,0.076923076,0.115384615,33,4.522843340234645,480,714,1194,0.32653061,0.35204082,0.32142857,0.18367347,0.53571429,0.28061224,"John Axford",9059,446099
2022,"Brad Boxberger","MIL",0.2787878787878788,0.77027027,0.210843373,0.343373493,0.445783132,0.121621621,0.081081081,35,4.921875586733292,391,699,1090,0.40350877,0.35087719,0.24561404,0.19883041,0.52046784,0.28070175,"Brad Boxberger",10133,502202
2022,"Collin McHugh","ATL",0.2658959537572254,1.028985507,0.213483146,0.398876404,0.387640449,0.115942028,0.072463768,48,6.230770373485707,368,718,1086,0.35393258,0.34831461,0.29775281,0.20224719,0.51685393,0.28089888,"Collin McHugh",7531,543521
2022,"Alex Lange","DET",0.28378378378378377,1.953488372,0.158940397,0.55629139,0.284768211,0.069767441,0.116279069,32,4.547369334044072,423,623,1046,0.49019608,0.33333333,0.17647059,0.18954248,0.52941176,0.28104575,"Alex Lange",19883,656638
2021,"Brad Hand","- - -",0.26704545454545453,0.986301369,0.198895027,0.397790055,0.403314917,0.06849315,0.123287671,22,3.061855971135402,398,678,1076,0.37837838,0.36756757,0.25405405,0.16756757,0.55135135,0.28108108,"Brad Hand",9111,543272
2024,"Michael Tonkin","- - -",0.3033175355450237,1.186666666,0.244239631,0.410138248,0.345622119,0.08,0.08,49,5.558824687680812,522,898,1420,0.43778802,0.40092166,0.16129032,0.16589862,0.55299539,0.28110599,"Michael Tonkin",10315,543859
2024,"Andrew Kittredge","STL",0.2631578947368421,1.253521126,0.187817258,0.451776649,0.360406091,0.084507042,0.14084507,38,4.839623860678296,318,712,1030,0.42713568,0.38693467,0.18592965,0.16080402,0.55778894,0.28140704,"Andrew Kittredge",12828,552640
2017,"Daniel Hudson","PIT",0.3125,1.20338983,0.207317073,0.432926829,0.359756097,0.06779661,0.118644067,26,3.7945952205505735,428,673,1101,0.38922156,0.37125749,0.23952096,0.20958084,0.50898204,0.28143713,"Daniel Hudson",7146,543339
2017,"Cody Allen","CLE",0.3037974683544304,0.72368421,0.201219512,0.335365853,0.463414634,0.105263157,0.118421052,9,1.2029706605123873,429,736,1165,0.28143713,0.40718563,0.31137725,0.22155689,0.49700599,0.28143713,"Cody Allen",12183,592102
2022,"Carl Edwards Jr.","WSN",0.25903614457831325,1.296875,0.155172413,0.477011494,0.367816091,0.109375,0.125,25,3.6290324813493595,362,652,1014,0.31034483,0.4137931,0.27586207,0.14367816,0.57471264,0.2816092,"Carl Edwards Jr.",13607,605218
2017,"Wandy Peralta","CIN",0.26011560693641617,1.830188679,0.162011173,0.541899441,0.296089385,0.132075471,0.150943396,55,7.654643991777238,376,641,1017,0.40883978,0.35359116,0.23756906,0.21546961,0.50276243,0.28176796,"Wandy Peralta",14295,593974
2022,"Tanner Scott","MIA",0.3472222222222222,1.789473684,0.278911564,0.462585034,0.258503401,0.105263157,0.131578947,15,2.1542555377083166,488,785,1273,0.44966443,0.30201342,0.24832215,0.1409396,0.57718121,0.28187919,"Tanner Scott",17586,656945
2017,"Anthony Swarzak","- - -",0.2857142857142857,1.078947368,0.155080213,0.438502673,0.406417112,0.144736842,0.078947368,40,4.655174097748956,422,837,1259,0.36170213,0.36702128,0.2712766,0.19148936,0.52659574,0.28191489,"Anthony Swarzak",7466,461872
2017,"Chris Devenski","HOU",0.22033898305084745,0.888888888,0.154696132,0.397790055,0.447513812,0.12345679,0.135802469,37,4.128100474996165,438,832,1270,0.43085106,0.32978723,0.2393617,0.20212766,0.51595745,0.28191489,"Chris Devenski",12763,606965
2024,"Jalen Beeks","- - -",0.3212669683257919,1.231707317,0.183035714,0.450892857,0.366071428,0.146341463,0.073170731,40,5.1428584040430785,464,723,1187,0.38325991,0.35242291,0.26431718,0.18502203,0.53303965,0.28193833,"Jalen Beeks",17192,656222
2017,"Pedro Strop","CHC",0.26973684210526316,1.956521739,0.105263157,0.592105263,0.302631578,0.086956521,0.086956521,40,5.966851709017295,403,616,1019,0.3974359,0.32692308,0.27564103,0.22435897,0.49358974,0.28205128,"Pedro Strop",4070,467008
2017,"Dan Otero","CLE",0.30158730158730157,5.304347826,0.244791666,0.635416666,0.119791666,0.086956521,0.260869565,31,4.650001773834905,255,594,849,0.40512821,0.34871795,0.24615385,0.25128205,0.46666667,0.28205128,"Dan Otero",7385,519096
2016,"Tyler Clippard","- - -",0.2875816993464052,0.620253164,0.189873417,0.310126582,0.5,0.253164556,0.126582278,44,6.285714285714286,388,671,1059,0.45398773,0.26993865,0.27607362,0.25153374,0.46625767,0.28220859,"Tyler Clippard",5640,461325
2018,"Jordan Hicks","STL",0.26635514018691586,3.25,0.205607476,0.607476635,0.186915887,0.1,0.05,36,4.171675595517883,498,776,1274,0.31944444,0.39814815,0.28240741,0.22222222,0.49537037,0.28240741,"Jordan Hicks",19618,663855
2021,"Gregory Soto","DET",0.2565789473684211,1.206896551,0.179487179,0.448717948,0.371794871,0.086206896,0.120689655,19,2.685864303487297,422,709,1131,0.37106918,0.27672956,0.35220126,0.19496855,0.52201258,0.28301887,"Gregory Soto",19677,642397
2025,"Aaron Ashby","MIL",0.31875,2.777777777,0.15,0.625,0.225,0.027777777,0.083333333,46,6.40206286276007,379,626,1005,0.36419753,0.4382716,0.19753086,0.19753086,0.51851852,0.28395062,"Aaron Ashby",23550,676879
2021,"Steve Cishek","LAA",0.30256410256410254,1.492307692,0.169230769,0.497435897,0.333333333,0.153846153,0.03076923,26,3.4243912634549063,494,761,1255,0.38071066,0.34517766,0.27411168,0.21827411,0.49746193,0.28426396,"Steve Cishek",6483,518553
2021,"Lucas Luetge","NYY",0.3072916666666667,1.106666666,0.197969543,0.421319796,0.380710659,0.106666666,0.08,36,4.606635903929924,448,748,1196,0.4822335,0.32994924,0.18781726,0.16751269,0.54822335,0.28426396,"Lucas Luetge",8337,476595
2025,"Greg Weissert","BOS",0.2670157068062827,1.025316455,0.183673469,0.413265306,0.403061224,0.088607594,0.075949367,29,3.895522831648964,385,684,1069,0.39086294,0.3857868,0.22335025,0.14720812,0.56852792,0.28426396,"Greg Weissert",20375,669711
2026,"Yohan Ramírez","PIT",0.26424870466321243,1.781818181,0.215384615,0.502564102,0.282051282,0.181818181,0.072727272,47,5.179592481912727,491,845,1336,0.4213198,0.3857868,0.1928934,0.24365482,0.47208122,0.28426396,"Yohan Ramirez",19444,670990
2026,"Adrian Morejon","SDP",0.2946859903381642,2.510204081,0.184834123,0.582938388,0.232227488,0.122448979,0.081632653,33,3.4941182743060435,414,889,1303,0.30805687,0.44075829,0.25118483,0.21327014,0.50236967,0.28436019,"Adrian Morejon",20039,670970
2024,"Dennis Santana","- - -",0.2804232804232804,0.873417721,0.22513089,0.361256544,0.413612565,0.075949367,0.050632911,36,4.520931114910787,363,746,1109,0.39896373,0.3626943,0.23834197,0.17098446,0.54404145,0.28497409,"Dennis Santana",17878,642701
2021,"Yusmeiro Petit","OAK",0.22709163346613545,0.849557522,0.193050193,0.37065637,0.436293436,0.17699115,0.10619469,47,5.42307798396927,366,716,1082,0.38022814,0.39163498,0.22813688,0.22053232,0.49429658,0.2851711,"Yusmeiro Petit",4020,433589
2016,"Kyle Barraclough","MIA",0.3013698630136986,1.923076923,0.208333333,0.520833333,0.270833333,0.051282051,0.025641025,31,3.839449272544282,520,817,1337,0.29251701,0.43537415,0.27210884,0.19727891,0.5170068,0.28571429,"Kyle Barraclough",13713,607457
2018,"Jeurys Familia","- - -",0.3064516129032258,1.403225806,0.207446808,0.462765957,0.329787234,0.112903225,0.048387096,32,3.99999989403619,420,773,1193,0.41798942,0.34920635,0.23280423,0.22222222,0.49206349,0.28571429,"Jeurys Familia",5114,544727
2018,"Dellin Betances","NYY",0.31092436974789917,1.588235294,0.284552845,0.43902439,0.276422764,0.117647058,0.205882352,35,4.725000720977893,395,740,1135,0.31746032,0.36507937,0.31746032,0.20634921,0.50793651,0.28571429,"Dellin Betances",6216,476454
2025,"Devin Williams","NYY",0.2962962962962963,1.16981132,0.17266187,0.446043165,0.381294964,0.056603773,0.094339622,27,3.9193550798573082,400,716,1116,0.45714286,0.33571429,0.20714286,0.13571429,0.57857143,0.28571429,"Devin Williams",15816,642207
2025,"Spencer Bivens","SFG",0.3130081300813008,1.625,0.16,0.52,0.32,0.125,0.075,29,3.2222225257235424,428,866,1294,0.38095238,0.38888889,0.23015873,0.21825397,0.49603175,0.28571429,"Spencer Bivens",30226,702352
2024,"Greg Weissert","BOS",0.3258426966292135,1.102941176,0.214285714,0.412087912,0.373626373,0.073529411,0.102941176,24,3.4105270005330537,343,688,1031,0.32972973,0.42162162,0.24864865,0.16216216,0.55135135,0.28648649,"Greg Weissert",20375,669711
2021,"Phil Maton","- - -",0.34545454545454546,0.985294117,0.201183431,0.396449704,0.402366863,0.029411764,0.088235294,44,6.061225669476581,402,743,1145,0.40935673,0.30409357,0.28654971,0.13450292,0.57894737,0.28654971,"Phil Maton",18064,664208
2021,"Raisel Iglesias","LAA",0.2876712328767123,1.016666666,0.219354838,0.393548387,0.387096774,0.1,0.183333333,16,2.0571430813536598,320,739,1059,0.38216561,0.34394904,0.27388535,0.19745223,0.51592357,0.2866242,"Raisel Iglesias",17130,628452
2018,"Matt Barnes","BOS",0.32061068702290074,1.613636363,0.141791044,0.529850746,0.328358208,0.09090909,0.113636363,32,4.670271329580454,440,669,1109,0.28676471,0.375,0.33823529,0.17647059,0.53676471,0.28676471,"Matt Barnes",12863,598264
2025,"Tyler Alexander","- - -",0.3319672131147541,0.87,0.236734693,0.35510204,0.408163265,0.12,0.08,39,4.369295089928491,431,843,1274,0.3625498,0.39442231,0.24302789,0.17131474,0.54183267,0.28685259,"Tyler Alexander",17735,641302
2025,"José A. Ferrer","WSN",0.3377777777777778,3.044444444,0.168949771,0.625570776,0.205479452,0.022222222,0.111111111,40,4.716157990860917,406,807,1213,0.36956522,0.35652174,0.27391304,0.15652174,0.55652174,0.28695652,"Jose A. Ferrer",24017,678606
2024,"Jacob Barnes","WSN",0.296875,0.987012987,0.242574257,0.376237623,0.381188118,0.09090909,0.129870129,48,6.545456058723232,415,703,1118,0.36138614,0.38118812,0.25742574,0.13861386,0.57425743,0.28712871,"Jacob Barnes",12323,606930
2016,"Matt Bush","TEX",0.24539877300613497,1.320754716,0.254545454,0.424242424,0.321212121,0.150943396,0.075471698,36,5.254054920762332,302,639,941,0.34730539,0.35928144,0.29341317,0.23353293,0.47904192,0.28742515,"Matt Bush",1246,456713
2025,"Mike Vasil","CHW",0.22633744855967078,1.625,0.14979757,0.526315789,0.323886639,0.1,0.0625,56,5.600000474717922,592,864,1456,0.36842105,0.39271255,0.2388664,0.15789474,0.55465587,0.28744939,"Mike Vasil",30105,678024
2025,"Hoby Milner","TEX",0.30434782608695654,1.602941176,0.144927536,0.526570048,0.328502415,0.058823529,0.073529411,33,4.222750036664494,402,756,1158,0.38207547,0.35849057,0.25943396,0.16509434,0.54716981,0.28773585,"Hoby Milner",13346,571948
2025,"Sean Newcomb","- - -",0.29896907216494845,1.508196721,0.219387755,0.469387755,0.311224489,0.081967213,0.06557377,20,2.5714288516920747,394,734,1128,0.34848485,0.37878788,0.27272727,0.16666667,0.54545455,0.28787879,"Sean Newcomb",16943,656794
2025,"Tony Santillan","CIN",0.24864864864864866,0.906666666,0.239361702,0.361702127,0.39893617,0.146666666,0.093333333,22,2.68778317658205,436,794,1230,0.34031414,0.40837696,0.2513089,0.14659686,0.56544503,0.28795812,"Tony Santillan",19926,663574
2024,"Sean Hjelle","SFG",0.31759656652360513,2.660377358,0.188284518,0.589958158,0.221757322,0.094339622,0.188679245,30,3.347107860105891,387,822,1209,0.36625514,0.34979424,0.28395062,0.17283951,0.53909465,0.28806584,"Sean Hjelle",21481,663546
2022,"Emilio Pagán","MIN",0.31788079470198677,1,0.192546583,0.403726708,0.403726708,0.092307692,0.184615384,26,3.7142859391885144,386,740,1126,0.44785276,0.34355828,0.20858896,0.14723926,0.56441718,0.28834356,"Emilio Pagan",14771,641941
2024,"Hunter Gaddis","CLE",0.20526315789473684,0.822222222,0.154639175,0.381443298,0.463917525,0.144444444,0.044444444,39,4.700893497588771,340,735,1075,0.41752577,0.34536082,0.2371134,0.16494845,0.54639175,0.28865979,"Hunter Gaddis",25636,683769
2024,"Tim Hill","- - -",0.31645569620253167,4.351351351,0.161016949,0.682203389,0.156779661,0.054054054,0.054054054,45,6.044777323977378,309,676,985,0.34309623,0.37238494,0.28451883,0.20083682,0.51046025,0.28870293,"Tim Hill",16814,657612
2023,"Drew VerHagen","STL",0.2621951219512195,0.960526315,0.138728323,0.421965317,0.439306358,0.065789473,0.118421052,31,4.5737716359051905,391,654,1045,0.49132948,0.2716763,0.23699422,0.15028902,0.56069364,0.28901734,"Drew VerHagen",13424,572403
2026,"Rico Garcia","BAL",0.2073170731707317,0.958333333,0.165680473,0.408284023,0.426035502,0.222222222,0.125,21,2.8208961648277544,355,642,997,0.42196532,0.28901734,0.28901734,0.21387283,0.49710983,0.28901734,"Rico Garcia",20023,670329
2024,"Hunter Strickland","LAA",0.22885572139303484,0.700934579,0.133333333,0.357142857,0.509523809,0.158878504,0.093457943,32,3.9272734082435967,424,738,1162,0.43127962,0.34597156,0.22274882,0.18009479,0.53080569,0.28909953,"Hunter Strickland",7836,519326
2025,"Jeremiah Estrada","SDP",0.2987012987012987,0.702380952,0.12804878,0.359756097,0.512195121,0.178571428,0.142857142,24,2.9589047280726453,415,821,1236,0.31927711,0.43975904,0.24096386,0.1686747,0.54216867,0.28915663,"Jeremiah Estrada",22210,669093
2017,"Blake Treinen","- - -",0.34418604651162793,2.56,0.187214611,0.584474885,0.228310502,0.1,0.12,36,4.281939117521215,427,767,1194,0.40271493,0.31221719,0.28506787,0.19004525,0.52036199,0.28959276,"Blake Treinen",12572,595014
2023,"Sean Manaea","SFG",0.2840909090909091,1.121212121,0.23076923,0.406593406,0.362637362,0.151515151,0.106060606,38,4.816901926056975,430,789,1219,0.35519126,0.37704918,0.26775956,0.1420765,0.56830601,0.28961749,"Sean Manaea",15873,640455
2016,"Nate Jones","CHW",0.24260355029585798,1.385964912,0.209302325,0.459302325,0.331395348,0.140350877,0.122807017,31,3.94811590713653,338,671,1009,0.375,0.33522727,0.28977273,0.21022727,0.5,0.28977273,"Nate Jones",4696,518858
2018,"Drew Steckenrider","MIA",0.2962962962962963,0.802816901,0.238095238,0.339285714,0.422619047,0.098591549,0.098591549,17,2.3659794744896434,398,764,1162,0.30177515,0.37869822,0.31952663,0.15384615,0.55621302,0.28994083,"Drew Steckenrider",18806,608716
2016,"Héctor Neris","PHI",0.2717391304347826,1.25,0.246073298,0.418848167,0.335078534,0.09375,0.140625,32,3.585062808129846,497,861,1358,0.45595855,0.32642487,0.21761658,0.17098446,0.5388601,0.29015544,"Hector Neris",11804,593576
2022,"Nabil Crismatt","SDP",0.281767955801105,1.703703703,0.21081081,0.497297297,0.291891891,0.055555555,0.092592592,33,4.616580675872698,337,672,1009,0.47311828,0.36021505,0.16666667,0.11827957,0.59139785,0.29032258,"Nabil Crismatt",17732,622503
2019,"Jake Diekman","- - -",0.31724137931034485,1.815789473,0.267123287,0.472602739,0.260273972,0.184210526,0.078947368,20,2.9032266102772217,441,743,1184,0.46621622,0.30405405,0.22972973,0.19594595,0.51351351,0.29054054,"Jake Diekman",5003,518617
2016,"Joakim Soria","KCR",0.3225806451612903,1.649122807,0.19680851,0.5,0.303191489,0.105263157,0.175438596,28,3.7800005767823146,427,766,1193,0.3622449,0.34693878,0.29081633,0.20408163,0.50510204,0.29081633,"Joakim Soria",6941,465657
2018,"Héctor Santiago","CHW",0.3149171270718232,0.606382978,0.188172043,0.306451612,0.505376344,0.106382978,0.085106382,33,4.263158984101689,513,843,1356,0.33862434,0.28571429,0.37566138,0.18518519,0.52380952,0.29100529,"Hector Santiago",4026,502327
2024,"Jesse Chavez","ATL",0.27932960893854747,1.285714285,0.234042553,0.430851063,0.335106382,0.031746031,0.158730158,34,4.831579626405764,379,666,1045,0.33333333,0.37037037,0.2962963,0.19047619,0.51851852,0.29100529,"Jesse Chavez",5448,445926
2017,"Matt Barnes","BOS",0.2976190476190476,1.734693877,0.229885057,0.488505747,0.281609195,0.122448979,0.142857142,38,4.909090550685277,465,739,1204,0.35428571,0.32,0.32571429,0.22857143,0.48,0.29142857,"Matt Barnes",12863,598264
2016,"Jhan Mariñez","- - -",0.30851063829787234,1.93877551,0.238095238,0.502645502,0.259259259,0.102040816,0.081632653,27,3.8983956821625685,355,598,953,0.42708333,0.34895833,0.22395833,0.19791667,0.51041667,0.29166667,"Jhan Marinez",5830,501697
2018,"Blake Treinen","OAK",0.23036649214659685,2.177777777,0.243386243,0.518518518,0.238095238,0.111111111,0.044444444,21,2.3526972443954812,366,793,1159,0.38541667,0.38541667,0.22916667,0.18229167,0.52604167,0.29166667,"Blake Treinen",12572,595014
2023,"Ian Gibaut","CIN",0.291866028708134,1.0625,0.225352112,0.399061032,0.375586854,0.0625,0.1,40,4.757710370436768,404,813,1217,0.33333333,0.33333333,0.33333333,0.13425926,0.57407407,0.29166667,"Ian Gibaut",17871,664139
2018,"Miguel Castro","BAL",0.26506024096385544,1.493975903,0.19140625,0.484375,0.32421875,0.144578313,0.096385542,46,4.948207772937519,548,852,1400,0.41245136,0.34241245,0.24513619,0.20622568,0.50194553,0.29182879,"Miguel Castro",15684,612434
2025,"Tommy Kahnle","DET",0.24293785310734464,1.353846153,0.172972972,0.475675675,0.351351351,0.123076923,0.123076923,25,3.5714292201867277,405,632,1037,0.50810811,0.26486486,0.22702703,0.18378378,0.52432432,0.29189189,"Tommy Kahnle",11384,592454
2021,"Cole Sulser","BAL",0.27564102564102566,1.03125,0.1875,0.4125,0.4,0.109375,0.078125,29,4.12105345897744,373,697,1070,0.34161491,0.37888199,0.27950311,0.19254658,0.51552795,0.29192547,"Cole Sulser",15256,642121
2017,"Danny Barnes","TOR",0.2215568862275449,0.619565217,0.15819209,0.322033898,0.519774011,0.130434782,0.119565217,29,3.9545463688119527,391,672,1063,0.35393258,0.34269663,0.30337079,0.16292135,0.54494382,0.29213483,"Danny Barnes",11388,592130
2019,"Sam Dyson","- - -",0.27325581395348836,1.895833333,0.177514792,0.538461538,0.284023668,0.104166666,0.125,37,5.342245444410453,280,568,848,0.35393258,0.38764045,0.25842697,0.18539326,0.52247191,0.29213483,"Sam Dyson",11710,473879
2024,"Clay Holmes","NYY",0.3218390804597701,3.382352941,0.15819209,0.649717514,0.192090395,0.058823529,0.117647058,14,2.0000003633045673,381,704,1085,0.43258427,0.37640449,0.19101124,0.18539326,0.52247191,0.29213483,"Clay Holmes",13649,605280
2022,"Rowan Wick","CHC",0.3763440860215054,1.465517241,0.255208333,0.442708333,0.302083333,0.120689655,0.155172413,25,3.5156254190952088,403,750,1153,0.37948718,0.36923077,0.25128205,0.18461538,0.52307692,0.29230769,"Rowan Wick",14646,592858
2024,"José Ureña","TEX",0.26842105263157895,1.564516129,0.171875,0.505208333,0.322916666,0.064516129,0.080645161,19,2.6443303128791595,374,620,994,0.43076923,0.3025641,0.26666667,0.14871795,0.55897436,0.29230769,"Jose Urena",11589,570632
2024,"John King","STL",0.2789473684210526,2.644444444,0.150259067,0.61658031,0.233160621,0.022222222,0.111111111,20,3.0000009536746197,278,580,858,0.38461538,0.32820513,0.28717949,0.15384615,0.55384615,0.29230769,"John King",22051,667463
2018,"Brad Peacock","HOU",0.3088235294117647,0.868852459,0.219178082,0.363013698,0.417808219,0.06557377,0.180327868,37,5.257895475794507,418,702,1120,0.42857143,0.3537415,0.21768707,0.19727891,0.51020408,0.29251701,"Brad Peacock",5401,502748
2024,"Josh Hader","HOU",0.22962962962962963,0.578947368,0.172413793,0.303448275,0.524137931,0.131578947,0.157894736,14,1.7746480780209908,389,779,1168,0.34013605,0.43537415,0.2244898,0.1292517,0.57823129,0.29251701,"Josh Hader",14212,623352
2024,"Ryan Helsley","STL",0.2919254658385093,0.895522388,0.220858895,0.368098159,0.411042944,0.164179104,0.044776119,14,1.8994976330855966,288,647,935,0.32317073,0.39634146,0.2804878,0.16463415,0.54268293,0.29268293,"Ryan Helsley",18138,664854
2021,"Andrew Chafin","- - -",0.23163841807909605,1.159420289,0.162921348,0.449438202,0.387640449,0.101449275,0.057971014,14,1.8349517791163232,318,629,947,0.37016575,0.32596685,0.3038674,0.14917127,0.55801105,0.29281768,"Andrew Chafin",12988,605177
2022,"Reynaldo López","CHW",0.28160919540229884,0.985074626,0.213017751,0.390532544,0.396449704,0.134328358,0.014925373,33,4.689474343276182,332,629,961,0.28735632,0.36781609,0.34482759,0.15517241,0.55172414,0.29310345,"Reynaldo Lopez",16400,625643
2018,"Edwin Díaz","SEA",0.28125,1.255319148,0.203007518,0.443609022,0.353383458,0.106382978,0.106382978,0,0,383,789,1172,0.33834586,0.36842105,0.29323308,0.22556391,0.48120301,0.29323308,"Edwin Diaz",14710,621242
2021,"Ryan Tepera","- - -",0.22302158273381295,1.016393442,0.127659574,0.439716312,0.432624113,0.163934426,0.06557377,29,4.25543566484776,348,600,948,0.38461538,0.41958042,0.1958042,0.20979021,0.4965035,0.29370629,"Ryan Tepera",10291,572193
2022,"John Schreiber","BOS",0.267515923566879,1.81632653,0.126582278,0.563291139,0.310126582,0.122448979,0.061224489,31,4.292308699929739,374,646,1020,0.35625,0.375,0.26875,0.2,0.50625,0.29375,"John Schreiber",20020,670167
2016,"Tony Barnette","TEX",0.28901734104046245,1.62,0.251428571,0.462857142,0.285714285,0.1,0.08,48,7.160222050820753,341,580,921,0.46892655,0.30508475,0.2259887,0.17514124,0.53107345,0.29378531,"Tony Barnette",3555,501817
2016,"Antonio Bastardo","- - -",0.2784090909090909,0.636363636,0.217391304,0.304347826,0.478260869,0.136363636,0.125,25,3.3251238400381724,457,766,1223,0.42780749,0.31550802,0.25668449,0.21925134,0.48663102,0.29411765,"Antonio Bastardo",8844,455374
2016,"Ryan Buchter","SDP",0.22727272727272727,0.354430379,0.213235294,0.205882352,0.580882352,0.164556962,0.050632911,18,2.571429038534444,451,676,1127,0.31617647,0.36029412,0.32352941,0.21323529,0.49264706,0.29411765,"Ryan Buchter",9456,488748
2024,"José Leclerc","TEX",0.3141025641025641,0.823529411,0.220125786,0.352201257,0.427672955,0.132352941,0.102941176,39,5.265000803375367,464,740,1204,0.43558282,0.34355828,0.2208589,0.16564417,0.5398773,0.29447853,"Jose Leclerc",14524,600917
2018,"Reyes Moronta","SFG",0.2112676056338028,1,0.158620689,0.420689655,0.420689655,0.213114754,0.06557377,28,3.876923987033313,430,670,1100,0.3630137,0.39726027,0.23972603,0.21917808,0.48630137,0.29452055,"Reyes Moronta",14966,606625
2017,"Luke Gregerson","HOU",0.30625,1.563636363,0.180232558,0.5,0.319767441,0.09090909,0.236363636,39,5.754099080332657,347,621,968,0.46242775,0.37572254,0.16184971,0.24855491,0.4566474,0.29479769,"Luke Gregerson",4090,502381
2017,"Ryan Buchter","- - -",0.2085889570552147,0.615384615,0.135294117,0.329411764,0.535294117,0.164835164,0.109890109,38,5.234695202010751,392,706,1098,0.41040462,0.27745665,0.31213873,0.26011561,0.44508671,0.29479769,"Ryan Buchter",9456,488748
2022,"Steve Cishek","WSN",0.2654320987654321,1.06060606,0.2,0.411764705,0.388235294,0.106060606,0.166666666,32,4.3417093749902955,445,730,1175,0.34682081,0.40462428,0.24855491,0.13872832,0.56647399,0.29479769,"Steve Cishek",6483,518553
2016,"Adam Warren","- - -",0.2658959537572254,1.173913043,0.166666666,0.45,0.383333333,0.072463768,0.144927536,38,5.668510019574145,430,662,1092,0.48087432,0.32786885,0.19125683,0.2295082,0.47540984,0.29508197,"Adam Warren",9029,476589
2022,"Paul Sewald","SEA",0.15827338129496402,0.6,0.183673469,0.306122448,0.510204081,0.2,0.133333333,12,1.6875002011657,336,638,974,0.40939597,0.28187919,0.30872483,0.26174497,0.44295302,0.29530201,"Paul Sewald",13892,623149
2022,"Caleb Smith","ARI",0.23756906077348067,0.574257425,0.163157894,0.305263157,0.531578947,0.158415841,0.118811881,25,3.260869925774829,439,754,1193,0.4507772,0.30051813,0.24870466,0.22797927,0.47668394,0.29533679,"Caleb Smith",14875,592761
2018,"Adam Cimber","- - -",0.3181818181818182,2.674418604,0.213930348,0.572139303,0.213930348,0.139534883,0.116279069,32,4.214635636456691,292,699,991,0.2955665,0.37931034,0.32512315,0.26600985,0.43842365,0.2955665,"Adam Cimber",15288,643256
2024,"Matthew Liberatore","STL",0.28888888888888886,1.157142857,0.161111111,0.45,0.388888888,0.042857142,0.085714285,35,4.9736852091107036,313,663,976,0.36021505,0.37096774,0.2688172,0.1344086,0.56989247,0.29569892,"Matthew Liberatore",22294,669461
2025,"Matt Svanson","STL",0.2158273381294964,1.134615384,0.207142857,0.421428571,0.371428571,0.096153846,0.057692307,14,2.0883980981560533,350,615,965,0.34507042,0.36619718,0.28873239,0.17605634,0.52816901,0.29577465,"Matt Svanson",29629,694335
2022,"Luis García","SDP",0.3253012048192771,1.893617021,0.185628742,0.532934131,0.281437125,0.170212765,0.063829787,13,1.9180330267775523,349,617,966,0.35502959,0.42011834,0.22485207,0.18934911,0.5147929,0.29585799,"Luis Garcia",6984,472610
2025,"Calvin Faucher","MIA",0.2795031055900621,1.4,0.214285714,0.458333333,0.327380952,0.036363636,0.145454545,13,1.9392266828190656,423,632,1055,0.37869822,0.33136095,0.28994083,0.19526627,0.50887574,0.29585799,"Calvin Faucher",20116,676534
2026,"Brock Burke","CIN",0.25654450261780104,0.892857142,0.180412371,0.386597938,0.43298969,0.083333333,0.059523809,35,4.237668886341879,442,739,1181,0.32142857,0.42857143,0.25,0.15816327,0.54591837,0.29591837,"Brock Burke",17968,656271
2017,"Brad Brach","BAL",0.2558139534883721,1.086956521,0.186440677,0.423728813,0.389830508,0.115942028,0.101449275,11,1.4558823529411764,413,762,1175,0.37430168,0.36871508,0.25698324,0.2122905,0.49162011,0.29608939,"Brad Brach",6627,542960
2025,"Wandy Peralta","SDP",0.2890995260663507,2.529411764,0.158878504,0.602803738,0.238317757,0.039215686,0.098039215,27,3.4549773027254953,415,707,1122,0.43518519,0.41203704,0.15277778,0.14814815,0.55555556,0.2962963,"Wandy Peralta",14295,593974
2017,"Ryan Tepera","TOR",0.2604166666666667,1.025,0.177664974,0.416243654,0.40609137,0.175,0.0875,27,3.128756696638412,482,793,1275,0.40201005,0.36683417,0.23115578,0.25125628,0.45226131,0.29648241,"Ryan Tepera",10291,572193
2025,"Tyler Kinley","- - -",0.24352331606217617,0.698924731,0.197969543,0.329949238,0.472081218,0.161290322,0.064516129,61,7.555046730878003,437,788,1225,0.48241206,0.31658291,0.20100503,0.20100503,0.50251256,0.29648241,"Tyler Kinley",18297,641755
2017,"Mike Montgomery","CHC",0.2485207100591716,2.375,0.201183431,0.562130177,0.23668639,0.05,0.075,38,5.576087418936639,416,587,1003,0.37790698,0.40116279,0.22093023,0.25581395,0.44767442,0.29651163,"Mike Montgomery",4869,543557
2023,"Yimi García","TOR",0.3390804597701149,1.528301886,0.247191011,0.455056179,0.297752808,0.132075471,0.150943396,30,4.09091003670202,397,703,1100,0.4010989,0.36813187,0.23076923,0.1978022,0.50549451,0.2967033,"Yimi Garcia",12095,554340
2016,"Arquimedes Caminero","- - -",0.32432432432432434,1.154929577,0.19047619,0.433862433,0.375661375,0.126760563,0.098591549,25,3.7087912476591094,433,669,1102,0.375,0.39583333,0.22916667,0.19270833,0.51041667,0.296875,"Arquimedes Caminero",8992,491708
2025,"Enyel De Los Santos","- - -",0.2918918918918919,0.82051282,0.256544502,0.335078534,0.408376963,0.115384615,0.089743589,34,4.636364708262289,380,730,1110,0.421875,0.34895833,0.22916667,0.19270833,0.51041667,0.296875,"Enyel De Los Santos",18403,660853
2025,"Raisel Iglesias","ATL",0.25748502994011974,0.602272727,0.189655172,0.304597701,0.505747126,0.068181818,0.09090909,19,2.5396041522340793,297,669,966,0.37714286,0.36571429,0.25714286,0.16,0.54285714,0.29714286,"Raisel Iglesias",17130,628452
2022,"Brock Burke","TEX",0.2660098522167488,0.911111111,0.169082125,0.396135265,0.434782608,0.111111111,0.1,33,3.6072876722382254,476,854,1330,0.32075472,0.38679245,0.29245283,0.13679245,0.56603774,0.29716981,"Brock Burke",17968,656271
2021,"Anthony Bender","MIA",0.27972027972027974,1.825,0.231292517,0.496598639,0.272108843,0.125,0.125,19,2.8342545617832147,341,616,957,0.42567568,0.28378378,0.29054054,0.18918919,0.51351351,0.2972973,"Anthony Bender",19742,669622
2023,"Kevin Kelly","TBR",0.26424870466321243,1.453125,0.194871794,0.476923076,0.328205128,0.109375,0.03125,50,6.716419440066082,369,697,1066,0.40512821,0.36923077,0.22564103,0.16410256,0.53846154,0.2974359,"Kevin Kelly",25679,687330
2024,"Keegan Akin","BAL",0.24731182795698925,0.760869565,0.142857142,0.37037037,0.486772486,0.163043478,0.097826086,39,4.461865416480175,428,816,1244,0.42051282,0.31282051,0.26666667,0.17435897,0.52820513,0.2974359,"Keegan Akin",19362,669211
2021,"Alex Colomé","MIN",0.30456852791878175,1.879310344,0.177339901,0.536945812,0.285714285,0.034482758,0.137931034,36,4.984615969686182,396,706,1102,0.42926829,0.37560976,0.19512195,0.13658537,0.56585366,0.29756098,"Alex Colome",6661,517008
2025,"Hogan Harris","ATH",0.2832369942196532,0.871428571,0.255681818,0.346590909,0.397727272,0.042857142,0.071428571,20,2.7835055925043783,406,719,1125,0.37078652,0.36516854,0.26404494,0.15730337,0.54494382,0.29775281,"Hogan Harris",21520,663687
2022,"Scott Barlow","KCR",0.24022346368715083,1.289855072,0.155080213,0.475935828,0.368983957,0.130434782,0.130434782,38,4.600897648028326,419,779,1198,0.46808511,0.30319149,0.2287234,0.19680851,0.50531915,0.29787234,"Scott Barlow",14993,605130
2022,"Raisel Iglesias","- - -",0.2808219178082192,0.772727272,0.2147651,0.342281879,0.44295302,0.09090909,0.075757575,13,1.8870970644638714,316,663,979,0.38410596,0.40397351,0.21192053,0.1589404,0.54304636,0.29801325,"Raisel Iglesias",17130,628452
2022,"Sam Hentges","CLE",0.25675675675675674,2.676470588,0.155405405,0.614864864,0.229729729,0.058823529,0.088235294,20,2.903226342335303,315,629,944,0.35099338,0.43708609,0.21192053,0.17218543,0.52980132,0.29801325,"Sam Hentges",18548,656529
2026,"Brad Lord","WSN",0.2613065326633166,1.965517241,0.160975609,0.55609756,0.282926829,0.086206896,0.172413793,31,3.8930238083984103,404,829,1233,0.34134615,0.40384615,0.25480769,0.17788462,0.52403846,0.29807692,"Brad Lord",31972,695418
2026,"Sean Newcomb","CHW",0.29493087557603687,1.226666666,0.219626168,0.429906542,0.350467289,0.12,0.053333333,32,3.7241385433819447,438,814,1252,0.33031674,0.41628959,0.25339367,0.16742081,0.53393665,0.29864253,"Sean Newcomb",16943,656794
2025,"Justin Sterner","ATH",0.23717948717948717,0.632911392,0.213414634,0.304878048,0.481707317,0.126582278,0.11392405,27,3.796875678934278,396,682,1078,0.35365854,0.39634146,0.25,0.13414634,0.56707317,0.29878049,"Justin Sterner",27694,686993
2016,"Ross Ohlendorf","CIN",0.2647058823529412,0.707317073,0.217877094,0.324022346,0.458100558,0.170731707,0.170731707,24,3.2893406110797416,450,688,1138,0.35869565,0.32065217,0.32065217,0.17391304,0.52717391,0.29891304,"Ross Ohlendorf",8268,456027
2023,"Nick Sandlin","CLE",0.1925925925925926,0.921875,0.145833333,0.409722222,0.444444444,0.140625,0.1875,33,4.950001258850418,373,635,1008,0.4829932,0.2244898,0.29251701,0.19727891,0.50340136,0.29931973,"Nick Sandlin",20517,680704
2016,"Steve Cishek","SEA",0.24161073825503357,1.114754098,0.167741935,0.438709677,0.393548387,0.13114754,0.13114754,11,1.5468751844018918,406,670,1076,0.36942675,0.38216561,0.24840764,0.18471338,0.51592357,0.29936306,"Steve Cishek",6483,518553
2016,"Ken Giles","HOU",0.348993288590604,1.109090909,0.246753246,0.396103896,0.357142857,0.09090909,0.145454545,22,3.0152285431693815,366,751,1117,0.33121019,0.35031847,0.31847134,0.1910828,0.50955414,0.29936306,"Ken Giles",12910,571704
2022,"Bryan Baker","BAL",0.3103448275862069,1.305084745,0.222857142,0.44,0.337142857,0.118644067,0.050847457,44,6.000001387162963,422,699,1121,0.39548023,0.36158192,0.24293785,0.16384181,0.53672316,0.29943503,"Bryan Baker",19804,641329
2016,"Pedro Báez","LAD",0.23163841807909605,1.130434782,0.196721311,0.426229508,0.37704918,0.115942028,0.159420289,28,3.4054057565024873,390,788,1178,0.36898396,0.40106952,0.22994652,0.20855615,0.49197861,0.29946524,"Pedro Baez",5420,520980
2019,"Miguel Castro","BAL",0.26903553299492383,1.442857142,0.173913043,0.487922705,0.338164251,0.142857142,0.142857142,24,2.9454547497457853,488,744,1232,0.38647343,0.42995169,0.18357488,0.24154589,0.4589372,0.29951691,"Miguel Castro",15684,612434
2022,"Erasmo Ramírez","WSN",0.26778242677824265,1.4,0.213114754,0.459016393,0.327868852,0.125,0.1,38,4.257261680334681,365,764,1129,0.33603239,0.37651822,0.28744939,0.14979757,0.55060729,0.29959514,"Erasmo Ramirez",10314,541640
2021,"David Bednar","PIT",0.25925925925925924,1.074074074,0.2,0.414285714,0.385714285,0.055555555,0.092592592,33,4.895604908660732,292,642,934,0.32142857,0.34285714,0.33571429,0.15714286,0.54285714,0.3,"David Bednar",19569,670280
2026,"Jonathan Loáisiga","ARI",0.2736842105263158,1.909090909,0.153439153,0.555555555,0.291005291,0.072727272,0.054545454,36,4.984615969686182,309,629,938,0.40414508,0.39896373,0.19689119,0.19170984,0.50777202,0.30051813,"Jonathan Loaisiga",19753,642528
2022,"Chris Stratton","- - -",0.3687150837988827,1.383333333,0.209944751,0.458563535,0.331491712,0.1,0.066666666,35,5.163935717957473,384,685,1069,0.3715847,0.36612022,0.26229508,0.1420765,0.55737705,0.30054645,"Chris Stratton",13761,608717
2025,"Kyle Leahy","STL",0.3070539419087137,1.308641975,0.230452674,0.436213991,0.333333333,0.098765432,0.061728395,27,2.8588240426140357,447,864,1311,0.32520325,0.40650407,0.26829268,0.16666667,0.53252033,0.30081301,"Kyle Leahy",24763,681517
2016,"Alex Wilson","DET",0.2850678733031674,1.207317073,0.188340807,0.443946188,0.367713004,0.109756097,0.060975609,34,4.191779945733068,444,686,1130,0.35840708,0.40265487,0.23893805,0.13274336,0.56637168,0.30088496,"Alex Wilson",9239,543935
2026,"Wandy Peralta","SDP",0.3059360730593607,1.485294117,0.231818181,0.459090909,0.309090909,0.102941176,0.102941176,31,3.9668253617174343,415,723,1138,0.4380531,0.33185841,0.2300885,0.1460177,0.55309735,0.30088496,"Wandy Peralta",14295,593974
2026,"Erick Fedde","CHW",0.30454545454545456,1.192771084,0.194690265,0.438053097,0.367256637,0.060240963,0.096385542,30,3.9320389805780422,470,720,1190,0.44690265,0.32743363,0.22566372,0.13716814,0.5619469,0.30088496,"Erick Fedde",17425,607200
2016,"Brad Hand","SDP",0.2644230769230769,1.298701298,0.172897196,0.467289719,0.359813084,0.116883116,0.103896103,51,5.1380595552228225,547,900,1447,0.38888889,0.36111111,0.25,0.22222222,0.47685185,0.30092593,"Brad Hand",9111,543272
2018,"Alex Colomé","- - -",0.2905027932960894,1.563636363,0.241935483,0.462365591,0.295698924,0.09090909,0.127272727,24,3.176470944625736,374,711,1085,0.46236559,0.29569892,0.24193548,0.1344086,0.56451613,0.30107527,"Alex Colome",6661,517008
2021,"Kyle Funkhouser","DET",0.2832369942196532,1.754716981,0.165714285,0.531428571,0.302857142,0.094339622,0.113207547,25,3.552632292221931,446,659,1105,0.36871508,0.34636872,0.2849162,0.19553073,0.5027933,0.30167598,"Kyle Funkhouser",19456,608335
2019,"Alex Claudio","MIL",0.2648648648648649,2.571428571,0.202127659,0.574468085,0.223404255,0.142857142,0.19047619,32,4.645163005150705,349,629,978,0.4375,0.33333333,0.22916667,0.28125,0.41666667,0.30208333,"Alex Claudio",12890,592222
2025,"Juan Mejia","COL",0.2948717948717949,1,0.192546583,0.403726708,0.403726708,0.123076923,0.092307692,12,1.7608697112431495,386,688,1074,0.35802469,0.38888889,0.25308642,0.2037037,0.49382716,0.30246914,"Juan Mejia",23237,675848
2022,"Jarlín García","SFG",0.2702702702702703,0.862068965,0.15625,0.390625,0.453125,0.091954022,0.114942528,21,2.907692648983606,354,661,1015,0.44615385,0.28205128,0.27179487,0.17948718,0.51794872,0.3025641,"Jarlin Garcia",18282,606424
2023,"Craig Kimbrel","PHI",0.23943661971830985,0.739130434,0.210526315,0.335526315,0.453947368,0.115942028,0.144927536,20,2.608695652173913,408,728,1136,0.34210526,0.28947368,0.36842105,0.10526316,0.59210526,0.30263158,"Craig Kimbrel",6655,518886
2024,"Michael Kopech","- - -",0.24475524475524477,0.823529411,0.167785234,0.375838926,0.456375838,0.044117647,0.132352941,30,3.990148270629803,414,732,1146,0.39473684,0.36184211,0.24342105,0.13815789,0.55921053,0.30263158,"Michael Kopech",17282,656629
2018,"Seth Lugo","NYM",0.2561576354679803,1.43283582,0.197044334,0.472906403,0.330049261,0.059701492,0.074626865,29,3.331914785444713,398,801,1199,0.4375,0.30769231,0.25480769,0.17307692,0.52403846,0.30288462,"Seth Lugo",12447,607625
2023,"Kirby Yates","ATL",0.21138211382113822,0.783333333,0.170542635,0.364341085,0.465116279,0.05,0.15,36,5.370166198575874,427,634,1061,0.37878788,0.37878788,0.24242424,0.13636364,0.56060606,0.3030303,"Kirby Yates",9073,489446
2023,"Emmanuel Clase","CLE",0.29493087557603687,2.181818181,0.197247706,0.550458715,0.252293577,0.036363636,0.072727272,12,1.4862385841243144,358,767,1125,0.29411765,0.37556561,0.33031674,0.16289593,0.53393665,0.30316742,"Emmanuel Clase",21032,661403
2017,"George Kontos","- - -",0.2905027932960894,1.393442622,0.197802197,0.467032967,0.335164835,0.049180327,0.147540983,27,3.663317127145503,342,678,1020,0.46808511,0.36170213,0.17021277,0.18617021,0.5106383,0.30319149,"George Kontos",9486,502004
2025,"Jacob Webb","TEX",0.21910112359550563,0.621052631,0.167567567,0.318918918,0.513513513,0.115789473,0.105263157,25,3.409091303171251,329,649,978,0.45744681,0.30851064,0.23404255,0.18617021,0.5106383,0.30319149,"Jacob Webb",19274,657097
2025,"Jackson Rutledge","WSN",0.3256880733944954,0.959183673,0.172413793,0.405172413,0.422413793,0.163265306,0.163265306,32,3.9272734082435967,510,830,1340,0.38034188,0.36752137,0.25213675,0.16666667,0.52991453,0.3034188,"Jackson Rutledge",26215,671131
2021,"José Cisnero","DET",0.2777777777777778,1.363636363,0.207317073,0.457317073,0.335365853,0.181818181,0.109090909,22,3.2108111418452023,405,662,1067,0.33928571,0.33333333,0.32738095,0.17857143,0.51785714,0.30357143,"Jose Cisnero",6399,542585
2023,"Adbert Alzolay","CHC",0.2883435582822086,1.166666666,0.216867469,0.421686746,0.361445783,0.116666666,0.083333333,36,5.0625006034971,321,647,968,0.375,0.41071429,0.21428571,0.17261905,0.52380952,0.30357143,"Adbert Alzolay",17859,640470
2024,"Joe Jiménez","ATL",0.25903614457831325,0.985915492,0.155688622,0.419161676,0.4251497,0.084507042,0.028169014,24,3.1456311844624336,350,739,1089,0.45833333,0.33333333,0.20833333,0.13690476,0.55952381,0.30357143,"Joe Jimenez",15761,641729
2022,"Jesse Chavez","- - -",0.32786885245901637,1.19047619,0.27368421,0.394736842,0.331578947,0.142857142,0.126984126,46,6.058537459092774,398,786,1184,0.26701571,0.40837696,0.32460733,0.18848168,0.5078534,0.30366492,"Jesse Chavez",5448,445926
2021,"Craig Stammen","SDP",0.24766355140186916,1.638888888,0.151785714,0.526785714,0.321428571,0.069444444,0.180555555,34,3.809128871878398,411,763,1174,0.43612335,0.3215859,0.24229075,0.16299559,0.53303965,0.30396476,"Craig Stammen",7274,489334
2026,"Steven Okert","HOU",0.21341463414634146,0.473118279,0.179640718,0.263473053,0.556886227,0.193548387,0.075268817,30,4.029851664039649,346,685,1031,0.40935673,0.3625731,0.22807018,0.22222222,0.47368421,0.30409357,"Steven Okert",13580,595345
2023,"Tyler Holton","DET",0.21266968325791855,1.271604938,0.189427312,0.453744493,0.356828193,0.098765432,0.111111111,32,3.415020277757649,385,797,1182,0.46521739,0.32608696,0.20869565,0.17391304,0.52173913,0.30434783,"Tyler Holton",26231,663947
2025,"Edwin Uceta","TBR",0.29651162790697677,0.7125,0.238888888,0.316666666,0.444444444,0.1,0.1375,49,5.802632161454869,420,794,1214,0.5136612,0.28961749,0.19672131,0.1576087,0.53804348,0.30434783,"Edwin Uceta",20539,670955
2021,"Brent Suter","MIL",0.2935323383084577,1.783333333,0.189320388,0.519417475,0.291262135,0.083333333,0.15,52,6.591550004077965,414,768,1182,0.38095238,0.40952381,0.20952381,0.21428571,0.48095238,0.3047619,"Brent Suter",13942,608718
2022,"Eli Morgan","CLE",0.23225806451612904,0.609756097,0.190184049,0.306748466,0.503067484,0.109756097,0.109756097,25,3.534031978272759,301,665,966,0.39634146,0.31097561,0.29268293,0.17073171,0.52439024,0.30487805,"Eli Morgan",20203,669212
2019,"Francisco Liriano","PIT",0.2708333333333333,1.484848484,0.158974358,0.502564102,0.338461538,0.151515151,0.121212121,37,4.757143375630338,432,701,1133,0.425,0.35,0.225,0.245,0.45,0.305,"Francisco Liriano",3201,434538
2023,"Alexis Díaz","CIN",0.26666666666666666,0.966101694,0.226666666,0.38,0.393333333,0.152542372,0.06779661,19,2.5396041522340793,470,696,1166,0.38311688,0.37012987,0.24675325,0.18181818,0.51298701,0.30519481,"Alexis Diaz",21132,664747
2025,"Jordan Leasure","CHW",0.25874125874125875,0.586666666,0.217105263,0.289473684,0.493421052,0.253333333,0.146666666,27,3.8368431067007043,425,685,1110,0.43506494,0.30519481,0.25974026,0.18831169,0.50649351,0.30519481,"Jordan Leasure",29950,673929
2025,"Daniel Lynch IV","KCR",0.28061224489795916,1.447761194,0.184079601,0.482587064,0.333333333,0.119402985,0.104477611,33,4.689474625732949,379,627,1006,0.42364532,0.36945813,0.20689655,0.16256158,0.5320197,0.30541872,"Daniel Lynch IV",21537,663738
2018,"Joe Kelly","BOS",0.30113636363636365,1.68,0.251396648,0.469273743,0.279329608,0.14,0.08,35,4.7969556151526325,457,719,1176,0.31666667,0.37777778,0.30555556,0.21111111,0.48333333,0.30555556,"Joe Kelly",9761,523260
2018,"Mike Wright Jr.","BAL",0.3360995850622407,0.977777777,0.285140562,0.353413654,0.361445783,0.111111111,0.122222222,31,3.546610972073985,537,904,1441,0.3015873,0.34920635,0.34920635,0.15873016,0.53571429,0.30555556,"Mike Wright Jr.",12586,605541
2024,"Ryan Fernandez","STL",0.3068181818181818,1.288135593,0.237288135,0.429378531,0.333333333,0.06779661,0.06779661,19,2.5650003913879993,468,725,1193,0.44444444,0.34444444,0.21111111,0.10555556,0.58888889,0.30555556,"Ryan Fernandez",24862,681676
2023,"A.J. Minter","ATL",0.33112582781456956,0.818181818,0.22077922,0.35064935,0.428571428,0.136363636,0.09090909,19,2.6443303128791595,366,700,1066,0.36942675,0.32484076,0.30573248,0.15286624,0.54140127,0.30573248,"A.J. Minter",18655,621345
2024,"Jeff Hoffman","PHI",0.2781456953642384,0.921875,0.216560509,0.375796178,0.407643312,0.171875,0.09375,22,2.984924851991652,333,669,1002,0.47770701,0.31847134,0.20382166,0.17197452,0.52229299,0.30573248,"Jeff Hoffman",17432,656546
2023,"Buck Farmer","CIN",0.24102564102564103,0.686868686,0.181372549,0.333333333,0.485294117,0.161616161,0.111111111,26,3.1200006347657543,455,769,1224,0.41262136,0.33980583,0.24757282,0.2184466,0.47572816,0.30582524,"Buck Farmer",14814,571656
2018,"Tyler Clippard","TOR",0.26582278481012656,0.31372549,0.19760479,0.191616766,0.610778443,0.166666666,0.117647058,27,3.591133544791618,390,740,1130,0.34705882,0.33529412,0.31764706,0.23529412,0.45882353,0.30588235,"Tyler Clippard",5640,461325
2025,"Orion Kerkering","PHI",0.29878048780487804,1.092307692,0.195266272,0.420118343,0.384615384,0.138461538,0.092307692,43,6.4500008201600165,385,688,1073,0.38823529,0.29411765,0.31764706,0.18235294,0.51176471,0.30588235,"Orion Kerkering",31776,689147
2019,"Matt Barnes","BOS",0.33858267716535434,1.512195121,0.219696969,0.469696969,0.31060606,0.073170731,0.195121951,32,4.476685353550208,506,804,1310,0.37313433,0.32089552,0.30597015,0.15671642,0.53731343,0.30597015,"Matt Barnes",12863,598264
2024,"Jeremiah Estrada","SDP",0.2900763358778626,0.810344827,0.21641791,0.350746268,0.43283582,0.068965517,0.068965517,32,4.721312361166099,332,672,1004,0.39552239,0.36567164,0.23880597,0.17910448,0.51492537,0.30597015,"Jeremiah Estrada",22210,669093
2021,"Deolis Guerra","OAK",0.2571428571428571,0.688888888,0.160220994,0.342541436,0.497237569,0.155555555,0.088888888,21,2.878173034694774,402,684,1086,0.45355191,0.31147541,0.23497268,0.20765027,0.4863388,0.30601093,"Deolis Guerra",8410,500610
2025,"Tyler Holton","DET",0.22727272727272727,1.548387096,0.225490196,0.470588235,0.303921568,0.096774193,0.177419354,34,4.350711687044928,360,675,1035,0.4354067,0.37320574,0.19138756,0.1722488,0.5215311,0.3062201,"Tyler Holton",26231,663947
2025,"Cade Smith","CLE",0.30177514792899407,0.940298507,0.244186046,0.366279069,0.389534883,0.074626865,0.059701492,37,4.520362615160721,385,797,1182,0.32369942,0.36416185,0.31213873,0.16184971,0.53179191,0.30635838,"Cade Smith",27867,671922
2017,"Craig Stammen","SDP",0.26291079812206575,1.652173913,0.171945701,0.515837104,0.312217194,0.072463768,0.173913043,36,4.033196042185687,462,823,1285,0.42222222,0.39111111,0.18666667,0.17777778,0.51555556,0.30666667,"Craig Stammen",7274,489334
2018,"Collin McHugh","HOU",0.2484076433121019,0.788732394,0.216049382,0.345679012,0.438271604,0.112676056,0.084507042,32,3.981567520206209,417,787,1204,0.38650307,0.35582822,0.25766871,0.20858896,0.48466258,0.30674847,"Collin McHugh",7531,543521
2025,"Dylan Lee","ATL",0.24539877300613497,0.84,0.188235294,0.370588235,0.44117647,0.106666666,0.173333333,33,4.346342272194145,360,743,1103,0.47727273,0.3125,0.21022727,0.17613636,0.51704545,0.30681818,"Dylan Lee",19996,669276
2026,"Matt Festa","CLE",0.3224043715846995,0.873417721,0.208556149,0.368983957,0.422459893,0.139240506,0.075949367,38,5.208123239308573,388,693,1081,0.38624339,0.31746032,0.2962963,0.14814815,0.54497354,0.30687831,"Matt Festa",19330,670036
2023,"Matt Brash","SEA",0.3803680981595092,1.333333333,0.193939393,0.46060606,0.345454545,0.070175438,0.052631578,40,5.094340905977154,495,811,1306,0.3313253,0.34939759,0.31927711,0.19879518,0.4939759,0.30722892,"Matt Brash",25756,666374
2025,"Pete Fairbanks","TBR",0.2389937106918239,1.15625,0.158536585,0.451219512,0.390243902,0.171875,0.109375,13,1.9392266828190656,327,660,987,0.43373494,0.3313253,0.23493976,0.18072289,0.51204819,0.30722892,"Pete Fairbanks",17998,664126
2026,"Gregory Soto","PIT",0.2716049382716049,1.078125,0.179012345,0.425925925,0.395061728,0.203125,0.078125,32,4.363636868059201,432,710,1142,0.38554217,0.34939759,0.26506024,0.20481928,0.48795181,0.30722892,"Gregory Soto",19677,642397
2016,"Will Harris","HOU",0.2934131736526946,2.333333333,0.171597633,0.579881656,0.24852071,0.071428571,0.071428571,12,1.6875003017485681,370,675,1045,0.40236686,0.30177515,0.29585799,0.17751479,0.5147929,0.30769231,"Will Harris",3192,501789
2018,"Felipe Vázquez","PIT",0.33146067415730335,1.327586206,0.25,0.427777777,0.322222222,0.103448275,0.068965517,10,1.2857144258460373,394,808,1202,0.39010989,0.31868132,0.29120879,0.18131868,0.51098901,0.30769231,"Felipe Vazquez",12076,553878
2017,"Liam Hendriks","OAK",0.30303030303030304,1.059701492,0.192982456,0.415204678,0.391812865,0.059701492,0.104477611,25,3.5156262572859256,417,747,1164,0.27906977,0.4244186,0.29651163,0.15116279,0.54069767,0.30813953,"Liam Hendriks",3548,521230
2021,"Miguel Castro","NYM",0.24242424242424243,1.618181818,0.157894736,0.520467836,0.321637426,0.127272727,0.127272727,28,3.6878055642859415,483,712,1195,0.40116279,0.34302326,0.25581395,0.19767442,0.49418605,0.30813953,"Miguel Castro",15684,612434
2023,"Reynaldo López","- - -",0.27631578947368424,0.898550724,0.170886075,0.392405063,0.43670886,0.115942028,0.115942028,23,3.13636413487529,441,770,1211,0.27044025,0.40880503,0.32075472,0.18238994,0.50943396,0.3081761,"Reynaldo Lopez",16400,625643
2023,"Kevin Ginkel","ARI",0.24358974358974358,1.509433962,0.163522012,0.503144654,0.333333333,0.113207547,0.056603773,39,5.372450025217878,405,651,1056,0.33333333,0.33333333,0.33333333,0.16981132,0.52201258,0.3081761,"Kevin Ginkel",19876,656464
2019,"Mychal Givens","BAL",0.2706766917293233,0.96491228,0.227586206,0.379310344,0.393103448,0.070175438,0.228070175,35,5.000001211015299,387,705,1092,0.34931507,0.33561644,0.31506849,0.15753425,0.53424658,0.30821918,"Mychal Givens",10430,571710
2016,"Carlos Torres","MIL",0.2602739726027397,1.285714285,0.207207207,0.445945945,0.346846846,0.051948051,0.103896103,30,3.2793527331877694,490,827,1317,0.30837004,0.34361233,0.34801762,0.2246696,0.46696035,0.30837004,"Carlos Torres",7624,448614
2017,"Jacob Barnes","MIL",0.2722222222222222,1.96,0.195652173,0.532608695,0.27173913,0.08,0.16,24,3.0000006357830125,457,771,1228,0.39361702,0.36702128,0.2393617,0.21808511,0.47340426,0.30851064,"Jacob Barnes",12323,606930
2021,"Drew Steckenrider","SEA",0.2568306010928962,0.921052631,0.219251336,0.37433155,0.406417112,0.197368421,0.065789473,22,2.926108814274652,329,679,1008,0.42021277,0.32446809,0.25531915,0.15425532,0.53723404,0.30851064,"Drew Steckenrider",18806,608716
2026,"Casey Legumina","- - -",0.3149171270718232,1.014285714,0.237837837,0.383783783,0.378378378,0.071428571,0.1,36,5.370166792770362,325,649,974,0.38297872,0.32978723,0.28723404,0.14893617,0.54255319,0.30851064,"Casey Legumina",25921,668984
2025,"Bryan King","HOU",0.27624309392265195,1.115942028,0.223404255,0.409574468,0.367021276,0.115942028,0.144927536,37,4.897059922400064,324,722,1046,0.36649215,0.32984293,0.30366492,0.12041885,0.57068063,0.30890052,"Bryan King",25890,687911
2021,"Génesis Cabrera","STL",0.28,1.106060606,0.201149425,0.419540229,0.379310344,0.121212121,0.045454545,35,4.500000980922368,450,745,1195,0.34269663,0.33707865,0.32022472,0.16292135,0.52808989,0.30898876,"Genesis Cabrera",17490,650893
2024,"Joey Wentz","- - -",0.3118279569892473,1.112676056,0.21875,0.411458333,0.369791666,0.14084507,0.112676056,24,3.207921352448275,464,761,1225,0.42268041,0.32474227,0.25257732,0.15979381,0.53092784,0.30927835,"Joey Wentz",19962,666214
2024,"Aroldis Chapman","PIT",0.32231404958677684,1.191489361,0.176,0.448,0.376,0.063829787,0.106382978,22,3.2108111418452023,418,712,1130,0.36507937,0.31746032,0.31746032,0.13492063,0.55555556,0.30952381,"Aroldis Chapman",10233,547973
2017,"Mychal Givens","BAL",0.25133689839572193,1.063291139,0.172588832,0.426395939,0.401015228,0.151898734,0.126582278,53,6.063559518056304,474,852,1326,0.36040609,0.33502538,0.30456853,0.23857868,0.45177665,0.30964467,"Mychal Givens",10430,571710
2021,"Garrett Whitlock","BOS",0.3036649214659686,1.633333333,0.197969543,0.497461928,0.304568527,0.083333333,0.1,49,6.013637406373007,370,780,1150,0.34010152,0.2893401,0.37055838,0.15736041,0.53299492,0.30964467,"Garrett Whitlock",20191,676477
2023,"Trevor Richards","TOR",0.3263888888888889,0.712328767,0.188311688,0.337662337,0.474025974,0.109589041,0.150684931,27,3.81675453653458,428,769,1197,0.41290323,0.30967742,0.27741935,0.2,0.49032258,0.30967742,"Trevor Richards",19309,670950
2025,"Griffin Jax","- - -",0.3624161073825503,1.511111111,0.261437908,0.444444444,0.294117647,0.088888888,0.155555555,33,4.640625553205675,343,720,1063,0.49677419,0.29677419,0.20645161,0.18064516,0.50967742,0.30967742,"Griffin Jax",20253,643377
2022,"A.J. Puk","OAK",0.2787878787878788,1.180327868,0.19879518,0.433734939,0.367469879,0.098360655,0.114754098,31,4.206030957021849,370,702,1072,0.3625731,0.35672515,0.28070175,0.22807018,0.4619883,0.30994152,"A.J. Puk",19343,640462
2026,"Justin Bruihl","STL",0.29045643153526973,1.539473684,0.18907563,0.491596638,0.319327731,0.078947368,0.052631578,33,3.925111055610334,468,830,1298,0.37959184,0.35918367,0.26122449,0.1755102,0.51428571,0.31020408,"Justin Bruihl",23779,677865
2017,"Dominic Leone","TOR",0.26627218934911245,0.958904109,0.178160919,0.40229885,0.419540229,0.109589041,0.08219178,39,4.990522770603493,394,688,1082,0.37356322,0.32758621,0.29885057,0.20114943,0.48850575,0.31034483,"Dominic Leone",13763,608678
2025,"Ronny Henriquez","MIA",0.2710843373493976,0.860759493,0.140350877,0.397660818,0.461988304,0.126582278,0.101265822,57,7.027398729172533,408,753,1161,0.40804598,0.36206897,0.22988506,0.20114943,0.48850575,0.31034483,"Ronny Henriquez",24094,678692
2021,"Nabil Crismatt","SDP",0.3235294117647059,1.556962025,0.168724279,0.506172839,0.32510288,0.075949367,0.126582278,31,3.4303280833715273,491,846,1337,0.43951613,0.32258065,0.23790323,0.13709677,0.55241935,0.31048387,"Nabil Crismatt",17732,622503
2025,"Yuki Matsui","SDP",0.25748502994011974,0.620689655,0.198863636,0.306818181,0.494318181,0.08045977,0.114942528,22,3.1263164171552993,416,649,1065,0.44632768,0.28813559,0.26553672,0.16384181,0.52542373,0.31073446,"Yuki Matsui",33826,673513
2026,"Paul Blackburn","NYY",0.23148148148148148,1.805970149,0.149321266,0.547511312,0.30316742,0.059701492,0.089552238,40,4.444445281689544,436,723,1159,0.41441441,0.40990991,0.17567568,0.15765766,0.53153153,0.31081081,"Paul Blackburn",14739,621112
2026,"Tyler Holton","DET",0.2935323383084577,1.584615384,0.184466019,0.5,0.31553398,0.138461538,0.123076923,31,4.102942097146,385,681,1066,0.43062201,0.3492823,0.22009569,0.16746411,0.5215311,0.31100478,"Tyler Holton",26231,663947
2021,"Adam Cimber","- - -",0.28095238095238095,1.868852459,0.174528301,0.537735849,0.287735849,0.163934426,0.032786885,44,5.525582473779851,335,687,1022,0.33490566,0.41509434,0.25,0.24528302,0.44339623,0.31132075,"Adam Cimber",15288,643256
2016,"Jesse Chavez","- - -",0.3155080213903743,1.089743589,0.176767676,0.429292929,0.393939393,0.089743589,0.153846153,33,4.4328380923793755,377,746,1123,0.36180905,0.35678392,0.28140704,0.16080402,0.52763819,0.31155779,"Jesse Chavez",5448,445926
2024,"Daniel Hudson","LAD",0.225,0.814814814,0.135294117,0.388235294,0.476470588,0.074074074,0.12345679,28,4.000000242203016,364,635,999,0.41176471,0.37647059,0.21176471,0.12352941,0.56470588,0.31176471,"Daniel Hudson",7146,543339
2025,"Will Vest","DET",0.3131868131868132,2.229166666,0.157608695,0.581521739,0.260869565,0.083333333,0.083333333,23,3.0145635533843627,398,739,1137,0.34946237,0.34946237,0.30107527,0.10215054,0.58602151,0.31182796,"Will Vest",19769,676684
2026,"Louis Varland","TOR",0.28804347826086957,2.195652173,0.192307692,0.554945054,0.252747252,0.02173913,0.04347826,30,3.506493853927598,404,821,1225,0.29569892,0.42473118,0.27956989,0.17204301,0.51612903,0.31182796,"Louis Varland",27691,686973
2016,"Brad Ziegler","- - -",0.325,3.6,0.190954773,0.633165829,0.175879396,0.057142857,0.057142857,20,2.6470586007854293,381,654,1035,0.43564356,0.37623762,0.18811881,0.17326733,0.51485149,0.31188119,"Brad Ziegler",7293,446899
2017,"Héctor Neris","PHI",0.30569948186528495,0.735632183,0.229591836,0.326530612,0.443877551,0.091954022,0.103448275,13,1.5669644991962568,412,820,1232,0.42574257,0.37623762,0.1980198,0.17326733,0.51485149,0.31188119,"Hector Neris",11804,593576
2017,"Tommy Kahnle","- - -",0.35766423357664234,1.075471698,0.214285714,0.407142857,0.378571428,0.056603773,0.075471698,19,2.7287242624653363,333,684,1017,0.35460993,0.29787234,0.34751773,0.17730496,0.5106383,0.31205674,"Tommy Kahnle",11384,592454
2024,"Garrett Cleavinger","TBR",0.304635761589404,1,0.187096774,0.406451612,0.406451612,0.111111111,0.095238095,31,4.650000886917283,384,673,1057,0.40127389,0.38216561,0.21656051,0.18471338,0.50318471,0.31210191,"Garrett Cleavinger",17897,664076
2017,"Archie Bradley","ARI",0.2756756756756757,1.648148148,0.231182795,0.478494623,0.29032258,0.111111111,0.074074074,44,5.424659235076664,388,770,1158,0.32804233,0.33862434,0.33333333,0.19047619,0.4973545,0.31216931,"Archie Bradley",12918,605151
2021,"Giovanny Gallegos","STL",0.2459016393442623,0.701149425,0.2,0.329729729,0.47027027,0.126436781,0.068965517,29,3.248963169867673,420,816,1236,0.32275132,0.39153439,0.28571429,0.17460317,0.51322751,0.31216931,"Giovanny Gallegos",14986,606149
2022,"Griffin Jax","MIN",0.2692307692307692,1.289855072,0.159574468,0.473404255,0.367021276,0.086956521,0.101449275,46,5.723503310296425,375,782,1157,0.37566138,0.35449735,0.26984127,0.14814815,0.53968254,0.31216931,"Griffin Jax",20253,643377
2021,"Brett Martin","TEX",0.3054187192118227,2.34,0.181372549,0.573529411,0.245098039,0.06,0.1,32,4.620322080891391,287,631,918,0.36057692,0.39423077,0.24519231,0.14423077,0.54326923,0.3125,"Brett Martin",17369,656685
2023,"Mark Leiter Jr.","CHC",0.2679738562091503,1.411764705,0.226415094,0.452830188,0.320754716,0.039215686,0.137254901,36,5.036270425484302,418,639,1057,0.46875,0.3625,0.16875,0.175,0.5125,0.3125,"Mark Leiter Jr.",15551,643410
2024,"Adrian Morejon","SDP",0.33714285714285713,1.596491228,0.163841807,0.514124293,0.322033898,0.087719298,0.070175438,26,3.675393697838744,350,714,1064,0.37430168,0.32402235,0.30167598,0.21787709,0.46927374,0.31284916,"Adrian Morejon",20039,670970
2021,"Tyler Duffey","MIN",0.27672955974842767,1.37037037,0.204968944,0.459627329,0.335403726,0.037037037,0.074074074,18,2.5989310114510706,403,650,1053,0.43558282,0.31288344,0.25153374,0.11042945,0.57668712,0.31288344,"Tyler Duffey",13758,608648
2025,"Edwin Díaz","NYM",0.25984251968503935,1.441860465,0.1796875,0.484375,0.3359375,0.069767441,0.093023255,10,1.356784023632569,392,675,1067,0.45038168,0.29007634,0.25954198,0.13740458,0.54961832,0.3129771,"Edwin Diaz",14710,621242
2016,"Trevor Cahill","CHC",0.25157232704402516,2.6,0.226993865,0.558282208,0.214723926,0.028571428,0.2,22,3.263736195328761,453,626,1079,0.46385542,0.3373494,0.19879518,0.20481928,0.48192771,0.31325301,"Trevor Cahill",6249,502239
2017,"Darren O'Day","BAL",0.2558139534883721,1.274509803,0.147058823,0.477941176,0.375,0.156862745,0.156862745,21,3.1325977414286883,352,659,1011,0.3649635,0.43065693,0.20437956,0.24087591,0.44525547,0.31386861,"Darren O'Day",3321,503285
2024,"Phil Maton","- - -",0.24242424242424243,1.311475409,0.175438596,0.467836257,0.356725146,0.213114754,0.114754098,29,4.0781257292257065,397,684,1081,0.47674419,0.33139535,0.19186047,0.19186047,0.49418605,0.31395349,"Phil Maton",18064,664208
2022,"Jaime Barria","LAA",0.23148148148148148,1.022222222,0.18018018,0.414414414,0.405405405,0.1,0.111111111,32,3.8571433826369397,340,707,1047,0.44247788,0.32743363,0.2300885,0.15486726,0.53097345,0.31415929,"Jaime Barria",18356,642545
2026,"Chad Patrick","MIL",0.23880597014925373,0.965517241,0.161764705,0.411764705,0.426470588,0.114942528,0.103448275,30,3.491379884420573,449,792,1241,0.4,0.31904762,0.28095238,0.17142857,0.51428571,0.31428571,"Chad Patrick",30113,694477
2018,"Brandon Kintzler","- - -",0.328042328042328,1.777777777,0.222797927,0.497409326,0.279792746,0.092592592,0.092592592,17,2.521978682732499,355,626,981,0.34020619,0.41237113,0.24742268,0.2371134,0.44845361,0.31443299,"Brandon Kintzler",9939,445213
2025,"Grant Anderson","MIL",0.27419354838709675,1.144927536,0.216931216,0.417989417,0.365079365,0.086956521,0.115942028,31,4.004785273762428,417,741,1158,0.37113402,0.3814433,0.24742268,0.16494845,0.52061856,0.31443299,"Grant Anderson",20546,681982
2023,"Hoby Milner","MIL",0.2543352601156069,1.483333333,0.148571428,0.508571428,0.342857142,0.1,0.083333333,20,2.7979283459688795,363,664,1027,0.37640449,0.32022472,0.30337079,0.16853933,0.51685393,0.31460674,"Hoby Milner",13346,571948
2025,"Emilio Pagán","CIN",0.2,0.505376344,0.146341463,0.286585365,0.56707317,0.139784946,0.107526881,10,1.3106796601926807,369,700,1069,0.43030303,0.28484848,0.28484848,0.18787879,0.4969697,0.31515152,"Emilio Pagan",14771,641941
2022,"Hunter Strickland","CIN",0.30113636363636365,0.807692307,0.233695652,0.342391304,0.423913043,0.192307692,0.102564102,24,3.4652409244672744,414,685,1099,0.41304348,0.38043478,0.20652174,0.18478261,0.5,0.31521739,"Hunter Strickland",7836,519326
2024,"Bryan Abreu","HOU",0.2857142857142857,0.961038961,0.174863387,0.404371584,0.420765027,0.077922077,0.116883116,52,5.974468473034698,462,840,1302,0.375,0.38586957,0.23913043,0.125,0.55978261,0.31521739,"Bryan Abreu",16609,650556
2021,"Alex Reyes","STL",0.23270440251572327,0.835616438,0.187878787,0.369696969,0.442424242,0.136986301,0.123287671,31,3.8571431283655917,508,741,1249,0.38095238,0.35714286,0.26190476,0.16666667,0.51785714,0.31547619,"Alex Reyes",15015,621052
2018,"Jonathan Holder","NYY",0.26344086021505375,0.585106382,0.198924731,0.295698924,0.505376344,0.127659574,0.042553191,36,4.984617139828188,344,669,1013,0.41052632,0.33157895,0.25789474,0.19473684,0.48947368,0.31578947,"Jonathan Holder",16588,656547
2019,"Taylor Rogers","MIN",0.3067484662576687,1.615384615,0.180722891,0.506024096,0.313253012,0.057692307,0.153846153,20,2.6086962290658766,329,736,1065,0.33918129,0.36842105,0.29239766,0.19298246,0.49122807,0.31578947,"Taylor Rogers",13449,573124
2023,"Evan Phillips","LAD",0.2191780821917808,1.163636363,0.206666666,0.426666666,0.366666666,0.072727272,0.109090909,22,3.2282611372791075,299,617,916,0.42105263,0.32894737,0.25,0.125,0.55921053,0.31578947,"Evan Phillips",17734,623465
2026,"José A. Ferrer","SEA",0.32673267326732675,2.052631578,0.155339805,0.567961165,0.276699029,0.087719298,0.122807017,35,4.896374024776405,352,717,1069,0.29665072,0.38755981,0.31578947,0.18660287,0.49760766,0.31578947,"Jose A. Ferrer",24017,678606
2026,"Carmen Mlodzinski","PIT",0.23039215686274508,1.048780487,0.184466019,0.417475728,0.398058252,0.121951219,0.060975609,40,5.2682930750623065,387,684,1071,0.4354067,0.28229665,0.28229665,0.15311005,0.53110048,0.31578947,"Carmen Mlodzinski",27572,669387
2019,"Wade LeBlanc","SEA",0.2766798418972332,1.097087378,0.187969924,0.42481203,0.387218045,0.13592233,0.155339805,40,4.251968248504383,451,868,1319,0.4795539,0.28252788,0.23791822,0.15241636,0.53159851,0.31598513,"Wade LeBlanc",5221,453281
2018,"Ryan Yarbrough","TBR",0.28273809523809523,1.007633587,0.246418338,0.378223495,0.375358166,0.129770992,0.114503816,67,5.081461436458761,672,1267,1939,0.42450142,0.3019943,0.27350427,0.19088319,0.49287749,0.31623932,"Ryan Yarbrough",16502,642232
2017,"Juan Nicasio","- - -",0.2760416666666667,1.396825396,0.21761658,0.455958549,0.32642487,0.063492063,0.079365079,25,3.1106001583108704,404,823,1227,0.29591837,0.39795918,0.30612245,0.18367347,0.5,0.31632653,"Juan Nicasio",7731,504379
2023,"Mike Baumann","BAL",0.2647058823529412,1.042253521,0.176136363,0.420454545,0.40340909,0.084507042,0.098591549,42,5.845362433897079,400,673,1073,0.30508475,0.40677966,0.28813559,0.1299435,0.55367232,0.31638418,"Mike Baumann",20206,657508
2026,"Calvin Faucher","MIA",0.2840909090909091,2.279069767,0.194285714,0.56,0.245714285,0.046511627,0.023255813,46,6.1485160126102585,443,700,1143,0.38983051,0.33898305,0.27118644,0.1299435,0.55367232,0.31638418,"Calvin Faucher",20116,676534
2018,"Brad Hand","- - -",0.29333333333333333,1.320754716,0.206451612,0.451612903,0.341935483,0.113207547,0.150943396,14,1.7500006490285949,432,778,1210,0.41139241,0.32278481,0.26582278,0.1835443,0.5,0.3164557,"Brad Hand",9111,543272
2021,"Jake Brentz","KCR",0.25,1.407407407,0.161290322,0.49032258,0.348387096,0.074074074,0.129629629,43,6.046876081265703,435,671,1106,0.41139241,0.34810127,0.24050633,0.11392405,0.56962025,0.3164557,"Jake Brentz",17783,641394
2017,"Warwick Saupold","DET",0.2894736842105263,1.180555555,0.203045685,0.431472081,0.365482233,0.125,0.125,31,4.452128382277531,431,657,1088,0.37688442,0.32663317,0.29648241,0.16080402,0.52261307,0.31658291,"Warwick Saupold",13211,599683
2026,"AJ Blubaugh","HOU",0.25203252032520324,0.68,0.173228346,0.334645669,0.492125984,0.12,0.104,53,5.003496770445111,624,1001,1625,0.40926641,0.33204633,0.25868726,0.11969112,0.56370656,0.31660232,"AJ Blubaugh",31764,805123
2024,"Yuki Matsui","SDP",0.24836601307189543,0.849315068,0.161490683,0.385093167,0.453416149,0.109589041,0.109589041,46,6.606384453270871,392,661,1053,0.49689441,0.28571429,0.2173913,0.17391304,0.50931677,0.31677019,"Yuki Matsui",33826,673513
2025,"John Schreiber","KCR",0.27167630057803466,0.922077922,0.186813186,0.39010989,0.423076923,0.116883116,0.129870129,28,3.937501173466794,372,675,1047,0.3715847,0.40983607,0.21857923,0.18579235,0.49726776,0.31693989,"John Schreiber",20020,670167
2021,"Bryan Shaw","CLE",0.2757009345794392,1.485294117,0.238738738,0.454954954,0.306306306,0.088235294,0.147058823,52,6.05172513299566,518,849,1367,0.32589286,0.38839286,0.28571429,0.17410714,0.50892857,0.31696429,"Bryan Shaw",8110,543766
2022,"José Ruiz","CHW",0.2838709677419355,1.029850746,0.170731707,0.420731707,0.408536585,0.059701492,0.134328358,25,3.7087918306777166,451,664,1115,0.36585366,0.40243902,0.23170732,0.16463415,0.51829268,0.31707317,"Jose Ruiz",14552,614179
2019,"Sergio Romo","- - -",0.26380368098159507,0.802631578,0.189349112,0.360946745,0.449704142,0.144736842,0.092105263,19,2.834255099387861,335,660,995,0.45882353,0.33529412,0.20588235,0.20588235,0.47647059,0.31764706,"Sergio Romo",9817,489265
2025,"Anthony Banda","LAD",0.22699386503067484,0.87012987,0.147928994,0.396449704,0.455621301,0.09090909,0.09090909,44,6.123713025987416,406,645,1051,0.37058824,0.32941176,0.3,0.15294118,0.52941176,0.31764706,"Anthony Banda",14706,607455
2019,"Marcus Walden","BOS",0.2644230769230769,1.965517241,0.192488262,0.535211267,0.272300469,0.120689655,0.103448275,50,5.769232462144254,466,802,1268,0.40186916,0.36915888,0.22897196,0.1728972,0.50934579,0.31775701,"Marcus Walden",8004,519393
2016,"Ryan Pressly","MIN",0.31140350877192985,1.083333333,0.242424242,0.393939393,0.363636363,0.119047619,0.095238095,44,5.256640184888018,424,796,1220,0.33050847,0.30508475,0.36440678,0.16949153,0.51271186,0.31779661,"Ryan Pressly",7005,519151
2023,"David Bednar","PIT",0.29411764705882354,0.858974358,0.147058823,0.394117647,0.458823529,0.141025641,0.038461538,15,2.004950646500589,365,741,1106,0.38150289,0.39306358,0.22543353,0.19653179,0.48554913,0.31791908,"David Bednar",19569,670280
2025,"Garrett Whitlock","BOS",0.30409356725146197,1.3,0.202312138,0.450867052,0.346820809,0.05,0.033333333,47,5.875000622537467,373,807,1180,0.3583815,0.31213873,0.32947977,0.12716763,0.55491329,0.31791908,"Garrett Whitlock",20191,676477
2021,"Chris Stratton","PIT",0.2932692307692308,1.098765432,0.209302325,0.413953488,0.376744186,0.12345679,0.111111111,46,5.2184877295285865,500,874,1374,0.3640553,0.34101382,0.29493088,0.11981567,0.56221198,0.31797235,"Chris Stratton",13761,608717
2021,"Héctor Neris","PHI",0.2621951219512195,1.171428571,0.126436781,0.471264367,0.40229885,0.1,0.171428571,36,4.358745140237362,434,809,1243,0.46590909,0.35227273,0.18181818,0.21022727,0.47159091,0.31818182,"Hector Neris",11804,593576
2022,"Will Vest","DET",0.3081395348837209,1.833333333,0.218390804,0.505747126,0.275862068,0.104166666,0.104166666,20,2.93478303460414,366,670,1036,0.30113636,0.42045455,0.27840909,0.14772727,0.53409091,0.31818182,"Will Vest",19769,676684
2026,"Yuki Matsui","SDP",0.20408163265306123,0.64556962,0.127516778,0.342281879,0.530201342,0.177215189,0.088607594,25,3.534031978272759,411,672,1083,0.42857143,0.31818182,0.25324675,0.17532468,0.50649351,0.31818182,"Yuki Matsui",33826,673513
2019,"Héctor Rondón","HOU",0.24260355029585798,1.459016393,0.15730337,0.5,0.342696629,0.016393442,0.163934426,44,6.6000008392335054,357,605,962,0.34636872,0.38547486,0.26815642,0.22905028,0.45251397,0.31843575,"Hector Rondon",2391,444468
2025,"Brendon Little","TOR",0.2967741935483871,2.486486486,0.173076923,0.589743589,0.237179487,0.108108108,0.054054054,39,5.13658689518236,535,705,1240,0.47770701,0.33121019,0.1910828,0.1910828,0.49044586,0.31847134,"Brendon Little",21574,663893
2017,"Paul Sewald","NYM",0.28735632183908044,0.703703703,0.220338983,0.322033898,0.457627118,0.098765432,0.098765432,26,3.5816333501452524,393,739,1132,0.4010989,0.31318681,0.28571429,0.18131868,0.5,0.31868132,"Paul Sewald",13892,623149
2021,"Mike Mayers","LAA",0.3157894736842105,0.828947368,0.205714285,0.36,0.434285714,0.092105263,0.144736842,58,7.317758313786571,420,753,1173,0.30769231,0.41758242,0.27472527,0.11538462,0.56593407,0.31868132,"Mike Mayers",15451,594577
2023,"Phil Bickford","- - -",0.288135593220339,0.574712643,0.234636871,0.279329608,0.486033519,0.126436781,0.091954022,41,5.480198899480436,458,775,1233,0.38378378,0.32432432,0.29189189,0.16756757,0.51351351,0.31891892,"Phil Bickford",18519,641360
2026,"Brennan Bernardino","COL",0.2692307692307692,1.257575757,0.172222222,0.461111111,0.366666666,0.106060606,0.06060606,21,3.098361430774484,354,590,944,0.35135135,0.38918919,0.25945946,0.17297297,0.50810811,0.31891892,"Brennan Bernardino",16835,657514
2023,"David Robertson","- - -",0.2948717948717949,1.029850746,0.15,0.43125,0.41875,0.164179104,0.104477611,19,2.61734714253851,386,683,1069,0.3803681,0.33128834,0.28834356,0.17791411,0.50306748,0.3190184,"David Robertson",8241,502085
2024,"Griffin Jax","MIN",0.26875,1.615384615,0.155279503,0.52173913,0.322981366,0.057692307,0.076923076,57,7.225352889085462,328,740,1068,0.41717791,0.35582822,0.22699387,0.23312883,0.44785276,0.3190184,"Griffin Jax",20253,643377
2019,"Robert Gsellman","NYM",0.3149171270718232,1.301587301,0.216216216,0.443243243,0.34054054,0.095238095,0.111111111,26,3.675394358491553,397,675,1072,0.35638298,0.36170213,0.28191489,0.21808511,0.46276596,0.31914894,"Robert Gsellman",13696,607229
2024,"Dylan Floro","- - -",0.28846153846153844,1.357142857,0.210526315,0.454545454,0.334928229,0.057142857,0.071428571,40,5.2427193689037805,359,661,1020,0.35211268,0.342723,0.30516432,0.12676056,0.55399061,0.31924883,"Dylan Floro",13394,571670
2024,"José Alvarado","PHI",0.26875,1.442307692,0.220858895,0.460122699,0.319018404,0.153846153,0.115384615,18,2.6270272978733473,405,651,1056,0.39759036,0.3253012,0.27710843,0.1686747,0.51204819,0.31927711,"Jose Alvarado",17780,621237
2026,"Didier Fuentes","ATL",0.2716049382716049,0.924242424,0.220858895,0.374233128,0.404907975,0.136363636,0.06060606,45,5.841346582364785,380,752,1132,0.36746988,0.30120482,0.3313253,0.1626506,0.51807229,0.31927711,"Didier Fuentes",30661,800311
2022,"Keegan Akin","BAL",0.2638888888888889,1.563380281,0.18018018,0.5,0.319819819,0.056338028,0.14084507,29,3.2899164936989687,355,838,1193,0.41333333,0.36,0.22666667,0.15555556,0.52444444,0.32,"Keegan Akin",19362,669211
2024,"Pedro Avila","- - -",0.2914798206278027,1.355263157,0.218340611,0.449781659,0.331877729,0.078947368,0.105263157,34,3.701613358726915,538,885,1423,0.35930736,0.38095238,0.25974026,0.11255411,0.56709957,0.32034632,"Pedro Avila",18864,658648
2021,"Jhoulys Chacín","COL",0.24,1.316666666,0.223463687,0.441340782,0.33519553,0.083333333,0.116666666,29,4.325967215519454,390,627,1017,0.4640884,0.32044199,0.21546961,0.17127072,0.50828729,0.32044199,"Jhoulys Chacin",2608,468504
2025,"Bryan Abreu","HOU",0.3092105263157895,0.885245901,0.258064516,0.348387096,0.393548387,0.147540983,0.06557377,22,2.7887326940329853,452,739,1191,0.38461538,0.41666667,0.19871795,0.16666667,0.51282051,0.32051282,"Bryan Abreu",16609,650556
2025,"Angel Zerpa","KCR",0.3277777777777778,2.65116279,0.142076502,0.622950819,0.234972677,0,0.162790697,29,4.164894800156273,378,691,1069,0.37967914,0.36363636,0.25668449,0.13368984,0.54545455,0.32085561,"Angel Zerpa",22717,672582
2018,"Jesse Biddle","ATL",0.27672955974842767,2.571428571,0.228395061,0.555555555,0.216049382,0.114285714,0.171428571,27,3.81675453653458,372,641,1013,0.38181818,0.35757576,0.26060606,0.18181818,0.4969697,0.32121212,"Jesse Biddle",11437,592145
2019,"Craig Stammen","SDP",0.2838983050847458,1.702702702,0.193548387,0.508064516,0.298387096,0.04054054,0.175675675,38,4.170732871469508,443,808,1251,0.40963855,0.36947791,0.22088353,0.17670683,0.50200803,0.32128514,"Craig Stammen",7274,489334
2017,"José Ramírez","ATL",0.22641509433962265,1.085714285,0.115151515,0.46060606,0.424242424,0.042857142,0.128571428,30,4.3548397814448645,369,662,1031,0.30357143,0.38095238,0.31547619,0.18452381,0.49404762,0.32142857,"Jose Ramirez",10171,542432
2023,"Julian Merryweather","CHC",0.3125,1.014925373,0.191616766,0.407185628,0.401197604,0.104477611,0.119402985,48,6.000000635782945,439,791,1230,0.30952381,0.43452381,0.25595238,0.16666667,0.51190476,0.32142857,"Julian Merryweather",16703,657240
2021,"Chad Green","NYY",0.23243243243243245,0.514285714,0.196969696,0.272727272,0.53030303,0.171428571,0.133333333,50,5.378486709714695,432,880,1312,0.39698492,0.34673367,0.25628141,0.2361809,0.44221106,0.32160804,"Chad Green",15552,643338
2024,"Robert Suarez","SDP",0.2556818181818182,1.027027027,0.175824175,0.417582417,0.406593406,0.121621621,0.094594594,14,1.9384617659890706,323,655,978,0.33879781,0.32786885,0.33333333,0.18032787,0.49726776,0.32240437,"Robert Suarez",30115,663158
2018,"Ryan Tepera","TOR",0.2911392405063291,1.123076923,0.168674698,0.439759036,0.391566265,0.153846153,0.138461538,46,6.4020636180777535,394,644,1038,0.50898204,0.24550898,0.24550898,0.23952096,0.43712575,0.32335329,"Ryan Tepera",10291,572193
2026,"Ryne Stanek","STL",0.27044025157232704,1.015384615,0.210843373,0.397590361,0.391566265,0.138461538,0.138461538,20,2.872341066639509,416,663,1079,0.4491018,0.23952096,0.31137725,0.14371257,0.53293413,0.32335329,"Ryne Stanek",15947,592773
2016,"Vance Worley","BAL",0.29081632653061223,1.405797101,0.182266009,0.477832512,0.339901477,0.130434782,0.115942028,37,5.149484738595107,344,600,944,0.40686275,0.31862745,0.2745098,0.15686275,0.51960784,0.32352941,"Vance Worley",6435,474699
2018,"Steve Cishek","CHC",0.23809523809523808,1.355932203,0.177514792,0.473372781,0.349112426,0.06779661,0.084745762,34,4.350713102873434,445,712,1157,0.34682081,0.36416185,0.28901734,0.17919075,0.49710983,0.32369942,"Steve Cishek",6483,518553
2025,"Robert Suarez","SDP",0.2411764705882353,0.887323943,0.229885057,0.362068965,0.408045977,0.14084507,0.084507042,9,1.1626794682800976,346,732,1078,0.32386364,0.35227273,0.32386364,0.15909091,0.51704545,0.32386364,"Robert Suarez",30115,663158
2023,"Jhoan Duran","MIN",0.29411764705882354,3.033333333,0.123188405,0.659420289,0.217391304,0.033333333,0.2,17,2.454545654830986,359,661,1020,0.34507042,0.45070423,0.20422535,0.20422535,0.47183099,0.32394366,"Jhoan Duran",21029,661395
2017,"Hunter Strickland","SFG",0.3142857142857143,0.873417721,0.168539325,0.387640449,0.443820224,0.151898734,0.050632911,31,4.548914269486417,353,631,984,0.31284916,0.41340782,0.27374302,0.20670391,0.46927374,0.32402235,"Hunter Strickland",7836,519326
2026,"Ryan Watson","- - -",0.28846153846153844,1.011904761,0.206572769,0.399061032,0.394366197,0.154761904,0.095238095,33,4.125000327825572,396,742,1138,0.43518519,0.2962963,0.26851852,0.15277778,0.52314815,0.32407407,"Ryan Watson",27853,670245
2025,"Lake Bachar","MIA",0.25,0.7625,0.212290502,0.340782122,0.446927374,0.1,0.125,45,5.869565866394692,401,703,1104,0.42307692,0.34615385,0.23076923,0.16483516,0.51098901,0.32417582,"Lake Bachar",19222,669199
2026,"Tyler Wells","- - -",0.22033898305084745,0.48,0.182320441,0.26519337,0.552486187,0.19,0.08,25,3.1250001655684665,338,730,1068,0.36756757,0.37837838,0.25405405,0.15675676,0.51891892,0.32432432,"Tyler Wells",20000,669330
2026,"Grant Taylor","CHW",0.29213483146067415,1.444444444,0.163043478,0.494565217,0.342391304,0.063492063,0.111111111,39,4.558442010105877,427,828,1255,0.39459459,0.33513514,0.27027027,0.11351351,0.56216216,0.32432432,"Grant Taylor",33927,691799
2026,"Yoendrys Gómez","- - -",0.281767955801105,0.533333333,0.254054054,0.259459459,0.486486486,0.144444444,0.077777777,13,1.772727580109957,440,707,1147,0.40425532,0.29787234,0.29787234,0.18085106,0.49468085,0.32446809,"Yoendrys Gomez",22872,672782
2017,"Edwin Díaz","SEA",0.2361111111111111,0.842857142,0.145695364,0.390728476,0.463576158,0.242857142,0.142857142,7,0.9545457855730181,410,720,1130,0.41558442,0.25974026,0.32467532,0.24025974,0.43506494,0.32467532,"Edwin Diaz",14710,621242
2026,"Bryan Baker","TBR",0.20666666666666667,0.951612903,0.198675496,0.390728476,0.410596026,0.129032258,0.064516129,11,1.614130468246843,310,656,966,0.46753247,0.28571429,0.24675325,0.16233766,0.51298701,0.32467532,"Bryan Baker",19804,641329
2016,"AJ Ramos","MIA",0.3090909090909091,0.967213114,0.259259259,0.36419753,0.376543209,0.147540983,0.016393442,6,0.84375010058285,428,689,1117,0.45783133,0.3253012,0.21686747,0.18674699,0.48795181,0.3253012,"AJ Ramos",8350,573109
2023,"Erik Swanson","TOR",0.27848101265822783,0.866666666,0.146341463,0.396341463,0.457317073,0.053333333,0.106666666,34,4.590000700378525,367,692,1059,0.42771084,0.3313253,0.24096386,0.12650602,0.54819277,0.3253012,"Erik Swanson",16587,657024
2024,"Tyler Kinley","COL",0.2994011976047904,0.943661971,0.220338983,0.378531073,0.401129943,0.098591549,0.154929577,24,3.3750004023314,442,745,1187,0.48876404,0.35393258,0.15730337,0.17977528,0.49438202,0.3258427,"Tyler Kinley",18297,641755
2019,"Luke Jackson","ATL",0.38596491228070173,2.743589743,0.175141242,0.604519774,0.220338983,0.051282051,0.256410256,48,5.944954960668016,450,804,1254,0.38674033,0.3480663,0.26519337,0.15469613,0.51933702,0.32596685,"Luke Jackson",11752,592426
2025,"Jack Dreyer","LAD",0.24293785310734464,0.761904761,0.154285714,0.365714285,0.48,0.142857142,0.047619047,29,3.838236155394645,353,671,1024,0.39226519,0.37016575,0.23756906,0.16022099,0.51381215,0.32596685,"Jack Dreyer",30249,676263
2017,"Corey Knebel","MIL",0.3111111111111111,0.857142857,0.170212765,0.382978723,0.44680851,0.158730158,0.095238095,9,1.0657897946577959,498,861,1359,0.41134752,0.29078014,0.29787234,0.21276596,0.46099291,0.32624113,"Corey Knebel",15010,608349
2021,"Jake Diekman","OAK",0.2824427480916031,0.786885245,0.210144927,0.347826086,0.442028985,0.098360655,0.163934426,20,2.9670334645421734,432,685,1117,0.31205674,0.41843972,0.26950355,0.17021277,0.5035461,0.32624113,"Jake Diekman",5003,518617
2016,"Dellin Betances","NYY",0.35251798561151076,2,0.191489361,0.539007092,0.269503546,0.157894736,0.131578947,26,3.2054807921028834,468,782,1250,0.41666667,0.3125,0.27083333,0.25694444,0.41666667,0.32638889,"Dellin Betances",6216,476454
2016,"Felipe Vázquez","- - -",0.31216931216931215,1.593220338,0.215384615,0.482051282,0.302564102,0.06779661,0.118644067,31,3.623377610668671,456,838,1294,0.33163265,0.36734694,0.30102041,0.23469388,0.43877551,0.32653061,"Felipe Vazquez",12076,553878
2016,"Michael Feliz","HOU",0.3146853146853147,1.142857142,0.210526315,0.421052631,0.368421052,0.053571428,0.178571428,41,5.676923076923077,428,720,1148,0.39215686,0.34640523,0.26143791,0.15686275,0.51633987,0.32679739,"Michael Feliz",11903,593140
2023,"Bryan Abreu","HOU",0.2585034013605442,0.918032786,0.225165562,0.370860927,0.403973509,0.081967213,0.098360655,41,5.125000543064599,463,755,1218,0.33986928,0.29411765,0.36601307,0.1372549,0.53594771,0.32679739,"Bryan Abreu",16609,650556
2024,"Will Vest","DET",0.2871287128712871,1.767857142,0.240196078,0.485294117,0.274509803,0.053571428,0.053571428,38,4.8625606482803265,387,775,1162,0.26341463,0.39512195,0.34146341,0.15121951,0.52195122,0.32682927,"Will Vest",19769,676684
2018,"Heath Hembree","BOS",0.2945205479452055,0.953125,0.193548387,0.393548387,0.412903225,0.09375,0.15625,38,5.7000028991713965,403,701,1104,0.37179487,0.29487179,0.33333333,0.18589744,0.48717949,0.32692308,"Heath Hembree",11632,592390
2024,"Yennier Cano","BAL",0.3137254901960784,3.03030303,0.163522012,0.628930817,0.207547169,0.06060606,0.181818181,28,4.200001335144467,372,636,1008,0.45283019,0.39622642,0.1509434,0.16352201,0.50943396,0.32704403,"Yennier Cano",25911,666974
2025,"Camilo Doval","- - -",0.2865853658536585,1.977777777,0.192771084,0.536144578,0.271084337,0.111111111,0.088888888,20,2.7551023357364666,412,697,1109,0.5,0.30357143,0.19642857,0.16666667,0.50595238,0.32738095,"Camilo Doval",21992,666808
2023,"Enyel De Los Santos","CLE",0.2754491017964072,1.014705882,0.198830409,0.403508771,0.397660818,0.014705882,0.058823529,31,4.248731622644666,380,675,1055,0.42105263,0.34502924,0.23391813,0.09356725,0.57894737,0.32748538,"Enyel De Los Santos",18403,660853
2025,"Gregory Soto","- - -",0.3411764705882353,1.339285714,0.233918128,0.438596491,0.32748538,0.071428571,0.071428571,27,4.027625667551171,363,669,1032,0.37931034,0.4137931,0.20689655,0.17241379,0.5,0.32758621,"Gregory Soto",19677,642397
2023,"Ryan Pressly","HOU",0.27218934911242604,1.796296296,0.146892655,0.548022598,0.305084745,0.055555555,0.148148148,10,1.3775511276518473,338,687,1025,0.44632768,0.37288136,0.18079096,0.11864407,0.55367232,0.32768362,"Ryan Pressly",7005,519151
2024,"Roansy Contreras","- - -",0.24550898203592814,1.114285714,0.154285714,0.445714285,0.4,0.071428571,0.142857142,18,2.670330034133266,328,600,928,0.4180791,0.35028249,0.23163842,0.17514124,0.49717514,0.32768362,"Roansy Contreras",22810,672710
2022,"Ryan Helsley","STL",0.18487394957983194,0.671875,0.137096774,0.346774193,0.516129032,0.140625,0.09375,23,3.201031431380035,314,648,962,0.344,0.368,0.288,0.2,0.472,0.328,"Ryan Helsley",18138,664854
2018,"Dylan Floro","- - -",0.2903225806451613,2.081632653,0.183783783,0.551351351,0.264864864,0.102040816,0.061224489,21,2.9531249119900194,346,647,993,0.36507937,0.31746032,0.31746032,0.20634921,0.46560847,0.32804233,"Dylan Floro",13394,571670
2019,"Seth Lugo","NYM",0.26519337016574585,1.094594594,0.175531914,0.430851063,0.393617021,0.081081081,0.108108108,46,5.175000987053106,426,849,1275,0.44973545,0.30687831,0.24338624,0.12169312,0.55026455,0.32804233,"Seth Lugo",12447,607625
2025,"Carlos Estévez","KCR",0.23369565217391305,0.484536082,0.234042553,0.25,0.515957446,0.154639175,0.051546391,9,1.2272728691416503,361,682,1043,0.31746032,0.3968254,0.28571429,0.20634921,0.46560847,0.32804233,"Carlos Estevez",14542,608032
2025,"Aroldis Chapman","BOS",0.2,0.859649122,0.16535433,0.385826771,0.448818897,0.105263157,0.052631578,13,1.9076088538467453,276,644,920,0.328125,0.34375,0.328125,0.1328125,0.5390625,0.328125,"Aroldis Chapman",10233,547973
2016,"Kenley Jansen","LAD",0.23846153846153847,0.549295774,0.153846153,0.3,0.546153846,0.154929577,0.056338028,8,1.0485439611567424,278,724,1002,0.3358209,0.34328358,0.32089552,0.20149254,0.47014925,0.32835821,"Kenley Jansen",3096,445276
2024,"Ryan Thompson","ARI",0.2964824120603015,2.688888888,0.157360406,0.614213197,0.228426395,0.155555555,0.111111111,35,4.748744628895635,320,660,980,0.45098039,0.39215686,0.15686275,0.19607843,0.4754902,0.32843137,"Ryan Thompson",16647,657044
2025,"Brenan Hanifee","DET",0.30845771144278605,2.235294117,0.19117647,0.558823529,0.25,0.058823529,0.058823529,30,4.5000008583070485,344,603,947,0.37745098,0.34313725,0.27941176,0.16666667,0.50490196,0.32843137,"Brenan Hanifee",22304,669724
2019,"Michael Lorenzen","CIN",0.2694063926940639,1.375,0.233183856,0.443946188,0.322869955,0.069444444,0.125,41,4.428001891846511,494,841,1335,0.37280702,0.32017544,0.30701754,0.17105263,0.5,0.32894737,"Michael Lorenzen",14843,547179
2016,"Randall Delgado","ARI",0.3094170403587444,1.094117647,0.21238938,0.411504424,0.376106194,0.117647058,0.094117647,25,3,535,820,1355,0.44155844,0.31168831,0.24675325,0.16883117,0.5021645,0.32900433,"Randall Delgado",5985,517414
2023,"Carlos Estévez","LAA",0.34375,0.653846153,0.222891566,0.307228915,0.469879518,0.153846153,0.089743589,14,2.0213905392725766,378,750,1128,0.33532934,0.34131737,0.32335329,0.20958084,0.46107784,0.32934132,"Carlos Estevez",14542,608032
2022,"Kyle Finnegan","WSN",0.2694610778443114,1.527272727,0.201149425,0.48275862,0.316091954,0.127272727,0.163636363,29,3.915000597381683,364,689,1053,0.38636364,0.32954545,0.28409091,0.15340909,0.51704545,0.32954545,"Kyle Finnegan",15009,640448
2025,"Hunter Gaddis","CLE",0.29239766081871343,0.855263157,0.198863636,0.369318181,0.431818181,0.105263157,0.105263157,28,3.7800005767823146,360,692,1052,0.47486034,0.3575419,0.16759777,0.15642458,0.51396648,0.32960894,"Hunter Gaddis",25636,683769
2018,"Kenley Jansen","LAD",0.2342857142857143,0.804878048,0.208556149,0.352941176,0.438502673,0.158536585,0.158536585,9,1.130232598246467,366,775,1141,0.43085106,0.33510638,0.23404255,0.2712766,0.39893617,0.32978723,"Kenley Jansen",3096,445276
2025,"José Buttó","- - -",0.30851063829787234,1.444444444,0.185185185,0.481481481,0.333333333,0.079365079,0.063492063,30,4.029851664039649,430,668,1098,0.46073298,0.31937173,0.21989529,0.15183246,0.51832461,0.32984293,"Jose Butto",23313,676130
2016,"Addison Reed","NYM",0.2857142857142857,1.04054054,0.225641025,0.394871794,0.379487179,0.054054054,0.054054054,36,4.171674775929052,346,847,1193,0.315,0.315,0.37,0.125,0.545,0.33,"Addison Reed",10586,592665
2023,"Tristan Beck","SFG",0.2714285714285714,1.119047619,0.179723502,0.433179723,0.387096774,0.107142857,0.095238095,46,5.6712334694257205,389,720,1109,0.40366972,0.37614679,0.22018349,0.14678899,0.52293578,0.33027523,"Tristan Beck",21584,663941
2025,"Gabe Speier","SEA",0.2714285714285714,0.92063492,0.153846153,0.405594405,0.44055944,0.063492063,0.079365079,33,4.79032405432549,282,639,921,0.32413793,0.34482759,0.33103448,0.15172414,0.51724138,0.33103448,"Gabe Speier",17170,642100
2018,"David Robertson","NYY",0.24528301886792453,1.216666666,0.173913043,0.453416149,0.372670807,0.1,0.116666666,48,6.200959201414556,446,738,1184,0.44578313,0.38554217,0.1686747,0.15662651,0.51204819,0.3313253,"David Robertson",8241,502085
2021,"Caleb Thielbar","MIN",0.2974683544303797,0.64556962,0.192546583,0.316770186,0.490683229,0.11392405,0.101265822,27,3.7968754526228254,369,737,1106,0.44578313,0.30722892,0.24698795,0.1686747,0.5,0.3313253,"Caleb Thielbar",10078,573204
2019,"Ian Kennedy","KCR",0.3431952662721893,1.1875,0.181286549,0.444444444,0.374269005,0.125,0.09375,11,1.56315802027315,377,719,1096,0.36,0.30857143,0.33142857,0.16,0.50857143,0.33142857,"Ian Kennedy",6986,453178
2021,"Daniel Bard","COL",0.35260115606936415,1.357142857,0.262569832,0.424581005,0.312849162,0.160714285,0.142857142,27,3.700507757526059,448,769,1217,0.44751381,0.30939227,0.24309392,0.16022099,0.50828729,0.33149171,"Daniel Bard",7115,453268
2021,"Jarlín García","SFG",0.22674418604651161,1.09090909,0.224719101,0.404494382,0.370786516,0.06060606,0.136363636,32,4.194175378621722,326,676,1002,0.41436464,0.32596685,0.25966851,0.13812155,0.53038674,0.33149171,"Jarlin Garcia",18282,606424
2024,"Kevin Ginkel","ARI",0.33157894736842103,1.231884057,0.206185567,0.438144329,0.355670103,0.057971014,0.086956521,45,5.785715546900187,425,760,1185,0.39285714,0.34183673,0.26530612,0.1122449,0.55612245,0.33163265,"Kevin Ginkel",19876,656464
2016,"Blake Wood","CIN",0.315,1.929824561,0.193236714,0.531400966,0.275362318,0.105263157,0.157894736,41,4.813044595844838,508,805,1313,0.32692308,0.39423077,0.27884615,0.1875,0.48076923,0.33173077,"Blake Wood",1345,502028
2025,"Tyler Phillips","MIA",0.25339366515837103,1.910447761,0.144736842,0.561403508,0.293859649,0.074626865,0.119402985,16,1.9200001953125199,380,693,1073,0.4628821,0.36244541,0.17467249,0.18340611,0.48471616,0.33187773,"Tyler Phillips",20629,663969
2017,"Dustin McGowan","MIA",0.2857142857142857,1.685714285,0.189655172,0.508620689,0.301724137,0.114285714,0.185714285,39,4.519314784533712,457,719,1176,0.41350211,0.41350211,0.17299578,0.20675105,0.45991561,0.33333333,"Dustin McGowan",8600,430661
2018,"Tony Watson","SFG",0.29411764705882354,1.280701754,0.23076923,0.431952662,0.337278106,0.122807017,0.070175438,23,3.1363639989175507,299,660,959,0.32758621,0.33908046,0.33333333,0.16666667,0.5,0.33333333,"Tony Watson",3132,453265
2018,"Seunghwan Oh","- - -",0.26506024096385544,0.597701149,0.196531791,0.300578034,0.502890173,0.126436781,0.091954022,44,5.7951236766159955,389,773,1162,0.37931034,0.2816092,0.33908046,0.16666667,0.5,0.33333333,"Seunghwan Oh",18719,493200
2022,"Jordan Romano","TOR",0.2564102564102564,1.112903225,0.170886075,0.43670886,0.392405063,0.080645161,0.064516129,14,1.9687501173466515,314,675,989,0.41509434,0.3081761,0.27672956,0.13836478,0.52830189,0.33333333,"Jordan Romano",16122,605447
2023,"Camilo Doval","SFG",0.3057324840764331,1.729166666,0.176100628,0.522012578,0.301886792,0.125,0.0625,20,2.6600989220678652,418,727,1145,0.49375,0.31875,0.1875,0.20754717,0.4591195,0.33333333,"Camilo Doval",21992,666808
2024,"Génesis Cabrera","TOR",0.29444444444444445,1.142857142,0.197860962,0.427807486,0.37433155,0.157142857,0.142857142,28,4.021277493295313,386,645,1031,0.46560847,0.31216931,0.22222222,0.17460317,0.49206349,0.33333333,"Genesis Cabrera",17490,650893
2024,"Cole Sands","MIN",0.2896174863387978,0.851851851,0.202127659,0.367021276,0.430851063,0.12345679,0.074074074,44,5.55140285873464,385,769,1154,0.36507937,0.37037037,0.26455026,0.18518519,0.48148148,0.33333333,"Cole Sands",21461,663485
2024,"Declan Cronin","MIA",0.3645320197044335,2.4375,0.187192118,0.576354679,0.236453201,0.020833333,0.020833333,22,2.8151663857349534,392,705,1097,0.37745098,0.35784314,0.26470588,0.1372549,0.52941176,0.33333333,"Declan Cronin",25645,686539
2025,"Reid Detmers","LAA",0.33986928104575165,1.428571428,0.242038216,0.445859872,0.31210191,0.061224489,0.122448979,17,2.4031416012371123,360,724,1084,0.37106918,0.40880503,0.22012579,0.13207547,0.53459119,0.33333333,"Reid Detmers",27468,672282
2026,"Tanner Scott","LAD",0.2945205479452055,1.035087719,0.210884353,0.401360544,0.387755102,0.070175438,0.070175438,22,3.2108111418452023,277,656,933,0.38,0.27333333,0.34666667,0.15333333,0.51333333,0.33333333,"Tanner Scott",17586,656945
2026,"Taylor Clarke","ARI",0.23444976076555024,1.23076923,0.183098591,0.450704225,0.366197183,0.141025641,0.089743589,39,4.966981847076682,377,648,1025,0.5,0.30092593,0.19907407,0.14814815,0.51851852,0.33333333,"Taylor Clarke",17611,664199
2026,"Enyel De Los Santos","HOU",0.2871287128712871,0.752577319,0.194312796,0.345971563,0.459715639,0.144329896,0.113402061,19,2.3971966889990495,387,768,1155,0.3943662,0.33802817,0.26760563,0.15492958,0.51173709,0.33333333,"Enyel De Los Santos",18403,660853
2026,"Cade Smith","CLE",0.2792207792207792,1.03125,0.177215189,0.417721518,0.405063291,0.109375,0.078125,13,1.5954546561123002,416,817,1233,0.37735849,0.35220126,0.27044025,0.11320755,0.55345912,0.33333333,"Cade Smith",27867,671922
2023,"Chris Stratton","- - -",0.2747747747747748,0.846153846,0.157894736,0.385964912,0.45614035,0.096153846,0.076923076,32,3.4838717179791243,475,885,1360,0.33478261,0.30434783,0.36086957,0.13913043,0.52608696,0.33478261,"Chris Stratton",13761,608717
2025,"Tim Hill","NYY",0.2403846153846154,2.705882352,0.112676056,0.647887323,0.239436619,0.019607843,0.156862745,37,4.970150385648901,272,628,900,0.35813953,0.37209302,0.26976744,0.18604651,0.47906977,0.33488372,"Tim Hill",16814,657612
2017,"Alex Colomé","TBR",0.27461139896373055,1.446153846,0.176165803,0.487046632,0.336787564,0.092307692,0.061538461,16,2.160000329589894,352,644,996,0.37055838,0.40101523,0.2284264,0.17766497,0.48730964,0.33502538,"Alex Colome",6661,517008
2017,"Pedro Báez","LAD",0.26704545454545453,0.8,0.221621621,0.345945945,0.432432432,0.1625,0.1125,36,5.06250211224048,408,766,1174,0.39459459,0.2972973,0.30810811,0.22162162,0.44324324,0.33513514,"Pedro Baez",5420,520980
2018,"Wade Davis","COL",0.23809523809523808,1.032258064,0.181818181,0.415584415,0.402597402,0.080645161,0.129032258,4,0.5510204510607389,457,653,1110,0.43225806,0.3483871,0.21935484,0.1483871,0.51612903,0.33548387,"Wade Davis",7441,451584
2022,"Craig Kimbrel","LAD",0.31125827814569534,0.882352941,0.15231788,0.397350993,0.450331125,0.147058823,0.058823529,16,2.4000001525879004,405,672,1077,0.36774194,0.37419355,0.25806452,0.16774194,0.49677419,0.33548387,"Craig Kimbrel",6655,518886
2018,"Yusmeiro Petit","OAK",0.2413793103448276,0.813559322,0.201492537,0.358208955,0.440298507,0.110169491,0.110169491,44,4.258065214762569,420,896,1316,0.4379562,0.31751825,0.24452555,0.15693431,0.50729927,0.33576642,"Yusmeiro Petit",4020,433589
2023,"Jake Bird","COL",0.3319838056680162,2.107692307,0.201581027,0.541501976,0.256916996,0.076923076,0.092307692,41,4.375494730876987,468,841,1309,0.41501976,0.39130435,0.19367589,0.13043478,0.53359684,0.33596838,"Jake Bird",21267,656234
2026,"Brent Suter","- - -",0.3,1.66197183,0.215767634,0.489626556,0.294605809,0.070422535,0.112676056,41,4.481781861038409,460,896,1356,0.3805668,0.34008097,0.27935223,0.17004049,0.49392713,0.33603239,"Brent Suter",13942,608718
2018,"Austin Pruitt","TBR",0.28888888888888886,1.454545454,0.181818181,0.484848484,0.333333333,0.038961038,0.09090909,26,3.358852532928603,341,683,1024,0.39224138,0.375,0.23275862,0.14224138,0.52155172,0.3362069,"Austin Pruitt",15290,643493
2026,"Antonio Senzatela","- - -",0.3087557603686636,1.458333333,0.195454545,0.477272727,0.327272727,0.125,0.083333333,44,5.4246586681331825,407,753,1160,0.31390135,0.40807175,0.27802691,0.1793722,0.48430493,0.33632287,"Antonio Senzatela",15488,622608
2023,"Justin Lawrence","COL",0.3,1.564516129,0.205,0.485,0.31,0.080645161,0.080645161,22,2.640000537109484,440,745,1185,0.35609756,0.34634146,0.29756098,0.15121951,0.51219512,0.33658537,"Justin Lawrence",17639,664875
2026,"Luis Medina","ATH",0.31547619047619047,0.904109589,0.191860465,0.38372093,0.424418604,0.05479452,0.09589041,41,5.197183657061473,483,754,1237,0.38857143,0.36571429,0.24571429,0.12571429,0.53714286,0.33714286,"Luis Medina",21649,665622
2018,"Ryan Pressly","- - -",0.31875,1.634615384,0.169696969,0.515151515,0.315151515,0.038461538,0.115384615,54,6.845071709740383,363,751,1114,0.39156627,0.38554217,0.22289157,0.18072289,0.48192771,0.3373494,"Ryan Pressly",7005,519151
2026,"Braydon Fisher","TOR",0.2645161290322581,1.133333333,0.189873417,0.430379746,0.379746835,0.066666666,0.133333333,31,4.405264042355195,399,658,1057,0.57668712,0.28834356,0.13496933,0.14110429,0.52147239,0.33742331,"Braydon Fisher",24609,680755
2023,"Alex Lange","DET",0.24342105263157895,1.645833333,0.185897435,0.506410256,0.307692307,0,0.125,21,2.8636366946638505,482,665,1147,0.42038217,0.39490446,0.18471338,0.10191083,0.56050955,0.33757962,"Alex Lange",19883,656638
2017,"Blake Parker","LAA",0.22916666666666666,1.346153846,0.181208053,0.469798657,0.348993288,0.115384615,0.134615384,32,4.277229499798935,370,698,1068,0.40397351,0.31125828,0.28476821,0.21854305,0.44370861,0.33774834,"Blake Parker",5224,453284
2016,"Brett Oberholtzer","- - -",0.2980769230769231,1.146341463,0.207207207,0.423423423,0.369369369,0.060975609,0.207317073,35,4.7487443558047975,384,726,1110,0.44444444,0.34666667,0.20888889,0.14666667,0.51555556,0.33777778,"Brett Oberholtzer",3855,519085
2024,"Bryse Wilson","MIL",0.27472527472527475,0.855421686,0.206185567,0.365979381,0.427835051,0.168674698,0.156626506,33,4.7142859997392685,310,635,945,0.33333333,0.41025641,0.25641026,0.18974359,0.47179487,0.33846154,"Bryse Wilson",19990,669060
2018,"Robert Gsellman","NYM",0.2905982905982906,1.539473684,0.185654008,0.493670886,0.320675105,0.105263157,0.105263157,21,2.362500225305579,454,829,1283,0.42561983,0.33057851,0.24380165,0.19421488,0.46694215,0.33884298,"Robert Gsellman",13696,607229
2026,"Hogan Harris","ATH",0.31137724550898205,1.327868852,0.174418604,0.470930232,0.354651162,0.06557377,0.13114754,26,3.3750009903543883,506,814,1320,0.32758621,0.41954023,0.25287356,0.13793103,0.52298851,0.33908046,"Hogan Harris",21520,663687
2024,"Trevor Richards","- - -",0.2222222222222222,0.7375,0.16766467,0.353293413,0.479041916,0.1,0.0875,25,3.688525109161721,432,679,1111,0.38690476,0.3452381,0.26785714,0.17261905,0.48809524,0.33928571,"Trevor Richards",19309,670950
2023,"Hunter Harvey","WSN",0.2534246575342466,1.157894736,0.190789473,0.434210526,0.375,0.087719298,0.122807017,22,3.2637368109963907,319,644,963,0.37254902,0.32679739,0.30065359,0.1372549,0.52287582,0.33986928,"Hunter Harvey",15507,640451
2019,"Tommy Kahnle","NYY",0.27906976744186046,1.769230769,0.211678832,0.503649635,0.284671532,0.102564102,0.23076923,36,5.282609790845496,357,669,1026,0.43478261,0.31884058,0.24637681,0.1884058,0.47101449,0.34057971,"Tommy Kahnle",11384,592454
2017,"Heath Hembree","BOS",0.36046511627906974,0.958904109,0.205555555,0.388888888,0.405555555,0.09589041,0.136986301,29,4.209680268471192,384,729,1113,0.41208791,0.30769231,0.28021978,0.15384615,0.50549451,0.34065934,"Heath Hembree",11632,592390
2016,"Taylor Rogers","MIN",0.32558139534883723,1.803921568,0.201117318,0.51396648,0.284916201,0.058823529,0.137254901,33,4.842391404740528,358,648,1006,0.38547486,0.36312849,0.25139665,0.20111732,0.45810056,0.34078212,"Taylor Rogers",13449,573124
2026,"Aaron Ashby","MIL",0.3155339805825243,2.087719298,0.16981132,0.561320754,0.268867924,0.070175438,0.140350877,64,6.776471196474968,591,921,1512,0.36915888,0.40186916,0.22897196,0.18691589,0.47196262,0.3411215,"Aaron Ashby",23550,676879
2017,"Wade LeBlanc","PIT",0.26865671641791045,1.461538461,0.22705314,0.458937198,0.314009661,0.046153846,0.153846153,29,3.838236155394645,385,683,1068,0.47867299,0.34123223,0.18009479,0.20853081,0.45023697,0.34123223,"Wade LeBlanc",5221,453281
2017,"Chad Green","NYY",0.22950819672131148,0.596491228,0.266129032,0.274193548,0.459677419,0.105263157,0.070175438,44,5.910449780290443,395,693,1088,0.33333333,0.34920635,0.31746032,0.15079365,0.50793651,0.34126984,"Chad Green",15552,643338
2018,"Taylor Rogers","MIN",0.2804878048780488,1.489795918,0.25609756,0.445121951,0.298780487,0.102040816,0.061224489,30,3.9512215709072946,323,665,988,0.37724551,0.35329341,0.26946108,0.16766467,0.49101796,0.34131737,"Taylor Rogers",13449,573124
2024,"David Robertson","TEX",0.3,1.481481481,0.182926829,0.487804878,0.329268292,0.055555555,0.092592592,39,4.8750005165736425,439,773,1212,0.32926829,0.45731707,0.21341463,0.17682927,0.48170732,0.34146341,"David Robertson",8241,502085
2022,"Héctor Neris","HOU",0.2911392405063291,0.808823529,0.226415094,0.345911949,0.427672955,0.102941176,0.044117647,31,4.2704084957207264,339,673,1012,0.39130435,0.36645963,0.24223602,0.1552795,0.50310559,0.34161491,"Hector Neris",11804,593576
2021,"Zack Littell","SFG",0.23178807947019867,1.220338983,0.154838709,0.464516129,0.380645161,0.050847457,0.118644067,25,3.7087920638852108,332,630,962,0.39873418,0.32911392,0.2721519,0.10126582,0.55696203,0.34177215,"Zack Littell",15823,641793
2016,"Seunghwan Oh","STL",0.2702702702702703,0.986666666,0.194594594,0.4,0.405405405,0.106666666,0.066666666,42,4.744770934720108,431,872,1303,0.33157895,0.42105263,0.24736842,0.15263158,0.50526316,0.34210526,"Seunghwan Oh",18719,493200
2019,"Adam Ottavino","NYY",0.28378378378378377,0.967741935,0.19205298,0.397350993,0.410596026,0.096774193,0.080645161,50,6.78392323920189,454,704,1158,0.32894737,0.36842105,0.30263158,0.20394737,0.45394737,0.34210526,"Adam Ottavino",1247,493603
2018,"Kevin McCarthy","KCR",0.2889908256880734,3.944444444,0.194570135,0.642533936,0.162895927,0.055555555,0.194444444,29,3.6250003841188625,350,658,1008,0.52,0.29777778,0.18222222,0.16444444,0.49333333,0.34222222,"Kevin McCarthy",15240,641838
2023,"Rafael Montero","HOU",0.35795454545454547,1.069444444,0.203208556,0.411764705,0.385026737,0.097222222,0.152777777,42,5.61386181020165,471,783,1254,0.39572193,0.38502674,0.21925134,0.20320856,0.45454545,0.34224599,"Rafael Montero",12760,606160
2019,"José Leclerc","TEX",0.3014705882352941,0.692307692,0.20289855,0.326086956,0.471014492,0.169230769,0.107692307,14,1.9384619935166565,482,753,1235,0.46153846,0.30769231,0.23076923,0.18181818,0.47552448,0.34265734,"Jose Leclerc",14524,600917
2018,"Jose Alvarez","LAA",0.2742857142857143,1.305084745,0.204678362,0.450292397,0.345029239,0.118644067,0.050847457,43,6.142860118495453,352,669,1021,0.3988764,0.33707865,0.26404494,0.21348315,0.44382022,0.34269663,"Jose Alvarez",5358,501625
2016,"Joe Blanton","LAD",0.24,0.712765957,0.218446601,0.325242718,0.456310679,0.053191489,0.074468085,40,4.500000429153483,452,826,1278,0.352657,0.39613527,0.25120773,0.14492754,0.51207729,0.34299517,"Joe Blanton",4849,430599
2026,"Dylan Lee","ATL",0.26993865030674846,0.628205128,0.211180124,0.304347826,0.484472049,0.051282051,0.038461538,43,5.863637719272895,340,705,1045,0.47590361,0.3313253,0.19277108,0.1626506,0.4939759,0.34337349,"Dylan Lee",19996,669276
2023,"Félix Bautista","BAL",0.2736842105263158,0.744680851,0.163265306,0.357142857,0.479591836,0.14893617,0.085106382,16,2.3606558853309436,342,646,988,0.38383838,0.28282828,0.33333333,0.15151515,0.50505051,0.34343434,"Felix Bautista",20666,642585
2021,"Brad Boxberger","MIL",0.25,0.873015873,0.197278911,0.374149659,0.428571428,0.126984126,0.126984126,45,6.262886844237292,386,688,1074,0.41721854,0.34437086,0.2384106,0.17880795,0.47682119,0.34437086,"Brad Boxberger",10133,502202
2021,"Liam Hendriks","CHW",0.2518518518518518,0.643835616,0.166666666,0.326388888,0.506944444,0.09589041,0.150684931,23,2.9154932710344847,368,763,1131,0.33793103,0.32413793,0.33793103,0.16551724,0.48965517,0.34482759,"Liam Hendriks",3548,521230
2023,"Bryse Wilson","MIL",0.2318181818181818,0.867346938,0.186666666,0.377777777,0.435555555,0.081632653,0.091836734,34,3.9913048774128628,405,753,1158,0.34934498,0.38427948,0.26637555,0.13537118,0.51965066,0.34497817,"Bryse Wilson",19990,669060
2019,"Kyle Ryan","CHC",0.2994011976047904,2.357142857,0.170588235,0.582352941,0.247058823,0.095238095,0.119047619,26,3.8360674929096623,404,648,1052,0.39766082,0.33918129,0.26315789,0.19883041,0.45614035,0.34502924,"Kyle Ryan",11753,594986
2019,"Josh Tomlin","ATL",0.2689075630252101,0.783018867,0.234817813,0.336032388,0.429149797,0.094339622,0.132075471,43,5.069869840175485,355,729,1084,0.43650794,0.32936508,0.23412698,0.16666667,0.48809524,0.3452381,"Josh Tomlin",9388,458708
2019,"Sam Gaviglio","TOR",0.25769230769230766,1.284313725,0.158844765,0.472924187,0.368231046,0.078431372,0.176470588,45,4.233449589890792,488,939,1427,0.45323741,0.31654676,0.23021583,0.15827338,0.49640288,0.34532374,"Sam Gaviglio",12778,543208
2026,"Eduard Bazardo","SEA",0.31868131868131866,0.785714285,0.210526315,0.347368421,0.442105263,0.071428571,0.142857142,31,4.2704089944039545,379,716,1095,0.36597938,0.42268041,0.21134021,0.12886598,0.5257732,0.34536082,"Eduard Bazardo",20997,660825
2021,"Ryne Stanek","HOU",0.24203821656050956,0.72368421,0.196319018,0.337423312,0.466257668,0.118421052,0.105263157,23,3.0292688563777377,452,714,1166,0.28484848,0.42424242,0.29090909,0.15757576,0.4969697,0.34545455,"Ryne Stanek",15947,592773
2023,"Trevor Stephan","CLE",0.3131868131868132,1.013157894,0.172972972,0.416216216,0.41081081,0.092105263,0.078947368,25,3.2766995145482207,425,704,1129,0.41489362,0.36702128,0.21808511,0.12234043,0.53191489,0.34574468,"Trevor Stephan",19932,663986
2021,"Trevor May","NYM",0.30201342281879195,0.75,0.152866242,0.363057324,0.484076433,0.065789473,0.131578947,39,5.601064398041624,388,729,1117,0.40880503,0.35220126,0.23899371,0.1572327,0.49685535,0.34591195,"Trevor May",6398,543507
2018,"Steven Brault","PIT",0.3089887640449438,1.692307692,0.222222222,0.488888888,0.288888888,0.134615384,0.134615384,30,4.111676719269233,491,723,1214,0.38918919,0.36756757,0.24324324,0.21081081,0.44324324,0.34594595,"Steven Brault",15291,643230
2016,"Michael Tonkin","MIN",0.3435897435897436,0.86419753,0.263414634,0.341463414,0.395121951,0.111111111,0.160493827,31,3.8930242228368557,462,825,1287,0.375,0.33173077,0.29326923,0.17788462,0.47596154,0.34615385,"Michael Tonkin",10315,543859
2021,"Ryan Pressly","HOU",0.29605263157894735,2,0.167741935,0.554838709,0.277419354,0.093023255,0.093023255,21,2.9531251760199773,296,660,956,0.38461538,0.39102564,0.22435897,0.12179487,0.53205128,0.34615385,"Ryan Pressly",7005,519151
2025,"Mason Miller","- - -",0.23958333333333334,0.909090909,0.151515151,0.404040404,0.444444444,0.09090909,0.113636363,16,2.335135448113115,343,630,973,0.37623762,0.42574257,0.1980198,0.17821782,0.47524752,0.34653465,"Mason Miller",31757,695243
2018,"A.J. Minter","ATL",0.32926829268292684,1.070175438,0.276073619,0.374233128,0.349693251,0.175438596,0.052631578,29,4.255436194191375,374,671,1045,0.35928144,0.29341317,0.34730539,0.19161677,0.46107784,0.34730539,"A.J. Minter",18655,621345
2025,"Dennis Santana","PIT",0.21081081081081082,0.848837209,0.163157894,0.384210526,0.452631578,0.081395348,0.058139534,9,1.1516588510564905,302,700,1002,0.38421053,0.39473684,0.22105263,0.14736842,0.50526316,0.34736842,"Dennis Santana",17878,642701
2025,"Tanner Banks","PHI",0.25280898876404495,0.844155844,0.219780219,0.357142857,0.423076923,0.103896103,0.116883116,59,8.127551653145899,361,690,1051,0.32085561,0.39037433,0.28877005,0.14973262,0.5026738,0.34759358,"Tanner Banks",16990,621383
2016,"Fernando Salas","- - -",0.25757575757575757,0.901098901,0.172248803,0.392344497,0.435406698,0.087912087,0.131868131,35,4.276019575721284,405,807,1212,0.42857143,0.28571429,0.28571429,0.18571429,0.46666667,0.34761905,"Fernando Salas",4971,477569
2018,"Raisel Iglesias","CIN",0.23255813953488372,1.09375,0.263736263,0.384615384,0.351648351,0.140625,0.1875,20,2.5000010596385787,401,746,1147,0.41304348,0.33695652,0.25,0.21195652,0.44021739,0.34782609,"Raisel Iglesias",17130,628452
2023,"Josh Winckowski","BOS",0.33195020746887965,1.814285714,0.208835341,0.51004016,0.281124497,0.128571428,0.128571428,45,4.860000741577261,468,897,1365,0.38,0.304,0.316,0.16,0.492,0.348,"Josh Winckowski",22387,670174
2019,"Yusmeiro Petit","OAK",0.21296296296296297,0.605504587,0.208144796,0.298642533,0.493212669,0.110091743,0.100917431,36,3.903615893119313,395,759,1154,0.35682819,0.4185022,0.2246696,0.15859031,0.49339207,0.34801762,"Yusmeiro Petit",4020,433589
2026,"Tyler Alexander","TEX",0.31840796019900497,1.492537313,0.169154228,0.497512437,0.333333333,0.074626865,0.044776119,25,3.4615392741368862,378,686,1064,0.41666667,0.34803922,0.23529412,0.17156863,0.48039216,0.34803922,"Tyler Alexander",17735,641302
2019,"Trevor May","MIN",0.23333333333333334,0.803030303,0.242038216,0.337579617,0.420382165,0.121212121,0.121212121,38,5.316061966018994,440,726,1166,0.40506329,0.32278481,0.2721519,0.1835443,0.46835443,0.34810127,"Trevor May",6398,543507
2024,"Jason Adam","- - -",0.20958083832335328,1.073529411,0.170588235,0.429411764,0.4,0.117647058,0.073529411,36,4.3981904248363115,397,712,1109,0.38372093,0.40697674,0.20930233,0.1627907,0.48837209,0.34883721,"Jason Adam",11861,592094
2018,"Fernando Rodney","- - -",0.3179190751445087,1.403508771,0.238888888,0.444444444,0.316666666,0.140350877,0.122807017,14,1.9585496099105617,464,720,1184,0.34444444,0.42777778,0.22777778,0.22777778,0.42222222,0.35,"Fernando Rodney",494,407845
2018,"Brad Brach","- - -",0.3435897435897436,1.516666666,0.237373737,0.459595959,0.303030303,0.116666666,0.083333333,34,4.882980407768958,432,728,1160,0.375,0.355,0.27,0.22,0.43,0.35,"Brad Brach",6627,542960
2022,"Taylor Rogers","- - -",0.32679738562091504,1.13559322,0.202531645,0.424050632,0.373417721,0.06779661,0.118644067,17,2.3782386710146315,366,719,1085,0.43125,0.3625,0.20625,0.15625,0.49375,0.35,"Taylor Rogers",13449,573124
2019,"Luis Cessa","NYY",0.2772727272727273,1.48051948,0.183760683,0.487179487,0.329059829,0.09090909,0.181818181,43,4.7777782277969765,501,851,1352,0.43589744,0.32478632,0.23931624,0.14529915,0.5042735,0.35042735,"Luis Cessa",13345,570666
2017,"Addison Reed","- - -",0.2660098522167488,0.988636363,0.178403755,0.408450704,0.413145539,0.056818181,0.125,31,3.671053368629329,350,838,1188,0.38785047,0.37850467,0.23364486,0.14485981,0.5046729,0.35046729,"Addison Reed",10586,592665
2017,"Chris Beck","CHW",0.2878787878787879,1.048780487,0.211267605,0.403755868,0.384976525,0.085365853,0.195121951,25,3.4793824011292136,451,701,1152,0.42056075,0.3364486,0.24299065,0.1588785,0.49065421,0.35046729,"Chris Beck",13418,571476
2025,"Louis Varland","- - -",0.31382978723404253,2.217391304,0.22513089,0.534031413,0.240837696,0.173913043,0.130434782,45,5.731132900473095,342,701,1043,0.42268041,0.33505155,0.24226804,0.18041237,0.46907216,0.35051546,"Louis Varland",27691,686973
2023,"Jason Foley","DET",0.3103448275862069,2.4375,0.195121951,0.570731707,0.234146341,0,0.041666666,31,4.0434791550521085,358,690,1048,0.30243902,0.44878049,0.24878049,0.16585366,0.48292683,0.35121951,"Jason Foley",19531,671345
2022,"Ryan Brasier","BOS",0.3352272727272727,1.013513513,0.194594594,0.405405405,0.4,0.108108108,0.121621621,22,3.1764710418231434,296,689,985,0.32972973,0.41621622,0.25405405,0.15675676,0.49189189,0.35135135,"Ryan Brasier",5615,518489
2023,"Fernando Cruz","CIN",0.3146853146853147,0.643835616,0.183673469,0.319727891,0.496598639,0.09589041,0.08219178,15,2.1428574023603897,402,668,1070,0.4527027,0.29054054,0.25675676,0.16891892,0.47972973,0.35135135,"Fernando Cruz",7048,518585
2023,"Clay Holmes","NYY",0.3006134969325153,3.857142857,0.175757575,0.654545454,0.169696969,0.035714285,0.071428571,13,1.857143082045671,368,657,1025,0.41212121,0.36363636,0.22424242,0.12727273,0.52121212,0.35151515,"Clay Holmes",13649,605280
2024,"Enyel De Los Santos","- - -",0.2909090909090909,0.712643678,0.172222222,0.344444444,0.483333333,0.149425287,0.195402298,23,3.23437572293931,381,753,1134,0.44505495,0.24725275,0.30769231,0.18131868,0.46703297,0.35164835,"Enyel De Los Santos",18403,660853
2025,"David Bednar","- - -",0.2978723404255319,1.163636363,0.179310344,0.44137931,0.379310344,0.109090909,0.072727272,24,3.4468088603333067,336,688,1024,0.44137931,0.26206897,0.29655172,0.15172414,0.49655172,0.35172414,"David Bednar",19569,670280
2026,"Miles Mikolas","WSN",0.25365853658536586,1.034090909,0.16744186,0.423255813,0.409302325,0.056818181,0.125,30,4.285714545217517,303,615,918,0.36574074,0.37962963,0.25462963,0.125,0.52314815,0.35185185,"Miles Mikolas",9803,571945
2025,"Jimmy Herget","COL",0.2907488986784141,0.805825242,0.194805194,0.359307359,0.445887445,0.145631067,0.058252427,34,3.67200056030282,452,831,1283,0.42060086,0.35622318,0.22317597,0.17167382,0.47639485,0.35193133,"Jimmy Herget",17556,623474
2019,"Josh Osich","CHW",0.2596685082872928,1.154929577,0.211340206,0.422680412,0.365979381,0.070422535,0.211267605,19,2.5270942608935663,370,683,1053,0.48469388,0.30102041,0.21428571,0.18367347,0.46428571,0.35204082,"Josh Osich",11528,592612
2023,"Jakob Junis","SFG",0.3627450980392157,1.074074074,0.211267605,0.408450704,0.38028169,0.098765432,0.135802469,36,4.418182124618678,390,804,1194,0.48356808,0.2629108,0.25352113,0.16901408,0.47887324,0.35211268,"Jakob Junis",13619,596001
2018,"Trevor Hildenberger","MIN",0.3014354066985646,1.629032258,0.252293577,0.463302752,0.284403669,0.080645161,0.193548387,29,3.5753432130877796,391,767,1158,0.41628959,0.36199095,0.22171946,0.18099548,0.46606335,0.35294118,"Trevor Hildenberger",17002,657610
2018,"David Hernandez","CIN",0.2484472049689441,0.710526315,0.207317073,0.329268292,0.463414634,0.131578947,0.078947368,37,5.203126550652549,334,641,975,0.35928144,0.34730539,0.29341317,0.16766467,0.47904192,0.35329341,"David Hernandez",4259,456696
2016,"Cody Allen","CLE",0.2323943661971831,1.264150943,0.183673469,0.455782312,0.360544217,0.037735849,0.150943396,9,1.191176604234651,412,721,1133,0.39333333,0.34666667,0.26,0.13333333,0.51333333,0.35333333,"Cody Allen",12183,592102
2024,"Fernando Cruz","CIN",0.3333333333333333,0.957446808,0.292307692,0.346153846,0.361538461,0.106382978,0.14893617,34,5.043957206883887,393,642,1035,0.45112782,0.36090226,0.18796992,0.18796992,0.45864662,0.35338346,"Fernando Cruz",7048,518585
2019,"Lou Trivino III","OAK",0.3157894736842105,1.147058823,0.156069364,0.450867052,0.393063583,0.132352941,0.102941176,28,4.200001335144467,367,620,987,0.40449438,0.28089888,0.31460674,0.21910112,0.42696629,0.35393258,"Lou Trivino III",15043,642152
2019,"John Gant","STL",0.27485380116959063,1.723404255,0.268571428,0.462857142,0.268571428,0.191489361,0.085106382,50,6.783921678682009,407,700,1107,0.38285714,0.36,0.25714286,0.18285714,0.46285714,0.35428571,"John Gant",13684,607231
2018,"Michael Lorenzen","CIN",0.2885572139303483,1.745454545,0.252475247,0.475247524,0.272277227,0.072727272,0.09090909,34,4.544555828602352,409,693,1102,0.38834951,0.36893204,0.24271845,0.18446602,0.46116505,0.35436893,"Michael Lorenzen",14843,547179
2026,"Jack Dreyer","LAD",0.25675675675675674,1.258620689,0.132450331,0.483443708,0.38410596,0.172413793,0.120689655,31,4.598902159217662,337,633,970,0.38709677,0.38709677,0.22580645,0.15483871,0.49032258,0.35483871,"Jack Dreyer",30249,676263
2019,"Jeurys Familia","NYM",0.34591194968553457,1.693877551,0.190184049,0.509202453,0.300613496,0.061224489,0.142857142,39,5.850001115799163,411,630,1041,0.45783133,0.35542169,0.18674699,0.15662651,0.48795181,0.35542169,"Jeurys Familia",5114,544727
2023,"Michael Tonkin","ATL",0.24056603773584906,0.885416666,0.184684684,0.382882882,0.432432432,0.083333333,0.135416666,58,6.525000622272551,427,856,1283,0.44,0.27111111,0.28888889,0.14666667,0.49777778,0.35555556,"Michael Tonkin",10315,543859
2019,"Bryan Shaw","COL",0.2753623188405797,1.582089552,0.202764976,0.488479262,0.30875576,0.044776119,0.179104477,44,5.500000582801033,474,714,1188,0.32876712,0.42465753,0.24657534,0.13242009,0.51141553,0.35616438,"Bryan Shaw",8110,543766
2026,"Kyle Finnegan","DET",0.3202247191011236,1.214285714,0.162162162,0.459459459,0.378378378,0.085714285,0.142857142,27,4.005495177131934,405,659,1064,0.42021277,0.37765957,0.20212766,0.12765957,0.51595745,0.35638298,"Kyle Finnegan",15009,640448
2021,"Duane Underwood Jr.","PIT",0.31627906976744186,1.405797101,0.255605381,0.434977578,0.30941704,0.086956521,0.130434782,28,3.4678900296234003,432,744,1176,0.40625,0.29464286,0.29910714,0.18303571,0.45982143,0.35714286,"Duane Underwood Jr.",14677,621249
2026,"Trevor Megill","MIL",0.24836601307189543,0.726027397,0.16,0.353333333,0.486666666,0.08219178,0.01369863,16,2.373626473128202,259,604,863,0.31818182,0.38311688,0.2987013,0.11688312,0.52597403,0.35714286,"Trevor Megill",17722,656730
2019,"Diego Castillo","TBR",0.2896551724137931,1.760869565,0.136054421,0.551020408,0.31292517,0.173913043,0.130434782,35,5.135870629988677,364,642,1006,0.41721854,0.33774834,0.24503311,0.17218543,0.47019868,0.35761589,"Diego Castillo",17496,650895
2022,"Gregory Soto","DET",0.29375,1.327586206,0.15625,0.48125,0.3625,0.068965517,0.034482758,8,1.1933702663501944,420,682,1102,0.30246914,0.42592593,0.27160494,0.11111111,0.5308642,0.35802469,"Gregory Soto",19677,642397
2018,"Jesse Chavez","- - -",0.2784313725490196,1.242105263,0.202247191,0.441947565,0.355805243,0.094736842,0.136842105,39,3.6818180836012493,483,996,1479,0.37313433,0.35820896,0.26865672,0.17164179,0.47014925,0.35820896,"Jesse Chavez",5448,445926
2018,"Craig Stammen","SDP",0.30097087378640774,1.655737704,0.209756097,0.492682926,0.297560975,0.016393442,0.049180327,40,4.556962025316456,374,793,1167,0.44019139,0.33492823,0.22488038,0.16267943,0.4784689,0.35885167,"Craig Stammen",7274,489334
2017,"Brett Cecil","STL",0.3191489361702128,1.196969696,0.216216216,0.427027027,0.356756756,0.121212121,0.106060606,23,3.07425765796757,329,661,990,0.43589744,0.2974359,0.26666667,0.17948718,0.46153846,0.35897436,"Brett Cecil",2660,446399
2018,"Lou Trivino III","OAK",0.26011560693641617,1.509090909,0.229050279,0.46368715,0.307262569,0.072727272,0.145454545,34,4.191780821917808,397,716,1113,0.40331492,0.35911602,0.23756906,0.17127072,0.46961326,0.35911602,"Lou Trivino III",15043,642152
2018,"Brad Ziegler","- - -",0.2863636363636364,5.333333333,0.155555555,0.711111111,0.133333333,0.033333333,0.266666666,24,2.9321277849835594,384,683,1067,0.40350877,0.40350877,0.19298246,0.22807018,0.4122807,0.35964912,"Brad Ziegler",7293,446899
2018,"Kirby Yates","SDP",0.2631578947368421,1.156862745,0.20289855,0.427536231,0.369565217,0.156862745,0.117647058,29,4.142857895416604,355,692,1047,0.41726619,0.37410072,0.20863309,0.23021583,0.41007194,0.35971223,"Kirby Yates",9073,489446
2018,"Jared Hughes","CIN",0.2523809523809524,3.675675675,0.16826923,0.653846153,0.177884615,0.108108108,0.108108108,33,3.7754234847102093,402,731,1133,0.48130841,0.34579439,0.1728972,0.21495327,0.42523364,0.35981308,"Jared Hughes",9325,453172
2018,"Alex Claudio","TEX",0.3659574468085106,3.763157894,0.229787234,0.608510638,0.161702127,0,0.105263157,35,4.678219765405085,342,707,1049,0.40167364,0.38075314,0.21757322,0.22594142,0.41422594,0.35983264,"Alex Claudio",12890,592222
2017,"Alex Wilson","DET",0.31088082901554404,1.171428571,0.228426395,0.416243654,0.355329949,0.114285714,0.1,22,3.300001258850578,329,622,951,0.325,0.435,0.24,0.2,0.44,0.36,"Alex Wilson",9239,543935
2026,"George Soriano","STL",0.26704545454545453,1.157142857,0.17032967,0.445054945,0.384615384,0.142857142,0.142857142,40,5.454546715602693,416,747,1163,0.47311828,0.34408602,0.1827957,0.1344086,0.50537634,0.36021505,"George Soriano",21863,666277
2019,"Tommy Milone","SEA",0.23580786026200873,0.837837837,0.167346938,0.379591836,0.453061224,0.09009009,0.162162162,38,4.2396703571191106,430,809,1239,0.43319838,0.39676113,0.17004049,0.18218623,0.45748988,0.36032389,"Tommy Milone",7608,543548
2021,"Richard Rodríguez","- - -",0.2222222222222222,0.570093457,0.147208121,0.30964467,0.543147208,0.112149532,0.074766355,19,2.6580312982297354,305,639,944,0.33502538,0.37055838,0.29441624,0.12182741,0.5177665,0.36040609,"Richard Rodriguez",13549,593144
2018,"Edgar Santana","PIT",0.27692307692307694,1.333333333,0.199004975,0.457711442,0.343283582,0.086956521,0.101449275,31,4.206031440782845,322,607,929,0.46039604,0.37128713,0.16831683,0.17821782,0.46039604,0.36138614,"Edgar Santana",17355,650828
2019,"Roberto Osuna","HOU",0.23417721518987342,0.984615384,0.218181818,0.387878787,0.393939393,0.138461538,0.123076923,6,0.8307692307692308,319,642,961,0.38554217,0.35542169,0.25903614,0.20481928,0.43373494,0.36144578,"Roberto Osuna",13764,532077
2018,"Emilio Pagán","OAK",0.25609756097560976,0.489583333,0.182857142,0.268571428,0.548571428,0.15625,0.135416666,43,6.241936636020901,366,672,1038,0.37288136,0.36158192,0.26553672,0.23728814,0.40112994,0.36158192,"Emilio Pagan",14771,641941
2018,"Shane Carle","ATL",0.25806451612903225,1.791666666,0.27173913,0.467391304,0.260869565,0.083333333,0.041666666,27,3.857142857142857,342,615,957,0.47340426,0.29787234,0.2287234,0.14893617,0.4893617,0.36170213,"Shane Carle",15258,641438
2021,"Luis Cessa","- - -",0.273224043715847,1.79245283,0.204301075,0.510752688,0.284946236,0.113207547,0.094339622,24,3.340206711005254,333,616,949,0.49468085,0.31382979,0.19148936,0.18617021,0.45212766,0.36170213,"Luis Cessa",13345,570666
2021,"Josh Staumont","KCR",0.2356687898089172,0.849315068,0.171779141,0.380368098,0.44785276,0.150684931,0.08219178,28,3.8375640462596983,420,676,1096,0.32515337,0.33128834,0.34355828,0.12883436,0.50920245,0.36196319,"Josh Staumont",18335,622251
2018,"Sergio Romo","TBR",0.3048780487804878,0.7375,0.191860465,0.343023255,0.465116279,0.1375,0.1375,19,2.7287246777284415,382,648,1030,0.44252874,0.38505747,0.17241379,0.20689655,0.43103448,0.36206897,"Sergio Romo",9817,489265
2018,"Alex Wilson","DET",0.23728813559322035,1.607142857,0.202185792,0.491803278,0.306010928,0.089285714,0.142857142,31,4.524325070656453,352,589,941,0.38918919,0.37297297,0.23783784,0.22702703,0.41081081,0.36216216,"Alex Wilson",9239,543935
2021,"Scott Barlow","KCR",0.3149171270718232,1.028571428,0.232432432,0.389189189,0.378378378,0.142857142,0.057142857,19,2.300448824014163,446,777,1223,0.4,0.34594595,0.25405405,0.13513514,0.5027027,0.36216216,"Scott Barlow",14993,605130
2019,"Josh Hader","MIL",0.23214285714285715,0.4,0.228346456,0.22047244,0.551181102,0.214285714,0.214285714,23,2.7356831871648697,361,820,1181,0.31496063,0.33070866,0.35433071,0.21259843,0.42519685,0.36220472,"Josh Hader",14212,623352
2021,"Paul Sewald","SEA",0.25396825396825395,0.492957746,0.208955223,0.261194029,0.529850746,0.098591549,0.14084507,31,4.3144331593634675,362,742,1104,0.3037037,0.39259259,0.3037037,0.19259259,0.44444444,0.36296296,"Paul Sewald",13892,623149
2016,"Tyler Thornburg","MIL",0.22857142857142856,0.723076923,0.227586206,0.324137931,0.448275862,0.153846153,0.092307692,34,4.567165219244936,414,731,1145,0.39726027,0.32191781,0.28082192,0.17808219,0.45890411,0.3630137,"Tyler Thornburg",10688,592804
2023,"Shintaro Fujinami","- - -",0.27631578947368424,0.984126984,0.203821656,0.394904458,0.401273885,0.158730158,0.079365079,32,4.695653147418218,417,634,1051,0.38853503,0.31847134,0.29299363,0.1910828,0.44585987,0.36305732,"Shintaro Fujinami",31839,660261
2021,"Hansel Robles","- - -",0.29239766081871343,1.101449275,0.176136363,0.431818181,0.392045454,0.072463768,0.115942028,28,3.6521744178239044,422,763,1185,0.37988827,0.35195531,0.26815642,0.1452514,0.49162011,0.36312849,"Hansel Robles",11801,570663
2021,"Carlos Estévez","COL",0.35195530726256985,1.23076923,0.207650273,0.437158469,0.355191256,0.03076923,0.123076923,16,2.33513537588742,366,641,1007,0.40106952,0.35294118,0.2459893,0.0802139,0.55614973,0.36363636,"Carlos Estevez",14542,608032
2025,"Cole Sands","MIN",0.2916666666666667,1.133333333,0.170984455,0.440414507,0.388601036,0.093333333,0.08,27,3.6268660846386904,384,695,1079,0.46969697,0.32828283,0.2020202,0.12626263,0.51010101,0.36363636,"Cole Sands",21461,663485
2018,"T.J. McFarland","ARI",0.26785714285714285,4,0.151785714,0.678571428,0.169642857,0.131578947,0.105263157,14,1.7500001854366922,418,651,1069,0.40350877,0.39035088,0.20614035,0.21929825,0.41666667,0.36403509,"T.J. McFarland",3237,519008
2026,"Riley O'Brien","STL",0.2857142857142857,1.571428571,0.25,0.458333333,0.291666666,0.020408163,0.102040816,6,0.843750050291422,405,659,1064,0.32369942,0.41618497,0.26011561,0.15606936,0.47976879,0.36416185,"Riley O'Brien",20348,676617
2019,"Felipe Vázquez","PIT",0.3064516129032258,1.14893617,0.2109375,0.421875,0.3671875,0.042553191,0.106382978,17,2.55000129699773,299,660,959,0.33333333,0.33333333,0.33333333,0.19379845,0.44186047,0.36434109,"Felipe Vazquez",12076,553878
2018,"Richard Rodríguez","PIT",0.30864197530864196,0.789473684,0.15,0.375,0.475,0.065789473,0.065789473,38,4.932693755133337,371,762,1133,0.33532934,0.37125749,0.29341317,0.18562874,0.4491018,0.36526946,"Richard Rodriguez",13549,593144
2019,"Giovanny Gallegos","STL",0.22151898734177214,0.708860759,0.191616766,0.335329341,0.473053892,0.177215189,0.11392405,31,3.7702706589848964,361,780,1141,0.35329341,0.37724551,0.26946108,0.17964072,0.45508982,0.36526946,"Giovanny Gallegos",14986,606149
2019,"Robert Stephenson","CIN",0.22972972972972974,0.690140845,0.22077922,0.318181818,0.461038961,0.112676056,0.126760563,30,4.175258388756568,351,677,1028,0.44871795,0.33333333,0.21794872,0.16025641,0.47435897,0.36538462,"Robert Stephenson",13594,596112
2023,"Xzavion Curry","CLE",0.2857142857142857,0.720930232,0.244897959,0.31632653,0.43877551,0.058139534,0.093023255,22,3.2637366057738215,342,635,977,0.36548223,0.33502538,0.29949239,0.12182741,0.51269036,0.36548223,"Xzavion Curry",25595,675540
2026,"Juan Mejia","COL",0.32663316582914576,1.338461538,0.247524752,0.430693069,0.321782178,0.138461538,0.092307692,42,5.531708346428912,459,796,1255,0.35609756,0.36097561,0.28292683,0.15121951,0.48292683,0.36585366,"Juan Mejia",23237,675848
2021,"José Ruiz","CHW",0.24571428571428572,1.101449275,0.203296703,0.417582417,0.379120879,0.130434782,0.115942028,24,3.3230773131241214,359,678,1037,0.44808743,0.31147541,0.24043716,0.10928962,0.52459016,0.36612022,"Jose Ruiz",14552,614179
2018,"Buck Farmer","DET",0.3010204081632653,1.066666666,0.228855721,0.39800995,0.373134328,0.066666666,0.08,35,4.7014941434128525,475,739,1214,0.43069307,0.3019802,0.26732673,0.13366337,0.5,0.36633663,"Buck Farmer",14814,571656
2017,"Yusmeiro Petit","LAA",0.2651162790697674,0.675925925,0.180995475,0.330316742,0.488687782,0.175925925,0.083333333,53,5.461833333449813,429,870,1299,0.40358744,0.34529148,0.25112108,0.19282511,0.43946188,0.367713,"Yusmeiro Petit",4020,433589
2019,"Javy Guerra","- - -",0.28217821782178215,0.714285714,0.196172248,0.334928229,0.468899521,0.091836734,0.102040816,33,4.389162973973596,322,754,1076,0.33018868,0.34433962,0.3254717,0.15566038,0.47641509,0.36792453,"Javy Guerra",7407,457915
2026,"Gordon Graceffo","STL",0.21634615384615385,1.24691358,0.133333333,0.48095238,0.385714285,0.061728395,0.061728395,51,6.039474896777283,450,694,1144,0.42924528,0.3490566,0.22169811,0.0990566,0.53301887,0.36792453,"Gordon Graceffo",29519,700669
2024,"Jason Foley","DET",0.2598870056497175,1.574074074,0.227777777,0.472222222,0.3,0.037037037,0.092592592,19,2.850000543594464,303,603,906,0.31868132,0.45054945,0.23076923,0.12087912,0.51098901,0.36813187,"Jason Foley",19531,671345
2018,"Dan Jennings","MIL",0.3076923076923077,2.444444444,0.213197969,0.558375634,0.228426395,0.111111111,0.133333333,33,4.640625553205675,411,656,1067,0.35323383,0.41293532,0.23383085,0.17412935,0.45771144,0.3681592,"Dan Jennings",8073,543359
2016,"Hansel Robles","NYM",0.3069306930693069,0.729411764,0.286407766,0.300970873,0.412621359,0.176470588,0.082352941,34,3.9399142920994015,493,883,1376,0.41148325,0.35885167,0.22966507,0.19617225,0.4354067,0.36842105,"Hansel Robles",11801,570663
2024,"Kyle Finnegan","WSN",0.29213483146067415,1.440677966,0.221621621,0.459459459,0.318918918,0.016949152,0.152542372,6,0.8481676239660397,349,729,1078,0.35828877,0.34759358,0.29411765,0.14438503,0.48663102,0.36898396,"Kyle Finnegan",15009,640448
2019,"Shane Greene","- - -",0.2375,1.327586206,0.186746987,0.463855421,0.34939759,0.103448275,0.137931034,14,2.0106383794678377,326,623,949,0.38095238,0.38690476,0.23214286,0.13690476,0.49404762,0.36904762,"Shane Greene",10756,572888
2018,"Amir Garrett","CIN",0.3057324840764331,1.033333333,0.251533742,0.380368098,0.368098159,0.1,0.133333333,32,4.571428848232018,391,611,1002,0.38181818,0.38181818,0.23636364,0.16363636,0.46666667,0.36969697,"Amir Garrett",14375,607237
2018,"Noé Ramirez","LAA",0.28780487804878047,1.170731707,0.183486238,0.440366972,0.376146788,0.085365853,0.170731707,46,5.0283413235044465,493,864,1357,0.48401826,0.31050228,0.20547945,0.13242009,0.49771689,0.36986301,"Noe Ramirez",12800,598287
2016,"Roberto Osuna","TOR",0.25555555555555554,0.704545454,0.197860962,0.331550802,0.470588235,0.204545454,0.102272727,10,1.2162167177836312,344,790,1134,0.3968254,0.31216931,0.29100529,0.25396825,0.37566138,0.37037037,"Roberto Osuna",13764,532077
2019,"Scott Barlow","KCR",0.3372093023255814,1.09375,0.234285714,0.4,0.365714285,0.046875,0.09375,25,3.1990527110624467,481,819,1300,0.43820225,0.31460674,0.24719101,0.15168539,0.47752809,0.37078652,"Scott Barlow",14993,605130
2019,"Emilio Pagán","TBR",0.22758620689655173,0.726027397,0.192307692,0.339743589,0.467948717,0.150684931,0.164383561,34,4.371430000772749,322,753,1075,0.44230769,0.27564103,0.28205128,0.18589744,0.44230769,0.37179487,"Emilio Pagan",14771,641941
2025,"Jeff Hoffman","TOR",0.2484076433121019,0.893333333,0.164705882,0.394117647,0.44117647,0.146666666,0.2,10,1.3235295602607233,382,746,1128,0.4127907,0.34302326,0.24418605,0.18023256,0.44767442,0.37209302,"Jeff Hoffman",17432,656546
2016,"Travis Wood","CHC",0.21511627906976744,0.917808219,0.217877094,0.374301675,0.407821229,0.178082191,0.109589041,15,2.2131159996935734,345,671,1016,0.33888889,0.37777778,0.28333333,0.18333333,0.44444444,0.37222222,"Travis Wood",9884,475243
2018,"José Alvarado","TBR",0.26973684210526316,1.976190476,0.17218543,0.549668874,0.278145695,0.047619047,0.023809523,29,4.078127673828865,396,642,1038,0.41176471,0.36601307,0.22222222,0.13071895,0.49673203,0.37254902,"Jose Alvarado",17780,621237
2016,"Matt Barnes","BOS",0.3181818181818182,1.366666666,0.211111111,0.455555555,0.333333333,0,0.1,30,4.050000154495245,478,717,1195,0.32967033,0.4010989,0.26923077,0.17582418,0.45054945,0.37362637,"Matt Barnes",12863,598264
2018,"Jeremy Jeffress","MIL",0.24858757062146894,2.372093023,0.198895027,0.563535911,0.23756906,0.069767441,0.116279069,32,3.7565237328696783,425,786,1211,0.41208791,0.38461538,0.2032967,0.19230769,0.43406593,0.37362637,"Jeremy Jeffress",9490,502026
2026,"Mason Montgomery","PIT",0.2698412698412698,1.725,0.155038759,0.53488372,0.310077519,0.1,0.125,21,3.048387659452068,364,700,1064,0.33587786,0.36641221,0.29770992,0.19083969,0.4351145,0.3740458,"Mason Montgomery",29770,682254
2026,"Jacob Latz","TEX",0.19463087248322147,0.763888888,0.164473684,0.361842105,0.47368421,0.222222222,0.083333333,16,2.149253976082187,347,697,1044,0.47096774,0.29032258,0.23870968,0.18709677,0.43870968,0.37419355,"Jacob Latz",21306,656641
2019,"Liam Hendriks","OAK",0.3045977011494253,0.636363636,0.181818181,0.318181818,0.5,0.113636363,0.056818181,23,2.4939759036144578,440,871,1311,0.26256983,0.39664804,0.34078212,0.18994413,0.43575419,0.37430168,"Liam Hendriks",3548,521230
2018,"Blake Parker","LAA",0.29651162790697677,0.775,0.228260869,0.336956521,0.434782608,0.1,0.15,14,1.8994980700309623,427,719,1146,0.41847826,0.26630435,0.31521739,0.16304348,0.46195652,0.375,"Blake Parker",5224,453284
2018,"Shane Greene","DET",0.3111111111111111,1.05479452,0.206349206,0.407407407,0.386243386,0.06849315,0.164383561,7,0.9947370418221407,371,703,1074,0.30729167,0.375,0.31770833,0.15625,0.46875,0.375,"Shane Greene",10756,572888
2021,"Anthony Bass","MIA",0.26993865030674846,1.288135593,0.215116279,0.441860465,0.343023255,0.101694915,0.169491525,30,4.4751390647127485,334,614,948,0.4566474,0.3583815,0.1849711,0.13872832,0.48554913,0.37572254,"Anthony Bass",7982,542914
2021,"Trevor Stephan","CLE",0.2721518987341772,0.74025974,0.220930232,0.331395348,0.447674418,0.129870129,0.194805194,27,3.836842413397732,458,752,1210,0.31213873,0.39884393,0.28901734,0.16763006,0.4566474,0.37572254,"Trevor Stephan",19932,663986
2018,"Sam Dyson","SFG",0.2698412698412698,2.6,0.15183246,0.612565445,0.235602094,0.088888888,0.111111111,23,2.9431281749221423,354,636,990,0.41237113,0.39690722,0.19072165,0.20618557,0.41752577,0.37628866,"Sam Dyson",11710,473879
2019,"Wander Suero","WSN",0.3259668508287293,1.27118644,0.27173913,0.407608695,0.320652173,0.06779661,0.084745762,64,8.074767794523114,428,782,1210,0.35483871,0.33870968,0.30645161,0.15591398,0.46774194,0.37634409,"Wander Suero",15855,593833
2019,"Alex Colomé","CHW",0.2147239263803681,1.225806451,0.178571428,0.452380952,0.369047619,0.016129032,0.112903225,18,2.6557378709973114,364,611,975,0.44705882,0.35294118,0.2,0.08823529,0.53529412,0.37647059,"Alex Colome",6661,517008
2024,"Tyler Alexander","TBR",0.29347826086956524,0.616161616,0.183673469,0.311224489,0.50510204,0.101010101,0.151515151,37,5.370968072397052,293,641,934,0.40201005,0.35175879,0.24623116,0.16080402,0.46231156,0.37688442,"Tyler Alexander",17735,641302
2019,"Pedro Báez","LAD",0.21264367816091953,0.717647058,0.175141242,0.344632768,0.480225988,0.188235294,0.070588235,39,5.038279351149327,407,705,1112,0.43888889,0.32777778,0.23333333,0.2,0.42222222,0.37777778,"Pedro Baez",5420,520980
2019,"Brandon Workman","BOS",0.208955223880597,1.789473684,0.203007518,0.511278195,0.285714285,0.026315789,0.026315789,38,4.772093700617406,499,745,1244,0.45185185,0.3037037,0.24444444,0.14814815,0.47407407,0.37777778,"Brandon Workman",11428,519443
2019,"Sean Doolittle","WSN",0.3132530120481928,0.453608247,0.189655172,0.252873563,0.557471264,0.154639175,0.113402061,17,2.550000324249309,325,750,1075,0.28813559,0.34463277,0.36723164,0.19774011,0.42372881,0.37853107,"Sean Doolittle",1581,448281
2019,"Luis García","LAA",0.28484848484848485,1.396551724,0.201149425,0.465517241,0.333333333,0.086206896,0.206896551,36,5.400001716614315,412,617,1029,0.35028249,0.38983051,0.25988701,0.19774011,0.42372881,0.37853107,"Luis Garcia",6984,472610
2016,"Carlos Villanueva","SDP",0.3185840707964602,1.24691358,0.241666666,0.420833333,0.3375,0.12345679,0.209876543,31,3.7702706589848964,400,793,1193,0.48559671,0.29218107,0.22222222,0.16049383,0.46090535,0.37860082,"Carlos Villanueva",4138,453646
2019,"Yimi García","LAD",0.17123287671232876,0.528089887,0.144654088,0.295597484,0.559748427,0.11235955,0.168539325,26,3.7540116907242553,342,656,998,0.39751553,0.28571429,0.31677019,0.1863354,0.43478261,0.37888199,"Yimi Garcia",12095,554340
2026,"Jeff Hoffman","- - -",0.35570469798657717,1.288461538,0.206666666,0.446666666,0.346666666,0.076923076,0.076923076,31,4.227273460262205,424,787,1211,0.39215686,0.37254902,0.23529412,0.11764706,0.50326797,0.37908497,"Jeff Hoffman",17432,656546
2026,"Trevor Richards","- - -",0.25663716814159293,0.539682539,0.177966101,0.288135593,0.533898305,0.142857142,0.087301587,23,2.598326536089012,440,817,1257,0.37552743,0.34599156,0.27848101,0.12658228,0.49367089,0.37974684,"Trevor Richards",19309,670950
2025,"Lucas Erceg","KCR",0.2857142857142857,1.807692307,0.17977528,0.528089887,0.292134831,0.115384615,0.076923076,29,4.255435400176003,350,614,964,0.41899441,0.32402235,0.25698324,0.17877095,0.44134078,0.37988827,"Lucas Erceg",19360,668674
2021,"Will Smith","ATL",0.25,0.662337662,0.214723926,0.312883435,0.472392638,0.116883116,0.142857142,5,0.6617647058823529,380,699,1079,0.39877301,0.36196319,0.2392638,0.17791411,0.44171779,0.3803681,"Will Smith",8048,519293
2025,"Garrett Cleavinger","TBR",0.2440944881889764,1.229166666,0.195488721,0.443609022,0.360902255,0.104166666,0.1875,23,3.3750006997068445,283,591,874,0.41911765,0.28676471,0.29411765,0.14705882,0.47058824,0.38235294,"Garrett Cleavinger",17897,664076
2026,"Jacob Webb","CHC",0.2832369942196532,1.138461538,0.236263736,0.406593406,0.357142857,0.092307692,0.153846153,28,3.8181822595518007,389,740,1129,0.45355191,0.36065574,0.18579235,0.15846995,0.45901639,0.38251366,"Jacob Webb",19274,657097
2019,"Mark Melancon","- - -",0.3489583333333333,3.666666666,0.21025641,0.62051282,0.169230769,0.121212121,0.121212121,27,3.608911470389555,387,681,1068,0.39795918,0.37755102,0.2244898,0.16326531,0.45408163,0.38265306,"Mark Melancon",4264,453343
2019,"Richard Rodríguez","PIT",0.2786885245901639,0.976190476,0.153061224,0.418367346,0.428571428,0.095238095,0.166666666,46,6.336735927180062,405,757,1162,0.42346939,0.2755102,0.30102041,0.17346939,0.44387755,0.38265306,"Richard Rodriguez",13549,593144
2017,"José Torres","SDP",0.26595744680851063,0.766666666,0.184615384,0.353846153,0.461538461,0.122222222,0.144444444,28,3.6878055642859415,372,699,1071,0.36318408,0.41791045,0.21890547,0.18905473,0.4278607,0.38308458,"Jose Torres",14957,600526
2019,"Junior Guerra","MIL",0.2175925925925926,1.129411764,0.180995475,0.43438914,0.384615384,0.152941176,0.129411764,35,3.7649403534829298,534,858,1392,0.3876652,0.36563877,0.24669604,0.17621145,0.44052863,0.38325991,"Junior Guerra",5702,448855
2018,"Cody Allen","CLE",0.2919254658385093,0.593023255,0.194117647,0.3,0.505882352,0.093023255,0.127906976,24,3.223882065448848,448,734,1182,0.34302326,0.37790698,0.27906977,0.13953488,0.47674419,0.38372093,"Cody Allen",12183,592102
2026,"Brayan Bello","BOS",0.27717391304347827,2.666666666,0.218579234,0.56830601,0.213114754,0.025641025,0.025641025,40,5.654450487644155,322,621,943,0.56216216,0.31351351,0.12432432,0.12432432,0.49189189,0.38378378,"Brayan Bello",23920,678394
2019,"Daniel Hudson","- - -",0.24210526315789474,0.782608695,0.158974358,0.369230769,0.471794871,0.130434782,0.086956521,32,4.000000953674544,413,791,1204,0.37878788,0.34343434,0.27777778,0.18686869,0.42929293,0.38383838,"Daniel Hudson",7146,543339
2019,"John Brebbia","STL",0.292817679558011,0.531914893,0.225806451,0.268817204,0.505376344,0.127659574,0.063829787,42,5.201836136734042,403,814,1217,0.34759358,0.31550802,0.3368984,0.20855615,0.40641711,0.38502674,"John Brebbia",12777,605154
2025,"Bryan Baker","- - -",0.2857142857142857,0.916666666,0.202312138,0.38150289,0.416184971,0.125,0.180555555,37,4.8495150121221275,364,738,1102,0.37356322,0.35632184,0.27011494,0.14942529,0.46551724,0.38505747,"Bryan Baker",19804,641329
2019,"Kenley Jansen","LAD",0.2727272727272727,0.75,0.242038216,0.324840764,0.433121019,0.161764705,0.132352941,16,2.285714562517749,327,741,1068,0.42944785,0.31288344,0.25766871,0.17177914,0.44171779,0.38650307,"Kenley Jansen",3096,445276
2021,"Luke Jackson","ATL",0.2532467532467532,1.729166666,0.170886075,0.525316455,0.303797468,0.083333333,0.125,29,4.0994770947964,401,654,1055,0.46875,0.35625,0.175,0.1375,0.475,0.3875,"Luke Jackson",11752,592426
2019,"Luis Perdomo","SDP",0.30049261083743845,2.018518518,0.208737864,0.529126213,0.262135922,0.037037037,0.111111111,32,4.194174446611538,327,686,1013,0.41626794,0.35406699,0.22966507,0.13875598,0.47368421,0.38755981,"Luis Perdomo",14682,606131
2019,"Raisel Iglesias","CIN",0.3161290322580645,0.680555555,0.262195121,0.298780487,0.43902439,0.166666666,0.166666666,10,1.3432838880132163,394,739,1133,0.37724551,0.31736527,0.30538922,0.22754491,0.38323353,0.38922156,"Raisel Iglesias",17130,628452
2019,"Nestor Cortes","NYY",0.3045977011494253,0.761904761,0.216931216,0.338624338,0.444444444,0.107142857,0.19047619,37,5.176167440042428,469,786,1255,0.37368421,0.35789474,0.26842105,0.20526316,0.40526316,0.38947368,"Nestor Cortes",17874,641482
2019,"Matt Andriese","ARI",0.3316062176165803,1.706896551,0.203045685,0.502538071,0.294416243,0.120689655,0.137931034,41,5.221699428626582,423,781,1204,0.375,0.37,0.255,0.16,0.45,0.39,"Matt Andriese",12022,542882
2026,"Michael Petersen","MIA",0.273972602739726,0.739726027,0.158940397,0.357615894,0.483443708,0.205479452,0.06849315,37,5.1761668261921985,386,717,1103,0.35761589,0.43046358,0.21192053,0.16556291,0.44370861,0.39072848,"Michael Petersen",20827,656848
2021,"Emilio Pagán","SDP",0.25316455696202533,0.367924528,0.166666666,0.224137931,0.609195402,0.113207547,0.150943396,30,4.263158493887438,380,718,1098,0.34482759,0.33908046,0.31609195,0.16666667,0.44252874,0.3908046,"Emilio Pagan",14771,641941
2017,"Craig Kimbrel","BOS",0.25961538461538464,0.851063829,0.194444444,0.37037037,0.435185185,0.106382978,0.127659574,28,3.6521747206922273,364,784,1148,0.31818182,0.34545455,0.33636364,0.12727273,0.48181818,0.39090909,"Craig Kimbrel",6655,518886
2016,"Brandon Maurer","SDP",0.29591836734693877,0.904761904,0.203980099,0.378109452,0.417910447,0.095238095,0.083333333,10,1.2918662173427187,455,774,1229,0.3019802,0.40594059,0.29207921,0.18811881,0.42079208,0.39108911,"Brandon Maurer",4878,543506
2017,"Zach McAllister","CLE",0.29411764705882354,0.838235294,0.213836477,0.358490566,0.427672955,0.073529411,0.117647058,18,2.612904029632085,325,650,975,0.29192547,0.35403727,0.35403727,0.11180124,0.49689441,0.39130435,"Zach McAllister",2895,502083
2024,"Nate Pearson","- - -",0.313953488372093,0.905405405,0.229508196,0.366120218,0.404371584,0.148648648,0.162162162,17,2.3418371221117202,368,679,1047,0.41847826,0.36956522,0.21195652,0.13586957,0.47282609,0.39130435,"Nate Pearson",20160,663878
2019,"Joe Biagini","- - -",0.31666666666666665,1.745098039,0.274611398,0.461139896,0.264248704,0.117647058,0.274509803,35,4.871136151791196,443,699,1142,0.44845361,0.30412371,0.24742268,0.13917526,0.46907216,0.39175258,"Joe Biagini",13194,607352
2019,"Will Smith","SFG",0.27692307692307694,1.183673469,0.224637681,0.420289855,0.355072463,0.061224489,0.204081632,15,2.066326691477771,354,689,1043,0.41428571,0.31428571,0.27142857,0.15714286,0.45,0.39285714,"Will Smith",8048,519293
2019,"Joakim Soria","OAK",0.24848484848484848,0.94117647,0.232558139,0.372093023,0.395348837,0.088235294,0.117647058,31,4.102941176470588,374,723,1097,0.32947977,0.3583815,0.31213873,0.19653179,0.41040462,0.39306358,"Joakim Soria",6941,465657
2023,"Jose Cuas","- - -",0.3151515151515151,1.472727272,0.209302325,0.470930232,0.319767441,0.072727272,0.145454545,32,4.54736947099282,442,695,1137,0.32947977,0.42774566,0.24277457,0.13294798,0.47398844,0.39306358,"Jose Cuas",17701,621016
2019,"Jared Hughes","- - -",0.22797927461139897,2.644444444,0.184079601,0.5920398,0.223880597,0.044444444,0.288888888,34,4.289721079045599,449,694,1143,0.58252427,0.31067961,0.10679612,0.15048544,0.45631068,0.39320388,"Jared Hughes",9325,453172
2023,"Emilio Pagán","MIN",0.2247191011235955,0.630434782,0.171270718,0.320441988,0.508287292,0.152173913,0.054347826,29,3.8195129058675823,347,701,1048,0.36612022,0.31147541,0.32240437,0.12568306,0.48087432,0.39344262,"Emilio Pagan",14771,641941
2018,"Josh Hader","MIL",0.21951219512195122,0.596774193,0.2265625,0.2890625,0.484375,0.112903225,0.14516129,48,5.311475741994623,434,882,1316,0.36363636,0.28787879,0.34848485,0.18181818,0.42424242,0.39393939,"Josh Hader",14212,623352
2019,"Hansel Robles","LAA",0.2826086956521739,0.947368421,0.204301075,0.387096774,0.40860215,0.065789473,0.078947368,16,2.00930282468999,385,761,1146,0.33684211,0.43684211,0.22631579,0.13157895,0.47368421,0.39473684,"Hansel Robles",11801,570663
2023,"Pierce Johnson","- - -",0.36054421768707484,1.054545454,0.275641025,0.371794871,0.352564102,0.09090909,0.181818181,27,3.8776603219412347,372,713,1085,0.38853503,0.35031847,0.2611465,0.08280255,0.52229299,0.39490446,"Pierce Johnson",13435,572955
2023,"Kyle Finnegan","WSN",0.291005291005291,1.483870967,0.21025641,0.471794871,0.317948717,0.129032258,0.177419354,19,2.466346334776243,392,722,1114,0.35,0.37,0.28,0.15,0.455,0.395,"Kyle Finnegan",15009,640448
2026,"Kevin Ginkel","ARI",0.2774566473988439,0.875,0.15730337,0.393258426,0.449438202,0.0875,0.1125,40,5.400000823974735,376,695,1071,0.39010989,0.37912088,0.23076923,0.12087912,0.48351648,0.3956044,"Kevin Ginkel",19876,656464
2019,"Adam Conley","MIA",0.35106382978723405,1,0.242105263,0.378947368,0.378947368,0.083333333,0.138888888,19,2.8186816140773914,382,679,1061,0.3248731,0.38071066,0.29441624,0.14720812,0.45685279,0.39593909,"Adam Conley",14457,543045
2019,"Kevin McCarthy","KCR",0.31527093596059114,2.704545454,0.200980392,0.583333333,0.215686274,0.09090909,0.09090909,39,5.817680784126574,295,606,901,0.43478261,0.36714976,0.19806763,0.1884058,0.41545894,0.39613527,"Kevin McCarthy",15240,641838
2019,"Brett Martin","TEX",0.32608695652173914,2.217391304,0.221052631,0.536842105,0.242105263,0.130434782,0.152173913,44,6.527471980212538,320,650,970,0.46073298,0.36125654,0.17801047,0.17801047,0.42408377,0.39790576,"Brett Martin",17369,656685
2018,"Joe Jiménez","DET",0.3018867924528302,0.783783783,0.190184049,0.35582822,0.45398773,0.094594594,0.067567567,31,4.452128653291239,416,731,1147,0.35582822,0.38650307,0.25766871,0.20858896,0.39263804,0.39877301,"Joe Jimenez",15761,641729
2019,"Josh James","HOU",0.3130434782608696,0.74137931,0.192,0.344,0.464,0.103448275,0.172413793,28,4.1767961963121065,439,685,1124,0.344,0.352,0.304,0.16,0.44,0.4,"Josh James",16794,657624
2018,"Archie Bradley","ARI",0.28191489361702127,1.476923076,0.174358974,0.492307692,0.333333333,0.076923076,0.138461538,28,3.5162806918707203,399,829,1228,0.32994924,0.37563452,0.29441624,0.17258883,0.42639594,0.40101523,"Archie Bradley",12918,605151
2026,"Bryan Abreu","HOU",0.2631578947368421,0.932203389,0.173913043,0.398550724,0.427536231,0.084745762,0.152542372,18,2.5851068026127595,439,654,1093,0.49295775,0.29577465,0.21126761,0.09859155,0.5,0.40140845,"Bryan Abreu",16609,650556
2017,"Tyler Duffey","MIN",0.32558139534883723,1.579710144,0.19090909,0.495454545,0.313636363,0.028985507,0.130434782,38,4.816902961269849,373,753,1126,0.44642857,0.36607143,0.1875,0.17410714,0.42410714,0.40178571,"Tyler Duffey",13758,608648
2025,"Brock Burke","LAA",0.28735632183908044,1.629629629,0.179190751,0.50867052,0.312138728,0.055555555,0.129629629,28,4.153847111551436,343,658,1001,0.40331492,0.33149171,0.26519337,0.17127072,0.42541436,0.40331492,"Brock Burke",17968,656271
2019,"Carlos Estévez","COL",0.3036649214659686,0.905882352,0.198019801,0.381188118,0.420792079,0.035294117,0.14117647,45,5.625001192093148,425,815,1240,0.33497537,0.37438424,0.29064039,0.14778325,0.44827586,0.40394089,"Carlos Estevez",14542,608032
2023,"Carlos Hernández","KCR",0.28484848484848485,0.743243243,0.258620689,0.316091954,0.425287356,0.067567567,0.135135135,25,3.5714290039339827,420,722,1142,0.45714286,0.30857143,0.23428571,0.10285714,0.49142857,0.40571429,"Carlos Hernandez",22713,672578
2023,"Scott McGough","ARI",0.27607361963190186,1.517857142,0.194285714,0.485714285,0.32,0.178571428,0.25,24,3.176471301016258,428,767,1195,0.49152542,0.28813559,0.22033898,0.11864407,0.47457627,0.40677966,"Scott McGough",12056,543518
2019,"Félix Peña","LAA",0.25882352941176473,1.372881355,0.222222222,0.45,0.327777777,0.050847457,0.186440677,41,5.453201560545555,400,683,1083,0.45856354,0.35359116,0.1878453,0.16022099,0.43093923,0.40883978,"Felix Pena",13403,570240
2019,"Nick Anderson","- - -",0.3492063492063492,0.69090909,0.295454545,0.287878787,0.416666666,0.127272727,0.145454545,30,4.153847128964264,337,764,1101,0.41791045,0.31343284,0.26865672,0.14925373,0.44029851,0.41044776,"Nick Anderson",18337,623433
2021,"Trevor Richards","- - -",0.2014388489208633,0.554054054,0.222972972,0.277027027,0.5,0.148648648,0.162162162,39,5.45595930409239,407,654,1061,0.35099338,0.30463576,0.34437086,0.1589404,0.43046358,0.41059603,"Trevor Richards",19309,670950
2019,"Will Harris","HOU",0.24489795918367346,2.305555555,0.217105263,0.546052631,0.236842105,0.055555555,0.166666666,39,5.850001487732312,352,583,935,0.41176471,0.32026144,0.26797386,0.17647059,0.41176471,0.41176471,"Will Harris",3192,501789
2019,"Nick Ramirez","DET",0.28634361233480177,1.367088607,0.2008547,0.461538461,0.337606837,0.11392405,0.139240506,28,3.1631800172935076,516,807,1323,0.43697479,0.3487395,0.21428571,0.21008403,0.37815126,0.41176471,"Nick Ramirez",12575,598286
2021,"Tyler Kinley","COL",0.25133689839572193,0.916666666,0.186868686,0.388888888,0.424242424,0.119047619,0.142857142,34,4.350711687044928,404,739,1143,0.48241206,0.29648241,0.22110553,0.16582915,0.42211055,0.4120603,"Tyler Kinley",18297,641755
2019,"Buck Farmer","DET",0.2988505747126437,1.440677966,0.191011235,0.477528089,0.331460674,0.084745762,0.13559322,32,4.385789010111122,427,694,1121,0.40659341,0.38461538,0.20879121,0.14835165,0.43956044,0.41208791,"Buck Farmer",14814,571656
2017,"Shane Greene","DET",0.26506024096385544,1.372881355,0.181286549,0.47368421,0.345029239,0.033898305,0.101694915,34,4.522168167515371,399,678,1077,0.38953488,0.3255814,0.28488372,0.12790698,0.45930233,0.4127907,"Shane Greene",10756,572888
2017,"Ryan Pressly","MIN",0.2641509433962264,1.555555555,0.168674698,0.506024096,0.325301204,0.018518518,0.185185185,20,2.9347835822009483,299,591,890,0.35502959,0.37278107,0.27218935,0.15384615,0.43195266,0.41420118,"Ryan Pressly",7005,519151
2019,"Jalen Beeks","TBR",0.315018315018315,1.476190476,0.243636363,0.45090909,0.305454545,0.107142857,0.095238095,42,4.108695992900682,586,980,1566,0.43928571,0.33214286,0.22857143,0.15357143,0.43214286,0.41428571,"Jalen Beeks",17192,656222
2018,"Cam Bedrosian","LAA",0.3128491620111732,1.48275862,0.208791208,0.472527472,0.318681318,0.137931034,0.120689655,32,4.500001341104907,397,641,1038,0.30810811,0.40540541,0.28648649,0.14054054,0.44324324,0.41621622,"Cam Bedrosian",13360,592135
2018,"Jim Johnson","LAA",0.2925531914893617,1.745454545,0.225641025,0.492307692,0.282051282,0.054545454,0.163636363,40,5.806453041926487,356,635,991,0.45177665,0.3248731,0.22335025,0.11167513,0.47208122,0.41624365,"Jim Johnson",3656,462382
2019,"Héctor Neris","PHI",0.23972602739726026,1.272727272,0.188311688,0.454545454,0.357142857,0.109090909,0.181818181,22,2.926108484356828,409,717,1126,0.48717949,0.31410256,0.19871795,0.19871795,0.38461538,0.41666667,"Hector Neris",11804,593576
2024,"Victor Vodnik","COL",0.30952380952380953,2.017241379,0.186046511,0.544186046,0.269767441,0.051724137,0.120689655,19,2.321267288866316,536,806,1342,0.32258065,0.40552995,0.2718894,0.15668203,0.42396313,0.41935484,"Victor Vodnik",24614,680767
2019,"Kirby Yates","SDP",0.325,1.38095238,0.173553719,0.479338842,0.347107438,0.071428571,0.047619047,1,0.14835165457051264,344,677,1021,0.42622951,0.33606557,0.23770492,0.18852459,0.3852459,0.42622951,"Kirby Yates",9073,489446
2021,"Nick Wittgren","CLE",0.29012345679012347,1.519230769,0.242774566,0.456647398,0.300578034,0.019230769,0.25,17,2.4810814903599905,352,636,988,0.38857143,0.28571429,0.32571429,0.13142857,0.44,0.42857143,"Nick Wittgren",15594,621295
2026,"Kevin Kelly","TBR",0.25257731958762886,2.95,0.20603015,0.592964824,0.201005025,0.075,0.15,33,4.087156964576748,317,662,979,0.43,0.385,0.185,0.115,0.455,0.43,"Kevin Kelly",25679,687330
2026,"Zach Agnos","COL",0.3271375464684015,0.990825688,0.21090909,0.392727272,0.396363636,0.045871559,0.073394495,34,3.809128871878398,485,848,1333,0.41155235,0.39350181,0.19494585,0.10108303,0.46570397,0.433213,"Zach Agnos",31552,688642
2019,"Archie Bradley","ARI",0.3220338983050847,1.49090909,0.234636871,0.458100558,0.307262569,0.09090909,0.09090909,12,1.5355454678779978,450,791,1241,0.39010989,0.28571429,0.32417582,0.14835165,0.41758242,0.43406593,"Archie Bradley",12918,605151
2018,"Yoshihisa Hirano","ARI",0.25,1.483333333,0.15819209,0.502824858,0.33898305,0.05,0.1,30,4.070352539053402,395,705,1100,0.38202247,0.3988764,0.21910112,0.15168539,0.41011236,0.43820225,"Yoshihisa Hirano",19756,673633
2019,"Wei-Yin Chen","MIA",0.34951456310679613,0.952380952,0.251141552,0.365296803,0.383561643,0.059523809,0.178571428,23,3.0292688563777377,380,771,1151,0.37104072,0.36199095,0.26696833,0.13574661,0.42081448,0.44343891,"Wei-Yin Chen",13071,612672
2019,"Chris Devenski","HOU",0.28651685393258425,0.666666666,0.202127659,0.319148936,0.478723404,0.1,0.144444444,16,2.1492542208211463,396,709,1105,0.40314136,0.36125654,0.23560209,0.19895288,0.35602094,0.44502618,"Chris Devenski",12763,606965
2018,"Matt Andriese","- - -",0.32972972972972975,1.637931034,0.198952879,0.497382198,0.303664921,0.086206896,0.189655172,21,2.892856692433775,367,725,1092,0.42346939,0.32653061,0.25,0.15816327,0.37755102,0.46428571,"Matt Andriese",12022,542882
2018,"Chad Green","NYY",0.30726256983240224,0.686046511,0.228723404,0.313829787,0.457446808,0.104651162,0.104651162,36,4.281938038162162,403,848,1251,0.25531915,0.30851064,0.43617021,0.15425532,0.37765957,0.46808511,"Chad Green",15552,643338
2019,"Ty Buttrey","LAA",0.32275132275132273,1.343283582,0.203045685,0.456852791,0.340101522,0.119402985,0.119402985,51,6.345623235328645,431,794,1225,0.35025381,0.27918782,0.37055838,0.1319797,0.39086294,0.47715736,"Ty Buttrey",14719,621142
2018,"Brian Flynn","KCR",0.3333333333333333,1.722222222,0.212851405,0.497991967,0.289156626,0.055555555,0.069444444,28,3.330397259305738,515,735,1250,0.41832669,0.35458167,0.22709163,0.09561753,0.41434263,0.49003984,"Brian Flynn",12027,543169
2019,"Yoan López","ARI",0.23295454545454544,1.472727272,0.264864864,0.437837837,0.297297297,0.109090909,0.2,30,4.450550756511282,317,548,865,0.38502674,0.40641711,0.20855615,0.10695187,0.39037433,0.5026738,"Yoan Lopez",17181,661255