"last_name, first_name",player_id,year,pa,whiff_percent,swing_percent,xwoba
"Cervenka, Hunter",543017,2016,182,25.1,45.2,0.297
"García, Jaime",448802,2016,741,21.7,45.8,0.31
"Zimmermann, Jordan",519455,2016,450,17.3,48.7,0.332
"Yates, Kirby",489446,2016,184,27.3,45.8,0.286
"Bradley, Jed",605152,2016,33,22.4,37.4,0.306
"Collmenter, Josh",518567,2016,173,18.6,42.4,0.328
"Foltynewicz, Mike",592314,2016,525,22.0,48.2,0.309
"Rogers, Taylor",573124,2016,264,18.9,43.1,0.295
"Cain, Matt",430912,2016,397,22.0,44.7,0.343
"Logan, Boone",457429,2016,187,37.6,45.5,0.27
"Vincent, Nick",543883,2016,247,28.8,55.3,0.271
"Jones, Nate",518858,2016,274,29.7,51.1,0.266
"González, Severino",605894,2016,151,22.8,52.2,0.294
"Huff, David",453307,2016,32,11.5,48.1,0.366
"Brault, Steven",643230,2016,166,25.0,44.1,0.328
"Broxton, Jonathan",455009,2016,259,22.2,49.0,0.289
"Wright Jr., Mike",605541,2016,328,16.2,46.1,0.343
"Wilhelmsen, Tom",452666,2016,209,20.5,45.2,0.365
"Fien, Casey",502272,2016,169,25.5,52.5,0.375
"Jenkins, Tyrell",592433,2016,237,15.4,42.2,0.366
"Rodríguez, Joely",570257,2016,39,32.3,41.1,0.234
"Tanaka, Masahiro",547888,2016,805,23.3,50.2,0.294
"Eovaldi, Nathan",543135,2016,525,22.1,47.8,0.34
"Brach, Brad",542960,2016,311,31.5,50.4,0.261
"Ranaudo, Anthony",519168,2016,151,13.2,46.2,0.376
"Hudson, Daniel",543339,2016,268,26.3,49.2,0.314
"Carrasco, Carlos",471911,2016,599,27.0,49.4,0.288
"Jansen, Kenley",445276,2016,251,33.5,56.3,0.19
"Santana, Ervin",429722,2016,748,22.9,47.2,0.315
"Antolin, Dustin",542884,2016,11,12.5,38.1,0.425
"Karns, Nate",501992,2016,417,26.4,43.5,0.327
"Cedeño, Xavier",458584,2016,173,28.0,46.4,0.266
"Chargois, JT",608638,2016,100,22.0,47.5,0.325
"Bettis, Chad",518452,2016,814,21.6,45.1,0.329
"Escobar, Eduardo",500871,2016,4,10.0,62.5,0.412
"Miller, Shelby",571946,2016,460,18.2,47.0,0.384
"Lyles, Jordan",543475,2016,272,17.6,46.9,0.316
"Verrett, Logan",548337,2016,406,19.6,47.5,0.383
"Niese, Jonathon",477003,2016,546,17.9,46.2,0.357
"Bethancourt, Christian",542194,2016,10,9.1,25.0,0.414
"Wang, Chien-Ming",425426,2016,231,12.7,49.0,0.367
"Bergman, Christian",548357,2016,119,19.7,53.3,0.398
"Martinez, Nick",607259,2016,179,15.5,42.7,0.366
"Biagini, Joe",607352,2016,295,25.2,48.7,0.273
"Finnegan, Brandon",605232,2016,734,22.6,45.5,0.347
"Grace, Matt",594840,2016,10,38.9,46.2,0.096
"Edgin, Josh",572831,2016,45,22.4,40.4,0.325
"Chapman, Kevin",502087,2016,42,16.4,41.5,0.297
"Holaday, Bryan",592407,2016,4,14.3,38.9,0.298
"Mullee, Conor",571969,2016,14,33.3,41.5,0.272
"Price, David",456034,2016,951,24.8,51.0,0.298
"Tolliver, Ashur",572208,2016,22,24.4,42.9,0.357
"Ramírez, José",542432,2016,143,28.9,44.3,0.322
"Givens, Mychal",571710,2016,313,32.1,49.3,0.288
"Kintzler, Brandon",445213,2016,224,16.6,45.0,0.304
"Barnes, Danny",592130,2016,58,27.4,45.3,0.26
"Nathan, Joe",150274,2016,28,31.0,46.4,0.256
"Duke, Zach",435043,2016,258,26.1,42.7,0.258
"Kontos, George",502004,2016,216,24.1,46.8,0.301
"Ohlendorf, Ross",456027,2016,290,25.0,46.3,0.338
"Wendelken, J.B.",605525,2016,64,27.0,46.3,0.408
"LeBlanc, Wade",453281,2016,252,22.1,48.8,0.331
"Cingrani, Tony",571561,2016,271,21.1,45.0,0.307
"Bauer, Trevor",545333,2016,811,22.5,44.2,0.324
"Dunn, Mike",445197,2016,176,24.6,53.1,0.294
"Kelly, Joe",523260,2016,188,26.8,42.4,0.374
"Godley, Zack",643327,2016,335,27.0,47.0,0.338
"Diamond, Scott",539438,2016,7,10.0,38.5,0.362
"Fister, Doug",450729,2016,778,15.6,40.5,0.333
"Swarzak, Anthony",461872,2016,124,21.7,47.1,0.273
"Castro, Miguel",612434,2016,67,29.5,39.6,0.353
"Melville, Tim",543532,2016,54,18.8,41.9,0.493
"Smyly, Drew",592767,2016,738,25.0,47.5,0.301
"Smith, Blake",544930,2016,21,10.0,52.6,0.394
"Romo, Sergio",489265,2016,117,33.5,46.5,0.293
"Hale, David",571735,2016,12,16.0,52.1,0.521
"Plutko, Adam",592644,2016,18,8.6,44.3,0.338
"Graveman, Kendall",608665,2016,785,18.1,44.7,0.346
"Danks, John",433579,2016,100,20.9,40.8,0.406
"Roe, Chaz",475054,2016,124,30.6,45.4,0.284
"Hatcher, Chris",501822,2016,181,23.6,45.1,0.327
"Buchter, Ryan",488748,2016,247,25.2,43.3,0.263
"LaMarre, Ryan",534606,2016,5,0.0,58.3,0.405
"Mantiply, Joe",573009,2016,16,20.7,45.3,0.394
"Garton, Ryan",623439,2016,171,21.1,46.5,0.318
"Jackson, Edwin",429719,2016,373,22.5,44.8,0.359
"Glover, Koda",606983,2016,83,23.6,50.3,0.314
"Webb, Daniel",543900,2016,6,33.3,44.4,0.394
"Bolsinger, Mike",502211,2016,122,26.0,41.7,0.4
"Hellickson, Jeremy",476451,2016,772,24.1,48.0,0.323
"Morton, Charlie",450203,2016,71,31.6,42.4,0.316
"Frías, Carlos",516910,2016,15,30.4,44.2,0.447
"Goeddel, Erik",592340,2016,157,25.4,47.5,0.347
"Adams, Austin",542866,2016,88,25.3,46.1,0.37
"Quintana, Jose",500779,2016,837,18.6,45.8,0.295
"Rodriguez, Eduardo",593958,2016,457,23.5,49.4,0.297
"Smith, Chris",434672,2016,100,36.7,41.0,0.271
"Breslow, Craig",444520,2016,63,17.9,50.5,0.371
"Ramirez, Noé",598287,2016,61,30.5,42.2,0.404
"Neris, Héctor",593576,2016,328,33.8,48.7,0.289
"Leon, Arnold",504186,2016,11,23.8,45.7,0.427
"Broadway, Mike",458678,2016,25,19.4,42.4,0.453
"Mitchell, Bryan",571951,2016,107,15.8,42.5,0.333
"Rodríguez, Francisco",408061,2016,235,27.6,45.7,0.307
"Giles, Ken",571704,2016,286,40.0,52.2,0.281
"Burgos, Enrique",542609,2016,178,29.0,43.7,0.362
"Samardzija, Jeff",502188,2016,829,20.7,48.6,0.307
"Andriese, Matt",542882,2016,527,23.2,49.4,0.309
"Ryu, Hyun Jin",547943,2016,24,23.8,47.2,0.329
"Hendricks, Kyle",543294,2016,745,24.7,43.2,0.262
"Ross Jr., Robbie",543726,2016,238,25.4,44.1,0.324
"Latos, Mat",502009,2016,309,17.1,45.5,0.335
"Graham, J.R.",543242,2016,9,20.0,43.5,0.259
"Worley, Vance",474699,2016,364,12.7,44.2,0.313
"McFarland, T.J.",519008,2016,112,13.5,44.9,0.355
"Wittgren, Nick",621295,2016,213,16.0,48.9,0.297
"Nova, Iván",467100,2016,684,20.5,49.5,0.322
"Bailey, Andrew",457732,2016,190,21.6,49.6,0.337
"Wood, Alex",622072,2016,254,25.6,43.1,0.296
"Mills, Alec",621219,2016,19,19.5,47.7,0.379
"Thompson, Jake",622097,2016,237,17.7,41.1,0.36
"Belisle, Matt",279571,2016,186,18.0,56.2,0.302
"Edwards Jr., Carl",605218,2016,138,39.5,47.5,0.259
"Hoffman, Jeff",656546,2016,147,18.2,44.4,0.368
"Duffey, Tyler",608648,2016,596,19.7,47.6,0.358
"Johnson, Jim",462382,2016,266,19.6,42.1,0.302
"Nicolino, Justin",592593,2016,346,11.9,46.4,0.358
"Shields, James",448306,2016,821,22.3,44.0,0.359
"Owens, Henry",596064,2016,103,26.7,38.4,0.366
"Cole, A.J.",595918,2016,168,23.8,46.7,0.27
"Warren, Adam",476589,2016,277,23.4,46.5,0.312
"VerHagen, Drew",572403,2016,90,18.3,41.0,0.348
"Peralta, Wandy",593974,2016,39,33.9,42.1,0.386
"Jiménez, Ubaldo",434622,2016,637,21.4,42.0,0.318
"Turner, Jacob",545363,2016,122,17.2,45.8,0.417
"Suter, Brent",608718,2016,91,21.1,47.8,0.298
"Goforth, David",592341,2016,55,26.0,47.8,0.382
"Dermody, Matt",571616,2016,16,46.7,50.0,0.324
"Leone, Dominic",608678,2016,131,24.2,52.8,0.353
"Friedrich, Christian",543184,2016,567,19.3,46.3,0.306
"Alburquerque, Al",456379,2016,12,28.6,43.8,0.385
"Wimmers, Alex",592872,2016,72,27.4,44.1,0.31
"Gallardo, Yovani",451596,2016,525,17.5,41.0,0.331
"Colon, Bartolo",112526,2016,791,13.6,47.2,0.319
"Thornburg, Tyler",592804,2016,263,28.8,46.1,0.269
"Perkins, Glen",450282,2016,12,36.4,45.8,0.466
"Schultz, Bo",544759,2016,68,18.0,46.9,0.335
"Bracho, Silvino",611093,2016,119,23.0,49.7,0.362
"Cotham, Caleb",571584,2016,117,23.8,42.9,0.346
"Gibson, Kyle",502043,2016,653,22.7,45.3,0.34
"Whitley, Chase",595032,2016,61,27.5,50.4,0.292
"Tejada, Rubén",514913,2016,5,0.0,31.6,0.744
"Wagner, Tyler",621281,2016,40,17.1,48.3,0.295
"Alexander, Scott",518397,2016,84,27.0,49.1,0.291
"Ray, Robbie",592662,2016,776,26.6,46.6,0.318
"Whalen, Rob",547007,2016,110,25.9,41.0,0.31
"DeSclafani, Anthony",543101,2016,507,21.5,46.0,0.304
"Johnson, Steve",489002,2016,75,15.6,46.8,0.298
"Nolasco, Ricky",445060,2016,817,20.9,46.5,0.319
"May, Trevor",543507,2016,187,28.8,47.9,0.313
"Germen, Gonzalez",542674,2016,182,26.1,45.1,0.373
"Blach, Ty",621389,2016,62,15.2,46.5,0.249
"Leclerc, José",600917,2016,66,31.3,42.4,0.278
"Butera, Drew",460077,2016,5,18.2,50.0,0.295
"Mayers, Mike",594577,2016,35,18.2,55.0,0.468
"Stumpf, Daniel",621385,2016,25,30.4,45.5,0.395
"Iglesias, Raisel",628452,2016,325,28.7,45.3,0.27
"Harrell, Lucas",449173,2016,208,19.9,40.5,0.334
"Guerra, Junior",448855,2016,492,24.8,47.3,0.306
"Greene, Shane",572888,2016,256,28.3,47.8,0.283
"Ramírez, Erasmo",541640,2016,378,19.4,50.0,0.306
"García, Luis",472610,2016,76,27.3,43.8,0.323
"Campos, Leonel",599998,2016,98,33.1,45.9,0.27
"Roth, Michael",607706,2016,22,19.4,43.9,0.409
"Strop, Pedro",467008,2016,187,36.1,45.3,0.265
"Wood, Blake",502028,2016,330,25.8,45.2,0.308
"Hoover, J.J.",543331,2016,97,23.2,44.7,0.452
"Stratton, Chris",608717,2016,43,19.2,43.5,0.308
"Manaea, Sean",640455,2016,594,25.2,52.1,0.322
"Matusz, Brian",451085,2016,53,19.3,42.9,0.502
"Stripling, Ross",548389,2016,419,20.2,44.8,0.303
"Paulino, David",600944,2016,29,13.6,46.8,0.337
"Hayes, Drew",502457,2016,48,26.1,45.4,0.35
"Miley, Wade",489119,2016,711,20.8,46.7,0.347
"Archer, Chris",502042,2016,850,29.6,45.5,0.302
"Hembree, Heath",592390,2016,223,21.3,48.5,0.322
"Liberatore, Adam",571893,2016,176,23.8,45.3,0.253
"Feliz, Neftalí",491703,2016,218,30.6,52.6,0.335
"Bedrosian, Cam",592135,2016,162,27.0,43.1,0.27
"Hoyt, James",624586,2016,91,31.7,48.8,0.295
"Feldman, Scott",444857,2016,338,19.0,43.5,0.307
"Storen, Drew",519322,2016,228,23.7,47.4,0.32
"Cunniff, Brandon",594792,2016,74,25.0,46.1,0.351
"Purke, Matt",545357,2016,84,23.3,40.3,0.332
"Flaherty, Ryan",475247,2016,7,0.0,52.6,0.582
"Danish, Tyler",641501,2016,12,14.3,34.1,0.549
"Sale, Chris",519242,2016,907,24.8,49.3,0.295
"González, Chi Chi",592346,2016,62,13.5,44.6,0.369
"Bradley, Archie",605151,2016,638,21.2,42.7,0.329
"Tropeano, Nick",607374,2016,296,28.8,45.3,0.342
"Salas, Fernando",477569,2016,293,22.6,51.5,0.307
"Kratz, Erik",456124,2016,11,10.0,45.5,0.386
"Porcello, Rick",519144,2016,890,18.6,48.4,0.301
"Burnett, Sean",430634,2016,22,13.5,42.0,0.384
"Crockett, Kyle",641490,2016,70,20.0,47.4,0.287
"Hall, Cody",595235,2016,16,14.8,39.7,0.336
"Rodriguez Jr., Fernando",451775,2016,163,29.1,47.9,0.295
"Henderson, Jim",449104,2016,155,22.9,51.2,0.315
"Vargas, César",570714,2016,154,23.1,42.8,0.346
"Blazek, Michael",518468,2016,201,23.8,42.7,0.348
"Coulombe, Danny",543056,2016,193,32.3,46.6,0.27
"Wright, Daniel",642229,2016,179,16.8,45.5,0.384
"Ynoa, Michael",573589,2016,135,20.8,43.2,0.29
"Detwiler, Ross",446321,2016,220,14.8,47.0,0.359
"Hinojosa, Dalier",648737,2016,44,21.1,50.8,0.351
"White, Tyler",643603,2016,4,14.3,41.2,0.582
"Somsen, Layne",643550,2016,16,13.3,51.7,0.481
"Heston, Chris",518790,2016,29,31.8,40.0,0.389
"Fiers, Mike",571666,2016,724,21.6,45.9,0.332
"Wainwright, Adam",425794,2016,847,20.2,44.1,0.329
"Grilli, Jason",276351,2016,251,31.8,45.4,0.31
"Faulkner, Andrew",605226,2016,32,10.0,48.8,0.431
"Osuna, Roberto",532077,2016,288,30.0,54.6,0.285
"Caminero, Arquimedes",491708,2016,280,23.1,45.6,0.343
"Ramos, AJ",573109,2016,278,30.0,41.7,0.306
"Concepción, Gerardo",615868,2016,10,21.1,42.2,0.408
"Wright, Steven",453214,2016,656,25.4,44.7,0.282
"Barney, Darwin",446381,2016,4,11.1,56.3,0.35
"Guaipe, Mayckol",515052,2016,34,17.2,48.3,0.347
"Qualls, Chad",430589,2016,152,23.4,47.2,0.363
"Sampson, Adrian",592716,2016,21,7.3,48.2,0.471
"Ellington, Brian",623395,2016,141,25.5,50.6,0.255
"Hernandez, David",456696,2016,321,26.9,48.4,0.304
"Ryan, Kyle",594986,2016,226,19.8,48.9,0.304
"Barnette, Tony",501817,2016,246,24.6,49.5,0.32
"Britton, Zack",502154,2016,254,37.8,47.4,0.202
"Gott, Trevor",641627,2016,28,17.0,46.1,0.238
"McCarthy, Kevin",641838,2016,41,11.5,46.2,0.41
"O'Rourke, Ryan",594951,2016,101,28.6,46.4,0.277
"Morin, Mike",573046,2016,227,26.0,48.5,0.295
"Holland, Derek",502706,2016,461,17.2,48.0,0.338
"Díaz, Dayan",500765,2016,36,16.4,37.9,0.353
"Osich, Josh",592612,2016,159,25.7,46.7,0.319
"Corbin, Patrick",571578,2016,701,22.8,45.3,0.351
"Ravin, Josh",502051,2016,35,38.0,48.3,0.271
"Lester, Jon",452657,2016,796,24.0,47.1,0.27
"Pérez, Oliver",424144,2016,182,23.6,41.6,0.318
"Morimando, Shawn",596049,2016,27,20.0,33.3,0.39
"Stroman, Marcus",573186,2016,854,21.5,47.3,0.307
"Cosart, Jarred",543054,2016,268,18.3,38.4,0.362
"Chavez, Jesse",445926,2016,282,20.6,49.3,0.319
"Wilson, Justin",458677,2016,251,27.0,49.8,0.262
"Garner, Perci",592330,2016,46,32.9,45.6,0.306
"Despaigne, Odrisamer",628333,2016,135,19.9,44.2,0.349
"Miller, Justin",502522,2016,193,25.6,46.6,0.342
"Venditte, Pat",519381,2016,102,24.7,44.1,0.352
"Asher, Alec",594742,2016,111,13.8,46.2,0.293
"De Los Santos, Abel",593582,2016,28,14.0,45.5,0.383
"Flande, Yohan",456071,2016,20,14.3,33.9,0.476
"Moylan, Peter",493247,2016,191,21.4,46.3,0.302
"Boyd, Matthew",571510,2016,412,20.4,50.4,0.311
"Street, Huston",434718,2016,105,19.4,47.6,0.372
"Norris, Bud",502032,2016,495,23.3,46.3,0.327
"Ramírez, Neil",519166,2016,107,25.9,48.2,0.373
"Diekman, Jake",518617,2016,221,27.8,43.2,0.285
"Roach, Donn",543698,2016,28,9.5,47.2,0.385
"Papelbon, Jonathan",449097,2016,152,23.6,46.8,0.323
"Harvey, Matt",518774,2016,402,21.8,50.9,0.315
"Severino, Luis",622663,2016,312,22.6,43.9,0.335
"Peña, Ariel",516414,2016,11,19.0,48.8,0.86
"Eveland, Dana",445968,2016,120,21.2,40.2,0.373
"Surkamp, Eric",474668,2016,197,16.6,44.2,0.405
"Hunter, Tommy",488984,2016,139,21.7,48.7,0.311
"Clemens, Paul",518560,2016,314,17.5,43.1,0.348
"Wood, Travis",475243,2016,252,17.3,50.5,0.301
"Dyson, Sam",473879,2016,285,19.0,48.5,0.278
"Geltz, Steve",544993,2016,112,23.8,49.7,0.423
"Iwakuma, Hisashi",547874,2016,836,17.4,48.8,0.329
"Vázquez, Felipe",553878,2016,327,32.2,48.5,0.297
"Lyons, Tyler",544928,2016,187,23.6,45.0,0.337
"Drake, Oliver",543118,2016,74,32.2,48.3,0.259
"Peña, Félix",570240,2016,35,35.8,50.4,0.184
"Pelfrey, Mike",460059,2016,541,16.6,43.8,0.369
"Berríos, José",621244,2016,281,20.1,43.4,0.376
"Wilson, Tyler",592869,2016,414,15.6,47.1,0.358
"Colón J, Joe",571572,2016,50,17.3,43.5,0.354
"Gorzelanny, Tom",452733,2016,18,25.0,38.9,0.492
"Robles, Hansel",570663,2016,331,25.1,48.3,0.296
"Cravy, Tyler",572788,2016,116,28.1,42.6,0.338
"De La Rosa, Jorge",407822,2016,614,24.8,45.5,0.351
"Harris, Will",501789,2016,255,30.4,47.5,0.256
"Torres, José",600526,2016,14,14.3,48.3,0.295
"Reed, Cody",642003,2016,229,22.5,47.2,0.367
"Smith, Carson",605476,2016,11,11.8,35.4,0.211
"Gearrin, Cory",518715,2016,198,25.9,46.9,0.286
"Marks, Justin",476123,2016,42,22.4,38.7,0.331
"Robertson, David",502085,2016,267,30.6,44.5,0.278
"Lowe, Mark",450275,2016,224,23.3,46.1,0.339
"Pazos, James",572021,2016,17,25.0,48.3,0.417
"O'Day, Darren",503285,2016,131,30.8,49.5,0.282
"Overton, Dillon",592614,2016,128,20.9,50.3,0.462
"Anderson, Brett",474463,2016,62,14.0,44.5,0.396
"Kela, Keone",605309,2016,150,29.2,44.5,0.349
"Lamb, John",543424,2016,318,20.1,44.5,0.346
"Taillon, Jameson",592791,2016,418,18.8,49.0,0.289
"Norris, Daniel",596057,2016,302,25.4,46.3,0.32
"Albers, Andrew",452027,2016,85,16.0,46.0,0.398
"Phelps, David",475479,2016,352,25.8,42.0,0.261
"Gsellman, Robert",607229,2016,185,22.4,47.5,0.281
"Maness, Seth",595307,2016,134,16.0,49.2,0.316
"Winkler, Dan",595465,2016,8,53.3,45.5,0.133
"Lobstein, Kyle",543456,2016,110,18.9,42.5,0.357
"Meyer, Alex",543542,2016,117,23.8,38.0,0.355
"Méndez, Yohander",622795,2016,17,26.5,46.6,0.329
"Rodón, Carlos",607074,2016,714,23.6,46.3,0.304
"Jungmann, Taylor",543380,2016,126,18.0,36.8,0.399
"McGee, Jake",459429,2016,205,21.2,48.2,0.379
"López, Reynaldo",625643,2016,200,22.8,46.2,0.318
"Tazawa, Junichi",547749,2016,208,28.1,49.3,0.32
"Luebke, Cory",458537,2016,53,15.2,41.6,0.365
"Bastardo, Antonio",455374,2016,297,30.2,49.6,0.301
"Oberholtzer, Brett",519085,2016,321,18.7,48.2,0.362
"Hernández, Félix",433587,2016,655,22.5,46.6,0.347
"Wacha, Michael",608379,2016,606,18.8,47.5,0.318
"Knebel, Corey",608349,2016,145,23.0,39.9,0.291
"Dayton, Grant",594795,2016,101,32.0,53.4,0.208
"Chatwood, Tyler",543022,2016,669,19.8,45.2,0.312
"Suárez, Albert",544150,2016,355,20.2,46.1,0.319
"Ottavino, Adam",493603,2016,107,28.9,42.4,0.245
"Gant, John",607231,2016,222,23.0,45.7,0.345
"Capuano, Chris",425626,2016,106,25.5,45.7,0.386
"Báez, Pedro",520980,2016,294,30.0,52.5,0.284
"Reyes, Jo-Jo",457456,2016,10,11.1,50.0,0.537
"Bush, Matt",456713,2016,243,27.8,51.5,0.26
"Anderson, Chase",502624,2016,647,20.8,45.2,0.349
"Vogelsong, Ryan",285064,2016,365,17.4,40.1,0.33
"Zych, Tony",543964,2016,60,30.0,39.7,0.208
"McCarthy, Brandon",435221,2016,171,18.8,44.1,0.302
"Vargas, Jason",450306,2016,47,24.2,43.5,0.251
"Dickey, R.A.",285079,2016,728,23.6,48.1,0.349
"Clevinger, Mike",605182,2016,233,22.9,43.8,0.332
"Gee, Dillon",518716,2016,551,18.4,47.1,0.331
"Escobar, Edwin",546276,2016,116,20.6,44.3,0.383
"Bumgarner, Madison",518516,2016,912,25.9,48.1,0.281
"Lugo, Seth",607625,2016,260,21.1,47.8,0.354
"Stewart, Brock",592779,2016,126,24.2,48.8,0.313
"Hart, Donnie",643354,2016,71,22.7,43.9,0.2
"Cabrera, Mauricio",606291,2016,162,27.1,47.5,0.288
"Ventura, Yordano",570649,2016,816,22.1,44.4,0.341
"Chen, Wei-Yin",612672,2016,520,20.9,48.9,0.349
"Ureña, José",570632,2016,373,21.4,46.1,0.319
"Schugel, A.J.",519263,2016,204,21.2,47.4,0.328
"Duensing, Brian",488846,2016,55,20.2,47.4,0.286
"Pinder, Branden",572038,2016,6,42.9,38.9,0.399
"Gonzalez, Gio",461829,2016,765,23.4,44.2,0.317
"Rodgers, Brady",572086,2016,48,22.5,41.5,0.384
"McCullers Jr., Lance",621121,2016,352,31.5,43.8,0.289
"Alvarez, Dario",516714,2016,114,31.3,45.7,0.274
"Gilmartin, Sean",543219,2016,79,21.7,44.7,0.286
"Rzepczynski, Marc",519240,2016,215,29.5,41.5,0.279
"Medlen, Kris",450665,2016,119,23.2,38.9,0.392
"Campos, Jose",553883,2016,24,21.9,39.0,0.445
"Torres, Carlos",448614,2016,339,24.9,50.3,0.299
"Hardy, Blaine",543278,2016,112,23.7,44.6,0.304
"McGowan, Dustin",430661,2016,279,30.9,48.0,0.28
"Morris, A.J.",571963,2016,47,22.2,46.9,0.322
"Madson, Ryan",425492,2016,270,25.1,50.0,0.292
"Mahle, Greg",657670,2016,86,17.0,44.8,0.356
"Parker, Blake",453284,2016,79,27.3,41.6,0.274
"Scheppers, Tanner",489294,2016,35,18.0,48.4,0.273
"Coleman, Louis",488786,2016,211,29.7,44.0,0.333
"Barnes, Jacob",606930,2016,106,33.5,50.9,0.255
"Buchholz, Clay",453329,2016,588,22.0,45.7,0.328
"Green, Chad",643338,2016,198,27.3,47.2,0.358
"Familia, Jeurys",544727,2016,321,31.9,49.6,0.244
"López, Javier",425657,2016,118,16.2,43.1,0.319
"Carasiti, Matt",571539,2016,83,27.0,44.6,0.402
"Russell, James",460701,2016,27,30.8,44.8,0.42
"Cobb, Alex",502171,2016,104,17.9,46.4,0.364
"Freeman, Sam",518693,2016,44,26.0,43.0,0.364
"Snell, Blake",605483,2016,401,27.9,42.5,0.313
"Curtis, Zac",657205,2016,67,24.3,42.4,0.352
"Eickhoff, Jerad",595191,2016,811,21.7,45.7,0.293
"Boyer, Blaine",430641,2016,282,13.1,52.2,0.287
"Stephenson, Robert",596112,2016,170,20.6,47.9,0.359
"Hessler, Keith",594857,2016,103,17.2,43.1,0.352
"Velasquez, Vince",592826,2016,551,27.1,47.1,0.313
"Buchanan, Jake",594772,2016,21,24.3,45.1,0.307
"Montgomery, Mike",543557,2016,414,27.2,45.0,0.313
"Sabathia, CC",282332,2016,768,23.0,46.4,0.289
"Fields, Josh",451661,2016,158,28.5,50.7,0.289
"Nelson, Jimmy",519076,2016,807,19.0,45.0,0.328
"Shreve, Chasen",592741,2016,142,30.9,48.3,0.327
"Tolleson, Shawn",474521,2016,168,21.3,46.3,0.331
"Cuevas, William",571035,2016,24,21.1,38.8,0.36
"Giolito, Lucas",608337,2016,101,13.7,45.7,0.425
"Marshall, Evan",605359,2016,79,20.0,45.8,0.368
"Lewis, Colby",407890,2016,472,18.5,46.4,0.323
"Webb, Ryan",444436,2016,76,20.3,43.8,0.331
"Musgrove, Joe",605397,2016,256,22.7,46.3,0.315
"Araujo, Elvis",542587,2016,134,27.4,41.6,0.348
"Sánchez, Aníbal",434671,2016,668,21.6,46.7,0.324
"Reed, Addison",592665,2016,304,25.9,51.7,0.261
"Maurer, Brandon",543506,2016,300,26.7,46.7,0.303
"González, Miguel",456068,2016,566,18.2,48.6,0.309
"Hahn, Jesse",534910,2016,203,14.1,45.8,0.361
"Cotton, Jharel",605194,2016,112,24.9,51.9,0.267
"Perdomo, Luis",606131,2016,661,19.5,46.3,0.33
"House, TJ",543334,2016,14,17.2,54.7,0.407
"Bundy, Dylan",605164,2016,474,24.2,49.7,0.317
"Withrow, Chris",519437,2016,158,24.8,48.3,0.298
"Rowen, Ben",594985,2016,19,9.7,51.7,0.288
"Alvarez, Jose",501625,2016,256,22.1,51.1,0.29
"Chamberlain, Joba",501955,2016,82,28.2,42.1,0.275
"Hammel, Jason",434628,2016,692,23.8,46.6,0.325
"Devenski, Chris",606965,2016,408,29.0,50.1,0.269
"Tepesch, Nick",519344,2016,19,12.9,47.0,0.281
"Milone, Tommy",543548,2016,311,21.1,45.1,0.353
"Gregerson, Luke",502381,2016,230,42.6,48.2,0.254
"Floyd, Gavin",425856,2016,124,33.3,47.4,0.277
"Martín, Rafael",514669,2016,12,33.3,45.8,0.205
"Narveson, Chris",429780,2016,38,22.0,38.5,0.377
"Rosenthal, Trevor",572096,2016,197,26.9,47.7,0.344
"De León, José",592254,2016,80,25.5,45.4,0.389
"Santiago, Héctor",502327,2016,785,19.9,46.2,0.354
"Hernandez, Roberto",433584,2016,39,22.0,53.8,0.321
"Gamboa, Eddie",543195,2016,54,19.8,38.7,0.302
"Shoemaker, Matt",533167,2016,668,27.1,51.8,0.327
"Schuster, Patrick",572119,2016,54,19.8,37.5,0.435
"Grimm, Justin",518748,2016,225,32.4,40.8,0.31
"Younginer IV, Madison",572283,2016,37,13.4,45.6,0.346
"Altavilla, Dan",656186,2016,48,23.7,54.1,0.248
"Parnell, Bobby",458730,2016,27,23.9,46.0,0.368
"Murray, Colton",605396,2016,141,24.4,45.1,0.366
"Kirkman, Michael",457779,2016,15,6.3,40.0,0.384
"Jepsen, Kevin",448178,2016,224,20.9,44.6,0.364
"Smith, Josh A.",595001,2016,260,24.7,46.2,0.296
"Glasnow, Tyler",607192,2016,105,28.3,43.5,0.334
"Feliz, Michael",593140,2016,270,32.6,45.2,0.288
"Quackenbush, Kevin",534812,2016,253,18.8,43.7,0.341
"Colomé, Alex",517008,2016,226,32.2,49.5,0.25
"Syndergaard, Noah",592789,2016,744,30.4,50.4,0.26
"Gómez, Jeanmar",491646,2016,297,18.5,42.6,0.327
"Holder, Jonathan",656547,2016,36,23.7,52.8,0.307
"Ross, Tyson",475115,2016,27,32.6,45.7,0.367
"Law, Derek",571882,2016,214,24.9,44.8,0.29
"Rondón, Héctor",444468,2016,200,24.6,46.6,0.261
"Simmons, Shae",623406,2016,25,13.2,52.0,0.252
"Teheran, Julio",527054,2016,758,24.1,48.6,0.299
"Oberg, Scott",623184,2016,113,24.1,43.7,0.304
"Fulmer, Michael",605242,2016,647,23.4,48.8,0.302
"Abad, Fernando",472551,2016,198,21.5,40.4,0.308
"Miranda, Aríel",664641,2016,232,18.6,47.2,0.336
"Cessa, Luis",570666,2016,285,24.1,46.6,0.33
"Heller, Ben",621294,2016,40,17.1,44.7,0.391
"Vizcaíno, Arodys",527055,2016,181,31.9,45.3,0.272
"Walker, Taijuan",592836,2016,573,22.5,48.2,0.322
"Marte, Kelvin",517629,2016,17,16.1,53.4,0.498
"Hendriks, Liam",521230,2016,275,22.9,53.7,0.276
"McAllister, Zach",502083,2016,233,24.2,44.4,0.314
"Chacín, Jhoulys",468504,2016,632,19.5,44.2,0.326
"Blair, Aaron",594760,2016,324,22.0,46.7,0.354
"Romero, Enny",544836,2016,204,30.6,45.5,0.317
"Neshek, Pat",450212,2016,185,23.1,49.3,0.257
"Kahnle, Tommy",592454,2016,119,24.2,46.3,0.292
"Bridwell, Parker",592170,2016,15,27.6,49.2,0.432
"Ynoa, Gabriel",593679,2016,88,22.6,48.0,0.315
"Butler, Eddie",572750,2016,293,19.4,46.4,0.364
"Doolittle, Sean",448281,2016,155,29.6,56.3,0.282
"Peacock, Brad",502748,2016,127,21.5,41.7,0.303
"McHugh, Collin",543521,2016,795,23.9,47.6,0.293
"Nuño, Vidal",573064,2016,247,18.6,50.4,0.32
"Johnson, Erik",605304,2016,146,16.8,44.8,0.398
"Klein, Phil",607309,2016,86,21.9,44.7,0.352
"Patton, Spencer",607359,2016,101,27.1,42.5,0.34
"Gustave, Jandel",594311,2016,60,25.0,47.1,0.253
"Goody, Nick",580792,2016,128,32.4,48.5,0.345
"Olson, Tyler",621397,2016,13,23.1,55.3,0.365
"Reyes, Alex",621052,2016,189,26.9,45.5,0.235
"Kelly, Casey",543391,2016,102,14.8,50.3,0.395
"Guerrero, Tyron",594027,2016,9,0.0,50.0,0.265
"Motte, Jason",435400,2016,109,17.8,51.1,0.377
"Anderson, Cody",594736,2016,270,24.7,52.1,0.329
"Díaz, Edwin",621242,2016,217,38.9,51.0,0.253
"Hathaway, Steve",643355,2016,65,19.4,38.7,0.292
"Gray, Jon",592351,2016,711,26.5,49.0,0.31
"Scherzer, Max",453286,2016,902,32.4,51.8,0.261
"Conley, Adam",543045,2016,583,23.4,46.7,0.316
"Elías, Roenis",606273,2016,41,9.1,43.3,0.408
"Kluber, Corey",446372,2016,860,28.2,48.5,0.282
"Peavy, Jake",408241,2016,520,23.2,48.6,0.343
"Delabar, Steve",447755,2016,40,33.3,43.4,0.335
"Bailey, Homer",456701,2016,111,21.2,47.4,0.343
"Layne, Tommy",518927,2016,187,23.0,41.8,0.316
"Coke, Phil",457435,2016,45,20.0,42.2,0.448
"Fernández, José",605228,2016,737,32.8,46.0,0.27
"Brice, Austin",592169,2016,59,25.7,51.0,0.266
"Shaw, Bryan",543766,2016,275,27.1,47.2,0.29
"Socolovich, Miguel",462515,2016,64,26.8,47.5,0.195
"Márquez, Germán",608566,2016,98,20.9,46.4,0.294
"Miller, Andrew",453192,2016,275,37.1,47.2,0.199
"Boxberger, Brad",502202,2016,113,25.2,44.6,0.296
"Barraclough, Kyle",607457,2016,306,35.0,41.0,0.251
"Smith, Joe",501925,2016,217,20.0,45.4,0.358
"Lincecum, Tim",453311,2016,200,26.0,43.9,0.395
"Richard, Clayton",453385,2016,306,20.9,45.4,0.307
"Davis, Wade",451584,2016,176,28.0,48.3,0.256
"Ross, Joe",605452,2016,447,24.7,48.0,0.321
"Esch, Jake",605222,2016,59,21.6,47.7,0.42
"Shipley, Braden",640463,2016,306,19.6,44.5,0.389
"Urías, Julio",628711,2016,336,25.7,45.3,0.294
"Oh, Seunghwan",493200,2016,313,35.1,53.0,0.225
"Blevins, Jerry",460283,2016,178,26.5,42.4,0.259
"Uehara, Koji",493157,2016,184,30.5,54.1,0.253
"Montero, Rafael",606160,2016,93,24.5,38.9,0.391
"De La Rosa, Rubby",523989,2016,222,25.7,44.6,0.294
"Tuivailala, Sam",592815,2016,47,17.6,40.5,0.359
"Ziegler, Brad",446899,2016,289,25.7,48.9,0.286
"Smith, Will",519293,2016,167,30.1,41.4,0.27
"Cecil, Brett",446399,2016,157,28.5,47.2,0.316
"Magill, Matt",543483,2016,20,15.8,46.3,0.473
"Petricka, Jake",502593,2016,39,23.4,41.0,0.313
"Guerra, Deolis",500610,2016,220,21.8,48.3,0.313
"Bleier, Richard",542947,2016,92,19.3,50.4,0.32
"Kazmir, Scott",431148,2016,590,23.3,44.9,0.312
"Kershaw, Clayton",477132,2016,544,31.5,51.7,0.223
"Happ, J.A.",457918,2016,796,22.3,47.0,0.322
"Lorenzen, Michael",547179,2016,202,22.7,46.1,0.29
"Domínguez, José",523848,2016,155,18.2,45.9,0.356
"Saupold, Warwick",599683,2016,49,24.4,51.0,0.389
"Strasburg, Stephen",544931,2016,598,24.9,49.6,0.27
"Salazar, Danny",517593,2016,584,25.6,47.0,0.307
"Rollins, David",543716,2016,47,16.7,47.1,0.299
"Guerra, Javy",457915,2016,30,20.0,44.8,0.335
"Armstrong, Shawn",542888,2016,44,21.0,49.8,0.293
"Gurka, Jason",543261,2016,45,12.3,52.3,0.36
"Tomlin, Josh",458708,2016,725,17.0,48.4,0.333
"Arrieta, Jake",453562,2016,795,25.2,45.6,0.292
"Hoying, Jared",592419,2016,4,0.0,50.0,0.32
"Morrow, Brandon",453344,2016,68,20.6,56.5,0.32
"Cole, Gerrit",543037,2016,506,18.9,48.2,0.309
"Cishek, Steve",518553,2016,258,29.0,40.7,0.271
"Rea, Colin",607067,2016,453,17.4,42.4,0.339
"Kennedy, Ian",453178,2016,818,23.4,47.3,0.323
"Diaz, Jumbo",471822,2016,182,24.3,48.8,0.293
"Weaver, Jered",450308,2016,766,18.8,45.8,0.353
"Lackey, John",407793,2016,748,25.5,49.0,0.316
"Morales, Franklin",462985,2016,16,7.7,44.1,0.326
"Liriano, Francisco",434538,2016,731,28.2,43.3,0.32
"Magnifico, Damien",571911,2016,15,12.5,29.6,0.296
"Koch, Matt",571863,2016,69,16.9,53.0,0.261
"Minaya, Juan",573668,2016,47,22.9,46.1,0.331
"Maeda, Kenta",628317,2016,716,27.5,45.8,0.281
"Wieland, Joe",543921,2016,23,24.4,51.1,0.376
"Blanton, Joe",430599,2016,315,31.0,48.0,0.281
"Melancon, Mark",453343,2016,270,23.9,49.1,0.253
"Williams, Jerome",425532,2016,81,21.4,48.1,0.349
"Moscot, Jon",621209,2016,104,10.7,42.5,0.442
"Richards, Garrett",572070,2016,148,24.0,46.8,0.319
"Boshers, Buddy",542953,2016,152,25.9,49.1,0.29
"Scribner, Evan",519267,2016,49,23.9,48.4,0.322
"Chafin, Andrew",605177,2016,98,31.0,49.6,0.28
"Pérez, Martín",527048,2016,855,18.4,48.1,0.353
"Greinke, Zack",425844,2016,667,22.8,49.2,0.319
"Hutchison, Drew",571800,2016,104,23.1,49.6,0.368
"Merritt, Ryan",607320,2016,37,15.3,46.5,0.277
"Odorizzi, Jake",543606,2016,773,21.8,49.0,0.317
"Garza, Matt",490063,2016,461,19.0,47.0,0.316
"Volquez, Edinson",450172,2016,853,19.8,45.8,0.347
"Marksberry, Matt",621408,2016,17,24.1,40.3,0.422
"Ramos, Edubray",591693,2016,160,24.7,47.1,0.28
"Williams, Trevor",592866,2016,61,19.6,50.0,0.38
"Locke, Jeff",502046,2016,563,19.3,48.7,0.344
"Tillman, Chris",501957,2016,715,21.9,45.7,0.33
"Mariot, Michael",592527,2016,95,24.7,42.6,0.303
"Loewen, Adam",429400,2016,31,24.4,35.7,0.499
"Verlander, Justin",434378,2016,903,26.9,50.2,0.273
"Koehler, Tom",543408,2016,774,23.5,44.4,0.332
"Fulmer, Carson",608334,2016,53,24.4,42.3,0.408
"O'Flaherty, Eric",447714,2016,136,21.1,48.2,0.31
"Farquhar, Danny",543144,2016,158,32.1,47.9,0.314
"Tsao, Chin-hui",425835,2016,9,16.7,33.3,0.375
"Mejía, Adalberto",606167,2016,13,15.8,45.2,0.358
"Clippard, Tyler",461325,2016,262,27.4,49.3,0.26
"Wisler, Matt",605538,2016,671,21.2,47.9,0.338
"Peralta, Wily",503449,2016,554,21.0,44.5,0.346
"Weaver, Luke",596133,2016,167,22.3,46.6,0.374
"Hand, Brad",543272,2016,364,28.9,44.7,0.27
"Dean, Pat",534737,2016,300,15.7,46.8,0.342
"Buschmann, Matt",501936,2016,15,25.0,43.8,0.33
"Krol, Ian",571871,2016,217,23.7,48.3,0.266
"Ramírez, JC",500724,2016,335,21.3,50.2,0.267
"García, Yimi",554340,2016,35,20.3,53.9,0.373
"Ogando, Alexi",468396,2016,148,22.8,44.0,0.329
"Strickland, Hunter",519326,2016,250,25.4,50.1,0.294
"Girodo, Chad",643325,2016,44,23.3,41.7,0.398
"Skaggs, Tyler",572140,2016,219,20.1,45.0,0.361
"Mariñez, Jhan",501697,2016,269,20.7,47.2,0.3
"Goins, Ryan",572365,2016,5,16.7,40.0,0.352
"Pineda, Michael",501381,2016,755,31.2,48.8,0.304
"Kelley, Shawn",518875,2016,224,31.4,54.1,0.226
"Wilson, Alex",543935,2016,297,20.7,47.0,0.292
"Hochevar, Luke",460024,2016,151,29.5,49.4,0.333
"Avilán, Luis",501593,2016,82,38.3,47.1,0.204
"Gray, Sonny",543243,2016,516,20.0,44.5,0.335
"Achter, A.J.",592091,2016,160,19.7,51.9,0.369
"Phillips, Zach",452061,2016,28,24.5,43.4,0.489
"Moore, Matt",519043,2016,838,24.2,47.0,0.321
"Manship, Jeff",453249,2016,189,28.9,42.7,0.332
"Nicasio, Juan",504379,2016,513,24.4,46.7,0.288
"Morris, Bryan",457768,2016,74,23.0,44.7,0.345
"Cahill, Trevor",502239,2016,284,28.4,41.5,0.319
"Estrada, Marco",462136,2016,723,26.2,45.8,0.298
"Straily, Dan",573185,2016,792,23.4,47.4,0.325
"Herrmann, Frank",497807,2016,69,21.5,56.4,0.381
"Darvish, Yu",506433,2016,416,29.5,47.4,0.265
"Cueto, Johnny",456501,2016,881,21.8,48.2,0.291
"Hughes, Jared",453172,2016,257,20.3,49.9,0.305
"Nola, Aaron",605400,2016,483,24.3,42.3,0.286
"Pomeranz, Drew",519141,2016,703,25.9,46.2,0.277
"Martinez, Carlos",593372,2016,809,23.1,47.1,0.283
"Mengden, Daniel",596043,2016,332,21.9,45.1,0.344
"Hill, Rich",448179,2016,439,28.1,42.8,0.258
"Hamels, Cole",430935,2016,848,27.2,48.7,0.315
"Smith, Jake",607727,2016,17,33.3,42.9,0.378
"Griffin, A.J.",456167,2016,509,22.9,44.3,0.353
"Rondón, Bruce",541652,2016,144,34.3,49.0,0.273
"Sipp, Tony",448609,2016,195,30.1,46.4,0.36
"Barbato, Johnny",592127,2016,57,31.6,49.8,0.333
"Siegrist, Kevin",543779,2016,248,26.1,43.8,0.286
"Allen, Cody",592102,2016,264,31.2,47.0,0.289
"Lohse, Kyle",346798,2016,48,12.1,35.1,0.455
"Betances, Dellin",476454,2016,299,41.1,42.0,0.233
"Sturdevant, Tyler",573188,2016,75,22.1,50.6,0.32
"Matz, Steven",571927,2016,547,22.7,47.3,0.275
"Rasmus, Cory",474284,2016,114,23.9,44.2,0.336
"Soria, Joakim",465657,2016,293,26.0,47.8,0.35
"Pounders, Brooks",572044,2016,58,21.5,48.6,0.353
"Rodney, Fernando",407845,2016,283,30.2,43.8,0.289
"Villanueva, Carlos",453646,2016,321,24.2,47.4,0.347
"Tonkin, Michael",543859,2016,315,25.5,46.4,0.342
"Herrera, Kelvin",516969,2016,283,31.8,51.2,0.253
"Hursh, Jason",592422,2016,11,18.8,32.7,0.359
"Barrett, Jake",545332,2016,250,28.5,47.5,0.322
"Axford, John",446099,2016,289,25.7,44.7,0.319
"Sampson, Keyvius",572102,2016,188,26.9,40.7,0.343
"Young, Chris",432934,2016,406,27.0,45.5,0.375
"Loup, Aaron",571901,2016,62,19.0,46.4,0.358
"De La Cruz, Joel",503444,2016,276,20.2,48.7,0.341
"Claudio, Alex",592222,2016,217,23.4,47.1,0.279
"O'Sullivan, Sean",457711,2016,98,13.7,45.0,0.385
"Aquino, Jayson",593969,2016,8,33.3,46.9,0.306
"Paxton, James",572020,2016,511,25.5,49.8,0.28
"Ladendorf, Tyler",502285,2016,5,0.0,37.5,0.235
"Erlin, Robbie",572362,2016,58,22.8,45.1,0.325
"Flynn, Brian",543169,2016,221,25.3,46.0,0.309
"Alcántara, Raúl",593417,2016,103,14.3,46.1,0.437
"Rondon, Jorge",504083,2016,20,20.5,49.4,0.389
"Reynolds, Matt",519186,2016,30,11.3,42.7,0.347
"Adleman, Tim",534947,2016,287,21.8,49.2,0.346
"Hughes, Phil",461833,2016,259,14.1,49.2,0.384
"Estévez, Carlos",608032,2016,246,25.6,48.0,0.295
"Scott, Robby",582494,2016,25,28.9,45.9,0.257
"Strahm, Matt",621381,2016,88,31.7,43.6,0.256
"Pressly, Ryan",519151,2016,328,24.0,50.8,0.334
"Neal, Zach",594943,2016,281,18.6,54.7,0.302
"Váldez, José A.",572308,2016,100,25.3,41.7,0.353
"Boscan, Wilfredo",517448,2016,67,12.0,50.6,0.333
"Montero, Miguel",471083,2016,9,20.0,48.4,0.327
"Davies, Zach",605200,2016,682,20.3,44.6,0.295
"Pérez, Williams",554234,2016,233,15.1,44.8,0.321
"Jennings, Dan",543359,2016,259,20.2,44.8,0.299
"Baumann, Buddy",571473,2016,40,31.3,48.8,0.257
"deGrom, Jacob",594798,2016,604,24.8,49.1,0.31
"Ege, Cody",643297,2016,55,27.1,41.5,0.369
"Flores, Kendry",572309,2016,13,14.3,35.6,0.362
"Howell, J.P.",434442,2016,220,23.6,40.3,0.301
"Floro, Dylan",571670,2016,72,23.6,42.7,0.298
"Kuhl, Chad",641771,2016,301,20.4,45.5,0.318
"Kiekhefer, Dean",518883,2016,98,21.2,41.5,0.336
"Drabek, Kyle",475138,2016,11,31.6,36.5,0.342
"Molleken, Dustin",451783,2016,42,19.3,49.7,0.304
"Thornton, Matt",407819,2016,77,15.1,52.1,0.346
"Martin, Cody",592533,2016,107,18.7,42.8,0.383
"Chapman, Aroldis",547973,2016,222,36.8,53.8,0.221
"Dull, Ryan",623430,2016,290,28.8,46.2,0.24
"Bassitt, Chris",605135,2016,133,20.1,44.5,0.396
"Duffy, Danny",518633,2016,731,27.3,51.5,0.309
"Triggs, Andrew",592811,2016,238,24.8,43.1,0.298
"Kensing, Logan",434137,2016,21,21.2,42.9,0.466
"Okert, Steven",595345,2016,58,26.7,50.0,0.339
"Albers, Matt",458006,2016,236,17.5,45.0,0.372
"Petit, Yusmeiro",433589,2016,265,19.5,49.3,0.299
"Weber, Ryan",543901,2016,157,13.6,43.8,0.363
"Mazzaro, Vin",476570,2016,13,15.0,44.4,0.485
"Treinen, Blake",595014,2016,263,25.6,44.8,0.252
"Smoker, Josh",519294,2016,65,31.1,52.3,0.285
"Kimbrel, Craig",518886,2016,220,34.9,44.4,0.278
"Morgan, Adam",605388,2016,507,24.0,48.4,0.353
"Barnes, Matt",598264,2016,288,28.0,42.4,0.32
"Shuck, JB",543776,2016,4,0.0,46.2,0.413
"Eflin, Zach",621107,2016,272,14.0,47.5,0.35
"Jackson, Luke",592426,2016,62,12.3,43.8,0.356
"Putnam, Zach",474029,2016,114,36.8,49.0,0.325
"Sanchez, Aaron",592717,2016,790,21.0,43.5,0.313
"Simon, Alfredo",430580,2016,298,18.1,44.8,0.392
"Otero, Dan",519096,2016,269,16.5,50.2,0.25
"Delgado, Randall",517414,2016,337,24.0,44.6,0.293
"Zastryzny, Rob",642239,2016,66,32.1,43.8,0.212
"Light, Pat",572990,2016,91,25.4,37.9,0.352
"Peralta, Joel",407908,2016,119,27.1,50.9,0.319
"Roark, Tanner",543699,2016,855,21.9,43.8,0.305
"Tepera, Ryan",572193,2016,85,29.0,50.0,0.259
"Scahill, Rob",543746,2016,147,24.2,50.9,0.296
"Farmer, Buck",571656,2016,131,25.8,42.2,0.308
"Solís, Sammy",519301,2016,172,26.8,48.4,0.268
"Beck, Chris",571476,2016,123,26.6,44.5,0.341
"Benoit, Joaquín",276542,2016,204,30.0,50.6,0.294
"Ogando, Nefi",596331,2016,65,19.6,47.1,0.31
"Anderson, Tyler",542881,2016,477,22.6,50.6,0.274
"Ramos, Cesár",459987,2016,212,18.1,45.0,0.358
"Gausman, Kevin",592332,2016,757,25.4,48.4,0.314
"Casilla, Santiago",433586,2016,241,26.2,45.5,0.289
"Rusin, Chris",543734,2016,350,21.9,47.7,0.304
"Leake, Mike",502190,2016,757,16.3,47.9,0.327
"Ondrusek, Logan",446185,2016,29,20.3,48.0,0.312
"Watson, Tony",453265,2016,272,25.5,52.8,0.302
"Bowman, Matt",621199,2016,281,23.4,44.8,0.257
"Cashner, Andrew",488768,2016,587,18.4,42.9,0.36
"Jeffress, Jeremy",502026,2016,241,22.4,45.8,0.28
"Heaney, Andrew",571760,2016,25,29.5,50.6,0.368
"Carroll, Scott",453222,2016,10,25.0,55.8,0.444
"Keuchel, Dallas",572971,2016,701,23.2,44.1,0.307
"Pill, Tyler",543652,2017,99,19.9,43.8,0.345
"Pazos, James",572021,2017,240,27.4,47.9,0.283
"Rosscup, Zac",573127,2017,31,36.2,46.4,0.267
"Smith, Caleb",592761,2017,86,29.5,48.7,0.371
"Chen, Wei-Yin",612672,2017,132,19.4,49.1,0.278
"Breslow, Craig",444520,2017,159,14.0,43.3,0.379
"Paredes, Edward",487675,2017,31,36.0,51.0,0.256
"Petit, Yusmeiro",433589,2017,354,24.3,48.3,0.262
"Brach, Brad",542960,2017,275,26.3,48.9,0.298
"Carrasco, Carlos",471911,2017,798,29.8,48.9,0.294
"Feliz, Michael",593140,2017,218,32.2,47.7,0.312
"Collmenter, Josh",518567,2017,87,23.5,45.6,0.38
"Volquez, Edinson",450172,2017,396,22.5,42.9,0.345
"Hildenberger, Trevor",657610,2017,170,25.9,47.6,0.26
"Santos, Luis",608601,2017,68,30.3,48.2,0.313
"Cosart, Jarred",543054,2017,114,19.7,40.8,0.341
"Wimmers, Alex",592872,2017,38,25.8,42.3,0.31
"Wisler, Matt",605538,2017,153,21.2,47.4,0.381
"Flynn, Brian",543169,2017,8,0.0,31.0,0.309
"Eflin, Zach",621107,2017,280,15.1,49.3,0.366
"Brady, Michael",572728,2017,136,20.5,53.5,0.337
"Montas, Frankie",593423,2017,152,27.5,45.8,0.386
"Pounders, Brooks",572044,2017,54,27.3,51.4,0.368
"García, Jaime",448802,2017,673,26.0,46.4,0.325
"Meyer, Alex",543542,2017,292,27.9,39.9,0.317
"Marshall, Evan",605359,2017,38,15.2,53.2,0.322
"Gee, Dillon",518716,2017,212,23.1,48.6,0.331
"Severino, Luis",622663,2017,782,28.1,49.1,0.271
"Yacabonis, Jimmy",642231,2017,90,15.1,41.2,0.344
"Guerra, Deolis",500610,2017,105,32.4,48.1,0.329
"Morris, Akeel",592570,2017,32,32.2,46.1,0.266
"Rodríguez, Joely",570257,2017,134,20.6,45.7,0.321
"Rodón, Carlos",607074,2017,297,25.4,44.0,0.32
"Skoglund, Eric",607215,2017,93,14.5,48.1,0.354
"Baumann, Buddy",571473,2017,72,35.0,46.1,0.29
"Stephens, Jackson",623451,2017,101,19.9,48.6,0.339
"Ferrell, Jeff",594815,2017,49,25.8,50.8,0.4
"Kittredge, Andrew",552640,2017,66,29.2,46.1,0.27
"Fry, Jace",605240,2017,36,26.3,44.2,0.482
"Anderson, Tyler",542881,2017,362,24.9,50.1,0.314
"Smith, Chris",434672,2017,250,20.9,41.3,0.403
"Wood, Alex",622072,2017,614,26.4,48.7,0.281
"Nuño, Vidal",573064,2017,77,18.7,45.6,0.378
"Quintana, Jose",500779,2017,790,21.4,43.9,0.309
"Curtis, Zac",657205,2017,36,25.8,48.9,0.317
"Pagán, Emilio",641941,2017,196,27.6,54.0,0.239
"Greinke, Zack",425844,2017,801,29.0,46.2,0.287
"Gustave, Jandel",594311,2017,25,17.0,43.1,0.367
"Zimmermann, Jordan",519455,2017,713,17.9,49.3,0.362
"Montero, Miguel",471083,2017,5,0.0,24.0,0.499
"Wilhelmsen, Tom",452666,2017,113,17.3,43.3,0.4
"Martinez, Nick",607259,2017,478,15.6,45.9,0.348
"Anderson, Brett",474463,2017,251,20.4,45.8,0.374
"Stroman, Marcus",573186,2017,834,23.6,44.5,0.313
"Díaz, Dayan",500765,2017,58,31.2,46.6,0.34
"Cingrani, Tony",571561,2017,176,31.0,48.8,0.262
"Pineda, Michael",501381,2017,410,26.4,50.0,0.312
"Osuna, Roberto",532077,2017,249,33.5,52.5,0.236
"Sherfy, James",642073,2017,37,21.4,35.9,0.171
"Moya, Gabriel",622382,2017,26,24.1,51.4,0.353
"González, Miguel",456068,2017,684,15.2,47.6,0.341
"López, Jorge",605347,2017,10,10.5,54.3,0.458
"Aoki, Norichika",493114,2017,6,14.3,35.0,0.491
"Leiter Jr., Mark",643410,2017,395,21.4,43.9,0.338
"Hudson, Daniel",543339,2017,271,28.1,45.6,0.32
"Moreland, Mitch",519048,2017,5,25.0,57.1,0.328
"Valdez, César",491624,2017,140,23.9,50.2,0.406
"Herrera, Kelvin",516969,2017,258,25.5,52.0,0.314
"Leclerc, José",600917,2017,200,38.6,42.8,0.272
"Mariñez, Jhan",501697,2017,262,23.3,49.5,0.34
"Lamet, Dinelson",659275,2017,485,28.9,44.8,0.305
"Farrell, Luke",608652,2017,61,23.7,46.3,0.318
"Tuivailala, Sam",592815,2017,171,23.0,46.0,0.306
"Miranda, Aríel",664641,2017,678,26.0,47.7,0.333
"Scribner, Evan",519267,2017,34,20.6,51.9,0.528
"Hoyt, James",624586,2017,211,36.0,49.6,0.303
"Heller, Ben",621294,2017,43,38.8,44.2,0.286
"Stripling, Ross",548389,2017,304,25.6,47.0,0.28
"Godley, Zack",643327,2017,627,31.4,44.8,0.295
"Barnes, Danny",592130,2017,265,25.3,48.6,0.271
"Moreno, Diego",514981,2017,26,24.5,50.0,0.325
"Clevinger, Mike",605182,2017,501,31.0,42.5,0.313
"Grimm, Justin",518748,2017,232,30.1,42.0,0.354
"Salas, Fernando",477569,2017,263,26.6,52.6,0.32
"Thompson, Jake",622097,2017,210,19.6,42.6,0.366
"Brantly, Rob",542963,2017,4,0.0,33.3,0.557
"Labourt, Jairo",607951,2017,28,20.0,37.2,0.29
"Dyson, Sam",473879,2017,260,18.4,46.9,0.319
"Milone, Tommy",543548,2017,221,19.0,45.5,0.374
"Brebbia, John",605154,2017,209,27.2,49.8,0.297
"Darvish, Yu",506433,2017,766,28.0,47.0,0.295
"Siegrist, Kevin",543779,2017,172,26.4,41.7,0.321
"Wilson, Alex",543935,2017,260,19.3,51.6,0.328
"Paredes, Eduardo",622161,2017,92,20.0,49.2,0.301
"Britton, Zack",502154,2017,161,28.1,46.0,0.292
"Reed, Cody",642003,2017,79,33.3,41.7,0.344
"Liriano, Francisco",434538,2017,439,24.7,41.2,0.339
"Gonzales, Marco",594835,2017,185,22.0,46.1,0.353
"Roe, Chaz",475054,2017,44,32.9,42.7,0.267
"Campos, Leonel",599998,2017,60,40.9,50.9,0.308
"Claudio, Alex",592222,2017,323,21.4,49.9,0.261
"Scheppers, Tanner",489294,2017,21,23.3,46.7,0.312
"Perdomo, Luis",606131,2017,716,21.8,45.3,0.334
"Sipp, Tony",448609,2017,165,28.0,48.3,0.302
"Torres, José",600526,2017,284,24.5,50.3,0.306
"Cahill, Trevor",502239,2017,381,27.6,42.9,0.319
"Blazek, Michael",518468,2017,37,25.0,49.0,0.456
"De La Rosa, Jorge",407822,2017,219,30.7,50.1,0.294
"Ellington, Brian",623395,2017,219,29.1,48.7,0.345
"Williams, Taylor",592865,2017,20,25.0,46.2,0.334
"Wahl, Bobby",592833,2017,36,23.2,48.6,0.396
"Hader, Josh",623352,2017,188,37.0,49.6,0.249
"Solís, Sammy",519301,2017,112,24.4,39.2,0.294
"Familia, Jeurys",544727,2017,111,24.6,46.5,0.294
"Reed, Addison",592665,2017,306,25.8,56.1,0.299
"Hart, Donnie",643354,2017,190,24.2,44.9,0.318
"Wright Jr., Mike",605541,2017,109,24.6,45.8,0.338
"Brothers, Rex",571521,2017,105,33.5,51.2,0.305
"Lynn, Lance",458681,2017,776,22.7,44.9,0.315
"García, Jarlín",606424,2017,225,26.5,46.5,0.31
"Farquhar, Danny",543144,2017,215,28.9,47.5,0.279
"Shackelford, Kevin",594992,2017,135,31.9,52.2,0.261
"Eickhoff, Jerad",595191,2017,576,21.7,44.6,0.337
"Gearrin, Cory",518715,2017,285,28.4,44.2,0.286
"Mujica, Edward",465629,2017,30,15.2,54.1,0.408
"Peña, Félix",570240,2017,155,28.7,47.3,0.338
"Morgan, Adam",605388,2017,229,33.8,51.7,0.297
"Despaigne, Odrisamer",628333,2017,254,17.5,47.9,0.336
"Martin, Kyle",573016,2017,11,11.8,40.5,0.502
"Butler, Eddie",572750,2017,237,17.5,46.7,0.366
"Taillon, Jameson",592791,2017,587,20.3,47.0,0.305
"Snell, Blake",605483,2017,547,26.4,43.2,0.306
"Miley, Wade",489119,2017,728,21.9,41.0,0.359
"Alcántara, Raúl",593417,2017,108,18.2,45.7,0.355
"Buchanan, Jake",594772,2017,77,11.6,49.6,0.372
"Kelly, Joe",523260,2017,238,24.7,47.3,0.304
"Ravin, Josh",502051,2017,71,31.1,48.6,0.349
"Fedde, Erick",607200,2017,76,15.7,42.6,0.38
"Schugel, A.J.",519263,2017,136,19.3,46.0,0.308
"Happ, J.A.",457918,2017,626,22.1,47.7,0.291
"Ureña, José",570632,2017,724,19.9,45.5,0.345
"Pivetta, Nick",601713,2017,584,22.4,45.8,0.335
"Logan, Boone",457429,2017,91,38.9,49.6,0.293
"VerHagen, Drew",572403,2017,145,21.1,45.5,0.372
"Chafin, Andrew",605177,2017,221,27.2,43.9,0.301
"Brice, Austin",592169,2017,137,24.2,49.1,0.325
"Axford, John",446099,2017,109,20.0,40.2,0.354
"Gennett, Scooter",571697,2017,7,0.0,42.9,0.573
"Bradford, Chasen",607473,2017,143,25.9,52.5,0.295
"Jankowski, Jordan",543357,2017,22,21.4,46.7,0.469
"Overton, Dillon",592614,2017,103,19.3,52.7,0.437
"Bastardo, Antonio",455374,2017,52,19.6,42.7,0.48
"Curtiss, John",595928,2017,38,27.2,49.1,0.288
"Ramos, Edubray",591693,2017,256,27.5,44.4,0.313
"Ryu, Hyun Jin",547943,2017,541,26.1,44.8,0.327
"Bergman, Christian",548357,2017,230,16.4,48.9,0.39
"Manaea, Sean",640455,2017,691,25.4,47.8,0.328
"Hendriks, Liam",521230,2017,273,27.4,50.4,0.298
"Ramírez, Neil",519166,2017,153,29.2,44.3,0.298
"Triggs, Andrew",592811,2017,283,24.6,43.1,0.317
"Cessa, Luis",570666,2017,160,25.7,44.9,0.368
"Chacin, Alejandro",591701,2017,32,18.9,41.1,0.37
"Teheran, Julio",527054,2017,812,21.6,47.0,0.324
"Mahle, Tyler",641816,2017,92,18.7,42.0,0.321
"Bracho, Silvino",611093,2017,87,28.5,51.3,0.311
"Espino, Paolo",502179,2017,109,19.6,42.0,0.391
"Covey, Dylan",592229,2017,309,16.2,43.2,0.392
"Ruiz, Carlos",434563,2017,7,11.1,30.0,0.457
"Giolito, Lucas",608337,2017,179,22.9,49.7,0.306
"Martinez, Carlos",593372,2017,858,24.6,46.8,0.285
"Chavez, Jesse",445926,2017,586,20.8,44.3,0.353
"Latos, Mat",502009,2017,70,26.4,46.2,0.38
"Straily, Dan",573185,2017,769,26.6,49.9,0.306
"Moylan, Peter",493247,2017,243,25.7,46.1,0.285
"Worley, Vance",474699,2017,333,13.8,45.0,0.359
"Woodruff, Brandon",605540,2017,184,19.3,51.3,0.306
"Rucinski, Drew",607968,2017,23,23.8,47.7,0.397
"Freeland, Kyle",607536,2017,688,18.3,45.5,0.32
"Glasnow, Tyler",607192,2017,305,20.5,42.0,0.373
"Ramírez, Erasmo",541640,2017,539,22.2,49.1,0.326
"Merritt, Ryan",607320,2017,89,12.5,45.0,0.318
"Ramos, AJ",573109,2017,258,31.7,40.0,0.304
"Jackson, Luke",592426,2017,224,22.0,49.6,0.354
"Matz, Steven",571927,2017,298,18.3,44.3,0.346
"Keuchel, Dallas",572971,2017,583,27.1,45.3,0.287
"Coulombe, Danny",543056,2017,219,23.1,42.1,0.327
"Lee, Zach",545346,2017,41,20.0,40.7,0.355
"Nicolino, Justin",592593,2017,229,15.3,45.1,0.383
"Miller, Andrew",453192,2017,244,36.2,47.5,0.236
"Hendricks, Kyle",543294,2017,570,21.1,42.8,0.304
"Barnes, Matt",598264,2017,287,30.4,43.8,0.276
"Junis, Jakob",596001,2017,422,22.0,45.4,0.347
"Scherzer, Max",453286,2017,779,32.2,52.0,0.242
"Minter, A.J.",621345,2017,60,35.6,54.4,0.219
"Sewald, Paul",623149,2017,275,25.8,47.5,0.3
"Parker, Blake",453284,2017,254,31.8,47.4,0.263
"Gallardo, Yovani",451596,2017,578,20.6,44.3,0.356
"Kimbrel, Craig",518886,2017,254,42.7,48.8,0.237
"Marks, Justin",476123,2017,7,22.2,34.6,0.554
"Romero, Enny",544836,2017,245,27.6,50.2,0.314
"Steckenrider, Drew",608716,2017,151,29.6,49.8,0.284
"Fien, Casey",502272,2017,62,26.3,54.8,0.433
"Bundy, Dylan",605164,2017,698,25.4,49.1,0.321
"McFarland, T.J.",519008,2017,241,15.4,49.2,0.295
"Bedrosian, Cam",592135,2017,190,30.1,44.7,0.296
"Velasquez, Vince",592826,2017,315,20.7,48.7,0.361
"Font, Wilmer",521655,2017,22,23.3,47.3,0.457
"Rhame, Jacob",642008,2017,45,24.4,48.6,0.392
"Wacha, Michael",608379,2017,701,23.0,47.8,0.304
"Middleton, Keynan",641871,2017,246,35.2,51.8,0.315
"Neris, Héctor",593576,2017,320,33.6,52.9,0.305
"Gibson, Kyle",502043,2017,693,23.6,46.0,0.355
"Duffy, Danny",518633,2017,609,24.7,50.5,0.309
"Liberatore, Adam",571893,2017,15,21.2,42.9,0.281
"Sanchez, Aaron",592717,2017,167,16.0,40.8,0.371
"Gausman, Kevin",592332,2017,816,25.9,46.5,0.343
"Beliveau, Jeff",542924,2017,70,22.5,46.6,0.331
"Moronta, Reyes",606625,2017,29,36.0,45.5,0.23
"Wood, Travis",475243,2017,436,14.3,48.0,0.365
"Strasburg, Stephen",544931,2017,701,27.8,49.7,0.264
"Volstad, Chris",458690,2017,76,9.6,42.4,0.348
"Stammen, Craig",489334,2017,329,26.6,46.1,0.303
"Anderson, Drew",623454,2017,14,11.5,45.6,0.468
"Stanek, Ryne",592773,2017,95,34.8,46.8,0.337
"Hill, Rich",448179,2017,552,28.1,45.5,0.278
"Norris, Daniel",596057,2017,459,22.7,43.8,0.353
"Dickey, R.A.",285079,2017,815,21.0,47.4,0.318
"Jansen, Kenley",445276,2017,257,35.8,54.9,0.204
"Otero, Dan",519096,2017,242,15.2,55.1,0.313
"Holland, Derek",502706,2017,626,18.9,41.2,0.383
"Hand, Brad",543272,2017,311,31.0,45.5,0.251
"McGrath, Kyle",657681,2017,75,23.9,46.3,0.28
"Sardinas, Luis",596143,2017,4,0.0,43.8,0.641
"Gray, Jon",592351,2017,461,22.7,44.2,0.299
"Martes, Francis",642564,2017,249,30.5,44.7,0.329
"Jiménez, Ubaldo",434622,2017,648,21.0,42.8,0.358
"Johnson, Brian",598271,2017,121,17.4,48.9,0.367
"Sánchez, Aníbal",434671,2017,482,23.8,45.6,0.338
"Rodriguez, Eduardo",593958,2017,582,26.3,47.2,0.308
"Montero, Rafael",606160,2017,550,24.2,45.6,0.319
"Treinen, Blake",595014,2017,325,28.2,49.0,0.303
"Lucas, Josh",572998,2017,32,33.3,47.9,0.385
"Boshers, Buddy",542953,2017,153,24.2,47.1,0.342
"Corbin, Patrick",571578,2017,826,25.6,47.0,0.319
"Peralta, Wily",503449,2017,269,21.4,43.3,0.352
"Nicasio, Juan",504379,2017,290,23.7,51.3,0.278
"Davies, Zach",605200,2017,817,18.3,43.4,0.336
"Smith, Joe",501925,2017,214,25.4,50.1,0.249
"Smith, Carson",605476,2017,27,23.9,40.4,0.272
"McGowan, Kevin",641850,2017,40,37.2,47.3,0.252
"Wilk, Adam",573244,2017,74,20.1,46.0,0.46
"Asher, Alec",594742,2017,265,21.2,43.3,0.327
"Vázquez, Felipe",553878,2017,300,32.1,51.3,0.246
"Martin, Cody",592533,2017,13,11.1,36.0,0.412
"Cole, Gerrit",543037,2017,849,21.9,46.5,0.317
"Duke, Zach",435043,2017,74,28.2,47.5,0.315
"Wilson, Tyler",592869,2017,70,19.5,46.4,0.395
"Belisle, Matt",279571,2017,247,23.2,49.7,0.282
"Flexen, Chris",623167,2017,233,19.7,44.6,0.368
"Layne, Tommy",518927,2017,63,17.0,40.8,0.367
"Holland, Greg",518813,2017,235,35.8,44.6,0.274
"Ray, Robbie",592662,2017,665,34.4,44.7,0.297
"Lloyd, Kyle",643414,2017,20,27.8,43.4,0.418
"Farmer, Buck",571656,2017,219,25.9,45.1,0.303
"Wilkerson, Aaron",658792,2017,37,23.3,43.5,0.246
"Alvarez, Dario",516714,2017,82,37.7,38.0,0.324
"Bauer, Trevor",545333,2017,749,23.9,42.2,0.32
"Tanaka, Masahiro",547888,2017,751,31.2,51.2,0.315
"Cloyd, Tyler",543031,2017,4,0.0,50.0,0.295
"Adams, Austin",613534,2017,29,40.4,35.9,0.322
"Maeda, Kenta",628317,2017,557,27.4,48.1,0.287
"Newcomb, Sean",656794,2017,456,27.1,46.9,0.331
"Warren, Adam",476589,2017,223,23.3,45.7,0.272
"Rzepczynski, Marc",519240,2017,136,26.2,44.0,0.284
"Oberg, Scott",623184,2017,265,25.4,50.1,0.3
"Motte, Jason",435400,2017,166,18.9,46.3,0.341
"Greene, Shane",572888,2017,283,23.6,42.2,0.311
"Brault, Steven",643230,2017,162,18.8,47.3,0.336
"Bettis, Chad",518452,2017,200,20.5,47.7,0.311
"Fields, Josh",451661,2017,223,26.3,57.2,0.279
"Diekman, Jake",518617,2017,45,29.9,41.0,0.304
"Sherriff, Ryan",595411,2017,60,22.3,51.4,0.263
"Crick, Kyle",605195,2017,134,24.9,49.0,0.272
"Avilán, Luis",501593,2017,194,33.0,46.4,0.3
"Buehler, Walker",621111,2017,44,26.2,43.8,0.346
"Santiago, Héctor",502327,2017,311,17.8,45.8,0.386
"Machado, Andrés",600921,2017,24,15.4,54.7,0.391
"Jackson, Edwin",429719,2017,339,23.0,46.7,0.346
"Estévez, Carlos",608032,2017,149,24.3,48.0,0.327
"Pelfrey, Mike",460059,2017,546,17.4,40.5,0.356
"Duensing, Brian",488846,2017,257,25.5,44.8,0.275
"Fiers, Mike",571666,2017,670,21.5,46.2,0.34
"Hellickson, Jeremy",476451,2017,695,18.1,48.0,0.35
"Alvarez, Jose",501625,2017,203,23.7,50.5,0.309
"Gant, John",607231,2017,76,23.9,46.2,0.312
"De La Rosa, Rubby",523989,2017,34,39.4,52.8,0.328
"Hoover, J.J.",543331,2017,197,32.4,41.2,0.331
"Lugo, Seth",607625,2017,436,20.6,47.3,0.325
"Povse, Max",605428,2017,21,13.3,46.9,0.41
"Robertson, David",502085,2017,264,38.0,46.4,0.238
"Kontos, George",502004,2017,278,35.3,49.2,0.276
"Barbato, Johnny",592127,2017,130,24.0,47.9,0.349
"Knebel, Corey",608349,2017,309,35.1,43.9,0.249
"Jones, Nate",518858,2017,49,28.9,44.3,0.316
"Strop, Pedro",467008,2017,250,36.0,45.2,0.266
"Astin, Barrett",592120,2017,41,12.3,43.9,0.441
"Colon, Bartolo",112526,2017,648,12.7,46.8,0.35
"Smoker, Josh",519294,2017,267,30.6,45.4,0.322
"Chacín, Jhoulys",468504,2017,765,20.5,42.6,0.307
"Smith, Chris",627262,2017,23,13.5,46.8,0.302
"Moore, Andrew",621058,2017,243,17.4,49.9,0.361
"Edwards Jr., Carl",605218,2017,262,35.4,45.3,0.266
"Minaya, Juan",573668,2017,184,27.0,46.7,0.317
"Chapman, Aroldis",547973,2017,209,30.0,50.8,0.249
"Germán, Domingo",593334,2017,62,28.6,44.3,0.252
"Barrett, Jake",545332,2017,121,27.4,45.6,0.367
"Rowley, Chris",635903,2017,89,27.6,49.2,0.35
"Scott, Tanner",656945,2017,9,36.4,29.7,0.398
"Lively, Ben",594902,2017,372,17.6,47.4,0.329
"Gott, Trevor",641627,2017,23,23.3,42.6,0.435
"Arano, Víctor",644364,2017,42,41.2,49.4,0.22
"Tomlin, Josh",458708,2017,585,19.5,48.9,0.351
"Morris, Bryan",457768,2017,94,26.1,50.3,0.35
"Zych, Tony",543964,2017,173,23.6,45.1,0.304
"Ryan, Kyle",594986,2017,29,20.4,40.2,0.418
"Pérez, Martín",527048,2017,811,17.9,44.9,0.356
"Grace, Matt",594840,2017,215,16.7,47.0,0.311
"Guerra, Javy",457915,2017,88,11.1,53.4,0.313
"Clippard, Tyler",461325,2017,264,30.7,48.2,0.296
"Wojciechowski, Asher",592879,2017,278,22.8,49.5,0.319
"Madson, Ryan",425492,2017,219,28.9,49.8,0.246
"Lewicki, Artie",592499,2017,52,16.5,50.5,0.377
"Vincent, Nick",543883,2017,262,19.8,56.7,0.285
"Petricka, Jake",502593,2017,122,18.1,45.9,0.326
"Phelps, David",475479,2017,238,24.7,42.1,0.311
"Melancon, Mark",453343,2017,130,23.2,46.4,0.293
"Wood, Blake",502028,2017,332,28.7,43.4,0.301
"Alburquerque, Al",456379,2017,71,29.2,45.6,0.259
"Okert, Steven",595345,2017,118,22.0,50.3,0.345
"Cole, Taylor",518566,2017,10,23.5,41.5,0.439
"Garza, Matt",490063,2017,504,18.3,48.1,0.328
"Graveman, Kendall",608665,2017,444,17.2,42.7,0.345
"Ross, Joe",605452,2017,322,23.3,47.3,0.35
"Mengden, Daniel",596043,2017,169,21.5,43.7,0.333
"De León, José",592254,2017,15,18.2,47.8,0.37
"Hernández, Ariel",554374,2017,108,32.0,40.3,0.334
"Floro, Dylan",571670,2017,45,20.6,47.4,0.343
"Montgomery, Jordan",656756,2017,649,26.9,47.2,0.307
"Machi, Jean",466948,2017,31,25.0,48.6,0.32
"Haley, Justin",595234,2017,81,14.8,47.0,0.403
"Peters, Dillon",596071,2017,139,24.3,44.3,0.332
"Jorge, Felix",602928,2017,36,19.4,48.3,0.452
"Busenitz, Alan",641427,2017,121,17.1,48.9,0.295
"Cishek, Steve",518553,2017,174,26.0,42.2,0.273
"Flaherty, Jack",656427,2017,94,29.5,49.2,0.334
"Santana, Edgar",650828,2017,81,33.8,44.9,0.313
"Bummer, Aaron",607481,2017,91,28.9,40.6,0.329
"Slegers, Aaron",642083,2017,63,19.5,48.9,0.393
"Law, Derek",571882,2017,168,25.3,42.8,0.328
"Morin, Mike",573046,2017,93,26.7,52.3,0.3
"Rogers, Taylor",573124,2017,237,20.8,44.1,0.341
"Garrett, Amir",607237,2017,321,20.0,45.7,0.365
"Neverauskas, Dovydas",596720,2017,105,17.2,45.5,0.358
"Vizcaíno, Arodys",527055,2017,235,31.1,50.9,0.293
"Capps, Carter",605169,2017,49,20.5,43.2,0.316
"Fulmer, Michael",605242,2017,676,21.6,49.5,0.31
"Cedeño, Xavier",458584,2017,21,10.3,40.8,0.491
"Nicholas, Brett",592592,2017,8,0.0,68.8,0.458
"Heaney, Andrew",571760,2017,101,30.9,46.7,0.418
"Suárez, Albert",544150,2017,135,28.8,44.2,0.296
"Morton, Charlie",450203,2017,617,26.1,44.8,0.294
"Crockett, Kyle",641490,2017,11,16.7,42.9,0.434
"Arroyo, Bronson",276520,2017,322,17.3,48.7,0.368
"Quackenbush, Kevin",534812,2017,125,19.8,42.5,0.332
"Gimenez, Chris",460269,2017,22,0.0,48.4,0.383
"Hughes, Phil",461833,2017,244,15.3,50.6,0.363
"Romo, Sergio",489265,2017,224,34.4,45.9,0.29
"Bradley, Archie",605151,2017,290,23.3,47.2,0.281
"Pérez, Oliver",424144,2017,143,25.0,45.0,0.311
"McGuire, Deck",592547,2017,56,22.3,44.8,0.299
"Santana, Ervin",429722,2017,863,23.4,48.5,0.301
"Tillman, Chris",501957,2017,444,17.8,45.1,0.403
"Rosario, Randy",600968,2017,15,14.8,42.2,0.356
"Hu, Chih-Wei",629496,2017,40,29.8,47.7,0.331
"Syndergaard, Noah",592789,2017,124,29.6,50.1,0.262
"Vieira, Thyago",600986,2017,3,0.0,40.0,0.191
"Gray, Sonny",543243,2017,678,27.3,46.6,0.31
"Rodney, Fernando",407845,2017,231,31.0,42.2,0.276
"Porcello, Rick",519144,2017,885,21.1,49.6,0.337
"Ramírez, José",542432,2017,258,27.1,48.7,0.321
"Bush, Matt",456713,2017,240,25.2,52.5,0.305
"Gardewine, Nick",643320,2017,40,25.3,52.4,0.424
"White, Tyler",643603,2017,5,20.0,52.6,0.312
"Mayers, Mike",594577,2017,25,19.2,51.5,0.558
"Betances, Dellin",476454,2017,261,38.2,34.5,0.259
"Glover, Koda",606983,2017,80,22.9,49.5,0.268
"Rodríguez, Richard",593144,2017,31,18.0,41.7,0.514
"Casilla, Santiago",433586,2017,259,26.9,45.8,0.31
"Qualls, Chad",430589,2017,72,21.0,49.2,0.341
"Maples, Dillon",596027,2017,27,40.0,32.1,0.327
"Stephenson, Robert",596112,2017,383,29.7,46.2,0.352
"Delgado, Randall",517414,2017,259,27.1,48.8,0.303
"Boyd, Matthew",571510,2017,605,22.6,48.6,0.333
"Therrien, Jesen",592279,2017,86,23.7,48.6,0.369
"Strickland, Hunter",519326,2017,268,24.9,47.0,0.319
"House, TJ",543334,2017,10,15.8,47.5,0.333
"Cole, A.J.",595918,2017,230,23.9,45.1,0.347
"Tazawa, Junichi",547749,2017,238,18.9,48.9,0.315
"Sánchez, Angel",605795,2017,54,26.2,51.4,0.355
"Weaver, Jered",450308,2017,191,19.0,45.5,0.388
"Buchholz, Clay",453329,2017,40,14.1,49.3,0.348
"Cotton, Jharel",605194,2017,564,22.1,47.5,0.321
"Harris, Will",501789,2017,177,29.4,47.2,0.252
"Holmberg, David",571787,2017,272,17.9,40.5,0.399
"Peralta, Wandy",593974,2017,263,31.7,50.0,0.267
"Ynoa, Gabriel",593679,2017,147,21.3,47.8,0.361
"Chatwood, Tyler",543022,2017,631,24.4,43.9,0.329
"Barnes, Jacob",606930,2017,304,33.8,48.9,0.276
"Drake, Oliver",543118,2017,251,27.3,46.8,0.331
"Verrett, Logan",548337,2017,47,30.4,50.3,0.378
"Hernández, Félix",433587,2017,368,21.8,47.2,0.36
"Mitchell, Bryan",571951,2017,153,16.7,44.9,0.378
"Peacock, Brad",502748,2017,546,30.2,43.3,0.268
"Pressly, Ryan",519151,2017,252,27.0,49.4,0.3
"Goforth, David",592341,2017,4,0.0,41.2,0.501
"Maness, Seth",595307,2017,45,12.2,44.8,0.426
"Osich, Josh",592612,2017,201,21.7,46.0,0.366
"Skaggs, Tyler",572140,2017,365,19.9,43.3,0.337
"Castro, Miguel",612434,2017,274,22.6,46.3,0.315
"Biagini, Joe",607352,2017,517,19.5,46.4,0.307
"Maton, Phil",664208,2017,180,28.3,49.9,0.306
"Green, Chad",643338,2017,253,36.2,45.6,0.25
"Alcantara, Sandy",645261,2017,39,36.6,45.8,0.404
"Nolasco, Ricky",445060,2017,786,25.4,45.9,0.365
"Johnson, Jim",462382,2017,256,24.5,42.4,0.315
"Hammel, Jason",434628,2017,804,21.5,48.0,0.342
"Devenski, Chris",606965,2017,316,36.2,49.1,0.257
"Ottavino, Adam",493603,2017,243,28.5,35.4,0.323
"Carle, Shane",641438,2017,19,27.9,54.4,0.292
"Turley, Nik",543867,2017,89,16.2,44.0,0.441
"Bailey, Homer",456701,2017,420,22.3,47.0,0.366
"Lindblom, Josh",458676,2017,51,20.0,56.5,0.28
"Rosenthal, Trevor",572096,2017,202,34.9,49.4,0.253
"Jiménez, Joe",641729,2017,99,26.1,48.9,0.401
"Broxton, Jonathan",455009,2017,78,25.5,51.7,0.355
"Berríos, José",621244,2017,616,23.3,45.6,0.305
"Walker, Taijuan",592836,2017,683,21.7,45.0,0.314
"Maddox, Austin",545348,2017,67,26.3,56.9,0.247
"Bethancourt, Christian",542194,2017,25,11.4,41.5,0.521
"Dunn, Mike",445197,2017,220,26.4,41.5,0.296
"Bonilla, Lisalverto",570810,2017,172,25.9,47.4,0.359
"Castillo, Fabio",503566,2017,8,42.9,46.7,0.465
"Ramirez, Noé",598287,2017,49,32.1,49.5,0.296
"Iwakuma, Hisashi",547874,2017,128,19.1,45.6,0.381
"Weber, Ryan",543901,2017,14,4.3,41.8,0.371
"Olson, Tyler",621397,2017,77,23.0,46.3,0.257
"Kuhl, Chad",641771,2017,680,23.1,44.9,0.332
"Montgomery, Mike",543557,2017,540,20.5,43.7,0.3
"Milner, Hoby",571948,2017,139,23.0,44.1,0.307
"Armstrong, Shawn",542888,2017,108,22.0,52.8,0.337
"Arrieta, Jake",453562,2017,707,21.3,44.1,0.304
"Duffey, Tyler",608648,2017,310,23.8,49.6,0.328
"Díaz, Edwin",621242,2017,278,34.5,49.6,0.251
"Hoffman, Jeff",656546,2017,440,19.5,45.3,0.331
"Gallegos, Giovanny",606149,2017,87,28.9,53.4,0.329
"Leake, Mike",502190,2017,782,18.5,48.4,0.321
"Rondón, Héctor",444468,2017,237,26.6,48.9,0.306
"deGrom, Jacob",594798,2017,827,29.3,49.9,0.274
"Tseng, Jen-Ho",627500,2017,26,25.0,45.3,0.384
"Wittgren, Nick",621295,2017,182,26.2,47.1,0.325
"Nelson, Jimmy",519076,2017,728,25.5,48.7,0.284
"García, Luis",472610,2017,295,26.8,48.6,0.278
"Finnegan, Brandon",605232,2017,59,33.0,39.0,0.308
"Barraclough, Kyle",607457,2017,286,31.1,41.9,0.285
"Diaz, Jumbo",471822,2017,136,25.6,49.2,0.306
"Lyles, Jordan",543475,2017,324,21.8,47.4,0.352
"Lyons, Tyler",544928,2017,220,27.5,41.6,0.289
"Whitley, Chase",595032,2017,238,27.1,52.1,0.312
"Bailey, Andrew",457732,2017,13,25.9,61.4,0.163
"Mayza, Tim",641835,2017,79,34.5,49.4,0.315
"Roark, Tanner",543699,2017,776,23.5,46.1,0.314
"Sims, Lucas",608371,2017,255,20.6,44.8,0.335
"Yates, Kirby",489446,2017,231,36.4,51.5,0.272
"Sparkman, Glenn",642098,2017,12,9.5,38.2,0.363
"Gregerson, Luke",502381,2017,263,35.3,48.3,0.305
"McAllister, Zach",502083,2017,249,23.6,48.2,0.316
"Jennings, Dan",543359,2017,266,20.9,43.2,0.309
"Wilson, Justin",458677,2017,247,29.0,45.8,0.271
"McCarthy, Brandon",435221,2017,384,19.4,47.5,0.295
"Cobb, Alex",502171,2017,742,16.9,44.3,0.324
"Verlander, Justin",434378,2017,849,23.6,49.3,0.315
"Hardy, Blaine",543278,2017,156,24.4,45.7,0.382
"Reininger, Zac",643617,2017,47,8.2,44.5,0.348
"Gómez, Jeanmar",491646,2017,100,23.8,46.3,0.372
"Banda, Anthony",607455,2017,115,26.6,45.0,0.304
"Givens, Mychal",571710,2017,315,27.1,48.1,0.29
"Hamels, Cole",430935,2017,614,21.5,46.8,0.327
"Bumgarner, Madison",518516,2017,450,21.5,51.2,0.306
"Tolliver, Ashur",572208,2017,22,44.7,44.7,0.32
"Frieri, Ernesto",457117,2017,31,15.4,41.9,0.296
"Wheeler, Jason",605528,2017,18,7.7,46.4,0.51
"Blach, Ty",621389,2017,692,15.6,45.8,0.335
"López, Reynaldo",625643,2017,207,18.5,49.9,0.319
"Dayton, Grant",594795,2017,102,23.2,48.6,0.295
"Kintzler, Brandon",445213,2017,288,13.4,45.7,0.298
"Cashner, Andrew",488768,2017,704,14.9,44.7,0.33
"Doolittle, Sean",448281,2017,197,28.5,60.2,0.217
"Fried, Max",608331,2017,121,22.4,41.2,0.349
"Perkins, Glen",450282,2017,34,16.7,48.8,0.432
"Vargas, Jason",450306,2017,756,23.6,43.4,0.325
"Herrera, Ronald",622703,2017,14,17.4,51.1,0.42
"O'Day, Darren",503285,2017,240,26.0,46.0,0.276
"Garcia, Onelki",607162,2017,32,19.1,39.5,0.413
"Turner, Jacob",545363,2017,170,14.5,46.9,0.394
"Uehara, Koji",493157,2017,178,31.7,55.0,0.318
"Norris, Bud",502032,2017,267,30.0,46.2,0.299
"Soria, Joakim",465657,2017,232,30.3,45.9,0.27
"Boyer, Blaine",430641,2017,178,21.7,50.8,0.329
"Ynoa, Michael",573589,2017,141,22.2,41.8,0.356
"Márquez, Germán",608566,2017,700,20.7,48.7,0.325
"Váldez, José A.",572308,2017,80,26.1,46.9,0.413
"Colomé, Alex",517008,2017,281,26.0,47.9,0.27
"McHugh, Collin",543521,2017,270,27.7,47.5,0.318
"Albers, Matt",458006,2017,233,22.9,43.9,0.249
"Weaver, Luke",596133,2017,252,23.6,46.7,0.289
"Albers, Andrew",452027,2017,177,17.2,52.3,0.315
"Grilli, Jason",276351,2017,184,25.8,48.5,0.37
"Street, Huston",434718,2017,15,23.1,45.6,0.244
"Andriese, Matt",542882,2017,374,24.7,48.3,0.34
"Harrell, Lucas",449173,2017,33,18.4,37.4,0.349
"Kershaw, Clayton",477132,2017,678,29.9,51.7,0.266
"Neal, Zach",594943,2017,65,21.4,51.6,0.391
"Gonzalez, Gio",461829,2017,827,22.3,42.3,0.295
"Bolsinger, Mike",502211,2017,196,20.4,42.1,0.363
"Kela, Keone",605309,2017,151,28.7,42.5,0.259
"Archer, Chris",502042,2017,852,30.3,47.9,0.296
"Kolarek, Adam",592473,2017,40,16.1,45.9,0.334
"Blackburn, Paul",621112,2017,238,13.9,42.9,0.321
"Goody, Nick",580792,2017,221,35.4,49.8,0.288
"Blevins, Jerry",460283,2017,217,32.6,40.3,0.253
"McCullers Jr., Lance",621121,2017,512,28.0,45.6,0.292
"Mella, Keury",622492,2017,19,9.1,40.0,0.521
"Whalen, Rob",547007,2017,31,10.2,43.8,0.438
"Putnam, Zach",474029,2017,28,35.7,54.4,0.212
"Strahm, Matt",621381,2017,154,25.3,44.0,0.309
"Foltynewicz, Mike",592314,2017,692,23.0,45.2,0.336
"Leathersich, Jack",605333,2017,25,35.3,32.4,0.339
"Iglesias, Raisel",628452,2017,306,30.5,49.8,0.262
"Bridwell, Parker",592170,2017,492,20.6,47.5,0.353
"Ramírez, JC",500724,2017,620,20.5,45.7,0.341
"Boxberger, Brad",502202,2017,121,31.3,46.0,0.251
"Buchter, Ryan",488748,2017,268,23.9,49.8,0.259
"Salazar, Danny",517593,2017,439,34.4,50.6,0.314
"Callahan, Jamie",621094,2017,30,26.7,57.7,0.29
"Gohara, Luiz",627894,2017,123,27.0,52.3,0.289
"Paulino, David",600944,2017,127,25.6,45.0,0.347
"Estrada, Marco",462136,2017,806,24.2,49.3,0.305
"Romano, Sal",607219,2017,384,22.0,43.8,0.303
"Odorizzi, Jake",543606,2017,603,25.2,48.0,0.326
"Claiborne, Preston",502011,2017,10,26.3,55.9,0.381
"Johnson, Pierce",572955,2017,7,33.3,41.4,0.284
"Alcántara, Victor",622505,2017,39,23.3,54.5,0.37
"Goeddel, Erik",592340,2017,122,32.7,48.9,0.313
"Wright, Steven",453214,2017,114,14.8,47.8,0.401
"Musgrove, Joe",605397,2017,461,25.7,50.9,0.318
"Bell, Chad",518445,2017,293,21.0,46.1,0.372
"Díaz, Miguel",622766,2017,192,21.4,43.4,0.355
"Tepera, Ryan",572193,2017,319,28.9,49.1,0.288
"Guerra, Junior",448855,2017,314,27.0,43.7,0.361
"Oh, Seunghwan",493200,2017,264,27.0,54.3,0.296
"Moll, Sam",594580,2017,35,22.2,42.9,0.346
"Sale, Chris",519242,2017,851,31.8,50.1,0.252
"Hahn, Jesse",534910,2017,315,17.9,43.8,0.331
"Báez, Pedro",520980,2017,280,31.5,54.0,0.308
"Heston, Chris",518790,2017,38,11.8,37.0,0.474
"Barnette, Tony",501817,2017,252,29.6,48.9,0.304
"Taylor, Ben",664701,2017,80,18.5,47.3,0.375
"Lackey, John",407793,2017,731,23.1,47.5,0.343
"Hatcher, Chris",501822,2017,257,29.1,48.7,0.293
"Stumpf, Daniel",621385,2017,160,18.8,44.7,0.305
"Koehler, Tom",543408,2017,334,22.0,42.6,0.355
"Lester, Jon",452657,2017,763,25.2,45.4,0.304
"Kluber, Corey",446372,2017,777,33.6,49.1,0.249
"Storen, Drew",519322,2017,246,19.3,47.3,0.316
"Smith, Josh A.",595001,2017,151,18.1,44.2,0.342
"Moore, Matt",519043,2017,790,19.8,48.0,0.362
"Hembree, Heath",592390,2017,271,29.9,50.5,0.324
"Jaye, Myles",594867,2017,71,9.7,42.2,0.408
"Velázquez, Hector",584171,2017,96,17.2,50.3,0.314
"Abad, Fernando",472551,2017,182,18.2,41.5,0.284
"Bowman, Matt",621199,2017,247,23.7,46.2,0.279
"Rusin, Chris",543734,2017,340,26.6,50.4,0.282
"Feliz, Neftalí",491703,2017,196,25.3,49.5,0.347
"Infante, Gregory",500872,2017,227,24.3,44.3,0.296
"Gossett, Daniel",605254,2017,414,21.2,46.0,0.382
"Williams, Trevor",592866,2017,642,19.3,47.8,0.316
"Mazzoni, Cory",543508,2017,46,20.5,41.5,0.485
"Pomeranz, Drew",519141,2017,739,24.2,44.6,0.319
"Karns, Nate",501992,2017,188,28.8,46.3,0.324
"Fister, Doug",450729,2017,392,19.3,41.9,0.31
"Danish, Tyler",641501,2017,23,25.6,37.5,0.369
"McCarthy, Kevin",641838,2017,196,18.8,51.5,0.321
"Shoemaker, Matt",533167,2017,326,25.2,49.3,0.34
"Benoit, Joaquín",276542,2017,213,27.6,52.3,0.304
"Beck, Chris",571476,2017,294,18.2,45.7,0.377
"Ross, Tyson",475115,2017,238,18.6,41.0,0.38
"Garton, Ryan",623439,2017,90,24.3,49.0,0.333
"McGowan, Dustin",430661,2017,331,24.3,49.0,0.347
"Guduan, Reymin",594056,2017,83,23.1,45.4,0.4
"Fulmer, Carson",608334,2017,101,20.2,48.7,0.325
"Socolovich, Miguel",462515,2017,87,23.1,45.2,0.395
"Bass, Anthony",542914,2017,31,16.4,49.5,0.41
"Scahill, Rob",543746,2017,97,14.8,51.2,0.37
"Torres, Carlos",448614,2017,322,21.2,49.2,0.329
"Kennedy, Ian",453178,2017,655,22.6,45.7,0.359
"Leone, Dominic",608678,2017,279,32.8,48.7,0.269
"Senzatela, Antonio",622608,2017,564,18.0,43.6,0.326
"Melville, Tim",543532,2017,30,16.9,48.5,0.34
"Jeffress, Jeremy",502026,2017,295,23.7,45.7,0.323
"Almonte, Miguel",602083,2017,12,9.1,44.0,0.386
"Slania, Dan",592753,2017,3,20.0,62.5,0.074
"Wright, Daniel",642229,2017,85,23.7,41.7,0.368
"Díaz, Jairo",545064,2017,30,12.0,42.0,0.372
"Gsellman, Robert",607229,2017,549,17.0,47.8,0.339
"Watson, Tony",453265,2017,291,25.6,55.2,0.278
"Lorenzen, Michael",547179,2017,361,24.4,46.3,0.297
"Sucre, Jesús",491696,2017,7,20.0,32.3,0.451
"Dermody, Matt",571616,2017,95,25.2,47.8,0.301
"Urías, Julio",628711,2017,102,22.2,47.1,0.351
"Harvey, Matt",518774,2017,431,18.5,46.2,0.369
"Castillo, Luis",622491,2017,359,28.5,47.8,0.261
"Freeman, Sam",518693,2017,254,26.5,46.5,0.278
"Webb, Tyler",643778,2017,36,21.7,46.0,0.354
"Rodríguez, Francisco",408061,2017,118,24.7,41.1,0.354
"Blair, Aaron",594760,2017,19,46.9,42.7,0.55
"Krol, Ian",571871,2017,214,25.7,47.3,0.324
"Zastryzny, Rob",642239,2017,62,21.2,42.1,0.353
"Ruiz, José",614179,2017,4,16.7,40.0,0.25
"Gaviglio, Sam",543208,2017,313,17.6,44.1,0.361
"Wainwright, Adam",425794,2017,546,18.4,44.3,0.327
"Hauschild, Mike",623434,2017,39,25.9,41.9,0.469
"Crichton, Stefan",592233,2017,62,11.9,41.1,0.461
"De Jong, Chase",608328,2017,125,13.7,43.0,0.348
"Rodríguez, Ricardo",600965,2017,60,15.2,51.7,0.32
"Richard, Clayton",453385,2017,858,20.6,48.5,0.325
"Price, David",456034,2017,317,26.1,50.1,0.302
"Hursh, Jason",592422,2017,47,23.1,45.1,0.325
"Ziegler, Brad",446899,2017,211,20.1,48.6,0.304
"Minor, Mike",501985,2017,307,27.6,49.9,0.234
"Holder, Jonathan",656547,2017,171,26.7,50.2,0.312
"Shreve, Chasen",592741,2017,198,33.8,45.9,0.28
"Bleier, Richard",542947,2017,265,18.3,55.7,0.286
"Kahnle, Tommy",592454,2017,256,33.3,53.4,0.243
"Altavilla, Dan",656186,2017,203,29.5,46.7,0.325
"Anderson, Chase",502624,2017,569,24.4,46.9,0.275
"Freeman, Mike",502273,2017,6,25.0,54.5,0.619
"Swarzak, Anthony",461872,2017,303,31.0,50.2,0.242
"Aquino, Jayson",593969,2017,62,26.9,43.9,0.318
"Hunter, Tommy",488984,2017,228,26.1,50.1,0.237
"Méndez, Yohander",622795,2017,52,19.8,50.3,0.372
"Dull, Ryan",623430,2017,177,29.2,45.8,0.299
"Cervenka, Hunter",543017,2017,24,32.3,31.6,0.361
"Saupold, Warwick",599683,2017,280,18.3,45.6,0.34
"Davis, J.D.",605204,2017,7,20.0,45.5,0.242
"Kendrick, Kyle",452718,2017,45,17.1,44.9,0.362
"Pinto, Ricardo",620982,2017,146,21.2,47.4,0.357
"O'Grady, Chris",622217,2017,145,22.3,42.2,0.36
"Runzler, Dan",502130,2017,20,14.7,42.0,0.41
"Workman, Brandon",519443,2017,163,24.0,47.1,0.304
"Samardzija, Jeff",502188,2017,847,22.5,49.1,0.3
"Enns, Dietrich",608650,2017,21,15.9,51.2,0.344
"Castro, Simon",501563,2017,153,18.0,43.9,0.355
"Ross Jr., Robbie",543726,2017,45,31.4,42.9,0.371
"Maurer, Brandon",543506,2017,267,22.5,48.4,0.334
"Romine, Andrew",461865,2017,6,18.2,42.3,0.522
"Tepesch, Nick",519344,2017,80,14.4,44.0,0.491
"Shields, James",448306,2017,516,24.7,44.4,0.354
"Neshek, Pat",450212,2017,235,26.4,56.1,0.218
"Robles, Hansel",570663,2017,247,23.6,42.5,0.339
"Stratton, Chris",608717,2017,256,22.0,44.9,0.33
"Frankoff, Seth",571676,2017,9,20.0,40.5,0.271
"Scribner, Troy",644428,2017,99,24.8,43.1,0.353
"Adleman, Tim",534947,2017,531,24.6,47.2,0.337
"Young, Chris",432934,2017,148,25.6,49.6,0.36
"Paxton, James",572020,2017,552,28.2,48.2,0.256
"Lawrence, Casey",596271,2017,264,25.2,47.0,0.324
"Goldberg, Brad",643329,2017,62,19.6,42.7,0.427
"Davis, Rookie",606959,2017,122,21.6,42.5,0.35
"Wheeler, Zack",554430,2017,386,22.2,46.5,0.337
"Stewart, Brock",592779,2017,147,24.1,48.9,0.272
"Conley, Adam",543045,2017,463,22.2,47.8,0.357
"Gómez, Roberto",596816,2017,26,25.5,52.6,0.358
"Winkler, Dan",595465,2017,53,25.4,48.7,0.257
"Morrow, Brandon",453344,2017,170,30.5,57.4,0.244
"Shaw, Bryan",543766,2017,312,25.6,50.8,0.255
"Howell, J.P.",434442,2017,52,20.3,35.8,0.373
"Kelley, Shawn",518875,2017,121,29.3,53.8,0.39
"Shipley, Braden",640463,2017,121,19.7,42.7,0.353
"Aybar, Erick",430947,2017,4,20.0,38.5,0.389
"Sabathia, CC",282332,2017,623,21.2,46.2,0.315
"Rondón, Bruce",541652,2017,76,27.5,46.6,0.334
"Simmons, Shae",623406,2017,30,30.2,35.8,0.375
"Gilmartin, Sean",543219,2017,19,15.6,40.0,0.398
"Wang, Wei-Chung",623913,2017,9,31.3,50.0,0.387
"Suter, Brent",608718,2017,341,21.3,48.2,0.3
"Martinez, Michael",492841,2017,4,20.0,41.7,0.425
"Pruitt, Austin",643493,2017,371,22.4,47.2,0.321
"Loup, Aaron",571901,2017,265,23.4,45.3,0.28
"Edgin, Josh",572831,2017,166,22.3,46.1,0.318
"Mejía, Adalberto",606167,2017,443,23.6,48.3,0.345
"Tonkin, Michael",543859,2017,97,27.6,49.4,0.341
"Feldman, Scott",444857,2017,472,20.5,43.6,0.344
"Hughes, Jared",453172,2017,244,26.9,46.6,0.317
"Davis, Wade",451584,2017,242,33.9,47.6,0.291
"Blanton, Joe",430599,2017,195,28.2,49.5,0.317
"Leon, Arcenio",455376,2017,31,15.9,41.5,0.338
"Giles, Ken",571704,2017,247,33.9,50.8,0.249
"O'Flaherty, Eric",447714,2017,83,28.7,45.2,0.353
"Bibens-Dirkx, Austin",502212,2017,299,20.7,45.3,0.363
"LeBlanc, Wade",453281,2017,283,22.7,46.2,0.337
"Ríos, Yacksel",605441,2017,73,23.5,49.1,0.317
"Alexander, Scott",518397,2017,284,29.4,49.5,0.29
"Miller, Shelby",571946,2017,99,22.4,45.1,0.286
"Hernandez, David",456696,2017,214,26.4,51.2,0.276
"Griffin, A.J.",456167,2017,338,20.1,45.5,0.329
"Faria, Jake",607188,2017,357,28.8,46.4,0.305
"Alvarez, Henderson",506693,2017,67,12.7,42.1,0.44
"Scott, Robby",582494,2017,141,25.8,46.3,0.293
"Ramírez, Carlos",570702,2017,58,30.6,50.2,0.266
"Locke, Jeff",502046,2017,152,18.4,45.5,0.352
"Cain, Matt",430912,2017,567,12.6,43.5,0.361
"Nola, Aaron",605400,2017,693,26.6,45.2,0.278
"Jay, Jon",445055,2017,4,12.5,50.0,0.282
"Cecil, Brett",446399,2017,277,27.9,52.9,0.273
"McGee, Jake",459429,2017,229,20.6,50.3,0.277
"Descalso, Daniel",518614,2017,6,15.4,50.0,0.056
"Cueto, Johnny",456501,2017,648,23.2,49.2,0.354
"Nova, Iván",467100,2017,785,17.9,50.5,0.343
"Richards, Garrett",572070,2017,108,27.3,48.0,0.274
"Allen, Cody",592102,2017,282,34.2,46.2,0.269
"Alvarado, José",621237,2017,123,25.2,45.4,0.254
"Taillon, Jameson",592791,2018,785,23.8,49.3,0.289
"López, Yoan",661255,2018,35,28.8,45.7,0.26
"Glover, Koda",606983,2018,71,21.4,44.5,0.324
"Avila, Alex",488671,2018,7,0.0,69.2,0.195
"Allen, Cody",592102,2018,289,30.7,45.3,0.308
"Olson, Tyler",621397,2018,118,33.0,46.4,0.273
"Fister, Doug",450729,2018,289,13.6,41.4,0.352
"Rogers, Taylor",573124,2018,260,26.7,45.5,0.255
"Bridwell, Parker",592170,2018,36,24.6,49.6,0.44
"Báez, Sandy",622783,2018,66,19.7,43.3,0.36
"Tepera, Ryan",572193,2018,263,30.4,48.7,0.299
"Ortiz, Luis",656814,2018,18,19.4,47.0,0.383
"Gómez, Jeanmar",491646,2018,114,29.2,47.2,0.343
"Morgan, Adam",605388,2018,213,28.5,45.9,0.297
"Rodríguez, Ricardo",600965,2018,31,13.3,48.4,0.394
"Buchter, Ryan",488748,2018,163,25.5,48.0,0.288
"Brault, Steven",643230,2018,414,24.5,44.8,0.345
"Altavilla, Dan",656186,2018,85,31.0,43.9,0.312
"Carpenter, Ryan",543001,2018,107,20.5,48.2,0.42
"Bell, Chad",518445,2018,36,24.6,46.3,0.415
"Neris, Héctor",593576,2018,203,41.5,49.4,0.301
"Miranda, Aríel",664641,2018,24,27.5,43.5,0.351
"Happ, J.A.",457918,2018,732,24.1,47.8,0.302
"Suero, Wander",593833,2018,200,24.3,49.6,0.332
"Skaggs, Tyler",572140,2018,533,25.7,47.0,0.305
"Wood, Blake",502028,2018,47,24.7,44.0,0.326
"Field, Johnny",608654,2018,4,16.7,33.3,0.369
"Herrera, Kelvin",516969,2018,184,26.8,53.2,0.3
"Ramírez, Carlos",570702,2018,37,22.7,41.8,0.356
"Leone, Dominic",608678,2018,106,29.6,53.0,0.315
"McGuire, Deck",592547,2018,177,21.9,43.4,0.388
"Lucas, Josh",572998,2018,66,25.2,46.4,0.319
"Conlon, P.J.",664869,2018,38,17.9,41.5,0.375
"Leake, Mike",502190,2018,783,16.7,49.7,0.348
"Estrada, Marco",462136,2018,627,23.3,48.6,0.332
"Foltynewicz, Mike",592314,2018,743,25.7,44.0,0.274
"Alvarado, José",621237,2018,263,31.8,43.1,0.259
"Romo, Sergio",489265,2018,283,31.7,45.5,0.28
"Blandino, Alex",607468,2018,4,28.6,46.7,0.188
"Cishek, Steve",518553,2018,288,29.4,41.4,0.265
"Ponce de Leon, Daniel",594965,2018,132,28.1,52.0,0.301
"Zimmermann, Jordan",519455,2018,556,20.6,48.5,0.326
"Cuevas, William",571035,2018,83,31.9,46.8,0.363
"Wilson, Justin",458677,2018,236,26.5,50.6,0.31
"Johnson, Brian",598271,2018,434,21.5,44.2,0.329
"Goeddel, Erik",592340,2018,155,33.9,49.2,0.252
"Kopech, Michael",656629,2018,68,21.5,50.8,0.423
"Shafer, Justin",596101,2018,39,18.6,40.4,0.401
"Avilán, Luis",501593,2018,197,25.1,44.4,0.278
"Rucinski, Drew",607968,2018,154,23.7,51.8,0.292
"Gant, John",607231,2018,487,26.2,46.8,0.311
"James, Josh",657624,2018,91,31.3,46.7,0.269
"Weaver, Luke",596133,2018,609,22.3,46.6,0.33
"Velázquez, Hector",584171,2018,370,18.4,49.2,0.335
"Volstad, Chris",458690,2018,216,12.7,43.4,0.357
"Milone, Tommy",543548,2018,118,23.1,50.7,0.337
"Váldez, José A.",572308,2018,24,15.4,50.6,0.461
"Maton, Phil",664208,2018,214,32.8,47.0,0.273
"Ureña, José",570632,2018,712,20.2,47.5,0.31
"Loup, Aaron",571901,2018,183,25.9,45.9,0.316
"Oswalt, Corey",621261,2018,282,16.6,48.9,0.337
"Mengden, Daniel",596043,2018,476,18.3,47.8,0.351
"Diekman, Jake",518617,2018,243,28.4,42.4,0.306
"Godley, Zack",643327,2018,791,28.2,44.4,0.333
"Kelley, Shawn",518875,2018,190,25.8,48.9,0.244
"Wilson, Bryse",669060,2018,33,30.4,51.1,0.379
"Castro, Miguel",612434,2018,376,23.6,44.3,0.345
"Guilmet, Preston",543258,2018,52,21.0,51.5,0.49
"Wainwright, Adam",425794,2018,181,23.3,41.1,0.314
"Shreve, Chasen",592741,2018,235,32.6,46.6,0.335
"Wright, Kyle",657140,2018,28,28.3,35.9,0.356
"Hu, Chih-Wei",629496,2018,50,22.1,48.7,0.291
"Jennings, Dan",543359,2018,271,20.0,44.9,0.331
"Guduan, Reymin",594056,2018,11,36.8,47.5,0.411
"Wick, Rowan",592858,2018,38,20.3,59.4,0.306
"Lugo, Seth",607625,2018,410,23.3,46.3,0.273
"Duffey, Tyler",608648,2018,107,23.2,48.4,0.384
"Liberatore, Adam",571893,2018,54,24.0,46.3,0.338
"Kela, Keone",605309,2018,212,31.1,44.2,0.274
"Valentín, Jesmuel",621044,2018,7,14.3,25.9,0.538
"Anderson, Chase",502624,2018,644,22.1,47.2,0.329
"Perdomo, Luis",606131,2018,217,19.3,41.8,0.336
"Santana, Ervin",429722,2018,114,10.7,45.7,0.419
"Smith, Drew",622098,2018,120,19.0,51.8,0.323
"Walker, Taijuan",592836,2018,56,18.4,38.8,0.384
"Underwood Jr., Duane",621249,2018,16,12.1,42.9,0.405
"Paxton, James",572020,2018,645,30.0,52.6,0.286
"Beede, Tyler",595881,2018,40,30.6,37.3,0.307
"Cole, Taylor",518566,2018,135,34.2,46.6,0.263
"Gonzalez, Gio",461829,2018,746,24.0,43.2,0.329
"Brewer, Colten",605155,2018,49,29.7,38.1,0.336
"Jurado, Ariel",642558,2018,241,10.3,46.3,0.371
"Rogers, Josh",642028,2018,56,12.1,50.5,0.384
"Wilson, Alex",543935,2018,245,20.6,47.0,0.306
"Stout, Eric",657770,2018,16,20.0,49.0,0.516
"Márquez, Germán",608566,2018,815,28.5,47.4,0.283
"Wood, Hunter",621056,2018,179,30.4,47.3,0.297
"Davis, Wade",451584,2018,261,29.6,42.9,0.247
"Hancock, Justin",606995,2018,49,20.0,41.3,0.316
"Rhame, Jacob",642008,2018,140,28.4,54.0,0.291
"Kuhl, Chad",641771,2018,373,23.4,44.5,0.368
"Copeland, Scott",571577,2018,5,28.6,63.6,0.253
"Rondón, Héctor",444468,2018,250,30.4,47.8,0.279
"Gsellman, Robert",607229,2018,345,22.2,48.7,0.291
"Lockett, Walker",621141,2018,76,21.6,40.0,0.383
"McAllister, Zach",502083,2018,198,21.9,51.3,0.345
"Soria, Joakim",465657,2018,255,29.2,52.0,0.264
"Morris, Akeel",592570,2018,65,17.4,45.5,0.377
"Littell, Zack",641793,2018,101,17.4,47.1,0.365
"Edwards, Jon",457754,2018,37,33.8,51.1,0.33
"Kratz, Erik",456124,2018,12,0.0,28.9,0.297
"Cloyd, Tyler",543031,2018,87,17.2,46.7,0.359
"De La Rosa, Jorge",407822,2018,243,24.9,49.5,0.324
"Workman, Brandon",519443,2018,167,27.0,40.6,0.306
"Norris, Bud",502032,2018,245,27.5,49.3,0.285
"Morton, Charlie",450203,2018,695,28.5,44.8,0.284
"Hernández, Félix",433587,2018,684,19.8,45.0,0.352
"Kershaw, Clayton",477132,2018,649,23.0,51.6,0.282
"Hader, Josh",623352,2018,306,39.2,52.1,0.231
"Bradford, Chasen",607473,2018,231,22.1,53.3,0.351
"Johnson, Pierce",572955,2018,186,24.3,45.8,0.312
"Neal, Zach",594943,2018,5,0.0,66.7,0.352
"Pérez, Oliver",424144,2018,120,34.6,46.4,0.214
"Neshek, Pat",450212,2018,101,22.6,50.3,0.268
"Green, Chad",643338,2018,298,28.5,52.1,0.297
"Nicasio, Juan",504379,2018,183,23.5,51.6,0.275
"Doolittle, Sean",448281,2018,163,33.5,56.3,0.204
"Germán, Domingo",593334,2018,375,32.5,47.6,0.294
"Leclerc, José",600917,2018,223,40.9,46.4,0.209
"Montgomery, Jordan",656756,2018,116,23.3,47.5,0.294
"Maeda, Kenta",628317,2018,532,31.4,49.9,0.29
"Hicks, Jordan",663855,2018,339,24.6,41.8,0.293
"Hirano, Yoshihisa",673633,2018,262,28.1,48.2,0.312
"Martin, Chris",455119,2018,177,20.3,49.6,0.32
"Koch, Matt",571863,2018,360,16.4,47.5,0.406
"Sewald, Paul",623149,2018,253,21.4,48.2,0.302
"Chargois, JT",608638,2018,135,30.7,45.1,0.271
"Pérez, Martín",527048,2018,397,17.9,45.9,0.361
"Crick, Kyle",605195,2018,255,27.2,46.4,0.277
"Robles, Hansel",570663,2018,242,26.7,46.0,0.316
"López, Pablo",641154,2018,247,24.5,48.6,0.309
"Curtiss, John",595928,2018,30,25.5,44.0,0.356
"Eovaldi, Nathan",543135,2018,455,21.8,54.2,0.283
"Berríos, José",621244,2018,797,26.1,47.9,0.297
"Tomlin, Josh",458708,2018,321,19.0,49.3,0.386
"Faria, Jake",607188,2018,281,20.1,44.1,0.354
"Ramírez, Erasmo",541640,2018,202,19.5,49.0,0.389
"Spangenberg, Cory",605486,2018,12,6.7,37.5,0.39
"McCullers Jr., Lance",621121,2018,527,31.8,45.5,0.299
"Neverauskas, Dovydas",596720,2018,119,27.3,45.7,0.376
"Casilla, Santiago",433586,2018,131,23.9,40.3,0.325
"Solís, Sammy",519301,2018,177,28.4,49.4,0.332
"Hamels, Cole",430935,2018,805,27.0,47.8,0.332
"Gomber, Austin",596295,2018,334,21.8,45.9,0.358
"Hand, Brad",543272,2018,301,32.6,42.1,0.285
"deGrom, Jacob",594798,2018,835,31.4,52.5,0.243
"Garrett, Amir",607237,2018,264,32.0,46.2,0.295
"Guerra, Junior",448855,2018,610,24.7,47.3,0.313
"Brooks, Aaron",605156,2018,10,0.0,38.1,0.251
"Giles, Ken",571704,2018,212,31.3,54.1,0.302
"Slegers, Aaron",642083,2018,60,14.8,50.0,0.412
"Vasquez, Andrew",607755,2018,26,30.8,38.6,0.305
"Scahill, Rob",543746,2018,25,16.7,46.8,0.251
"Morrow, Brandon",453344,2018,122,28.9,49.0,0.312
"Gearrin, Cory",518715,2018,248,26.7,43.9,0.329
"Sampson, Adrian",592716,2018,96,15.5,53.4,0.381
"Cimber, Adam",643256,2018,284,20.5,53.6,0.247
"Bassitt, Chris",605135,2018,204,17.3,44.4,0.305
"Hunter, Tommy",488984,2018,270,21.3,53.4,0.307
"Warren, Adam",476589,2018,223,26.0,43.9,0.336
"Fulmer, Michael",605242,2018,558,23.2,50.2,0.333
"Hamilton, Ian",641656,2018,33,23.7,50.4,0.306
"Shipley, Braden",640463,2018,21,20.6,41.5,0.413
"Hill, Rich",448179,2018,547,24.7,47.1,0.304
"Thornburg, Tyler",592804,2018,107,20.9,45.6,0.353
"Pazos, James",572021,2018,212,20.4,53.1,0.293
"Cahill, Trevor",502239,2018,449,27.8,43.6,0.308
"Sheffield, Justus",656954,2018,14,5.3,33.3,0.437
"Chen, Wei-Yin",612672,2018,572,20.4,45.5,0.288
"Reyes, Alex",621052,2018,15,10.0,41.1,0.391
"Loáisiga, Jonathan",642528,2018,108,30.3,48.9,0.328
"Delgado, Randall",517414,2018,51,23.2,47.0,0.306
"Barnes, Jacob",606930,2018,217,30.3,48.3,0.307
"Familia, Jeurys",544727,2018,302,30.6,48.3,0.272
"Asher, Alec",594742,2018,13,21.1,51.4,0.29
"Pennington, Cliff",460060,2018,6,0.0,24.1,0.446
"Bieber, Shane",669456,2018,485,26.2,46.9,0.314
"Moore, Matt",519043,2018,471,21.9,48.6,0.363
"Jackson, Luke",592426,2018,184,25.1,46.8,0.304
"Harvey, Matt",518774,2018,663,20.6,49.0,0.318
"Smith, Burch",572143,2018,358,24.1,45.8,0.35
"Fry, Jace",605240,2018,214,34.3,44.4,0.272
"Wieck, Brad",623364,2018,24,30.0,43.0,0.224
"Sabathia, CC",282332,2018,665,24.8,47.9,0.288
"Danish, Tyler",641501,2018,31,25.0,41.2,0.4
"Jansen, Kenley",445276,2018,289,28.2,52.0,0.264
"Hauschild, Mike",623434,2018,36,24.6,40.7,0.45
"Stratton, Chris",608717,2018,625,20.8,45.9,0.357
"Yates, Kirby",489446,2018,250,34.5,53.2,0.252
"Harris, Will",501789,2018,230,31.9,45.2,0.286
"Rainey, Tanner",663432,2018,45,29.9,40.7,0.447
"Coleman, Louis",488786,2018,217,27.7,44.6,0.295
"Ramos, AJ",573109,2018,88,29.1,39.2,0.318
"Scott, Tanner",656945,2018,240,35.2,51.6,0.308
"McGrath, Kyle",657681,2018,18,27.6,43.9,0.522
"Cashner, Andrew",488768,2018,681,17.2,43.6,0.358
"Dyson, Sam",473879,2018,273,25.1,48.7,0.286
"Mella, Keury",622492,2018,48,23.8,39.6,0.457
"Moya, Gabriel",622382,2018,159,21.9,48.8,0.284
"Strop, Pedro",467008,2018,240,34.3,49.8,0.287
"Castillo, José",620454,2018,150,33.7,46.0,0.233
"Severino, Luis",622663,2018,780,26.8,49.7,0.298
"Peralta, Wandy",593974,2018,227,22.9,46.8,0.352
"Kittredge, Andrew",552640,2018,181,22.6,46.4,0.356
"Stephenson, Robert",596112,2018,63,25.2,44.9,0.387
"Rondón, Bruce",541652,2018,154,33.0,45.1,0.336
"Velasquez, Vince",592826,2018,630,26.8,46.9,0.296
"Fields, Josh",451661,2018,154,26.5,51.2,0.294
"Ramirez, Noé",598287,2018,354,27.9,44.2,0.314
"Vargas, Jason",450306,2018,404,26.3,44.2,0.331
"Hendricks, Kyle",543294,2018,812,22.1,44.7,0.299
"Scribner, Troy",644428,2018,21,18.4,38.8,0.421
"Cortes, Nestor",641482,2018,26,24.4,41.7,0.427
"Deetz, Dean",657209,2018,15,25.9,45.8,0.276
"McGowin, Kyle",641851,2018,34,32.7,37.7,0.347
"Chirinos, Yonny",630023,2018,370,24.0,50.8,0.328
"Davidson, Matt",571602,2018,11,25.0,54.5,0.287
"Morin, Mike",573046,2018,18,28.1,49.2,0.282
"Fiers, Mike",571666,2018,714,19.9,46.6,0.335
"Mahle, Tyler",641816,2018,506,24.1,47.7,0.337
"Gardewine, Nick",643320,2018,23,15.0,50.0,0.338
"Turner, Jacob",545363,2018,46,14.5,46.9,0.459
"Alcántara, Victor",622505,2018,119,20.9,52.3,0.294
"Newcomb, Sean",656794,2018,696,24.9,44.6,0.297
"Burr, Ryan",621114,2018,44,27.3,42.0,0.456
"Teheran, Julio",527054,2018,724,28.5,43.1,0.323
"Gaviglio, Sam",543208,2018,548,20.9,43.8,0.329
"Carle, Shane",641438,2018,258,26.3,50.5,0.316
"Kontos, George",502004,2018,116,23.7,47.8,0.353
"Johnson, Jim",462382,2018,268,17.7,45.0,0.307
"Reid-Foley, Sean",656887,2018,150,29.1,44.8,0.314
"Gagnon, Drew",543193,2018,56,19.2,47.1,0.385
"Frare, Caleb",621350,2018,31,36.5,48.8,0.276
"Bauer, Trevor",545333,2018,717,31.5,45.1,0.259
"Mills, Alec",621219,2018,71,27.6,43.5,0.242
"Oh, Seunghwan",493200,2018,274,31.6,50.9,0.26
"Hammel, Jason",434628,2018,582,20.6,49.1,0.365
"Lawrence, Casey",596271,2018,106,21.5,49.0,0.354
"Tropeano, Nick",607374,2018,316,27.2,44.4,0.344
"Elías, Roenis",606273,2018,210,20.6,47.4,0.294
"Allard, Kolby",663465,2018,47,13.5,46.0,0.52
"Black, Ray",605143,2018,95,37.0,46.4,0.265
"Hudson, Daniel",543339,2018,197,27.8,50.1,0.295
"Méndez, Yohander",622795,2018,121,21.8,44.7,0.296
"Sandoval, Pablo",467055,2018,3,20.0,45.5,0.139
"Hughes, Jared",453172,2018,298,25.2,50.8,0.268
"Dunn, Mike",445197,2018,83,25.2,42.2,0.383
"Sims, Lucas",608371,2018,77,28.1,43.3,0.346
"O'Day, Darren",503285,2018,82,26.3,51.5,0.244
"Barrett, Jake",545332,2018,30,21.7,48.4,0.303
"Bradley, Archie",605151,2018,296,20.6,48.5,0.286
"Belisle, Matt",279571,2018,162,23.8,53.8,0.356
"Shoemaker, Matt",533167,2018,130,28.6,46.9,0.355
"Kelly, Casey",543391,2018,104,22.7,52.3,0.314
"Ottavino, Adam",493603,2018,308,32.7,39.4,0.229
"Howard, Sam",607572,2018,20,17.0,54.7,0.316
"Walden, Marcus",519393,2018,59,27.3,46.5,0.307
"Ziegler, Brad",446899,2018,305,22.0,49.0,0.305
"Winkler, Dan",595465,2018,256,28.5,48.9,0.293
"Duffy, Danny",518633,2018,692,23.4,46.1,0.346
"Romine, Andrew",461865,2018,17,4.0,39.1,0.426
"Araújo, Pedro",606478,2018,130,33.9,43.6,0.338
"Jackson, Edwin",429719,2018,381,20.6,46.8,0.345
"Pruitt, Austin",643493,2018,291,20.4,51.2,0.31
"Brice, Austin",592169,2018,162,21.8,46.4,0.325
"Bautista, Gerson",639373,2018,25,21.1,42.2,0.515
"Gonsalves, Stephen",624427,2018,122,16.8,42.0,0.411
"Nova, Iván",467100,2018,683,19.9,48.9,0.332
"Socolovich, Miguel",462515,2018,25,23.5,51.5,0.286
"Díaz, Miguel",622766,2018,85,36.0,49.6,0.267
"Giolito, Lucas",608337,2018,775,21.4,43.4,0.348
"Domínguez, Seranthony",622554,2018,231,35.0,46.9,0.253
"Carrasco, Carlos",471911,2018,784,33.1,49.7,0.285
"Weber, Ryan",543901,2018,25,9.1,44.6,0.309
"Stripling, Ross",548389,2018,503,25.6,48.3,0.27
"Barnette, Tony",501817,2018,104,26.3,45.9,0.271
"Jones, Nate",518858,2018,137,30.7,48.7,0.343
"Brach, Brad",542960,2018,289,28.9,48.0,0.304
"Vincent, Nick",543883,2018,238,24.6,53.4,0.272
"Means, John",607644,2018,16,22.2,54.5,0.385
"Mathis, Jeff",425772,2018,4,0.0,35.0,0.67
"Law, Derek",571882,2018,66,30.4,39.8,0.289
"Lively, Ben",594902,2018,145,20.7,42.0,0.381
"Watson, Tony",453265,2018,261,27.1,52.0,0.271
"Ray, Robbie",592662,2018,526,32.0,43.0,0.309
"Mayers, Mike",594577,2018,226,23.7,46.5,0.313
"Blackburn, Paul",621112,2018,119,18.8,48.2,0.307
"Pagán, Emilio",641941,2018,262,29.6,52.4,0.29
"Betances, Dellin",476454,2018,272,37.5,43.0,0.237
"Yacabonis, Jimmy",642231,2018,177,24.8,43.7,0.337
"González, Miguel",456068,2018,66,15.6,49.6,0.433
"Snelten, D.J.",592769,2018,26,20.8,44.0,0.432
"Givens, Mychal",571710,2018,317,24.9,50.2,0.274
"Butler, Eddie",572750,2018,228,15.1,48.8,0.345
"Almonte, Yency",622075,2018,60,26.0,52.2,0.287
"Covey, Dylan",592229,2018,541,17.6,44.6,0.329
"Farmer, Buck",571656,2018,308,26.8,44.9,0.314
"Smith, Joe",501925,2018,180,22.2,50.5,0.294
"Sadler, Casey",594987,2018,25,17.1,47.7,0.327
"López, Reynaldo",625643,2018,799,21.3,47.4,0.335
"Barraclough, Kyle",607457,2018,245,29.7,40.2,0.295
"Cueto, Johnny",456501,2018,214,21.6,46.0,0.32
"Strickland, Hunter",519326,2018,201,25.3,47.2,0.337
"Blevins, Jerry",460283,2018,188,24.6,39.2,0.315
"Pivetta, Nick",601713,2018,694,27.5,48.1,0.292
"Smith, Will",519293,2018,210,31.9,49.8,0.22
"Shields, James",448306,2018,871,24.5,45.4,0.35
"Skoglund, Eric",607215,2018,293,16.9,47.2,0.355
"Mitchell, Bryan",571951,2018,337,15.1,43.7,0.369
"Heaney, Andrew",571760,2018,749,26.3,48.5,0.311
"Krol, Ian",571871,2018,8,25.0,51.6,0.255
"Peacock, Brad",502748,2018,272,31.4,44.1,0.283
"Eickhoff, Jerad",595191,2018,26,42.2,45.9,0.325
"Marshall, Evan",605359,2018,37,33.8,48.7,0.346
"Oaks, Trevor",656805,2018,65,25.4,47.8,0.409
"Boxberger, Brad",502202,2018,235,26.9,42.8,0.299
"Flexen, Chris",623167,2018,40,14.1,42.4,0.45
"Kennedy, Brett",664028,2018,128,20.1,46.5,0.365
"Bush, Matt",456713,2018,108,23.2,43.7,0.342
"Despaigne, Odrisamer",628333,2018,188,25.6,46.5,0.36
"Gimenez, Chris",460269,2018,15,16.7,50.0,0.57
"Montgomery, Mike",543557,2018,534,21.6,46.4,0.324
"García, Yimi",554340,2018,101,24.1,55.7,0.397
"Ruiz, José",614179,2018,21,33.3,50.6,0.293
"Middleton, Keynan",641871,2018,71,24.5,44.7,0.313
"Senzatela, Antonio",622608,2018,391,20.9,43.1,0.318
"Parsons, Wes",641149,2018,23,21.9,39.0,0.412
"Woodruff, Brandon",605540,2018,176,25.4,45.6,0.301
"Bleier, Richard",542947,2018,133,19.2,52.9,0.284
"Quintana, Jose",500779,2018,739,20.6,42.8,0.321
"Kennedy, Ian",453178,2018,518,19.2,47.1,0.342
"Straily, Dan",573185,2018,518,24.0,46.8,0.354
"Jiménez, Joe",641729,2018,266,30.5,48.3,0.278
"Musgrave, Harrison",643466,2018,185,24.3,44.2,0.323
"Drake, Oliver",543118,2018,209,28.7,47.4,0.302
"Hill, Tim",657612,2018,198,19.4,48.9,0.279
"Baumann, Buddy",571473,2018,27,22.0,42.7,0.471
"Turnbull, Spencer",605513,2018,69,21.2,46.6,0.312
"Magill, Matt",543483,2018,249,26.3,46.0,0.36
"Darvish, Yu",506433,2018,180,25.5,44.5,0.332
"Keller, Brad",641745,2018,583,21.2,45.9,0.301
"Stock, Robert",476594,2018,166,25.7,42.9,0.258
"Díaz, Edwin",621242,2018,280,39.7,52.0,0.214
"Freeland, Kyle",607536,2018,844,21.8,45.8,0.299
"Armstrong, Shawn",542888,2018,57,24.3,52.5,0.278
"Smoker, Josh",519294,2018,38,7.7,39.4,0.435
"Davies, Zach",605200,2018,280,20.6,43.6,0.327
"Adams, Chance",664856,2018,34,11.4,45.8,0.445
"Zamora, Daniel",623354,2018,36,33.3,47.5,0.224
"Cecil, Brett",446399,2018,157,20.1,46.4,0.377
"Rodriguez, Jefry",622446,2018,233,20.9,44.9,0.339
"García, Luis",472610,2018,204,33.1,46.3,0.311
"Anderson, Brett",474463,2018,333,17.2,47.7,0.321
"Bummer, Aaron",607481,2018,144,24.5,43.5,0.308
"Williams, Trevor",592866,2018,701,18.8,47.2,0.309
"Suárez, Andrew",605498,2018,665,18.3,46.0,0.334
"Hess, David",605276,2018,454,19.2,47.5,0.329
"Anderson, Tyler",542881,2018,736,25.4,49.1,0.296
"Reyes, Jesús",660875,2018,24,23.7,48.1,0.367
"Lorenzen, Michael",547179,2018,344,16.9,45.7,0.319
"Blach, Ty",621389,2018,512,18.2,43.9,0.33
"Crockett, Kyle",641490,2018,46,16.3,46.0,0.362
"Duensing, Brian",488846,2018,181,21.1,45.4,0.348
"Stumpf, Daniel",621385,2018,173,26.6,46.6,0.319
"Fried, Max",608331,2018,142,34.9,42.2,0.317
"Pomeranz, Drew",519141,2018,344,17.9,44.0,0.368
"Goody, Nick",580792,2018,58,28.2,52.0,0.426
"Banda, Anthony",607455,2018,56,20.0,52.6,0.307
"Dull, Ryan",623430,2018,101,24.1,48.8,0.31
"Suarez, Ranger",624133,2018,69,19.4,43.6,0.347
"Valdez, Framber",664285,2018,154,22.8,38.9,0.279
"Snell, Blake",605483,2018,700,34.7,45.4,0.274
"Gilmartin, Sean",543219,2018,113,19.3,41.1,0.359
"Gregerson, Luke",502381,2018,57,30.0,43.5,0.309
"Osich, Josh",592612,2018,61,27.1,52.0,0.388
"Tillman, Chris",501957,2018,137,12.7,42.5,0.434
"De Jong, Chase",608328,2018,74,20.5,45.5,0.315
"Toussaint, Touki",657053,2018,123,27.3,36.1,0.319
"Arano, Víctor",644364,2018,246,32.5,52.4,0.293
"Santana, Edgar",650828,2018,270,26.0,48.9,0.308
"Soroka, Michael",647336,2018,113,22.4,47.4,0.33
"Guerra, Javy",457915,2018,162,19.5,50.8,0.327
"Romero, Fernando",622864,2018,247,23.5,48.2,0.329
"Robertson, David",502085,2018,283,32.5,44.2,0.279
"Kelly, Joe",523260,2018,285,25.6,44.5,0.309
"Vieira, Thyago",600986,2018,85,24.6,44.4,0.407
"Gonzalez, Merandy",642571,2018,103,21.9,43.9,0.369
"Cordero, Jimmy",622772,2018,94,24.6,50.3,0.334
"Hardy, Blaine",543278,2018,351,20.1,45.5,0.289
"Springs, Jeffrey",605488,2018,141,27.0,44.8,0.326
"Syndergaard, Noah",592789,2018,644,28.2,50.9,0.267
"Manaea, Sean",640455,2018,654,20.2,51.2,0.329
"Gray, Sonny",543243,2018,582,25.1,43.0,0.322
"Ríos, Yacksel",605441,2018,165,25.5,48.7,0.308
"Stroman, Marcus",573186,2018,449,22.4,44.2,0.322
"Gonzales, Marco",594835,2018,686,21.1,48.4,0.311
"Reininger, Zac",643617,2018,100,20.4,41.0,0.382
"Pounders, Brooks",572044,2018,72,28.5,49.1,0.362
"Lamb, John",543424,2018,50,19.8,47.5,0.375
"Bowman, Matt",621199,2018,109,20.5,44.4,0.332
"Kahnle, Tommy",592454,2018,107,34.7,43.9,0.338
"Barria, Jaime",642545,2018,537,24.5,45.9,0.327
"Báez, Pedro",520980,2018,237,30.9,51.6,0.27
"Hildenberger, Trevor",657610,2018,319,28.0,48.8,0.312
"Graves, Brett",605255,2018,148,24.2,46.5,0.342
"Lyons, Tyler",544928,2018,83,24.2,45.1,0.362
"Bibens-Dirkx, Austin",502212,2018,203,22.2,48.6,0.347
"Whalen, Rob",547007,2018,14,14.3,44.7,0.381
"Beliveau, Jeff",542924,2018,26,11.8,43.2,0.494
"Finnegan, Brandon",605232,2018,103,16.1,45.5,0.374
"Venditte, Pat",519381,2018,57,24.1,48.2,0.255
"Farquhar, Danny",543144,2018,29,30.2,54.3,0.219
"Moronta, Reyes",606625,2018,262,34.8,42.3,0.253
"Hernández, Elieser",622694,2018,284,21.1,43.8,0.335
"Kolarek, Adam",592473,2018,141,20.6,50.0,0.272
"McGee, Jake",459429,2018,227,22.4,49.4,0.335
"Wendelken, J.B.",605525,2018,62,26.8,52.3,0.238
"Rodney, Fernando",407845,2018,285,27.0,43.4,0.311
"De Los Santos, Enyel",660853,2018,81,22.0,49.0,0.318
"McRae, Alex",656725,2018,32,17.0,39.6,0.363
"Adams, Austin",613534,2018,7,20.0,20.8,0.454
"Mazzoni, Cory",543508,2018,36,31.0,47.2,0.309
"Stewart, Kohl",640464,2018,159,17.9,41.9,0.325
"Albers, Matt",458006,2018,157,23.4,49.6,0.348
"Gallardo, Yovani",451596,2018,421,17.5,40.4,0.366
"Odorizzi, Jake",543606,2018,711,24.7,47.4,0.334
"Vázquez, Felipe",553878,2018,296,30.0,52.7,0.261
"Miller, Andrew",453192,2018,154,32.1,44.6,0.301
"Stephens, Jackson",623451,2018,183,24.5,48.7,0.356
"Williams, Austen",657117,2018,44,32.1,46.3,0.433
"Jeffress, Jeremy",502026,2018,299,31.0,47.5,0.26
"Hellickson, Jeremy",476451,2018,370,19.7,47.1,0.319
"Wright Jr., Mike",605541,2018,388,19.8,45.8,0.35
"Scherzer, Max",453286,2018,866,33.1,52.4,0.248
"Lewicki, Artie",592499,2018,170,18.9,49.3,0.377
"Fillmyer, Heath",641571,2018,344,22.0,44.4,0.327
"Brigham, Jeff",656257,2018,77,20.4,44.9,0.381
"Tanaka, Masahiro",547888,2018,635,29.4,50.4,0.305
"Peters, Dillon",596071,2018,129,17.8,42.3,0.363
"Quinn, Roman",596451,2018,14,14.3,33.3,0.467
"Ferguson, Caleb",657571,2018,202,26.1,48.0,0.289
"Smith, Murphy",573166,2018,16,11.5,55.3,0.401
"Williams, Taylor",592865,2018,236,32.0,46.2,0.304
"Pérez, Cionel",672335,2018,45,26.3,45.0,0.311
"Ramírez, Yefry",606162,2018,294,26.0,46.2,0.319
"Hart, Donnie",643354,2018,99,20.6,44.5,0.366
"Wilkerson, Aaron",658792,2018,43,21.0,48.8,0.341
"Okert, Steven",595345,2018,27,31.4,54.8,0.143
"Garver, Mitch",641598,2018,4,14.3,50.0,0.508
"Romano, Sal",607219,2018,644,18.8,47.3,0.338
"Cedeño, Xavier",458584,2018,140,31.1,43.5,0.284
"Sobotka, Chad",656977,2018,58,30.7,44.3,0.31
"Nola, Aaron",605400,2018,831,27.7,47.6,0.257
"Torres, Carlos",448614,2018,41,26.7,50.7,0.35
"Vasto, Jerry",657786,2018,21,17.0,49.0,0.33
"Lyles, Jordan",543475,2018,371,23.2,47.4,0.292
"Rodriguez, Eduardo",593958,2018,553,26.2,47.5,0.299
"Cingrani, Tony",571561,2018,95,31.2,47.6,0.218
"VerHagen, Drew",572403,2018,233,28.5,45.4,0.269
"Maurer, Brandon",543506,2018,160,26.2,41.8,0.368
"Webster, Allen",543903,2018,15,34.5,52.7,0.372
"Treinen, Blake",595014,2018,314,35.9,53.4,0.232
"Mejía, Adalberto",606167,2018,92,20.0,47.6,0.329
"Wisler, Matt",605538,2018,166,22.6,47.4,0.343
"Santana, Dennis",642701,2018,19,30.3,47.1,0.409
"Flynn, Brian",543169,2018,336,19.4,46.1,0.352
"Gómez, Roberto",596816,2018,49,19.0,47.5,0.287
"Lynn, Lance",458681,2018,700,23.5,46.6,0.31
"Makita, Kazuhisa",628318,2018,149,27.4,49.1,0.345
"Castillo, Diego",650895,2018,222,31.4,44.6,0.281
"Cumpton, Brandon",592238,2018,10,23.1,28.3,0.489
"Wingenter, Trey",622259,2018,81,36.0,50.9,0.317
"Motter, Taylor",600301,2018,6,10.0,43.5,0.602
"Rusin, Chris",543734,2018,241,21.0,48.0,0.308
"Hudson, Dakota",641712,2018,118,23.3,43.6,0.294
"Farrell, Luke",608652,2018,141,26.8,47.1,0.33
"Cole, A.J.",595918,2018,221,33.2,45.7,0.333
"Leiter Jr., Mark",643410,2018,123,22.9,45.7,0.375
"Kingham, Nick",592468,2018,342,24.7,47.8,0.339
"Roark, Tanner",543699,2018,760,20.4,45.8,0.318
"Hutchison, Drew",571800,2018,199,19.8,43.7,0.368
"Keuchel, Dallas",572971,2018,874,19.8,45.3,0.293
"Kintzler, Brandon",445213,2018,263,17.0,45.6,0.339
"Smith, Carson",605476,2018,64,29.6,41.1,0.29
"Webb, Tyler",643778,2018,90,22.9,48.0,0.347
"Rzepczynski, Marc",519240,2018,57,30.9,44.1,0.382
"Hernandez, David",456696,2018,254,24.5,50.2,0.279
"Pannone, Thomas",623381,2018,181,23.1,44.9,0.304
"Verlander, Justin",434378,2018,833,31.6,51.2,0.237
"Dixon, Brandon",641525,2018,4,33.3,42.9,0.15
"Sparkman, Glenn",642098,2018,176,22.0,48.1,0.312
"Sale, Chris",519242,2018,617,35.0,48.2,0.233
"Tuivailala, Sam",592815,2018,165,22.4,49.1,0.31
"Miller, Shelby",571946,2018,79,20.1,47.0,0.426
"Kluber, Corey",446372,2018,842,26.9,48.2,0.277
"Reed, Addison",592665,2018,242,24.1,49.6,0.34
"La Stella, Tommy",600303,2018,6,8.3,50.0,0.406
"Eflin, Zach",621107,2018,548,23.8,48.8,0.293
"Miller, Justin",502522,2018,215,26.6,53.4,0.285
"Fulmer, Carson",608334,2018,164,18.3,40.0,0.429
"Barnes, Danny",592130,2018,190,23.4,45.4,0.308
"Urías, Julio",628711,2018,13,39.4,56.9,0.141
"Anderson, Justin",605121,2018,240,37.0,38.8,0.281
"Buehler, Walker",621111,2018,541,25.5,49.1,0.261
"Price, David",456034,2018,722,22.9,47.5,0.313
"Cook, Ryan",475857,2018,76,22.0,48.1,0.323
"Ramírez, José",542432,2018,38,25.9,37.4,0.372
"Gott, Trevor",641627,2018,84,16.7,39.9,0.381
"Font, Wilmer",521655,2018,192,21.3,47.9,0.322
"Anderson, Drew",623454,2018,59,21.7,48.0,0.333
"Paredes, Edward",487675,2018,33,34.0,41.7,0.295
"Beeks, Jalen",656222,2018,223,26.0,48.1,0.326
"Guerrieri, Taylor",605260,2018,44,28.9,44.2,0.314
"Shaw, Bryan",543766,2018,257,27.0,47.1,0.352
"Petit, Yusmeiro",433589,2018,368,20.1,49.9,0.294
"Zagurski, Mike",489448,2018,10,25.0,50.0,0.402
"Miley, Wade",489119,2018,338,22.1,44.5,0.305
"Floro, Dylan",571670,2018,271,25.4,47.6,0.255
"Moylan, Peter",493247,2018,129,25.8,45.7,0.343
"Lester, Jon",452657,2018,761,20.3,44.3,0.342
"Coulombe, Danny",543056,2018,98,31.0,44.2,0.29
"Bundy, Dylan",605164,2018,750,26.8,50.3,0.323
"Thompson, Jake",622097,2018,76,20.9,45.1,0.327
"Krehbiel, Joey",607216,2018,12,10.0,40.8,0.286
"Strahm, Matt",621381,2018,245,27.7,48.2,0.286
"Johnson, DJ",597113,2018,27,32.1,50.5,0.262
"Bard, Luke",572703,2018,53,20.4,48.4,0.391
"McFarland, T.J.",519008,2018,292,20.0,44.5,0.297
"Holmes, Clay",605280,2018,129,21.7,36.9,0.349
"Collins, Tim",525768,2018,99,26.3,47.2,0.32
"Paulino, David",600944,2018,28,22.8,44.5,0.195
"Meisinger, Ryan",664682,2018,87,26.5,44.1,0.413
"Lauer, Eric",641778,2018,504,20.0,46.9,0.336
"Richard, Clayton",453385,2018,682,19.5,46.3,0.349
"Rodríguez, Dereck",605446,2018,487,22.0,45.7,0.297
"Alexander, Scott",518397,2018,268,27.7,45.6,0.283
"Holland, Derek",502706,2018,727,23.8,47.0,0.312
"McHugh, Collin",543521,2018,283,31.3,45.4,0.274
"Mariñez, Jhan",501697,2018,40,18.6,39.1,0.424
"Ogando, Alexi",468396,2018,8,15.4,41.9,0.489
"Alvarez, Jose",501625,2018,261,23.3,49.3,0.296
"Castillo, Luis",622491,2018,708,28.7,49.6,0.318
"Freeman, Sam",518693,2018,216,31.5,44.8,0.303
"Burnes, Corbin",669203,2018,152,32.3,49.4,0.302
"Triggs, Andrew",592811,2018,182,25.3,42.6,0.351
"McCarthy, Brandon",435221,2018,339,16.7,48.3,0.332
"Hall, Matt",664180,2018,48,14.9,43.7,0.34
"Iglesias, Raisel",628452,2018,291,33.8,48.8,0.312
"Medlen, Kris",450665,2018,25,23.3,42.6,0.345
"Grimm, Justin",518748,2018,83,19.7,41.4,0.365
"Festa, Matt",670036,2018,40,16.2,46.5,0.379
"Samardzija, Jeff",502188,2018,207,20.6,44.7,0.361
"Junis, Jakob",596001,2018,758,22.4,46.9,0.323
"Chacín, Jhoulys",468504,2018,796,21.3,43.4,0.319
"Cobb, Alex",502171,2018,661,17.8,45.7,0.337
"Wheeler, Zack",554430,2018,744,24.7,49.2,0.278
"Vizcaíno, Arodys",527055,2018,158,31.7,47.8,0.305
"Garcia, Greg",594824,2018,3,20.0,50.0,0.201
"Colomé, Alex",517008,2018,282,29.9,50.8,0.295
"Sanchez, Aaron",592717,2018,474,24.6,42.8,0.35
"Newberry, Jake",623470,2018,60,27.3,39.3,0.395
"Biddle, Jesse",592145,2018,266,25.6,44.8,0.312
"Holland, Greg",518813,2018,212,31.0,45.4,0.306
"Clippard, Tyler",461325,2018,285,31.8,50.2,0.28
"Chavez, Jesse",445926,2018,377,23.7,49.4,0.283
"May, Trevor",543507,2018,103,32.6,48.0,0.268
"Sherriff, Ryan",595411,2018,27,15.0,38.8,0.323
"Curtis, Zac",657205,2018,79,29.0,41.3,0.336
"Tazawa, Junichi",547749,2018,134,16.5,47.1,0.38
"Edwards Jr., Carl",605218,2018,222,33.8,46.6,0.281
"Sánchez, Aníbal",434671,2018,553,24.7,46.5,0.275
"Chafin, Andrew",605177,2018,211,32.4,45.7,0.295
"Ravin, Josh",502051,2018,14,30.4,43.4,0.256
"Pressly, Ryan",519151,2018,292,36.9,49.6,0.243
"Rodón, Carlos",607074,2018,510,21.3,45.6,0.313
"Stewart, Brock",592779,2018,90,23.3,48.5,0.386
"Peralta, Freddy",642547,2018,321,26.7,45.3,0.294
"Glasnow, Tyler",607192,2018,468,29.0,44.3,0.308
"Trivino III, Lou",642152,2018,299,29.8,50.7,0.291
"Parker, Blake",453284,2018,276,24.9,46.2,0.326
"Fedde, Erick",607200,2018,217,23.4,41.6,0.362
"Yarbrough, Ryan",642232,2018,628,20.7,48.2,0.317
"Ross, Joe",605452,2018,68,17.0,54.0,0.332
"Archer, Chris",502042,2018,638,28.6,48.5,0.317
"Cruz, Rhiner",462480,2018,15,24.0,44.6,0.31
"Pelham, CD",641962,2018,38,18.4,48.4,0.345
"Jewell, Jake",657228,2018,11,15.0,35.7,0.508
"Wacha, Michael",608379,2018,355,23.1,45.7,0.349
"Minter, A.J.",621345,2018,260,31.8,50.0,0.285
"Venters, Jonny",458924,2018,145,24.4,41.1,0.287
"Logan, Boone",457429,2018,58,34.6,46.4,0.369
"Zastryzny, Rob",642239,2018,26,24.5,44.1,0.349
"Bailey, Homer",456701,2018,494,19.5,50.9,0.362
"Wright, Steven",453214,2018,223,22.8,44.2,0.308
"Bashlor, Tyler",641341,2018,135,24.5,49.9,0.309
"Buttrey, Ty",621142,2018,70,29.7,48.3,0.322
"Swarzak, Anthony",461872,2018,116,22.4,43.8,0.34
"Minor, Mike",501985,2018,640,22.3,48.9,0.319
"Gausman, Kevin",592332,2018,776,24.7,49.3,0.333
"Shackelford, Kevin",594992,2018,41,17.5,49.4,0.34
"Whitley, Chase",595032,2018,6,25.0,40.0,0.451
"Graveman, Kendall",608665,2018,158,19.4,40.8,0.39
"Gray, Jon",592351,2018,742,29.2,45.9,0.306
"Martinez, Carlos",593372,2018,521,24.9,47.5,0.297
"Guerrero, Tyron",594027,2018,267,26.5,46.4,0.326
"Greinke, Zack",425844,2018,839,26.0,45.3,0.303
"Jepsen, Kevin",448178,2018,77,16.9,42.1,0.372
"Steckenrider, Drew",608716,2018,272,25.0,48.5,0.282
"García, Jarlín",606424,2018,278,19.0,44.3,0.379
"Bumgarner, Madison",518516,2018,551,21.6,46.8,0.321
"Mayza, Tim",641835,2018,151,30.2,50.1,0.261
"López, Jorge",605347,2018,234,20.7,44.2,0.342
"Holder, Jonathan",656547,2018,272,23.8,48.0,0.291
"Tseng, Jen-Ho",627500,2018,10,29.2,61.5,0.539
"Mann, Brandon",448167,2018,36,20.3,44.1,0.418
"Tarpley, Stephen",605501,2018,40,27.0,41.2,0.289
"Scott, Robby",582494,2018,41,28.6,38.2,0.351
"Phillips, Evan",623465,2018,59,21.1,43.4,0.387
"Barbato, Johnny",592127,2018,36,17.9,42.4,0.393
"McCarthy, Kevin",641838,2018,293,20.2,50.2,0.314
"Hughes, Phil",461833,2018,152,22.1,50.7,0.434
"Salas, Fernando",477569,2018,170,22.0,47.4,0.297
"Stammen, Craig",489334,2018,317,30.0,49.2,0.258
"Davis, Austin",656354,2018,152,27.7,45.9,0.281
"Quackenbush, Kevin",534812,2018,45,25.7,43.0,0.449
"Romero, Enny",544836,2018,61,22.9,50.5,0.398
"Burdi, Nick",595897,2018,10,35.7,40.0,0.482
"Plutko, Adam",592644,2018,326,19.0,51.1,0.335
"Milner, Hoby",571948,2018,38,17.2,42.7,0.358
"Conley, Adam",543045,2018,202,30.8,51.2,0.301
"Petricka, Jake",502593,2018,208,25.7,47.3,0.331
"Houser, Adrian",605288,2018,59,23.6,46.9,0.316
"Melancon, Mark",453343,2018,174,23.3,45.9,0.355
"Matz, Steven",571927,2018,654,23.3,43.5,0.301
"Anderson, Tanner",664196,2018,56,21.5,46.2,0.353
"Madson, Ryan",425492,2018,231,28.3,52.0,0.299
"Meyer, Ben",656738,2018,97,13.3,44.7,0.391
"Hembree, Heath",592390,2018,260,31.3,49.5,0.281
"Buchholz, Clay",453329,2018,393,21.5,48.6,0.303
"DeSclafani, Anthony",543101,2018,484,23.0,47.1,0.314
"Rosscup, Zac",573127,2018,47,42.4,49.5,0.311
"Caratini, Victor",605170,2018,8,9.1,55.0,0.374
"Bedrosian, Cam",592135,2018,270,22.2,40.0,0.335
"Ramírez, JC",500724,2018,33,22.8,44.5,0.436
"Andriese, Matt",542882,2018,340,25.6,51.6,0.329
"Minaya, Juan",573668,2018,209,26.8,46.3,0.275
"Barlow, Scott",605130,2018,65,23.9,49.4,0.331
"Wood, Alex",622072,2018,637,24.1,49.0,0.289
"Florimón, Pedro",465753,2018,8,0.0,37.5,0.442
"Smith, Caleb",592761,2018,326,28.0,48.2,0.321
"Barnes, Matt",598264,2018,265,36.1,41.7,0.27
"Sipp, Tony",448609,2018,151,31.8,46.1,0.26
"LeBlanc, Wade",453281,2018,662,21.9,46.2,0.317
"Almonte, Miguel",602083,2018,34,25.0,47.8,0.362
"Musgrove, Joe",605397,2018,486,23.7,53.7,0.283
"Bracho, Silvino",611093,2018,129,31.6,51.9,0.29
"Ohtani, Shohei",660271,2018,211,35.3,44.5,0.284
"Cole, Gerrit",543037,2018,799,30.9,49.6,0.271
"Hoffman, Jeff",656546,2018,44,18.3,45.3,0.343
"Reed, Cody",642003,2018,188,24.6,45.8,0.284
"Arrieta, Jake",453562,2018,722,19.5,46.1,0.311
"Grace, Matt",594840,2018,247,18.0,48.0,0.283
"Taylor, Ben",664701,2018,25,23.9,46.5,0.328
"O'Grady, Chris",622217,2018,32,25.0,43.8,0.459
"Osuna, Roberto",532077,2018,150,26.9,58.2,0.305
"Brebbia, John",605154,2018,209,29.6,46.2,0.265
"Borucki, Ryan",621366,2018,415,19.3,45.5,0.317
"Erlin, Robbie",572362,2018,439,20.7,49.4,0.297
"Ramos, Edubray",591693,2018,173,25.0,45.2,0.254
"Chatwood, Tyler",543022,2018,486,21.9,39.5,0.367
"Descalso, Daniel",518614,2018,15,18.5,62.8,0.38
"Corbin, Patrick",571578,2018,800,34.7,47.6,0.283
"Saupold, Warwick",599683,2018,158,14.3,43.9,0.395
"Otero, Dan",519096,2018,247,18.5,50.3,0.319
"Corcino, Daniel",542289,2018,18,19.2,38.8,0.302
"Gibson, Kyle",502043,2018,826,26.8,45.2,0.319
"Ryu, Hyun Jin",547943,2018,324,27.8,46.2,0.268
"Infante, Gregory",500872,2018,42,16.1,41.6,0.396
"Mikolas, Miles",571945,2018,808,20.2,52.5,0.285
"Chapman, Aroldis",547973,2018,212,37.3,44.9,0.241
"Axford, John",446099,2018,233,21.6,42.4,0.286
"Cessa, Luis",570666,2018,195,26.9,47.4,0.326
"Flaherty, Jack",656427,2018,615,31.5,46.5,0.279
"Montas, Frankie",593423,2018,283,19.6,48.7,0.346
"Ross, Tyson",475115,2018,634,21.8,42.9,0.323
"d'Arnaud, Chase",488818,2018,4,42.9,43.8,0.204
"Kimbrel, Craig",518886,2018,247,40.0,46.1,0.265
"Fernández, José Manuel",622774,2018,45,20.5,48.3,0.322
"Hatcher, Chris",501822,2018,167,20.5,41.4,0.331
"Nix, Jacob",656798,2018,190,15.1,44.5,0.419
"Richards, Trevor",670950,2018,547,25.8,45.7,0.318
"Peralta, Wily",503449,2018,149,24.3,43.7,0.334
"Jerez, Williams",605301,2018,71,27.8,43.8,0.41
"Rosario, Randy",600968,2018,200,21.7,47.2,0.339
"Colon, Bartolo",112526,2018,628,12.6,46.2,0.363
"Beck, Chris",571476,2018,148,24.4,45.7,0.356
"Fry, Paul",643316,2018,159,25.3,42.9,0.297
"Knebel, Corey",608349,2018,223,32.3,45.1,0.279
"Reyes, José",408314,2018,11,9.1,45.8,0.687
"Hale, David",571735,2018,62,23.1,51.8,0.333
"Richards, Garrett",572070,2018,323,28.4,43.2,0.307
"Porcello, Rick",519144,2018,808,20.5,47.1,0.311
"Peterson, Jace",607054,2018,8,18.8,53.3,0.649
"Strasburg, Stephen",544931,2018,544,27.9,46.8,0.306
"Arcia, Francisco",516472,2018,13,5.0,62.5,0.465
"Gohara, Luiz",627894,2018,82,28.5,45.4,0.314
"Oberg, Scott",623184,2018,228,27.8,53.1,0.291
"Roe, Chaz",475054,2018,203,26.4,43.5,0.291
"Sucre, Jesús",491696,2018,7,5.9,73.9,0.346
"Rumbelow, Nick",592705,2018,77,22.4,50.3,0.328
"Voth, Austin",608723,2018,55,22.0,42.1,0.298
"Duke, Zach",435043,2018,240,24.2,45.9,0.271
"Stanek, Ryne",592773,2018,263,34.4,49.8,0.276
"Gossett, Daniel",605254,2018,102,18.3,48.6,0.361
"Kinley, Tyler",641755,2018,57,29.7,48.1,0.359
"Kiekhefer, Dean",518883,2018,14,18.2,48.9,0.317
"Peña, Félix",570240,2018,389,25.8,45.4,0.299
"Devenski, Chris",606965,2018,196,31.3,48.6,0.281
"Bass, Anthony",542914,2018,62,20.8,41.4,0.312
"Schultz, Jaime",621289,2018,125,33.1,43.6,0.294
"Sherfy, James",642073,2018,69,24.8,40.9,0.271
"Claudio, Alex",592222,2018,299,24.4,50.3,0.319
"Greene, Shane",572888,2018,279,21.9,45.4,0.309
"Wahl, Bobby",592833,2018,29,30.8,46.4,0.378
"Hanhold, Eric",621098,2018,13,14.3,47.5,0.427
"Ramírez, Neil",519166,2018,180,31.2,52.3,0.323
"Alcantara, Sandy",645261,2018,146,27.0,43.7,0.31
"Biagini, Joe",607352,2018,328,20.6,46.4,0.359
"Adam, Jason",592094,2018,142,26.4,49.0,0.35
"Poyner, Bobby",596074,2018,93,25.2,55.1,0.292
"García, Jaime",448802,2018,369,22.2,43.3,0.338
"Maples, Dillon",596027,2018,29,20.5,31.0,0.389
"Haley, Justin",595234,2018,35,9.7,48.1,0.342
"Busenitz, Alan",641427,2018,126,26.9,44.6,0.394
"Bergman, Christian",548357,2018,57,15.1,46.5,0.442
"Suter, Brent",608718,2018,424,23.0,48.1,0.318
"Peterson, Tim",623402,2018,118,23.4,52.8,0.309
"Carroll, Cody",606944,2018,84,19.9,44.6,0.417
"Hendriks, Liam",521230,2018,104,25.8,46.7,0.298
"Britton, Zack",502154,2018,170,32.1,40.9,0.309
"Gallegos, Giovanny",606149,2018,45,17.9,52.2,0.303
"McCreery, Adam",607030,2018,7,30.8,43.3,0.319
"Nuño, Vidal",573064,2018,134,23.8,51.2,0.249
"Detwiler, Ross",446321,2018,23,15.0,52.6,0.373
"Lucchesi, Joey",664192,2018,548,25.8,44.2,0.322
"Norwood, James",656803,2018,54,17.8,47.1,0.297
"Santos, Luis",608601,2018,91,33.7,46.4,0.344
"Liriano, Francisco",434538,2018,586,25.4,42.1,0.355
"Sadzeck, Connor",592712,2018,45,27.7,39.2,0.328
"Brasier, Ryan",518489,2018,124,31.0,55.8,0.25
"Clevinger, Mike",605182,2018,809,27.8,46.4,0.283
"Boyd, Matthew",571510,2018,709,23.6,46.5,0.287
"Rodríguez, Richard",593144,2018,279,30.7,49.8,0.253
"Norris, Daniel",596057,2018,200,24.3,46.9,0.36
"Paredes, Eduardo",622161,2018,86,18.2,45.7,0.401
"Bettis, Chad",518452,2018,518,21.3,43.7,0.342
"Wittgren, Nick",621295,2018,148,22.4,47.6,0.295
"Boyer, Blaine",430641,2018,109,14.2,47.0,0.407
"Santiago, Héctor",502327,2018,460,21.0,44.8,0.328
"Feliz, Michael",593140,2018,217,24.2,45.6,0.345
"Hoover, J.J.",543331,2018,10,13.3,36.6,0.502
"Skoglund, Eric",607215,2019,101,12.0,48.4,0.45
"Moronta, Reyes",606625,2019,245,29.4,43.3,0.299
"Báez, Pedro",520980,2019,276,31.8,51.7,0.248
"Covey, Dylan",592229,2019,279,17.9,45.4,0.399
"Puk, A.J.",640462,2019,47,30.9,46.5,0.226
"Hultzen, Danny",543343,2019,18,29.4,46.6,0.352
"Beede, Tyler",595881,2019,523,26.3,46.2,0.343
"Lynn, Lance",458681,2019,875,28.5,49.0,0.285
"Ramírez, Neil",519166,2019,112,29.8,48.8,0.358
"Hernández, Félix",433587,2019,325,21.6,43.3,0.367
"Gordon, Alex",460086,2019,17,7.1,45.2,0.422
"Canning, Griffin",656288,2019,384,32.3,45.3,0.302
"Garrett, Amir",607237,2019,246,38.9,44.2,0.288
"Mantiply, Joe",573009,2019,14,14.3,53.8,0.342
"Scott, Tayler",605463,2019,93,21.7,44.4,0.396
"Vincent, Nick",543883,2019,194,23.9,50.7,0.327
"Kennedy, Ian",453178,2019,266,24.2,48.3,0.275
"Cole, A.J.",595918,2019,118,30.2,52.4,0.277
"Bergen, Travis",664157,2019,85,17.2,41.9,0.393
"Hess, David",605276,2019,365,19.3,49.2,0.401
"Quantrill, Cal",615698,2019,443,22.4,48.8,0.321
"Bradford, Chasen",607473,2019,69,23.0,50.8,0.34
"Holder, Jonathan",656547,2019,181,25.6,49.6,0.29
"Cole, Gerrit",543037,2019,817,37.2,49.9,0.237
"Mazza, Chris",607391,2019,74,17.6,47.7,0.388
"Corbin, Patrick",571578,2019,835,31.7,47.4,0.303
"Alcala, Jorge",660896,2019,7,35.7,48.3,0.307
"McFarland, T.J.",519008,2019,250,22.1,49.5,0.351
"Kingham, Nick",592468,2019,259,19.8,47.8,0.353
"Pomeranz, Drew",519141,2019,455,26.8,45.8,0.315
"Shaw, Bryan",543766,2019,312,25.7,46.2,0.337
"Dunn, Mike",445197,2019,75,25.7,46.4,0.3
"Wotherspoon, Matt",642226,2019,26,22.9,46.6,0.538
"Burdi, Nick",595897,2019,39,36.5,52.8,0.25
"Suarez, Ranger",624133,2019,205,22.6,45.9,0.304
"Lorenzen, Michael",547179,2019,343,31.1,48.8,0.273
"Slegers, Aaron",642083,2019,12,8.0,59.5,0.423
"Altherr, Aaron",571437,2019,5,40.0,52.6,0.303
"Adam, Jason",592094,2019,91,28.1,44.8,0.27
"Jackson, Edwin",429719,2019,336,23.7,46.2,0.408
"Neshek, Pat",450212,2019,78,20.9,49.5,0.353
"Rodríguez, Dereck",605446,2019,439,21.0,45.7,0.349
"García, Luis",472610,2019,278,29.6,45.2,0.339
"Valdez, Framber",664285,2019,329,26.2,43.6,0.321
"Junis, Jakob",596001,2019,771,22.6,45.3,0.345
"Teheran, Julio",527054,2019,754,22.2,45.3,0.327
"Warren, Art",605521,2019,21,27.0,48.1,0.305
"Odorizzi, Jake",543606,2019,658,27.7,49.2,0.299
"Minaya, Juan",573668,2019,126,22.3,48.7,0.308
"James, Josh",657624,2019,266,36.8,45.4,0.266
"Mills, Alec",621219,2019,152,28.1,47.6,0.339
"Reyes, Gerardo",622103,2019,117,35.0,51.7,0.261
"Kline, Branden",571858,2019,183,24.3,44.8,0.382
"Floro, Dylan",571670,2019,201,25.8,51.6,0.297
"Liriano, Francisco",434538,2019,302,30.4,47.8,0.305
"Avilán, Luis",501593,2019,141,27.8,42.0,0.347
"Jiménez, Joe",641729,2019,257,31.4,50.1,0.298
"Warren, Adam",476589,2019,124,26.3,39.1,0.362
"McKay, Brendan",656713,2019,216,23.7,49.0,0.322
"Musgrove, Joe",605397,2019,718,24.6,51.9,0.308
"Mayers, Mike",594577,2019,89,28.5,42.3,0.388
"Underwood Jr., Duane",621249,2019,51,26.5,48.3,0.304
"Dobnak, Randy",677976,2019,118,27.7,52.5,0.293
"Armenteros, Rogelio",660494,2019,75,25.2,46.5,0.275
"Osich, Josh",592612,2019,272,27.7,48.6,0.317
"Bradley, Archie",605151,2019,317,23.8,45.4,0.317
"Walker, Jeremy",668683,2019,38,20.5,44.5,0.295
"Robertson, David",502085,2019,33,28.8,38.2,0.378
"Skaggs, Tyler",572140,2019,335,21.5,46.3,0.322
"Miller, Andrew",453192,2019,236,30.7,43.9,0.309
"Melancon, Mark",453343,2019,284,25.7,45.1,0.276
"Greinke, Zack",425844,2019,810,24.1,46.7,0.281
"Pagán, Emilio",641941,2019,267,35.1,54.9,0.223
"López, Jorge",605347,2019,548,21.6,44.8,0.361
"Duffy, Danny",518633,2019,555,24.1,47.6,0.341
"Sampson, Adrian",592716,2019,563,21.4,49.5,0.372
"Fulmer, Carson",608334,2019,133,24.0,48.0,0.337
"Shafer, Justin",596101,2019,182,26.4,48.1,0.319
"Allard, Kolby",663465,2019,208,19.1,45.6,0.329
"Iglesias, Raisel",628452,2019,279,33.9,49.2,0.284
"Báez, Sandy",622783,2019,5,16.7,60.0,0.194
"Jewell, Jake",657228,2019,114,28.5,48.5,0.352
"Gonsolin, Tony",664062,2019,163,26.7,47.0,0.296
"Oswalt, Corey",621261,2019,34,15.5,41.7,0.376
"Buchter, Ryan",488748,2019,198,26.1,46.9,0.341
"De León, José",592254,2019,21,45.0,50.0,0.281
"Miller, Justin",502522,2019,65,22.6,45.1,0.345
"Mahle, Tyler",641816,2019,556,23.3,46.2,0.31
"Martin, Brett",656685,2019,280,27.6,51.8,0.322
"Moran, Brian",572383,2019,29,29.6,48.2,0.307
"Grotz, Zac",665093,2019,73,20.3,42.8,0.286
"Wheeler, Zack",554430,2019,828,23.0,50.9,0.297
"Shawaryn, Mike",642067,2019,103,35.4,46.0,0.386
"Ferguson, Caleb",657571,2019,204,23.4,48.7,0.333
"Gray, Jon",592351,2019,637,26.5,47.6,0.327
"Fried, Max",608331,2019,702,26.0,47.4,0.297
"Moore, Andrew",621058,2019,20,12.5,41.0,0.342
"Loup, Aaron",571901,2019,14,32.0,47.2,0.215
"Moore, Dylan",664238,2019,10,0.0,45.7,0.49
"Lail, Brady",621078,2019,10,26.1,50.0,0.371
"Walden, Marcus",519393,2019,327,29.6,48.8,0.301
"Agrazal, Dario",642607,2019,321,15.9,45.9,0.346
"Curtiss, John",595928,2019,12,26.3,39.6,0.395
"Milone, Tommy",543548,2019,453,22.8,47.1,0.324
"Bashlor, Tyler",641341,2019,103,25.1,44.2,0.343
"Carle, Shane",641438,2019,49,20.7,46.5,0.474
"Steckenrider, Drew",608716,2019,58,20.8,44.7,0.368
"Guduan, Reymin",594056,2019,27,35.6,40.2,0.517
"Cahill, Trevor",502239,2019,455,23.6,45.2,0.34
"Thorpe, Lewis",626929,2019,124,27.4,48.2,0.326
"Despaigne, Odrisamer",628333,2019,68,13.5,43.5,0.434
"Garcia, Bryan",650530,2019,33,29.2,50.4,0.307
"Zimmermann, Jordan",519455,2019,504,20.3,46.8,0.363
"Strop, Pedro",467008,2019,178,29.4,48.4,0.309
"Bowman, Matt",621199,2019,137,19.6,44.6,0.263
"Jones, Nate",518858,2019,47,25.9,39.3,0.298
"Carpenter, Ryan",543001,2019,197,16.3,50.0,0.381
"Dugger, Robert",667498,2019,156,22.1,46.3,0.355
"Quinn, Roman",596451,2019,19,4.3,35.9,0.471
"Mikolas, Miles",571945,2019,764,21.7,49.3,0.33
"Hudson, Dakota",641712,2019,757,23.7,44.2,0.337
"Miller, Shelby",571946,2019,220,18.7,44.7,0.384
"Stumpf, Daniel",621385,2019,135,24.9,44.6,0.342
"Stammen, Craig",489334,2019,339,21.8,45.4,0.284
"Detwiler, Ross",446321,2019,315,16.2,46.8,0.379
"Suarez, José",660761,2019,375,25.3,46.0,0.354
"Sparkman, Glenn",642098,2019,606,17.1,47.9,0.362
"Plutko, Adam",592644,2019,462,18.8,49.4,0.328
"Zeuch, T.J.",643615,2019,99,22.9,44.3,0.379
"Karns, Nate",501992,2019,25,25.0,44.0,0.325
"Montgomery, Mike",543557,2019,402,21.9,45.2,0.382
"Graterol, Brusdar",660813,2019,40,18.7,52.1,0.266
"García, Edgar",658305,2019,172,32.1,43.2,0.357
"Bundy, Dylan",605164,2019,700,28.1,49.0,0.309
"White, Tyler",643603,2019,22,11.1,30.7,0.457
"Fernández, Junior",658551,2019,54,43.4,45.4,0.335
"Altavilla, Dan",656186,2019,64,25.7,50.3,0.253
"Núñez, Eduardo",456488,2019,4,16.7,42.9,0.436
"McClain, Reggie",596035,2019,95,15.5,43.8,0.364
"Weber, Ryan",543901,2019,181,14.6,44.8,0.309
"Boxberger, Brad",502202,2019,122,29.0,45.4,0.318
"Newberry, Jake",623470,2019,137,27.5,45.8,0.356
"Kinsler, Ian",435079,2019,6,0.0,37.0,0.654
"Pruitt, Austin",643493,2019,193,24.8,48.8,0.304
"Schreiber, John",670167,2019,59,28.6,44.6,0.297
"Guerrieri, Taylor",605260,2019,123,19.1,40.5,0.327
"Maton, Phil",664208,2019,163,25.0,50.7,0.324
"Jeffress, Jeremy",502026,2019,225,20.8,48.7,0.331
"Edwards Jr., Carl",605218,2019,78,23.3,47.1,0.362
"Parsons, Wes",641149,2019,157,21.7,44.1,0.4
"Owings, Chris",572008,2019,12,4.3,52.3,0.62
"Duke, Zach",435043,2019,106,23.8,40.2,0.359
"Buehler, Walker",621111,2019,737,26.8,50.3,0.277
"Hendriks, Liam",521230,2019,332,36.0,51.5,0.226
"Schlitter, Brian",489295,2019,41,18.1,48.0,0.258
"Shreve, Chasen",592741,2019,10,10.5,45.2,0.405
"Sims, Lucas",608371,2019,177,34.0,47.0,0.27
"Anderson, Brett",474463,2019,743,17.0,47.5,0.347
"Gibaut, Ian",664139,2019,64,25.4,45.4,0.346
"Peraza, José",606299,2019,4,0.0,53.3,0.308
"Tepera, Ryan",572193,2019,91,26.1,51.8,0.352
"Eovaldi, Nathan",543135,2019,302,26.3,44.0,0.336
"Snell, Blake",605483,2019,441,38.4,48.9,0.265
"Muñoz, Andrés",662253,2019,97,31.7,50.0,0.295
"Ponce de Leon, Daniel",594965,2019,203,26.8,49.4,0.292
"Weaver, Luke",596133,2019,260,26.0,47.1,0.309
"Montero, Rafael",606160,2019,113,29.8,46.8,0.311
"Gsellman, Robert",607229,2019,278,26.3,47.5,0.29
"Nola, Aaron",605400,2019,852,26.7,44.6,0.31
"Ray, Robbie",592662,2019,747,32.7,45.4,0.322
"Rhame, Jacob",642008,2019,30,19.2,43.0,0.389
"Musgrave, Harrison",643466,2019,47,20.9,44.4,0.317
"Selman, Sam",572125,2019,44,31.1,39.6,0.327
"De Los Santos, Enyel",660853,2019,46,25.3,49.4,0.406
"Roe, Chaz",475054,2019,229,27.7,37.8,0.305
"Sneed, Cy",605482,2019,93,22.0,52.9,0.32
"Sewald, Paul",623149,2019,80,21.0,47.6,0.291
"Zimmer, Kyle",622092,2019,102,27.0,46.0,0.39
"Sabathia, CC",282332,2019,468,25.1,47.5,0.315
"Jackson, Luke",592426,2019,315,36.7,48.9,0.263
"Stewart, Kohl",640464,2019,109,19.9,45.8,0.383
"Bednar, David",670280,2019,48,32.6,46.9,0.314
"Samardzija, Jeff",502188,2019,740,20.2,48.3,0.325
"Venters, Jonny",458924,2019,49,26.8,36.0,0.414
"Rogers, Josh",642028,2019,69,13.4,45.2,0.454
"Rodney, Fernando",407845,2019,210,26.5,44.9,0.313
"Wilson, Bryse",669060,2019,93,20.2,47.2,0.368
"Gagnon, Drew",543193,2019,117,23.8,50.7,0.38
"Mella, Keury",622492,2019,18,34.4,50.8,0.406
"Smith, Caleb",592761,2019,646,27.8,49.7,0.322
"Gibson, Kyle",502043,2019,706,29.3,46.6,0.333
"Smith, Josh D.",605479,2019,64,21.2,39.6,0.296
"Barnes, Matt",598264,2019,285,36.0,44.3,0.27
"Biddle, Jesse",592145,2019,152,21.8,38.7,0.428
"Wilson, Justin",458677,2019,166,25.4,49.4,0.276
"Arano, Víctor",644364,2019,16,51.4,54.4,0.304
"Albers, Matt",458006,2019,258,24.0,41.9,0.306
"Webster, Allen",543903,2019,52,33.7,52.0,0.362
"Venditte, Pat",519381,2019,19,17.9,44.4,0.394
"Desmond, Ian",435622,2019,4,12.5,53.3,0.287
"Wilkerson, Stevie",592859,2019,22,17.6,54.8,0.271
"Romo, Sergio",489265,2019,249,30.2,48.8,0.27
"Harvey, Matt",518774,2019,266,21.6,44.9,0.392
"Feierabend, Ryan",456387,2019,29,23.3,57.7,0.349
"Thornton, Trent",663423,2019,676,24.4,44.4,0.327
"Burnes, Corbin",669203,2019,235,36.5,49.7,0.361
"Yates, Kirby",489446,2019,243,34.5,49.7,0.226
"Romero, Fernando",622864,2019,72,29.5,43.9,0.355
"Greene, Shane",572888,2019,252,26.5,46.0,0.302
"Alexander, Tyler",641302,2019,235,18.2,52.6,0.324
"Martin, Corbin",656686,2019,92,23.8,39.5,0.354
"Bleier, Richard",542947,2019,235,17.2,52.0,0.285
"Hembree, Heath",592390,2019,173,27.3,48.5,0.315
"Dyson, Sam",473879,2019,249,18.5,49.8,0.283
"Bumgarner, Madison",518516,2019,844,24.6,50.7,0.32
"Arrieta, Jake",453562,2019,594,18.3,44.0,0.336
"Ramírez, Yefry",606162,2019,119,27.9,43.3,0.332
"Hamels, Cole",430935,2019,617,27.4,47.3,0.322
"Oberg, Scott",623184,2019,223,28.2,47.3,0.293
"Avila, Pedro",658648,2019,23,21.6,43.5,0.245
"Ramos, Edubray",591693,2019,69,22.0,46.3,0.343
"Kelly, Joe",523260,2019,226,26.4,41.9,0.28
"deGrom, Jacob",594798,2019,804,31.4,53.4,0.25
"Morton, Charlie",450203,2019,790,29.6,47.4,0.274
"Rodríguez, José",642578,2019,84,22.1,49.5,0.372
"Gregerson, Luke",502381,2019,27,10.0,48.1,0.301
"Alcantara, Sandy",645261,2019,838,23.8,49.6,0.321
"Chavez, Jesse",445926,2019,337,18.5,43.1,0.339
"Peralta, Wandy",593974,2019,172,33.0,48.4,0.354
"Harris, Will",501789,2019,229,29.5,42.4,0.27
"Brebbia, John",605154,2019,304,29.0,50.8,0.274
"Carasiti, Matt",571539,2019,43,32.1,42.2,0.304
"Howard, Sam",607572,2019,91,32.6,48.8,0.33
"Hughes, Jared",453172,2019,289,22.7,47.5,0.314
"Goody, Nick",580792,2019,172,31.8,51.5,0.252
"Bauer, Trevor",545333,2019,911,29.4,45.3,0.31
"Speier, Gabe",642100,2019,33,24.6,45.1,0.364
"Nicasio, Juan",504379,2019,217,20.9,49.4,0.347
"Darvish, Yu",506433,2019,731,30.4,48.3,0.297
"Guerrero, Tyron",594027,2019,216,28.1,50.2,0.363
"Baez, Michel",673258,2019,131,24.0,48.8,0.299
"Barlow, Scott",605130,2019,310,33.8,46.2,0.297
"Norwood, James",656803,2019,44,27.2,44.7,0.336
"Holmes, Clay",605280,2019,240,27.3,37.6,0.336
"Colomé, Alex",517008,2019,249,29.0,49.8,0.326
"Ellis, Chris",595939,2019,5,0.0,35.3,0.403
"Suero, Wander",593833,2019,296,29.5,49.9,0.317
"Herget, Jimmy",623474,2019,26,16.7,44.2,0.459
"Bettis, Chad",518452,2019,287,20.7,46.8,0.323
"Pérez, Oliver",424144,2019,173,28.0,49.8,0.272
"Stroman, Marcus",573186,2019,774,24.7,45.1,0.292
"Means, John",607644,2019,637,22.1,48.0,0.302
"Kershaw, Clayton",477132,2019,706,27.7,51.3,0.29
"Escobar, Luis",650813,2019,29,20.8,46.2,0.448
"Garcia, Rico",670329,2019,30,16.2,37.4,0.466
"Guerra, Javy",642770,2019,36,17.2,47.8,0.353
"Verlander, Justin",434378,2019,847,33.6,51.9,0.253
"Watson, Tony",453265,2019,231,25.9,52.6,0.324
"Guilbeau, Taylor",607555,2019,51,19.0,43.6,0.321
"Dayton, Grant",594795,2019,51,26.2,50.5,0.285
"Hoffman, Jeff",656546,2019,315,21.7,46.6,0.386
"Milner, Hoby",571948,2019,17,14.3,40.0,0.295
"Rosenthal, Trevor",572096,2019,85,29.3,37.0,0.407
"Kela, Keone",605309,2019,119,27.0,44.0,0.28
"Green, Chad",643338,2019,296,29.6,50.8,0.311
"Grace, Matt",594840,2019,206,19.4,46.9,0.383
"Kinley, Tyler",641755,2019,221,29.9,47.1,0.323
"Hildenberger, Trevor",657610,2019,88,23.5,46.9,0.384
"Caratini, Victor",605170,2019,9,7.7,43.3,0.395
"Smith, Burch",572143,2019,106,24.2,50.6,0.338
"Tuivailala, Sam",592815,2019,95,27.4,43.1,0.287
"Ureña, José",570632,2019,369,21.2,49.1,0.34
"Strahm, Matt",621381,2019,487,23.3,50.8,0.324
"Rosscup, Zac",573127,2019,94,42.4,41.0,0.313
"Houser, Adrian",605288,2019,462,24.4,44.7,0.28
"Suárez, Andrew",605498,2019,148,17.2,48.3,0.363
"Peralta, Freddy",642547,2019,382,29.3,49.3,0.306
"Pounders, Brooks",572044,2019,34,23.8,46.7,0.357
"Holland, Derek",502706,2019,376,26.9,45.5,0.358
"Gómez, Jeanmar",491646,2019,73,13.8,43.0,0.353
"Rosario, Randy",600968,2019,63,21.6,49.6,0.316
"Brach, Brad",542960,2019,242,27.1,48.0,0.316
"Adams, Austin",542866,2019,80,26.3,43.1,0.387
"Sipp, Tony",448609,2019,92,26.3,49.3,0.34
"Cease, Dylan",656302,2019,326,26.1,44.4,0.323
"Chirinos, Yonny",630023,2019,530,22.4,49.6,0.318
"Gallen, Zac",668678,2019,334,29.3,46.3,0.29
"Cordero, Jimmy",622772,2019,146,29.3,51.7,0.284
"Descalso, Daniel",518614,2019,5,0.0,64.3,0.548
"Yamamoto, Jordan",657141,2019,325,23.1,45.0,0.309
"Magill, Matt",543483,2019,229,32.2,48.4,0.323
"Flynn, Brian",543169,2019,139,19.7,43.5,0.379
"Zobrist, Ben",450314,2019,5,14.3,36.8,0.338
"Parker, Blake",453284,2019,255,27.2,43.9,0.351
"Ginkel, Kevin",656464,2019,96,32.3,47.7,0.267
"Hartlieb, Geoff",664129,2019,171,23.5,50.2,0.369
"Cishek, Steve",518553,2019,267,22.7,43.6,0.315
"Diehl, Phillip",670426,2019,35,37.9,47.8,0.394
"Yarbrough, Ryan",642232,2019,563,22.4,49.6,0.291
"Armstrong, Shawn",542888,2019,271,26.8,49.0,0.344
"Rondón, Héctor",444468,2019,257,22.6,47.7,0.304
"Leone, Dominic",608678,2019,180,30.4,49.1,0.368
"Alaniz, R.J.",595798,2019,71,22.3,46.0,0.346
"Matz, Steven",571927,2019,691,22.9,46.6,0.325
"Soria, Joakim",465657,2019,278,28.8,48.2,0.284
"Kahnle, Tommy",592454,2019,248,36.2,51.5,0.268
"Velázquez, Hector",584171,2019,247,23.7,45.7,0.341
"Richard, Clayton",453385,2019,201,14.7,46.8,0.379
"Clase, Emmanuel",661403,2019,94,25.3,48.1,0.283
"Dixon, Brandon",641525,2019,9,0.0,39.3,0.463
"Hirano, Yoshihisa",673633,2019,233,31.7,48.3,0.294
"Castillo, Diego",650895,2019,290,32.5,45.6,0.265
"France, Ty",664034,2019,8,8.3,42.9,0.482
"Stock, Robert",476594,2019,56,32.1,36.7,0.345
"Suter, Brent",608718,2019,65,26.8,54.5,0.222
"Phelps, David",475479,2019,147,20.2,41.7,0.317
"Buttrey, Ty",621142,2019,309,27.1,46.6,0.309
"Vázquez, Felipe",553878,2019,236,29.0,50.3,0.263
"Godley, Zack",643327,2019,407,24.3,46.2,0.36
"Lester, Jon",452657,2019,764,21.1,45.7,0.336
"Law, Derek",571882,2019,285,30.2,42.1,0.326
"Barrett, Aaron",502578,2019,16,14.3,30.9,0.346
"Yardley, Eric",642233,2019,52,22.7,48.6,0.273
"Richards, Garrett",572070,2019,41,30.0,38.2,0.386
"Adams, Austin",613534,2019,130,40.2,44.2,0.269
"Velasquez, Vince",592826,2019,516,26.0,49.5,0.335
"Petit, Yusmeiro",433589,2019,308,25.3,49.6,0.269
"González, Chi Chi",592346,2019,278,20.4,43.7,0.355
"Wingenter, Trey",622259,2019,218,36.3,45.9,0.299
"Scherzer, Max",453286,2019,693,33.9,52.5,0.253
"Gant, John",607231,2019,269,27.4,47.2,0.295
"Keller, Kyle",664918,2019,46,29.5,45.6,0.378
"Mathis, Jeff",425772,2019,9,22.2,66.7,0.388
"Ynoa, Huascar",660623,2019,16,24.1,43.9,0.392
"Rodríguez, Sean",446481,2019,4,33.3,54.5,0.168
"Castro, Miguel",612434,2019,319,27.7,44.2,0.296
"Stephenson, Robert",596112,2019,262,39.4,50.1,0.258
"Anderson, Cody",594736,2019,46,25.8,46.1,0.401
"Hernández, Jonathan",642546,2019,78,33.1,39.2,0.336
"Rodón, Carlos",607074,2019,158,28.4,46.0,0.296
"Kelley, Shawn",518875,2019,205,23.7,52.7,0.363
"Maile, Luke",571912,2019,8,27.3,33.3,0.143
"Burke, Brock",656271,2019,120,13.1,45.0,0.35
"Clevinger, Mike",605182,2019,499,35.3,45.7,0.268
"Keller, Mitch",656605,2019,227,24.9,51.7,0.294
"Peralta, Wily",503449,2019,176,22.1,44.4,0.373
"Schultz, Jaime",621289,2019,22,23.4,49.0,0.357
"Wright, Steven",453214,2019,33,23.1,39.4,0.446
"McKay, David",641853,2019,115,22.3,44.2,0.323
"Castillo, Luis",622491,2019,780,35.9,47.3,0.278
"Brewer, Colten",605155,2019,252,27.9,42.7,0.321
"Irvin, Cole",608344,2019,181,20.7,50.5,0.366
"Kittredge, Andrew",552640,2019,210,31.8,52.7,0.281
"Federowicz, Tim",543148,2019,6,0.0,53.8,0.506
"Cole, Taylor",518566,2019,231,27.1,46.7,0.318
"Stewart, Brock",592779,2019,124,20.3,46.7,0.377
"Pinto, Ricardo",620982,2019,13,16.7,53.3,0.451
"Lovelady, Richard",663992,2019,96,17.6,46.9,0.287
"Font, Wilmer",521655,2019,357,27.6,48.7,0.305
"Duffey, Tyler",608648,2019,238,33.0,50.7,0.261
"Martin, Russell",431145,2019,13,23.1,57.8,0.193
"Collins, Tim",525768,2019,38,17.6,42.5,0.34
"Kuhnel, Joel",669270,2019,42,29.1,51.8,0.269
"Chatwood, Tyler",543022,2019,324,25.3,42.7,0.324
"Rodgers, Brady",572086,2019,25,22.0,51.8,0.492
"Ross, Tyson",475115,2019,162,16.9,42.9,0.392
"Brooks, Aaron",605156,2019,482,19.5,46.0,0.348
"Hart, Donnie",643354,2019,29,29.2,46.2,0.317
"Edwards, Jon",457754,2019,36,31.1,42.7,0.457
"Cimber, Adam",643256,2019,244,20.2,50.9,0.311
"Heaney, Andrew",571760,2019,409,31.2,48.6,0.317
"Giolito, Lucas",608337,2019,705,32.4,49.6,0.283
"Keuchel, Dallas",572971,2019,487,21.4,45.7,0.328
"Neverauskas, Dovydas",596720,2019,53,27.7,47.6,0.431
"DeSclafani, Anthony",543101,2019,696,23.6,48.1,0.297
"Porcello, Rick",519144,2019,768,18.0,49.4,0.333
"Arteaga, Humberto",600858,2019,8,0.0,47.8,0.578
"Conley, Adam",543045,2019,283,23.8,51.2,0.344
"Bailey, Homer",456701,2019,696,24.3,48.5,0.318
"Fairbanks, Pete",664126,2019,99,34.6,47.0,0.349
"Adams, Chance",664856,2019,124,18.1,45.7,0.38
"McGee, Jake",459429,2019,180,19.5,48.4,0.33
"Rumbelow, Nick",592705,2019,9,14.3,35.0,0.535
"Ramirez, Nick",598286,2019,348,28.3,47.0,0.319
"Blevins, Jerry",460283,2019,141,26.7,43.5,0.347
"Eades, Ryan",592280,2019,50,21.4,48.3,0.413
"Wilson, Alex",543935,2019,57,21.1,47.0,0.358
"Martini, Nick",605361,2019,5,33.3,18.8,0.309
"Melville, Tim",543532,2019,143,24.7,48.0,0.367
"Loáisiga, Jonathan",642528,2019,139,33.1,44.9,0.323
"Crichton, Stefan",592233,2019,123,24.3,45.8,0.314
"Wieck, Brad",623364,2019,148,27.6,46.9,0.318
"Hall, Matt",664180,2019,113,25.7,38.1,0.349
"Bard, Luke",572703,2019,199,28.3,45.7,0.317
"Ramírez, JC",500724,2019,34,22.6,49.5,0.355
"Turnbull, Spencer",605513,2019,656,24.7,46.9,0.328
"Wacha, Michael",608379,2019,561,21.2,47.9,0.356
"Rogers, Tyler",643511,2019,71,16.5,49.6,0.218
"Clippard, Tyler",461325,2019,241,28.6,50.7,0.266
"Bummer, Aaron",607481,2019,263,24.2,47.3,0.246
"Chen, Wei-Yin",612672,2019,307,20.3,50.9,0.353
"Manaea, Sean",640455,2019,109,28.3,47.7,0.28
"Alcántara, Victor",622505,2019,182,20.9,51.5,0.38
"Williams, Taylor",592865,2019,73,26.2,48.7,0.364
"Phillips, Evan",623465,2019,140,30.3,43.0,0.346
"Gilmartin, Sean",543219,2019,16,26.9,38.2,0.441
"García, Jarlín",606424,2019,206,20.8,46.9,0.31
"Pérez, Cionel",672335,2019,40,24.3,45.4,0.348
"Webb, Tyler",643778,2019,221,22.6,47.7,0.284
"McCarthy, Kevin",641838,2019,268,20.4,52.3,0.313
"Jackson, Jay",543351,2019,132,38.8,47.9,0.317
"Hardy, Blaine",543278,2019,182,21.8,48.0,0.34
"Stratton, Chris",608717,2019,344,24.2,48.0,0.327
"Poppen, Sean",664092,2019,36,25.9,40.3,0.357
"Gustave, Jandel",594311,2019,99,18.8,51.9,0.336
"Montgomery, Jordan",656756,2019,19,28.9,46.3,0.408
"Payano, Pedro",622797,2019,103,26.4,42.7,0.395
"Clarke, Taylor",664199,2019,369,23.2,48.4,0.353
"Taillon, Jameson",592791,2019,158,24.1,51.5,0.317
"Estévez, Carlos",608032,2019,308,30.6,49.8,0.304
"Anderson, Justin",605121,2019,217,28.4,45.8,0.309
"Franco, Enderson",575070,2019,20,23.5,58.0,0.211
"Treinen, Blake",595014,2019,266,26.7,49.5,0.342
"Anderson, Tyler",542881,2019,106,24.3,50.0,0.418
"Banda, Anthony",607455,2019,18,6.3,54.2,0.374
"Rogers, Taylor",573124,2019,278,25.9,45.3,0.237
"Anderson, Shaun",641312,2019,427,20.9,48.6,0.358
"Del Pozo, Miguel",600887,2019,45,25.0,45.9,0.398
"Almonte, Yency",622075,2019,157,24.9,48.8,0.379
"Dunn, Justin",643290,2019,30,22.2,33.1,0.318
"St. John, Locke",657766,2019,33,19.1,45.6,0.292
"Lively, Ben",594902,2019,6,30.0,37.0,0.609
"Boyd, Matthew",571510,2019,788,31.1,49.8,0.298
"Osuna, José",591741,2019,9,6.7,48.4,0.424
"Fedde, Erick",607200,2019,334,17.2,43.3,0.381
"Nova, Iván",467100,2019,806,18.5,48.9,0.352
"Ramsey, Matt",543677,2019,3,25.0,36.4,0.0
"Scott, Tanner",656945,2019,122,34.3,46.0,0.314
"Ford, Mike",645801,2019,12,11.1,42.9,0.416
"Markel, Parker",571917,2019,110,27.1,40.9,0.373
"Tinoco, Jesus",622786,2019,161,22.4,44.2,0.395
"Ríos, Yacksel",605441,2019,65,28.5,54.9,0.42
"Wright, Kyle",657140,2019,93,24.0,41.6,0.4
"Foltynewicz, Mike",592314,2019,491,23.6,48.8,0.328
"Davis, Austin",656354,2019,98,25.5,47.2,0.369
"Harvey, Hunter",640451,2019,26,25.4,48.9,0.282
"López, Yoan",661255,2019,246,21.2,48.1,0.377
"Reininger, Zac",643617,2019,140,17.7,43.5,0.454
"Estrada, Marco",462136,2019,106,17.1,45.8,0.34
"Hahn, Jesse",534910,2019,27,30.4,43.0,0.404
"Sborz, Josh",622250,2019,40,21.3,50.8,0.449
"Torres, Carlos",448614,2019,29,29.4,44.3,0.364
"Reynolds, Mark",448602,2019,7,0.0,33.3,0.292
"Barrett, Jake",545332,2019,19,28.6,40.0,0.403
"Plesac, Zach",668676,2019,475,21.6,47.6,0.348
"McGowin, Kyle",641851,2019,76,30.6,45.0,0.396
"Waguespack, Jacob",621097,2019,335,21.8,48.9,0.349
"García, Yimi",554340,2019,247,26.4,48.2,0.261
"Valdez, Phillips",570488,2019,75,21.8,42.3,0.314
"Eshelman, Thomas",664045,2019,164,15.4,47.0,0.39
"Keller, Brad",641745,2019,709,19.9,46.0,0.329
"Diekman, Jake",518617,2019,282,35.4,45.1,0.3
"Sandoval, Pablo",467055,2019,3,0.0,60.0,0.36
"Hellickson, Jeremy",476451,2019,183,16.3,40.9,0.38
"Claudio, Alex",592222,2019,267,24.1,46.6,0.303
"Méndez, Yohander",622795,2019,21,41.9,31.0,0.407
"VerHagen, Drew",572403,2019,258,22.7,44.7,0.333
"O'Day, Darren",503285,2019,21,35.0,51.3,0.322
"Scott, Robby",582494,2019,37,28.1,39.0,0.348
"Lambert, Peter",663567,2019,420,16.9,45.3,0.364
"Paddack, Chris",663978,2019,568,24.7,52.4,0.279
"Happ, J.A.",457918,2019,678,23.7,48.1,0.331
"Heller, Ben",621294,2019,28,35.0,39.2,0.318
"Price, David",456034,2019,458,26.0,48.0,0.311
"Coonrod, Sam",656322,2019,114,23.1,45.8,0.294
"Romine, Austin",519222,2019,7,0.0,57.1,0.578
"Stripling, Ross",548389,2019,370,24.6,45.9,0.284
"López, Pablo",641154,2019,469,23.5,48.8,0.319
"Duplantier, Jon",641541,2019,163,20.4,44.2,0.347
"Anderson, Chase",502624,2019,592,23.5,49.8,0.319
"Stashak, Cody",664054,2019,104,31.0,57.7,0.315
"Britton, Zack",502154,2019,244,27.6,42.0,0.276
"Tarpley, Stephen",605501,2019,120,32.3,41.3,0.355
"Newcomb, Sean",656794,2019,293,22.9,45.9,0.305
"Staumont, Josh",622251,2019,88,22.7,40.5,0.376
"Morin, Mike",573046,2019,210,21.5,53.9,0.333
"Swanson, Erik",657024,2019,245,22.7,48.6,0.341
"King, Michael",650633,2019,9,5.6,43.9,0.114
"McHugh, Collin",543521,2019,317,27.9,43.7,0.311
"Anderson, Tanner",664196,2019,105,16.5,47.4,0.359
"Romano, Sal",607219,2019,77,18.5,40.5,0.388
"Smith, Will",519293,2019,257,34.3,47.7,0.269
"Anderson, Nick",623433,2019,264,38.0,54.0,0.259
"Cashner, Andrew",488768,2019,636,22.5,45.3,0.343
"Hicks, Jordan",663855,2019,110,30.2,41.6,0.23
"Peacock, Brad",502748,2019,383,21.7,43.0,0.304
"May, Trevor",543507,2019,266,30.1,46.4,0.281
"Jiménez, Eduardo",621592,2019,49,16.9,47.1,0.347
"Voth, Austin",608723,2019,174,28.7,48.0,0.28
"Bautista, Gerson",639373,2019,49,23.6,45.2,0.396
"Peterson, Tim",623402,2019,35,23.7,41.5,0.393
"Young, Alex",622065,2019,349,27.4,47.8,0.318
"Hader, Josh",623352,2019,289,41.8,59.0,0.235
"Pivetta, Nick",601713,2019,421,24.4,46.1,0.347
"Shuck, JB",543776,2019,5,0.0,38.5,0.38
"Walsh, Jared",665120,2019,23,22.9,37.6,0.312
"Barnes, Jacob",606930,2019,160,23.4,41.5,0.349
"Eflin, Zach",621107,2019,705,20.3,47.8,0.306
"Otero, Dan",519096,2019,131,12.8,48.8,0.346
"Urías, Julio",628711,2019,326,29.9,51.3,0.269
"Harvey, Joe",642840,2019,84,25.8,42.9,0.348
"Black, Ray",605143,2019,70,31.1,47.9,0.411
"Kintzler, Brandon",445213,2019,227,18.7,45.1,0.29
"Ramirez, Noé",598287,2019,280,31.2,45.4,0.282
"Norris, Daniel",596057,2019,610,23.1,47.6,0.335
"Kolarek, Adam",592473,2019,229,24.6,48.1,0.28
"Allen, Cody",592102,2019,116,26.8,39.5,0.424
"Díaz, Miguel",622766,2019,29,18.6,42.2,0.368
"Urena, Richard",620446,2019,8,8.3,42.9,0.415
"Ortiz, Luis",656814,2019,18,15.6,40.0,0.52
"Sadler, Casey",594987,2019,194,22.7,46.1,0.3
"Kelly, Merrill",518876,2019,777,22.4,47.2,0.344
"Wood, Hunter",621056,2019,195,27.2,49.9,0.295
"Tate, Dillon",622253,2019,93,21.6,39.7,0.309
"Eickhoff, Jerad",595191,2019,245,26.2,45.4,0.351
"Hunter, Tommy",488984,2019,18,28.1,44.4,0.198
"Senzatela, Antonio",622608,2019,582,17.7,45.1,0.361
"Wainwright, Adam",425794,2019,745,19.5,42.4,0.329
"Devenski, Chris",606965,2019,298,28.2,48.7,0.3
"Maeda, Kenta",628317,2019,624,32.4,48.9,0.273
"Chacín, Jhoulys",468504,2019,470,20.6,42.8,0.356
"Pressly, Ryan",519151,2019,211,36.0,50.8,0.255
"Kluber, Corey",446372,2019,168,28.4,47.3,0.335
"Alzolay, Adbert",640470,2019,60,26.7,46.7,0.372
"Sobotka, Chad",656977,2019,134,35.4,46.1,0.338
"Reed, AJ",607223,2019,3,16.7,50.0,0.142
"Hale, David",571735,2019,157,17.1,49.5,0.279
"Civale, Aaron",650644,2019,227,21.2,45.4,0.278
"Taylor, Josh",657031,2019,195,33.1,49.2,0.277
"Jurado, Ariel",642558,2019,541,18.0,46.2,0.367
"Oh, Seunghwan",493200,2019,88,28.4,52.0,0.396
"Domínguez, Seranthony",622554,2019,110,31.1,47.2,0.276
"Jerez, Williams",605301,2019,48,19.5,45.3,0.431
"Barnette, Tony",501817,2019,5,0.0,28.0,0.378
"Glasnow, Tyler",607192,2019,230,28.4,43.7,0.231
"Brasier, Ryan",518489,2019,241,31.0,52.8,0.346
"Littell, Zack",641793,2019,146,27.3,52.5,0.349
"Carrasco, Carlos",471911,2019,341,31.1,51.7,0.333
"Wojciechowski, Asher",592879,2019,361,26.2,48.7,0.342
"Hand, Brad",543272,2019,242,30.7,47.5,0.284
"Poyner, Bobby",596074,2019,49,25.7,48.4,0.369
"Fry, Jace",605240,2019,251,36.4,40.4,0.328
"Shepherd, Chandler",605469,2019,84,19.0,48.1,0.372
"Reyes, Alex",621052,2019,17,16.0,35.2,0.462
"Santiago, Héctor",502327,2019,163,28.0,44.5,0.374
"Frare, Caleb",621350,2019,14,35.3,32.1,0.463
"Johnson, Brian",598271,2019,193,22.7,40.5,0.34
"Reed, Cody",642003,2019,25,22.0,46.6,0.16
"Wick, Rowan",592858,2019,140,25.9,49.4,0.278
"Fernández, José Manuel",622774,2019,23,15.6,41.6,0.414
"Bieber, Shane",669456,2019,859,30.7,47.8,0.297
"Abad, Fernando",472551,2019,49,26.1,40.4,0.246
"López, Reynaldo",625643,2019,809,24.7,48.7,0.338
"Morejon, Adrian",670970,2019,42,19.7,49.4,0.391
"Ryan, Kyle",594986,2019,260,23.6,43.4,0.295
"Wang, Wei-Chung",623913,2019,129,20.1,45.1,0.323
"Gonzalez, Gio",461829,2019,366,25.9,44.2,0.325
"Volquez, Edinson",450172,2019,75,19.4,41.8,0.392
"Ruiz, José",614179,2019,198,24.4,50.1,0.351
"Karinchak, James",675916,2019,22,34.7,52.1,0.235
"Payamps, Joel",606303,2019,17,22.7,33.3,0.496
"Brice, Austin",592169,2019,199,26.7,46.2,0.293
"Lucas, Josh",572998,2019,69,21.3,44.7,0.304
"Luzardo, Jesús",666200,2019,46,37.7,40.4,0.228
"Quintana, Jose",500779,2019,745,20.9,44.3,0.329
"Koch, Matt",571863,2019,96,14.5,47.5,0.441
"Quijada, José",650671,2019,144,34.4,45.0,0.377
"Familia, Jeurys",544727,2019,274,28.9,42.2,0.326
"McRae, Alex",656725,2019,132,19.9,46.8,0.392
"Lugo, Seth",607625,2019,314,26.5,46.1,0.237
"Peña, Félix",570240,2019,407,29.4,45.0,0.326
"Wittgren, Nick",621295,2019,232,23.2,46.8,0.324
"Petricka, Jake",502593,2019,36,18.2,37.3,0.316
"Ramírez, Erasmo",541640,2019,15,22.2,43.9,0.54
"Mayza, Tim",641835,2019,227,32.5,47.8,0.336
"Pazos, James",572021,2019,39,31.4,47.0,0.274
"Moore, Matt",519043,2019,33,31.7,51.3,0.231
"Jennings, Dan",543359,2019,32,31.9,35.1,0.358
"Woodruff, Brandon",605540,2019,493,25.5,51.3,0.282
"Lyles, Jordan",543475,2019,599,24.0,47.4,0.313
"Sherfy, James",642073,2019,83,29.0,43.7,0.332
"Rusin, Chris",543734,2019,9,15.4,52.0,0.651
"Díaz, Jairo",545064,2019,245,29.5,51.5,0.295
"Kimbrel, Craig",518886,2019,96,32.6,47.7,0.394
"Vizcaíno, Arodys",527055,2019,17,28.1,47.1,0.414
"Montas, Frankie",593423,2019,394,26.0,49.2,0.281
"Soroka, Michael",647336,2019,701,22.9,48.8,0.305
"Harper, Ryne",607560,2019,225,24.4,48.6,0.319
"Hudson, Daniel",543339,2019,304,22.8,49.7,0.306
"Farrell, Luke",608652,2019,48,22.7,41.5,0.269
"Flaherty, Jack",656427,2019,772,30.7,48.0,0.278
"Doolittle, Sean",448281,2019,260,23.4,59.2,0.307
"Tomlin, Josh",458708,2019,320,19.8,51.2,0.314
"Hoyt, James",624586,2019,32,40.0,44.7,0.334
"Guerra, Javy",457915,2019,287,18.6,53.3,0.304
"De Jong, Chase",608328,2019,9,10.0,43.5,0.594
"Biagini, Joe",607352,2019,281,28.3,46.1,0.355
"Thornburg, Tyler",592804,2019,86,20.9,45.0,0.377
"Urquidy, José",664353,2019,167,28.3,45.9,0.296
"Fry, Paul",643316,2019,255,25.7,42.3,0.31
"Erlin, Robbie",572362,2019,251,23.7,47.9,0.326
"Givens, Mychal",571710,2019,260,34.3,50.2,0.306
"Brennan, Brandon",592165,2019,195,33.9,46.8,0.288
"Osuna, Roberto",532077,2019,253,33.5,54.0,0.264
"Soto, Gregory",642397,2019,276,19.9,46.1,0.374
"Pineda, Michael",501381,2019,600,25.6,52.6,0.316
"Garrett, Reed",657585,2019,77,17.4,43.3,0.43
"Garton, Ryan",623439,2019,14,20.7,46.0,0.545
"Cisnero, José",542585,2019,162,27.1,50.3,0.298
"Blach, Ty",621389,2019,139,16.1,44.1,0.409
"Wilkerson, Aaron",658792,2019,80,20.7,42.0,0.313
"Davis, Rookie",606959,2019,51,24.2,49.5,0.359
"Farmer, Buck",571656,2019,288,29.8,46.2,0.313
"Abreu, Bryan",650556,2019,32,46.8,42.5,0.238
"Robles, Hansel",570663,2019,283,26.3,50.5,0.259
"Strickland, Hunter",519326,2019,105,25.4,50.4,0.36
"Barria, Jaime",642545,2019,365,22.1,44.4,0.355
"Syndergaard, Noah",592789,2019,824,26.9,50.8,0.28
"Kelley, Trevor",665001,2019,40,15.7,42.9,0.43
"Barraclough, Kyle",607457,2019,164,30.2,45.3,0.393
"Gallegos, Giovanny",606149,2019,279,34.6,50.2,0.254
"Winkler, Dan",595465,2019,93,33.9,48.7,0.36
"Crick, Kyle",605195,2019,226,29.6,45.2,0.304
"Boshers, Buddy",542953,2019,91,22.3,40.9,0.281
"Burr, Ryan",621114,2019,86,22.8,45.5,0.294
"Ross, Joe",605452,2019,295,23.5,47.2,0.351
"Menez, Conner",669214,2019,73,27.5,43.3,0.334
"Middleton, Keynan",641871,2019,33,22.7,46.2,0.361
"Salazar, Danny",517593,2019,17,12.5,36.4,0.517
"Herrera, Kelvin",516969,2019,235,26.5,49.9,0.32
"Nogosek, Stephen",668665,2019,34,14.5,44.0,0.358
"Díaz, Edwin",621242,2019,254,37.7,51.7,0.273
"Walker, Taijuan",592836,2019,4,20.0,66.7,0.324
"Paxton, James",572020,2019,633,30.8,49.9,0.291
"Dull, Ryan",623430,2019,71,25.0,44.4,0.433
"Huang, Wei-Chieh",658791,2019,32,12.0,43.9,0.403
"Smyly, Drew",592767,2019,514,25.9,44.5,0.361
"Webb, Logan",657277,2019,174,23.1,43.6,0.346
"Murphy, Tom",608596,2019,11,34.6,61.9,0.31
"Rosa, Adonis",650738,2019,7,31.3,50.0,0.34
"Sadzeck, Connor",592712,2019,107,25.4,44.6,0.315
"Cabrera, Génesis",650893,2019,99,17.6,45.7,0.329
"Peters, Dillon",596071,2019,327,20.4,46.9,0.361
"Pannone, Thomas",623381,2019,325,25.5,46.9,0.345
"Bird, Kyle",613317,2019,65,30.0,36.1,0.435
"Roark, Tanner",543699,2019,722,21.1,45.9,0.343
"Gott, Trevor",641627,2019,214,24.0,48.4,0.299
"Lakins, Travis",664042,2019,102,25.6,44.6,0.325
"Borucki, Ryan",621366,2019,40,23.7,38.1,0.463
"Guerra, Junior",448855,2019,344,26.1,46.8,0.303
"Smith, Josh A.",595001,2019,139,28.3,45.9,0.358
"Carpenter, David",502304,2019,19,15.6,46.4,0.499
"Ryu, Hyun Jin",547943,2019,723,24.9,49.7,0.281
"Chapman, Aroldis",547973,2019,235,31.7,47.2,0.266
"Mejía, Adalberto",606167,2019,145,23.6,45.8,0.388
"Allen, Logan",663531,2019,127,21.3,48.0,0.409
"Andriese, Matt",542882,2019,310,25.3,47.3,0.289
"Tropeano, Nick",607374,2019,66,27.0,44.7,0.424
"Leake, Mike",502190,2019,835,18.0,50.4,0.354
"Romano, Jordan",605447,2019,75,29.5,47.9,0.389
"Williams, Devin",642207,2019,67,25.4,48.1,0.309
"Sanchez, Aaron",592717,2019,605,21.8,44.5,0.343
"Jansen, Kenley",445276,2019,263,32.2,53.6,0.266
"Anderson, Drew",623454,2019,30,34.7,47.1,0.356
"Chargois, JT",608638,2019,88,34.3,47.9,0.276
"Smeltzer, Devin",656970,2019,202,20.6,49.7,0.343
"Cessa, Luis",570666,2019,343,29.3,47.2,0.297
"Webb, Jacob",657097,2019,131,26.2,50.6,0.282
"Brigham, Jeff",656257,2019,161,25.1,48.6,0.333
"Richards, Trevor",670950,2019,580,26.3,49.0,0.312
"Sánchez, Aníbal",434671,2019,712,22.4,48.4,0.312
"Lauer, Eric",641778,2019,651,20.1,47.8,0.312
"Davis, Wade",451584,2019,206,25.2,44.0,0.364
"Salas, Fernando",477569,2019,15,18.8,52.5,0.332
"Shoemaker, Matt",533167,2019,108,28.5,49.5,0.341
"O'Rourke, Ryan",594951,2019,6,0.0,19.0,0.393
"Chafin, Andrew",605177,2019,225,33.9,49.8,0.306
"Johnson, DJ",597113,2019,116,25.8,46.0,0.338
"Wood, Alex",622072,2019,153,24.8,48.8,0.376
"Alvarado, José",621237,2019,146,30.7,41.1,0.325
"Hendricks, Kyle",543294,2019,730,22.1,49.3,0.294
"Sandoval, Patrick",663776,2019,169,32.7,43.7,0.323
"Berríos, José",621244,2019,842,23.5,49.1,0.304
"Neris, Héctor",593576,2019,275,38.3,48.7,0.269
"Flexen, Chris",623167,2019,70,20.0,42.0,0.349
"Vieira, Thyago",600986,2019,37,29.5,46.2,0.358
"Morgan, Adam",605388,2019,120,33.5,50.3,0.264
"Brault, Steven",643230,2019,505,23.3,45.3,0.336
"Strasburg, Stephen",544931,2019,841,30.6,47.7,0.266
"Davies, Zach",605200,2019,672,17.3,43.7,0.339
"DuRapau, Montana",657566,2019,90,32.1,46.5,0.373
"Archer, Chris",502042,2019,526,29.7,45.9,0.346
"Elías, Roenis",606273,2019,216,26.5,49.0,0.341
"Severino, Luis",622663,2019,48,27.5,46.6,0.258
"Cobb, Alex",502171,2019,60,24.1,47.2,0.551
"Nelson, Jimmy",519076,2019,105,27.8,37.0,0.388
"Lucchesi, Joey",664192,2019,686,25.4,45.3,0.296
"Fiers, Mike",571666,2019,754,18.2,47.3,0.335
"Hernandez, David",456696,2019,199,32.2,50.6,0.32
"Wright Jr., Mike",605541,2019,147,23.5,47.1,0.363
"Tanaka, Masahiro",547888,2019,759,23.2,50.4,0.316
"Perdomo, Luis",606131,2019,296,19.8,48.8,0.308
"Ottavino, Adam",493603,2019,283,30.5,38.8,0.269
"Gausman, Kevin",592332,2019,451,30.2,53.1,0.329
"Márquez, Germán",608566,2019,721,26.6,49.5,0.327
"Marvel, James",621086,2019,84,20.8,46.5,0.365
"Feliz, Michael",593140,2019,239,29.0,47.1,0.292
"Reid-Foley, Sean",656887,2019,150,23.6,47.1,0.344
"Santana, Dennis",642701,2019,27,30.4,44.2,0.369
"Leclerc, José",600917,2019,299,33.0,44.0,0.261
"Faria, Jake",607188,2019,95,28.6,46.3,0.377
"Drake, Oliver",543118,2019,219,35.9,49.4,0.271
"Sheffield, Justus",656954,2019,168,30.0,45.6,0.328
"Lockett, Walker",621141,2019,103,16.9,48.2,0.368
"Freeman, Mike",502273,2019,8,9.1,47.8,0.309
"Martin, Chris",455119,2019,216,26.2,54.3,0.286
"Bass, Anthony",542914,2019,189,27.5,43.9,0.317
"Swarzak, Anthony",461872,2019,234,28.1,44.2,0.334
"Sulser, Cole",642121,2019,29,25.8,47.7,0.194
"Lyons, Tyler",544928,2019,54,35.2,46.1,0.341
"Holland, Greg",518813,2019,152,30.1,42.7,0.298
"Hernández, Elieser",622694,2019,353,25.2,48.8,0.293
"Davis, Chris",448801,2019,5,6.7,68.2,0.717
"Toussaint, Touki",657053,2019,198,29.8,42.0,0.323
"Olson, Tyler",621397,2019,140,25.6,44.6,0.304
"Bedrosian, Cam",592135,2019,258,30.2,44.4,0.292
"Trivino III, Lou",642152,2019,269,28.1,48.3,0.298
"Zamora, Daniel",623354,2019,41,24.3,41.4,0.266
"Blazek, Michael",518468,2019,26,12.5,37.2,0.427
"Gonzales, Marco",594835,2019,866,18.0,47.7,0.312
"Alvarez, Jose",501625,2019,255,23.0,52.0,0.311
"Lamet, Dinelson",659275,2019,313,31.6,46.7,0.3
"Marshall, Evan",605359,2019,209,24.6,47.8,0.304
"Williams, Trevor",592866,2019,636,22.2,50.3,0.341
"Avila, Alex",488671,2019,8,11.1,36.0,0.24
"Cedeño, Xavier",458584,2019,13,15.0,44.4,0.336
"Freeland, Kyle",607536,2019,472,21.2,48.4,0.357
"Maples, Dillon",596027,2019,54,44.2,36.3,0.333
"Gray, Sonny",543243,2019,708,28.4,42.2,0.287
"Wendelken, J.B.",605525,2019,131,27.5,48.1,0.241
"Giles, Ken",571704,2019,208,40.0,50.6,0.245
"Santana, Ervin",429722,2019,64,13.0,46.0,0.465
"Rodriguez, Eduardo",593958,2019,859,27.4,46.4,0.292
"Kay, Anthony",641743,2019,63,24.1,51.6,0.324
"Cueto, Johnny",456501,2019,67,20.4,42.6,0.326
"Vargas, Jason",450306,2019,649,24.2,43.6,0.325
"Minor, Mike",501985,2019,863,26.2,47.8,0.297
"Beeks, Jalen",656222,2019,464,24.1,45.9,0.342
"Martinez, Carlos",593372,2019,200,28.4,49.8,0.277
"Festa, Matt",670036,2019,101,23.5,45.0,0.365
"Rodríguez, Richard",593144,2019,285,23.6,48.9,0.305
"Palumbo, Joe",643478,2019,81,23.1,44.1,0.402
"Banuelos, Manny",544365,2019,235,24.5,43.0,0.373
"Ynoa, Gabriel",593679,2019,480,20.1,50.0,0.363
"Gearrin, Cory",518715,2019,241,19.9,44.1,0.333
"Yacabonis, Jimmy",642231,2019,193,22.8,42.1,0.394
"Noesí, Hector",456051,2019,124,26.4,50.3,0.345
"Dozier, Brian",572821,2019,5,0.0,43.8,0.336
"Helsley, Ryan",664854,2019,153,21.9,52.2,0.294
"May, Dustin",669160,2019,141,20.6,47.2,0.304
"Margevicius, Nick",676606,2019,263,22.7,46.0,0.362
"Alexander, Scott",518397,2019,76,21.1,47.8,0.353
"LeBlanc, Wade",453281,2019,532,22.3,47.1,0.343
"Bassitt, Chris",605135,2019,612,20.9,46.7,0.303
"Hill, Rich",448179,2019,242,25.7,47.9,0.262
"Hill, Tim",657612,2019,161,20.7,48.1,0.265
"Dowdy, Kyle",664871,2019,110,21.6,42.2,0.393
"Sale, Chris",519242,2019,612,32.0,47.4,0.283
"Miley, Wade",489119,2019,720,22.9,44.6,0.307
"Luciano, Elvis",672773,2019,159,25.3,46.0,0.351
"Minter, A.J.",621345,2019,147,30.4,49.8,0.346
"Smith, Joe",501925,2019,96,21.3,46.5,0.253
"Hammer, JD",670456,2019,82,21.1,43.5,0.376
"Pérez, Martín",527048,2019,737,21.7,49.0,0.305
"Blackburn, Paul",621112,2019,57,24.0,44.6,0.429
"Cortes, Nestor",641482,2019,298,25.2,45.5,0.342
"Kikuchi, Yusei",579328,2019,721,19.9,47.7,0.346
"Wisler, Matt",605538,2019,224,31.8,49.1,0.299
"Poche, Colin",621363,2019,207,34.9,53.7,0.26
"Springs, Jeffrey",605488,2019,155,30.2,45.9,0.353
"Rainey, Tanner",663432,2019,214,40.5,46.1,0.317
"Freeman, Sam",518693,2019,11,0.0,47.5,0.577
"Fillmyer, Heath",641571,2019,109,19.3,42.4,0.381
"Buchholz, Clay",453329,2019,254,20.6,47.4,0.376
"Gaviglio, Sam",543208,2019,392,27.9,45.2,0.302
"Rodriguez, Jefry",622446,2019,203,18.6,47.3,0.337
"Bolaños, Ronald",671790,2019,88,23.9,41.0,0.365
"Mengden, Daniel",596043,2019,260,15.1,43.0,0.331
"Germán, Domingo",593334,2019,594,28.2,49.5,0.316
"Hernández, Darwinzon",650382,2019,147,35.5,41.0,0.267
"Straily, Dan",573185,2019,236,18.3,45.3,0.452
"Workman, Brandon",519443,2019,286,34.8,39.0,0.257
"Stanek, Ryne",592773,2019,327,34.6,48.1,0.314
"Wheeler, Zack",554430,2021,849,26.8,51.9,0.259
"García, Luis",472610,2021,135,32.1,49.1,0.285
"Adam, Jason",592094,2021,50,34.0,43.1,0.29
"Reid-Foley, Sean",656887,2021,92,28.9,46.6,0.313
"Price, David",456034,2021,326,21.2,48.9,0.312
"Brothers, Rex",571521,2021,236,33.9,43.4,0.35
"Manaea, Sean",640455,2021,754,27.1,51.5,0.312
"Guilmet, Preston",543258,2021,7,33.3,41.4,0.514
"Baz, Shane",669358,2021,49,35.3,51.5,0.248
"Woodruff, Brandon",605540,2021,708,28.2,51.1,0.28
"Morgan, Adam",605388,2021,108,32.8,44.8,0.306
"Oswalt, Corey",621261,2021,42,31.8,56.4,0.364
"Tepera, Ryan",572193,2021,241,35.1,48.9,0.249
"Peacock, Brad",502748,2021,26,16.7,44.2,0.396
"Familia, Jeurys",544727,2021,262,28.4,47.8,0.297
"Puk, A.J.",640462,2021,65,24.8,44.9,0.312
"Blewett, Scott",656240,2021,21,18.2,47.8,0.427
"Stanek, Ryne",592773,2021,290,32.6,47.3,0.307
"Kimbrel, Craig",518886,2021,235,43.7,45.6,0.241
"Northcraft, Aaron",573062,2021,34,22.8,44.2,0.431
"Chavez, Jesse",445926,2021,133,17.7,43.9,0.271
"Klobosits, Gabe",656620,2021,52,18.8,52.1,0.299
"Yang, Hyeon-Jong",660365,2021,160,20.1,49.7,0.396
"Stock, Robert",476594,2021,45,26.9,39.9,0.398
"Oviedo, Johan",670912,2021,288,26.1,44.8,0.362
"Allard, Kolby",663465,2021,534,19.8,48.4,0.341
"Kershaw, Clayton",477132,2021,488,34.7,50.7,0.275
"Krehbiel, Joey",607216,2021,34,23.0,45.9,0.284
"Plutko, Adam",592644,2021,255,24.2,47.6,0.379
"Foltynewicz, Mike",592314,2021,586,18.3,47.4,0.351
"Paxton, James",572020,2021,5,33.3,50.0,0.17
"Faria, Jake",607188,2021,154,23.2,42.6,0.317
"Chafin, Andrew",605177,2021,266,25.9,50.1,0.272
"Bummer, Aaron",607481,2021,242,32.1,42.4,0.249
"Smith, Drew",622098,2021,165,29.0,51.5,0.301
"Godley, Zack",643327,2021,21,36.4,37.5,0.444
"Barria, Jaime",642545,2021,250,19.1,46.2,0.359
"Smith, Joe",501925,2021,173,20.3,50.0,0.291
"Mears, Nick",683232,2021,107,25.1,47.6,0.336
"Santana, Edgar",650828,2021,175,26.6,50.5,0.314
"McGee, Jake",459429,2021,239,20.6,57.4,0.271
"Kickham, Mike",592464,2021,12,29.2,53.3,0.346
"Arrieta, Jake",453562,2021,469,18.3,43.5,0.372
"Watkins, Spenser",657093,2021,255,17.9,45.9,0.389
"Montero, Rafael",606160,2021,225,23.2,50.5,0.291
"Phelps, David",475479,2021,42,31.6,40.2,0.24
"Anderson, Nick",623433,2021,24,18.5,52.9,0.537
"Long, Sam",669674,2021,176,21.4,47.8,0.314
"Whitley, Kodi",676831,2021,101,31.4,52.4,0.28
"Minaya, Juan",573668,2021,167,26.2,48.7,0.293
"García, Edgar",658305,2021,72,25.4,42.0,0.37
"Holmes, Clay",605280,2021,292,28.3,41.8,0.264
"Peralta, Freddy",642547,2021,580,34.2,45.6,0.255
"Phillips, Evan",623465,2021,58,22.7,52.5,0.329
"Lindblom, Josh",458676,2021,85,22.8,42.4,0.435
"Valdez, Framber",664285,2021,572,26.3,42.4,0.302
"Hembree, Heath",592390,2021,243,27.7,48.3,0.275
"Garcia, Bryan",650530,2021,192,22.8,45.7,0.417
"Overton, Connor",656818,2021,63,24.8,51.5,0.322
"Keller, Kyle",664918,2021,155,21.6,46.8,0.338
"Lyles, Jordan",543475,2021,769,23.5,48.2,0.35
"Nogosek, Stephen",668665,2021,12,29.2,50.0,0.332
"May, Trevor",543507,2021,266,32.6,51.0,0.263
"Pop, Zach",647315,2021,246,26.5,46.7,0.306
"Hoyt, James",624586,2021,46,37.3,41.2,0.323
"Santos, Antonio",665733,2021,46,18.3,40.3,0.288
"Morimando, Shawn",596049,2021,54,18.9,47.7,0.336
"Kay, Anthony",641743,2021,156,25.7,47.9,0.343
"Albers, Andrew",452027,2021,89,12.7,43.0,0.45
"Castro, Miguel",612434,2021,303,32.6,41.8,0.313
"Germán, Domingo",593334,2021,410,30.2,50.3,0.31
"Martin, Corbin",656686,2021,86,19.4,45.3,0.449
"King, Michael",650633,2021,275,24.9,46.9,0.333
"Thompson, Ryan",657044,2021,134,27.2,50.3,0.293
"Dayton, Grant",594795,2021,62,26.7,48.0,0.316
"Gray, Sonny",543243,2021,575,26.2,43.0,0.278
"Kelly, Merrill",518876,2021,667,20.6,49.2,0.324
"Stratton, Chris",608717,2021,337,28.3,47.3,0.302
"Kela, Keone",605309,2021,48,22.6,41.4,0.314
"Davidson, Tucker",656353,2021,83,27.6,50.2,0.362
"Hill, Rich",448179,2021,661,23.1,46.1,0.324
"Brasier, Ryan",518489,2021,50,26.0,50.8,0.302
"Anderson, Brett",474463,2021,409,16.7,41.6,0.36
"Rosscup, Zac",573127,2021,13,32.0,52.1,0.397
"Gray, Josiah",680686,2021,307,30.2,49.4,0.324
"Sheffield, Justus",656954,2021,385,19.8,44.3,0.394
"Anderson, Tanner",664196,2021,19,6.3,50.0,0.286
"Brice, Austin",592169,2021,64,20.7,44.2,0.35
"Guerra, Javy",642770,2021,18,16.7,54.5,0.324
"Sherriff, Ryan",595411,2021,72,24.8,40.6,0.315
"Armstrong, Shawn",542888,2021,165,32.0,49.8,0.345
"Kikuchi, Yusei",579328,2021,666,27.7,48.5,0.344
"Thompson, Zach",605507,2021,315,26.5,48.7,0.294
"Adams, Austin",613534,2021,241,34.2,40.4,0.31
"McHugh, Collin",543521,2021,247,31.4,48.8,0.234
"Wendelken, J.B.",605525,2021,194,23.7,47.4,0.331
"Alexander, Scott",518397,2021,67,19.5,47.5,0.289
"Altavilla, Dan",656186,2021,5,8.3,54.5,0.453
"Sale, Chris",519242,2021,183,27.7,48.5,0.291
"Poteet, Cody",547001,2021,132,24.0,47.0,0.341
"Cessa, Luis",570666,2021,263,27.0,46.8,0.302
"Dunn, Justin",643290,2021,218,25.0,46.9,0.341
"Heasley, Jonathan",669169,2021,59,12.5,44.8,0.395
"Baldonado, Alberto",593604,2021,49,31.9,42.3,0.375
"Toussaint, Touki",657053,2021,216,25.3,42.4,0.361
"Kolarek, Adam",592473,2021,51,12.7,41.6,0.355
"Trivino III, Lou",642152,2021,310,23.8,46.5,0.321
"Santillan, Tony",663574,2021,190,32.7,42.6,0.307
"Kranick, Max",668820,2021,182,26.1,53.0,0.328
"Strasburg, Stephen",544931,2021,95,29.0,36.2,0.352
"Jackson, Jay",543351,2021,90,29.9,44.5,0.313
"Abreu, Bryan",650556,2021,161,31.1,45.3,0.332
"Thielbar, Caleb",573204,2021,266,26.5,49.5,0.307
"Barreda, Manny",518435,2021,14,21.7,47.9,0.453
"Del Pozo, Miguel",600887,2021,25,18.9,46.3,0.331
"Velasquez, Vince",592826,2021,417,27.4,47.0,0.349
"Ober, Bailey",641927,2021,379,24.6,50.4,0.325
"Rodriguez, Jefry",622446,2021,112,20.3,45.4,0.375
"Hendricks, Kyle",543294,2021,785,20.1,48.6,0.338
"McClanahan, Shane",663556,2021,517,32.1,50.2,0.325
"Devenski, Chris",606965,2021,35,25.8,45.5,0.478
"Gustave, Jandel",594311,2021,79,17.1,47.6,0.335
"Gilbert, Logan",669302,2021,503,27.1,50.9,0.31
"Castellani, Ryan",624418,2021,17,23.1,40.0,0.517
"Smith, Caleb",592761,2021,500,27.5,46.2,0.312
"Greene, Conner",641632,2021,121,29.8,50.3,0.318
"Patiño, Luis",672715,2021,333,25.4,51.1,0.322
"Manning, Matt",666159,2021,385,16.9,47.4,0.352
"Menez, Conner",669214,2021,62,21.7,52.2,0.296
"Ryan, Joe",657746,2021,100,23.4,52.9,0.27
"Smeltzer, Devin",656970,2021,17,25.9,51.9,0.323
"Springs, Jeffrey",605488,2021,179,36.5,46.7,0.281
"Robertson, David",502085,2021,50,25.8,42.8,0.312
"Biddle, Jesse",592145,2021,51,20.8,38.7,0.332
"Jefferies, Daulton",641726,2021,58,17.0,50.9,0.31
"Kittredge, Andrew",552640,2021,282,31.0,54.8,0.269
"García, Jarlín",606424,2021,269,22.6,46.8,0.281
"Romero, Jhon",664584,2021,17,23.8,53.8,0.221
"Webb, Logan",657277,2021,596,28.7,46.6,0.277
"Stephenson, Robert",596112,2021,197,27.2,46.5,0.31
"Crouse, Hans",668968,2021,32,25.0,48.9,0.329
"Domínguez, Seranthony",622554,2021,3,25.0,57.1,0.092
"Nelson, Jimmy",519076,2021,116,37.6,41.7,0.229
"Junis, Jakob",596001,2021,168,25.4,45.1,0.355
"Núñez, Darien",628345,2021,33,36.5,49.6,0.365
"Antone, Tejay",622088,2021,127,33.5,41.2,0.283
"Rodríguez, Joely",570257,2021,207,31.3,47.4,0.302
"Ramírez, Yefry",606162,2021,6,35.7,60.9,0.237
"Coulombe, Danny",543056,2021,139,23.7,52.7,0.282
"Fried, Max",608331,2021,667,24.8,49.0,0.287
"Burnes, Corbin",669203,2021,657,37.3,49.2,0.221
"Sherfy, James",642073,2021,63,22.9,41.7,0.317
"Urías, Julio",628711,2021,745,24.3,51.3,0.274
"Britton, Zack",502154,2021,81,24.8,43.0,0.29
"Romano, Jordan",605447,2021,253,31.8,49.8,0.251
"Bowden, Ben",641386,2021,177,28.6,46.1,0.328
"Givens, Mychal",571710,2021,216,28.3,43.3,0.318
"Strahm, Matt",621381,2021,36,21.5,58.1,0.311
"Rodriguez, Eduardo",593958,2021,675,26.3,48.7,0.288
"Barnes, Matt",598264,2021,222,33.7,47.1,0.255
"Duffy, Danny",518633,2021,252,29.1,48.7,0.313
"Lambert, Jimmy",669424,2021,60,16.1,48.0,0.409
"Newsome, Ljay",664714,2021,70,23.0,55.1,0.357
"Brault, Steven",643230,2021,127,20.6,48.8,0.366
"Hearn, Taylor",621368,2021,441,23.1,46.5,0.333
"Karinchak, James",675916,2021,235,31.7,43.7,0.294
"Brennan, Brandon",592165,2021,11,35.0,47.6,0.332
"Garcia, Luis",677651,2021,633,30.7,47.1,0.303
"Suarez, José",660761,2021,413,25.8,47.0,0.322
"Leone, Dominic",608678,2021,219,30.3,47.4,0.286
"Pearson, Nate",663878,2021,71,34.5,38.5,0.285
"Gonzales, Marco",594835,2021,585,20.4,48.0,0.339
"Nelson, Nick",656793,2021,78,30.9,45.0,0.352
"Morgan, Eli",669212,2021,379,22.8,50.5,0.349
"Pérez, Oliver",424144,2021,18,21.4,50.0,0.246
"Uceta, Edwin",670955,2021,92,28.3,47.9,0.325
"Cabrera, Edward",665795,2021,120,27.3,44.8,0.411
"Ginkel, Kevin",656464,2021,129,25.3,45.5,0.346
"Bender, Anthony",669622,2021,247,30.2,40.5,0.269
"Espinal, Raynel",642659,2021,8,21.1,52.8,0.366
"Zamora, Daniel",623354,2021,18,25.0,43.1,0.317
"Hill, Tim",657612,2021,255,23.7,48.3,0.303
"Marshall, Evan",605359,2021,113,23.4,47.1,0.29
"Hahn, Jesse",534910,2021,19,15.6,36.4,0.468
"Dunning, Dane",641540,2021,511,23.2,46.3,0.331
"Gallegos, Giovanny",606149,2021,310,34.6,51.5,0.27
"Winkler, Dan",595465,2021,190,26.0,48.4,0.333
"Raley, Brooks",548384,2021,205,32.4,47.2,0.3
"Cimber, Adam",643256,2021,286,20.1,51.1,0.286
"Matz, Steven",571927,2021,647,22.3,46.9,0.309
"Dolis, Rafael",503569,2021,156,28.5,40.7,0.324
"Lucchesi, Joey",664192,2021,157,23.8,45.5,0.297
"Frankoff, Seth",571676,2021,74,17.9,47.3,0.375
"Heaney, Andrew",571760,2021,558,28.3,48.7,0.321
"Shaw, Bryan",543766,2021,334,25.8,48.3,0.326
"Montas, Frankie",593423,2021,778,29.6,50.5,0.305
"Pérez, Francisco",660906,2021,28,21.6,41.8,0.239
"Burdi, Zack",641420,2021,49,31.0,47.5,0.373
"Falter, Bailey",663559,2021,139,23.3,48.2,0.292
"Suarez, Ranger",624133,2021,418,26.9,46.3,0.252
"Paddack, Chris",663978,2021,459,24.6,49.5,0.33
"James, Josh",657624,2021,21,34.5,42.0,0.26
"Vincent, Nick",543883,2021,47,25.0,52.7,0.261
"Thompson, Keegan",624522,2021,243,23.9,46.7,0.35
"Williams, Devin",642207,2021,226,42.8,46.3,0.261
"Biagini, Joe",607352,2021,13,18.8,39.0,0.25
"Yajure, Miguel",664337,2021,68,21.4,43.1,0.419
"Stripling, Ross",548389,2021,431,24.1,47.3,0.337
"Peacock, Matt",676840,2021,386,18.0,46.6,0.317
"Eflin, Zach",621107,2021,442,23.2,49.9,0.303
"Mahle, Tyler",641816,2021,759,28.4,45.2,0.298
"Holland, Derek",502706,2021,225,24.4,47.5,0.311
"Doval, Camilo",666808,2021,109,33.5,44.9,0.259
"Osich, Josh",592612,2021,60,21.7,45.9,0.288
"Miley, Wade",489119,2021,690,23.9,47.5,0.312
"Gibaut, Ian",664139,2021,28,26.7,57.7,0.421
"Foster, Matt",641582,2021,174,23.7,49.1,0.36
"Ray, Robbie",592662,2021,773,32.3,52.0,0.293
"Brewer, Colten",605155,2021,9,20.0,33.3,0.461
"Megill, Trevor",656730,2021,115,25.5,47.0,0.345
"Houck, Tanner",656557,2021,285,30.9,46.7,0.277
"Reed, Jake",596082,2021,43,26.7,46.9,0.303
"Medina, Adonis",658431,2021,36,26.4,38.7,0.329
"Gil, Luis",661563,2021,129,31.0,46.6,0.302
"Yarbrough, Ryan",642232,2021,653,21.1,48.8,0.321
"Reed, Cody",642003,2021,42,23.7,39.9,0.343
"Jackson, Andre",656578,2021,50,29.6,49.2,0.302
"Sborz, Josh",622250,2021,257,33.5,48.7,0.306
"Scott, Tanner",656945,2021,251,36.8,44.0,0.33
"Quijada, José",650671,2021,110,31.9,45.3,0.318
"Cousins, Jake",664776,2021,125,41.0,42.6,0.296
"Acevedo, Domingo",642758,2021,44,28.4,54.6,0.313
"Díaz, Edwin",621242,2021,257,35.1,50.2,0.253
"Milone, Tommy",543548,2021,65,27.6,48.1,0.342
"Ortega, Oliver",661383,2021,39,7.0,41.0,0.295
"Saucedo, Tayler",642048,2021,109,32.0,47.0,0.322
"Borucki, Ryan",621366,2021,98,29.3,42.5,0.325
"deGrom, Jacob",594798,2021,324,41.7,55.7,0.191
"Hudson, Dakota",641712,2021,34,16.1,47.3,0.221
"Stammen, Craig",489334,2021,355,24.3,46.9,0.285
"De Jong, Chase",608328,2021,196,22.2,47.1,0.382
"Fernández, Junior",658551,2021,96,29.9,47.6,0.363
"Sandlin, Nick",680704,2021,141,32.7,40.6,0.261
"Roark, Tanner",543699,2021,31,15.3,45.0,0.436
"Marte, José",665896,2021,18,12.9,36.9,0.376
"Gausman, Kevin",592332,2021,775,31.4,52.4,0.291
"Ohtani, Shohei",660271,2021,533,28.9,48.0,0.282
"Taylor, Blake",642130,2021,188,24.6,44.7,0.285
"Houser, Adrian",605288,2021,599,19.2,44.4,0.311
"Taillon, Jameson",592791,2021,603,26.5,50.8,0.305
"Vasquez, Andrew",607755,2021,6,26.7,55.6,0.085
"Anderson, Shaun",641312,2021,124,27.1,48.1,0.343
"Chatwood, Tyler",543022,2021,145,31.4,40.9,0.324
"Ramirez, Nick",598286,2021,91,21.2,48.1,0.299
"Wells, Alex",649144,2021,197,16.4,42.8,0.388
"Brach, Brad",542960,2021,139,30.0,44.4,0.33
"Richards, Trevor",670950,2021,251,32.8,47.1,0.3
"Fry, Paul",643316,2021,215,25.6,40.4,0.311
"Rogers, Taylor",573124,2021,166,29.7,49.4,0.244
"Webb, Tyler",643778,2021,92,19.3,43.6,0.37
"Hoffman, Jeff",656546,2021,335,29.8,44.4,0.329
"Fairbanks, Pete",664126,2021,189,30.6,46.5,0.268
"Kremer, Dean",665152,2021,245,20.4,45.3,0.376
"Chacín, Jhoulys",468504,2021,269,22.6,46.0,0.319
"Buchter, Ryan",488748,2021,78,22.7,43.5,0.394
"Wood, Hunter",621056,2021,19,33.3,40.9,0.305
"Eaton, Adam",594809,2021,5,10.0,47.6,0.178
"Zimmer, Kyle",622092,2021,223,25.0,43.7,0.335
"Peralta, Wandy",593974,2021,219,32.3,50.1,0.311
"Misiewicz, Anthony",664948,2021,236,26.2,52.1,0.314
"Hunter, Tommy",488984,2021,33,13.0,49.5,0.303
"Happ, J.A.",457918,2021,671,19.6,47.9,0.356
"Rogers, Josh",642028,2021,151,18.3,48.2,0.361
"Underwood Jr., Duane",621249,2021,320,23.8,45.4,0.345
"Eovaldi, Nathan",543135,2021,764,25.9,51.6,0.285
"Castillo, Luis",622491,2021,803,28.9,49.3,0.293
"Pivetta, Nick",601713,2021,661,24.6,48.1,0.3
"Newcomb, Sean",656794,2021,150,26.5,45.5,0.325
"Cleavinger, Garrett",664076,2021,85,25.7,39.3,0.34
"O'Day, Darren",503285,2021,46,28.1,47.1,0.321
"Snyder, Nick",676766,2021,15,21.4,47.5,0.373
"King, John",667463,2021,193,26.1,50.6,0.28
"Campbell, Paul",669294,2021,124,24.4,48.1,0.349
"Luzardo, Jesús",666200,2021,437,29.9,47.0,0.348
"Thornton, Trent",663423,2021,216,23.7,47.4,0.349
"Avilán, Luis",501593,2021,27,22.0,38.0,0.381
"Solomon, Peter",656981,2021,55,20.6,42.7,0.298
"Corbin, Patrick",571578,2021,751,24.9,47.9,0.358
"Estévez, Carlos",608032,2021,270,24.7,49.9,0.318
"Herget, Jimmy",623474,2021,78,31.5,43.5,0.293
"Goudeau, Ashton",623485,2021,141,18.8,46.3,0.297
"Martin, Chris",455119,2021,180,21.2,54.8,0.309
"Wilson, Justin",458677,2021,149,20.8,46.9,0.324
"Weaver, Luke",596133,2021,275,23.7,51.3,0.326
"Beasley, Jeremy",676886,2021,47,38.3,47.5,0.358
"Luetge, Lucas",476595,2021,301,27.6,50.4,0.282
"Parker, Blake",453284,2021,185,23.6,47.0,0.311
"Rosso, Ramón",665759,2021,35,17.8,50.7,0.389
"Giolito, Lucas",608337,2021,719,32.2,50.5,0.281
"Davis, Wade",451584,2021,190,23.4,48.4,0.372
"Merryweather, Julian",657240,2021,55,21.9,48.4,0.346
"Latz, Jacob",656641,2021,19,20.5,52.4,0.29
"Littell, Zack",641793,2021,252,28.4,52.1,0.302
"Colomé, Alex",517008,2021,290,26.9,49.2,0.333
"Wade, Konner",592831,2021,64,22.0,47.6,0.365
"Brentz, Jake",641394,2021,278,30.2,43.7,0.321
"Sims, Lucas",608371,2021,195,35.4,43.7,0.247
"Edwards Jr., Carl",605218,2021,30,29.2,43.2,0.341
"Stroman, Marcus",573186,2021,729,26.8,48.5,0.318
"Feliz, Michael",593140,2021,90,29.1,48.4,0.376
"Bostick, Akeem",641384,2021,4,20.0,35.7,0.326
"Carpenter, Matt",572761,2021,6,0.0,30.8,0.551
"Ruiz, José",614179,2021,271,24.0,48.7,0.315
"Hartlieb, Geoff",664129,2021,50,22.2,38.0,0.361
"Andriese, Matt",542882,2021,222,22.7,48.0,0.347
"Wieck, Brad",623364,2021,71,28.0,40.3,0.255
"Guerra, Deolis",500610,2021,269,28.4,48.3,0.272
"Lovelady, Richard",663992,2021,84,28.7,47.6,0.26
"Detwiler, Ross",446321,2021,229,24.0,45.0,0.315
"Hale, David",571735,2021,116,20.2,47.3,0.371
"Moreta, Dauri",664294,2021,14,18.2,57.9,0.26
"Soria, Joakim",465657,2021,159,26.0,51.4,0.303
"Romano, Sal",607219,2021,118,13.0,42.3,0.371
"Jewell, Jake",657228,2021,51,28.4,50.7,0.377
"Sánchez, Miguel",667376,2021,120,28.9,52.3,0.362
"Glasnow, Tyler",607192,2021,340,37.0,49.1,0.256
"Curtiss, John",595928,2021,187,27.2,49.6,0.306
"Kluber, Corey",446372,2021,341,28.1,47.1,0.312
"Garrett, Braxton",666129,2021,159,21.8,44.9,0.372
"Ponce, Cody",664074,2021,179,22.2,49.3,0.346
"Pagán, Emilio",641941,2021,263,29.7,52.5,0.327
"Mize, Casey",663554,2021,612,22.6,45.8,0.339
"Graterol, Brusdar",660813,2021,150,19.0,51.2,0.307
"Duffey, Tyler",608648,2021,254,23.6,43.4,0.303
"Madero, Luís",650347,2021,56,15.3,39.7,0.386
"Pomeranz, Drew",519141,2021,102,27.4,44.2,0.275
"Neris, Héctor",593576,2021,310,34.4,49.4,0.27
"Mejía, Francisco",642336,2021,14,0.0,46.4,0.453
"Mejía, J.C.",650496,2021,238,20.8,45.6,0.369
"Vest, Will",676684,2021,156,22.8,47.0,0.351
"Rondón, Angel",667373,2021,7,7.1,48.3,0.289
"Otto Jr., Glenn",657248,2021,111,22.1,50.4,0.344
"Warren, Austin",681810,2021,84,27.9,45.8,0.252
"Hardy, Blaine",543278,2021,7,7.7,41.9,0.318
"Cole, A.J.",595918,2021,30,27.6,50.9,0.293
"McGowin, Kyle",641851,2021,128,27.8,45.8,0.28
"Kuhl, Chad",641771,2021,349,27.1,41.6,0.331
"Megill, Tylor",656731,2021,379,26.1,50.0,0.3
"Benjamin, Wes",605138,2021,112,21.0,47.5,0.365
"Detmers, Reid",672282,2021,101,26.8,48.3,0.354
"Machado, Andrés",600921,2021,154,22.7,45.0,0.305
"Clippard, Tyler",461325,2021,111,24.3,46.1,0.359
"Severino, Luis",622663,2021,22,34.1,44.9,0.217
"Ridings, Stephen",670050,2021,20,41.2,45.9,0.277
"Jax, Griffin",643377,2021,360,21.4,48.3,0.36
"Clay, Sam",621348,2021,214,21.6,44.5,0.335
"McRae, Alex",656725,2021,10,26.9,53.1,0.439
"Graveman, Kendall",608665,2021,222,25.8,44.9,0.295
"Sheffield, Jordan",642068,2021,116,23.4,45.0,0.3
"Guerra, Javy",457915,2021,37,14.7,50.7,0.529
"Hartman, Ryan",670057,2021,10,23.8,45.7,0.29
"Turnbull, Spencer",605513,2021,201,23.3,49.3,0.269
"Cabrera, Génesis",650893,2021,296,26.7,47.6,0.294
"Gomber, Austin",596295,2021,488,26.1,46.4,0.31
"Ellis, Chris",595939,2021,121,25.9,46.5,0.353
"Wantz, Andrew",681806,2021,120,30.3,47.8,0.313
"Wittgren, Nick",621295,2021,258,26.3,46.4,0.349
"Farmer, Buck",571656,2021,171,26.0,45.0,0.381
"Muller, Kyle",666205,2021,155,30.8,45.5,0.304
"McCaughan, Darren",670766,2021,39,3.6,37.4,0.331
"Garza Jr., Ralph",621248,2021,127,23.8,46.0,0.319
"Richards, Garrett",572070,2021,617,22.5,48.9,0.355
"Effross, Scott",664123,2021,58,30.0,45.0,0.264
"Hudson, Daniel",543339,2021,210,34.4,52.1,0.282
"Chargois, JT",608638,2021,216,27.4,45.9,0.298
"Bundy, Dylan",605164,2021,397,23.3,44.7,0.334
"Bedrosian, Cam",592135,2021,116,24.1,46.2,0.373
"Lowther, Zac",675912,2021,138,24.9,43.6,0.398
"Dohy, Kyle",675971,2021,5,12.5,40.0,0.275
"Woodford, Jake",663765,2021,293,20.5,43.9,0.331
"Slegers, Aaron",642083,2021,149,25.0,47.7,0.34
"Bard, Daniel",453268,2021,304,30.0,46.3,0.313
"Singer, Brady",663903,2021,586,25.3,43.7,0.327
"O'Brien, Riley",676617,2021,9,38.9,42.9,0.624
"Walker, Taijuan",592836,2021,654,23.6,46.2,0.327
"Anderson, Chase",502624,2021,215,23.5,46.4,0.358
"Crichton, Stefan",592233,2021,117,15.4,43.4,0.349
"Williams, Taylor",592865,2021,55,25.5,44.7,0.349
"Kinley, Tyler",641755,2021,295,29.2,51.3,0.306
"Lauer, Eric",641778,2021,489,24.2,48.6,0.304
"Bergen, Travis",664157,2021,46,21.7,44.1,0.343
"Skubal, Tarik",669373,2021,634,26.7,48.9,0.354
"Bielak, Brandon",656232,2021,218,25.3,46.9,0.308
"Díaz, Miguel",622766,2021,172,20.7,43.0,0.347
"Zerpa, Angel",672582,2021,20,13.3,44.1,0.278
"Mejía, Humberto",650668,2021,105,21.6,50.6,0.36
"García, Rony",665621,2021,12,10.0,35.7,0.431
"Ryan, Kyle",594986,2021,62,17.0,39.1,0.367
"Plesac, Zach",668676,2021,598,23.1,51.0,0.327
"Moll, Sam",594580,2021,44,16.7,35.9,0.314
"Strickland, Hunter",519326,2021,242,27.5,49.3,0.298
"Rodriguez, Nivaldo",670550,2021,31,13.6,38.6,0.497
"Taylor, Josh",657031,2021,209,34.0,49.4,0.316
"Holloway, Jordan",656548,2021,158,27.2,40.4,0.311
"Anderson, Ian",666120,2021,535,28.6,46.1,0.315
"Widener, Taylor",642203,2021,319,23.4,45.9,0.356
"Dickson, Brandon",505447,2021,10,20.0,42.9,0.414
"Swanson, Erik",657024,2021,144,27.6,53.9,0.274
"Diplán, Marcos",650959,2021,123,25.1,45.9,0.321
"Archer, Chris",502042,2021,83,29.3,45.9,0.366
"Kaprielian, James",621076,2021,502,27.2,45.7,0.324
"Rucker, Michael",621074,2021,126,30.3,49.8,0.354
"White, Mitch",669952,2021,197,23.3,49.0,0.299
"Tropeano, Nick",607374,2021,34,23.6,45.8,0.341
"Peguero, Elvis",665625,2021,17,3.8,40.6,0.405
"Treinen, Blake",595014,2021,286,29.3,48.9,0.249
"Sulser, Cole",642121,2021,257,30.3,50.7,0.272
"Castro, Anthony",621593,2021,109,28.2,44.4,0.293
"Bumgarner, Madison",518516,2021,613,21.7,49.0,0.319
"Keller, Mitch",656605,2021,470,20.7,46.1,0.36
"Stephan, Trevor",663986,2021,282,30.2,47.4,0.347
"Payamps, Joel",606303,2021,205,23.0,48.9,0.268
"Hand, Brad",543272,2021,278,20.9,42.8,0.329
"Webb, Jacob",657097,2021,153,31.4,53.9,0.304
"Elledge, Seth",676220,2021,52,27.6,39.4,0.339
"Gsellman, Robert",607229,2021,119,22.2,50.6,0.335
"Baker, Bryan",641329,2021,4,40.0,52.6,0.335
"Ureña, José",570632,2021,456,20.5,46.4,0.363
"Howard, Spencer",675921,2021,229,25.2,44.9,0.33
"Hammer, JD",670456,2021,94,24.4,41.5,0.301
"Martinez, Carlos",593372,2021,363,18.8,46.2,0.367
"Nolin, Sean",543594,2021,123,20.7,46.5,0.313
"Murphy, Patrick",641907,2021,128,22.7,46.3,0.336
"Norris, Daniel",596057,2021,248,27.2,45.3,0.32
"De Los Santos, Enyel",660853,2021,173,31.9,53.9,0.332
"Newberry, Jake",623470,2021,24,27.3,44.0,0.456
"Castano, Daniel",641447,2021,92,16.9,49.8,0.371
"Barlow, Joe",669618,2021,111,25.8,49.5,0.287
"Santos, Gregory",666619,2021,13,23.8,39.6,0.545
"Ramírez, Erasmo",541640,2021,109,16.7,51.8,0.294
"Harvey, Hunter",640451,2021,36,11.8,48.9,0.311
"Flexen, Chris",623167,2021,741,19.3,49.8,0.319
"Rogers, Trevor",669432,2021,550,31.0,49.4,0.283
"Peralta, Wily",503449,2021,402,21.3,45.2,0.335
"Floro, Dylan",571670,2021,270,22.9,48.6,0.288
"Miller, Shelby",571946,2021,62,23.7,43.2,0.382
"Lynn, Lance",458681,2021,641,26.3,50.2,0.258
"Hatch, Thomas",641672,2021,45,21.5,47.6,0.405
"Baragar, Caleb",670056,2021,98,22.1,48.0,0.317
"Steckenrider, Drew",608716,2021,267,20.5,49.8,0.286
"Harris, Will",501789,2021,30,26.5,50.4,0.345
"Harper, Ryne",607560,2021,148,22.4,47.3,0.293
"Gant, John",607231,2021,491,24.6,43.3,0.346
"Scherzer, Max",453286,2021,693,34.2,50.6,0.262
"Bednar, David",670280,2021,237,32.6,53.5,0.246
"Fry, Jace",605240,2021,31,17.9,41.2,0.393
"Lynch IV, Daniel",663738,2021,311,25.9,47.7,0.375
"Alzolay, Adbert",640470,2021,519,27.2,49.3,0.324
"Abbott, Cory",676265,2021,82,20.1,45.2,0.392
"Thorpe, Lewis",626929,2021,66,13.7,46.6,0.337
"Valdez, César",491624,2021,210,28.6,52.2,0.346
"Aguilar, Miguel",620396,2021,29,15.4,50.0,0.279
"Burns, Andy",542992,2021,6,16.7,50.0,0.606
"Cortes, Nestor",641482,2021,374,23.6,48.3,0.282
"Bolaños, Ronald",671790,2021,25,37.3,48.1,0.18
"Bush, Matt",456713,2021,17,31.0,42.0,0.315
"de Geus, Brett",676969,2021,238,17.8,43.2,0.359
"Bieber, Shane",669456,2021,405,36.5,47.9,0.296
"López, Jorge",605347,2021,555,20.7,43.7,0.352
"Lorenzen, Michael",547179,2021,125,26.8,48.0,0.309
"Betances, Dellin",476454,2021,5,16.7,28.6,0.39
"Avila, Pedro",658648,2021,20,18.4,45.2,0.433
"Strop, Pedro",467008,2021,10,33.3,33.3,0.336
"Weems, Jordan",607179,2021,30,24.6,45.5,0.451
"Feltner, Ryan",663372,2021,33,31.6,40.1,0.414
"Sandoval, Patrick",663776,2021,363,33.9,46.6,0.291
"Javier, Cristian",664299,2021,424,31.7,45.1,0.326
"Nogowski, John",596056,2021,16,4.3,65.7,0.358
"Camarena, Daniel",547176,2021,47,17.0,50.6,0.385
"Tyler, Kyle",667725,2021,52,12.2,43.2,0.305
"Knebel, Corey",608349,2021,101,31.1,49.1,0.259
"Young, Alex",622065,2021,246,27.1,49.0,0.364
"Moronta, Reyes",606625,2021,13,14.3,43.8,0.241
"Soto, Gregory",642397,2021,276,31.3,45.2,0.294
"Rea, Colin",607067,2021,24,25.0,48.4,0.355
"Crick, Kyle",605195,2021,107,27.6,40.1,0.335
"Hernández, Carlos",672578,2021,358,25.8,47.3,0.322
"Urquidy, José",664353,2021,423,24.9,52.9,0.304
"Sceroler, Mac",669135,2021,48,31.9,46.0,0.445
"Bubic, Kris",663460,2021,556,23.4,44.8,0.347
"Hernández, Elieser",622694,2021,225,24.2,52.1,0.328
"Irvin, Cole",608344,2021,768,19.5,52.0,0.338
"Hernández, Darwinzon",650382,2021,182,31.8,40.5,0.322
"Maeda, Kenta",628317,2021,453,29.4,49.6,0.297
"Sanchez, Aaron",592717,2021,156,20.4,42.9,0.305
"Gibson, Kyle",502043,2021,754,25.2,44.8,0.302
"Rowen, Ben",594985,2021,49,14.6,41.4,0.311
"Stashak, Cody",664054,2021,75,38.6,49.7,0.327
"Santiago, Héctor",502327,2021,117,27.1,50.3,0.258
"Cishek, Steve",518553,2021,308,20.3,41.6,0.299
"Hess, David",605276,2021,102,23.2,49.3,0.43
"Pérez, Martín",527048,2021,509,19.3,46.0,0.355
"Maile, Luke",571912,2021,5,18.2,55.0,0.274
"McCullers Jr., Lance",621121,2021,684,30.2,41.6,0.283
"Johnson, Pierce",572955,2021,244,30.3,44.9,0.286
"Smith, Will",519293,2021,283,33.2,47.7,0.284
"Doolittle, Sean",448281,2021,223,24.7,53.7,0.317
"Crismatt, Nabil",622503,2021,351,26.0,46.8,0.314
"Akin, Keegan",669211,2021,427,21.7,49.3,0.348
"Teheran, Julio",527054,2021,20,16.3,47.8,0.519
"Kowar, Jackson",663804,2021,154,24.4,42.8,0.398
"Bellatti, Andrew",571479,2021,19,27.1,57.8,0.383
"Harvey, Matt",518774,2021,582,19.1,48.0,0.351
"Brebbia, John",605154,2021,87,23.2,54.5,0.294
"Morán, Jovani",663558,2021,38,37.5,49.4,0.305
"Fulmer, Michael",605242,2021,297,29.5,48.9,0.302
"Alcala, Jorge",660896,2021,229,29.2,54.4,0.291
"Gonsalves, Stephen",624427,2021,18,28.6,51.2,0.238
"Santana, Ervin",429722,2021,277,24.7,48.0,0.364
"Abreu, Albert",656061,2021,156,26.8,44.2,0.334
"Greinke, Zack",425844,2021,697,21.8,46.0,0.321
"Ivey, Tyler",663959,2021,20,13.5,46.8,0.387
"Gutierrez, Vladimir",661269,2021,496,23.6,46.4,0.327
"Naughton, Packy",676050,2021,108,21.1,47.0,0.35
"Anderson, Drew",623454,2021,91,19.1,46.0,0.312
"McFarland, T.J.",519008,2021,144,17.4,49.4,0.299
"Guenther, Sean",674944,2021,103,21.2,47.2,0.338
"Knehr, Reiss",663753,2021,129,22.3,47.2,0.375
"Whitlock, Garrett",676477,2021,298,27.6,50.3,0.265
"Cotton, Jharel",605194,2021,137,26.9,48.8,0.271
"Lugo, Seth",607625,2021,195,31.1,47.1,0.314
"Gray, Jon",592351,2021,644,26.9,45.3,0.306
"Petricka, Jake",502593,2021,32,30.2,39.3,0.414
"Castillo, Diego",650895,2021,233,32.8,48.2,0.259
"Milner, Hoby",571948,2021,99,23.9,46.8,0.382
"Bradley, Archie",605151,2021,224,17.7,47.2,0.305
"Allen, Logan",663531,2021,222,19.2,44.7,0.38
"Blackburn, Paul",621112,2021,175,15.9,42.4,0.352
"Patton, Spencer",607359,2021,172,27.2,46.0,0.268
"Flaherty, Jack",656427,2021,322,28.1,44.8,0.337
"Zeuch, T.J.",643615,2021,74,16.8,47.9,0.46
"Díaz, Jhonathan",646242,2021,59,20.0,46.4,0.356
"Jannis, Mickey",595263,2021,21,0.0,33.8,0.691
"Zimmermann, Jordan",519455,2021,26,7.3,50.0,0.452
"Neidert, Nick",663734,2021,157,19.1,46.3,0.369
"Peña, Félix",570240,2021,16,40.0,46.2,0.477
"Smith, Burch",572143,2021,188,20.2,48.2,0.336
"Castro, Kervin",665645,2021,56,31.6,48.8,0.304
"Guerra, Junior",448855,2021,307,27.3,43.3,0.324
"Alexander, Tyler",641302,2021,451,20.0,50.0,0.319
"Finnegan, Kyle",640448,2021,294,25.0,47.6,0.3
"Quantrill, Cal",615698,2021,616,22.1,47.0,0.309
"Okert, Steven",595345,2021,142,30.5,47.4,0.279
"Zuber, Tyler",676604,2021,123,26.7,44.5,0.403
"Flaa, Jay",664852,2021,13,42.3,42.6,0.431
"García, Deivi",665620,2021,38,28.4,43.8,0.387
"Fedde, Erick",607200,2021,590,22.1,44.9,0.335
"Topa, Justin",623437,2021,23,7.1,47.7,0.333
"Heuer, Codi",676051,2021,281,28.1,52.0,0.303
"Wisler, Matt",605538,2021,195,32.0,43.7,0.254
"Eickhoff, Jerad",595191,2021,104,18.2,49.3,0.451
"Bruihl, Justin",677865,2021,73,20.9,50.6,0.298
"Suero, Wander",593833,2021,190,25.5,49.5,0.353
"Helsley, Ryan",664854,2021,206,27.2,45.7,0.329
"Tate, Dillon",622253,2021,287,22.4,45.9,0.312
"Petit, Yusmeiro",433589,2021,313,21.0,51.8,0.32
"Pérez, Cionel",672335,2021,111,30.3,39.2,0.317
"Williams, Trevor",592866,2021,405,24.1,48.9,0.325
"Hanhold, Eric",621098,2021,47,26.4,48.1,0.38
"Arihara, Kohei",685503,2021,178,18.6,43.2,0.412
"Garrett, Amir",607237,2021,215,33.7,43.7,0.317
"Bleier, Richard",542947,2021,225,20.1,57.4,0.269
"Romero, JoJo",668941,2021,44,20.2,49.1,0.365
"Warren, Art",605521,2021,82,40.9,52.1,0.201
"Lobstein, Kyle",543456,2021,8,13.3,44.1,0.439
"Kelly, Joe",523260,2021,182,28.1,42.0,0.276
"Hendriks, Liam",521230,2021,267,38.0,57.2,0.219
"McKenzie, Triston",663474,2021,495,27.9,48.4,0.321
"Kriske, Brooks",621139,2021,56,27.1,49.5,0.353
"Means, John",607644,2021,590,25.4,50.5,0.308
"Shreve, Chasen",592741,2021,235,24.3,48.0,0.302
"Crawford, Kutter",676710,2021,13,28.1,56.1,0.552
"Mitchell, Bryan",571951,2021,18,18.2,49.3,0.265
"Wojciechowski, Asher",592879,2021,19,20.6,41.0,0.321
"Jiménez, Joe",641729,2021,210,31.3,47.6,0.306
"Watson, Tony",453265,2021,225,26.2,48.0,0.287
"García, Yimi",554340,2021,237,26.9,50.5,0.321
"Loáisiga, Jonathan",642528,2021,283,27.8,53.0,0.23
"Green, Chad",643338,2021,315,32.0,52.7,0.278
"Waddell, Brandon",663399,2021,51,25.8,41.8,0.444
"Hicks, Jordan",663855,2021,44,24.4,37.7,0.279
"Ramirez, Noé",598287,2021,147,24.3,46.3,0.265
"Kopech, Michael",656629,2021,285,32.8,46.5,0.26
"Bazardo, Eduard",660825,2021,12,25.0,46.2,0.254
"Minter, A.J.",621345,2021,221,31.3,49.5,0.269
"Barnes, Charlie",656212,2021,175,16.9,45.0,0.373
"Hendrix, Ryan",641682,2021,142,32.9,40.6,0.349
"Rainey, Tanner",663432,2021,151,35.3,47.7,0.342
"Duplantier, Jon",641541,2021,70,20.8,44.4,0.389
"Ríos, Yacksel",605441,2021,114,25.5,43.7,0.34
"Kim, Kwang Hyun",547942,2021,452,22.0,44.1,0.326
"Romo, Sergio",489265,2021,259,29.5,43.5,0.289
"Kazmir, Scott",431148,2021,55,20.6,49.3,0.401
"Cole, Gerrit",543037,2021,726,31.9,48.9,0.271
"Ynoa, Huascar",660623,2021,372,28.8,47.6,0.314
"Díaz, Yennsy",660546,2021,113,23.5,44.7,0.323
"Coleman, Dylan",669395,2021,25,26.8,51.4,0.229
"Jones, Nate",518858,2021,87,27.3,52.1,0.36
"Márquez, Germán",608566,2021,756,27.2,47.8,0.31
"Stewart, Kohl",640464,2021,64,21.2,41.8,0.356
"Blandino, Alex",607468,2021,18,12.5,44.4,0.374
"Keuchel, Dallas",572971,2021,720,21.1,44.2,0.373
"Mills, Alec",621219,2021,517,18.7,46.0,0.333
"Feliz, Neftalí",491703,2021,19,17.9,58.2,0.419
"Wilson, Bryse",669060,2021,322,19.4,51.2,0.361
"Carlton, Drew",656290,2021,19,18.8,43.8,0.438
"Tomlin, Josh",458708,2021,218,23.5,54.3,0.345
"Fernández, Julian",642759,2021,33,23.6,47.0,0.339
"Lester, Jon",452657,2021,627,20.1,46.4,0.345
"Barraclough, Kyle",607457,2021,60,30.8,43.7,0.323
"López, Yoan",661255,2021,61,28.3,46.0,0.383
"Speier, Gabe",642100,2021,33,22.0,47.6,0.249
"Evans, Demarcus",663770,2021,120,28.2,46.9,0.295
"Junk, Janson",676083,2021,71,17.2,49.4,0.371
"Anderson, Tyler",542881,2021,703,23.1,54.2,0.315
"Voth, Austin",608723,2021,248,25.1,48.4,0.367
"Freeland, Kyle",607536,2021,515,21.6,46.2,0.315
"Eshelman, Thomas",664045,2021,126,13.8,44.2,0.352
"Santana, Dennis",642701,2021,237,26.8,46.4,0.346
"Wells, Tyler",669330,2021,224,28.3,55.0,0.29
"Gilbreath, Lucas",656458,2021,185,29.8,45.4,0.286
"Kennedy, Ian",453178,2021,228,27.2,53.9,0.302
"Keller, Brad",641745,2021,613,22.4,44.8,0.377
"Mella, Keury",622492,2021,15,18.2,44.0,0.494
"Foley, Jason",671345,2021,45,17.9,39.4,0.352
"Miller, Andrew",453192,2021,164,26.4,43.4,0.335
"Boxberger, Brad",502202,2021,266,32.1,45.8,0.287
"Bettinger, Alec",676424,2021,51,12.6,47.7,0.371
"Minor, Mike",501985,2021,669,24.4,48.7,0.319
"Carrasco, Carlos",471911,2021,237,27.3,52.0,0.335
"Feyereisen, J.P.",656420,2021,234,34.7,48.4,0.302
"Dugger, Robert",667498,2021,121,23.9,46.2,0.361
"Zimmermann, Bruce",669145,2021,285,25.6,46.3,0.377
"Nola, Aaron",605400,2021,749,27.9,49.2,0.285
"Middleton, Keynan",641871,2021,140,30.3,53.6,0.341
"Chapman, Aroldis",547973,2021,243,39.6,44.2,0.301
"Montgomery, Jordan",656756,2021,661,29.2,50.4,0.312
"Alvarado, José",621237,2021,251,33.2,40.1,0.313
"Sanmartin, Reiver",665665,2021,47,27.7,45.9,0.278
"Frías, Luis",666818,2021,16,22.2,39.7,0.383
"Staumont, Josh",622251,2021,264,26.6,43.5,0.304
"Miller, Justin",502522,2021,83,19.0,49.8,0.41
"Guduan, Reymin",594056,2021,65,19.6,48.9,0.41
"Bass, Anthony",542914,2021,260,27.1,45.4,0.331
"Cahill, Trevor",502239,2021,166,22.9,44.1,0.334
"Hentges, Sam",656529,2021,318,24.0,45.2,0.356
"López, Pablo",641154,2021,418,25.7,50.8,0.289
"Crochet, Garrett",676979,2021,230,28.9,44.6,0.281
"Wick, Rowan",592858,2021,100,29.5,41.5,0.297
"Melancon, Mark",453343,2021,265,20.8,45.6,0.315
"Dobnak, Randy",677976,2021,228,17.4,47.3,0.388
"Valdez, Phillips",570488,2021,177,23.0,42.0,0.33
"Musgrove, Joe",605397,2021,748,30.0,46.9,0.305
"Howard, Sam",607572,2021,200,38.0,44.4,0.315
"Castellanos, Humberto",528748,2021,196,15.1,44.6,0.317
"Strider, Spencer",675911,2021,9,20.8,63.2,0.335
"Rodríguez, Richard",593144,2021,251,20.2,52.9,0.32
"Espino, Paolo",502179,2021,455,20.3,46.1,0.336
"Workman, Brandon",519443,2021,136,24.2,40.2,0.397
"Ryu, Hyun Jin",547943,2021,701,22.6,47.5,0.322
"Suter, Brent",608718,2021,313,21.0,48.8,0.295
"Cody, Kyle",621129,2021,55,26.5,48.8,0.37
"Darvish, Yu",506433,2021,681,27.3,47.6,0.28
"De León, José",592254,2021,91,33.1,47.0,0.337
"Coonrod, Sam",656322,2021,185,24.9,49.6,0.29
"Enns, Dietrich",608650,2021,88,23.9,56.9,0.253
"Ponce de Leon, Daniel",594965,2021,159,21.6,46.7,0.358
"Senzatela, Antonio",622608,2021,670,19.7,48.1,0.319
"Steele, Justin",657006,2021,248,27.6,44.4,0.309
"Martin, Brett",656685,2021,264,22.7,53.4,0.29
"Sánchez, Cristopher",650911,2021,59,23.1,49.3,0.282
"Fletcher, Aaron",667465,2021,20,29.3,47.7,0.341
"Nittoli, Vinny",657697,2021,6,44.4,34.6,0.611
"Sewald, Paul",623149,2021,264,36.5,49.9,0.263
"Fleming, Josh",676596,2021,448,19.5,49.4,0.33
"Pressly, Ryan",519151,2021,250,32.0,50.0,0.246
"Nance, Tommy",667297,2021,127,24.4,43.2,0.343
"Lakins, Travis",664042,2021,123,25.7,44.3,0.354
"Lee, Dylan",669276,2021,9,27.8,62.1,0.459
"Cueto, Johnny",456501,2021,490,22.8,50.4,0.339
"Báez, Pedro",520980,2021,15,28.1,54.2,0.297
"May, Dustin",669160,2021,92,31.6,46.5,0.268
"Krol, Ian",571871,2021,86,23.8,48.1,0.315
"Beede, Tyler",595881,2021,6,40.0,35.7,0.343
"Szapucki, Thomas",663378,2021,20,29.0,37.8,0.507
"Seabold, Connor",657756,2021,12,10.5,44.2,0.455
"Knight, Dusten",643400,2021,44,29.1,42.5,0.325
"Criswell, Cooper",681867,2021,10,0.0,48.8,0.406
"Smyly, Drew",592767,2021,546,25.0,49.9,0.341
"Mayers, Mike",594577,2021,315,29.2,48.0,0.303
"Shoemaker, Matt",533167,2021,284,22.2,49.4,0.38
"Spitzbarth, Shea",665661,2021,22,3.0,40.2,0.359
"Claudio, Alex",592222,2021,148,25.8,42.9,0.333
"Ramírez, Yohan",670990,2021,114,35.9,45.4,0.279
"Cobb, Alex",502171,2021,393,26.5,44.7,0.306
"Snead, Kirby",669912,2021,30,22.0,45.0,0.364
"Cisnero, José",542585,2021,265,23.6,44.8,0.312
"Kintzler, Brandon",445213,2021,141,15.8,45.9,0.378
"Mantiply, Joe",573009,2021,177,27.9,48.5,0.305
"Schmidt, Clarke",657376,2021,38,18.6,49.0,0.331
"Hildenberger, Trevor",657610,2021,14,23.8,36.2,0.418
"Hutchison, Drew",571800,2021,91,23.3,48.1,0.362
"Almonte, Yency",622075,2021,217,26.6,42.7,0.351
"Barnes, Jacob",606930,2021,128,27.4,47.4,0.318
"Brubaker, JT",664141,2021,537,27.4,47.5,0.326
"Wainwright, Adam",425794,2021,828,20.2,43.8,0.302
"Yardley, Eric",642233,2021,89,11.9,40.0,0.365
"Koerner, Brody",621259,2021,13,12.5,30.8,0.379
"Ross, Joe",605452,2021,460,25.4,46.3,0.315
"Fiers, Mike",571666,2021,45,11.3,46.7,0.405
"Emanuel, Kent",592288,2021,68,13.7,42.5,0.285
"Mills, Wyatt",670090,2021,64,18.6,42.2,0.351
"Tapia, Domingo",593619,2021,135,20.8,42.5,0.305
"Davis, Austin",656354,2021,117,26.4,44.0,0.32
"Rogers, Tyler",643511,2021,326,16.5,51.0,0.262
"Mazza, Chris",607391,2021,112,28.4,50.4,0.307
"Civale, Aaron",650644,2021,498,21.4,47.4,0.333
"Diekman, Jake",518617,2021,262,35.1,43.8,0.319
"Jackson, Luke",592426,2021,261,30.5,47.6,0.309
"Guzmán, Jorge",660422,2021,15,43.5,37.7,0.461
"Head, Louis",545343,2021,134,25.5,50.9,0.267
"Thompson, Mason",666168,2021,121,21.8,42.2,0.334
"Allgeyer, Nick",680430,2021,3,40.0,35.7,0.243
"Rodón, Carlos",607074,2021,534,33.2,50.5,0.254
"Gilbert, Tyler",656457,2021,157,16.8,52.7,0.309
"Llovera, Mauricio",661440,2021,35,21.5,44.8,0.38
"Robles, Hansel",570663,2021,297,24.0,48.8,0.329
"Meisinger, Ryan",664682,2021,38,27.9,45.6,0.288
"Morejon, Adrian",670970,2021,20,30.8,48.8,0.365
"Yamamoto, Jordan",657141,2021,33,14.8,48.6,0.349
"Adon, Joan",672851,2021,24,33.3,38.3,0.316
"Holland, Greg",518813,2021,243,28.7,47.1,0.356
"Sampson, Adrian",592716,2021,145,21.3,50.0,0.339
"Brogdon, Connor",641401,2021,235,29.1,52.9,0.265
"Snell, Blake",605483,2021,550,31.8,44.4,0.334
"Bauer, Trevor",545333,2021,432,30.3,45.7,0.286
"Alexy, A.J.",669935,2021,97,22.0,43.9,0.395
"Paredes, Enoli",660600,2021,53,31.2,36.6,0.388
"Bukauskas, J.B.",656266,2021,81,25.2,48.6,0.361
"González, Victor",624647,2021,155,28.7,45.6,0.324
"Greene, Shane",572888,2021,113,22.4,42.9,0.317
"Pineda, Michael",501381,2021,458,22.1,51.7,0.337
"Clarke, Taylor",664199,2021,194,22.7,51.3,0.322
"Gonsolin, Tony",664062,2021,239,29.9,44.5,0.296
"Scrubb, Andre",668687,2021,86,28.7,36.4,0.376
"Baumann, Mike",657508,2021,50,19.8,46.5,0.485
"Peterson, David",656849,2021,287,25.3,46.8,0.367
"Schreiber, John",670167,2021,13,24.0,44.6,0.313
"Mikolas, Miles",571945,2021,186,17.3,48.8,0.323
"Wright, Kyle",657140,2021,35,29.4,38.3,0.474
"Buehler, Walker",621111,2021,815,26.5,49.2,0.271
"González, Chi Chi",592346,2021,448,16.4,48.5,0.385
"Lail, Brady",621078,2021,10,26.7,53.6,0.278
"Loup, Aaron",571901,2021,218,27.4,46.8,0.275
"Pruitt, Austin",643493,2021,29,22.2,57.3,0.364
"Burrows, Beau",663366,2021,58,17.7,46.4,0.476
"DeSclafani, Anthony",543101,2021,676,24.2,48.9,0.305
"Weigel, Patrick",622256,2021,21,27.6,31.2,0.307
"Burr, Ryan",621114,2021,151,24.1,44.0,0.307
"Norwood, James",656803,2021,23,23.4,50.0,0.403
"Weber, Ryan",543901,2021,45,23.9,44.4,0.457
"Wood, Alex",622072,2021,585,27.6,47.5,0.304
"Garza, Justin",621057,2021,128,25.6,42.7,0.39
"Conley, Adam",543045,2021,76,26.2,50.3,0.288
"Sadler, Casey",594987,2021,145,23.7,44.2,0.243
"Gose, Anthony",543238,2021,24,28.6,54.8,0.186
"LeBlanc, Wade",453281,2021,221,20.5,46.7,0.359
"Law, Derek",571882,2021,67,34.3,47.9,0.349
"López, Reynaldo",625643,2021,222,24.8,49.0,0.297
"Lamet, Dinelson",659275,2021,209,32.3,49.5,0.307
"Ottavino, Adam",493603,2021,277,28.0,40.5,0.298
"Honeywell, Brent",641703,2021,21,18.9,47.4,0.446
"Berríos, José",621244,2021,781,23.7,47.0,0.311
"Farrell, Luke",608652,2021,113,29.0,44.4,0.369
"Gallen, Zac",668678,2021,523,23.6,44.3,0.307
"Rodríguez, Manuel",655889,2021,83,25.2,45.0,0.338
"Contreras, Roansy",672710,2021,12,27.3,47.8,0.253
"Abad, Fernando",472551,2021,82,13.7,43.8,0.326
"Weathers, Ryan",677960,2021,401,18.9,44.8,0.346
"Quintana, Jose",500779,2021,297,29.1,46.0,0.336
"Alaniz, R.J.",595798,2021,13,22.2,38.0,0.489
"Alcantara, Sandy",645261,2021,837,27.5,53.3,0.289
"Manoah, Alek",666201,2021,459,29.8,48.1,0.283
"Tinoco, Jesus",622786,2021,10,18.8,50.0,0.854
"Selman, Sam",572125,2021,110,20.4,47.6,0.338
"Mayza, Tim",641835,2021,211,25.4,45.4,0.272
"Jansen, Kenley",445276,2021,278,33.3,50.1,0.26
"Lawrence, Justin",664875,2021,86,25.7,34.7,0.354
"Boyd, Matthew",571510,2021,337,22.7,50.9,0.313
"Swarzak, Anthony",461872,2021,56,16.3,49.2,0.406
"Syndergaard, Noah",592789,2021,8,21.4,53.8,0.415
"Paulino, David",600944,2021,9,6.3,50.0,0.445
"Fulmer, Carson",608334,2021,116,30.7,42.2,0.334
"Odorizzi, Jake",543606,2021,441,21.9,48.9,0.329
"Rasmussen, Drew",656876,2021,307,25.4,47.1,0.299
"Rodriguez, Chris",669735,2021,134,25.1,41.8,0.286
"Peters, Dillon",596071,2021,117,24.5,51.7,0.321
"Ashby, Aaron",676879,2021,133,29.6,45.7,0.268
"Reyes, Alex",621052,2021,317,35.0,43.9,0.291
"Hader, Josh",623352,2021,224,45.2,50.9,0.229
"Davies, Zach",605200,2021,668,22.3,43.2,0.373
"Sawamura, Hirokazu",617228,2021,232,35.0,46.9,0.31
"Sittinger, Brandyn",670087,2021,21,13.3,56.3,0.571
"Mattson, Isaac",676755,2021,23,24.4,45.1,0.397
"Maton, Phil",664208,2021,297,34.8,49.2,0.294
"Smith, Riley",642092,2021,301,13.8,47.3,0.346
"Canning, Griffin",656288,2021,277,30.3,49.5,0.334
"Wright Jr., Mike",605541,2021,81,18.7,42.8,0.363
"Lange, Alex",656638,2021,162,32.4,48.4,0.362
"Tice, Ty",676709,2021,39,17.5,44.4,0.38
"Poppen, Sean",664092,2021,110,25.9,40.9,0.346
"Iglesias, Raisel",628452,2021,273,40.9,53.5,0.244
"Lambert, Peter",663567,2021,30,23.2,45.5,0.362
"Matzek, Tyler",554431,2021,264,29.8,48.8,0.269
"Moore, Matt",519043,2021,334,22.1,47.7,0.337
"Bickford, Phil",641360,2021,207,29.8,50.6,0.272
"Martinez, Seth",661527,2021,16,24.0,39.7,0.42
"Funkhouser, Kyle",608335,2021,298,26.4,44.3,0.314
"Oviedo, Luis",665854,2021,147,27.7,40.5,0.369
"Ramos, AJ",573109,2021,16,31.0,46.8,0.161
"Vesia, Alex",681911,2021,161,38.1,48.4,0.261
"Clase, Emmanuel",661403,2021,279,33.2,55.0,0.232
"Alvarez, Jose",501625,2021,266,20.7,47.3,0.287
"Johnson, DJ",597113,2021,15,35.3,47.2,0.306
"Morton, Charlie",450203,2021,756,29.1,46.0,0.284
"Maples, Dillon",596027,2021,139,30.5,34.9,0.322
"Perdomo, Angel",622780,2021,79,33.3,40.7,0.343
"Wacha, Michael",608379,2021,528,23.0,53.6,0.352
"Crowe, Wil",640444,2021,524,25.5,44.7,0.345
"Banda, Anthony",607455,2021,153,25.8,48.9,0.293
"Margevicius, Nick",676606,2021,59,16.1,45.6,0.351
"Bassitt, Chris",605135,2021,637,23.9,47.7,0.286
"Nelson, Kyle",669459,2021,49,29.7,42.0,0.343
"Barlow, Scott",605130,2021,306,35.0,46.2,0.282
"Cease, Dylan",656302,2021,708,34.6,46.8,0.295
"Stephens, Jackson",623451,2022,235,22.1,48.9,0.31
"Diehl, Phillip",670426,2022,28,23.2,46.7,0.447
"Hughes, Brandon",676714,2022,240,33.1,48.7,0.31
"Eflin, Zach",621107,2022,313,22.1,47.7,0.278
"Feyereisen, J.P.",656420,2022,86,33.5,51.2,0.258
"Holton, Tyler",663947,2022,39,29.6,50.9,0.302
"Thompson, Keegan",624522,2022,485,24.5,46.2,0.326
"Thompson, Zack",668868,2022,136,17.6,46.4,0.3
"Holderman, Colin",670059,2022,118,23.0,44.2,0.295
"Paredes, Enoli",660600,2022,14,18.5,47.4,0.3
"Avila, Pedro",658648,2022,18,32.4,48.6,0.369
"Koch, Matt",571863,2022,19,28.6,48.6,0.366
"Fernández, Junior",658551,2022,84,26.7,45.0,0.306
"Howard, Sam",607572,2022,12,19.0,36.2,0.486
"Selman, Sam",572125,2022,75,23.5,46.1,0.31
"Bellatti, Andrew",571479,2022,231,37.4,47.1,0.294
"Feltner, Ryan",663372,2022,428,20.8,46.1,0.342
"Nola, Aaron",605400,2022,807,27.9,49.5,0.261
"Boyd, Matthew",571510,2022,53,30.0,46.9,0.259
"Gutierrez, Vladimir",661269,2022,179,18.0,42.3,0.369
"Ryu, Hyun Jin",547943,2022,113,16.9,46.3,0.353
"Pérez, Oliver",424144,2022,24,9.1,45.2,0.39
"Castillo, Max",666721,2022,170,24.0,46.6,0.338
"Baker, Bryan",641329,2022,291,27.3,45.0,0.283
"Eickhoff, Jerad",595191,2022,27,23.8,50.6,0.433
"Ashcraft, Graham",668933,2022,464,18.6,49.4,0.313
"Finnegan, Kyle",640448,2022,268,27.7,49.3,0.285
"Santillan, Tony",663574,2022,96,28.2,42.6,0.328
"Steele, Justin",657006,2022,512,24.0,47.3,0.298
"Martinez, Nick",607259,2022,448,25.6,47.6,0.306
"Freeland, Kyle",607536,2022,766,20.8,47.5,0.352
"Morgan, Eli",669212,2022,256,26.4,52.1,0.271
"Bender, Anthony",669622,2022,78,28.7,42.0,0.344
"Barlow, Scott",605130,2022,290,32.5,46.2,0.272
"Castillo, José",620454,2022,5,30.0,62.5,0.51
"Montas, Frankie",593423,2022,608,27.6,51.3,0.311
"Kittredge, Andrew",552640,2022,75,25.8,56.7,0.271
"Waldichuk, Ken",686610,2022,146,25.5,50.9,0.332
"Pruitt, Austin",643493,2022,224,24.8,50.8,0.311
"Borucki, Ryan",621366,2022,111,26.4,47.5,0.37
"Weiss, Zack",592848,2022,56,41.1,45.5,0.25
"Marte, Yunior",628708,2022,214,26.3,47.9,0.303
"Voth, Austin",608723,2022,442,24.6,47.9,0.33
"Jackson, Jay",543351,2022,5,33.3,50.0,0.187
"Cole, Gerrit",543037,2022,793,34.1,48.2,0.289
"Murfee, Penn",682171,2022,272,25.0,50.1,0.256
"Thornburg, Tyler",592804,2022,87,20.8,41.2,0.285
"Snider, Collin",676092,2022,151,20.9,43.4,0.376
"Pineda, Michael",501381,2022,200,17.5,50.1,0.386
"Anderson, Shaun",641312,2022,7,10.0,47.6,0.386
"Harvey, Hunter",640451,2022,157,27.5,49.5,0.263
"Reyes, Denyi",660593,2022,31,19.1,58.1,0.24
"Cueto, Johnny",456501,2022,651,17.6,49.8,0.317
"Soto, Gregory",642397,2022,263,25.9,47.0,0.315
"Liberatore, Matthew",669461,2022,161,21.6,44.2,0.363
"Means, John",607644,2022,34,20.5,54.1,0.307
"Valdez, Framber",664285,2022,827,25.8,47.0,0.285
"González, Chi Chi",592346,2022,99,14.4,44.4,0.378
"Alzolay, Adbert",640470,2022,52,34.0,51.8,0.242
"Severino, Luis",622663,2022,405,27.8,49.2,0.277
"Littell, Zack",641793,2022,190,27.7,52.4,0.302
"Hoffman, Jeff",656546,2022,197,25.6,44.7,0.319
"Ragans, Cole",666142,2022,174,22.5,50.4,0.339
"Woodford, Jake",663765,2022,188,17.3,49.8,0.315
"Murphy, Patrick",641907,2022,34,17.9,47.2,0.362
"Lawrence, Justin",664875,2022,191,24.7,43.5,0.297
"Overton, Connor",656818,2022,124,16.3,44.6,0.296
"Faedo, Alex",656412,2022,244,24.2,46.1,0.369
"Chargois, JT",608638,2022,86,23.2,49.1,0.255
"Beede, Tyler",595881,2022,285,20.3,44.2,0.343
"Quantrill, Cal",615698,2022,770,18.5,48.7,0.324
"Cotton, Jharel",605194,2022,181,25.4,50.5,0.313
"Leone, Dominic",608678,2022,222,35.8,55.4,0.303
"Perdomo, Luis",606131,2022,96,23.4,50.9,0.341
"Wantz, Andrew",681806,2022,204,32.0,47.1,0.306
"Wick, Rowan",592858,2022,294,23.9,47.6,0.361
"Cease, Dylan",656302,2022,747,33.3,47.3,0.261
"Hader, Josh",623352,2022,219,36.6,47.0,0.293
"Crismatt, Nabil",622503,2022,280,26.6,47.5,0.294
"Holmes, Clay",605280,2022,260,29.8,46.5,0.245
"Bundy, Dylan",605164,2022,595,21.3,52.2,0.326
"López, Reynaldo",625643,2022,254,29.0,50.4,0.271
"Johnson, Pierce",572955,2022,64,28.0,42.1,0.26
"Buttó, José",676130,2022,23,24.5,54.1,0.38
"Valdez, Phillips",570488,2022,72,23.2,39.0,0.315
"Bubic, Kris",663460,2022,587,21.3,47.0,0.367
"Junis, Jakob",596001,2022,478,21.5,45.7,0.32
"Vespi, Nick",663989,2022,112,31.7,48.9,0.358
"O'Brien, Riley",676617,2022,5,18.2,47.8,0.24
"Sanders, Phoenix",676637,2022,57,17.4,53.5,0.327
"Fried, Max",608331,2022,733,26.1,49.7,0.266
"Rondón, Angel",667373,2022,20,24.3,43.0,0.296
"Silseth, Chase",681217,2022,129,25.7,45.1,0.387
"Devenski, Chris",606965,2022,67,26.6,51.5,0.351
"Uelmen, Erich",657272,2022,122,27.3,41.9,0.313
"Mejía, J.C.",650496,2022,16,36.4,37.3,0.511
"Nelson, Kyle",669459,2022,151,26.6,48.2,0.313
"Bruihl, Justin",677865,2022,100,24.9,53.1,0.303
"Senzatela, Antonio",622608,2022,413,16.3,47.5,0.351
"Herget, Kevin",643361,2022,30,20.0,49.5,0.268
"Cobb, Alex",502171,2022,631,24.9,45.0,0.279
"López, Yoan",661255,2022,51,28.7,48.2,0.316
"Montes de Oca, Bryce",656755,2022,19,24.4,48.8,0.299
"May, Dustin",669160,2022,127,29.7,46.8,0.302
"Diplán, Marcos",650959,2022,27,20.8,43.4,0.329
"Roberts, Ethan",681799,2022,38,18.4,49.2,0.448
"Armstrong, Shawn",542888,2022,270,26.1,53.8,0.285
"Baez, Michel",673258,2022,7,16.7,48.0,0.183
"Muñoz, Andrés",662253,2022,248,41.9,54.5,0.213
"Staumont, Josh",622251,2022,176,28.4,43.4,0.349
"Abreu, Bryan",650556,2022,248,39.1,49.2,0.27
"Medina, Adonis",658431,2022,110,19.3,47.6,0.356
"Bielak, Brandon",656232,2022,54,19.8,42.5,0.317
"Shreve, Chasen",592741,2022,114,29.0,45.8,0.341
"Maton, Phil",664208,2022,283,30.1,48.6,0.324
"Neris, Héctor",593576,2022,263,30.5,49.5,0.288
"King, John",667463,2022,222,19.9,49.5,0.321
"Díaz, Miguel",622766,2022,14,40.0,53.6,0.152
"Banks, Tanner",621383,2022,217,19.3,49.7,0.315
"Duarte, Daniel",650960,2022,14,11.4,45.5,0.413
"Castellani, Ryan",624418,2022,11,12.0,55.6,0.313
"Odorizzi, Jake",543606,2022,453,22.2,50.1,0.322
"Gilbreath, Lucas",656458,2022,187,29.2,43.0,0.317
"Fulmer, Michael",605242,2022,276,28.7,46.0,0.312
"Wells, Tyler",669330,2022,423,25.1,50.6,0.307
"Bush, Matt",456713,2022,244,30.0,45.8,0.26
"Falter, Bailey",663559,2022,349,24.0,48.6,0.335
"Estrada, Jeremiah",669093,2022,25,32.8,57.3,0.33
"Weems, Jordan",607179,2022,166,24.6,54.6,0.292
"Zimmermann, Bruce",669145,2022,320,19.0,50.8,0.385
"Manoah, Alek",666201,2022,786,24.9,49.5,0.286
"Milner, Hoby",571948,2022,272,23.5,41.5,0.29
"Syndergaard, Noah",592789,2022,565,20.2,49.9,0.328
"Brown, Hunter",686613,2022,80,22.9,45.3,0.262
"May, Trevor",543507,2022,111,30.4,44.5,0.303
"Matzek, Tyler",554431,2022,184,26.1,48.4,0.318
"Kennedy, Ian",453178,2022,232,19.4,50.1,0.374
"Whitlock, Garrett",676477,2022,311,29.6,51.3,0.278
"Lakins, Travis",664042,2022,50,20.0,48.1,0.433
"Sousa, Bennett",656986,2022,96,25.8,49.9,0.335
"Naughton, Packy",676050,2022,141,27.8,47.3,0.303
"Mills, Alec",621219,2022,84,15.5,49.0,0.424
"Rosenberg, Kenny",670046,2022,47,21.7,47.7,0.314
"Civale, Aaron",650644,2022,407,24.3,46.9,0.309
"García, Jarlín",606424,2022,270,24.8,48.4,0.321
"Speier, Gabe",642100,2022,77,20.1,45.0,0.256
"Knight, Dusten",643400,2022,49,22.6,48.4,0.369
"Luzardo, Jesús",666200,2022,400,31.7,45.9,0.291
"Hernández, Jonathan",642546,2022,131,30.3,44.6,0.316
"Waites, Cole",686972,2022,25,17.3,50.0,0.33
"Hill, Garrett",682051,2022,263,19.6,46.0,0.363
"Rossman, Bubby",657745,2022,5,62.5,44.4,0.345
"Edwards Jr., Carl",605218,2022,256,24.4,48.0,0.291
"Fisher, Nate",688010,2022,11,18.2,44.0,0.265
"Mushinski, Parker",656786,2022,30,38.2,49.5,0.306
"Patton, Spencer",607359,2022,29,25.0,43.2,0.292
"Alldred, Cam",682027,2022,4,12.5,50.0,0.137
"Wittgren, Nick",621295,2022,134,17.2,47.2,0.327
"Coonrod, Sam",656322,2022,58,20.0,50.8,0.322
"Pérez, Martín",527048,2022,821,21.0,44.5,0.299
"Poteet, Cody",547001,2022,114,29.6,50.4,0.331
"Hatch, Thomas",641672,2022,26,14.6,57.7,0.446
"De los Santos, Yerry",660787,2022,112,21.6,44.3,0.325
"Kopech, Michael",656629,2022,494,24.2,44.8,0.311
"Rucker, Michael",621074,2022,229,25.8,48.4,0.299
"Hutchison, Drew",571800,2022,464,20.0,47.7,0.358
"Bazardo, Eduard",660825,2022,65,27.0,47.0,0.312
"Barlow, Joe",669618,2022,146,27.2,49.1,0.36
"Gallegos, Giovanny",606149,2022,235,34.8,52.3,0.272
"Zerpa, Angel",672582,2022,44,10.3,42.8,0.401
"Rogers, Josh",642028,2022,113,14.5,47.7,0.346
"Montero, Rafael",606160,2022,270,28.2,46.0,0.262
"Brogdon, Connor",641401,2022,188,33.0,52.1,0.277
"Jefferies, Daulton",641726,2022,172,22.7,47.6,0.309
"Kaprielian, James",621076,2022,577,21.3,47.8,0.335
"Ramirez, Noé",598287,2022,215,27.6,46.8,0.32
"Oller, Adam",670124,2022,337,21.2,48.5,0.369
"Sánchez, Cristopher",650911,2022,177,19.1,45.2,0.321
"Gray, Sonny",543243,2022,488,22.1,43.4,0.299
"Tinoco, Jesus",622786,2022,84,24.8,46.0,0.306
"Stanek, Ryne",592773,2022,224,34.8,47.2,0.281
"Elder, Bryce",693821,2022,227,23.7,45.4,0.323
"Strickland, Hunter",519326,2022,284,28.3,47.3,0.356
"Bleier, Richard",542947,2022,222,18.7,55.1,0.305
"Hendriks, Liam",521230,2022,235,41.3,47.5,0.254
"Megill, Trevor",656730,2022,196,25.3,50.1,0.349
"Wainwright, Adam",425794,2022,803,16.9,43.5,0.332
"Hudson, Dakota",641712,2022,596,17.6,44.0,0.343
"Iglesias, Raisel",628452,2022,246,34.0,51.7,0.279
"Milone, Tommy",543548,2022,69,14.4,46.6,0.361
"Robertson, David",502085,2022,264,33.0,44.2,0.273
"Megill, Tylor",656731,2022,200,27.8,49.6,0.32
"Norris, Daniel",596057,2022,249,31.4,43.1,0.329
"Davies, Zach",605200,2022,570,21.5,42.2,0.333
"Banuelos, Manny",544365,2022,175,28.4,45.7,0.299
"Dermody, Matt",571616,2022,7,25.0,46.2,0.621
"Crawford, Kutter",676710,2022,334,25.6,47.7,0.336
"Ottavino, Adam",493603,2022,258,29.8,44.1,0.24
"Gaddis, Hunter",683769,2022,40,20.0,49.7,0.481
"Chirinos, Yonny",630023,2022,30,20.4,49.0,0.28
"Kirby, George",669923,2022,542,21.2,52.6,0.287
"Burr, Ryan",621114,2022,39,20.0,43.6,0.382
"Scherzer, Max",453286,2022,565,30.6,52.2,0.267
"Doolittle, Sean",448281,2022,17,35.5,56.4,0.164
"Patiño, Luis",672715,2022,98,20.7,49.7,0.346
"Jameson, Drey",686753,2022,98,26.7,48.8,0.331
"Okert, Steven",595345,2022,221,29.7,45.9,0.283
"Houser, Adrian",605288,2022,454,17.1,43.1,0.344
"Saucedo, Tayler",642048,2022,15,17.4,47.9,0.611
"Allen, Logan",663531,2022,40,22.7,40.2,0.381
"Hendricks, Kyle",543294,2022,356,23.9,45.6,0.348
"Peters, Dillon",596071,2022,165,20.1,46.2,0.329
"Diekman, Jake",518617,2022,269,33.1,42.7,0.324
"Vest, Will",676684,2022,272,23.8,48.0,0.313
"Wisler, Matt",605538,2022,176,24.9,47.8,0.286
"Sheffield, Justus",656954,2022,51,14.9,41.3,0.353
"Curry, Xzavion",675540,2022,47,25.4,40.6,0.388
"Clase, Emmanuel",661403,2022,271,30.1,61.2,0.222
"Lee, Dylan",669276,2022,201,35.5,56.8,0.255
"Domínguez, Seranthony",622554,2022,207,32.6,48.8,0.288
"De Jesus, Angel",669804,2022,54,19.8,47.4,0.342
"Clay, Sam",621348,2022,29,21.9,32.0,0.373
"Trivino III, Lou",642152,2022,250,27.8,47.5,0.326
"Garza Jr., Ralph",621248,2022,153,20.3,47.9,0.365
"Archer, Chris",502042,2022,437,24.2,44.6,0.343
"Henriquez, Ronny",678692,2022,50,24.4,47.5,0.279
"Thompson, Mason",666168,2022,100,23.9,50.0,0.3
"Kelly, Michael",547184,2022,16,26.7,46.9,0.319
"Brice, Austin",592169,2022,27,18.6,40.6,0.267
"Hamilton, Ian",641656,2022,11,10.5,45.2,0.359
"Sims, Lucas",608371,2022,31,20.8,37.2,0.342
"Ruiz, José",614179,2022,265,29.4,44.8,0.325
"Hjelle, Sean",663546,2022,115,20.4,43.5,0.315
"Springs, Jeffrey",605488,2022,549,29.6,50.3,0.285
"Kremer, Dean",665152,2022,512,22.3,50.7,0.328
"McGee, Easton",668834,2022,14,13.0,50.0,0.274
"Ortiz, Luis",682847,2022,69,29.8,45.1,0.271
"Hentges, Sam",656529,2022,245,30.1,50.0,0.26
"Payamps, Joel",606303,2022,241,22.6,47.0,0.308
"Pop, Zach",647315,2022,157,18.5,51.3,0.29
"Thompson, Ryan",657044,2022,181,24.2,46.8,0.278
"Hand, Brad",543272,2022,198,18.5,40.4,0.326
"Castillo, Luis F.",622379,2022,14,22.6,51.7,0.218
"Kuhnel, Joel",669270,2022,255,25.2,49.7,0.306
"Bednar, David",670280,2022,210,33.5,50.0,0.285
"Kikuchi, Yusei",579328,2022,454,31.0,47.5,0.365
"Rogers, Trevor",669432,2022,477,25.8,49.0,0.341
"Alexy, A.J.",669935,2022,38,18.4,32.2,0.421
"Carlton, Drew",656290,2022,32,19.7,55.0,0.32
"Gibaut, Ian",664139,2022,161,26.1,44.7,0.291
"Wilson, Steven",621051,2022,214,28.6,47.3,0.272
"Barraclough, Kyle",607457,2022,37,37.7,49.6,0.325
"Moore, Matt",519043,2022,304,31.3,50.7,0.266
"Kuhl, Chad",641771,2022,617,23.6,45.5,0.355
"Mahle, Tyler",641816,2022,503,26.8,45.3,0.3
"Gray, Jon",592351,2022,521,25.9,48.9,0.298
"Quijada, José",650671,2022,169,32.3,51.1,0.268
"Bieber, Shane",669456,2022,791,29.7,49.7,0.294
"Martin, Davis",663436,2022,269,24.2,51.5,0.335
"Graterol, Brusdar",660813,2022,197,21.1,56.9,0.25
"Bass, Anthony",542914,2022,275,31.9,48.6,0.275
"Suarez, José",660761,2022,462,24.6,51.1,0.299
"Wells, Alex",649144,2022,16,26.3,57.6,0.217
"Lee, Evan",681885,2022,43,19.4,37.6,0.378
"Taylor, Michael A.",572191,2022,13,13.3,40.5,0.476
"Hoeing, Bryan",663773,2022,61,12.9,43.4,0.429
"Quintana, Jose",500779,2022,679,24.0,47.9,0.307
"Hill, Rich",448179,2022,526,22.0,47.4,0.314
"Kelly, Zack",677161,2022,59,17.6,45.9,0.272
"Dunn, Justin",643290,2022,138,22.4,41.3,0.431
"Pérez, Francisco",660906,2022,48,20.7,44.9,0.423
"Criswell, Cooper",681867,2022,13,30.0,44.4,0.17
"Cuas, Jose",621016,2022,180,25.3,43.7,0.324
"Ortiz, Luis",656814,2022,33,26.7,50.8,0.279
"Brasier, Ryan",518489,2022,263,25.2,54.7,0.311
"Gilbert, Logan",669302,2022,766,24.2,50.3,0.318
"Smeltzer, Devin",656970,2022,287,18.5,46.9,0.328
"Ladwig, A.J.",607609,2022,15,8.3,58.5,0.58
"Davis, Noah",663562,2022,7,25.0,37.5,0.319
"Henry, Tommy",674072,2022,205,23.4,49.2,0.34
"Musgrove, Joe",605397,2022,740,25.5,46.5,0.287
"McCullers Jr., Lance",621121,2022,195,27.1,43.2,0.297
"Houck, Tanner",656557,2022,247,29.2,46.9,0.307
"Alvarez, Jose",501625,2022,76,23.3,47.3,0.406
"Suter, Brent",608718,2022,272,26.9,46.8,0.303
"Espino, Paolo",502179,2022,487,21.4,45.0,0.343
"Molina, Yadier",425877,2022,12,9.5,52.5,0.438
"Akin, Keegan",669211,2022,329,26.0,53.0,0.299
"Muller, Kyle",666205,2022,59,26.4,47.2,0.354
"Espinal, Raynel",642659,2022,21,35.0,52.6,0.389
"Anderson, Tyler",542881,2022,707,24.3,52.7,0.281
"Feliz, Michael",593140,2022,14,29.2,39.3,0.396
"Bassitt, Chris",605135,2022,745,23.6,46.5,0.293
"Yarbrough, Ryan",642232,2022,355,22.2,50.3,0.329
"Reed, Jake",596082,2022,77,21.3,41.4,0.35
"Hernández, Darwinzon",650382,2022,43,33.3,46.2,0.453
"Tully, Tanner",668684,2022,30,21.1,49.1,0.431
"Topa, Justin",623437,2022,35,13.7,40.8,0.307
"Jansen, Kenley",445276,2022,260,27.5,50.6,0.246
"Crick, Kyle",605195,2022,66,26.5,40.5,0.325
"Abreu, Albert",656061,2022,172,27.0,41.9,0.333
"Szapucki, Thomas",663378,2022,67,24.2,45.4,0.365
"Yates, Kirby",489446,2022,33,29.8,41.6,0.348
"Acevedo, Domingo",642758,2022,266,31.2,54.8,0.294
"Espinoza, Anderson",659262,2022,85,25.4,37.9,0.359
"Head, Louis",545343,2022,138,23.4,46.9,0.337
"Martinez, Seth",661527,2022,155,25.5,47.6,0.266
"Matz, Steven",571927,2022,207,27.6,49.5,0.302
"Castellanos, Humberto",528748,2022,194,17.8,46.7,0.35
"Smith, Will",519293,2022,261,31.1,50.9,0.302
"Webb, Logan",657277,2022,787,24.1,47.3,0.3
"Thornton, Trent",663423,2022,189,20.6,45.3,0.352
"Small, Ethan",663629,2022,33,33.3,38.6,0.442
"Helsley, Ryan",664854,2022,239,37.8,53.0,0.227
"Verlander, Justin",434378,2022,666,24.2,53.7,0.257
"Warren, Austin",681810,2022,70,17.2,48.1,0.417
"Knebel, Corey",608349,2022,193,27.6,44.7,0.305
"Weber, Ryan",543901,2022,37,10.5,44.9,0.33
"Machado, Andrés",600921,2022,262,23.9,49.4,0.354
"Plassmeyer, Michael",674681,2022,29,30.6,49.5,0.348
"Kelly, Joe",523260,2022,170,33.7,41.4,0.28
"Díaz, Jhonathan",646242,2022,66,21.8,42.8,0.344
"Gillaspie, Logan",670810,2022,74,18.5,47.3,0.357
"Sadzeck, Connor",592712,2022,13,14.3,43.8,0.432
"Richards, Garrett",572070,2022,185,26.0,50.6,0.322
"Sampson, Adrian",592716,2022,428,21.3,48.2,0.324
"Kluber, Corey",446372,2022,689,23.9,51.2,0.315
"Gonzales, Marco",594835,2022,783,18.3,51.0,0.331
"Greene, Hunter",668881,2022,531,32.0,48.8,0.311
"Beeks, Jalen",656222,2022,250,31.3,48.5,0.299
"Ferguson, Caleb",657571,2022,142,27.3,47.4,0.274
"Crowe, Wil",640444,2022,332,27.5,45.4,0.318
"Wright, Kyle",657140,2022,738,26.5,48.8,0.309
"Green, Chad",643338,2022,62,26.6,57.7,0.289
"McClanahan, Shane",663556,2022,640,34.3,49.5,0.262
"Baumann, Mike",657508,2022,149,16.7,49.5,0.325
"Zastryzny, Rob",642239,2022,16,23.1,54.2,0.249
"Sánchez, Aníbal",434671,2022,292,19.5,45.0,0.332
"Brault, Steven",643230,2022,39,29.7,40.8,0.281
"Lemoine, Jake",621082,2022,74,22.1,37.9,0.312
"Peralta, Freddy",642547,2022,317,29.9,44.0,0.258
"Romero, JoJo",668941,2022,67,35.5,40.6,0.329
"Santos, Gregory",666619,2022,17,20.0,44.8,0.285
"Stephan, Trevor",663986,2022,267,35.3,50.3,0.239
"Lowther, Zac",675912,2022,28,16.7,42.0,0.367
"Peralta, Wandy",593974,2022,223,33.9,51.3,0.258
"Bickford, Phil",641360,2022,247,25.1,50.6,0.288
"Moronta, Reyes",606625,2022,161,27.1,44.9,0.283
"Abbott, Cory",676265,2022,216,26.2,48.4,0.336
"Winder, Josh",680739,2022,287,22.2,47.7,0.35
"Arihara, Kohei",685503,2022,108,21.6,47.4,0.402
"Padilla, Nicholas",656820,2022,9,16.7,30.8,0.393
"Garcia, Luis",677651,2022,643,29.2,48.9,0.3
"Vizcaíno, Arodys",527055,2022,29,24.4,39.1,0.438
"Heaney, Andrew",571760,2022,310,35.9,51.1,0.291
"Shaw, Bryan",543766,2022,261,21.7,47.5,0.335
"López, Jorge",605347,2022,298,24.4,46.9,0.282
"Stroman, Marcus",573186,2022,569,22.4,45.9,0.31
"Watkins, Spenser",657093,2022,459,19.7,47.6,0.346
"Gil, Luis",661563,2022,19,37.0,55.4,0.296
"Reyes, Franmil",614177,2022,3,33.3,30.0,0.274
"Mills, Wyatt",670090,2022,128,28.0,47.5,0.325
"Urías, Julio",628711,2022,689,23.9,51.8,0.265
"Rodríguez, Dereck",605446,2022,34,23.9,46.5,0.376
"Mikolas, Miles",571945,2022,805,18.7,48.9,0.31
"De Jong, Chase",608328,2022,293,25.0,45.0,0.312
"Dozier, Hunter",641531,2022,6,0.0,34.8,0.47
"Price, David",456034,2022,167,18.6,48.7,0.305
"Cyr, Tyler",664202,2022,55,26.2,47.8,0.323
"Jiménez, Dany",666204,2022,145,35.0,41.9,0.263
"Snead, Kirby",669912,2022,210,20.2,43.8,0.327
"Hembree, Heath",592390,2022,107,18.3,41.4,0.408
"Peralta, Wily",503449,2022,168,21.2,42.2,0.324
"Wentz, Joey",666214,2022,135,21.8,45.4,0.298
"Díaz, Edwin",621242,2022,235,50.1,51.8,0.205
"Snell, Blake",605483,2022,535,32.8,47.9,0.284
"Greinke, Zack",425844,2022,585,17.4,46.2,0.339
"Heasley, Jonathan",669169,2022,465,19.3,46.0,0.355
"Bradish, Kyle",680694,2022,509,23.6,45.4,0.333
"Ortega, Oliver",661383,2022,148,23.7,50.6,0.346
"De Los Santos, Enyel",660853,2022,215,29.9,52.3,0.31
"Stashak, Cody",664054,2022,65,28.0,55.1,0.275
"Merryweather, Julian",657240,2022,119,22.4,53.5,0.331
"Luetge, Lucas",476595,2022,251,27.5,44.6,0.295
"Holland, Greg",518813,2022,20,29.0,38.8,0.462
"Ryan, Joe",657746,2022,604,25.6,51.0,0.297
"Brubaker, JT",664141,2022,646,27.6,46.4,0.335
"Hollowell, Gavin",668970,2022,32,28.6,44.1,0.274
"Hall, DL",669084,2022,64,29.1,49.8,0.251
"Eovaldi, Nathan",543135,2022,460,25.2,52.4,0.322
"Pepiot, Ryan",686752,2022,160,28.5,42.3,0.322
"Jiménez, Joe",641729,2022,231,30.4,53.0,0.266
"Keller, Brad",641745,2022,617,21.6,48.8,0.324
"Morejon, Adrian",670970,2022,141,24.0,54.1,0.313
"Varland, Louis",686973,2022,106,20.3,50.4,0.331
"Rodón, Carlos",607074,2022,710,31.2,49.8,0.256
"Gsellman, Robert",607229,2022,64,24.3,49.8,0.396
"Clarke, Taylor",664199,2022,203,25.2,53.7,0.277
"Pressly, Ryan",519151,2022,181,38.7,48.7,0.252
"Greene, Shane",572888,2022,13,16.0,50.0,0.353
"Lawrence, Casey",596271,2022,79,15.8,51.2,0.365
"Holloway, Jordan",656548,2022,11,12.5,34.0,0.216
"Stratton, Chris",608717,2022,279,26.5,48.0,0.319
"Minter, A.J.",621345,2022,271,33.2,51.6,0.247
"Bummer, Aaron",607481,2022,117,28.0,38.3,0.307
"Kimbrel, Craig",518886,2022,260,29.2,45.1,0.295
"Strasburg, Stephen",544931,2022,23,20.0,36.1,0.336
"Nelson, Ryne",669194,2022,69,23.6,43.5,0.241
"Cousins, Jake",664776,2022,59,42.4,44.2,0.281
"Strider, Spencer",675911,2022,528,34.9,50.0,0.244
"Bard, Daniel",453268,2022,245,27.5,45.0,0.251
"Morales, Francisco",672839,2022,21,26.1,29.1,0.402
"Seabold, Connor",657756,2022,97,25.1,49.5,0.365
"Vesia, Alex",681911,2022,227,34.0,48.6,0.263
"Lynch IV, Daniel",663738,2022,600,25.4,49.9,0.348
"Alexander, Jason",669920,2022,321,17.2,43.2,0.358
"Poppen, Sean",664092,2022,120,16.0,42.8,0.295
"Grimm, Justin",518748,2022,71,24.6,46.9,0.352
"Garrett, Braxton",666129,2022,373,26.8,48.1,0.318
"Yajure, Miguel",664337,2022,119,23.6,45.9,0.41
"Appel, Mark",571446,2022,40,21.1,38.3,0.287
"Tetreault, Jackson",676194,2022,96,18.1,43.8,0.408
"Sanmartin, Reiver",665665,2022,256,25.7,45.6,0.309
"Doval, Camilo",666808,2022,286,30.7,47.0,0.269
"Vieaux, Cam",664944,2022,48,24.7,44.7,0.355
"Hudson, Daniel",543339,2022,97,33.8,51.7,0.26
"Hernández, Carlos",672578,2022,266,23.6,47.4,0.352
"Mengden, Daniel",596043,2022,32,21.7,50.4,0.36
"Stammen, Craig",489334,2022,177,26.3,45.1,0.318
"Castillo, Diego",650895,2022,222,26.5,48.4,0.274
"Bird, Jake",656234,2022,211,20.8,41.2,0.342
"Raley, Brooks",548384,2022,219,28.1,46.7,0.272
"Cishek, Steve",518553,2022,287,26.1,42.7,0.33
"Carrasco, Carlos",471911,2022,645,27.7,52.1,0.316
"Schmidt, Clarke",657376,2022,236,26.6,46.9,0.293
"Allard, Kolby",663465,2022,87,27.3,46.5,0.37
"Hernández, Elieser",622694,2022,278,24.9,49.6,0.339
"Meyer, Max",676974,2022,26,25.0,49.4,0.354
"Gomber, Austin",596295,2022,529,22.1,49.0,0.332
"Swanson, Erik",657024,2022,206,29.4,53.4,0.239
"Anderson, Chase",502624,2022,103,22.4,44.4,0.308
"Grichuk, Randal",545341,2022,3,20.0,50.0,0.225
"Gage, Matt",657424,2022,50,29.8,50.3,0.275
"Garcia, Rico",670329,2022,35,13.2,50.0,0.338
"Arano, Víctor",644364,2022,187,29.2,50.4,0.299
"Sborz, Josh",622250,2022,100,35.3,43.9,0.343
"Germán, Domingo",593334,2022,298,24.5,49.8,0.302
"Kranick, Max",668820,2022,19,28.1,42.1,0.233
"Skubal, Tarik",669373,2022,477,26.4,50.7,0.288
"Rogers, Tyler",643511,2022,319,19.5,44.8,0.289
"Dowdy, Kyle",664871,2022,27,9.3,45.3,0.305
"German, Frank",681464,2022,23,13.5,44.0,0.386
"Koenig, Jared",657649,2022,177,15.1,44.6,0.35
"Rodríguez, Yerry",666720,2022,4,9.1,61.1,0.233
"Steckenrider, Drew",608716,2022,68,20.8,52.1,0.436
"DeSclafani, Anthony",543101,2022,94,22.7,46.8,0.366
"Minaya, Juan",573668,2022,45,30.0,46.0,0.287
"Rodriguez, Eduardo",593958,2022,391,18.1,47.0,0.318
"Berríos, José",621244,2022,753,21.3,48.6,0.35
"Marte, José",665896,2022,58,27.1,36.2,0.415
"Gibson, Kyle",502043,2022,718,25.2,48.5,0.326
"Gott, Trevor",641627,2022,186,25.7,46.5,0.269
"Ray, Robbie",592662,2022,775,30.0,51.5,0.298
"Tate, Dillon",622253,2022,292,23.2,48.7,0.28
"Brooks, Aaron",605156,2022,43,19.4,46.8,0.458
"Sanchez, Aaron",592717,2022,265,18.3,47.3,0.331
"Wacha, Michael",608379,2022,515,20.7,50.5,0.333
"Kolarek, Adam",592473,2022,79,11.7,42.9,0.334
"Blackburn, Paul",621112,2022,467,23.6,44.5,0.315
"Young, Danny",664849,2022,32,24.1,42.9,0.325
"Ogando, Cristofer",642657,2022,17,15.2,44.6,0.393
"Sánchez, Miguel",667376,2022,58,24.2,45.0,0.341
"Sawamura, Hirokazu",617228,2022,221,25.2,48.3,0.323
"McHugh, Collin",543521,2022,272,27.4,50.0,0.276
"Melancon, Mark",453343,2022,247,20.8,47.7,0.341
"Peguero, Elvis",665625,2022,77,23.9,51.6,0.348
"Karinchak, James",675916,2022,160,34.7,38.9,0.267
"Gore, MacKenzie",669022,2022,309,24.1,46.4,0.35
"Ramírez, Erasmo",541640,2022,347,21.4,51.6,0.299
"Banda, Anthony",607455,2022,135,21.0,47.5,0.341
"Strahm, Matt",621381,2022,193,23.4,47.6,0.283
"Anderson, Ian",666120,2022,493,28.4,46.9,0.325
"Castillo, Luis",622491,2022,615,27.8,49.4,0.288
"Stripling, Ross",548389,2022,536,23.6,51.5,0.297
"Wynns, Austin",642851,2022,10,9.1,42.3,0.332
"Colomé, Alex",517008,2022,215,20.1,46.5,0.367
"Romero, Tommy",676720,2022,44,20.9,45.0,0.531
"Jackson, Andre",656578,2022,42,26.2,53.8,0.283
"Kelley, Trevor",665001,2022,107,23.0,43.5,0.325
"Brebbia, John",605154,2022,288,23.5,52.2,0.298
"Lynn, Lance",458681,2022,512,28.5,52.3,0.3
"Lambert, Jimmy",669424,2022,204,25.8,48.4,0.276
"Plesac, Zach",668676,2022,568,22.0,51.5,0.354
"Keuchel, Dallas",572971,2022,303,22.5,45.1,0.359
"Mears, Nick",683232,2022,8,30.0,64.5,0.237
"Lamet, Dinelson",659275,2022,149,39.7,44.1,0.336
"Uceta, Edwin",670955,2022,73,24.8,45.5,0.296
"Castano, Daniel",641447,2022,156,17.6,51.1,0.334
"Mazza, Chris",607391,2022,35,24.2,45.9,0.505
"Ellis, Chris",595939,2022,25,21.2,39.8,0.404
"Dugger, Robert",667498,2022,72,28.6,46.8,0.347
"Dunning, Dane",641540,2022,671,24.5,44.4,0.329
"Gausman, Kevin",592332,2022,725,29.4,55.9,0.288
"Lyles, Jordan",543475,2022,774,21.9,46.3,0.343
"Wilson, Bryse",669060,2022,509,18.0,47.8,0.362
"Kay, Anthony",641743,2022,10,35.3,43.6,0.432
"King, Michael",650633,2022,199,36.3,45.5,0.267
"Jones, Damon",676103,2022,26,34.1,39.0,0.351
"Sulser, Beau",676641,2022,99,20.9,50.6,0.286
"Jackson, Zach",667427,2022,202,33.4,40.5,0.295
"Marinaccio, Ron",676760,2022,181,33.2,44.5,0.258
"Treinen, Blake",595014,2022,17,26.5,49.3,0.243
"Ashby, Aaron",676879,2022,475,29.6,44.2,0.301
"Báez, Pedro",520980,2022,16,30.3,45.2,0.446
"Misiewicz, Anthony",664948,2022,121,23.9,47.7,0.316
"Woods, William",682016,2022,8,25.0,38.7,0.237
"Markel, Parker",571917,2022,13,27.8,29.5,0.459
"Claudio, Alex",592222,2022,13,25.0,48.0,0.255
"Floro, Dylan",571670,2022,220,22.1,48.8,0.274
"Stephenson, Robert",596112,2022,247,28.1,52.6,0.341
"Grove, Michael",675627,2022,133,22.3,50.4,0.289
"Hill, Tim",657612,2022,199,15.8,46.7,0.276
"Peacock, Matt",676840,2022,46,22.1,51.7,0.313
"Clippard, Tyler",461325,2022,28,18.8,42.5,0.342
"Nance, Tommy",667297,2022,196,29.7,43.5,0.31
"Strzelecki, Peter",657265,2022,148,31.1,46.3,0.286
"VerHagen, Drew",572403,2022,106,28.8,45.6,0.384
"McKay, David",641853,2022,32,13.8,43.0,0.439
"Long, Sam",669674,2022,181,25.4,46.4,0.325
"Danish, Tyler",641501,2022,173,19.2,44.0,0.378
"Neidert, Nick",663734,2022,20,14.6,50.0,0.319
"Javier, Cristian",664299,2022,585,30.4,49.2,0.249
"Boxberger, Brad",502202,2022,268,24.4,42.9,0.3
"Rasmussen, Drew",656876,2022,584,25.3,52.9,0.295
"Barker, Luke",673316,2022,19,23.3,55.6,0.518
"Bard, Luke",572703,2022,59,25.7,45.2,0.354
"Sedlock, Cody",642060,2022,16,31.6,53.5,0.376
"Leiter Jr., Mark",643410,2022,282,29.2,44.2,0.311
"Davidson, Tucker",656353,2022,243,22.5,44.8,0.34
"St. John, Locke",657766,2022,9,35.3,58.6,0.6
"Williams, Devin",642207,2022,240,40.8,47.0,0.226
"Mantiply, Joe",573009,2022,243,29.2,52.8,0.28
"Mayza, Tim",641835,2022,193,23.4,45.6,0.316
"Gose, Anthony",543238,2022,92,33.5,44.5,0.346
"Burnes, Corbin",669203,2022,797,35.2,46.2,0.274
"Frías, Luis",666818,2022,90,23.6,45.2,0.362
"Walker, Taijuan",592836,2022,649,23.6,47.3,0.313
"Morton, Charlie",450203,2022,728,29.3,45.6,0.318
"Márquez, Germán",608566,2022,779,23.2,49.7,0.33
"Sandoval, Patrick",663776,2022,638,29.6,48.2,0.307
"Alexander, Scott",518397,2022,63,25.2,50.0,0.239
"Reid-Foley, Sean",656887,2022,44,31.9,46.4,0.281
"Bernardino, Brennan",657514,2022,13,0.0,51.2,0.201
"Irvin, Cole",608344,2022,741,20.6,52.0,0.329
"Valdez, César",491624,2022,5,9.1,68.8,0.346
"Romo, Sergio",489265,2022,79,21.9,47.8,0.36
"Ginkel, Kevin",656464,2022,124,26.9,45.7,0.271
"Cruz, Jesus",672911,2022,39,25.6,50.3,0.367
"Faucher, Calvin",676534,2022,101,24.2,42.0,0.38
"Cano, Yennier",666974,2022,97,23.3,43.7,0.353
"Newcomb, Sean",656794,2022,134,20.9,40.8,0.382
"Detwiler, Ross",446321,2022,122,23.0,48.0,0.351
"Alcantara, Sandy",645261,2022,886,25.4,53.4,0.27
"Norwood, James",656803,2022,85,29.3,53.5,0.33
"López, Pablo",641154,2022,736,28.2,49.6,0.301
"Poche, Colin",621363,2022,245,28.0,51.3,0.295
"Kinley, Tyler",641755,2022,100,32.3,53.5,0.256
"McKenzie, Triston",663474,2022,741,26.8,52.7,0.298
"Zabala, Aneurys",656008,2022,11,30.0,46.5,0.457
"McGee, Jake",459429,2022,163,19.3,52.8,0.348
"Rodríguez, Joely",570257,2022,216,29.2,43.1,0.296
"Thompson, Zach",605507,2022,543,24.1,47.0,0.349
"Adams, Austin",613534,2022,9,29.4,35.4,0.299
"Detmers, Reid",672282,2022,539,25.5,48.3,0.317
"Giolito, Lucas",608337,2022,698,28.5,47.4,0.323
"Ruiz, Norge",650204,2022,94,21.3,48.6,0.403
"Puk, A.J.",640462,2022,281,29.2,47.6,0.301
"Fairbanks, Pete",664126,2022,87,35.9,52.3,0.153
"Barnes, Matt",598264,2022,176,28.4,43.1,0.324
"Bumgarner, Madison",518516,2022,698,18.2,48.4,0.364
"Kershaw, Clayton",477132,2022,493,29.1,50.8,0.25
"Duffey, Tyler",608648,2022,185,25.0,47.0,0.362
"Suarez, Robert",663158,2022,191,25.1,48.3,0.283
"Underwood Jr., Duane",621249,2022,259,27.3,49.2,0.318
"Loáisiga, Jonathan",642528,2022,203,25.7,50.6,0.294
"Bracho, Silvino",611093,2022,18,21.2,50.8,0.381
"Junk, Janson",676083,2022,37,17.8,45.9,0.281
"Ramírez, Yohan",670990,2022,167,23.8,42.7,0.339
"Sulser, Cole",642121,2022,149,30.9,49.6,0.354
"Sands, Cole",663485,2022,145,22.5,46.4,0.333
"Kahnle, Tommy",592454,2022,46,31.3,55.2,0.244
"Weathers, Ryan",677960,2022,21,25.6,48.3,0.308
"Paddack, Chris",663978,2022,93,25.4,52.6,0.289
"Castro, Anthony",621593,2022,65,28.4,44.6,0.438
"Minor, Mike",501985,2022,455,20.1,46.1,0.33
"Pilkington, Konnor",663455,2022,258,27.8,47.4,0.343
"Díaz, Alexis",664747,2022,255,36.5,49.1,0.269
"Brash, Matt",666374,2022,222,31.6,42.2,0.331
"Weaver, Luke",596133,2022,174,22.8,52.8,0.356
"Rodríguez, Manuel",655889,2022,57,22.4,48.3,0.352
"Williams, Trevor",592866,2022,372,23.9,48.8,0.301
"Nogosek, Stephen",668665,2022,95,22.8,51.2,0.313
"Snyder, Nick",676766,2022,7,15.4,39.4,0.454
"Smith, Joe",501925,2022,122,17.9,49.8,0.355
"Woodruff, Brandon",605540,2022,620,31.1,49.4,0.281
"Montgomery, Jordan",656756,2022,724,27.5,50.6,0.31
"Blach, Ty",621389,2022,193,20.0,49.7,0.314
"Scott, Tanner",656945,2022,289,35.7,45.8,0.319
"Llovera, Mauricio",661440,2022,72,30.1,47.7,0.258
"White, Mitch",669952,2022,440,19.0,48.5,0.317
"Wiles, Collin",621079,2022,41,29.3,48.7,0.292
"Hendrix, Ryan",641682,2022,38,39.3,39.2,0.262
"Brigham, Jeff",656257,2022,101,28.2,46.5,0.312
"Urquidy, José",664353,2022,681,22.3,52.0,0.332
"Whitley, Kodi",676831,2022,59,25.8,48.5,0.383
"Graveman, Kendall",608665,2022,285,27.2,45.8,0.294
"Foley, Jason",671345,2022,256,16.7,50.5,0.3
"Kelly, Merrill",518876,2022,804,23.6,48.5,0.299
"Manaea, Sean",640455,2022,671,25.6,51.4,0.316
"Corbin, Patrick",571578,2022,713,20.9,47.4,0.381
"Pagán, Emilio",641941,2022,274,30.8,51.7,0.311
"Jax, Griffin",643377,2022,290,29.6,48.8,0.284
"Ohtani, Shohei",660271,2022,660,33.1,49.0,0.255
"Barria, Jaime",642545,2022,316,23.3,51.2,0.316
"Lodolo, Nick",666157,2022,441,30.2,45.2,0.307
"Clevinger, Mike",605182,2022,485,24.3,48.2,0.335
"Effross, Scott",664123,2022,229,23.9,47.2,0.251
"Goudeau, Ashton",623485,2022,94,24.1,46.4,0.332
"Pivetta, Nick",601713,2022,773,23.5,47.6,0.336
"Foster, Matt",641582,2022,193,21.0,50.3,0.317
"Contreras, Roansy",672710,2022,408,27.7,47.5,0.329
"Chacín, Jhoulys",468504,2022,219,21.1,45.9,0.34
"Castro, Kervin",665645,2022,57,23.6,44.4,0.363
"Gustave, Jandel",594311,2022,120,17.2,46.1,0.311
"Hicks, Jordan",663855,2022,263,24.0,42.0,0.305
"Rainey, Tanner",663432,2022,128,33.8,52.2,0.315
"Clement, Ernie",676391,2022,11,5.0,47.6,0.501
"Wood, Alex",622072,2022,555,25.0,48.1,0.309
"Flexen, Chris",623167,2022,590,21.8,48.8,0.336
"Santana, Dennis",642701,2022,255,27.4,44.2,0.311
"Logue, Zach",656657,2022,257,21.5,48.1,0.369
"Vasquez, Andrew",607755,2022,39,29.4,33.3,0.335
"Elías, Roenis",606273,2022,33,19.4,54.4,0.259
"Sale, Chris",519242,2022,25,12.5,39.2,0.316
"Garcia, Bryan",650530,2022,84,24.6,44.8,0.348
"Giles, Ken",571704,2022,17,36.7,44.8,0.272
"Cleavinger, Garrett",664076,2022,92,30.8,45.0,0.284
"Brazobán, Huascar",623211,2022,141,40.2,45.3,0.294
"Brentz, Jake",641394,2022,38,31.4,31.9,0.462
"Nardi, Andrew",677053,2022,83,29.7,49.5,0.395
"Winckowski, Josh",670174,2022,316,17.4,44.6,0.34
"Fleming, Josh",676596,2022,169,23.5,48.9,0.324
"Cabrera, Génesis",650893,2022,194,23.3,47.8,0.344
"Sears, JP",676664,2022,288,19.9,46.1,0.33
"Escobar, Alcides",444876,2022,10,0.0,37.5,0.392
"Keller, Mitch",656605,2022,687,21.6,45.6,0.319
"Garrett, Reed",657585,2022,49,21.5,47.4,0.386
"Glasnow, Tyler",607192,2022,26,32.1,46.5,0.371
"Chavez, Jesse",445926,2022,292,24.7,45.8,0.327
"Lauer, Eric",641778,2022,661,24.2,46.6,0.318
"Burke, Brock",656271,2022,328,24.6,47.1,0.29
"Ynoa, Huascar",660623,2022,37,21.9,43.5,0.443
"Romano, Jordan",605447,2022,258,30.3,52.4,0.284
"Guerra, Javy",642770,2022,82,17.7,42.7,0.359
"Nittoli, Vinny",657697,2022,8,25.0,50.0,0.226
"Fedde, Erick",607200,2022,573,18.4,43.0,0.36
"Widener, Taylor",642203,2022,82,20.1,52.9,0.323
"Miller, Tyson",668338,2022,56,21.8,44.3,0.36
"Warren, Art",605521,2022,165,29.8,44.6,0.335
"Peterson, David",656849,2022,454,30.4,44.6,0.309
"Assad, Javier",665871,2022,166,23.2,46.2,0.331
"Tapia, Domingo",593619,2022,90,18.6,46.0,0.34
"Naile, James",664942,2022,37,19.7,52.4,0.36
"Farmer, Buck",571656,2022,199,31.2,45.4,0.291
"Alvarado, José",621237,2022,214,38.4,46.7,0.25
"Hearn, Taylor",621368,2022,449,22.2,48.1,0.34
"Phillips, Evan",623465,2022,233,30.3,45.7,0.234
"Castro, Miguel",612434,2022,131,32.3,42.1,0.342
"Gray, Josiah",680686,2022,649,27.0,44.8,0.324
"Alcala, Jorge",660896,2022,10,35.3,42.5,0.336
"Loup, Aaron",571901,2022,260,24.3,49.0,0.326
"Solomon, Jared",676660,2022,39,29.6,45.2,0.256
"Singer, Brady",663903,2022,621,23.0,44.3,0.31
"Cavalli, Cade",676917,2022,23,27.7,47.5,0.311
"Manning, Matt",666159,2022,263,22.4,49.7,0.313
"deGrom, Jacob",594798,2022,239,41.5,54.9,0.239
"Martin, Chris",455119,2022,225,25.8,53.8,0.251
"Baz, Shane",669358,2022,117,30.6,47.1,0.316
"Weissert, Greg",669711,2022,48,19.7,40.9,0.275
"Hunter, Tommy",488984,2022,94,23.8,55.3,0.338
"Duron, Nick",663975,2022,4,16.7,37.5,0.21
"Davis, Austin",656354,2022,264,26.4,45.7,0.333
"Barnes, Jacob",606930,2022,97,21.0,48.8,0.347
"Moll, Sam",594580,2022,187,24.9,42.5,0.27
"Darvish, Yu",506433,2022,771,25.1,49.7,0.293
"Erlin, Robbie",572362,2022,9,11.8,42.5,0.417
"Martin, Brett",656685,2022,212,24.8,50.5,0.307
"Coulombe, Danny",543056,2022,53,29.8,45.2,0.284
"Tepera, Ryan",572193,2022,232,30.7,46.7,0.285
"Morris, Cody",663752,2022,100,28.7,51.7,0.348
"Kowar, Jackson",663804,2022,82,26.1,45.7,0.38
"Moreta, Dauri",664294,2022,160,27.6,44.4,0.319
"Mayers, Mike",594577,2022,223,25.9,48.1,0.352
"Herget, Jimmy",623474,2022,266,25.3,46.9,0.266
"Almonte, Yency",622075,2022,135,33.5,46.1,0.268
"Thielbar, Caleb",573204,2022,245,30.2,54.5,0.248
"Bolaños, Ronald",671790,2022,87,23.7,40.7,0.377
"Kilian, Caleb",668873,2022,56,16.7,40.9,0.327
"Farrell, Luke",608652,2022,70,17.3,38.6,0.37
"Sheffield, Jordan",642068,2022,8,38.5,35.1,0.364
"Cabrera, Edward",665795,2022,291,31.3,44.1,0.312
"Toussaint, Touki",657053,2022,108,29.7,40.6,0.317
"García, Luis",472610,2022,258,30.3,47.8,0.268
"Zeuch, T.J.",643615,2022,64,15.9,42.8,0.437
"Gallen, Zac",668678,2022,714,23.0,47.4,0.279
"Middleton, Keynan",641871,2022,69,36.6,54.4,0.363
"Fishman, Jake",670288,2022,48,12.9,49.7,0.317
"Ureña, José",570632,2022,432,19.5,46.7,0.344
"Sewald, Paul",623149,2022,243,34.0,49.2,0.255
"Lorenzen, Michael",547179,2022,411,25.2,47.6,0.308
"Smyly, Drew",592767,2022,447,26.0,52.0,0.321
"Ort, Kaleb",672391,2022,134,28.6,48.2,0.357
"Miley, Wade",489119,2022,159,25.2,44.9,0.308
"Mize, Casey",663554,2022,45,11.8,45.0,0.363
"Cisnero, José",542585,2022,105,28.9,43.5,0.306
"Cortes, Nestor",641482,2022,615,24.5,50.5,0.26
"Flaherty, Jack",656427,2022,167,25.9,43.8,0.35
"Wilson, Justin",458677,2022,13,44.0,46.3,0.189
"Cimber, Adam",643256,2022,293,20.7,50.9,0.3
"Smith, Drew",622098,2022,187,30.9,48.6,0.306
"Adon, Joan",672851,2022,310,16.9,44.2,0.373
"Ober, Bailey",641927,2022,227,27.7,52.9,0.337
"Leclerc, José",600917,2022,198,37.4,48.2,0.279
"Alexander, Tyler",641302,2022,427,17.1,50.7,0.357
"Severino, Anderson",644429,2022,34,31.5,40.6,0.325
"Yacabonis, Jimmy",642231,2022,73,26.7,34.6,0.405
"Griffin, Foster",656492,2022,32,25.0,39.6,0.479
"Nelson, Nick",656793,2022,306,28.7,46.8,0.303
"Garrett, Amir",607237,2022,196,26.9,42.5,0.296
"Blanco, Ronel",669854,2022,32,34.3,58.3,0.409
"Schreiber, John",670167,2022,257,32.6,46.3,0.249
"Smith, Chad",663385,2022,85,32.3,38.6,0.306
"Rogers, Taylor",573124,2022,274,31.2,43.8,0.314
"Walsh, Jake",673904,2022,15,21.4,43.1,0.35
"Familia, Jeurys",544727,2022,204,26.9,42.7,0.341
"Taylor, Blake",642130,2022,74,20.1,45.6,0.324
"Phelps, David",475479,2022,272,19.5,40.1,0.31
"Gonsolin, Tony",664062,2022,498,27.2,49.7,0.278
"García, Yimi",554340,2022,247,24.1,47.8,0.27
"Chafin, Andrew",605177,2022,243,31.7,47.1,0.272
"Woods Richardson, Simeon",680573,2022,20,19.2,57.1,0.436
"Scott, Tayler",605463,2022,59,30.1,40.4,0.354
"Otto Jr., Glenn",657248,2022,587,23.1,45.2,0.345
"Young, Alex",622065,2022,116,31.6,50.6,0.304
"Duran, Jhoan",661395,2022,266,34.7,54.9,0.234
"Lange, Alex",656638,2022,271,44.1,44.3,0.282
"Pallante, Andre",669467,2022,457,17.8,45.0,0.304
"Gilbert, Tyler",656457,2022,146,19.6,48.8,0.397
"Law, Derek",571882,2022,92,24.2,45.7,0.336
"Bautista, Félix",642585,2022,253,33.6,50.3,0.252
"Smith, Caleb",592761,2022,302,28.8,48.7,0.308
"Estévez, Carlos",608032,2022,235,22.1,50.1,0.318
"Martin, Corbin",656686,2022,101,26.6,44.8,0.396
"Taillon, Jameson",592791,2022,728,23.1,49.1,0.32
"García, Rony",665621,2022,206,21.7,46.4,0.388
"Reyes, Gerardo",622103,2022,12,25.0,42.6,0.345
"Cessa, Luis",570666,2022,335,22.1,46.5,0.327
"Martinez, Adrián",661309,2022,259,24.0,47.6,0.356
"Rodríguez, Elvin",660730,2022,143,16.9,44.4,0.395
"Knehr, Reiss",663753,2022,59,14.0,44.2,0.331
"Fletcher, Aaron",667465,2022,52,29.1,45.7,0.372
"Oviedo, Johan",670912,2022,242,24.8,48.2,0.28
"Alvarez, R.J.",571439,2022,13,27.3,43.1,0.593
"Pérez, Cionel",672335,2022,234,27.3,47.6,0.299
"Adam, Jason",592094,2022,237,38.8,49.8,0.228
"Beasley, Jeremy",676886,2022,64,29.2,50.6,0.28
"Coleman, Dylan",669395,2022,289,31.2,44.4,0.305
"Wesneski, Hayden",669713,2022,132,25.7,51.1,0.232
"Chapman, Aroldis",547973,2022,160,33.8,41.4,0.326
"Menez, Conner",669214,2022,5,0.0,37.5,0.46
"Tyler, Kyle",667725,2022,14,22.2,45.0,0.287
"Buehler, Walker",621111,2022,274,24.8,49.7,0.324
"Brieske, Beau",689225,2022,339,18.0,50.6,0.363
"Miller, Shelby",571946,2022,30,22.0,39.4,0.219
"Velasquez, Vince",592826,2022,319,25.2,48.5,0.336
"Richards, Trevor",670950,2022,281,35.1,44.9,0.336
"Fry, Paul",643316,2022,61,27.6,42.2,0.346
"Cruz, Fernando",518585,2022,64,37.8,45.8,0.279
"Krehbiel, Joey",607216,2022,244,22.2,46.2,0.316
"Robles, Hansel",570663,2022,111,24.7,45.0,0.384
"O'Day, Darren",503285,2022,94,28.1,51.7,0.267
"Bello, Brayan",678394,2022,268,26.0,45.9,0.305
"McCarty, Kirk",668948,2022,159,23.7,50.7,0.35
"Romero, Jhon",664584,2022,24,27.7,52.2,0.251
"Festa, Matt",670036,2022,219,30.6,49.6,0.298
"McFarland, T.J.",519008,2022,145,16.4,46.4,0.375
"Wheeler, Zack",554430,2022,607,25.1,50.5,0.277
"Morán, Jovani",663558,2022,164,38.9,46.7,0.236
"Bradley, Archie",605151,2022,78,20.3,45.2,0.298
"Suarez, Ranger",624133,2022,662,21.4,45.5,0.304
"Sandlin, Nick",680704,2022,180,27.5,46.2,0.288
"Givens, Mychal",571710,2022,260,27.5,45.7,0.301
"Lugo, Seth",607625,2022,272,23.3,42.6,0.292
"Wendelken, J.B.",605525,2022,122,22.2,46.1,0.378
"Stout, Eric",657770,2022,110,27.1,41.8,0.334
"Howard, Spencer",675921,2022,179,17.9,47.7,0.366
"Kerr, Ray",678061,2022,21,25.6,44.3,0.494
"Swarmer, Matt",664161,2022,153,31.3,44.7,0.362
"Speas, Alex",666208,2023,12,30.0,30.8,0.408
"Honeywell, Brent",641703,2023,235,24.0,46.8,0.361
"Castillo, Max",666721,2023,89,16.2,48.8,0.369
"Cronin, Declan",686539,2023,51,17.1,42.5,0.393
"Pérez, Cionel",672335,2023,247,20.0,46.2,0.304
"Pérez, Eury",691587,2023,374,33.7,49.9,0.295
"Smeltzer, Devin",656970,2023,100,19.3,47.4,0.409
"Small, Ethan",663629,2023,23,31.0,45.2,0.417
"Rucinski, Drew",607968,2023,95,21.8,40.6,0.403
"Naile, James",664942,2023,80,14.4,45.1,0.401
"Richards, Trevor",670950,2023,315,37.0,47.6,0.293
"Morejon, Adrian",670970,2023,44,17.1,43.5,0.41
"Woodruff, Brandon",605540,2023,253,28.3,50.1,0.262
"Gillaspie, Logan",670810,2023,46,19.6,50.8,0.422
"Frías, Luis",666818,2023,139,26.4,48.4,0.344
"Curtiss, John",595928,2023,81,24.1,45.5,0.281
"Karcher, Ricky",676689,2023,4,0.0,28.6,0.197
"Senzatela, Antonio",622608,2023,30,21.1,47.5,0.456
"Pressly, Ryan",519151,2023,268,31.4,50.7,0.292
"Strahm, Matt",621381,2023,351,28.0,50.4,0.278
"Lynn, Lance",458681,2023,808,28.8,50.1,0.336
"Kennedy, Ian",453178,2023,75,34.0,47.8,0.323
"Scott, Tayler",605463,2023,88,24.7,45.6,0.349
"Ramírez, Erasmo",541640,2023,274,20.2,51.5,0.35
"Littell, Zack",641793,2023,379,21.0,53.4,0.318
"Brazobán, Huascar",623211,2023,257,31.7,47.6,0.291
"Bumgarner, Madison",518516,2023,90,17.1,43.4,0.43
"De los Santos, Yerry",660787,2023,104,16.6,45.6,0.297
"Velasquez, Vince",592826,2023,162,27.2,46.9,0.316
"Joyce, Ben",690829,2023,48,24.7,42.1,0.34
"Reid-Foley, Sean",656887,2023,34,40.5,45.1,0.221
"Ryan, Joe",657746,2023,672,26.8,55.1,0.292
"Manning, Matt",666159,2023,316,18.8,46.8,0.353
"Hudson, Daniel",543339,2023,14,35.5,48.4,0.232
"Middleton, Keynan",641871,2023,212,36.0,51.6,0.298
"Williams, Gavin",668909,2023,345,27.8,47.5,0.317
"Lynch IV, Daniel",663738,2023,223,24.6,48.8,0.339
"Lodolo, Nick",666157,2023,166,30.4,46.9,0.337
"Anderson, Grant",681982,2023,154,21.4,44.5,0.312
"Kennedy, Brett",664028,2023,83,18.5,43.5,0.34
"Miller, Tyson",668338,2023,64,26.9,46.4,0.398
"Wicks, Jordan",696136,2023,147,23.3,46.3,0.312
"Campbell, Isaiah",663462,2023,120,28.6,46.9,0.304
"Jiménez, Joe",641729,2023,238,32.2,51.1,0.301
"Ashcraft, Graham",668933,2023,624,22.3,48.2,0.339
"Hollowell, Gavin",668970,2023,154,25.5,46.2,0.356
"Giolito, Lucas",608337,2023,794,28.8,46.8,0.329
"Payamps, Joel",606303,2023,287,26.9,43.8,0.277
"Gómez, Yoendrys",672782,2023,8,25.0,53.3,0.227
"Faria, Jake",607188,2023,14,40.9,33.8,0.349
"Kerkering, Orion",689147,2023,14,40.9,36.7,0.249
"Dermody, Matt",571616,2023,17,16.2,48.7,0.444
"Muckenhirn, Zach",669105,2023,31,21.3,49.5,0.381
"Kriske, Brooks",621139,2023,25,29.3,44.6,0.39
"Thompson, Keegan",624522,2023,125,26.6,42.6,0.318
"Faedo, Alex",656412,2023,262,23.5,47.7,0.303
"Beeks, Jalen",656222,2023,192,31.0,46.4,0.293
"Heaney, Andrew",571760,2023,641,26.5,48.2,0.326
"Nolin, Sean",543594,2023,18,21.2,53.2,0.525
"Ort, Kaleb",672391,2023,107,19.9,48.2,0.328
"Banda, Anthony",607455,2023,35,21.7,51.9,0.48
"Nelson, Ryne",669194,2023,619,20.3,49.8,0.349
"Moll, Sam",594580,2023,268,22.5,44.6,0.263
"Poche, Colin",621363,2023,246,29.0,48.8,0.255
"Barria, Jaime",642545,2023,362,22.9,48.5,0.352
"Suarez, José",660761,2023,165,28.5,48.1,0.367
"Bradley, Archie",605151,2023,39,21.9,43.0,0.465
"Gibaut, Ian",664139,2023,318,25.5,51.7,0.297
"Williams, Devin",642207,2023,231,41.8,46.9,0.255
"Muller, Kyle",666205,2023,372,21.2,48.4,0.401
"Paddack, Chris",663978,2023,22,33.3,49.4,0.29
"Chirinos, Yonny",630023,2023,367,17.7,48.7,0.373
"Vargas, Carlos",672841,2023,22,33.3,40.7,0.454
"Kelly, Kevin",687330,2023,276,22.2,44.7,0.284
"Miller, Bobby",676272,2023,505,26.8,48.2,0.288
"Fried, Max",608331,2023,311,27.2,46.5,0.258
"Turnbull, Spencer",605513,2023,145,21.9,45.2,0.374
"Almonte, Yency",622075,2023,207,30.5,43.0,0.322
"Ortega, Oliver",661383,2023,62,30.3,45.6,0.265
"Brasier, Ryan",518489,2023,239,25.1,51.2,0.29
"Milner, Hoby",571948,2023,252,20.6,42.5,0.267
"Irvin, Cole",608344,2023,336,20.8,50.5,0.356
"Waites, Cole",686972,2023,15,19.4,47.7,0.403
"Moore, Matt",519043,2023,218,28.2,53.1,0.283
"Sborz, Josh",622250,2023,215,37.2,47.1,0.282
"Kay, Anthony",641743,2023,66,20.3,52.9,0.39
"Pruitt, Austin",643493,2023,197,20.4,48.6,0.306
"Swanson, Erik",657024,2023,262,32.6,50.4,0.274
"Stephenson, Robert",596112,2023,201,46.6,53.7,0.26
"Germán, Domingo",593334,2023,444,30.3,50.9,0.319
"Borucki, Ryan",621366,2023,152,28.1,52.7,0.282
"Hand, Brad",543272,2023,236,22.3,44.9,0.326
"Syndergaard, Noah",592789,2023,391,17.9,49.1,0.381
"Irvin, Jake",663623,2023,530,17.9,43.7,0.344
"Keuchel, Dallas",572971,2023,172,20.4,42.6,0.362
"Willingham, Amos",686294,2023,116,21.3,47.9,0.394
"Adcock, Ty",686654,2023,58,21.7,58.0,0.36
"Festa, Matt",670036,2023,43,38.3,41.5,0.349
"Walker, Taijuan",592836,2023,733,20.5,44.1,0.322
"Yates, Kirby",489446,2023,254,30.8,45.5,0.325
"Alexander, Tyler",641302,2023,181,18.3,49.2,0.297
"Alcantara, Sandy",645261,2023,762,25.4,54.2,0.319
"Lucchesi, Joey",664192,2023,195,17.4,43.8,0.352
"Lugo, Seth",607625,2023,604,21.9,46.3,0.323
"Barlow, Joe",669618,2023,44,27.6,51.7,0.308
"Armstrong, Shawn",542888,2023,207,26.3,53.8,0.256
"Davidson, Tucker",656353,2023,236,23.9,46.4,0.347
"Nittoli, Vinny",657697,2023,15,20.8,44.4,0.247
"Gilbert, Tyler",656457,2023,72,27.2,47.5,0.382
"Junis, Jakob",596001,2023,367,27.3,46.7,0.3
"Bleier, Richard",542947,2023,132,17.9,55.3,0.33
"Walker, Ryan",676254,2023,263,32.0,45.5,0.272
"Jackson, Jay",543351,2023,116,30.4,49.0,0.284
"Grove, Michael",675627,2023,302,27.2,49.5,0.342
"Pilkington, Konnor",663455,2023,8,26.7,37.5,0.244
"Uribe, Abner",682842,2023,127,32.9,40.5,0.291
"Bowman, Matt",621199,2023,20,12.5,38.6,0.362
"Hearn, Taylor",621368,2023,76,23.0,52.7,0.374
"Merryweather, Julian",657240,2023,303,35.1,47.3,0.298
"Mayza, Tim",641835,2023,215,22.9,43.8,0.286
"Avila, Pedro",658648,2023,220,28.9,45.7,0.311
"Lively, Ben",594902,2023,383,20.7,45.4,0.341
"Taillon, Jameson",592791,2023,655,22.0,49.1,0.333
"McMillon, John",669111,2023,13,56.0,45.5,0.194
"Gomber, Austin",596295,2023,603,19.1,47.5,0.363
"France, J.P.",641585,2023,581,21.9,44.9,0.34
"Sulser, Cole",642121,2023,23,36.8,45.2,0.411
"Hartlieb, Geoff",664129,2023,16,20.0,45.5,0.325
"Gonsolin, Tony",664062,2023,435,21.5,49.4,0.365
"Bummer, Aaron",607481,2023,267,32.5,40.0,0.293
"Loup, Aaron",571901,2023,231,20.8,50.7,0.321
"Smith, Will",519293,2023,226,28.9,50.5,0.283
"Crochet, Garrett",676979,2023,64,26.2,44.5,0.385
"Means, John",607644,2023,88,16.4,52.2,0.329
"Hughes, Brandon",676714,2023,63,37.1,43.9,0.352
"Graveman, Kendall",608665,2023,282,29.2,43.6,0.327
"Green, Chad",643338,2023,52,36.7,55.9,0.272
"Flaherty, Jack",656427,2023,650,26.6,44.0,0.343
"Coulombe, Danny",543056,2023,210,29.8,46.5,0.27
"Thompson, Zack",668868,2023,287,23.9,43.8,0.33
"Lamet, Dinelson",659275,2023,145,24.0,43.6,0.377
"Lovelady, Richard",663992,2023,96,24.4,45.5,0.306
"Familia, Jeurys",544727,2023,64,29.1,40.2,0.366
"Miller, Shelby",571946,2023,163,26.0,43.0,0.283
"Burdi, Nick",595897,2023,15,36.4,56.9,0.268
"Pop, Zach",647315,2023,56,26.9,46.7,0.358
"Cleavinger, Garrett",664076,2023,48,26.1,41.7,0.306
"Howard, Spencer",675921,2023,18,36.7,37.5,0.341
"Burnes, Corbin",669203,2023,784,28.8,46.3,0.287
"Nola, Aaron",605400,2023,793,26.0,49.3,0.298
"Keller, Mitch",656605,2023,825,23.2,47.8,0.315
"Manoah, Alek",666201,2023,415,21.8,45.4,0.372
"Bassitt, Chris",605135,2023,826,21.9,47.3,0.31
"McFarland, T.J.",519008,2023,11,34.8,45.1,0.332
"Rosenberg, Kenny",670046,2023,146,23.3,47.3,0.293
"Boyd, Matthew",571510,2023,303,30.8,49.7,0.316
"Rogers, Taylor",573124,2023,216,26.7,41.7,0.29
"Vines, Darius",670241,2023,84,25.0,48.1,0.307
"Adam, Jason",592094,2023,222,34.4,45.9,0.32
"Zimmermann, Bruce",669145,2023,61,31.9,52.6,0.298
"Bruihl, Justin",677865,2023,121,24.3,46.1,0.332
"Krehbiel, Joey",607216,2023,19,24.1,36.3,0.27
"Allard, Kolby",663465,2023,56,25.8,48.7,0.354
"Duarte, Daniel",650960,2023,136,24.5,47.9,0.291
"Rom, Drew",680723,2023,170,18.4,43.7,0.37
"Gonzales, Marco",594835,2023,215,20.1,48.6,0.349
"Jansen, Kenley",445276,2023,188,29.0,52.1,0.278
"De León, José",592254,2023,70,26.1,47.2,0.324
"Woodford, Jake",663765,2023,222,15.8,41.7,0.392
"McArthur, James",663704,2023,90,24.8,47.2,0.268
"Scherzer, Max",453286,2023,621,28.6,51.0,0.284
"Criswell, Cooper",681867,2023,151,18.1,45.8,0.348
"Francis, Bowden",670102,2023,136,23.2,49.5,0.294
"Abbott, Andrew",671096,2023,459,25.6,46.8,0.306
"Mills, Alec",621219,2023,10,22.2,45.0,0.444
"Pfaadt, Brandon",694297,2023,421,25.0,49.3,0.326
"Cobb, Alex",502171,2023,646,21.7,44.9,0.333
"Alvarado, José",621237,2023,172,33.5,49.5,0.259
"Hentges, Sam",656529,2023,223,27.4,45.0,0.312
"Walter, Brandon",687888,2023,106,16.0,49.6,0.324
"Taylor, Josh",657031,2023,83,30.0,46.9,0.332
"Cimber, Adam",643256,2023,95,14.9,46.8,0.374
"Gage, Matt",657424,2023,27,37.0,38.7,0.29
"Schoop, Jonathan",570731,2023,5,12.5,47.1,0.59
"Dodd, Dylan",689266,2023,164,18.6,53.9,0.424
"Pagán, Emilio",641941,2023,273,24.4,54.6,0.296
"Guerra, Javy",642770,2023,97,21.6,38.4,0.399
"Edwards Jr., Carl",605218,2023,142,21.6,47.4,0.316
"Castillo, Luis",622491,2023,802,30.6,52.1,0.302
"Wesneski, Hayden",669713,2023,379,22.7,44.6,0.348
"Perdomo, Angel",622780,2023,117,32.0,46.0,0.261
"Rasmussen, Drew",656876,2023,177,23.7,50.1,0.265
"Bradford, Cody",674003,2023,234,22.1,48.9,0.325
"Saalfrank, Andrew",685314,2023,41,31.4,55.1,0.289
"Hartwig, Grant",701643,2023,158,20.5,42.7,0.32
"Ortiz, Luis",656814,2023,80,20.5,48.8,0.304
"Ferguson, Caleb",657571,2023,270,26.1,49.2,0.303
"Mariot, Michael",592527,2023,13,25.0,39.0,0.368
"Anderson, Chase",502624,2023,372,21.6,46.2,0.337
"Suero, Wander",593833,2023,35,23.1,40.9,0.27
"Wright, Kyle",657140,2023,155,23.2,47.3,0.351
"Bard, Daniel",453268,2023,232,21.7,40.0,0.372
"Cosgrove, Tom",676680,2023,205,24.9,46.1,0.254
"Bradish, Kyle",680694,2023,671,26.0,45.8,0.3
"Miller, Bryce",682243,2023,537,24.3,52.8,0.336
"Karinchak, James",675916,2023,171,29.8,40.8,0.328
"Marsh, Alec",679525,2023,342,29.6,45.5,0.369
"Greinke, Zack",425844,2023,593,17.3,46.8,0.345
"Liberatore, Matthew",669461,2023,275,18.7,44.9,0.37
"Peguero, Elvis",665625,2023,252,31.3,46.5,0.303
"Naughton, Packy",676050,2023,17,27.6,42.6,0.255
"De Jesus, Enmanuel",646241,2023,34,27.4,45.6,0.396
"Ferrer, José A.",678606,2023,142,18.3,47.0,0.301
"Ohtani, Shohei",660271,2023,531,30.8,46.7,0.3
"Javier, Cristian",664299,2023,687,27.1,48.0,0.325
"Paxton, James",572020,2023,411,27.6,50.0,0.301
"Jarvis, Bryce",686826,2023,92,18.2,43.0,0.356
"Abbott, Cory",676265,2023,184,26.1,47.9,0.345
"Kelley, Trevor",665001,2023,69,23.3,42.6,0.346
"Castro, Miguel",612434,2023,268,26.9,45.7,0.304
"Cyr, Tyler",664202,2023,6,26.7,57.7,0.217
"Wacha, Michael",608379,2023,553,24.6,47.9,0.319
"Neal, Zach",594943,2023,124,23.1,49.6,0.405
"Newcomb, Sean",656794,2023,61,21.4,45.0,0.304
"Crawford, Brandon",543063,2023,5,12.5,40.0,0.281
"Staumont, Josh",622251,2023,89,27.4,46.7,0.324
"Ramsey, Lane",682010,2023,92,24.2,46.2,0.303
"Justice, Evan",687145,2023,42,15.8,33.7,0.357
"Elder, Bryce",693821,2023,732,23.6,46.3,0.326
"Díaz, Alexis",664747,2023,286,34.8,47.0,0.288
"Hanifee, Brenan",669724,2023,23,9.5,47.2,0.343
"Nicolas, Kyle",693312,2023,26,28.3,47.7,0.317
"Uelmen, Erich",657272,2023,8,33.3,27.3,0.483
"Williamson, Brandon",682227,2023,491,22.1,46.6,0.334
"Gipson-Long, Sawyer",687830,2023,82,35.0,46.7,0.247
"López, Pablo",641154,2023,801,30.3,51.7,0.27
"Stephan, Trevor",663986,2023,294,30.6,49.9,0.325
"Quantrill, Cal",615698,2023,444,18.9,47.0,0.365
"Neris, Héctor",593576,2023,273,30.6,50.6,0.281
"Farmer, Buck",571656,2023,309,30.3,47.0,0.31
"Bush, Matt",456713,2023,48,30.2,44.3,0.464
"Colomé, Alex",517008,2023,15,27.3,53.2,0.394
"Luetge, Lucas",476595,2023,65,21.0,48.3,0.346
"Mushinski, Parker",656786,2023,69,22.6,48.6,0.35
"Felipe, Angel",665734,2023,64,37.6,34.3,0.266
"Peterson, David",656849,2023,492,29.5,45.9,0.339
"Ryan, Ryder",656924,2023,4,50.0,46.2,0.302
"Martinez, Nick",607259,2023,461,28.6,46.9,0.308
"Englert, Mason",669438,2023,253,23.6,51.3,0.383
"Reyes, Gerardo",622103,2023,49,23.8,46.8,0.361
"González, Chi Chi",592346,2023,19,13.9,48.0,0.373
"Clarke, Taylor",664199,2023,266,27.7,50.3,0.344
"Saucedo, Tayler",642048,2023,207,29.6,45.8,0.314
"Civale, Aaron",650644,2023,504,22.7,46.9,0.299
"Hendricks, Kyle",543294,2023,578,21.1,46.7,0.314
"Kikuchi, Yusei",579328,2023,700,28.0,48.7,0.318
"Herget, Kevin",643361,2023,105,19.5,47.8,0.359
"Martinez, Adrián",661309,2023,241,23.1,45.5,0.35
"Cecconi, Slade",677944,2023,111,18.3,48.3,0.335
"Díaz, Jhonathan",646242,2023,42,19.7,41.3,0.392
"Lopez, José",673111,2023,10,20.0,39.2,0.358
"Urías, Julio",628711,2023,482,24.2,49.5,0.316
"Mederos, Victor",682989,2023,17,17.4,34.8,0.333
"Musgrove, Joe",605397,2023,399,26.0,49.4,0.275
"Rodón, Carlos",607074,2023,286,26.3,53.4,0.352
"Headrick, Brent",687396,2023,117,24.8,48.2,0.352
"Veneziano, Anthony",685107,2023,12,19.2,47.3,0.4
"Estrada, Jeremiah",669093,2023,56,24.6,48.1,0.477
"Muñoz, Andrés",662253,2023,211,39.4,48.0,0.269
"Hurt, Kyle",669165,2023,6,42.9,58.3,0.058
"Holton, Tyler",663947,2023,324,26.8,49.3,0.289
"Stratton, Chris",608717,2023,338,22.0,47.5,0.296
"Baumann, Mike",657508,2023,273,25.0,48.3,0.351
"Gallen, Zac",668678,2023,846,26.4,47.2,0.316
"Weathers, Ryan",677960,2023,257,23.6,43.9,0.329
"Machado, Andrés",600921,2023,207,24.0,50.6,0.358
"Weber, Ryan",543901,2023,60,18.0,48.9,0.352
"Cruz, Steven",674444,2023,62,25.3,40.6,0.327
"Woods Richardson, Simeon",680573,2023,24,14.9,48.5,0.361
"Brown, Hunter",686613,2023,665,24.8,46.4,0.318
"Blanco, Ronel",669854,2023,226,33.0,51.2,0.343
"Then, Juan",672730,2023,48,20.3,41.3,0.343
"Garcia, Rico",670329,2023,60,24.6,45.7,0.427
"Shreve, Chasen",592741,2023,193,28.5,47.9,0.315
"McKenzie, Triston",663474,2023,73,26.7,45.0,0.335
"Stroman, Marcus",573186,2023,575,22.4,45.1,0.318
"Morán, Jovani",663558,2023,184,37.0,42.1,0.296
"Speier, Gabe",642100,2023,216,30.8,52.8,0.287
"Lauer, Eric",641778,2023,211,22.0,46.9,0.405
"Suter, Brent",608718,2023,292,22.2,44.3,0.28
"Wolf, Jackson",680232,2023,22,5.7,46.7,0.386
"Singer, Brady",663903,2023,702,22.7,45.6,0.339
"Kowar, Jackson",663804,2023,137,26.3,44.2,0.326
"Chavez, Jesse",445926,2023,144,28.3,41.3,0.292
"Seabold, Connor",657756,2023,408,21.5,50.3,0.346
"Tonkin, Michael",543859,2023,325,24.8,50.3,0.306
"García, Yimi",554340,2023,282,31.3,48.2,0.291
"Kelly, Michael",547184,2023,71,23.3,44.1,0.305
"Givens, Mychal",571710,2023,22,14.3,47.2,0.475
"Ryu, Hyun Jin",547943,2023,224,21.1,48.1,0.304
"Wood, Alex",622072,2023,429,21.7,45.8,0.331
"Nelson, Nick",656793,2023,20,23.7,55.1,0.336
"Castillo, Diego",650895,2023,41,26.8,50.6,0.338
"Beck, Tristan",663941,2023,354,23.6,49.2,0.298
"Foley, Jason",671345,2023,276,17.9,48.4,0.298
"Jackson, Zach",667427,2023,80,27.7,42.7,0.292
"Sandoval, Patrick",663776,2023,652,27.7,46.6,0.331
"Bukauskas, J.B.",656266,2023,30,28.6,48.5,0.296
"Santana, Dennis",642701,2023,50,28.7,45.7,0.38
"Mayers, Mike",594577,2023,119,19.5,47.3,0.338
"Young, Danny",664849,2023,35,29.1,40.7,0.289
"Matz, Steven",571927,2023,449,25.3,47.8,0.306
"Stratton, Hunter",676702,2023,47,27.8,55.7,0.324
"Lange, Alex",656638,2023,288,39.1,41.0,0.303
"Stanek, Ryne",592773,2023,213,30.7,52.4,0.311
"Floro, Dylan",571670,2023,248,24.0,46.0,0.286
"Kerr, Ray",678061,2023,114,32.2,47.3,0.327
"Kluber, Corey",446372,2023,257,20.9,48.9,0.375
"Rodríguez, Dereck",605446,2023,30,19.5,42.3,0.469
"Koch, Matt",571863,2023,163,22.5,51.7,0.325
"Vest, Will",676684,2023,199,24.3,47.6,0.277
"Parsons, Wes",641149,2023,26,18.4,42.7,0.407
"Glasnow, Tyler",607192,2023,485,35.4,48.6,0.292
"Waldron, Matt",663362,2023,173,18.9,47.8,0.321
"Carasiti, Matt",571539,2023,110,23.1,42.1,0.351
"Marte, Yunior",628708,2023,182,25.0,47.4,0.33
"Megill, Tylor",656731,2023,567,23.4,44.9,0.365
"Coonrod, Sam",656322,2023,34,23.1,35.4,0.339
"Akin, Keegan",669211,2023,112,25.0,53.1,0.331
"Hatch, Thomas",641672,2023,129,29.6,49.4,0.322
"Pannone, Thomas",623381,2023,14,29.2,40.7,0.328
"Devenski, Chris",606965,2023,173,29.3,48.2,0.326
"Diekman, Jake",518617,2023,243,26.4,41.1,0.286
"Snell, Blake",605483,2023,742,37.3,42.9,0.3
"McHugh, Collin",543521,2023,268,25.7,47.0,0.346
"Bednar, David",670280,2023,277,32.8,54.1,0.263
"Finnegan, Kyle",640448,2023,288,24.8,49.5,0.329
"Peralta, Sammy",671111,2023,90,21.0,46.4,0.311
"Clevinger, Mike",605182,2023,549,23.2,49.1,0.313
"Cole, Gerrit",543037,2023,821,26.2,50.1,0.288
"White, Brendan",686839,2023,177,29.2,48.3,0.324
"Alexander, Scott",518397,2023,208,20.2,52.9,0.296
"Soriano, José",667755,2023,185,36.2,42.9,0.315
"Tepera, Ryan",572193,2023,57,25.3,43.0,0.351
"deGrom, Jacob",594798,2023,115,42.1,51.7,0.209
"López, Jorge",605347,2023,266,23.2,47.3,0.352
"Garrett, Reed",657585,2023,87,28.7,51.3,0.327
"Duran, Jhoan",661395,2023,255,35.4,51.4,0.25
"Weissert, Greg",669711,2023,87,28.0,43.2,0.326
"Fulmer, Carson",608334,2023,39,20.9,42.7,0.327
"Suarez, Ranger",624133,2023,540,23.1,45.0,0.322
"Kershaw, Clayton",477132,2023,523,28.1,49.6,0.298
"Leone, Dominic",608678,2023,235,34.1,50.7,0.347
"Heller, Ben",621294,2023,82,27.0,45.8,0.33
"Underwood Jr., Duane",621249,2023,100,20.1,47.2,0.381
"Strider, Spencer",675911,2023,763,38.6,53.0,0.273
"McCaughan, Darren",670766,2023,27,37.2,38.4,0.279
"Burdi, Zack",641420,2023,20,41.2,45.3,0.354
"Bracho, Silvino",611093,2023,31,27.1,38.1,0.275
"Bellatti, Andrew",571479,2023,113,33.9,48.5,0.341
"Ottavino, Adam",493603,2023,261,26.1,41.9,0.292
"Harris, Hobie",665048,2023,91,19.9,44.6,0.41
"Alcala, Jorge",660896,2023,75,25.4,40.8,0.366
"Silseth, Chase",681217,2023,221,27.9,44.0,0.317
"Garrett, Braxton",666129,2023,659,25.4,47.2,0.328
"Rainey, Tanner",663432,2023,5,25.0,44.4,0.199
"Miller, Mason",695243,2023,139,26.2,46.3,0.279
"Peralta, Freddy",642547,2023,680,33.6,47.8,0.284
"Moreta, Dauri",664294,2023,239,33.6,44.5,0.27
"Anderson, Tyler",542881,2023,629,27.8,49.7,0.339
"Hernández, Carlos",672578,2023,301,30.4,51.8,0.332
"Medina, Luis",665622,2023,495,24.5,46.1,0.335
"Valdez, Framber",664285,2023,808,26.8,47.2,0.319
"Kirby, George",669923,2023,757,22.9,54.5,0.305
"Sale, Chris",519242,2023,425,29.7,48.1,0.295
"Garcia, Luis",677651,2023,115,31.0,49.9,0.316
"García, Deivi",665620,2023,67,23.8,42.2,0.343
"White, Owen",669391,2023,19,20.0,51.5,0.335
"Dubin, Shawn",681869,2023,42,27.6,50.6,0.343
"Curry, Xzavion",675540,2023,404,20.8,48.9,0.343
"Ingram, Kolton",688427,2023,30,33.3,39.0,0.4
"González, Victor",624647,2023,135,29.2,45.7,0.278
"Pérez, Martín",527048,2023,608,17.5,45.3,0.336
"Berríos, José",621244,2023,782,25.5,46.5,0.326
"Bowlan, Jonathan",680742,2023,14,30.3,58.9,0.341
"García, Luis",472610,2023,267,25.4,47.5,0.313
"Crismatt, Nabil",622503,2023,65,32.5,43.5,0.319
"Walker, Josh",677020,2023,48,27.5,49.8,0.339
"Bubic, Kris",663460,2023,68,28.7,54.2,0.309
"Toussaint, Touki",657053,2023,384,25.2,40.1,0.351
"Wheeler, Zack",554430,2023,787,28.6,51.3,0.279
"Bass, Anthony",542914,2023,88,30.8,44.1,0.347
"Jameson, Drey",686753,2023,174,30.0,46.0,0.356
"Abreu, Albert",656061,2023,268,26.3,42.0,0.331
"Severino, Luis",622663,2023,417,20.8,51.5,0.365
"Scholtens, Jesse",669947,2023,377,20.8,45.2,0.338
"Wittgren, Nick",621295,2023,128,15.4,48.1,0.33
"Ríos, Yacksel",605441,2023,13,33.3,33.9,0.427
"Sears, JP",676664,2023,735,24.8,51.0,0.332
"Robertson, David",502085,2023,269,31.2,45.0,0.28
"Phillips, Evan",623465,2023,234,29.6,47.7,0.275
"Doyle, Tommy",656382,2023,103,29.7,49.7,0.368
"Moronta, Reyes",606625,2023,11,36.8,39.6,0.519
"Davies, Zach",605200,2023,377,22.0,40.3,0.355
"Lambert, Peter",663567,2023,375,21.6,47.5,0.355
"Johnson, Pierce",572955,2023,277,33.1,46.8,0.306
"Pearson, Nate",663878,2023,182,26.4,43.1,0.305
"Coleman, Dylan",669395,2023,96,31.4,36.6,0.359
"Cueto, Johnny",456501,2023,218,19.3,52.4,0.346
"De Jong, Chase",608328,2023,60,20.8,47.1,0.416
"Jackson, Luke",592426,2023,143,30.4,49.0,0.279
"Lyles, Jordan",543475,2023,748,20.1,48.1,0.338
"Falter, Bailey",663559,2023,347,18.3,50.6,0.34
"McGough, Scott",543518,2023,301,32.0,47.7,0.319
"Carlton, Drew",656290,2023,85,22.8,50.6,0.317
"Baker, Bryan",641329,2023,186,23.6,48.0,0.284
"Castano, Daniel",641447,2023,20,19.2,37.7,0.365
"Hall, DL",669084,2023,81,30.3,50.7,0.264
"Webb, Logan",657277,2023,850,20.8,47.4,0.295
"Tapia, Domingo",593619,2023,75,26.6,43.7,0.3
"Brigham, Jeff",656257,2023,160,27.9,45.3,0.329
"Jiménez, Dany",666204,2023,94,27.5,37.7,0.302
"Crawford, Kutter",676710,2023,527,26.8,52.4,0.281
"Adon, Joan",672851,2023,240,21.8,47.6,0.357
"Clase, Emmanuel",661403,2023,302,27.4,53.4,0.274
"Varland, Louis",686973,2023,283,25.9,53.8,0.33
"Brewer, Colten",605155,2023,34,21.3,45.2,0.342
"Winckowski, Josh",670174,2023,367,26.2,49.4,0.3
"Chargois, JT",608638,2023,174,20.3,40.0,0.295
"Gilbert, Logan",669302,2023,770,26.4,52.2,0.295
"Ray, Robbie",592662,2023,19,22.7,48.4,0.347
"Gibson, Kyle",502043,2023,807,25.4,45.6,0.333
"Heasley, Jonathan",669169,2023,63,23.5,52.0,0.425
"Knehr, Reiss",663753,2023,32,15.7,41.5,0.552
"Hill, Garrett",682051,2023,80,20.7,39.2,0.365
"Cordero, Jimmy",622772,2023,132,24.5,43.0,0.291
"White, Mitch",669952,2023,60,25.6,47.8,0.332
"Santillan, Tony",663574,2023,18,16.7,30.5,0.502
"Holderman, Colin",670059,2023,240,23.2,47.7,0.294
"Houck, Tanner",656557,2023,463,28.8,47.3,0.314
"Pérez, Francisco",660906,2023,74,24.7,47.4,0.326
"Harvey, Hunter",640451,2023,235,26.3,50.9,0.284
"Maeda, Kenta",628317,2023,428,28.2,48.5,0.3
"Hembree, Heath",592390,2023,4,44.4,50.0,0.191
"Rodríguez, Joely",570257,2023,51,27.0,41.4,0.358
"Abad, Fernando",472551,2023,32,8.1,44.0,0.441
"Oviedo, Johan",670912,2023,781,26.0,46.5,0.329
"Verlander, Justin",434378,2023,669,22.5,49.6,0.295
"Flexen, Chris",623167,2023,466,22.3,48.0,0.372
"Herrin, Tim",682120,2023,121,26.9,47.5,0.336
"Varland, Gus",681402,2023,103,26.2,45.4,0.38
"Banks, Tanner",621383,2023,255,24.8,46.4,0.326
"Strzelecki, Peter",657265,2023,163,26.6,45.5,0.316
"Pallante, Andre",669467,2023,302,18.2,45.3,0.312
"Reyes, Denyi",660593,2023,90,23.4,52.7,0.347
"Solomon, Peter",656981,2023,67,20.7,39.0,0.429
"Vesia, Alex",681911,2023,217,30.3,50.8,0.296
"Winder, Josh",680739,2023,147,20.3,48.5,0.336
"Boyle, Joe",671212,2023,60,24.3,46.3,0.234
"Kuhnel, Joel",669270,2023,58,19.0,51.3,0.388
"Brieske, Beau",689225,2023,152,21.9,49.5,0.308
"Bazardo, Eduard",660825,2023,67,27.3,53.0,0.287
"Skubal, Tarik",669373,2023,310,31.3,53.0,0.236
"Schmidt, Clarke",657376,2023,694,22.8,47.1,0.32
"Mikolas, Miles",571945,2023,860,16.7,49.7,0.355
"Martinez, Seth",661527,2023,195,25.4,45.8,0.352
"Sands, Cole",663485,2023,99,19.3,43.8,0.37
"Hjelle, Sean",663546,2023,139,22.3,44.4,0.326
"Vasquez, Andrew",607755,2023,219,17.5,42.9,0.307
"Pivetta, Nick",601713,2023,587,29.6,48.9,0.309
"Rucker, Michael",621074,2023,176,27.7,43.1,0.324
"Jacob, Alek",689690,2023,10,37.5,51.1,0.124
"Wong, Jake",673858,2023,15,8.7,40.4,0.41
"Canning, Griffin",656288,2023,536,29.1,48.4,0.313
"Battenfield, Peyton",685410,2023,146,24.7,49.9,0.375
"Burke, Brock",656271,2023,250,22.2,56.6,0.316
"Schreiber, John",670167,2023,204,24.5,44.2,0.312
"Gray, Josiah",680686,2023,698,26.2,46.4,0.342
"Bradley, Taj",671737,2023,460,25.0,50.7,0.323
"Martinez, Justin",679885,2023,57,33.0,39.8,0.363
"Brito, Jhony",666745,2023,372,21.7,48.2,0.327
"Thielbar, Caleb",573204,2023,120,24.1,50.1,0.293
"Montgomery, Jordan",656756,2023,777,26.0,47.6,0.308
"Adams, Austin",613534,2023,81,29.3,45.3,0.295
"Ramírez, Yohan",670990,2023,176,20.6,40.2,0.318
"Tarnok, Freddy",676206,2023,65,21.7,44.9,0.399
"Henry, Tommy",674072,2023,381,22.3,48.7,0.321
"Cox, Austin",680735,2023,149,27.8,44.1,0.337
"Hernández, Daysbel",678226,2023,20,34.1,53.0,0.364
"Nogosek, Stephen",668665,2023,118,24.0,41.7,0.357
"Palencia, Daniel",694037,2023,119,30.8,48.0,0.306
"Shaw, Bryan",543766,2023,190,23.4,45.3,0.305
"Oller, Adam",670124,2023,101,20.7,44.7,0.407
"Cisnero, José",542585,2023,267,25.3,48.6,0.331
"Rodríguez, Elvin",660730,2023,10,40.9,46.8,0.125
"Feltner, Ryan",663372,2023,201,21.5,44.3,0.334
"Stone, Gavin",694813,2023,152,30.9,50.8,0.376
"Stripling, Ross",548389,2023,381,23.7,48.2,0.356
"Suárez, Andrew",605498,2023,130,19.4,46.4,0.366
"Fulmer, Michael",605242,2023,237,33.5,46.2,0.319
"Herget, Jimmy",623474,2023,127,20.4,47.2,0.321
"Sewald, Paul",623149,2023,249,29.3,49.8,0.259
"Lee, Dylan",669276,2023,101,30.0,53.7,0.356
"Balazovic, Jordan",666364,2023,108,18.1,46.4,0.353
"Luzardo, Jesús",666200,2023,741,31.4,48.6,0.307
"Wentz, Joey",666214,2023,492,25.5,47.8,0.362
"Moore, McKinley",686842,2023,21,25.8,36.0,0.375
"Kopech, Michael",656629,2023,591,26.9,42.1,0.363
"Berroa, Prelander",672860,2023,8,50.0,29.3,0.31
"Shuster, Jared",694363,2023,230,21.6,45.6,0.352
"Montero, Rafael",606160,2023,298,30.1,49.1,0.327
"Lambert, Jimmy",669424,2023,172,27.1,45.2,0.363
"Martin, Chris",455119,2023,199,23.3,58.3,0.279
"Thornton, Trent",663423,2023,125,22.0,47.6,0.274
"King, John",667463,2023,157,21.8,49.5,0.324
"Erceg, Lucas",668674,2023,251,28.4,41.5,0.298
"Helsley, Ryan",664854,2023,146,35.0,49.9,0.237
"Yarbrough, Ryan",642232,2023,376,22.8,51.5,0.322
"Loáisiga, Jonathan",642528,2023,69,15.5,54.7,0.255
"Harrison, Kyle",690986,2023,147,23.6,46.1,0.326
"Keller, Brad",641745,2023,211,22.8,37.5,0.363
"Logue, Zach",656657,2023,49,17.5,59.5,0.295
"Ortiz, Luis",682847,2023,400,22.6,45.5,0.388
"Garrett, Amir",607237,2023,112,26.4,42.2,0.338
"Long, Sam",669674,2023,199,20.1,48.2,0.336
"Winn, Keaton",676775,2023,172,30.7,52.7,0.317
"Gallegos, Giovanny",606149,2023,229,36.2,51.9,0.315
"Hudson, Bryan",663542,2023,44,25.3,48.2,0.346
"Marte, José",665896,2023,48,22.7,43.4,0.36
"Gausman, Kevin",592332,2023,763,28.9,49.3,0.303
"Hernández, Jonathan",642546,2023,147,30.0,43.9,0.339
"Ruiz, José",614179,2023,207,29.5,45.9,0.357
"Ward, Thaddeus",663658,2023,160,23.2,38.6,0.361
"May, Dustin",669160,2023,187,15.8,47.3,0.284
"Brash, Matt",666374,2023,308,38.3,44.5,0.28
"Estes, Joey",683155,2023,47,28.7,52.7,0.407
"Jackson, Andre",656578,2023,257,24.4,48.3,0.351
"Daniel, Davis",669721,2023,52,20.2,47.7,0.3
"Priester, Quinn",682990,2023,234,23.3,44.6,0.372
"Miley, Wade",489119,2023,490,19.1,45.1,0.319
"Cessa, Luis",570666,2023,132,14.6,47.3,0.432
"Garcia, Robert",676395,2023,127,24.3,50.4,0.293
"Waldichuk, Ken",686610,2023,639,25.1,47.5,0.332
"Springs, Jeffrey",605488,2023,55,37.0,43.6,0.195
"Gore, MacKenzie",669022,2023,582,27.9,48.5,0.347
"Boushley, Caleb",676961,2023,10,36.8,50.0,0.293
"Little, Luke",681432,2023,30,46.3,40.0,0.302
"Kolarek, Adam",592473,2023,22,25.0,43.4,0.206
"Sheehan, Emmet",686218,2023,248,29.6,51.5,0.287
"Voth, Austin",608723,2023,160,24.0,47.8,0.315
"Thompson, Ryan",657044,2023,121,17.8,44.4,0.281
"Norris, Daniel",596057,2023,63,24.5,42.6,0.412
"Cáceres, Kelvin",680983,2023,8,26.7,41.7,0.509
"Raley, Brooks",548384,2023,236,29.3,43.4,0.288
"King, Michael",650633,2023,431,29.4,42.5,0.29
"Kinley, Tyler",641755,2023,76,23.0,49.7,0.329
"Maton, Phil",664208,2023,274,32.9,50.0,0.274
"Bielak, Brandon",656232,2023,353,23.7,45.0,0.353
"Houser, Adrian",605288,2023,481,18.7,45.2,0.317
"Stoudt, Levi",686651,2023,55,21.5,41.5,0.348
"Fleming, Josh",676596,2023,221,18.2,46.4,0.354
"Vespi, Nick",663989,2023,59,19.6,50.5,0.3
"Faucher, Calvin",676534,2023,120,23.0,47.3,0.382
"Marinaccio, Ron",676760,2023,205,28.2,46.8,0.322
"Weiss, Zack",592848,2023,58,27.2,45.6,0.33
"Urquidy, José",664353,2023,275,25.0,51.4,0.332
"Kelly, Merrill",518876,2023,721,27.0,49.1,0.313
"Eflin, Zach",621107,2023,703,24.1,49.9,0.27
"Anderson, Nick",623433,2023,141,27.8,48.0,0.293
"Bachman, Sam",696147,2023,77,28.3,43.7,0.334
"Crowe, Wil",640444,2023,47,24.4,43.6,0.456
"Bibee, Tanner",676440,2023,585,26.3,47.2,0.298
"Quintana, Jose",500779,2023,319,21.6,45.5,0.33
"Hendriks, Liam",521230,2023,20,31.7,47.1,0.303
"Bickford, Phil",641360,2023,304,29.7,48.8,0.336
"Carrasco, Carlos",471911,2023,417,24.7,46.9,0.384
"Iglesias, Raisel",628452,2023,231,32.7,53.4,0.275
"Webb, Jacob",657097,2023,232,32.2,51.2,0.306
"Busenitz, Alan",641427,2023,29,22.0,55.1,0.365
"Burleson, Alec",676475,2023,13,14.3,62.2,0.51
"Sherriff, Ryan",595411,2023,29,26.7,43.3,0.317
"Rogers, Tyler",643511,2023,309,22.4,51.2,0.259
"McClanahan, Shane",663556,2023,469,33.5,51.2,0.312
"Rodriguez, Eduardo",593958,2023,621,23.8,47.8,0.31
"Overton, Connor",656818,2023,55,26.6,47.0,0.381
"Williams, Trevor",592866,2023,658,19.0,47.1,0.358
"Andrews, Clayton",677076,2023,22,18.9,42.5,0.478
"Thompson, Mason",666168,2023,240,21.6,43.9,0.328
"Bello, Brayan",678394,2023,668,24.4,48.4,0.316
"Díaz, Miguel",622766,2023,54,27.3,47.6,0.258
"Hudson, Dakota",641712,2023,354,20.2,47.1,0.371
"Peralta, Wandy",593974,2023,227,29.7,46.8,0.329
"Dunning, Dane",641540,2023,722,22.3,47.0,0.325
"Gray, Jon",592351,2023,656,26.4,50.8,0.325
"Weems, Jordan",607179,2023,232,27.0,44.3,0.319
"Wells, Tyler",669330,2023,470,26.4,47.2,0.306
"La Sorsa, Joe",686747,2023,145,22.5,46.9,0.324
"Manaea, Sean",640455,2023,499,24.2,49.8,0.313
"Davis, Noah",663562,2023,146,19.8,47.1,0.335
"Kelly, Joe",523260,2023,168,31.4,43.8,0.265
"Garza, Justin",621057,2023,91,21.5,44.9,0.42
"Graterol, Brusdar",660813,2023,257,16.6,50.7,0.275
"Rogers, Trevor",669432,2023,79,27.2,47.9,0.308
"Rutledge, Jackson",671131,2023,88,21.3,48.8,0.366
"Funderburk, Kody",681892,2023,47,34.5,43.8,0.243
"Cease, Dylan",656302,2023,784,31.0,46.3,0.314
"Cabrera, Edward",665795,2023,434,30.9,43.1,0.3
"Teheran, Julio",527054,2023,288,20.6,48.1,0.334
"Patton, Spencer",607359,2023,55,19.1,45.9,0.394
"Puk, A.J.",640462,2023,242,33.0,48.2,0.273
"Lindgren, Jeff",689167,2023,28,19.0,43.3,0.318
"Assad, Javier",665871,2023,449,20.8,42.9,0.33
"Nelson, Kyle",669459,2023,239,31.0,52.5,0.298
"Covey, Dylan",592229,2023,191,15.9,46.9,0.338
"Soriano, George",666277,2023,228,28.8,44.5,0.328
"Steele, Justin",657006,2023,716,24.0,52.9,0.291
"Chapman, Aroldis",547973,2023,249,42.2,44.9,0.26
"Zuñiga, Guillo",670871,2023,8,20.0,46.5,0.283
"Duffey, Tyler",608648,2023,7,21.4,45.2,0.283
"Chafin, Andrew",605177,2023,224,31.8,43.0,0.321
"Abreu, Bryan",650556,2023,287,39.8,44.8,0.279
"Blackburn, Paul",621112,2023,464,23.8,45.7,0.325
"Sims, Lucas",608371,2023,258,33.1,45.7,0.302
"Hill, Rich",448179,2023,660,19.3,45.4,0.357
"Leiter Jr., Mark",643410,2023,269,32.3,44.3,0.312
"Barlow, Scott",605130,2023,299,31.2,43.9,0.3
"Gaddis, Hunter",683769,2023,182,17.1,47.8,0.307
"Kauffmann, Karl",666154,2023,158,17.2,45.0,0.4
"Hunter, Tommy",488984,2023,106,18.0,51.5,0.345
"Smith, Chad",663385,2023,60,20.8,42.7,0.355
"Bautista, Félix",642585,2023,237,44.3,51.2,0.225
"Sousa, Bennett",656986,2023,34,31.0,50.7,0.281
"Hernandez, Jose E.",669796,2023,223,29.3,45.6,0.312
"Hill, Tim",657612,2023,202,15.0,50.1,0.341
"Leahy, Kyle",681517,2023,15,31.6,32.8,0.542
"Cano, Yennier",666974,2023,283,25.5,50.4,0.282
"Brogdon, Connor",641401,2023,127,27.9,47.4,0.329
"Snead, Kirby",669912,2023,56,24.1,45.1,0.385
"Bristo, Braden",668754,2023,30,23.2,49.1,0.292
"Bieber, Shane",669456,2023,533,24.3,46.1,0.338
"Darvish, Yu",506433,2023,573,25.1,46.4,0.302
"Cortes, Nestor",641482,2023,266,24.2,49.4,0.296
"Ginkel, Kevin",656464,2023,255,31.2,46.8,0.273
"Snider, Collin",676092,2023,95,17.7,40.1,0.355
"Patiño, Luis",672715,2023,99,21.6,42.3,0.361
"Ober, Bailey",641927,2023,577,28.7,53.1,0.293
"Barnes, Jacob",606930,2023,61,21.4,53.6,0.304
"Kaprielian, James",621076,2023,280,25.0,48.5,0.34
"Lawrence, Casey",596271,2023,122,21.4,46.1,0.321
"Nardi, Andrew",677053,2023,237,28.7,50.6,0.257
"Rodriguez, Grayson",680570,2023,515,26.3,50.4,0.317
"Lawrence, Justin",664875,2023,326,24.1,41.7,0.299
"DeSclafani, Anthony",543101,2023,419,20.3,46.7,0.347
"Lopez, Jacob",682052,2023,54,23.7,50.3,0.362
"Zerpa, Angel",672582,2023,182,19.9,49.6,0.322
"Spiers, Carson",686730,2023,64,20.4,48.8,0.319
"Vieira, Thyago",600986,2023,10,23.8,58.3,0.309
"Fujinami, Shintaro",660261,2023,357,30.1,45.4,0.334
"Hoffman, Jeff",656546,2023,208,34.6,51.2,0.25
"Otto Jr., Glenn",657248,2023,51,33.3,50.0,0.404
"Kimbrel, Craig",518886,2023,278,33.1,47.3,0.28
"Salazar, Eduardo",674285,2023,61,19.6,42.7,0.373
"Llovera, Mauricio",661440,2023,160,17.7,42.8,0.341
"Eovaldi, Nathan",543135,2023,577,26.4,47.8,0.307
"Espino, Paolo",502179,2023,28,12.5,39.6,0.524
"Bird, Jake",656234,2023,381,21.1,45.6,0.328
"Hamilton, Ian",641656,2023,239,34.6,47.5,0.289
"Freeland, Kyle",607536,2023,677,17.2,51.0,0.365
"Wainwright, Adam",425794,2023,484,13.1,41.3,0.399
"Alzolay, Adbert",640470,2023,253,28.1,51.4,0.295
"Whitlock, Garrett",676477,2023,304,28.3,51.2,0.33
"Greene, Hunter",668881,2023,498,30.7,49.2,0.301
"Morris, Cody",663752,2023,38,27.0,44.8,0.41
"Smyly, Drew",592767,2023,626,27.1,46.6,0.314
"Milone, Tommy",543548,2023,40,16.7,47.9,0.356
"Gray, Sonny",543243,2023,754,26.1,47.7,0.297
"Romero, JoJo",668941,2023,147,36.3,47.8,0.262
"Boxberger, Brad",502202,2023,84,23.5,40.2,0.336
"Kelly, Zack",677161,2023,43,23.0,40.9,0.358
"Bido, Osvaldo",674370,2023,236,22.7,45.0,0.334
"Phillips, Connor",683175,2023,96,23.0,42.3,0.327
"Brebbia, John",605154,2023,161,27.4,47.6,0.282
"Holmes, Clay",605280,2023,262,26.2,43.9,0.262
"Zastryzny, Rob",642239,2023,97,25.7,47.0,0.333
"Hader, Josh",623352,2023,231,33.1,50.1,0.24
"Kuhl, Chad",641771,2023,187,26.6,41.0,0.43
"Watkins, Spenser",657093,2023,21,18.2,48.9,0.392
"Rodríguez, José",642578,2023,12,14.8,56.3,0.377
"VerHagen, Drew",572403,2023,268,30.6,46.4,0.308
"Leclerc, José",600917,2023,233,35.6,48.0,0.277
"Sweet, Devin",682967,2023,43,22.4,45.8,0.426
"Wynne, Randy",691094,2023,11,30.0,58.8,0.511
"Greene, Shane",572888,2023,12,33.3,28.6,0.288
"Soroka, Michael",647336,2023,145,23.5,45.3,0.361
"Junk, Janson",676083,2023,33,8.5,53.6,0.305
"Yacabonis, Jimmy",642231,2023,62,20.2,40.7,0.337
"Antone, Tejay",622088,2023,21,24.3,41.1,0.263
"Law, Derek",571882,2023,240,27.1,47.8,0.334
"Stallings, Jacob",607732,2023,36,4.0,54.3,0.344
"Krook, Matt",640454,2023,27,25.6,40.2,0.362
"Mahle, Tyler",641816,2023,102,24.0,45.6,0.279
"Wantz, Andrew",681806,2023,160,26.3,48.5,0.312
"Doval, Camilo",666808,2023,281,33.3,47.8,0.266
"Legumina, Casey",668984,2023,61,22.8,43.7,0.332
"Scott, Tanner",656945,2023,307,36.2,51.2,0.247
"Latz, Jacob",656641,2023,22,28.9,46.9,0.231
"Pepiot, Ryan",686752,2023,159,27.9,50.5,0.274
"Gott, Trevor",641627,2023,261,23.2,44.6,0.29
"Ragans, Cole",666142,2023,392,31.0,49.4,0.283
"López, Reynaldo",625643,2023,278,30.5,51.2,0.308
"Morgan, Eli",669212,2023,299,28.2,51.7,0.307
"Plesac, Zach",668676,2023,105,19.4,54.3,0.358
"Stewart, Brock",592779,2023,109,41.5,51.0,0.242
"Sánchez, Cristopher",650911,2023,396,26.4,48.2,0.299
"Robertson, Nick",687798,2023,106,29.8,50.5,0.326
"Contreras, Roansy",672710,2023,302,26.5,47.0,0.352
"Minter, A.J.",621345,2023,260,31.4,50.4,0.282
"Murphy, Chris",669684,2023,212,22.6,47.8,0.296
"Mantiply, Joe",573009,2023,157,23.2,49.7,0.309
"Wilson, Bryse",669060,2023,314,18.5,48.7,0.308
"Mejía, J.C.",650496,2023,50,27.6,45.8,0.391
"Kilian, Caleb",668873,2023,33,15.9,48.5,0.422
"Woo, Bryan",693433,2023,371,28.1,50.9,0.29
"Senga, Kodai",673540,2023,694,29.7,45.2,0.305
"Barraclough, Kyle",607457,2023,46,18.8,44.2,0.466
"Kittredge, Andrew",552640,2023,50,18.7,57.5,0.304
"Bernardino, Brennan",657514,2023,216,24.7,40.7,0.311
"Jax, Griffin",643377,2023,274,26.6,48.1,0.265
"Hicks, Jordan",663855,2023,285,28.2,41.4,0.283
"Megill, Trevor",656730,2023,148,32.5,46.7,0.275
"Lorenzen, Michael",547179,2023,624,21.7,49.4,0.325
"Murfee, Penn",682171,2023,58,33.0,48.9,0.283
"Blach, Ty",621389,2023,352,15.3,49.2,0.399
"Montas, Frankie",593423,2023,7,33.3,46.2,0.29
"Smith-Shawver, AJ",700363,2023,105,21.8,45.4,0.301
"Uceta, Edwin",670955,2023,11,45.8,47.1,0.293
"De Los Santos, Enyel",660853,2023,262,27.4,49.7,0.312
"Romano, Jordan",605447,2023,248,35.9,50.3,0.282
"Barnes, Matt",598264,2023,99,20.8,39.8,0.331
"Winans, Allan",642216,2023,141,25.2,47.6,0.318
"Cabrera, Génesis",650893,2023,239,29.8,49.7,0.311
"Ramirez, Nick",598286,2023,172,24.1,46.7,0.306
"Acevedo, Domingo",642758,2023,47,17.8,51.4,0.423
"Stephens, Jackson",623451,2023,52,25.5,48.7,0.289
"Weaver, Luke",596133,2023,563,21.6,47.3,0.358
"Rea, Colin",607067,2023,517,24.0,47.9,0.323
"Hancock, Emerson",676106,2023,49,18.4,53.1,0.286
"Rodríguez, Yerry",666720,2023,66,27.0,50.7,0.311
"Bolton, Cody",675989,2023,107,23.3,41.5,0.391
"Cuas, Jose",621016,2023,292,29.7,45.5,0.352
"Sandlin, Nick",680704,2023,239,32.0,46.5,0.307
"Warren, Austin",681810,2023,6,22.2,39.1,0.319
"McAllister, Zach",502083,2023,29,17.4,56.1,0.405
"Mears, Nick",683232,2023,87,23.2,41.7,0.275
"Quijada, José",650671,2023,41,22.9,51.6,0.362
"Vodnik, Victor",680767,2023,44,22.2,48.4,0.291
"Wingenter, Trey",622259,2023,76,31.8,48.9,0.308
"Richardson, Lyon",680689,2023,81,17.8,44.1,0.41
"Detmers, Reid",672282,2023,644,27.1,48.8,0.328
"Okert, Steven",595345,2023,247,30.7,47.6,0.306
"Smith, Drew",622098,2023,244,26.0,46.5,0.323
"Soto, Gregory",642397,2023,250,34.2,48.1,0.259
"Morton, Charlie",450203,2023,716,32.2,42.9,0.33
"Acton, Garrett",670183,2023,32,24.0,40.3,0.442
"McGee, Easton",668834,2023,22,20.0,54.7,0.268
"Ureña, José",570632,2023,203,21.8,47.1,0.364
"Buttó, José",676130,2023,179,28.8,45.4,0.306
"Misiewicz, Anthony",664948,2023,55,21.0,43.8,0.419
"Jacques, Joe",682175,2023,122,17.9,39.7,0.313
"Wilson, Steven",621051,2023,219,26.7,44.2,0.284
"Suarez, Robert",663158,2023,108,26.2,49.2,0.278
"Estévez, Carlos",608032,2023,281,27.5,51.9,0.312
"Selby, Colin",681882,2023,114,29.2,42.3,0.357
"Plassmeyer, Michael",674681,2023,23,25.5,55.3,0.529
"Allen, Logan",671106,2023,537,24.0,47.7,0.325
"Cousins, Jake",664776,2023,45,27.0,36.6,0.395
"Corbin, Patrick",571578,2023,790,21.4,45.7,0.372
"Topa, Justin",623437,2023,279,19.5,46.6,0.271
"Kremer, Dean",665152,2023,735,24.0,47.7,0.337
"Cruz, Fernando",518585,2023,279,34.5,48.9,0.289
"Kahnle, Tommy",592454,2023,165,35.2,45.3,0.265
"Calvo, Blair",663971,2023,3,0.0,45.5,0.311
"Espada, Jose",664744,2023,5,66.7,36.0,0.289
"Márquez, Germán",608566,2023,80,22.7,49.7,0.334
"Vásquez, Randy",681190,2023,166,17.9,46.0,0.354
"Sanmartin, Reiver",665665,2023,70,24.1,44.2,0.298
"Fairbanks, Pete",664126,2023,184,30.7,46.6,0.253
"Olson, Reese",681857,2023,422,27.4,46.3,0.332
"Harris, Hogan",663687,2023,284,23.1,46.0,0.345
"May, Trevor",543507,2023,205,23.6,44.1,0.328
"Navarro, Edgar",679346,2023,39,19.1,45.3,0.361
"Hoeing, Bryan",663773,2023,304,21.9,43.8,0.347
"Santos, Gregory",666619,2023,289,30.0,49.4,0.278
"Domínguez, Seranthony",622554,2023,224,28.0,50.6,0.329
"Padilla, Nicholas",656820,2023,23,34.1,44.0,0.501
"Young, Alex",622065,2023,236,30.3,50.9,0.313
"Hernandez, Nick",663321,2023,18,25.6,48.1,0.364
"Lucas, Easton",687922,2023,35,24.3,47.3,0.338
"Mlodzinski, Carmen",669387,2023,152,21.4,45.4,0.308
"Lopez, Jacob",682052,2024,46,23.2,38.8,0.303
"Antone, Tejay",622088,2024,11,31.3,34.0,0.377
"Carrasco, Carlos",471911,2024,447,22.7,48.7,0.334
"Heaney, Andrew",571760,2024,693,26.3,50.3,0.328
"Alcala, Jorge",660896,2024,235,28.1,48.9,0.277
"Scherzer, Max",453286,2024,177,29.2,54.7,0.307
"Raley, Brooks",548384,2024,25,24.1,45.4,0.287
"Baz, Shane",669358,2024,319,24.6,50.2,0.3
"Ashby, Aaron",676879,2024,119,26.3,43.2,0.273
"Kochanowicz, Jack",686799,2024,266,15.2,53.7,0.348
"Klein, Will",694361,2024,38,20.8,36.3,0.413
"Gose, Anthony",543238,2024,22,21.1,48.1,0.464
"Thorpe, Drew",689672,2024,190,23.9,45.9,0.336
"Adon, Joan",672851,2024,48,15.2,44.4,0.342
"Holton, Tyler",663947,2024,354,24.5,48.2,0.262
"Allen, Logan",663531,2024,128,19.7,49.6,0.36
"Flaherty, Jack",656427,2024,649,32.1,46.2,0.298
"Nelson, Kyle",669459,2024,42,23.0,51.0,0.364
"Mederos, Victor",682989,2024,27,24.0,46.7,0.475
"Blewett, Scott",656240,2024,85,25.7,52.4,0.307
"Sands, Cole",663485,2024,292,26.6,50.5,0.29
"Avila, Nick",687014,2024,55,22.8,50.7,0.413
"Bellozo, Valente",678368,2024,295,19.5,45.4,0.346
"Burdi, Nick",595897,2024,45,26.7,41.0,0.3
"Penrod, Zach",683068,2024,20,25.6,45.3,0.347
"Megill, Tylor",656731,2024,337,28.6,49.0,0.318
"Contreras, Luis",664351,2024,26,25.5,44.8,0.292
"Rodríguez, Yerry",666720,2024,105,22.1,48.6,0.435
"Boushley, Caleb",676961,2024,20,6.5,49.2,0.397
"Núñez, Dedniel",673380,2024,135,34.7,57.6,0.242
"Festa, Matt",670036,2024,100,26.2,55.6,0.309
"Doval, Camilo",666808,2024,271,34.3,43.6,0.287
"Weissert, Greg",669711,2024,263,20.3,48.3,0.294
"Wacha, Michael",608379,2024,685,23.3,48.5,0.314
"Loáisiga, Jonathan",642528,2024,20,15.6,52.5,0.323
"Webb, Jacob",657097,2024,237,27.4,49.6,0.29
"Winckowski, Josh",670174,2024,336,20.9,47.8,0.322
"Faucher, Calvin",676534,2024,235,28.1,43.6,0.302
"Okert, Steven",595345,2024,160,23.6,45.5,0.313
"Brzykcy, Zach",694350,2024,28,26.1,44.2,0.42
"Baker, Bryan",641329,2024,93,23.9,48.6,0.295
"Cobb, Alex",502171,2024,62,17.1,43.4,0.346
"Weems, Jordan",607179,2024,196,20.3,49.0,0.353
"Holderman, Colin",670059,2024,223,29.5,45.6,0.316
"Kolek, Stephen",663568,2024,211,21.1,49.3,0.332
"Marsh, Alec",679525,2024,548,23.5,47.6,0.343
"Ramírez, Erasmo",541640,2024,85,23.4,46.7,0.322
"Tonkin, Michael",543859,2024,340,23.7,47.2,0.324
"Feigl, Brady",621399,2024,11,9.5,47.7,0.502
"Nelson, Nick",656793,2024,26,22.7,45.8,0.28
"Stripling, Ross",548389,2024,381,16.9,47.9,0.339
"Falter, Bailey",663559,2024,589,19.6,49.5,0.34
"Marte, Yunior",628708,2024,127,23.1,44.0,0.38
"Keller, Brad",641745,2024,192,21.1,46.0,0.337
"Vesia, Alex",681911,2024,263,31.3,47.5,0.26
"Hoffman, Jeff",656546,2024,265,35.3,51.7,0.27
"Feyereisen, J.P.",656420,2024,48,21.3,49.7,0.426
"Brasier, Ryan",518489,2024,110,22.3,56.4,0.295
"Uribe, Abner",682842,2024,66,26.0,37.2,0.347
"Bruihl, Justin",677865,2024,27,25.4,59.6,0.297
"Senzatela, Antonio",622608,2024,54,17.6,41.7,0.438
"Henriquez, Edgardo",683618,2024,14,25.9,45.8,0.169
"O'Brien, Riley",676617,2024,46,27.3,39.7,0.383
"Pint, Riley",666207,2024,22,36.0,24.5,0.407
"Zerpa, Angel",672582,2024,240,16.0,43.3,0.326
"Ruiz, José",614179,2024,217,27.6,50.8,0.317
"Rogers, Josh",642028,2024,50,12.7,46.5,0.405
"Nance, Tommy",667297,2024,93,26.4,43.5,0.329
"Burnes, Corbin",669203,2024,784,28.6,48.8,0.286
"Paddack, Chris",663978,2024,384,24.0,49.4,0.342
"Imanaga, Shota",684007,2024,694,28.3,55.7,0.288
"García, Deivi",665620,2024,68,32.8,42.0,0.341
"Fried, Max",608331,2024,714,24.1,45.9,0.303
"Miley, Wade",489119,2024,30,9.6,44.1,0.42
"Ross, Joe",605452,2024,321,27.1,49.4,0.311
"Montas, Frankie",593423,2024,655,24.9,48.7,0.335
"Strahm, Matt",621381,2024,237,26.7,53.1,0.249
"Peralta, Luis",678821,2024,49,17.8,40.3,0.277
"Winder, Josh",680739,2024,38,34.3,47.5,0.27
"Pérez, Martín",527048,2024,590,21.0,46.0,0.359
"Crismatt, Nabil",622503,2024,26,21.6,54.8,0.36
"Buttó, José",676130,2024,294,32.0,43.8,0.294
"Sterner, Justin",686993,2024,19,36.1,56.3,0.169
"Boyd, Matthew",571510,2024,166,29.7,48.9,0.275
"McKenzie, Triston",663474,2024,340,23.1,42.5,0.359
"Strickland, Hunter",519326,2024,294,22.8,47.0,0.293
"Alexander, Tyler",641302,2024,455,20.1,50.0,0.335
"King, John",667463,2024,248,17.5,50.6,0.308
"Festa, David",701581,2024,277,28.4,48.7,0.314
"Borucki, Ryan",621366,2024,51,34.5,50.0,0.401
"Rocker, Kumar",677958,2024,55,27.4,48.6,0.283
"Dodd, Dylan",689266,2024,9,13.3,44.1,0.319
"Gallegos, Giovanny",606149,2024,94,26.7,46.6,0.337
"Woods Richardson, Simeon",680573,2024,569,22.3,49.8,0.314
"Hampson, Garrett",641658,2024,4,0.0,38.5,0.268
"Farmer, Buck",571656,2024,299,26.1,45.9,0.318
"Rodríguez, Randy",678495,2024,221,29.6,48.1,0.285
"Foster, Matt",641582,2024,30,14.3,45.4,0.407
"Kuhnel, Joel",669270,2024,39,22.2,51.3,0.3
"Bukauskas, J.B.",656266,2024,22,37.5,45.5,0.402
"Skenes, Paul",694973,2024,514,28.7,49.8,0.25
"Quintana, Jose",500779,2024,717,22.2,43.1,0.33
"Reynolds, Sean",669308,2024,49,39.2,43.1,0.217
"Estrada, Jeremiah",669093,2024,252,36.0,53.7,0.253
"Legumina, Casey",668984,2024,47,10.2,53.0,0.337
"Effross, Scott",664123,2024,14,14.8,49.1,0.434
"Morgan, Eli",669212,2024,167,24.9,53.4,0.254
"Lambert, Peter",663567,2024,280,22.0,48.0,0.327
"Coleman, Dylan",669395,2024,4,20.0,31.3,0.233
"Martin, Chris",455119,2024,180,23.9,54.0,0.289
"Harvey, Hunter",640451,2024,219,27.1,51.3,0.349
"De Los Santos, Enyel",660853,2024,278,29.3,52.4,0.35
"Domínguez, Seranthony",622554,2024,255,26.4,47.4,0.303
"Cueto, Johnny",456501,2024,50,14.1,46.7,0.47
"Parker, Mitchell",680730,2024,646,22.3,51.4,0.326
"Gibson, Kyle",502043,2024,722,25.9,42.9,0.34
"Leiter Jr., Mark",643410,2024,256,38.3,46.8,0.291
"Hernández, Elieser",622694,2024,64,23.2,44.6,0.385
"Márquez, Germán",608566,2024,20,28.1,45.7,0.382
"Sims, Lucas",608371,2024,215,25.8,46.4,0.324
"Bido, Osvaldo",674370,2024,259,26.4,47.7,0.26
"Sánchez, Cristopher",650911,2024,754,24.3,51.6,0.298
"Fleming, Josh",676596,2024,138,18.8,46.8,0.324
"Priester, Quinn",682990,2024,221,22.2,50.1,0.328
"Francis, Bowden",670102,2024,408,21.2,51.7,0.29
"Santana, Dennis",642701,2024,287,28.2,50.7,0.284
"Corbin, Patrick",571578,2024,764,22.4,48.2,0.359
"Criswell, Jeff",676105,2024,87,39.0,46.3,0.347
"Criswell, Cooper",681867,2024,424,17.2,44.6,0.324
"Quijada, José",650671,2024,84,33.7,47.0,0.345
"Adcock, Ty",686654,2024,21,15.9,51.2,0.492
"Cleavinger, Garrett",664076,2024,266,30.3,47.8,0.324
"Webb, Logan",657277,2024,841,20.8,46.2,0.325
"Skubal, Tarik",669373,2024,753,31.9,51.8,0.259
"Hudson, Daniel",543339,2024,253,32.3,50.6,0.305
"Minter, A.J.",621345,2024,134,28.4,52.7,0.282
"Soriano, George",666277,2024,131,25.5,45.3,0.392
"Snell, Blake",605483,2024,418,37.7,46.0,0.252
"Castillo, Luis",622491,2024,719,25.9,50.6,0.313
"Weathers, Ryan",677960,2024,367,26.1,46.4,0.317
"Montero, Keider",672456,2024,412,21.5,48.3,0.351
"Schwellenbach, Spencer",680885,2024,500,27.4,53.1,0.291
"Buehler, Walker",621111,2024,344,19.4,45.4,0.336
"Cruz, Fernando",518585,2024,288,38.2,46.7,0.311
"Hill, Tim",657612,2024,291,12.8,50.8,0.296
"Ferrer, José A.",678606,2024,129,22.0,48.7,0.263
"Davis, Austin",656354,2024,33,16.4,38.7,0.306
"Waldron, Matt",663362,2024,625,20.8,45.3,0.316
"Cuas, Jose",621016,2024,83,28.4,44.2,0.393
"Poteet, Cody",547001,2024,96,15.7,43.2,0.343
"Bloss, Jake",814005,2024,55,23.4,52.1,0.357
"Lee, Dylan",669276,2024,240,37.7,57.4,0.255
"Smyly, Drew",592767,2024,257,25.2,48.1,0.302
"Pruitt, Austin",643493,2024,24,5.7,44.9,0.615
"Littell, Zack",641793,2024,656,23.1,51.9,0.327
"Cortes, Nestor",641482,2024,710,24.2,50.4,0.298
"Poche, Colin",621363,2024,153,23.4,48.1,0.301
"Warren, Will",701542,2024,110,25.8,42.4,0.329
"Dubin, Shawn",681869,2024,207,26.3,42.5,0.312
"Crouse, Hans",668968,2024,107,35.4,44.6,0.297
"Nicolas, Kyle",693312,2024,244,28.2,45.9,0.325
"Muñoz, Andrés",662253,2024,232,39.8,45.4,0.269
"Cano, Yennier",666974,2024,249,27.7,48.4,0.302
"Foley, Jason",671345,2024,250,22.3,49.1,0.323
"Burke, Sean",680732,2024,76,28.8,49.5,0.311
"Kloffenstein, Adam",680572,2024,3,0.0,46.7,0.201
"Iriarte, Jairo",683568,2024,30,24.4,32.8,0.324
"Staumont, Josh",622251,2024,102,25.9,44.0,0.324
"Herget, Kevin",643361,2024,43,22.2,47.7,0.354
"Waguespack, Jacob",621097,2024,51,38.2,40.3,0.39
"Misiewicz, Anthony",664948,2024,6,38.5,43.3,0.428
"Buchanan, David",571527,2024,14,18.2,37.9,0.301
"Warren, Austin",681810,2024,42,19.3,48.0,0.341
"Payamps, Joel",606303,2024,235,27.1,48.1,0.314
"Dobnak, Randy",677976,2024,45,17.3,44.3,0.323
"Nelson, Ryne",669194,2024,630,18.2,51.8,0.316
"Musgrove, Joe",605397,2024,410,28.3,47.4,0.324
"Mears, Nick",683232,2024,256,28.5,49.5,0.283
"Gray, Sonny",543243,2024,671,29.8,48.7,0.3
"Swanson, Erik",657024,2024,168,23.5,50.4,0.351
"Uceta, Edwin",670955,2024,159,34.0,51.6,0.219
"Matzek, Tyler",554431,2024,48,15.2,51.4,0.402
"Booser, Cam",592155,2024,183,28.9,52.8,0.298
"Eisert, Brandon",685126,2024,26,18.0,45.5,0.34
"Basso, Brady",669620,2024,93,24.1,46.3,0.298
"Kahnle, Tommy",592454,2024,179,36.0,47.7,0.285
"Rodriguez, Grayson",680570,2024,491,30.0,50.2,0.303
"Peralta, Sammy",671111,2024,72,19.0,42.9,0.423
"Vieira, Thyago",600986,2024,177,24.8,43.3,0.348
"Gilbert, Logan",669302,2024,803,31.7,50.4,0.276
"Jax, Griffin",643377,2024,276,37.8,52.1,0.243
"Neely, Jack",680891,2024,28,42.3,53.1,0.359
"O'Loughlin, Jack",672552,2024,47,20.5,47.2,0.39
"Dana, Caden",702674,2024,52,26.9,45.1,0.396
"Romero, JoJo",668941,2024,243,25.4,43.7,0.346
"Pfaadt, Brandon",694297,2024,760,25.4,49.3,0.303
"Helsley, Ryan",664854,2024,266,36.1,53.0,0.261
"Walker, Ryan",676254,2024,308,28.6,46.0,0.255
"Casparius, Ben",676508,2024,37,34.7,48.1,0.294
"Curtiss, John",595928,2024,12,24.0,65.8,0.409
"Thornton, Trent",663423,2024,294,27.3,50.6,0.29
"Spiers, Carson",686730,2024,410,21.4,48.0,0.34
"Aguiar, Julian",687924,2024,140,18.6,49.6,0.339
"Daniel, Davis",669721,2024,134,20.2,49.8,0.326
"Morejon, Adrian",670970,2024,272,27.3,52.1,0.286
"Rogers, Tyler",643511,2024,290,18.6,53.0,0.276
"Rosenberg, Kenny",670046,2024,104,22.2,46.9,0.371
"Fedde, Erick",607200,2024,726,21.6,45.5,0.309
"Brebbia, John",605154,2024,242,25.5,49.7,0.339
"Gilbreath, Lucas",656458,2024,12,0.0,38.3,0.415
"Mlodzinski, Carmen",669387,2024,209,26.1,48.2,0.287
"Frías, Luis",666818,2024,53,25.2,46.7,0.42
"Vespi, Nick",663989,2024,49,25.0,52.1,0.306
"Petersen, Michael",656848,2024,90,19.7,51.8,0.349
"Joyce, Ben",690829,2024,142,29.0,49.7,0.284
"Beede, Tyler",595881,2024,68,29.7,44.5,0.34
"Martinez, Nick",607259,2024,570,23.1,51.1,0.282
"McCaughan, Darren",670766,2024,195,15.5,45.1,0.361
"Tyler, Kyle",667725,2024,142,26.1,44.3,0.379
"Taillon, Jameson",592791,2024,675,19.5,48.2,0.314
"Gilbert, Tyler",656457,2024,38,14.5,57.2,0.367
"Pepiot, Ryan",686752,2024,539,29.9,48.0,0.298
"Moll, Sam",594580,2024,152,25.6,45.0,0.269
"Díaz, Miguel",622766,2024,3,14.3,70.0,0.451
"Wantz, Andrew",681806,2024,6,27.8,51.4,0.373
"Wilson, Bryse",669060,2024,442,20.8,48.3,0.354
"Manning, Matt",666159,2024,123,23.6,49.3,0.333
"Lamet, Dinelson",659275,2024,18,17.1,47.3,0.333
"Junk, Janson",676083,2024,48,15.1,53.1,0.419
"Thompson, Zack",668868,2024,83,24.0,47.3,0.34
"Suarez, Ranger",624133,2024,626,21.9,47.3,0.3
"Cousins, Jake",664776,2024,155,35.8,43.3,0.295
"Saalfrank, Andrew",685314,2024,8,20.0,38.5,0.597
"Houser, Adrian",605288,2024,309,18.2,44.7,0.352
"Medina, Luis",665622,2024,180,19.2,48.5,0.335
"Cease, Dylan",656302,2024,762,32.4,48.2,0.286
"Mazur, Adam",800049,2024,158,18.4,43.8,0.365
"Fernandez, Ryan",681676,2024,285,31.5,47.9,0.294
"Rodriguez, Carlos",692230,2024,57,19.3,48.9,0.381
"Hudson, Dakota",641712,2024,404,18.6,42.1,0.374
"Leasure, Jordan",673929,2024,142,26.6,48.4,0.339
"Brooks, Aaron",605156,2024,119,19.9,49.9,0.391
"Jay, Tyler",664079,2024,36,22.4,49.7,0.299
"Loutos, Ryan",702795,2024,10,14.3,40.0,0.185
"Pérez, Cionel",672335,2024,238,23.7,45.9,0.297
"Hurt, Kyle",669165,2024,27,25.5,63.2,0.376
"Whitlock, Garrett",676477,2024,75,17.0,45.8,0.325
"Lodolo, Nick",666157,2024,493,28.1,46.4,0.301
"Brewer, Colten",605155,2024,95,26.3,44.8,0.32
"Krook, Matt",640454,2024,6,15.4,48.1,0.473
"McFarland, T.J.",519008,2024,235,19.2,46.2,0.29
"Jones, Jared",683003,2024,504,30.2,51.6,0.312
"Kilian, Caleb",668873,2024,48,20.2,50.3,0.385
"Means, John",607644,2024,80,26.3,48.8,0.333
"Roupp, Landen",694738,2024,217,25.3,41.0,0.313
"Shreve, Chasen",592741,2024,4,0.0,50.0,0.41
"Miller, Mason",695243,2024,249,40.1,52.3,0.21
"Green, Chad",643338,2024,210,23.3,52.6,0.308
"Romano, Jordan",605447,2024,62,24.3,47.9,0.403
"Rogers, Taylor",573124,2024,249,23.3,42.5,0.282
"Anderson, Grant",681982,2024,120,25.7,45.1,0.35
"Faedo, Alex",656412,2024,246,31.1,47.9,0.327
"Lucchesi, Joey",664192,2024,46,12.7,44.1,0.38
"Adam, Jason",592094,2024,282,38.4,50.3,0.283
"King, Michael",650633,2024,726,29.3,45.4,0.295
"Quantrill, Cal",615698,2024,656,21.6,45.7,0.355
"Espino, Paolo",502179,2024,44,12.7,44.9,0.453
"Lively, Ben",594902,2024,632,18.6,46.6,0.314
"García, Yimi",554340,2024,153,29.0,51.2,0.27
"Canning, Griffin",656288,2024,739,24.5,48.4,0.338
"Walker, Taijuan",592836,2024,381,16.7,44.1,0.397
"García, Luis",472610,2024,254,24.0,49.7,0.296
"Jiménez, Dany",666204,2024,117,29.3,41.8,0.347
"Willingham, Amos",686294,2024,5,18.2,55.0,0.523
"Soroka, Michael",647336,2024,347,24.8,43.3,0.331
"Burgos, Raymond",670103,2024,7,15.4,52.0,0.233
"Newcomb, Sean",656794,2024,45,19.7,41.3,0.365
"Graceffo, Gordon",700669,2024,31,25.0,53.3,0.339
"Pop, Zach",647315,2024,209,22.1,49.3,0.335
"Garabito, Gerson",642520,2024,115,20.8,44.9,0.388
"Gibaut, Ian",664139,2024,10,10.5,47.5,0.548
"Cabrera, Génesis",650893,2024,271,26.1,48.6,0.324
"Jackson, Luke",592426,2024,235,29.7,47.0,0.314
"Meyer, Max",676974,2024,248,23.9,47.5,0.335
"Chavez, Jesse",445926,2024,264,17.0,42.3,0.321
"Lorenzen, Michael",547179,2024,535,22.8,44.7,0.332
"Lowder, Rhett",695076,2024,128,20.1,47.0,0.326
"Singer, Brady",663903,2024,762,25.1,44.7,0.337
"Springs, Jeffrey",605488,2024,142,29.9,48.5,0.303
"Bowman, Matt",621199,2024,132,18.6,43.3,0.341
"Plesac, Zach",668676,2024,54,18.8,46.2,0.421
"Lucas, Easton",687922,2024,61,16.3,50.0,0.348
"Estévez, Carlos",608032,2024,212,25.6,52.3,0.283
"Paxton, James",572020,2024,437,21.1,47.2,0.339
"Hudson, Bryan",663542,2024,231,21.5,47.7,0.273
"Funderburk, Kody",681892,2024,161,25.0,42.3,0.353
"Barnes, Matt",598264,2024,60,21.5,45.1,0.367
"Smith, Drew",622098,2024,79,31.0,53.0,0.324
"Pallante, Andre",669467,2024,509,19.8,46.4,0.295
"Kirby, George",669923,2024,778,24.1,53.4,0.29
"Bender, Anthony",669622,2024,228,22.2,42.9,0.289
"Soto, Gregory",642397,2024,244,31.0,47.1,0.328
"Matsui, Yuki",673513,2024,257,31.9,50.4,0.271
"Bielak, Brandon",656232,2024,140,17.2,45.7,0.39
"Suárez, Albert",544150,2024,565,24.6,50.4,0.316
"Holmes, Grant",656550,2024,282,32.4,54.0,0.295
"Pearson, Nate",663878,2024,285,27.8,46.6,0.33
"Montero, Rafael",606160,2024,164,17.9,45.1,0.368
"Yates, Kirby",489446,2024,237,33.6,49.3,0.214
"Hodge, Porter",687863,2024,164,32.8,45.2,0.26
"Taylor, Troy",700187,2024,81,29.6,43.3,0.281
"Chargois, JT",608638,2024,146,23.7,47.1,0.321
"Kitchen, Austin",685116,2024,42,9.9,44.9,0.334
"Zastryzny, Rob",642239,2024,29,29.2,60.5,0.218
"Olson, Reese",681857,2024,465,28.7,47.3,0.299
"Sammons, Bryan",676614,2024,104,23.3,50.5,0.328
"González, Victor",624647,2024,97,18.1,43.0,0.355
"Hader, Josh",623352,2024,278,40.5,54.4,0.259
"Elder, Bryce",693821,2024,226,25.5,44.0,0.342
"Liberatore, Matthew",669461,2024,358,25.1,52.1,0.319
"Johnson, Seth",686751,2024,18,24.0,43.1,0.506
"Pivetta, Nick",601713,2024,595,25.6,50.3,0.291
"Ryan, Joe",657746,2024,538,26.6,50.9,0.268
"McKinstry, Zach",656716,2024,8,0.0,29.2,0.366
"Bowlan, Jonathan",680742,2024,17,31.3,47.1,0.391
"Brito, Jhony",666745,2024,185,19.0,48.7,0.316
"Strzelecki, Peter",657265,2024,47,17.0,45.8,0.34
"Lynn, Lance",458681,2024,511,24.1,48.4,0.342
"Andriese, Matt",542882,2024,26,16.0,56.8,0.338
"Suarez, José",660761,2024,240,27.5,46.0,0.34
"Gausman, Kevin",592332,2024,756,23.4,49.9,0.34
"Sauer, Matt",669422,2024,84,15.9,48.0,0.367
"Rivera, Emmanuel",656896,2024,20,10.7,50.0,0.386
"Nardi, Andrew",677053,2024,210,31.1,51.8,0.265
"Leahy, Kyle",681517,2024,191,22.3,52.2,0.327
"Snider, Collin",676092,2024,169,30.2,52.4,0.312
"Herget, Jimmy",623474,2024,52,27.8,51.3,0.273
"Keuchel, Dallas",572971,2024,79,20.4,36.7,0.351
"Ramírez, Yohan",670990,2024,208,24.8,42.0,0.331
"Gray, Josiah",680686,2024,44,30.6,48.3,0.371
"Zuñiga, Guillo",670871,2024,76,20.5,45.0,0.32
"Topa, Justin",623437,2024,8,35.7,70.0,0.158
"Gasser, Robert",688107,2024,114,21.6,52.1,0.27
"Jiménez, Joe",641729,2024,277,32.9,51.4,0.253
"Sborz, Josh",622250,2024,68,23.0,48.9,0.314
"Rainey, Tanner",663432,2024,231,26.0,49.1,0.36
"Wheeler, Zack",554430,2024,787,27.5,51.2,0.262
"López, Jorge",605347,2024,216,23.1,43.3,0.298
"Anderson, Chase",502624,2024,255,23.8,46.4,0.333
"Montgomery, Jordan",656756,2024,532,26.9,49.6,0.351
"Varland, Gus",681402,2024,115,24.5,47.5,0.292
"Maeda, Kenta",628317,2024,485,23.9,47.2,0.325
"Berríos, José",621244,2024,786,21.1,46.7,0.336
"Speas, Alex",666208,2024,8,35.3,43.6,0.347
"Williams, Trevor",592866,2024,260,22.5,46.7,0.284
"Manaea, Sean",640455,2024,738,26.1,49.0,0.304
"Verlander, Justin",434378,2024,396,21.3,48.7,0.303
"Megill, Trevor",656730,2024,183,29.7,52.4,0.268
"Jarvis, Bryce",686826,2024,258,21.8,48.4,0.357
"Rogers, Trevor",669432,2024,562,20.9,46.2,0.349
"Mayza, Tim",641835,2024,195,17.5,44.5,0.349
"Floro, Dylan",571670,2024,279,18.4,42.1,0.31
"Fitts, Richard",690916,2024,85,15.2,50.3,0.316
"Gómez, Yoendrys",672782,2024,54,28.7,47.2,0.338
"Morton, Charlie",450203,2024,701,26.1,46.6,0.331
"Banda, Anthony",607455,2024,209,30.0,52.2,0.285
"Junis, Jakob",596001,2024,253,24.6,47.8,0.309
"Chirinos, Yonny",630023,2024,144,20.7,46.8,0.335
"Hendricks, Kyle",543294,2024,567,18.9,46.2,0.338
"Bassitt, Chris",605135,2024,758,21.7,45.0,0.331
"Sánchez, Sixto",664350,2024,162,13.2,46.4,0.348
"Soriano, José",667755,2024,468,23.7,46.0,0.318
"Salazar, Eduardo",674285,2024,133,23.2,45.3,0.341
"Honeywell, Brent",641703,2024,150,15.3,46.2,0.345
"Hill, Jaden",677955,2024,45,20.5,48.3,0.28
"Pagán, Emilio",641941,2024,158,29.6,53.6,0.319
"Rodón, Carlos",607074,2024,736,30.1,49.4,0.316
"Kremer, Dean",665152,2024,553,23.3,46.2,0.33
"Rutledge, Jackson",671131,2024,34,24.2,44.6,0.338
"Adams, Austin",613534,2024,191,35.3,41.5,0.313
"Cimber, Adam",643256,2024,107,16.3,42.8,0.364
"Richards, Trevor",670950,2024,277,23.4,44.2,0.301
"Palencia, Daniel",694037,2024,69,28.3,45.6,0.335
"Jefferies, Daulton",641726,2024,73,20.1,49.5,0.323
"Brown, Ben",676962,2024,222,31.4,46.5,0.321
"Holmes, Clay",605280,2024,271,30.2,44.9,0.284
"Hanifee, Brenan",669724,2024,120,17.7,49.2,0.275
"Castillo, Diego",650895,2024,43,18.4,42.9,0.31
"Chivilli, Angel",683409,2024,133,36.9,53.4,0.34
"Mushinski, Parker",656786,2024,50,16.3,44.3,0.376
"Oller, Adam",670124,2024,189,21.5,43.2,0.332
"Kerkering, Orion",689147,2024,257,27.8,45.4,0.282
"Rasmussen, Drew",656876,2024,116,31.4,47.9,0.226
"Molina, Anthony",683627,2024,264,18.8,47.7,0.373
"Herz, DJ",687792,2024,382,29.3,48.9,0.286
"Whitley, Forrest",666215,2024,20,17.9,41.5,0.376
"Duffey, Tyler",608648,2024,42,23.9,37.6,0.358
"Houck, Tanner",656557,2024,743,22.6,46.8,0.317
"Williams, Gavin",668909,2024,332,24.8,49.2,0.318
"Bazardo, Eduard",660825,2024,108,29.0,45.4,0.244
"Wicks, Jordan",696136,2024,212,23.4,50.2,0.352
"Smith-Shawver, AJ",700363,2024,18,20.9,49.4,0.266
"Heasley, Jonathan",669169,2024,29,21.7,42.6,0.431
"Ort, Kaleb",672391,2024,93,26.8,50.0,0.275
"Ober, Bailey",641927,2024,709,29.0,52.4,0.284
"Kerr, Ray",678061,2024,103,35.5,48.6,0.346
"Muller, Kyle",666205,2024,202,22.7,51.7,0.312
"Chapman, Aroldis",547973,2024,264,32.3,44.5,0.272
"Ginkel, Kevin",656464,2024,291,27.9,49.3,0.283
"Wingenter, Trey",622259,2024,42,30.7,49.2,0.373
"Mize, Casey",663554,2024,452,22.0,49.5,0.338
"Miller, Tyson",668338,2024,235,26.5,52.1,0.29
"Cisnero, José",542585,2024,74,25.7,46.0,0.373
"Lange, Alex",656638,2024,90,33.3,43.0,0.345
"Hall, DL",669084,2024,197,23.6,43.4,0.327
"Marte, José",665896,2024,80,27.1,45.0,0.327
"Kelly, Kevin",687330,2024,278,20.1,44.8,0.288
"Harrison, Kyle",690986,2024,532,23.6,46.2,0.341
"Bachar, Lake",669199,2024,40,27.1,43.5,0.359
"Gutierrez, Vladimir",661269,2024,17,28.9,47.5,0.278
"Santillan, Tony",663574,2024,122,30.0,50.2,0.245
"Bolton, Cody",675989,2024,83,24.8,42.6,0.31
"Sabrowski, Erik",681870,2024,47,29.0,50.5,0.196
"Kelly, Casey",543391,2024,21,27.9,55.1,0.3
"Kristofak, Zac",670219,2024,11,40.0,38.5,0.388
"Roberts, Ethan",681799,2024,118,27.2,45.8,0.319
"Bradley, Taj",671737,2024,578,27.4,50.7,0.318
"Ragans, Cole",666142,2024,762,32.0,48.9,0.284
"Thompson, Keegan",624522,2024,127,28.2,45.5,0.325
"King, Bryan",687911,2024,109,24.1,47.8,0.279
"Miller, Shelby",571946,2024,225,24.3,49.3,0.304
"Madden, Ty",680744,2024,101,24.4,50.9,0.325
"White, Mitch",669952,2024,110,16.0,51.3,0.384
"Pennington, Walter",679156,2024,84,26.5,45.8,0.35
"de Geus, Brett",676969,2024,52,18.4,44.8,0.339
"Fairbanks, Pete",664126,2024,185,21.8,44.8,0.313
"Hill, Rich",448179,2024,15,34.8,32.4,0.403
"McDonald, Trevor",686790,2024,10,15.0,51.3,0.203
"Schmidt, Clarke",657376,2024,353,29.4,44.2,0.303
"Hamilton, Ian",641656,2024,163,36.5,50.4,0.304
"Sandoval, Patrick",663776,2024,353,26.5,46.2,0.326
"Altavilla, Dan",656186,2024,21,30.6,43.4,0.375
"Trevino, Jose",624431,2024,13,5.0,46.5,0.583
"Martinez, Seth",661527,2024,222,23.0,45.7,0.316
"Stratton, Chris",608717,2024,257,20.6,42.9,0.345
"Martin, Davis",663436,2024,220,27.0,48.5,0.316
"Gil, Luis",661563,2024,637,29.0,45.5,0.304
"Irvin, Cole",608344,2024,492,17.0,48.3,0.366
"Voth, Austin",608723,2024,248,31.6,48.4,0.288
"Fulmer, Carson",608334,2024,379,25.8,46.3,0.338
"Hancock, Emerson",676106,2024,266,21.9,50.0,0.372
"Bermúdez, Jonathan",642834,2024,33,17.3,43.0,0.362
"Turnbull, Spencer",605513,2024,222,25.4,42.6,0.315
"Bush, Ky",681066,2024,87,22.8,41.5,0.363
"Carasiti, Matt",571539,2024,43,15.5,49.4,0.434
"Jacques, Joe",682175,2024,16,16.7,48.0,0.544
"Gallen, Zac",668678,2024,621,26.0,44.2,0.311
"Treinen, Blake",595014,2024,184,27.9,48.2,0.246
"Sale, Chris",519242,2024,702,31.0,49.0,0.263
"Bernardino, Brennan",657514,2024,226,21.8,44.8,0.31
"Young, Danny",664849,2024,165,30.7,38.3,0.34
"Puk, A.J.",640462,2024,294,31.8,49.3,0.262
"Herrin, Tim",682120,2024,257,29.3,47.0,0.285
"Shuster, Jared",694363,2024,321,23.4,47.3,0.334
"Cosgrove, Tom",676680,2024,76,18.9,44.3,0.341
"Henriquez, Ronny",678692,2024,82,24.3,50.2,0.352
"Hernandez, Nick",663321,2024,34,29.2,46.8,0.318
"McDermott, Chayce",694646,2024,18,25.6,52.4,0.43
"Cronin, Declan",686539,2024,307,26.6,47.3,0.299
"Bummer, Aaron",607481,2024,244,26.7,43.0,0.264
"Leibrandt, Brandon",605335,2024,32,25.0,51.3,0.307
"Crochet, Garrett",676979,2024,595,33.1,53.2,0.266
"Darvish, Yu",506433,2024,331,25.6,51.5,0.296
"Yarbrough, Ryan",642232,2024,398,21.1,47.4,0.322
"Mikolas, Miles",571945,2024,720,16.4,49.8,0.334
"Bird, Jake",656234,2024,185,22.2,44.2,0.364
"Henry, Tommy",674072,2024,182,16.7,46.7,0.385
"Cabrera, Edward",665795,2024,417,28.0,45.5,0.336
"Halvorsen, Seth",678020,2024,46,31.8,49.4,0.259
"Hartlieb, Geoff",664129,2024,44,19.5,55.8,0.361
"Rodríguez, Yariel",684320,2024,368,25.7,45.4,0.309
"Scott, Tayler",605463,2024,282,29.5,44.2,0.293
"Miller, Erik",669062,2024,284,30.6,43.5,0.28
"Knack, Landon",689017,2024,286,23.1,46.0,0.313
"Black, Mason",696131,2024,169,16.4,48.0,0.371
"Bello, Brayan",678394,2024,702,25.9,46.3,0.33
"Hernández, Jonathan",642546,2024,192,30.1,46.7,0.338
"Howard, Spencer",675921,2024,144,24.0,51.2,0.357
"Gillispie, Connor",687362,2024,32,25.8,47.8,0.292
"Díaz, Edwin",621242,2024,216,38.1,48.9,0.249
"Smith, Cade",671922,2024,289,30.2,49.9,0.249
"Meeker, James",703231,2024,4,0.0,31.3,0.448
"Zulueta, Yosver",691172,2024,69,21.6,38.8,0.288
"Robertson, David",502085,2024,297,29.5,43.4,0.28
"Selby, Colin",681882,2024,28,20.5,39.3,0.286
"Guenther, Sean",674944,2024,73,19.0,47.7,0.236
"Shugart, Chase",663767,2024,36,17.5,56.3,0.294
"Armstrong, Shawn",542888,2024,295,22.9,50.9,0.349
"Montgomery, Mason",682254,2024,37,47.0,52.5,0.295
"Maile, Luke",571912,2024,18,10.0,61.5,0.4
"McArthur, James",663704,2024,246,28.3,47.3,0.327
"Keller, Mitch",656605,2024,773,21.5,47.6,0.321
"Miller, Bobby",676272,2024,258,23.7,46.1,0.396
"Wilson, Justin",458677,2024,209,25.1,55.1,0.317
"Shaw, Bryan",543766,2024,24,14.0,45.3,0.409
"Varland, Louis",686973,2024,238,23.2,50.7,0.356
"Latz, Jacob",656641,2024,192,28.3,47.4,0.342
"Wilson, Steven",621051,2024,163,24.7,46.2,0.354
"Johnson, Pierce",572955,2024,236,28.1,45.1,0.305
"Bradford, Cody",674003,2024,308,23.6,49.1,0.292
"Blalock, Bradley",687134,2024,147,20.6,46.6,0.388
"Leiter, Jack",683004,2024,173,27.9,48.7,0.377
"Horn, Bailey",690544,2024,88,22.1,46.2,0.376
"Merryweather, Julian",657240,2024,74,24.2,47.1,0.37
"Bieber, Shane",669456,2024,45,36.7,47.6,0.263
"Spence, Mitch",687765,2024,651,22.5,50.6,0.318
"Kimbrel, Craig",518886,2024,232,30.9,43.0,0.323
"Little, Brendon",663893,2024,193,29.7,46.0,0.317
"Steele, Justin",657006,2024,555,23.7,51.5,0.265
"Young, Alex",622065,2024,68,31.7,46.1,0.326
"Harris, Hogan",663687,2024,305,21.1,44.2,0.347
"Wood, Alex",622072,2024,186,20.7,42.2,0.388
"Dunshee, Parker",670161,2024,14,40.0,39.2,0.562
"Beck, Tristan",663941,2024,67,20.2,51.2,0.304
"Vines, Darius",670241,2024,66,22.3,50.6,0.385
"Thielbar, Caleb",573204,2024,216,24.7,48.4,0.316
"Erceg, Lucas",668674,2024,253,31.0,47.6,0.281
"Myers, Tobias",668964,2024,569,21.3,49.6,0.317
"Rodriguez, Eduardo",593958,2024,224,22.4,46.4,0.357
"Paredes, Enoli",660600,2024,87,28.2,44.5,0.324
"Brieske, Beau",689225,2024,282,23.9,48.6,0.287
"Eflin, Zach",621107,2024,684,21.6,50.0,0.303
"Duarte, Daniel",650960,2024,15,22.6,55.4,0.266
"Leclerc, José",600917,2024,288,36.0,47.3,0.297
"Eovaldi, Nathan",543135,2024,696,26.8,52.2,0.309
"Chafin, Andrew",605177,2024,246,34.5,46.1,0.298
"Gore, MacKenzie",669022,2024,731,28.6,50.4,0.318
"Banks, Tanner",621383,2024,310,26.1,48.2,0.288
"Robertson, Nick",687798,2024,55,24.5,50.7,0.333
"Long, Sam",669674,2024,176,27.8,47.6,0.316
"Abbott, Andrew",671096,2024,586,22.6,47.6,0.312
"Nola, Aaron",605400,2024,820,25.2,48.6,0.304
"Beeks, Jalen",656222,2024,312,23.2,47.3,0.305
"Koenig, Jared",657649,2024,265,22.4,47.5,0.298
"Wentz, Joey",666214,2024,304,29.6,47.1,0.301
"Bubic, Kris",663460,2024,121,30.5,50.5,0.215
"Holman, Grant",680880,2024,73,28.5,46.9,0.289
"Williamson, Brandon",682227,2024,59,18.7,41.8,0.337
"Brogdon, Connor",641401,2024,19,28.2,40.2,0.605
"Clase, Emmanuel",661403,2024,270,27.1,56.3,0.247
"Miller, Ryan",668943,2024,58,19.6,51.1,0.32
"Schreiber, John",670167,2024,224,21.6,45.6,0.288
"Stone, Gavin",694813,2024,580,24.7,50.4,0.312
"Kuhl, Chad",641771,2024,240,27.1,42.2,0.324
"Yamamoto, Yoshinobu",808967,2024,368,27.0,48.3,0.292
"Logue, Zach",656657,2024,12,34.6,60.5,0.26
"Walston, Blake",686796,2024,83,22.1,44.9,0.345
"Sulser, Cole",642121,2024,66,24.8,46.9,0.283
"Kelly, Michael",547184,2024,128,22.3,47.7,0.296
"Zuber, Tyler",676604,2024,15,20.7,38.7,0.302
"Reid-Foley, Sean",656887,2024,90,29.4,44.2,0.273
"Parsons, Wes",641149,2024,38,28.6,52.0,0.39
"Jansen, Kenley",445276,2024,218,27.0,49.4,0.287
"Alexander, Scott",518397,2024,160,19.8,49.1,0.314
"Stewart, Brock",592779,2024,67,30.4,50.4,0.314
"Mahle, Tyler",641816,2024,56,25.2,48.5,0.312
"Lyles, Jordan",543475,2024,19,28.9,52.8,0.322
"Uwasawa, Naoyuki",683822,2024,16,18.5,43.5,0.262
"Crawford, Kutter",676710,2024,759,25.3,52.0,0.307
"Senga, Kodai",673540,2024,20,30.0,54.8,0.331
"Javier, Cristian",664299,2024,150,26.3,43.3,0.329
"Detmers, Reid",672282,2024,391,29.2,48.9,0.315
"Hernandez, Jose E.",669796,2024,25,34.1,49.4,0.453
"Wrobleski, Justin",680736,2024,154,22.3,46.1,0.381
"Burke, Brock",656271,2024,154,29.1,52.5,0.292
"Hartwig, Grant",701643,2024,31,28.6,41.5,0.369
"Mantiply, Joe",573009,2024,243,27.5,52.8,0.284
"Leone, Dominic",608678,2024,89,38.0,46.0,0.372
"Clevinger, Mike",605182,2024,78,26.6,47.2,0.394
"Church, Marc",687847,2024,4,28.6,46.7,0.318
"Kopech, Michael",656629,2024,279,32.8,46.9,0.293
"Germán, Domingo",593334,2024,100,20.3,48.8,0.361
"Gillaspie, Logan",670810,2024,49,17.2,61.6,0.345
"Cannon, Jonathan",686563,2024,522,21.8,47.1,0.328
"Blach, Ty",621389,2024,330,14.8,50.1,0.402
"Ferguson, Tyler",621053,2024,207,26.8,47.9,0.301
"Hernández, Daysbel",678226,2024,74,34.8,47.9,0.246
"Lovelady, Richard",663992,2024,147,23.6,48.9,0.329
"Cantillo, Joey",676282,2024,163,31.1,43.5,0.303
"Severino, Luis",622663,2024,761,22.0,50.6,0.307
"Emanuel, Kent",592288,2024,82,12.2,40.7,0.366
"Otañez, Michel",671305,2024,151,39.9,46.8,0.251
"Feltner, Ryan",663372,2024,692,23.9,48.1,0.326
"Anderson, Shaun",641312,2024,85,13.6,51.2,0.388
"Díaz, Alexis",664747,2024,242,26.6,46.2,0.3
"Miller, Bryce",682243,2024,704,24.4,48.9,0.301
"Burrows, Mike",681347,2024,14,12.1,48.5,0.386
"Winans, Allan",642216,2024,41,26.3,51.7,0.394
"Peterson, David",656849,2024,510,25.6,47.8,0.333
"Kelly, Zack",677161,2024,241,28.1,46.5,0.319
"Ribalta, Orlando",687377,2024,23,32.1,54.6,0.378
"Iglesias, Raisel",628452,2024,259,31.5,52.3,0.238
"deGrom, Jacob",594798,2024,44,32.1,48.8,0.249
"Vásquez, Randy",681190,2024,431,18.9,49.7,0.371
"Ottavino, Adam",493603,2024,245,25.7,43.5,0.282
"Peralta, Wandy",593974,2024,162,19.1,48.6,0.353
"Kinley, Tyler",641755,2024,285,33.1,50.0,0.329
"Blanco, Ronel",669854,2024,676,29.0,48.6,0.312
"Woo, Bryan",693433,2024,472,23.6,53.3,0.263
"Stephens, Jackson",623451,2024,17,17.9,54.9,0.356
"Kershaw, Clayton",477132,2024,133,21.7,50.2,0.332
"Díaz, Jhonathan",646242,2024,47,15.4,47.0,0.309
"Mattson, Isaac",676755,2024,23,23.9,46.0,0.36
"Englert, Mason",669438,2024,93,27.4,52.1,0.361
"Kelly, Merrill",518876,2024,300,21.3,48.2,0.345
"Silseth, Chase",681217,2024,38,32.4,42.5,0.376
"Marinaccio, Ron",676760,2024,99,27.9,45.3,0.32
"McGreevy, Michael",700241,2024,86,22.9,46.3,0.296
"Maldonado, Anthony",687424,2024,82,28.7,50.5,0.298
"Vanasco, Ricky",676568,2024,15,17.4,51.1,0.318
"Hernández, Carlos",672578,2024,129,25.6,49.5,0.309
"Bradish, Kyle",680694,2024,163,26.9,42.0,0.259
"Hughes, Brandon",676714,2024,89,28.5,45.1,0.451
"Slaten, Justin",686580,2024,224,29.0,53.5,0.284
"Lynch IV, Daniel",663738,2024,175,28.3,46.4,0.305
"Gray, Jon",592351,2024,439,23.8,51.6,0.333
"Anderson, Justin",605121,2024,243,29.7,47.4,0.343
"López, Reynaldo",625643,2024,543,27.5,49.0,0.31
"Matthews, Zebby",805673,2024,177,24.0,49.9,0.371
"Curry, Xzavion",675540,2024,172,21.1,51.2,0.346
"Brazobán, Huascar",623211,2024,217,30.0,48.5,0.299
"Pinto, Ricardo",620982,2024,59,22.9,47.7,0.334
"Suarez, Robert",663158,2024,258,24.3,55.6,0.275
"Sears, JP",676664,2024,758,21.8,48.7,0.328
"Walters, Andrew",689958,2024,32,33.8,53.8,0.26
"Winn, Cole",668390,2024,77,25.7,51.7,0.356
"Smith, Will",519293,2024,186,23.7,47.0,0.358
"Garrett, Amir",607237,2024,24,39.5,36.5,0.289
"Maton, Phil",664208,2024,265,26.7,47.2,0.322
"Sandlin, Nick",680704,2024,246,33.7,47.1,0.33
"Moore, Matt",519043,2024,210,26.7,48.6,0.324
"Assad, Javier",665871,2024,638,17.9,42.5,0.344
"Akin, Keegan",669211,2024,313,30.0,47.2,0.248
"Scott, Tanner",656945,2024,294,32.7,51.8,0.272
"Gomber, Austin",596295,2024,696,19.9,48.3,0.35
"Crawford, Brandon",543063,2024,10,0.0,28.6,0.442
"Sewald, Paul",623149,2024,165,24.4,52.8,0.304
"Stroman, Marcus",573186,2024,675,20.4,43.9,0.342
"Davidson, Tucker",656353,2024,19,20.6,50.7,0.257
"Maciejewski, Josh",656671,2024,27,30.0,52.1,0.307
"Bednar, David",670280,2024,262,27.6,50.9,0.322
"Veneziano, Anthony",685107,2024,58,27.7,53.7,0.317
"Allard, Kolby",663465,2024,117,21.6,48.9,0.319
"Finnegan, Kyle",640448,2024,271,23.1,53.2,0.327
"Bigge, Hunter",685801,2024,73,34.0,52.0,0.311
"Diekman, Jake",518617,2024,145,28.7,42.3,0.348
"Duran, Jhoan",661395,2024,228,32.9,49.0,0.265
"Castro, Miguel",612434,2024,64,18.5,46.6,0.378
"Rodríguez, Joely",570257,2024,64,20.0,48.2,0.338
"Mercado, Michael",675650,2024,64,20.3,45.4,0.462
"Walker, Josh",677020,2024,56,25.7,47.0,0.316
"Waldrep, Hurston",694462,2024,36,20.8,39.8,0.375
"Teng, Kai-Wei",678906,2024,55,20.2,41.2,0.395
"Alzolay, Adbert",640470,2024,75,22.9,46.5,0.39
"Ferguson, Caleb",657571,2024,249,26.6,47.1,0.317
"Grove, Michael",675627,2024,216,26.6,46.3,0.298
"Heller, Ben",621294,2024,66,29.6,42.4,0.356
"Kikuchi, Yusei",579328,2024,736,29.0,48.4,0.302
"Wells, Tyler",669330,2024,67,27.2,52.5,0.41
"Graterol, Brusdar",660813,2024,26,26.5,48.5,0.263
"Jobe, Jackson",695549,2024,16,9.5,43.8,0.247
"Williams, Devin",642207,2024,88,40.0,47.3,0.229
"Barnes, Jacob",606930,2024,277,25.1,49.2,0.342
"Bickford, Phil",641360,2024,39,28.6,40.9,0.262
"Phillips, Tyler",663969,2024,160,21.7,52.6,0.372
"Saucedo, Tayler",642048,2024,166,28.1,46.0,0.276
"Garrett, Reed",657585,2024,247,37.6,45.9,0.28
"Smith, Burch",572143,2024,241,20.7,51.3,0.328
"Povich, Cade",700249,2024,352,22.3,47.2,0.316
"Kittredge, Andrew",552640,2024,287,27.8,53.5,0.313
"McGough, Scott",543518,2024,150,25.5,48.9,0.37
"Bibee, Tanner",676440,2024,710,26.9,51.0,0.303
"Jackson, Jay",543351,2024,114,25.7,49.0,0.336
"Birdsong, Hayden",806185,2024,315,29.8,42.6,0.335
"Peralta, Freddy",642547,2024,725,31.1,46.9,0.307
"Alvarado, José",621237,2024,258,28.4,46.6,0.311
"Irvin, Jake",663623,2024,769,22.3,48.5,0.323
"Bivens, Spencer",702352,2024,202,18.7,46.0,0.314
"Arrighetti, Spencer",681293,2024,632,27.7,47.2,0.314
"Weaver, Luke",596133,2024,331,33.5,49.7,0.286
"Roycroft, Chris",688297,2024,155,22.1,45.6,0.292
"Matz, Steven",571927,2024,190,18.1,48.3,0.333
"Freeland, Kyle",607536,2024,490,17.1,50.0,0.345
"Anderson, Tyler",542881,2024,765,27.8,49.3,0.326
"Lugo, Seth",607625,2024,836,22.5,46.7,0.304
"Dunning, Dane",641540,2024,421,23.7,45.5,0.349
"Eder, Jake",671109,2024,9,30.0,44.4,0.318
"Ramirez, Emmanuel",642629,2024,92,27.9,46.4,0.344
"Wesneski, Hayden",669713,2024,283,25.7,45.6,0.318
"Peguero, Elvis",665625,2024,227,27.7,47.5,0.316
"Cole, Gerrit",543037,2024,390,24.8,48.3,0.299
"Orze, Eric",679358,2024,11,11.1,42.9,0.367
"Burr, Ryan",621114,2024,140,31.9,50.5,0.296
"Reyes, Gerardo",622103,2024,18,13.2,48.1,0.364
"Kelly, Joe",523260,2024,143,22.4,46.2,0.345
"France, J.P.",641585,2024,121,25.5,42.1,0.363
"Hjelle, Sean",663546,2024,337,21.4,45.2,0.297
"López, Pablo",641154,2024,772,27.0,51.8,0.302
"Milner, Hoby",571948,2024,268,19.3,43.2,0.282
"Gonzales, Marco",594835,2024,151,17.8,51.5,0.39
"Scott, Christian",681035,2024,197,21.6,51.2,0.321
"Vest, Will",676684,2024,289,24.3,49.9,0.31
"Rea, Colin",607067,2024,714,19.3,46.8,0.342
"Avila, Pedro",658648,2024,353,25.0,46.4,0.334
"Rodríguez, Manuel",655889,2024,158,26.6,48.4,0.289
"Hicks, Jordan",663855,2024,481,24.6,44.3,0.337
"Garcia, Robert",676395,2024,251,29.4,51.1,0.25
"Brown, Hunter",686613,2024,712,25.1,46.3,0.286
"Garrett, Braxton",666129,2024,161,21.8,47.6,0.329
"Ashcraft, Graham",668933,2024,350,22.1,49.3,0.349
"Davis, Noah",663562,2024,96,16.5,49.9,0.324
"Barlow, Scott",605130,2024,241,33.6,42.6,0.317
"Thompson, Ryan",657044,2024,272,23.0,49.8,0.312
"Winn, Keaton",676775,2024,238,25.2,52.5,0.361
"Teheran, Julio",527054,2024,16,25.8,45.6,0.413
"Muñoz, Roddery",682610,2024,379,23.6,45.7,0.393
"Contreras, Roansy",672710,2024,298,20.9,47.5,0.345
"Manoah, Alek",666201,2024,103,28.2,47.7,0.316
"Nittoli, Vinny",657697,2024,46,29.2,53.9,0.291
"Ryan, Ryder",656924,2024,93,23.5,52.6,0.36
"Civale, Aaron",650644,2024,689,21.9,45.2,0.315
"Ray, Robbie",592662,2024,129,36.0,48.9,0.304
"Nastrini, Nick",680897,2024,174,28.8,39.8,0.382
"Ortiz, Luis",682847,2024,556,21.0,48.1,0.324
"Santos, Gregory",666619,2024,31,20.3,52.7,0.272
"Beeter, Clayton",690925,2024,15,32.0,49.0,0.296
"Díaz, Yilber",700270,2024,119,20.1,43.5,0.348
"Aldegheri, Sam",691951,2024,67,21.5,41.9,0.331
"Law, Derek",571882,2024,365,28.6,49.9,0.302
"McMillon, John",669111,2024,47,37.5,44.4,0.23
"Berroa, Prelander",672860,2024,83,34.4,46.0,0.236
"Martinez, Justin",679885,2024,308,34.5,47.5,0.277
"Coulombe, Danny",543056,2024,107,24.0,44.6,0.271
"Gaddis, Hunter",683769,2024,278,25.0,51.6,0.26
"Vodnik, Victor",680767,2024,320,21.8,44.1,0.342
"Ryan, River",689981,2024,81,23.9,46.8,0.307
"Hurter, Brant",676428,2024,175,20.0,48.1,0.238
"Tinoco, Jesus",622786,2024,162,26.4,48.8,0.284
"White, Owen",669391,2024,18,5.7,50.7,0.465
"Ginn, J.T.",669372,2024,142,28.3,47.4,0.331
"Jacob, Alek",689690,2024,57,32.3,40.1,0.268
"Zeferjahn, Ryan",666171,2024,64,31.4,50.5,0.202
"Speier, Gabe",642100,2024,104,31.0,46.7,0.277
"Guerrero, Luis",692285,2024,36,26.6,48.1,0.255
"Valdez, Framber",664285,2024,703,27.2,45.0,0.292
"Alvarez, Eddy",657193,2024,5,14.3,53.8,0.344
"Flexen, Chris",623167,2024,707,22.7,46.0,0.339
"Ramirez, Nick",598286,2024,63,19.6,47.4,0.417
"Toussaint, Touki",657053,2024,117,27.5,41.5,0.364
"Hoeing, Bryan",663773,2024,210,22.5,45.5,0.344
"Greene, Hunter",668881,2024,611,29.7,50.6,0.275
"Headrick, Brent",687396,2024,13,33.3,45.0,0.356
"Cecconi, Slade",677944,2024,338,19.6,49.0,0.33
"Ellard, Fraser",686642,2024,101,25.5,42.6,0.307
"Ureña, José",570632,2024,463,23.1,47.0,0.327
"Pressly, Ryan",519151,2024,244,26.9,50.3,0.31
"Strider, Spencer",675911,2024,42,33.0,51.1,0.319
"Lawrence, Justin",664875,2024,279,22.6,43.4,0.38
"Abreu, Bryan",650556,2024,325,34.0,46.2,0.284
"Baumann, Mike",657508,2024,264,24.5,48.6,0.337
"La Sorsa, Joe",686747,2024,74,11.0,46.9,0.325
"Mena, Cristian",691441,2024,15,29.4,48.6,0.463
"Cruz, Steven",674444,2024,18,22.7,53.7,0.177
"Villalobos, Eli",681871,2024,18,24.1,40.8,0.397
"Devenski, Chris",606965,2024,122,27.1,45.0,0.371
"Almonte, Yency",622075,2024,67,30.9,41.2,0.286
"Anderson, Nick",623433,2024,153,23.4,44.7,0.353
"Campbell, Isaiah",663462,2024,37,23.3,50.4,0.425
"Snead, Kirby",669912,2024,48,26.3,40.8,0.336
"Estes, Joey",683155,2024,543,19.2,55.5,0.328
"Boyle, Joe",671212,2024,226,30.2,39.4,0.323
"Allen, Logan",671106,2024,432,21.2,45.0,0.369
"Busenitz, Alan",641427,2024,21,31.6,50.7,0.446
"Castellanos, Humberto",528748,2024,48,15.6,48.4,0.358
"Woodford, Jake",663765,2024,167,14.0,44.0,0.364
"Robert, Daniel",642016,2024,26,27.7,45.6,0.305
"Glasnow, Tyler",607192,2024,522,30.9,48.4,0.257
"Neris, Héctor",593576,2024,260,25.9,51.0,0.32
"Stanek, Ryne",592773,2024,241,33.2,51.5,0.291
"Suter, Brent",608718,2024,270,20.2,49.8,0.318
"Little, Luke",681432,2024,109,26.8,35.8,0.296
"Blackburn, Paul",621112,2024,316,23.5,47.8,0.332
"Phillips, Evan",623465,2024,228,27.7,47.2,0.284
"Hentges, Sam",656529,2024,91,29.2,47.9,0.256
"Hollowell, Gavin",668970,2024,6,21.4,48.3,0.191
"Stratton, Hunter",676702,2024,158,27.4,52.3,0.286
"Luzardo, Jesús",666200,2024,274,29.6,48.9,0.332
"Gordon, Tanner",685299,2024,160,18.8,54.2,0.368
"Tate, Dillon",622253,2024,164,19.3,45.8,0.306
"Lazar, Max",676661,2024,54,20.0,49.1,0.334
"Pepiot, Ryan",686752,2025,679,26.0,50.1,0.31
"Hurter, Brant",676428,2025,277,26.0,44.2,0.297
"Ramírez, Yohan",670990,2025,155,25.8,49.5,0.328
"Javier, Cristian",664299,2025,157,24.0,45.2,0.283
"Early, Connelly",813349,2025,79,33.9,51.1,0.24
"McLean, Nolan",690997,2025,188,28.4,42.4,0.294
"Daniel, Davis",669721,2025,46,17.6,46.4,0.391
"Blubaugh, AJ",805123,2025,125,30.0,47.9,0.279
"Pilkington, Konnor",663455,2025,123,29.1,44.6,0.382
"Baker, Bryan",641329,2025,274,29.1,51.1,0.311
"Enns, Dietrich",608650,2025,200,27.2,54.1,0.288
"Eovaldi, Nathan",543135,2025,496,27.7,50.7,0.272
"Backhus, Kyle",679775,2025,115,21.8,45.8,0.327
"Strowd, Kade",669704,2025,105,26.8,47.8,0.262
"Bello, Brayan",678394,2025,700,20.1,45.8,0.327
"Hendricks, Kyle",543294,2025,695,18.3,48.0,0.307
"Valdez, Framber",664285,2025,802,26.6,47.3,0.302
"Kolek, Stephen",663568,2025,461,17.7,46.8,0.321
"Legumina, Casey",668984,2025,219,24.6,49.6,0.304
"McFarland, T.J.",519008,2025,74,17.1,45.2,0.358
"Ray, Robbie",592662,2025,755,27.8,49.3,0.3
"Trivino III, Lou",642152,2025,207,25.1,46.4,0.346
"Doval, Camilo",666808,2025,278,28.4,47.3,0.293
"Gasser, Robert",688107,2025,29,25.0,39.2,0.342
"Holman, Grant",680880,2025,103,27.7,47.1,0.352
"Nelson, Kyle",669459,2025,11,26.7,34.1,0.394
"Hart, Kyle",606996,2025,179,19.9,44.3,0.299
"Cano, Yennier",666974,2025,251,23.5,45.2,0.297
"Junk, Janson",676083,2025,447,18.2,52.5,0.326
"Bazardo, Eduard",660825,2025,313,19.4,42.9,0.285
"Phillips, Connor",683175,2025,98,37.4,41.1,0.308
"Alvarado, José",621237,2025,114,24.3,47.7,0.297
"Beeter, Clayton",690925,2025,104,32.9,45.2,0.302
"Buehler, Walker",621111,2025,564,19.2,44.6,0.355
"Suter, Brent",608718,2025,291,21.4,48.0,0.314
"Jameson, Drey",686753,2025,13,20.0,37.7,0.47
"Stock, Robert",476594,2025,15,21.1,32.2,0.536
"Mlodzinski, Carmen",669387,2025,419,23.0,46.6,0.313
"Brieske, Beau",689225,2025,103,21.2,44.2,0.312
"Duran, Jhoan",661395,2025,287,30.8,53.2,0.248
"Crochet, Garrett",676979,2025,814,29.4,51.8,0.266
"Ramírez, Erasmo",541640,2025,42,15.0,50.6,0.328
"Sasaki, Roki",808963,2025,161,22.1,43.0,0.362
"Peralta, Sammy",671111,2025,52,22.1,50.3,0.292
"McGough, Scott",543518,2025,75,30.8,48.1,0.377
"Palencia, Daniel",694037,2025,215,27.5,51.0,0.282
"Lee, Dylan",669276,2025,266,33.6,51.5,0.268
"Liberatore, Matthew",669461,2025,648,20.2,48.2,0.339
"Stratton, Chris",608717,2025,104,27.3,45.5,0.344
"Stratton, Hunter",676702,2025,89,20.6,52.5,0.377
"Black, Mason",696131,2025,19,18.6,58.1,0.33
"Burns, Chase",695505,2025,188,31.9,52.4,0.29
"Murdock, Noah",668716,2025,98,25.8,38.5,0.36
"Peguero, Joel",666711,2025,86,22.1,47.3,0.289
"White, Owen",669391,2025,35,20.0,50.4,0.386
"Megill, Tylor",656731,2025,305,30.7,44.9,0.306
"Waldron, Matt",663362,2025,25,14.6,39.4,0.472
"Contreras, Roansy",672710,2025,51,20.0,48.2,0.291
"Bride, Jonah",681146,2025,37,7.8,44.7,0.412
"Topa, Justin",623437,2025,268,18.1,47.2,0.325
"Garabito, Gerson",642520,2025,41,31.6,47.1,0.371
"Schreiber, John",670167,2025,265,23.4,47.7,0.311
"Fairbanks, Pete",664126,2025,244,26.1,50.6,0.275
"Brebbia, John",605154,2025,115,19.8,47.3,0.327
"Harvey, Hunter",640451,2025,39,30.6,50.9,0.193
"Zerpa, Angel",672582,2025,275,16.4,43.3,0.311
"Porter, Logan",682515,2025,5,28.6,46.7,0.548
"Schultz, Paxton",687606,2025,110,27.4,44.9,0.302
"Rangel, Alan",660604,2025,46,17.3,43.1,0.365
"deGrom, Jacob",594798,2025,669,30.2,51.7,0.286
"Rainey, Tanner",663432,2025,47,34.3,49.3,0.361
"Holmes, Clay",605280,2025,708,22.1,44.8,0.322
"McDaniels, Garrett",680729,2025,50,24.0,39.3,0.371
"Rasmussen, Drew",656876,2025,585,22.2,48.6,0.291
"Stewart, Brock",592779,2025,159,31.1,51.1,0.259
"Priester, Quinn",682990,2025,653,24.5,46.2,0.298
"Mantiply, Joe",573009,2025,58,20.9,47.4,0.36
"Barco, Hunter",682995,2025,12,36.0,54.3,0.326
"Burnes, Corbin",669203,2025,265,25.7,46.3,0.305
"Treinen, Blake",595014,2025,129,25.6,46.6,0.297
"Brown, Hunter",686613,2025,729,27.8,44.8,0.278
"Loutos, Ryan",702795,2025,68,17.0,45.9,0.408
"Mazur, Adam",800049,2025,139,21.8,48.9,0.346
"Cleavinger, Garrett",664076,2025,243,36.0,49.5,0.28
"Gervase, Paul",801434,2025,39,32.8,44.9,0.315
"Ginn, J.T.",669372,2025,392,28.7,42.9,0.301
"Abreu, Bryan",650556,2025,296,41.2,46.2,0.288
"Roa, Christian",685005,2025,12,13.3,36.6,0.471
"Baz, Shane",669358,2025,711,25.8,49.2,0.306
"Faucher, Calvin",676534,2025,255,23.7,42.5,0.321
"Barlow, Scott",605130,2025,303,30.8,41.3,0.323
"Márquez, Germán",608566,2025,591,18.6,48.0,0.366
"Santillan, Tony",663574,2025,301,27.0,49.7,0.322
"Bednar, David",670280,2025,251,31.1,47.8,0.264
"Misiewicz, Anthony",664948,2025,23,31.4,44.3,0.462
"Maxwell, Zach",687209,2025,43,35.5,46.1,0.307
"Walker, Josh",677020,2025,25,35.7,45.7,0.312
"Peterson, David",656849,2025,723,24.0,46.8,0.331
"Skubal, Tarik",669373,2025,748,32.5,54.8,0.258
"Lovelady, Richard",663992,2025,57,28.7,48.9,0.366
"Kelly, Merrill",518876,2025,748,24.1,49.3,0.316
"Robert, Daniel",642016,2025,59,30.8,45.9,0.32
"Vesia, Alex",681911,2025,237,30.7,50.2,0.274
"Mey, Luis",682825,2025,96,25.6,40.0,0.353
"Roupp, Landen",694738,2025,476,25.2,43.8,0.319
"VanWey, Logan",701121,2025,49,16.9,45.6,0.326
"Kerkering, Orion",689147,2025,266,23.7,42.9,0.297
"Detmers, Reid",672282,2025,266,32.7,49.7,0.296
"Quijada, José",650671,2025,8,26.7,36.6,0.397
"Weissert, Greg",669711,2025,278,22.4,46.7,0.289
"Lugo, Seth",607625,2025,611,20.6,43.9,0.348
"Wilson, Bryse",669060,2025,224,16.7,47.0,0.422
"Corbin, Patrick",571578,2025,663,26.9,46.3,0.336
"López, Reynaldo",625643,2025,25,7.3,43.6,0.465
"Kowar, Jackson",663804,2025,71,25.2,48.0,0.348
"Coulombe, Danny",543056,2025,176,27.7,50.6,0.309
"Robertson, David",502085,2025,78,23.8,41.4,0.329
"Saalfrank, Andrew",685314,2025,113,27.9,47.1,0.311
"Pope, Austin",687166,2025,9,12.5,44.4,0.382
"Morton, Charlie",450203,2025,654,27.9,46.8,0.333
"Festa, David",701581,2025,229,27.4,51.2,0.338
"Dunning, Dane",641540,2025,95,25.1,47.0,0.36
"Tate, Dillon",622253,2025,34,20.4,38.8,0.385
"Gray, Jon",592351,2025,63,21.0,50.0,0.377
"Casparius, Ben",676508,2025,333,27.6,49.7,0.3
"Little, Luke",681432,2025,15,21.1,25.0,0.333
"Brogdon, Connor",641401,2025,199,29.3,49.2,0.305
"Effross, Scott",664123,2025,51,15.9,52.6,0.343
"Gaddis, Hunter",683769,2025,274,32.2,50.9,0.296
"Montero, Keider",672456,2025,389,19.8,47.7,0.332
"Hoffmann, Andrew",694851,2025,61,31.3,46.9,0.374
"Parker, Mitchell",680730,2025,725,19.6,51.2,0.37
"Fulmer, Michael",605242,2025,23,16.3,47.8,0.45
"Gipson-Long, Sawyer",687830,2025,133,24.4,51.4,0.376
"Sauer, Matt",669422,2025,129,19.2,50.8,0.34
"McCaughan, Darren",670766,2025,23,27.3,51.2,0.256
"Alexander, Scott",518397,2025,81,18.6,44.7,0.437
"Holderman, Colin",670059,2025,125,25.8,46.5,0.364
"Ginkel, Kevin",656464,2025,121,28.1,47.0,0.33
"Fuentes, Didier",800311,2025,69,23.9,45.7,0.411
"Anderson, Tyler",542881,2025,599,25.0,49.0,0.345
"Burr, Ryan",621114,2025,8,56.3,41.0,0.222
"Curtiss, John",595928,2025,141,20.4,52.3,0.32
"Lively, Ben",594902,2025,178,16.2,47.1,0.332
"Lauer, Eric",641778,2025,426,23.7,48.7,0.306
"Devenski, Chris",606965,2025,65,21.9,43.5,0.3
"Speier, Gabe",642100,2025,243,30.9,52.0,0.247
"Cavalli, Cade",676917,2025,219,27.9,49.6,0.315
"De León, José",592254,2025,28,30.2,52.5,0.282
"Kremer, Dean",665152,2025,708,22.9,49.4,0.306
"Cruz, Omar",678316,2025,18,37.5,39.5,0.298
"Buttó, José",676130,2025,284,28.8,47.2,0.328
"Alcala, Jorge",660896,2025,257,25.7,47.4,0.327
"Rogers, Taylor",573124,2025,221,23.2,44.3,0.315
"Nola, Aaron",605400,2025,404,25.2,46.9,0.315
"Snell, Blake",605483,2025,254,35.6,47.3,0.283
"Montas, Frankie",593423,2025,178,23.8,48.6,0.353
"Alvarado, Elvis",665660,2025,183,33.7,46.9,0.304
"Boushley, Caleb",676961,2025,193,20.8,42.2,0.37
"Webb, Jacob",657097,2025,267,27.6,51.1,0.281
"Fernández, Julian",642759,2025,20,26.3,50.0,0.424
"Bruihl, Justin",677865,2025,65,22.5,40.6,0.298
"Bellozo, Valente",678368,2025,348,20.2,49.9,0.35
"La Sorsa, Joe",686747,2025,33,11.4,44.0,0.357
"Zeferjahn, Ryan",666171,2025,256,30.3,45.3,0.322
"Thompson, Ryan",657044,2025,175,25.3,48.6,0.295
"Jarvis, Bryce",686826,2025,98,20.9,39.9,0.314
"Suárez, Albert",544150,2025,44,24.1,48.0,0.256
"Castillo, Luis",622491,2025,745,24.6,51.6,0.312
"Sabrowski, Erik",681870,2025,121,38.1,47.5,0.286
"Miller, Erik",669062,2025,128,30.7,47.3,0.33
"Fedde, Erick",607200,2025,623,18.0,44.7,0.354
"Pomeranz, Drew",519141,2025,203,24.5,50.0,0.291
"Feyereisen, J.P.",656420,2025,23,20.0,61.7,0.411
"Chandler, Bubba",696149,2025,124,30.3,50.1,0.298
"Misiorowski, Jacob",694819,2025,272,29.7,49.8,0.288
"Rolison, Ryan",669020,2025,193,17.4,46.0,0.363
"Hoglund, Gunnar",680684,2025,139,22.0,45.7,0.411
"Slaten, Justin",686580,2025,137,27.9,53.9,0.292
"Darvish, Yu",506433,2025,296,23.0,47.0,0.297
"Ogasawara, Shinnosuke",829272,2025,173,23.5,45.5,0.355
"Weaver, Luke",596133,2025,262,31.0,52.6,0.268
"Turnbull, Spencer",605513,2025,33,25.4,47.2,0.37
"Petty, Chase",695534,2025,40,34.7,42.6,0.471
"Pérez, Martín",527048,2025,228,20.9,42.4,0.354
"Mejia, Juan",675848,2025,261,30.4,48.0,0.271
"Castaño, Blas",680604,2025,16,4.0,50.0,0.505
"Lara, Andry",691251,2025,78,13.3,47.1,0.394
"Nikhazy, Doug",680951,2025,23,32.6,42.6,0.43
"Freeland, Kyle",607536,2025,709,21.0,51.3,0.342
"Smith, Shane",681343,2025,616,27.7,48.3,0.31
"Sale, Chris",519242,2025,510,30.1,48.9,0.264
"Myers, Tobias",668964,2025,220,21.4,51.0,0.324
"Simpson, Josh",681006,2025,151,26.1,45.7,0.333
"Cruz, Fernando",518585,2025,200,46.5,42.9,0.288
"Muñoz, Rolddy",691548,2025,21,42.9,35.9,0.412
"Rocker, Kumar",677958,2025,287,24.9,50.0,0.364
"Banda, Anthony",607455,2025,269,27.2,47.7,0.295
"Vargas, Carlos",672841,2025,331,18.9,48.7,0.296
"Seymour, Ian",693855,2025,242,27.0,49.5,0.308
"Adcock, Ty",686654,2025,14,18.2,53.7,0.223
"Díaz, Alexis",664747,2025,85,25.0,46.5,0.384
"López, Pablo",641154,2025,312,25.9,48.5,0.308
"Martin, Davis",663436,2025,601,21.6,49.4,0.347
"Hoeing, Bryan",663773,2025,36,15.9,48.1,0.245
"Bowden, Ben",641386,2025,47,22.1,50.8,0.39
"Ort, Kaleb",672391,2025,194,29.2,46.4,0.287
"Brown, McCade",685326,2025,126,23.3,44.4,0.384
"Ross, Joe",605452,2025,228,22.4,50.8,0.373
"Guerrero, Luis",692285,2025,72,29.5,44.6,0.379
"Bradley, Taj",671737,2025,605,23.6,48.3,0.314
"Suero, Wander",593833,2025,32,27.1,49.3,0.312
"Tidwell, Blade",694918,2025,78,19.7,42.7,0.361
"Montes De Oca, Christian",801216,2025,9,29.4,37.0,0.123
"Schwellenbach, Spencer",680885,2025,434,28.3,51.8,0.294
"Rodríguez, Manuel",655889,2025,121,25.9,50.1,0.274
"Hill, Jaden",677955,2025,129,26.1,50.1,0.285
"Salazar, Eduardo",674285,2025,151,20.7,47.9,0.369
"Thompson, Zach",605507,2025,12,17.9,46.7,0.172
"Walter, Brandon",687888,2025,212,24.6,50.5,0.282
"Johnson, Seth",686751,2025,54,27.8,53.7,0.234
"Barnes, Jacob",606930,2025,36,26.5,46.6,0.377
"Johnson, Ryan",696270,2025,72,27.7,47.4,0.293
"Miller, Bobby",676272,2025,28,17.6,44.0,0.397
"Romano, Jordan",605447,2025,187,28.7,46.8,0.313
"Arias, Luarbert",678215,2025,55,15.8,45.9,0.414
"Taylor, Grant",691799,2025,157,30.7,48.0,0.267
"Soto, Gregory",642397,2025,279,29.9,47.0,0.305
"McGee, Easton",668834,2025,62,19.2,53.8,0.32
"Sears, JP",676664,2025,583,21.6,47.3,0.319
"Pfaadt, Brandon",694297,2025,767,22.1,49.2,0.352
"Edwards Jr., Carl",605218,2025,24,31.7,45.6,0.283
"Seabold, Connor",657756,2025,48,21.9,51.9,0.326
"Kelly, Michael",547184,2025,166,22.2,43.2,0.338
"Mikolas, Miles",571945,2025,669,16.5,48.0,0.351
"Castillo, José",620454,2025,149,22.6,46.4,0.315
"Singer, Brady",663903,2025,716,24.0,44.4,0.32
"Fernandez, Ryan",681676,2025,140,32.1,50.0,0.313
"Curvelo, Luis",681168,2025,84,22.4,45.2,0.299
"Hiraldo, Yaramil",682274,2025,84,37.1,55.7,0.253
"Núñez, Dedniel",673380,2025,41,31.5,50.3,0.351
"Morillo, Juan",666661,2025,152,26.6,48.8,0.301
"Wilson, Steven",621051,2025,241,24.8,47.6,0.302
"Gausman, Kevin",592332,2025,775,26.4,51.6,0.301
"Muñoz, Roddery",682610,2025,51,30.7,49.8,0.418
"Kelly, Zack",677161,2025,152,23.3,49.3,0.289
"Ryan, Joe",657746,2025,689,26.1,49.7,0.289
"Tolle, Payton",801139,2025,74,30.1,53.6,0.333
"Estévez, Carlos",608032,2025,269,19.0,49.4,0.299
"Nelson, Ryne",669194,2025,619,21.6,50.4,0.308
"Domínguez, Seranthony",622554,2025,261,33.3,44.6,0.282
"Marinaccio, Ron",676760,2025,42,29.5,53.7,0.211
"Corniell, Jose",692030,2025,9,29.2,58.5,0.448
"Garrett, Reed",657585,2025,238,30.5,45.3,0.292
"King, John",667463,2025,222,19.9,50.1,0.337
"Canning, Griffin",656288,2025,327,25.5,45.8,0.334
"Maeda, Kenta",628317,2025,43,28.2,45.6,0.366
"Poulin, PJ",676571,2025,110,26.6,43.9,0.307
"Martinez, Seth",661527,2025,27,23.2,46.7,0.381
"Matthews, Zebby",805673,2025,354,27.5,51.1,0.333
"Estrada, Lazaro",681751,2025,35,37.5,53.8,0.341
"Vest, Will",676684,2025,284,26.7,48.0,0.266
"Thielbar, Caleb",573204,2025,220,26.9,49.7,0.247
"Warren, Will",701542,2025,711,24.6,42.8,0.33
"Stanek, Ryne",592773,2025,255,27.8,52.5,0.327
"Gibson, Kyle",502043,2025,73,20.6,45.0,0.44
"Cameron, Noah",702070,2025,556,26.6,47.2,0.314
"Contreras, Luis",664351,2025,54,32.3,44.2,0.292
"Bachman, Sam",696147,2025,94,26.8,45.7,0.318
"Veneziano, Anthony",685107,2025,117,24.3,48.7,0.357
"Young, Brandon",687064,2025,256,21.6,48.2,0.32
"Poche, Colin",621363,2025,52,21.4,34.4,0.367
"Rogers, Tyler",643511,2025,299,15.9,54.6,0.256
"Gray, Sonny",543243,2025,753,27.5,47.4,0.306
"McDonald, Trevor",686790,2025,60,29.6,50.9,0.28
"Gore, MacKenzie",669022,2025,679,29.7,49.4,0.322
"Peralta, Freddy",642547,2025,723,30.1,46.9,0.289
"McCullers Jr., Lance",621121,2025,274,25.1,40.0,0.353
"Minter, A.J.",621345,2025,43,34.2,39.5,0.279
"Houser, Adrian",605288,2025,518,18.1,49.6,0.312
"Sands, Cole",663485,2025,299,22.2,48.5,0.306
"Sanmartin, Reiver",665665,2025,8,15.4,52.0,0.251
"Kranick, Max",668820,2025,150,20.7,55.6,0.329
"Civale, Aaron",650644,2025,435,21.8,45.4,0.314
"Romero, JoJo",668941,2025,255,27.0,41.5,0.291
"Darnell, Dugan",699911,2025,49,17.1,40.9,0.337
"Mize, Casey",663554,2025,627,24.1,49.6,0.298
"Bergert, Ryan",686701,2025,323,23.9,46.9,0.322
"Bubic, Kris",663460,2025,476,28.8,49.2,0.278
"Irvin, Jake",663623,2025,787,18.2,46.8,0.36
"García, Yimi",554340,2025,90,30.7,45.4,0.336
"Sims, Lucas",608371,2025,72,35.3,36.6,0.408
"Burke, Sean",680732,2025,596,25.1,46.9,0.341
"Lucas, Easton",687922,2025,108,23.9,51.6,0.37
"Springs, Jeffrey",605488,2025,713,26.0,46.3,0.321
"Ribalta, Orlando",687377,2025,120,25.8,48.7,0.356
"Hamel, Dom",687589,2025,6,0.0,61.5,0.457
"Patrick, Chad",694477,2025,503,23.5,50.1,0.306
"Waldrep, Hurston",694462,2025,229,28.5,44.7,0.306
"Lange, Alex",656638,2025,6,41.7,60.0,0.306
"Senga, Kodai",673540,2025,482,27.4,45.5,0.31
"Wolfram, Grant",664991,2025,133,25.7,46.3,0.295
"Brown, Ben",676962,2025,472,28.3,47.9,0.329
"Morales, Luis",806960,2025,199,23.5,44.0,0.325
"Hollowell, Gavin",668970,2025,43,26.7,43.6,0.347
"Smith, Cade",671922,2025,300,34.3,52.3,0.248
"Pivetta, Nick",601713,2025,721,24.6,47.7,0.309
"Walker, Taijuan",592836,2025,538,18.5,45.1,0.33
"Carrasco, Carlos",471911,2025,212,22.5,45.6,0.354
"Miley, Wade",489119,2025,55,11.9,41.0,0.411
"Urquidy, José",664353,2025,14,41.7,42.9,0.429
"Maton, Phil",664208,2025,249,36.2,46.9,0.265
"Cortes, Nestor",641482,2025,157,25.0,42.7,0.395
"McKenzie, Triston",663474,2025,30,21.2,42.3,0.479
"Soriano, José",667755,2025,724,27.0,44.8,0.312
"Jacob, Alek",689690,2025,153,21.3,45.7,0.344
"Kochanowicz, Jack",686799,2025,512,20.8,47.6,0.368
"Mercado, Michael",675650,2025,20,21.1,44.7,0.445
"King, Michael",650633,2025,308,25.8,44.1,0.319
"Wicks, Jordan",696136,2025,67,23.8,59.9,0.309
"Espada, Jose",664744,2025,9,47.1,58.6,0.023
"Bido, Osvaldo",674370,2025,363,25.0,49.5,0.354
"Henriquez, Edgardo",683618,2025,78,29.0,52.0,0.285
"Kimbrel, Craig",518886,2025,49,29.8,40.9,0.314
"Holton, Tyler",663947,2025,312,24.6,47.6,0.303
"Blanco, Ronel",669854,2025,199,32.0,47.6,0.279
"Toussaint, Touki",657053,2025,11,35.3,45.9,0.291
"Cecconi, Slade",677944,2025,545,22.5,46.5,0.343
"Gordon, Colton",676467,2025,379,18.0,50.5,0.332
"Iglesias, Raisel",628452,2025,267,30.9,51.8,0.277
"Zastryzny, Rob",642239,2025,93,32.2,49.3,0.283
"Pallante, Andre",669467,2025,715,22.3,45.9,0.321
"Strider, Spencer",675911,2025,539,30.6,47.6,0.34
"De Los Santos, Enyel",660853,2025,280,30.0,51.6,0.314
"Mederos, Victor",682989,2025,81,22.4,42.7,0.351
"Leiter, Jack",683004,2025,646,24.3,47.8,0.326
"Wrobleski, Justin",680736,2025,280,24.6,50.6,0.288
"Borucki, Ryan",621366,2025,145,29.8,46.3,0.341
"Ureña, José",570632,2025,245,19.8,48.2,0.389
"Beeks, Jalen",656222,2025,231,27.7,49.2,0.306
"Messick, Parker",800048,2025,165,26.0,46.1,0.274
"Rodriguez, Carlos",692230,2025,50,32.0,46.6,0.309
"Lorenzen, Michael",547179,2025,606,23.4,48.1,0.331
"Kahnle, Tommy",592454,2025,267,25.4,43.7,0.328
"McDermott, Chayce",694646,2025,51,20.6,32.3,0.458
"Enright, Nic",663671,2025,127,26.4,51.3,0.303
"Bernardino, Brennan",657514,2025,225,19.3,43.6,0.287
"Brubaker, JT",664141,2025,117,23.9,46.5,0.319
"Gillaspie, Logan",670810,2025,31,18.5,48.2,0.399
"Otañez, Michel",671305,2025,28,35.6,37.2,0.409
"Lynch IV, Daniel",663738,2025,289,22.3,42.9,0.328
"Woodruff, Brandon",605540,2025,257,27.9,50.5,0.232
"Mattson, Isaac",676755,2025,198,23.2,51.0,0.283
"Wilson, Will",669717,2025,8,0.0,42.3,0.591
"Castro, Miguel",612434,2025,28,17.5,38.1,0.347
"Teng, Kai-Wei",678906,2025,139,27.5,43.8,0.311
"Stroman, Marcus",573186,2025,175,19.2,47.3,0.367
"Woo, Bryan",693433,2025,731,26.2,53.2,0.274
"Sommers, Drew",805427,2025,19,25.0,35.9,0.395
"France, J.P.",641585,2025,16,30.0,39.5,0.316
"Meyer, Max",676974,2025,285,27.4,47.4,0.337
"Davis, Noah",663562,2025,65,26.6,37.5,0.492
"Laweryson, Cody",689520,2025,26,25.5,50.5,0.219
"Soroka, Michael",647336,2025,379,23.7,45.5,0.293
"Hill, Rich",448179,2025,43,19.4,39.2,0.391
"Gordon, Tanner",685299,2025,337,18.0,53.2,0.368
"Shugart, Chase",663767,2025,181,24.6,43.5,0.332
"Alexander, Jason",669920,2025,336,24.6,43.8,0.338
"Fermin, José",820862,2025,152,33.1,45.4,0.314
"Bradish, Kyle",680694,2025,126,34.8,45.3,0.274
"Sisk, Evan",681895,2025,80,31.0,38.3,0.264
"Clevinger, Mike",605182,2025,31,24.0,43.9,0.34
"Rodríguez, Randy",678495,2025,198,31.1,49.8,0.251
"Olson, Reese",681857,2025,285,29.7,44.4,0.313
"Kelly, Casey",543391,2025,6,20.0,41.7,0.303
"Martin, Corbin",656686,2025,89,31.1,44.6,0.34
"Leahy, Kyle",681517,2025,363,23.1,49.7,0.325
"Martinez, Justin",679885,2025,67,37.3,37.9,0.28
"Wheeler, Zack",554430,2025,585,31.5,50.3,0.247
"Nicolas, Kyle",693312,2025,167,29.4,47.5,0.316
"Leclerc, José",600917,2025,46,30.9,48.0,0.39
"Dollander, Chase",801403,2025,441,22.9,47.0,0.347
"Muñoz, Andrés",662253,2025,254,36.5,47.1,0.263
"Moreta, Dauri",664294,2025,68,32.4,48.8,0.329
"Moll, Sam",594580,2025,81,33.1,39.2,0.303
"Criswell, Cooper",681867,2025,80,14.9,48.6,0.31
"Weathers, Ryan",677960,2025,166,28.8,48.8,0.309
"Ferguson, Caleb",657571,2025,270,21.4,47.9,0.29
"Warren, Austin",681810,2025,34,17.7,42.5,0.323
"Milner, Hoby",571948,2025,293,15.5,43.6,0.303
"Headrick, Brent",687396,2025,92,34.1,57.7,0.276
"Bivens, Spencer",702352,2025,343,17.0,49.1,0.313
"Cabrera, Edward",665795,2025,581,29.4,45.1,0.312
"Keller, Brad",641745,2025,276,26.9,45.1,0.261
"Mahle, Tyler",641816,2025,346,23.2,49.9,0.319
"Brasier, Ryan",518489,2025,105,20.8,51.2,0.339
"Santana, Dennis",642701,2025,270,27.3,51.6,0.292
"Harrington, Thomas",802419,2025,50,20.6,48.5,0.422
"Eisert, Brandon",685126,2025,306,32.0,46.8,0.314
"González, Wikelman",682790,2025,87,32.3,43.8,0.323
"Zimmermann, Bruce",669145,2025,28,9.8,45.1,0.322
"Puk, A.J.",640462,2025,35,32.5,53.2,0.264
"Hicks, Jordan",663855,2025,314,23.1,43.6,0.33
"McGuire, Reese",624512,2025,6,0.0,29.4,0.529
"Waddell, Brandon",663399,2025,134,20.6,46.5,0.36
"Merryweather, Julian",657240,2025,88,19.2,44.2,0.391
"Ohl, Pierson",701487,2025,133,22.0,50.2,0.337
"Guenther, Sean",674944,2025,43,18.8,41.6,0.366
"Matzek, Tyler",554431,2025,35,21.7,47.2,0.352
"Murfee, Penn",682171,2025,63,25.7,45.3,0.38
"Palisch, Jake",669449,2025,6,14.3,58.3,0.447
"Richardson, Lyon",680689,2025,172,22.3,40.5,0.345
"Darrell-Hicks, Michael",690382,2025,43,26.1,43.7,0.406
"Little, Brendon",663893,2025,295,43.5,40.6,0.286
"Orze, Eric",679358,2025,178,27.0,50.5,0.297
"Hall, DL",669084,2025,155,19.6,44.2,0.294
"Maldonado, Anthony",687424,2025,33,30.4,43.4,0.4
"Pagán, Emilio",641941,2025,270,29.2,53.2,0.266
"Cease, Dylan",656302,2025,722,33.4,49.2,0.29
"Lee, Chase",695445,2025,148,21.1,44.3,0.346
"Garza, Justin",621057,2025,28,16.7,48.8,0.375
"Woods Richardson, Simeon",680573,2025,471,24.1,48.0,0.303
"Seymour, Carson",693313,2025,156,21.8,43.6,0.37
"Hudson, Bryan",663542,2025,75,26.9,37.4,0.332
"Ober, Bailey",641927,2025,624,24.1,51.7,0.323
"Mayza, Tim",641835,2025,74,25.4,45.8,0.274
"Wentz, Joey",666214,2025,442,23.5,49.2,0.328
"Graveman, Kendall",608665,2025,82,28.1,42.9,0.395
"Thomas, Connor",671162,2025,31,11.8,42.9,0.481
"Peguero, Elvis",665625,2025,47,31.8,47.1,0.349
"Winans, Allan",642216,2025,46,18.8,49.7,0.379
"Peralta, Luis",678821,2025,101,20.8,42.0,0.438
"Horn, Bailey",690544,2025,50,22.9,48.7,0.366
"Severino, Luis",622663,2025,705,18.3,47.3,0.331
"Bummer, Aaron",607481,2025,236,22.9,43.1,0.318
"Gómez, Yoendrys",672782,2025,277,23.9,47.1,0.347
"Basso, Brady",669620,2025,56,20.2,48.1,0.316
"Rodriguez, Eduardo",593958,2025,694,23.0,47.1,0.328
"Cannon, Jonathan",686563,2025,466,21.4,48.4,0.353
"Silseth, Chase",681217,2025,49,34.9,51.4,0.312
"Elder, Bryce",693821,2025,679,22.5,46.3,0.335
"Greene, Hunter",668881,2025,420,31.4,53.4,0.272
"Dobnak, Randy",677976,2025,19,16.1,39.2,0.364
"Hatch, Thomas",641672,2025,152,19.2,48.8,0.337
"Scott, Tanner",656945,2025,237,29.5,55.9,0.317
"Fisher, Braydon",680755,2025,202,29.9,43.6,0.285
"Sanders, Cam",676742,2025,34,27.7,44.2,0.441
"Rodríguez, Yariel",684320,2025,298,27.5,45.6,0.317
"Estrada, Jeremiah",669093,2025,304,34.9,51.9,0.26
"Estes, Joey",683155,2025,55,17.7,51.6,0.364
"Fried, Max",608331,2025,801,26.6,46.9,0.287
"Weems, Jordan",607179,2025,23,23.9,46.9,0.468
"de Geus, Brett",676969,2025,10,5.6,38.3,0.348
"Smith, Dylan",681916,2025,48,24.1,47.9,0.308
"Hodge, Porter",687863,2025,147,26.7,46.2,0.316
"Flexen, Chris",623167,2025,178,16.7,49.8,0.346
"Monteverde, Patrick",687287,2025,20,15.6,51.7,0.324
"Cosgrove, Tom",676680,2025,16,19.4,56.3,0.19
"Sulser, Cole",642121,2025,90,28.8,53.7,0.262
"Gomber, Austin",596295,2025,272,15.9,49.0,0.372
"Dubin, Shawn",681869,2025,145,20.7,44.6,0.301
"Lodolo, Nick",666157,2025,642,27.5,50.0,0.292
"Suarez, José",660761,2025,81,33.6,44.4,0.317
"Campbell, Isaiah",663462,2025,35,21.0,56.9,0.344
"Jansen, Kenley",445276,2025,234,25.8,55.7,0.301
"Henry, Tommy",674072,2025,26,28.8,48.6,0.418
"Wilson, Justin",458677,2025,207,31.9,50.7,0.296
"Gilbert, Logan",669302,2025,535,32.9,51.1,0.275
"Beck, Tristan",663941,2025,232,22.9,49.1,0.326
"Graceffo, Gordon",700669,2025,193,23.1,48.0,0.325
"Hamilton, Ian",641656,2025,166,27.8,49.5,0.315
"Aldegheri, Sam",691951,2025,73,21.1,42.2,0.402
"Van Belle, Brian",687003,2025,36,30.4,53.5,0.292
"Yates, Kirby",489446,2025,179,35.3,51.3,0.318
"Englert, Mason",669438,2025,185,25.1,50.1,0.32
"De los Santos, Yerry",660787,2025,160,22.7,46.3,0.325
"Altavilla, Dan",656186,2025,120,22.5,45.8,0.333
"Gil, Luis",661563,2025,244,21.5,44.0,0.342
"Yamamoto, Yoshinobu",808967,2025,684,28.9,46.7,0.258
"Freeman, Caleb",673965,2025,16,8.3,51.4,0.329
"Kinley, Tyler",641755,2025,308,31.2,49.1,0.292
"Ottavino, Adam",493603,2025,9,40.0,23.8,0.359
"Scholtens, Jesse",669947,2025,38,34.2,49.4,0.279
"Bieber, Shane",669456,2025,159,27.9,46.2,0.327
"Chafin, Andrew",605177,2025,143,27.7,45.9,0.29
"Fulmer, Carson",608334,2025,123,24.9,47.1,0.309
"Vásquez, Randy",681190,2025,570,15.7,46.4,0.354
"Díaz, Jhonathan",646242,2025,5,14.3,53.8,0.263
"Lazar, Max",676661,2025,170,20.3,45.8,0.371
"Jobe, Jackson",695549,2025,218,24.7,43.9,0.34
"Williams, Trevor",592866,2025,373,19.8,46.7,0.33
"Brash, Matt",666374,2025,199,30.9,42.1,0.282
"Walters, Andrew",689958,2025,6,40.0,51.7,0.306
"Joyce, Ben",690829,2025,21,22.5,57.1,0.374
"Snider, Collin",676092,2025,119,21.7,55.1,0.361
"Glasnow, Tyler",607192,2025,366,28.2,42.4,0.285
"Morgan, Eli",669212,2025,35,21.7,52.3,0.354
"Williams, Devin",642207,2025,259,37.7,50.0,0.272
"Carrillo, Alex",692024,2025,22,34.3,41.7,0.526
"Herget, Jimmy",623474,2025,347,26.9,46.6,0.284
"Quintana, Jose",500779,2025,556,18.4,43.2,0.349
"Ruiz, José",614179,2025,79,26.8,50.7,0.323
"Tonkin, Michael",543859,2025,103,20.7,43.8,0.355
"Kittredge, Andrew",552640,2025,208,29.8,53.3,0.261
"Kikuchi, Yusei",579328,2025,772,23.6,48.3,0.327
"Nance, Tommy",667297,2025,126,24.7,46.6,0.306
"Senzatela, Antonio",622608,2025,618,18.1,46.7,0.395
"Henriquez, Ronny",678692,2025,303,36.0,49.4,0.269
"Hader, Josh",623352,2025,206,40.5,55.1,0.221
"Francis, Bowden",670102,2025,288,23.3,46.7,0.373
"Ashcraft, Braxton",677952,2025,292,26.2,50.2,0.289
"Boyle, Joe",671212,2025,226,29.0,43.9,0.312
"Erceg, Lucas",668674,2025,249,24.7,48.7,0.305
"DeSclafani, Anthony",543101,2025,169,25.9,46.8,0.316
"Payamps, Joel",606303,2025,117,25.0,42.8,0.391
"Saucedo, Tayler",642048,2025,66,23.3,44.4,0.365
"Okert, Steven",595345,2025,276,32.8,51.3,0.254
"Stephenson, Robert",596112,2025,42,38.3,55.1,0.285
"Green, Chad",643338,2025,190,22.7,51.0,0.37
"Schlittler, Cam",693645,2025,304,26.1,50.1,0.314
"Henry, Cole",669371,2025,241,25.6,42.8,0.326
"Gallen, Zac",668678,2025,813,23.7,44.9,0.32
"Matz, Steven",571927,2025,309,18.8,48.6,0.287
"Skenes, Paul",694973,2025,733,30.1,49.6,0.255
"Young, Danny",664849,2025,37,33.3,32.3,0.268
"Bowman, Matt",621199,2025,114,17.4,46.3,0.348
"Burgos, Juan",686228,2025,65,26.9,47.3,0.364
"Winn, Cole",668390,2025,162,22.9,45.9,0.317
"Clase, Emmanuel",661403,2025,201,32.1,54.3,0.277
"Webb, Logan",657277,2025,856,24.7,46.2,0.295
"Yesavage, Trey",702056,2025,62,35.4,47.3,0.314
"Manaea, Sean",640455,2025,263,26.8,52.4,0.31
"Gilbert, Tyler",656457,2025,215,26.2,46.8,0.312
"Brigham, Jeff",656257,2025,18,12.5,50.8,0.476
"Rodríguez, Elvin",660730,2025,90,22.3,44.2,0.42
"Hernández, Daysbel",678226,2025,163,29.2,43.0,0.318
"Rashi, Taylor",688497,2025,72,29.3,38.6,0.301
"Clarke, Taylor",664199,2025,206,23.3,47.6,0.298
"Raley, Brooks",548384,2025,99,20.8,44.6,0.241
"Pérez, Eury",691587,2025,385,28.4,50.3,0.281
"Molina, Anthony",683627,2025,160,24.2,46.2,0.405
"Brzykcy, Zach",694350,2025,110,27.0,50.8,0.367
"Williams, Gavin",668909,2025,704,27.7,45.7,0.321
"Cantillo, Joey",676282,2025,401,29.7,43.2,0.3
"Mears, Nick",683232,2025,222,25.0,54.9,0.324
"Lao, Sauryn",666659,2025,49,29.9,52.4,0.348
"Allard, Kolby",663465,2025,266,19.6,49.5,0.286
"Matsui, Yuki",673513,2025,272,30.3,49.0,0.313
"Bachar, Lake",669199,2025,296,30.2,46.3,0.327
"Leiter Jr., Mark",643410,2025,219,29.1,45.4,0.301
"Whitley, Forrest",666215,2025,66,19.5,46.1,0.412
"Abel, Mick",690953,2025,174,25.4,49.7,0.346
"Sproat, Brandon",687075,2025,84,15.1,47.9,0.315
"Adams, Travis",701519,2025,158,25.6,46.6,0.393
"Gage, Matt",657424,2025,137,23.1,47.3,0.272
"Yarbrough, Ryan",642232,2025,264,26.6,45.5,0.32
"Garcia, Rico",670329,2025,142,30.7,50.5,0.28
"Pressly, Ryan",519151,2025,182,17.4,46.0,0.35
"Sterner, Justin",686993,2025,266,30.8,50.0,0.285
"Sheehan, Emmet",686218,2025,291,32.9,50.4,0.271
"Agnos, Zach",688642,2025,137,29.4,48.4,0.384
"Falter, Bailey",663559,2025,518,18.1,47.0,0.34
"Ellard, Fraser",686642,2025,74,34.1,41.9,0.357
"Granillo, Andre",701552,2025,91,31.5,49.3,0.307
"Ortiz, Luis",682847,2025,382,28.9,46.5,0.336
"Neris, Héctor",593576,2025,124,28.6,46.5,0.331
"Lawrence, Casey",596271,2025,80,14.2,46.0,0.421
"Uribe, Abner",682842,2025,298,32.0,45.7,0.26
"Kriske, Brooks",621139,2025,88,23.6,38.8,0.33
"Herrin, Tim",682120,2025,194,29.4,41.7,0.324
"Suarez, Ranger",624133,2025,651,22.2,47.9,0.277
"Rogers, Trevor",669432,2025,423,25.6,52.9,0.288
"Alvarez, Andrew",674841,2025,98,22.2,38.8,0.265
"Yoho, Craig",684974,2025,41,24.3,39.8,0.325
"Henderson, Logan",701656,2025,99,27.6,54.9,0.299
"Peralta, Wandy",593974,2025,313,29.0,48.5,0.311
"Finnegan, Kyle",640448,2025,229,24.6,50.0,0.278
"Anderson, Grant",681982,2025,299,30.9,48.1,0.3
"Burdi, Nick",595897,2025,21,19.4,43.4,0.338
"Feltner, Ryan",663372,2025,135,26.5,48.5,0.284
"Hernández, Carlos",672578,2025,203,26.6,50.1,0.359
"May, Dustin",669160,2025,584,20.0,45.3,0.349
"Burrows, Mike",681347,2025,402,27.0,48.7,0.322
"Garcia, Luis",677651,2025,27,23.5,48.1,0.229
"Littell, Zack",641793,2025,759,20.4,51.8,0.323
"Tarnok, Freddy",676206,2025,28,23.9,35.4,0.248
"Strahm, Matt",621381,2025,256,23.8,52.4,0.261
"Rutledge, Jackson",671131,2025,331,25.3,47.3,0.335
"Miller, Mason",695243,2025,234,45.2,49.9,0.249
"Whisenhunt, Carson",687931,2025,102,23.8,45.3,0.386
"Anderson, Ian",666120,2025,51,22.6,45.8,0.357
"Fitzgerald, Ryan",680837,2025,8,8.3,50.0,0.522
"Lopez, Jacob",682052,2025,399,28.3,45.6,0.297
"García, Luis",472610,2025,233,24.1,48.7,0.326
"Klein, Will",694361,2025,70,27.3,43.3,0.324
"Bolton, Cody",675989,2025,10,10.0,50.0,0.382
"Jax, Griffin",643377,2025,283,37.3,50.6,0.282
"Díaz, Yilber",700270,2025,15,8.7,38.3,0.499
"Thompson, Mason",666168,2025,60,21.6,40.6,0.37
"Reynolds, Sean",669308,2025,117,22.7,42.7,0.379
"Roycroft, Chris",688297,2025,101,21.4,47.5,0.364
"Gilbreath, Lucas",656458,2025,4,44.4,50.0,0.639
"Curry, Xzavion",675540,2025,16,4.2,42.9,0.318
"Murphy, Chris",669684,2025,148,26.5,44.5,0.31
"Poteet, Cody",547001,2025,16,20.7,42.6,0.358
"Rooney, John",680701,2025,6,50.0,34.8,0.403
"Keller, Mitch",656605,2025,749,20.6,48.5,0.326
"Kershaw, Clayton",477132,2025,463,24.3,45.3,0.303
"Boyd, Matthew",571510,2025,718,23.1,51.5,0.301
"Armstrong, Shawn",542888,2025,284,24.4,47.6,0.272
"Sánchez, Ali",645305,2025,6,9.1,61.1,0.369
"Flaherty, Jack",656427,2025,681,27.3,45.6,0.31
"Blewett, Scott",656240,2025,194,27.6,48.4,0.332
"Knack, Landon",689017,2025,185,21.6,45.5,0.362
"Hanifee, Brenan",669724,2025,260,16.1,45.2,0.315
"Perdomo, Angel",622780,2025,16,18.8,44.4,0.416
"Svanson, Matt",694335,2025,234,23.1,44.1,0.275
"Festa, Matt",670036,2025,226,27.3,51.5,0.29
"Morán, Jovani",663558,2025,20,36.1,45.0,0.309
"Bender, Anthony",669622,2025,204,20.6,41.5,0.294
"Akin, Keegan",669211,2025,268,25.6,51.2,0.333
"Vodnik, Victor",680767,2025,215,26.5,44.0,0.317
"Farris, Mitch",815083,2025,107,28.6,49.1,0.36
"Lawrence, Justin",664875,2025,69,29.5,41.5,0.269
"Varland, Louis",686973,2025,296,27.1,52.5,0.311
"Hernandez, Nick",663321,2025,52,31.0,45.2,0.347
"Gibaut, Ian",664139,2025,109,17.5,48.7,0.312
"Junis, Jakob",596001,2025,274,22.7,44.5,0.312
"Krook, Matt",640454,2025,15,21.2,46.5,0.324
"Shuster, Jared",694363,2025,82,23.8,53.9,0.32
"Sewald, Paul",623149,2025,81,27.5,48.3,0.301
"Uceta, Edwin",670955,2025,321,35.6,53.0,0.306
"Richards, Trevor",670950,2025,29,20.7,50.0,0.29
"Schmidt, Clarke",657376,2025,316,26.6,47.6,0.272
"Newcomb, Sean",656794,2025,391,21.4,46.2,0.306
"Blackburn, Paul",621112,2025,175,22.5,47.3,0.31
"Bibee, Tanner",676440,2025,762,23.8,46.3,0.297
"Eder, Jake",671109,2025,78,26.2,48.0,0.318
"Horton, Cade",690990,2025,476,25.8,48.6,0.306
"Kopech, Michael",656629,2025,53,28.7,40.7,0.33
"Abbott, Andrew",671096,2025,684,24.0,50.0,0.294
"Assad, Javier",665871,2025,153,16.5,46.0,0.339
"Perkins, Jack",678022,2025,161,32.2,48.2,0.297
"Bigge, Hunter",685801,2025,60,28.0,52.0,0.37
"Gerber, Joey",680702,2025,15,21.9,50.0,0.173
"Martinez, Nick",607259,2025,683,19.9,47.1,0.312
"Ohtani, Shohei",660271,2025,187,32.5,49.8,0.249
"Kent, Zak",687849,2025,76,22.9,42.5,0.287
"Phillips, Tyler",663969,2025,313,27.3,47.9,0.297
"Montero, Rafael",606160,2025,253,29.3,47.1,0.295
"Bowlan, Jonathan",680742,2025,180,33.7,48.1,0.303
"Taylor, Troy",700187,2025,37,15.6,47.1,0.475
"Phillips, Evan",623465,2025,22,30.2,46.7,0.233
"Santos, Gregory",666619,2025,36,10.7,42.4,0.39
"Dana, Caden",702674,2025,141,28.2,42.3,0.338
"Petersen, Michael",656848,2025,79,24.0,53.5,0.377
"Hernández, Enrique",571771,2025,37,11.9,33.6,0.442
"Lucchesi, Joey",664192,2025,165,19.6,45.1,0.293
"Zulueta, Yosver",691172,2025,32,24.2,47.1,0.358
"Sousa, Bennett",656986,2025,199,36.8,53.0,0.266
"Luzardo, Jesús",666200,2025,758,30.8,47.8,0.285
"Fitts, Richard",690916,2025,195,25.3,53.2,0.361
"Wells, Tyler",669330,2025,82,23.4,56.1,0.296
"Morgan, David",688158,2025,193,25.5,49.6,0.301
"Hartlieb, Geoff",664129,2025,24,25.0,40.4,0.556
"Rea, Colin",607067,2025,662,22.0,47.6,0.328
"Chapman, Aroldis",547973,2025,228,35.8,57.3,0.225
"Gibson, Cade",806188,2025,230,22.3,42.5,0.304
"Funderburk, Kody",681892,2025,183,21.4,41.9,0.3
"Blalock, Bradley",687134,2025,275,15.9,47.5,0.409
"Allen, Logan",671106,2025,676,20.6,44.3,0.326
"Dobbins, Hunter",690928,2025,256,21.9,46.5,0.308
"Abner, Philip",691769,2025,18,24.2,46.5,0.311
"Jackson, Luke",592426,2025,219,22.7,46.7,0.321
"McGreevy, Michael",700241,2025,400,19.2,45.9,0.332
"Hagenman, Justin",663795,2025,99,26.0,50.1,0.316
"Crismatt, Nabil",622503,2025,153,23.8,47.2,0.33
"Koenig, Jared",657649,2025,268,22.9,43.9,0.263
"Woodford, Jake",663765,2025,170,16.4,45.8,0.344
"Trevino, Jose",624431,2025,12,10.0,41.7,0.447
"Owens, Tyler",687074,2025,15,17.4,34.8,0.399
"Selby, Colin",681882,2025,60,29.0,50.0,0.292
"Scott, Tayler",605463,2025,134,27.7,43.1,0.382
"Wilcox, Cole",677961,2025,12,5.9,43.6,0.449
"Montgomery, Mason",682254,2025,209,35.8,51.1,0.33
"Evans, Logan",688138,2025,350,19.4,45.0,0.35
"Oviedo, Johan",670912,2025,170,29.9,42.3,0.316
"Hancock, Emerson",676106,2025,385,20.3,49.6,0.358
"Ragans, Cole",666142,2025,257,34.8,49.6,0.256
"Mena, Cristian",691441,2025,26,30.4,46.0,0.274
"Adam, Jason",592094,2025,270,33.3,48.9,0.26
"Barnett, Mason",686930,2025,104,21.2,45.9,0.307
"Ferguson, Tyler",621053,2025,246,26.0,46.7,0.301
"Dreyer, Jack",676263,2025,307,26.7,51.4,0.257
"Smith-Shawver, AJ",700363,2025,191,27.1,46.3,0.378
"Bautista, Félix",642585,2025,142,35.7,45.1,0.264
"Houck, Tanner",656557,2025,203,21.6,44.5,0.376
"Harris, Hayden",802686,2025,12,3.7,54.0,0.473
"Spence, Mitch",687765,2025,375,25.7,50.8,0.363
"Hoffman, Nolan",676510,2025,7,16.7,46.2,0.222
"Kirby, George",669923,2025,524,26.7,49.0,0.306
"Fluharty, Mason",689254,2025,215,31.9,46.3,0.284
"Little, Jack",669193,2025,14,32.0,56.8,0.264
"Peraza, Oswald",672724,2025,16,9.5,51.2,0.38
"Swanson, Erik",657024,2025,30,18.6,46.1,0.382
"Gillispie, Connor",687362,2025,123,21.4,45.6,0.354
"Miller, Bryce",682243,2025,392,24.2,50.9,0.352
"Leasure, Jordan",673929,2025,269,31.9,48.8,0.279
"Heuer, Codi",676051,2025,21,34.1,50.6,0.333
"Acton, Garrett",670183,2025,5,14.3,33.3,0.285
"Latz, Jacob",656641,2025,348,29.4,49.2,0.315
"Zuber, Tyler",676604,2025,59,19.8,45.3,0.387
"Harris, Hogan",663687,2025,277,23.0,45.6,0.305
"Dodd, Dylan",689266,2025,136,30.9,54.3,0.289
"Tinoco, Jesus",622786,2025,80,16.5,43.8,0.294
"Helsley, Ryan",664854,2025,252,29.5,53.0,0.31
"Bird, Jake",656234,2025,248,28.1,43.9,0.305
"Giolito, Lucas",608337,2025,613,22.9,47.3,0.344
"Sánchez, Cristopher",650911,2025,807,30.4,49.5,0.272
"Suarez, Robert",663158,2025,269,24.0,54.3,0.298
"Garcia, Brandyn",805299,2025,66,22.1,44.0,0.317
"Church, Marc",687847,2025,23,28.6,35.4,0.417
"Garcia, Robert",676395,2025,269,28.6,51.0,0.304
"Chavez, Jesse",445926,2025,43,15.3,42.1,0.383
"Anderson, Nick",623433,2025,62,19.0,52.3,0.326
"Miller, Shelby",571946,2025,186,31.7,50.5,0.292
"Sandlin, Nick",680704,2025,69,35.7,44.5,0.324
"King, Bryan",687911,2025,275,24.4,49.7,0.274
"Winn, Keaton",676775,2025,42,30.8,55.2,0.282
"Burke, Brock",656271,2025,257,23.4,52.4,0.303
"Ferrer, José A.",678606,2025,324,24.8,49.8,0.294
"Wesneski, Hayden",669713,2025,131,23.2,47.4,0.321
"Rodriguez, Bradgley",699134,2025,31,24.1,42.5,0.237
"Povich, Cade",700249,2025,488,24.2,44.9,0.356
"Berríos, José",621244,2025,698,22.0,46.1,0.337
"Gusto, Ryan",687473,2025,453,23.4,49.1,0.331
"Hjelle, Sean",663546,2025,73,23.4,42.1,0.353
"Verlander, Justin",434378,2025,662,24.8,48.8,0.319
"Vasil, Mike",678024,2025,423,24.0,42.5,0.312
"Soriano, George",666277,2025,173,26.0,46.7,0.402
"Hahn, Jesse",534910,2025,25,25.8,39.2,0.38
"Hill, Tim",657612,2025,269,16.4,54.2,0.287
"Pérez, Cionel",672335,2025,110,24.6,45.5,0.308
"Eflin, Zach",621107,2025,309,20.5,50.1,0.327
"Imanaga, Shota",684007,2025,567,24.6,53.8,0.313
"Anderson, Shaun",641312,2025,56,23.8,48.4,0.376
"Rodón, Carlos",607074,2025,789,30.3,45.5,0.285
"Brazobán, Huascar",623211,2025,262,23.9,48.4,0.309
"Alcantara, Sandy",645261,2025,745,20.9,49.5,0.332
"Booser, Cam",592155,2025,143,30.0,47.3,0.326
"Heaney, Andrew",571760,2025,536,19.9,47.5,0.362
"O'Brien, Riley",676617,2025,199,24.6,45.1,0.296
"Birdsong, Hayden",806185,2025,298,28.4,43.7,0.334
"Long, Sam",669674,2025,189,19.1,46.1,0.342
"Palmquist, Carson",687223,2025,175,21.0,43.3,0.378
"Thornton, Trent",663423,2025,180,20.6,49.5,0.339
"Steele, Justin",657006,2025,92,18.5,51.8,0.343
"Winckowski, Josh",670174,2025,52,26.7,50.7,0.381
"Banks, Tanner",621383,2025,267,21.9,50.1,0.303
"Morejon, Adrian",670970,2025,286,23.8,48.0,0.254
"Alexander, Tyler",641302,2025,423,21.5,48.8,0.332
"Díaz, Edwin",621242,2025,258,41.5,47.6,0.247
"Spiers, Carson",686730,2025,60,22.6,43.3,0.404
"Cruz, Steven",674444,2025,189,24.3,50.0,0.289
"Halvorsen, Seth",678020,2025,172,29.4,48.1,0.323
"Kelly, Kevin",687330,2025,171,21.2,46.6,0.381
"Rock, Joe",697812,2025,35,24.6,42.1,0.284
"Paddack, Chris",663978,2025,670,20.7,51.3,0.344
"Johnson, Pierce",572955,2025,238,26.2,44.2,0.297
"Arrighetti, Spencer",681293,2025,156,27.4,43.7,0.356
"Megill, Trevor",656730,2025,192,31.4,49.0,0.281
"Gonsolin, Tony",664062,2025,157,30.3,43.8,0.351
"Núñez, Eduarniel",674384,2025,60,32.4,44.6,0.359
"Wiles, Nathan",686249,2025,7,14.3,58.3,0.424
"Bassitt, Chris",605135,2025,736,23.3,46.8,0.316
"Piña, Robinson",673820,2025,14,19.2,42.6,0.484
"Castillo, Luis F.",622379,2025,41,20.3,44.0,0.391
"Harrison, Kyle",690986,2025,156,25.9,50.5,0.316
"Pearson, Nate",663878,2025,75,19.0,45.0,0.373
"Ashcraft, Graham",668933,2025,284,29.8,50.0,0.29
"Hendriks, Liam",521230,2025,59,29.6,46.6,0.374
"Roberts, Ethan",681799,2025,39,16.4,46.5,0.38
"Raquet, Nick",675919,2025,7,18.2,40.7,0.208
"Ragsdale, Carson",685068,2025,25,16.0,52.6,0.335
"Wynne, Randy",691094,2025,13,10.7,59.6,0.33
"Martin, Chris",455119,2025,173,21.8,55.3,0.302
"Holmes, Grant",656550,2025,492,29.7,48.3,0.329
"Wacha, Michael",608379,2025,716,21.3,50.4,0.316
"Scherzer, Max",453286,2025,358,23.6,50.1,0.332
"Walker, Ryan",676254,2025,266,21.6,43.2,0.304
"Hoffman, Jeff",656546,2025,287,31.6,50.7,0.301
"Pop, Zach",647315,2025,39,15.5,45.7,0.465
"Taillon, Jameson",592791,2025,519,20.8,48.5,0.305
"Avila, Luinder",679883,2025,56,29.1,47.5,0.225
"López, Jorge",605347,2025,105,17.1,49.9,0.354
"Loáisiga, Jonathan",642528,2025,135,26.5,53.3,0.296
"Cox, Austin",680735,2025,102,18.4,47.1,0.369
"Tong, Jonah",804636,2025,87,22.1,43.9,0.342
"Melton, Troy",675512,2025,180,23.3,48.3,0.297
"Lord, Brad",695418,2025,546,21.3,50.0,0.335
"Quantrill, Cal",615698,2025,513,20.2,46.7,0.365
"Strickland, Hunter",519326,2025,91,21.3,50.9,0.309
"Herget, Kevin",643361,2025,56,12.5,48.1,0.324
"Cabrera, Génesis",650893,2025,187,27.1,48.0,0.333
"Chivilli, Angel",683409,2025,275,29.7,50.1,0.356
"Murray, Jayden",681151,2025,47,21.5,52.8,0.302
"Ashby, Aaron",676879,2025,270,27.0,42.0,0.275
"Whitlock, Garrett",676477,2025,293,32.8,53.0,0.261
"Sugano, Tomoyuki",608372,2025,675,18.5,47.0,0.366
"Gilbert, Tyler",656457,2026,32,20.0,44.8,0.45
"Walker, Ryan",676254,2026,155,14.9,42.9,0.323
"Kelly, Kevin",687330,2026,276,23.6,49.4,0.283
"Gausman, Kevin",592332,2026,750,27.7,50.2,0.309
"Cease, Dylan",656302,2026,685,33.3,45.8,0.265
"Chapman, Aroldis",547973,2026,213,30.4,52.0,0.252
"Bautista, Félix",642585,2026,10,52.4,56.8,0.376
"Pérez, Martín",527048,2026,596,21.1,43.0,0.326
"Duarte, Daniel",650960,2026,112,22.5,52.7,0.263
"Johnson, Pierce",572955,2026,206,24.3,46.2,0.335
"McDonald, Trevor",686790,2026,310,21.3,44.5,0.311
"Santana, Dennis",642701,2026,240,26.2,49.2,0.333
"Wells, Tyler",669330,2026,277,30.6,52.3,0.266
"Gasser, Robert",688107,2026,442,22.2,49.8,0.322
"VanWey, Logan",701121,2026,36,25.3,52.1,0.261
"Morris, Andrew",702193,2026,316,22.9,48.6,0.283
"Jobe, Jackson",695549,2026,172,23.5,48.5,0.312
"Stallings, Garrett",668831,2026,51,33.0,46.9,0.169
"Hall, DL",669084,2026,235,27.9,42.1,0.285
"Weisenburger, Jack",674073,2026,50,26.0,50.7,0.246
"Bachman, Sam",696147,2026,210,33.1,43.9,0.308
"Bassitt, Chris",605135,2026,460,20.9,46.4,0.338
"Gervase, Paul",801434,2026,34,28.0,40.3,0.306
"Mahle, Tyler",641816,2026,614,22.9,45.6,0.306
"Mathews, Quinn",687273,2026,190,26.6,45.4,0.299
"Klassen, George",691946,2026,125,31.3,45.6,0.358
"Mize, Casey",663554,2026,528,23.6,47.6,0.297
"Garrett, Braxton",666129,2026,28,23.5,39.5,0.386
"Romero, JoJo",668941,2026,233,21.9,41.7,0.329
"Houser, Adrian",605288,2026,470,18.1,46.3,0.339
"Boyle, Joe",671212,2026,81,24.2,45.2,0.307
"Collyer, Gavin",686560,2026,105,27.1,37.2,0.318
"Faucher, Calvin",676534,2026,288,26.2,42.7,0.293
"Spence, Mitch",687765,2026,56,20.0,45.0,0.361
"Vásquez, Randy",681190,2026,566,19.1,50.5,0.358
"Rodriguez, Grayson",680570,2026,444,23.9,48.8,0.36
"Rajcic, Max",691008,2026,39,23.9,41.1,0.281
"Abel, Mick",690953,2026,93,28.8,49.6,0.349
"Rodón, Carlos",607074,2026,340,30.0,48.0,0.304
"Carrasco, Carlos",471911,2026,73,19.0,55.7,0.432
"Johnson, Seth",686751,2026,146,27.6,46.3,0.336
"Klein, John",804619,2026,19,10.3,47.6,0.352
"Leiter Jr., Mark",643410,2026,144,30.3,46.1,0.316
"Henry, Cole",669371,2026,71,23.3,47.2,0.374
"Whitlock, Garrett",676477,2026,198,31.5,57.3,0.251
"Gore, MacKenzie",669022,2026,741,25.2,48.9,0.311
"Blach, Ty",621389,2026,9,28.6,46.7,0.269
"Lord, Brad",695418,2026,357,19.7,49.8,0.305
"Hentges, Sam",656529,2026,165,27.6,42.6,0.305
"Kittredge, Andrew",552640,2026,215,23.1,53.6,0.308
"Gerber, Joey",680702,2026,34,23.5,39.5,0.309
"Herrin, Tim",682120,2026,236,31.0,46.8,0.301
"Crow, Coleman",689441,2026,85,16.3,51.9,0.34
"Winquest, Cade",685464,2026,48,29.8,41.2,0.22
"Santillan, Tony",663574,2026,191,22.9,43.8,0.385
"Gibson, Cade",806188,2026,219,22.0,44.4,0.29
"Irvin, Jake",663623,2026,446,23.8,46.5,0.346
"Rogers, Trevor",669432,2026,682,24.3,53.0,0.291
"Stewart, Brock",592779,2026,98,28.4,50.3,0.247
"Gose, Anthony",543238,2026,48,25.3,53.2,0.3
"Zerpa, Angel",672582,2026,55,17.8,41.7,0.405
"Muñoz, Andrés",662253,2026,240,39.6,48.0,0.28
"Miller, Bryce",682243,2026,459,25.3,54.0,0.295
"Cavalli, Cade",676917,2026,706,27.4,47.6,0.296
"Natera Jr., Samy",696519,2026,131,35.7,47.8,0.246
"Curtis, Khristian",694753,2026,87,23.5,46.4,0.298
"Kelly, Zack",677161,2026,71,21.1,43.5,0.368
"Miller, Erik",669062,2026,227,35.0,40.1,0.275
"Gusto, Ryan",687473,2026,392,20.7,49.4,0.341
"Schweitzer, Tyler",805326,2026,154,21.3,52.3,0.359
"Ashcraft, Braxton",677952,2026,667,25.6,52.0,0.287
"Guerrero, Tyron",594027,2026,166,24.1,57.3,0.254
"Painter, Andrew",691725,2026,552,25.6,49.2,0.322
"Barco, Hunter",682995,2026,87,16.3,38.5,0.381
"Blewett, Scott",656240,2026,150,26.4,53.6,0.296
"Dobnak, Randy",677976,2026,321,19.1,45.6,0.336
"Lonsway, Seth",675920,2026,11,20.0,45.5,0.201
"Treinen, Blake",595014,2026,130,24.9,48.0,0.343
"Rodriguez, Bradgley",699134,2026,294,30.3,51.8,0.237
"Mills, Wyatt",670090,2026,36,22.6,41.6,0.368
"Springs, Jeffrey",605488,2026,630,22.9,46.4,0.339
"Sugano, Tomoyuki",608372,2026,631,19.1,47.3,0.381
"Ponce, Cody",664074,2026,10,51.7,61.7,0.243
"Ramírez, Yohan",670990,2026,355,27.4,44.3,0.281
"Phillips, Evan",623465,2026,99,25.3,48.2,0.324
"Foley, Jason",671345,2026,109,16.4,43.1,0.311
"Sommers, Drew",805427,2026,166,31.2,49.9,0.229
"Díaz, Edwin",621242,2026,93,24.9,45.1,0.335
"Cuas, Jose",621016,2026,103,27.6,46.1,0.341
"King, Bryan",687911,2026,272,18.1,49.8,0.308
"Drohan, Shane",675660,2026,523,27.1,48.1,0.304
"Seymour, Ian",693855,2026,550,29.4,51.7,0.292
"Aldegheri, Sam",691951,2026,151,20.4,45.7,0.355
"Roycroft, Chris",688297,2026,179,17.2,47.8,0.368
"Antone, Tejay",622088,2026,232,27.7,46.3,0.301
"Trevino, Jose",624431,2026,49,7.7,51.2,0.444
"Stock, Robert",476594,2026,147,24.0,49.1,0.343
"Hollowell, Gavin",668970,2026,62,27.8,42.7,0.351
"Perdomo, Cesar",702885,2026,104,19.9,49.6,0.324
"Booser, Cam",592155,2026,146,28.2,55.3,0.251
"Rea, Colin",607067,2026,581,19.7,46.7,0.354
"Cruz, Fernando",518585,2026,234,39.1,43.6,0.281
"Walker, Taijuan",592836,2026,115,16.8,45.0,0.411
"McGee, Easton",668834,2026,52,18.9,57.6,0.36
"Corbin, Patrick",571578,2026,360,21.1,47.3,0.355
"Scott, Tanner",656945,2026,244,35.0,56.1,0.272
"Anderson, Shaun",641312,2026,93,26.6,45.0,0.391
"Suárez, Albert",544150,2026,247,23.4,49.7,0.32
"Fulmer, Michael",605242,2026,61,36.7,45.5,0.299
"Okert, Steven",595345,2026,261,30.9,50.0,0.274
"Freeland, Kyle",607536,2026,593,22.2,50.9,0.354
"Gage, Matt",657424,2026,126,24.4,47.5,0.352
"Marinaccio, Ron",676760,2026,260,25.3,47.1,0.347
"Burke, Sean",680732,2026,695,25.4,48.7,0.303
"Yarbrough, Ryan",642232,2026,256,23.5,47.5,0.284
"Glasnow, Tyler",607192,2026,288,32.1,42.3,0.263
"Bubic, Kris",663460,2026,222,26.4,47.9,0.316
"King, Michael",650633,2026,757,24.5,46.5,0.322
"Knack, Landon",689017,2026,50,20.9,48.7,0.311
"Alcantara, Sandy",645261,2026,890,21.0,50.7,0.302
"Duran, Carlos",679922,2026,9,30.0,28.6,0.334
"Joyce, Ben",690829,2026,61,31.5,41.7,0.301
"Brzykcy, Zach",694350,2026,12,16.7,37.5,0.304
"Payamps, Joel",606303,2026,36,22.9,46.4,0.377
"Perales, Luis",691384,2026,60,33.6,50.0,0.394
"Liberatore, Matthew",669461,2026,674,23.9,46.2,0.341
"Lucchesi, Joey",664192,2026,24,17.1,36.9,0.43
"Minter, A.J.",621345,2026,182,23.8,52.2,0.3
"Morales, Luis",806960,2026,90,18.5,43.6,0.407
"Severino, Luis",622663,2026,271,23.0,47.6,0.318
"Hancock, Emerson",676106,2026,566,23.7,51.9,0.308
"Miller, Bobby",676272,2026,24,20.5,39.0,0.449
"Weiss, Ryan",680802,2026,131,23.7,44.5,0.379
"Gilbert, Logan",669302,2026,737,30.4,50.4,0.297
"Ross, Dylan",697811,2026,3,16.7,54.5,0.108
"Gordon, Colton",676467,2026,70,16.4,49.3,0.371
"Alvarez, Andrew",674841,2026,450,26.2,44.1,0.31
"Sanders, Cam",676742,2026,128,37.3,44.7,0.31
"Samaniego, Tyler",701719,2026,90,21.6,44.3,0.335
"Heuer, Codi",676051,2026,46,25.3,43.9,0.335
"Sandlin, Nick",680704,2026,40,31.1,38.9,0.377
"Corniell, Jose",692030,2026,28,26.9,50.0,0.365
"Barnett, Mason",686930,2026,229,22.3,43.3,0.343
"Díaz, Yilber",700270,2026,34,22.2,43.2,0.475
"Wilson, Bryse",669060,2026,145,18.1,53.8,0.303
"Fuentes, Didier",800311,2026,291,30.3,52.6,0.266
"Dobbins, Hunter",690928,2026,231,23.1,44.5,0.306
"Lopez, Jacob",682052,2026,529,24.2,46.1,0.296
"Rodríguez, Manuel",655889,2026,24,26.7,46.9,0.341
"Murray, Jayden",681151,2026,79,27.7,48.7,0.363
"Black, Mason",696131,2026,142,18.5,41.7,0.387
"Morgan, David",688158,2026,153,30.9,50.5,0.302
"Henderson, Logan",701656,2026,371,26.5,53.2,0.257
"Keller, Brian",662144,2026,11,16.0,64.1,0.361
"Moll, Sam",594580,2026,257,22.6,42.1,0.324
"Suarez, José",660761,2026,277,26.7,48.7,0.317
"Winn, Keaton",676775,2026,176,23.0,47.4,0.308
"Matthews, Zebby",805673,2026,545,22.7,47.5,0.321
"Iglesias, Raisel",628452,2026,235,30.1,52.4,0.287
"Borucki, Ryan",621366,2026,104,28.2,49.5,0.31
"Sinclair, Jack",695378,2026,38,16.1,46.6,0.309
"Garcia, Robert",676395,2026,65,25.0,43.1,0.292
"Brash, Matt",666374,2026,64,32.1,40.5,0.316
"Hedges, Austin",595978,2026,20,6.9,52.7,0.24
"Garcia, Rico",670329,2026,265,31.9,49.0,0.265
"Ullola, Miguel",699044,2026,58,27.9,47.7,0.24
"Mederos, Victor",682989,2026,140,29.7,48.9,0.294
"Burgos, Raymond",670103,2026,76,18.5,52.1,0.285
"Ribalta, Orlando",687377,2026,178,26.7,51.5,0.296
"Harrison, Kyle",690986,2026,498,27.6,48.4,0.309
"Way, Beck",694360,2026,105,25.9,44.7,0.341
"Lodolo, Nick",666157,2026,462,21.3,45.5,0.379
"Raquet, Nick",675919,2026,17,6.3,42.7,0.416
"Blalock, Bradley",687134,2026,35,19.5,52.7,0.339
"Dreyer, Jack",676263,2026,254,28.3,48.5,0.29
"Walston, Blake",686796,2026,13,33.3,35.7,0.323
"Strider, Spencer",675911,2026,165,30.7,46.6,0.29
"Banks, Tanner",621383,2026,171,23.1,49.5,0.317
"Yates, Kirby",489446,2026,172,28.5,52.3,0.286
"Assad, Javier",665871,2026,370,15.2,44.3,0.329
"Dotel, Wilber",696062,2026,167,24.9,48.1,0.296
"Macko, Adam",671936,2026,145,28.2,47.2,0.343
"Murdock, Noah",668716,2026,15,23.1,40.6,0.259
"Blackburn, Paul",621112,2026,330,23.0,46.0,0.296
"Trivino III, Lou",642152,2026,36,31.7,43.8,0.33
"Arrighetti, Spencer",681293,2026,492,25.5,42.0,0.349
"Allard, Kolby",663465,2026,45,17.4,52.0,0.385
"Nance, Tommy",667297,2026,255,26.4,47.6,0.32
"Peralta, Freddy",642547,2026,708,26.2,47.7,0.302
"Castaño, Blas",680604,2026,111,18.6,46.7,0.367
"Feltner, Ryan",663372,2026,531,23.3,49.1,0.339
"Espada, Jose",664744,2026,4,14.3,46.7,0.34
"Smith, Burch",572143,2026,73,22.7,46.0,0.287
"Ríos, Yacksel",605441,2026,5,33.3,46.2,0.335
"Hanifee, Brenan",669724,2026,93,14.4,45.5,0.37
"Rodríguez, José",692064,2026,16,40.0,44.1,0.264
"Burkhalter, Blake",686628,2026,5,40.0,43.5,0.395
"Baker, Bryan",641329,2026,241,27.4,52.5,0.272
"Lambert, Peter",663567,2026,656,25.5,48.7,0.298
"Wesneski, Hayden",669713,2026,219,22.6,48.8,0.304
"Gamboa, Alec",687941,2026,121,17.2,51.9,0.26
"Ashcraft, Graham",668933,2026,143,30.8,45.5,0.294
"Manaea, Sean",640455,2026,627,22.5,50.4,0.335
"Krook, Matt",640454,2026,46,25.7,41.3,0.411
"McGreevy, Michael",700241,2026,677,20.2,44.7,0.35
"Peguero, Joel",666711,2026,48,18.1,55.6,0.255
"Espino, Daniel",682982,2026,62,37.3,48.5,0.277
"Javier, Cristian",664299,2026,276,29.0,51.3,0.334
"Curvelo, Luis",681168,2026,54,21.8,54.0,0.387
"Bello, Brayan",678394,2026,488,24.7,49.8,0.34
"Woods Richardson, Simeon",680573,2026,303,18.5,42.3,0.368
"Farris, Mitch",815083,2026,247,28.3,44.3,0.335
"Mlodzinski, Carmen",669387,2026,525,20.8,45.3,0.339
"Bivens, Spencer",702352,2026,37,25.0,45.3,0.326
"Imai, Tatsuya",837227,2026,335,32.8,43.7,0.33
"Herget, Kevin",643361,2026,3,0.0,45.5,0.128
"Carrillo, Gerardo",672629,2026,81,28.8,39.6,0.299
"Sulser, Cole",642121,2026,228,27.1,50.8,0.326
"Brieske, Beau",689225,2026,91,21.2,51.5,0.3
"Suarez, Ranger",624133,2026,612,21.7,45.1,0.294
"Akin, Keegan",669211,2026,114,19.3,49.2,0.298
"Headrick, Brent",687396,2026,320,31.9,52.9,0.267
"Kelly, Antoine",681520,2026,4,14.3,38.9,0.454
"Thornton, Zac",804267,2026,337,17.8,52.2,0.325
"Pérez, Cionel",672335,2026,189,24.2,46.5,0.345
"Jax, Griffin",643377,2026,449,30.1,48.2,0.32
"Kilian, Caleb",668873,2026,209,27.9,48.7,0.292
"Pallette, Peyton",688883,2026,97,28.4,39.8,0.356
"Hjerpe, Cooper",687309,2026,55,24.8,44.5,0.302
"Robles, Victor",645302,2026,9,0.0,42.3,0.504
"Bowlan, Jonathan",680742,2026,229,31.3,50.0,0.262
"Barlow, Scott",605130,2026,153,33.1,42.7,0.359
"Herz, DJ",687792,2026,19,27.6,46.0,0.422
"Cellucci, Brendan",676454,2026,23,35.1,42.5,0.275
"Festa, Matt",670036,2026,284,28.0,48.2,0.297
"Webb, Logan",657277,2026,668,21.5,47.6,0.311
"Smith, Hagen",696146,2026,107,36.6,42.4,0.243
"Bolton, Cody",675989,2026,95,19.6,41.7,0.38
"Sandlin, David",689818,2026,167,24.5,45.5,0.307
"Rogers, Tyler",643511,2026,290,14.5,50.1,0.266
"Clarke, Taylor",664199,2026,282,22.5,49.9,0.322
"Blubaugh, AJ",805123,2026,397,28.2,48.7,0.316
"Brubaker, JT",664141,2026,250,20.9,45.0,0.341
"Patrick, Chad",694477,2026,437,26.2,47.7,0.313
"Estrada, Jeremiah",669093,2026,126,31.7,46.9,0.286
"Mattson, Isaac",676755,2026,176,21.0,49.7,0.374
"Skenes, Paul",694973,2026,712,28.2,51.0,0.281
"Alvarado, Elvis",665660,2026,225,31.0,51.0,0.328
"Weaver, Luke",596133,2026,235,30.1,53.1,0.272
"Gibson, Trey",694346,2026,185,21.5,41.8,0.372
"Waldrep, Hurston",694462,2026,56,23.3,40.0,0.359
"Rojas, Kendry",696070,2026,130,28.1,43.8,0.288
"Anderson, Jack",681252,2026,48,30.5,52.8,0.301
"Fermin, José",820862,2026,235,29.6,49.2,0.331
"Horton, Cade",690990,2026,26,23.3,46.7,0.283
"Sims, Lucas",608371,2026,46,21.6,43.3,0.33
"Megill, Trevor",656730,2026,238,30.9,53.7,0.251
"Thornton, Trent",663423,2026,196,20.6,48.9,0.339
"Olds, Wyatt",681544,2026,64,32.8,50.4,0.282
"Verlander, Justin",434378,2026,19,15.4,48.8,0.474
"Franco, Jose",683742,2026,92,20.6,44.5,0.347
"Lorenzen, Michael",547179,2026,619,18.0,44.5,0.372
"Mejia, Juan",675848,2026,316,24.1,46.9,0.329
"Monteverde, Patrick",687287,2026,18,10.8,56.9,0.307
"Lee, Dylan",669276,2026,259,35.6,52.7,0.252
"Hurter, Brant",676428,2026,137,20.3,43.4,0.3
"Vest, Will",676684,2026,116,27.5,48.1,0.307
"Tolman, Erik",680899,2026,61,28.1,50.4,0.296
"Burke, Brock",656271,2026,314,28.7,45.8,0.296
"Misiorowski, Jacob",694819,2026,646,37.2,51.3,0.223
"Baumler, Carter",691945,2026,27,30.0,42.7,0.359
"Martinez, Seth",661527,2026,6,36.4,50.0,0.36
"Mushinski, Parker",656786,2026,34,12.1,41.7,0.39
"Edwards Jr., Carl",605218,2026,25,51.2,43.4,0.258
"Hoffman, Jeff",656546,2026,292,38.0,49.7,0.283
"Yoho, Craig",684974,2026,160,28.6,45.9,0.311
"Foster, Cameron",671382,2026,49,27.9,45.5,0.336
"Drake, Kohl",684442,2026,95,22.0,44.0,0.412
"Abreu, Bryan",650556,2026,268,33.8,42.2,0.312
"Eovaldi, Nathan",543135,2026,595,29.7,51.9,0.319
"Skubal, Tarik",669373,2026,597,31.1,53.3,0.271
"Brito, Jhony",666745,2026,35,27.8,58.5,0.285
"Zimmermann, Bruce",669145,2026,21,10.3,40.3,0.261
"Ginkel, Kevin",656464,2026,269,29.4,50.2,0.294
"Rasmussen, Drew",656876,2026,669,25.1,50.1,0.271
"Rutledge, Jackson",671131,2026,12,34.8,52.3,0.418
"Sproat, Brandon",687075,2026,422,25.0,45.6,0.341
"Palmquist, Carson",687223,2026,78,22.5,48.2,0.337
"Brown, Ben",676962,2026,265,27.3,47.1,0.279
"May, Dustin",669160,2026,608,23.0,47.6,0.324
"Fairbanks, Pete",664126,2026,183,31.9,45.0,0.322
"Beeks, Jalen",656222,2026,113,23.4,47.2,0.363
"Doval, Camilo",666808,2026,266,27.6,46.5,0.304
"Gallen, Zac",668678,2026,469,19.0,46.1,0.385
"Gaddis, Hunter",683769,2026,252,30.1,51.4,0.306
"Taylor, Grant",691799,2026,330,29.2,46.4,0.271
"Peoples, Ben",687239,2026,68,24.0,51.8,0.305
"Urquidy, José",664353,2026,150,22.2,51.7,0.285
"Pannone, Thomas",623381,2026,14,10.7,50.0,0.401
"Adams, Mason",690279,2026,124,22.2,47.2,0.343
"Varland, Gus",681402,2026,151,21.6,49.9,0.4
"Smith, Dylan",681916,2026,170,25.2,48.7,0.305
"Herget, Jimmy",623474,2026,237,24.8,47.4,0.325
"Martinez, Nick",607259,2026,706,17.4,50.8,0.305
"Gonsolin, Tony",664062,2026,15,27.3,34.9,0.365
"Pallante, Andre",669467,2026,654,21.1,44.7,0.309
"Peralta, Sammy",671111,2026,102,20.9,45.4,0.363
"Devenski, Chris",606965,2026,38,17.6,50.7,0.334
"Martinez, Justin",679885,2026,47,28.2,40.2,0.207
"Gómez, Yoendrys",672782,2026,294,26.4,46.8,0.358
"Brebbia, John",605154,2026,21,17.0,56.4,0.414
"Hader, Josh",623352,2026,167,34.2,54.0,0.215
"Nikhazy, Doug",680951,2026,9,33.3,30.8,0.291
"Hart, Kyle",606996,2026,261,22.2,43.6,0.29
"Johnson, Ty",694494,2026,28,33.3,48.8,0.261
"Laweryson, Cody",689520,2026,78,20.3,46.6,0.33
"Ferguson, Caleb",657571,2026,150,19.7,45.9,0.334
"Andrews, Tanner",681084,2026,11,22.2,41.9,0.273
"Stanek, Ryne",592773,2026,267,29.7,48.7,0.311
"Roxby, Braxton",694820,2026,18,28.2,51.3,0.255
"Pagán, Emilio",641941,2026,174,25.9,52.0,0.286
"Helsley, Ryan",664854,2026,68,37.9,45.4,0.265
"Rodríguez, Elmer",695684,2026,125,29.3,39.8,0.357
"deGrom, Jacob",594798,2026,645,33.6,51.6,0.284
"Bieber, Shane",669456,2026,242,23.5,43.0,0.368
"Williamson, Brandon",682227,2026,215,24.0,44.2,0.365
"Criswell, Jeff",676105,2026,18,27.0,46.8,0.436
"Kelly, Merrill",518876,2026,704,21.6,49.4,0.377
"Hurt, Kyle",669165,2026,198,34.6,51.8,0.299
"Thielbar, Caleb",573204,2026,206,28.8,51.6,0.332
"Teodo, Emiliano",693713,2026,10,20.0,46.5,0.38
"Mayza, Tim",641835,2026,266,22.6,45.4,0.288
"Castellano, Eiberson",682769,2026,12,31.6,54.3,0.376
"Hernández, Jonathan",642546,2026,109,19.9,43.8,0.321
"Cano, Yennier",666974,2026,203,25.7,44.6,0.283
"Basso, Brady",669620,2026,192,20.3,51.7,0.308
"Muñoz, Roddery",682610,2026,25,43.5,41.1,0.441
"Martin, Trevor",694680,2026,66,22.0,47.6,0.359
"Vodnik, Victor",680767,2026,260,24.7,46.7,0.315
"Pivetta, Nick",601713,2026,140,22.8,47.8,0.277
"Raya, Marco",694397,2026,25,26.2,42.0,0.341
"Bratt, Mitch",683352,2026,194,14.9,47.2,0.312
"Giolito, Lucas",608337,2026,138,24.0,40.8,0.358
"Lee, Chase",695445,2026,42,21.4,38.4,0.312
"Kerkering, Orion",689147,2026,268,26.1,42.0,0.303
"Chandler, Bubba",696149,2026,657,22.1,46.9,0.316
"Leibrandt, Brandon",605335,2026,30,23.4,47.5,0.437
"Pintaro, Jonathan",702752,2026,127,25.8,46.0,0.317
"Cruz, Yovanny",672442,2026,67,25.7,45.4,0.356
"McClanahan, Shane",663556,2026,487,26.8,48.5,0.318
"Abner, Philip",691769,2026,86,18.2,47.3,0.408
"Yean, Eddy",678868,2026,45,14.1,46.4,0.273
"Richards, Trevor",670950,2026,334,21.2,48.7,0.314
"Senga, Kodai",673540,2026,283,29.1,44.4,0.351
"Sanmartin, Reiver",665665,2026,93,22.4,44.1,0.309
"Hopkins, Brody",811315,2026,20,29.0,35.6,0.285
"Wicks, Jordan",696136,2026,50,23.9,51.1,0.322
"Kay, Anthony",641743,2026,689,22.9,47.0,0.342
"Jacob, Alek",689690,2026,23,37.8,51.7,0.272
"Sousa, Bennett",656986,2026,138,31.5,48.7,0.31
"Mikolas, Miles",571945,2026,498,14.5,48.4,0.354
"De los Santos, Yerry",660787,2026,84,16.2,48.9,0.308
"Schultz, Paxton",687606,2026,153,18.7,44.8,0.342
"Martin, Riley",702303,2026,32,20.3,50.0,0.25
"Povich, Cade",700249,2026,160,22.6,46.3,0.331
"Márquez, Germán",608566,2026,236,19.0,47.5,0.362
"Messick, Parker",800048,2026,731,25.7,48.5,0.272
"Rom, Drew",680723,2026,72,22.5,42.4,0.335
"Callihan, Tyler",682997,2026,15,0.0,35.8,0.38
"Sullivan, Sean",807743,2026,114,16.2,47.8,0.335
"Zuber, Tyler",676604,2026,175,22.9,47.3,0.301
"Díaz, Jhonathan",646242,2026,6,0.0,36.0,0.457
"Mantiply, Joe",573009,2026,111,16.8,49.4,0.352
"Blanco, Ronel",669854,2026,136,23.9,49.6,0.345
"Morejon, Adrian",670970,2026,348,34.1,52.7,0.236
"Hagenman, Justin",663795,2026,16,17.9,45.2,0.413
"Estrada, Lazaro",681751,2026,57,23.8,44.3,0.334
"Strzelecki, Peter",657265,2026,61,17.0,42.2,0.294
"Svanson, Matt",694335,2026,207,18.8,48.7,0.369
"Thompson, Ryan",657044,2026,186,19.2,48.6,0.311
"Seymour, Carson",693313,2026,134,22.7,46.7,0.385
"Lange, Alex",656638,2026,270,27.8,46.8,0.349
"Kerry, Brett",695049,2026,54,26.7,49.5,0.27
"Henriquez, Edgardo",683618,2026,242,30.3,49.1,0.244
"De León, Luis",801725,2026,36,15.3,46.8,0.226
"Waldron, Matt",663362,2026,194,17.8,49.6,0.291
"Englert, Mason",669438,2026,179,24.2,52.6,0.373
"Whisenhunt, Carson",687931,2026,164,28.2,45.4,0.368
"Beeter, Clayton",690925,2026,209,28.2,44.5,0.334
"Weissert, Greg",669711,2026,248,24.0,49.9,0.294
"McCambley, Zach",685112,2026,54,28.4,47.4,0.392
"Martin, Chris",455119,2026,66,15.9,53.2,0.408
"Wilkinson, Matt",683363,2026,99,18.8,44.5,0.277
"Bazardo, Eduard",660825,2026,287,21.9,45.0,0.336
"Rangel, Alan",660604,2026,123,24.4,50.1,0.317
"Harris, Hogan",663687,2026,308,25.4,43.1,0.297
"Bednar, David",670280,2026,274,30.8,53.6,0.262
"Kinley, Tyler",641755,2026,229,27.4,44.8,0.285
"Oviedo, Johan",670912,2026,18,13.5,51.4,0.484
"Shugart, Chase",663767,2026,216,23.8,40.7,0.303
"Prielipp, Connor",687570,2026,535,23.6,47.8,0.306
"Bender, Anthony",669622,2026,140,24.0,40.3,0.253
"Pérez, Eury",691587,2026,631,28.7,50.9,0.315
"Davis, Tyler",699823,2026,126,22.9,52.2,0.288
"Beck, Brendan",694341,2026,34,33.3,42.3,0.435
"Halvorsen, Seth",678020,2026,141,21.0,48.3,0.375
"Waguespack, Jacob",621097,2026,177,25.4,46.8,0.268
"Karinchak, James",675916,2026,37,26.6,39.5,0.268
"Weathers, Ryan",677960,2026,568,27.0,44.8,0.319
"Strowd, Kade",669704,2026,14,0.0,28.8,0.496
"Nardi, Andrew",677053,2026,99,30.4,47.9,0.348
"Bowden, Ben",641386,2026,8,14.3,35.0,0.538
"Woodruff, Brandon",605540,2026,174,23.6,51.0,0.263
"Poulin, PJ",676571,2026,153,16.9,40.0,0.353
"Harvey, Hunter",640451,2026,18,20.0,46.1,0.345
"Duran, Jhoan",661395,2026,230,35.4,52.5,0.226
"Weiman, Blake",676620,2026,74,24.3,50.7,0.271
"Leiter, Jack",683004,2026,355,25.4,47.9,0.336
"McLean, Nolan",690997,2026,747,23.6,44.3,0.294
"Rodriguez, Eduardo",593958,2026,788,21.9,48.9,0.318
"Adams, Blake",687060,2026,9,17.6,45.9,0.698
"Seelinger, Matt",676910,2026,15,29.2,46.2,0.409
"Bradford, Cody",674003,2026,187,17.8,50.1,0.344
"Tong, Jonah",804636,2026,114,26.9,50.2,0.284
"Pecko, Ethan",814490,2026,130,20.8,45.5,0.34
"Roupp, Landen",694738,2026,657,24.4,43.5,0.302
"Winn, Cole",668390,2026,215,27.7,53.6,0.337
"Fleming, Josh",676596,2026,18,13.5,48.1,0.47
"Hernández, Elieser",622694,2026,50,27.5,44.8,0.272
"Sears, JP",676664,2026,143,20.7,47.4,0.345
"Hendrickson, Josh",681973,2026,8,42.9,45.2,0.201
"Young, Danny",664849,2026,65,24.7,33.6,0.391
"Van Eyk, CJ",669310,2026,55,15.9,50.2,0.395
"Vaughn, Andrew",683734,2026,26,17.2,34.5,0.549
"Emanuel, Kent",592288,2026,23,20.9,44.8,0.308
"Raley, Brooks",548384,2026,220,23.8,46.6,0.306
"Muñoz, Rolddy",691548,2026,12,33.3,42.9,0.426
"Peterson, Austin",804926,2026,8,35.7,45.2,0.137
"Lazar, Max",676661,2026,38,19.4,48.6,0.308
"Martin, Davis",663436,2026,610,23.4,48.3,0.33
"Klein, Will",694361,2026,189,23.9,43.3,0.289
"Crochet, Garrett",676979,2026,138,24.0,49.0,0.344
"Manfredi, Mark",815081,2026,68,24.6,42.2,0.332
"Aguiar, Julian",687924,2026,14,12.0,46.3,0.251
"Backhus, Kyle",679775,2026,94,19.6,43.2,0.308
"Aleman, Franco",680916,2026,103,26.7,45.7,0.324
"Garcia, Julian",670062,2026,179,27.7,46.2,0.267
"Cantillo, Joey",676282,2026,687,29.1,44.4,0.308
"Little, Luke",681432,2026,5,30.0,52.6,0.527
"Murphy, Chris",669684,2026,150,30.1,50.3,0.303
"Waldichuk, Ken",686610,2026,40,27.4,41.6,0.397
"Coulombe, Danny",543056,2026,96,17.1,44.0,0.321
"Woodford, Jake",663765,2026,134,20.6,46.0,0.374
"Murphy, Luke",684665,2026,82,21.4,45.3,0.316
"Williams, Gavin",668909,2026,728,33.2,49.0,0.299
"Shook, TJ",669298,2026,36,21.9,47.8,0.328
"Santos, Gregory",666619,2026,22,8.1,43.0,0.376
"Tur, Yunior",814305,2026,66,32.7,44.4,0.435
"Eder, Jake",671109,2026,15,9.1,58.9,0.459
"Bellozo, Valente",678368,2026,48,29.5,45.9,0.475
"Hicks, Jordan",663855,2026,213,27.8,44.6,0.266
"Webb, Jacob",657097,2026,281,33.3,49.8,0.322
"Sale, Chris",519242,2026,648,30.4,50.7,0.267
"Brazobán, Huascar",623211,2026,263,25.4,49.5,0.291
"Soriano, José",667755,2026,729,28.8,46.7,0.321
"Santos, Winston",692437,2026,9,15.4,39.4,0.387
"Kirby, George",669923,2026,741,22.5,51.9,0.315
"Heasley, Jonathan",669169,2026,19,7.9,59.4,0.479
"Maxwell, Zach",687209,2026,67,16.4,43.7,0.366
"Williams, Devin",642207,2026,181,34.9,51.0,0.282
"Paddack, Chris",663978,2026,267,21.4,50.1,0.342
"Hartlieb, Geoff",664129,2026,112,26.8,49.6,0.297
"Ross, Joe",605452,2026,57,30.0,53.7,0.391
"Pfaadt, Brandon",694297,2026,531,21.5,49.7,0.303
"Rogers, Taylor",573124,2026,270,18.8,42.4,0.314
"Kriske, Brooks",621139,2026,10,22.2,47.4,0.244
"Adams, Travis",701519,2026,239,27.6,48.2,0.314
"Shuster, Jared",694363,2026,44,13.6,39.8,0.311
"Nola, Aaron",605400,2026,737,27.3,46.3,0.312
"Palencia, Daniel",694037,2026,123,27.0,49.7,0.298
"Higgins, P.J.",664731,2026,3,40.0,50.0,0.034
"Perkins, Jack",678022,2026,519,26.4,48.0,0.309
"Dallas, Chad",689149,2026,57,27.8,47.6,0.285
"Cerantola, Eric",672021,2026,28,40.5,30.3,0.402
"Rincon, Hancel",684516,2026,11,13.6,51.2,0.599
"Holderman, Colin",670059,2026,222,27.0,44.3,0.303
"Silseth, Chase",681217,2026,267,32.5,47.1,0.304
"Kahnle, Tommy",592454,2026,43,17.4,51.2,0.381
"Lavender, Nate",681320,2026,73,25.8,49.4,0.236
"Cruz, Steven",674444,2026,246,28.6,53.0,0.31
"Thompson, Keegan",624522,2026,57,21.6,49.7,0.407
"Lawrence, Justin",664875,2026,177,26.3,40.6,0.38
"Montero, Keider",672456,2026,625,18.4,47.7,0.29
"Cabrera, Edward",665795,2026,350,26.5,47.7,0.352
"Kempner, William",687531,2026,50,34.1,45.7,0.306
"King, John",667463,2026,197,21.7,47.2,0.31
"Miles, Spencer",693686,2026,381,18.8,47.7,0.267
"Watson, Ryan",670245,2026,307,25.5,49.2,0.331
"Hughes, Gabriel",687312,2026,283,20.7,47.9,0.305
"Peterson, David",656849,2026,644,22.4,46.3,0.334
"Hanner, Bradley",690440,2026,34,15.9,49.2,0.361
"Strahm, Matt",621381,2026,161,23.2,49.8,0.316
"Martin, Corbin",656686,2026,25,34.0,47.7,0.396
"Eisert, Brandon",685126,2026,185,30.3,46.0,0.287
"Jameson, Drey",686753,2026,86,27.1,47.1,0.341
"Flaherty, Jack",656427,2026,389,27.1,45.1,0.323
"Estes, Joey",683155,2026,34,24.6,52.0,0.396
"Rucker, Michael",621074,2026,179,24.9,46.7,0.311
"Burns, Chase",695505,2026,630,32.0,48.9,0.279
"Santa, Alimber",695001,2026,59,18.5,45.4,0.267
"Ashby, Aaron",676879,2026,377,31.7,40.4,0.271
"Alexander, Tyler",641302,2026,304,20.7,46.6,0.279
"Fisher, Braydon",680755,2026,305,28.3,43.7,0.317
"Eflin, Zach",621107,2026,17,35.3,45.9,0.307
"Lynch IV, Daniel",663738,2026,334,22.5,46.6,0.327
"Fried, Max",608331,2026,434,25.0,46.0,0.246
"Keller, Mitch",656605,2026,503,20.5,47.4,0.355
"Phillips, Tyler",663969,2026,538,26.4,45.8,0.332
"Sabrowski, Erik",681870,2026,199,31.5,46.1,0.253
"Manoah, Alek",666201,2026,39,19.7,37.9,0.379
"Bruihl, Justin",677865,2026,337,18.1,45.6,0.323
"Kochanowicz, Jack",686799,2026,296,23.6,45.2,0.358
"Hoffmann, Andrew",694851,2026,59,19.1,38.7,0.336
"Boyd, Matthew",571510,2026,520,22.3,49.2,0.33
"Herrera, Welinton",700327,2026,10,19.0,46.7,0.334
"Ferguson, Tyler",621053,2026,78,28.5,49.1,0.324
"Teng, Kai-Wei",678906,2026,329,26.3,43.9,0.339
"Legumina, Casey",668984,2026,300,20.9,52.1,0.315
"Tiedemann, Ricky",694357,2026,29,33.3,34.1,0.347
"Barnes, Charlie",656212,2026,63,15.1,42.8,0.403
"Gray, Peyton",682608,2026,249,25.4,50.1,0.292
"Hudson, Bryan",663542,2026,274,23.4,48.1,0.275
"Schlittler, Cam",693645,2026,761,29.4,52.0,0.262
"Gil, Luis",661563,2026,124,19.7,40.9,0.362
"Murphy, Owen",702566,2026,56,19.2,56.6,0.404
"Wheeler, Zack",554430,2026,622,31.4,50.0,0.265
"Wiemer, Joey",686894,2026,16,0.0,40.0,0.473
"Kuhnel, Joel",669270,2026,195,22.4,46.2,0.369
"Detmers, Reid",672282,2026,718,28.9,49.4,0.279
"Dollander, Chase",801403,2026,189,28.0,48.0,0.307
"Kelly, Antwone",699008,2026,71,17.0,51.3,0.334
"Ureña, Walbert",700712,2026,625,27.7,46.8,0.281
"Rodriguez, Carlos",692230,2026,42,26.4,50.0,0.282
"Ahlstrom, Robby",695239,2026,164,25.6,47.7,0.319
"Snelling, Robby",702281,2026,22,28.6,48.8,0.372
"Slaten, Justin",686580,2026,137,25.2,50.8,0.266
"Kelly, Michael",547184,2026,32,24.1,44.6,0.436
"Funderburk, Kody",681892,2026,218,22.2,44.1,0.299
"Rashi, Taylor",688497,2026,26,33.3,51.1,0.359
"Kolek, Stephen",663568,2026,224,19.8,48.3,0.303
"Dion, Will",702021,2026,193,27.6,50.9,0.284
"Young, Brandon",687064,2026,650,23.8,49.3,0.319
"Leasure, Jordan",673929,2026,78,26.5,51.8,0.406
"Yesavage, Trey",702056,2026,393,30.1,47.3,0.284
"Little, Brendon",663893,2026,129,41.2,41.8,0.286
"Snell, Blake",605483,2026,157,35.9,49.5,0.228
"Soriano, George",666277,2026,290,29.0,48.0,0.327
"Cornelio, Riley",683000,2026,153,34.8,47.4,0.31
"Mey, Luis",682825,2026,155,31.4,41.8,0.332
"Cleavinger, Garrett",664076,2026,181,28.3,47.7,0.317
"Sands, Cole",663485,2026,56,23.3,49.3,0.364
"Spiers, Carson",686730,2026,17,23.5,54.8,0.392
"Weston, Cameron",687721,2026,3,12.5,47.1,0.381
"Paez, Jedixson",699151,2026,39,18.1,47.4,0.504
"McDermott, Chayce",694646,2026,36,23.6,46.5,0.336
"Canning, Griffin",656288,2026,377,25.9,45.1,0.328
"Castro, Kervin",665645,2026,23,25.0,51.1,0.235
"Alexander, Jason",669920,2026,84,20.3,44.5,0.332
"Johnson, Ryan",696270,2026,410,23.6,46.5,0.337
"Romano, Jordan",605447,2026,147,28.3,45.3,0.292
"Rodríguez, Yariel",684320,2026,45,15.7,40.7,0.402
"Yan, Jefry",642376,2026,86,36.4,46.7,0.317
"Quantrill, Cal",615698,2026,443,19.6,48.1,0.303
"Junk, Janson",676083,2026,505,15.2,48.7,0.317
"Parker, Mitchell",680730,2026,178,28.1,50.3,0.347
"Curry, Xzavion",675540,2026,94,17.6,45.7,0.341
"Erceg, Lucas",668674,2026,218,21.1,47.4,0.332
"Cook, Alex",702047,2026,24,22.5,40.8,0.222
"Tidwell, Blade",694918,2026,235,23.1,44.3,0.317
"Gordon, Tanner",685299,2026,473,21.7,52.5,0.345
"Wacha, Michael",608379,2026,786,21.8,48.9,0.307
"Gray, Josiah",680686,2026,11,11.8,42.5,0.232
"Bigge, Hunter",685801,2026,85,25.9,43.6,0.311
"O'Brien, Riley",676617,2026,276,26.8,44.3,0.34
"López, Reynaldo",625643,2026,346,22.3,45.5,0.335
"Cosgrove, Tom",676680,2026,74,16.8,51.1,0.32
"Quintana, Jose",500779,2026,199,20.9,47.4,0.359
"Smith, Cade",671922,2026,293,34.6,49.5,0.261
"Simpson, Josh",681006,2026,38,20.3,41.8,0.369
"Banda, Anthony",607455,2026,156,26.7,44.9,0.325
"Ryan, Joe",657746,2026,588,25.8,50.0,0.298
"Warren, Austin",681810,2026,210,27.5,40.1,0.321
"Holton, Tyler",663947,2026,300,23.4,46.9,0.301
"Burgos, Juan",686228,2026,17,10.3,54.7,0.274
"Pagés, Pedro",686780,2026,7,0.0,62.5,0.584
"Gonzalez, Domingo",682445,2026,36,19.7,47.3,0.453
"Morillo, Juan",666661,2026,258,29.6,49.5,0.243
"Elder, Bryce",693821,2026,633,21.6,46.3,0.313
"Yamamoto, Yoshinobu",808967,2026,708,27.9,49.6,0.266
"Hoppe, Alex",695380,2026,186,25.7,46.6,0.3
"Keller, Brad",641745,2026,135,22.5,45.0,0.284
"Marte, Yunior",805074,2026,83,18.6,44.9,0.336
"Hill, Jaden",677955,2026,177,28.0,48.4,0.307
"Burrows, Mike",681347,2026,423,21.6,49.3,0.335
"Burnes, Corbin",669203,2026,47,28.4,48.0,0.389
"Law, Derek",571882,2026,34,20.6,43.9,0.364
"Bernardino, Brennan",657514,2026,261,22.2,46.0,0.295
"Straw, Myles",664702,2026,20,8.0,46.3,0.365
"Ekness, Josh",694795,2026,131,21.5,42.6,0.309
"Soroka, Michael",647336,2026,454,23.1,49.7,0.311
"Anderson, Kade",807739,2026,131,23.5,54.8,0.308
"Medina, Luis",665622,2026,313,32.4,43.6,0.3
"Graceffo, Gordon",700669,2026,316,21.1,45.8,0.323
"Brogdon, Connor",641401,2026,70,26.1,49.1,0.345
"Beck, Tristan",663941,2026,72,16.8,49.1,0.316
"Jump, Gage",695611,2026,437,25.2,48.3,0.329
"Kent, Jackson",800600,2026,170,23.8,45.3,0.353
"Enns, Dietrich",608650,2026,70,23.1,46.0,0.301
"Tolle, Payton",801139,2026,603,27.9,55.1,0.255
"Jansen, Kenley",445276,2026,177,26.4,49.0,0.297
"France, J.P.",641585,2026,31,15.1,45.3,0.42
"Fulton, Dax",690978,2026,110,27.1,43.9,0.298
"Cannon, Jonathan",686563,2026,18,30.0,50.0,0.409
"Voth, Austin",608723,2026,56,15.6,44.7,0.402
"Vargas, Carlos",672841,2026,75,17.1,52.8,0.324
"Garcia, Brandyn",805299,2026,187,27.2,43.8,0.222
"Sewald, Paul",623149,2026,215,26.5,51.7,0.315
"Rock, Joe",697812,2026,56,27.0,42.2,0.401
"Scholtens, Jesse",669947,2026,196,20.6,49.8,0.348
"Johnston, Troy",687859,2026,9,10.5,54.3,0.289
"Orze, Eric",679358,2026,189,21.8,43.4,0.313
"Walker, Josh",677020,2026,121,21.1,49.3,0.247
"Myers, Tobias",668964,2026,226,20.0,52.3,0.317
"Hoffman, Nolan",676510,2026,61,22.4,46.4,0.325
"Singer, Brady",663903,2026,725,23.9,44.0,0.368
"Bachar, Lake",669199,2026,352,29.7,45.1,0.289
"Buttó, José",676130,2026,16,40.9,34.9,0.494
"Fernández, Julian",642759,2026,18,27.6,40.8,0.301
"Ritchie, JR",702275,2026,300,23.8,42.1,0.338
"Petty, Chase",695534,2026,139,19.6,48.2,0.361
"Maton, Phil",664208,2026,136,25.7,47.1,0.389
"Kingham, Nolan",663884,2026,6,25.0,36.4,0.333
"Irvin, Cole",608344,2026,30,18.2,53.9,0.39
"Uribe, Abner",682842,2026,230,26.5,42.9,0.26
"Simpson, Jared",688692,2026,20,16.1,33.3,0.431
"Solesky, Chase",686678,2026,17,9.1,37.9,0.353
"Petersen, Michael",656848,2026,264,30.5,50.6,0.284
"Richardson, Lyon",680689,2026,16,32.0,36.8,0.478
"Junis, Jakob",596001,2026,226,18.1,46.5,0.318
"Velasquez, Vince",592826,2026,11,14.3,48.8,0.154
"Suter, Brent",608718,2026,367,23.2,46.6,0.307
"Brown, Hunter",686613,2026,427,27.2,42.5,0.279
"Granillo, Andre",701552,2026,50,9.5,37.4,0.394
"Acton, Garrett",670183,2026,51,36.6,45.8,0.317
"Scott, Christian",681035,2026,474,27.0,49.5,0.297
"Civale, Aaron",650644,2026,482,20.8,46.1,0.321
"Nunez, Anthony",689296,2026,249,33.1,48.1,0.3
"Fedde, Erick",607200,2026,606,18.2,42.4,0.334
"Núñez, Dedniel",673380,2026,69,34.4,60.7,0.306
"Stratton, Hunter",676702,2026,15,16.7,53.6,0.383
"Roberts, Ethan",681799,2026,110,22.6,43.6,0.342
"Davitt, Duncan",701474,2026,25,20.0,45.5,0.376
"Agnos, Zach",688642,2026,407,21.1,50.1,0.349
"Cole, Gerrit",543037,2026,519,21.3,49.2,0.3
"Loáisiga, Jonathan",642528,2026,253,23.2,52.8,0.268
"Baz, Shane",669358,2026,769,21.5,48.2,0.317
"Leahy, Kyle",681517,2026,596,22.7,46.3,0.337
"McCullers Jr., Lance",621121,2026,195,27.9,41.6,0.328
"Pushard, Matt",690155,2026,32,16.0,41.7,0.347
"Matsui, Yuki",673513,2026,259,33.2,47.3,0.271
"Saucedo, Tayler",642048,2026,86,36.4,47.9,0.259
"Milner, Hoby",571948,2026,169,18.6,45.5,0.35
"Peralta, Wandy",593974,2026,315,22.1,51.3,0.316
"Grove, Michael",675627,2026,28,28.9,50.6,0.423
"Meyer, Max",676974,2026,462,28.6,46.7,0.304
"Mears, Nick",683232,2026,83,18.7,44.0,0.382
"Anderson, Drew",623454,2026,457,27.0,49.2,0.305
"Kranick, Max",668820,2026,94,23.3,47.9,0.369
"Adam, Jason",592094,2026,137,28.3,53.4,0.285
"Davila, Nick",689546,2026,119,15.8,45.5,0.341
"Montgomery, Jordan",656756,2026,94,21.5,47.1,0.281
"Finnegan, Kyle",640448,2026,270,25.2,47.5,0.362
"Zeferjahn, Ryan",666171,2026,303,32.0,42.1,0.273
"Jones, Jared",683003,2026,402,32.6,49.3,0.281
"Anderson, Grant",681982,2026,235,25.4,48.6,0.275
"Holmes, Grant",656550,2026,625,27.3,48.8,0.338
"Cameron, Noah",702070,2026,718,26.3,48.5,0.31
"Kerr, Ray",678061,2026,55,25.8,51.7,0.266
"Sandoval, Patrick",663776,2026,299,25.7,47.2,0.339
"Ramos, Wilkin",678576,2026,15,26.1,37.7,0.459
"Sasaki, Roki",808963,2026,516,29.8,50.2,0.322
"Harris, Trent",805345,2026,85,25.2,42.2,0.218
"Ragans, Cole",666142,2026,151,31.7,45.4,0.344
"Lowder, Rhett",695076,2026,581,19.0,44.0,0.355
"Nicolas, Kyle",693312,2026,42,23.7,29.8,0.434
"Phillips, Connor",683175,2026,140,26.1,39.7,0.378
"Morgan, Eli",669212,2026,91,24.1,46.6,0.399
"Buehler, Walker",621111,2026,633,19.5,45.3,0.315
"Alvarado, José",621237,2026,268,27.3,46.1,0.308
"Ferrer, José A.",678606,2026,288,19.6,50.3,0.305
"Gonzales, Marco",594835,2026,29,17.3,44.1,0.267
"Sisk, Evan",681895,2026,186,26.5,41.1,0.294
"Warren, Will",701542,2026,662,22.1,44.0,0.324
"Topa, Justin",623437,2026,108,16.6,43.7,0.367
"Falter, Bailey",663559,2026,69,18.8,46.5,0.387
"Soto, Gregory",642397,2026,282,27.4,43.2,0.27
"Koenig, Jared",657649,2026,41,20.6,42.2,0.337
"Gastelum, Luis",703725,2026,147,35.9,47.7,0.327
"Nelson, Ryne",669194,2026,366,21.2,54.0,0.351
"Pearson, Nate",663878,2026,191,22.8,45.5,0.316
"Chivilli, Angel",683409,2026,73,32.6,50.5,0.309
"Morán, Jovani",663558,2026,268,32.2,45.8,0.279
"Armstrong, Shawn",542888,2026,147,24.1,48.7,0.307
"Seabold, Connor",657756,2026,113,20.0,47.3,0.308
"Ralston, Jack",667652,2026,69,19.0,37.8,0.315
"Speier, Gabe",642100,2026,187,24.3,51.8,0.296
"Fitzpatrick, Brian",702153,2026,30,23.2,51.4,0.257
"Rivera, Eduardo",700842,2026,44,25.0,45.7,0.296
"Abbott, Andrew",671096,2026,729,22.4,46.0,0.338
"Rolison, Ryan",669020,2026,253,19.6,45.9,0.307
"Pomeranz, Drew",519141,2026,135,17.6,49.8,0.351
"Senzatela, Antonio",622608,2026,310,23.4,49.3,0.311
"Paredes, Mike",702474,2026,154,19.3,49.7,0.348
"Newcomb, Sean",656794,2026,363,23.0,45.5,0.32
"Hill, Tim",657612,2026,241,13.1,49.6,0.325
"Thomas, Connor",671162,2026,107,21.8,46.5,0.328
"Miller, Mason",695243,2026,264,45.4,47.4,0.194
"Avila, Luinder",679883,2026,309,23.9,42.4,0.339
"Imanaga, Shota",684007,2026,702,29.6,51.7,0.301
"Greene, Hunter",668881,2026,121,27.2,53.3,0.325
"Griffin, Foster",656492,2026,721,23.2,48.4,0.32
"Ober, Bailey",641927,2026,535,19.9,49.3,0.325
"Varland, Louis",686973,2026,304,29.1,51.9,0.24
"Gray, Sonny",543243,2026,683,23.1,47.5,0.303
"Molina, Anthony",683627,2026,136,23.2,51.8,0.297
"Schreiber, John",670167,2026,243,20.5,44.5,0.312
"Dodd, Dylan",689266,2026,187,30.0,54.9,0.267
"Go, Woo-Suk",808970,2026,22,25.0,51.2,0.386
"Roa, Christian",685005,2026,43,24.7,45.5,0.415
"De Los Santos, Enyel",660853,2026,301,27.1,53.9,0.286
"Bradley, Taj",671737,2026,748,27.4,47.2,0.307
"Williams, Trevor",592866,2026,113,27.4,48.1,0.311
"Hiraldo, Yaramil",682274,2026,48,38.3,48.7,0.317
"Wrobleski, Justin",680736,2026,571,20.7,50.1,0.328
"Ray, Robbie",592662,2026,702,24.6,46.2,0.335
"Lauer, Eric",641778,2026,466,18.6,51.9,0.342
"Smith, Shane",681343,2026,49,26.0,42.7,0.333
"Morris, Kade",695034,2026,89,18.2,49.4,0.359
"De Jesus, Enmanuel",646241,2026,178,24.2,47.5,0.323
"Kikuchi, Yusei",579328,2026,282,23.9,48.5,0.343
"Bradish, Kyle",680694,2026,669,23.6,45.6,0.324
"Domínguez, Seranthony",622554,2026,257,28.0,46.9,0.297
"Casparius, Ben",676508,2026,23,35.0,40.4,0.385
"Fluharty, Mason",689254,2026,259,29.1,49.3,0.262
"Castillo, Luis",622491,2026,592,23.7,51.8,0.341
"McFarlane, Alex",686934,2026,73,27.9,46.9,0.291
"Wolfram, Grant",664991,2026,223,25.2,48.7,0.289
"Woo, Bryan",693433,2026,710,25.2,53.1,0.296
"Kent, Zak",687849,2026,77,21.1,48.3,0.349
"Latz, Jacob",656641,2026,268,31.5,52.7,0.256
"Zuñiga, Guillo",670871,2026,4,25.0,44.4,0.187
"Uberstine, Tyler",700413,2026,11,30.8,57.8,0.378
"Lugo, Seth",607625,2026,751,18.7,45.8,0.343
"Taillon, Jameson",592791,2026,370,26.5,46.3,0.367
"Bidois, Brandan",684049,2026,80,37.7,48.9,0.363
"Melton, Troy",675512,2026,470,23.4,49.6,0.302
"Vesia, Alex",681911,2026,231,32.8,48.0,0.259
"Cabrera, Jose",703615,2026,119,19.4,44.0,0.339
"Montgomery, Mason",682254,2026,270,32.7,49.3,0.247
"Mautz, Brycen",802408,2026,70,33.6,43.0,0.366
"Schultz, Noah",702273,2026,311,21.1,44.7,0.351
"Lovelady, Richard",663992,2026,165,22.1,45.8,0.352
"Valdez, Framber",664285,2026,758,20.6,46.8,0.321
"Criswell, Cooper",681867,2026,167,20.7,47.5,0.297
"Ginn, J.T.",669372,2026,580,26.7,45.7,0.312
"Cecconi, Slade",677944,2026,525,20.9,46.8,0.334
"Littell, Zack",641793,2026,540,16.2,50.1,0.384
"Holmes, Clay",605280,2026,399,22.1,45.7,0.304
"García, Luis",472610,2026,74,20.9,52.5,0.397
"Hamilton, Ian",641656,2026,23,28.6,45.7,0.342
"Sears, Andrew",808825,2026,82,28.2,46.1,0.299
"Bennett, Jake",687562,2026,441,24.1,54.0,0.286
"Ohtani, Shohei",660271,2026,340,30.4,47.5,0.257
"Wantz, Andrew",681806,2026,20,14.0,53.1,0.463
"Bibee, Tanner",676440,2026,755,23.4,47.1,0.318
"Fernandez, Ryan",681676,2026,100,33.5,48.6,0.291
"Frasso, Nick",693308,2026,96,23.2,48.1,0.325
"Luzardo, Jesús",666200,2026,727,31.9,46.3,0.262
"Rainey, Tanner",663432,2026,31,39.5,33.9,0.317
"Pop, Zach",647315,2026,31,15.4,40.0,0.317
"Early, Connelly",813349,2026,390,23.7,46.9,0.32
"Suarez, Robert",663158,2026,125,23.6,53.9,0.28
"Matz, Steven",571927,2026,339,20.7,47.8,0.343
"Kimbrel, Craig",518886,2026,196,23.1,47.9,0.316
"Allen, Logan",671106,2026,81,19.7,48.3,0.315
"Scherzer, Max",453286,2026,337,20.4,49.4,0.32
"Bummer, Aaron",607481,2026,88,19.5,47.0,0.382
"Bido, Osvaldo",674370,2026,81,23.4,45.7,0.377
"Sánchez, Cristopher",650911,2026,830,31.3,50.3,0.285
"Vanasco, Ricky",676568,2026,40,20.6,40.0,0.399
"Rocker, Kumar",677958,2026,645,26.1,47.9,0.324
"Madden, Ty",680744,2026,180,24.5,49.4,0.273
"Ryan, River",689981,2026,12,33.3,41.9,0.294
"Wilcox, Cole",677961,2026,123,31.4,46.3,0.355
"Juenger, Hayden",696522,2026,81,14.8,46.2,0.371
"Kremer, Dean",665152,2026,341,28.7,46.0,0.324
"Smith-Shawver, AJ",700363,2026,139,21.7,49.7,0.33
"Sterner, Justin",686993,2026,184,29.9,52.1,0.292
"Hernández, Carlos",672578,2026,14,23.1,51.0,0.525
"Bird, Jake",656234,2026,172,27.1,41.3,0.318
"Sheehan, Emmet",686218,2026,472,31.6,50.7,0.292
