pitch_type,game_date,release_speed,release_pos_x,release_pos_z,player_name,batter,pitcher,events,description,spin_dir,spin_rate_deprecated,break_angle_deprecated,break_length_deprecated,zone,des,game_type,stand,p_throws,home_team,away_team,type,hit_location,bb_type,balls,strikes,game_year,pfx_x,pfx_z,plate_x,plate_z,on_3b,on_2b,on_1b,outs_when_up,inning,inning_topbot,hc_x,hc_y,tfs_deprecated,tfs_zulu_deprecated,umpire,sv_id,vx0,vy0,vz0,ax,ay,az,sz_top,sz_bot,hit_distance_sc,launch_speed,launch_angle,effective_speed,release_spin_rate,release_extension,game_pk,fielder_2,fielder_3,fielder_4,fielder_5,fielder_6,fielder_7,fielder_8,fielder_9,release_pos_y,estimated_ba_using_speedangle,estimated_woba_using_speedangle,woba_value,woba_denom,babip_value,iso_value,launch_speed_angle,at_bat_number,pitch_number,pitch_name,home_score,away_score,bat_score,fld_score,post_away_score,post_home_score,post_bat_score,post_fld_score,if_fielding_alignment,of_fielding_alignment,spin_axis,delta_home_win_exp,delta_run_exp,bat_speed,swing_length,miss_distance,estimated_slg_using_speedangle,delta_pitcher_run_exp,hyper_speed,home_score_diff,bat_score_diff,home_win_exp,bat_win_exp,age_pit_legacy,age_bat_legacy,age_pit,age_bat,n_thruorder_pitcher,n_priorpa_thisgame_player_at_bat,pitcher_days_since_prev_game,batter_days_since_prev_game,pitcher_days_until_next_game,batter_days_until_next_game,api_break_z_with_gravity,api_break_x_arm,api_break_x_batter_in,arm_angle,attack_angle,attack_direction,swing_path_tilt,intercept_ball_minus_batter_pos_x_inches,intercept_ball_minus_batter_pos_y_inches
CH,2026-08-09,88.1,-1.9,5.27,"Tatis Jr., Fernando",665487,664299,home_run,hit_into_play,,,,,7.0,Fernando Tatis Jr. homers (11) on a fly ball to left field. Luis Rengifo scores. Freddy Fermin scores.,R,R,R,SD,HOU,X,,fly_ball,2,1,2026,-1.09,0.74,-0.2991199806748765,1.9430559800367924,,650859.0,666023.0,2,4,Bot,31.21,56.19,,,,,6.1630059436415765,-128.16001183047325,-3.347432539296483,-13.290201891668216,25.892488487861804,-23.569388521936645,3.346382874,1.68882874,421.0,110.6,32.0,88.4,2377.0,6.5,823268,673237,572233,514888,670623,665161,664774,662139,666211,54.04,0.969,1.977,2.0,1.0,0.0,3.0,6.0,33,4,Changeup,1,2,1,2,2,4,4,2,Standard,Standard,248.0,0.334,1.638,80.2,8.4,,3.871,-1.638,110.6,-1,-1,0.425,0.425,29,27,29,27,3,2,6,1,9.0,1,2.2,1.09,1.09,34.9,12.727985126459124,-22.07387669965085,31.671111836522,34.68826032254886,46.480214127666194
CH,2026-08-09,88.0,-1.77,5.37,"Tatis Jr., Fernando",665487,664299,,blocked_ball,,,,,14.0,,R,R,R,SD,HOU,B,,,1,1,2026,-1.19,0.65,0.8905718314231885,0.4534539985593451,,650859.0,666023.0,2,4,Bot,,,,,,,8.882668409332059,-127.68245689794172,-6.93107824676624,-14.816428516180927,25.7464391055968,-23.77762226110903,3.346382874,1.68882874,,,,88.2,2438.0,6.5,823268,673237,572233,514888,670623,665161,664774,662139,666211,54.0,,,,,,,,33,3,Changeup,1,2,1,2,2,1,1,2,Standard,Standard,247.0,0.007,0.038,,,,,-0.038,,-1,-1,0.418,0.418,29,27,29,27,3,2,6,1,9.0,1,2.3,1.19,1.19,36.5,,,,,
CH,2026-08-09,88.3,-1.87,5.39,"Tatis Jr., Fernando",665487,664299,,called_strike,,,,,4.0,,R,R,R,SD,HOU,S,,,1,0,2026,-1.17,0.79,-0.7296022041306767,2.350738572865108,,650859.0,666023.0,2,4,Bot,,,,,,,5.225344699860064,-128.5250693186843,-2.790428947353093,-14.088167440994235,26.26551573300287,-23.085993635401607,3.346382874,1.68882874,,,,88.5,2343.0,6.4,823268,673237,572233,514888,670623,665161,664774,662139,666211,54.12,,,,,,,,33,2,Changeup,1,2,1,2,2,1,1,2,Standard,Standard,245.0,-0.007,-0.044,,,,,0.044,,-1,-1,0.425,0.425,29,27,29,27,3,2,6,1,9.0,1,2.13,1.17,1.17,35.0,,,,,
FF,2026-08-09,94.8,-1.82,5.34,"Tatis Jr., Fernando",665487,664299,,ball,,,,,11.0,,R,R,R,SD,HOU,B,,,0,0,2026,-0.39,1.32,-0.9387656762586912,3.685753291808392,,650859.0,666023.0,2,4,Bot,,,,,,,3.1627371595308444,-138.1194259406633,-1.5411371137560557,-5.734297231319462,29.641455327285353,-15.136727615966926,3.346382874,1.68882874,,,,95.1,2185.0,6.3,823268,673237,572233,514888,670623,665161,664774,662139,666211,54.2,,,,,,,,33,1,4-Seam Fastball,1,2,1,2,2,1,1,2,Standard,Standard,196.0,0.004,0.029,,,,,-0.029,,-1,-1,0.421,0.421,29,27,29,27,3,2,6,1,9.0,1,1.2,0.39,0.39,34.1,,,,,
FF,2026-08-09,93.8,-1.91,5.33,"Tatis Jr., Fernando",665487,664299,field_out,hit_into_play,,,,,2.0,Fernando Tatis Jr. flies out to center fielder Daulton Varsho.,R,R,R,SD,HOU,X,8.0,fly_ball,0,0,2026,-0.3,1.24,0.2159074701546328,2.9768471842918283,,657757.0,666023.0,2,2,Bot,110.82,55.4,,,,,6.110595422857104,-136.5773381838728,-2.989049191291537,-5.012814231463333,29.260673381541885,-16.2083330844448,3.346382874,1.68882874,357.0,95.9,32.0,94.2,2176.0,6.4,823268,673237,572233,514888,670623,665161,664774,662139,666211,54.07,0.2,0.362,0.0,1.0,0.0,0.0,5.0,18,1,4-Seam Fastball,1,2,1,2,2,1,1,2,Standard,Standard,201.0,-0.049,-0.285,78.0,7.1,,0.66,0.285,95.9,-1,-1,0.437,0.437,29,27,29,27,2,1,6,1,9.0,1,1.34,0.3,0.3,32.2,12.308709365624656,0.0197167159701083,23.782464131193407,40.83521727618873,35.5712654285189
SI,2026-08-09,93.1,2.64,5.34,"Tatis Jr., Fernando",665487,687911,strikeout,called_strike,,,,,9.0,Fernando Tatis Jr. called out on strikes.,R,R,L,SD,HOU,S,2.0,,3,2,2026,0.96,0.7,0.3409690155720118,1.6893985359542687,,,,2,8,Bot,,,,,,,-8.013646308794128,-135.36300793440316,-4.974117754063955,13.52533475459747,29.024350177118077,-22.672731404666575,3.346382874,1.68882874,,,,93.8,2225.0,6.7,823268,673237,572233,514888,670623,665161,664774,662139,666211,53.8,,0.0,0.0,1.0,0.0,0.0,,63,6,Sinker,7,2,7,2,2,7,7,2,Standard,Standard,150.0,0.0,-0.306,,,,,0.306,,5,5,0.994,0.994,29,27,30,27,1,4,1,1,3.0,1,1.93,0.96,-0.96,34.0,,,,,
SI,2026-08-09,92.1,2.66,5.36,"Tatis Jr., Fernando",665487,687911,,called_strike,,,,,9.0,,R,R,L,SD,HOU,S,,,3,1,2026,0.9,0.71,0.3478952245694181,1.8804692403215817,,,,2,8,Bot,,,,,,,-7.822182516802719,-133.88844770328865,-4.369782578499739,12.46450345914268,28.495186270397756,-22.87136306409762,3.346382874,1.68882874,,,,92.8,2081.0,6.7,823268,673237,572233,514888,670623,665161,664774,662139,666211,53.79,,,,,,,,63,5,Sinker,7,2,7,2,2,7,7,2,Standard,Standard,152.0,0.0,-0.097,,,,,0.097,,5,5,0.994,0.994,29,27,30,27,1,4,1,1,3.0,1,1.98,0.9,-0.9,36.0,,,,,
ST,2026-08-09,83.1,2.83,5.45,"Tatis Jr., Fernando",665487,687911,,ball,,,,,7.0,,R,R,L,SD,HOU,B,,,2,1,2026,-1.1,0.55,-0.2906791398928154,1.663791796773249,,,,2,8,Bot,,,,,,,-4.892273363777852,-120.8944138227277,-3.0305009327987893,-9.621746326993376,25.7691185452526,-26.41882756305105,3.346382874,1.68882874,,,,83.3,2393.0,6.7,823268,673237,572233,514888,670623,665161,664774,662139,666211,53.84,,,,,,,,63,4,Sweeper,7,2,7,2,2,7,7,2,Standard,Standard,287.0,0.0,0.101,,,,,-0.101,,5,5,0.994,0.994,29,27,30,27,1,4,1,1,3.0,1,2.78,-1.1,1.1,35.5,,,,,
SI,2026-08-09,92.8,2.74,5.36,"Tatis Jr., Fernando",665487,687911,,ball,,,,,13.0,,R,R,L,SD,HOU,B,,,1,1,2026,1.02,0.65,-0.9023225907365032,1.2283593855061044,,,,2,8,Bot,,,,,,,-11.511523200802287,-134.68727035043324,-6.02731960789038,14.8436717371593,27.044217528783474,-23.09315400049478,3.346382874,1.68882874,,,,93.3,2155.0,6.6,823268,673237,572233,514888,670623,665161,664774,662139,666211,53.92,,,,,,,,63,3,Sinker,7,2,7,2,2,7,7,2,Standard,Standard,149.0,0.0,0.055,,,,,-0.055,,5,5,0.994,0.994,29,27,30,27,1,4,1,1,3.0,1,1.99,1.02,-1.02,32.5,,,,,
SI,2026-08-09,91.9,2.71,5.44,"Tatis Jr., Fernando",665487,687911,,called_strike,,,,,12.0,,R,R,L,SD,HOU,S,,,1,0,2026,0.95,0.65,0.9521105613115914,2.6553841891511856,,,,2,8,Bot,,,,,,,-6.508983251524391,-133.81469866787938,-2.476252126860331,12.852642915962615,27.543881778098942,-24.022651033402717,3.346382874,1.68882874,,,,92.4,2083.0,6.4,823268,673237,572233,514888,670623,665161,664774,662139,666211,54.08,,,,,,,,63,2,Sinker,7,2,7,2,2,7,7,2,Standard,Standard,151.0,0.0,-0.056,,,,,0.056,,5,5,0.994,0.994,29,27,30,27,1,4,1,1,3.0,1,2.04,0.95,-0.95,33.0,,,,,
ST,2026-08-09,82.9,2.73,5.44,"Tatis Jr., Fernando",665487,687911,,ball,,,,,13.0,,R,R,L,SD,HOU,B,,,0,0,2026,-1.46,0.29,-1.3987120466472782,0.7906347013349881,,,,2,8,Bot,,,,,,,-6.436453275154128,-120.56058143903545,-4.4505557174077754,-12.902976792575007,24.69303297767028,-28.654353682358884,3.346382874,1.68882874,,,,83.3,2454.0,6.7,823268,673237,572233,514888,670623,665161,664774,662139,666211,53.82,,,,,,,,63,1,Sweeper,7,2,7,2,2,7,7,2,Standard,Standard,293.0,0.0,0.041,,,,,-0.041,,5,5,0.994,0.994,29,27,30,27,1,4,1,1,3.0,1,3.05,-1.46,1.46,34.5,,,,,
FF,2026-08-09,95.4,-1.88,6.11,"Tatis Jr., Fernando",665487,805123,double,hit_into_play,,,,,6.0,Fernando Tatis Jr. doubles (25) on a line drive to center fielder Daulton Varsho.,R,R,R,SD,HOU,X,8.0,line_drive,0,0,2026,-1.02,1.44,0.288148497721207,2.620397328528499,,,,2,6,Bot,159.41,57.94,,,,,7.997444443940076,-138.6687998683497,-6.657218291310958,-14.967584592433568,29.81129642912067,-12.274226322684688,3.346382874,1.68882874,384.0,108.2,19.0,95.8,2217.0,6.5,823268,673237,572233,514888,670623,665161,664774,662139,666211,53.99,0.709,0.969,1.25,1.0,1.0,1.0,6.0,48,1,4-Seam Fastball,5,2,5,2,2,5,5,2,Standard,Standard,217.0,0.008,0.567,78.2,7.3,,1.587,-0.567,108.2,3,3,0.898,0.898,25,27,26,27,1,3,2,1,2.0,1,1.06,1.02,1.02,51.2,5.986522957922903,4.144418468109548,24.9565954325554,41.68915397094853,25.476945694222792
FF,2026-08-09,93.3,-1.86,5.53,"Tatis Jr., Fernando",665487,664299,field_out,hit_into_play,,,,,6.0,"Fernando Tatis Jr. grounds out, third baseman Isaac Paredes to first baseman Christian Walker.",R,R,R,SD,HOU,X,5.0,ground_ball,0,1,2026,-0.08,1.37,0.3225086407395188,2.620164600159389,,,,0,1,Bot,102.15,163.84,,,,,5.701607304499389,-135.7137725196192,-4.5965297502448355,-2.219159938582518,29.65293326117011,-14.404094564770814,3.346382874,1.68882874,8.0,89.8,-19.0,93.2,2197.0,6.2,823268,673237,572233,514888,670623,665161,664774,662139,666211,54.27,0.119,0.107,0.0,1.0,0.0,0.0,2.0,4,2,4-Seam Fastball,0,0,0,0,0,0,0,0,Standard,Standard,201.0,-0.019,-0.218,82.3,7.8,,0.131,0.218,89.8,0,0,0.545,0.545,29,27,29,27,1,0,6,1,9.0,1,1.25,0.08,0.08,34.4,11.802655666467206,-16.66387456449502,27.508166049819483,40.967811449497646,41.62342590735124
FF,2026-08-09,93.0,-2.15,5.44,"Tatis Jr., Fernando",665487,664299,,called_strike,,,,,1.0,,R,R,R,SD,HOU,S,,,0,0,2026,-0.47,1.35,-0.4883064268353601,3.138378026603741,,,,0,1,Bot,,,,,,,5.264837892573652,-135.41009338136158,-2.9768354568984408,-6.965387088257493,28.64015671746814,-15.092455989042978,3.346382874,1.68882874,,,,93.0,2223.0,6.2,823268,673237,572233,514888,670623,665161,664774,662139,666211,54.29,,,,,,,,4,1,4-Seam Fastball,0,0,0,0,0,0,0,0,Standard,Standard,202.0,-0.003,-0.041,,,,,0.041,,0,0,0.548,0.548,29,27,29,27,1,0,6,1,9.0,1,1.28,0.47,0.47,32.0,,,,,
CH,2026-08-08,87.8,-2.75,5.65,"Tatis Jr., Fernando",665487,663567,field_error,hit_into_play,,,,,14.0,Fernando Tatis Jr. reaches on a fielding error by shortstop Jeremy Peña. Gavin Sheets scores.,R,R,R,SD,HOU,X,6.0,ground_ball,1,2,2026,-1.23,0.73,0.4849591830724864,1.5204105326771828,657757.0,,,2,4,Bot,114.16,158.62,,,,,10.342091280550395,-127.46678035883814,-5.156125136273013,-15.57833088370988,26.158957854797716,-23.34866120430501,3.346382874,1.68882874,6.0,90.0,-14.0,88.0,1633.0,6.5,823267,543877,572233,514888,670623,665161,666211,662139,701358,53.99,0.126,0.127,0.9,1.0,0.0,0.0,2.0,34,5,Changeup,2,1,2,1,1,3,3,1,Standard,Standard,230.0,0.102,0.778,83.4,8.0,,0.146,-0.778,90.0,1,1,0.665,0.665,29,27,29,27,3,2,6,1,6.0,1,2.24,1.23,1.23,44.8,3.68517531135214,-4.926093298536574,31.66422564796897,43.635306682276095,34.653119647588426
FF,2026-08-08,95.4,-2.28,5.95,"Tatis Jr., Fernando",665487,663567,,foul,,,,,3.0,,R,R,R,SD,HOU,S,,,1,2,2026,-0.5,1.69,0.3978777359805348,3.168344197484653,657757.0,,,2,4,Bot,,,,,,,8.081203648123239,-138.4981506438791,-5.248121288014763,-8.445145795999597,34.90680378407425,-9.525837645518134,3.346382874,1.68882874,120.0,87.5,72.0,94.6,2309.0,6.2,823267,543877,572233,514888,670623,665161,666211,662139,701358,54.26,,,,,,,,34,4,4-Seam Fastball,2,1,2,1,1,2,2,1,Standard,Standard,207.0,0.0,0.0,74.4,7.0,,,0.0,88.0,1,1,0.665,0.665,29,27,29,27,3,2,6,1,6.0,1,0.85,0.5,0.5,51.4,8.69054882258848,10.495640398269169,21.444098736389208,42.76335683106196,23.740607456405726
FF,2026-08-08,94.7,-2.34,5.94,"Tatis Jr., Fernando",665487,663567,,foul,,,,,2.0,,R,R,R,SD,HOU,S,,,1,1,2026,-0.67,1.57,0.0100979078246338,3.055978947668005,657757.0,,,2,4,Bot,,,,,,,7.571942185278685,-137.6427166882548,-5.169934699123541,-10.331146874011088,33.608809939293316,-11.274790361304282,3.346382874,1.68882874,159.0,83.6,65.0,94.3,2371.0,6.3,823267,543877,572233,514888,670623,665161,666211,662139,701358,54.18,,,,,,,,34,3,4-Seam Fastball,2,1,2,1,1,2,2,1,Standard,Standard,204.0,-0.009,-0.061,,,,,0.061,88.0,1,1,0.674,0.674,29,27,29,27,3,2,6,1,6.0,1,1.0,0.67,0.67,48.6,,,,,
SI,2026-08-08,93.9,-2.65,5.75,"Tatis Jr., Fernando",665487,663567,,called_strike,,,,,5.0,,R,R,R,SD,HOU,S,,,1,0,2026,-1.36,1.11,-0.210867285233985,2.2614759413804757,657757.0,,,2,4,Bot,,,,,,,9.276139587027483,-136.32568964572357,-5.5591674648769995,-18.961185877353735,30.36848937438224,-17.250416365324984,3.346382874,1.68882874,,,,93.8,2285.0,6.4,823267,543877,572233,514888,670623,665161,666211,662139,701358,54.14,,,,,,,,34,2,Sinker,2,1,2,1,1,2,2,1,Standard,Standard,210.0,-0.003,-0.034,,,,,0.034,,1,1,0.677,0.677,29,27,29,27,3,2,6,1,6.0,1,1.49,1.36,1.36,43.5,,,,,
CH,2026-08-08,88.0,-2.79,5.75,"Tatis Jr., Fernando",665487,663567,,ball,,,,,13.0,,R,R,R,SD,HOU,B,,,0,0,2026,-1.12,0.71,-0.5151596396770965,1.528143341502013,657757.0,,,2,4,Bot,,,,,,,7.805914338283662,-127.84236251238868,-5.409558112251585,-13.855798420230723,25.28630082272636,-23.41175884786834,3.346382874,1.68882874,,,,88.3,1554.0,6.5,823267,543877,572233,514888,670623,665161,666211,662139,701358,54.05,,,,,,,,34,1,Changeup,2,1,2,1,1,2,2,1,Standard,Standard,231.0,0.001,0.03,,,,,-0.03,,1,1,0.676,0.676,29,27,29,27,3,2,6,1,6.0,1,2.23,1.12,1.12,51.9,,,,,
ST,2026-08-08,83.6,-2.68,5.76,"Tatis Jr., Fernando",665487,663567,single,hit_into_play,,,,,6.0,Fernando Tatis Jr. singles on a ground ball to left fielder Taylor Trammell. Luis Rengifo to 2nd.,R,R,R,SD,HOU,X,7.0,ground_ball,1,1,2026,1.1,0.22,0.717786452561008,2.254196544917518,,,650859.0,2,2,Bot,79.42,123.63,,,,,5.515048506594838,-121.59117552649914,-1.781874852178254,9.525093503465175,27.380238147406253,-29.81684610644772,3.346382874,1.68882874,37.0,86.3,-1.0,83.0,2534.0,6.2,823267,543877,572233,514888,670623,665161,666211,662139,701358,54.26,0.267,0.251,0.9,1.0,1.0,0.0,2.0,19,3,Sweeper,1,1,1,1,1,1,1,1,Standard,Standard,69.0,0.023,0.355,78.0,8.2,,0.282,-0.355,88.0,0,0,0.523,0.523,29,27,29,27,2,1,6,1,6.0,1,3.08,-1.1,-1.1,47.6,12.19549463809042,-15.855788341592095,28.471689058588815,46.238560463403594,36.81632768811052
FF,2026-08-08,94.5,-2.3,5.92,"Tatis Jr., Fernando",665487,663567,,ball,,,,,12.0,,R,R,R,SD,HOU,B,,,0,1,2026,-0.69,1.47,1.1404669939939849,4.050607423452242,,,650859.0,2,2,Bot,,,,,,,10.384084014623228,-137.15257087713908,-2.306471836390766,-11.087880708862649,32.33601758407471,-13.315137026361093,3.346382874,1.68882874,,,,94.0,2242.0,6.3,823267,543877,572233,514888,670623,665161,666211,662139,701358,54.21,,,,,,,,19,2,4-Seam Fastball,1,1,1,1,1,1,1,1,Standard,Standard,209.0,0.003,0.028,,,,,-0.028,,0,0,0.52,0.52,29,27,29,27,2,1,6,1,6.0,1,1.11,0.69,0.69,54.1,,,,,
FF,2026-08-08,94.3,-2.21,5.93,"Tatis Jr., Fernando",665487,663567,,called_strike,,,,,9.0,,R,R,R,SD,HOU,S,,,0,0,2026,-0.7,1.45,0.6208380331074433,2.0621331220477175,,,650859.0,2,2,Bot,,,,,,,8.802419655453535,-136.8483179139536,-7.355979907668145,-10.71898688175626,30.866294251521023,-12.48268144911894,3.346382874,1.68882874,,,,93.9,2295.0,6.2,823267,543877,572233,514888,670623,665161,666211,662139,701358,54.25,,,,,,,,19,1,4-Seam Fastball,1,1,1,1,1,1,1,1,Standard,Standard,212.0,-0.004,-0.041,,,,,0.041,,0,0,0.524,0.524,29,27,29,27,2,1,6,1,6.0,1,1.13,0.7,0.7,49.7,,,,,
FF,2026-08-08,96.6,-2.16,5.06,"Tatis Jr., Fernando",665487,660853,field_out,hit_into_play,,,,,2.0,Fernando Tatis Jr. pops out to first baseman Christian Walker in foul territory.,R,R,R,SD,HOU,X,3.0,popup,1,0,2026,-1.17,1.27,-0.227550223271105,3.0536491031624156,,,,1,7,Bot,157.71,192.59,,,,,7.780653730833164,-140.3835499770467,-2.4922172862704683,-17.279355640576867,35.10640203038343,-15.115866299456515,3.346382874,1.68882874,65.0,75.4,77.0,96.0,2256.0,6.3,823267,673237,572233,514888,670623,665161,676694,662139,701358,54.24,0.009,0.01,0.0,1.0,0.0,0.0,3.0,56,2,4-Seam Fastball,3,1,3,1,1,3,3,1,Standard,Standard,236.0,-0.009,-0.302,78.9,7.0,,0.011,0.302,88.0,2,2,0.877,0.877,30,27,31,27,1,3,4,1,3.0,1,1.2,1.17,1.17,21.0,6.947065359292188,1.3035412169268406,26.133938301731796,35.29954874317447,30.58749033932063
FF,2026-08-08,96.7,-2.14,5.08,"Tatis Jr., Fernando",665487,660853,,ball,,,,,12.0,,R,R,R,SD,HOU,B,,,0,0,2026,-0.99,1.21,1.0923836858791347,3.2189543437414754,,,,1,7,Bot,,,,,,,10.78639202248561,-140.30081609441365,-1.963101651146188,-15.582168412115864,34.131064692016835,-16.07310300824138,3.346382874,1.68882874,,,,96.4,2285.0,6.5,823267,673237,572233,514888,670623,665161,676694,662139,701358,54.05,,,,,,,,56,1,4-Seam Fastball,3,1,3,1,1,3,3,1,Standard,Standard,229.0,0.001,0.041,,,,,-0.041,,2,2,0.876,0.876,30,27,31,27,1,3,4,1,3.0,1,1.26,0.99,0.99,20.7,,,,,
FF,2026-08-08,94.0,-2.25,6.01,"Tatis Jr., Fernando",665487,663567,walk,ball,,,,,3.0,Fernando Tatis Jr. walks.,R,R,R,SD,HOU,B,,,3,1,2026,-0.8,1.29,0.7542361292999429,3.3475211775855778,,,,0,1,Bot,,,,,,,9.47380981983098,-136.5665492412781,-3.8524436049511728,-12.1505261659888,31.70127538365212,-15.398395594307196,3.346382874,1.68882874,,,,93.7,2188.0,6.3,823267,543877,572233,514888,670623,665161,666211,662139,701358,54.19,,0.698418,0.7,1.0,0.0,0.0,,6,5,4-Seam Fastball,0,0,0,0,0,0,0,0,Standard,Standard,209.0,0.021,0.258,,,,,-0.258,,0,0,0.562,0.562,29,27,29,27,1,0,6,1,6.0,1,1.31,0.8,0.8,51.6,,,,,
FF,2026-08-08,91.9,-2.41,5.97,"Tatis Jr., Fernando",665487,663567,,called_strike,,,,,8.0,,R,R,R,SD,HOU,S,,,3,0,2026,-0.75,1.39,0.0964685137589246,1.7219567037495245,,,,0,1,Bot,,,,,,,7.883392348938355,-133.44708812916127,-7.632241691063104,-10.718968130046663,31.287347613554697,-14.073308637920809,3.346382874,1.68882874,,,,91.1,2138.0,6.1,823267,543877,572233,514888,670623,665161,666211,662139,701358,54.36,,,,,,,,6,4,4-Seam Fastball,0,0,0,0,0,0,0,0,Standard,Standard,207.0,-0.007,-0.084,,,,,0.084,,0,0,0.569,0.569,29,27,29,27,1,0,6,1,6.0,1,1.34,0.75,0.75,48.5,,,,,
CH,2026-08-08,86.0,-2.9,5.85,"Tatis Jr., Fernando",665487,663567,,ball,,,,,13.0,,R,R,R,SD,HOU,B,,,2,0,2026,-1.36,0.48,-1.4550819432724589,2.3981177631837993,,,,0,1,Bot,,,,,,,6.177612314427771,-125.1155885017279,-2.696049432976622,-15.5770489150158,25.77279413230687,-26.80743540935367,3.346382874,1.68882874,,,,85.8,1459.0,6.2,823267,543877,572233,514888,670623,665161,666211,662139,701358,54.3,,,,,,,,6,3,Changeup,0,0,0,0,0,0,0,0,Standard,Standard,228.0,0.011,0.148,,,,,-0.148,,0,0,0.558,0.558,29,27,29,27,1,0,6,1,6.0,1,2.61,1.36,1.36,46.2,,,,,
SI,2026-08-08,93.1,-2.79,5.76,"Tatis Jr., Fernando",665487,663567,,ball,,,,,14.0,,R,R,R,SD,HOU,B,,,1,0,2026,-1.43,1.06,0.4950093206736499,1.205809143275456,,,,0,1,Bot,,,,,,,11.47606353949376,-134.9548548882301,-7.959615614710429,-20.05374770369418,29.79851133747167,-17.607479955565513,3.346382874,1.68882874,,,,92.7,2204.0,6.3,823267,543877,572233,514888,670623,665161,666211,662139,701358,54.21,,,,,,,,6,2,Sinker,0,0,0,0,0,0,0,0,Standard,Standard,217.0,0.007,0.082,,,,,-0.082,,0,0,0.551,0.551,29,27,29,27,1,0,6,1,6.0,1,1.6,1.43,1.43,43.3,,,,,
SI,2026-08-08,92.5,-2.85,5.81,"Tatis Jr., Fernando",665487,663567,,ball,,,,,13.0,,R,R,R,SD,HOU,B,,,0,0,2026,-1.63,1.01,-0.7724220092089757,1.2185564389505938,,,,0,1,Bot,,,,,,,8.812050612896675,-134.23195594005546,-7.82067769891176,-21.632019208574015,30.766376576411183,-18.368864660400195,3.346382874,1.68882874,,,,92.0,2200.0,6.3,823267,543877,572233,514888,670623,665161,666211,662139,701358,54.2,,,,,,,,6,1,Sinker,0,0,0,0,0,0,0,0,Standard,Standard,213.0,0.003,0.042,,,,,-0.042,,0,0,0.548,0.548,29,27,29,27,1,0,6,1,6.0,1,1.68,1.63,1.63,48.6,,,,,
SL,2026-08-07,84.1,-1.65,5.79,"Tatis Jr., Fernando",665487,669854,home_run,hit_into_play,,,,,5.0,Fernando Tatis Jr. homers (10) on a fly ball to left field.,R,R,R,SD,HOU,X,,fly_ball,3,1,2026,0.19,0.86,0.0149909724354025,2.7751556325218325,,,,2,5,Bot,17.05,77.9,,,,,3.4658822763460884,-122.39681339672028,-2.110248451589353,1.1956428619445263,25.695342452070246,-23.376678840360576,3.346382874,1.68882874,400.0,107.0,28.0,84.8,1950.0,6.9,823266,673237,572233,514888,670623,665161,662139,676694,701358,53.61,0.946,1.918,2.0,1.0,0.0,3.0,6.0,44,5,Slider,2,4,2,4,4,3,3,4,Standard,Standard,197.0,0.115,2.454,,,,3.753,-2.454,107.0,-2,-2,0.242,0.242,32,27,33,27,3,2,6,1,8.0,1,2.38,-0.19,-0.19,42.5,,,,,
FF,2026-08-07,92.7,-1.2,6.02,"Tatis Jr., Fernando",665487,669854,,ball,,,,,12.0,,R,R,R,SD,HOU,B,,,2,1,2026,-0.55,1.58,0.3441741593320117,3.749210370782512,,,,2,5,Bot,,,,,,,5.195494868139649,-134.85310988252013,-3.3031090490474946,-7.942063049678317,33.51180153700189,-12.519764214444296,3.346382874,1.68882874,,,,93.2,2118.0,6.9,823266,673237,572233,514888,670623,665161,662139,676694,701358,53.57,,,,,,,,44,4,4-Seam Fastball,2,4,2,4,4,2,2,4,Standard,Standard,209.0,0.005,0.101,,,,,-0.101,,-2,-2,0.237,0.237,32,27,33,27,3,2,6,1,8.0,1,1.11,0.55,0.55,50.6,,,,,
FF,2026-08-07,92.1,-1.73,5.73,"Tatis Jr., Fernando",665487,669854,,ball,,,,,11.0,,R,R,R,SD,HOU,B,,,1,1,2026,-0.86,1.38,-0.7300393177357376,3.8896508076812135,,,,2,5,Bot,,,,,,,4.464580257992066,-134.01575201971383,-1.631948942144276,-11.4182321746709,33.77795358488667,-15.624254304891732,3.346382874,1.68882874,,,,92.4,2143.0,6.8,823266,673237,572233,514888,670623,665161,662139,676694,701358,53.67,,,,,,,,44,3,4-Seam Fastball,2,4,2,4,4,2,2,4,Standard,Standard,218.0,0.003,0.055,,,,,-0.055,,-2,-2,0.234,0.234,32,27,33,27,3,2,6,1,8.0,1,1.35,0.86,0.86,39.6,,,,,
FF,2026-08-07,92.1,-1.57,5.84,"Tatis Jr., Fernando",665487,669854,,called_strike,,,,,7.0,,R,R,R,SD,HOU,S,,,1,0,2026,-0.8,1.51,-0.576704064878507,2.1088226112369988,,,,2,5,Bot,,,,,,,4.315035728099084,-133.7936966183739,-6.712592643091662,-10.614198817610442,34.18250787149152,-12.767020956489052,3.346382874,1.68882874,,,,92.3,2238.0,6.9,823266,673237,572233,514888,670623,665161,662139,676694,701358,53.58,,,,,,,,44,2,4-Seam Fastball,2,4,2,4,4,2,2,4,Standard,Standard,204.0,-0.003,-0.056,,,,,0.056,,-2,-2,0.237,0.237,32,27,33,27,3,2,6,1,8.0,1,1.22,0.8,0.8,44.4,,,,,
CH,2026-08-07,83.7,-1.51,5.94,"Tatis Jr., Fernando",665487,669854,,ball,,,,,11.0,,R,R,R,SD,HOU,B,,,0,0,2026,-1.4,0.38,-1.2723442586392664,3.215924143751762,,,,2,5,Bot,,,,,,,3.4127764273898142,-121.74514820383534,-0.2515770942483974,-14.491955462096229,30.25778427359993,-28.682880822632704,3.346382874,1.68882874,,,,83.6,1459.0,6.9,823266,673237,572233,514888,670623,665161,662139,676694,701358,53.63,,,,,,,,44,1,Changeup,2,4,2,4,4,2,2,4,Standard,Standard,242.0,0.002,0.041,,,,,-0.041,,-2,-2,0.235,0.235,32,27,33,27,3,2,6,1,8.0,1,2.95,1.4,1.4,46.7,,,,,
FF,2026-08-07,93.1,-1.12,6.06,"Tatis Jr., Fernando",665487,669854,strikeout,foul_tip,,,,,3.0,Fernando Tatis Jr. strikes out on a foul tip.,R,R,R,SD,HOU,S,2.0,,2,2,2026,-0.48,1.84,0.2799229130987974,3.124949135718418,,,,1,3,Bot,,,,,,,4.66399592124068,-135.33755314740978,-5.65666170031729,-6.9697160127926985,32.75180825442965,-8.554151865392047,3.346382874,1.68882874,,,,93.6,2301.0,6.9,823266,673237,572233,514888,670623,665161,662139,676694,701358,53.64,,0.0,0.0,1.0,0.0,0.0,,26,5,4-Seam Fastball,0,3,0,3,3,0,0,3,Standard,Standard,205.0,-0.014,-0.233,78.7,7.0,,,0.233,,-3,-3,0.21,0.21,32,27,33,27,2,1,6,1,8.0,1,0.82,0.48,0.48,52.5,5.735885968598857,4.680549315208103,27.34298849566894,40.526654779416525,27.95050652401824
FF,2026-08-07,93.8,-1.12,5.97,"Tatis Jr., Fernando",665487,669854,,foul,,,,,9.0,,R,R,R,SD,HOU,S,,,2,1,2026,-0.73,1.73,0.2816940377246394,2.1070160929258503,,,,1,3,Bot,,,,,,,5.26849294325706,-136.30971684716084,-7.913509693962192,-10.297675071131897,33.30884179441732,-9.085595005836002,3.346382874,1.68882874,290.0,93.0,47.0,94.2,2327.0,6.9,823266,673237,572233,514888,670623,665161,662139,676694,701358,53.62,,,,,,,,26,4,4-Seam Fastball,0,3,0,3,3,0,0,3,Standard,Standard,209.0,-0.005,-0.075,83.6,7.8,,,0.075,93.0,-3,-3,0.215,0.215,32,27,33,27,2,1,6,1,8.0,1,0.89,0.73,0.73,49.0,5.468861981312303,-3.9165994136296582,35.543815640039185,40.68560945815713,24.0058028487653
CH,2026-08-07,84.4,-1.36,5.89,"Tatis Jr., Fernando",665487,669854,,swinging_strike,,,,,14.0,,R,R,R,SD,HOU,S,,,2,0,2026,-0.82,0.5,0.9265700795971128,1.6319171457159038,,,,1,3,Bot,,,,,,,6.982277068250914,-122.63721422525128,-4.2827555589184705,-9.778048186699523,26.682554864843706,-26.39422427427698,3.346382874,1.68882874,,,,84.8,1531.0,6.9,823266,673237,572233,514888,670623,665161,662139,676694,701358,53.64,,,,,,,,26,3,Changeup,0,3,0,3,3,0,0,3,Standard,Standard,243.0,-0.005,-0.069,81.3,8.2,2.251742412,,0.069,,-3,-3,0.22,0.22,32,27,33,27,2,1,6,1,8.0,1,2.73,0.82,0.82,46.2,12.07170250007916,-9.75775831631316,26.45791110727035,48.337231673606894,43.49456703988523
SL,2026-08-07,84.6,-1.64,5.82,"Tatis Jr., Fernando",665487,669854,,ball,,,,,3.0,,R,R,R,SD,HOU,B,,,1,0,2026,0.16,0.49,0.7969809557763806,3.1208293221593117,,823550.0,,0,3,Bot,,,,,,,5.348196412525204,-123.24880188896682,-0.8173109346195313,0.6150380640879527,22.548528548897053,-27.173747913988834,3.346382874,1.68882874,,,,85.8,2056.0,6.8,823266,673237,572233,514888,670623,665161,662139,676694,701358,53.66,,,,,,,,26,2,Slider,0,3,0,3,3,0,0,3,Standard,Standard,164.0,-0.082,0.049,,,,,-0.049,,-3,-3,0.302,0.302,32,27,33,27,2,1,6,1,8.0,1,2.66,-0.16,-0.16,46.1,,,,,
FF,2026-08-07,91.6,-1.56,6.02,"Tatis Jr., Fernando",665487,669854,,ball,,,,,11.0,,R,R,R,SD,HOU,B,,,0,0,2026,-0.97,1.52,-2.0166146093045416,3.5472462345920226,,823550.0,,0,3,Bot,,,,,,,1.0211749090188134,-133.3843339112574,-3.5527850951669535,-11.78414286445091,30.26309120448638,-13.552448263178633,3.346382874,1.68882874,,,,92.7,2110.0,7.0,823266,673237,572233,514888,670623,665161,662139,676694,701358,53.48,,,,,,,,26,1,4-Seam Fastball,0,3,0,3,3,0,0,3,Standard,Standard,207.0,0.004,0.033,,,,,-0.033,,-3,-3,0.298,0.298,32,27,33,27,2,1,6,1,8.0,1,1.21,0.97,0.97,47.6,,,,,
SL,2026-08-07,86.7,3.11,5.46,"Tatis Jr., Fernando",665487,623352,field_out,hit_into_play,,,,,5.0,"Fernando Tatis Jr. grounds out, shortstop Jeremy Peña to first baseman Christian Walker.",R,R,L,SD,HOU,X,6.0,ground_ball,3,2,2026,0.25,0.42,0.1960493643639475,2.764451921268592,,,,2,9,Bot,107.09,149.49,,,,,-7.372818623593501,-126.03629029410476,-0.9117106675047472,4.145038244290644,25.45099890708247,-27.75632354903113,3.346382874,1.68882874,79.0,100.5,3.0,86.5,2444.0,6.2,823266,673237,572233,669397,670623,665161,662139,676694,701358,54.32,0.54,0.501,0.0,1.0,0.0,0.0,4.0,78,6,Slider,3,6,3,6,6,3,3,6,Standard,Standard,140.0,-0.007,-0.306,66.2,7.1,,0.605,0.306,100.5,-3,-3,0.007,0.007,32,27,32,27,1,4,2,1,3.0,1,2.62,0.25,-0.25,30.0,7.926906103953202,3.7231797068525334,26.63634124952055,40.59013020918273,30.336187483057067
SL,2026-08-07,86.1,3.31,5.45,"Tatis Jr., Fernando",665487,623352,,called_strike,,,,,8.0,,R,R,L,SD,HOU,S,,,3,1,2026,0.2,0.23,0.058708935322814,1.757293790374192,,,,2,9,Bot,,,,,,,-8.076498860478841,-125.16891776724697,-2.783577370997074,3.721416535330716,25.34300398231167,-29.403605314079588,3.346382874,1.68882874,,,,86.6,2451.0,6.7,823266,673237,572233,669397,670623,665161,662139,676694,701358,53.82,,,,,,,,78,5,Slider,3,6,3,6,6,3,3,6,Standard,Standard,136.0,-0.002,-0.097,,,,,0.097,,-3,-3,0.009,0.009,32,27,32,27,1,4,2,1,3.0,1,2.85,0.2,-0.2,27.7,,,,,
SI,2026-08-07,94.0,2.88,5.68,"Tatis Jr., Fernando",665487,623352,,ball,,,,,11.0,,R,R,L,SD,HOU,B,,,2,1,2026,0.56,1.41,-0.9091841436909373,3.641034958849112,,,,2,9,Bot,,,,,,,-11.004432122434997,-136.44606072382126,-2.5829590586259146,9.34120500595788,29.362516388028578,-14.120419466129436,3.346382874,1.68882874,,,,94.6,2153.0,6.8,823266,673237,572233,669397,670623,665161,662139,676694,701358,53.75,,,,,,,,78,4,Sinker,3,6,3,6,6,3,3,6,Standard,Standard,145.0,0.003,0.101,,,,,-0.101,,-3,-3,0.006,0.006,32,27,32,27,1,4,2,1,3.0,1,1.18,0.56,-0.56,33.5,,,,,
SL,2026-08-07,85.3,3.16,5.49,"Tatis Jr., Fernando",665487,623352,,ball,,,,,14.0,,R,R,L,SD,HOU,B,,,1,1,2026,-0.19,0.36,1.1031796329658796,2.3092296215662924,,,,2,9,Bot,,,,,,,-4.413469742175834,-124.24614378231205,-1.730148588542717,-1.133303022973419,24.221617361137383,-28.328364036945413,3.346382874,1.68882874,,,,85.8,2488.0,6.5,823266,673237,572233,669397,670623,665161,662139,676694,701358,53.98,,,,,,,,78,3,Slider,3,6,3,6,6,3,3,6,Standard,Standard,76.0,0.001,0.055,,,,,-0.055,,-3,-3,0.005,0.005,32,27,32,27,1,4,2,1,3.0,1,2.76,-0.19,0.19,28.3,,,,,
SL,2026-08-07,84.7,3.16,5.5,"Tatis Jr., Fernando",665487,623352,,ball,,,,,14.0,,R,R,L,SD,HOU,B,,,0,1,2026,-0.08,0.2,0.4115391747084684,0.6098904544588586,,,,2,9,Bot,,,,,,,-6.15528241203431,-123.18132079205158,-5.162929778927436,0.4866634566174888,26.305893720567305,-29.221150044936483,3.346382874,1.68882874,,,,84.4,2430.0,6.3,823266,673237,572233,669397,670623,665161,662139,676694,701358,54.22,,,,,,,,78,2,Slider,3,6,3,6,6,3,3,6,Standard,Standard,65.0,0.0,0.03,,,,,-0.03,,-3,-3,0.005,0.005,32,27,32,27,1,4,2,1,3.0,1,3.0,-0.08,0.08,30.1,,,,,
SL,2026-08-07,86.3,3.09,5.53,"Tatis Jr., Fernando",665487,623352,,swinging_strike,,,,,7.0,,R,R,L,SD,HOU,S,,,0,0,2026,0.15,0.5,-0.3541218026658433,2.1298875096543965,,,,2,9,Bot,,,,,,,-8.434009117972504,-125.38838999179916,-2.664345327419306,3.352918789162188,26.104212895748745,-26.55469399152796,3.346382874,1.68882874,,,,86.4,2359.0,6.5,823266,673237,572233,669397,670623,665161,662139,676694,701358,53.97,,,,,,,,78,1,Slider,3,6,3,6,6,3,3,6,Standard,Standard,130.0,0.0,-0.045,78.2,8.5,1.29412518,,0.045,,-3,-3,0.005,0.005,32,27,32,27,1,4,2,1,3.0,1,2.58,0.15,-0.15,29.6,26.41347546854686,-37.2573770811689,30.489016662113116,35.74723569313892,50.10338797009733
SL,2026-08-07,80.2,3.17,5.78,"Tatis Jr., Fernando",665487,595345,single,hit_into_play,,,,,5.0,Fernando Tatis Jr. singles on a ground ball to left fielder Daulton Varsho.,R,R,L,SD,HOU,X,7.0,ground_ball,1,1,2026,-1.01,0.3,0.0987052936848476,2.230304475915189,,,,2,7,Bot,83.48,114.5,,,,,-4.7545948172463035,-116.83208278740088,-1.5600136794751085,-8.47941861310095,20.75289569023279,-29.33911933133443,3.346382874,1.68882874,78.0,107.7,3.0,80.2,2493.0,6.1,823266,673237,572233,514888,670623,665161,662139,676694,701358,54.37,0.531,0.479,0.9,1.0,1.0,0.0,4.0,61,3,Slider,3,5,3,5,5,3,3,5,Standard,Standard,273.0,0.023,0.343,87.0,7.9,,0.576,-0.343,107.7,-2,-2,0.153,0.153,34,27,35,27,1,3,2,1,3.0,1,3.22,-1.01,1.01,36.7,3.9773738976855593,2.7247683142111536,29.02995690097228,40.80895508991922,39.00845561114633
SL,2026-08-07,80.7,3.11,5.77,"Tatis Jr., Fernando",665487,595345,,called_strike,,,,,8.0,,R,R,L,SD,HOU,S,,,1,0,2026,-0.83,0.53,-0.0643780390008078,1.846983917508916,,,,2,7,Bot,,,,,,,-5.366695481800486,-117.56985995961516,-2.9829328328454743,-6.94574845520188,18.37052945251535,-26.894477274802032,3.346382874,1.68882874,,,,81.2,2396.0,6.2,823266,673237,572233,514888,670623,665161,662139,676694,701358,54.33,,,,,,,,61,2,Slider,3,5,3,5,5,3,3,5,Standard,Standard,246.0,-0.003,-0.056,,,,,0.056,,-2,-2,0.156,0.156,34,27,35,27,1,3,2,1,3.0,1,2.91,-0.83,0.83,31.0,,,,,
SL,2026-08-07,81.3,3.16,5.84,"Tatis Jr., Fernando",665487,595345,,ball,,,,,13.0,,R,R,L,SD,HOU,B,,,0,0,2026,-0.7,0.58,-0.4716603626002379,1.337062937529918,,,,2,7,Bot,,,,,,,-6.634512289194373,-118.3540098608404,-4.468860888538355,-5.645258374991718,18.84557578795527,-26.080692185082547,3.346382874,1.68882874,,,,81.5,2332.0,6.0,823266,673237,572233,514888,670623,665161,662139,676694,701358,54.48,,,,,,,,61,1,Slider,3,5,3,5,5,3,3,5,Standard,Standard,263.0,0.002,0.041,,,,,-0.041,,-2,-2,0.154,0.154,34,27,35,27,1,3,2,1,3.0,1,2.82,-0.7,0.7,35.2,,,,,
CH,2026-08-07,86.0,-1.31,6.03,"Tatis Jr., Fernando",665487,669854,field_out,hit_into_play,,,,,6.0,Fernando Tatis Jr. pops out to third baseman Isaac Paredes in foul territory.,R,R,R,SD,HOU,X,5.0,popup,0,2,2026,-1.25,1.05,0.3466684636045127,2.300824489574344,,,,0,1,Bot,95.22,195.41,,,,,6.564638807783522,-125.0361509442391,-4.5445012210854605,-14.488084969444865,26.660115700898483,-20.43064498562804,3.346382874,1.68882874,76.0,74.3,74.0,86.9,1472.0,7.1,823266,673237,572233,514888,670623,665161,662139,676694,701358,53.44,0.001,0.0,0.0,1.0,0.0,0.0,3.0,7,5,Changeup,0,0,0,0,0,0,0,0,Standard,Standard,230.0,-0.013,-0.164,71.6,8.3,,0.001,0.164,88.0,0,0,0.539,0.539,32,27,33,27,1,0,6,1,8.0,1,2.05,1.25,1.25,49.1,28.896887561977135,-20.111117263958786,29.875500898093986,42.16815014676919,47.61416591703895
SL,2026-08-07,84.0,-1.49,5.93,"Tatis Jr., Fernando",665487,669854,,foul,,,,,9.0,,R,R,R,SD,HOU,S,,,0,2,2026,0.05,-0.06,0.3497633452364162,1.704319630896625,,,,0,1,Bot,,,,,,,4.156953788995776,-122.2247546957846,-2.97570224374225,-0.4055788808589248,26.77020996073417,-32.3644935796224,3.346382874,1.68882874,57.0,35.6,24.0,84.6,2012.0,7.0,823266,673237,572233,514888,670623,665161,662139,676694,701358,53.53,,,,,,,,7,4,Slider,0,0,0,0,0,0,0,0,Standard,Standard,151.0,0.0,0.0,78.6,7.6,,,0.0,88.0,0,0,0.539,0.539,32,27,33,27,1,0,6,1,8.0,1,3.32,-0.05,-0.05,47.6,15.75027231048108,-13.850605289509216,29.3581977131889,40.52766960750528,41.899386872310174
FF,2026-08-07,93.3,-1.31,6.14,"Tatis Jr., Fernando",665487,669854,,foul,,,,,11.0,,R,R,R,SD,HOU,S,,,0,2,2026,-0.52,1.79,-0.6046330248634546,3.532371013793929,,,,0,1,Bot,,,,,,,2.9711647274239144,-135.7152751193178,-4.74604199850977,-7.06124770648835,31.878983989556463,-9.2644776338154,3.346382874,1.68882874,214.0,77.0,62.0,93.7,2416.0,6.7,823266,673237,572233,514888,670623,665161,662139,676694,701358,53.81,,,,,,,,7,3,4-Seam Fastball,0,0,0,0,0,0,0,0,Standard,Standard,202.0,0.0,0.0,75.0,6.6,,,0.0,88.0,0,0,0.539,0.539,32,27,33,27,1,0,6,1,8.0,1,0.84,0.52,0.52,48.9,10.315538990202471,-4.657467756296267,22.685737096760544,30.764195220872775,32.15626526041794
CH,2026-08-07,84.5,-1.54,6.0,"Tatis Jr., Fernando",665487,669854,,called_strike,,,,,6.0,,R,R,R,SD,HOU,S,,,0,1,2026,-1.16,0.75,0.510188631389136,2.7292299760482237,,,,0,1,Bot,,,,,,,7.115628972955804,-122.87151614350576,-2.5781560899919467,-13.117797534974116,23.886259794345264,-24.25912323222568,3.346382874,1.68882874,,,,85.3,1557.0,6.8,823266,673237,572233,514888,670623,665161,662139,676694,701358,53.71,,,,,,,,7,2,Changeup,0,0,0,0,0,0,0,0,Standard,Standard,234.0,-0.006,-0.054,,,,,0.054,,0,0,0.545,0.545,32,27,33,27,1,0,6,1,8.0,1,2.44,1.16,1.16,45.9,,,,,
FF,2026-08-07,93.4,-1.58,6.02,"Tatis Jr., Fernando",665487,669854,,called_strike,,,,,2.0,,R,R,R,SD,HOU,S,,,0,0,2026,-0.51,1.71,0.2545106869592839,3.4458193733465596,,,,0,1,Bot,,,,,,,5.86049849868419,-135.7431927371099,-4.484413336732957,-7.701749102733596,33.04224951570052,-10.35626706292466,3.346382874,1.68882874,,,,93.8,2351.0,6.8,823266,673237,572233,514888,670623,665161,662139,676694,701358,53.68,,,,,,,,7,1,4-Seam Fastball,0,0,0,0,0,0,0,0,Standard,Standard,204.0,-0.003,-0.041,,,,,0.041,,0,0,0.548,0.548,32,27,33,27,1,0,6,1,8.0,1,0.94,0.51,0.51,45.3,,,,,
FF,2026-08-06,90.0,1.77,5.61,"Tatis Jr., Fernando",665487,691769,field_out,hit_into_play,,,,,4.0,"Fernando Tatis Jr. grounds out, shortstop Geraldo Perdomo to first baseman Tim Tawa.",R,R,L,AZ,SD,X,6.0,ground_ball,0,0,2026,0.0,1.02,-0.3704470568840607,2.558948762858213,,,,2,8,Top,112.68,153.04,,,,,-5.251830977409264,-131.01194906011648,-3.6224892178599353,1.0665142466887785,27.416660712380843,-19.8733045445383,3.346382874,1.68882874,23.0,94.3,-5.0,90.4,2341.0,6.5,825053,672515,694374,606466,571448,672695,596146,814439,682998,54.0,0.279,0.257,0.0,1.0,0.0,0.0,2.0,64,1,4-Seam Fastball,1,5,5,1,5,1,5,1,Standard,Standard,162.0,0.002,-0.262,77.8,6.9,,0.322,0.262,94.3,-4,4,0.042,0.958,24,27,24,27,2,4,18,1,6.0,1,1.79,0.0,0.0,38.6,0.6528032038362561,9.58511852582429,30.564732187769508,33.55512445451218,27.69023543899712
FC,2026-08-06,86.1,1.35,5.78,"Tatis Jr., Fernando",665487,684442,walk,ball,,,,,11.0,Fernando Tatis Jr. walks. Jake Cronenworth to 2nd.,R,R,L,AZ,SD,B,,,3,1,2026,-0.14,0.86,-2.0526801171900444,2.606589623428176,,,630105.0,0,3,Top,,,,,,,-7.7172393077502175,-125.28217170884152,-2.8939736218852405,-0.0267637856773506,23.645528844336965,-22.753522103620497,3.346382874,1.68882874,,,,86.8,2231.0,6.6,825053,672515,694374,606466,571448,672695,596146,814439,682998,53.92,,0.698418,0.7,1.0,0.0,0.0,,18,5,Cutter,0,1,1,0,1,0,1,0,Standard,Standard,156.0,-0.031,0.252,,,,,-0.252,,-1,1,0.333,0.667,25,27,26,27,2,1,5,1,22.0,1,2.2,-0.14,0.14,39.7,,,,,
FF,2026-08-06,91.2,1.22,5.95,"Tatis Jr., Fernando",665487,684442,,called_strike,,,,,4.0,,R,R,L,AZ,SD,S,,,3,0,2026,0.87,1.39,-0.533483307141658,2.7576141829436684,,,630105.0,0,3,Top,,,,,,,-6.273504250858478,-132.60806673207892,-4.9257500959994855,11.698194925898816,30.544290569881408,-14.921516000310694,3.346382874,1.68882874,,,,91.0,2295.0,6.4,825053,672515,694374,606466,571448,672695,596146,814439,682998,54.14,,,,,,,,18,4,4-Seam Fastball,0,1,1,0,1,0,1,0,Standard,Standard,144.0,0.011,-0.092,,,,,0.092,,-1,1,0.322,0.678,25,27,26,27,2,1,5,1,22.0,1,1.37,0.87,-0.87,39.2,,,,,
FF,2026-08-06,91.0,1.29,5.88,"Tatis Jr., Fernando",665487,684442,,ball,,,,,11.0,,R,R,L,AZ,SD,B,,,2,0,2026,0.89,1.45,-1.4278792724316185,2.600507797004042,,,630105.0,0,3,Top,,,,,,,-8.695139330884135,-132.13894113470604,-5.259993087928808,12.333841679003584,29.28766616753849,-14.22398649817808,3.346382874,1.68882874,,,,91.1,2282.0,6.5,825053,672515,694374,606466,571448,672695,596146,814439,682998,53.96,,,,,,,,18,3,4-Seam Fastball,0,1,1,0,1,0,1,0,Standard,Standard,141.0,-0.016,0.142,,,,,-0.142,,-1,1,0.338,0.662,25,27,26,27,2,1,5,1,22.0,1,1.32,0.89,-0.89,39.5,,,,,
FF,2026-08-06,90.9,1.26,5.96,"Tatis Jr., Fernando",665487,684442,,ball,,,,,11.0,,R,R,L,AZ,SD,B,,,1,0,2026,0.96,1.47,-0.9571864497083722,3.2070953636967214,,,630105.0,0,3,Top,,,,,,,-7.574073886533525,-132.14142972890843,-3.98525493102603,12.91704022160647,29.29611379777935,-14.25634862476672,3.346382874,1.68882874,,,,90.6,2295.0,6.3,825053,672515,694374,606466,571448,672695,596146,814439,682998,54.23,,,,,,,,18,2,4-Seam Fastball,0,1,1,0,1,0,1,0,Standard,Standard,139.0,-0.01,0.074,,,,,-0.074,,-1,1,0.348,0.652,25,27,26,27,2,1,5,1,22.0,1,1.3,0.96,-0.96,40.0,,,,,
CH,2026-08-06,81.3,1.39,5.78,"Tatis Jr., Fernando",665487,684442,,ball,,,,,14.0,,R,R,L,AZ,SD,B,,,0,0,2026,1.18,0.93,0.1245287694701544,1.0771736871025417,,,630105.0,0,3,Top,,,,,,,-5.127484030020916,-118.25782641580908,-5.468412352456928,12.07712180642142,23.294163849623505,-22.63036374019026,3.346382874,1.68882874,,,,81.5,1885.0,6.5,825053,672515,694374,606466,571448,672695,596146,814439,682998,53.96,,,,,,,,18,1,Changeup,0,1,1,0,1,0,1,0,Standard,Standard,120.0,-0.005,0.037,,,,,-0.037,,-1,1,0.353,0.647,25,27,26,27,2,1,5,1,22.0,1,2.53,1.18,-1.18,38.1,,,,,
FF,2026-08-06,90.8,1.8,5.69,"Tatis Jr., Fernando",665487,691769,field_out,hit_into_play,,,,,2.0,Fernando Tatis Jr. flies out to right fielder Corbin Carroll.,R,R,L,AZ,SD,X,9.0,fly_ball,3,0,2026,0.4,0.91,0.0808473267052936,3.0032782190815945,,593428.0,666023.0,2,6,Top,180.52,94.95,,,,,-5.131362455150201,-132.19751396080008,-2.615960489039478,5.814532504318421,27.59439142795648,-21.149974356207927,3.346382874,1.68882874,292.0,88.8,45.0,91.0,2341.0,6.3,825053,672515,694374,606466,571448,672695,596146,814439,682998,54.16,0.006,0.007,0.0,1.0,0.0,0.0,3.0,49,4,4-Seam Fastball,1,4,4,1,4,1,4,1,Standard,Standard,161.0,0.03,-0.41,76.9,7.0,,0.01,0.41,88.8,-3,3,0.133,0.867,24,27,24,27,1,3,18,1,6.0,1,1.85,0.4,-0.4,38.4,3.5100179086642416,12.462909678861532,22.899100463630543,40.289054249349824,27.97238756156857
FF,2026-08-06,90.7,1.85,5.58,"Tatis Jr., Fernando",665487,691769,,ball,,,,,13.0,,R,R,L,AZ,SD,B,,,2,0,2026,-0.05,1.04,-1.4412078325514508,2.0786715566487146,,593428.0,666023.0,2,6,Top,,,,,,,-8.035723634978025,-131.885620797386,-4.877568562399142,1.126564603460554,28.01160412630881,-19.19828716548589,3.346382874,1.68882874,,,,91.0,2280.0,6.5,825053,672515,694374,606466,571448,672695,596146,814439,682998,54.0,,,,,,,,49,3,4-Seam Fastball,1,4,4,1,4,1,4,1,Standard,Standard,160.0,-0.004,0.063,,,,,-0.063,,-3,3,0.137,0.863,24,27,24,27,1,3,18,1,6.0,1,1.74,-0.05,0.05,37.1,,,,,
FF,2026-08-06,90.7,1.97,5.53,"Tatis Jr., Fernando",665487,691769,,ball,,,,,13.0,,R,R,L,AZ,SD,B,,,1,0,2026,-0.02,0.94,-1.3780873091280614,2.0557788840045914,,593428.0,666023.0,2,6,Top,,,,,,,-8.238347205459917,-131.8115717657273,-4.586957245673137,1.5347237937706202,28.16863334744891,-20.402359359122833,3.346382874,1.68882874,,,,90.9,2364.0,6.5,825053,672515,694374,606466,571448,672695,596146,814439,682998,53.99,,,,,,,,49,2,4-Seam Fastball,1,4,4,1,4,1,4,1,Standard,Standard,167.0,-0.003,0.033,,,,,-0.033,,-3,3,0.14,0.86,24,27,24,27,1,3,18,1,6.0,1,1.84,-0.02,0.02,36.1,,,,,
CH,2026-08-06,82.1,2.42,5.33,"Tatis Jr., Fernando",665487,691769,,ball,,,,,12.0,,R,R,L,AZ,SD,B,,,0,0,2026,0.26,0.43,1.7381656517299695,4.1627571627597675,,593428.0,666023.0,2,6,Top,,,,,,,-2.045894932291166,-119.59906558484067,3.1180841587460715,2.844727473196243,19.61834579914518,-28.67294387892201,3.346382874,1.68882874,,,,83.3,1526.0,6.7,825053,672515,694374,606466,571448,672695,596146,814439,682998,53.83,,,,,,,,49,1,Changeup,1,4,4,1,4,1,4,1,Standard,Standard,160.0,-0.001,0.029,,,,,-0.029,,-3,3,0.141,0.859,24,27,24,27,1,3,18,1,6.0,1,2.9,0.26,-0.26,32.0,,,,,
CH,2026-08-06,89.6,-1.7,5.51,"Tatis Jr., Fernando",665487,642528,field_out,hit_into_play,,,,,5.0,Fernando Tatis Jr. lines out sharply to left fielder Max Kepler.,R,R,R,AZ,SD,X,7.0,line_drive,3,2,2026,-1.45,0.3,-0.198771784576812,2.6327516818995886,593428.0,630105.0,,2,4,Top,65.29,93.54,,,,,6.793234766709307,-130.18393672411898,-1.4507661743061884,-17.935215888083317,30.748582763559124,-28.706860206040563,3.346382874,1.68882874,301.0,107.4,17.0,89.3,1789.0,6.5,825053,672515,694374,606466,571448,672695,596146,814439,682998,54.04,0.551,0.684,0.0,1.0,0.0,0.0,6.0,34,6,Changeup,1,3,3,1,3,1,3,1,Standard,Standard,242.0,0.048,-0.258,83.3,7.7,,1.075,0.258,107.4,-2,2,0.263,0.737,31,27,32,27,1,2,2,1,2.0,1,2.58,1.45,1.45,47.2,8.633296311925854,-12.615275231523665,30.77754713189241,36.010972283415434,36.341789833611024
CH,2026-08-06,89.7,-1.63,5.49,"Tatis Jr., Fernando",665487,642528,,called_strike,,,,,7.0,,R,R,R,AZ,SD,S,,,3,1,2026,-1.52,0.39,-0.3171742606203895,2.144082687912823,593428.0,630105.0,,2,4,Top,,,,,,,6.506467690598005,-130.43887038060697,-2.8605119202954445,-18.709088794645933,30.546273428678862,-27.27776879074851,3.346382874,1.68882874,,,,89.6,1682.0,6.5,825053,672515,694374,606466,571448,672695,596146,814439,682998,53.99,,,,,,,,34,5,Changeup,1,3,3,1,3,1,3,1,Standard,Standard,243.0,0.003,-0.062,,,,,0.062,,-2,2,0.26,0.74,31,27,32,27,1,2,2,1,2.0,1,2.47,1.52,1.52,41.5,,,,,
CH,2026-08-06,89.9,-1.86,5.51,"Tatis Jr., Fernando",665487,642528,,ball,,,,,11.0,,R,R,R,AZ,SD,B,,,2,1,2026,-1.44,0.41,-1.299626924071797,3.449479100307265,593428.0,630105.0,,2,4,Top,,,,,,,4.4896918459234865,-130.7202190728967,0.2467695678940521,-17.430072643230634,30.95903630175983,-27.83661193841855,3.346382874,1.68882874,,,,89.5,1629.0,6.4,825053,672515,694374,606466,571448,672695,596146,814439,682998,54.13,,,,,,,,34,4,Changeup,1,3,3,1,3,1,3,1,Standard,Standard,244.0,-0.004,0.06,,,,,-0.06,,-2,2,0.264,0.736,31,27,32,27,1,2,2,1,2.0,1,2.44,1.44,1.44,45.1,,,,,
FC,2026-08-06,86.7,1.55,5.79,"Tatis Jr., Fernando",665487,684442,double,hit_into_play,,,,,1.0,Fernando Tatis Jr. doubles (24) on a fly ball to center fielder Ryan Waldschmidt.,R,R,L,AZ,SD,X,8.0,fly_ball,1,1,2026,-0.01,0.78,-0.4733912397592666,3.184345516647031,,,,0,1,Top,170.84,57.64,,,,,-4.7918187154321705,-126.26484799397478,-1.5023293027055775,0.869235092919139,24.63394680221377,-23.748848637013246,3.346382874,1.68882874,366.0,98.7,25.0,87.5,2383.0,6.7,825053,672515,694374,606466,571448,672695,596146,814439,682998,53.84,0.491,0.77,1.25,1.0,1.0,1.0,6.0,1,3,Cutter,0,0,0,0,0,0,0,0,Infield shade,Standard,148.0,-0.06,0.726,72.3,6.1,,1.359,-0.726,98.7,0,0,0.501,0.499,25,27,26,27,1,0,5,1,22.0,1,2.24,-0.01,0.01,37.7,5.239836763934375,16.389991452135153,29.882725135676527,32.987802143554966,28.389853471120468
SI,2026-08-06,97.1,-1.79,5.33,"Tatis Jr., Fernando",665487,642528,,called_strike,,,,,5.0,,R,R,R,AZ,SD,S,,,2,0,2026,-1.47,0.6,-0.1456887810937668,2.242682098736595,593428.0,630105.0,,2,4,Top,,,,,,,7.771649314448584,-141.1502234066419,-3.89384422616173,-21.40196972929478,33.94259017977702,-23.38353976667104,3.346382874,1.68882874,,,,97.0,2217.0,6.4,825053,672515,694374,606466,571448,672695,596146,814439,682998,54.06,,,,,,,,34,3,Sinker,1,3,3,1,3,1,3,1,Standard,Standard,230.0,0.003,-0.03,,,,,0.03,,-2,2,0.261,0.739,31,27,32,27,1,2,2,1,2.0,1,1.83,1.47,1.47,42.6,,,,,
FC,2026-08-06,86.8,1.4,5.83,"Tatis Jr., Fernando",665487,684442,,ball,,,,,13.0,,R,R,L,AZ,SD,B,,,0,1,2026,-0.07,0.78,-1.7159205223704674,2.193020023711389,,,,0,1,Top,,,,,,,-7.234484530436876,-126.30177948958496,-3.93399326396282,0.683302883569873,24.744589156446903,-23.261670680381393,3.346382874,1.68882874,,,,87.2,2499.0,6.5,825053,672515,694374,606466,571448,672695,596146,814439,682998,54.03,,,,,,,,1,2,Cutter,0,0,0,0,0,0,0,0,Infield shade,Standard,145.0,-0.002,0.029,,,,,-0.029,,0,0,0.503,0.497,25,27,26,27,1,0,5,1,22.0,1,2.24,-0.07,0.07,37.6,,,,,
SI,2026-08-06,97.3,-1.71,5.35,"Tatis Jr., Fernando",665487,642528,,ball,,,,,14.0,,R,R,R,AZ,SD,B,,,1,0,2026,-1.32,0.67,0.4472455125449472,1.3458672174892763,593428.0,630105.0,,2,4,Top,,,,,,,8.815564655845165,-141.2416412695146,-6.488216271202004,-19.78061208904925,34.15615932426653,-21.857646777134505,3.346382874,1.68882874,,,,97.2,2233.0,6.5,825053,672515,694374,606466,571448,672695,596146,814439,682998,53.98,,,,,,,,34,2,Sinker,1,3,3,1,3,1,3,1,Standard,Standard,229.0,-0.003,0.012,,,,,-0.012,,-2,2,0.264,0.736,31,27,32,27,1,2,2,1,2.0,1,1.76,1.32,1.32,37.2,,,,,
CU,2026-08-06,91.9,-1.79,5.5,"Tatis Jr., Fernando",665487,642528,,blocked_ball,,,,,14.0,,R,R,R,AZ,SD,B,,,0,0,2026,0.08,0.41,2.725737953400284,-0.3508879791262067,593428.0,630105.0,,2,4,Top,,,,,,,11.091680223248485,-133.14886572919062,-9.571754468004569,-1.3654885180533285,27.19543952762114,-25.36692511812657,3.346382874,1.68882874,,,,91.9,2482.0,6.4,825053,672515,694374,606466,571448,672695,596146,814439,682998,54.11,,,,,,,,34,1,Curveball,1,3,3,1,3,1,3,1,Standard,Standard,182.0,-0.001,0.02,,,,,-0.02,,-2,2,0.265,0.735,31,27,32,27,1,2,2,1,2.0,1,2.3,-0.08,-0.08,46.5,,,,,
FF,2026-08-06,92.0,1.53,6.03,"Tatis Jr., Fernando",665487,684442,,called_strike,,,,,6.0,,R,R,L,AZ,SD,S,,,0,0,2026,1.03,1.36,0.3268655508600904,2.540018146889263,,,,0,1,Top,,,,,,,-5.271795164040748,-133.7686866572076,-5.779104711001063,13.546179219632387,28.87335292150665,-14.744867262531328,3.346382874,1.68882874,,,,91.9,2321.0,6.3,825053,672515,694374,606466,571448,672695,596146,814439,682998,54.24,,,,,,,,1,1,4-Seam Fastball,0,0,0,0,0,0,0,0,Standard,Standard,141.0,0.003,-0.041,,,,,0.041,,0,0,0.5,0.5,25,27,26,27,1,0,5,1,22.0,1,1.33,1.03,-1.03,39.4,,,,,
FF,2026-08-05,90.4,2.19,5.51,"Tatis Jr., Fernando",665487,683352,field_out,hit_into_play,,,,,4.0,Fernando Tatis Jr. flies out sharply to center fielder Ryan Waldschmidt.,R,R,L,AZ,SD,X,8.0,fly_ball,3,1,2026,0.56,1.21,-0.378592832953645,2.60243285383975,,,,0,6,Top,136.81,71.08,,,,,-7.510278727943899,-131.4705712955885,-3.6909894502170286,8.153942611352912,28.58642732555623,-17.538275912853496,3.346382874,1.68882874,318.0,100.3,48.0,90.0,2359.0,6.1,825052,543510,682988,545121,694374,672695,663457,814439,682998,54.39,0.017,0.027,0.0,1.0,0.0,0.0,3.0,47,5,4-Seam Fastball,8,0,0,8,0,8,0,8,Standard,Standard,146.0,0.004,-0.447,81.4,7.2,,0.047,0.447,100.3,8,-8,0.99,0.01,22,27,23,27,3,2,5,1,6.0,1,1.59,0.56,-0.56,33.8,10.30541995421491,-2.825325184796998,31.015950633770434,33.997641459380866,35.38519874913656
FF,2026-08-05,91.4,2.15,5.54,"Tatis Jr., Fernando",665487,683352,,ball,,,,,7.0,,R,R,L,AZ,SD,B,,,2,1,2026,0.58,1.18,-0.7288816319011211,1.691019437567981,,,,0,6,Top,,,,,,,-8.398947222485596,-132.7998023120251,-6.144197033616629,8.66907033654146,29.461267502565477,-17.024926174810535,3.346382874,1.68882874,,,,91.0,2320.0,6.2,825052,543510,682988,545121,694374,672695,663457,814439,682998,54.31,,,,,,,,47,4,4-Seam Fastball,8,0,0,8,0,8,0,8,Standard,Standard,140.0,-0.002,0.137,,,,,-0.137,,8,-8,0.992,0.008,22,27,23,27,3,2,5,1,6.0,1,1.56,0.58,-0.58,37.3,,,,,
CH,2026-08-05,82.1,2.31,5.58,"Tatis Jr., Fernando",665487,683352,,ball,,,,,12.0,,R,R,L,AZ,SD,B,,,1,1,2026,1.1,0.39,0.7950999437565907,5.0016519614148045,,,,0,6,Top,,,,,,,-5.486436800910662,-119.31507793777553,4.561203440138797,11.561389234120927,22.57476144125824,-29.57859733294042,3.346382874,1.68882874,,,,81.4,1658.0,5.8,825052,543510,682988,545121,694374,672695,663457,814439,682998,54.68,,,,,,,,47,3,Changeup,8,0,0,8,0,8,0,8,Standard,Standard,128.0,0.0,0.063,,,,,-0.063,,8,-8,0.992,0.008,22,27,23,27,3,2,5,1,6.0,1,3.0,1.1,-1.1,35.1,,,,,
CH,2026-08-05,83.2,2.36,5.59,"Tatis Jr., Fernando",665487,683352,,ball,,,,,12.0,,R,R,L,AZ,SD,B,,,0,1,2026,1.31,0.12,1.9679965483523865,3.496796373861891,,,,0,6,Top,,,,,,,-3.4855827454044284,-121.12802819112603,1.5982335472499505,13.594663079369258,24.596488738816102,-31.569514385470097,3.346382874,1.68882874,,,,82.6,1736.0,6.0,825052,543510,682988,545121,694374,672695,663457,814439,682998,54.54,,,,,,,,47,2,Changeup,8,0,0,8,0,8,0,8,Standard,Standard,124.0,0.0,0.029,,,,,-0.029,,8,-8,0.992,0.008,22,27,23,27,3,2,5,1,6.0,1,3.18,1.31,-1.31,34.5,,,,,
SL,2026-08-05,86.7,2.15,5.75,"Tatis Jr., Fernando",665487,683352,,called_strike,,,,,6.0,,R,R,L,AZ,SD,S,,,0,0,2026,-0.01,0.84,0.5573436020215302,2.3869478064204483,,,,0,6,Top,,,,,,,-3.717981598836804,-126.2959966035296,-3.4077727583217814,0.6594928781844951,24.695048467650704,-22.67905068565234,3.346382874,1.68882874,,,,86.4,2376.0,5.9,825052,543510,682988,545121,694374,672695,663457,814439,682998,54.55,,,,,,,,47,1,Slider,8,0,0,8,0,8,0,8,Standard,Standard,163.0,0.0,-0.041,,,,,0.041,,8,-8,0.992,0.008,22,27,23,27,3,2,5,1,6.0,1,2.17,-0.01,0.01,39.6,,,,,
SV,2026-08-05,80.1,2.25,5.48,"Tatis Jr., Fernando",665487,683352,field_out,hit_into_play,,,,,7.0,Fernando Tatis Jr. flies out to right fielder Corbin Carroll.,R,R,L,AZ,SD,X,9.0,fly_ball,1,1,2026,-1.2,-0.24,-0.663394989009222,2.029797899054291,,630105.0,,1,3,Top,162.57,100.86,,,,,-4.045411827711857,-116.50748805821384,-0.1526717507604609,-9.945346533644528,24.665416589875377,-34.51976556856364,3.346382874,1.68882874,261.0,78.7,38.0,79.5,2385.0,6.2,825052,543510,682988,545121,694374,672695,663457,814439,682998,54.29,0.029,0.03,0.0,1.0,0.0,0.0,3.0,20,3,Slurve,0,0,0,0,0,0,0,0,Standard,Standard,307.0,0.038,-0.259,76.7,6.6,,0.048,0.259,88.0,0,0,0.48,0.52,22,27,23,27,2,1,5,1,6.0,1,3.83,-1.2,1.2,34.4,-3.523548834487024,4.9454202061266415,33.900345435617716,30.58242757913782,35.445051757585816
SL,2026-08-05,88.2,2.25,5.65,"Tatis Jr., Fernando",665487,683352,,ball,,,,,13.0,,R,R,L,AZ,SD,B,,,0,1,2026,-0.3,0.7,-1.7130824758610907,2.4180648171330983,,630105.0,,1,3,Top,,,,,,,-8.829808398379996,-128.17599550190425,-3.0139310064572125,-1.4649484764818863,26.256848318940236,-24.071262695953983,3.346382874,1.68882874,,,,87.8,2531.0,6.1,825052,543510,682988,545121,694374,672695,663457,814439,682998,54.43,,,,,,,,20,2,Slider,0,0,0,0,0,0,0,0,Standard,Standard,164.0,-0.004,0.032,,,,,-0.032,,0,0,0.484,0.516,22,27,23,27,2,1,5,1,6.0,1,2.24,-0.3,0.3,35.6,,,,,
CH,2026-08-05,85.4,2.27,5.54,"Tatis Jr., Fernando",665487,683352,,called_strike,,,,,2.0,,R,R,L,AZ,SD,S,,,0,0,2026,1.29,0.54,-0.0447685039362568,3.3246727034721384,,,630105.0,1,3,Top,,,,,,,-7.931937572294527,-124.07031702417926,0.1706325328415836,14.916387300685797,24.924079741955673,-26.876589718504185,3.346382874,1.68882874,,,,84.5,1584.0,5.8,825052,543510,682988,545121,694374,672695,663457,814439,682998,54.67,,,,,,,,20,1,Changeup,0,0,0,0,0,0,0,0,Standard,Standard,126.0,-0.013,-0.037,,,,,0.037,,0,0,0.497,0.503,22,27,23,27,2,1,5,1,6.0,1,2.6,1.29,-1.29,33.1,,,,,
SL,2026-08-05,86.2,-1.92,6.62,"Tatis Jr., Fernando",665487,656464,home_run,hit_into_play,,,,,5.0,Fernando Tatis Jr. homers (9) on a fly ball to center field.,R,R,R,AZ,SD,X,,fly_ball,2,1,2026,0.2,-0.26,-0.1843301141836256,2.670415262837262,,,,0,9,Top,85.63,14.61,,,,,3.687356913056224,-125.61475790285128,-2.4493471599449657,1.450363770298492,23.860815187473055,-34.68200854411983,3.346382874,1.68882874,465.0,114.7,24.0,87.2,2366.0,6.7,825052,543510,682988,545121,694374,672695,663457,814439,678489,53.78,1.0,2.0,2.0,1.0,0.0,3.0,6.0,71,4,Slider,10,0,0,10,1,10,1,10,Standard,Standard,53.0,0.0,1.064,81.0,7.2,,4.0,-1.064,114.7,10,-10,0.999,0.001,32,27,32,27,1,3,4,1,2.0,1,3.3,-0.2,-0.2,43.2,9.335895650859644,0.1155746313202184,27.38684360754379,35.6845854973679,35.551634315207224
FF,2026-08-05,96.2,-1.92,6.52,"Tatis Jr., Fernando",665487,656464,,ball,,,,,11.0,,R,R,R,AZ,SD,B,,,1,1,2026,-0.67,1.41,-0.8938861491111909,3.6340751824784814,,,,0,9,Top,,,,,,,4.255686160530241,-140.03718906036022,-5.152974112528762,-9.770308109511747,32.531004024378795,-12.705153129617551,3.346382874,1.68882874,,,,96.8,2411.0,6.7,825052,543510,682988,545121,694374,672695,663457,814439,678489,53.82,,,,,,,,71,3,4-Seam Fastball,10,0,0,10,0,10,0,10,Standard,Standard,226.0,0.0,0.063,,,,,-0.063,,10,-10,0.999,0.001,32,27,32,27,1,3,4,1,2.0,1,1.06,0.67,0.67,44.1,,,,,
SL,2026-08-05,85.9,-1.97,6.53,"Tatis Jr., Fernando",665487,656464,,ball,,,,,12.0,,R,R,R,AZ,SD,B,,,0,1,2026,0.3,-0.28,1.407393256832389,2.7030406401082065,,,,0,9,Top,,,,,,,7.332620089875749,-125.02936743829088,-2.043554509191551,1.7412118828051062,23.8255359610274,-34.940554087801544,3.346382874,1.68882874,,,,86.6,2381.0,6.6,825052,543510,682988,545121,694374,672695,663457,814439,678489,53.88,,,,,,,,71,2,Slider,10,0,0,10,0,10,0,10,Standard,Standard,50.0,0.0,0.029,,,,,-0.029,,10,-10,0.999,0.001,32,27,32,27,1,3,4,1,2.0,1,3.35,-0.3,-0.3,39.6,,,,,
SL,2026-08-05,85.5,-2.0,6.56,"Tatis Jr., Fernando",665487,656464,,foul,,,,,9.0,,R,R,R,AZ,SD,S,,,0,0,2026,0.24,-0.32,0.4003147346582543,2.096317492055473,,,,0,9,Top,,,,,,,5.113026072071458,-124.40778940776224,-3.3572976712132228,1.5541052079309587,24.122511377979293,-35.09122873969516,3.346382874,1.68882874,2.0,68.6,-54.0,86.2,2419.0,6.6,825052,543510,682988,545121,694374,672695,663457,814439,678489,53.86,,,,,,,,71,1,Slider,10,0,0,10,0,10,0,10,Standard,Standard,59.0,0.0,-0.041,78.4,7.7,,,0.041,88.0,10,-10,0.999,0.001,32,27,32,27,1,3,4,1,2.0,1,3.43,-0.24,-0.24,43.7,11.710430950304277,-6.857458993896482,25.33752191441065,42.08886548468778,40.78404409469435
FF,2026-08-05,90.0,2.32,5.6,"Tatis Jr., Fernando",665487,683352,field_out,hit_into_play,,,,,3.0,Fernando Tatis Jr. pops out to catcher James McCann in foul territory.,R,R,L,AZ,SD,X,2.0,popup,0,0,2026,0.5,1.52,0.6034432343006251,2.950557775999468,,,,0,1,Top,144.32,215.85,,,,,-5.247810658451449,-130.9435645761701,-3.674744685630206,6.873360092985803,28.333186902511752,-14.149900296621086,3.346382874,1.68882874,52.0,85.6,85.0,89.5,2341.0,6.1,825052,543510,682988,545121,694374,672695,663457,814439,682998,54.43,0.003,0.003,0.0,1.0,0.0,0.0,3.0,1,1,4-Seam Fastball,0,0,0,0,0,0,0,0,Standard,Standard,143.0,0.022,-0.259,79.3,7.9,,0.003,0.259,88.0,0,0,0.5,0.5,22,27,23,27,1,0,5,1,6.0,1,1.3,0.5,-0.5,36.5,14.74561898162444,-4.675691225802028,23.47388336379368,45.919704080792386,32.62978918607884
SI,2026-08-04,93.3,1.05,5.93,"Tatis Jr., Fernando",665487,593958,strikeout,called_strike,,,,,7.0,"James McCann challenged (pitch result), call on the field was overturned: Fernando Tatis Jr. called out on strikes.",R,R,L,AZ,SD,S,2.0,,2,2,2026,1.1,1.02,-0.7350749639652849,1.920156662433986,,,,1,6,Top,,,,,,,-7.010455578883899,-135.63178412125558,-6.6207099033369365,15.142184641019028,29.58248589809421,-18.34721292582214,3.346382874,1.68882874,,,,93.6,2309.0,6.5,825054,543510,694374,606466,571448,672695,596146,814439,682998,53.99,,0.0,0.0,1.0,0.0,0.0,,45,5,Sinker,0,6,6,0,6,0,6,0,Standard,Standard,154.0,0.002,-0.233,,,,,0.233,,-6,6,0.029,0.971,33,27,33,27,4,3,6,1,5.0,1,1.61,1.1,-1.1,44.4,,,,,
SI,2026-08-04,93.0,1.13,5.96,"Tatis Jr., Fernando",665487,593958,,ball,,,,,13.0,,R,R,L,AZ,SD,B,,,1,2,2026,1.09,1.16,-1.6770548698848606,1.208739992643959,,,,1,6,Top,,,,,,,-9.533924236452972,-134.8891845753562,-8.759571820382055,15.316955530113276,28.448582346538466,-16.191521380627673,3.346382874,1.68882874,,,,93.3,2312.0,6.6,825054,543510,694374,606466,571448,672695,596146,814439,682998,53.94,,,,,,,,45,4,Sinker,0,6,6,0,6,0,6,0,Standard,Standard,155.0,-0.001,0.051,,,,,-0.051,,-6,6,0.03,0.97,33,27,33,27,4,3,6,1,5.0,1,1.48,1.09,-1.09,47.9,,,,,
CH,2026-08-04,84.0,1.39,5.98,"Tatis Jr., Fernando",665487,593958,,foul,,,,,14.0,,R,R,L,AZ,SD,S,,,1,1,2026,1.29,0.53,0.8420002613793198,1.9306309769248071,,,,1,6,Top,,,,,,,-3.845144498058586,-122.26648062122096,-3.8623545964010098,13.67129520731515,23.08722218492631,-26.307205256104194,3.346382874,1.68882874,1.0,67.1,-57.0,84.5,1855.0,6.5,825054,543510,694374,606466,571448,672695,596146,814439,682998,54.03,,,,,,,,45,3,Changeup,0,6,6,0,6,0,6,0,Standard,Standard,132.0,0.001,-0.07,75.4,7.7,,,0.07,88.0,-6,6,0.029,0.971,33,27,33,27,4,3,6,1,5.0,1,2.69,1.29,-1.29,44.2,16.030901452858675,6.155056074020225,29.05300114724516,46.38538379222487,34.29966854765431
CH,2026-08-04,84.4,1.44,5.94,"Tatis Jr., Fernando",665487,593958,,foul,,,,,9.0,,R,R,L,AZ,SD,S,,,1,0,2026,1.33,0.61,0.7628547855330283,1.7867400806509464,,,,1,6,Top,,,,,,,-4.265418751425487,-122.7382028157006,-4.234212343668739,14.319314265782282,26.668181129130076,-25.39159626393955,3.346382874,1.68882874,1.0,66.4,-50.0,84.4,1912.0,6.5,825054,543510,694374,606466,571448,672695,596146,814439,682998,53.98,,,,,,,,45,2,Changeup,0,6,6,0,6,0,6,0,Standard,Standard,139.0,0.0,-0.05,75.9,7.7,,,0.05,88.0,-6,6,0.029,0.971,33,27,33,27,4,3,6,1,5.0,1,2.62,1.33,-1.33,45.0,17.6114936550804,4.239743614767458,32.88574753319639,45.42440712185912,36.80795685338809
CU,2026-08-04,77.5,1.41,6.07,"Tatis Jr., Fernando",665487,593958,,ball,,,,,14.0,,R,R,L,AZ,SD,B,,,0,0,2026,-0.43,-0.6,1.549747162765813,2.013352333828116,,,,1,6,Top,,,,,,,1.0922878184129827,-112.92336706663546,-0.3979238447958463,-3.8379441010571793,20.764667074524944,-37.47184540297179,3.346382874,1.68882874,,,,77.4,2354.0,6.2,825054,543510,694374,606466,571448,672695,596146,814439,682998,54.34,,,,,,,,45,1,Curveball,0,6,6,0,6,0,6,0,Standard,Standard,308.0,0.0,0.041,,,,,-0.041,,-6,6,0.029,0.971,33,27,33,27,4,3,6,1,5.0,1,4.39,-0.43,0.43,46.2,,,,,
CH,2026-08-04,86.4,1.33,6.01,"Tatis Jr., Fernando",665487,593958,field_out,hit_into_play,,,,,6.0,"Fernando Tatis Jr. grounds out, third baseman Nolan Arenado to first baseman Tim Tawa.",R,R,L,AZ,SD,X,5.0,ground_ball,0,0,2026,1.23,0.68,0.4096774068766946,2.4307479484901893,,,630105.0,2,3,Top,109.13,172.31,,,,,-4.71592403338714,-125.7438048954178,-3.4877917869017563,13.996100976963293,26.23650370983163,-24.422968873004685,3.346382874,1.68882874,4.0,75.4,-30.0,86.4,1893.0,6.3,825054,543510,694374,606466,571448,672695,596146,814439,682998,54.16,0.044,0.04,0.0,1.0,0.0,0.0,2.0,26,1,Changeup,0,6,6,0,6,0,6,0,Standard,Standard,131.0,0.005,-0.275,77.4,7.5,,0.047,0.275,88.0,-6,6,0.067,0.933,33,27,33,27,3,2,6,1,5.0,1,2.38,1.23,-1.23,43.1,16.358330043236528,-0.9623486305627068,32.94546561071872,41.76845711058445,34.18269231111181
CH,2026-08-04,87.0,1.22,6.06,"Tatis Jr., Fernando",665487,593958,force_out,hit_into_play,,,,,3.0,"Diamondbacks challenged (tag play), call on the field was overturned: Diamondbacks challenged (play at 1st), call on the field was upheld: Fernando Tatis Jr. grounds into a force out, fielded by third baseman Nolan Arenado. Jake Cronenworth out at 3rd. Jase Bowen to 2nd. Fernando Tatis Jr. to 1st.",R,R,L,AZ,SD,X,5.0,ground_ball,1,0,2026,1.3,0.33,0.494674604120207,3.3001771116007315,,630105.0,687749.0,0,2,Top,105.58,168.25,,,,,-4.431809961677854,-126.60069008519729,-0.9140837898502095,14.91004749340658,26.698515684651753,-28.6454162078986,3.346382874,1.68882874,4.0,81.7,-41.0,87.0,1987.0,6.3,825054,543510,694374,606466,571448,672695,596146,814439,682998,54.17,0.072,0.067,0.0,1.0,0.0,0.0,2.0,14,2,Changeup,0,3,3,0,3,0,3,0,Standard,Standard,133.0,0.034,-0.381,81.1,7.3,,0.075,0.381,88.0,-3,3,0.165,0.835,33,27,33,27,2,1,6,1,5.0,1,2.69,1.3,-1.3,42.8,18.26739561869796,3.0193143375399134,23.51282909522395,42.938630053928385,34.792868539154824
SI,2026-08-04,91.1,1.16,6.1,"Tatis Jr., Fernando",665487,593958,,ball,,,,,13.0,,R,R,L,AZ,SD,B,,,0,0,2026,1.17,1.12,-0.3150746669946325,1.368361364558589,,630105.0,687749.0,0,2,Top,,,,,,,-6.231741125273004,-132.34690240863432,-8.128931394748472,15.153359621268706,29.899698297262187,-17.426291297234172,3.346382874,1.68882874,,,,90.9,2258.0,6.4,825054,543510,694374,606466,571448,672695,596146,814439,682998,54.09,,,,,,,,14,1,Sinker,0,3,3,0,3,0,3,0,Standard,Standard,153.0,-0.004,0.051,,,,,-0.051,,-3,3,0.169,0.831,33,27,33,27,2,1,6,1,5.0,1,1.65,1.17,-1.17,45.4,,,,,
FF,2026-08-04,93.5,1.27,5.96,"Tatis Jr., Fernando",665487,593958,double,hit_into_play,,,,,13.0,"Fernando Tatis Jr. doubles (23) on a ground ball to left fielder Max Kepler, deflected by third baseman Nolan Arenado.",R,R,L,AZ,SD,X,5.0,ground_ball,2,0,2026,0.5,1.35,-0.9084279377527708,2.4283623677908284,,,,0,1,Top,47.08,124.51,,,,,-6.69165982327785,-135.99003158840802,-6.169995285558659,7.697262118927364,29.60905510808613,-14.244061182395996,3.346382874,1.68882874,94.0,105.5,4.0,93.8,2402.0,6.4,825054,543510,694374,606466,571448,672695,596146,814439,682998,54.05,0.606,0.578,1.25,1.0,1.0,1.0,4.0,1,3,4-Seam Fastball,0,0,0,0,0,0,0,0,Standard,Standard,152.0,-0.048,0.589,,,,0.703,-0.589,105.5,0,0,0.489,0.511,33,27,33,27,1,0,6,1,5.0,1,1.26,0.5,-0.5,43.2,,,,,
FC,2026-08-04,88.8,1.14,5.99,"Tatis Jr., Fernando",665487,593958,,ball,,,,,1.0,,R,R,L,AZ,SD,B,,,1,0,2026,-0.11,0.58,-0.7842964773525394,3.348439986087222,,,,0,1,Top,,,,,,,-4.443040515755742,-129.29718894364922,-1.460809632205911,-0.2739618975066089,27.219140902141586,-25.616387528026657,3.346382874,1.68882874,,,,89.0,2244.0,6.4,825054,543510,694374,606466,571448,672695,596146,814439,682998,54.07,,,,,,,,1,2,Cutter,0,0,0,0,0,0,0,0,Standard,Standard,171.0,-0.007,0.082,,,,,-0.082,,0,0,0.496,0.504,33,27,33,27,1,0,6,1,5.0,1,2.31,-0.11,0.11,43.6,,,,,
FF,2026-08-04,93.5,1.32,6.03,"Tatis Jr., Fernando",665487,593958,,ball,,,,,11.0,,R,R,L,AZ,SD,B,,,0,0,2026,0.48,1.46,-0.3982911848192614,4.22778130032153,,,,0,1,Top,,,,,,,-5.427438061706762,-136.08966776106232,-1.9955397792792064,7.13062806120932,31.117264620064507,-13.864508191392744,3.346382874,1.68882874,,,,93.2,2424.0,6.2,825054,543510,694374,606466,571448,672695,596146,814439,682998,54.3,,,,,,,,1,1,4-Seam Fastball,0,0,0,0,0,0,0,0,Standard,Standard,151.0,-0.004,0.042,,,,,-0.042,,0,0,0.5,0.5,33,27,33,27,1,0,6,1,5.0,1,1.16,0.48,-0.48,40.8,,,,,
ST,2026-08-03,84.3,-2.08,5.25,"Tatis Jr., Fernando",665487,694297,field_out,hit_into_play,,,,,5.0,Fernando Tatis Jr. lines out to center fielder Ryan Waldschmidt.,R,R,R,AZ,SD,X,8.0,line_drive,1,0,2026,0.65,0.62,0.1739833699290291,2.5697944368944476,,,,1,6,Top,140.51,62.47,,,,,3.847702131221553,-122.87175116251866,-0.9760898758695042,5.921049860281847,23.330737298947003,-25.88747627909695,3.346382874,1.68882874,340.0,92.5,23.0,84.6,2898.0,6.3,825095,543510,694374,606466,571448,672695,596146,814439,682998,54.2,0.157,0.185,0.0,1.0,0.0,0.0,3.0,41,2,Sweeper,3,0,0,3,0,3,0,3,Standard,Standard,92.0,0.018,-0.302,76.6,7.4,,0.283,0.302,92.5,3,-3,0.884,0.116,27,27,28,27,3,2,6,2,5.0,1,2.57,-0.65,-0.65,22.3,8.72876738589445,4.294709450852781,26.88326792974041,39.85313514898217,31.09887813323451
FF,2026-08-03,93.6,-1.75,5.66,"Tatis Jr., Fernando",665487,694297,,ball,,,,,11.0,,R,R,R,AZ,SD,B,,,0,0,2026,-0.78,1.09,-1.0941264549378684,2.8032790924789075,,,,1,6,Top,,,,,,,3.41802517319396,-136.3561780567007,-3.9302160760551135,-10.456762179304418,28.29574464680884,-17.89297816257769,3.346382874,1.68882874,,,,94.2,2493.0,6.5,825095,543510,694374,606466,571448,672695,596146,814439,682998,54.03,,,,,,,,41,1,4-Seam Fastball,3,0,0,3,0,3,0,3,Standard,Standard,218.0,-0.003,0.041,,,,,-0.041,,3,-3,0.887,0.113,27,27,28,27,3,2,6,2,5.0,1,1.49,0.78,0.78,31.5,,,,,
FF,2026-08-03,93.4,-1.75,5.57,"Tatis Jr., Fernando",665487,694297,field_out,hit_into_play,,,,,3.0,"Fernando Tatis Jr. grounds out, shortstop Geraldo Perdomo to first baseman Tim Tawa.",R,R,R,AZ,SD,X,6.0,ground_ball,0,0,2026,-0.42,1.3,0.391626785359156,2.9923647024802857,,,,2,3,Top,104.87,152.53,,,,,6.403363295367758,-135.87871722882602,-3.613995941863573,-6.567516175108957,29.28268539216824,-15.499392895226022,3.346382874,1.68882874,26.0,91.2,-5.0,93.8,2548.0,6.5,825095,543510,694374,606466,571448,672695,596146,814439,682998,53.98,0.206,0.185,0.0,1.0,0.0,0.0,2.0,19,1,4-Seam Fastball,0,0,0,0,0,0,0,0,Standard,Standard,222.0,0.012,-0.262,81.6,7.6,,0.256,0.262,91.2,0,0,0.543,0.457,27,27,28,27,2,1,6,2,5.0,1,1.31,0.42,0.42,27.0,15.88037983882336,-5.6630342267007245,28.087311729070223,42.15455996859875,36.451645918000914
FF,2026-08-03,100.2,-1.43,5.71,"Tatis Jr., Fernando",665487,666661,strikeout,swinging_strike,,,,,12.0,Fernando Tatis Jr. strikes out swinging.,R,R,R,AZ,SD,S,2.0,,2,2,2026,0.04,1.53,1.1306331010026798,3.27848794128608,,,823550.0,0,8,Top,,,,,,,6.897064958574809,-145.61024961405337,-4.817140921769969,-1.1753856060806096,37.68466631476942,-9.499796826854784,3.346382874,1.68882874,,,,100.1,2477.0,6.5,825095,543510,545121,606466,571448,672695,694374,678489,682998,53.98,,0.0,0.0,1.0,0.0,0.0,,59,5,4-Seam Fastball,3,1,1,3,1,3,1,3,Standard,Standard,205.0,0.051,-0.216,72.2,7.0,2.417305656,,0.216,,2,-2,0.802,0.198,27,27,27,27,1,3,2,2,3.0,1,0.76,-0.04,-0.04,45.1,7.41084928167576,12.068324138265968,25.567895645904656,52.330443698050345,17.611377452727368
CH,2026-08-03,92.6,-1.68,5.8,"Tatis Jr., Fernando",665487,666661,,swinging_strike,,,,,4.0,,R,R,R,AZ,SD,S,,,2,1,2026,-1.34,0.75,-0.4675125977454857,2.2724946076108576,,,823550.0,0,8,Top,,,,,,,6.024340552745024,-134.6078619664838,-4.5986783978056,-17.550432906001422,31.185599547012774,-22.269618048729328,3.346382874,1.68882874,,,,92.2,2400.0,6.3,825095,543510,545121,606466,571448,672695,694374,678489,682998,54.22,,,,,,,,59,4,Changeup,3,1,1,3,1,3,1,3,Standard,Standard,238.0,0.02,-0.07,82.4,8.1,0.93507996,,0.07,,2,-2,0.782,0.218,27,27,27,27,1,3,2,2,3.0,1,1.93,1.34,1.34,43.4,21.46377665424784,-24.185436635623404,29.70537926789925,34.02028281039415,39.77301377156691
CH,2026-08-03,93.6,-1.62,5.72,"Tatis Jr., Fernando",665487,666661,,ball,,,,,11.0,,R,R,R,AZ,SD,B,,,1,1,2026,-1.25,0.8,-1.9194000342039244,2.6331922431698267,,,823550.0,0,8,Top,,,,,,,2.045316258316202,-136.19201115282905,-3.7718622744098984,-15.952781861646663,32.43151718520708,-21.629167880255835,3.346382874,1.68882874,,,,93.2,2348.0,6.2,825095,543510,545121,606466,571448,672695,694374,678489,682998,54.25,,,,,,,,59,3,Changeup,3,1,1,3,1,3,1,3,Standard,Standard,236.0,-0.014,0.059,,,,,-0.059,,2,-2,0.796,0.204,27,27,27,27,1,3,2,2,3.0,1,1.82,1.25,1.25,44.8,,,,,
FF,2026-08-03,98.9,-1.56,5.74,"Tatis Jr., Fernando",665487,666661,,ball,,,,,11.0,,R,R,R,AZ,SD,B,,,0,1,2026,-0.1,1.61,-0.3117009192078693,4.028180780514086,,,823550.0,0,8,Top,,,,,,,3.5817243755419192,-143.8833447815809,-2.8248062707563557,-2.2831653980637494,37.84550869602609,-9.57752479745148,3.346382874,1.68882874,,,,98.3,2465.0,6.3,825095,543510,545121,606466,571448,672695,694374,678489,682998,54.21,,,,,,,,59,2,4-Seam Fastball,3,1,1,3,1,3,1,3,Standard,Standard,207.0,-0.006,0.026,,,,,-0.026,,2,-2,0.802,0.198,27,27,27,27,1,3,2,2,3.0,1,0.75,0.1,0.1,44.8,,,,,
CH,2026-08-03,93.6,-1.51,5.77,"Tatis Jr., Fernando",665487,666661,,swinging_strike,,,,,7.0,,R,R,R,AZ,SD,S,,,0,0,2026,-1.36,0.83,-0.3884728683029899,2.040529413553685,,,823550.0,0,8,Top,,,,,,,5.888235271075739,-136.05219607514493,-5.451276024894574,-18.190598381397148,32.848958722797185,-20.797628422861788,3.346382874,1.68882874,,,,92.9,2344.0,6.2,825095,543510,545121,606466,571448,672695,694374,678489,682998,54.34,,,,,,,,59,1,Changeup,3,1,1,3,1,3,1,3,Standard,Standard,236.0,0.009,-0.04,76.1,7.5,0.982748712,,0.04,,2,-2,0.793,0.207,27,27,27,27,1,3,2,2,3.0,1,1.8,1.36,1.36,49.2,17.76159613257568,-8.405993974614965,37.25047266807575,34.0851083115988,34.64253782675388
FF,2026-08-03,92.2,-1.87,5.56,"Tatis Jr., Fernando",665487,694297,field_out,hit_into_play,,,,,13.0,Fernando Tatis Jr. flies out to left fielder Max Kepler.,R,R,R,AZ,SD,X,7.0,fly_ball,0,0,2026,-0.68,1.24,-1.012055414308989,2.4940085838947033,,,,0,1,Top,45.48,79.42,,,,,3.6588388347254694,-134.28738911296392,-4.557867552697481,-8.979874552734884,27.13278225116151,-16.424357807964554,3.346382874,1.68882874,353.0,92.1,28.0,92.9,2438.0,6.5,825095,543510,694374,606466,571448,672695,596146,814439,682998,54.02,0.074,0.096,0.0,1.0,0.0,0.0,3.0,1,1,4-Seam Fastball,0,0,0,0,0,0,0,0,Standard,Standard,222.0,0.022,-0.259,72.5,7.2,,0.168,0.259,92.1,0,0,0.5,0.5,27,27,28,27,1,0,6,2,5.0,1,1.43,0.68,0.68,29.6,13.369079449881042,-9.809720046838914,38.60913207659468,26.28944395897037,36.203576656954304
FS,2026-08-01,87.1,-1.79,5.36,"Tatis Jr., Fernando",665487,641816,field_out,hit_into_play,,,,,3.0,"Fernando Tatis Jr. grounds out, shortstop Willy Adames to first baseman Rafael Devers.",R,R,R,SD,SF,X,6.0,ground_ball,0,0,2026,-1.22,0.52,0.4042105136211715,2.8543237336407064,,,,2,4,Bot,108.41,155.13,,,,,7.822521087176701,-126.71650679920074,-0.7700145918839512,-14.73156293828714,25.573310619583665,-26.579554204216297,3.346382874,1.68882874,13.0,104.5,-13.0,87.9,1736.0,6.8,823269,691740,646240,678545,683766,642715,671218,687551,808982,53.72,0.344,0.325,0.0,1.0,0.0,0.0,2.0,37,1,Split-Finger,4,3,4,3,3,4,4,3,Standard,Standard,233.0,-0.011,-0.262,86.4,7.5,,0.356,0.262,104.5,1,1,0.649,0.649,31,27,32,27,3,2,5,1,6.0,2,2.48,1.22,1.22,39.4,7.948962192482044,10.295663022305716,22.282044660341946,41.830315105987914,34.07204201347996
FF,2026-08-01,95.7,-1.3,5.48,"Tatis Jr., Fernando",665487,641816,field_out,hit_into_play,,,,,5.0,Fernando Tatis Jr. flies out to center fielder Drew Gilbert.,R,R,R,SD,SF,X,8.0,fly_ball,1,2,2026,-1.04,1.51,0.2428709338274963,2.267863452309528,,,,2,2,Bot,146.02,59.64,,,,,6.486883387872969,-139.035926168614,-6.1511492363010705,-14.953777267357976,33.3669838169211,-11.394665172546166,3.346382874,1.68882874,349.0,94.0,29.0,96.6,2344.0,7.1,823269,691740,646240,678545,683766,642715,671218,687551,808982,53.44,0.137,0.201,0.0,1.0,0.0,0.0,3.0,16,4,4-Seam Fastball,2,0,2,0,0,2,2,0,Standard,Standard,211.0,-0.006,-0.183,86.2,7.9,,0.355,0.183,94.0,2,2,0.718,0.718,31,27,32,27,2,1,5,1,6.0,2,1.0,1.04,1.04,45.8,3.2268601219383655,-15.314815723943315,41.3780382035131,39.96305857170914,29.46854121303184
FF,2026-08-01,94.5,-1.46,5.36,"Tatis Jr., Fernando",665487,641816,,foul,,,,,6.0,,R,R,R,SD,SF,S,,,1,1,2026,-0.98,1.5,0.6613777691612022,2.4972600095164745,,,,2,2,Bot,,,,,,,7.764689021220302,-137.31751735648135,-4.998320455884101,-14.097494111908356,31.164613719002464,-12.302491824372474,3.346382874,1.68882874,,,,95.5,2268.0,7.0,823269,691740,646240,678545,683766,642715,671218,687551,808982,53.52,,,,,,,,16,3,4-Seam Fastball,2,0,2,0,0,2,2,0,Standard,Standard,219.0,-0.002,-0.064,76.5,7.1,,,0.064,,2,2,0.72,0.72,31,27,32,27,2,1,5,1,6.0,2,1.07,0.98,0.98,42.5,-0.0959243445429191,26.495857343829773,25.83378913318689,45.90922142595535,17.63322539561716
FC,2026-08-01,87.6,-1.7,5.42,"Tatis Jr., Fernando",665487,641816,,foul,,,,,14.0,,R,R,R,SD,SF,S,,,1,0,2026,0.36,0.7,0.1641986414953432,1.327676524323577,,,,2,2,Bot,,,,,,,3.713580841161496,-127.47363126858544,-5.007864251170243,3.1778047730650876,26.725812890706475,-23.76429590324799,3.346382874,1.68882874,47.0,28.9,33.0,88.5,2482.0,6.9,823269,691740,646240,678545,683766,642715,671218,687551,808982,53.63,,,,,,,,16,2,Cutter,2,0,2,0,0,2,2,0,Standard,Standard,187.0,-0.001,-0.056,76.0,8.2,,,0.056,88.0,2,2,0.721,0.721,31,27,32,27,2,1,5,1,6.0,2,2.28,-0.36,-0.36,43.7,18.30827151634122,-8.861587864395236,35.89440565409384,39.45658277852772,42.05100622587837
FC,2026-08-01,88.4,-1.52,5.58,"Tatis Jr., Fernando",665487,641816,,ball,,,,,14.0,,R,R,R,SD,SF,B,,,0,0,2026,0.45,0.54,1.420975649411454,1.4897931374525464,,,,2,2,Bot,,,,,,,6.174531833723077,-128.53587737375753,-4.800584763579165,3.571397911449589,28.54225629706849,-25.313483297866316,3.346382874,1.68882874,,,,88.8,2431.0,6.8,823269,691740,646240,678545,683766,642715,671218,687551,808982,53.75,,,,,,,,16,1,Cutter,2,0,2,0,0,2,2,0,Standard,Standard,182.0,0.001,0.041,,,,,-0.041,,2,2,0.72,0.72,31,27,32,27,2,1,5,1,6.0,2,2.39,-0.45,-0.45,44.3,,,,,
SL,2026-08-01,88.1,-1.63,5.99,"Tatis Jr., Fernando",665487,676775,field_out,hit_into_play,,,,,9.0,"Fernando Tatis Jr. grounds out softly, pitcher Keaton Winn to first baseman Rafael Devers.",R,R,R,SD,SF,X,1.0,ground_ball,1,0,2026,-0.06,0.33,0.6411950513475765,2.0856094754923524,,,,1,7,Bot,131.04,186.07,,,,,5.560693961941241,-128.09277312726638,-3.76225504918152,-1.9453478116060732,29.342208643547057,-27.918281499302175,3.346382874,1.68882874,1.0,51.4,-57.0,87.5,2301.0,6.2,823269,691740,646240,678545,683766,642715,671218,687551,808982,54.27,0.273,0.246,0.0,1.0,0.0,0.0,1.0,58,2,Slider,5,3,5,3,3,5,5,3,Standard,Standard,231.0,-0.009,-0.302,32.1,6.3,,0.276,0.302,88.0,2,2,0.877,0.877,28,27,28,27,1,3,3,1,2.0,2,2.64,0.06,0.06,36.6,14.466005001713416,30.94824987071067,26.05656638837664,44.752400300682154,24.517047380065623
SI,2026-08-01,94.5,-1.45,6.06,"Tatis Jr., Fernando",665487,676775,,ball,,,,,14.0,,R,R,R,SD,SF,B,,,0,0,2026,-1.37,0.41,0.8265880163249175,0.9508181376667648,,,,1,7,Bot,,,,,,,8.962119156619417,-137.185257298316,-8.267411260849858,-19.27462458430862,29.878046834896026,-25.28153944508965,3.346382874,1.68882874,,,,94.5,2353.0,6.4,823269,691740,646240,678545,683766,642715,671218,687551,808982,54.1,,,,,,,,58,1,Sinker,5,3,5,3,3,5,5,3,Standard,Standard,225.0,0.001,0.041,,,,,-0.041,,2,2,0.876,0.876,28,27,28,27,1,3,3,1,2.0,2,2.15,1.37,1.37,39.5,,,,,
FS,2026-08-01,86.4,-1.52,5.71,"Tatis Jr., Fernando",665487,641816,strikeout,swinging_strike,,,,,14.0,Fernando Tatis Jr. strikes out swinging.,R,R,R,SD,SF,S,2.0,,2,2,2026,-1.15,0.61,0.9887068772745432,1.2851356866329255,,,,0,1,Bot,,,,,,,8.336704843325169,-125.50963002001065,-5.384498014108624,-13.831935282860409,23.49717167717816,-24.851611457590565,3.346382874,1.68882874,,,,87.1,1816.0,6.6,823269,691740,646240,678545,683766,642715,671218,687551,808982,53.86,,0.0,0.0,1.0,0.0,0.0,,4,5,Split-Finger,0,0,0,0,0,0,0,0,Standard,Standard,229.0,-0.019,-0.232,,,,,0.232,,0,0,0.545,0.545,31,27,32,27,1,0,5,1,6.0,2,2.44,1.15,1.15,41.6,,,,,
FF,2026-08-01,93.0,-1.54,5.78,"Tatis Jr., Fernando",665487,641816,,ball,,,,,11.0,,R,R,R,SD,SF,B,,,1,2,2026,-0.99,1.49,-0.72973520414713,4.678668854478699,,,,0,1,Bot,,,,,,,4.314530343590093,-135.37166684471353,-0.2151877339559025,-13.17619573656736,29.99082303057998,-14.07112466952916,3.346382874,1.68882874,,,,93.6,2212.0,6.7,823269,691740,646240,678545,683766,642715,671218,687551,808982,53.83,,,,,,,,4,4,4-Seam Fastball,0,0,0,0,0,0,0,0,Standard,Standard,211.0,0.004,0.046,,,,,-0.046,,0,0,0.541,0.541,31,27,32,27,1,0,5,1,6.0,2,1.15,0.99,0.99,51.1,,,,,
FF,2026-08-01,92.2,-1.48,5.7,"Tatis Jr., Fernando",665487,641816,,ball,,,,,11.0,,R,R,R,SD,SF,B,,,0,2,2026,-1.01,1.35,-0.3384631994036652,3.872981717969172,,,,0,1,Bot,,,,,,,5.133148369583005,-134.18712814208382,-1.6344415704014943,-13.266987087614826,29.73888916201195,-15.728402134262623,3.346382874,1.68882874,,,,92.8,2160.0,6.7,823269,691740,646240,678545,683766,642715,671218,687551,808982,53.83,,,,,,,,4,3,4-Seam Fastball,0,0,0,0,0,0,0,0,Standard,Standard,211.0,0.002,0.022,,,,,-0.022,,0,0,0.539,0.539,31,27,32,27,1,0,5,1,6.0,2,1.33,1.01,1.01,46.4,,,,,
FS,2026-08-01,85.6,-1.79,5.42,"Tatis Jr., Fernando",665487,641816,,called_strike,,,,,6.0,,R,R,R,SD,SF,S,,,0,1,2026,-1.08,0.54,0.5450639621519326,2.463157765745657,,,,0,1,Bot,,,,,,,7.7321901507883135,-124.42913981646583,-1.6157115528733568,-12.787953406393624,24.641805952270676,-26.401891104401106,3.346382874,1.68882874,,,,86.4,1603.0,6.9,823269,691740,646240,678545,683766,642715,671218,687551,808982,53.65,,,,,,,,4,2,Split-Finger,0,0,0,0,0,0,0,0,Standard,Standard,234.0,-0.006,-0.054,,,,,0.054,,0,0,0.545,0.545,31,27,32,27,1,0,5,1,6.0,2,2.57,1.08,1.08,37.8,,,,,
FF,2026-08-01,93.0,-1.53,5.45,"Tatis Jr., Fernando",665487,641816,,called_strike,,,,,9.0,,R,R,R,SD,SF,S,,,0,0,2026,-1.19,1.28,0.8058255808667021,2.1532022648301554,,,,0,1,Bot,,,,,,,8.636803883217917,-135.0974301245651,-5.348887401255284,-16.435594357359662,29.6174918596451,-15.481681520677354,3.346382874,1.68882874,,,,93.8,2153.0,6.9,823269,691740,646240,678545,683766,642715,671218,687551,808982,53.61,,,,,,,,4,1,4-Seam Fastball,0,0,0,0,0,0,0,0,Standard,Standard,217.0,-0.003,-0.041,,,,,0.041,,0,0,0.548,0.548,31,27,32,27,1,0,5,1,6.0,2,1.36,1.19,1.19,42.8,,,,,
,2026-08-01,,,,"Tatis Jr., Fernando",665487,681916,,automatic_ball,,,,,,,R,R,R,SD,SF,B,,,2,0,2026,,,,,593428.0,,,2,9,Bot,,,,,,,,,,,,,,,,,,,,,823269,691740,646240,801501,678545,642715,671218,687551,808982,,,,,,,,,78,3,,5,5,5,5,5,5,5,5,,,,0.002,,,,,,,,0,0,0.633,0.633,26,27,26,27,1,4,2,1,1.0,2,,,,,,,,,
,2026-08-01,,,,"Tatis Jr., Fernando",665487,681916,,automatic_ball,,,,,,,R,R,R,SD,SF,B,,,0,0,2026,,,,,593428.0,,,2,9,Bot,,,,,,,,,,,,,,,,,,,,,823269,691740,646240,801501,678545,642715,671218,687551,808982,,,,,,,,,78,1,,5,5,5,5,5,5,5,5,,,,0.001,,,,,,,,0,0,0.631,0.631,26,27,26,27,1,4,2,1,1.0,2,,,,,,,,,
,2026-08-01,,,,"Tatis Jr., Fernando",665487,681916,intent_walk,automatic_ball,,,,,,Dylan Smith intentionally walks Fernando Tatis Jr.,R,R,R,SD,SF,B,,,3,0,2026,,,,,593428.0,,,2,9,Bot,,,,,,,,,,,,,,,,,,,,,823269,691740,646240,801501,678545,642715,671218,687551,808982,,,,0.4,,0.0,0.0,,78,4,,5,5,5,5,5,5,5,5,,,,0.002,,,,,,,,0,0,0.635,0.635,26,27,26,27,1,4,2,1,1.0,2,,,,,,,,,
,2026-08-01,,,,"Tatis Jr., Fernando",665487,681916,,automatic_ball,,,,,,,R,R,R,SD,SF,B,,,1,0,2026,,,,,593428.0,,,2,9,Bot,,,,,,,,,,,,,,,,,,,,,823269,691740,646240,801501,678545,642715,671218,687551,808982,,,,,,,,,78,2,,5,5,5,5,5,5,5,5,,,,0.001,,,,,,,,0,0,0.632,0.632,26,27,26,27,1,4,2,1,1.0,2,,,,,,,,,
FF,2026-07-31,91.8,1.57,6.19,"Tatis Jr., Fernando",665487,687931,walk,ball,,,,,13.0,Fernando Tatis Jr. walks.,R,R,L,SD,SF,B,,,3,2,2026,0.68,1.53,-1.2651992299391106,2.307543088305428,,,,1,4,Bot,,,,,,,-8.642269964008705,-133.3871505615584,-7.162718726724276,9.94679134004544,27.376648583799884,-12.530082987675112,3.346382874,1.68882874,,,,92.7,2271.0,6.8,823272,701852,646240,650333,683766,642715,671218,687529,808982,53.72,,0.698418,0.7,1.0,0.0,0.0,,32,7,4-Seam Fastball,4,0,4,0,0,4,4,0,Standard,Standard,149.0,0.007,0.339,,,,,-0.339,,4,4,0.906,0.906,25,27,26,27,3,2,5,1,5.0,1,1.17,0.68,-0.68,54.2,,,,,
CH,2026-07-31,84.3,2.16,5.78,"Tatis Jr., Fernando",665487,687931,,foul,,,,,7.0,,R,R,L,SD,SF,S,,,3,2,2026,1.48,0.52,-0.3394165342371973,2.092305060298082,,,,1,4,Bot,,,,,,,-8.735294695245452,-122.4026703143084,-3.004202779647746,16.58367451814377,24.247701599349217,-26.584494681708986,3.346382874,1.68882874,377.0,105.1,35.0,84.5,2015.0,6.5,823272,701852,646240,650333,683766,642715,671218,687529,808982,53.97,,,,,,,,32,6,Changeup,4,0,4,0,0,4,4,0,Standard,Standard,114.0,0.0,0.0,74.8,8.0,,,0.0,105.1,4,4,0.906,0.906,25,27,26,27,3,2,5,1,5.0,1,2.71,1.48,-1.48,42.3,22.19005174806992,-19.903760380009818,32.76293019578185,33.0668550533435,48.23026790380298
CH,2026-07-31,82.6,1.99,5.82,"Tatis Jr., Fernando",665487,687931,,swinging_strike,,,,,14.0,,R,R,L,SD,SF,S,,,3,1,2026,1.2,0.36,0.2418116536575556,1.5354898574720068,,,,1,4,Bot,,,,,,,-6.326625309652802,-120.08377973716038,-3.763404377342055,12.823789768863715,22.52173991407517,-28.11906669377869,3.346382874,1.68882874,,,,83.0,1956.0,6.5,823272,701852,646240,650333,683766,642715,671218,687529,808982,53.97,,,,,,,,32,5,Changeup,4,0,4,0,0,4,4,0,Standard,Standard,115.0,-0.002,-0.092,50.3,6.7,0.365211828,,0.092,,4,4,0.908,0.908,25,27,26,27,3,2,5,1,5.0,1,2.97,1.2,-1.2,43.7,0.4423545892844594,20.30277975084883,34.81831771849492,40.99028651080609,16.91397536390526
FF,2026-07-31,93.0,1.6,6.15,"Tatis Jr., Fernando",665487,687931,,ball,,,,,13.0,,R,R,L,SD,SF,B,,,2,1,2026,0.78,1.49,-1.2773492188892566,2.1458637925571535,,,,1,4,Bot,,,,,,,-9.037121182958613,-134.97227695168633,-7.598883186828148,11.439608291637912,29.316076709910465,-12.434051278351806,3.346382874,1.68882874,,,,93.4,2376.0,6.7,823272,701852,646240,650333,683766,642715,671218,687529,808982,53.85,,,,,,,,32,4,4-Seam Fastball,4,0,4,0,0,4,4,0,Standard,Standard,141.0,0.002,0.128,,,,,-0.128,,4,4,0.906,0.906,25,27,26,27,3,2,5,1,5.0,1,1.16,0.78,-0.78,54.8,,,,,
CH,2026-07-31,83.0,2.16,5.79,"Tatis Jr., Fernando",665487,687931,,swinging_strike,,,,,8.0,,R,R,L,SD,SF,S,,,2,0,2026,1.31,0.37,-0.1828496530912182,1.6349465936149978,,,,1,4,Bot,,,,,,,-7.924116198972456,-120.61969550964524,-3.5267459620189987,14.372884230540372,23.619600011445943,-28.06933663691618,3.346382874,1.68882874,,,,83.2,1771.0,6.5,823272,701852,646240,650333,683766,642715,671218,687529,808982,54.01,,,,,,,,32,3,Changeup,4,0,4,0,0,4,4,0,Standard,Standard,111.0,-0.001,-0.069,80.4,8.7,2.877878388,,0.069,,4,4,0.907,0.907,25,27,26,27,3,2,5,1,5.0,1,2.95,1.31,-1.31,43.4,22.44790983679735,-41.087805296144694,29.80809866106285,35.938138293246865,56.68669986548252
SL,2026-07-31,83.0,1.84,5.86,"Tatis Jr., Fernando",665487,687931,,ball,,,,,13.0,,R,R,L,SD,SF,B,,,1,0,2026,-0.02,-0.06,-0.5698296277316323,0.295854153926625,,,,1,4,Bot,,,,,,,-5.4323603785302215,-120.80514592926797,-5.90237200354206,0.8755717973058756,22.779590103606463,-31.7960938196815,3.346382874,1.68882874,,,,83.3,2567.0,6.4,823272,701852,646240,650333,683766,642715,671218,687529,808982,54.11,,,,,,,,32,2,Slider,4,0,4,0,0,4,4,0,Standard,Standard,317.0,0.001,0.075,,,,,-0.075,,4,4,0.906,0.906,25,27,26,27,3,2,5,1,5.0,1,3.35,-0.02,0.02,46.9,,,,,
CH,2026-07-31,81.4,2.04,5.81,"Tatis Jr., Fernando",665487,687931,,ball,,,,,13.0,,R,R,L,SD,SF,B,,,0,0,2026,1.27,0.44,-0.8515837549874998,0.8361197695281537,,,,1,4,Bot,,,,,,,-8.910396325544248,-118.20480853209054,-5.175015224739654,13.54165772840975,21.7615787339142,-27.20909662332218,3.346382874,1.68882874,,,,81.8,1833.0,6.6,823272,701852,646240,650333,683766,642715,671218,687529,808982,53.87,,,,,,,,32,1,Changeup,4,0,4,0,0,4,4,0,Standard,Standard,118.0,0.001,0.041,,,,,-0.041,,4,4,0.905,0.905,25,27,26,27,3,2,5,1,5.0,1,3.0,1.27,-1.27,45.9,,,,,
SI,2026-07-31,93.6,-1.36,5.6,"Tatis Jr., Fernando",665487,605288,field_out,hit_into_play,,,,,13.0,Fernando Tatis Jr. flies out to left fielder Drew Gilbert.,R,R,R,SD,SF,X,7.0,fly_ball,0,0,2026,-1.51,0.67,-0.926580165855356,2.2464508619268213,,,,0,8,Bot,93.95,83.66,,,,,4.502941998822626,-136.28340300518073,-4.189713501849941,-19.827713291033668,30.747214557419603,-23.14984412474516,3.346382874,1.68882874,297.0,84.2,39.0,93.6,2320.0,6.3,823272,701852,646240,678545,683766,642715,687551,687529,808982,54.21,0.009,0.008,0.0,1.0,0.0,0.0,3.0,64,1,Sinker,7,0,7,0,0,7,7,0,Standard,Standard,222.0,0.0,-0.259,80.7,7.4,,0.014,0.259,88.0,7,7,0.999,0.999,33,27,33,27,2,4,5,1,4.0,1,1.94,1.51,1.51,36.4,9.187618115606565,-7.618649514107583,36.71567881002563,27.824495772650813,35.03654494627033
FF,2026-07-31,91.5,1.72,6.21,"Tatis Jr., Fernando",665487,687931,walk,ball,,,,,12.0,Fernando Tatis Jr. walks. Jase Bowen to 2nd.,R,R,L,SD,SF,B,,,3,0,2026,0.74,1.42,1.2426238356027075,4.56687485823519,,,687749.0,1,2,Bot,,,,,,,-2.833993870490392,-133.26869124230382,-1.237719530601206,9.474867602034328,29.336080310725418,-15.191926960065611,3.346382874,1.68882874,,,,91.6,2265.0,6.3,823272,701852,646240,650333,683766,642715,671218,687529,808982,54.18,,0.698418,0.7,1.0,0.0,0.0,,16,4,4-Seam Fastball,2,0,2,0,0,2,2,0,Standard,Standard,144.0,0.01,0.117,,,,,-0.117,,2,2,0.764,0.764,25,27,26,27,2,1,5,1,5.0,1,1.3,0.74,-0.74,52.0,,,,,
CH,2026-07-31,82.6,2.12,5.87,"Tatis Jr., Fernando",665487,687931,,blocked_ball,,,,,13.0,,R,R,L,SD,SF,B,,,2,0,2026,1.32,0.43,-0.5117942502753103,0.6751334371130331,,,687749.0,1,2,Bot,,,,,,,-8.538312954538595,-119.92912445064246,-5.909471300128273,14.341589913870946,22.965526168019988,-27.00642580984279,3.346382874,1.68882874,,,,82.8,1923.0,6.5,823272,701852,646240,650333,683766,642715,671218,687529,808982,53.98,,,,,,,,16,3,Changeup,2,0,2,0,0,2,2,0,Standard,Standard,107.0,0.008,0.096,,,,,-0.096,,2,2,0.756,0.756,25,27,26,27,2,1,5,1,5.0,1,2.92,1.32,-1.32,42.2,,,,,
SL,2026-07-31,85.0,1.9,5.95,"Tatis Jr., Fernando",665487,687931,,ball,,,,,11.0,,R,R,L,SD,SF,B,,,1,0,2026,0.0,0.05,-0.983750042172552,3.650236609228159,,,687749.0,1,2,Bot,,,,,,,-6.671052703964588,-123.62742976402052,0.9956383545827628,1.305384616410047,24.23032399068984,-32.06401985196587,3.346382874,1.68882874,,,,85.1,2510.0,6.3,823272,701852,646240,650333,683766,642715,671218,687529,808982,54.19,,,,,,,,16,2,Slider,2,0,2,0,0,2,2,0,Standard,Standard,306.0,0.004,0.066,,,,,-0.066,,2,2,0.752,0.752,25,27,26,27,2,1,5,1,5.0,1,3.1,0.0,0.0,47.1,,,,,
CH,2026-07-31,81.4,2.12,5.87,"Tatis Jr., Fernando",665487,687931,,blocked_ball,,,,,13.0,,R,R,L,SD,SF,B,,,0,0,2026,1.31,0.61,-0.9164530017129996,0.4388937231308358,,,687749.0,1,2,Bot,,,,,,,-9.243427117476177,-118.02970794876838,-6.432564190357339,14.0012552179782,22.57572855537486,-25.422562482535483,3.346382874,1.68882874,,,,81.0,1949.0,6.3,823272,701852,646240,650333,683766,642715,671218,687529,808982,54.24,,,,,,,,16,1,Changeup,2,0,2,0,0,2,2,0,Standard,Standard,110.0,0.003,0.034,,,,,-0.034,,2,2,0.749,0.749,25,27,26,27,2,1,5,1,5.0,1,2.86,1.31,-1.31,45.0,,,,,
SI,2026-07-31,96.2,-1.47,5.43,"Tatis Jr., Fernando",665487,605288,field_out,hit_into_play,,,,,13.0,"Fernando Tatis Jr. grounds out, third baseman Christian Koss to first baseman Rafael Devers.",R,R,R,SD,SF,X,5.0,ground_ball,1,1,2026,-1.44,0.51,-0.8025067560873149,1.4049242637126185,669134.0,,666023.0,2,5,Bot,109.68,173.38,,,,,5.124849102865769,-139.9069168106642,-6.058664599888,-20.076827990087075,31.959331923250417,-24.26764828436858,3.346382874,1.68882874,1.0,83.3,-48.0,96.9,2370.0,6.7,823272,701852,646240,650333,683766,642715,671218,687529,808982,53.77,0.153,0.138,0.0,1.0,0.0,0.0,2.0,44,3,Sinker,6,0,6,0,0,6,6,0,Standard,Standard,220.0,-0.005,-0.285,65.3,7.3,,0.156,0.285,88.0,6,6,0.978,0.978,33,27,33,27,1,3,5,1,4.0,1,1.96,1.44,1.44,33.5,-2.5282655272446073,10.137089590201306,39.87008499946775,29.991539128722497,21.4681913418702
SL,2026-07-31,90.2,-1.49,5.45,"Tatis Jr., Fernando",665487,605288,,blocked_ball,,,,,14.0,,R,R,R,SD,SF,B,,,0,1,2026,0.01,0.19,0.8480763738306804,0.7881608133314733,669134.0,,666023.0,2,5,Bot,,,,,,,5.763465854116833,-131.2341752873474,-5.8412469562195195,-1.1071168941039349,28.40416672721472,-28.863481091636515,3.346382874,1.68882874,,,,91.1,2489.0,6.9,823272,701852,646240,650333,683766,642715,671218,687529,808982,53.59,,,,,,,,44,2,Slider,6,0,6,0,0,6,6,0,Standard,Standard,169.0,0.001,0.017,,,,,-0.017,,6,6,0.977,0.977,33,27,33,27,1,3,5,1,4.0,1,2.61,-0.01,-0.01,35.1,,,,,
SI,2026-07-31,96.2,-1.39,5.47,"Tatis Jr., Fernando",665487,605288,,called_strike,,,,,8.0,,R,R,R,SD,SF,S,,,0,0,2026,-1.4,0.54,-0.0110607437002372,2.016669510008583,669134.0,,666023.0,2,5,Bot,,,,,,,6.917262700744045,-139.85449375807823,-4.61315561916666,-19.903595067748608,32.446048754040255,-24.2370904203775,3.346382874,1.68882874,,,,97.0,2179.0,6.9,823272,701852,646240,650333,683766,642715,671218,687529,808982,53.64,,,,,,,,44,1,Sinker,6,0,6,0,0,6,6,0,Standard,Standard,227.0,-0.001,-0.029,,,,,0.029,,6,6,0.978,0.978,33,27,33,27,1,3,5,1,4.0,1,1.93,1.4,1.4,35.0,,,,,
FF,2026-07-31,93.9,1.76,6.29,"Tatis Jr., Fernando",665487,687931,double,hit_into_play,,,,,12.0,Fernando Tatis Jr. doubles (22) on a sharp line drive to center fielder Grant McCray.,R,R,L,SD,SF,X,8.0,line_drive,0,0,2026,0.8,1.32,0.9246930152449956,2.834335623101317,,,,0,1,Bot,158.99,58.52,,,,,-3.965768552086038,-136.56918674692588,-5.984888831887359,10.93361244621184,30.714030905600243,-14.526967522090278,3.346382874,1.68882874,357.0,107.7,19.0,94.2,2219.0,6.6,823272,701852,646240,650333,683766,642715,671218,687529,808982,53.94,0.709,0.969,1.25,1.0,1.0,1.0,6.0,4,1,4-Seam Fastball,0,0,0,0,0,0,0,0,Standard,Standard,145.0,0.059,0.713,,,,1.587,-0.713,107.7,0,0,0.548,0.548,25,27,26,27,1,0,5,1,5.0,1,1.27,0.8,-0.8,52.5,,,,,
KC,2026-07-30,80.7,2.82,5.9,"Tatis Jr., Fernando",665487,592662,field_out,hit_into_play,,,,,5.0,"Fernando Tatis Jr. grounds out, third baseman Christian Koss to first baseman Rafael Devers.",R,R,L,SD,SF,X,5.0,ground_ball,3,2,2026,-0.31,-0.62,-0.0808690971926558,2.2196226781183155,,,,0,6,Bot,103.16,166.88,,,,,-5.7690692981313525,-117.55971500631358,-0.160775669036304,-1.8942273015186903,20.74563925509372,-38.13585814803034,3.346382874,1.68882874,5.0,81.0,-25.0,81.0,2224.0,6.2,823271,691740,646240,650333,683766,642715,671218,687529,808982,54.25,0.066,0.064,0.0,1.0,0.0,0.0,2.0,48,7,Knuckle Curve,1,4,1,4,4,1,1,4,Standard,Standard,309.0,-0.035,-0.346,73.9,7.4,,0.069,0.346,88.0,-3,-3,0.17,0.17,34,27,35,27,3,2,5,1,8.0,1,4.09,-0.31,0.31,42.2,11.162051675817803,-1.9386346846036004,28.677987466938355,37.87930951605179,35.32568975963375
KC,2026-07-30,81.6,2.74,5.86,"Tatis Jr., Fernando",665487,592662,,ball,,,,,14.0,,R,R,L,SD,SF,B,,,2,2,2026,-0.12,-0.85,0.7828021166668484,1.0174606633665495,,,,0,6,Bot,,,,,,,-4.109201482477801,-118.74689987733474,-2.362354993667825,-0.327429943752388,23.367240092651084,-39.94246024295347,3.346382874,1.68882874,,,,81.4,2252.0,6.2,823271,691740,646240,650333,683766,642715,671218,687529,808982,54.28,,,,,,,,48,6,Knuckle Curve,1,4,1,4,4,1,1,4,Infield shade,Standard,323.0,0.011,0.113,,,,,-0.113,,-3,-3,0.159,0.159,34,27,35,27,3,2,5,1,8.0,1,4.28,-0.12,0.12,44.5,,,,,
CH,2026-07-30,86.2,2.6,5.94,"Tatis Jr., Fernando",665487,592662,,ball,,,,,13.0,,R,R,L,SD,SF,B,,,1,2,2026,0.85,0.89,-0.5706473178853826,-0.8179770131196733,,,,0,6,Bot,,,,,,,-9.154086942121474,-124.86008287557266,-11.30022618097493,10.725568623631805,24.166809135846165,-20.691986680066957,3.346382874,1.68882874,,,,86.0,1576.0,6.3,823271,691740,646240,650333,683766,642715,671218,687529,808982,54.19,,,,,,,,48,5,Changeup,1,4,1,4,4,1,1,4,Infield shade,Standard,161.0,0.004,0.046,,,,,-0.046,,-3,-3,0.155,0.155,34,27,35,27,3,2,5,1,8.0,1,2.19,0.85,-0.85,46.1,,,,,
SI,2026-07-30,93.1,2.53,5.97,"Tatis Jr., Fernando",665487,592662,,ball,,,,,12.0,,R,R,L,SD,SF,B,,,0,2,2026,1.11,1.07,0.7122179198424166,3.8799890188878265,,,,0,6,Bot,,,,,,,-7.089782847805281,-135.3580768151,-1.7817828188799314,15.224576291321872,29.89042340490565,-18.86177765790612,3.346382874,1.68882874,,,,93.1,2203.0,6.4,823271,691740,646240,650333,683766,642715,671218,687529,808982,54.13,,,,,,,,48,4,Sinker,1,4,1,4,4,1,1,4,Standard,Standard,145.0,0.003,0.022,,,,,-0.022,,-3,-3,0.152,0.152,34,27,35,27,3,2,5,1,8.0,1,1.57,1.11,-1.11,42.9,,,,,
CH,2026-07-30,86.6,2.59,5.95,"Tatis Jr., Fernando",665487,592662,,foul,,,,,8.0,,R,R,L,SD,SF,S,,,0,2,2026,0.96,0.53,0.2429506665405869,2.189458955731579,,,,0,6,Bot,,,,,,,-7.533081654144819,-125.9412616356096,-3.627851623087672,11.715129683261516,25.91567257144743,-26.031220631814627,3.346382874,1.68882874,3.0,61.5,-40.0,86.7,1502.0,6.4,823271,691740,646240,650333,683766,642715,671218,687529,808982,54.08,,,,,,,,48,3,Changeup,1,4,1,4,4,1,1,4,Standard,Standard,156.0,0.0,0.0,71.7,8.5,,,0.0,88.0,-3,-3,0.152,0.152,34,27,35,27,3,2,5,1,8.0,1,2.52,0.96,-0.96,44.7,22.806560166334307,-17.461197248619882,17.937305874402174,41.50455068377546,43.16593032595017
FF,2026-07-30,93.6,2.49,6.0,"Tatis Jr., Fernando",665487,592662,,foul,,,,,4.0,,R,R,L,SD,SF,S,,,0,1,2026,0.69,1.25,-0.628046896248946,2.8258805380550287,,,,0,6,Bot,,,,,,,-9.478809883736512,-135.97507107735322,-5.013204443290389,10.713785778196597,30.24101589224362,-15.752821443141158,3.346382874,1.68882874,43.0,78.7,0.0,93.4,2223.0,6.3,823271,691740,646240,650333,683766,642715,671218,687529,808982,54.23,,,,,,,,48,2,4-Seam Fastball,1,4,1,4,4,1,1,4,Standard,Standard,143.0,-0.007,-0.054,36.5,4.6,,,0.054,88.0,-3,-3,0.159,0.159,34,27,35,27,3,2,5,1,8.0,1,1.37,0.69,-0.69,47.8,-14.86770946159078,57.187621556570186,31.765259766311193,31.587358602020505,0.7347074636404987
FF,2026-07-30,91.9,2.58,5.97,"Tatis Jr., Fernando",665487,592662,,called_strike,,,,,13.0,,R,R,L,SD,SF,S,,,0,0,2026,0.73,1.33,-0.1583289994931165,1.5411352165544383,,,,0,6,Bot,,,,,,,-8.469000080571425,-133.30516786326146,-8.029147752081304,10.570804498451958,29.691188419757875,-14.67007933642578,3.346382874,1.68882874,,,,91.9,2199.0,6.6,823271,691740,646240,650333,683766,642715,671218,687529,808982,53.95,,,,,,,,48,1,4-Seam Fastball,1,4,1,4,4,1,1,4,Standard,Standard,141.0,-0.004,-0.041,,,,,0.041,,-3,-3,0.163,0.163,34,27,35,27,3,2,5,1,8.0,1,1.39,0.73,-0.73,48.5,,,,,
FF,2026-07-30,92.7,2.49,6.02,"Tatis Jr., Fernando",665487,592662,field_out,hit_into_play,,,,,1.0,Fernando Tatis Jr. flies out to left fielder Heliot Ramos.,R,R,L,SD,SF,X,7.0,fly_ball,3,2,2026,0.69,1.39,-0.560724385374819,2.864236106874627,,,,1,3,Bot,99.33,77.08,,,,,-9.216139782927252,-134.6519043951876,-5.1448193187734415,10.426405493691696,29.143238255720124,-14.30914593853557,3.346382874,1.68882874,310.0,87.1,34.0,92.6,2394.0,6.3,823271,691740,646240,650333,683766,642715,671218,687529,808982,54.16,0.011,0.017,0.0,1.0,0.0,0.0,3.0,25,6,4-Seam Fastball,1,3,1,3,3,1,1,3,Standard,Standard,146.0,-0.023,-0.345,,,,0.031,0.345,88.0,-2,-2,0.305,0.305,34,27,35,27,2,1,5,1,8.0,1,1.27,0.69,-0.69,47.1,,,,,
FF,2026-07-30,93.1,2.62,5.97,"Tatis Jr., Fernando",665487,592662,,called_strike,,,,,5.0,,R,R,L,SD,SF,S,,,3,1,2026,0.7,1.33,-0.0822807992195858,2.4922264556530997,,,,1,3,Bot,,,,,,,-8.391674990985912,-135.2645383908095,-5.8922392356873035,10.438127614623577,29.46687982880487,-14.658215230747563,3.346382874,1.68882874,,,,93.0,2360.0,6.3,823271,691740,646240,650333,683766,642715,671218,687529,808982,54.21,,,,,,,,25,5,4-Seam Fastball,1,3,1,3,3,1,1,3,Infield shade,Standard,137.0,-0.008,-0.092,,,,,0.092,,-2,-2,0.313,0.313,34,27,35,27,2,1,5,1,8.0,1,1.3,0.7,-0.7,43.9,,,,,
SI,2026-07-30,93.3,2.67,5.92,"Tatis Jr., Fernando",665487,592662,,called_strike,,,,,6.0,,R,R,L,SD,SF,S,,,3,0,2026,1.16,0.98,0.4869833127966689,2.6691178374656293,,,,1,3,Bot,,,,,,,-8.114929555353525,-135.59661432194395,-4.569145523692523,16.045625437172596,29.74646320224892,-19.31116731426412,3.346382874,1.68882874,,,,93.3,2232.0,6.4,823271,691740,646240,650333,683766,642715,671218,687529,808982,54.15,,,,,,,,25,4,Sinker,1,3,1,3,3,1,1,3,Infield shade,Standard,144.0,-0.006,-0.078,,,,,0.078,,-2,-2,0.319,0.319,34,27,35,27,2,1,5,1,8.0,1,1.65,1.16,-1.16,43.7,,,,,
KC,2026-07-30,80.9,2.69,6.05,"Tatis Jr., Fernando",665487,592662,,ball,,,,,13.0,,R,R,L,SD,SF,B,,,2,0,2026,-0.45,-0.36,-1.4902689580322588,1.5027517533245884,,,,1,3,Bot,,,,,,,-8.285973495708259,-117.59046104546562,-2.516675801666688,-2.568922827227732,22.926437435323308,-35.22977535169807,3.346382874,1.68882874,,,,80.5,2213.0,6.2,823271,691740,646240,650333,683766,642715,671218,687529,808982,54.35,,,,,,,,25,3,Knuckle Curve,1,3,1,3,3,1,1,3,Infield shade,Standard,320.0,0.009,0.138,,,,,-0.138,,-2,-2,0.31,0.31,34,27,35,27,2,1,5,1,8.0,1,3.86,-0.45,0.45,42.5,,,,,
CH,2026-07-30,86.1,2.65,6.15,"Tatis Jr., Fernando",665487,592662,,ball,,,,,7.0,,R,R,L,SD,SF,B,,,1,0,2026,0.99,0.85,-0.786508820719847,1.6323404345840655,,,,1,3,Bot,,,,,,,-10.055431169643333,-124.95739488110584,-5.967995657109223,12.352281672186669,24.47135879005976,-22.21954715401092,3.346382874,1.68882874,,,,86.0,1688.0,6.3,823271,691740,646240,650333,683766,642715,671218,687529,808982,54.21,,,,,,,,25,2,Changeup,1,3,1,3,3,1,1,3,Infield shade,Standard,152.0,0.006,0.075,,,,,-0.075,,-2,-2,0.304,0.304,34,27,35,27,2,1,5,1,8.0,1,2.23,0.99,-0.99,44.6,,,,,
KC,2026-07-30,78.4,2.65,6.09,"Tatis Jr., Fernando",665487,592662,,ball,,,,,13.0,,R,R,L,SD,SF,B,,,0,0,2026,-0.58,-0.69,-1.0224222612793767,0.7499743256708449,,,,1,3,Bot,,,,,,,-6.731433601117978,-114.0792300416335,-3.1346266320768983,-3.840313105638499,20.274810377662188,-37.84492190724507,3.346382874,1.68882874,,,,78.3,2086.0,6.1,823271,691740,646240,650333,683766,642715,671218,687529,808982,54.39,,,,,,,,25,1,Knuckle Curve,1,3,1,3,3,1,1,3,Standard,Standard,324.0,0.003,0.041,,,,,-0.041,,-2,-2,0.301,0.301,34,27,35,27,2,1,5,1,8.0,1,4.39,-0.58,0.58,47.6,,,,,
FF,2026-07-30,96.9,-0.84,6.2,"Tatis Jr., Fernando",665487,681916,field_out,hit_into_play,,,,,5.0,Fernando Tatis Jr. lines out sharply to center fielder Grant McCray.,R,R,R,SD,SF,X,8.0,line_drive,0,2,2026,-0.13,1.63,0.080434675363253,2.8198142790920144,,,,1,8,Bot,112.23,65.34,,,,,2.7640493803895656,-140.9814328369148,-7.115620394203359,-2.423151766126293,32.7287327484923,-9.04027259597108,3.346382874,1.68882874,333.0,105.5,16.0,97.7,2555.0,6.8,823271,691740,646240,650333,683766,642715,671218,687529,808982,53.71,0.551,0.641,0.0,1.0,0.0,0.0,5.0,65,4,4-Seam Fastball,1,4,1,4,4,1,1,4,Standard,Standard,192.0,-0.01,-0.163,,,,0.968,0.163,105.5,-3,-3,0.053,0.053,26,27,26,27,1,3,3,1,2.0,1,0.8,0.13,0.13,57.9,,,,,
FF,2026-07-30,95.7,-1.06,6.21,"Tatis Jr., Fernando",665487,681916,,foul,,,,,12.0,,R,R,R,SD,SF,S,,,0,2,2026,-0.2,1.65,0.4851517148283301,3.698324287304447,,,,1,8,Bot,,,,,,,4.533178195575945,-139.30684239111275,-4.669825109942922,-3.620873473671076,30.91606082939761,-9.792486078259248,3.346382874,1.68882874,267.0,80.3,33.0,96.8,2511.0,6.9,823271,691740,646240,650333,683766,642715,671218,687529,808982,53.64,,,,,,,,65,3,4-Seam Fastball,1,4,1,4,4,1,1,4,Standard,Standard,193.0,0.0,0.0,75.2,7.9,,,0.0,88.0,-3,-3,0.053,0.053,26,27,26,27,1,3,3,1,2.0,1,0.83,0.2,0.2,58.1,11.432303164371572,-17.999353331580625,18.650537798922837,42.38348067089666,34.139562172534866
CU,2026-07-30,80.8,-1.01,6.24,"Tatis Jr., Fernando",665487,681916,,called_strike,,,,,1.0,,R,R,R,SD,SF,S,,,0,1,2026,0.94,-0.76,-0.4811908953428268,3.407739955385452,,,,1,8,Bot,,,,,,,-0.6691739396177923,-117.68144415533168,2.050631796908561,8.845149510970604,22.70276797942434,-39.82722843406412,3.346382874,1.68882874,,,,81.6,2502.0,6.8,823271,691740,646240,650333,683766,642715,671218,687529,808982,53.67,,,,,,,,65,2,Curveball,1,4,1,4,4,1,1,4,Standard,Standard,20.0,-0.004,-0.057,,,,,0.057,,-3,-3,0.057,0.057,26,27,26,27,1,3,3,1,2.0,1,4.25,-0.94,-0.94,58.5,,,,,
ST,2026-07-30,86.5,-1.36,5.99,"Tatis Jr., Fernando",665487,681916,,swinging_strike,,,,,14.0,,R,R,R,SD,SF,S,,,0,0,2026,0.94,0.65,1.4356545040031017,1.7875702184305955,,,,1,8,Bot,,,,,,,4.655923291895071,-125.85622902977244,-4.9933888018780195,9.152106836068729,24.25751557221005,-24.423969335296512,3.346382874,1.68882874,,,,87.3,2517.0,6.7,823271,691740,646240,650333,683766,642715,671218,687529,808982,53.8,,,,,,,,65,1,Sweeper,1,4,1,4,4,1,1,4,Standard,Standard,65.0,-0.003,-0.041,74.4,9.2,11.633341776,,0.041,,-3,-3,0.06,0.06,26,27,26,27,1,3,3,1,2.0,1,2.38,-0.94,-0.94,50.5,26.557582358520584,-36.9654581144091,29.205309958779715,52.29432686031846,54.09618875150965
SI,2026-07-30,91.4,2.48,6.11,"Tatis Jr., Fernando",665487,592662,single,hit_into_play,,,,,14.0,Fernando Tatis Jr. singles on a ground ball to center fielder Grant McCray.,R,R,L,SD,SF,X,8.0,ground_ball,0,0,2026,1.45,1.13,0.0460373113076466,1.4143457089525286,,,,0,1,Bot,120.9,85.3,,,,,-9.199954532713772,-132.61530551062953,-8.123005882177535,19.08526947060438,28.835591373589672,-17.214187061836704,3.346382874,1.68882874,7.0,104.8,-12.0,91.0,2189.0,6.3,823271,691740,646240,650333,683766,642715,671218,687529,808982,54.24,0.326,0.293,0.9,1.0,1.0,0.0,2.0,6,1,Sinker,0,1,0,1,1,0,0,1,Standard,Standard,146.0,0.038,0.445,84.7,7.2,,0.338,-0.445,104.8,-1,-1,0.448,0.448,34,27,35,27,1,0,5,1,8.0,1,1.62,1.45,-1.45,47.9,2.933355373379203,-5.451087725982852,50.3820501421855,38.66934871411869,22.727752663992145
FF,2026-07-29,90.1,-2.61,5.37,"Tatis Jr., Fernando",665487,687312,walk,ball,,,,,14.0,Fernando Tatis Jr. walks. Freddy Fermin to 2nd.,R,R,R,SD,COL,B,,,3,0,2026,0.02,0.98,0.0377047383051439,1.3688642017556465,,,666023.0,0,5,Bot,,,,,,,6.534001126267974,-131.08306086022336,-5.994485023232916,-1.0389474279874409,24.85160662570763,-19.765358005533205,3.346382874,1.68882874,,,,91.8,2103.0,7.1,823273,664954,681198,671289,650489,678662,666160,694249,664983,53.43,,0.698418,0.7,1.0,0.0,0.0,,38,4,4-Seam Fastball,3,0,3,0,0,3,3,0,Standard,Standard,198.0,0.008,0.16,,,,,-0.16,,3,3,0.911,0.911,24,27,25,27,3,2,7,1,6.0,1,1.8,-0.02,-0.02,38.6,,,,,
FF,2026-07-29,90.2,-2.56,5.41,"Tatis Jr., Fernando",665487,687312,,ball,,,,,13.0,,R,R,R,SD,COL,B,,,2,0,2026,-0.18,1.17,-1.6554305326252774,2.135127140459508,,,666023.0,0,5,Bot,,,,,,,2.6648345056117204,-131.42772541069127,-4.630760796022268,-2.653306185420486,25.45666809154173,-17.827406322542263,3.346382874,1.68882874,,,,91.8,2167.0,7.0,823273,664954,681198,671289,650489,678662,666160,694249,664983,53.51,,,,,,,,38,3,4-Seam Fastball,3,0,3,0,0,3,3,0,Standard,Standard,198.0,0.007,0.142,,,,,-0.142,,3,3,0.904,0.904,24,27,25,27,3,2,7,1,6.0,1,1.61,0.18,0.18,42.1,,,,,
SI,2026-07-29,90.1,-2.63,5.55,"Tatis Jr., Fernando",665487,687312,,ball,,,,,11.0,,R,R,R,SD,COL,B,,,1,0,2026,-0.85,0.82,-1.2831998318977265,2.8194372794787173,,,666023.0,0,5,Bot,,,,,,,5.1531149462499135,-131.20671970325924,-2.4241171714485725,-10.869285797049775,26.321548725602785,-22.42913165903312,3.346382874,1.68882874,,,,90.7,1937.0,6.5,823273,664954,681198,671289,650489,678662,666160,694249,664983,54.01,,,,,,,,38,2,Sinker,3,0,3,0,0,3,3,0,Standard,Standard,203.0,0.004,0.074,,,,,-0.074,,3,3,0.9,0.9,24,27,25,27,3,2,7,1,6.0,1,1.98,0.85,0.85,38.0,,,,,
SI,2026-07-29,91.5,-2.62,5.38,"Tatis Jr., Fernando",665487,687312,,ball,,,,,13.0,,R,R,R,SD,COL,B,,,0,0,2026,-1.02,0.81,-1.1407945751485102,1.6349106232877164,,,666023.0,0,5,Bot,,,,,,,5.989815307915019,-133.18544399881887,-5.206414748134917,-13.36302070147183,26.54784079966632,-21.650511176309383,3.346382874,1.68882874,,,,92.7,1955.0,6.9,823273,664954,681198,671289,650489,678662,666160,694249,664983,53.64,,,,,,,,38,1,Sinker,3,0,3,0,0,3,3,0,Standard,Standard,206.0,0.002,0.037,,,,,-0.037,,3,3,0.898,0.898,24,27,25,27,3,2,7,1,6.0,1,1.9,1.02,1.02,35.7,,,,,
SI,2026-07-29,93.0,-2.62,5.3,"Tatis Jr., Fernando",665487,687312,field_out,hit_into_play,,,,,7.0,"Fernando Tatis Jr. grounds out, shortstop Ezequiel Tovar to first baseman TJ Rumfield.",R,R,R,SD,COL,X,6.0,ground_ball,3,2,2026,-1.05,0.77,-0.5519794879754345,1.7732842037550525,,,,2,3,Bot,112.97,150.57,,,,,7.671896840065997,-135.3612899488378,-4.929509287674684,-14.42072232507435,24.841320231180617,-21.843101528387564,3.346382874,1.68882874,7.0,74.3,-14.0,95.1,1997.0,7.1,823273,664954,681198,671289,650489,678662,666160,694249,664983,53.38,0.069,0.064,0.0,1.0,0.0,0.0,2.0,22,6,Sinker,0,0,0,0,0,0,0,0,Standard,Standard,204.0,-0.014,-0.306,78.4,7.2,,0.078,0.306,88.0,0,0,0.514,0.514,24,27,25,27,2,1,7,1,6.0,1,1.83,1.05,1.05,37.5,-8.280001660406457,9.161408018220213,35.76290916471333,32.64528958673162,23.852992329483545
CH,2026-07-29,87.0,-2.83,5.16,"Tatis Jr., Fernando",665487,687312,,ball,,,,,11.0,,R,R,R,SD,COL,B,,,2,2,2026,-1.14,0.18,-1.5666699080668216,2.8879601035766704,,,,2,3,Bot,,,,,,,5.414668753865913,-126.6116695312366,0.5138452038936197,-13.325314433439722,24.90279659956296,-30.5039089232758,3.346382874,1.68882874,,,,88.0,1510.0,6.8,823273,664954,681198,671289,650489,678662,666160,694249,664983,53.65,,,,,,,,22,5,Changeup,0,0,0,0,0,0,0,0,Standard,Standard,240.0,0.004,0.082,,,,,-0.082,,0,0,0.51,0.51,24,27,25,27,2,1,7,1,6.0,1,2.82,1.14,1.14,32.2,,,,,
FF,2026-07-29,92.2,-2.48,5.27,"Tatis Jr., Fernando",665487,687312,,foul,,,,,6.0,,R,R,R,SD,COL,S,,,2,1,2026,-0.06,0.82,0.4192539861389466,2.6487225523757196,,,,2,3,Bot,,,,,,,7.494579393122589,-134.15801133375132,-2.5112979669748103,-2.2356564439455244,27.98372535568542,-21.89445468893223,3.346382874,1.68882874,271.0,91.1,48.0,93.5,2132.0,7.0,823273,664954,681198,671289,650489,678662,666160,694249,664983,53.51,,,,,,,,22,4,4-Seam Fastball,0,0,0,0,0,0,0,0,Standard,Standard,180.0,-0.003,-0.079,80.1,7.1,,,0.079,91.1,0,0,0.513,0.513,24,27,25,27,2,1,7,1,6.0,1,1.85,0.06,0.06,42.5,7.65792409005452,17.549215645985377,29.12247939107768,45.009356660349475,23.540116556117425
SI,2026-07-29,92.6,-2.67,5.32,"Tatis Jr., Fernando",665487,687312,,called_strike,,,,,4.0,,R,R,R,SD,COL,S,,,2,0,2026,-1.2,0.77,-0.5540871291216856,2.303064047775868,,,,2,3,Bot,,,,,,,8.086613790126142,-134.75782088766888,-3.4953031305431,-16.279043851938102,26.94583962270499,-22.16776491045928,3.346382874,1.68882874,,,,94.0,2081.0,6.9,823273,664954,681198,671289,650489,678662,666160,694249,664983,53.56,,,,,,,,22,3,Sinker,0,0,0,0,0,0,0,0,Standard,Standard,204.0,-0.003,-0.065,,,,,0.065,,0,0,0.516,0.516,24,27,25,27,2,1,7,1,6.0,1,1.87,1.2,1.2,35.5,,,,,
FF,2026-07-29,92.7,-2.49,5.34,"Tatis Jr., Fernando",665487,687312,,ball,,,,,14.0,,R,R,R,SD,COL,B,,,1,0,2026,0.07,0.98,1.0668030498658878,1.6918816258018767,,,,2,3,Bot,,,,,,,8.936652234645685,-134.7223917350707,-5.565950521535837,-1.008030222696436,27.487239899467713,-19.166708059171416,3.346382874,1.68882874,,,,94.1,2275.0,7.0,823273,664954,681198,671289,650489,678662,666160,694249,664983,53.48,,,,,,,,22,2,4-Seam Fastball,0,0,0,0,0,0,0,0,Standard,Standard,194.0,0.003,0.064,,,,,-0.064,,0,0,0.513,0.513,24,27,25,27,2,1,7,1,6.0,1,1.66,-0.07,-0.07,44.7,,,,,
SI,2026-07-29,92.7,-2.42,5.3,"Tatis Jr., Fernando",665487,687312,,ball,,,,,14.0,,R,R,R,SD,COL,B,,,0,0,2026,-1.2,0.7,0.2832023059054163,0.965607753083534,,,,2,3,Bot,,,,,,,9.590109907142924,-134.56891332107696,-6.675712885294382,-16.65773580011909,27.583994165216833,-22.33981881941759,3.346382874,1.68882874,,,,93.8,2031.0,6.9,823273,664954,681198,671289,650489,678662,666160,694249,664983,53.56,,,,,,,,22,1,Sinker,0,0,0,0,0,0,0,0,Standard,Standard,213.0,0.001,0.041,,,,,-0.041,,0,0,0.512,0.512,24,27,25,27,2,1,7,1,6.0,1,1.95,1.2,1.2,37.0,,,,,
ST,2026-07-29,86.4,-2.37,5.74,"Tatis Jr., Fernando",665487,688642,strikeout,swinging_strike,,,,,9.0,Fernando Tatis Jr. strikes out swinging.,R,R,R,SD,COL,S,2.0,,1,2,2026,0.86,0.09,0.4503545226508201,1.7062119765200108,,,,2,7,Bot,,,,,,,4.814428616349417,-125.73220842192038,-3.325392195977755,8.111481807522612,25.79162518312856,-30.71790726648689,3.346382874,1.68882874,,,,85.9,2759.0,6.0,823273,664954,681198,671289,650489,694249,666160,664983,687859,54.51,,0.0,0.0,1.0,0.0,0.0,,56,4,Sweeper,3,1,3,1,1,3,3,1,Standard,Standard,51.0,-0.004,-0.183,36.0,7.2,1.8696093,,0.183,,2,2,0.866,0.866,25,27,26,27,1,3,7,1,7.0,1,2.96,-0.86,-0.86,35.8,16.53657394724594,5.736266943684654,27.90245489660196,43.93135190846252,33.558467790717415
ST,2026-07-29,88.2,-2.35,5.76,"Tatis Jr., Fernando",665487,688642,,ball,,,,,14.0,,R,R,R,SD,COL,B,,,0,2,2026,0.8,-0.24,1.058244900293027,1.3639336440766816,,,,2,7,Bot,,,,,,,6.477171378473208,-128.2635000782614,-3.8040810094945137,7.358644785947045,27.61181346203067,-34.15757435045755,3.346382874,1.68882874,,,,87.8,2566.0,6.1,823273,664954,681198,671289,650489,694249,666160,664983,687859,54.35,,,,,,,,56,3,Sweeper,3,1,3,1,1,3,3,1,Standard,Standard,47.0,0.0,0.028,,,,,-0.028,,2,2,0.866,0.866,25,27,26,27,1,3,7,1,7.0,1,3.18,-0.8,-0.8,37.2,,,,,
FC,2026-07-29,93.3,-2.12,5.95,"Tatis Jr., Fernando",665487,688642,,foul,,,,,2.0,,R,R,R,SD,COL,S,,,0,1,2026,-0.01,1.09,0.1018156377643587,2.981343302737759,,,,2,7,Bot,,,,,,,5.6317377446601045,-135.94595741524543,-4.188735236114082,-1.2096920522428354,25.5053689834358,-17.92141664112746,3.346382874,1.68882874,178.0,85.0,64.0,93.4,2465.0,6.0,823273,664954,681198,671289,650489,694249,666160,664983,687859,54.54,,,,,,,,56,2,Cutter,3,1,3,1,1,3,3,1,Standard,Standard,192.0,-0.001,-0.062,82.3,7.9,,,0.062,88.0,2,2,0.867,0.867,25,27,26,27,1,3,7,1,7.0,1,1.49,0.01,0.01,41.1,19.736632907112867,-15.628709857461876,24.557255782668953,40.91505968038852,43.16008796725106
ST,2026-07-29,86.8,-2.57,5.69,"Tatis Jr., Fernando",665487,688642,,called_strike,,,,,5.0,,R,R,R,SD,COL,S,,,0,0,2026,0.83,-0.01,0.0449287257393287,2.2990331465860945,,,,2,7,Bot,,,,,,,4.430119019479523,-126.44626681178327,-1.6925883586865047,8.04390720091303,25.696030518029737,-32.20089484773717,3.346382874,1.68882874,,,,86.5,2670.0,6.0,823273,664954,681198,671289,650489,694249,666160,664983,687859,54.5,,,,,,,,56,1,Sweeper,3,1,3,1,1,3,3,1,Standard,Standard,62.0,-0.001,-0.045,,,,,0.045,,2,2,0.868,0.868,25,27,26,27,1,3,7,1,7.0,1,3.03,-0.83,-0.83,35.9,,,,,
ST,2026-07-29,84.0,-2.23,5.56,"Tatis Jr., Fernando",665487,687312,double,hit_into_play,,,,,2.0,Fernando Tatis Jr. doubles (21) on a sharp line drive to left fielder Mickey Moniak.,R,R,R,SD,COL,X,7.0,line_drive,1,1,2026,0.72,1.06,-0.0527789027873029,2.8540493161351073,,,,0,1,Bot,44.86,109.58,,,,,3.5765063717479832,-122.37365617316942,-1.8474513169575049,6.515865610254661,23.943561279819782,-21.317981297040987,3.346382874,1.68882874,245.0,109.0,14.0,85.0,2222.0,6.9,823273,664954,681198,671289,650489,678662,666160,694249,664983,53.64,0.743,0.834,1.25,1.0,1.0,1.0,5.0,6,3,Sweeper,0,0,0,0,0,0,0,0,Standard,Standard,121.0,0.06,0.726,83.1,7.5,,1.194,-0.726,109.0,0,0,0.547,0.547,24,27,25,27,1,0,7,1,6.0,1,2.16,-0.72,-0.72,41.4,16.78635933491613,-13.106521827763968,28.95219287374752,37.23073437097338,39.8253176389946
FF,2026-07-29,91.3,-2.44,5.33,"Tatis Jr., Fernando",665487,687312,,ball,,,,,14.0,,R,R,R,SD,COL,B,,,0,1,2026,-0.1,1.33,1.5740258193235266,1.4152662299570495,,,,0,1,Bot,,,,,,,10.30973768512094,-132.54227850855855,-6.717580328148859,-3.2803172516649046,27.207548828633055,-15.237609868711925,3.346382874,1.68882874,,,,92.5,2297.0,7.0,823273,664954,681198,671289,650489,678662,666160,694249,664983,53.47,,,,,,,,6,2,4-Seam Fastball,0,0,0,0,0,0,0,0,Standard,Standard,198.0,0.002,0.029,,,,,-0.029,,0,0,0.545,0.545,24,27,25,27,1,0,7,1,6.0,1,1.41,0.1,0.1,35.8,,,,,
FF,2026-07-29,90.9,-2.57,5.43,"Tatis Jr., Fernando",665487,687312,,called_strike,,,,,6.0,,R,R,R,SD,COL,S,,,0,0,2026,0.03,1.31,0.4947800133294522,2.2621352813196007,,,,0,1,Bot,,,,,,,7.5805971092106414,-132.22966742759488,-4.7660611283029874,-1.1060763037734502,25.217360311856627,-15.929576465405898,3.346382874,1.68882874,,,,92.1,2279.0,6.8,823273,664954,681198,671289,650489,678662,666160,694249,664983,53.73,,,,,,,,6,1,4-Seam Fastball,0,0,0,0,0,0,0,0,Standard,Standard,198.0,-0.003,-0.041,,,,,0.041,,0,0,0.548,0.548,24,27,25,27,1,0,7,1,6.0,1,1.43,-0.03,-0.03,36.9,,,,,
SI,2026-07-28,93.6,-2.92,5.41,"Tatis Jr., Fernando",665487,547179,single,hit_into_play,,,,,9.0,Fernando Tatis Jr. singles on a ground ball to third baseman Willi Castro.,R,R,R,SD,COL,X,5.0,ground_ball,2,2,2026,-1.45,0.56,0.4718177574127211,1.779185494390642,,,,0,5,Bot,102.24,173.4,,,,,11.768080174950663,-135.7912293041055,-4.598896319342997,-20.430297220658296,28.9803917475146,-24.43839876473777,3.346382874,1.68882874,1.0,81.3,-59.0,92.9,2206.0,6.0,823275,696100,681198,666397,650489,678662,666160,694249,664983,54.55,0.31,0.279,0.9,1.0,1.0,0.0,2.0,39,5,Sinker,2,4,2,4,4,2,2,4,Standard,Standard,236.0,0.059,0.472,71.0,7.3,,0.313,-0.472,88.0,-2,-2,0.284,0.284,34,27,34,27,3,2,7,2,6.0,1,2.06,1.45,1.45,31.4,1.811799815549629,20.281903151874054,30.73883515161448,43.63270747337781,19.97130234366651
CH,2026-07-28,83.9,-2.54,5.78,"Tatis Jr., Fernando",665487,547179,,ball,,,,,14.0,,R,R,R,SD,COL,B,,,1,2,2026,-1.42,1.05,0.8676589530783585,0.6975955345110354,,,,0,5,Bot,,,,,,,10.465419890953108,-121.5750403745475,-7.046730291069273,-16.167480004802126,24.46514533428216,-20.44986554290015,3.346382874,1.68882874,,,,82.6,2235.0,5.7,823275,696100,681198,666397,650489,678662,666160,694249,664983,54.79,,,,,,,,39,4,Changeup,2,4,2,4,4,2,2,4,Standard,Standard,241.0,0.005,0.046,,,,,-0.046,,-2,-2,0.279,0.279,34,27,34,27,3,2,7,2,6.0,1,2.22,1.42,1.42,40.7,,,,,
CH,2026-07-28,83.6,-2.68,5.84,"Tatis Jr., Fernando",665487,547179,,ball,,,,,11.0,,R,R,R,SD,COL,B,,,0,2,2026,-1.55,1.15,-1.1690736326754376,3.082799483731227,,,,0,5,Bot,,,,,,,6.469900378131429,-121.54630802843847,-1.9546173099225053,-16.683061701067793,25.832842816968395,-20.66675365503943,3.346382874,1.68882874,,,,82.3,2276.0,5.6,823275,696100,681198,666397,650489,678662,666160,694249,664983,54.87,,,,,,,,39,3,Changeup,2,4,2,4,4,2,2,4,Standard,Standard,240.0,0.003,0.022,,,,,-0.022,,-2,-2,0.276,0.276,34,27,34,27,3,2,7,2,6.0,1,2.14,1.55,1.55,37.5,,,,,
CH,2026-07-28,83.9,-2.47,5.82,"Tatis Jr., Fernando",665487,547179,,swinging_strike,,,,,14.0,,R,R,R,SD,COL,S,,,0,1,2026,-1.4,0.91,0.98455075047839,1.9065611155654176,,,,0,5,Bot,,,,,,,10.579557057331735,-121.67113492546214,-4.153502305443552,-16.046899874515873,25.177742687293,-22.438875485195165,3.346382874,1.68882874,,,,82.8,2221.0,5.9,823275,696100,681198,666397,650489,678662,666160,694249,664983,54.61,,,,,,,,39,2,Changeup,2,4,2,4,4,2,2,4,Standard,Standard,243.0,-0.008,-0.054,75.8,8.3,0.530188956,,0.054,,-2,-2,0.284,0.284,34,27,34,27,3,2,7,2,6.0,1,2.36,1.4,1.4,47.3,15.493519625041708,-12.462372270092708,29.343002599168393,50.312506635554854,39.604957187700464
SI,2026-07-28,92.6,-2.87,5.47,"Tatis Jr., Fernando",665487,547179,,called_strike,,,,,5.0,,R,R,R,SD,COL,S,,,0,0,2026,-1.54,0.74,0.1834716173781816,2.733035248608807,,,,0,5,Bot,,,,,,,10.98521965954296,-134.4122759846052,-2.577825533966992,-21.05135237795021,29.53214276311483,-22.82007143490947,3.346382874,1.68882874,,,,91.7,2306.0,5.9,823275,696100,681198,666397,650489,678662,666160,694249,664983,54.59,,,,,,,,39,1,Sinker,2,4,2,4,4,2,2,4,Standard,Standard,234.0,-0.005,-0.041,,,,,0.041,,-2,-2,0.289,0.289,34,27,34,27,3,2,7,2,6.0,1,1.93,1.54,1.54,39.6,,,,,
ST,2026-07-28,81.6,-2.88,5.68,"Tatis Jr., Fernando",665487,547179,single,hit_into_play,,,,,9.0,"Fernando Tatis Jr. singles on a sharp line drive to right fielder Jake McCarthy. Xander Bogaerts scores. Luis Campusano out at home on the throw, right fielder Jake McCarthy to catcher Hunter Goodman.",R,R,R,SD,COL,X,9.0,line_drive,0,0,2026,1.02,-0.08,0.5059365882092558,2.0722843853568804,593428.0,669134.0,,2,2,Bot,169.46,112.58,,,,,5.482942010184898,-118.73692231045858,-1.0625398518763094,8.314910970563467,25.963462309198626,-32.962521074907905,3.346382874,1.68882874,242.0,104.1,13.0,80.4,2632.0,5.8,823275,696100,681198,666397,650489,678662,666160,694249,664983,54.69,0.891,0.875,0.9,1.0,1.0,0.0,4.0,16,1,Sweeper,1,0,1,0,0,2,2,0,Standard,Standard,51.0,0.049,0.767,72.2,6.9,,1.131,-0.767,104.1,1,1,0.663,0.663,34,27,34,27,2,1,7,2,6.0,1,3.55,-1.02,-1.02,35.7,6.492678185243513,18.761864875538414,25.856863919410404,44.470481881702895,25.78511819935754
FF,2026-07-28,99.7,-1.81,5.56,"Tatis Jr., Fernando",665487,680767,single,hit_into_play,,,,,6.0,Fernando Tatis Jr. singles on a sharp line drive to center fielder Cole Carrigg.,R,R,R,SD,COL,X,8.0,line_drive,3,2,2026,-0.52,1.18,0.5148681679231686,2.824111630721722,,,,0,8,Bot,143.81,88.41,,,,,7.615945331027123,-144.9943166587348,-4.779325141912008,-9.223945365024028,35.54312373015464,-14.602017920163194,3.346382874,1.68882874,280.0,107.8,11.0,100.4,2164.0,6.8,823275,696100,681198,650489,691720,678662,666160,694249,664983,53.68,0.946,0.961,0.9,1.0,1.0,0.0,5.0,74,6,4-Seam Fastball,6,7,6,7,7,6,6,7,Standard,Standard,207.0,0.083,0.358,,,,1.284,-0.358,107.8,-1,-1,0.323,0.323,26,27,27,27,1,4,2,2,4.0,1,1.12,0.52,0.52,50.3,,,,,
FC,2026-07-28,91.3,-3.06,5.76,"Tatis Jr., Fernando",665487,622608,single,hit_into_play,,,,,5.0,Fernando Tatis Jr. singles on a ground ball to left fielder Mickey Moniak. Gavin Sheets scores. Xander Bogaerts to 3rd. Luis Campusano to 2nd.,R,R,R,SD,COL,X,7.0,ground_ball,2,1,2026,0.23,0.47,-0.1595001712007463,2.2626982458189957,657757.0,593428.0,669134.0,1,6,Bot,95.56,101.52,,,,,6.688293758067673,-132.91775357834825,-3.764724833149273,1.428177288392161,26.550958603339232,-26.0561378813877,3.346382874,1.68882874,73.0,108.4,2.0,91.4,2341.0,6.1,823275,696100,681198,666397,650489,678662,666160,694249,664983,54.36,0.54,0.486,0.9,1.0,1.0,0.0,4.0,52,4,Cutter,3,4,3,4,4,4,4,4,Standard,Standard,171.0,0.13,0.415,72.3,7.4,,0.56,-0.415,108.4,-1,-1,0.581,0.581,31,27,31,27,1,3,4,2,3.0,1,2.25,-0.23,-0.23,33.6,9.354161832224522,-2.443825427946395,33.16640933096028,35.62471225555956,31.394082794232908
SL,2026-07-28,87.0,-2.65,5.71,"Tatis Jr., Fernando",665487,547179,single,hit_into_play,,,,,9.0,Fernando Tatis Jr. singles on a ground ball to center fielder Cole Carrigg.,R,R,R,SD,COL,X,8.0,ground_ball,2,2,2026,0.02,0.02,0.691381183177888,1.7289180665968904,,,,0,1,Bot,114.89,134.74,,,,,7.788802034601999,-126.45289049246806,-3.1296019087654323,-1.4234173681673656,26.62768984023651,-31.495640482626513,3.346382874,1.68882874,8.0,94.7,-13.0,86.0,2603.0,5.8,823275,696100,681198,666397,650489,678662,666160,694249,664983,54.7,0.222,0.2,0.9,1.0,1.0,0.0,2.0,4,5,Slider,0,0,0,0,0,0,0,0,Standard,Standard,61.0,0.038,0.472,84.7,7.8,,0.239,-0.472,94.7,0,0,0.545,0.545,34,27,34,27,1,0,7,2,6.0,1,3.01,-0.02,-0.02,39.5,5.630393037106869,4.105407449268777,35.37261294018042,45.81366245648223,30.39153377728802
FF,2026-07-28,99.4,-2.01,5.33,"Tatis Jr., Fernando",665487,680767,,foul,,,,,8.0,,R,R,R,SD,COL,S,,,3,1,2026,-0.79,1.06,0.2594098091349465,2.041139241300373,,,,0,8,Bot,,,,,,,8.094238954445911,-144.46230052620987,-5.94603391410386,-13.058585296564427,35.00911293254896,-16.104790480874946,3.346382874,1.68882874,326.0,97.9,28.0,100.1,2160.0,6.8,823275,696100,681198,650489,691720,678662,666160,694249,664983,53.68,,,,,,,,74,5,4-Seam Fastball,6,7,6,7,7,6,6,7,Standard,Standard,215.0,-0.024,-0.101,74.9,7.1,,,0.101,97.9,-1,-1,0.347,0.347,26,27,27,27,1,4,2,2,4.0,1,1.26,0.79,0.79,46.2,-7.468454581607014,22.435885633565565,33.34234931824809,42.8668932868525,14.586480345260986
ST,2026-07-28,80.9,-2.8,5.63,"Tatis Jr., Fernando",665487,547179,,foul,,,,,9.0,,R,R,R,SD,COL,S,,,2,1,2026,0.93,0.09,0.4215648377844199,1.8049640724066711,,,,0,1,Bot,,,,,,,5.220488204358322,-117.66480800252891,-1.768260801565158,7.552385672097412,24.24917170246255,-31.24439080118408,3.346382874,1.68882874,198.0,71.6,44.0,79.8,2651.0,5.8,823275,696100,681198,666397,650489,678662,666160,694249,664983,54.74,,,,,,,,4,4,Sweeper,0,0,0,0,0,0,0,0,Standard,Standard,48.0,-0.006,-0.078,70.8,6.7,,,0.078,88.0,0,0,0.551,0.551,34,27,34,27,1,0,7,2,6.0,1,3.42,-0.93,-0.93,35.4,-7.144840197113113,17.23154733359177,31.759646269876136,43.97686639171822,25.460662118777236
FC,2026-07-28,92.3,-2.98,5.76,"Tatis Jr., Fernando",665487,622608,,ball,,,,,14.0,,R,R,R,SD,COL,B,,,1,1,2026,0.07,0.81,0.7885516575908811,0.9733053218530564,657757.0,593428.0,669134.0,1,6,Bot,,,,,,,9.252947282182548,-134.13088192727756,-7.9310281754532514,-0.8659848129883324,25.612781385503812,-20.90093135801909,3.346382874,1.68882874,,,,92.4,2283.0,6.1,823275,696100,681198,666397,650489,678662,666160,694249,664983,54.36,,,,,,,,52,3,Cutter,3,4,3,4,4,3,3,4,Standard,Standard,215.0,0.021,0.05,,,,,-0.05,,-1,-1,0.56,0.56,31,27,31,27,1,3,4,2,3.0,1,1.85,-0.07,-0.07,36.5,,,,,
FF,2026-07-28,99.1,-1.89,5.41,"Tatis Jr., Fernando",665487,680767,,ball,,,,,12.0,,R,R,R,SD,COL,B,,,2,1,2026,-0.34,1.45,0.2535641393758167,4.007112663297674,,,,0,8,Bot,,,,,,,6.671124375149052,-144.16840779585655,-1.6814003220096154,-6.4283817681304365,35.386075717166946,-11.883648463596575,3.346382874,1.68882874,,,,99.9,2108.0,6.9,823275,696100,681198,650489,691720,678662,666160,694249,664983,53.63,,,,,,,,74,4,4-Seam Fastball,6,7,6,7,7,6,6,7,Standard,Standard,214.0,0.029,0.137,,,,,-0.137,,-1,-1,0.318,0.318,26,27,27,27,1,4,2,2,4.0,1,0.89,0.34,0.34,50.6,,,,,
SI,2026-07-28,93.8,-2.89,5.5,"Tatis Jr., Fernando",665487,547179,,called_strike,,,,,2.0,,R,R,R,SD,COL,S,,,2,0,2026,-1.63,0.59,-0.0183634837126338,3.0707580278518063,,,,0,1,Bot,,,,,,,10.84533136303713,-136.1233047184611,-1.629608416954087,-22.64750371221676,31.059363438571943,-24.708148961043268,3.346382874,1.68882874,,,,92.5,2335.0,5.8,823275,696100,681198,666397,650489,678662,666160,694249,664983,54.72,,,,,,,,4,3,Sinker,0,0,0,0,0,0,0,0,Standard,Standard,230.0,-0.007,-0.073,,,,,0.073,,0,0,0.558,0.558,34,27,34,27,1,0,7,2,6.0,1,2.02,1.63,1.63,35.9,,,,,
SI,2026-07-28,95.7,-2.98,5.86,"Tatis Jr., Fernando",665487,622608,,ball,,,,,11.0,,R,R,R,SD,COL,B,,,0,1,2026,-1.19,0.54,-0.7449577623739516,3.669031591670017,657757.0,593428.0,669134.0,1,6,Bot,,,,,,,8.561311262217128,-139.11993521243312,-1.2488169692535205,-17.32529187980075,29.71973259247789,-25.0394736236911,3.346382874,1.68882874,,,,96.1,2218.0,6.5,823275,696100,681198,666397,650489,678662,666160,694249,664983,54.01,,,,,,,,52,2,Sinker,3,4,3,4,4,3,3,4,Standard,Standard,215.0,0.013,0.029,,,,,-0.029,,-1,-1,0.547,0.547,31,27,31,27,1,3,4,2,3.0,1,1.94,1.19,1.19,36.9,,,,,
FF,2026-07-28,99.4,-1.95,5.44,"Tatis Jr., Fernando",665487,680767,,called_strike,,,,,6.0,,R,R,R,SD,COL,S,,,2,0,2026,-0.35,1.34,0.441783763505096,2.721377189875181,,,,0,8,Bot,,,,,,,7.36780074512698,-144.4711191430777,-5.037782738083237,-6.621039922119894,35.40024644682265,-12.499637060594118,3.346382874,1.68882874,,,,100.0,2222.0,6.8,823275,696100,681198,650489,691720,678662,666160,694249,664983,53.67,,,,,,,,74,3,4-Seam Fastball,6,7,6,7,7,6,6,7,Standard,Standard,214.0,-0.019,-0.073,,,,,0.073,,-1,-1,0.337,0.337,26,27,27,27,1,4,2,2,4.0,1,0.99,0.35,0.35,53.6,,,,,
SI,2026-07-28,93.7,-2.94,5.4,"Tatis Jr., Fernando",665487,547179,,ball,,,,,14.0,,R,R,R,SD,COL,B,,,1,0,2026,-1.64,0.53,1.6957314769974807,0.760289622119872,,,,0,1,Bot,,,,,,,15.330184121312238,-135.48416151997043,-7.078661510823117,-23.58115212228107,29.262078970026735,-24.0866787070445,3.346382874,1.68882874,,,,92.7,2341.0,6.0,823275,696100,681198,666397,650489,678662,666160,694249,664983,54.49,,,,,,,,4,2,Sinker,0,0,0,0,0,0,0,0,Standard,Standard,237.0,0.007,0.082,,,,,-0.082,,0,0,0.551,0.551,34,27,34,27,1,0,7,2,6.0,1,2.09,1.64,1.64,30.7,,,,,
SI,2026-07-28,97.0,-2.73,5.99,"Tatis Jr., Fernando",665487,622608,,called_strike,,,,,8.0,,R,R,R,SD,COL,S,,,0,0,2026,-1.35,0.74,0.2462735750604423,1.8086682683372128,657757.0,593428.0,669134.0,1,6,Bot,,,,,,,10.941918920211926,-140.70003222052506,-7.089520569596725,-20.38142665435719,30.536519089252895,-20.82252203198319,3.346382874,1.68882874,,,,96.7,2323.0,6.2,823275,696100,681198,666397,650489,678662,666160,694249,664983,54.33,,,,,,,,52,1,Sinker,3,4,3,4,4,3,3,4,Standard,Standard,217.0,-0.019,-0.048,,,,,0.048,,-1,-1,0.566,0.566,31,27,31,27,1,3,4,2,3.0,1,1.69,1.35,1.35,39.6,,,,,
CH,2026-07-28,92.0,-2.4,5.28,"Tatis Jr., Fernando",665487,680767,,ball,,,,,11.0,,R,R,R,SD,COL,B,,,1,0,2026,-1.09,0.73,-1.986084915034918,4.408774639121764,,,,0,8,Bot,,,,,,,3.4558740420981344,-133.85865560817587,2.208540944875949,-13.801958001718331,30.936521861073295,-24.20662636218344,3.346382874,1.68882874,,,,92.2,1582.0,6.6,823275,696100,681198,650489,691720,678662,666160,694249,664983,53.93,,,,,,,,74,2,Changeup,6,7,6,7,7,6,6,7,Standard,Standard,246.0,0.019,0.082,,,,,-0.082,,-1,-1,0.318,0.318,26,27,27,27,1,4,2,2,4.0,1,1.98,1.09,1.09,36.4,,,,,
FF,2026-07-28,99.0,-2.18,5.52,"Tatis Jr., Fernando",665487,680767,,ball,,,,,12.0,,R,R,R,SD,COL,B,,,0,0,2026,-0.41,1.38,0.2531847819755011,3.997690018950704,,,,0,8,Bot,,,,,,,7.572882818142868,-144.00049979351508,-1.8285461171692856,-7.6092742232289,36.177582901373334,-12.845720822228447,3.346382874,1.68882874,,,,99.2,2195.0,6.6,823275,696100,681198,650489,691720,678662,666160,694249,664983,53.9,,,,,,,,74,1,4-Seam Fastball,6,7,6,7,7,6,6,7,Standard,Standard,213.0,0.01,0.042,,,,,-0.042,,-1,-1,0.308,0.308,26,27,27,27,1,4,2,2,4.0,1,0.96,0.41,0.41,46.3,,,,,
SI,2026-07-28,94.7,-2.85,5.45,"Tatis Jr., Fernando",665487,547179,,ball,,,,,14.0,,R,R,R,SD,COL,B,,,0,0,2026,-1.63,0.6,1.2513974284456495,2.1377957950952724,,,,0,1,Bot,,,,,,,14.06182251929408,-137.17456766098968,-4.030686585417401,-23.65730378751475,29.791636748356943,-23.88335358499086,3.346382874,1.68882874,,,,93.5,2280.0,5.8,823275,696100,681198,666397,650489,678662,666160,694249,664983,54.73,,,,,,,,4,1,Sinker,0,0,0,0,0,0,0,0,Standard,Standard,230.0,0.003,0.042,,,,,-0.042,,0,0,0.548,0.548,34,27,34,27,1,0,7,2,6.0,1,1.97,1.63,1.63,30.1,,,,,
FF,2026-07-26,93.9,-0.93,5.84,"Tatis Jr., Fernando",665487,676083,field_out,hit_into_play,,,,,2.0,Fernando Tatis Jr. flies out to right fielder Griffin Conine.,R,R,R,MIA,SD,X,9.0,fly_ball,0,0,2026,-0.45,1.7,0.1107940256506496,2.8377037568499572,,,,1,5,Top,176.01,66.84,,,,,3.6622746834359425,-136.5279907286631,-5.602764678709435,-6.528015754203366,32.698856534790565,-9.878705924735518,3.346382874,1.68882874,349.0,96.0,26.0,93.2,2436.0,6.1,823840,691788,669065,669364,688363,672640,681715,665923,665052,54.36,0.231,0.363,0.0,1.0,0.0,0.0,5.0,36,1,4-Seam Fastball,3,0,0,3,0,3,0,3,Standard,Standard,205.0,0.016,-0.261,77.0,7.3,,0.645,0.261,96.0,3,-3,0.859,0.141,30,27,30,27,3,2,6,1,5.0,2,0.9,0.45,0.45,46.7,9.684896717961225,7.864097851266161,29.659186392549906,39.43578508660753,26.488843039393583
CU,2026-07-26,82.6,-1.13,5.68,"Tatis Jr., Fernando",665487,676083,field_out,hit_into_play,,,,,8.0,"Fernando Tatis Jr. grounds out, shortstop Otto Lopez to first baseman Kyle Stowers.",R,R,R,MIA,SD,X,6.0,ground_ball,0,0,2026,0.74,-1.16,-0.0878427157268428,1.952470765573615,,,,1,3,Top,101.89,142.35,,,,,0.8662376573304263,-120.29186290505402,0.6028009076592944,6.9632705121959155,25.780919793271348,-43.726592082276234,3.346382874,1.68882874,2.0,70.1,-42.0,82.6,2537.0,6.5,823840,691788,669065,669364,688363,672640,681715,665923,665052,54.02,0.163,0.147,0.0,1.0,0.0,0.0,2.0,20,1,Curveball,2,0,0,2,0,2,0,2,Standard,Standard,41.0,0.018,-0.261,77.8,6.6,,0.166,0.261,88.0,2,-2,0.736,0.264,30,27,30,27,2,1,6,1,5.0,2,4.53,-0.74,-0.74,49.9,-5.071945267062536,9.877804288854886,32.797752796957965,36.5668557021236,27.78183028723659
FF,2026-07-26,96.2,-2.03,5.16,"Tatis Jr., Fernando",665487,676604,field_out,hit_into_play,,,,,3.0,"Fernando Tatis Jr. grounds out, second baseman Xavier Edwards to first baseman Kyle Stowers.",R,R,R,MIA,SD,X,4.0,ground_ball,0,2,2026,-0.72,1.58,0.3087804094046992,2.8841697385119764,,,,2,7,Top,139.71,150.91,,,,,7.745740213100043,-139.84804189752322,-3.827282484947105,-11.370127176894677,35.05114962798729,-10.835964170553035,3.346382874,1.68882874,67.0,95.8,2.0,95.1,2444.0,6.0,823840,691788,669065,669364,688363,672640,681715,665923,665052,54.55,0.474,0.441,0.0,1.0,0.0,0.0,4.0,53,3,4-Seam Fastball,3,1,1,3,1,3,1,3,Standard,Standard,223.0,0.008,-0.155,73.3,6.8,,0.522,0.155,95.8,2,-2,0.879,0.121,31,27,31,27,1,3,2,1,1.0,2,0.91,0.72,0.72,37.7,4.940734985012242,15.720724208557876,26.166309858466427,38.767116985334155,23.439841172464813
FF,2026-07-26,95.7,-2.12,5.19,"Tatis Jr., Fernando",665487,676604,,foul,,,,,1.0,,R,R,R,MIA,SD,S,,,0,1,2026,-0.95,1.3,-0.461926311125174,2.9514792611454146,,,,2,7,Top,,,,,,,6.474024000229308,-139.16441672764714,-3.0271520663824476,-13.869615840100431,34.22955814772623,-14.871092531214446,3.346382874,1.68882874,184.0,80.7,15.0,94.8,2372.0,6.0,823840,691788,669065,669364,688363,672640,681715,665923,665052,54.48,,,,,,,,53,2,4-Seam Fastball,3,1,1,3,1,3,1,3,Standard,Standard,223.0,0.004,-0.062,63.1,5.4,,,0.062,88.0,2,-2,0.875,0.125,31,27,31,27,1,3,2,1,1.0,2,1.21,0.95,0.95,38.7,-17.387454750679282,45.69242829377049,30.08836116891987,32.97390091509716,3.4937987455680526
FF,2026-07-26,94.7,-2.16,5.07,"Tatis Jr., Fernando",665487,676604,,called_strike,,,,,6.0,,R,R,R,MIA,SD,S,,,0,0,2026,-0.86,1.42,0.6126401687138495,2.2645845707367354,,,,2,7,Top,,,,,,,9.057758627044407,-137.5110610000416,-4.600843303767366,-13.029650480271032,33.36087183728912,-13.362614453017304,3.346382874,1.68882874,,,,94.1,2395.0,6.2,823840,691788,669065,669364,688363,672640,681715,665923,665052,54.26,,,,,,,,53,1,4-Seam Fastball,3,1,1,3,1,3,1,3,Standard,Standard,225.0,0.002,-0.045,,,,,0.045,,2,-2,0.873,0.127,31,27,31,27,1,3,2,1,1.0,2,1.15,0.86,0.86,35.2,,,,,
FF,2026-07-26,95.2,-1.45,5.37,"Tatis Jr., Fernando",665487,676083,strikeout,called_strike,,,,,13.0,Fernando Tatis Jr. called out on strikes.,R,R,R,MIA,SD,S,2.0,,1,2,2026,-1.25,1.3,-0.1604753191959267,1.5638981699046255,,,,0,1,Top,,,,,,,6.200881378268039,-138.33343737530907,-7.027610809959591,-17.501641933005555,33.2638717400618,-14.12860291485969,3.346382874,1.68882874,,,,94.8,2404.0,6.3,823840,691788,669065,669364,688363,672640,681715,665923,665052,54.18,,0.0,0.0,1.0,0.0,0.0,,1,4,4-Seam Fastball,0,0,0,0,0,0,0,0,Standard,Standard,220.0,0.015,-0.187,,,,,0.187,,0,0,0.507,0.493,30,27,30,27,1,0,6,1,5.0,2,1.24,1.25,1.25,33.6,,,,,
SL,2026-07-26,84.7,-0.09,7.1,"Tatis Jr., Fernando",665487,664126,strikeout,called_strike,,,,,8.0,"Joe Mack challenged (pitch result), call on the field was overturned: Fernando Tatis Jr. called out on strikes.",R,R,R,MIA,SD,S,2.0,,1,2,2026,0.79,-0.51,0.0719031082398254,1.613308135888721,,,,0,9,Top,,,,,,,-1.2232367765592589,-123.32592835545748,-5.134884567720736,8.328415501558604,25.16856061094033,-36.54770897190382,3.346382874,1.68882874,,,,84.4,2544.0,6.1,823840,691788,669065,669364,677870,672640,681715,665923,691594,54.37,,0.0,0.0,1.0,0.0,0.0,,70,4,Slider,3,5,5,3,5,3,5,3,Standard,Standard,31.0,0.006,-0.187,,,,,0.187,,-2,2,0.078,0.922,32,27,33,27,1,4,7,1,2.0,2,3.69,-0.79,-0.79,63.7,,,,,
SL,2026-07-26,86.1,-0.22,7.12,"Tatis Jr., Fernando",665487,664126,,swinging_strike,,,,,2.0,,R,R,R,MIA,SD,S,,,1,1,2026,0.67,-0.19,-0.0760330662828643,2.879410395774797,,,,0,9,Top,,,,,,,-1.0288603199500277,-125.46640804040172,-3.2006418653030484,7.29947679037116,25.141234375122984,-33.731337499103425,3.346382874,1.68882874,,,,85.6,2568.0,5.9,823840,691788,669065,669364,677870,672640,681715,665923,691594,54.63,,,,,,,,70,3,Slider,3,5,5,3,5,3,5,3,Standard,Standard,50.0,0.002,-0.06,78.2,6.9,1.335714156,,0.06,,-2,2,0.076,0.924,32,27,33,27,1,4,7,1,2.0,2,3.25,-0.67,-0.67,59.7,6.279535066751429,10.646637170988493,26.65613741597117,36.42969792819488,24.031825649098824
FF,2026-07-26,95.1,-1.1,5.85,"Tatis Jr., Fernando",665487,676083,,ball,,,,,11.0,,R,R,R,MIA,SD,B,,,0,2,2026,-0.9,1.51,-0.5311668653454652,4.106462310127768,,,,0,1,Top,,,,,,,3.514050362651596,-138.47169427260275,-2.1658376045378893,-12.332376212595884,34.13859066454687,-12.583676397689356,3.346382874,1.68882874,,,,94.3,2533.0,6.0,823840,691788,669065,669364,688363,672640,681715,665923,665052,54.5,,,,,,,,1,3,4-Seam Fastball,0,0,0,0,0,0,0,0,Standard,Standard,212.0,-0.002,0.022,,,,,-0.022,,0,0,0.509,0.491,30,27,30,27,1,0,6,1,5.0,2,1.03,0.9,0.9,44.0,,,,,
ST,2026-07-26,80.7,-1.27,5.74,"Tatis Jr., Fernando",665487,676083,,foul,,,,,3.0,,R,R,R,MIA,SD,S,,,0,1,2026,1.12,0.06,0.2983116650164626,2.8484781455278028,,,,0,1,Top,,,,,,,1.2783477181446978,-117.546885296646,0.3516508620214191,10.09730701273038,24.088956050563723,-31.922166318281388,3.346382874,1.68882874,76.0,70.1,6.0,81.1,2381.0,6.7,823840,691788,669065,669364,688363,672640,681715,665923,665052,53.84,,,,,,,,1,2,Sweeper,0,0,0,0,0,0,0,0,Standard,Standard,63.0,0.006,-0.054,77.1,6.9,,,0.054,88.0,0,0,0.503,0.497,30,27,30,27,1,0,6,1,5.0,2,3.46,-1.12,-1.12,45.7,5.71057295788904,1.5857806487677713,28.221943623359376,41.45678515360797,26.79307597354458
FF,2026-07-26,96.6,-0.59,7.0,"Tatis Jr., Fernando",665487,664126,,foul,,,,,11.0,,R,R,R,MIA,SD,S,,,1,0,2026,-0.12,1.6,-1.9076518037539296,4.387165609170541,,,,0,9,Top,,,,,,,-3.146531190828988,-140.47671525713278,-4.797745332010875,-0.7680320968143132,35.80962699845219,-10.188990081945771,3.346382874,1.68882874,,,,95.2,2339.0,5.8,823840,691788,669065,669364,677870,672640,681715,665923,691594,54.7,,,,,,,,70,2,4-Seam Fastball,3,5,5,3,5,3,5,3,Standard,Standard,193.0,0.001,-0.055,,,,,0.055,,-2,2,0.075,0.925,32,27,33,27,1,4,7,1,2.0,2,0.87,0.12,0.12,51.7,,,,,
FF,2026-07-26,97.4,-0.45,7.04,"Tatis Jr., Fernando",665487,664126,,ball,,,,,7.0,,R,R,R,MIA,SD,B,,,0,0,2026,-0.1,1.53,-0.7434072705213035,1.648646119536146,,,,0,9,Top,,,,,,,-0.5292384331149834,-141.40072045229132,-12.09871318098053,-1.2213083944724188,34.588285443153126,-8.9886334233025,3.346382874,1.68882874,,,,96.4,2328.0,6.0,823840,691788,669065,669364,677870,672640,681715,665923,691594,54.51,,,,,,,,70,1,4-Seam Fastball,3,5,5,3,5,3,5,3,Standard,Standard,193.0,-0.001,0.042,,,,,-0.042,,-2,2,0.076,0.924,32,27,33,27,1,4,7,1,2.0,2,0.9,0.1,0.1,53.7,,,,,
ST,2026-07-26,81.6,-1.35,5.6,"Tatis Jr., Fernando",665487,676083,,swinging_strike,,,,,14.0,,R,R,R,MIA,SD,S,,,0,0,2026,0.76,0.33,1.2299960314649436,0.5376910097601479,,,,0,1,Top,,,,,,,4.265064311271282,-118.71690222041546,-5.159858020774251,6.3047904808551865,24.521137190787503,-28.23440118085295,3.346382874,1.68882874,,,,81.9,2538.0,6.7,823840,691788,669065,669364,688363,672640,681715,665923,665052,53.84,,,,,,,,1,1,Sweeper,0,0,0,0,0,0,0,0,Standard,Standard,61.0,0.003,-0.041,73.3,8.8,20.082967932,,0.041,,0,0,0.5,0.5,30,27,30,27,1,0,6,1,5.0,2,3.12,-0.76,-0.76,45.4,27.158675344387287,-43.05494836630623,33.60971191523135,49.61011996268769,64.8692575416928
FF,2026-07-25,100.0,-1.95,5.89,"Tatis Jr., Fernando",665487,691587,field_out,hit_into_play,,,,,5.0,"Fernando Tatis Jr. grounds out, shortstop Otto Lopez to first baseman Kyle Stowers.",R,R,R,MIA,SD,X,6.0,ground_ball,3,2,2026,-1.24,1.45,-0.2496897205652657,2.7763387150572907,593428.0,,666023.0,2,7,Top,104.67,152.25,,,,,7.659802367887535,-145.15792814476825,-6.40275935704602,-19.402924862103667,40.13800893757794,-10.42841130534584,3.346382874,1.68882874,94.0,98.2,4.0,99.9,2868.0,6.8,823841,689414,669065,669364,691594,672640,681715,805300,665923,53.71,0.5,0.46,0.0,1.0,0.0,0.0,4.0,50,6,4-Seam Fastball,1,3,3,1,3,1,3,1,Standard,Standard,214.0,0.038,-0.293,78.6,7.4,,0.548,0.293,98.2,-2,2,0.183,0.817,23,27,23,27,4,3,6,1,5.0,1,0.88,1.24,1.24,32.3,11.467740185988427,0.706324022948832,26.922505853627936,34.441324846747285,31.851761161498743
SL,2026-07-25,91.0,-2.13,5.69,"Tatis Jr., Fernando",665487,691587,,blocked_ball,,,,,14.0,,R,R,R,MIA,SD,B,,,2,2,2026,-0.16,0.48,1.317331275447934,0.098579340490535,593428.0,,666023.0,2,7,Top,,,,,,,8.859791840961558,-131.91535655547074,-8.76459959828596,-3.9805162343866334,31.334694317242647,-24.698971058651683,3.346382874,1.68882874,,,,90.4,2452.0,6.4,823841,689414,669065,669364,691594,672640,681715,805300,665923,54.12,,,,,,,,50,5,Slider,1,3,3,1,3,1,3,1,Standard,Standard,202.0,-0.007,0.04,,,,,-0.04,,-2,2,0.19,0.81,23,27,23,27,4,3,6,1,5.0,1,2.32,0.16,0.16,35.0,,,,,
FF,2026-07-25,99.6,-1.85,6.1,"Tatis Jr., Fernando",665487,691587,,ball,,,,,11.0,,R,R,R,MIA,SD,B,,,1,2,2026,-1.0,1.5,-0.0860938511706477,4.393003858125922,593428.0,,666023.0,2,7,Top,,,,,,,7.240727112290959,-144.7643646789304,-2.642974712724631,-15.923835969573068,39.231974578047115,-10.8213416727678,3.346382874,1.68882874,,,,99.7,2708.0,6.8,823841,689414,669065,669364,691594,672640,681715,805300,665923,53.74,,,,,,,,50,4,4-Seam Fastball,1,3,3,1,3,1,3,1,Standard,Standard,217.0,-0.006,0.043,,,,,-0.043,,-2,2,0.196,0.804,23,27,23,27,4,3,6,1,5.0,1,0.83,1.0,1.0,34.8,,,,,
ST,2026-07-25,85.7,-2.1,5.73,"Tatis Jr., Fernando",665487,691587,,foul,,,,,6.0,,R,R,R,MIA,SD,S,,,1,1,2026,0.43,0.98,0.6954746136657446,2.2223738097072596,593428.0,,666023.0,2,7,Top,,,,,,,5.676364084851667,-124.60416195100454,-3.6977429896503433,3.071030373543481,30.063451581770348,-21.50521839689552,3.346382874,1.68882874,173.0,73.1,67.0,85.7,2498.0,6.8,823841,689414,669065,669364,691594,672640,681715,805300,665923,53.68,,,,,,,,50,3,Sweeper,1,3,3,1,3,1,3,1,Standard,Standard,130.0,0.009,-0.076,77.1,8.0,,,0.076,88.0,-2,2,0.187,0.813,23,27,23,27,4,3,6,1,5.0,1,2.18,-0.43,-0.43,29.0,16.614468087722603,-5.797816862005571,27.69360627301895,45.16701938896708,38.14925708526622
SI,2026-07-25,97.9,-1.9,5.78,"Tatis Jr., Fernando",665487,691587,,foul,,,,,4.0,,R,R,R,MIA,SD,S,,,1,0,2026,-1.26,1.36,-0.7092388308610174,2.56017222510153,593428.0,,666023.0,2,7,Top,,,,,,,6.179639786051156,-142.32449713482134,-6.171071823355367,-18.608921268262737,35.51162555787488,-12.489765875122387,3.346382874,1.68882874,182.0,74.8,62.0,98.0,2801.0,6.6,823841,689414,669065,669364,691594,672640,681715,805300,665923,53.89,,,,,,,,50,2,Sinker,1,3,3,1,3,1,3,1,Standard,Standard,222.0,0.003,-0.029,78.6,7.1,,,0.029,88.0,-2,2,0.184,0.816,23,27,23,27,4,3,6,1,5.0,1,1.04,1.26,1.26,28.6,6.232536306924855,-0.9921712869834473,33.24607346134522,29.227022766235493,31.639515631423905
SI,2026-07-25,98.1,-1.97,5.71,"Tatis Jr., Fernando",665487,691587,,ball,,,,,13.0,,R,R,R,MIA,SD,B,,,0,0,2026,-1.38,1.24,-0.0754332656420213,0.7992811626630723,593428.0,,666023.0,2,7,Top,,,,,,,8.300890802574738,-142.15419047189977,-10.358513140233692,-20.646834598736405,35.99795871369601,-12.980431015220775,3.346382874,1.68882874,,,,97.6,2846.0,6.5,823841,689414,669065,669364,691594,672640,681715,805300,665923,54.03,,,,,,,,50,1,Sinker,1,3,3,1,3,1,3,1,Standard,Standard,222.0,-0.001,0.016,,,,,-0.016,,-2,2,0.185,0.815,23,27,23,27,4,3,6,1,5.0,1,1.17,1.38,1.38,27.6,,,,,
FF,2026-07-25,97.7,-1.95,5.85,"Tatis Jr., Fernando",665487,691587,field_out,hit_into_play,,,,,5.0,Fernando Tatis Jr. pops out to third baseman Javier Sanoja.,R,R,R,MIA,SD,X,5.0,popup,0,0,2026,-0.95,1.39,0.0496393611945741,2.7473454296261814,,,,2,5,Top,118.59,173.43,,,,,7.58066370043854,-141.93237357863876,-5.846226703973041,-14.69787144950312,36.68098123945297,-12.271324176640167,3.346382874,1.68882874,94.0,94.1,71.0,97.5,2642.0,6.5,823841,689414,669065,669364,691594,672640,681715,805300,665923,53.96,0.001,0.0,0.0,1.0,0.0,0.0,3.0,33,1,4-Seam Fastball,1,2,2,1,2,1,2,1,Standard,Standard,219.0,0.011,-0.262,86.1,8.0,,0.001,0.262,94.1,-1,1,0.404,0.596,23,27,23,27,3,2,6,1,5.0,1,1.03,0.95,0.95,29.6,18.150906333693506,-16.102183144446943,28.17654153763547,39.70006627427428,38.05370995707415
SI,2026-07-25,98.7,-1.66,5.88,"Tatis Jr., Fernando",665487,691587,grounded_into_double_play,hit_into_play,,,,,8.0,"Fernando Tatis Jr. grounds into a double play, shortstop Otto Lopez to second baseman Xavier Edwards to first baseman Kyle Stowers. Freddy Fermin out at 2nd. Fernando Tatis Jr. out at 1st.",R,R,R,MIA,SD,X,6.0,ground_ball,2,2,2026,-1.4,1.13,0.1768318597493303,2.1834870259237533,,,666023.0,0,3,Top,98.83,145.14,,,,,8.328705842279463,-143.29338600008035,-7.032362933781455,-21.268742448245288,35.98454738976918,-15.157121239317718,3.346382874,1.68882874,9.0,109.1,-14.0,99.1,2664.0,6.8,823841,689414,669065,669364,691594,672640,681715,805300,665923,53.68,0.264,0.238,0.0,1.0,0.0,0.0,2.0,17,6,Sinker,0,0,0,0,0,0,0,0,Standard,Standard,218.0,0.078,-0.318,81.0,7.8,,0.279,0.318,109.1,0,0,0.465,0.535,23,27,23,27,2,1,6,1,5.0,1,1.24,1.4,1.4,32.1,11.771885456308008,-0.9484819700438776,29.108608480367188,38.74703959929144,29.72433246709713
FF,2026-07-25,99.1,-1.92,5.86,"Tatis Jr., Fernando",665487,691587,,foul,,,,,2.0,,R,R,R,MIA,SD,S,,,2,2,2026,-1.04,1.6,-0.1435987234464926,2.993680166795598,,,666023.0,0,3,Top,,,,,,,7.310368447061029,-143.98522421084556,-5.97673287575457,-16.24998213449667,36.910515104240346,-8.778809730907868,3.346382874,1.68882874,120.0,83.3,79.0,99.1,2841.0,6.6,823841,689414,669065,669364,691594,672640,681715,805300,665923,53.9,,,,,,,,17,5,4-Seam Fastball,0,0,0,0,0,0,0,0,Standard,Standard,219.0,0.0,0.0,73.5,7.1,,,0.0,88.0,0,0,0.465,0.535,23,27,23,27,2,1,6,1,5.0,1,0.75,1.04,1.04,30.6,6.861186050364514,-5.310397756923988,24.755258533212835,35.396179392478174,30.241003442091248
ST,2026-07-25,86.8,-2.02,5.78,"Tatis Jr., Fernando",665487,691587,,called_strike,,,,,5.0,,R,R,R,MIA,SD,S,,,2,1,2026,0.47,0.79,0.1135273921462421,2.488457776975374,,,666023.0,0,3,Top,,,,,,,4.071329933908907,-126.3398765468122,-3.100927023825122,4.122183665436307,27.83070915337701,-23.294137826605084,3.346382874,1.68882874,,,,86.9,2502.0,6.5,823841,689414,669065,669364,691594,672640,681715,805300,665923,53.97,,,,,,,,17,4,Sweeper,0,0,0,0,0,0,0,0,Standard,Standard,129.0,0.012,-0.07,,,,,0.07,,0,0,0.453,0.547,23,27,23,27,2,1,6,1,5.0,1,2.25,-0.47,-0.47,29.6,,,,,
ST,2026-07-25,83.5,2.72,6.14,"Tatis Jr., Fernando",665487,690978,walk,ball,,,,,14.0,Fernando Tatis Jr. walks.,R,R,L,MIA,SD,B,,,3,2,2026,-1.02,0.14,0.0229634376896723,0.9604876800187424,,,,1,9,Top,,,,,,,-4.088964535880572,-121.4197611584434,-5.484259025516571,-9.252803507594416,24.693542092607288,-29.87400255422172,3.346382874,1.68882874,,,,83.8,2503.0,6.6,823841,689414,669065,669364,691594,672640,681715,805300,665923,53.91,,0.698418,0.7,1.0,0.0,0.0,,67,6,Sweeper,2,6,6,2,6,2,6,2,Standard,Standard,293.0,-0.002,0.339,,,,,-0.339,,-4,4,0.017,0.983,24,27,25,27,1,4,5,1,4.0,1,3.14,-1.02,1.02,46.1,,,,,
ST,2026-07-25,82.3,2.72,6.26,"Tatis Jr., Fernando",665487,690978,,ball,,,,,14.0,,R,R,L,MIA,SD,B,,,2,2,2026,-0.91,-0.42,0.2495621968454338,-0.1928235466354508,,,,1,9,Top,,,,,,,-3.7666019149539016,-119.68331413644036,-6.9211344883466195,-7.817149041985281,26.01015529292909,-34.945436885985195,3.346382874,1.68882874,,,,82.4,2704.0,6.7,823841,689414,669065,669364,691594,672640,681715,805300,665923,53.8,,,,,,,,67,5,Sweeper,2,6,6,2,6,2,6,2,Standard,Standard,309.0,0.0,0.112,,,,,-0.112,,-4,4,0.017,0.983,24,27,25,27,1,4,5,1,4.0,1,3.83,-0.91,0.91,49.3,,,,,
CH,2026-07-25,90.7,-1.95,5.9,"Tatis Jr., Fernando",665487,691587,,blocked_ball,,,,,14.0,,R,R,R,MIA,SD,B,,,1,1,2026,-1.37,0.71,0.3506090088977904,0.260250500639454,,,666023.0,0,3,Top,,,,,,,8.716295125851419,-131.56070632829903,-9.437042012404037,-17.766308275112493,29.10081392765603,-22.01050306929062,3.346382874,1.68882874,,,,91.1,1753.0,6.8,823841,689414,669065,669364,691594,672640,681715,805300,665923,53.69,,,,,,,,17,3,Changeup,0,0,0,0,0,0,0,0,Standard,Standard,229.0,-0.008,0.059,,,,,-0.059,,0,0,0.461,0.539,23,27,23,27,2,1,6,1,5.0,1,2.09,1.37,1.37,33.4,,,,,
FF,2026-07-25,98.2,-1.86,5.88,"Tatis Jr., Fernando",665487,691587,,ball,,,,,11.0,,R,R,R,MIA,SD,B,,,0,1,2026,-0.95,1.58,-1.0117715975623909,3.418508351199108,,,666023.0,0,3,Top,,,,,,,4.511974343250653,-142.82652306889892,-4.653078732886183,-13.998911910108047,38.285475809875855,-9.793251187430348,3.346382874,1.68882874,,,,97.8,2777.0,6.4,823841,689414,669065,669364,691594,672640,681715,805300,665923,54.05,,,,,,,,17,2,4-Seam Fastball,0,0,0,0,0,0,0,0,Standard,Standard,220.0,-0.004,0.026,,,,,-0.026,,0,0,0.465,0.535,23,27,23,27,2,1,6,1,5.0,1,0.82,0.95,0.95,27.3,,,,,
ST,2026-07-25,83.4,2.99,6.19,"Tatis Jr., Fernando",665487,690978,,ball,,,,,13.0,,R,R,L,MIA,SD,B,,,1,2,2026,-1.74,0.21,-0.948993239917728,-0.2409068270993897,,,,1,9,Top,,,,,,,-5.49183524161103,-121.11622835091806,-8.408335472037045,-15.690688320061414,27.28932726618662,-28.44889997912679,3.346382874,1.68882874,,,,83.8,2654.0,7.0,823841,689414,669065,669364,691594,672640,681715,805300,665923,53.52,,,,,,,,67,4,Sweeper,2,6,6,2,6,2,6,2,Standard,Standard,308.0,0.0,0.051,,,,,-0.051,,-4,4,0.017,0.983,24,27,25,27,1,4,5,1,4.0,1,3.12,-1.74,1.74,40.9,,,,,
ST,2026-07-25,85.6,-2.01,5.66,"Tatis Jr., Fernando",665487,691587,,called_strike,,,,,6.0,,R,R,R,MIA,SD,S,,,0,0,2026,0.44,1.12,0.3452407925340892,2.704789331425859,,,666023.0,0,3,Top,,,,,,,4.610996845790728,-124.5542683505684,-2.730752639060965,3.509681958490637,28.483575416853533,-20.22816141216038,3.346382874,1.68882874,,,,85.7,2476.0,6.6,823841,689414,669065,669364,691594,672640,681715,805300,665923,53.86,,,,,,,,17,1,Sweeper,0,0,0,0,0,0,0,0,Standard,Standard,145.0,0.006,-0.04,,,,,0.04,,0,0,0.459,0.541,23,27,23,27,2,1,6,1,5.0,1,2.02,-0.44,-0.44,27.0,,,,,
ST,2026-07-25,82.9,2.56,6.48,"Tatis Jr., Fernando",665487,690978,,called_strike,,,,,12.0,,R,R,L,MIA,SD,S,,,1,1,2026,-0.85,-0.36,1.0236794228691684,2.5642159825794586,,,,1,9,Top,,,,,,,-1.7761401280975255,-120.72638312188604,-1.4742279527052655,-7.895388667338472,25.098974923740823,-35.64715317152602,3.346382874,1.68882874,,,,83.2,2564.0,6.6,823841,689414,669065,669364,691594,672640,681715,805300,665923,53.91,,,,,,,,67,3,Sweeper,2,6,6,2,6,2,6,2,Standard,Standard,313.0,0.0,-0.07,,,,,0.07,,-4,4,0.017,0.983,24,27,25,27,1,4,5,1,4.0,1,3.69,-0.85,0.85,50.0,,,,,
ST,2026-07-25,82.9,2.72,6.42,"Tatis Jr., Fernando",665487,690978,,swinging_strike,,,,,14.0,,R,R,L,MIA,SD,S,,,1,0,2026,-1.12,-0.04,0.4095968112080855,0.9816884052401188,,,,1,9,Top,,,,,,,-2.9948418428277543,-120.54512924029206,-5.516405146638235,-10.19987942256008,26.447596650459975,-31.620220527446676,3.346382874,1.68882874,,,,83.0,2536.0,6.7,823841,689414,669065,669364,691594,672640,681715,805300,665923,53.78,,,,,,,,67,2,Sweeper,2,6,6,2,6,2,6,2,Standard,Standard,294.0,0.0,-0.05,71.5,8.3,3.024691536,,0.05,,-4,4,0.017,0.983,24,27,25,27,1,4,5,1,4.0,1,3.4,-1.12,1.12,42.7,14.303445545573163,-18.53210831134609,33.25616550669614,43.72971394779544,46.89926346067067
ST,2026-07-25,82.3,2.93,6.34,"Tatis Jr., Fernando",665487,690978,,ball,,,,,14.0,,R,R,L,MIA,SD,B,,,0,0,2026,-1.73,0.2,1.0571193401902936,2.3777003519034245,,,,1,9,Top,,,,,,,-0.7701628599713037,-119.75156758205544,-2.5414315411544326,-16.363208776635354,25.84993765516763,-29.933847771446057,3.346382874,1.68882874,,,,81.9,2510.0,6.3,823841,689414,669065,669364,691594,672640,681715,805300,665923,54.22,,,,,,,,67,1,Sweeper,2,6,6,2,6,2,6,2,Standard,Standard,294.0,0.0,0.041,,,,,-0.041,,-4,4,0.017,0.983,24,27,25,27,1,4,5,1,4.0,1,3.2,-1.73,1.73,43.1,,,,,
FF,2026-07-25,97.2,-1.93,5.93,"Tatis Jr., Fernando",665487,691587,field_out,hit_into_play,,,,,6.0,Fernando Tatis Jr. flies out to right fielder Esteury Ruiz.,R,R,R,MIA,SD,X,9.0,fly_ball,1,0,2026,-1.16,1.55,0.3265333640664269,2.4244837728051287,,,,0,1,Top,155.68,126.42,,,,,8.674697833309532,-141.1194821543798,-7.192327381847872,-17.565512772409107,35.15641176896151,-10.025076578256558,3.346382874,1.68882874,198.0,96.8,60.0,96.8,2742.0,6.4,823841,689414,669065,669364,691594,672640,681715,805300,665923,54.07,0.02,0.021,0.0,1.0,0.0,0.0,3.0,1,2,4-Seam Fastball,0,0,0,0,0,0,0,0,Standard,Standard,224.0,0.026,-0.302,79.9,8.0,,0.028,0.302,96.8,0,0,0.496,0.504,23,27,23,27,1,0,6,1,5.0,1,0.9,1.16,1.16,28.6,13.517179567815552,-5.989097253044566,26.58079180402282,42.32373625277523,34.47276335659285
FF,2026-07-25,97.3,-1.7,5.95,"Tatis Jr., Fernando",665487,691587,,ball,,,,,14.0,,R,R,R,MIA,SD,B,,,0,0,2026,-1.02,1.47,0.8988437574932251,1.3519502352598725,,,,0,1,Top,,,,,,,9.279155016270789,-140.9686106642535,-9.895448558466423,-15.866120590701025,35.59807586254514,-10.420745141143431,3.346382874,1.68882874,,,,97.0,2680.0,6.6,823841,689414,669065,669364,691594,672640,681715,805300,665923,53.9,,,,,,,,1,1,4-Seam Fastball,0,0,0,0,0,0,0,0,Standard,Standard,219.0,-0.004,0.042,,,,,-0.042,,0,0,0.5,0.5,23,27,23,27,1,0,6,1,5.0,1,0.99,1.02,1.02,31.5,,,,,
SI,2026-07-24,93.9,-1.59,5.51,"Tatis Jr., Fernando",665487,687473,strikeout,swinging_strike,,,,,14.0,Fernando Tatis Jr. strikes out swinging.,R,R,R,MIA,SD,S,2.0,,2,2,2026,-1.11,0.53,0.1984475906072873,1.4863836524783165,,,,2,3,Top,,,,,,,7.090668447840885,-136.5274304919267,-5.604041663247888,-15.513878779858578,31.48134299699188,-24.501468925418784,3.346382874,1.68882874,,,,93.7,2293.0,6.3,823843,691788,669065,669364,691594,672640,681715,805300,665052,54.16,,0.0,0.0,1.0,0.0,0.0,,21,5,Sinker,1,0,0,1,0,1,0,1,Standard,Standard,218.0,0.01,-0.223,79.4,7.8,1.142353764,,0.223,,1,-1,0.659,0.341,27,27,27,27,2,1,3,1,5.0,1,2.07,1.11,1.11,41.7,6.192063041609511,-1.7116273868107468,29.581931864448983,39.18027715626778,29.875625764534107
FF,2026-07-24,94.3,-1.34,5.73,"Tatis Jr., Fernando",665487,687473,,ball,,,,,11.0,,R,R,R,MIA,SD,B,,,1,2,2026,-0.29,1.34,-1.4635141571717265,3.302845750187174,,,,2,3,Top,,,,,,,0.3578971990173437,-137.2458312463028,-3.4028714920092464,-3.762907665916265,33.205838059921405,-14.826082287285688,3.346382874,1.68882874,,,,93.9,2422.0,6.2,823843,691788,669065,669364,691594,672640,681715,805300,665052,54.26,,,,,,,,21,4,4-Seam Fastball,1,0,0,1,0,1,0,1,Standard,Standard,198.0,-0.002,0.041,,,,,-0.041,,1,-1,0.661,0.339,27,27,27,27,2,1,3,1,5.0,1,1.25,0.29,0.29,53.5,,,,,
FF,2026-07-24,94.5,-1.34,5.77,"Tatis Jr., Fernando",665487,687473,,foul,,,,,11.0,,R,R,R,MIA,SD,S,,,1,1,2026,-0.3,1.59,-0.1768084762934992,3.62815917039572,,,,2,3,Top,,,,,,,3.688832865519983,-137.49594692296682,-3.301049510260416,-4.643086246381607,32.291196624516125,-11.492591275477851,3.346382874,1.68882874,252.0,77.7,31.0,94.5,2370.0,6.5,823843,691788,669065,669364,691594,672640,681715,805300,665052,54.04,,,,,,,,21,3,4-Seam Fastball,1,0,0,1,0,1,0,1,Standard,Standard,199.0,0.003,-0.064,36.7,5.1,,,0.064,88.0,1,-1,0.658,0.342,27,27,27,27,2,1,3,1,5.0,1,0.97,0.3,0.3,52.4,0.5447982971761067,42.283257142417455,25.490824096369543,34.92640359584482,12.660465790015904
SI,2026-07-24,92.9,-1.73,5.52,"Tatis Jr., Fernando",665487,687473,,foul,,,,,5.0,,R,R,R,MIA,SD,S,,,1,0,2026,-1.16,0.88,0.2151763777962334,2.25080000504858,,,,2,3,Top,,,,,,,7.499292889408093,-135.00132242676003,-4.3102512284103245,-15.846458649191655,30.89139926517977,-20.66477059542569,3.346382874,1.68882874,194.0,73.1,52.0,92.8,2310.0,6.4,823843,691788,669065,669364,691594,672640,681715,805300,665052,54.1,,,,,,,,21,2,Sinker,1,0,0,1,0,1,0,1,Standard,Standard,211.0,0.002,-0.056,71.6,7.3,,,0.056,88.0,1,-1,0.656,0.344,27,27,27,27,2,1,3,1,5.0,1,1.78,1.16,1.16,42.5,2.3680925030826163,15.39914269307238,28.523946320865896,40.262971765317616,22.737547607942915
SL,2026-07-24,84.0,-1.85,5.7,"Tatis Jr., Fernando",665487,687473,,ball,,,,,13.0,,R,R,R,MIA,SD,B,,,0,0,2026,0.13,0.12,-0.991821423733058,1.4372746395688991,,,,2,3,Top,,,,,,,1.700542359968241,-122.29665998321582,-3.4190292788842735,0.9121370865997106,27.08960156634597,-30.49452040805887,3.346382874,1.68882874,,,,84.1,2069.0,6.6,823843,691788,669065,669364,691594,672640,681715,805300,665052,53.91,,,,,,,,21,1,Slider,1,0,0,1,0,1,0,1,Standard,Standard,129.0,-0.001,0.041,,,,,-0.041,,1,-1,0.657,0.343,27,27,27,27,2,1,3,1,5.0,1,3.14,-0.13,-0.13,47.5,,,,,
SL,2026-07-24,90.2,-1.46,5.94,"Tatis Jr., Fernando",665487,669199,hit_by_pitch,hit_by_pitch,,,,,11.0,Fernando Tatis Jr. hit by pitch.,R,R,R,MIA,SD,B,,,3,2,2026,0.08,0.07,-1.445693960729708,3.5574413029061827,,,,2,7,Top,,,,,,,-0.1406107430538257,-131.38452919896858,0.046812489521291,0.9376585098956012,28.291307325885576,-31.59863048496401,3.346382874,1.68882874,,,,89.3,2911.0,5.7,823843,691788,669065,669364,691594,672640,681715,805300,665052,54.79,,0.729366,0.7,1.0,0.0,0.0,,55,6,Slider,2,2,2,2,2,2,2,2,Standard,Standard,100.0,-0.018,0.289,,,,,-0.289,,0,0,0.565,0.435,31,27,31,27,1,3,4,1,2.0,1,2.73,-0.08,-0.08,42.4,,,,,
ST,2026-07-24,87.6,-1.7,5.73,"Tatis Jr., Fernando",665487,669199,,ball,,,,,14.0,,R,R,R,MIA,SD,B,,,2,2,2026,0.97,-0.22,2.183220746630683,2.1591572897291744,,,,2,7,Top,,,,,,,7.144389793700612,-127.3174564028765,-1.7129500418666384,8.782453709672286,29.45358833035734,-34.403311369173764,3.346382874,1.68882874,,,,86.2,3125.0,5.8,823843,691788,669065,669364,691594,672640,681715,805300,665052,54.74,,,,,,,,55,5,Sweeper,2,2,2,2,2,2,2,2,Standard,Standard,31.0,-0.006,0.082,,,,,-0.082,,0,0,0.571,0.429,31,27,31,27,1,3,4,1,2.0,1,3.23,-0.97,-0.97,36.9,,,,,
FS,2026-07-24,84.9,-1.5,5.73,"Tatis Jr., Fernando",665487,669199,,ball,,,,,14.0,,R,R,R,MIA,SD,B,,,1,2,2026,-1.18,0.78,1.2880010846592598,0.6091355580369413,,,,2,7,Top,,,,,,,8.746036944184272,-123.150016642875,-6.84545869902429,-13.824657631958578,26.26813004727073,-22.93522535000485,3.346382874,1.68882874,,,,83.8,1815.0,5.9,823843,691788,669065,669364,691594,672640,681715,805300,665052,54.59,,,,,,,,55,4,Split-Finger,2,2,2,2,2,2,2,2,Standard,Standard,235.0,-0.003,0.041,,,,,-0.041,,0,0,0.574,0.426,31,27,31,27,1,3,4,1,2.0,1,2.42,1.18,1.18,41.0,,,,,
ST,2026-07-24,87.3,-1.84,5.69,"Tatis Jr., Fernando",665487,669199,,swinging_strike,,,,,14.0,,R,R,R,MIA,SD,S,,,1,1,2026,1.0,0.13,1.469864431643643,1.3595378375615614,,,,2,7,Top,,,,,,,5.724489739411073,-126.92976803468486,-4.218482488396797,9.51525396259268,27.29191627478284,-30.10684778235027,3.346382874,1.68882874,,,,86.4,3193.0,5.9,823843,691788,669065,669364,691594,672640,681715,805300,665052,54.63,,,,,,,,55,3,Sweeper,2,2,2,2,2,2,2,2,Standard,Standard,33.0,0.005,-0.064,61.3,8.3,17.787017232,,0.064,,0,0,0.569,0.431,31,27,31,27,1,3,4,1,2.0,1,2.88,-1.0,-1.0,38.8,26.680840237605217,-28.81384070309272,29.107097209429252,52.89253683154216,57.42055342244598
ST,2026-07-24,80.4,2.06,5.57,"Tatis Jr., Fernando",665487,667463,force_out,hit_into_play,,,,,7.0,"Fernando Tatis Jr. grounds into a force out, shortstop Otto Lopez to second baseman Xavier Edwards. Sung-Mun Song out at 2nd.",R,R,L,MIA,SD,X,6.0,ground_ball,1,0,2026,-1.13,-0.33,-0.5730767148043171,2.013735150275608,593428.0,,823550.0,2,8,Top,108.3,157.09,,,,,-3.543826321704982,-117.03140909377024,-0.2546351577012028,-9.529682333320844,25.42556271485575,-35.37958008154514,3.346382874,1.68882874,4.0,87.2,-27.0,79.3,2838.0,5.8,823843,691788,669065,669364,691594,672640,681715,805300,665052,54.66,0.072,0.07,0.0,1.0,0.0,0.0,2.0,69,2,Sweeper,2,4,4,2,4,2,4,2,Standard,Standard,312.0,0.03,-0.314,76.7,6.9,,0.087,0.314,88.0,-2,2,0.137,0.863,31,27,32,27,1,4,17,1,3.0,1,3.9,-1.13,1.13,28.6,3.287675500701673,4.242101089479636,36.91649310345271,31.777727696309427,28.439496644549877
CU,2026-07-24,78.2,1.77,5.86,"Tatis Jr., Fernando",665487,667463,,ball,,,,,13.0,,R,R,L,MIA,SD,B,,,0,0,2026,-0.99,-1.16,-1.174671486292643,2.4728865342948483,593428.0,,823550.0,2,8,Top,,,,,,,-4.3668709547473075,-113.67722406276354,2.0815648133299165,-7.505367376917127,24.25375940512755,-42.84183456669919,3.346382874,1.68882874,,,,77.0,2884.0,5.9,823843,691788,669065,669364,691594,672640,681715,805300,665052,54.61,,,,,,,,69,1,Curveball,2,4,4,2,4,2,4,2,Standard,Standard,325.0,-0.001,0.016,,,,,-0.016,,-2,2,0.138,0.862,31,27,32,27,1,4,17,1,3.0,1,4.95,-0.99,0.99,36.0,,,,,
ST,2026-07-24,86.3,-1.85,5.71,"Tatis Jr., Fernando",665487,669199,,called_strike,,,,,5.0,,R,R,R,MIA,SD,S,,,1,0,2026,0.88,-0.2,0.1266557355616421,2.587580984353936,,,,2,7,Top,,,,,,,2.7880283571028137,-125.67355307114788,-0.5789632505124266,8.653987490977741,26.902535275873255,-34.3721965499542,3.346382874,1.68882874,,,,85.2,3215.0,5.6,823843,691788,669065,669364,691594,672640,681715,805300,665052,54.87,,,,,,,,55,2,Sweeper,2,2,2,2,2,2,2,2,Standard,Standard,37.0,0.003,-0.056,,,,,0.056,,0,0,0.566,0.434,31,27,31,27,1,3,4,1,2.0,1,3.27,-0.88,-0.88,35.4,,,,,
FS,2026-07-24,84.8,-1.7,5.71,"Tatis Jr., Fernando",665487,669199,,ball,,,,,13.0,,R,R,R,MIA,SD,B,,,0,0,2026,-1.53,0.33,-0.5155074035073719,-0.3127437644706869,,,,2,7,Top,,,,,,,5.7925369648884715,-123.19553879860214,-7.987059074655884,-16.760143672721785,25.9519982580299,-27.356842628177994,3.346382874,1.68882874,,,,83.7,1634.0,5.8,823843,691788,669065,669364,691594,672640,681715,805300,665052,54.68,,,,,,,,55,1,Split-Finger,2,2,2,2,2,2,2,2,Standard,Standard,238.0,-0.002,0.041,,,,,-0.041,,0,0,0.568,0.432,31,27,31,27,1,3,4,1,2.0,1,2.87,1.53,1.53,37.9,,,,,
FF,2026-07-24,95.9,-1.54,5.76,"Tatis Jr., Fernando",665487,687473,strikeout,called_strike,,,,,6.0,Fernando Tatis Jr. called out on strikes.,R,R,R,MIA,SD,S,2.0,,1,2,2026,0.0,1.41,0.4837449522275738,2.2260317529375797,,,,0,1,Top,,,,,,,5.310497444396379,-139.3876493141547,-6.7650916426448005,-1.264838071626984,32.92829452649442,-12.414001590767253,3.346382874,1.68882874,,,,96.1,2342.0,6.6,823843,691788,669065,669364,691594,672640,681715,805300,665052,53.95,,0.0,0.0,1.0,0.0,0.0,,1,4,4-Seam Fastball,0,0,0,0,0,0,0,0,Infield shade,Standard,200.0,0.015,-0.187,,,,,0.187,,0,0,0.507,0.493,27,27,27,27,1,0,3,1,5.0,1,1.08,0.0,0.0,50.6,,,,,
CH,2026-07-24,87.3,-1.71,5.71,"Tatis Jr., Fernando",665487,687473,,called_strike,,,,,8.0,,R,R,R,MIA,SD,S,,,1,1,2026,-1.2,0.6,-0.0234822954168865,1.6829142747717634,,,,0,1,Top,,,,,,,6.54841073271718,-126.96456182259436,-4.567820774907692,-14.321434652373222,25.891686788343073,-24.94119148743534,3.346382874,1.68882874,,,,87.6,1131.0,6.5,823843,691788,669065,669364,691594,672640,681715,805300,665052,54.02,,,,,,,,1,3,Changeup,0,0,0,0,0,0,0,0,Infield shade,Standard,232.0,0.006,-0.06,,,,,0.06,,0,0,0.501,0.499,27,27,27,27,1,0,3,1,5.0,1,2.39,1.2,1.2,46.3,,,,,
SI,2026-07-24,94.1,-1.85,5.64,"Tatis Jr., Fernando",665487,687473,,called_strike,,,,,4.0,,R,R,R,MIA,SD,S,,,1,0,2026,-1.37,0.7,-0.3964191708037796,2.2890020561622544,,,,0,1,Top,,,,,,,6.82783671795066,-136.85793075907455,-4.364287019272048,-18.71117315368521,30.70363121647428,-22.551087178788137,3.346382874,1.68882874,,,,94.3,2343.0,6.4,823843,691788,669065,669364,691594,672640,681715,805300,665052,54.05,,,,,,,,1,2,Sinker,0,0,0,0,0,0,0,0,Standard,Standard,217.0,0.005,-0.055,,,,,0.055,,0,0,0.496,0.504,27,27,27,27,1,0,3,1,5.0,1,1.88,1.37,1.37,42.6,,,,,
FF,2026-07-24,98.4,-0.73,6.78,"Tatis Jr., Fernando",665487,656848,field_out,hit_into_play,,,,,13.0,"Fernando Tatis Jr. grounds out, third baseman Javier Sanoja to first baseman Kyle Stowers.",R,R,R,MIA,SD,X,5.0,ground_ball,0,0,2026,-0.53,1.75,-0.852077343793499,2.4128363060677014,,593428.0,,1,5,Top,103.46,171.01,,,,,0.9085033921653288,-142.97544397012751,-10.096613222533914,-7.465663452514509,36.36009085660042,-6.00914484799737,3.346382874,1.68882874,7.0,93.5,-19.0,97.1,2360.0,5.9,823843,691788,669065,669364,691594,672640,681715,805300,665052,54.62,0.17,0.159,0.0,1.0,0.0,0.0,2.0,38,1,4-Seam Fastball,1,1,1,1,1,1,1,1,Standard,Standard,203.0,0.048,-0.249,78.9,7.2,,0.193,0.249,93.5,0,0,0.473,0.527,32,27,32,27,1,2,5,1,2.0,1,0.63,0.53,0.53,57.7,13.107201152776485,-2.447384177067699,31.50818104987686,28.40597456888945,32.72524738571863
ST,2026-07-24,81.4,-1.87,5.6,"Tatis Jr., Fernando",665487,687473,,ball,,,,,14.0,,R,R,R,MIA,SD,B,,,0,0,2026,1.47,-0.07,2.110786525305002,1.212433724214426,,,,0,1,Top,,,,,,,5.9573147121683965,-118.35426515595476,-2.8082608443611328,12.491000783489095,24.584913089507577,-32.444053408263336,3.346382874,1.68882874,,,,81.5,2707.0,6.6,823843,691788,669065,669364,691594,672640,681715,805300,665052,53.91,,,,,,,,1,1,Sweeper,0,0,0,0,0,0,0,0,Infield shade,Standard,52.0,-0.004,0.042,,,,,-0.042,,0,0,0.5,0.5,27,27,27,27,1,0,3,1,5.0,1,3.54,-1.47,-1.47,45.6,,,,,
CH,2026-07-23,88.0,2.93,4.71,"Tatis Jr., Fernando",665487,519242,field_out,hit_into_play,,,,,9.0,"Fernando Tatis Jr. grounds out, shortstop Jim Jarvis to first baseman Matt Olson.",R,R,L,ATL,SD,X,6.0,ground_ball,0,1,2026,1.54,0.26,0.486834341348384,1.9664209396075376,,,,0,5,Top,103.54,150.98,,,,,-9.168716873314908,-127.8917748181267,-0.9308962119319948,18.75406823422885,23.98632236032953,-29.33921147565376,3.346382874,1.68882874,70.0,100.0,3.0,88.9,1921.0,6.7,824893,686948,621566,645277,663586,805347,643289,671739,573262,53.76,0.54,0.501,0.0,1.0,0.0,0.0,4.0,37,2,Changeup,5,3,3,5,3,5,3,5,Standard,Standard,101.0,0.025,-0.218,72.9,7.7,,0.605,0.218,100.0,2,-2,0.755,0.245,37,27,37,27,3,2,6,1,6.0,1,2.67,1.54,-1.54,10.2,11.458279375970449,1.283819009774825,31.528867057078987,44.226280925889355,35.793700779540565
FF,2026-07-23,95.6,3.06,5.0,"Tatis Jr., Fernando",665487,519242,,swinging_strike,,,,,11.0,,R,R,L,ATL,SD,S,,,0,0,2026,1.29,0.77,-0.0665809837700588,3.543653504247909,,,,0,5,Top,,,,,,,-11.1081767487264,-138.8647490833223,0.1868021388336859,19.171381260854652,30.71671665089568,-22.411351207482877,3.346382874,1.68882874,,,,95.9,2441.0,6.5,824893,686948,621566,645277,663586,805347,643289,671739,573262,53.96,,,,,,,,37,1,4-Seam Fastball,5,3,3,5,3,5,3,5,Standard,Standard,114.0,0.004,-0.041,78.4,6.4,1.104030612,,0.041,,2,-2,0.751,0.249,37,27,37,27,3,2,6,1,6.0,1,1.73,1.29,-1.29,13.0,5.88703192338506,13.682881900356614,21.016039306696243,36.62987110639973,24.94552594911736
SL,2026-07-23,81.5,3.05,4.72,"Tatis Jr., Fernando",665487,519242,walk,ball,,,,,12.0,Fernando Tatis Jr. walks. Gavin Sheets scores. Freddy Fermin to 3rd. Jake Cronenworth to 2nd.,R,R,L,ATL,SD,B,,,3,1,2026,-0.88,-0.34,1.1257313664943625,2.556126931054554,657757.0,666023.0,630105.0,2,2,Top,,,,,,,-2.547072404817914,-118.72720329618018,2.5517207544837053,-7.817298434567131,22.93521034820684,-36.0628413481785,3.346382874,1.68882874,,,,81.4,2725.0,6.2,824893,686948,621566,645277,663586,805347,643289,671739,573262,54.31,,0.698418,0.7,1.0,0.0,0.0,,13,5,Slider,0,0,0,0,1,0,1,0,Standard,Standard,310.0,-0.06,0.191,,,,,-0.191,,0,0,0.434,0.566,37,27,37,27,2,1,6,1,6.0,1,3.76,-0.88,0.88,9.2,,,,,
SL,2026-07-23,81.8,2.98,4.84,"Tatis Jr., Fernando",665487,519242,,ball,,,,,13.0,,R,R,L,ATL,SD,B,,,2,1,2026,-1.25,-0.28,-0.9222566244272512,1.9174713358741815,657757.0,666023.0,630105.0,2,2,Top,,,,,,,-6.217674302221908,-118.99429009117569,0.7449384707863369,-10.608098923105864,23.53032590529801,-35.18600406185024,3.346382874,1.68882874,,,,81.6,2739.0,6.2,824893,686948,621566,645277,663586,805347,643289,671739,573262,54.27,,,,,,,,13,4,Slider,0,0,0,0,0,0,0,0,Standard,Standard,314.0,-0.03,0.121,,,,,-0.121,,0,0,0.464,0.536,37,27,37,27,2,1,6,1,6.0,1,3.69,-1.25,1.25,13.5,,,,,
SL,2026-07-23,81.6,2.79,4.75,"Tatis Jr., Fernando",665487,519242,,ball,,,,,13.0,,R,R,L,ATL,SD,B,,,1,1,2026,-1.23,-0.38,-2.103528276596937,0.7720664948254932,657757.0,666023.0,630105.0,2,2,Top,,,,,,,-8.46631041905765,-118.541076668394,-1.275683630231044,-9.664722883099795,25.529397738012943,-35.6497728820632,3.346382874,1.68882874,,,,81.4,2696.0,6.5,824893,686948,621566,645277,663586,805347,643289,671739,573262,53.95,,,,,,,,13,3,Slider,0,0,0,0,0,0,0,0,Standard,Standard,309.0,-0.014,0.05,,,,,-0.05,,0,0,0.478,0.522,37,27,37,27,2,1,6,1,6.0,1,3.85,-1.23,1.23,11.8,,,,,
FF,2026-07-23,98.2,2.82,5.1,"Tatis Jr., Fernando",665487,519242,,ball,,,,,11.0,,R,R,L,ATL,SD,B,,,0,1,2026,1.28,0.91,-0.3345923618501065,3.9833726517629753,657757.0,666023.0,630105.0,2,2,Top,,,,,,,-11.489455062177644,-142.50219072672664,0.5392571555259156,20.22744224922341,35.637071755644,-20.29413521034183,3.346382874,1.68882874,,,,98.1,2563.0,6.6,824893,686948,621566,645277,663586,805347,643289,671739,573262,53.9,,,,,,,,13,2,4-Seam Fastball,0,0,0,0,0,0,0,0,Standard,Standard,118.0,-0.008,0.028,,,,,-0.028,,0,0,0.486,0.514,37,27,37,27,2,1,6,1,6.0,1,1.49,1.28,-1.28,15.1,,,,,
SL,2026-07-23,81.4,2.93,4.87,"Tatis Jr., Fernando",665487,519242,,called_strike,,,,,7.0,,R,R,L,ATL,SD,S,,,0,0,2026,-1.14,-0.29,-0.2876247858167081,2.028688728347771,657757.0,666023.0,630105.0,2,2,Top,,,,,,,-4.9133685629661565,-118.53189252344453,1.0076023420355036,-9.753087443841393,23.302737561725444,-35.35656102011642,3.346382874,1.68882874,,,,81.5,2656.0,6.4,824893,686948,621566,645277,663586,805347,643289,671739,573262,54.1,,,,,,,,13,1,Slider,0,0,0,0,0,0,0,0,Standard,Standard,309.0,0.012,-0.04,,,,,0.04,,0,0,0.474,0.526,37,27,37,27,2,1,6,1,6.0,1,3.74,-1.14,1.14,9.7,,,,,
FC,2026-07-23,86.8,2.31,5.92,"Tatis Jr., Fernando",665487,689266,field_out,hit_into_play,,,,,8.0,Fernando Tatis Jr. flies out to right fielder Eli White.,R,R,L,ATL,SD,X,9.0,fly_ball,2,2,2026,0.05,0.57,-0.0098638292261857,1.998185554570116,,,,2,7,Top,172.98,66.38,,,,,-5.583447475842312,-126.4193790029596,-4.211567199880725,1.5857941110653304,23.75099447985009,-25.406397532027626,3.346382874,1.68882874,348.0,95.6,28.0,87.1,2154.0,6.2,824893,686948,621566,645277,663586,805347,643289,671739,642201,54.28,0.257,0.447,0.0,1.0,0.0,0.0,5.0,55,5,Cutter,5,3,3,5,3,5,3,5,Standard,Standard,147.0,0.012,-0.223,76.7,7.2,,0.821,0.223,95.6,2,-2,0.875,0.125,28,27,28,27,1,3,1,1,3.0,1,2.43,0.05,-0.05,39.8,-0.3280213450575046,2.772583122249899,32.051543151720175,39.276526761177166,30.232948207053287
SI,2026-07-23,93.3,2.09,6.02,"Tatis Jr., Fernando",665487,689266,,ball,,,,,12.0,,R,R,L,ATL,SD,B,,,1,2,2026,0.77,1.47,0.8229593865258256,4.395027322913583,,,,2,7,Top,,,,,,,-4.923321673170065,-135.81883456481103,-1.5591859877904288,10.589183678197108,29.318240962405135,-13.87577285047227,3.346382874,1.68882874,,,,93.1,2179.0,6.1,824893,686948,621566,645277,663586,805347,643289,671739,642201,54.4,,,,,,,,55,4,Sinker,5,3,3,5,3,5,3,5,Standard,Standard,128.0,-0.002,0.041,,,,,-0.041,,2,-2,0.877,0.123,28,27,28,27,1,3,1,1,3.0,1,1.15,0.77,-0.77,37.6,,,,,
SI,2026-07-23,94.1,-2.41,4.99,"Tatis Jr., Fernando",665487,628452,single,hit_into_play,,,,,7.0,Fernando Tatis Jr. singles on a line drive to right fielder Eli White. Jake Cronenworth to 2nd.,R,R,R,ATL,SD,X,9.0,line_drive,0,0,2026,-1.45,0.37,-0.3582373056906383,1.938712841093484,,,630105.0,2,9,Top,172.42,119.24,,,,,8.56883163197499,-136.752381589788,-2.834012018832074,-20.096619853683812,30.71977487521632,-27.063156363514487,3.346382874,1.68882874,173.0,97.1,7.0,94.5,2375.0,6.7,824893,686948,621566,645277,663586,805347,643289,671739,642201,53.84,0.609,0.564,0.9,1.0,1.0,0.0,4.0,71,1,Sinker,6,5,5,6,5,6,5,6,Standard,Standard,235.0,-0.067,0.343,66.1,6.8,,0.688,-0.343,97.1,1,-1,0.921,0.079,36,27,36,27,1,4,1,1,3.0,1,2.21,1.45,1.45,21.6,10.38604542397017,46.71167676278777,23.315829996938465,34.397900361354104,20.12879821948768
SI,2026-07-23,93.6,2.01,6.05,"Tatis Jr., Fernando",665487,689266,,ball,,,,,11.0,,R,R,L,ATL,SD,B,,,0,2,2026,0.88,1.18,-0.8156750135797745,4.106528957456455,,,,2,7,Top,,,,,,,-9.1367939356049,-136.15372669419207,-1.8059488657105884,12.826677436506204,26.42909158760759,-17.23019655741397,3.346382874,1.68882874,,,,93.8,2148.0,6.2,824893,686948,621566,645277,663586,805347,643289,671739,642201,54.35,,,,,,,,55,3,Sinker,5,3,3,5,3,5,3,5,Standard,Standard,129.0,-0.002,0.028,,,,,-0.028,,2,-2,0.879,0.121,28,27,28,27,1,3,1,1,3.0,1,1.4,0.88,-0.88,41.3,,,,,
SI,2026-07-23,93.8,1.92,6.11,"Tatis Jr., Fernando",665487,689266,,foul,,,,,5.0,,R,R,L,ATL,SD,S,,,0,1,2026,0.78,1.44,-0.1135535894926725,2.6994989971827543,,,,2,7,Top,,,,,,,-6.923835034859461,-136.5308009664336,-6.157200872207218,11.158735576758334,26.387147260890476,-12.984568477023254,3.346382874,1.68882874,165.0,76.7,15.0,94.0,2286.0,6.1,824893,686948,621566,645277,663586,805347,643289,671739,642201,54.35,,,,,,,,55,2,Sinker,5,3,3,5,3,5,3,5,Standard,Standard,133.0,0.004,-0.062,76.5,7.0,,,0.062,88.0,2,-2,0.875,0.125,28,27,28,27,1,3,1,1,3.0,1,1.13,0.78,-0.78,41.2,0.8868260308221115,5.490823374266561,34.07838943313449,37.05172820215776,23.4856949749768
SI,2026-07-23,92.7,1.99,6.07,"Tatis Jr., Fernando",665487,689266,,called_strike,,,,,4.0,,R,R,L,ATL,SD,S,,,0,0,2026,0.61,1.4,-0.549556556455698,2.441657163404119,,,,2,7,Top,,,,,,,-7.728596130705219,-134.84390001663184,-6.442031837237607,8.95167197654849,24.6464536270363,-13.87343673162678,3.346382874,1.68882874,,,,93.1,2150.0,6.2,824893,686948,621566,645277,663586,805347,643289,671739,642201,54.32,,,,,,,,55,1,Sinker,5,3,3,5,3,5,3,5,Standard,Standard,132.0,0.002,-0.045,,,,,0.045,,2,-2,0.873,0.127,28,27,28,27,1,3,1,1,3.0,1,1.22,0.61,-0.61,43.7,,,,,
SL,2026-07-23,79.1,2.99,4.76,"Tatis Jr., Fernando",665487,519242,strikeout,swinging_strike,,,,,14.0,Fernando Tatis Jr. strikes out swinging.,R,R,L,ATL,SD,S,2.0,,1,2,2026,-0.79,-0.39,0.5489807908424345,1.325516524149883,,,,0,1,Top,,,,,,,-3.7491308884701744,-115.2174767165454,0.2024420243945688,-6.39637841771938,20.03492677530123,-35.88883258536256,3.346382874,1.68882874,,,,79.2,2489.0,6.2,824893,686948,621566,645277,663586,805347,643289,671739,573262,54.34,,0.0,0.0,1.0,0.0,0.0,,1,4,Slider,0,0,0,0,0,0,0,0,Standard,Standard,309.0,0.015,-0.187,73.9,7.6,0.400123092,,0.187,,0,0,0.507,0.493,37,27,37,27,1,0,6,1,6.0,1,4.0,-0.79,0.79,11.8,6.555702746294691,-13.558396198323972,31.652416441172072,45.17477155803705,37.28033352641319
SL,2026-07-23,81.6,2.87,4.72,"Tatis Jr., Fernando",665487,519242,,ball,,,,,14.0,,R,R,L,ATL,SD,B,,,0,2,2026,-1.18,0.04,0.3572643924331745,0.8712871799238266,,,,0,1,Top,,,,,,,-3.2674745312937103,-118.794758629788,-1.947078653612739,-10.592478674092767,22.362784051783404,-31.61001958296879,3.346382874,1.68882874,,,,82.0,2545.0,6.5,824893,686948,621566,645277,663586,805347,643289,671739,573262,54.0,,,,,,,,1,3,Slider,0,0,0,0,0,0,0,0,Standard,Standard,313.0,-0.002,0.022,,,,,-0.022,,0,0,0.509,0.491,37,27,37,27,1,0,6,1,6.0,1,3.37,-1.18,1.18,10.0,,,,,
FF,2026-07-23,97.0,2.89,4.98,"Tatis Jr., Fernando",665487,519242,,swinging_strike,,,,,2.0,,R,R,L,ATL,SD,S,,,0,1,2026,1.25,0.65,0.1635550187263095,3.4501199225373567,,,,0,1,Top,,,,,,,-10.128371331780777,-141.06567068138384,0.0400010490045388,18.85492023726295,28.55148214698664,-23.595680042585673,3.346382874,1.68882874,,,,97.7,2264.0,6.5,824893,686948,621566,645277,663586,805347,643289,671739,573262,54.02,,,,,,,,1,2,4-Seam Fastball,0,0,0,0,0,0,0,0,Standard,Standard,111.0,0.006,-0.054,75.8,6.6,0.869742612,,0.054,,0,0,0.503,0.497,37,27,37,27,1,0,6,1,6.0,1,1.75,1.25,-1.25,10.4,2.3309274916325835,20.90114782913417,22.340530725709108,39.570075384679626,15.101576772096122
FF,2026-07-23,97.6,2.86,4.91,"Tatis Jr., Fernando",665487,519242,,called_strike,,,,,4.0,,R,R,L,ATL,SD,S,,,0,0,2026,1.32,0.83,-0.8119558741131196,2.547839554217491,,,,0,1,Top,,,,,,,-12.868036406509274,-141.64007580342263,-2.640042195293718,20.549733098460276,29.61365123916283,-20.590027749654908,3.346382874,1.68882874,,,,98.3,2419.0,6.6,824893,686948,621566,645277,663586,805347,643289,671739,573262,53.86,,,,,,,,1,1,4-Seam Fastball,0,0,0,0,0,0,0,0,Standard,Standard,108.0,0.003,-0.041,,,,,0.041,,0,0,0.5,0.5,37,27,37,27,1,0,6,1,6.0,1,1.56,1.32,-1.32,10.0,,,,,
FC,2026-07-22,83.9,1.53,5.44,"Tatis Jr., Fernando",665487,527048,walk,ball,,,,,14.0,Fernando Tatis Jr. walks.,R,R,L,ATL,SD,B,,,3,2,2026,-0.43,0.74,0.1093182814282954,1.309941430718074,,,,0,3,Top,,,,,,,-2.3744792606925564,-122.28609936094996,-4.462116381592373,-3.886219048925914,22.684561630108828,-24.05673344885084,3.346382874,1.68882874,,,,83.9,2201.0,6.1,824896,686948,621566,645277,663586,805347,643289,671739,676551,54.41,,0.698418,0.7,1.0,0.0,0.0,,21,6,Cutter,1,0,0,1,0,1,0,1,Standard,Standard,151.0,-0.037,0.36,,,,,-0.36,,1,-1,0.606,0.394,35,27,35,27,2,1,17,1,5.0,1,2.47,-0.43,0.43,45.0,,,,,
FC,2026-07-22,84.7,1.54,5.48,"Tatis Jr., Fernando",665487,527048,,swinging_strike,,,,,13.0,,R,R,L,ATL,SD,S,,,3,1,2026,-0.17,0.67,-0.3378494343639216,1.490176371606312,,,,0,3,Top,,,,,,,-3.97858737233595,-123.39265117651914,-4.156160773315799,-0.9815417382992846,22.356933016986105,-24.75397594618738,3.346382874,1.68882874,,,,84.8,2184.0,6.1,824896,686948,621566,645277,663586,805347,643289,671739,676551,54.41,,,,,,,,21,5,Cutter,1,0,0,1,0,1,0,1,Standard,Standard,145.0,0.011,-0.101,76.3,7.3,1.0362879,,0.101,,1,-1,0.595,0.405,35,27,35,27,2,1,17,1,5.0,1,2.48,-0.17,0.17,41.9,3.3305953944220947,-0.46436753347132,37.07765965528358,32.89321160608566,29.55932064286742
SI,2026-07-22,88.5,1.34,5.45,"Tatis Jr., Fernando",665487,527048,,ball,,,,,14.0,,R,R,L,ATL,SD,B,,,2,1,2026,1.07,0.75,1.198575366098982,2.397603240762468,,,,0,3,Top,,,,,,,-2.5840361649202563,-128.8924805161863,-2.773070382933579,12.451036172563327,25.955454062418887,-23.468106499699797,3.346382874,1.68882874,,,,88.3,1937.0,6.0,824896,686948,621566,645277,663586,805347,643289,671739,676551,54.45,,,,,,,,21,4,Sinker,1,0,0,1,0,1,0,1,Standard,Standard,131.0,-0.013,0.137,,,,,-0.137,,1,-1,0.608,0.392,35,27,35,27,2,1,17,1,5.0,1,2.15,1.07,-1.07,39.9,,,,,
SI,2026-07-22,87.2,1.35,5.6,"Tatis Jr., Fernando",665487,527048,,called_strike,,,,,12.0,,R,R,L,ATL,SD,S,,,2,0,2026,1.2,0.76,0.933003946613453,2.581340017830535,,,,0,3,Top,,,,,,,-3.477573250979888,-127.041175895455,-2.4878157676088306,13.737868788349054,25.194293091310435,-23.684065210608477,3.346382874,1.68882874,,,,86.9,1908.0,6.0,824896,686948,621566,645277,663586,805347,643289,671739,676551,54.51,,,,,,,,21,3,Sinker,1,0,0,1,0,1,0,1,Standard,Standard,128.0,0.009,-0.073,,,,,0.073,,1,-1,0.599,0.401,35,27,35,27,2,1,17,1,5.0,1,2.23,1.2,-1.2,38.6,,,,,
CH,2026-07-22,79.9,1.32,5.61,"Tatis Jr., Fernando",665487,527048,,ball,,,,,13.0,,R,R,L,ATL,SD,B,,,1,0,2026,0.96,0.86,-0.6404764181147872,1.4623028032754477,,,,0,3,Top,,,,,,,-6.07147066782388,-116.3111294084018,-3.879946564068842,9.797831832764254,19.82938128454158,-23.83000847899141,3.346382874,1.68882874,,,,79.8,1610.0,6.0,824896,686948,621566,645277,663586,805347,643289,671739,676551,54.48,,,,,,,,21,2,Changeup,1,0,0,1,0,1,0,1,Standard,Standard,128.0,-0.009,0.082,,,,,-0.082,,1,-1,0.608,0.392,35,27,35,27,2,1,17,1,5.0,1,2.68,0.96,-0.96,41.9,,,,,
CH,2026-07-22,79.7,1.43,5.7,"Tatis Jr., Fernando",665487,527048,,ball,,,,,14.0,,R,R,L,ATL,SD,B,,,0,0,2026,1.05,0.81,0.9855770188573518,2.412200426976584,,,,0,3,Top,,,,,,,-2.9548680088779484,-116.17659966450756,-1.8833921991797016,10.067464552895808,20.38973581286494,-24.659901381512093,3.346382874,1.68882874,,,,79.5,1614.0,5.9,824896,686948,621566,645277,663586,805347,643289,671739,676551,54.59,,,,,,,,21,1,Changeup,1,0,0,1,0,1,0,1,Standard,Standard,128.0,-0.004,0.042,,,,,-0.042,,1,-1,0.612,0.388,35,27,35,27,2,1,17,1,5.0,1,2.75,1.05,-1.05,41.6,,,,,
FF,2026-07-22,97.4,-2.09,5.13,"Tatis Jr., Fernando",665487,800311,,ball,,,,,12.0,,R,R,R,ATL,SD,B,,,0,0,2026,-0.61,1.3,0.3941608068444957,3.493597245944051,,593428.0,630105.0,2,7,Top,,,,,,,8.092965304681975,-141.58961163294205,-1.7299183987610132,-10.02572818079422,33.31949363919122,-14.58153284650212,3.346382874,1.68882874,,,,98.5,1946.0,7.1,824896,686948,621566,645277,663586,805347,643289,671739,676551,53.45,,,,,,,,55,1,4-Seam Fastball,1,1,1,1,1,1,1,1,Standard,Standard,217.0,-0.025,0.029,,,,,-0.029,,0,0,0.511,0.489,21,27,21,27,1,3,3,1,3.0,1,1.12,0.61,0.61,31.0,,,,,
FC,2026-07-22,91.1,-2.73,5.23,"Tatis Jr., Fernando",665487,682989,triple,hit_into_play,,,,,9.0,Fernando Tatis Jr. triples (2) on a line drive to left fielder Mauricio Dubón. Jake Cronenworth scores. Gavin Sheets scores.,R,R,R,ATL,SD,X,7.0,line_drive,1,1,2026,-0.01,0.47,0.4632060211682959,2.1278987209996183,630105.0,657757.0,,1,9,Top,121.81,63.65,,,,,8.030380640369989,-132.60178702122187,-2.8208406428539172,-1.66030802131193,25.151059022979496,-26.159524261806233,3.346382874,1.68882874,287.0,97.5,15.0,92.6,2560.0,6.9,824896,686948,621566,645277,663586,805347,643289,671739,676551,53.59,0.803,0.772,1.6,1.0,1.0,2.0,4.0,80,3,Cutter,7,2,2,7,4,7,4,7,Standard,Standard,209.0,-0.024,0.871,83.0,7.4,,0.992,-0.871,97.5,5,-5,0.98,0.02,25,27,25,27,1,4,2,1,3.0,1,2.24,0.01,0.01,23.5,5.678588482809449,-5.04566257716501,32.003839509347046,42.18122947050541,33.28144207676634
FF,2026-07-22,96.0,-2.8,5.36,"Tatis Jr., Fernando",665487,682989,,swinging_strike,,,,,12.0,,R,R,R,ATL,SD,S,,,1,0,2026,-0.87,1.19,0.5058719159906315,3.6096137382293514,630105.0,657757.0,,1,9,Top,,,,,,,10.694977601402956,-139.5144779292307,-1.6875351596270938,-13.6489059780643,27.87121480358208,-16.297833215592338,3.346382874,1.68882874,,,,97.0,2568.0,6.7,824896,686948,621566,645277,663586,805347,643289,671739,676551,53.82,,,,,,,,80,2,4-Seam Fastball,7,2,2,7,2,7,2,7,Standard,Standard,233.0,0.003,-0.062,78.1,6.9,1.536865716,,0.062,,5,-5,0.977,0.023,25,27,25,27,1,4,2,1,3.0,1,1.26,0.87,0.87,25.3,8.873882066690886,11.609554403002647,19.37996700432056,44.17013117289905,21.155594435258344
FC,2026-07-22,87.2,2.25,5.94,"Tatis Jr., Fernando",665487,689266,field_out,hit_into_play,,,,,4.0,"Fernando Tatis Jr. grounds out, shortstop Jim Jarvis to first baseman Matt Olson.",R,R,L,ATL,SD,X,6.0,ground_ball,0,0,2026,0.21,0.27,-0.5594620266972226,2.577964656998476,,,,2,5,Top,110.44,144.64,,,,,-7.076264736386273,-126.95033806101546,-2.3045640617742382,3.6457811979712034,24.76519017894167,-28.990608534822467,3.346382874,1.68882874,109.0,61.5,13.0,87.2,2102.0,6.2,824896,686948,621566,645277,663586,805347,643289,671739,676551,54.35,0.216,0.201,0.0,1.0,0.0,0.0,2.0,39,1,Cutter,1,0,0,1,0,1,0,1,Standard,Standard,149.0,0.015,-0.262,73.8,6.8,,0.247,0.262,88.0,1,-1,0.693,0.307,28,27,28,27,1,2,3,1,1.0,1,2.71,0.21,-0.21,39.5,0.6106198258185028,5.9986075278231965,31.888724025080716,31.31685508278689,28.24461978342053
FC,2026-07-22,91.2,-2.8,5.2,"Tatis Jr., Fernando",665487,682989,,ball,,,,,14.0,,R,R,R,ATL,SD,B,,,0,0,2026,-0.05,0.67,2.2828294515876544,1.7909568526702384,630105.0,,657757.0,1,9,Top,,,,,,,12.82985660733098,-132.3310020458023,-3.9872655509406094,-3.0916674923279563,25.73220764773717,-23.633786187507702,3.346382874,1.68882874,,,,92.3,2586.0,6.9,824896,686948,621566,645277,663586,805347,643289,671739,676551,53.58,,,,,,,,80,1,Cutter,7,2,2,7,2,7,2,7,Standard,Standard,225.0,-0.006,0.021,,,,,-0.021,,5,-5,0.983,0.017,25,27,25,27,1,4,2,1,3.0,1,2.07,0.05,0.05,23.7,,,,,
SI,2026-07-22,89.9,0.59,5.82,"Tatis Jr., Fernando",665487,527048,strikeout,called_strike,,,,,1.0,Fernando Tatis Jr. called out on strikes.,R,R,L,ATL,SD,S,2.0,,2,2,2026,1.4,0.83,-0.5562309777888634,3.418826271698002,,,,0,1,Top,,,,,,,-5.8046689542679655,-130.8043405052376,-1.5599872930748666,17.352564479081444,27.690586717662693,-22.538369019361724,3.346382874,1.68882874,,,,89.4,1921.0,6.0,824896,686948,621566,645277,663586,805347,643289,671739,676551,54.48,,0.0,0.0,1.0,0.0,0.0,,1,5,Sinker,0,0,0,0,0,0,0,0,Standard,Standard,135.0,0.019,-0.232,,,,,0.232,,0,0,0.503,0.497,35,27,35,27,1,0,17,1,5.0,1,1.99,1.4,-1.4,48.4,,,,,
CH,2026-07-22,82.5,1.34,5.62,"Tatis Jr., Fernando",665487,527048,,ball,,,,,14.0,,R,R,L,ATL,SD,B,,,1,2,2026,1.27,0.68,1.037589176328574,1.245145278846984,,,,0,1,Top,,,,,,,-3.1959226662671334,-120.13595851914596,-4.555220486963616,12.905951184150425,23.10297929570971,-24.92174580206561,3.346382874,1.68882874,,,,82.5,1593.0,6.2,824896,686948,621566,645277,663586,805347,643289,671739,676551,54.28,,,,,,,,1,4,Changeup,0,0,0,0,0,0,0,0,Standard,Standard,131.0,-0.004,0.046,,,,,-0.046,,0,0,0.507,0.493,35,27,35,27,1,0,17,1,5.0,1,2.66,1.27,-1.27,44.2,,,,,
FC,2026-07-22,86.3,0.93,5.75,"Tatis Jr., Fernando",665487,527048,,swinging_strike,,,,,13.0,,R,R,L,ATL,SD,S,,,1,1,2026,-0.04,0.71,-0.9907583053612822,1.995445484275296,,,,0,1,Top,,,,,,,-4.405657361792437,-125.74685604732994,-4.0152317568150675,0.3562058401656948,23.80841790286248,-24.020876252316334,3.346382874,1.68882874,,,,86.4,2190.0,6.1,824896,686948,621566,645277,663586,805347,643289,671739,676551,54.35,,,,,,,,1,3,Cutter,0,0,0,0,0,0,0,0,Standard,Standard,168.0,0.006,-0.06,78.9,6.7,0.1,,0.06,,0,0,0.501,0.499,35,27,35,27,1,0,17,1,5.0,1,2.32,-0.04,0.04,54.1,-0.7269660881434853,9.724405323967716,38.01345150359579,25.004681500957023,26.110927081664823
FF,2026-07-22,89.4,0.8,5.86,"Tatis Jr., Fernando",665487,527048,,ball,,,,,11.0,,R,R,L,ATL,SD,B,,,0,1,2026,0.91,1.44,-0.6056084142243495,4.282769549853836,,,,0,1,Top,,,,,,,-5.340928620085375,-130.1694108726515,-0.7956217386463779,11.426003395125756,28.400551053508636,-15.858704176931676,3.346382874,1.68882874,,,,88.8,2041.0,6.0,824896,686948,621566,645277,663586,805347,643289,671739,676551,54.51,,,,,,,,1,2,4-Seam Fastball,0,0,0,0,0,0,0,0,Standard,Standard,138.0,-0.002,0.029,,,,,-0.029,,0,0,0.503,0.497,35,27,35,27,1,0,17,1,5.0,1,1.41,0.91,-0.91,48.3,,,,,
SI,2026-07-22,88.6,1.07,5.64,"Tatis Jr., Fernando",665487,527048,,foul,,,,,14.0,,R,R,L,ATL,SD,S,,,0,0,2026,1.44,0.85,1.199020076421428,2.4400897798284378,,,,0,1,Top,,,,,,,-2.756317743342862,-129.00869681113625,-3.3337860311681196,16.682750100978836,27.32902531198327,-22.179260912190315,3.346382874,1.68882874,233.0,72.0,37.0,88.2,1897.0,6.1,824896,686948,621566,645277,663586,805347,643289,671739,676551,54.43,,,,,,,,1,1,Sinker,0,0,0,0,0,0,0,0,Standard,Standard,124.0,0.003,-0.041,74.2,7.3,,,0.041,88.0,0,0,0.5,0.5,35,27,35,27,1,0,17,1,5.0,1,2.05,1.44,-1.44,43.7,-3.767994125431668,16.959249719223983,27.28944765223662,52.571267681773634,15.097725158513104
,2026-07-22,,,,"Tatis Jr., Fernando",665487,800311,,automatic_ball,,,,,,,R,R,R,ATL,SD,B,,,2,0,2026,,,,,593428.0,630105.0,,2,7,Top,,,,,,,,,,,,,,,,,,,,,824896,686948,621566,645277,663586,805347,643289,671739,676551,,,,,,,,,55,3,,1,1,1,1,1,1,1,1,,,,-0.007,,,,,,,,0,0,0.481,0.519,21,27,21,27,1,3,3,1,3.0,1,,,,,,,,,
,2026-07-22,,,,"Tatis Jr., Fernando",665487,800311,,automatic_ball,,,,,,,R,R,R,ATL,SD,B,,,1,0,2026,,,,,593428.0,630105.0,,2,7,Top,,,,,,,,,,,,,,,,,,,,,824896,686948,621566,645277,663586,805347,643289,671739,676551,,,,,,,,,55,2,,1,1,1,1,1,1,1,1,,,,-0.005,,,,,,,,0,0,0.486,0.514,21,27,21,27,1,3,3,1,3.0,1,,,,,,,,,
,2026-07-22,,,,"Tatis Jr., Fernando",665487,800311,intent_walk,automatic_ball,,,,,,Didier Fuentes intentionally walks Fernando Tatis Jr.,R,R,R,ATL,SD,B,,,3,0,2026,,,,,593428.0,630105.0,,2,7,Top,,,,,,,,,,,,,,,,,,,,,824896,686948,621566,645277,663586,805347,643289,671739,676551,,,,0.4,,0.0,0.0,,55,4,,1,1,1,1,1,1,1,1,,,,-0.01,,,,,,,,0,0,0.474,0.526,21,27,21,27,1,3,3,1,3.0,1,,,,,,,,,
FF,2026-07-21,97.7,-2.03,5.51,"Tatis Jr., Fernando",665487,625643,double,hit_into_play,,,,,5.0,Fernando Tatis Jr. doubles (20) on a sharp line drive to right fielder Brewer Hicklen. Xander Bogaerts scores.,R,R,R,ATL,SD,X,9.0,line_drive,0,0,2026,-0.6,1.32,0.1900984880861714,2.2284690047795617,593428.0,,,2,4,Top,201.14,117.5,,,,,7.350523988955665,-142.04768583506575,-6.231905547348682,-9.891933114441535,33.28322988424274,-13.006114858037614,3.346382874,1.68882874,275.0,106.0,13.0,98.1,2092.0,6.6,824895,686948,621566,645277,663586,805347,643289,671739,676551,53.91,0.886,0.883,1.25,1.0,1.0,1.0,5.0,33,1,4-Seam Fastball,2,3,3,2,4,2,4,2,Standard,Standard,211.0,-0.105,0.782,74.7,6.9,,1.183,-0.782,106.0,-1,1,0.388,0.612,32,27,32,27,3,2,10,1,5.0,1,1.07,0.6,0.6,37.6,-6.881715442220401,24.40447466701074,31.51545530242434,41.516812131173175,17.470233987562068
CU,2026-07-21,84.3,-2.34,5.49,"Tatis Jr., Fernando",665487,702275,home_run,hit_into_play,,,,,8.0,Fernando Tatis Jr. homers (8) on a fly ball to left center field. Luis Rengifo scores.,R,R,R,ATL,SD,X,,fly_ball,3,2,2026,0.97,-1.05,0.1384422852116782,2.171655664807622,,,650859.0,1,8,Top,66.55,25.17,,,,,3.7426008087063383,-122.648339807036,1.0873954140406297,8.870262499622212,26.81721163766319,-43.15363468520816,3.346382874,1.68882874,474.0,111.0,27.0,84.4,2475.0,6.6,824895,686948,621566,645277,663586,805347,643289,671739,676551,53.88,1.0,2.0,2.0,1.0,0.0,3.0,6.0,68,8,Curveball,3,6,6,3,8,3,8,3,Standard,Standard,48.0,-0.05,1.411,82.2,7.4,,4.0,-1.411,111.0,-3,3,0.069,0.931,23,27,23,27,2,4,3,1,12.0,1,4.29,-0.97,-0.97,25.8,10.81087038203907,-5.6744910927469085,30.7775508225471,37.32501805781928,40.6976417763828
CU,2026-07-21,83.9,-2.36,5.49,"Tatis Jr., Fernando",665487,702275,,foul,,,,,14.0,,R,R,R,ATL,SD,S,,,3,2,2026,0.9,-1.2,0.1953052544618999,1.3338449726466337,,,650859.0,1,8,Top,,,,,,,4.026167050895143,-122.14048471502797,-0.4874946374436282,8.05194868859926,27.020543068938693,-44.18805556065463,3.346382874,1.68882874,,,,83.9,2778.0,6.5,824895,686948,621566,645277,663586,805347,643289,671739,676551,53.98,,,,,,,,68,7,Curveball,3,6,6,3,6,3,6,3,Standard,Standard,47.0,0.0,0.0,80.3,8.0,,,0.0,,-3,3,0.069,0.931,23,27,23,27,2,4,3,1,12.0,1,4.47,-0.9,-0.9,26.2,19.60630086238689,-22.44358047007149,34.6672269527967,37.73876718276429,50.07801562978447
FC,2026-07-21,88.5,-2.46,5.27,"Tatis Jr., Fernando",665487,702275,,ball,,,,,14.0,,R,R,R,ATL,SD,B,,,2,2,2026,0.13,0.34,1.5164406976422136,1.0859255194028197,,,650859.0,1,8,Top,,,,,,,9.35814471750813,-128.57133556081547,-4.696402960403957,-0.2687470327385304,24.04984615260721,-27.652252615240275,3.346382874,1.68882874,,,,89.4,2335.0,6.7,824895,686948,621566,645277,663586,805347,643289,671739,676551,53.78,,,,,,,,68,6,Cutter,3,6,6,3,6,3,6,3,Standard,Standard,190.0,-0.003,0.072,,,,,-0.072,,-3,3,0.072,0.928,23,27,23,27,2,4,3,1,12.0,1,2.56,-0.13,-0.13,22.2,,,,,
CU,2026-07-21,82.6,-2.31,5.34,"Tatis Jr., Fernando",665487,702275,,blocked_ball,,,,,14.0,,R,R,R,ATL,SD,B,,,1,2,2026,0.91,-1.07,1.366320666995297,0.1584134136793085,,,650859.0,1,8,Top,,,,,,,6.486266093278445,-120.1446060294345,-2.8993941041579605,7.605880114953416,23.28163933607757,-42.218489502494776,3.346382874,1.68882874,,,,83.2,2506.0,6.7,824895,686948,621566,645277,663586,805347,643289,671739,676551,53.77,,,,,,,,68,5,Curveball,3,6,6,3,6,3,6,3,Standard,Standard,46.0,-0.002,0.052,,,,,-0.052,,-3,3,0.074,0.926,23,27,23,27,2,4,3,1,12.0,1,4.42,-0.91,-0.91,26.1,,,,,
CU,2026-07-21,83.5,-2.44,5.41,"Tatis Jr., Fernando",665487,702275,,foul,,,,,4.0,,R,R,R,ATL,SD,S,,,1,2,2026,1.0,-0.95,-0.3019247634296258,2.220632244311004,,,650859.0,1,8,Top,,,,,,,2.868987374577357,-121.61663312368428,1.2175532478269535,9.314597215863913,24.37287779440113,-42.0695604383755,3.346382874,1.68882874,3.0,63.8,-35.0,83.8,2579.0,6.5,824895,686948,621566,645277,663586,805347,643289,671739,676551,54.02,,,,,,,,68,4,Curveball,3,6,6,3,6,3,6,3,Standard,Standard,52.0,0.0,0.0,70.1,6.8,,,0.0,88.0,-3,3,0.074,0.926,23,27,23,27,2,4,3,1,12.0,1,4.22,-1.0,-1.0,24.9,15.802281703452326,2.155520310822028,33.91669336972714,32.95289776324214,29.270774461612987
CU,2026-07-21,83.6,-2.48,5.41,"Tatis Jr., Fernando",665487,702275,,foul,,,,,14.0,,R,R,R,ATL,SD,S,,,1,1,2026,1.07,-1.02,0.2650751710956032,1.0874652604356574,,,650859.0,1,8,Top,,,,,,,4.139790651367317,-121.77021043088295,-1.2228265526727102,9.724404494401243,24.971233915982236,-42.294019105195794,3.346382874,1.68882874,1.0,64.4,-49.0,84.1,2523.0,6.6,824895,686948,621566,645277,663586,805347,643289,671739,676551,53.86,,,,,,,,68,3,Curveball,3,6,6,3,6,3,6,3,Standard,Standard,46.0,0.003,-0.067,87.6,7.8,,,0.067,88.0,-3,3,0.071,0.929,23,27,23,27,2,4,3,1,12.0,1,4.29,-1.07,-1.07,25.8,9.612016211412763,-5.4106437769694855,37.20344143374741,39.412477371194896,36.11992992464903
SI,2026-07-21,94.3,-2.35,5.39,"Tatis Jr., Fernando",665487,702275,,ball,,,,,14.0,,R,R,R,ATL,SD,B,,,0,1,2026,-1.35,0.34,1.3517157225002403,0.8138871760515305,,,650859.0,1,8,Top,,,,,,,12.61717042798424,-136.5736342468479,-6.663450958175192,-19.77721867974266,32.179651561039734,-26.466276116123,3.346382874,1.68882874,,,,94.4,2241.0,6.8,824895,686948,621566,645277,663586,805347,643289,671739,676551,53.72,,,,,,,,68,2,Sinker,3,6,6,3,6,3,6,3,Standard,Standard,234.0,-0.001,0.026,,,,,-0.026,,-3,3,0.072,0.928,23,27,23,27,2,4,3,1,12.0,1,2.26,1.35,1.35,26.6,,,,,
SI,2026-07-21,94.0,-2.27,5.57,"Tatis Jr., Fernando",665487,702275,,called_strike,,,,,9.0,,R,R,R,ATL,SD,S,,,0,0,2026,-1.36,0.45,0.5738259789601226,2.119712274818611,,,650859.0,1,8,Top,,,,,,,10.40142786782214,-136.33458797929282,-3.9113493752019544,-19.441256628696273,33.94858229770111,-25.84995644745913,3.346382874,1.68882874,,,,93.8,2191.0,6.6,824895,686948,621566,645277,663586,805347,643289,671739,676551,53.85,,,,,,,,68,1,Sinker,3,6,6,3,6,3,6,3,Standard,Standard,229.0,0.001,-0.037,,,,,0.037,,-3,3,0.071,0.929,23,27,23,27,2,4,3,1,12.0,1,2.18,1.36,1.36,28.0,,,,,
SL,2026-07-21,86.1,-2.06,5.63,"Tatis Jr., Fernando",665487,625643,field_out,hit_into_play,,,,,14.0,Fernando Tatis Jr. flies out to right fielder Brewer Hicklen.,R,R,R,ATL,SD,X,9.0,fly_ball,0,0,2026,-0.05,0.37,0.8732707273617678,2.029424847365544,,,650859.0,2,2,Top,182.2,88.23,,,,,6.920310877461919,-125.2771179212509,-2.835352200751855,-1.862008853461314,25.06840737276668,-27.92957528482026,3.346382874,1.68882874,308.0,92.1,35.0,85.8,2296.0,6.0,824895,686948,621566,645277,663586,805347,643289,671739,676551,54.45,0.037,0.063,0.0,1.0,0.0,0.0,3.0,14,1,Slider,0,1,1,0,1,0,1,0,Standard,Standard,123.0,0.021,-0.275,71.3,7.8,,0.118,0.275,92.1,-1,1,0.422,0.578,32,27,32,27,2,1,10,1,5.0,1,2.71,0.05,0.05,32.5,1.8271216967091344,0.6302925068133186,32.976126333344546,48.04552422465816,28.991394648834937
CU,2026-07-21,83.4,-2.25,5.5,"Tatis Jr., Fernando",665487,702275,strikeout,foul_tip,,,,,14.0,Fernando Tatis Jr. strikes out on a foul tip.,R,R,R,ATL,SD,S,2.0,,0,2,2026,1.01,-1.03,1.1541418986569736,1.4858339602349493,,,,0,6,Top,,,,,,,5.705320671679481,-121.31729135574548,-0.3839756340741702,8.624131994534135,26.82106297175444,-42.409696778890385,3.346382874,1.68882874,,,,83.3,2531.0,6.5,824895,686948,621566,645277,663586,805347,643289,671739,676551,53.99,,0.0,0.0,1.0,0.0,0.0,,48,3,Curveball,2,5,5,2,5,2,5,2,Standard,Standard,49.0,0.007,-0.164,71.7,8.0,,,0.164,,-3,3,0.141,0.859,23,27,23,27,1,3,3,1,12.0,1,4.34,-1.01,-1.01,23.5,8.761982509864247,-7.427239831974488,24.223242007932612,48.77962134727842,38.51677922884058
CU,2026-07-21,83.6,-2.38,5.62,"Tatis Jr., Fernando",665487,702275,,foul,,,,,14.0,,R,R,R,ATL,SD,S,,,0,1,2026,1.14,-0.84,0.6758157588679645,1.160880590066395,,,,0,6,Top,,,,,,,4.64287734646658,-121.58464274022816,-1.8330973665300805,10.235728278803125,26.624947468791028,-40.303347621897785,3.346382874,1.68882874,1.0,73.5,-63.0,83.1,2770.0,6.2,824895,686948,621566,645277,663586,805347,643289,671739,676551,54.25,,,,,,,,48,2,Curveball,2,5,5,2,5,2,5,2,Standard,Standard,47.0,0.002,-0.054,63.7,7.0,,,0.054,88.0,-3,3,0.139,0.861,23,27,23,27,1,3,3,1,12.0,1,4.14,-1.14,-1.14,25.4,1.3223324377548658,12.272611297635684,31.41682762282627,44.73799846146929,29.391256646054742
CU,2026-07-21,81.8,-2.28,5.69,"Tatis Jr., Fernando",665487,702275,,swinging_strike,,,,,14.0,,R,R,R,ATL,SD,S,,,0,0,2026,1.13,-1.16,1.0789794785356903,1.8961965565742032,,,,0,6,Top,,,,,,,5.251024978202893,-118.97885968660158,0.6107355441806881,9.506372275362532,25.98841333868449,-43.44704412969852,3.346382874,1.68882874,,,,81.3,2658.0,6.3,824895,686948,621566,645277,663586,805347,643289,671739,676551,54.2,,,,,,,,48,1,Curveball,2,5,5,2,5,2,5,2,Standard,Standard,46.0,0.002,-0.041,82.7,7.9,1.090475532,,0.041,,-3,3,0.137,0.863,23,27,23,27,1,3,3,1,12.0,1,4.61,-1.13,-1.13,25.8,13.012478847584372,-10.91463895721428,25.07664835626773,48.68275044999073,40.545284072315305
FF,2026-07-21,95.5,-1.7,5.75,"Tatis Jr., Fernando",665487,625643,single,hit_into_play,,,,,12.0,Fernando Tatis Jr. singles on a soft ground ball to third baseman Austin Riley.,R,R,R,ATL,SD,X,5.0,ground_ball,1,1,2026,-0.49,1.43,1.1073476238944155,2.6871091922559573,,,,0,1,Top,116.77,189.16,,,,,8.473765520786907,-138.8426456183271,-5.552657232220098,-8.223134873768904,29.82656375304927,-12.560224468888167,3.346382874,1.68882874,1.0,61.5,-73.0,96.1,2141.0,6.6,824895,686948,621566,645277,663586,805347,643289,671739,676551,53.89,0.222,0.2,0.9,1.0,1.0,0.0,2.0,1,3,4-Seam Fastball,0,0,0,0,0,0,0,0,Standard,Standard,209.0,-0.037,0.457,81.3,8.2,,0.225,-0.457,88.0,0,0,0.501,0.499,32,27,32,27,1,0,10,1,5.0,1,1.06,0.49,0.49,39.0,20.47298480648846,-10.125312296217112,21.628051503871983,48.79652733337924,36.75495741371259
FF,2026-07-21,94.4,-1.88,5.68,"Tatis Jr., Fernando",665487,625643,,called_strike,,,,,4.0,,R,R,R,ATL,SD,S,,,1,0,2026,-0.7,1.32,-0.7245663499445422,2.81125865978184,,,,0,1,Top,,,,,,,4.563159533160192,-137.48940765980427,-4.623223986936305,-9.828348445782828,29.201747215644055,-14.584908128755972,3.346382874,1.68882874,,,,95.2,2150.0,6.6,824895,686948,621566,645277,663586,805347,643289,671739,676551,53.89,,,,,,,,1,2,4-Seam Fastball,0,0,0,0,0,0,0,0,Standard,Standard,210.0,0.005,-0.055,,,,,0.055,,0,0,0.496,0.504,32,27,32,27,1,0,10,1,5.0,1,1.22,0.7,0.7,39.2,,,,,
FF,2026-07-21,95.2,-1.7,5.71,"Tatis Jr., Fernando",665487,625643,,ball,,,,,14.0,,R,R,R,ATL,SD,B,,,0,0,2026,-0.62,1.42,1.186685908776996,1.6359725922159305,,,,0,1,Top,,,,,,,8.900861952887595,-138.21820127672564,-8.029560880371772,-10.005999828322572,32.07529569653143,-12.257451114870983,3.346382874,1.68882874,,,,95.2,2127.0,6.5,824895,686948,621566,645277,663586,805347,643289,671739,676551,54.0,,,,,,,,1,1,4-Seam Fastball,0,0,0,0,0,0,0,0,Standard,Standard,217.0,-0.004,0.042,,,,,-0.042,,0,0,0.5,0.5,32,27,32,27,1,0,10,1,5.0,1,1.11,0.62,0.62,38.8,,,,,
FC,2026-07-20,89.0,-1.5,6.19,"Tatis Jr., Fernando",665487,693821,field_out,hit_into_play,,,,,14.0,"Fernando Tatis Jr. grounds out, pitcher Bryce Elder to first baseman Matt Olson.",R,R,R,ATL,SD,X,1.0,ground_ball,3,2,2026,0.21,0.72,1.0244778961199308,1.9420021199155184,,,,0,6,Top,127.06,166.56,,,,,5.687471138894654,-129.4591787761196,-5.736586505430397,1.23689284377791,25.15047568300309,-23.08464898883485,3.346382874,1.68882874,7.0,102.6,-15.0,89.4,2394.0,6.4,824898,663698,621566,645277,663586,805347,643289,671739,642201,54.09,0.258,0.232,0.0,1.0,0.0,0.0,2.0,37,7,Cutter,2,1,1,2,1,2,1,2,Standard,Standard,194.0,0.045,-0.346,74.3,7.4,,0.27,0.346,102.6,1,-1,0.651,0.349,27,27,27,27,3,2,11,1,5.0,1,2.14,-0.21,-0.21,50.9,1.6899025563150554,7.2075389698184225,29.29125611727095,47.43647292875701,26.36998806826593
SI,2026-07-20,92.7,-1.54,6.07,"Tatis Jr., Fernando",665487,693821,,foul,,,,,9.0,,R,R,R,ATL,SD,S,,,3,2,2026,-0.54,0.91,0.3204227383648389,1.60465823351415,,,,0,6,Top,,,,,,,5.907014928875867,-134.86987249407028,-7.4909309395524195,-7.806442824551256,25.33573477241683,-19.6704309379901,3.346382874,1.68882874,1.0,71.1,-50.0,93.5,2171.0,6.5,824898,663698,621566,645277,663586,805347,643289,671739,642201,54.03,,,,,,,,37,6,Sinker,2,1,1,2,1,2,1,2,Standard,Standard,213.0,0.0,0.0,86.0,7.6,,,0.0,88.0,1,-1,0.651,0.349,27,27,27,27,3,2,11,1,5.0,1,1.71,0.54,0.54,47.0,7.086278195283259,-2.0460084519722597,33.586849673368626,39.85461892675717,31.25353948130929
SI,2026-07-20,91.1,-1.58,6.12,"Tatis Jr., Fernando",665487,693821,,ball,,,,,13.0,,R,R,R,ATL,SD,B,,,2,2,2026,-1.21,0.66,-0.3003328515340333,0.6243030975261994,,,,0,6,Top,,,,,,,5.819700405713126,-132.29436455809414,-9.054123486202316,-15.47886666877344,27.819981844325916,-22.71441254217126,3.346382874,1.68882874,,,,91.3,2075.0,6.5,824898,663698,621566,645277,663586,805347,643289,671739,642201,54.02,,,,,,,,37,5,Sinker,2,1,1,2,1,2,1,2,Standard,Standard,208.0,-0.014,0.113,,,,,-0.113,,1,-1,0.665,0.335,27,27,27,27,3,2,11,1,5.0,1,2.1,1.21,1.21,49.9,,,,,
SL,2026-07-20,83.6,-1.46,6.18,"Tatis Jr., Fernando",665487,693821,,ball,,,,,14.0,,R,R,R,ATL,SD,B,,,1,2,2026,0.19,-0.17,1.2159310037863331,1.1317997709118823,,,,0,6,Top,,,,,,,5.709454859393241,-121.72177048836478,-4.666046923497177,0.8339158503124369,22.298751446810737,-33.21552204396064,3.346382874,1.68882874,,,,84.0,2412.0,6.4,824898,663698,621566,645277,663586,805347,643289,671739,642201,54.13,,,,,,,,37,4,Slider,2,1,1,2,1,2,1,2,Standard,Standard,27.0,-0.006,0.046,,,,,-0.046,,1,-1,0.671,0.329,27,27,27,27,3,2,11,1,5.0,1,3.41,-0.19,-0.19,52.9,,,,,
CH,2026-07-20,85.2,-1.5,6.18,"Tatis Jr., Fernando",665487,693821,,ball,,,,,13.0,,R,R,R,ATL,SD,B,,,0,2,2026,-0.88,0.22,-0.5674654952633625,0.3582921511129715,,,,0,6,Top,,,,,,,3.9576219873407408,-123.79461505317522,-7.397434369433311,-9.85388161784142,28.59024393765805,-28.48959806148804,3.346382874,1.68882874,,,,84.5,1052.0,6.3,824898,663698,621566,645277,663586,805347,643289,671739,642201,54.21,,,,,,,,37,3,Changeup,2,1,1,2,1,2,1,2,Standard,Standard,231.0,-0.003,0.022,,,,,-0.022,,1,-1,0.674,0.326,27,27,27,27,3,2,11,1,5.0,1,2.97,0.88,0.88,50.7,,,,,
SI,2026-07-20,91.4,-1.44,6.16,"Tatis Jr., Fernando",665487,693821,,foul,,,,,8.0,,R,R,R,ATL,SD,S,,,0,1,2026,-0.99,0.92,0.2543720625081277,2.0737897537398946,,,,0,6,Top,,,,,,,6.392902353774944,-132.9199624456211,-6.192234112406302,-13.127521656142823,28.48742494304373,-20.162169669799603,3.346382874,1.68882874,207.0,71.9,51.0,91.5,2167.0,6.4,824898,663698,621566,645277,663586,805347,643289,671739,642201,54.14,,,,,,,,37,2,Sinker,2,1,1,2,1,2,1,2,Standard,Standard,211.0,0.009,-0.054,77.6,7.3,,,0.054,88.0,1,-1,0.665,0.335,27,27,27,27,3,2,11,1,5.0,1,1.82,0.99,0.99,51.4,-6.365884809994028,6.804301815418475,32.85622168193476,39.21528561993056,26.271910400427075
FC,2026-07-20,88.0,-1.49,6.25,"Tatis Jr., Fernando",665487,693821,,foul_tip,,,,,3.0,,R,R,R,ATL,SD,S,,,0,0,2026,0.31,0.76,0.6177209890565245,3.116375087079972,,,,0,6,Top,,,,,,,4.378269167980391,-128.25107746921424,-2.9545745537186177,2.6544309569790068,24.175726000263673,-23.383836583902102,3.346382874,1.68882874,,,,88.4,2196.0,6.3,824898,663698,621566,645277,663586,805347,643289,671739,642201,54.23,,,,,,,,37,1,Cutter,2,1,1,2,1,2,1,2,Standard,Standard,195.0,0.005,-0.041,79.9,7.1,,,0.041,,1,-1,0.66,0.34,27,27,27,27,3,2,11,1,5.0,1,2.16,-0.31,-0.31,51.3,6.928658578494631,8.104911797164508,22.3371349107791,43.26070137729404,24.3030597293693
SI,2026-07-20,91.4,-1.44,6.11,"Tatis Jr., Fernando",665487,693821,field_out,hit_into_play,,,,,5.0,Fernando Tatis Jr. pops out to first baseman Matt Olson.,R,R,R,ATL,SD,X,3.0,popup,2,1,2026,-0.9,0.72,-0.0784050131414471,2.3073728983445303,,,,2,3,Top,172.03,145.76,,,,,5.387256781579785,-133.10677004854713,-5.111310251817218,-11.860426185208292,26.17858735851767,-22.77669023447621,3.346382874,1.68882874,177.0,92.7,62.0,92.0,2072.0,6.4,824898,663698,621566,645277,663586,805347,643289,671739,642201,54.1,0.011,0.014,0.0,1.0,0.0,0.0,3.0,16,4,Sinker,0,0,0,0,0,0,0,0,Standard,Standard,207.0,0.013,-0.302,82.8,7.3,,0.021,0.302,92.7,0,0,0.542,0.458,27,27,27,27,2,1,11,1,5.0,1,1.99,0.9,0.9,49.8,5.758985597092391,-1.949824188334992,32.518682231122504,35.23124343204233,34.85819306840313
FF,2026-07-20,92.7,-1.6,6.1,"Tatis Jr., Fernando",665487,693821,,ball,,,,,12.0,,R,R,R,ATL,SD,B,,,1,1,2026,-0.08,1.13,0.9616750080632004,3.6707509825131446,,,,2,3,Top,,,,,,,6.679896267315978,-134.92616811295574,-2.8284635590975564,-2.275314774994874,25.859617566014375,-17.856026608744163,3.346382874,1.68882874,,,,93.6,2169.0,6.6,824898,663698,621566,645277,663586,805347,643289,671739,642201,53.93,,,,,,,,16,3,4-Seam Fastball,0,0,0,0,0,0,0,0,Standard,Standard,197.0,-0.002,0.055,,,,,-0.055,,0,0,0.544,0.456,27,27,27,27,2,1,11,1,5.0,1,1.49,0.08,0.08,53.8,,,,,
SI,2026-07-20,91.4,-1.59,6.11,"Tatis Jr., Fernando",665487,693821,,ball,,,,,13.0,,R,R,R,ATL,SD,B,,,0,1,2026,-0.68,0.86,-0.6873422251786566,1.1708208566901603,,,,2,3,Top,,,,,,,3.761260017061248,-132.92763141592266,-8.264474812896525,-8.864836028882145,26.52546376434376,-20.451089956380837,3.346382874,1.68882874,,,,92.1,1893.0,6.6,824898,663698,621566,645277,663586,805347,643289,671739,642201,53.9,,,,,,,,16,2,Sinker,0,0,0,0,0,0,0,0,Standard,Standard,298.0,-0.001,0.03,,,,,-0.03,,0,0,0.545,0.455,27,27,27,27,2,1,11,1,5.0,1,1.86,0.68,0.68,48.5,,,,,
SL,2026-07-20,82.5,-1.55,6.11,"Tatis Jr., Fernando",665487,693821,,called_strike,,,,,14.0,,R,R,R,ATL,SD,S,,,0,0,2026,0.51,-0.63,0.4665270464789844,1.4254521441758825,,,,2,3,Top,,,,,,,3.539670907713387,-120.2893235286629,-2.7391833529140515,4.338147514865762,20.800758426476715,-38.05898471309255,3.346382874,1.68882874,,,,83.3,2269.0,6.5,824898,663698,621566,645277,663586,805347,643289,671739,642201,54.03,,,,,,,,16,1,Slider,0,0,0,0,0,0,0,0,Standard,Standard,50.0,0.002,-0.045,,,,,0.045,,0,0,0.543,0.457,27,27,27,27,2,1,11,1,5.0,1,3.94,-0.51,-0.51,51.9,,,,,
FC,2026-07-20,91.8,-3.07,5.23,"Tatis Jr., Fernando",665487,682989,field_out,hit_into_play,,,,,6.0,"Fernando Tatis Jr. grounds out, third baseman Austin Riley to first baseman Matt Olson.",R,R,R,ATL,SD,X,5.0,ground_ball,0,0,2026,-0.06,0.36,0.4500014673659462,2.4184935553199387,,,,0,8,Top,97.43,167.02,,,,,8.972852183515968,-133.4193223148823,-1.8668806241024043,-2.5823925386595903,27.922736084244026,-27.625267669581305,3.346382874,1.68882874,65.0,83.9,3.0,92.5,2535.0,6.7,824898,663698,621566,645277,663586,805347,643289,671739,642201,53.77,0.301,0.271,0.0,1.0,0.0,0.0,2.0,54,1,Cutter,3,2,2,3,2,3,2,3,Standard,Standard,208.0,0.054,-0.259,74.0,8.0,,0.357,0.259,88.0,1,-1,0.745,0.255,25,27,25,27,1,3,3,1,2.0,1,2.34,0.06,0.06,26.6,12.68243953075674,-27.779735130254263,31.34471191038103,40.11102825208556,43.846962481104455
FC,2026-07-20,90.4,-1.63,6.17,"Tatis Jr., Fernando",665487,693821,walk,ball,,,,,14.0,Fernando Tatis Jr. walks.,R,R,R,ATL,SD,B,,,3,2,2026,-0.04,0.9,0.2536746990279113,1.3586630825624748,,,,0,1,Top,,,,,,,4.732338513194125,-131.45500452431403,-7.825378630336516,-1.379919977715761,24.91603019939812,-20.2862424760043,3.346382874,1.68882874,,,,91.0,2200.0,6.5,824898,663698,621566,645277,663586,805347,643289,671739,642201,54.04,,0.698418,0.7,1.0,0.0,0.0,,1,6,Cutter,0,0,0,0,0,0,0,0,Standard,Standard,196.0,-0.031,0.36,,,,,-0.36,,0,0,0.495,0.505,27,27,27,27,1,0,11,1,5.0,1,1.86,0.04,0.04,52.6,,,,,
SI,2026-07-20,93.1,-1.64,6.12,"Tatis Jr., Fernando",665487,693821,,ball,,,,,9.0,,R,R,R,ATL,SD,B,,,2,2,2026,-1.02,1.03,0.6914531534902131,1.6444498804054992,,,,0,1,Top,,,,,,,8.221485816624156,-135.22207178792578,-7.806710025242079,-14.310140997387064,28.162165566387753,-17.974415632470638,3.346382874,1.68882874,,,,93.6,2028.0,6.6,824898,663698,621566,645277,663586,805347,643289,671739,642201,53.91,,,,,,,,1,5,Sinker,0,0,0,0,0,0,0,0,Standard,Standard,211.0,-0.008,0.113,,,,,-0.113,,0,0,0.503,0.497,27,27,27,27,1,0,11,1,5.0,1,1.6,1.02,1.02,49.8,,,,,
FC,2026-07-20,88.8,-1.65,6.2,"Tatis Jr., Fernando",665487,693821,,swinging_strike,,,,,6.0,,R,R,R,ATL,SD,S,,,2,1,2026,-0.1,0.89,0.4396905612884265,2.417371775791605,,,,0,1,Top,,,,,,,5.283842521971346,-129.31553489157884,-4.967653692122687,-2.147996144209403,23.772392465528927,-21.40212396994469,3.346382874,1.68882874,,,,89.4,2242.0,6.4,824898,663698,621566,645277,663586,805347,643289,671739,642201,54.14,,,,,,,,1,4,Cutter,0,0,0,0,0,0,0,0,Standard,Standard,204.0,0.007,-0.078,83.6,8.6,2.143103976,,0.078,,0,0,0.496,0.504,27,27,27,27,1,0,11,1,5.0,1,1.97,0.1,0.1,49.4,19.036029808142462,-39.68374843973381,21.777484263010496,40.88455724191875,51.46303528215502
FF,2026-07-20,93.0,-1.57,6.21,"Tatis Jr., Fernando",665487,693821,,ball,,,,,12.0,,R,R,R,ATL,SD,B,,,1,1,2026,-0.63,1.28,0.0556952730093949,4.25263956985423,,,,0,1,Top,,,,,,,5.50305862205272,-135.38660399565504,-1.9557695283575411,-8.890672592551617,27.52080666890426,-16.188539012883002,3.346382874,1.68882874,,,,93.3,2287.0,6.3,824898,663698,621566,645277,663586,805347,643289,671739,642201,54.21,,,,,,,,1,3,4-Seam Fastball,0,0,0,0,0,0,0,0,Standard,Standard,207.0,-0.005,0.063,,,,,-0.063,,0,0,0.501,0.499,27,27,27,27,1,0,11,1,5.0,1,1.34,0.63,0.63,50.0,,,,,
FF,2026-07-20,92.8,-1.55,6.18,"Tatis Jr., Fernando",665487,693821,,ball,,,,,11.0,,R,R,R,ATL,SD,B,,,0,1,2026,-0.55,1.37,-0.5326757699094644,3.619806562845458,,,,0,1,Top,,,,,,,3.810541441104188,-135.08603314220986,-3.655588867313499,-7.58595737534974,28.079353071190265,-14.755559180761349,3.346382874,1.68882874,,,,93.0,2242.0,6.3,824898,663698,621566,645277,663586,805347,643289,671739,642201,54.21,,,,,,,,1,2,4-Seam Fastball,0,0,0,0,0,0,0,0,Standard,Standard,208.0,-0.002,0.029,,,,,-0.029,,0,0,0.503,0.497,27,27,27,27,1,0,11,1,5.0,1,1.26,0.55,0.55,46.9,,,,,
SI,2026-07-20,91.7,-1.59,6.21,"Tatis Jr., Fernando",665487,693821,,called_strike,,,,,7.0,,R,R,R,ATL,SD,S,,,0,0,2026,-1.43,0.71,-0.3648241658607751,2.0453391865408586,,,,0,1,Top,,,,,,,6.217975753622299,-133.39369137127713,-6.012107683035654,-18.45141805945274,28.889872790242357,-22.524020484324392,3.346382874,1.68882874,,,,91.9,1981.0,6.4,824898,663698,621566,645277,663586,805347,643289,671739,642201,54.06,,,,,,,,1,1,Sinker,0,0,0,0,0,0,0,0,Standard,Standard,203.0,0.003,-0.041,,,,,0.041,,0,0,0.5,0.5,27,27,27,27,1,0,11,1,5.0,1,2.0,1.43,1.43,49.7,,,,,
CH,2026-07-19,79.1,1.75,6.25,"Tatis Jr., Fernando",665487,702070,field_out,hit_into_play,,,,,14.0,"Fernando Tatis Jr. grounds out, second baseman Nick Loftin to first baseman Salvador Perez.",R,R,L,KC,SD,X,4.0,ground_ball,1,2,2026,0.91,0.69,0.8557835646029718,2.1300842409888268,,,669134.0,2,3,Top,139.84,148.54,,,,,-3.6222106854953937,-115.2335057798674,-3.360915225382369,8.74980454263661,18.77699929023611,-25.620217310326563,3.346382874,1.68882874,19.0,96.6,-6.0,79.3,1443.0,6.1,824086,571912,521692,679845,668942,686475,686555,657041,695506,54.4,0.285,0.266,0.0,1.0,0.0,0.0,2.0,29,4,Changeup,1,6,6,1,6,1,6,1,Standard,Standard,133.0,0.005,-0.194,71.7,7.0,,0.319,0.194,96.6,-5,5,0.105,0.895,26,27,27,27,3,2,8,1,5.0,1,2.91,0.91,-0.91,49.3,9.851056263747193,20.506701408411455,27.091238137307663,48.266333036603896,26.17149328270115
SL,2026-07-19,84.3,1.26,6.22,"Tatis Jr., Fernando",665487,702070,,ball,,,,,13.0,,R,R,L,KC,SD,B,,,0,2,2026,-0.27,-0.14,-0.2293902618608163,0.855896333099635,,,669134.0,2,3,Top,,,,,,,-2.872916243575521,-122.6122857692208,-5.500150310620701,-2.0631840615553196,25.64734954331066,-32.6349217578481,3.346382874,1.68882874,,,,84.1,2566.0,6.3,824086,571912,521692,679845,668942,686475,686555,657041,695506,54.17,,,,,,,,29,3,Slider,1,6,6,1,6,1,6,1,Standard,Standard,5.0,-0.001,0.021,,,,,-0.021,,-5,5,0.106,0.894,26,27,27,27,3,2,8,1,5.0,1,3.36,-0.27,0.27,54.1,,,,,
FC,2026-07-19,90.5,1.32,6.32,"Tatis Jr., Fernando",665487,702070,,called_strike,,,,,11.0,,R,R,L,KC,SD,S,,,0,1,2026,-0.23,0.79,-0.0011190256903892,3.483029778492927,,,669134.0,2,3,Top,,,,,,,-2.7456499012116775,-131.83746157756855,-2.719662268459956,-2.126741900533417,25.54438660702212,-22.58199479755872,3.346382874,1.68882874,,,,90.7,2247.0,6.1,824086,571912,521692,679845,668942,686475,686555,657041,695506,54.38,,,,,,,,29,2,Cutter,1,6,6,1,6,1,6,1,Standard,Standard,162.0,0.002,-0.061,,,,,0.061,,-5,5,0.104,0.896,26,27,27,27,3,2,8,1,5.0,1,1.97,-0.23,0.23,53.2,,,,,
CU,2026-07-19,79.2,1.22,6.58,"Tatis Jr., Fernando",665487,702070,,foul,,,,,14.0,,R,R,L,KC,SD,S,,,0,0,2026,-0.08,-0.91,0.3910479244175734,1.4737698699409578,,,669134.0,2,3,Top,,,,,,,-1.6144046326722647,-115.43258777247974,-2.398930908715797,-0.4626910007230704,21.022836088898423,-40.13108613056893,3.346382874,1.68882874,1.0,69.0,-49.0,79.2,2184.0,6.2,824086,571912,521692,679845,668942,686475,686555,657041,695506,54.33,,,,,,,,29,1,Curveball,1,6,6,1,6,1,6,1,Standard,Standard,350.0,0.001,-0.041,76.1,8.0,,,0.041,88.0,-5,5,0.103,0.897,26,27,27,27,3,2,8,1,5.0,1,4.53,-0.08,0.08,63.4,13.998956370349251,-7.509613019371661,28.96634587879592,42.90004083859209,36.556721630006464
CU,2026-07-19,84.9,1.01,6.3,"Tatis Jr., Fernando",665487,702070,single,hit_into_play,,,,,5.0,Fernando Tatis Jr. singles on a line drive to right fielder Jac Caglianone. Luis Rengifo scores. Jase Bowen scores. Luis Campusano to 3rd.,R,R,L,KC,SD,X,9.0,line_drive,2,2,2026,-0.13,-0.64,0.0862819349309904,2.5662019959481994,650859.0,687749.0,669134.0,1,2,Top,179.58,133.03,,,,,-1.8785545113040196,-123.84044466484885,-1.0069478314072504,-1.0361670419832325,21.298156328412993,-38.79120689422055,3.346382874,1.68882874,213.0,93.1,13.0,85.7,2198.0,6.4,824086,571912,521692,679845,668942,686475,686555,657041,695506,54.11,0.937,0.87,0.9,1.0,1.0,0.0,4.0,15,6,Curveball,1,0,0,1,2,1,2,1,Infield shade,Standard,346.0,-0.17,0.496,76.8,6.2,,1.056,-0.496,93.1,1,-1,0.504,0.496,26,27,27,27,2,1,8,1,5.0,1,3.75,-0.13,0.13,59.4,-7.908017884865351,30.833941175497873,26.39436152991874,39.34767172048367,22.46833053790077
FF,2026-07-19,94.7,1.35,6.23,"Tatis Jr., Fernando",665487,702070,,foul,,,,,2.0,,R,R,L,KC,SD,S,,,2,2,2026,0.54,1.34,0.1892335982461409,3.2221688992855895,650859.0,687749.0,669134.0,1,2,Top,,,,,,,-4.204245090740867,-137.98892458673996,-5.103176794660088,7.767561671957315,27.006893992501187,-14.122333485172772,3.346382874,1.68882874,292.0,84.7,40.0,95.3,2364.0,6.3,824086,571912,521692,679845,668942,686475,686555,657041,695506,54.22,,,,,,,,15,5,4-Seam Fastball,1,0,0,1,0,1,0,1,Standard,Standard,153.0,0.0,0.0,76.4,6.6,,,0.0,88.0,1,-1,0.504,0.496,26,27,27,27,2,1,8,1,5.0,1,1.17,0.54,-0.54,52.2,3.906046823334117,23.61740172139378,23.79309863284803,40.333967926772125,19.865908498296317
FC,2026-07-19,92.3,1.13,6.28,"Tatis Jr., Fernando",665487,702070,,swinging_strike,,,,,11.0,,R,R,L,KC,SD,S,,,2,1,2026,-0.27,0.69,-0.8786556043678244,3.3595341363986875,650859.0,687749.0,669134.0,1,2,Top,,,,,,,-4.449178315454146,-134.5338919027153,-3.041551591033963,-2.507628454752721,25.14889721159477,-23.260082938185136,3.346382874,1.68882874,,,,93.1,2225.0,6.3,824086,571912,521692,679845,668942,686475,686555,657041,695506,54.16,,,,,,,,15,4,Cutter,1,0,0,1,0,1,0,1,Infield shade,Standard,166.0,0.022,-0.081,46.1,4.5,1.054341492,,0.081,,1,-1,0.482,0.518,26,27,27,27,2,1,8,1,5.0,1,1.94,-0.27,0.27,62.3,-15.672576584429391,66.52785918801888,26.367489518120024,27.280588915375912,-6.052999722983413
CH,2026-07-19,83.3,1.72,6.23,"Tatis Jr., Fernando",665487,702070,,called_strike,,,,,7.0,,R,R,L,KC,SD,S,,,2,0,2026,1.0,0.82,-0.4019183612936431,1.6009406689490802,650859.0,687749.0,669134.0,1,2,Top,,,,,,,-6.803421284317736,-121.10870320462912,-5.641320513198226,11.091636279323469,20.53379680059686,-23.238020086375148,3.346382874,1.68882874,,,,83.7,1752.0,6.3,824086,571912,521692,679845,668942,686475,686555,657041,695506,54.2,,,,,,,,15,3,Changeup,1,0,0,1,0,1,0,1,Infield shade,Standard,137.0,0.019,-0.051,,,,,0.051,,1,-1,0.463,0.537,26,27,27,27,2,1,8,1,5.0,1,2.44,1.0,-1.0,49.8,,,,,
FC,2026-07-19,92.0,1.55,6.12,"Tatis Jr., Fernando",665487,702070,,ball,,,,,13.0,,R,R,L,KC,SD,B,,,1,0,2026,-0.1,0.63,-0.4278569686592587,1.5224166677943782,650859.0,687749.0,669134.0,1,2,Top,,,,,,,-4.743007450058313,-133.99393867155507,-7.046374875366735,-0.2942163018835361,25.337015075072777,-23.37502396476746,3.346382874,1.68882874,,,,92.8,2237.0,6.4,824086,571912,521692,679845,668942,686475,686555,657041,695506,54.07,,,,,,,,15,2,Cutter,1,0,0,1,0,1,0,1,Infield shade,Standard,169.0,-0.019,0.054,,,,,-0.054,,1,-1,0.482,0.518,26,27,27,27,2,1,8,1,5.0,1,2.03,-0.1,0.1,50.4,,,,,
CU,2026-07-19,82.1,1.2,6.34,"Tatis Jr., Fernando",665487,702070,,ball,,,,,13.0,,R,R,L,KC,SD,B,,,0,0,2026,-0.81,-0.6,-2.1645784344479733,1.294976110802061,650859.0,687749.0,669134.0,1,2,Top,,,,,,,-5.942123102150643,-119.52944620407604,-3.492595798575707,-6.6886683690132385,21.77136707891542,-37.49160080572476,3.346382874,1.68882874,,,,82.4,2168.0,6.4,824086,571912,521692,679845,668942,686475,686555,657041,695506,54.14,,,,,,,,15,1,Curveball,1,0,0,1,0,1,0,1,Infield shade,Standard,340.0,-0.01,0.028,,,,,-0.028,,1,-1,0.492,0.508,26,27,27,27,2,1,8,1,5.0,1,3.96,-0.81,0.81,57.7,,,,,
SI,2026-07-19,96.0,-2.01,5.43,"Tatis Jr., Fernando",665487,694360,fielders_choice,hit_into_play,,,,,7.0,Fernando Tatis Jr. reaches on a fielder's choice. Luis Rengifo scores. Sung-Mun Song to 3rd. Fielding error by shortstop Tyler Tolbert.,R,R,R,KC,SD,X,6.0,ground_ball,0,0,2026,-1.38,0.2,-0.4314402902049776,1.9281458187895897,650859.0,,823550.0,1,8,Top,115.0,154.62,,,,,7.2489824872183855,-139.67178289944007,-3.968816696804699,-19.619864812449983,27.921266662463555,-28.873371363033645,3.346382874,1.68882874,3.0,87.2,-32.0,96.0,1988.0,6.1,824086,571912,521692,679845,668942,686475,686555,657041,695506,54.44,0.061,0.06,0.9,1.0,0.0,0.0,2.0,67,1,Sinker,2,8,8,2,9,2,9,2,Standard,Standard,245.0,-0.003,0.437,74.1,7.2,,0.076,-0.437,88.0,-6,6,0.006,0.994,26,27,27,27,1,4,1,1,5.0,1,2.25,1.38,1.38,32.0,1.6807981220992705,8.476934627450207,37.525726752934574,32.56271308233454,24.922495845270685
SL,2026-07-19,81.3,1.73,5.37,"Tatis Jr., Fernando",665487,621381,home_run,hit_into_play,,,,,8.0,Fernando Tatis Jr. homers (7) on a line drive to left field.,R,R,L,KC,SD,X,,line_drive,2,2,2026,-1.05,0.35,-0.0449559068057644,2.092313735523982,,,,1,6,Top,35.6,63.48,,,,,-1.8800688737781048,-118.3959842861514,-1.2106359301084668,-9.505300111532677,22.876474610551,-28.87380843832832,3.346382874,1.68882874,401.0,107.6,20.0,80.9,2543.0,6.0,824086,571912,521692,679845,668942,686475,686555,657041,695506,54.48,0.82,1.249,2.0,1.0,0.0,3.0,6.0,51,5,Slider,2,7,7,2,8,2,8,2,Standard,Standard,280.0,-0.023,1.611,79.4,7.7,,2.181,-1.611,107.6,-5,5,0.052,0.948,34,27,35,27,1,3,7,1,2.0,1,3.1,-1.05,1.05,33.1,10.144333602436165,-16.01440630257278,28.767462743949363,36.68532956198197,44.92969963052147
FF,2026-07-19,91.3,1.68,5.32,"Tatis Jr., Fernando",665487,621381,,foul,,,,,2.0,,R,R,L,KC,SD,S,,,2,1,2026,0.66,1.45,-0.0976385064544165,3.304371230493566,,,,1,6,Top,,,,,,,-5.846782718190555,-132.86810686599813,-2.1989211995041327,9.058159638631944,28.212393279349264,-14.709673267416596,3.346382874,1.68882874,277.0,82.4,47.0,91.0,2511.0,6.1,824086,571912,521692,679845,668942,686475,686555,657041,695506,54.4,,,,,,,,51,4,4-Seam Fastball,2,7,7,2,7,2,7,2,Standard,Standard,136.0,0.0,-0.075,74.2,6.2,,,0.075,88.0,-5,5,0.052,0.948,34,27,35,27,1,3,7,1,2.0,1,1.28,0.66,-0.66,30.2,2.882598552642299,22.697942142952503,26.15411324058971,36.623701990705925,22.896885734515024
FF,2026-07-19,90.8,1.66,5.31,"Tatis Jr., Fernando",665487,621381,,called_strike,,,,,11.0,,R,R,L,KC,SD,S,,,2,0,2026,0.74,1.32,-0.9544517364708202,2.6403859699881576,,,,1,6,Top,,,,,,,-8.031706067932486,-132.0562430748639,-3.4550203998691655,10.301302523238324,26.27815855040716,-16.150693418509874,3.346382874,1.68882874,,,,90.7,2350.0,6.1,824086,571912,521692,679845,668942,686475,686555,657041,695506,54.4,,,,,,,,51,3,4-Seam Fastball,2,7,7,2,7,2,7,2,Standard,Standard,139.0,0.002,-0.069,,,,,0.069,,-5,5,0.05,0.95,34,27,35,27,1,3,7,1,2.0,1,1.43,0.74,-0.74,30.6,,,,,
CH,2026-07-19,79.8,1.56,6.31,"Tatis Jr., Fernando",665487,702070,field_out,hit_into_play,,,,,9.0,"Fernando Tatis Jr. grounds out, third baseman Josh Rojas to first baseman Salvador Perez.",R,R,L,KC,SD,X,5.0,ground_ball,2,2,2026,0.93,0.91,0.3651841701066285,1.782712150609464,,,,0,1,Top,112.13,174.78,,,,,-4.373784684181284,-116.20282463506,-4.769697602607881,9.269577696616414,20.240765648084743,-23.276849981838208,3.346382874,1.68882874,2.0,64.4,-54.0,80.1,1799.0,6.3,824086,571912,521692,679845,668942,686475,686555,657041,695506,54.2,0.313,0.282,0.0,1.0,0.0,0.0,2.0,1,5,Changeup,0,0,0,0,0,0,0,0,Standard,Standard,141.0,0.019,-0.232,80.1,7.7,,0.316,0.232,88.0,0,0,0.503,0.497,26,27,27,27,1,0,8,1,5.0,1,2.65,0.93,-0.93,51.2,11.80272345333293,-17.131072370911514,28.088091846391723,41.26620246383442,48.18099930969088
CU,2026-07-19,81.6,0.96,6.43,"Tatis Jr., Fernando",665487,702070,,ball,,,,,14.0,,R,R,L,KC,SD,B,,,1,2,2026,-0.44,-0.92,1.1366042140335797,0.8333648017559976,,,,0,1,Top,,,,,,,1.2416548351585963,-118.89830227988988,-3.970786145459081,-4.383277805901309,22.254938317587108,-40.35641225784443,3.346382874,1.68882874,,,,81.9,1842.0,6.3,824086,571912,521692,679845,668942,686475,686555,657041,695506,54.16,,,,,,,,1,4,Curveball,0,0,0,0,0,0,0,0,Infield shade,Standard,353.0,-0.004,0.046,,,,,-0.046,,0,0,0.507,0.493,26,27,27,27,1,0,8,1,5.0,1,4.32,-0.44,0.44,61.1,,,,,
FF,2026-07-19,91.8,1.9,5.35,"Tatis Jr., Fernando",665487,621381,,ball,,,,,14.0,,R,R,L,KC,SD,B,,,1,0,2026,0.71,1.42,0.9128420696439769,2.303521580007233,,,,1,6,Top,,,,,,,-4.017396749710515,-133.66808820782177,-4.765192776632967,9.34884156651664,28.663162022833617,-14.343702040100151,3.346382874,1.68882874,,,,91.5,2421.0,6.1,824086,571912,521692,679845,668942,686475,686555,657041,695506,54.42,,,,,,,,51,2,4-Seam Fastball,2,7,7,2,7,2,7,2,Standard,Standard,139.0,-0.002,0.075,,,,,-0.075,,-5,5,0.052,0.948,34,27,35,27,1,3,7,1,2.0,1,1.28,0.71,-0.71,28.5,,,,,
FC,2026-07-19,89.4,1.28,6.32,"Tatis Jr., Fernando",665487,702070,,foul,,,,,4.0,,R,R,L,KC,SD,S,,,1,1,2026,-0.38,0.73,-0.3424333922384601,2.5844308634136373,,,,0,1,Top,,,,,,,-3.1220528591548233,-130.283851843563,-4.6141623746582665,-3.7545700387592817,24.82583974660164,-23.099761597988152,3.346382874,1.68882874,127.0,77.3,72.0,89.7,2274.0,6.2,824086,571912,521692,679845,668942,686475,686555,657041,695506,54.31,,,,,,,,1,3,Cutter,0,0,0,0,0,0,0,0,Standard,Standard,168.0,0.006,-0.06,78.1,7.2,,,0.06,88.0,0,0,0.501,0.499,26,27,27,27,1,0,8,1,5.0,1,2.09,-0.38,0.38,54.3,3.745668121986705,0.4944428256212728,30.239907069562346,33.869235277640364,29.9111944679058
FF,2026-07-19,91.6,1.67,5.34,"Tatis Jr., Fernando",665487,621381,,ball,,,,,6.0,,R,R,L,KC,SD,B,,,0,0,2026,0.71,1.43,0.7549816157926417,2.73844409692873,,,,1,6,Top,,,,,,,-3.82015686756065,-133.32361507212835,-3.685207032929814,9.24326599170002,27.82946659009793,-14.46627450020969,3.346382874,1.68882874,,,,91.4,2367.0,6.1,824086,571912,521692,679845,668942,686475,686555,657041,695506,54.4,,,,,,,,51,1,4-Seam Fastball,2,7,7,2,7,2,7,2,Standard,Standard,135.0,0.0,0.041,,,,,-0.041,,-5,5,0.052,0.948,34,27,35,27,1,3,7,1,2.0,1,1.28,0.71,-0.71,30.5,,,,,
FC,2026-07-19,87.2,1.28,6.23,"Tatis Jr., Fernando",665487,702070,,called_strike,,,,,9.0,,R,R,L,KC,SD,S,,,1,0,2026,-0.43,0.75,0.554869531032099,2.07889826995467,,,,0,1,Top,,,,,,,-0.8242555369760649,-127.0558733348226,-5.236245644097531,-4.5421837933167675,22.18181928087194,-23.27593324215268,3.346382874,1.68882874,,,,87.7,2274.0,6.2,824086,571912,521692,679845,668942,686475,686555,657041,695506,54.3,,,,,,,,1,2,Cutter,0,0,0,0,0,0,0,0,Standard,Standard,173.0,0.005,-0.055,,,,,0.055,,0,0,0.496,0.504,26,27,27,27,1,0,8,1,5.0,1,2.21,-0.43,0.43,54.1,,,,,
FF,2026-07-19,92.2,1.07,6.35,"Tatis Jr., Fernando",665487,702070,,ball,,,,,12.0,,R,R,L,KC,SD,B,,,0,0,2026,0.48,1.36,1.593298249895748,3.773749701192664,,,,0,1,Top,,,,,,,0.2476035181093805,-134.29611032951203,-3.5928607881038426,5.779004123599257,26.893012570958003,-15.070364433412168,3.346382874,1.68882874,,,,92.3,2196.0,6.2,824086,571912,521692,679845,668942,686475,686555,657041,695506,54.35,,,,,,,,1,1,4-Seam Fastball,0,0,0,0,0,0,0,0,Standard,Standard,159.0,-0.004,0.042,,,,,-0.042,,0,0,0.5,0.5,26,27,27,27,1,0,8,1,5.0,1,1.3,0.48,-0.48,58.0,,,,,
SI,2026-07-18,91.3,-1.94,5.37,"Tatis Jr., Fernando",665487,677976,walk,ball,,,,,14.0,Fernando Tatis Jr. walks.,R,R,R,KC,SD,B,,,3,2,2026,-0.97,-0.01,0.1354043897354391,0.7746036385978119,,666023.0,,0,5,Top,,,,,,,7.260089489968714,-132.79787566982333,-5.42535064500575,-13.050757334662912,27.09750596627381,-31.30168951461721,3.346382874,1.68882874,,,,91.1,1914.0,6.1,824088,695600,686469,686681,679845,677951,686555,657041,695506,54.43,,0.698418,0.7,1.0,0.0,0.0,,38,6,Sinker,4,1,1,4,1,4,1,4,Standard,Standard,238.0,-0.039,0.246,,,,,-0.246,,3,-3,0.769,0.231,31,27,31,27,3,2,10,1,5.0,1,2.73,0.97,0.97,19.2,,,,,
ST,2026-07-18,83.4,-1.95,5.46,"Tatis Jr., Fernando",665487,677976,,ball,,,,,14.0,,R,R,R,KC,SD,B,,,2,2,2026,0.94,0.05,1.3462997970328936,1.1241748902380784,,666023.0,,0,5,Top,,,,,,,5.568852410375782,-121.324843421149,-3.338336214403662,8.167825989782987,24.659561941095607,-31.215798477743515,3.346382874,1.68882874,,,,82.9,2632.0,6.0,824088,695600,686469,686681,679845,677951,686555,657041,695506,54.46,,,,,,,,38,5,Sweeper,4,1,1,4,1,4,1,4,Standard,Standard,46.0,-0.014,0.116,,,,,-0.116,,3,-3,0.783,0.217,31,27,31,27,3,2,10,1,5.0,1,3.24,-0.94,-0.94,20.1,,,,,
SI,2026-07-18,91.7,-1.93,5.44,"Tatis Jr., Fernando",665487,677976,,swinging_strike,,,,,14.0,,R,R,R,KC,SD,S,,,2,1,2026,-1.28,-0.11,0.2309404634964191,1.191961531683808,,666023.0,,0,5,Top,,,,,,,8.14783833855422,-133.21907776975894,-4.372732393101048,-16.958788284849938,28.655166862108125,-32.675762180186865,3.346382874,1.68882874,,,,91.2,2008.0,6.1,824088,695600,686469,686681,679845,677951,686555,657041,695506,54.4,,,,,,,,38,4,Sinker,4,1,1,4,1,4,1,4,Standard,Standard,235.0,0.012,-0.066,81.5,8.4,3.010335384,,0.066,,3,-3,0.771,0.229,31,27,31,27,3,2,10,1,5.0,1,2.83,1.28,1.28,23.0,18.344666335618992,-18.498872535622,35.793944707463176,40.70818685683703,43.13041026903309
ST,2026-07-18,82.6,-2.03,5.41,"Tatis Jr., Fernando",665487,677976,,ball,,,,,14.0,,R,R,R,KC,SD,B,,,1,1,2026,1.03,0.0,1.6254149328762255,0.8049769307327366,,666023.0,,0,5,Top,,,,,,,6.128844386338732,-120.21549532281074,-3.729493413967219,8.829857067854494,23.482970405018296,-31.615737564511463,3.346382874,1.68882874,,,,82.2,2668.0,6.1,824088,695600,686469,686681,679845,677951,686555,657041,695506,54.44,,,,,,,,38,3,Sweeper,4,1,1,4,1,4,1,4,Standard,Standard,40.0,-0.007,0.039,,,,,-0.039,,3,-3,0.778,0.222,31,27,31,27,3,2,10,1,5.0,1,3.34,-1.03,-1.03,17.9,,,,,
SI,2026-07-18,92.0,-1.9,5.34,"Tatis Jr., Fernando",665487,677976,,ball,,,,,14.0,,R,R,R,KC,SD,B,,,0,1,2026,-1.29,-0.03,0.125650836706761,1.2314644776865338,,666023.0,,0,5,Top,,,,,,,7.900546243535987,-133.69092190305807,-4.28282970803738,-17.128144170807094,28.31161813498561,-31.782953075138117,3.346382874,1.68882874,,,,92.0,1936.0,6.3,824088,695600,686469,686681,679845,677951,686555,657041,695506,54.15,,,,,,,,38,2,Sinker,4,1,1,4,1,4,1,4,Standard,Standard,244.0,-0.005,0.01,,,,,-0.01,,3,-3,0.783,0.217,31,27,31,27,3,2,10,1,5.0,1,2.72,1.29,1.29,18.2,,,,,
SI,2026-07-18,91.9,-1.88,5.4,"Tatis Jr., Fernando",665487,677976,,swinging_strike,,,,,14.0,,R,R,R,KC,SD,S,,,0,0,2026,-1.41,-0.11,0.3742147153552733,1.2929317450522668,,666023.0,,0,5,Top,,,,,,,8.644294171091527,-133.5697792006298,-4.066928163646477,-18.766778794793485,27.9849212992925,-32.782292368887624,3.346382874,1.68882874,,,,91.1,1959.0,5.8,824088,695600,686469,686681,679845,677951,686555,657041,695506,54.7,,,,,,,,38,1,Sinker,4,1,1,4,1,4,1,4,Standard,Standard,244.0,0.007,-0.035,74.6,7.1,0.161390676,,0.035,,3,-3,0.776,0.224,31,27,31,27,3,2,10,1,5.0,1,2.81,1.41,1.41,17.8,-2.7916545225821747,22.795191914198657,32.43075291531396,41.782025105742235,15.033557080579484
ST,2026-07-18,82.0,-2.1,5.45,"Tatis Jr., Fernando",665487,677976,home_run,hit_into_play,,,,,13.0,Fernando Tatis Jr. homers (6) on a fly ball to left center field.,R,R,R,KC,SD,X,,fly_ball,1,2,2026,0.55,-0.29,-0.8479733036649331,2.245199393426605,,,,0,3,Top,49.89,50.45,,,,,1.7008294163963953,-119.40401849329896,0.037561008927812,4.906561525501482,22.637749691196685,-35.13453019940748,3.346382874,1.68882874,411.0,106.2,23.0,80.9,2573.0,5.5,824088,695600,686469,686681,679845,677951,686555,657041,695506,55.03,0.869,1.588,2.0,1.0,0.0,3.0,6.0,19,4,Sweeper,2,0,0,2,1,2,1,2,Standard,Standard,68.0,-0.107,1.187,83.2,7.0,,3.018,-1.187,106.2,2,-2,0.719,0.281,31,27,31,27,2,1,10,1,5.0,1,3.67,-0.55,-0.55,18.3,11.05588717536227,-12.034720037409942,35.38365078150015,27.39335646260191,34.76295975372861
ST,2026-07-18,81.6,-1.99,5.44,"Tatis Jr., Fernando",665487,677976,,ball,,,,,14.0,,R,R,R,KC,SD,B,,,0,2,2026,0.6,-0.37,1.219871344299753,0.8671402734288312,,,,0,3,Top,,,,,,,5.885185580537345,-118.75627982976148,-2.7643283909446272,4.613684064060072,21.533754314406924,-35.362322998753484,3.346382874,1.68882874,,,,80.9,2533.0,5.7,824088,695600,686469,686681,679845,677951,686555,657041,695506,54.81,,,,,,,,19,3,Sweeper,2,0,0,2,0,2,0,2,Standard,Standard,51.0,-0.003,0.022,,,,,-0.022,,2,-2,0.722,0.278,31,27,31,27,2,1,10,1,5.0,1,3.77,-0.6,-0.6,17.6,,,,,
ST,2026-07-18,80.5,-2.07,5.47,"Tatis Jr., Fernando",665487,677976,,called_strike,,,,,9.0,,R,R,R,KC,SD,S,,,0,1,2026,0.54,-0.44,0.4986799320748181,1.6094096085237086,,,,0,3,Top,,,,,,,4.528427893047795,-117.2690683479899,-0.8508975881584089,4.201586672944428,21.641726907287232,-36.338591835702786,3.346382874,1.68882874,,,,79.9,2555.0,5.7,824088,695600,686469,686681,679845,677951,686555,657041,695506,54.76,,,,,,,,19,2,Sweeper,2,0,0,2,0,2,0,2,Standard,Standard,66.0,0.006,-0.054,,,,,0.054,,2,-2,0.716,0.284,31,27,31,27,2,1,10,1,5.0,1,3.95,-0.54,-0.54,18.8,,,,,
SI,2026-07-18,89.6,-2.01,5.56,"Tatis Jr., Fernando",665487,677976,,called_strike,,,,,4.0,,R,R,R,KC,SD,S,,,0,0,2026,-1.15,0.06,-0.7478163709232495,2.723955178783381,,,,0,3,Top,,,,,,,5.5036960551758805,-130.5073784807366,-0.9813570953319852,-14.340925276313476,26.322103220518173,-31.475490868637067,3.346382874,1.68882874,,,,88.9,1935.0,5.7,824088,695600,686469,686681,679845,677951,686555,657041,695506,54.77,,,,,,,,19,1,Sinker,2,0,0,2,0,2,0,2,Standard,Standard,239.0,0.004,-0.041,,,,,0.041,,2,-2,0.712,0.288,31,27,31,27,2,1,10,1,5.0,1,2.76,1.15,1.15,20.6,,,,,
KC,2026-07-18,82.1,1.7,6.29,"Tatis Jr., Fernando",665487,663738,field_out,hit_into_play,,,,,9.0,"Fernando Tatis Jr. grounds out, shortstop Bobby Witt Jr. to first baseman Vinnie Pasquantino.",R,R,L,KC,SD,X,6.0,ground_ball,1,2,2026,-0.44,-0.14,0.4352501589070945,2.08199367155926,,,,1,7,Top,107.9,149.55,,,,,-1.947006803444788,-119.6242863884148,-2.4963501406559274,-3.852411163668401,22.685844759928393,-33.24328306202936,3.346382874,1.68882874,20.0,103.5,-5.0,81.9,2347.0,6.0,824088,695600,686469,686681,679845,677951,686555,657041,695506,54.48,0.41,0.388,0.0,1.0,0.0,0.0,2.0,55,4,Knuckle Curve,6,1,1,6,1,6,1,6,Standard,Standard,308.0,0.003,-0.182,79.0,7.8,,0.463,0.182,103.5,5,-5,0.98,0.02,29,27,30,27,1,3,8,1,2.0,1,3.51,-0.44,0.44,47.7,11.839061496349778,-2.376910027070399,34.202124367297124,42.429681416147346,34.929501613328114
SL,2026-07-18,87.5,1.63,5.99,"Tatis Jr., Fernando",665487,663738,,ball,,,,,13.0,,R,R,L,KC,SD,B,,,0,2,2026,-0.26,0.35,-0.2480824264746627,-0.2225441788493967,,,,1,7,Top,,,,,,,-3.936572596359397,-127.14732667485389,-9.22491032178968,-1.9003392421716048,28.410646571933487,-26.54432049602116,3.346382874,1.68882874,,,,87.4,2248.0,6.5,824088,695600,686469,686681,679845,677951,686555,657041,695506,54.01,,,,,,,,55,3,Slider,6,1,1,6,1,6,1,6,Standard,Standard,227.0,0.0,0.019,,,,,-0.019,,5,-5,0.98,0.02,29,27,30,27,1,3,8,1,2.0,1,2.66,-0.26,0.26,43.6,,,,,
CH,2026-07-18,86.3,2.01,5.83,"Tatis Jr., Fernando",665487,663738,,foul,,,,,9.0,,R,R,L,KC,SD,S,,,0,1,2026,1.22,0.31,0.5016386636954873,2.0770471867703915,,,,1,7,Top,,,,,,,-6.0788953873796,-125.53336941797554,-3.1750865488577436,14.10240943359288,24.089573241360583,-28.415148448418332,3.346382874,1.68882874,0.0,60.4,-77.0,86.8,1644.0,6.5,824088,695600,686469,686681,679845,677951,686555,657041,695506,53.97,,,,,,,,55,2,Changeup,6,1,1,6,1,6,1,6,Standard,Standard,115.0,0.001,-0.057,87.2,7.9,,,0.057,88.0,5,-5,0.979,0.021,29,27,30,27,1,3,8,1,2.0,1,2.74,1.22,-1.22,35.1,9.17160682780685,0.0937451394198225,28.50140342707275,43.27975357694915,38.4887782498316
SI,2026-07-18,93.8,1.71,5.87,"Tatis Jr., Fernando",665487,663738,,foul,,,,,8.0,,R,R,L,KC,SD,S,,,0,0,2026,1.19,0.74,0.2202636914497884,2.000066275941535,,,,1,7,Top,,,,,,,-6.505616598435615,-136.4588945017646,-5.769476953033435,16.23314262114257,28.332339139703127,-21.883677022066095,3.346382874,1.68882874,2.0,86.9,-51.0,94.5,2136.0,6.6,824088,695600,686469,686681,679845,677951,686555,657041,695506,53.93,,,,,,,,55,1,Sinker,6,1,1,6,1,6,1,6,Standard,Standard,135.0,0.001,-0.041,74.9,7.6,,,0.041,88.0,5,-5,0.978,0.022,29,27,30,27,1,3,8,1,2.0,1,1.84,1.19,-1.19,39.2,17.145239834149972,0.9524440726228108,31.64764751908907,39.17172568123519,31.57152413531284
ST,2026-07-18,81.8,-2.11,5.45,"Tatis Jr., Fernando",665487,677976,walk,ball,,,,,11.0,Fernando Tatis Jr. walks.,R,R,R,KC,SD,B,,,3,2,2026,0.66,0.55,-0.8712277587638692,2.8066030219582325,,,,0,1,Top,,,,,,,1.4620160485317508,-119.258759393936,-0.3558815886841128,6.011323968499197,21.6940226831194,-27.047169285386065,3.346382874,1.68882874,,,,81.1,2624.0,5.6,824088,695600,686469,686681,679845,677951,686555,657041,695506,54.94,,0.698418,0.7,1.0,0.0,0.0,,1,6,Sweeper,0,0,0,0,0,0,0,0,Standard,Standard,69.0,-0.031,0.36,,,,,-0.36,,0,0,0.495,0.505,31,27,31,27,1,0,10,1,5.0,1,2.83,-0.66,-0.66,18.7,,,,,
SI,2026-07-18,91.5,-2.07,5.49,"Tatis Jr., Fernando",665487,677976,,called_strike,,,,,4.0,,R,R,R,KC,SD,S,,,3,1,2026,-1.31,0.32,-0.4705405202950443,2.6509139990920785,,,,0,1,Top,,,,,,,6.75323318025451,-133.1474498349063,-1.7982839389895744,-16.99190285037738,27.08695515913225,-28.23423455687107,3.346382874,1.68882874,,,,90.6,2020.0,5.7,824088,695600,686469,686681,679845,677951,686555,657041,695506,54.85,,,,,,,,1,5,Sinker,0,0,0,0,0,0,0,0,Standard,Standard,239.0,0.009,-0.101,,,,,0.101,,0,0,0.486,0.514,31,27,31,27,1,0,10,1,5.0,1,2.4,1.31,1.31,20.9,,,,,
SI,2026-07-18,91.3,-2.09,5.45,"Tatis Jr., Fernando",665487,677976,,called_strike,,,,,4.0,,R,R,R,KC,SD,S,,,3,0,2026,-1.35,0.41,-0.5535306654892067,2.8296917737683938,,,,0,1,Top,,,,,,,6.707924140221733,-132.80373304177922,-1.421066714438048,-17.359048666891866,27.752727583142377,-27.20329228125549,3.346382874,1.68882874,,,,90.6,2049.0,5.8,824088,695600,686469,686681,679845,677951,686555,657041,695506,54.65,,,,,,,,1,4,Sinker,0,0,0,0,0,0,0,0,Standard,Standard,244.0,0.008,-0.084,,,,,0.084,,0,0,0.478,0.522,31,27,31,27,1,0,10,1,5.0,1,2.32,1.35,1.35,21.3,,,,,
SI,2026-07-18,90.9,-2.15,5.54,"Tatis Jr., Fernando",665487,677976,,ball,,,,,11.0,,R,R,R,KC,SD,B,,,2,0,2026,-1.25,0.13,-0.9816946903902908,3.4887056408602355,,,,0,1,Top,,,,,,,5.529079560925626,-132.37149400258485,0.5938145077277555,-15.895117604661465,26.29954886087703,-30.985975181366012,3.346382874,1.68882874,,,,90.1,2024.0,5.6,824088,695600,686469,686681,679845,677951,686555,657041,695506,54.91,,,,,,,,1,3,Sinker,0,0,0,0,0,0,0,0,Standard,Standard,246.0,-0.011,0.148,,,,,-0.148,,0,0,0.489,0.511,31,27,31,27,1,0,10,1,5.0,1,2.61,1.25,1.25,22.4,,,,,
SI,2026-07-18,91.1,-2.21,5.48,"Tatis Jr., Fernando",665487,677976,,ball,,,,,11.0,,R,R,R,KC,SD,B,,,1,0,2026,-1.33,0.29,-0.9765137250762376,3.066303246844556,,,,0,1,Top,,,,,,,5.87390785388556,-132.64478210943315,-0.6530966349846028,-16.92621305057858,27.617470212803298,-28.828798395170423,3.346382874,1.68882874,,,,90.0,1979.0,5.5,824088,695600,686469,686681,679845,677951,686555,657041,695506,54.99,,,,,,,,1,2,Sinker,0,0,0,0,0,0,0,0,Standard,Standard,241.0,-0.007,0.082,,,,,-0.082,,0,0,0.496,0.504,31,27,31,27,1,0,10,1,5.0,1,2.45,1.33,1.33,18.5,,,,,
SI,2026-07-18,90.7,-2.17,5.61,"Tatis Jr., Fernando",665487,677976,,ball,,,,,1.0,,R,R,R,KC,SD,B,,,0,0,2026,-1.25,0.22,-0.3890186705372584,3.4166297359330566,,,,0,1,Top,,,,,,,6.978537647011901,-131.9713205403377,0.094551836596899,-16.031844741245177,26.6219630927388,-29.807154917399316,3.346382874,1.68882874,,,,89.6,1924.0,5.5,824088,695600,686469,686681,679845,677951,686555,657041,695506,55.02,,,,,,,,1,1,Sinker,0,0,0,0,0,0,0,0,Standard,Standard,244.0,-0.004,0.042,,,,,-0.042,,0,0,0.5,0.5,31,27,31,27,1,0,10,1,5.0,1,2.54,1.25,1.25,21.0,,,,,
SI,2026-07-17,93.1,-1.74,5.17,"Tatis Jr., Fernando",665487,607625,single,hit_into_play,,,,,8.0,Fernando Tatis Jr. singles on a sharp line drive to center fielder Lane Thomas. Luis Campusano to 2nd.,R,R,R,KC,SD,X,8.0,line_drive,3,1,2026,-1.26,0.62,-0.0374711795595945,2.01840400451792,,,669134.0,1,5,Top,144.91,76.75,,,,,7.112583122106308,-135.4166775084255,-3.511803643651209,-17.04884922772253,28.653105833024956,-23.932558308068955,3.346382874,1.68882874,264.0,110.0,12.0,93.0,2449.0,6.2,824090,695600,686469,686681,679845,677951,686555,657041,695506,54.31,0.866,0.886,0.9,1.0,1.0,0.0,5.0,36,5,Sinker,1,2,2,1,2,1,2,1,Standard,Standard,228.0,-0.023,0.26,81.0,7.3,,1.211,-0.26,110.0,-1,1,0.344,0.656,36,27,37,27,3,2,5,5,5.0,1,2.0,1.26,1.26,21.7,1.3187995589040782,9.91511203920988,31.455711706568277,37.32498278891087,27.824098424903124
SI,2026-07-17,89.7,-1.68,5.14,"Tatis Jr., Fernando",665487,607625,,ball,,,,,13.0,,R,R,R,KC,SD,B,,,2,1,2026,-1.18,0.72,-0.1906704874040741,1.0612786472681972,,,669134.0,1,5,Top,,,,,,,6.17781616791775,-130.5118255614008,-5.440345944274401,-14.820288623379126,25.73983675960518,-23.041202414791425,3.346382874,1.68882874,,,,89.8,2348.0,6.2,824090,695600,686469,686681,679845,677951,686555,657041,695506,54.3,,,,,,,,36,4,Sinker,1,2,2,1,2,1,2,1,Standard,Standard,226.0,-0.012,0.097,,,,,-0.097,,-1,1,0.356,0.644,36,27,37,27,3,2,5,5,5.0,1,2.1,1.18,1.18,26.0,,,,,
FC,2026-07-17,92.1,-1.9,5.34,"Tatis Jr., Fernando",665487,607625,,ball,,,,,14.0,,R,R,R,KC,SD,B,,,1,1,2026,0.23,0.88,1.3382492481165804,2.507652813469698,,,669134.0,1,5,Top,,,,,,,7.58329832863717,-134.0158219426748,-3.165752671811103,1.3201463073811073,25.675656926761004,-21.04254928432102,3.346382874,1.68882874,,,,92.1,2519.0,6.0,824090,695600,686469,686681,679845,677951,686555,657041,695506,54.47,,,,,,,,36,3,Cutter,1,2,2,1,2,1,2,1,Standard,Standard,212.0,-0.006,0.063,,,,,-0.063,,-1,1,0.362,0.638,36,27,37,27,3,2,5,5,5.0,1,1.78,-0.23,-0.23,29.4,,,,,
CS,2026-07-17,68.4,-2.06,5.09,"Tatis Jr., Fernando",665487,607625,,ball,,,,,12.0,,R,R,R,KC,SD,B,,,0,1,2026,1.42,0.29,1.151073778939711,3.4426768906296124,,,669134.0,1,5,Top,,,,,,,3.612089406525813,-99.34445162354226,4.48091771368216,8.734232539918807,16.69334010931565,-31.27386057740967,3.346382874,1.68882874,,,,67.6,2304.0,5.9,824090,695600,686469,686681,679845,677951,686555,657041,695506,54.62,,,,,,,,36,2,Slow Curve,1,2,2,1,2,1,2,1,Standard,Standard,77.0,-0.003,0.026,,,,,-0.026,,-1,1,0.365,0.635,36,27,37,27,3,2,5,5,5.0,1,4.62,-1.42,-1.42,23.9,,,,,
ST,2026-07-17,81.7,-2.03,5.23,"Tatis Jr., Fernando",665487,607625,,foul_tip,,,,,2.0,,R,R,R,KC,SD,S,,,0,0,2026,1.4,0.37,0.0773372908713174,2.893739326579647,,,669134.0,1,5,Top,,,,,,,1.9219528836511288,-119.01971429042624,0.7127781123310668,12.926276990737996,22.733400980331236,-28.992113207116617,3.346382874,1.68882874,,,,80.5,2920.0,5.4,824090,695600,686469,686681,679845,677951,686555,657041,695506,55.11,,,,,,,,36,1,Sweeper,1,2,2,1,2,1,2,1,Standard,Standard,55.0,0.005,-0.037,81.5,6.6,,,0.037,,-1,1,0.36,0.64,36,27,37,27,3,2,5,5,5.0,1,3.03,-1.4,-1.4,24.6,0.6117243116078428,13.484125559207545,26.026704493160707,37.89503035874513,25.69099138798738
FC,2026-07-17,88.3,-1.9,5.63,"Tatis Jr., Fernando",665487,607625,single,hit_into_play,,,,,3.0,Fernando Tatis Jr. singles on a ground ball to center fielder Lane Thomas. Luis Campusano to 3rd.,R,R,R,KC,SD,X,8.0,ground_ball,0,1,2026,0.01,0.99,0.813979308380278,3.2802379789920435,,,669134.0,2,3,Top,106.75,77.45,,,,,6.438028267353698,-128.65367913462944,-1.6333275502232922,-1.123341687840481,23.63885278880658,-20.93508179693149,3.346382874,1.68882874,13.0,98.5,-14.0,87.8,2423.0,5.7,824090,695600,686469,686681,679845,677951,686555,657041,695506,54.84,0.289,0.261,0.9,1.0,1.0,0.0,2.0,19,2,Cutter,1,0,0,1,0,1,0,1,Standard,Standard,207.0,-0.035,0.383,77.8,7.3,,0.309,-0.383,98.5,1,-1,0.647,0.353,36,27,37,27,2,1,5,5,5.0,1,1.9,-0.01,-0.01,34.2,9.429825771156745,0.0292116813890581,18.64982287900102,46.18565168167997,28.653231605331634
SI,2026-07-17,91.5,-1.97,5.05,"Tatis Jr., Fernando",665487,607625,,called_strike,,,,,1.0,,R,R,R,KC,SD,S,,,0,0,2026,-1.46,0.49,-0.6235500359441992,2.888277499875009,,,669134.0,2,3,Top,,,,,,,6.5063620877511,-133.11195011758426,-0.4952957395794679,-18.770857067614152,27.136949350614618,-26.459389262899915,3.346382874,1.68882874,,,,91.2,2335.0,6.0,824090,695600,686469,686681,679845,677951,686555,657041,695506,54.49,,,,,,,,19,1,Sinker,1,0,0,1,0,1,0,1,Standard,Standard,239.0,0.004,-0.041,,,,,0.041,,1,-1,0.643,0.357,36,27,37,27,2,1,5,5,5.0,1,2.23,1.46,1.46,19.9,,,,,
SI,2026-07-17,96.7,-1.98,6.04,"Tatis Jr., Fernando",665487,668674,single,hit_into_play,,,,,7.0,Fernando Tatis Jr. singles on a line drive to right fielder Nick Loftin. Miguel Andujar scores. Sung-Mun Song to 3rd.,R,R,R,KC,SD,X,9.0,line_drive,3,1,2026,-1.2,0.76,-0.2947710287716616,1.9755339406856056,609280.0,,823550.0,0,10,Top,177.7,94.68,,,,,7.271354615433537,-140.67064733738795,-6.882888744329028,-17.614976229513864,29.87440086033017,-20.66167322076647,3.346382874,1.68882874,194.0,114.2,8.0,97.6,1906.0,6.7,824090,695600,686469,686681,668942,677951,686555,657041,679845,53.82,0.803,0.799,0.9,1.0,1.0,0.0,5.0,78,5,Sinker,3,4,4,3,5,3,5,3,Strategic,Standard,227.0,-0.082,0.336,76.9,6.8,,1.035,-0.336,114.2,-1,1,0.166,0.834,31,27,31,27,1,4,5,5,2.0,1,1.66,1.2,1.2,41.2,-2.806944984097029,17.049752985966148,35.065524153945695,35.47923144409028,22.321156532172132
SI,2026-07-17,96.4,-1.83,6.02,"Tatis Jr., Fernando",665487,668674,,called_strike,,,,,1.0,,R,R,R,KC,SD,S,,,3,0,2026,-1.25,1.01,-0.3988950549014605,3.3464800382403466,609280.0,,823550.0,0,10,Top,,,,,,,6.7045174380169765,-140.3488950315282,-3.727643141227662,-18.053525761350738,29.753966041336177,-18.184323342599704,3.346382874,1.68882874,,,,97.3,1886.0,6.6,824090,695600,686469,686681,668942,677951,686555,657041,679845,53.87,,,,,,,,78,4,Sinker,3,4,4,3,4,3,4,3,Strategic,Standard,230.0,0.006,-0.044,,,,,0.044,,-1,1,0.16,0.84,31,27,31,27,1,4,5,5,2.0,1,1.43,1.25,1.25,41.9,,,,,
SI,2026-07-17,96.9,-1.76,6.08,"Tatis Jr., Fernando",665487,668674,,ball,,,,,14.0,,R,R,R,KC,SD,B,,,2,0,2026,-1.31,0.71,0.3347704647717613,1.263221573067923,609280.0,,823550.0,0,10,Top,,,,,,,8.606848896445168,-140.64117425388935,-8.733681342010245,-19.298486651017136,30.72867871261339,-20.98597351379718,3.346382874,1.68882874,,,,97.5,1918.0,6.7,824090,695600,686469,686681,668942,677951,686555,657041,679845,53.83,,,,,,,,78,3,Sinker,3,4,4,3,4,3,4,3,Strategic,Standard,226.0,-0.009,0.07,,,,,-0.07,,-1,1,0.169,0.831,31,27,31,27,1,4,5,5,2.0,1,1.73,1.31,1.31,44.5,,,,,
SL,2026-07-17,84.3,-2.11,6.08,"Tatis Jr., Fernando",665487,668674,,ball,,,,,14.0,,R,R,R,KC,SD,B,,,1,0,2026,-0.11,-0.61,0.876070649219677,1.5792668943079535,609280.0,,823550.0,0,10,Top,,,,,,,7.1105025842210186,-122.64685468162764,-2.615037730758117,-2.576880706570124,24.67238280569439,-37.96099316338874,3.346382874,1.68882874,,,,84.6,2130.0,6.6,824090,695600,686469,686681,668942,677951,686555,657041,679845,53.94,,,,,,,,78,2,Slider,3,4,4,3,4,3,4,3,Strategic,Standard,51.0,-0.006,0.071,,,,,-0.071,,-1,1,0.175,0.825,31,27,31,27,1,4,5,5,2.0,1,3.82,0.11,0.11,46.3,,,,,
SL,2026-07-17,84.8,-1.92,6.07,"Tatis Jr., Fernando",665487,668674,,ball,,,,,14.0,,R,R,R,KC,SD,B,,,0,0,2026,0.06,-0.3,1.2827273569863586,0.6734917277852093,609280.0,,823550.0,0,10,Top,,,,,,,7.272719027656754,-123.34863753983052,-5.442433561713808,-0.6900570761958964,22.824286994562737,-34.44479465214446,3.346382874,1.68882874,,,,85.2,2101.0,6.4,824090,695600,686469,686681,668942,677951,686555,657041,679845,54.07,,,,,,,,78,1,Slider,3,4,4,3,4,3,4,3,Strategic,Standard,22.0,-0.003,0.016,,,,,-0.016,,-1,1,0.178,0.822,31,27,31,27,1,4,5,5,2.0,1,3.46,-0.06,-0.06,43.0,,,,,
FF,2026-07-17,92.7,-2.05,5.45,"Tatis Jr., Fernando",665487,607625,field_out,hit_into_play,,,,,3.0,Fernando Tatis Jr. flies out sharply to right fielder Jac Caglianone.,R,R,R,KC,SD,X,9.0,fly_ball,1,2,2026,-0.74,1.23,0.7369053185840297,3.4273860729867547,,,,0,1,Top,201.38,66.45,,,,,8.604867148367125,-134.83204474310955,-1.984117287814651,-10.687749828840266,25.140195816420135,-16.849041619382906,3.346382874,1.68882874,359.0,102.3,38.0,92.7,2297.0,6.0,824090,695600,686469,686681,679845,677951,686555,657041,695506,54.53,0.32,0.638,0.0,1.0,0.0,0.0,5.0,1,5,4-Seam Fastball,0,0,0,0,0,0,0,0,Standard,Standard,221.0,0.015,-0.187,76.0,6.9,,1.227,0.187,102.3,0,0,0.507,0.493,36,27,37,27,1,0,5,5,5.0,1,1.4,0.74,0.74,24.7,6.790557060646824,18.837265279562835,18.523393131862644,45.375398358894515,23.05539104101273
SI,2026-07-17,93.1,-2.51,4.83,"Tatis Jr., Fernando",665487,670167,field_out,hit_into_play,,,,,7.0,Fernando Tatis Jr. flies out to right fielder Jac Caglianone.,R,R,R,KC,SD,X,9.0,fly_ball,2,2,2026,-1.27,0.08,-0.3083383471220928,1.999812333159952,,,,0,8,Top,208.73,86.3,,,,,8.449395158306187,-135.3460455935855,-1.484570380607953,-17.39695919218807,28.04183519545488,-31.12262150368991,3.346382874,1.68882874,345.0,99.1,29.0,93.8,2247.0,6.6,824090,695600,686469,686681,679845,677951,686555,657041,695506,53.85,0.426,0.756,0.0,1.0,0.0,0.0,6.0,57,5,Sinker,2,2,2,2,2,2,2,2,Infield shade,Standard,239.0,0.039,-0.232,76.1,6.9,,1.42,0.232,99.1,0,0,0.507,0.493,32,27,32,27,1,3,5,5,4.0,1,2.55,1.27,1.27,15.0,-1.8370173094040805,11.720189047681435,33.898274766867985,33.35417812896313,25.962453404237472
ST,2026-07-17,79.1,-2.25,5.45,"Tatis Jr., Fernando",665487,607625,,foul,,,,,6.0,,R,R,R,KC,SD,S,,,1,2,2026,1.72,-0.19,0.3416925234151906,2.3909834801814975,,,,0,1,Top,,,,,,,2.2982524440725594,-115.1893791531296,0.7308244313586438,14.676458885809575,23.915102499027835,-34.2535718574541,3.346382874,1.68882874,2.0,55.2,-55.0,77.7,3179.0,5.5,824090,695600,686469,686681,679845,677951,686555,657041,695506,55.01,,,,,,,,1,4,Sweeper,0,0,0,0,0,0,0,0,Standard,Standard,59.0,0.0,0.0,80.1,7.7,,,0.0,88.0,0,0,0.507,0.493,36,27,37,27,1,0,5,5,5.0,1,3.86,-1.72,-1.72,21.7,24.2515393806727,-18.430196079948946,30.901849972114256,38.91995089130032,45.96779317521286
ST,2026-07-17,83.1,-2.69,4.39,"Tatis Jr., Fernando",665487,670167,,ball,,,,,14.0,,R,R,R,KC,SD,B,,,1,2,2026,1.08,0.01,1.4982727326602676,1.536437039781981,,,,0,8,Top,,,,,,,7.356226356476855,-120.89798114047716,0.1318064610314981,9.176899170494632,23.49489887173018,-32.34763227330922,3.346382874,1.68882874,,,,83.6,2605.0,6.6,824090,695600,686469,686681,679845,677951,686555,657041,695506,53.89,,,,,,,,57,4,Sweeper,2,2,2,2,2,2,2,2,Infield shade,Standard,58.0,-0.007,0.046,,,,,-0.046,,0,0,0.514,0.486,32,27,32,27,1,3,5,5,4.0,1,3.29,-1.08,-1.08,7.6,,,,,
CU,2026-07-17,76.7,-2.15,5.62,"Tatis Jr., Fernando",665487,607625,,swinging_strike,,,,,14.0,,R,R,R,KC,SD,S,,,1,1,2026,1.61,-0.84,1.0121962640841435,1.6054389366783095,,,,0,1,Top,,,,,,,3.5734040603576784,-111.59573606601704,0.3690673872012411,12.563382265305426,23.13768165684954,-39.42720363146829,3.346382874,1.68882874,,,,75.1,3308.0,5.4,824090,695600,686469,686681,679845,677951,686555,657041,695506,55.05,,,,,,,,1,3,Curveball,0,0,0,0,0,0,0,0,Standard,Standard,56.0,0.006,-0.06,80.4,8.4,10.15365906,,0.06,,0,0,0.501,0.499,36,27,37,27,1,0,5,5,5.0,1,4.76,-1.61,-1.61,31.8,24.698417661673087,-32.36461664765716,29.225783268976944,45.96905443917654,59.09163993260913
FF,2026-07-17,93.9,-2.38,4.93,"Tatis Jr., Fernando",665487,670167,,ball,,,,,12.0,,R,R,R,KC,SD,B,,,0,2,2026,-0.92,0.78,1.2355068828412012,2.9648891932524277,,,,0,8,Top,,,,,,,11.35366268668838,-136.40051204496123,-1.0084336844708417,-13.85733518444452,26.630510148539106,-22.30209999057407,3.346382874,1.68882874,,,,94.6,2156.0,6.5,824090,695600,686469,686681,679845,677951,686555,657041,695506,53.95,,,,,,,,57,3,4-Seam Fastball,2,2,2,2,2,2,2,2,Infield shade,Standard,243.0,-0.004,0.022,,,,,-0.022,,0,0,0.518,0.482,32,27,32,27,1,3,5,5,4.0,1,1.79,0.92,0.92,14.9,,,,,
SI,2026-07-17,90.9,-1.98,5.32,"Tatis Jr., Fernando",665487,607625,,ball,,,,,14.0,,R,R,R,KC,SD,B,,,0,1,2026,-1.34,0.77,1.1860763313214409,2.1611824416795233,,,,0,1,Top,,,,,,,10.635391843800384,-131.93152740142116,-3.4333071768659345,-17.883203061125926,27.139417103748283,-22.64930875250992,3.346382874,1.68882874,,,,90.2,2461.0,5.9,824090,695600,686469,686681,679845,677951,686555,657041,695506,54.59,,,,,,,,1,2,Sinker,0,0,0,0,0,0,0,0,Standard,Standard,228.0,-0.002,0.029,,,,,-0.029,,0,0,0.503,0.497,36,27,37,27,1,0,5,5,5.0,1,2.0,1.34,1.34,18.8,,,,,
ST,2026-07-17,82.8,-2.59,4.39,"Tatis Jr., Fernando",665487,670167,,swinging_strike,,,,,14.0,,R,R,R,KC,SD,S,,,0,1,2026,1.35,0.04,1.800197213850232,2.0250508108379215,,,,0,8,Top,,,,,,,7.216551552908839,-120.39623587610996,1.2579230085215942,11.644014659604435,24.45617963873128,-32.3130570217202,3.346382874,1.68882874,,,,82.7,2661.0,6.4,824090,695600,686469,686681,679845,677951,686555,657041,695506,54.1,,,,,,,,57,2,Sweeper,2,2,2,2,2,2,2,2,Infield shade,Standard,59.0,0.011,-0.054,56.1,8.1,6.434894232,,0.054,,0,0,0.507,0.493,32,27,32,27,1,3,5,5,4.0,1,3.31,-1.35,-1.35,6.3,22.089331169292613,-11.961445791790483,27.18641586730846,56.617470520341584,40.75412694731769
FF,2026-07-17,90.3,-2.06,5.6,"Tatis Jr., Fernando",665487,607625,,called_strike,,,,,9.0,,R,R,R,KC,SD,S,,,0,0,2026,-0.91,1.08,0.3426810549203728,1.8475741959674203,,,,0,1,Top,,,,,,,7.7937503018799665,-131.23858144827878,-5.465795204080589,-12.13383969483734,27.226569626480075,-18.65538348897671,3.346382874,1.68882874,,,,89.6,2301.0,5.9,824090,695600,686469,686681,679845,677951,686555,657041,695506,54.59,,,,,,,,1,1,4-Seam Fastball,0,0,0,0,0,0,0,0,Standard,Standard,223.0,0.003,-0.041,,,,,0.041,,0,0,0.5,0.5,36,27,37,27,1,0,5,5,5.0,1,1.71,0.91,0.91,25.6,,,,,
ST,2026-07-17,81.9,-2.77,4.45,"Tatis Jr., Fernando",665487,670167,,foul,,,,,8.0,,R,R,R,KC,SD,S,,,0,0,2026,0.92,-0.27,0.1202880756035207,1.628988455142772,,,,0,8,Top,,,,,,,4.622135780801897,-119.27244672396014,0.8551085314567619,8.050930841928993,21.26750604890933,-35.129765486988916,3.346382874,1.68882874,2.0,97.0,-47.0,82.2,2735.0,6.3,824090,695600,686469,686681,679845,677951,686555,657041,695506,54.22,,,,,,,,57,1,Sweeper,2,2,2,2,2,2,2,2,Infield shade,Standard,75.0,0.007,-0.041,76.5,7.9,,,0.041,97.0,0,0,0.5,0.5,32,27,32,27,1,3,5,5,4.0,1,3.64,-0.92,-0.92,5.0,17.541802131411973,-16.12919069478078,28.964602754750636,34.75384228682006,47.308526898895934
FF,2026-07-12,93.5,-2.42,5.8,"Tatis Jr., Fernando",665487,592332,field_out,hit_into_play,,,,,5.0,Fernando Tatis Jr. flies out to right fielder Nathan Lukes.,R,R,R,SD,TOR,X,9.0,fly_ball,1,0,2026,-0.95,1.5,-0.10699933547282,2.4810128357537007,,,,0,5,Bot,168.67,114.65,,,,,8.10515383206658,-135.76349623103047,-5.940688624649575,-13.633620948231275,32.162112768309704,-12.560384662383324,3.346382874,1.68882874,236.0,98.8,57.0,94.0,2353.0,6.9,823274,678218,815873,676391,672960,665926,682729,662139,664770,53.61,0.017,0.021,0.0,1.0,0.0,0.0,3.0,43,2,4-Seam Fastball,3,3,3,3,3,3,3,3,Standard,Standard,217.0,-0.035,-0.302,82.5,7.7,,0.028,0.302,98.8,0,0,0.572,0.572,35,27,35,27,3,2,6,1,9.0,5,1.14,0.95,0.95,40.5,10.858214905468664,-7.329549088570692,30.975646324355864,37.69417910932828,34.71679067357767
FS,2026-07-12,83.0,-2.53,5.74,"Tatis Jr., Fernando",665487,592332,,ball,,,,,13.0,,R,R,R,SD,TOR,B,,,0,0,2026,-1.57,0.03,-0.8530768283866059,1.675951936582608,,,,0,5,Bot,,,,,,,6.998925425186945,-120.60844067405186,-2.533455730458469,-16.684112891775335,27.616846040296448,-31.520892989267058,3.346382874,1.68882874,,,,83.2,1720.0,6.9,823274,678218,815873,676391,672960,665926,682729,662139,664770,53.58,,,,,,,,43,1,Split-Finger,3,3,3,3,3,3,3,3,Standard,Standard,232.0,0.005,0.042,,,,,-0.042,,0,0,0.567,0.567,35,27,35,27,3,2,6,1,9.0,5,3.33,1.57,1.57,35.7,,,,,
FS,2026-07-12,88.1,-2.5,5.55,"Tatis Jr., Fernando",665487,592332,strikeout,swinging_strike,,,,,14.0,Fernando Tatis Jr. strikes out swinging.,R,R,R,SD,TOR,S,2.0,,1,2,2026,-1.41,0.36,0.6209581061678275,0.720183783597844,664034.0,630105.0,823550.0,1,2,Bot,,,,,,,10.537939310795412,-127.79684635528672,-6.204295697382969,-17.553327157269774,24.122172562947895,-27.13150248296344,3.346382874,1.68882874,,,,89.0,1643.0,6.8,823274,678218,815873,676391,672960,665926,682729,662139,664770,53.68,,0.0,0.0,1.0,0.0,0.0,,20,4,Split-Finger,2,1,2,1,1,2,2,1,Standard,Standard,238.0,-0.045,-0.225,69.6,8.4,0.446159364,,0.225,,1,1,0.722,0.722,35,27,35,27,2,1,6,1,9.0,5,2.57,1.41,1.41,37.9,13.964552771837708,-14.543705755207304,33.39502639893663,44.59730295794621,43.795583798336594
FF,2026-07-12,96.3,-2.36,5.77,"Tatis Jr., Fernando",665487,592332,,swinging_strike,,,,,11.0,,R,R,R,SD,TOR,S,,,1,1,2026,-1.07,1.21,-0.8948248164025618,3.2190680195311954,664034.0,630105.0,823550.0,1,2,Bot,,,,,,,6.382405301948836,-140.1312415152036,-3.87207112736872,-15.471658952332358,30.213945557464346,-15.547651674741797,3.346382874,1.68882874,,,,97.5,2466.0,6.9,823274,678218,815873,676391,672960,665926,682729,662139,664770,53.63,,,,,,,,20,3,4-Seam Fastball,2,1,2,1,1,2,2,1,Standard,Standard,218.0,-0.016,-0.085,69.5,5.6,0.220413012,,0.085,,1,1,0.738,0.738,35,27,35,27,2,1,6,1,9.0,5,1.24,1.07,1.07,40.1,-1.1930133488515209,27.03385219604347,30.402384772863257,28.41491482612762,23.078610600285472
FS,2026-07-12,88.4,-2.56,5.58,"Tatis Jr., Fernando",665487,592332,,ball,,,,,14.0,,R,R,R,SD,TOR,B,,,0,1,2026,-1.36,0.37,0.661654426505929,0.9271688308200612,664034.0,630105.0,823550.0,1,2,Bot,,,,,,,10.755686144436073,-128.38672938140584,-5.906468240537797,-17.176139439220062,23.17552155564297,-27.094624893868932,3.346382874,1.68882874,,,,89.8,1792.0,7.0,823274,678218,815873,676391,672960,665926,682729,662139,664770,53.52,,,,,,,,20,2,Split-Finger,2,1,2,1,1,2,2,1,Standard,Standard,235.0,0.007,0.029,,,,,-0.029,,1,1,0.731,0.731,35,27,35,27,2,1,6,1,9.0,5,2.53,1.36,1.36,37.5,,,,,
FS,2026-07-12,86.6,-2.53,5.61,"Tatis Jr., Fernando",665487,592332,,swinging_strike,,,,,14.0,,R,R,R,SD,TOR,S,,,0,0,2026,-1.6,0.33,0.3274631810620887,1.0398394462554583,664034.0,630105.0,823550.0,1,2,Bot,,,,,,,10.138418591814338,-125.6696606385185,-5.154971785420509,-18.981944358809617,24.49412405148274,-27.840974669059975,3.346382874,1.68882874,,,,87.4,1702.0,6.9,823274,678218,815873,676391,672960,665926,682729,662139,664770,53.64,,,,,,,,20,1,Split-Finger,2,1,2,1,1,2,2,1,Standard,Standard,234.0,-0.01,-0.048,76.6,8.6,1.816891728,,0.048,,1,1,0.741,0.741,35,27,35,27,2,1,6,1,9.0,5,2.72,1.6,1.6,37.4,20.030926091565277,-17.351276717832473,36.39325324135907,42.237292820689376,40.72568925480314
SL,2026-07-12,73.3,-3.91,1.29,"Tatis Jr., Fernando",665487,643511,field_error,hit_into_play,,,,,14.0,Fernando Tatis Jr. reaches on a fielding error by third baseman Kazuma Okamoto.,R,R,R,SD,TOR,X,5.0,ground_ball,0,2,2026,0.95,1.07,1.213574213079175,1.757305567405075,,,,2,7,Bot,111.55,173.32,,,,,8.472345575639615,-106.12015444038052,6.638947381665433,5.457465544057663,20.59102330128402,-25.776475332100222,3.346382874,1.68882874,2.0,75.2,-40.0,72.3,2473.0,6.1,823274,678218,815873,676391,672960,665926,682729,662139,664702,54.37,0.091,0.082,0.9,1.0,0.0,0.0,2.0,58,3,Slider,3,3,3,3,3,3,3,3,Standard,Standard,122.0,0.028,0.477,69.7,7.3,,0.094,-0.477,88.0,0,0,0.513,0.513,35,27,36,27,1,3,2,1,6.0,5,3.26,-0.95,-0.95,-61.0,8.217339579908312,2.6506884431480695,24.38228499266868,50.66781687379886,37.109903876134766
SI,2026-07-12,84.2,-3.85,1.23,"Tatis Jr., Fernando",665487,643511,,foul,,,,,9.0,,R,R,R,SD,TOR,S,,,0,1,2026,-0.04,-0.83,0.445058797867737,2.0330923249491266,,,,2,7,Bot,,,,,,,9.850899572953637,-121.71472142589008,10.112581455011991,-2.4827462249405885,25.758490682775257,-42.90951350356487,3.346382874,1.68882874,172.0,66.9,52.0,83.4,2027.0,6.3,823274,678218,815873,676391,672960,665926,682729,662139,664702,54.22,,,,,,,,58,2,Sinker,3,3,3,3,3,3,3,3,Standard,Standard,323.0,-0.005,-0.062,76.2,7.5,,,0.062,88.0,0,0,0.518,0.518,35,27,36,27,1,3,2,1,6.0,5,4.11,0.04,0.04,-63.3,-0.8787648200658666,2.4440775590512005,27.261164535300807,44.39304612881064,30.79586702563709
SI,2026-07-12,84.5,-3.86,1.33,"Tatis Jr., Fernando",665487,643511,,foul_tip,,,,,5.0,,R,R,R,SD,TOR,S,,,0,0,2026,-0.03,-1.21,-0.231831912251017,2.3558795798614627,,,,2,7,Bot,,,,,,,8.329092196395578,-122.00464348184065,11.420945633279375,-2.170918297501578,27.761052025419257,-47.11736050741508,3.346382874,1.68882874,,,,83.2,1989.0,6.2,823274,678218,815873,676391,672960,665926,682729,662139,664702,54.27,,,,,,,,58,1,Sinker,3,3,3,3,3,3,3,3,Standard,Standard,321.0,-0.003,-0.045,78.7,6.3,,,0.045,,0,0,0.521,0.521,35,27,36,27,1,3,2,1,6.0,5,4.5,0.03,0.03,-60.5,-10.04907477223899,16.9516211907692,33.671822361991794,35.78873654963385,23.63947122734031
FF,2026-07-12,95.3,-2.29,5.86,"Tatis Jr., Fernando",665487,592332,strikeout,swinging_strike,,,,,11.0,Fernando Tatis Jr. strikes out swinging.,R,R,R,SD,TOR,S,2.0,,0,2,2026,-1.22,1.32,-0.2538219508990547,3.6520504883327862,,,,0,1,Bot,,,,,,,8.106508260702697,-138.52341898282813,-2.9932866286321422,-17.476085775357298,31.78033285615619,-14.704718155522098,3.346382874,1.68882874,,,,95.7,2368.0,6.6,823274,678218,815873,676391,672960,665926,682729,662139,664770,53.89,,0.0,0.0,1.0,0.0,0.0,,6,3,4-Seam Fastball,0,1,0,1,1,0,0,1,Standard,Standard,220.0,-0.014,-0.164,62.2,5.1,1.230785856,,0.164,,-1,-1,0.438,0.438,35,27,35,27,1,0,6,1,9.0,5,1.2,1.22,1.22,37.3,4.741770913816406,48.70632965340539,21.81927391764399,36.0938119586181,11.982363050539746
FF,2026-07-12,95.4,-2.29,5.84,"Tatis Jr., Fernando",665487,592332,,called_strike,,,,,8.0,,R,R,R,SD,TOR,S,,,0,1,2026,-1.14,1.36,-0.0379018255441783,1.7135119840041408,,,,0,1,Bot,,,,,,,8.509298263990377,-138.4737153167956,-8.127154211972575,-16.52881377407838,31.309636497992557,-12.937398424965757,3.346382874,1.68882874,,,,96.0,2359.0,6.8,823274,678218,815873,676391,672960,665926,682729,662139,664770,53.72,,,,,,,,6,2,4-Seam Fastball,0,1,0,1,1,0,0,1,Standard,Standard,224.0,-0.006,-0.054,,,,,0.054,,-1,-1,0.444,0.444,35,27,35,27,1,0,6,1,9.0,5,1.16,1.14,1.14,38.5,,,,,
FF,2026-07-12,94.1,-2.36,5.91,"Tatis Jr., Fernando",665487,592332,,called_strike,,,,,8.0,,R,R,R,SD,TOR,S,,,0,0,2026,-1.12,1.44,-0.0913739707749059,1.8746754875069884,,,,0,1,Bot,,,,,,,8.387579428292543,-136.60062550477068,-7.829274869098437,-15.848118250360017,28.860343543666495,-12.571539463112986,3.346382874,1.68882874,,,,94.9,2209.0,6.8,823274,678218,815873,676391,672960,665926,682729,662139,664770,53.73,,,,,,,,6,1,4-Seam Fastball,0,1,0,1,1,0,0,1,Standard,Standard,219.0,-0.004,-0.041,,,,,0.041,,-1,-1,0.448,0.448,35,27,35,27,1,0,6,1,9.0,5,1.14,1.12,1.12,37.3,,,,,
SL,2026-07-11,86.1,-0.87,7.03,"Tatis Jr., Fernando",665487,702056,field_out,hit_into_play,,,,,9.0,"Fernando Tatis Jr. grounds out, shortstop Andrés Giménez to first baseman Vladimir Guerrero Jr. Sung-Mun Song to 2nd.",R,R,R,SD,TOR,X,6.0,ground_ball,0,1,2026,0.09,0.2,0.4000989228573328,2.0458725966728157,,,823550.0,1,2,Bot,107.9,153.61,,,,,2.7653946031866115,-125.37807561874936,-5.71546897046386,0.3483215414159913,24.99458042642014,-29.08147268560609,3.346382874,1.68882874,21.0,84.3,-5.0,85.4,2257.0,5.8,823276,672386,665489,676391,672960,665926,682729,662139,664770,54.74,0.193,0.205,0.0,1.0,0.0,0.0,2.0,23,2,Slider,2,4,2,4,4,2,2,4,Standard,Standard,221.0,-0.016,-0.283,77.1,7.9,,0.23,0.283,88.0,-2,-2,0.339,0.339,22,27,23,27,2,1,6,1,8.0,1,2.86,-0.09,-0.09,57.0,12.625187729745736,-4.095807535758472,29.57477361530384,43.77129233522477,35.15519459518953
SL,2026-07-11,86.0,-0.92,6.97,"Tatis Jr., Fernando",665487,702056,,called_strike,,,,,1.0,,R,R,R,SD,TOR,S,,,0,0,2026,-0.02,0.28,-0.3596442961945526,3.4458846889448993,,,823550.0,1,2,Bot,,,,,,,1.3480462273096685,-125.29897552028366,-2.452558392093563,-0.5181515155804878,26.59262206981588,-28.93844287599961,3.346382874,1.68882874,,,,85.2,2230.0,5.8,823276,672386,665489,676391,672960,665926,682729,662139,664770,54.66,,,,,,,,23,1,Slider,2,4,2,4,4,2,2,4,Standard,Standard,220.0,-0.005,-0.037,,,,,0.037,,-2,-2,0.344,0.344,22,27,23,27,2,1,6,1,8.0,1,2.81,0.02,0.02,59.5,,,,,
SL,2026-07-11,85.1,2.03,5.48,"Tatis Jr., Fernando",665487,671936,,ball,,,,,12.0,,R,R,L,SD,TOR,B,,,2,0,2026,-0.58,0.34,0.7046032502486854,4.13015807718606,,823550.0,,2,3,Bot,,,,,,,-1.888535846084121,-123.87155437360305,2.6674073063370924,-5.4433409566172966,27.816467471828172,-29.595919516756425,3.346382874,1.68882874,,,,84.1,2452.0,5.9,823276,672386,665489,676391,672960,665926,682729,662139,664770,54.62,,,,,,,,37,3,Slider,6,4,6,4,4,6,6,4,Standard,Standard,196.0,0.002,0.042,,,,,-0.042,,2,2,0.756,0.756,25,27,26,27,1,2,5,1,6.0,1,2.84,-0.58,0.58,38.6,,,,,
CH,2026-07-11,83.1,2.11,5.42,"Tatis Jr., Fernando",665487,671936,,blocked_ball,,,,,14.0,,R,R,L,SD,TOR,B,,,1,0,2026,1.19,0.03,1.0934697898202168,0.6018072683382223,,823550.0,,2,3,Bot,,,,,,,-4.653384818302212,-120.85645568830851,-4.352197628008629,12.557905674102276,24.078593646168233,-31.19767202486479,3.346382874,1.68882874,,,,82.7,1535.0,6.1,823276,672386,665489,676391,672960,665926,682729,662139,664770,54.41,,,,,,,,37,2,Changeup,6,4,6,4,4,6,6,4,Standard,Standard,103.0,0.001,0.021,,,,,-0.021,,2,2,0.755,0.755,25,27,26,27,1,2,5,1,6.0,1,3.28,1.19,-1.19,37.1,,,,,
CH,2026-07-11,81.2,2.16,5.56,"Tatis Jr., Fernando",665487,671936,,ball,,,,,14.0,,R,R,L,SD,TOR,B,,,0,0,2026,1.28,0.0,1.2938816092219845,1.2927642859540187,,,823550.0,2,3,Bot,,,,,,,-4.374723811721202,-118.12851758839388,-2.6431606784261352,12.833075903032112,23.86987276219851,-31.876625541641303,3.346382874,1.68882874,,,,80.5,1492.0,6.0,823276,672386,665489,676391,672960,665926,682729,662139,664770,54.54,,,,,,,,37,1,Changeup,6,4,6,4,4,6,6,4,Standard,Standard,103.0,0.009,0.038,,,,,-0.038,,2,2,0.746,0.746,25,27,26,27,1,2,5,1,6.0,1,3.48,1.28,-1.28,40.0,,,,,
SI,2026-07-11,98.4,-1.25,5.71,"Tatis Jr., Fernando",665487,693686,strikeout,called_strike,,,,,6.0,Fernando Tatis Jr. called out on strikes.,R,R,R,SD,TOR,S,2.0,,3,2,2026,-1.57,0.67,0.3912685749987754,2.35073237004704,,,,2,7,Bot,,,,,,,8.179110513249539,-143.10852878327543,-5.059820541645083,-23.437649692463697,32.36786496035675,-21.9440127727646,3.346382874,1.68882874,,,,99.3,2273.0,6.8,823276,672386,665489,676391,672960,665926,682729,662139,664770,53.71,,0.0,0.0,1.0,0.0,0.0,,72,6,Sinker,8,7,8,7,7,8,8,7,Standard,Standard,227.0,-0.011,-0.306,,,,,0.306,,1,1,0.756,0.756,25,27,26,27,1,4,4,1,6.0,1,1.68,1.57,1.57,35.4,,,,,
FF,2026-07-11,98.0,-1.32,5.71,"Tatis Jr., Fernando",665487,693686,,ball,,,,,12.0,,R,R,R,SD,TOR,B,,,2,2,2026,-0.79,1.31,0.200660551409602,4.443559399091086,,,,2,7,Bot,,,,,,,5.96461118262244,-142.66981711988262,-0.8737352383240697,-12.209476832568075,34.14858557257274,-14.372674200086864,3.346382874,1.68882874,,,,98.6,2346.0,6.7,823276,672386,665489,676391,672960,665926,682729,662139,664770,53.82,,,,,,,,72,5,4-Seam Fastball,8,7,8,7,7,8,8,7,Standard,Standard,228.0,0.003,0.082,,,,,-0.082,,1,1,0.753,0.753,25,27,26,27,1,4,4,1,6.0,1,1.07,0.79,0.79,34.8,,,,,
CU,2026-07-11,81.4,-1.41,5.74,"Tatis Jr., Fernando",665487,693686,,ball,,,,,13.0,,R,R,R,SD,TOR,B,,,1,2,2026,1.15,-1.19,-0.9071438312803616,2.0266318403613077,,,,2,7,Bot,,,,,,,-1.1469642236493858,-118.37563803600698,0.9865625026327748,10.920788783648312,27.255780978299065,-43.69326194451472,3.346382874,1.68882874,,,,81.2,2902.0,6.6,823276,672386,665489,676391,672960,665926,682729,662139,664770,53.85,,,,,,,,72,4,Curveball,8,7,8,7,7,8,8,7,Standard,Standard,51.0,0.001,0.041,,,,,-0.041,,1,1,0.752,0.752,25,27,26,27,1,4,4,1,6.0,1,4.7,-1.15,-1.15,38.9,,,,,
SI,2026-07-11,98.3,-1.14,5.76,"Tatis Jr., Fernando",665487,693686,,called_strike,,,,,3.0,,R,R,R,SD,TOR,S,,,1,1,2026,-1.42,0.88,0.4002034557155476,3.047095196753986,,,,2,7,Bot,,,,,,,7.546900154591383,-142.84845110889913,-3.746909198347036,-21.250694429470123,34.99752314091511,-19.461183847065666,3.346382874,1.68882874,,,,98.9,2277.0,6.8,823276,672386,665489,676391,672960,665926,682729,662139,664770,53.66,,,,,,,,72,3,Sinker,8,7,8,7,7,8,8,7,Standard,Standard,223.0,-0.002,-0.064,,,,,0.064,,1,1,0.754,0.754,25,27,26,27,1,4,4,1,6.0,1,1.5,1.42,1.42,38.6,,,,,
CU,2026-07-11,82.8,-1.44,5.62,"Tatis Jr., Fernando",665487,693686,,swinging_strike,,,,,14.0,,R,R,R,SD,TOR,S,,,1,0,2026,0.82,-0.85,1.3656182433640291,1.7309181606616837,,,,2,7,Bot,,,,,,,4.720264794003618,-120.5245883863618,-0.4128434503559066,6.975729968664867,25.32945130632082,-40.5469812374664,3.346382874,1.68882874,,,,83.3,2690.0,6.8,823276,672386,665489,676391,672960,665926,682729,662139,664770,53.74,,,,,,,,72,2,Curveball,8,7,8,7,7,8,8,7,Standard,Standard,57.0,-0.002,-0.056,75.7,7.5,0.437191296,,0.056,,1,1,0.756,0.756,25,27,26,27,1,4,4,1,6.0,1,4.19,-0.82,-0.82,41.0,6.842585676612221,5.399942643996594,22.709008795004507,53.52771381769936,29.476299673287393
CU,2026-07-11,82.4,-1.4,5.64,"Tatis Jr., Fernando",665487,693686,,ball,,,,,14.0,,R,R,R,SD,TOR,B,,,0,0,2026,0.89,-1.07,0.8658147773213092,1.0770170204551106,,,,2,7,Bot,,,,,,,3.3572510563270943,-119.86633322864608,-1.3811419828624392,7.715881867690457,26.196681453542997,-42.315998979859515,3.346382874,1.68882874,,,,82.9,2757.0,6.9,823276,672386,665489,676391,672960,665926,682729,662139,664770,53.6,,,,,,,,72,1,Curveball,8,7,8,7,7,8,8,7,Standard,Standard,53.0,0.001,0.041,,,,,-0.041,,1,1,0.755,0.755,25,27,26,27,1,4,4,1,6.0,1,4.46,-0.89,-0.89,35.9,,,,,
FF,2026-07-11,93.1,-0.43,7.01,"Tatis Jr., Fernando",665487,702056,walk,ball,,,,,11.0,Fernando Tatis Jr. walks.,R,R,R,SD,TOR,B,,,3,1,2026,-0.53,1.49,-0.6246309380023893,3.96873173703934,,,,0,1,Bot,,,,,,,0.7004721188305897,-135.41621552570015,-5.088880957295807,-6.668319464913462,32.484378728646114,-13.024186265722554,3.346382874,1.68882874,,,,92.7,2178.0,6.3,823276,672386,665489,676391,672960,665926,682729,662139,664770,54.2,,0.698418,0.7,1.0,0.0,0.0,,5,5,4-Seam Fastball,0,0,0,0,0,0,0,0,Standard,Standard,195.0,0.021,0.258,,,,,-0.258,,0,0,0.562,0.562,22,27,23,27,1,0,6,1,8.0,1,1.17,0.53,0.53,64.9,,,,,
FC,2026-07-11,91.8,3.66,5.72,"Tatis Jr., Fernando",665487,689254,field_out,hit_into_play,,,,,4.0,"Fernando Tatis Jr. grounds out, shortstop Andrés Giménez to first baseman Vladimir Guerrero Jr.",R,R,L,SD,TOR,X,6.0,ground_ball,0,0,2026,0.13,1.19,-0.4047804594699339,2.321508215023564,,,,1,5,Bot,109.24,152.7,,,,,-10.556647863585582,-133.2695558692075,-5.239105613237815,3.6428410943925256,25.70783420595719,-16.97393146374056,3.346382874,1.68882874,12.0,81.9,-10.0,93.0,2567.0,6.9,823276,672386,665489,676391,672960,665926,682729,662139,664770,53.58,0.084,0.081,0.0,1.0,0.0,0.0,2.0,54,1,Cutter,7,4,7,4,4,7,7,4,Standard,Standard,152.0,-0.007,-0.261,74.5,6.8,,0.087,0.261,88.0,3,3,0.875,0.875,24,27,25,27,1,3,1,1,8.0,1,1.5,0.13,-0.13,30.4,-1.9410444568923944,17.737636633361834,35.362408805021566,32.584524363553605,24.285526152859763
FF,2026-07-11,94.3,-0.5,7.03,"Tatis Jr., Fernando",665487,702056,,called_strike,,,,,2.0,,R,R,R,SD,TOR,S,,,3,0,2026,-0.47,1.57,0.20632486206587,3.2330050343976975,,,,0,1,Bot,,,,,,,2.860593351129581,-137.10569563333905,-7.430074678681451,-6.593098977920574,33.00684816991355,-10.900396213045628,3.346382874,1.68882874,,,,93.7,2233.0,6.2,823276,672386,665489,676391,672960,665926,682729,662139,664770,54.3,,,,,,,,5,4,4-Seam Fastball,0,0,0,0,0,0,0,0,Standard,Standard,192.0,-0.007,-0.084,,,,,0.084,,0,0,0.569,0.569,22,27,23,27,1,0,6,1,8.0,1,1.01,0.47,0.47,62.4,,,,,
SL,2026-07-11,86.0,-0.56,7.17,"Tatis Jr., Fernando",665487,702056,,ball,,,,,12.0,,R,R,R,SD,TOR,B,,,2,0,2026,-0.13,0.35,1.1210099841826615,2.6670862994862055,,,,0,1,Bot,,,,,,,4.1705057983307965,-125.03700058543936,-4.81459039977048,-2.223240755449421,27.17966895400116,-27.747994978154633,3.346382874,1.68882874,,,,85.1,2286.0,5.9,823276,672386,665489,676391,672960,665926,682729,662139,664770,54.56,,,,,,,,5,3,Slider,0,0,0,0,0,0,0,0,Standard,Standard,200.0,0.011,0.148,,,,,-0.148,,0,0,0.558,0.558,22,27,23,27,1,0,6,1,8.0,1,2.76,0.13,0.13,64.3,,,,,
SL,2026-07-11,85.6,-0.49,7.18,"Tatis Jr., Fernando",665487,702056,,ball,,,,,14.0,,R,R,R,SD,TOR,B,,,1,0,2026,0.0,0.18,1.166805823219013,0.9558677909311806,,,,0,1,Bot,,,,,,,3.8263864539520367,-124.42826146935816,-8.368165287808564,-0.8379970467669985,26.942369756159454,-28.751172965780786,3.346382874,1.68882874,,,,84.8,2276.0,6.0,823276,672386,665489,676391,672960,665926,682729,662139,664770,54.5,,,,,,,,5,2,Slider,0,0,0,0,0,0,0,0,Standard,Standard,213.0,0.007,0.082,,,,,-0.082,,0,0,0.551,0.551,22,27,23,27,1,0,6,1,8.0,1,2.96,0.0,0.0,70.7,,,,,
FF,2026-07-11,94.0,-0.37,7.05,"Tatis Jr., Fernando",665487,702056,,ball,,,,,12.0,,R,R,R,SD,TOR,B,,,0,0,2026,-0.42,1.55,0.8818635606119622,3.834576633834789,,,,0,1,Bot,,,,,,,4.153455283751866,-136.70533769284964,-5.837493992759444,-6.228018621600536,32.49990996045902,-11.719940506954616,3.346382874,1.68882874,,,,93.6,2185.0,6.3,823276,672386,665489,676391,672960,665926,682729,662139,664770,54.23,,,,,,,,5,1,4-Seam Fastball,0,0,0,0,0,0,0,0,Standard,Standard,196.0,0.003,0.042,,,,,-0.042,,0,0,0.548,0.548,22,27,23,27,1,0,6,1,8.0,1,1.05,0.42,0.42,64.7,,,,,
,2026-07-11,,,,"Tatis Jr., Fernando",665487,671936,intent_walk,automatic_ball,,,,,,Adam Macko intentionally walks Fernando Tatis Jr.,R,R,L,SD,TOR,B,,,3,0,2026,,,,,,823550.0,,2,3,Bot,,,,,,,,,,,,,,,,,,,,,823276,672386,665489,676391,672960,665926,682729,662139,664770,,,,0.4,,0.0,0.0,,37,4,,6,4,6,4,4,6,6,4,,,,0.002,,,,,,,,2,2,0.758,0.758,25,27,26,27,1,2,5,1,6.0,1,,,,,,,,,
SL,2026-07-10,86.6,-1.41,5.53,"Tatis Jr., Fernando",665487,669456,strikeout,swinging_strike,,,,,14.0,Fernando Tatis Jr. strikes out swinging.,R,R,R,SD,TOR,S,2.0,,2,2,2026,0.01,-0.27,1.0380267786372634,1.3739584966481382,,609280.0,660710.0,2,4,Bot,,,,,,,5.7891772627666365,-126.07497194312988,-3.0153620703709976,-0.9585338685451456,22.321891040573444,-34.76476839298288,3.346382874,1.68882874,,,,87.5,2666.0,6.5,823278,672386,665489,649966,672960,676391,682729,662139,664702,53.99,,0.0,0.0,1.0,0.0,0.0,,35,5,Slider,2,1,2,1,1,2,2,1,Standard,Standard,19.0,-0.036,-0.232,74.6,8.0,1.761394776,,0.232,,1,1,0.674,0.674,31,27,31,27,3,2,6,1,8.0,1,3.28,-0.01,-0.01,38.4,11.883720941673714,-0.550370229887214,26.426306332321687,49.562543766833926,37.86531057545453
FF,2026-07-10,93.0,-1.44,5.55,"Tatis Jr., Fernando",665487,669456,,foul,,,,,4.0,,R,R,R,SD,TOR,S,,,2,1,2026,-1.06,1.51,-0.605536487057402,2.527386748141359,,609280.0,660710.0,2,4,Bot,,,,,,,4.526574401392677,-135.2698568174132,-5.124894445028389,-14.002354153584529,31.529317731646778,-12.802149927976052,3.346382874,1.68882874,103.0,84.7,83.0,93.5,2338.0,6.8,823278,672386,665489,649966,672960,676391,682729,662139,664702,53.73,,,,,,,,35,4,4-Seam Fastball,2,1,2,1,1,2,2,1,Standard,Standard,217.0,-0.009,-0.074,77.1,7.4,,,0.074,88.0,1,1,0.683,0.683,31,27,31,27,3,2,6,1,8.0,1,1.15,1.06,1.06,40.8,8.112755850109247,-13.478230896027744,32.19222963092478,30.26426768406902,37.32499501487006
CH,2026-07-10,88.5,-1.47,5.48,"Tatis Jr., Fernando",665487,669456,,foul,,,,,5.0,,R,R,R,SD,TOR,S,,,2,0,2026,-1.38,0.35,-0.0154874944534928,2.236378396096447,,609280.0,660710.0,2,4,Bot,,,,,,,6.461443161116911,-128.83456248410218,-2.4268239142934327,-16.68011303566339,25.75450756537838,-27.954272595460623,3.346382874,1.68882874,148.0,71.9,15.0,89.1,1785.0,6.6,823278,672386,665489,649966,672960,676391,682729,662139,664702,53.92,,,,,,,,35,3,Changeup,2,1,2,1,1,2,2,1,Standard,Standard,243.0,-0.005,-0.04,81.9,7.5,,,0.04,88.0,1,1,0.688,0.688,31,27,31,27,3,2,6,1,8.0,1,2.55,1.38,1.38,37.5,6.184970378854998,2.0758237477775223,28.88599751021202,38.20692507884689,33.66924131535009
CH,2026-07-10,88.8,-1.47,5.48,"Tatis Jr., Fernando",665487,669456,,blocked_ball,,,,,14.0,,R,R,R,SD,TOR,B,,,1,0,2026,-1.29,0.25,0.7267061476561387,0.3427376657133791,,609280.0,660710.0,2,4,Bot,,,,,,,8.085787904708374,-128.938740366803,-6.809363446132653,-16.009267412005567,25.754301791492637,-28.182538627718916,3.346382874,1.68882874,,,,89.4,1686.0,6.7,823278,672386,665489,649966,672960,676391,682729,662139,664702,53.81,,,,,,,,35,2,Changeup,2,1,2,1,1,2,2,1,Standard,Standard,243.0,0.005,0.033,,,,,-0.033,,1,1,0.683,0.683,31,27,31,27,3,2,6,1,8.0,1,2.65,1.29,1.29,34.2,,,,,
FC,2026-07-10,88.9,-1.46,5.52,"Tatis Jr., Fernando",665487,669456,,ball,,,,,14.0,,R,R,R,SD,TOR,B,,,0,0,2026,0.03,0.88,1.0486970576194046,0.9568838429390374,,609280.0,660710.0,2,4,Bot,,,,,,,6.016645403513678,-129.2911749647632,-6.872072443253206,-0.6973882225802416,23.50323327898803,-21.10472735982392,3.346382874,1.68882874,,,,89.8,2568.0,6.6,823278,672386,665489,649966,672960,676391,682729,662139,664702,53.94,,,,,,,,35,1,Cutter,2,1,2,1,1,2,2,1,Standard,Standard,220.0,0.003,0.029,,,,,-0.029,,1,1,0.68,0.68,31,27,31,27,3,2,6,1,8.0,1,1.98,-0.03,-0.03,37.8,,,,,
FF,2026-07-10,93.8,-1.55,5.58,"Tatis Jr., Fernando",665487,669456,grounded_into_double_play,hit_into_play,,,,,9.0,"Fernando Tatis Jr. grounds into a double play, pitcher Shane Bieber to second baseman Luis Urías to first baseman Vladimir Guerrero Jr. Rodolfo Durán out at 2nd. Fernando Tatis Jr. out at 1st.",R,R,R,SD,TOR,X,1.0,ground_ball,3,1,2026,-0.88,1.41,0.3080862157189168,2.111209845899571,,,660710.0,1,2,Bot,126.26,199.69,,,,,6.7609593308532325,-136.2944584529972,-6.176668324047278,-12.493226058157116,32.52717767532192,-13.421266476254386,3.346382874,1.68882874,10.0,113.2,-12.0,93.9,2498.0,6.6,823278,672386,665489,649966,672960,676391,682729,662139,664702,53.88,0.351,0.319,0.0,1.0,0.0,0.0,2.0,16,5,4-Seam Fastball,2,0,2,0,0,2,2,0,Standard,Standard,214.0,-0.047,-0.469,,,,0.386,0.469,113.2,2,2,0.759,0.759,31,27,31,27,2,1,6,1,8.0,1,1.21,0.88,0.88,38.9,,,,,
FC,2026-07-10,89.4,-1.67,5.55,"Tatis Jr., Fernando",665487,669456,,ball,,,,,12.0,,R,R,R,SD,TOR,B,,,2,1,2026,-0.09,0.85,0.0722444687200871,4.226159830688343,,,660710.0,1,2,Bot,,,,,,,4.457460270334776,-130.27013789017252,1.002906114417263,-1.815608881829215,23.93911256871473,-22.79092857312553,3.346382874,1.68882874,,,,90.4,2601.0,6.6,823278,672386,665489,649966,672960,676391,682729,662139,664702,53.94,,,,,,,,16,4,Cutter,2,0,2,0,0,2,2,0,Standard,Standard,197.0,0.007,0.097,,,,,-0.097,,2,2,0.752,0.752,31,27,31,27,2,1,6,1,8.0,1,1.97,0.09,0.09,36.1,,,,,
FC,2026-07-10,89.4,-1.66,5.55,"Tatis Jr., Fernando",665487,669456,,swinging_strike,,,,,14.0,,R,R,R,SD,TOR,S,,,2,0,2026,-0.01,0.72,0.966671813484492,1.579579893515094,,,660710.0,1,2,Bot,,,,,,,6.4454976018131545,-130.10602722403053,-5.150637002231283,-1.377746655220668,25.173406692704702,-23.138421174082307,3.346382874,1.68882874,,,,90.2,2593.0,6.6,823278,672386,665489,649966,672960,676391,682729,662139,664702,53.9,,,,,,,,16,3,Cutter,2,0,2,0,0,2,2,0,Standard,Standard,216.0,-0.004,-0.048,80.5,8.0,1.032129984,,0.048,,2,2,0.756,0.756,31,27,31,27,2,1,6,1,8.0,1,2.11,0.01,0.01,38.5,10.546460925216689,-2.115103861062922,23.796476982540128,49.54899587116639,31.471838892591684
CH,2026-07-10,89.2,-1.67,5.5,"Tatis Jr., Fernando",665487,669456,,blocked_ball,,,,,14.0,,R,R,R,SD,TOR,B,,,1,0,2026,-1.21,-0.04,0.736568213357101,0.5337019781901637,,,660710.0,1,2,Bot,,,,,,,8.444214358435877,-129.50713302372492,-5.824022824465543,-15.404101041292057,26.924313341872043,-31.62996015051062,3.346382874,1.68882874,,,,89.3,1692.0,6.5,823278,672386,665489,649966,672960,676391,682729,662139,664702,54.03,,,,,,,,16,2,Changeup,2,0,2,0,0,2,2,0,Standard,Standard,241.0,0.004,0.066,,,,,-0.066,,2,2,0.752,0.752,31,27,31,27,2,1,6,1,8.0,1,2.92,1.21,1.21,38.3,,,,,
KC,2026-07-10,83.9,-1.6,5.6,"Tatis Jr., Fernando",665487,669456,,ball,,,,,14.0,,R,R,R,SD,TOR,B,,,0,0,2026,0.51,-0.98,1.7757358813525732,1.3780175395875245,,,660710.0,1,2,Bot,,,,,,,6.6973302858295725,-121.99831210765848,-1.0711443566724366,3.610835234416837,26.610206856006545,-41.87072170937553,3.346382874,1.68882874,,,,83.8,2687.0,6.5,823278,672386,665489,649966,672960,676391,682729,662139,664702,53.97,,,,,,,,16,1,Knuckle Curve,2,0,2,0,0,2,2,0,Standard,Standard,33.0,0.003,0.034,,,,,-0.034,,2,2,0.749,0.749,31,27,31,27,2,1,6,1,8.0,1,4.25,-0.51,-0.51,37.6,,,,,
FF,2026-07-10,98.6,-2.65,5.34,"Tatis Jr., Fernando",665487,686973,single,hit_into_play,,,,,6.0,Fernando Tatis Jr. singles on a ground ball to right fielder Nathan Lukes. Luis Campusano to 2nd.,R,R,R,SD,TOR,X,9.0,ground_ball,2,0,2026,-0.75,1.27,0.4525237788669245,2.394109582047171,,,669134.0,2,9,Bot,161.63,114.16,,,,,10.20259730462476,-143.18924970565135,-5.372253708257619,-12.683912996681368,34.42004721209997,-13.660846223058403,3.346382874,1.68882874,134.0,110.2,5.0,99.6,2173.0,7.1,823278,672386,665489,676391,672960,665926,664702,662139,664770,53.44,0.663,0.604,0.9,1.0,1.0,0.0,4.0,74,3,4-Seam Fastball,2,5,2,5,5,2,2,5,Standard,Standard,217.0,0.022,0.249,83.7,7.0,,0.738,-0.249,110.2,-3,-3,0.024,0.024,28,27,29,27,1,4,3,1,8.0,1,1.09,0.75,0.75,36.5,10.882263644460515,-3.996550105363651,18.2798408120694,43.05090877233553,19.793058067955652
CH,2026-07-10,90.9,-2.75,5.29,"Tatis Jr., Fernando",665487,686973,,ball,,,,,12.0,,R,R,R,SD,TOR,B,,,1,0,2026,-0.83,0.24,1.1845234935971605,2.951475594541358,,,669134.0,2,9,Bot,,,,,,,11.730491308002115,-131.89106439921486,-0.3032758552018488,-12.063210562696746,26.12084627717575,-29.477647328579863,3.346382874,1.68882874,,,,92.6,1654.0,7.3,823278,672386,665489,676391,672960,665926,664702,662139,664770,53.21,,,,,,,,74,2,Changeup,2,5,2,5,5,2,2,5,Standard,Standard,234.0,0.006,0.056,,,,,-0.056,,-3,-3,0.018,0.018,28,27,29,27,1,4,3,1,8.0,1,2.52,0.83,0.83,35.5,,,,,
KC,2026-07-10,89.9,-2.91,5.36,"Tatis Jr., Fernando",665487,686973,,ball,,,,,14.0,,R,R,R,SD,TOR,B,,,0,0,2026,0.36,-0.61,1.517992763247394,1.655140722150616,,,669134.0,2,9,Bot,,,,,,,10.151691220853158,-130.5580599972256,-1.6404376086275898,2.030496564276794,26.91585207120604,-39.07899314349221,3.346382874,1.68882874,,,,91.0,2475.0,7.0,823278,672386,665489,676391,672960,665926,664702,662139,664770,53.51,,,,,,,,74,1,Knuckle Curve,2,5,2,5,5,2,2,5,Standard,Standard,45.0,0.003,0.038,,,,,-0.038,,-3,-3,0.015,0.015,28,27,29,27,1,4,3,1,8.0,1,3.44,-0.36,-0.36,42.1,,,,,
FF,2026-07-10,93.5,-1.52,5.62,"Tatis Jr., Fernando",665487,669456,field_out,hit_into_play,,,,,3.0,"Fernando Tatis Jr. grounds out, third baseman Kazuma Okamoto to first baseman Vladimir Guerrero Jr.",R,R,R,SD,TOR,X,5.0,ground_ball,2,1,2026,-0.94,1.56,0.2787758063425435,2.8395429667395304,,,,0,1,Bot,106.38,160.2,,,,,6.710523276763058,-135.90866732529767,-4.668453917323973,-13.17317712327053,33.0854539281481,-12.059256875891082,3.346382874,1.68882874,5.0,104.4,-28.0,93.4,2458.0,6.5,823278,672386,665489,649966,672960,676391,682729,662139,664702,53.96,0.163,0.147,0.0,1.0,0.0,0.0,2.0,4,4,4-Seam Fastball,0,0,0,0,0,0,0,0,Standard,Standard,216.0,-0.025,-0.31,81.3,7.4,,0.175,0.31,104.4,0,0,0.551,0.551,31,27,31,27,1,0,6,1,8.0,1,1.08,0.94,0.94,38.6,14.39907967513567,0.9253529446891088,21.064042543113764,40.56413096906698,36.45931139013419
SL,2026-07-10,86.7,-1.65,5.62,"Tatis Jr., Fernando",665487,669456,,ball,,,,,14.0,,R,R,R,SD,TOR,B,,,1,1,2026,0.07,0.16,1.231819938882712,1.6721364399438317,,,,0,1,Bot,,,,,,,6.686674105415518,-126.19887910163096,-3.434260130508836,-0.4364774370218959,22.413043681216095,-30.024384831110815,3.346382874,1.68882874,,,,87.7,2641.0,6.6,823278,672386,665489,649966,672960,676391,682729,662139,664702,53.89,,,,,,,,4,3,Slider,0,0,0,0,0,0,0,0,Standard,Standard,77.0,0.004,0.063,,,,,-0.063,,0,0,0.547,0.547,31,27,31,27,1,0,6,1,8.0,1,2.84,-0.07,-0.07,37.9,,,,,
CH,2026-07-10,88.7,-1.67,5.53,"Tatis Jr., Fernando",665487,669456,,ball,,,,,13.0,,R,R,R,SD,TOR,B,,,0,1,2026,-1.36,0.2,-0.1404194222286159,1.3419115935381232,,,,0,1,Bot,,,,,,,6.649240096273439,-129.02410537670568,-4.392721907709199,-16.558058229950507,27.18221922922294,-29.218687039975944,3.346382874,1.68882874,,,,89.4,1761.0,6.7,823278,672386,665489,649966,672960,676391,682729,662139,664702,53.75,,,,,,,,4,2,Changeup,0,0,0,0,0,0,0,0,Standard,Standard,243.0,0.002,0.029,,,,,-0.029,,0,0,0.545,0.545,31,27,31,27,1,0,6,1,8.0,1,2.7,1.36,1.36,35.7,,,,,
SL,2026-07-10,85.8,-2.79,5.81,"Tatis Jr., Fernando",665487,656546,field_out,hit_into_play,,,,,9.0,Fernando Tatis Jr. lines out to left fielder Jonatan Clase.,R,R,R,SD,TOR,X,7.0,line_drive,0,0,2026,0.4,0.06,0.5508680630872633,2.1354116112525543,,,,0,7,Bot,53.62,103.16,,,,,6.953576606952273,-124.77580515766576,-2.2375959825969263,2.5693568230659367,28.051552447146364,-31.279733797863276,3.346382874,1.68882874,296.0,86.9,24.0,85.2,2832.0,6.2,823278,672386,665489,649966,672960,676391,682729,662139,664702,54.29,0.163,0.157,0.0,1.0,0.0,0.0,3.0,59,1,Slider,2,5,2,5,5,2,2,5,Standard,Standard,40.0,-0.028,-0.259,73.5,8.0,,0.24,0.259,88.0,-3,-3,0.128,0.128,33,27,33,27,1,3,3,1,2.0,1,3.07,-0.4,-0.4,33.7,11.412863455797549,-17.54463483161737,24.9298332891641,41.76614090333915,48.6892240393222
FF,2026-07-10,92.5,-1.54,5.61,"Tatis Jr., Fernando",665487,669456,,called_strike,,,,,6.0,,R,R,R,SD,TOR,S,,,0,0,2026,-0.96,1.42,0.5849155090770273,2.2502514110380747,,,,0,1,Bot,,,,,,,7.527858667436877,-134.37597908008684,-5.6830099601602395,-13.332188378184217,31.35337672325853,-13.872091933240114,3.346382874,1.68882874,,,,92.8,2446.0,6.7,823278,672386,665489,649966,672960,676391,682729,662139,664702,53.79,,,,,,,,4,1,4-Seam Fastball,0,0,0,0,0,0,0,0,Standard,Standard,215.0,-0.003,-0.041,,,,,0.041,,0,0,0.548,0.548,31,27,31,27,1,0,6,1,8.0,1,1.26,0.96,0.96,39.0,,,,,
FF,2026-07-09,91.4,-1.76,5.46,"Tatis Jr., Fernando",665487,518876,field_out,hit_into_play,,,,,1.0,Fernando Tatis Jr. pops out to catcher Gabriel Moreno in foul territory.,R,R,R,SD,AZ,X,2.0,popup,0,0,2026,-0.88,1.28,-0.4191905190726684,3.333976662781015,,,,0,6,Bot,133.98,213.34,,,,,5.247337038918292,-132.93137594596223,-2.0519761736604165,-11.596115131960866,30.779673910040113,-16.886148104855476,3.346382874,1.68882874,30.0,91.4,84.0,90.8,2267.0,6.1,823277,672515,694374,606466,571448,672695,666971,694371,682998,54.38,0.001,0.0,0.0,1.0,0.0,0.0,3.0,47,1,4-Seam Fastball,1,3,1,3,3,1,1,3,Standard,Standard,224.0,-0.035,-0.259,78.5,7.0,,0.001,0.259,91.4,-2,-2,0.26,0.26,37,27,38,27,3,2,5,1,8.0,1,1.47,0.88,0.88,21.8,15.941912397271572,-4.835636946935115,26.52370703513582,32.69835866525588,33.375416990224394
SL,2026-07-09,86.9,-1.85,5.39,"Tatis Jr., Fernando",665487,518876,single,hit_into_play,,,,,5.0,Fernando Tatis Jr. singles on a sharp line drive to left fielder Lourdes Gurriel Jr.,R,R,R,SD,AZ,X,7.0,line_drive,0,0,2026,0.07,0.33,-0.0486077934900657,2.6594306280338667,,,,1,3,Bot,101.95,119.18,,,,,4.095578442877325,-126.58565110165334,-0.9190091162606638,-0.0291959462921951,24.49583715558557,-28.586809100796557,3.346382874,1.68882874,210.0,114.5,9.0,86.8,2286.0,6.0,823277,672515,694374,606466,571448,672695,666971,694371,682998,54.48,0.826,0.824,0.9,1.0,1.0,0.0,5.0,21,1,Slider,1,0,1,0,0,1,1,0,Standard,Standard,186.0,0.023,0.419,76.8,7.0,,1.094,-0.419,114.5,1,1,0.648,0.648,37,27,38,27,2,1,5,1,8.0,1,2.66,-0.07,-0.07,25.0,7.94611426262933,1.908861012839594,23.89608185948695,37.15830822649676,32.63815389563277
CH,2026-07-09,90.7,-1.89,5.41,"Tatis Jr., Fernando",665487,518876,strikeout,swinging_strike,,,,,14.0,Fernando Tatis Jr. strikes out swinging.,R,R,R,SD,AZ,S,2.0,,2,2,2026,-1.25,-0.14,0.536044010632132,0.8800938970335346,,,,0,1,Bot,,,,,,,8.669934643831956,-131.84593281880296,-4.835704396069493,-16.38172471102679,28.19766502216934,-32.96353158288666,3.346382874,1.68882874,,,,90.4,2130.0,6.2,823277,672515,694374,606466,571448,672695,666971,694371,682998,54.3,,0.0,0.0,1.0,0.0,0.0,,6,5,Changeup,0,0,0,0,0,0,0,0,Standard,Standard,244.0,-0.019,-0.232,85.9,8.2,0.457647576,,0.232,,0,0,0.545,0.545,37,27,38,27,1,0,5,1,8.0,1,2.92,1.25,1.25,23.4,11.05938250425279,-9.389635884370662,36.694128758313184,43.6119658369799,34.41475569914531
ST,2026-07-09,82.9,-3.57,4.43,"Tatis Jr., Fernando",665487,623149,strikeout,called_strike,,,,,7.0,Fernando Tatis Jr. called out on strikes.,R,R,R,SD,AZ,S,2.0,,1,2,2026,1.01,0.53,-0.3594309727599802,1.7300212402936772,,,,0,9,Bot,,,,,,,5.215761528363027,-120.75126500496243,-0.5613948708204839,8.906432153232634,23.31731000485902,-27.0999576292476,3.346382874,1.68882874,,,,82.7,2488.0,6.1,823277,672515,545121,606466,571448,672695,694371,678489,682998,54.43,,0.0,0.0,1.0,0.0,0.0,,65,5,Sweeper,1,3,1,3,3,1,1,3,Standard,Standard,86.0,-0.034,-0.187,,,,,0.187,,-2,-2,0.081,0.081,36,27,36,27,1,3,5,1,3.0,1,2.78,-1.01,-1.01,17.5,,,,,
SL,2026-07-09,87.8,-1.78,5.5,"Tatis Jr., Fernando",665487,518876,,swinging_strike,,,,,14.0,,R,R,R,SD,AZ,S,,,2,1,2026,0.26,0.48,1.0009624672675246,1.6698373441028993,,,,0,1,Bot,,,,,,,6.068324895844018,-127.71269679483407,-3.885286064198064,1.4872424724606264,27.523976829687125,-26.29592189886176,3.346382874,1.68882874,,,,87.2,2396.0,6.0,823277,672515,694374,606466,571448,672695,666971,694371,682998,54.48,,,,,,,,6,4,Slider,0,0,0,0,0,0,0,0,Standard,Standard,172.0,-0.006,-0.078,76.7,8.5,6.587783568,,0.078,,0,0,0.551,0.551,37,27,38,27,1,0,5,1,8.0,1,2.49,-0.26,-0.26,24.5,21.364709749840916,-25.012793561412256,32.37216224162065,48.59602634994071,49.447225776895706
ST,2026-07-09,83.7,-3.49,4.58,"Tatis Jr., Fernando",665487,623149,,foul,,,,,3.0,,R,R,R,SD,AZ,S,,,1,2,2026,1.32,0.6,0.7004279620697995,2.9532182913164986,,,,0,9,Bot,,,,,,,6.915493530692457,-121.69365204886392,1.7073153581245029,11.549148306242532,26.48357597175461,-26.89144711365016,3.346382874,1.68882874,227.0,70.6,36.0,83.7,2588.0,6.6,823277,672515,545121,606466,571448,672695,694371,678489,682998,53.89,,,,,,,,65,4,Sweeper,1,3,1,3,3,1,1,3,Standard,Standard,64.0,0.0,0.0,73.2,7.6,,,0.0,88.0,-2,-2,0.081,0.081,36,27,36,27,1,3,5,1,3.0,1,2.69,-1.32,-1.32,19.0,13.548245549806058,-3.796474558227946,22.648173981480692,44.4556612720575,35.951296247581965
FC,2026-07-09,91.6,-1.95,5.39,"Tatis Jr., Fernando",665487,518876,,called_strike,,,,,8.0,,R,R,R,SD,AZ,S,,,2,0,2026,-0.23,1.02,0.0723673421740964,2.0872744359585154,,,,0,1,Bot,,,,,,,5.5055369580589755,-133.30190291216272,-4.48588114089533,-3.891313745479255,28.02238914121744,-19.289810448933036,3.346382874,1.68882874,,,,91.2,2334.0,6.0,823277,672515,694374,606466,571448,672695,666971,694371,682998,54.51,,,,,,,,6,3,Cutter,0,0,0,0,0,0,0,0,Standard,Standard,223.0,-0.007,-0.073,,,,,0.073,,0,0,0.558,0.558,37,27,38,27,1,0,5,1,8.0,1,1.7,0.23,0.23,21.7,,,,,
ST,2026-07-09,84.0,-3.49,4.54,"Tatis Jr., Fernando",665487,623149,,swinging_strike,,,,,14.0,,R,R,R,SD,AZ,S,,,1,1,2026,1.25,0.47,1.0799350632946738,1.5268215610341187,,,,0,9,Bot,,,,,,,7.915639579617102,-121.9206888846554,-1.1424967016106151,10.39976902751015,29.31066014077873,-27.541151282560996,3.346382874,1.68882874,,,,83.4,2463.0,6.6,823277,672515,545121,606466,571448,672695,694371,678489,682998,53.92,,,,,,,,65,3,Sweeper,1,3,1,3,3,1,1,3,Standard,Standard,84.0,-0.012,-0.06,72.8,8.3,3.859343844,,0.06,,-2,-2,0.093,0.093,36,27,36,27,1,3,5,1,3.0,1,2.84,-1.25,-1.25,20.0,15.010179864754102,-20.218567094906643,26.782636419003165,47.91418582617637,45.7919851265395
SI,2026-07-09,92.6,-1.82,5.38,"Tatis Jr., Fernando",665487,518876,,ball,,,,,13.0,,R,R,R,SD,AZ,B,,,1,0,2026,-1.25,0.55,-0.1455502566759636,1.1738931722167416,,,,0,1,Bot,,,,,,,6.984936767326301,-134.6669703151098,-5.932084431827183,-16.779770480939618,28.630235670703993,-24.335454111012055,3.346382874,1.68882874,,,,92.5,2269.0,6.2,823277,672515,694374,606466,571448,672695,666971,694371,682998,54.29,,,,,,,,6,2,Sinker,0,0,0,0,0,0,0,0,Standard,Standard,230.0,0.007,0.082,,,,,-0.082,,0,0,0.551,0.551,37,27,38,27,1,0,5,1,8.0,1,2.1,1.25,1.25,21.5,,,,,
FF,2026-07-09,91.9,-3.46,4.41,"Tatis Jr., Fernando",665487,623149,,called_strike,,,,,2.0,,R,R,R,SD,AZ,S,,,1,0,2026,-1.15,1.06,-0.2674433679296701,3.425494474095633,,,,0,9,Bot,,,,,,,10.645273451333363,-133.45546596378344,1.2071107671897985,-16.103989856240787,29.095064572580185,-20.04164760529176,3.346382874,1.68882874,,,,92.9,2595.0,7.0,823277,672515,545121,606466,571448,672695,694371,678489,682998,53.49,,,,,,,,65,2,4-Seam Fastball,1,3,1,3,3,1,1,3,Standard,Standard,244.0,-0.012,-0.055,,,,,0.055,,-2,-2,0.105,0.105,36,27,36,27,1,3,5,1,3.0,1,1.65,1.15,1.15,11.1,,,,,
FF,2026-07-09,92.9,-1.77,5.36,"Tatis Jr., Fernando",665487,518876,,ball,,,,,14.0,,R,R,R,SD,AZ,B,,,0,0,2026,-0.88,1.31,1.3592498090295533,1.7550591219327207,,,,0,1,Bot,,,,,,,9.853910070457852,-134.79070962282444,-6.094641787876079,-12.88226374372866,29.22499447712252,-15.041174774558176,3.346382874,1.68882874,,,,92.7,2424.0,6.3,823277,672515,694374,606466,571448,672695,666971,694371,682998,54.18,,,,,,,,6,1,4-Seam Fastball,0,0,0,0,0,0,0,0,Standard,Standard,226.0,0.003,0.042,,,,,-0.042,,0,0,0.548,0.548,37,27,38,27,1,0,5,1,8.0,1,1.35,0.88,0.88,20.8,,,,,
FF,2026-07-09,91.8,-3.38,4.52,"Tatis Jr., Fernando",665487,623149,,ball,,,,,11.0,,R,R,R,SD,AZ,B,,,0,0,2026,-0.97,1.07,-1.1681896544250183,3.1516186297980164,,,,0,9,Bot,,,,,,,7.728958548899413,-133.48562579668547,0.2008241588768352,-13.229985756417449,28.900862669013097,-19.697375382862035,3.346382874,1.68882874,,,,92.5,2579.0,6.8,823277,672515,545121,606466,571448,672695,694371,678489,682998,53.71,,,,,,,,65,1,4-Seam Fastball,1,3,1,3,3,1,1,3,Standard,Standard,242.0,0.01,0.042,,,,,-0.042,,-2,-2,0.095,0.095,36,27,36,27,1,3,5,1,3.0,1,1.64,0.97,0.97,12.3,,,,,
ST,2026-07-08,83.3,-2.41,5.71,"Tatis Jr., Fernando",665487,703615,hit_by_pitch,hit_by_pitch,,,,,11.0,Fernando Tatis Jr. hit by pitch.,R,R,R,SD,AZ,B,,,1,0,2026,1.01,0.09,-2.361265514734042,2.6133264706672232,,,,1,5,Bot,,,,,,,-1.9126421408184435,-121.22875927286086,-0.5609835028855212,10.30028744588204,26.478658304026357,-31.41099109390204,3.346382874,1.68882874,,,,82.6,2538.0,6.1,823279,672515,656976,606466,571448,545121,596146,694371,682998,54.39,,0.729366,0.7,1.0,0.0,0.0,,37,2,Sweeper,2,1,2,1,1,2,2,1,Standard,Standard,67.0,0.021,0.381,,,,,-0.381,,1,1,0.689,0.689,24,27,24,27,3,2,5,1,50.0,1,3.23,-1.01,-1.01,26.9,,,,,
FF,2026-07-08,94.0,-2.31,5.59,"Tatis Jr., Fernando",665487,703615,,ball,,,,,9.0,,R,R,R,SD,AZ,B,,,0,0,2026,-0.96,1.21,0.7824654635705293,2.096355755958655,,,,1,5,Bot,,,,,,,10.168352003454956,-136.37083958277805,-5.844137391759615,-14.306379783052986,30.80024556341277,-15.971635812976077,3.346382874,1.68882874,,,,94.6,2258.0,6.8,823279,672515,656976,606466,571448,545121,596146,694371,682998,53.66,,,,,,,,37,1,4-Seam Fastball,2,1,2,1,1,2,2,1,Standard,Standard,236.0,0.002,0.041,,,,,-0.041,,1,1,0.687,0.687,24,27,24,27,3,2,5,1,50.0,1,1.39,0.96,0.96,28.2,,,,,
SI,2026-07-08,92.1,-2.47,5.61,"Tatis Jr., Fernando",665487,703615,single,hit_into_play,,,,,1.0,Fernando Tatis Jr. singles on a soft bunt ground ball to third baseman Nolan Arenado. Sung-Mun Song to 2nd.,R,R,R,SD,AZ,X,5.0,ground_ball,0,0,2026,-1.7,0.3,-0.6083419148401563,3.180290598759646,,,823550.0,1,3,Bot,117.62,193.24,,,,,8.380912967602075,-133.8040910478234,-0.7204296279961258,-22.300030446819484,31.690627828161052,-28.707352172365965,3.346382874,1.68882874,16.0,29.2,-3.0,91.3,2198.0,6.1,823279,672515,656976,606466,571448,545121,596146,694371,682998,54.4,0.289,0.26,0.9,1.0,1.0,0.0,1.0,22,1,Sinker,0,1,0,1,1,0,0,1,Standard,Standard,236.0,0.046,0.062,6.6,1.0,,0.292,-0.062,88.0,-1,-1,0.44,0.44,24,27,24,27,2,1,5,1,50.0,1,2.42,1.7,1.7,24.5,-53.28179916975831,-170.80269407265655,58.82748071101862,29.94945072581844,34.3381826534649
CH,2026-07-08,90.6,-1.08,5.83,"Tatis Jr., Fernando",665487,664199,single,hit_into_play,,,,,8.0,Fernando Tatis Jr. singles on a ground ball to left fielder Max Kepler. Sung-Mun Song scores. Fernando Tatis Jr. to 2nd.,R,R,R,SD,AZ,X,7.0,ground_ball,2,2,2026,-1.31,0.05,0.0600147449583783,1.792371961925944,,823550.0,,1,6,Bot,92.01,119.25,,,,,5.662510931356278,-131.82912105535405,-4.026347043859876,-16.432990588633754,28.96976591767697,-30.88702626819002,3.346382874,1.68882874,139.0,112.3,6.0,90.6,1737.0,6.4,823279,672515,656976,606466,571448,545121,596146,694371,682998,54.13,0.689,0.645,0.9,1.0,1.0,0.0,4.0,51,5,Changeup,6,1,6,1,1,7,7,1,Standard,Standard,241.0,0.012,0.604,85.6,7.9,,0.821,-0.604,112.3,5,5,0.975,0.975,33,27,33,27,1,3,3,1,4.0,1,2.73,1.31,1.31,38.7,19.131720098200603,2.5847439082112085,24.47002954885579,39.36585293261298,37.4761375920859
SL,2026-07-08,88.6,-0.88,6.03,"Tatis Jr., Fernando",665487,664199,,ball,,,,,14.0,,R,R,R,SD,AZ,B,,,1,2,2026,0.11,0.14,2.065706604384326,0.8615824978674391,,823550.0,,1,6,Bot,,,,,,,6.874734527896014,-128.84517378544885,-6.606595054043492,-0.1702793619248566,26.33164024554507,-29.38670952338474,3.346382874,1.68882874,,,,88.8,2234.0,6.4,823279,672515,656976,606466,571448,545121,596146,694371,682998,54.08,,,,,,,,51,4,Slider,6,1,6,1,1,6,6,1,Standard,Standard,168.0,0.0,0.029,,,,,-0.029,,5,5,0.975,0.975,33,27,33,27,1,3,3,1,4.0,1,2.76,-0.11,-0.11,46.2,,,,,
SL,2026-07-08,88.9,-0.91,5.99,"Tatis Jr., Fernando",665487,664199,,swinging_strike,,,,,14.0,,R,R,R,SD,AZ,S,,,1,1,2026,0.22,0.51,1.4912178893040358,1.4285339416155804,,823550.0,,1,6,Bot,,,,,,,5.361789176310604,-129.2965223366289,-5.94755904560599,1.2559722112380114,28.01752519596175,-25.360805738540424,3.346382874,1.68882874,,,,88.8,2299.0,6.4,823279,672515,656976,606466,571448,545121,596146,694371,682998,54.13,,,,,,,,51,3,Slider,6,1,6,1,1,6,6,1,Standard,Standard,186.0,-0.001,-0.071,80.8,8.4,8.070404208,,0.071,,5,5,0.976,0.976,33,27,33,27,1,3,3,1,4.0,1,2.38,-0.22,-0.22,46.8,16.843417296702167,-26.6760922286172,27.17609800587683,55.88570868103204,40.37304148076275
SL,2026-07-08,88.0,-0.88,6.08,"Tatis Jr., Fernando",665487,664199,,foul,,,,,5.0,,R,R,R,SD,AZ,S,,,1,0,2026,0.62,0.59,0.2321168209418629,2.7262543116575544,,823550.0,,1,6,Bot,,,,,,,1.3548442470886972,-128.14303878350577,-3.026042084511243,6.516863842709556,28.466510597186836,-25.28037896831958,3.346382874,1.68882874,176.0,72.3,63.0,88.0,2244.0,6.4,823279,672515,656976,606466,571448,545121,596146,694371,682998,54.06,,,,,,,,51,2,Slider,6,1,6,1,1,6,6,1,Standard,Standard,167.0,0.0,-0.052,75.1,8.0,,,0.052,88.0,5,5,0.976,0.976,33,27,33,27,1,3,3,1,4.0,1,2.37,-0.62,-0.62,48.8,15.848685307291792,-20.54994393665103,29.139536778888687,41.29530745264952,44.09478830328197
CH,2026-07-08,89.5,-1.19,5.83,"Tatis Jr., Fernando",665487,664199,,ball,,,,,11.0,,R,R,R,SD,AZ,B,,,0,0,2026,-1.45,0.04,-0.9466080630299728,2.760389720150034,,,823550.0,1,6,Bot,,,,,,,3.71203601343619,-130.3522677006556,-1.4629773841399691,-17.26526730136742,27.614108251548338,-31.61711092869022,3.346382874,1.68882874,,,,89.7,1623.0,6.4,823279,672515,656976,606466,571448,545121,596146,694371,682998,54.11,,,,,,,,51,1,Changeup,6,1,6,1,1,6,6,1,Standard,Standard,244.0,0.0,0.034,,,,,-0.034,,5,5,0.974,0.974,33,27,33,27,1,3,3,1,4.0,1,2.8,1.45,1.45,41.9,,,,,
SL,2026-07-08,77.4,-3.97,3.55,"Tatis Jr., Fernando",665487,657044,field_out,hit_into_play,,,,,3.0,"Fernando Tatis Jr. grounds out, second baseman Ketel Marte to first baseman Pavin Smith.",R,R,R,SD,AZ,X,4.0,ground_ball,1,1,2026,1.14,0.9,0.4566650271903432,3.126577102668632,,,,0,8,Bot,136.19,149.23,,,,,7.246307092082176,-112.3807784611947,4.643562615622308,8.071512212392324,22.717441992051384,-25.813468705597504,3.346382874,1.68882874,9.0,61.7,-18.0,77.3,2334.0,6.6,823279,672515,656976,606466,571448,545121,596146,694371,682998,53.86,0.053,0.048,0.0,1.0,0.0,0.0,2.0,70,3,Slider,10,4,10,4,4,10,10,4,Standard,Standard,85.0,0.0,-0.247,82.2,7.7,,0.062,0.247,88.0,6,6,0.998,0.998,34,27,34,27,1,4,2,1,4.0,1,2.96,-1.14,-1.14,-10.9,13.994368729220636,-25.015486397443908,26.967834124856157,41.64103963033131,47.58496951515271
ST,2026-07-08,83.7,-2.24,5.54,"Tatis Jr., Fernando",665487,703615,strikeout,called_strike,,,,,9.0,Fernando Tatis Jr. called out on strikes.,R,R,R,SD,AZ,S,2.0,,1,2,2026,0.75,0.66,0.4310446875110659,1.9120740097751296,,,,0,1,Bot,,,,,,,4.565093449134112,-121.79573233882604,-3.003442945870684,6.458184051036653,26.010230699938287,-25.231024062913296,3.346382874,1.68882874,,,,83.2,2694.0,6.1,823279,672515,656976,606466,571448,545121,596146,694371,682998,54.36,,0.0,0.0,1.0,0.0,0.0,,6,4,Sweeper,0,1,0,1,1,0,0,1,Standard,Standard,67.0,-0.017,-0.187,,,,,0.187,,-1,-1,0.441,0.441,24,27,24,27,1,0,5,1,50.0,1,2.62,-0.75,-0.75,26.3,,,,,
SL,2026-07-08,78.5,-3.87,3.55,"Tatis Jr., Fernando",665487,657044,,ball,,,,,12.0,,R,R,R,SD,AZ,B,,,0,1,2026,1.11,0.88,1.6525076863279595,3.237182124774996,,,,0,8,Bot,,,,,,,9.7969263792613,-113.76387264514617,4.800216861326895,7.648654607045112,22.170874358627348,-25.78287644174145,3.346382874,1.68882874,,,,79.0,2276.0,7.0,823279,672515,656976,606466,571448,545121,596146,694371,682998,53.48,,,,,,,,70,2,Slider,10,4,10,4,4,10,10,4,Standard,Standard,81.0,0.0,0.029,,,,,-0.029,,6,6,0.998,0.998,34,27,34,27,1,4,2,1,4.0,1,2.87,-1.11,-1.11,-10.7,,,,,
SI,2026-07-08,92.5,-2.01,5.61,"Tatis Jr., Fernando",665487,703615,,called_strike,,,,,1.0,,R,R,R,SD,AZ,S,,,1,1,2026,-1.24,0.86,-0.495812836877106,2.8449897786267333,,,,0,1,Bot,,,,,,,6.5824613037984046,-134.58383764658947,-2.955739497595733,-16.502679578431376,28.94940635286161,-21.33139914683383,3.346382874,1.68882874,,,,92.8,2138.0,6.5,823279,672515,656976,606466,571448,545121,596146,694371,682998,54.03,,,,,,,,6,3,Sinker,0,1,0,1,1,0,0,1,Standard,Standard,233.0,-0.006,-0.06,,,,,0.06,,-1,-1,0.447,0.447,24,27,24,27,1,0,5,1,50.0,1,1.81,1.24,1.24,27.4,,,,,
SI,2026-07-08,87.6,-4.03,3.36,"Tatis Jr., Fernando",665487,657044,,called_strike,,,,,9.0,,R,R,R,SD,AZ,S,,,0,0,2026,-1.07,-0.87,0.5282116356529525,1.8014046444950471,,,,0,8,Bot,,,,,,,13.109465514133316,-126.7882102194417,4.507354827149201,-14.32481069710236,27.950268663497795,-42.8696938758044,3.346382874,1.68882874,,,,87.3,1955.0,6.6,823279,672515,656976,606466,571448,545121,596146,694371,682998,53.93,,,,,,,,70,1,Sinker,10,4,10,4,4,10,10,4,Standard,Standard,286.0,0.0,-0.041,,,,,0.041,,6,6,0.998,0.998,34,27,34,27,1,4,2,1,4.0,1,3.89,1.07,1.07,-15.8,,,,,
FF,2026-07-08,92.1,-2.5,5.72,"Tatis Jr., Fernando",665487,703615,,called_strike,,,,,4.0,,R,R,R,SD,AZ,S,,,1,0,2026,-1.03,1.27,-0.7404451045309977,2.62551120700934,,,,0,1,Bot,,,,,,,6.692831548116862,-133.9545489707282,-4.591931525047349,-13.904330217274712,29.69870021928043,-16.109835972980868,3.346382874,1.68882874,,,,91.9,2297.0,6.3,823279,672515,656976,606466,571448,545121,596146,694371,682998,54.23,,,,,,,,6,2,4-Seam Fastball,0,1,0,1,1,0,0,1,Standard,Standard,227.0,-0.005,-0.055,,,,,0.055,,-1,-1,0.452,0.452,24,27,24,27,1,0,5,1,50.0,1,1.43,1.03,1.03,28.6,,,,,
,2026-07-08,,,,"Tatis Jr., Fernando",665487,703615,,automatic_ball,,,,,,,R,R,R,SD,AZ,B,,,0,0,2026,,,,,,,,0,1,Bot,,,,,,,,,,,,,,,,,,,,,823279,672515,656976,606466,571448,545121,596146,694371,682998,,,,,,,,,6,1,,0,1,0,1,1,0,0,1,,,,0.004,,,,,,,,-1,-1,0.448,0.448,24,27,24,27,1,0,5,1,50.0,1,,,,,,,,,
CH,2026-07-07,87.1,-2.79,5.7,"Tatis Jr., Fernando",665487,668678,field_out,hit_into_play,,,,,13.0,"Fernando Tatis Jr. grounds out, third baseman Nolan Arenado to first baseman Pavin Smith.",R,R,R,SD,AZ,X,5.0,ground_ball,2,1,2026,-0.98,0.06,-0.6118645691217038,1.513869750417573,,,,0,5,Bot,96.1,163.11,,,,,7.243810822784413,-126.59754729039012,-3.7883151942985505,-11.955646968243643,25.1592065338425,-30.916641946422747,3.346382874,1.68882874,120.0,86.8,9.0,87.7,1481.0,6.7,823280,543510,656976,606466,571448,672695,596146,694374,682998,53.84,0.463,0.425,0.0,1.0,0.0,0.0,4.0,39,4,Changeup,4,1,4,1,1,4,4,1,Standard,Standard,220.0,-0.01,-0.31,83.7,8.0,,0.51,0.31,88.0,3,3,0.885,0.885,30,27,31,27,3,2,6,1,64.0,1,2.94,0.98,0.98,36.3,15.647950191067068,-17.77178838850257,38.88183299306079,31.12554782255476,44.04600287647475
FF,2026-07-07,92.0,-2.71,5.98,"Tatis Jr., Fernando",665487,668678,,ball,,,,,13.0,,R,R,R,SD,AZ,B,,,1,1,2026,-0.49,1.45,-0.9270495151499032,1.8262762469687777,,,,0,5,Bot,,,,,,,5.56734258902582,-133.6945193703277,-7.686892729256728,-7.094366998042975,29.346318313451576,-13.283432497720211,3.346382874,1.68882874,,,,92.4,2261.0,6.7,823280,543510,656976,606466,571448,672695,596146,694374,682998,53.83,,,,,,,,39,3,4-Seam Fastball,4,1,4,1,1,4,4,1,Standard,Standard,209.0,0.001,0.063,,,,,-0.063,,3,3,0.884,0.884,30,27,31,27,3,2,6,1,64.0,1,1.25,0.49,0.49,42.7,,,,,
FF,2026-07-07,91.8,-2.75,6.02,"Tatis Jr., Fernando",665487,668678,,ball,,,,,11.0,,R,R,R,SD,AZ,B,,,0,1,2026,-0.49,1.49,-1.619617778808134,3.1255712804893347,,,,0,5,Bot,,,,,,,3.9247597844975166,-133.62163963526726,-4.574360718274585,-6.700213717805447,29.118995083752807,-13.56209746963224,3.346382874,1.68882874,,,,92.4,2288.0,6.6,823280,543510,656976,606466,571448,672695,596146,694374,682998,53.86,,,,,,,,39,2,4-Seam Fastball,4,1,4,1,1,4,4,1,Standard,Standard,208.0,0.001,0.029,,,,,-0.029,,3,3,0.883,0.883,30,27,31,27,3,2,6,1,64.0,1,1.22,0.49,0.49,48.3,,,,,
CH,2026-07-07,85.9,-2.78,5.71,"Tatis Jr., Fernando",665487,668678,,foul,,,,,13.0,,R,R,R,SD,AZ,S,,,0,0,2026,-1.5,0.09,-1.1114740114051016,1.773246506184082,,,,0,5,Bot,,,,,,,7.020105659690458,-124.93139296838984,-3.066260383409524,-17.069503938385033,23.860850177897927,-30.82412962104993,3.346382874,1.68882874,,,,86.7,1634.0,6.7,823280,543510,656976,606466,571448,672695,596146,694374,682998,53.81,,,,,,,,39,1,Changeup,4,1,4,1,1,4,4,1,Standard,Standard,232.0,-0.001,-0.041,80.4,6.9,,,0.041,,3,3,0.884,0.884,30,27,31,27,3,2,6,1,64.0,1,2.99,1.5,1.5,33.2,2.68896854015756,-3.1232200289755387,36.92415177628618,25.23096524813859,34.67561450140041
CH,2026-07-07,88.5,-2.68,5.7,"Tatis Jr., Fernando",665487,668678,force_out,hit_into_play,,,,,13.0,"Fernando Tatis Jr. grounds into a force out, third baseman Nolan Arenado to second baseman Ketel Marte. Samad Taylor out at 2nd. Fernando Tatis Jr. to 1st.",R,R,R,SD,AZ,X,5.0,ground_ball,1,2,2026,-1.02,0.21,-0.1495414005825133,1.453039950539884,,,669392.0,1,2,Bot,105.11,163.75,,,,,8.251053059568356,-128.66337570048918,-4.492324003263146,-13.002339503531504,25.832062262648677,-29.13805449712581,3.346382874,1.68882874,4.0,104.1,-24.0,88.7,1603.0,6.4,823280,543510,656976,606466,571448,672695,596146,694374,682998,54.11,0.167,0.15,0.0,1.0,0.0,0.0,2.0,19,4,Changeup,4,1,4,1,1,4,4,1,Standard,Standard,235.0,-0.01,-0.242,86.1,7.4,,0.179,0.242,104.1,3,3,0.817,0.817,30,27,31,27,2,1,6,1,64.0,1,2.7,1.02,1.02,32.4,13.458577736266449,6.648711933802599,33.615502560240444,37.61895544983167,35.56749286154934
CH,2026-07-07,87.8,-2.76,5.82,"Tatis Jr., Fernando",665487,668678,,swinging_strike,,,,,9.0,,R,R,R,SD,AZ,S,,,1,1,2026,-1.33,0.17,0.3814811915735063,1.7102092755157536,,,669392.0,1,2,Bot,,,,,,,10.292642529953804,-127.32251765345536,-3.83710512324992,-16.635865137010047,28.328665362072584,-29.706226066723552,3.346382874,1.68882874,,,,87.4,1613.0,6.4,823280,543510,656976,606466,571448,672695,596146,694374,682998,54.1,,,,,,,,19,3,Changeup,4,1,4,1,1,4,4,1,Standard,Standard,230.0,-0.004,-0.067,78.9,7.5,1.501735152,,0.067,,3,3,0.821,0.821,30,27,31,27,2,1,6,1,64.0,1,2.83,1.33,1.33,32.2,9.842162448451306,4.091790240844139,29.123682648867163,44.62937844361788,31.0224597211539
KC,2026-07-07,81.6,-2.51,6.05,"Tatis Jr., Fernando",665487,668678,,blocked_ball,,,,,14.0,,R,R,R,SD,AZ,B,,,0,1,2026,0.2,-0.73,0.3783938982121284,0.8341810504357108,,,669392.0,1,2,Bot,,,,,,,6.045901104496653,-118.6085851348,-3.3550827727065693,0.5308506385529441,25.507254454387713,-38.5506831815999,3.346382874,1.68882874,,,,81.4,2442.0,6.5,823280,543510,656976,606466,571448,672695,596146,694374,682998,54.03,,,,,,,,19,2,Knuckle Curve,4,1,4,1,1,4,4,1,Standard,Standard,44.0,0.001,0.026,,,,,-0.026,,3,3,0.82,0.82,30,27,31,27,2,1,6,1,64.0,1,4.2,-0.2,-0.2,45.7,,,,,
KC,2026-07-07,81.4,-2.46,6.05,"Tatis Jr., Fernando",665487,668678,,foul_bunt,,,,,9.0,,R,R,R,SD,AZ,S,,,0,0,2026,0.42,-0.62,0.7334979635820331,2.0960517580806624,,,669392.0,1,2,Bot,,,,,,,6.278588561908626,-118.4145881471808,-0.7676203408220683,2.5946446282603177,24.416528752586867,-38.05123053607686,3.346382874,1.68882874,,,,81.4,2526.0,6.5,823280,543510,656976,606466,571448,672695,596146,694374,682998,54.03,,,,,,,,19,1,Knuckle Curve,4,1,4,1,1,4,4,1,Standard,Standard,50.0,-0.002,-0.037,9.5,1.9,,,0.037,88.0,3,3,0.822,0.822,30,27,31,27,2,1,6,1,64.0,1,4.09,-0.42,-0.42,46.0,-41.30652959502936,-148.7472187387754,68.85089016887783,45.58487359780368,44.85534788911452
SI,2026-07-07,94.8,-1.73,6.56,"Tatis Jr., Fernando",665487,656464,field_out,hit_into_play,,,,,11.0,"Fernando Tatis Jr. grounds out softly, pitcher Kevin Ginkel to first baseman Pavin Smith.",R,R,R,SD,AZ,X,1.0,ground_ball,0,0,2026,-1.27,1.06,-1.3221645500519,2.856403451014754,,,,1,7,Bot,127.48,190.64,,,,,3.986820317702844,-137.94201900343066,-6.274269846856602,-17.126276684162136,30.094714665329576,-17.432093674798015,3.346382874,1.68882874,1.0,53.9,-77.0,95.9,2207.0,6.9,823280,543510,656976,606466,571448,672695,666971,694374,682998,53.61,0.18,0.162,0.0,1.0,0.0,0.0,1.0,55,1,Sinker,4,1,4,1,1,4,4,1,Standard,Standard,215.0,-0.005,-0.261,40.3,5.2,,0.183,0.261,88.0,3,3,0.936,0.936,32,27,32,27,1,3,2,1,2.0,1,1.47,1.27,1.27,43.2,-7.498564015806392,34.48011449386796,31.801447731076436,23.6755261795002,18.369660807821063
FF,2026-07-07,93.0,-2.54,6.2,"Tatis Jr., Fernando",665487,668678,double,hit_into_play,,,,,8.0,Fernando Tatis Jr. doubles (19) on a sharp line drive to right fielder Corbin Carroll.,R,R,R,SD,AZ,X,9.0,line_drive,0,0,2026,-0.4,1.4,-0.057282736502382,2.0496676356103647,,,,0,1,Bot,172.86,74.34,,,,,7.208445148702719,-135.16764782566193,-7.78124277242766,-6.4537759144405085,28.76034478952337,-13.5170733664425,3.346382874,1.68882874,330.0,110.9,17.0,93.5,2325.0,6.6,823280,543510,656976,606466,571448,672695,596146,694374,682998,53.93,0.7,0.864,1.25,1.0,1.0,1.0,6.0,7,1,4-Seam Fastball,0,1,0,1,1,0,0,1,Standard,Standard,200.0,0.062,0.713,,,,1.393,-0.713,110.9,-1,-1,0.448,0.448,30,27,31,27,1,0,6,1,64.0,1,1.24,0.4,0.4,49.5,,,,,
ST,2026-07-06,86.4,-1.8,5.36,"Tatis Jr., Fernando",665487,694297,strikeout,swinging_strike,,,,,14.0,Fernando Tatis Jr. strikes out swinging.,R,R,R,SD,AZ,S,2.0,,0,2,2026,0.24,0.59,1.4404571360430272,1.955745006797176,,,,2,5,Bot,,,,,,,7.175381283279888,-125.70836240957112,-2.9415895619653702,1.13347046370837,24.88385131318673,-25.482756694204692,3.346382874,1.68882874,,,,87.1,2817.0,6.7,823282,672515,545121,606466,571448,672695,596146,694371,682998,53.83,,0.0,0.0,1.0,0.0,0.0,,43,3,Sweeper,0,7,0,7,7,0,0,7,Standard,Standard,90.0,-0.001,-0.155,74.3,8.3,3.75026532,,0.155,,-7,-7,0.016,0.016,27,27,28,27,3,2,6,1,5.0,1,2.45,-0.24,-0.24,27.2,11.547699274898244,-22.9960384096604,23.46809407637816,51.940325329980105,46.84772930829807
SI,2026-07-06,92.7,-1.7,5.52,"Tatis Jr., Fernando",665487,694297,,foul,,,,,7.0,,R,R,R,SD,AZ,S,,,0,1,2026,-1.35,0.59,-0.3703730651486567,1.6195686535647824,,,,2,5,Bot,,,,,,,6.4250791825827225,-134.9272369148701,-5.3836270372639765,-17.87374197710307,26.0016796313059,-23.99580511377301,3.346382874,1.68882874,42.0,26.7,41.0,94.2,2303.0,6.9,823282,672515,545121,606466,571448,672695,596146,694371,682998,53.6,,,,,,,,43,2,Sinker,0,7,0,7,7,0,0,7,Standard,Standard,228.0,-0.001,-0.062,,,,,0.062,88.0,-7,-7,0.017,0.017,27,27,28,27,3,2,6,1,5.0,1,2.03,1.35,1.35,32.6,,,,,
FC,2026-07-06,90.3,-1.84,5.55,"Tatis Jr., Fernando",665487,694297,,foul,,,,,6.0,,R,R,R,SD,AZ,S,,,0,0,2026,0.12,0.86,0.7205398441690242,2.4752518214435777,,,,2,5,Bot,,,,,,,6.096795730884995,-131.5630687867497,-3.483299471959374,0.2099921003058756,24.637805023739325,-21.62764180176558,3.346382874,1.68882874,317.0,94.1,23.0,91.7,2756.0,6.8,823282,672515,545121,606466,571448,672695,596146,694371,682998,53.7,,,,,,,,43,1,Cutter,0,7,0,7,7,0,0,7,Standard,Standard,191.0,0.0,-0.045,74.3,6.7,,,0.045,94.1,-7,-7,0.017,0.017,27,27,28,27,3,2,6,1,5.0,1,1.9,-0.12,-0.12,32.5,-4.0220426913623015,22.27509434827077,28.226131038836275,46.045177014047525,19.687763045281393
FF,2026-07-06,93.7,-1.83,5.47,"Tatis Jr., Fernando",665487,694297,field_out,hit_into_play,,,,,5.0,Fernando Tatis Jr. flies out sharply to center fielder Tommy Troy.,R,R,R,SD,AZ,X,8.0,fly_ball,1,1,2026,-0.72,1.36,0.1059348448005674,2.358238356345799,,,,1,3,Bot,155.56,72.06,,,,,6.623059513177042,-136.30238603934808,-5.1625943701221235,-10.518001100894542,31.044668222873828,-14.307335221081216,3.346382874,1.68882874,323.0,101.7,45.0,94.4,2541.0,6.8,823282,672515,545121,606466,571448,672695,596146,694371,682998,53.7,0.043,0.07,0.0,1.0,0.0,0.0,3.0,27,3,4-Seam Fastball,0,6,0,6,6,0,0,6,Standard,Standard,225.0,-0.008,-0.252,87.8,7.8,,0.127,0.252,101.7,-6,-6,0.061,0.061,27,27,28,27,2,1,6,1,5.0,1,1.25,0.72,0.72,27.4,-2.2079736546870223,2.0940612269855654,34.89083139563741,39.507753865363185,33.300572073124876
SI,2026-07-06,93.9,-1.8,5.44,"Tatis Jr., Fernando",665487,694297,,ball,,,,,14.0,,R,R,R,SD,AZ,B,,,0,1,2026,-1.53,0.87,0.801067884523539,0.953743216092827,,,,1,3,Bot,,,,,,,10.138773282121084,-136.18283740668582,-7.577073929773951,-21.300232299855388,32.0501685412641,-19.78079736607365,3.346382874,1.68882874,,,,94.1,2379.0,6.8,823282,672515,545121,606466,571448,672695,596146,694371,682998,53.74,,,,,,,,27,2,Sinker,0,6,0,6,6,0,0,6,Standard,Standard,224.0,0.001,0.032,,,,,-0.032,,-6,-6,0.06,0.06,27,27,28,27,2,1,6,1,5.0,1,1.75,1.53,1.53,26.2,,,,,
FF,2026-07-06,93.1,-1.85,5.47,"Tatis Jr., Fernando",665487,694297,,called_strike,,,,,5.0,,R,R,R,SD,AZ,S,,,0,0,2026,-0.81,1.24,0.2080759682241101,2.2550233311754613,,,,1,3,Bot,,,,,,,7.092046965088396,-135.44485164781182,-5.107147147794746,-11.553615366118557,29.28928029021928,-15.944617635841611,3.346382874,1.68882874,,,,94.1,2503.0,6.8,823282,672515,545121,606466,571448,672695,596146,694371,682998,53.66,,,,,,,,27,1,4-Seam Fastball,0,6,0,6,6,0,0,6,Standard,Standard,219.0,-0.001,-0.041,,,,,0.041,,-6,-6,0.061,0.061,27,27,28,27,2,1,6,1,5.0,1,1.39,0.81,0.81,30.1,,,,,
SI,2026-07-06,91.8,-1.93,5.54,"Tatis Jr., Fernando",665487,694297,field_out,hit_into_play,,,,,5.0,"Fernando Tatis Jr. grounds out, third baseman Nolan Arenado to first baseman Ildemaro Vargas.",R,R,R,SD,AZ,X,5.0,ground_ball,0,2,2026,-1.39,0.68,-0.2530066770726844,2.7208706278293233,,,,0,1,Bot,98.46,166.06,,,,,7.28924077158291,-133.51838657426094,-2.611058601924484,-18.182831604044512,27.8650910696292,-23.675533604017396,3.346382874,1.68882874,3.0,76.4,-44.0,92.5,2352.0,6.6,823282,672515,545121,606466,571448,672695,596146,694371,682998,53.86,0.183,0.172,0.0,1.0,0.0,0.0,2.0,8,3,Sinker,0,2,0,2,2,0,0,2,Standard,Standard,224.0,-0.014,-0.164,76.1,6.9,,0.189,0.164,88.0,-2,-2,0.343,0.343,27,27,28,27,1,0,6,1,5.0,1,2.02,1.39,1.39,26.3,-1.0227115551035335,1.14387966568965,25.383021319421736,35.234847530672155,30.745933723189744
FC,2026-07-06,89.6,-2.02,5.53,"Tatis Jr., Fernando",665487,694297,,called_strike,,,,,1.0,,R,R,R,SD,AZ,S,,,0,1,2026,-0.2,0.63,-0.4367816158210171,2.931868481997528,,,,0,1,Bot,,,,,,,4.309271338016794,-130.50765172518598,-1.5887738052370688,-3.2420701256948146,27.21093294481622,-24.89850863288484,3.346382874,1.68882874,,,,90.1,2672.0,6.5,823282,672515,545121,606466,571448,672695,596146,694371,682998,53.98,,,,,,,,8,2,Cutter,0,2,0,2,2,0,0,2,Standard,Standard,199.0,-0.006,-0.054,,,,,0.054,,-2,-2,0.349,0.349,27,27,28,27,1,0,6,1,5.0,1,2.21,0.2,0.2,27.1,,,,,
FF,2026-07-06,92.4,-1.87,5.57,"Tatis Jr., Fernando",665487,694297,,called_strike,,,,,9.0,,R,R,R,SD,AZ,S,,,0,0,2026,-0.76,1.41,0.5273699619009174,2.090938902630226,,,,0,1,Bot,,,,,,,7.7751943027361055,-134.366196194087,-6.01761382819922,-10.897628842105172,28.202834137859735,-13.940147704948345,3.346382874,1.68882874,,,,93.3,2500.0,6.8,823282,672515,545121,606466,571448,672695,596146,694371,682998,53.74,,,,,,,,8,1,4-Seam Fastball,0,2,0,2,2,0,0,2,Standard,Standard,221.0,-0.003,-0.041,,,,,0.041,,-2,-2,0.352,0.352,27,27,28,27,1,0,6,1,5.0,1,1.26,0.76,0.76,30.1,,,,,
SL,2026-07-05,86.4,-1.68,5.39,"Tatis Jr., Fernando",665487,686218,double,hit_into_play,,,,,1.0,Fernando Tatis Jr. doubles (18) on a line drive to right fielder Alex Call. Luis Campusano to 3rd.,R,R,R,LAD,SD,X,9.0,line_drive,3,2,2026,0.24,0.08,-0.3288180592299452,3.1051026059657634,,,669134.0,1,5,Top,194.83,123.87,,,,,2.6923148105828703,-125.90325503276568,0.7544078732503763,2.025851118201507,24.870750890490555,-31.653116812835957,3.346382874,1.68882874,172.0,77.0,12.0,87.2,2221.0,6.6,823931,672613,518692,690976,500743,605141,606192,681624,669743,53.87,0.386,0.347,1.25,1.0,1.0,1.0,4.0,32,6,Slider,0,1,1,0,1,0,1,0,Standard,Standard,139.0,-0.084,0.747,64.3,6.0,,0.388,-0.747,88.0,-1,1,0.354,0.646,26,27,27,27,3,2,7,1,7.0,1,2.96,-0.24,-0.24,29.4,-4.327527282948667,22.728021166768713,24.675093588066037,33.98668608233706,22.334163142507073
FF,2026-07-05,95.0,-1.44,5.51,"Tatis Jr., Fernando",665487,686218,,ball,,,,,12.0,,R,R,R,LAD,SD,B,,,2,2,2026,-0.6,1.28,0.2318403239537981,4.2022147786135156,,,669134.0,1,5,Top,,,,,,,5.737527182817935,-138.44474967786203,-0.6285496165643549,-8.855332850912736,26.774261729430226,-15.636096249514122,3.346382874,1.68882874,,,,96.7,2311.0,6.9,823931,672613,518692,690976,500743,605141,606192,681624,669743,53.65,,,,,,,,32,5,4-Seam Fastball,0,1,1,0,1,0,1,0,Standard,Standard,206.0,-0.011,0.072,,,,,-0.072,,-1,1,0.365,0.635,26,27,27,27,3,2,7,1,7.0,1,1.21,0.6,0.6,36.2,,,,,
FF,2026-07-05,93.3,-1.58,5.47,"Tatis Jr., Fernando",665487,686218,,foul,,,,,2.0,,R,R,R,LAD,SD,S,,,2,1,2026,-0.6,1.49,-0.0643420725645271,3.3294577346864536,,,669134.0,1,5,Top,,,,,,,5.25091845611674,-135.96634725770562,-3.015499027508542,-8.54049557879912,25.816725934655313,-13.150539495098926,3.346382874,1.68882874,226.0,77.5,44.0,94.8,2376.0,6.8,823931,672613,518692,690976,500743,605141,606192,681624,669743,53.72,,,,,,,,32,4,4-Seam Fastball,0,1,1,0,1,0,1,0,Standard,Standard,207.0,0.009,-0.079,78.7,6.8,,,0.079,88.0,-1,1,0.356,0.644,26,27,27,27,3,2,7,1,7.0,1,1.1,0.6,0.6,34.3,6.230716652046677,1.554333298844092,23.877091099558424,36.86524958312242,30.942088655464257
SL,2026-07-05,86.2,-1.62,5.34,"Tatis Jr., Fernando",665487,686218,,foul,,,,,6.0,,R,R,R,LAD,SD,S,,,2,0,2026,-0.14,0.18,0.4647914875156204,2.4534516075966515,,,669134.0,1,5,Top,,,,,,,5.209575564664864,-125.6099172843294,-0.8751740736458277,-2.4501550357945994,23.45855063920223,-30.280803224388514,3.346382874,1.68882874,6.0,75.5,-23.0,87.1,2299.0,6.6,823931,672613,518692,690976,500743,605141,606192,681624,669743,53.91,,,,,,,,32,3,Slider,0,1,1,0,1,0,1,0,Standard,Standard,181.0,0.008,-0.048,84.3,8.0,,,0.048,88.0,-1,1,0.348,0.652,26,27,27,27,3,2,7,1,7.0,1,2.86,0.14,0.14,31.0,15.600015779392306,-12.818201350135595,22.602435990038057,43.90057127374619,43.30508165631083
FF,2026-07-05,94.7,-1.51,5.47,"Tatis Jr., Fernando",665487,686218,,ball,,,,,14.0,,R,R,R,LAD,SD,B,,,1,0,2026,-0.77,1.63,0.9770432658297652,2.3612100302467,,,669134.0,1,5,Top,,,,,,,8.210720098307359,-137.67198002842147,-6.01169688833501,-11.519552828754504,27.66942800932659,-10.272739214398676,3.346382874,1.68882874,,,,95.8,2350.0,6.8,823931,672613,518692,690976,500743,605141,606192,681624,669743,53.74,,,,,,,,32,2,4-Seam Fastball,0,1,1,0,1,0,1,0,Standard,Standard,206.0,-0.008,0.066,,,,,-0.066,,-1,1,0.356,0.644,26,27,27,27,3,2,7,1,7.0,1,0.9,0.77,0.77,36.0,,,,,
CH,2026-07-05,87.2,-1.56,5.43,"Tatis Jr., Fernando",665487,686218,,ball,,,,,14.0,,R,R,R,LAD,SD,B,,,0,0,2026,-1.36,0.12,0.5774079119831412,0.738678229506645,,,669134.0,1,5,Top,,,,,,,7.983519743066223,-126.73479201877566,-5.196480505797642,-16.27065808216261,23.12933330852457,-30.088990508723175,3.346382874,1.68882874,,,,88.2,1356.0,6.7,823931,672613,518692,690976,500743,605141,606192,681624,669743,53.77,,,,,,,,32,1,Changeup,0,1,1,0,1,0,1,0,Standard,Standard,259.0,-0.004,0.034,,,,,-0.034,,-1,1,0.36,0.64,26,27,27,27,3,2,7,1,7.0,1,2.86,1.36,1.36,31.4,,,,,
FF,2026-07-05,95.9,-1.47,5.57,"Tatis Jr., Fernando",665487,686218,field_out,hit_into_play,,,,,12.0,Fernando Tatis Jr. flies out to right fielder Alex Call.,R,R,R,LAD,SD,X,9.0,fly_ball,1,2,2026,-0.53,1.49,0.7865902016662294,3.5612732445452657,,,669134.0,2,3,Top,163.94,120.84,,,,,7.178244121222713,-139.48939945782516,-3.0232044783463237,-8.538115218784695,29.60346446982421,-12.199850295879031,3.346382874,1.68882874,201.0,96.4,62.0,96.9,2360.0,6.8,823931,672613,518692,690976,500743,605141,606192,681624,669743,53.72,0.02,0.022,0.0,1.0,0.0,0.0,3.0,17,5,4-Seam Fastball,0,0,0,0,0,0,0,0,Standard,Standard,206.0,0.018,-0.194,76.8,7.7,,0.029,0.194,96.4,0,0,0.537,0.463,26,27,27,27,2,1,7,1,7.0,1,0.98,0.53,0.53,34.8,12.05833825367344,1.1905980426747207,18.829772114907588,47.67964947615104,26.995310303778368
CH,2026-07-05,87.4,-1.34,5.5,"Tatis Jr., Fernando",665487,686218,,blocked_ball,,,,,14.0,,R,R,R,LAD,SD,B,,,0,2,2026,-1.13,-0.28,0.7068862014482324,0.2786762324830305,,,669134.0,2,3,Top,,,,,,,7.265902186619129,-127.16398081275756,-5.6588137905648335,-13.67877021571247,23.565063877714564,-34.34315905090484,3.346382874,1.68882874,,,,88.1,1017.0,6.5,823931,672613,518692,690976,500743,605141,606192,681624,669743,53.99,,,,,,,,17,4,Changeup,0,0,0,0,0,0,0,0,Standard,Standard,264.0,-0.003,0.021,,,,,-0.021,,0,0,0.54,0.46,26,27,27,27,2,1,7,1,7.0,1,3.24,1.13,1.13,33.2,,,,,
CU,2026-07-05,79.8,-1.41,5.41,"Tatis Jr., Fernando",665487,686218,,foul,,,,,8.0,,R,R,R,LAD,SD,S,,,0,2,2026,0.71,-1.04,-0.037926543177516,1.6475119895150998,,,669134.0,2,3,Top,,,,,,,1.642657633092521,-116.19321736789858,0.659304116083242,6.095426561379307,21.393911511389764,-41.939049167048466,3.346382874,1.68882874,1.0,74.4,-53.0,80.3,2600.0,6.6,823931,672613,518692,690976,500743,605141,606192,681624,669743,53.94,,,,,,,,17,3,Curveball,0,0,0,0,0,0,0,0,Strategic,Standard,43.0,0.0,0.0,79.3,8.1,,,0.0,88.0,0,0,0.54,0.46,26,27,27,27,2,1,7,1,7.0,1,4.61,-0.71,-0.71,31.7,16.017079649662524,-32.28875087812951,32.874294602864545,35.88794222024778,51.431894020462025
FF,2026-07-05,95.6,-1.27,5.58,"Tatis Jr., Fernando",665487,686218,,foul,,,,,11.0,,R,R,R,LAD,SD,S,,,0,1,2026,-0.66,1.64,-0.1339077386795175,3.6813605437388137,,,669134.0,2,3,Top,,,,,,,4.498017009489601,-139.15191842994133,-3.0050134208808648,-9.559739806752129,30.723399990614368,-10.415304417594491,3.346382874,1.68882874,234.0,81.0,54.0,96.3,2420.0,6.6,823931,672613,518692,690976,500743,605141,606192,681624,669743,53.87,,,,,,,,17,2,4-Seam Fastball,0,0,0,0,0,0,0,0,Standard,Standard,204.0,0.006,-0.061,66.5,5.9,,,0.061,88.0,0,0,0.534,0.466,26,27,27,27,2,1,7,1,7.0,1,0.85,0.66,0.66,37.1,-2.057729465243992,22.421042503197537,19.961480010791306,37.19412442143519,16.751859504933087
SL,2026-07-05,87.6,-1.61,5.34,"Tatis Jr., Fernando",665487,686218,,swinging_strike,,,,,14.0,,R,R,R,LAD,SD,S,,,0,0,2026,0.22,0.2,1.1768204577773205,1.8734353158736632,,,669134.0,2,3,Top,,,,,,,6.192287366882701,-127.48249192007376,-2.46657260712529,1.2180965939780457,25.27529886913882,-29.691374220473147,3.346382874,1.68882874,,,,88.0,2283.0,6.5,823931,672613,518692,690976,500743,605141,606192,681624,669743,54.02,,,,,,,,17,1,Slider,0,0,0,0,0,0,0,0,Standard,Standard,143.0,0.004,-0.041,77.5,8.4,7.784177304,,0.041,,0,0,0.53,0.47,26,27,27,27,2,1,7,1,7.0,1,2.76,-0.22,-0.22,28.3,18.4268494400527,-20.33982609490891,28.71248216387489,51.003476080060835,46.95758194288683
FC,2026-07-05,88.9,-2.25,5.38,"Tatis Jr., Fernando",665487,801434,single,hit_into_play,,,,,5.0,Fernando Tatis Jr. singles on a ground ball to left fielder Teoscar Hernández.,R,R,R,LAD,SD,X,7.0,ground_ball,1,0,2026,-0.02,0.95,0.0492668411378854,2.240107377839573,,,,0,9,Top,69.54,121.47,,,,,5.74871573692021,-129.3950484524705,-3.609537790682459,-1.3411203787835166,24.12301182648805,-20.89368271131702,3.346382874,1.68882874,119.0,98.1,7.0,91.6,2286.0,7.7,823931,687221,518692,690976,571970,605141,606192,681624,663656,52.84,0.594,0.547,0.9,1.0,1.0,0.0,4.0,70,2,Cutter,2,5,5,2,5,2,5,2,Infield shade,Standard,208.0,-0.005,0.402,83.3,7.7,,0.662,-0.402,98.1,-3,3,0.034,0.966,26,27,26,27,1,4,3,1,,1,1.91,0.02,0.02,23.3,11.627669125784768,-11.929052038460744,27.37329912331617,38.29654882693358,41.470797951096344
SL,2026-07-05,83.8,-2.34,5.51,"Tatis Jr., Fernando",665487,801434,,ball,,,,,14.0,,R,R,R,LAD,SD,B,,,0,0,2026,0.33,-0.13,1.5720735154225534,2.1117508475027087,,,,0,9,Top,,,,,,,8.450016708813243,-121.88176809922044,-0.9905385413066904,1.6787822808008626,22.96220156658471,-33.46962528604459,3.346382874,1.68882874,,,,85.8,2433.0,7.5,823931,687221,518692,690976,571970,605141,606192,681624,663656,52.99,,,,,,,,70,1,Slider,2,5,5,2,5,2,5,2,Infield shade,Standard,72.0,0.0,0.042,,,,,-0.042,,-3,3,0.034,0.966,26,27,26,27,1,4,3,1,,1,3.37,-0.33,-0.33,27.2,,,,,
SL,2026-07-05,88.0,-1.17,5.78,"Tatis Jr., Fernando",665487,669165,single,hit_into_play,,,,,9.0,"Dodgers challenged (play at 1st), call on the field was upheld: Fernando Tatis Jr. singles on a soft ground ball to third baseman Miguel Rojas. Sung-Mun Song scores. Luis Campusano to 2nd.",R,R,R,LAD,SD,X,5.0,ground_ball,0,0,2026,0.06,0.04,0.6462053172237128,1.7955082017300916,823550.0,,669134.0,0,7,Top,117.67,169.77,,,,,4.250662788307294,-128.22589447202571,-3.546369331895824,-0.0749443852815733,21.6743276685436,-31.285525615301665,3.346382874,1.68882874,1.0,57.9,-58.0,89.0,2277.0,6.4,823931,672613,518692,690976,500743,605141,606192,681624,669743,54.08,0.232,0.209,0.9,1.0,1.0,0.0,1.0,50,1,Slider,0,1,1,0,2,0,2,0,Standard,Standard,30.0,-0.052,0.449,78.5,7.3,,0.235,-0.449,88.0,-1,1,0.18,0.82,28,27,28,27,1,3,2,1,5.0,1,2.85,-0.06,-0.06,50.4,1.1711324737318392,10.2173801896433,27.92054774974176,46.25295232051661,28.50242769321127
SL,2026-07-05,87.0,-1.36,5.42,"Tatis Jr., Fernando",665487,686218,strikeout,swinging_strike,,,,,6.0,Fernando Tatis Jr. strikes out swinging.,R,R,R,LAD,SD,S,2.0,,1,2,2026,-0.04,0.17,0.5181820821256945,2.264482676524934,,,,0,1,Top,,,,,,,4.568440305210761,-126.73135846647808,-1.590730652229134,-1.3656696272045945,24.774602317754837,-30.20129660249219,3.346382874,1.68882874,,,,87.9,2365.0,6.7,823931,672613,518692,690976,500743,605141,606192,681624,669743,53.8,,0.0,0.0,1.0,0.0,0.0,,1,4,Slider,0,0,0,0,0,0,0,0,Standard,Standard,139.0,0.015,-0.187,83.0,8.4,4.88045592,,0.187,,0,0,0.507,0.493,26,27,27,27,1,0,7,1,7.0,1,2.82,0.04,0.04,31.4,17.41703520670287,-35.0766500127383,22.888126168892065,41.28660872535568,54.284636235441056
CH,2026-07-05,87.3,-1.37,5.56,"Tatis Jr., Fernando",665487,686218,,ball,,,,,13.0,,R,R,R,LAD,SD,B,,,0,2,2026,-1.47,0.18,-0.068991689237944,0.7613092629219467,,,,0,1,Top,,,,,,,6.193657364590382,-127.0062518600158,-5.600219385050968,-17.2066269665724,23.232260410692692,-29.365278388404256,3.346382874,1.68882874,,,,88.2,1241.0,6.6,823931,672613,518692,690976,500743,605141,606192,681624,669743,53.9,,,,,,,,1,3,Changeup,0,0,0,0,0,0,0,0,Infield shade,Standard,261.0,-0.002,0.022,,,,,-0.022,,0,0,0.509,0.491,26,27,27,27,1,0,7,1,7.0,1,2.79,1.47,1.47,34.1,,,,,
FF,2026-07-05,95.6,-1.29,5.58,"Tatis Jr., Fernando",665487,686218,,swinging_strike,,,,,11.0,,R,R,R,LAD,SD,S,,,0,1,2026,-0.97,1.53,-0.1794043563423756,3.8372816247205352,,,,0,1,Top,,,,,,,5.168492880789816,-139.21103422950017,-2.3788383009901306,-13.76702518597746,30.43851013172746,-11.889806366665944,3.346382874,1.68882874,,,,96.5,2556.0,6.7,823931,672613,518692,690976,500743,605141,606192,681624,669743,53.8,,,,,,,,1,2,4-Seam Fastball,0,0,0,0,0,0,0,0,Standard,Standard,210.0,0.006,-0.054,30.4,4.8,0.1,,0.054,,0,0,0.503,0.497,26,27,27,27,1,0,7,1,7.0,1,0.95,0.97,0.97,36.9,-3.794215078739778,50.00665309974441,23.878951382971685,35.50402493911588,1.8170006083975827
FF,2026-07-05,95.1,-1.28,5.68,"Tatis Jr., Fernando",665487,686218,,called_strike,,,,,1.0,,R,R,R,LAD,SD,S,,,0,0,2026,-0.87,1.64,-0.6764444754865491,3.2676759191604248,,,,0,1,Top,,,,,,,3.5676476580342547,-138.46111695855274,-4.291159779868766,-12.028032270647568,29.390374195330967,-10.243447129630503,3.346382874,1.68882874,,,,96.0,2524.0,6.6,823931,672613,518692,690976,500743,605141,606192,681624,669743,53.85,,,,,,,,1,1,4-Seam Fastball,0,0,0,0,0,0,0,0,Standard,Standard,205.0,0.003,-0.041,,,,,0.041,,0,0,0.5,0.5,26,27,27,27,1,0,7,1,7.0,1,0.86,0.87,0.87,40.7,,,,,
FS,2026-07-04,91.6,-2.04,5.43,"Tatis Jr., Fernando",665487,808967,field_out,hit_into_play,,,,,7.0,"Fernando Tatis Jr. grounds out, third baseman Max Muncy to first baseman Freddie Freeman.",R,R,R,LAD,SD,X,5.0,ground_ball,1,0,2026,-1.11,0.23,-0.7719684684627721,1.9590539897899104,,,,0,6,Top,104.23,168.69,,,,,5.608323235392607,-133.3690326416044,-3.283204009647639,-14.40345749620016,25.204791855631147,-28.955600555560952,3.346382874,1.68882874,4.0,66.2,-31.0,92.4,1696.0,6.5,823932,687221,518692,690976,571970,605141,606192,669242,663656,54.03,0.061,0.055,0.0,1.0,0.0,0.0,2.0,39,2,Split-Finger,1,0,0,1,0,1,0,1,Standard,Standard,232.0,0.042,-0.302,80.3,7.2,,0.067,0.302,88.0,1,-1,0.654,0.346,27,27,28,27,3,2,7,1,7.0,1,2.46,1.11,1.11,40.7,1.2105918982803936,-0.6825492594512361,30.939655356553843,28.14382180929376,32.777210248558
FS,2026-07-04,92.1,-2.01,5.38,"Tatis Jr., Fernando",665487,808967,,ball,,,,,13.0,,R,R,R,LAD,SD,B,,,0,0,2026,-1.2,0.14,-0.3392032164637151,0.9951786905114806,,,,0,6,Top,,,,,,,6.89008896831831,-134.0112627275043,-5.462362671094098,-15.90067689201932,25.7767172966916,-29.623340287550647,3.346382874,1.68882874,,,,93.3,1588.0,6.7,823932,687221,518692,690976,571970,605141,606192,669242,663656,53.75,,,,,,,,39,1,Split-Finger,1,0,0,1,0,1,0,1,Standard,Standard,234.0,-0.006,0.042,,,,,-0.042,,1,-1,0.66,0.34,27,27,28,27,3,2,7,1,7.0,1,2.53,1.2,1.2,39.4,,,,,
SI,2026-07-04,96.5,-1.95,5.46,"Tatis Jr., Fernando",665487,808967,field_out,hit_into_play,,,,,11.0,"Fernando Tatis Jr. grounds out, shortstop Mookie Betts to first baseman Freddie Freeman.",R,R,R,LAD,SD,X,6.0,ground_ball,0,1,2026,-1.13,0.92,-0.9297127678885808,2.8500635680566635,,,,1,3,Top,109.68,151.73,,,,,5.330156501665416,-140.61576796608318,-3.4320062703142513,-16.221828606414682,27.663367249601883,-19.291720804802654,3.346382874,1.68882874,13.0,80.8,-12.0,97.6,2296.0,6.6,823932,687221,518692,690976,571970,605141,606192,669242,663656,53.94,0.119,0.115,0.0,1.0,0.0,0.0,2.0,17,2,Sinker,0,0,0,0,0,0,0,0,Standard,Standard,210.0,0.015,-0.22,71.7,6.2,,0.134,0.22,88.0,0,0,0.528,0.472,27,27,28,27,2,1,7,1,7.0,1,1.49,1.13,1.13,44.1,-1.57823633501615,12.48323050828754,27.80875409333153,27.35821711857239,24.0724942701423
FF,2026-07-04,96.2,-1.98,5.43,"Tatis Jr., Fernando",665487,808967,,foul,,,,,3.0,,R,R,R,LAD,SD,S,,,0,0,2026,-0.65,1.43,0.6358567328749617,3.144508217806122,,,,1,3,Top,,,,,,,8.412842626098534,-139.90123678666808,-3.670500296321395,-10.344842624764189,28.543913922532933,-12.616905054173069,3.346382874,1.68882874,284.0,86.6,37.0,97.3,2234.0,6.7,823932,687221,518692,690976,571970,605141,606192,669242,663656,53.75,,,,,,,,17,1,4-Seam Fastball,0,0,0,0,0,0,0,0,Standard,Standard,216.0,0.003,-0.041,69.9,6.4,,,0.041,88.0,0,0,0.525,0.475,27,27,28,27,2,1,7,1,7.0,1,1.01,0.65,0.65,39.3,-8.684106020468123,35.798193462938755,24.160580955799304,45.25249717116478,8.475964280903987
FF,2026-07-04,96.5,-1.93,5.16,"Tatis Jr., Fernando",665487,592779,double,hit_into_play,,,,,4.0,Fernando Tatis Jr. doubles (17) on a sharp ground ball to left fielder Teoscar Hernández.,R,R,R,LAD,SD,X,7.0,ground_ball,2,2,2026,-0.77,1.15,-0.5646683712016671,2.371510890270488,,,,2,8,Top,96.96,81.47,,,,,5.378915607150128,-140.52436705151783,-4.347929389580109,-11.440142907280345,30.102653112606703,-16.171426975811634,3.346382874,1.68882874,80.0,104.7,4.0,96.7,2642.0,6.2,823932,687221,518692,690976,571970,605141,606192,669242,663656,54.27,0.571,0.529,1.25,1.0,1.0,1.0,4.0,55,5,4-Seam Fastball,2,0,0,2,0,2,0,2,Standard,Standard,230.0,-0.033,0.606,75.6,7.0,,0.638,-0.606,104.7,2,-2,0.927,0.073,34,27,35,27,1,3,2,1,2.0,1,1.29,0.77,0.77,16.4,2.612496626219352,0.9938479579268592,35.72388457971405,32.04342237207089,27.041138916897705
ST,2026-07-04,85.3,-1.76,5.18,"Tatis Jr., Fernando",665487,592779,,ball,,,,,14.0,,R,R,R,LAD,SD,B,,,1,2,2026,1.53,0.03,1.4500294500809194,1.1055347677829603,,,,2,8,Top,,,,,,,4.318930823194649,-124.2793612444093,-3.1177355556533923,14.999515789286324,24.708398552514257,-31.48556419369503,3.346382874,1.68882874,,,,85.4,2586.0,6.3,823932,687221,518692,690976,571970,605141,606192,669242,663656,54.22,,,,,,,,55,4,Sweeper,2,0,0,2,0,2,0,2,Standard,Standard,63.0,-0.002,0.041,,,,,-0.041,,2,-2,0.929,0.071,34,27,35,27,1,3,2,1,2.0,1,3.1,-1.53,-1.53,20.4,,,,,
FF,2026-07-04,96.9,-1.93,5.17,"Tatis Jr., Fernando",665487,592779,,called_strike,,,,,8.0,,R,R,R,LAD,SD,S,,,1,1,2026,-0.84,1.23,-0.0874527023712548,2.0329713834504313,,,,2,8,Top,,,,,,,6.806355850099506,-140.97002424133862,-5.53902301177391,-12.644626311669253,29.639750711945585,-14.63344230972766,3.346382874,1.68882874,,,,97.4,2649.0,6.4,823932,687221,518692,690976,571970,605141,606192,669242,663656,54.06,,,,,,,,55,3,4-Seam Fastball,2,0,0,2,0,2,0,2,Standard,Standard,231.0,0.003,-0.064,,,,,0.064,,2,-2,0.926,0.074,34,27,35,27,1,3,2,1,2.0,1,1.18,0.84,0.84,16.1,,,,,
SI,2026-07-04,95.2,-1.84,5.09,"Tatis Jr., Fernando",665487,592779,,ball,,,,,8.0,,R,R,R,LAD,SD,B,,,0,1,2026,-1.2,0.24,-0.1177093001118432,1.629504545033894,,,,2,8,Top,,,,,,,7.221081473610992,-138.4854016660743,-3.820969442932928,-17.058481072383913,28.522850542533284,-28.44612509022278,3.346382874,1.68882874,,,,95.7,2284.0,6.4,823932,687221,518692,690976,571970,605141,606192,669242,663656,54.05,,,,,,,,55,2,Sinker,2,0,0,2,0,2,0,2,Standard,Standard,235.0,-0.001,0.03,,,,,-0.03,,2,-2,0.927,0.073,34,27,35,27,1,3,2,1,2.0,1,2.26,1.2,1.2,16.3,,,,,
ST,2026-07-04,84.5,-1.83,5.22,"Tatis Jr., Fernando",665487,592779,,called_strike,,,,,3.0,,R,R,R,LAD,SD,S,,,0,0,2026,1.18,0.33,0.3023868712521378,3.1000098230842776,,,,2,8,Top,,,,,,,2.50164141636069,-123.15574392405188,0.894709556802635,11.56203846112885,24.144501724959987,-29.22025848959027,3.346382874,1.68882874,,,,84.6,2503.0,6.2,823932,687221,518692,690976,571970,605141,606192,669242,663656,54.27,,,,,,,,55,1,Sweeper,2,0,0,2,0,2,0,2,Standard,Standard,64.0,0.002,-0.045,,,,,0.045,,2,-2,0.925,0.075,34,27,35,27,1,3,2,1,2.0,1,2.85,-1.18,-1.18,21.9,,,,,
CU,2026-07-04,79.5,-1.69,5.75,"Tatis Jr., Fernando",665487,808967,single,hit_into_play,,,,,8.0,Fernando Tatis Jr. singles on a sharp ground ball to left fielder Teoscar Hernández.,R,R,R,LAD,SD,X,7.0,ground_ball,0,0,2026,0.76,-1.29,-0.1585279965372947,1.94611392674842,,,,0,1,Top,80.99,133.26,,,,,1.865540821848167,-115.67552976028978,1.174581481814472,6.446508611860385,22.79072456420406,-44.20239424214768,3.346382874,1.68882874,53.0,110.1,0.0,79.6,2686.0,6.5,823932,687221,518692,690976,571970,605141,606192,669242,663656,53.98,0.534,0.485,0.9,1.0,1.0,0.0,4.0,1,1,Curveball,0,0,0,0,0,0,0,0,Standard,Standard,36.0,-0.036,0.445,81.4,7.2,,0.565,-0.445,110.1,0,0,0.5,0.5,27,27,28,27,1,0,7,1,7.0,1,4.92,-0.76,-0.76,49.5,5.92530089866626,-6.571281624070539,34.289210810242245,35.813226050633396,38.15298605302099
FF,2026-07-03,98.8,-1.9,5.61,"Tatis Jr., Fernando",665487,660271,strikeout,swinging_strike,,,,,12.0,Fernando Tatis Jr. strikes out swinging.,R,R,R,LAD,SD,S,2.0,,0,2,2026,-0.23,1.15,0.2483122687258583,4.000680637487921,,,660710.0,1,5,Top,,,,,,,6.369613096635422,-143.85982146504725,-1.5736659432512097,-4.523139145856717,30.89254984539889,-15.91725721203159,3.346382874,1.68882874,,,,99.9,2448.0,6.7,823933,687221,518692,690976,571970,605141,606192,681624,663656,53.82,,0.0,0.0,1.0,0.0,0.0,,32,3,4-Seam Fastball,0,2,2,0,2,0,2,0,Standard,Standard,214.0,0.014,-0.161,72.4,6.0,2.012751312,,0.161,,-2,2,0.256,0.744,31,27,32,27,3,2,9,1,,1,1.16,0.23,0.23,34.1,2.7676636085708175,33.47662565469014,17.837585063124045,39.61109187376838,12.83649080942244
ST,2026-07-03,84.8,-2.19,5.5,"Tatis Jr., Fernando",665487,660271,,foul,,,,,5.0,,R,R,R,LAD,SD,S,,,0,1,2026,1.3,0.11,-0.2093534391138478,2.543946558834125,,,660710.0,1,5,Top,,,,,,,1.925058175027616,-123.54956628220611,-0.6230240348052556,12.94013769425462,24.43030203617789,-31.12469531421909,3.346382874,1.68882874,124.0,70.7,68.0,85.0,2827.0,6.3,823933,687221,518692,690976,571970,605141,606192,681624,663656,54.17,,,,,,,,32,2,Sweeper,0,2,2,0,2,0,2,0,Standard,Standard,64.0,0.006,-0.058,76.0,7.1,,,0.058,88.0,-2,2,0.25,0.75,31,27,32,27,3,2,9,1,,1,3.05,-1.3,-1.3,30.2,2.1576911740932583,-6.162252982631936,31.28823220169254,34.046176587787684,31.03975115065839
SI,2026-07-03,96.7,-2.13,5.47,"Tatis Jr., Fernando",665487,660271,,foul,,,,,6.0,,R,R,R,LAD,SD,S,,,0,0,2026,-0.62,0.36,0.7125658270707074,2.614574581787039,,,660710.0,1,5,Top,,,,,,,9.001519781787128,-140.66351713784627,-2.7621500505947245,-10.128133319613418,27.92532357679523,-26.975022296839512,3.346382874,1.68882874,270.0,90.3,45.0,98.0,2141.0,6.7,823933,687221,518692,690976,571970,605141,606192,681624,663656,53.75,,,,,,,,32,1,Sinker,0,2,2,0,2,0,2,0,Standard,Standard,219.0,0.003,-0.037,78.3,7.4,,,0.037,90.3,-2,2,0.247,0.753,31,27,32,27,3,2,9,1,,1,2.06,0.62,0.62,31.7,4.000833574511008,10.055460590977786,26.415996203432883,45.729689615153085,23.180500248480776
ST,2026-07-03,87.2,-2.19,5.4,"Tatis Jr., Fernando",665487,660271,strikeout,swinging_strike,,,,,14.0,Fernando Tatis Jr. strikes out swinging.,R,R,R,LAD,SD,S,2.0,,1,2,2026,1.55,0.1,0.9907740878620754,1.815346917165623,,,,0,3,Top,,,,,,,4.3323959082899,-126.9469619308306,-2.456142440526746,15.824742210441167,26.368429462323803,-30.794609403284685,3.346382874,1.68882874,,,,87.6,2894.0,6.6,823933,687221,518692,690976,571970,605141,606192,681624,663656,53.93,,0.0,0.0,1.0,0.0,0.0,,16,4,Sweeper,0,1,1,0,1,0,1,0,Standard,Standard,62.0,0.015,-0.187,69.2,8.2,0.982716096,,0.187,,-1,1,0.395,0.605,31,27,32,27,2,1,9,1,,1,2.9,-1.55,-1.55,25.8,15.90349668111998,-13.278838966421985,27.44342164466903,46.15643664792462,41.707152883341664
ST,2026-07-03,86.7,-2.18,5.47,"Tatis Jr., Fernando",665487,660271,,foul,,,,,14.0,,R,R,R,LAD,SD,S,,,1,1,2026,1.62,0.55,1.1864643541375022,2.2784347577866804,,,,0,3,Top,,,,,,,4.589198494852279,-126.27489494671096,-2.396890255847022,16.481691191796486,24.983469896960017,-25.995228633901707,3.346382874,1.68882874,6.0,53.6,-21.0,87.3,2856.0,6.5,823933,687221,518692,690976,571970,605141,606192,681624,663656,53.97,,,,,,,,16,3,Sweeper,0,1,1,0,1,0,1,0,Standard,Standard,70.0,0.006,-0.06,69.5,7.9,,,0.06,88.0,-1,1,0.389,0.611,31,27,32,27,2,1,9,1,,1,2.47,-1.62,-1.62,31.8,16.713079277590662,-10.901442520300836,26.12912185583062,48.99672886782413,44.00267613961767
ST,2026-07-03,85.1,-2.34,5.52,"Tatis Jr., Fernando",665487,660271,,called_strike,,,,,5.0,,R,R,R,LAD,SD,S,,,1,0,2026,1.16,0.4,-0.2649524292510752,2.5027070174831443,,,,0,3,Top,,,,,,,2.4416316673401166,-124.07872422659548,-1.4903770334468964,11.723758157506234,21.56862303079186,-27.91828068200614,3.346382874,1.68882874,,,,85.9,2721.0,6.4,823933,687221,518692,690976,571970,605141,606192,681624,663656,54.12,,,,,,,,16,2,Sweeper,0,1,1,0,1,0,1,0,Standard,Standard,76.0,0.004,-0.055,,,,,0.055,,-1,1,0.385,0.615,31,27,32,27,2,1,9,1,,1,2.7,-1.16,-1.16,30.0,,,,,
ST,2026-07-03,85.2,-2.2,5.53,"Tatis Jr., Fernando",665487,660271,,ball,,,,,14.0,,R,R,R,LAD,SD,B,,,0,0,2026,1.24,0.73,1.3562407984081328,2.0257162012081698,,,,0,3,Top,,,,,,,5.7274042321939564,-124.0078740920382,-3.267436352523473,11.851961020474365,22.7743253451831,-24.172499636113148,3.346382874,1.68882874,,,,85.8,2663.0,6.5,823933,687221,518692,690976,571970,605141,606192,681624,663656,54.03,,,,,,,,16,1,Sweeper,0,1,1,0,1,0,1,0,Standard,Standard,71.0,-0.003,0.042,,,,,-0.042,,-1,1,0.388,0.612,31,27,32,27,2,1,9,1,,1,2.39,-1.24,-1.24,30.3,,,,,
SL,2026-07-03,87.0,2.5,4.95,"Tatis Jr., Fernando",665487,656945,strikeout,called_strike,,,,,5.0,Fernando Tatis Jr. called out on strikes.,R,R,L,LAD,SD,S,2.0,,3,2,2026,-0.82,-0.07,0.205986873460032,2.502279775951866,,,,2,9,Top,,,,,,,-3.718165131531277,-126.77041928176506,0.5382453402838321,-8.31051283121485,22.69281965682009,-33.24062621391247,3.346382874,1.68882874,,,,87.4,2662.0,6.2,823933,687221,518692,669242,571970,605141,606192,681624,663656,54.33,,0.0,0.0,1.0,0.0,0.0,,71,6,Slider,4,3,3,4,3,4,3,4,Standard,Standard,264.0,0.043,-0.306,,,,,0.306,,1,-1,0.957,0.043,31,27,32,27,1,4,1,1,3.0,1,3.04,-0.82,0.82,31.7,,,,,
SL,2026-07-03,90.1,2.56,5.03,"Tatis Jr., Fernando",665487,656945,,swinging_strike,,,,,4.0,,R,R,L,LAD,SD,S,,,3,1,2026,-0.47,0.15,-0.4081689600631706,2.2751867790409226,,,,2,9,Top,,,,,,,-6.256885164943986,-131.3038971248617,-1.1285272836563445,-4.445755411059379,23.201935860232663,-30.419314847230737,3.346382874,1.68882874,,,,90.7,2649.0,6.2,823933,687221,518692,669242,571970,605141,606192,681624,663656,54.31,,,,,,,,71,5,Slider,4,3,3,4,3,4,3,4,Standard,Standard,243.0,0.011,-0.097,82.3,8.3,1.308034044,,0.097,,1,-1,0.946,0.054,31,27,32,27,1,4,1,1,3.0,1,2.61,-0.47,0.47,32.9,13.49963111900289,-30.42484886646378,22.857833487387495,35.06490245259779,47.27612549188558
SL,2026-07-03,89.3,2.58,4.97,"Tatis Jr., Fernando",665487,656945,,ball,,,,,13.0,,R,R,L,LAD,SD,B,,,2,1,2026,-0.48,0.24,-0.0978318503287123,-0.1907993865239081,,,,2,9,Top,,,,,,,-5.486006805843694,-129.89464062196012,-6.978680467410182,-4.409006936755602,24.716555963325938,-28.31925804619168,3.346382874,1.68882874,,,,89.7,2769.0,6.4,823933,687221,518692,669242,571970,605141,606192,681624,663656,54.14,,,,,,,,71,4,Slider,4,3,3,4,3,4,3,4,Standard,Standard,244.0,-0.013,0.101,,,,,-0.101,,1,-1,0.959,0.041,31,27,32,27,1,4,1,1,3.0,1,2.6,-0.48,0.48,31.9,,,,,
FF,2026-07-03,97.3,2.33,5.11,"Tatis Jr., Fernando",665487,656945,,ball,,,,,13.0,,R,R,L,LAD,SD,B,,,1,1,2026,0.67,1.54,-1.8205244709175672,1.555053172265128,,,,2,9,Top,,,,,,,-12.505445704739646,-141.0153971062014,-7.323982913769543,11.877959398142972,32.637763276539566,-10.01149840262257,3.346382874,1.68882874,,,,96.9,2544.0,6.3,823933,687221,518692,669242,571970,605141,606192,681624,663656,54.18,,,,,,,,71,3,4-Seam Fastball,4,3,3,4,3,4,3,4,Standard,Standard,140.0,-0.006,0.055,,,,,-0.055,,1,-1,0.965,0.035,31,27,32,27,1,4,1,1,3.0,1,0.89,0.67,-0.67,31.7,,,,,
SL,2026-07-03,90.1,2.47,5.08,"Tatis Jr., Fernando",665487,656945,,ball,,,,,13.0,,R,R,L,LAD,SD,B,,,0,1,2026,-0.48,0.03,-0.1905890018095642,1.2805515926285411,,,,2,9,Top,,,,,,,-5.480657827114644,-131.26231931611576,-3.380697230700582,-4.5632710967930965,25.512306750992305,-31.33796889210491,3.346382874,1.68882874,,,,90.4,2766.0,6.2,823933,687221,518692,669242,571970,605141,606192,681624,663656,54.31,,,,,,,,71,2,Slider,4,3,3,4,3,4,3,4,Standard,Standard,248.0,-0.004,0.03,,,,,-0.03,,1,-1,0.969,0.031,31,27,32,27,1,4,1,1,3.0,1,2.75,-0.48,0.48,33.1,,,,,
FF,2026-07-03,98.0,2.4,5.14,"Tatis Jr., Fernando",665487,656945,,called_strike,,,,,7.0,,R,R,L,LAD,SD,S,,,0,0,2026,0.6,1.47,-0.5461885091359419,1.900978080000705,,,,2,9,Top,,,,,,,-9.266302730660776,-142.37842189055937,-6.518293823557037,10.270198553830738,32.01382630085334,-10.827767400943122,3.346382874,1.68882874,,,,98.1,2581.0,6.4,823933,687221,518692,669242,571970,605141,606192,681624,663656,54.09,,,,,,,,71,1,4-Seam Fastball,4,3,3,4,3,4,3,4,Standard,Standard,146.0,0.006,-0.045,,,,,0.045,,1,-1,0.963,0.037,31,27,32,27,1,4,1,1,3.0,1,0.91,0.6,-0.6,34.0,,,,,
FF,2026-07-03,96.1,-1.01,5.81,"Tatis Jr., Fernando",665487,669165,strikeout,swinging_strike,,,,,11.0,Fernando Tatis Jr. strikes out swinging.,R,R,R,LAD,SD,S,2.0,,2,2,2026,-0.67,1.56,-0.1821574292801199,3.860978715631183,,,,0,7,Top,,,,,,,3.722651548160383,-140.01404822598212,-3.043605471240616,-9.6272463928427,31.331973831236557,-11.199695792019698,3.346382874,1.68882874,,,,96.8,2113.0,6.6,823933,687221,518692,690976,571970,605141,606192,681624,663656,53.92,,0.0,0.0,1.0,0.0,0.0,,49,5,4-Seam Fastball,0,3,3,0,3,0,3,0,Standard,Standard,206.0,0.008,-0.232,78.6,6.7,0.1,,0.232,,-3,3,0.108,0.892,28,27,28,27,1,3,4,1,2.0,1,0.9,0.67,0.67,47.9,9.389728367250688,1.569589697161208,17.527529567281242,33.19263048295719,30.637518897607112
FF,2026-07-03,94.4,-1.93,5.64,"Tatis Jr., Fernando",665487,660271,walk,ball,,,,,14.0,Fernando Tatis Jr. walks.,R,R,R,LAD,SD,B,,,3,0,2026,-0.8,1.14,1.1196946791911728,1.1053569490832695,,,,0,1,Top,,,,,,,9.761686409110425,-137.07879726741646,-8.560279995866866,-12.187586469670542,27.805933921216223,-16.11807559221328,3.346382874,1.68882874,,,,95.7,2354.0,7.0,823933,687221,518692,690976,571970,605141,606192,681624,663656,53.5,,0.698418,0.7,1.0,0.0,0.0,,1,4,4-Seam Fastball,0,0,0,0,0,0,0,0,Standard,Standard,223.0,-0.014,0.175,,,,,-0.175,,0,0,0.478,0.522,31,27,32,27,1,0,9,1,,1,1.42,0.8,0.8,31.7,,,,,
SL,2026-07-03,87.4,-1.08,5.71,"Tatis Jr., Fernando",665487,669165,,foul,,,,,5.0,,R,R,R,LAD,SD,S,,,2,1,2026,0.18,-0.01,0.0856569530111144,2.320791515275579,,,,0,7,Top,,,,,,,2.397178498169234,-127.25803967658554,-1.7480069667673117,1.4257067586295715,27.667504901195084,-32.1664050551686,3.346382874,1.68882874,2.0,80.9,-55.0,87.4,2185.0,6.4,823933,687221,518692,690976,571970,605141,606192,681624,663656,54.13,,,,,,,,49,4,Slider,0,3,3,0,3,0,3,0,Standard,Standard,60.0,0.002,-0.078,75.8,7.4,,,0.078,88.0,-3,3,0.106,0.894,28,27,28,27,1,3,4,1,2.0,1,3.01,-0.18,-0.18,45.9,10.62472378414446,-3.4349545829645103,25.04267084261301,36.291442150749454,35.4569342599248
CH,2026-07-03,88.4,-1.22,5.69,"Tatis Jr., Fernando",665487,669165,,ball,,,,,4.0,,R,R,R,LAD,SD,B,,,1,1,2026,-1.46,0.17,-0.8250067780890069,2.5109027584135064,,,,0,7,Top,,,,,,,4.039513004225957,-128.7869552800781,-1.862227864302383,-17.05839317400686,25.540901517162784,-30.09921831062796,3.346382874,1.68882874,,,,88.9,1357.0,6.4,823933,687221,518692,690976,571970,605141,606192,681624,663656,54.1,,,,,,,,49,3,Changeup,0,3,3,0,3,0,3,0,Standard,Standard,250.0,-0.001,0.063,,,,,-0.063,,-3,3,0.107,0.893,28,27,28,27,1,3,4,1,2.0,1,2.73,1.46,1.46,42.2,,,,,
SI,2026-07-03,95.0,-2.06,5.59,"Tatis Jr., Fernando",665487,660271,,ball,,,,,11.0,,R,R,R,LAD,SD,B,,,2,0,2026,-1.45,0.59,-0.1777091243916859,3.9518257484727126,,,,0,1,Top,,,,,,,8.231113235589001,-138.13394390327358,0.1804609819399339,-20.38320260923444,30.260598574228354,-24.888779994926846,3.346382874,1.68882874,,,,95.8,2209.0,6.7,823933,687221,518692,690976,571970,605141,606192,681624,663656,53.76,,,,,,,,1,3,Sinker,0,0,0,0,0,0,0,0,Standard,Standard,224.0,-0.011,0.148,,,,,-0.148,,0,0,0.489,0.511,31,27,32,27,1,0,9,1,,1,1.94,1.45,1.45,30.6,,,,,
CH,2026-07-03,88.0,-0.94,5.85,"Tatis Jr., Fernando",665487,669165,,ball,,,,,14.0,,R,R,R,LAD,SD,B,,,0,1,2026,-1.33,0.45,0.45507367689369,-0.0975033421311803,,,,0,7,Top,,,,,,,6.127344400553082,-127.76362769363928,-8.974547076976986,-15.768223458984812,24.837994183991512,-25.62418154236203,3.346382874,1.68882874,,,,88.1,1461.0,6.3,823933,687221,518692,690976,571970,605141,606192,681624,663656,54.16,,,,,,,,49,2,Changeup,0,3,3,0,3,0,3,0,Standard,Standard,248.0,-0.001,0.029,,,,,-0.029,,-3,3,0.108,0.892,28,27,28,27,1,3,4,1,2.0,1,2.49,1.33,1.33,44.6,,,,,
ST,2026-07-03,82.9,-2.1,5.66,"Tatis Jr., Fernando",665487,660271,,ball,,,,,14.0,,R,R,R,LAD,SD,B,,,1,0,2026,1.05,0.18,1.4787264083173768,1.882544023140245,,,,0,1,Top,,,,,,,6.0243124052674535,-120.66301129943852,-2.325294278440378,9.112715601163885,22.597371387252497,-30.1603747898761,3.346382874,1.68882874,,,,83.4,2757.0,6.5,823933,687221,518692,690976,571970,605141,606192,681624,663656,53.99,,,,,,,,1,2,Sweeper,0,0,0,0,0,0,0,0,Standard,Standard,73.0,-0.007,0.082,,,,,-0.082,,0,0,0.496,0.504,31,27,32,27,1,0,9,1,,1,3.12,-1.05,-1.05,33.0,,,,,
SI,2026-07-03,96.2,-1.89,5.65,"Tatis Jr., Fernando",665487,660271,,ball,,,,,14.0,,R,R,R,LAD,SD,B,,,0,0,2026,-1.47,0.68,0.923541689578353,2.4269977387223864,,,,0,1,Top,,,,,,,10.829421921263334,-139.64378005735242,-4.355115505850229,-21.644908371163663,29.894343733522252,-22.409720403186817,3.346382874,1.68882874,,,,96.9,2233.0,6.7,823933,687221,518692,690976,571970,605141,606192,681624,663656,53.77,,,,,,,,1,1,Sinker,0,0,0,0,0,0,0,0,Standard,Standard,222.0,-0.004,0.042,,,,,-0.042,,0,0,0.5,0.5,31,27,32,27,1,0,9,1,,1,1.78,1.47,1.47,29.6,,,,,
FF,2026-07-03,94.3,-0.7,5.94,"Tatis Jr., Fernando",665487,669165,,foul,,,,,2.0,,R,R,R,LAD,SD,S,,,0,0,2026,-0.58,1.56,-0.0014043346504929,3.0498697381576387,,,,0,7,Top,,,,,,,3.0979571682779543,-137.3073767355047,-5.201914018335955,-7.991958264051778,29.22536708655521,-11.437101153874004,3.346382874,1.68882874,248.0,78.7,29.0,94.8,2101.0,6.4,823933,687221,518692,690976,571970,605141,606192,681624,663656,54.05,,,,,,,,49,1,4-Seam Fastball,0,3,3,0,3,0,3,0,Standard,Standard,205.0,0.001,-0.041,82.0,7.9,,,0.041,88.0,-3,3,0.107,0.893,28,27,28,27,1,3,4,1,2.0,1,0.99,0.58,0.58,49.5,9.034813982879594,-23.57665018567413,23.54773467421855,35.873045460621235,42.465310274613074
FF,2026-07-02,98.4,-1.8,6.26,"Tatis Jr., Fernando",665487,808963,walk,ball,,,,,11.0,Fernando Tatis Jr. walks.,R,R,R,LAD,SD,B,,,3,0,2026,-0.85,1.33,-0.3247091091581185,4.182160620867909,593428.0,,,2,2,Top,,,,,,,6.048399370371992,-143.1590330333712,-3.205933913789801,-13.10174198922663,32.06324000950198,-13.309215838181233,3.346382874,1.68882874,,,,99.8,2315.0,7.0,823935,687221,518692,669242,571970,605141,606192,681624,663656,53.48,,0.698418,0.7,1.0,0.0,0.0,,15,4,4-Seam Fastball,0,3,3,0,3,0,3,0,Standard,Standard,217.0,-0.002,0.025,,,,,-0.025,,-3,3,0.224,0.776,24,27,25,27,2,1,6,1,6.0,1,1.02,0.85,0.85,46.3,,,,,
FS,2026-07-02,89.4,-1.69,6.26,"Tatis Jr., Fernando",665487,808963,,ball,,,,,13.0,,R,R,R,LAD,SD,B,,,2,0,2026,-0.56,0.19,-0.9405233583922477,1.8942216271788177,593428.0,,,2,2,Top,,,,,,,3.0910870415519947,-130.18941691548005,-5.067437589690557,-7.007589181742621,25.442460370507117,-29.156430048762143,3.346382874,1.68882874,,,,91.5,789.0,7.4,823935,687221,518692,669242,571970,605141,606192,681624,663656,53.15,,,,,,,,15,3,Split-Finger,0,3,3,0,3,0,3,0,Strategic,Standard,236.0,-0.002,0.049,,,,,-0.049,,-3,3,0.226,0.774,24,27,25,27,2,1,6,1,6.0,1,2.64,0.56,0.56,49.5,,,,,
FF,2026-07-02,96.0,-1.59,6.34,"Tatis Jr., Fernando",665487,808963,,ball,,,,,11.0,,R,R,R,LAD,SD,B,,,1,0,2026,-0.37,1.51,-0.4968164308062813,4.123047364652563,593428.0,,,2,2,Top,,,,,,,3.7717515677409743,-139.78231684746467,-3.668107333098194,-5.726149520496478,29.19261995571702,-11.654264305366134,3.346382874,1.68882874,,,,97.4,2331.0,6.9,823935,687221,518692,669242,571970,605141,606192,681624,663656,53.62,,,,,,,,15,2,4-Seam Fastball,0,3,3,0,3,0,3,0,Standard,Standard,206.0,-0.001,0.021,,,,,-0.021,,-3,3,0.227,0.773,24,27,25,27,2,1,6,1,6.0,1,0.94,0.37,0.37,51.0,,,,,
SL,2026-07-02,86.3,-1.76,6.24,"Tatis Jr., Fernando",665487,808963,,blocked_ball,,,,,14.0,,R,R,R,LAD,SD,B,,,0,0,2026,0.23,-0.37,0.2684236892271107,0.6319509729653872,593428.0,,,2,2,Top,,,,,,,4.354021182983992,-125.69758844278608,-6.236658032335436,1.7039304912032949,23.11548894137412,-35.17267114670459,3.346382874,1.68882874,,,,88.4,2120.0,7.3,823935,687221,518692,669242,571970,605141,606192,681624,663656,53.18,,,,,,,,15,1,Slider,0,3,3,0,3,0,3,0,Strategic,Standard,43.0,-0.001,0.03,,,,,-0.03,,-3,3,0.228,0.772,24,27,25,27,2,1,6,1,6.0,1,3.4,-0.23,-0.23,46.5,,,,,
SI,2026-07-02,93.4,-1.98,5.17,"Tatis Jr., Fernando",665487,592779,grounded_into_double_play,hit_into_play,,,,,13.0,"Fernando Tatis Jr. grounds into a double play, shortstop Mookie Betts to second baseman Tommy Edman to first baseman Freddie Freeman. Samad Taylor out at 2nd. Fernando Tatis Jr. out at 1st.",R,R,R,LAD,SD,X,6.0,ground_ball,3,1,2026,-1.17,0.02,-0.8727866720168689,2.454487516435625,,,669392.0,1,6,Top,114.8,156.27,,,,,5.435698373713845,-135.93041326684906,-1.116976421497666,-15.70704204433137,29.000906789662064,-31.924387139152348,3.346382874,1.68882874,5.0,84.9,-24.0,93.7,2245.0,6.4,823935,687221,518692,669242,571970,605141,606192,681624,663656,54.13,0.069,0.062,0.0,1.0,0.0,0.0,2.0,60,5,Sinker,10,6,6,10,6,10,6,10,Standard,Standard,237.0,0.049,-0.469,73.3,6.5,,0.072,0.469,88.0,4,-4,0.902,0.098,34,27,35,27,1,3,2,1,2.0,1,2.59,1.17,1.17,19.5,1.7763321937382213,9.70043383134266,32.1369336070786,28.85176671607749,24.48150517182628
SL,2026-07-02,82.8,-2.29,5.31,"Tatis Jr., Fernando",665487,801434,strikeout,swinging_strike,,,,,14.0,Fernando Tatis Jr. strikes out swinging.,R,R,R,LAD,SD,S,2.0,,3,2,2026,0.41,-0.45,0.8338411666779888,1.2888173728871948,,,669392.0,0,9,Top,,,,,,,6.391535153015209,-120.63137357296064,-1.6678522890203382,2.929154334128154,20.70411378474278,-36.533570951799334,3.346382874,1.68882874,,,,85.3,2270.0,7.6,823935,687221,518692,669242,571970,605141,606192,681624,663656,52.94,,0.0,0.0,1.0,0.0,0.0,,82,6,Slider,12,6,6,12,6,12,6,12,Standard,Standard,72.0,0.005,-0.309,59.0,7.6,2.947751244,,0.309,,6,-6,0.993,0.007,26,27,26,27,1,4,41,1,3.0,1,3.74,-0.41,-0.41,26.5,10.479027711623662,-1.1216116663219922,26.74936152891618,46.77975788673464,39.089440561487734
FF,2026-07-02,96.0,-1.6,5.34,"Tatis Jr., Fernando",665487,592779,,ball,,,,,14.0,,R,R,R,LAD,SD,B,,,2,1,2026,-0.57,1.18,1.36193795955498,1.8865895561484052,,,669392.0,1,6,Top,,,,,,,9.017244575029336,-139.4478158243537,-6.055119141074786,-9.311743200792964,29.11713530575178,-15.603328829396244,3.346382874,1.68882874,,,,96.0,2621.0,6.2,823935,687221,518692,669242,571970,605141,606192,681624,663656,54.25,,,,,,,,60,4,4-Seam Fastball,10,6,6,10,6,10,6,10,Standard,Standard,222.0,-0.011,0.097,,,,,-0.097,,4,-4,0.913,0.087,34,27,35,27,1,3,2,1,2.0,1,1.29,0.57,0.57,21.4,,,,,
FC,2026-07-02,88.4,-2.54,5.04,"Tatis Jr., Fernando",665487,801434,,called_strike,,,,,6.0,,R,R,R,LAD,SD,S,,,3,1,2026,0.02,0.73,0.439783769462366,2.6937716256205935,,,669392.0,0,9,Top,,,,,,,7.3124845637597184,-128.76175641087562,-1.153210979361845,-0.9981232887056364,21.830225696595974,-23.864060981823105,3.346382874,1.68882874,,,,91.5,2191.0,7.7,823935,687221,518692,669242,571970,605141,606192,681624,663656,52.8,,,,,,,,82,5,Cutter,12,6,6,12,6,12,6,12,Standard,Standard,207.0,0.003,-0.094,,,,,0.094,,6,-6,0.99,0.01,26,27,26,27,1,4,41,1,3.0,1,2.13,-0.02,-0.02,17.8,,,,,
SI,2026-07-02,94.8,-1.79,5.18,"Tatis Jr., Fernando",665487,592779,,foul,,,,,4.0,,R,R,R,LAD,SD,S,,,2,0,2026,-1.24,0.44,-0.3350026567267672,2.270238214672231,,,669392.0,1,6,Top,,,,,,,6.5940540407214,-137.94137810520013,-2.759762179070223,-17.28204489232036,29.694330788459677,-26.175161466867348,3.346382874,1.68882874,185.0,77.2,61.0,95.2,2337.0,6.4,823935,687221,518692,669242,571970,605141,606192,681624,663656,54.07,,,,,,,,60,3,Sinker,10,6,6,10,6,10,6,10,Standard,Standard,233.0,0.007,-0.048,75.1,7.5,,,0.048,88.0,4,-4,0.906,0.094,34,27,35,27,1,3,2,1,2.0,1,2.09,1.24,1.24,18.7,3.63415379374622,-3.2268075241039105,40.04071813466119,35.64930328359655,27.4754860915678
FF,2026-07-02,91.9,-2.36,5.13,"Tatis Jr., Fernando",665487,801434,,ball,,,,,13.0,,R,R,R,LAD,SD,B,,,2,1,2026,-0.82,1.22,-0.8389061368189484,1.546692223447128,,,669392.0,0,9,Top,,,,,,,5.756195609844793,-133.72489175065854,-5.908538601277395,-10.95928609270324,24.84138558375667,-16.447853569892004,3.346382874,1.68882874,,,,94.8,2127.0,7.7,823935,687221,518692,669242,571970,605141,606192,681624,663656,52.8,,,,,,,,82,4,4-Seam Fastball,12,6,6,12,6,12,6,12,Standard,Standard,225.0,-0.003,0.117,,,,,-0.117,,6,-6,0.993,0.007,26,27,26,27,1,4,41,1,3.0,1,1.45,0.82,0.82,18.6,,,,,
ST,2026-07-02,83.1,-1.65,5.3,"Tatis Jr., Fernando",665487,592779,,ball,,,,,14.0,,R,R,R,LAD,SD,B,,,1,0,2026,1.16,0.26,1.0266557975912818,1.527705449673182,,,669392.0,1,6,Top,,,,,,,3.7495542607446968,-121.08012857518126,-2.5553514841660196,10.892612017694097,20.572368522380874,-29.361026859043683,3.346382874,1.68882874,,,,83.6,2492.0,6.3,823935,687221,518692,669242,571970,605141,606192,681624,663656,54.24,,,,,,,,60,2,Sweeper,10,6,6,10,6,10,6,10,Standard,Standard,63.0,-0.007,0.066,,,,,-0.066,,4,-4,0.913,0.087,34,27,35,27,1,3,2,1,2.0,1,3.0,-1.16,-1.16,24.0,,,,,
FC,2026-07-02,88.4,-2.45,5.26,"Tatis Jr., Fernando",665487,801434,,called_strike,,,,,5.0,,R,R,R,LAD,SD,S,,,2,0,2026,0.36,0.64,0.0563748801721868,2.729920989590309,,,669392.0,0,9,Top,,,,,,,5.394559857521583,-128.79356781063333,-1.352260208023882,3.03714347807179,23.982752027913445,-24.88752706161368,3.346382874,1.68882874,,,,90.8,2311.0,7.5,823935,687221,518692,669242,571970,605141,606192,681624,663656,53.02,,,,,,,,82,3,Cutter,12,6,6,12,6,12,6,12,Standard,Standard,189.0,0.002,-0.067,,,,,0.067,,6,-6,0.991,0.009,26,27,26,27,1,4,41,1,3.0,1,2.24,-0.36,-0.36,21.2,,,,,
ST,2026-07-02,83.2,-1.68,5.29,"Tatis Jr., Fernando",665487,592779,,ball,,,,,14.0,,R,R,R,LAD,SD,B,,,0,0,2026,1.17,0.27,1.2658151228575232,1.4041488940233968,,,669392.0,1,6,Top,,,,,,,4.341350487791555,-121.24801073969638,-2.827870716502079,10.85965122140443,21.95174335681084,-29.20013015662794,3.346382874,1.68882874,,,,83.7,2449.0,6.4,823935,687221,518692,669242,571970,605141,606192,681624,663656,54.15,,,,,,,,60,1,Sweeper,10,6,6,10,6,10,6,10,Standard,Standard,66.0,-0.003,0.034,,,,,-0.034,,4,-4,0.916,0.084,34,27,35,27,1,3,2,1,2.0,1,3.0,-1.17,-1.17,24.1,,,,,
SL,2026-07-02,83.5,-2.45,5.27,"Tatis Jr., Fernando",665487,801434,,ball,,,,,14.0,,R,R,R,LAD,SD,B,,,1,0,2026,0.47,-0.44,0.1176977462216074,1.0665658381416143,,,669392.0,0,9,Top,,,,,,,5.02572065613304,-121.7124946086963,-2.240448179132686,3.8298010335154897,21.106731652319603,-36.39294990087041,3.346382874,1.68882874,,,,86.0,2342.0,7.5,823935,687221,518692,669242,571970,605141,606192,681624,663656,52.99,,,,,,,,82,2,Slider,12,6,6,12,6,12,6,12,Standard,Standard,70.0,-0.002,0.074,,,,,-0.074,,6,-6,0.993,0.007,26,27,26,27,1,4,41,1,3.0,1,3.67,-0.47,-0.47,22.4,,,,,
SL,2026-07-02,81.1,-2.58,5.25,"Tatis Jr., Fernando",665487,801434,,ball,,,,,14.0,,R,R,R,LAD,SD,B,,,0,0,2026,0.57,-0.38,1.9673803518878683,1.2996744487090806,,,669392.0,0,9,Top,,,,,,,9.106169162027784,-117.89373330377217,-1.2712786773450064,3.8121084108831855,20.403007828710823,-35.74475742009817,3.346382874,1.68882874,,,,83.2,2318.0,7.5,823935,687221,518692,669242,571970,605141,606192,681624,663656,52.96,,,,,,,,82,1,Slider,12,6,6,12,6,12,6,12,Standard,Standard,64.0,-0.001,0.037,,,,,-0.037,,6,-6,0.994,0.006,26,27,26,27,1,4,41,1,3.0,1,3.83,-0.57,-0.57,22.5,,,,,
FF,2026-07-02,96.6,-1.18,5.49,"Tatis Jr., Fernando",665487,694361,field_out,hit_into_play,,,,,1.0,Fernando Tatis Jr. lines out to center fielder Andy Pages.,R,R,R,LAD,SD,X,8.0,line_drive,1,1,2026,-0.99,1.2,-0.6459979325364269,2.999223478703772,,,,0,4,Top,147.09,73.61,,,,,3.744429656082536,-140.66991806811376,-3.784473703068576,-13.9412948700111,29.569802583119248,-15.483441070224504,3.346382874,1.68882874,316.0,87.7,27.0,98.3,2277.0,7.0,823935,687221,518692,669242,571970,605141,606192,681624,663656,53.46,0.071,0.082,0.0,1.0,0.0,0.0,3.0,35,3,4-Seam Fastball,4,6,6,4,6,4,6,4,Standard,Standard,219.0,0.017,-0.247,74.2,6.2,,0.133,0.247,88.0,-2,2,0.272,0.728,26,27,27,27,1,2,4,1,2.0,1,1.22,0.99,0.99,42.7,2.587913372821848,10.351875187004891,28.201573793126496,29.723537923362475,27.151058712216308
ST,2026-07-02,87.2,-1.45,5.22,"Tatis Jr., Fernando",665487,694361,,ball,,,,,14.0,,R,R,R,LAD,SD,B,,,0,1,2026,1.1,0.16,1.7523500273169303,2.4414798640974027,,,,0,4,Top,,,,,,,5.347325079050054,-127.00972695988632,-0.6968844572351026,10.974523026903098,24.442532548218225,-30.47876347796947,3.346382874,1.68882874,,,,88.2,2511.0,6.8,823935,687221,518692,669242,571970,605141,606192,681624,663656,53.74,,,,,,,,35,2,Sweeper,4,6,6,4,6,4,6,4,Standard,Standard,42.0,-0.002,0.029,,,,,-0.029,,-2,2,0.274,0.726,26,27,27,27,1,2,4,1,2.0,1,2.81,-1.1,-1.1,35.0,,,,,
ST,2026-07-02,86.7,-1.44,5.31,"Tatis Jr., Fernando",665487,694361,,called_strike,,,,,9.0,,R,R,R,LAD,SD,S,,,0,0,2026,0.92,-0.34,0.4995453803078966,1.8206830650399184,,,,0,4,Top,,,,,,,2.668752958474707,-126.3065359781834,-1.2706137113746458,9.411148148511415,23.987347756197373,-35.77954696407886,3.346382874,1.68882874,,,,87.6,2668.0,6.7,823935,687221,518692,669242,571970,605141,606192,681624,663656,53.84,,,,,,,,35,1,Sweeper,4,6,6,4,6,4,6,4,Standard,Standard,42.0,0.003,-0.041,,,,,0.041,,-2,2,0.271,0.729,26,27,27,27,1,2,4,1,2.0,1,3.35,-0.92,-0.92,34.1,,,,,
FF,2026-07-02,97.7,-1.68,6.31,"Tatis Jr., Fernando",665487,808963,double,hit_into_play,,,,,9.0,Fernando Tatis Jr. doubles (16) on a sharp line drive to left fielder Teoscar Hernández.,R,R,R,LAD,SD,X,7.0,line_drive,0,0,2026,-0.77,1.52,0.3045689480174278,2.0039433646550067,,,,0,1,Top,82.71,63.19,,,,,7.178203716464435,-141.95038460188414,-9.580450705267012,-12.025733058297664,29.291761625126853,-9.552271202260387,3.346382874,1.68882874,260.0,115.7,8.0,99.4,2294.0,7.1,823935,687221,518692,669242,571970,605141,606192,681624,663656,53.38,0.794,0.797,1.25,1.0,1.0,1.0,6.0,1,1,4-Seam Fastball,0,0,0,0,0,0,0,0,Standard,Standard,214.0,-0.059,0.713,81.7,7.6,,1.041,-0.713,115.7,0,0,0.5,0.5,24,27,25,27,1,0,6,1,6.0,1,0.85,0.77,0.77,45.7,5.871840929765293,-1.4869677874065372,32.22853531723999,38.32294394570537,32.140173827631884
SL,2026-07-01,86.6,-1.56,5.42,"Tatis Jr., Fernando",665487,607067,field_out,hit_into_play,,,,,9.0,"Fernando Tatis Jr. grounds out softly, pitcher Colin Rea to first baseman Michael Busch.",R,R,R,CHC,SD,X,1.0,ground_ball,1,0,2026,0.07,-0.04,0.5577388688410259,1.9216167242779305,,,,0,5,Top,119.57,176.53,,,,,4.85135676871607,-126.12135132190896,-1.876420112430066,-0.1930418010048504,24.84999707777959,-32.43525204863834,3.346382874,1.68882874,2.0,54.2,-48.0,87.0,2095.0,6.4,824660,665804,683737,663538,608324,621020,664023,691718,673548,54.09,0.307,0.284,0.0,1.0,0.0,0.0,1.0,42,2,Slider,9,1,1,9,1,9,1,9,Standard,Standard,105.0,0.005,-0.302,53.4,7.2,,0.31,0.302,88.0,8,-8,0.986,0.014,35,27,36,27,3,2,5,1,7.0,1,3.07,-0.07,-0.07,28.1,9.816583345899677,16.776174556776677,28.62020073336297,45.98210855545875,24.486036856455577
FF,2026-07-01,94.2,-1.62,5.43,"Tatis Jr., Fernando",665487,607067,,ball,,,,,11.0,,R,R,R,CHC,SD,B,,,0,0,2026,-0.86,1.13,-0.0949362884300868,3.5991737773761403,,,,0,5,Top,,,,,,,5.8653117355741236,-137.1007700751016,-1.4856934105963304,-12.08674300686692,28.87952545380636,-17.70508655799939,3.346382874,1.68882874,,,,94.9,2176.0,6.6,824660,665804,683737,663538,608324,621020,664023,691718,673548,53.94,,,,,,,,42,1,4-Seam Fastball,9,1,1,9,1,9,1,9,Standard,Standard,216.0,-0.001,0.042,,,,,-0.042,,8,-8,0.987,0.013,35,27,36,27,3,2,5,1,7.0,1,1.42,0.86,0.86,25.6,,,,,
ST,2026-07-01,81.2,-1.77,5.48,"Tatis Jr., Fernando",665487,607067,field_out,hit_into_play,,,,,2.0,Fernando Tatis Jr. flies out to center fielder Pete Crow-Armstrong.,R,R,R,CHC,SD,X,8.0,fly_ball,3,1,2026,1.39,0.23,0.0488507717946455,3.255785879830618,,823550.0,,0,3,Top,158.44,88.29,,,,,1.32013946590316,-118.26270513629645,1.406106968259921,12.693833757718926,24.098826017421636,-30.54000523949158,3.346382874,1.68882874,288.0,81.8,45.0,81.0,2400.0,6.3,824660,665804,683737,663538,608324,621020,664023,691718,673548,54.24,0.023,0.031,0.0,1.0,0.0,0.0,3.0,21,5,Sweeper,4,0,0,4,0,4,0,4,Standard,Standard,73.0,0.047,-0.41,75.2,6.7,,0.042,0.41,88.0,4,-4,0.799,0.201,35,27,36,27,2,1,5,1,7.0,1,3.24,-1.39,-1.39,26.3,13.19546719752256,15.835240752539226,25.331878117800446,39.003770433290626,24.873599783489276
FF,2026-07-01,92.1,-1.67,5.45,"Tatis Jr., Fernando",665487,607067,,called_strike,,,,,7.0,,R,R,R,CHC,SD,S,,,3,0,2026,-0.58,0.98,-0.5669918287948478,2.1464130390763305,,823550.0,,0,3,Top,,,,,,,4.067767781943763,-134.1202503719066,-4.555565116337899,-7.870656588711297,27.997309284215397,-19.567669533151985,3.346382874,1.68882874,,,,92.5,2104.0,6.4,824660,665804,683737,663538,608324,621020,664023,691718,673548,54.1,,,,,,,,21,4,4-Seam Fastball,4,0,0,4,0,4,0,4,Standard,Standard,218.0,0.006,-0.07,,,,,0.07,,4,-4,0.793,0.207,35,27,36,27,2,1,5,1,7.0,1,1.7,0.58,0.58,25.1,,,,,
FF,2026-07-01,93.4,-1.72,5.46,"Tatis Jr., Fernando",665487,607067,,ball,,,,,11.0,,R,R,R,CHC,SD,B,,,2,0,2026,-0.65,1.0,-1.3329370104281089,3.7946308561502806,,823550.0,,0,3,Top,,,,,,,2.4386300519963093,-136.20339081058825,-0.695182152184901,-8.649881477709938,27.028515838356228,-19.64899354916896,3.346382874,1.68882874,,,,94.0,2125.0,6.3,824660,665804,683737,663538,608324,621020,664023,691718,673548,54.17,,,,,,,,21,3,4-Seam Fastball,4,0,0,4,0,4,0,4,Standard,Standard,217.0,-0.01,0.113,,,,,-0.113,,4,-4,0.803,0.197,35,27,36,27,2,1,5,1,7.0,1,1.58,0.65,0.65,23.9,,,,,
SI,2026-07-01,92.4,-1.82,5.45,"Tatis Jr., Fernando",665487,607067,,ball,,,,,11.0,,R,R,R,CHC,SD,B,,,1,0,2026,-1.31,0.54,-1.819904072762268,2.7174168956768163,,823550.0,,0,3,Top,,,,,,,2.8989060574332797,-134.6376733117565,-2.172682584033063,-16.54167244040815,28.446163214051783,-25.363341721836587,3.346382874,1.68882874,,,,92.8,2011.0,6.4,824660,665804,683737,663538,608324,621020,664023,691718,673548,54.12,,,,,,,,21,2,Sinker,4,0,0,4,0,4,0,4,Standard,Standard,220.0,-0.007,0.049,,,,,-0.049,,4,-4,0.81,0.19,35,27,36,27,2,1,5,1,7.0,1,2.12,1.31,1.31,27.8,,,,,
SI,2026-07-01,91.9,-1.62,5.51,"Tatis Jr., Fernando",665487,607067,,ball,,,,,11.0,,R,R,R,CHC,SD,B,,,0,0,2026,-1.12,0.81,-0.6003313583589929,3.780039488411392,,823550.0,,0,3,Top,,,,,,,5.016756271248435,-133.8178418651935,-0.1969351022887798,-14.481787997692654,27.67847521645164,-22.53018542198057,3.346382874,1.68882874,,,,92.4,2055.0,6.4,824660,665804,683737,663538,608324,621020,664023,691718,673548,54.06,,,,,,,,21,1,Sinker,4,0,0,4,0,4,0,4,Standard,Standard,216.0,-0.003,0.033,,,,,-0.033,,4,-4,0.813,0.187,35,27,36,27,2,1,5,1,7.0,1,1.87,1.12,1.12,26.6,,,,,
FC,2026-07-01,91.9,-2.38,5.5,"Tatis Jr., Fernando",665487,663423,field_out,hit_into_play,,,,,9.0,Fernando Tatis Jr. pops out to second baseman Nico Hoerner.,R,R,R,CHC,SD,X,4.0,popup,0,0,2026,0.49,0.54,0.755528980327425,2.0812489912790095,,,,2,6,Top,162.75,146.81,,,,,6.7464499917021135,-133.73242772412175,-3.808002940608128,4.601635118692334,26.69868025842144,-25.123333916823732,3.346382874,1.68882874,162.0,72.5,60.0,91.9,2720.0,6.1,824660,665804,683737,663538,608324,621020,664023,691718,673548,54.36,0.023,0.026,0.0,1.0,0.0,0.0,3.0,58,1,Cutter,13,2,2,13,2,13,2,13,Standard,Standard,188.0,0.0,-0.262,81.1,7.9,,0.034,0.262,88.0,11,-11,0.999,0.001,32,27,33,27,1,3,2,1,3.0,1,2.15,-0.49,-0.49,47.1,6.165500394893416,-7.579747617792849,27.940997219492164,48.33854445061395,34.277762616966896
SL,2026-07-01,87.8,-1.65,5.56,"Tatis Jr., Fernando",665487,607067,field_out,hit_into_play,,,,,9.0,"Fernando Tatis Jr. grounds out, third baseman Alex Bregman to first baseman Michael Busch.",R,R,R,CHC,SD,X,5.0,ground_ball,0,1,2026,0.03,0.08,0.3734855204367717,1.9543966147070333,,,,0,1,Top,103.85,168.31,,,,,4.765875267207296,-127.7452082497619,-2.4690562145153465,-0.7803407363899921,29.93015279628256,-30.973893816042608,3.346382874,1.68882874,74.0,86.5,4.0,87.5,2053.0,6.4,824660,665804,683737,663538,608324,621020,664023,691718,673548,54.09,0.462,0.416,0.0,1.0,0.0,0.0,2.0,1,2,Slider,0,0,0,0,0,0,0,0,Standard,Standard,131.0,0.019,-0.218,80.4,7.9,,0.496,0.218,88.0,0,0,0.503,0.497,35,27,36,27,1,0,5,1,7.0,1,2.91,-0.03,-0.03,27.1,14.876789305482838,-10.550993320201504,30.483888844084916,41.64951699280074,42.07535516086848
FF,2026-07-01,93.5,-1.65,5.55,"Tatis Jr., Fernando",665487,607067,,called_strike,,,,,6.0,,R,R,R,CHC,SD,S,,,0,0,2026,-0.73,1.16,0.5994656262148917,2.3009798412276616,,,,0,1,Top,,,,,,,7.363109711592828,-135.86309875819524,-5.003481537921752,-10.638023400615348,30.30480358566021,-16.923333335556375,3.346382874,1.68882874,,,,93.7,2131.0,6.5,824660,665804,683737,663538,608324,621020,664023,691718,673548,54.0,,,,,,,,1,1,4-Seam Fastball,0,0,0,0,0,0,0,0,Standard,Standard,219.0,0.003,-0.041,,,,,0.041,,0,0,0.5,0.5,35,27,36,27,1,0,5,1,7.0,1,1.46,0.73,0.73,26.5,,,,,
SL,2026-06-30,83.4,2.71,4.94,"Tatis Jr., Fernando",665487,571510,field_out,hit_into_play,,,,,9.0,Fernando Tatis Jr. flies out to center fielder Pete Crow-Armstrong.,R,R,L,CHC,SD,X,8.0,fly_ball,3,2,2026,-0.13,0.13,0.5447985043895259,1.8653752332251632,,,,0,5,Top,129.22,38.52,,,,,-4.645405094435575,-121.5474383505087,-0.7826592293908157,-0.482766683636229,21.134856070598005,-30.89376283584697,3.346382874,1.68882874,396.0,98.4,29.0,83.8,2516.0,6.2,824661,608348,683737,663538,608324,621020,664023,691718,682634,54.29,0.377,0.654,0.0,1.0,0.0,0.0,6.0,40,6,Slider,5,3,3,5,3,5,3,5,Standard,Standard,287.0,0.036,-0.346,72.4,7.8,,1.231,0.346,98.4,2,-2,0.744,0.256,35,27,35,27,3,2,5,1,7.0,1,3.1,-0.13,0.13,14.8,6.06520070989385,-2.2825402638004753,31.740790612688382,45.47468752782327,34.18597143932979
CH,2026-06-30,79.3,2.45,5.42,"Tatis Jr., Fernando",665487,571510,,foul,,,,,8.0,,R,R,L,CHC,SD,S,,,3,1,2026,0.93,0.08,-0.0526280549355018,1.9469225290762224,,,,0,5,Top,,,,,,,-7.188650080561428,-115.37080641282073,-0.7458835996897639,9.625442481237856,21.252756328558977,-31.579909358774355,3.346382874,1.68882874,11.0,87.3,-10.0,79.6,1864.0,6.5,824661,608348,683737,663538,608324,621020,664023,691718,682634,54.03,,,,,,,,40,5,Changeup,5,3,3,5,3,5,3,5,Standard,Standard,111.0,0.013,-0.101,79.2,8.0,,,0.101,88.0,2,-2,0.731,0.269,35,27,35,27,3,2,5,1,7.0,1,3.55,0.93,-0.93,27.7,18.735703285078745,-19.453506805014463,31.588475163728138,38.23955346361608,50.08200970110879
FF,2026-06-30,91.9,2.34,5.4,"Tatis Jr., Fernando",665487,571510,,called_strike,,,,,9.0,,R,R,L,CHC,SD,S,,,3,0,2026,1.22,0.92,0.5967728312051399,1.604779623999241,,,,0,5,Top,,,,,,,-7.085713568522019,-133.56769649453852,-5.54670767385537,16.149987936839374,30.53169227722925,-20.168509161240575,3.346382874,1.68882874,,,,92.0,2396.0,6.5,824661,608348,683737,663538,608324,621020,664023,691718,682634,53.96,,,,,,,,40,4,4-Seam Fastball,5,3,3,5,3,5,3,5,Standard,Standard,125.0,0.009,-0.084,,,,,0.084,,2,-2,0.722,0.278,35,27,35,27,3,2,5,1,7.0,1,1.8,1.22,-1.22,26.3,,,,,
FF,2026-06-30,93.6,2.33,5.39,"Tatis Jr., Fernando",665487,571510,,ball,,,,,12.0,,R,R,L,CHC,SD,B,,,2,0,2026,1.04,1.07,0.8908226924343945,3.604202020487651,,,,0,5,Top,,,,,,,-6.028487759734451,-136.13987757834326,-1.0549608020540244,14.343557297292378,32.56600551645725,-18.87825254403771,3.346382874,1.68882874,,,,93.4,2340.0,6.4,824661,608348,683737,663538,608324,621020,664023,691718,682634,54.08,,,,,,,,40,3,4-Seam Fastball,5,3,3,5,3,5,3,5,Standard,Standard,124.0,-0.014,0.148,,,,,-0.148,,2,-2,0.736,0.264,35,27,35,27,3,2,5,1,7.0,1,1.55,1.04,-1.04,24.7,,,,,
CH,2026-06-30,79.3,2.54,5.32,"Tatis Jr., Fernando",665487,571510,,ball,,,,,13.0,,R,R,L,CHC,SD,B,,,1,0,2026,1.11,0.2,-0.0513079514712728,0.990224880262688,,,,0,5,Top,,,,,,,-7.673171873794048,-115.2657735389481,-2.834710872189115,11.325779684755345,20.790189460436604,-30.066670144555417,3.346382874,1.68882874,,,,79.2,1894.0,6.2,824661,608348,683737,663538,608324,621020,664023,691718,682634,54.31,,,,,,,,40,2,Changeup,5,3,3,5,3,5,3,5,Standard,Standard,114.0,-0.01,0.082,,,,,-0.082,,2,-2,0.746,0.254,35,27,35,27,3,2,5,1,7.0,1,3.42,1.11,-1.11,23.2,,,,,
CU,2026-06-30,73.8,2.39,5.63,"Tatis Jr., Fernando",665487,571510,,ball,,,,,13.0,,R,R,L,CHC,SD,B,,,0,0,2026,-0.63,-0.59,-0.8037348950031378,1.3550277422962829,,,,0,5,Top,,,,,,,-5.268132008043174,-107.41155460236908,-0.2114451723267374,-4.079257539864197,16.992234059080808,-36.92985256131713,3.346382874,1.68882874,,,,73.8,2302.0,6.1,824661,608348,683737,663538,608324,621020,664023,691718,682634,54.42,,,,,,,,40,1,Curveball,5,3,3,5,3,5,3,5,Standard,Standard,308.0,-0.005,0.042,,,,,-0.042,,2,-2,0.751,0.249,35,27,35,27,3,2,5,1,7.0,1,4.74,-0.63,0.63,33.5,,,,,
SL,2026-06-30,85.9,-1.52,5.92,"Tatis Jr., Fernando",665487,665871,home_run,hit_into_play,,,,,6.0,Fernando Tatis Jr. homers (5) on a fly ball to right center field.,R,R,R,CHC,SD,X,,fly_ball,3,2,2026,0.09,0.23,0.348581333233026,2.4746611007077104,,,,2,8,Top,187.87,63.0,,,,,4.204494719175636,-125.09431124438834,-2.1919403374847515,0.0829683610439382,24.283776373878673,-29.523677713593862,3.346382874,1.68882874,370.0,95.7,38.0,86.4,253.0,6.5,824661,608348,683737,663538,608324,621020,664023,691718,681909,54.01,0.069,0.117,2.0,1.0,0.0,3.0,3.0,75,7,Slider,9,6,6,9,7,9,7,9,Standard,Standard,122.0,-0.039,2.551,75.5,7.0,,0.238,-2.551,95.7,3,-3,0.964,0.036,28,27,29,27,2,4,6,1,5.0,1,2.84,-0.09,-0.09,54.6,3.0975184143548833,11.936036401310057,27.084574664261932,42.627288890948066,29.044253574007847
SI,2026-06-30,94.9,-1.71,5.8,"Tatis Jr., Fernando",665487,665871,,foul,,,,,4.0,,R,R,R,CHC,SD,S,,,3,2,2026,-1.19,0.7,-0.3379249656405183,2.500011557045756,,,,2,8,Top,,,,,,,6.2745871956658545,-138.20503849086984,-4.436340641379115,-16.629937970259,28.05861360876568,-22.45662024175719,3.346382874,1.68882874,,,,95.7,2053.0,6.5,824661,608348,683737,663538,608324,621020,664023,691718,681909,53.97,,,,,,,,75,6,Sinker,9,6,6,9,6,9,6,9,Standard,Standard,209.0,0.0,0.0,75.9,7.1,,,0.0,,3,-3,0.964,0.036,28,27,29,27,2,4,6,1,5.0,1,1.81,1.19,1.19,49.9,11.519574371754768,0.5818259430924269,24.68500556321379,34.93844923466311,32.3492845421581
SI,2026-06-30,96.2,-1.63,5.83,"Tatis Jr., Fernando",665487,665871,,ball,,,,,14.0,,R,R,R,CHC,SD,B,,,2,2,2026,-1.25,0.76,1.3397105699922112,1.090140007215105,,,,2,8,Top,,,,,,,10.699436060967829,-139.45867395632038,-8.505758971809032,-18.71679699569049,30.13962607546073,-20.425780480381984,3.346382874,1.68882874,,,,96.7,2187.0,6.7,824661,608348,683737,663538,608324,621020,664023,691718,681909,53.83,,,,,,,,75,5,Sinker,9,6,6,9,6,9,6,9,Standard,Standard,211.0,-0.003,0.082,,,,,-0.082,,3,-3,0.967,0.033,28,27,29,27,2,4,6,1,5.0,1,1.71,1.25,1.25,51.0,,,,,
SI,2026-06-30,94.8,-1.57,5.82,"Tatis Jr., Fernando",665487,665871,,ball,,,,,14.0,,R,R,R,CHC,SD,B,,,1,2,2026,-1.26,0.73,1.7385625072679671,1.8969457111642536,,,,2,8,Top,,,,,,,11.429540647024725,-137.5196132941411,-6.046812978071127,-18.489755987491677,29.05327125706567,-21.692082446158476,3.346382874,1.68882874,,,,95.3,700.0,6.6,824661,608348,683737,663538,608324,621020,664023,691718,681909,53.86,,,,,,,,75,4,Sinker,9,6,6,9,6,9,6,9,Standard,Standard,215.0,-0.001,0.041,,,,,-0.041,,3,-3,0.968,0.032,28,27,29,27,2,4,6,1,5.0,1,1.81,1.26,1.26,50.4,,,,,
FC,2026-06-30,85.9,-1.57,5.93,"Tatis Jr., Fernando",665487,665871,,ball,,,,,14.0,,R,R,R,CHC,SD,B,,,0,2,2026,0.53,0.21,1.1277105708510973,2.16684006362403,,,,2,8,Top,,,,,,,5.2420155108882165,-125.16371313562269,-2.9728530963418462,4.685807601660727,21.743651231932397,-29.59665802077604,3.346382874,1.68882874,,,,86.8,2182.0,6.5,824661,608348,683737,663538,608324,621020,664023,691718,681909,54.02,,,,,,,,75,3,Cutter,9,6,6,9,6,9,6,9,Standard,Standard,117.0,0.0,0.028,,,,,-0.028,,3,-3,0.968,0.032,28,27,29,27,2,4,6,1,5.0,1,2.84,-0.53,-0.53,56.5,,,,,
SI,2026-06-30,95.2,-1.69,5.88,"Tatis Jr., Fernando",665487,665871,,called_strike,,,,,3.0,,R,R,R,CHC,SD,S,,,0,1,2026,-1.19,0.77,0.6901204073939335,3.011459406254824,,,,2,8,Top,,,,,,,8.910870077906225,-138.46430744755352,-3.5000557475948373,-17.258048371398363,28.604098128861764,-21.65695112973833,3.346382874,1.68882874,,,,95.8,2161.0,6.5,824661,608348,683737,663538,608324,621020,664023,691718,681909,54.02,,,,,,,,75,2,Sinker,9,6,6,9,6,9,6,9,Standard,Standard,207.0,0.001,-0.062,,,,,0.062,,3,-3,0.967,0.033,28,27,29,27,2,4,6,1,5.0,1,1.73,1.19,1.19,49.5,,,,,
SL,2026-06-30,82.6,-1.8,5.79,"Tatis Jr., Fernando",665487,665871,,called_strike,,,,,1.0,,R,R,R,CHC,SD,S,,,0,0,2026,0.47,-0.22,-0.4335700973674942,2.882712213805285,,,,2,8,Top,,,,,,,2.1506873693949218,-120.37456222980045,0.4084861976318901,4.256745635483806,20.35657684443674,-34.555612997536166,3.346382874,1.68882874,,,,83.3,2093.0,6.4,824661,608348,683737,663538,608324,621020,664023,691718,681909,54.12,,,,,,,,75,1,Slider,9,6,6,9,6,9,6,9,Standard,Standard,93.0,0.001,-0.045,,,,,0.045,,3,-3,0.966,0.034,28,27,29,27,2,4,6,1,5.0,1,3.51,-0.47,-0.47,48.4,,,,,
FF,2026-06-30,93.2,2.5,5.4,"Tatis Jr., Fernando",665487,571510,field_out,hit_into_play,,,,,2.0,"Fernando Tatis Jr. grounds out sharply, second baseman Nico Hoerner to first baseman Michael Busch. Freddy Fermin to 3rd.",R,R,L,CHC,SD,X,4.0,ground_ball,0,0,2026,1.27,0.56,0.1803157534879862,3.104835712598007,,666023.0,,0,3,Top,144.71,140.03,,,,,-8.723998878630331,-135.44713386688753,-1.1925004869521056,17.531250829853853,30.21092953776925,-25.231326882568116,3.346382874,1.68882874,30.0,109.1,-5.0,93.1,2294.0,6.4,824661,608348,683737,663538,608324,621020,664023,691718,682634,54.14,0.481,0.433,0.0,1.0,0.0,0.0,2.0,24,1,4-Seam Fastball,5,1,1,5,1,5,1,5,Standard,Standard,123.0,0.018,-0.202,76.0,6.1,,0.493,0.202,109.1,4,-4,0.813,0.187,35,27,35,27,2,1,5,1,7.0,1,2.07,1.27,-1.27,21.9,1.9506006403868716,26.59429352288631,23.10111714187067,40.15125469999344,21.8927481449518
SI,2026-06-30,94.7,-1.64,5.94,"Tatis Jr., Fernando",665487,665871,strikeout,swinging_strike,,,,,11.0,Fernando Tatis Jr. strikes out swinging.,R,R,R,CHC,SD,S,2.0,,0,2,2026,-1.34,0.79,-0.1640646867790136,3.510801647941631,,,,1,7,Top,,,,,,,6.850442923554033,-137.76919613066858,-2.2767552908606907,-18.566747178597662,30.15778994640415,-21.85296857304665,3.346382874,1.68882874,,,,94.9,2135.0,6.4,824661,608348,683737,663538,608324,621020,664023,691718,624424,54.12,,0.0,0.0,1.0,0.0,0.0,,61,3,Sinker,9,3,3,9,3,9,3,9,Standard,Standard,205.0,0.002,-0.163,69.8,5.7,1.71325794,,0.163,,6,-6,0.99,0.01,28,27,29,27,1,3,6,1,5.0,1,1.75,1.34,1.34,50.7,-4.458656258218485,44.333851826128125,22.41149586241434,34.717171005318136,13.83148582520875
SI,2026-06-30,94.2,-1.58,5.94,"Tatis Jr., Fernando",665487,665871,,foul,,,,,1.0,,R,R,R,CHC,SD,S,,,0,1,2026,-1.13,0.54,-0.2948869171216961,3.052688998922128,,,,1,7,Top,,,,,,,5.851422586385766,-137.07041556722547,-2.8427431037252413,-15.559039509231416,28.921488250981636,-24.993106688424454,3.346382874,1.68882874,258.0,93.1,18.0,94.5,1902.0,6.4,824661,608348,683737,663538,608324,621020,664023,691718,624424,54.11,,,,,,,,61,2,Sinker,9,3,3,9,3,9,3,9,Standard,Standard,218.0,0.001,-0.057,63.4,5.2,,,0.057,93.1,6,-6,0.989,0.011,28,27,29,27,1,3,6,1,5.0,1,2.02,1.13,1.13,52.5,-22.03313403947695,54.70334940780193,27.41736935875643,34.79113032771159,3.5737230394014388
SI,2026-06-30,93.9,-1.82,5.93,"Tatis Jr., Fernando",665487,665871,,foul,,,,,11.0,,R,R,R,CHC,SD,S,,,0,0,2026,-1.34,0.86,-0.9099566941844116,3.619596683240059,,,,1,7,Top,,,,,,,5.348657546422965,-136.66515844412825,-2.011139058016988,-17.908722255595315,31.35441115965186,-21.13710028513649,3.346382874,1.68882874,28.0,86.7,-5.0,93.9,1917.0,6.4,824661,608348,683737,663538,608324,621020,664023,691718,624424,54.12,,,,,,,,61,1,Sinker,9,3,3,9,3,9,3,9,Standard,Standard,209.0,0.0,-0.041,21.3,3.8,,,0.041,88.0,6,-6,0.989,0.011,28,27,29,27,1,3,6,1,5.0,1,1.73,1.34,1.34,51.2,-36.27510386960089,51.85085807251051,32.22456057125626,26.888443033364332,-3.651769748645841
CH,2026-06-30,80.5,2.56,5.33,"Tatis Jr., Fernando",665487,571510,home_run,hit_into_play,,,,,7.0,Fernando Tatis Jr. homers (4) on a fly ball to left field.,R,R,L,CHC,SD,X,,fly_ball,2,2,2026,1.14,0.18,-0.6710388318498854,1.7978230159805668,,,,0,1,Top,34.48,52.26,,,,,-9.282412273199617,-116.90666063319944,-1.237343751567469,12.25091193884179,22.85263960687639,-30.47502702627932,3.346382874,1.68882874,425.0,106.0,36.0,80.3,1821.0,6.4,824661,608348,683737,663538,608324,621020,664023,691718,682634,54.12,0.68,1.372,2.0,1.0,0.0,3.0,6.0,1,5,Changeup,0,0,0,0,1,0,1,0,Standard,Standard,109.0,-0.099,1.141,77.3,7.8,,2.674,-1.141,106.0,0,0,0.503,0.497,35,27,35,27,1,0,5,1,7.0,1,3.36,1.14,-1.14,23.4,16.18251305432869,-21.644198280543353,39.46458895615241,31.226078914899105,43.131026652258214
CH,2026-06-30,79.6,2.38,5.44,"Tatis Jr., Fernando",665487,571510,,called_strike,,,,,4.0,,R,R,L,CHC,SD,S,,,2,1,2026,1.21,0.19,-0.5482865500572769,2.3253951183027137,,,,0,1,Top,,,,,,,-8.666154233523011,-115.63078142281066,-0.2089038174445537,12.530997466723674,22.101853390820313,-30.623583960563376,3.346382874,1.68882874,,,,79.5,1823.0,6.4,824661,608348,683737,663538,608324,621020,664023,691718,682634,54.13,,,,,,,,1,4,Changeup,0,0,0,0,0,0,0,0,Standard,Standard,112.0,0.007,-0.078,,,,,0.078,,0,0,0.496,0.504,35,27,35,27,1,0,5,1,7.0,1,3.42,1.21,-1.21,26.2,,,,,
FF,2026-06-30,93.3,2.36,5.49,"Tatis Jr., Fernando",665487,571510,,called_strike,,,,,12.0,,R,R,L,CHC,SD,S,,,2,0,2026,1.17,0.95,0.8519794743992446,3.066425540593432,,,,0,1,Top,,,,,,,-6.456163622235147,-135.7178312787521,-2.359521518919674,15.941969541051057,32.49180955907997,-20.185599615146614,3.346382874,1.68882874,,,,92.9,2442.0,6.3,824661,608348,683737,663538,608324,621020,664023,691718,682634,54.25,,,,,,,,1,3,4-Seam Fastball,0,0,0,0,0,0,0,0,Standard,Standard,121.0,0.007,-0.073,,,,,0.073,,0,0,0.489,0.511,35,27,35,27,1,0,5,1,7.0,1,1.69,1.17,-1.17,23.8,,,,,
FF,2026-06-30,92.8,2.41,5.41,"Tatis Jr., Fernando",665487,571510,,ball,,,,,13.0,,R,R,L,CHC,SD,B,,,1,0,2026,0.95,1.05,-1.2458331260098376,2.1672295533858845,,,,0,1,Top,,,,,,,-11.324065475179296,-134.6296590398463,-4.580671952613946,14.072545668381366,29.946444169426233,-18.56147569921135,3.346382874,1.68882874,,,,92.5,2255.0,6.3,824661,608348,683737,663538,608324,621020,664023,691718,682634,54.18,,,,,,,,1,2,4-Seam Fastball,0,0,0,0,0,0,0,0,Standard,Standard,122.0,-0.007,0.082,,,,,-0.082,,0,0,0.496,0.504,35,27,35,27,1,0,5,1,7.0,1,1.62,0.95,-0.95,22.1,,,,,
FF,2026-06-30,94.4,2.33,5.56,"Tatis Jr., Fernando",665487,571510,,ball,,,,,12.0,,R,R,L,CHC,SD,B,,,0,0,2026,1.06,0.93,1.206901031636908,3.0519193059710235,,,,0,1,Top,,,,,,,-5.2795456925907285,-137.3179325166206,-2.733563008793664,14.56468434036381,31.75790572242872,-20.00278165864872,3.346382874,1.68882874,,,,94.1,2485.0,6.2,824661,608348,683737,663538,608324,621020,664023,691718,682634,54.26,,,,,,,,1,1,4-Seam Fastball,0,0,0,0,0,0,0,0,Standard,Standard,123.0,-0.004,0.042,,,,,-0.042,,0,0,0.5,0.5,35,27,35,27,1,0,5,1,7.0,1,1.64,1.06,-1.06,24.3,,,,,
ST,2026-06-29,81.5,1.45,5.33,"Tatis Jr., Fernando",665487,684007,field_out,hit_into_play,,,,,4.0,"Fernando Tatis Jr. grounds out, third baseman Alex Bregman to first baseman Michael Busch.",R,R,L,CHC,SD,X,5.0,ground_ball,3,2,2026,-1.35,-0.04,-0.6923334698502444,2.779569921504956,,,,0,5,Top,104.18,168.91,,,,,-2.10542738904976,-118.67153422119924,1.1203556909879884,-12.345959679589289,22.591792422873507,-33.02269855852098,3.346382874,1.68882874,64.0,83.7,3.0,81.3,2540.0,6.1,824662,665804,683737,663538,608324,621020,664023,691718,624424,54.39,0.301,0.271,0.0,1.0,0.0,0.0,2.0,36,9,Sweeper,1,2,2,1,2,1,2,1,Standard,Standard,296.0,0.03,-0.346,77.1,7.0,,0.357,0.346,88.0,-1,1,0.356,0.644,32,27,33,27,3,2,5,1,5.0,1,3.47,-1.35,1.35,36.4,7.097412093672672,-6.647103993700737,30.261479638011625,30.11482167326333,36.33796234409564
SI,2026-06-29,90.5,1.54,5.41,"Tatis Jr., Fernando",665487,684007,,foul,,,,,14.0,,R,R,L,CHC,SD,S,,,3,2,2026,1.42,0.63,0.9179921945764586,2.0012771467508226,,,,0,5,Top,,,,,,,-4.5938712660041015,-131.69121642308306,-3.703773791959218,17.478882063103843,29.063178636691656,-24.201906026014896,3.346382874,1.68882874,1.0,71.9,-59.0,90.1,2510.0,6.1,824662,665804,683737,663538,608324,621020,664023,691718,624424,54.36,,,,,,,,36,8,Sinker,1,2,2,1,2,1,2,1,Standard,Standard,132.0,0.0,0.0,84.3,7.5,,,0.0,88.0,-1,1,0.356,0.644,32,27,33,27,3,2,5,1,5.0,1,2.16,1.42,-1.42,34.9,-0.9400573783606464,20.525445897189567,29.4378435998058,48.99809589979203,25.18222680121747
FS,2026-06-29,82.2,1.41,5.47,"Tatis Jr., Fernando",665487,684007,,foul,,,,,5.0,,R,R,L,CHC,SD,S,,,3,2,2026,1.14,0.27,0.2495786977648031,2.225054022839186,,,,0,5,Top,,,,,,,-4.8289850382247845,-119.60455060064362,-1.126546834208722,11.856639023423185,23.3060311181488,-29.601820651588195,3.346382874,1.68882874,4.0,68.3,-28.0,82.1,1286.0,6.3,824662,665804,683737,663538,608324,621020,664023,691718,624424,54.23,,,,,,,,36,7,Split-Finger,1,2,2,1,2,1,2,1,Infield shade,Standard,124.0,0.0,0.0,78.1,8.0,,,0.0,88.0,-1,1,0.356,0.644,32,27,33,27,3,2,5,1,5.0,1,3.11,1.14,-1.14,38.2,17.370677831017005,-21.065783990322668,23.87835183310843,40.589842051463265,46.93847004615597
SL,2026-06-29,86.0,1.38,5.53,"Tatis Jr., Fernando",665487,684007,,foul,,,,,7.0,,R,R,L,CHC,SD,S,,,3,2,2026,-0.18,0.31,-0.7024607955660126,1.9487929559669237,,,,0,5,Top,,,,,,,-4.499677709775706,-125.32155609581064,-2.7453182637606974,-1.071145258213815,22.53708658840479,-28.5982360583638,3.346382874,1.68882874,1.0,66.0,-73.0,86.4,2627.0,6.2,824662,665804,683737,663538,608324,621020,664023,691718,624424,54.28,,,,,,,,36,6,Slider,1,2,2,1,2,1,2,1,Standard,Standard,162.0,0.0,0.0,35.7,5.3,,,0.0,88.0,-1,1,0.356,0.644,32,27,33,27,3,2,5,1,5.0,1,2.74,-0.18,0.18,39.9,-22.56643131804942,56.64222141395878,37.50391677795677,28.982219585567933,10.675131947102743
CU,2026-06-29,74.5,1.01,5.72,"Tatis Jr., Fernando",665487,684007,,called_strike,,,,,8.0,,R,R,L,CHC,SD,S,,,3,1,2026,-0.61,-1.25,-0.1963521893927633,1.8606275635927636,,,,0,5,Top,,,,,,,-1.3570772223829706,-108.43363121113342,1.73633663959081,-4.586678755274359,18.96921415801848,-42.532527562422835,3.346382874,1.68882874,,,,74.5,2599.0,6.3,824662,665804,683737,663538,608324,621020,664023,691718,624424,54.19,,,,,,,,36,5,Curveball,1,2,2,1,2,1,2,1,Standard,Standard,329.0,0.009,-0.101,,,,,0.101,,-1,1,0.347,0.653,32,27,33,27,3,2,5,1,5.0,1,5.35,-0.61,0.61,45.7,,,,,
FS,2026-06-29,82.9,1.38,5.45,"Tatis Jr., Fernando",665487,684007,,ball,,,,,13.0,,R,R,L,CHC,SD,B,,,2,1,2026,1.19,0.37,-1.050541910880186,0.8241953563592093,,,,0,5,Top,,,,,,,-7.839374847365181,-120.55781129922173,-4.639140005356428,13.062313084875967,20.824828059094845,-27.92165017575029,3.346382874,1.68882874,,,,83.2,1372.0,6.3,824662,665804,683737,663538,608324,621020,664023,691718,624424,54.23,,,,,,,,36,4,Split-Finger,1,2,2,1,2,1,2,1,Standard,Standard,118.0,-0.011,0.137,,,,,-0.137,,-1,1,0.358,0.642,32,27,33,27,3,2,5,1,5.0,1,2.92,1.19,-1.19,35.8,,,,,
FS,2026-06-29,81.6,1.34,5.49,"Tatis Jr., Fernando",665487,684007,,ball,,,,,13.0,,R,R,L,CHC,SD,B,,,1,1,2026,1.03,0.15,-0.6136010902894558,1.3880264662025297,,,,0,5,Top,,,,,,,-6.365579380472887,-118.76870614986258,-2.741114375386612,10.985732916269596,21.346586195040807,-30.471221177242683,3.346382874,1.68882874,,,,82.0,1261.0,6.4,824662,665804,683737,663538,608324,621020,664023,691718,624424,54.1,,,,,,,,36,3,Split-Finger,1,2,2,1,2,1,2,1,Standard,Standard,125.0,-0.005,0.063,,,,,-0.063,,-1,1,0.363,0.637,32,27,33,27,3,2,5,1,5.0,1,3.26,1.03,-1.03,35.2,,,,,
FF,2026-06-29,90.9,1.36,5.54,"Tatis Jr., Fernando",665487,684007,,ball,,,,,11.0,,R,R,L,CHC,SD,B,,,0,1,2026,0.78,1.38,-1.0220048965796136,4.9248724663287335,,,,0,5,Top,,,,,,,-7.565374304641254,-132.24293190880852,1.4851076383638735,10.811796492628806,28.255847228910756,-16.571098602965122,3.346382874,1.68882874,,,,90.6,2460.0,6.1,824662,665804,683737,663538,608324,621020,664023,691718,624424,54.38,,,,,,,,36,2,4-Seam Fastball,1,2,2,1,2,1,2,1,Standard,Standard,144.0,-0.003,0.029,,,,,-0.029,,-1,1,0.366,0.634,32,27,33,27,3,2,5,1,5.0,1,1.38,0.78,-0.78,36.3,,,,,
SI,2026-06-29,88.4,1.45,5.52,"Tatis Jr., Fernando",665487,684007,,called_strike,,,,,6.0,,R,R,L,CHC,SD,S,,,0,0,2026,1.45,0.65,0.300801542566296,2.33614279250971,,,,0,5,Top,,,,,,,-5.813429217994914,-128.69563805812916,-2.8926352335734027,17.3741452298492,25.32580245918027,-24.5099786390024,3.346382874,1.68882874,,,,88.3,2439.0,6.1,824662,665804,683737,663538,608324,621020,664023,691718,624424,54.39,,,,,,,,36,1,Sinker,1,2,2,1,2,1,2,1,Standard,Standard,136.0,0.004,-0.041,,,,,0.041,,-1,1,0.362,0.638,32,27,33,27,3,2,5,1,5.0,1,2.25,1.45,-1.45,34.2,,,,,
FS,2026-06-29,82.9,1.43,5.44,"Tatis Jr., Fernando",665487,684007,fielders_choice_out,hit_into_play,,,,,8.0,"Fernando Tatis Jr. reaches on a fielder's choice out, shortstop Dansby Swanson to third baseman Alex Bregman. Xander Bogaerts scores. Freddy Fermin out at 3rd.",R,R,L,CHC,SD,X,6.0,ground_ball,1,0,2026,0.95,0.02,0.1421161802069824,2.171628758444856,593428.0,666023.0,,1,3,Top,108.23,155.23,,,,,-4.803044381119536,-120.63113521327855,-0.801415241890715,10.253872078299748,24.269091195812127,-31.99880051260929,3.346382874,1.68882874,10.0,102.1,-13.0,83.0,1101.0,6.4,824662,665804,683737,663538,608324,621020,664023,691718,624424,54.07,0.292,0.278,0.0,1.0,0.0,0.0,2.0,17,2,Split-Finger,0,0,0,0,1,0,1,0,Standard,Standard,111.0,0.012,-0.285,78.5,6.9,,0.319,0.285,102.1,0,0,0.402,0.598,32,27,33,27,2,1,5,1,5.0,1,3.3,0.95,-0.95,35.1,2.283574409573726,0.8119630438142444,32.55466740510858,40.067496415701314,33.91593685576344
FS,2026-06-29,83.2,1.52,5.43,"Tatis Jr., Fernando",665487,684007,,ball,,,,,12.0,,R,R,L,CHC,SD,B,,,0,0,2026,1.17,0.28,2.0172481554898636,2.566976249267801,593428.0,666023.0,,1,3,Top,,,,,,,-1.2022417394804816,-121.22379264553834,-0.510887079264216,11.792620973871257,22.834858003633464,-29.46981050813505,3.346382874,1.68882874,,,,83.3,1158.0,6.2,824662,665804,683737,663538,608324,621020,664023,691718,624424,54.27,,,,,,,,17,1,Split-Finger,0,0,0,0,0,0,0,0,Standard,Standard,126.0,-0.001,0.031,,,,,-0.031,,0,0,0.403,0.597,32,27,33,27,2,1,5,1,5.0,1,2.99,1.17,-1.17,34.2,,,,,
SI,2026-06-29,94.6,-2.17,5.46,"Tatis Jr., Fernando",665487,663423,single,hit_into_play,,,,,8.0,Fernando Tatis Jr. singles on a ground ball to second baseman Nico Hoerner.,R,R,R,CHC,SD,X,4.0,ground_ball,1,1,2026,-1.04,0.42,0.1274144368255283,2.009124380379869,,,,1,9,Top,151.81,139.52,,,,,8.28114537913665,-137.677446466426,-4.116381000449366,-14.988282981377646,27.03934991953649,-26.130673421659804,3.346382874,1.68882874,48.0,112.4,-1.0,95.1,2276.0,6.3,824662,665804,683737,663538,608324,621020,664023,691718,624424,54.19,0.543,0.513,0.9,1.0,1.0,0.0,4.0,72,3,Sinker,2,2,2,2,2,2,2,2,Standard,Standard,213.0,-0.06,0.428,76.7,7.0,,0.605,-0.428,112.4,0,0,0.56,0.44,32,27,33,27,1,4,2,1,2.0,1,2.1,1.04,1.04,43.5,-2.42853736911155,14.945424796442513,30.62142712027016,40.33495383589157,22.94345514740698
FF,2026-06-29,94.9,-3.36,5.32,"Tatis Jr., Fernando",665487,668970,strikeout,called_strike,,,,,9.0,Fernando Tatis Jr. called out on strikes.,R,R,R,CHC,SD,S,2.0,,3,2,2026,-0.75,1.06,0.636382652370809,1.765279247287191,,,,1,7,Top,,,,,,,12.120165867455436,-137.74255677838414,-5.909952174680733,-12.132691661642454,28.38406182856668,-17.481632839128665,3.346382874,1.68882874,,,,95.9,2801.0,6.9,824662,665804,683737,663538,608324,621020,664023,691718,624424,53.64,,0.0,0.0,1.0,0.0,0.0,,57,7,4-Seam Fastball,2,2,2,2,2,2,2,2,Standard,Standard,245.0,0.035,-0.345,,,,,0.345,,0,0,0.533,0.467,28,27,29,27,1,3,5,1,4.0,1,1.47,0.75,0.75,7.9,,,,,
ST,2026-06-29,82.3,-2.46,5.31,"Tatis Jr., Fernando",665487,663423,,ball,,,,,14.0,,R,R,R,CHC,SD,B,,,0,1,2026,1.65,-0.11,1.9445405704769945,1.1744663146935612,,,,1,9,Top,,,,,,,6.565957406381291,-119.70897769276434,-2.374768989247801,14.58935026483782,23.616675399716456,-32.97048967194442,3.346382874,1.68882874,,,,82.0,3041.0,6.1,824662,665804,683737,663538,608324,621020,664023,691718,624424,54.36,,,,,,,,72,2,Sweeper,2,2,2,2,2,2,2,2,Standard,Standard,47.0,-0.005,0.032,,,,,-0.032,,0,0,0.565,0.435,32,27,33,27,1,4,2,1,2.0,1,3.48,-1.65,-1.65,38.6,,,,,
FC,2026-06-29,89.9,-2.47,5.53,"Tatis Jr., Fernando",665487,663423,,swinging_strike,,,,,14.0,,R,R,R,CHC,SD,S,,,0,0,2026,0.35,0.07,1.095497450273549,1.6784744833077865,,,,1,9,Top,,,,,,,7.954313029382789,-130.79974307296058,-3.5522316517774284,2.585736734228415,24.493293307650163,-30.901354477523725,3.346382874,1.68882874,,,,90.1,2864.0,6.2,824662,665804,683737,663538,608324,621020,664023,691718,624424,54.31,,,,,,,,72,1,Cutter,2,2,2,2,2,2,2,2,Standard,Standard,159.0,0.007,-0.041,59.6,7.2,1.919815656,,0.041,,0,0,0.558,0.442,32,27,33,27,1,4,2,1,2.0,1,2.73,-0.35,-0.35,45.5,7.018003827078378,15.766824853427575,28.684265117284273,51.48213733208341,24.59704068898364
SI,2026-06-29,95.0,-3.33,5.37,"Tatis Jr., Fernando",665487,668970,,foul,,,,,5.0,,R,R,R,CHC,SD,S,,,3,2,2026,-1.67,0.41,-0.1747042431837127,2.630843362519763,,,,1,7,Top,,,,,,,12.004223515817694,-137.7669571800285,-2.1903080199251304,-23.992299663718597,32.47295512873003,-26.621051408108,3.346382874,1.68882874,2.0,71.8,-47.0,95.2,2675.0,6.7,824662,665804,683737,663538,608324,621020,664023,691718,624424,53.79,,,,,,,,57,6,Sinker,2,2,2,2,2,2,2,2,Standard,Standard,243.0,0.0,0.0,75.8,7.5,,,0.0,88.0,0,0,0.533,0.467,28,27,29,27,1,3,5,1,4.0,1,2.14,1.67,1.67,9.8,13.169633483852005,-1.6786200703301537,24.511854154277028,38.84410756759223,33.007828948182436
ST,2026-06-29,84.3,-3.6,5.16,"Tatis Jr., Fernando",665487,668970,,ball,,,,,11.0,,R,R,R,CHC,SD,B,,,2,2,2026,1.44,0.43,-0.2288515305896559,3.72500061074497,,,,1,7,Top,,,,,,,4.83222199522065,-122.62039947195647,2.386232397459552,13.373539172920855,26.08395310492265,-28.61912462315633,3.346382874,1.68882874,,,,84.3,2615.0,6.5,824662,665804,683737,663538,608324,621020,664023,691718,624424,54.01,,,,,,,,57,5,Sweeper,2,2,2,2,2,2,2,2,Standard,Standard,81.0,-0.01,0.112,,,,,-0.112,,0,0,0.543,0.457,28,27,29,27,1,3,5,1,4.0,1,2.8,-1.44,-1.44,9.8,,,,,
ST,2026-06-29,86.2,-3.48,5.18,"Tatis Jr., Fernando",665487,668970,,swinging_strike,,,,,6.0,,R,R,R,CHC,SD,S,,,2,1,2026,1.07,0.4,0.4002490736761412,2.6283766286273926,,,,1,7,Top,,,,,,,6.92790331543292,-125.42451274775944,-0.4619271779986865,9.864021343922335,25.556168502903724,-28.09688514198062,3.346382874,1.68882874,,,,86.8,2507.0,6.7,824662,665804,683737,663538,608324,621020,664023,691718,624424,53.82,,,,,,,,57,4,Sweeper,2,2,2,2,2,2,2,2,Standard,Standard,77.0,0.008,-0.075,75.2,6.9,0.534326928,,0.075,,0,0,0.535,0.465,28,27,29,27,1,3,5,1,4.0,1,2.67,-1.07,-1.07,8.0,1.9345197277287765,24.74057377001334,27.56313135243584,46.958904017080336,13.76536196261998
FS,2026-06-29,82.0,1.33,5.56,"Tatis Jr., Fernando",665487,684007,strikeout,swinging_strike,,,,,9.0,Fernando Tatis Jr. strikes out swinging.,R,R,L,CHC,SD,S,2.0,,1,2,2026,1.01,0.32,0.5244595029609537,1.6434569581091,,,,0,1,Top,,,,,,,-3.789629614515451,-119.39268407692624,-2.740622746889776,10.390610016774792,22.49639412486562,-28.77338483697292,3.346382874,1.68882874,,,,82.2,1028.0,6.4,824662,665804,683737,663538,608324,621020,664023,691718,624424,54.15,,0.0,0.0,1.0,0.0,0.0,,1,4,Split-Finger,0,0,0,0,0,0,0,0,Standard,Standard,123.0,0.015,-0.187,72.9,7.8,2.035834524,,0.187,,0,0,0.507,0.493,32,27,33,27,1,0,5,1,5.0,1,3.06,1.01,-1.01,35.7,13.34401964372814,-15.1478011759322,27.53755918655395,45.22618753370817,46.60127137048676
FS,2026-06-29,83.4,1.35,5.56,"Tatis Jr., Fernando",665487,684007,,ball,,,,,13.0,,R,R,L,CHC,SD,B,,,0,2,2026,0.96,0.41,-1.4445524601408808,-1.2477154012305731,,,,0,1,Top,,,,,,,-8.250802264296558,-121.00582380335752,-9.719046282892704,10.940726451717472,21.93071382346532,-26.459442465946054,3.346382874,1.68882874,,,,83.6,1382.0,6.4,824662,665804,683737,663538,608324,621020,664023,691718,624424,54.09,,,,,,,,1,3,Split-Finger,0,0,0,0,0,0,0,0,Standard,Standard,124.0,-0.002,0.022,,,,,-0.022,,0,0,0.509,0.491,32,27,33,27,1,0,5,1,5.0,1,2.87,0.96,-0.96,36.6,,,,,
SI,2026-06-29,95.0,-3.15,5.32,"Tatis Jr., Fernando",665487,668970,,ball,,,,,11.0,,R,R,R,CHC,SD,B,,,1,1,2026,-1.69,0.22,-0.7049191900793692,3.575788619696961,,,,1,7,Top,,,,,,,10.175402120859724,-137.94642446228747,0.7769287199959036,-23.88112717907352,30.87180288844451,-29.767324192395893,3.346382874,1.68882874,,,,95.1,2661.0,6.5,824662,665804,683737,663538,608324,621020,664023,691718,624424,54.03,,,,,,,,57,3,Sinker,2,2,2,2,2,2,2,2,Standard,Standard,244.0,-0.005,0.056,,,,,-0.056,,0,0,0.54,0.46,28,27,29,27,1,3,5,1,4.0,1,2.32,1.69,1.69,8.6,,,,,
FS,2026-06-29,82.2,1.33,5.56,"Tatis Jr., Fernando",665487,684007,,swinging_strike,,,,,13.0,,R,R,L,CHC,SD,S,,,0,1,2026,0.79,0.4,-0.597016207648357,0.9694467573179656,,,,0,1,Top,,,,,,,-5.872695874607272,-119.64085184166012,-4.474163596923222,8.676447518897884,21.176134659215833,-27.7079067128465,3.346382874,1.68882874,,,,82.7,1340.0,6.4,824662,665804,683737,663538,608324,621020,664023,691718,624424,54.1,,,,,,,,1,2,Split-Finger,0,0,0,0,0,0,0,0,Standard,Standard,124.0,0.006,-0.054,40.5,7.2,10.943777556,,0.054,,0,0,0.503,0.497,32,27,33,27,1,0,5,1,5.0,1,2.95,0.79,-0.79,36.8,16.734890001265306,-9.482649451484924,30.505154680997983,33.01760721396954,41.94588716639171
SI,2026-06-29,94.1,-3.3,5.32,"Tatis Jr., Fernando",665487,668970,,swinging_strike,,,,,2.0,,R,R,R,CHC,SD,S,,,1,0,2026,-1.67,0.37,-0.2760436200466118,2.915501531356611,,,,1,7,Top,,,,,,,11.556292406321546,-136.61998996485735,-1.1469200322401525,-23.410845192836444,30.277614708854045,-27.478394498266255,3.346382874,1.68882874,,,,94.5,2643.0,6.6,824662,665804,683737,663538,608324,621020,664023,691718,624424,53.86,,,,,,,,57,2,Sinker,2,2,2,2,2,2,2,2,Standard,Standard,244.0,0.005,-0.05,60.6,5.4,0.514431024,,0.05,,0,0,0.535,0.465,28,27,29,27,1,3,5,1,4.0,1,2.22,1.67,1.67,10.1,-9.642249038730084,46.914270540599496,30.73697827405361,37.86141017570665,3.2121641684747377
ST,2026-06-29,79.9,1.52,5.5,"Tatis Jr., Fernando",665487,684007,,called_strike,,,,,2.0,,R,R,L,CHC,SD,S,,,0,0,2026,-1.24,0.19,0.0951158135100986,3.305829377893451,,,,0,1,Top,,,,,,,-0.725922842957234,-116.41065038817578,1.622635296511458,-11.158144172698078,20.580184675698423,-30.887408868883885,3.346382874,1.68882874,,,,79.6,2240.0,5.9,824662,665804,683737,663538,608324,621020,664023,691718,624424,54.59,,,,,,,,1,1,Sweeper,0,0,0,0,0,0,0,0,Standard,Standard,300.0,0.003,-0.041,,,,,0.041,,0,0,0.5,0.5,32,27,33,27,1,0,5,1,5.0,1,3.35,-1.24,1.24,36.0,,,,,
FF,2026-06-29,94.3,-3.1,5.36,"Tatis Jr., Fernando",665487,668970,,ball,,,,,12.0,,R,R,R,CHC,SD,B,,,0,0,2026,-0.96,0.81,1.344690372377952,2.717172660192446,,,,1,7,Top,,,,,,,13.596039122478278,-136.68697141757272,-2.8298065465129616,-14.903802429124092,27.705285715935144,-21.540086693548695,3.346382874,1.68882874,,,,94.8,2812.0,6.6,824662,665804,683737,663538,608324,621020,664023,691718,624424,53.9,,,,,,,,57,1,4-Seam Fastball,2,2,2,2,2,2,2,2,Standard,Standard,249.0,-0.004,0.041,,,,,-0.041,,0,0,0.539,0.461,28,27,29,27,1,3,5,1,4.0,1,1.76,0.96,0.96,9.2,,,,,
FF,2026-06-28,95.1,-1.14,5.4,"Tatis Jr., Fernando",665487,686218,hit_by_pitch,hit_by_pitch,,,,,11.0,Fernando Tatis Jr. hit by pitch. Sung-Mun Song to 2nd.,R,R,R,SD,LAD,B,,,1,2,2026,-0.79,1.55,-1.50469269326948,4.39672417512535,,,823550.0,2,5,Bot,,,,,,,0.8687942004812427,-138.4870161546477,-0.3734768703175207,-10.386698868895945,31.95746896337061,-12.392385466824075,3.346382874,1.68882874,,,,95.7,2519.0,6.7,823281,642020,518692,690976,571970,605141,669242,681624,663656,53.82,,0.729366,0.7,1.0,0.0,0.0,,43,6,4-Seam Fastball,1,4,1,4,4,1,1,4,Standard,Standard,205.0,0.033,0.346,,,,,-0.346,,-3,-3,0.154,0.154,26,27,27,27,3,2,7,1,7.0,1,0.97,0.79,0.79,36.4,,,,,
CU,2026-06-28,81.4,-1.18,5.35,"Tatis Jr., Fernando",665487,686218,,foul,,,,,3.0,,R,R,R,SD,LAD,S,,,1,2,2026,0.61,-0.8,0.7560620489850896,3.0912274784388982,,,823550.0,2,5,Bot,,,,,,,3.1313823752638603,-118.50780892374505,3.30019298091016,5.108708950869886,22.637650094310793,-40.56129859694675,3.346382874,1.68882874,171.0,82.8,61.0,81.9,2711.0,6.6,823281,642020,518692,690976,571970,605141,669242,681624,663656,53.89,,,,,,,,43,5,Curveball,1,4,1,4,4,1,1,4,Infield shade,Standard,49.0,0.0,0.0,68.3,6.9,,,0.0,88.0,-3,-3,0.154,0.154,26,27,27,27,3,2,7,1,7.0,1,4.24,-0.61,-0.61,32.3,11.459719104036628,18.24102891567334,19.73289318259445,47.374722437904616,26.049588176260016
CH,2026-06-28,86.6,-1.06,5.36,"Tatis Jr., Fernando",665487,686218,,foul,,,,,4.0,,R,R,R,SD,LAD,S,,,1,2,2026,-1.47,0.0,-0.2785984742617677,2.26283228534377,,,823550.0,2,5,Bot,,,,,,,4.9224628585416905,-126.06082429930738,-0.9628177596494764,-16.646416378216323,26.207111429030977,-32.19488342562511,3.346382874,1.68882874,8.0,81.4,-18.0,87.0,1250.0,6.6,823281,642020,518692,690976,571970,605141,669242,681624,663656,53.93,,,,,,,,43,4,Changeup,1,4,1,4,4,1,1,4,Standard,Standard,261.0,0.0,0.0,79.4,8.1,,,0.0,88.0,-3,-3,0.154,0.154,26,27,27,27,3,2,7,1,7.0,1,3.04,1.47,1.47,31.4,16.339196437945635,-30.651478086862777,23.459723373751743,36.467451425733096,48.92477745840239
FF,2026-06-28,96.6,-1.12,5.3,"Tatis Jr., Fernando",665487,686218,,ball,,,,,14.0,,R,R,R,SD,LAD,B,,,0,2,2026,-0.57,1.64,2.1926824146283024,1.4978887693876808,,,823550.0,2,5,Bot,,,,,,,10.095528818106969,-140.0606220988292,-8.14127336715446,-9.88722346607341,33.56737393093495,-8.795912358987634,3.346382874,1.68882874,,,,97.0,2536.0,6.9,823281,642020,518692,690976,571970,605141,669242,681624,663656,53.64,,,,,,,,43,3,4-Seam Fastball,1,4,1,4,4,1,1,4,Standard,Standard,207.0,0.003,0.021,,,,,-0.021,,-3,-3,0.151,0.151,26,27,27,27,3,2,7,1,7.0,1,0.83,0.57,0.57,31.8,,,,,
FF,2026-06-28,95.4,-1.13,5.42,"Tatis Jr., Fernando",665487,686218,,swinging_strike,,,,,11.0,,R,R,R,SD,LAD,S,,,0,1,2026,-0.73,1.81,-0.2924655812053454,4.269969674805824,,,823550.0,2,5,Bot,,,,,,,3.8790632761126775,-138.8056365965707,-1.35878085310706,-10.306701355625425,33.5280426496992,-8.860490508835744,3.346382874,1.68882874,,,,95.7,2590.0,6.7,823281,642020,518692,690976,571970,605141,669242,681624,663656,53.84,,,,,,,,43,2,4-Seam Fastball,1,4,1,4,4,1,1,4,Standard,Standard,210.0,-0.006,-0.061,54.6,5.8,0.367453116,,0.061,,-3,-3,0.157,0.157,26,27,27,27,3,2,7,1,7.0,1,0.72,0.73,0.73,33.9,10.99170399033475,26.567137046766092,17.47706114148863,36.25097173765601,17.622560839405182
FF,2026-06-28,95.4,-1.34,5.23,"Tatis Jr., Fernando",665487,686218,,swinging_strike,,,,,1.0,,R,R,R,SD,LAD,S,,,0,0,2026,-0.58,1.83,-0.4284069023447819,3.373521618383981,,,823550.0,2,5,Bot,,,,,,,3.7316915500574344,-138.83826247111844,-3.2854562469149973,-8.36512026541313,32.71065433196101,-8.008235638856243,3.346382874,1.68882874,,,,95.8,2591.0,6.7,823281,642020,518692,690976,571970,605141,669242,681624,663656,53.84,,,,,,,,43,1,4-Seam Fastball,1,4,1,4,4,1,1,4,Standard,Standard,207.0,-0.004,-0.041,79.1,6.8,2.478902544,,0.041,,-3,-3,0.161,0.161,26,27,27,27,3,2,7,1,7.0,1,0.68,0.58,0.58,30.6,6.6898718433133775,5.854826067890678,28.602370814184848,35.04198143402675,25.20896991288752
FF,2026-06-28,93.8,-1.12,5.43,"Tatis Jr., Fernando",665487,686218,field_out,hit_into_play,,,,,12.0,Fernando Tatis Jr. pops out to catcher Chuckie Robinson in foul territory.,R,R,R,SD,LAD,X,2.0,popup,2,2,2026,-0.72,1.6,0.1924679225229226,3.683016716407737,,823550.0,,1,3,Bot,139.82,202.23,,,,,4.993650203345163,-136.56018841246282,-2.225515244585829,-10.077927181125771,31.15647909230262,-11.894014740420705,3.346382874,1.68882874,11.0,88.5,82.0,94.2,2502.0,6.6,823281,642020,518692,690976,571970,605141,669242,681624,663656,53.91,0.003,0.003,0.0,1.0,0.0,0.0,3.0,22,5,4-Seam Fastball,0,1,0,1,1,0,0,1,Standard,Standard,201.0,-0.037,-0.217,77.7,7.1,,0.003,0.217,88.5,-1,-1,0.454,0.454,26,27,27,27,2,1,7,1,7.0,1,0.99,0.72,0.72,33.9,15.043359324629622,-2.5724873659097933,19.087780472484383,41.47289127738635,32.13514907817005
CH,2026-06-28,87.2,-1.26,5.33,"Tatis Jr., Fernando",665487,686218,,blocked_ball,,,,,14.0,,R,R,R,SD,LAD,B,,,1,2,2026,-1.84,0.06,1.0387840806300377,-0.9809132246721926,,823550.0,,1,3,Bot,,,,,,,9.310144359614116,-126.3609631726365,-8.79532901220402,-21.585491024689414,26.34938818613459,-29.774835684061056,3.346382874,1.68882874,,,,87.1,1595.0,6.5,823281,642020,518692,690976,571970,605141,669242,681624,663656,53.97,,,,,,,,22,4,Changeup,0,1,0,1,1,0,0,1,Standard,Standard,256.0,0.007,0.029,,,,,-0.029,,-1,-1,0.447,0.447,26,27,27,27,2,1,7,1,7.0,1,2.96,1.84,1.84,31.2,,,,,
CU,2026-06-28,79.0,-1.26,5.37,"Tatis Jr., Fernando",665487,686218,,swinging_strike,,,,,8.0,,R,R,R,SD,LAD,S,,,1,1,2026,0.86,-1.03,0.1547482329387832,1.873391077767265,,823550.0,,1,3,Bot,,,,,,,1.4159865700582883,-114.9925842161998,1.396124953717688,7.325131709993639,22.328334408728743,-41.789807209093304,3.346382874,1.68882874,,,,79.1,2631.0,6.4,823281,642020,518692,690976,571970,605141,669242,681624,663656,54.07,,,,,,,,22,3,Curveball,0,1,0,1,1,0,0,1,Infield shade,Standard,47.0,-0.011,-0.071,80.6,8.2,0.78991566,,0.071,,-1,-1,0.458,0.458,26,27,27,27,2,1,7,1,7.0,1,4.7,-0.86,-0.86,34.4,18.356697568272743,-30.804117830107945,28.71027655599318,39.38908272008331,56.03636134045925
SL,2026-06-28,87.1,-1.39,5.37,"Tatis Jr., Fernando",665487,686218,,foul,,,,,6.0,,R,R,R,SD,LAD,S,,,1,0,2026,0.16,0.04,0.5873476694216432,2.5135767855318396,,823550.0,,1,3,Bot,,,,,,,4.380848932677049,-126.77546230216603,-0.5320776113343726,0.7619954747509816,27.697530502882216,-31.831002997455045,3.346382874,1.68882874,,,,87.4,2297.0,6.6,823281,642020,518692,690976,571970,605141,669242,681624,663656,53.87,,,,,,,,22,2,Slider,0,1,0,1,1,0,0,1,Standard,Standard,155.0,-0.005,-0.052,66.0,7.7,,,0.052,,-1,-1,0.463,0.463,26,27,27,27,2,1,7,1,7.0,1,2.98,-0.16,-0.16,31.5,20.325425743681393,-10.288400890960167,22.536963414238567,45.91495763601397,38.24214760112203
FF,2026-06-28,94.7,-1.32,5.44,"Tatis Jr., Fernando",665487,686218,,ball,,,,,11.0,,R,R,R,SD,LAD,B,,,0,0,2026,-0.74,1.73,-0.0981086467437207,3.687919345185906,,823550.0,,1,3,Bot,,,,,,,4.833089377582936,-137.74282691606078,-2.6482023449014855,-10.4563431446585,32.28151797721494,-9.786432420091296,3.346382874,1.68882874,,,,95.0,2431.0,6.6,823281,642020,518692,690976,571970,605141,669242,681624,663656,53.92,,,,,,,,22,1,4-Seam Fastball,0,1,0,1,1,0,0,1,Standard,Standard,205.0,0.003,0.04,,,,,-0.04,,-1,-1,0.46,0.46,26,27,27,27,2,1,7,1,7.0,1,0.82,0.74,0.74,33.7,,,,,
FF,2026-06-28,98.4,-0.66,5.44,"Tatis Jr., Fernando",665487,694361,single,hit_into_play,,,,,6.0,Fernando Tatis Jr. singles on a sharp ground ball to right fielder Kyle Tucker.,R,R,R,SD,LAD,X,9.0,ground_ball,1,0,2026,-0.66,1.23,0.6496571290154266,2.5916820534999765,,,,1,7,Bot,170.23,123.12,,,,,5.112090138427247,-143.23215817714595,-5.017689696046684,-10.27697565625801,33.233728027849935,-14.224956551304652,3.346382874,1.68882874,69.0,111.8,1.0,99.3,2331.0,6.8,823281,642020,518692,690976,571970,605141,669242,681624,663656,53.74,0.583,0.527,0.9,1.0,1.0,0.0,4.0,60,2,4-Seam Fastball,2,4,2,4,4,2,2,4,Standard,Standard,215.0,0.042,0.378,74.9,7.0,,0.624,-0.378,111.8,-2,-2,0.186,0.186,26,27,27,27,1,3,6,1,4.0,1,1.12,0.66,0.66,44.4,4.172917429757271,26.429632083320005,24.762668125474157,47.18230237285904,19.586621292660844
ST,2026-06-28,90.6,-1.37,5.21,"Tatis Jr., Fernando",665487,694361,,ball,,,,,12.0,,R,R,R,SD,LAD,B,,,0,0,2026,0.96,-0.2,1.3917302971079248,2.7690762175103436,,,,1,7,Bot,,,,,,,4.75177277814047,-131.9946643372106,0.4276477670439567,10.23319315228183,27.046157601844484,-34.80937663509231,3.346382874,1.68882874,,,,91.3,2696.0,6.6,823281,642020,518692,690976,571970,605141,669242,681624,663656,53.93,,,,,,,,60,1,Sweeper,2,4,2,4,4,2,2,4,Standard,Standard,77.0,0.005,0.041,,,,,-0.041,,-2,-2,0.181,0.181,26,27,27,27,1,3,6,1,4.0,1,2.96,-0.96,-0.96,33.4,,,,,
SI,2026-06-28,100.9,-2.07,5.85,"Tatis Jr., Fernando",665487,683618,grounded_into_double_play,hit_into_play,,,,,13.0,"Fernando Tatis Jr. grounds into a double play, shortstop Mookie Betts to first baseman Freddie Freeman. Freddy Fermin out at 2nd. Fernando Tatis Jr. out at 1st.",R,R,R,SD,LAD,X,6.0,ground_ball,0,0,2026,-1.4,1.12,-1.0076788890734685,2.367291510438815,,,666023.0,1,9,Bot,112.6,149.49,,,,,6.315546749364152,-146.7522021758741,-6.85707267479758,-21.675973672438467,35.36920120008731,-14.504281211399462,3.346382874,1.68882874,15.0,86.7,-8.0,101.2,2521.0,6.5,823281,642020,518692,500743,571970,605141,669242,681624,663656,54.0,0.153,0.139,0.0,1.0,0.0,0.0,2.0,75,1,Sinker,2,4,2,4,4,2,2,4,Standard,Standard,216.0,-0.112,-0.32,72.4,6.9,,0.176,0.32,88.0,-2,-2,0.112,0.112,24,27,24,27,1,4,2,1,4.0,1,1.12,1.4,1.4,33.9,0.0706614574850237,12.282940982262469,37.20849597091395,30.017230637283777,22.902824757940945
SL,2026-06-28,87.5,-1.47,5.32,"Tatis Jr., Fernando",665487,686218,field_out,hit_into_play,,,,,5.0,"Fernando Tatis Jr. grounds out, shortstop Mookie Betts to first baseman Freddie Freeman.",R,R,R,SD,LAD,X,6.0,ground_ball,2,1,2026,0.16,0.04,0.1118795866222771,2.6235574237910617,,,,0,1,Bot,110.58,144.56,,,,,3.456178886163316,-127.45136196928756,-0.2807195061493198,1.009325877273319,25.868753637070988,-31.861262847548417,3.346382874,1.68882874,18.0,93.7,-8.0,87.9,2535.0,6.5,823281,642020,518692,690976,571970,605141,669242,681624,663656,54.05,0.242,0.245,0.0,1.0,0.0,0.0,2.0,5,4,Slider,0,0,0,0,0,0,0,0,Infield shade,Standard,117.0,-0.025,-0.31,78.2,7.2,,0.295,0.31,93.7,0,0,0.551,0.551,26,27,27,27,1,0,7,1,7.0,1,2.93,-0.16,-0.16,30.1,6.724045330371001,4.511682182306153,26.270885198355135,39.14789575043279,29.752333722845513
FF,2026-06-28,95.5,-1.05,5.59,"Tatis Jr., Fernando",665487,686218,,ball,,,,,12.0,,R,R,R,SD,LAD,B,,,1,1,2026,-0.41,1.73,0.8792513286391155,4.172607616705871,,,,0,1,Bot,,,,,,,5.988135614551516,-138.91001929909518,-1.874670170677287,-6.769555824467507,33.38816905904355,-9.692157989184327,3.346382874,1.68882874,,,,95.5,2586.0,6.5,823281,642020,518692,690976,571970,605141,669242,681624,663656,54.01,,,,,,,,5,3,4-Seam Fastball,0,0,0,0,0,0,0,0,Infield shade,Standard,199.0,0.004,0.063,,,,,-0.063,,0,0,0.547,0.547,26,27,27,27,1,0,7,1,7.0,1,0.79,0.41,0.41,37.8,,,,,
SL,2026-06-28,88.3,-1.37,5.37,"Tatis Jr., Fernando",665487,686218,,ball,,,,,11.0,,R,R,R,SD,LAD,B,,,0,1,2026,0.15,0.2,-0.6609067766559895,3.872553538932203,,,,0,1,Bot,,,,,,,1.4017169933331972,-128.66952609081463,2.1590444464122136,1.3335779198644104,26.47903055991165,-30.59459474990226,3.346382874,1.68882874,,,,88.6,2510.0,6.4,823281,642020,518692,690976,571970,605141,669242,681624,663656,54.13,,,,,,,,5,2,Slider,0,0,0,0,0,0,0,0,Standard,Standard,163.0,0.002,0.029,,,,,-0.029,,0,0,0.545,0.545,26,27,27,27,1,0,7,1,7.0,1,2.71,-0.15,-0.15,30.0,,,,,
FF,2026-06-28,93.5,-1.08,5.6,"Tatis Jr., Fernando",665487,686218,,called_strike,,,,,1.0,,R,R,R,SD,LAD,S,,,0,0,2026,-0.73,1.76,-0.5669015099198923,2.8716033080350236,,,,0,1,Bot,,,,,,,2.95589917450167,-136.05205827698117,-5.0411923440723365,-9.745068318722923,30.959899453655677,-9.449592092540538,3.346382874,1.68882874,,,,93.7,2566.0,6.5,823281,642020,518692,690976,571970,605141,669242,681624,663656,53.99,,,,,,,,5,1,4-Seam Fastball,0,0,0,0,0,0,0,0,Standard,Standard,201.0,-0.003,-0.041,,,,,0.041,,0,0,0.548,0.548,26,27,27,27,1,0,7,1,7.0,1,0.86,0.73,0.73,37.9,,,,,
FF,2026-06-27,95.8,-1.8,5.33,"Tatis Jr., Fernando",665487,808967,field_out,hit_into_play,,,,,2.0,Fernando Tatis Jr. flies out sharply to center fielder Andy Pages.,R,R,R,SD,LAD,X,8.0,fly_ball,3,1,2026,-0.69,1.45,-0.0152962113686686,2.838759733912679,,,,0,6,Bot,110.03,46.15,,,,,6.2902194836249885,-139.49381144399266,-4.194887843801669,-10.441040673786592,29.513555712222217,-12.47306582982039,3.346382874,1.68882874,379.0,109.2,39.0,96.8,2242.0,6.7,823283,687221,518692,690976,571970,605141,669242,681624,663656,53.84,0.726,1.503,0.0,1.0,0.0,0.0,6.0,51,5,4-Seam Fastball,1,10,1,10,10,1,1,10,Infield shade,Standard,219.0,-0.003,-0.447,82.4,7.5,,2.913,0.447,109.2,-9,-9,0.006,0.006,27,27,28,27,3,2,7,1,7.0,1,1.02,0.69,0.69,42.2,9.956726696757718,-3.2167742666679753,30.483056891441333,37.85780973977563,34.93620704036332
FS,2026-06-27,90.2,-1.79,5.26,"Tatis Jr., Fernando",665487,808967,,ball,,,,,13.0,,R,R,R,SD,LAD,B,,,2,1,2026,-1.15,0.35,-0.0560186792022205,0.2426871154362824,,,,0,6,Bot,,,,,,,6.80172518230326,-131.21316538240714,-7.116039946072427,-14.7120018734262,25.617852218044035,-26.82300537738157,3.346382874,1.68882874,,,,91.2,1407.0,6.7,823283,687221,518692,690976,571970,605141,669242,681624,663656,53.77,,,,,,,,51,4,Split-Finger,1,10,1,10,10,1,1,10,Infield shade,Standard,237.0,0.001,0.137,,,,,-0.137,,-9,-9,0.005,0.005,27,27,28,27,3,2,7,1,7.0,1,2.43,1.15,1.15,40.0,,,,,
FS,2026-06-27,90.1,-1.92,5.21,"Tatis Jr., Fernando",665487,808967,,swinging_strike,,,,,14.0,,R,R,R,SD,LAD,S,,,2,0,2026,-1.09,0.18,0.1862947882858618,1.3245489733571718,,,,0,6,Bot,,,,,,,7.598416546622475,-131.0100670260878,-3.8915000767417913,-14.186625009637174,27.38097739751356,-29.41961835652076,3.346382874,1.68882874,,,,90.9,1344.0,6.8,823283,687221,518692,690976,571970,605141,669242,681624,663656,53.72,,,,,,,,51,3,Split-Finger,1,10,1,10,10,1,1,10,Infield shade,Standard,238.0,-0.001,-0.073,82.6,7.8,1.556196948,,0.073,,-9,-9,0.006,0.006,27,27,28,27,3,2,7,1,7.0,1,2.62,1.09,1.09,40.0,7.852696113777282,-7.249670070754507,32.37750640143166,40.39800822033037,32.433353612315784
FS,2026-06-27,89.8,-1.83,5.47,"Tatis Jr., Fernando",665487,808967,,ball,,,,,13.0,,R,R,R,SD,LAD,B,,,1,0,2026,-1.28,0.12,-1.5178953044833583,2.360070535457002,,,,0,6,Bot,,,,,,,3.5450836141399913,-130.76074378029762,-1.79523045405448,-15.438661105501378,27.49863016573118,-30.597064359108003,3.346382874,1.68882874,,,,90.3,1341.0,6.6,823283,687221,518692,690976,571970,605141,669242,681624,663656,53.92,,,,,,,,51,2,Split-Finger,1,10,1,10,10,1,1,10,Standard,Standard,234.0,0.001,0.082,,,,,-0.082,,-9,-9,0.005,0.005,27,27,28,27,3,2,7,1,7.0,1,2.7,1.28,1.28,42.6,,,,,
SI,2026-06-27,93.5,-1.75,5.35,"Tatis Jr., Fernando",665487,808967,,ball,,,,,13.0,,R,R,R,SD,LAD,B,,,0,0,2026,-1.3,1.25,-1.001123664312635,2.400488740364104,,,,0,6,Bot,,,,,,,4.865511496399382,-136.0314191890679,-4.483081895414757,-17.235343576158566,29.307884531650384,-15.91008158029286,3.346382874,1.68882874,,,,94.2,2150.0,6.7,823283,687221,518692,690976,571970,605141,669242,681624,663656,53.85,,,,,,,,51,1,Sinker,1,10,1,10,10,1,1,10,Standard,Standard,211.0,0.0,0.042,,,,,-0.042,,-9,-9,0.005,0.005,27,27,28,27,3,2,7,1,7.0,1,1.36,1.3,1.3,42.2,,,,,
FC,2026-06-27,93.0,-1.87,5.26,"Tatis Jr., Fernando",665487,808967,field_out,hit_into_play,,,,,2.0,Fernando Tatis Jr. flies out sharply to center fielder Andy Pages.,R,R,R,SD,LAD,X,8.0,fly_ball,3,1,2026,0.33,0.78,0.165627754088604,2.891556517394088,,,,0,4,Bot,111.87,75.45,,,,,4.456067356796566,-135.57764930790995,-1.9297334530439905,3.2387084360566134,26.614993470533804,-22.332733148258992,3.346382874,1.68882874,309.0,104.1,43.0,94.1,2482.0,6.6,823283,687221,518692,690976,571970,605141,669242,681624,663656,53.91,0.189,0.355,0.0,1.0,0.0,0.0,5.0,27,5,Cutter,0,1,0,1,1,0,0,1,Infield shade,Standard,176.0,-0.05,-0.447,,,,0.696,0.447,104.1,-1,-1,0.448,0.448,27,27,28,27,2,1,7,1,7.0,1,1.83,-0.33,-0.33,37.8,,,,,
SL,2026-06-27,89.1,-1.91,5.18,"Tatis Jr., Fernando",665487,808967,,ball,,,,,14.0,,R,R,R,SD,LAD,B,,,2,1,2026,0.19,0.47,0.699924609336535,1.0775620296446515,,,,0,4,Bot,,,,,,,5.959915066475535,-129.69064326932607,-4.909218275984159,1.1235898546086844,23.40084065608755,-26.12264294524741,3.346382874,1.68882874,,,,90.2,2764.0,6.6,823283,687221,518692,690976,571970,605141,669242,681624,663656,53.86,,,,,,,,27,4,Slider,0,1,0,1,1,0,0,1,Infield shade,Standard,117.0,0.015,0.137,,,,,-0.137,,-1,-1,0.433,0.433,27,27,28,27,2,1,7,1,7.0,1,2.37,-0.19,-0.19,39.0,,,,,
SI,2026-06-27,96.1,-1.85,5.3,"Tatis Jr., Fernando",665487,808967,,foul,,,,,5.0,,R,R,R,SD,LAD,S,,,2,0,2026,-0.97,0.98,-0.0308939424895424,2.7427668739207225,,,,0,4,Bot,,,,,,,7.016918913357521,-139.82359334835758,-3.2874418858152596,-14.23452463578563,29.871951691355495,-18.753412779573416,3.346382874,1.68882874,144.0,81.2,72.0,96.7,2438.0,6.5,823283,687221,518692,690976,571970,605141,669242,681624,663656,53.99,,,,,,,,27,3,Sinker,0,1,0,1,1,0,0,1,Infield shade,Standard,214.0,-0.01,-0.073,77.3,7.4,,,0.073,88.0,-1,-1,0.443,0.443,27,27,28,27,2,1,7,1,7.0,1,1.48,0.97,0.97,37.5,2.66754615361593,-5.066958059036391,28.58998509849475,37.656247900559734,29.41881338441501
FF,2026-06-27,96.3,-1.92,5.29,"Tatis Jr., Fernando",665487,808967,,ball,,,,,14.0,,R,R,R,SD,LAD,B,,,1,0,2026,-0.62,1.43,1.0627109563307455,1.409732686821564,,,,0,4,Bot,,,,,,,9.312264593220997,-139.90974189706787,-7.890441066338463,-10.121004910882103,28.24521478818325,-11.7620248292672,3.346382874,1.68882874,,,,97.4,2381.0,6.7,823283,687221,518692,690976,571970,605141,669242,681624,663656,53.76,,,,,,,,27,2,4-Seam Fastball,0,1,0,1,1,0,0,1,Infield shade,Standard,218.0,0.01,0.082,,,,,-0.082,,-1,-1,0.433,0.433,27,27,28,27,2,1,7,1,7.0,1,1.02,0.62,0.62,39.0,,,,,
SL,2026-06-27,89.1,-1.76,5.24,"Tatis Jr., Fernando",665487,808967,,ball,,,,,14.0,,R,R,R,SD,LAD,B,,,0,0,2026,0.45,0.55,1.5909369776246836,1.412173319072879,,,,0,4,Bot,,,,,,,7.199096756785627,-129.52895248723738,-4.327971764322457,3.527699860276373,27.190827115138173,-25.25520042867987,3.346382874,1.68882874,,,,89.5,2913.0,6.6,823283,687221,518692,690976,571970,605141,669242,681624,663656,53.92,,,,,,,,27,1,Slider,0,1,0,1,1,0,0,1,Infield shade,Standard,114.0,0.005,0.042,,,,,-0.042,,-1,-1,0.428,0.428,27,27,28,27,2,1,7,1,7.0,1,2.33,-0.45,-0.45,41.1,,,,,
SL,2026-06-27,89.3,-1.29,5.63,"Tatis Jr., Fernando",665487,669165,single,hit_into_play,,,,,2.0,Fernando Tatis Jr. singles on a sharp line drive to left fielder Tommy Edman. Will Wagner scores. Freddy Fermin to 2nd.,R,R,R,SD,LAD,X,7.0,line_drive,0,2,2026,0.34,0.13,-0.1190023562393873,2.972392677521528,,695238.0,666023.0,1,7,Bot,66.81,103.09,,,,,2.1392999107427473,-129.95073229293453,-0.5383753403135891,3.2794607367958517,30.49022090721967,-30.810296307861616,3.346382874,1.68882874,279.0,108.5,13.0,89.2,2322.0,6.5,823283,687221,518692,690976,571970,605141,669242,681624,663656,54.0,0.831,0.842,0.9,1.0,1.0,0.0,5.0,64,3,Slider,2,10,2,10,10,3,3,10,Standard,Standard,46.0,0.011,0.579,76.5,7.4,,1.158,-0.579,108.5,-8,-8,0.007,0.007,28,27,28,27,1,3,3,1,2.0,1,2.75,-0.34,-0.34,43.7,14.53149103824358,-7.727806324393444,24.979637330100665,36.41539005320164,35.398857497796364
FF,2026-06-27,97.8,-1.0,5.68,"Tatis Jr., Fernando",665487,669165,,foul_tip,,,,,3.0,,R,R,R,SD,LAD,S,,,0,1,2026,-0.74,1.43,0.4603081890548224,3.0125362117288934,,695238.0,666023.0,1,7,Bot,,,,,,,5.675253754502377,-142.36003569608016,-4.9447602449218895,-11.32393416439876,29.96437961449772,-11.793070406092864,3.346382874,1.68882874,,,,99.0,2115.0,6.7,823283,687221,518692,690976,571970,605141,669242,681624,663656,53.76,,,,,,,,64,2,4-Seam Fastball,2,10,2,10,10,2,2,10,Standard,Standard,208.0,-0.001,-0.062,77.5,7.0,,,0.062,,-8,-8,0.008,0.008,28,27,28,27,1,3,3,1,2.0,1,0.94,0.74,0.74,45.0,3.960628519695101,20.580853392347574,22.94132225133639,44.16254359322177,18.64177656120904
CH,2026-06-27,89.7,-0.98,5.65,"Tatis Jr., Fernando",665487,669165,,called_strike,,,,,8.0,,R,R,R,SD,LAD,S,,,0,0,2026,-1.03,0.06,0.0909530647876343,1.909164339602996,,695238.0,666023.0,1,7,Bot,,,,,,,4.856394272580462,-130.63437121495215,-3.1956172965043477,-12.807625426956154,27.23350772443718,-31.009804335763057,3.346382874,1.68882874,,,,90.1,1201.0,6.5,823283,687221,518692,690976,571970,605141,669242,681624,663656,54.02,,,,,,,,64,1,Changeup,2,10,2,10,10,2,2,10,Standard,Standard,254.0,-0.001,-0.041,,,,,0.041,,-8,-8,0.009,0.009,28,27,28,27,1,3,3,1,2.0,1,2.76,1.03,1.03,42.2,,,,,
FS,2026-06-27,91.2,-1.93,5.19,"Tatis Jr., Fernando",665487,808967,field_out,hit_into_play,,,,,1.0,"Fernando Tatis Jr. grounds out, shortstop Mookie Betts to first baseman Freddie Freeman.",R,R,R,SD,LAD,X,6.0,ground_ball,3,2,2026,-0.23,0.4,-0.599796909084316,2.8689611906565604,,,,0,1,Bot,107.14,154.12,,,,,3.8184182466490344,-132.81870794337888,-0.6852955951786667,-3.472588448840203,26.193465902450924,-27.469654862698224,3.346382874,1.68882874,56.0,91.0,1.0,92.1,1233.0,6.6,823283,687221,518692,690976,571970,605141,669242,681624,663656,53.87,0.41,0.385,0.0,1.0,0.0,0.0,2.0,4,7,Split-Finger,0,0,0,0,0,0,0,0,Infield shade,Standard,238.0,-0.027,-0.346,79.0,6.9,,0.469,0.346,91.0,0,0,0.553,0.553,27,27,28,27,1,0,7,1,7.0,1,2.32,0.23,0.23,39.3,10.412061588587733,-0.9254856517352292,24.416796077423857,30.320515933735052,31.719793355201908
CU,2026-06-27,75.3,-1.55,5.43,"Tatis Jr., Fernando",665487,808967,,foul,,,,,7.0,,R,R,R,SD,LAD,S,,,3,2,2026,1.15,-1.29,-0.417885797101996,2.079874035162079,,,,0,1,Bot,,,,,,,0.2337668699734089,-109.48582626676036,2.9039413826113245,9.088525548600447,22.684657450499127,-43.23578366405907,3.346382874,1.68882874,105.0,93.2,6.0,75.6,2792.0,6.9,823283,687221,518692,690976,571970,605141,669242,681624,663656,53.58,,,,,,,,4,6,Curveball,0,0,0,0,0,0,0,0,Infield shade,Standard,31.0,0.0,0.0,82.1,7.6,,,0.0,93.2,0,0,0.553,0.553,27,27,28,27,1,0,7,1,7.0,1,5.37,-1.15,-1.15,52.0,14.838700104038356,-28.447640684353,29.97642566338695,31.008300825436695,55.443042942849786
FC,2026-06-27,90.9,-1.9,5.17,"Tatis Jr., Fernando",665487,808967,,foul,,,,,3.0,,R,R,R,SD,LAD,S,,,3,1,2026,0.35,0.68,0.3879304153621365,3.210995211997065,,,,0,1,Bot,,,,,,,4.942431698722675,-132.3923926956801,-0.3018035869862176,2.9959304348993374,28.795601795782108,-24.379554319428205,3.346382874,1.68882874,184.0,73.3,60.0,91.5,2480.0,6.6,823283,687221,518692,690976,571970,605141,669242,681624,663656,53.87,,,,,,,,4,5,Cutter,0,0,0,0,0,0,0,0,Infield shade,Standard,169.0,-0.009,-0.101,77.4,7.5,,,0.101,88.0,0,0,0.562,0.562,27,27,28,27,1,0,7,1,7.0,1,2.08,-0.35,-0.35,38.8,10.251010682967186,-0.0423635390799348,24.46497222119163,41.938490739929286,33.441317453791264
SI,2026-06-27,94.9,-1.88,5.33,"Tatis Jr., Fernando",665487,808967,,ball,,,,,11.0,,R,R,R,SD,LAD,B,,,2,1,2026,-1.14,0.78,-1.5894938738009805,3.2930249617708376,,,,0,1,Bot,,,,,,,3.3821955391054144,-138.12792659916002,-1.271624542242487,-15.39796376179538,32.0517874385077,-22.139279437176864,3.346382874,1.68882874,,,,95.3,2262.0,6.6,823283,687221,518692,690976,571970,605141,669242,681624,663656,53.92,,,,,,,,4,4,Sinker,0,0,0,0,0,0,0,0,Infield shade,Standard,207.0,0.011,0.137,,,,,-0.137,,0,0,0.551,0.551,27,27,28,27,1,0,7,1,7.0,1,1.76,1.14,1.14,37.6,,,,,
CU,2026-06-27,77.0,-1.56,5.5,"Tatis Jr., Fernando",665487,808967,,ball,,,,,14.0,,R,R,R,SD,LAD,B,,,1,1,2026,1.12,-1.36,0.331211576492891,0.9832339144251998,,,,0,1,Bot,,,,,,,1.9145832674547656,-111.9673226248294,0.3242012932386096,8.861819971955303,23.893546925008916,-43.81033319885279,3.346382874,1.68882874,,,,77.0,2613.0,6.7,823283,687221,518692,690976,571970,605141,669242,681624,663656,53.76,,,,,,,,4,3,Curveball,0,0,0,0,0,0,0,0,Infield shade,Standard,38.0,0.004,0.063,,,,,-0.063,,0,0,0.547,0.547,27,27,28,27,1,0,7,1,7.0,1,5.27,-1.12,-1.12,47.2,,,,,
EP,2026-06-27,40.4,-1.2,6.24,"Tatis Jr., Fernando",665487,500743,field_out,hit_into_play,,,,,5.0,"Fernando Tatis Jr. grounds out, shortstop Alex Freeland to first baseman Ryan Ward.",R,R,R,SD,LAD,X,6.0,ground_ball,0,1,2026,-0.62,1.68,-0.0135179705222528,2.684369143837312,,,,0,9,Bot,108.16,147.52,,,,,1.8186292499976235,-57.96143120321594,8.09194425271696,-1.5833335071819532,6.163332532074296,-29.547200568251885,3.346382874,1.68882874,141.0,114.2,8.0,38.3,1104.0,4.4,823283,687221,669899,669242,571970,690976,669743,681624,663656,56.06,0.803,0.799,0.0,1.0,0.0,0.0,5.0,86,2,Eephus,3,15,3,15,15,3,3,15,Standard,Standard,225.0,0.0,-0.218,84.9,7.0,,1.035,0.218,114.2,-12,-12,0.001,0.001,37,27,37,27,1,4,6,1,,1,12.85,0.62,0.62,30.1,17.29223209632256,-4.104255927270795,25.96119301244517,38.12320639885872,43.721575847577064
FF,2026-06-27,96.2,-1.68,5.41,"Tatis Jr., Fernando",665487,808967,,foul,,,,,6.0,,R,R,R,SD,LAD,S,,,1,0,2026,-0.63,1.58,0.3449549234436371,2.5944244650306145,,,,0,1,Bot,,,,,,,6.801811786964224,-139.96653055740452,-5.384681139277129,-9.785635700882962,29.87666154417949,-10.331289680268716,3.346382874,1.68882874,,,,97.1,2198.0,6.7,823283,687221,518692,690976,571970,605141,669242,681624,663656,53.84,,,,,,,,4,2,4-Seam Fastball,0,0,0,0,0,0,0,0,Standard,Standard,214.0,-0.004,-0.055,77.9,7.2,,,0.055,,0,0,0.551,0.551,27,27,28,27,1,0,7,1,7.0,1,0.87,0.63,0.63,43.5,1.3182130112262247,15.691899326373669,30.236393662323092,42.971887216735794,19.94754905993817
EP,2026-06-27,42.8,-1.56,6.51,"Tatis Jr., Fernando",665487,500743,,foul,,,,,5.0,,R,R,R,SD,LAD,S,,,0,0,2026,-0.35,1.72,-0.2083155941150271,2.658892502009497,,,,0,9,Bot,,,,,,,1.8362328567653123,-61.639961450427485,6.5912054574558825,-1.1008945065639684,7.244851284444109,-28.880183782338147,3.346382874,1.68882874,,,,40.5,1194.0,4.2,823283,687221,669899,669242,571970,690976,669743,681624,663656,56.34,,,,,,,,86,1,Eephus,3,15,3,15,15,3,3,15,Standard,Standard,223.0,0.0,-0.041,,,,,0.041,,-12,-12,0.001,0.001,37,27,37,27,1,4,6,1,,1,11.17,0.35,0.35,29.7,,,,,
FC,2026-06-27,91.6,-1.89,5.32,"Tatis Jr., Fernando",665487,808967,,ball,,,,,14.0,,R,R,R,SD,LAD,B,,,0,0,2026,0.47,0.91,1.0369353302925537,1.7680012743584472,,,,0,1,Bot,,,,,,,6.2759224215141165,-133.287389693926,-4.9192884535887424,4.381963884500647,27.535895268292432,-20.51485113059988,3.346382874,1.68882874,,,,92.3,2526.0,6.6,823283,687221,518692,690976,571970,605141,669242,681624,663656,53.87,,,,,,,,4,1,Cutter,0,0,0,0,0,0,0,0,Standard,Standard,178.0,0.003,0.042,,,,,-0.042,,0,0,0.548,0.548,27,27,28,27,1,0,7,1,7.0,1,1.8,-0.47,-0.47,40.4,,,,,
SL,2026-06-26,86.6,-1.71,6.26,"Tatis Jr., Fernando",665487,808963,double,hit_into_play,,,,,5.0,Fernando Tatis Jr. doubles (15) on a sharp line drive to center fielder Andy Pages.,R,R,R,SD,LAD,X,8.0,line_drive,0,0,2026,-0.01,-0.05,-0.0937786047173993,2.2878102111318155,,,,0,5,Bot,101.14,43.47,,,,,3.889385202145701,-126.03779491500823,-2.9526949396366904,-0.8918122101380854,25.78408536702065,-32.35578589798938,3.346382874,1.68882874,388.0,111.1,17.0,87.9,2014.0,7.1,823285,687221,518692,690976,571970,605141,669242,681624,663656,53.37,0.7,0.864,1.25,1.0,1.0,1.0,6.0,37,1,Slider,3,1,3,1,1,3,3,1,Standard,Standard,75.0,0.04,0.713,79.5,7.3,,1.393,-0.713,111.1,2,2,0.812,0.812,24,27,25,27,3,2,7,2,6.0,1,3.09,0.01,0.01,52.4,6.43771772969991,-3.687650210410673,26.595117653463813,35.86715866679312,36.21755151207658
FF,2026-06-26,97.0,-1.64,6.12,"Tatis Jr., Fernando",665487,808963,strikeout,called_strike,,,,,9.0,"Dalton Rushing challenged (pitch result), call on the field was overturned: Fernando Tatis Jr. called out on strikes.",R,R,R,SD,LAD,S,2.0,,3,2,2026,-0.73,1.42,0.7269021323534741,1.636562129460548,,,,0,3,Bot,,,,,,,8.06621475682185,-140.6800908030187,-9.551569320796975,-11.599911976623158,34.18995195254606,-11.218691114285225,3.346382874,1.68882874,,,,97.9,2177.0,7.2,823285,687221,518692,690976,571970,605141,669242,681624,663656,53.33,,0.0,0.0,1.0,0.0,0.0,,21,6,4-Seam Fastball,3,1,3,1,1,3,3,1,Standard,Standard,220.0,-0.019,-0.346,,,,,0.346,,2,2,0.768,0.768,24,27,25,27,2,1,7,2,6.0,1,1.03,0.73,0.73,47.0,,,,,
FS,2026-06-26,91.3,-1.62,6.2,"Tatis Jr., Fernando",665487,808963,,ball,,,,,13.0,,R,R,R,SD,LAD,B,,,2,2,2026,-1.19,-0.1,-0.4781921823807047,0.0757665348052918,,,,0,3,Bot,,,,,,,5.5393234351848255,-132.66593802867274,-9.131862906109864,-15.296736354197735,28.04812943692888,-31.574201987020984,3.346382874,1.68882874,,,,92.8,1103.0,7.3,823285,687221,518692,690976,571970,605141,669242,681624,663656,53.24,,,,,,,,21,5,Split-Finger,3,1,3,1,1,3,3,1,Infield shade,Standard,231.0,0.006,0.113,,,,,-0.113,,2,2,0.762,0.762,24,27,25,27,2,1,7,2,6.0,1,2.84,1.19,1.19,48.1,,,,,
SL,2026-06-26,87.6,-1.52,6.25,"Tatis Jr., Fernando",665487,808963,,ball,,,,,14.0,,R,R,R,SD,LAD,B,,,1,2,2026,0.06,-0.29,0.5345246268681516,1.028510537400951,,,,0,3,Bot,,,,,,,4.838137064713759,-127.39394095148717,-5.646395282720542,-0.3270654632397106,26.060126894026705,-34.399755872173955,3.346382874,1.68882874,,,,88.9,2104.0,7.1,823285,687221,518692,690976,571970,605141,669242,681624,663656,53.39,,,,,,,,21,4,Slider,3,1,3,1,1,3,3,1,Standard,Standard,64.0,0.003,0.046,,,,,-0.046,,2,2,0.759,0.759,24,27,25,27,2,1,7,2,6.0,1,3.26,-0.06,-0.06,50.1,,,,,
FS,2026-06-26,89.5,-1.6,6.26,"Tatis Jr., Fernando",665487,808963,,ball,,,,,14.0,,R,R,R,SD,LAD,B,,,0,2,2026,-0.57,-0.04,0.0797247886335702,1.5422026957528945,,,,0,3,Bot,,,,,,,5.391560254260712,-130.22078646526384,-5.420141276352887,-7.514960695453277,25.31401962185064,-31.745341767704456,3.346382874,1.68882874,,,,91.3,809.0,7.2,823285,687221,518692,690976,571970,605141,669242,681624,663656,53.29,,,,,,,,21,3,Split-Finger,3,1,3,1,1,3,3,1,Standard,Standard,249.0,0.001,0.022,,,,,-0.022,,2,2,0.758,0.758,24,27,25,27,2,1,7,2,6.0,1,2.87,0.57,0.57,52.0,,,,,
FF,2026-06-26,96.2,-1.65,6.22,"Tatis Jr., Fernando",665487,808963,,foul_tip,,,,,5.0,,R,R,R,SD,LAD,S,,,0,1,2026,-0.94,1.44,-0.088021324847801,2.4597656438060316,,,,0,3,Bot,,,,,,,6.363990604021184,-139.8479925478781,-7.543486270346234,-13.848953221209555,32.446993300736,-11.78831957861491,3.346382874,1.68882874,,,,97.4,2339.0,7.1,823285,687221,518692,690976,571970,605141,669242,681624,663656,53.41,,,,,,,,21,2,4-Seam Fastball,3,1,3,1,1,3,3,1,Standard,Standard,215.0,-0.004,-0.054,69.0,5.6,,,0.054,,2,2,0.762,0.762,24,27,25,27,2,1,7,2,6.0,1,1.04,0.94,0.94,51.5,-18.109256874497618,45.43663606320035,28.167916370401855,36.2094948897594,9.363069647849796
FF,2026-06-26,97.8,-1.8,6.12,"Tatis Jr., Fernando",665487,808963,,called_strike,,,,,8.0,,R,R,R,SD,LAD,S,,,0,0,2026,-0.77,1.34,0.1648380317500071,1.8728532125411623,,,,0,3,Bot,,,,,,,7.137093956418954,-141.9688902467,-8.92145144846221,-12.130979046570983,34.01077434361302,-12.167734756263416,3.346382874,1.68882874,,,,98.8,2241.0,7.1,823285,687221,518692,690976,571970,605141,669242,681624,663656,53.43,,,,,,,,21,1,4-Seam Fastball,3,1,3,1,1,3,3,1,Standard,Standard,218.0,-0.002,-0.041,,,,,0.041,,2,2,0.764,0.764,24,27,25,27,2,1,7,2,6.0,1,1.07,0.77,0.77,46.3,,,,,
SI,2026-06-26,97.5,-2.4,5.44,"Tatis Jr., Fernando",665487,642546,single,hit_into_play,,,,,4.0,Fernando Tatis Jr. singles on a line drive to center fielder Andy Pages. Rodolfo Durán scores.,R,R,R,SD,LAD,X,8.0,line_drive,0,0,2026,-1.45,0.57,-0.6312531208288132,2.8189410751183583,,660710.0,,2,8,Bot,151.91,79.46,,,,,8.067786300045604,-141.82595748292724,-2.655104719759592,-21.449803169354293,33.35243836134501,-24.05009041878729,3.346382874,1.68882874,207.0,95.4,11.0,97.3,2134.0,6.2,823285,687221,518692,690976,571970,605141,669242,681624,663656,54.26,0.834,0.802,0.9,1.0,1.0,0.0,4.0,68,1,Sinker,6,1,6,1,1,7,7,1,Standard,Standard,236.0,0.003,0.678,75.1,6.6,,0.967,-0.678,95.4,5,5,0.995,0.995,29,27,30,27,1,4,5,2,3.0,1,1.83,1.45,1.45,27.2,3.885128054832062,10.026721261521065,25.00735097296271,31.463970159679867,25.58535766405193
FS,2026-06-26,91.2,-1.58,6.24,"Tatis Jr., Fernando",665487,808963,strikeout,swinging_strike,,,,,14.0,Fernando Tatis Jr. strikes out swinging.,R,R,R,SD,LAD,S,2.0,,2,2,2026,-0.39,0.18,1.0045460814817109,0.9469701186329038,,,,0,1,Bot,,,,,,,7.383182195343881,-132.5513401316134,-7.667814961769258,-6.14003897839936,26.594458926964176,-28.703367717832855,3.346382874,1.68882874,,,,92.9,1083.0,7.2,823285,687221,518692,690976,571970,605141,669242,681624,663656,53.27,,0.0,0.0,1.0,0.0,0.0,,4,5,Split-Finger,0,0,0,0,0,0,0,0,Infield shade,Standard,236.0,-0.019,-0.232,63.3,8.0,6.516558024,,0.232,,0,0,0.545,0.545,24,27,25,27,1,0,7,2,6.0,1,2.56,0.39,0.39,49.0,14.3790844214229,-3.6198157123160617,27.895021889508264,48.429701441455514,33.25942718416197
SL,2026-06-26,86.7,-1.62,6.21,"Tatis Jr., Fernando",665487,808963,,called_strike,,,,,5.0,,R,R,R,SD,LAD,S,,,2,1,2026,-0.01,-0.27,0.1867903298421197,2.366707367666412,,,,0,1,Bot,,,,,,,4.3575245151052835,-126.24875547917154,-2.237635695148761,-0.9942881233857408,24.9314117943884,-34.87169461675066,3.346382874,1.68882874,,,,88.2,2023.0,7.1,823285,687221,518692,690976,571970,605141,669242,681624,663656,53.38,,,,,,,,4,4,Slider,0,0,0,0,0,0,0,0,Standard,Standard,53.0,-0.006,-0.078,,,,,0.078,,0,0,0.551,0.551,24,27,25,27,1,0,7,2,6.0,1,3.29,0.01,0.01,49.7,,,,,
FF,2026-06-26,101.1,-1.78,5.95,"Tatis Jr., Fernando",665487,683618,field_out,hit_into_play,,,,,2.0,Fernando Tatis Jr. flies out to center fielder Andy Pages.,R,R,R,SD,LAD,X,8.0,fly_ball,2,1,2026,-0.89,1.34,-0.0655578083213642,2.8620692515150106,,,,0,7,Bot,118.04,56.78,,,,,6.933594505699178,-147.05220213914623,-6.387140523833674,-14.580283854972487,34.58776373347328,-11.392536454669552,3.346382874,1.68882874,376.0,98.3,23.0,102.0,2628.0,6.8,823285,687221,518692,690976,571970,605141,669242,681624,663656,53.73,0.311,0.413,0.0,1.0,0.0,0.0,5.0,55,4,4-Seam Fastball,3,1,3,1,1,3,3,1,Standard,Standard,213.0,-0.013,-0.31,76.8,7.2,,0.681,0.31,98.3,2,2,0.889,0.889,24,27,24,27,1,3,3,2,2.0,1,0.89,0.89,0.89,37.3,6.296378190845329,4.566577407737435,27.737718065028915,38.96190623456158,27.930698886395497
FF,2026-06-26,97.8,-1.58,6.26,"Tatis Jr., Fernando",665487,808963,,called_strike,,,,,2.0,,R,R,R,SD,LAD,S,,,2,0,2026,-0.7,1.56,-0.0047923658932206,3.1161780381033486,,,,0,1,Bot,,,,,,,5.927747861869408,-142.23671075429533,-6.48130327298911,-10.95875439921748,34.492957034476596,-9.72970408035279,3.346382874,1.68882874,,,,99.0,2432.0,7.1,823285,687221,518692,690976,571970,605141,669242,681624,663656,53.37,,,,,,,,4,3,4-Seam Fastball,0,0,0,0,0,0,0,0,Infield shade,Standard,215.0,-0.007,-0.073,,,,,0.073,,0,0,0.558,0.558,24,27,25,27,1,0,7,2,6.0,1,0.84,0.7,0.7,46.1,,,,,
SL,2026-06-26,89.6,-1.88,5.95,"Tatis Jr., Fernando",665487,683618,,ball,,,,,9.0,,R,R,R,SD,LAD,B,,,1,1,2026,0.25,0.41,0.6805985791113522,1.974091063227458,,,,0,7,Bot,,,,,,,5.747051269950075,-130.40520473130832,-4.55865493556954,1.7767745637033474,24.729947243272772,-26.798255942574865,3.346382874,1.68882874,,,,90.8,2820.0,6.8,823285,687221,518692,690976,571970,605141,669242,681624,663656,53.74,,,,,,,,55,3,Slider,3,1,3,1,1,3,3,1,Standard,Standard,94.0,0.003,0.063,,,,,-0.063,,2,2,0.886,0.886,24,27,24,27,1,3,3,2,2.0,1,2.41,-0.25,-0.25,41.1,,,,,
FF,2026-06-26,97.4,-1.62,6.25,"Tatis Jr., Fernando",665487,808963,,ball,,,,,11.0,,R,R,R,SD,LAD,B,,,1,0,2026,-0.62,1.37,-1.1659198103832078,3.9828613222236258,,,,0,1,Bot,,,,,,,2.705763809820042,-141.7747050477981,-3.6094772080688786,-9.030428588153685,34.07677707471464,-13.181560964634867,3.346382874,1.68882874,,,,98.5,2274.0,7.0,823285,687221,518692,690976,571970,605141,669242,681624,663656,53.48,,,,,,,,4,2,4-Seam Fastball,0,0,0,0,0,0,0,0,Infield shade,Standard,216.0,0.007,0.082,,,,,-0.082,,0,0,0.551,0.551,24,27,25,27,1,0,7,2,6.0,1,1.05,0.62,0.62,47.6,,,,,
SI,2026-06-26,100.9,-1.86,5.9,"Tatis Jr., Fernando",665487,683618,,foul_tip,,,,,2.0,,R,R,R,SD,LAD,S,,,1,0,2026,-1.17,1.13,-0.2102676979553519,3.228245648255148,,,,0,7,Bot,,,,,,,7.428202664756864,-146.83069136543295,-4.7073037344068265,-18.694260344506933,33.44382258267742,-14.809282653776874,3.346382874,1.68882874,,,,101.8,2637.0,6.7,823285,687221,518692,690976,571970,605141,669242,681624,663656,53.79,,,,,,,,55,2,Sinker,3,1,3,1,1,3,3,1,Standard,Standard,212.0,-0.003,-0.055,74.7,6.3,,,0.055,,2,2,0.889,0.889,24,27,24,27,1,3,3,2,2.0,1,1.1,1.17,1.17,35.5,-2.192065333069353,32.354293081179094,18.67156736506103,38.45518792249769,12.142095090129784
SI,2026-06-26,102.3,-1.84,5.92,"Tatis Jr., Fernando",665487,683618,,ball,,,,,11.0,,R,R,R,SD,LAD,B,,,0,0,2026,-1.28,1.07,-1.29715604779766,3.893638205125676,,,,0,7,Bot,,,,,,,4.667348590791541,-148.983536117378,-2.977565911814436,-20.195151077416316,34.986347505058404,-15.653997677318616,3.346382874,1.68882874,,,,103.0,2616.0,6.6,823285,687221,518692,690976,571970,605141,669242,681624,663656,53.92,,,,,,,,55,1,Sinker,3,1,3,1,1,3,3,1,Standard,Standard,220.0,0.002,0.042,,,,,-0.042,,2,2,0.887,0.887,24,27,24,27,1,3,3,2,2.0,1,1.1,1.28,1.28,36.8,,,,,
FS,2026-06-26,89.0,-1.61,6.24,"Tatis Jr., Fernando",665487,808963,,ball,,,,,11.0,,R,R,R,SD,LAD,B,,,0,0,2026,-0.6,0.03,-0.9559880690167843,2.581405980003279,,,,0,1,Bot,,,,,,,2.91798746737507,-129.57819908863934,-2.815724291679177,-7.344289466367492,26.857583128226135,-31.502939114660997,3.346382874,1.68882874,,,,90.6,1008.0,7.2,823285,687221,518692,690976,571970,605141,669242,681624,663656,53.3,,,,,,,,4,1,Split-Finger,0,0,0,0,0,0,0,0,Standard,Standard,243.0,0.003,0.042,,,,,-0.042,,0,0,0.548,0.548,24,27,25,27,1,0,7,2,6.0,1,2.85,0.6,0.6,49.6,,,,,
SI,2026-06-24,87.4,1.01,5.46,"Tatis Jr., Fernando",665487,527048,walk,ball,,,,,14.0,Fernando Tatis Jr. walks.,R,R,L,SD,ATL,B,,,3,1,2026,1.34,0.69,0.0979595561574331,1.1091147178265888,,,,0,5,Bot,,,,,,,-4.993712753797683,-127.17228641702432,-5.533395408881081,15.581985755787969,27.04056110737082,-23.68674611121191,3.346382874,1.68882874,,,,87.3,1949.0,6.3,823284,663698,621566,645277,663586,673490,643289,671739,642201,54.19,,0.698418,0.7,1.0,0.0,0.0,,40,5,Sinker,2,0,2,0,0,2,2,0,Standard,Standard,127.0,0.013,0.258,,,,,-0.258,,2,2,0.821,0.821,35,27,35,27,3,2,5,1,6.0,2,2.3,1.34,-1.34,43.3,,,,,
SI,2026-06-24,87.2,0.65,5.75,"Tatis Jr., Fernando",665487,527048,,ball,,,,,13.0,,R,R,L,SD,ATL,B,,,2,1,2026,1.21,1.0,-1.0567009987674296,2.332338265223754,,,,0,5,Bot,,,,,,,-6.521542155885449,-126.83718982642031,-3.917322262005229,14.406385555809791,25.6863199289084,-20.73549142892249,3.346382874,1.68882874,,,,86.6,1867.0,5.9,823284,663698,621566,645277,663586,673490,643289,671739,642201,54.58,,,,,,,,40,4,Sinker,2,0,2,0,0,2,2,0,Standard,Standard,131.0,0.007,0.137,,,,,-0.137,,2,2,0.814,0.814,35,27,35,27,3,2,5,1,6.0,2,1.99,1.21,-1.21,49.6,,,,,
CH,2026-06-24,79.4,1.13,5.49,"Tatis Jr., Fernando",665487,527048,,ball,,,,,14.0,,R,R,L,SD,ATL,B,,,1,1,2026,1.1,0.84,1.0611962823291456,1.7619887015194613,,,,0,5,Bot,,,,,,,-2.229381908810194,-115.58035074320924,-2.7349872463805647,10.234782088294931,22.60067558489589,-24.35032324956276,3.346382874,1.68882874,,,,79.0,1620.0,6.1,823284,663698,621566,645277,663586,673490,643289,671739,642201,54.42,,,,,,,,40,3,Changeup,2,0,2,0,0,2,2,0,Standard,Standard,123.0,0.003,0.063,,,,,-0.063,,2,2,0.811,0.811,35,27,35,27,3,2,5,1,6.0,2,2.79,1.1,-1.1,46.2,,,,,
CH,2026-06-24,79.6,1.15,5.57,"Tatis Jr., Fernando",665487,527048,,ball,,,,,14.0,,R,R,L,SD,ATL,B,,,0,1,2026,1.2,0.84,1.4628090581315507,1.982036700191991,,,,0,5,Bot,,,,,,,-1.6111474846796354,-115.93714115374064,-2.4780791226142926,11.141043577227634,22.51672989400963,-24.390209781884636,3.346382874,1.68882874,,,,79.3,1658.0,6.1,823284,663698,621566,645277,663586,673490,643289,671739,642201,54.39,,,,,,,,40,2,Changeup,2,0,2,0,0,2,2,0,Standard,Standard,126.0,0.001,0.029,,,,,-0.029,,2,2,0.81,0.81,35,27,35,27,3,2,5,1,6.0,2,2.77,1.2,-1.2,43.3,,,,,
CU,2026-06-24,74.2,1.0,5.83,"Tatis Jr., Fernando",665487,527048,,swinging_strike,,,,,12.0,,R,R,L,SD,ATL,S,,,0,0,2026,-0.34,-0.38,0.913966833816147,2.77390624881504,,,,0,5,Bot,,,,,,,0.4093093948802403,-108.0563663678108,1.8442443012371983,-2.6957046531219016,19.02190380995117,-35.69274507141372,3.346382874,1.68882874,,,,73.6,2344.0,5.8,823284,663698,621566,645277,663586,673490,643289,671739,642201,54.69,,,,,,,,40,1,Curveball,2,0,2,0,0,2,2,0,Standard,Standard,303.0,-0.002,-0.041,81.4,7.2,0.130995084,,0.041,,2,2,0.812,0.812,35,27,35,27,3,2,5,1,6.0,2,4.52,-0.34,0.34,50.7,5.827620524175667,15.489521106106906,27.07790389273046,46.25368228254888,25.096276660000047
CH,2026-06-24,80.2,1.09,5.61,"Tatis Jr., Fernando",665487,527048,field_out,hit_into_play,,,,,9.0,"Fernando Tatis Jr. grounds out, third baseman Austin Riley to first baseman Matt Olson.",R,R,L,SD,ATL,X,5.0,ground_ball,3,2,2026,1.3,0.97,0.5617594026757687,1.72572141504684,,687749.0,,1,3,Bot,99.12,164.7,,,,,-3.6506622913443048,-116.57179234403172,-3.394233929631176,12.537587651301614,25.02132835605204,-22.96875198331471,3.346382874,1.68882874,5.0,73.8,-23.0,79.3,1594.0,6.0,823284,663698,621566,645277,663586,673490,643289,671739,642201,54.45,0.046,0.041,0.0,1.0,0.0,0.0,2.0,21,6,Changeup,1,0,1,0,0,1,1,0,Standard,Standard,124.0,-0.035,-0.279,77.9,8.0,,0.052,0.279,88.0,1,1,0.69,0.69,35,27,35,27,2,1,5,1,6.0,2,2.63,1.3,-1.3,50.5,10.947167342779217,-14.616242420660695,30.167374238341623,43.6929229020161,47.42334951685281
SI,2026-06-24,88.7,0.8,5.83,"Tatis Jr., Fernando",665487,527048,,ball,,,,,11.0,,R,R,L,SD,ATL,B,,,2,2,2026,1.39,1.02,-0.4259538096795605,4.302834603348925,,687749.0,,1,3,Bot,,,,,,,-5.88294106563762,-129.02902420890578,0.3782758206725154,16.71431850774212,30.153855786482584,-21.18075199894399,3.346382874,1.68882874,,,,88.0,1949.0,6.1,823284,663698,621566,645277,663586,673490,643289,671739,642201,54.38,,,,,,,,21,5,Sinker,1,0,1,0,0,1,1,0,Standard,Standard,134.0,0.008,0.084,,,,,-0.084,,1,1,0.682,0.682,35,27,35,27,2,1,5,1,6.0,2,1.91,1.39,-1.39,49.0,,,,,
SI,2026-06-24,86.2,0.81,5.84,"Tatis Jr., Fernando",665487,527048,,ball,,,,,11.0,,R,R,L,SD,ATL,B,,,1,2,2026,1.41,0.97,-0.8810369733690906,3.269859784910559,,687749.0,,1,3,Bot,,,,,,,-6.8197579206372,-125.2892120356094,-1.604981656454023,16.255156057658734,28.58840944458127,-21.883552214537943,3.346382874,1.68882874,,,,85.1,1860.0,6.0,823284,663698,621566,645277,663586,673490,643289,671739,642201,54.54,,,,,,,,21,4,Sinker,1,0,1,0,0,1,1,0,Standard,Standard,136.0,0.005,0.029,,,,,-0.029,,1,1,0.677,0.677,35,27,35,27,2,1,5,1,6.0,2,2.13,1.41,-1.41,55.8,,,,,
FC,2026-06-24,82.9,1.42,5.55,"Tatis Jr., Fernando",665487,527048,,foul,,,,,6.0,,R,R,L,SD,ATL,S,,,1,1,2026,-0.23,0.6,0.6671928638407786,2.724751494527005,,687749.0,,1,3,Bot,,,,,,,-1.239536684820395,-120.6701085464622,-0.921619236081906,-1.9791769811778597,25.113838967332423,-26.406901308669266,3.346382874,1.68882874,256.0,84.6,43.0,82.3,2190.0,6.0,823284,663698,621566,645277,663586,673490,643289,671739,642201,54.5,,,,,,,,21,3,Cutter,1,0,1,0,0,1,1,0,Standard,Standard,155.0,-0.008,-0.071,71.4,6.7,,,0.071,88.0,1,1,0.685,0.685,35,27,35,27,2,1,5,1,6.0,2,2.74,-0.23,0.23,40.3,-4.757514703724828,25.2599109671973,27.184117934904272,46.48166585044603,20.990261525138855
SI,2026-06-24,87.0,0.83,5.72,"Tatis Jr., Fernando",665487,527048,,ball,,,,,13.0,,R,R,L,SD,ATL,B,,,0,1,2026,1.36,0.73,-0.9277135588682311,1.1841746938504334,,687749.0,,1,3,Bot,,,,,,,-6.94621398502108,-126.30616495699655,-5.812210221195354,16.020260883194467,30.282479427581556,-23.246694654959008,3.346382874,1.68882874,,,,85.6,1885.0,5.9,823284,663698,621566,645277,663586,673490,643289,671739,642201,54.56,,,,,,,,21,2,Sinker,1,0,1,0,0,1,1,0,Standard,Standard,130.0,0.003,0.032,,,,,-0.032,,1,1,0.682,0.682,35,27,35,27,2,1,5,1,6.0,2,2.34,1.36,-1.36,52.9,,,,,
CH,2026-06-24,80.5,1.18,5.57,"Tatis Jr., Fernando",665487,527048,,swinging_strike,,,,,14.0,,R,R,L,SD,ATL,S,,,0,0,2026,0.82,0.87,0.9996901130950668,2.3064368141051994,,687749.0,,1,3,Bot,,,,,,,-1.9648574058838668,-117.27272118144673,-2.006176196927165,7.922703633009911,23.8418743448226,-24.03479455283706,3.346382874,1.68882874,,,,80.0,1630.0,6.0,823284,663698,621566,645277,663586,673490,643289,671739,642201,54.47,,,,,,,,21,1,Changeup,1,0,1,0,0,1,1,0,Standard,Standard,129.0,-0.005,-0.045,80.5,8.2,1.404942924,,0.045,,1,1,0.687,0.687,35,27,35,27,2,1,5,1,6.0,2,2.66,0.82,-0.82,44.5,19.278696359039724,-17.29457106034687,27.077222672509507,50.42579354524395,41.27191907005129
SL,2026-06-24,88.6,-0.94,6.41,"Tatis Jr., Fernando",665487,641755,strikeout,swinging_strike,,,,,11.0,Fernando Tatis Jr. strikes out swinging.,R,R,R,SD,ATL,S,2.0,,1,2,2026,0.06,0.48,-0.2165124610629575,3.5385569573478346,664034.0,687749.0,,1,6,Bot,,,,,,,1.5889774802407073,-129.21244896790262,-1.8666795621695391,0.4468119636878293,22.50012947279649,-26.626021384231116,3.346382874,1.68882874,,,,88.4,2603.0,5.7,823284,663698,621566,645277,663586,673490,643289,671739,642201,54.83,,0.0,0.0,1.0,0.0,0.0,,54,4,Slider,3,2,3,2,2,3,3,2,Strategic,Standard,141.0,-0.052,-0.366,72.1,5.8,2.272153632,,0.366,,1,1,0.798,0.798,35,27,35,27,1,3,17,1,4.0,2,2.38,-0.06,-0.06,43.0,-0.5328637657498934,25.062030538189244,24.50371187849065,33.19345339896539,19.33182591647991
SL,2026-06-24,87.2,-0.99,6.37,"Tatis Jr., Fernando",665487,641755,,foul,,,,,8.0,,R,R,R,SD,ATL,S,,,1,1,2026,0.22,0.37,0.2612949273496331,1.8086286366410853,664034.0,687749.0,,1,6,Bot,,,,,,,2.4866816195131367,-127.008090252575,-5.385985087992438,1.9863330710014744,22.30420041185707,-27.390881956164087,3.346382874,1.68882874,147.0,64.6,21.0,86.9,2525.0,5.7,823284,663698,621566,645277,663586,673490,643289,671739,642201,54.78,,,,,,,,54,3,Slider,3,2,3,2,2,3,3,2,Strategic,Standard,155.0,-0.019,-0.075,79.1,8.2,,,0.075,88.0,1,1,0.817,0.817,35,27,35,27,1,3,17,1,4.0,2,2.59,-0.22,-0.22,46.9,15.531513642783738,-21.940067377589347,33.77536180321547,39.12182104668692,47.18494809440665
CH,2026-06-24,78.7,1.45,5.71,"Tatis Jr., Fernando",665487,527048,field_out,hit_into_play,,,,,9.0,"Fernando Tatis Jr. grounds out, third baseman Austin Riley to first baseman Matt Olson.",R,R,L,SD,ATL,X,5.0,ground_ball,0,1,2026,0.83,0.65,0.5551221007254833,1.8420203894564977,,,,0,1,Bot,106.62,175.34,,,,,-3.446984438851297,-114.63217788892712,-2.5829486041102516,7.936381255147736,20.809723966472916,-26.19203701882122,3.346382874,1.68882874,2.0,75.8,-49.0,78.3,1668.0,5.9,823284,663698,621566,645277,663586,673490,643289,671739,642201,54.56,0.163,0.147,0.0,1.0,0.0,0.0,2.0,4,2,Changeup,0,0,0,0,0,0,0,0,Standard,Standard,123.0,-0.019,-0.218,82.7,7.9,,0.166,0.218,88.0,0,0,0.545,0.545,35,27,35,27,1,0,5,1,6.0,2,3.02,0.83,-0.83,43.9,12.394491864261092,-8.348864800671784,29.35611901772346,44.497808279196576,41.09379370195806
SL,2026-06-24,86.4,-0.94,6.48,"Tatis Jr., Fernando",665487,641755,,called_strike,,,,,12.0,,R,R,R,SD,ATL,S,,,1,0,2026,0.19,0.3,0.905736222054148,2.9152386595112194,664034.0,687749.0,,1,6,Bot,,,,,,,3.8892745450472255,-125.8953531391074,-2.7171250763470343,1.2812899328776972,23.001266636762637,-28.662025341774353,3.346382874,1.68882874,,,,85.6,2581.0,5.5,823284,663698,621566,645277,663586,673490,643289,671739,642201,55.03,,,,,,,,54,2,Slider,3,2,3,2,2,3,3,2,Strategic,Standard,132.0,-0.005,-0.062,,,,,0.062,,1,1,0.822,0.822,35,27,35,27,1,3,17,1,4.0,2,2.72,-0.19,-0.19,46.8,,,,,
SI,2026-06-24,86.5,1.27,5.74,"Tatis Jr., Fernando",665487,527048,,called_strike,,,,,6.0,,R,R,L,SD,ATL,S,,,0,0,2026,1.3,0.78,0.5578034521186088,2.6297280338078934,,,,0,1,Bot,,,,,,,-4.344135241533852,-125.8215558939944,-2.5573915619711505,14.698881118907204,26.588276989425943,-23.62045265682299,3.346382874,1.68882874,,,,85.7,1892.0,5.9,823284,663698,621566,645277,663586,673490,643289,671739,642201,54.62,,,,,,,,4,1,Sinker,0,0,0,0,0,0,0,0,Standard,Standard,131.0,-0.003,-0.041,,,,,0.041,,0,0,0.548,0.548,35,27,35,27,1,0,5,1,6.0,2,2.28,1.3,-1.3,44.7,,,,,
SL,2026-06-24,86.5,-0.87,6.4,"Tatis Jr., Fernando",665487,641755,,blocked_ball,,,,,14.0,,R,R,R,SD,ATL,B,,,0,0,2026,0.02,0.33,1.4731137442273612,0.6624165260486818,664034.0,,687749.0,1,6,Bot,,,,,,,5.39732549960978,-125.67842463565523,-7.7695436346840845,-0.8559100102102567,24.80492958617896,-27.345040393440343,3.346382874,1.68882874,,,,85.5,2546.0,5.6,823284,663698,621566,645277,663586,673490,643289,671739,642201,54.85,,,,,,,,54,1,Slider,3,2,3,2,2,3,3,2,Strategic,Standard,181.0,0.018,0.021,,,,,-0.021,,1,1,0.804,0.804,35,27,35,27,1,3,17,1,4.0,2,2.72,-0.02,-0.02,44.6,,,,,
SL,2026-06-23,85.6,-2.34,5.35,"Tatis Jr., Fernando",665487,702275,fielders_choice_out,hit_into_play,,,,,7.0,"Fernando Tatis Jr. reaches on a fielder's choice out, shortstop Mauricio Dubón to third baseman Austin Riley. Sung-Mun Song out at 3rd.",R,R,R,SD,ATL,X,6.0,ground_ball,1,0,2026,0.2,0.08,-0.293415262796804,1.9893085251601872,,823550.0,,1,4,Bot,109.24,154.72,,,,,4.360134431118113,-124.55363561752564,-1.4978729717926178,1.083550226629857,28.94582403610484,-31.259304146354847,3.346382874,1.68882874,6.0,94.9,-20.0,85.5,2315.0,6.6,823286,686948,621566,645277,663586,643289,642086,671739,573262,53.93,0.143,0.129,0.0,1.0,0.0,0.0,2.0,40,2,Slider,5,5,5,5,5,5,5,5,Standard,Standard,96.0,-0.059,-0.289,79.4,7.0,,0.158,0.289,94.9,0,0,0.587,0.587,23,27,23,27,3,2,6,1,11.0,1,3.07,-0.2,-0.2,24.5,10.5875704208651,12.138516611885658,27.05566705768682,35.39786080843318,30.356801901139665
SL,2026-06-23,83.7,-2.35,5.38,"Tatis Jr., Fernando",665487,702275,,ball,,,,,13.0,,R,R,R,SD,ATL,B,,,0,0,2026,0.21,0.27,-0.9396177239111582,1.8922930983155248,,,823550.0,1,4,Bot,,,,,,,2.7862107688646542,-121.88285952667864,-1.9350930845000525,1.5352834638778872,24.687207409154528,-29.339360104887543,3.346382874,1.68882874,,,,83.6,2555.0,6.3,823286,686948,621566,645277,663586,643289,642086,671739,573262,54.22,,,,,,,,40,1,Slider,5,5,5,5,5,5,5,5,Standard,Standard,66.0,0.024,0.034,,,,,-0.034,,0,0,0.563,0.563,23,27,23,27,3,2,6,1,11.0,1,2.99,-0.21,-0.21,22.2,,,,,
SI,2026-06-23,95.1,-2.17,5.26,"Tatis Jr., Fernando",665487,702275,double,hit_into_play,,,,,8.0,Fernando Tatis Jr. doubles (14) on a sharp line drive to right fielder Mike Yastrzemski. Rodolfo Durán scores. Sung-Mun Song to 3rd.,R,R,R,SD,ATL,X,9.0,line_drive,3,1,2026,-1.4,0.42,0.1479645239840783,1.9557218844841224,,660710.0,823550.0,1,2,Bot,196.05,131.08,,,,,9.194493707767302,-138.14960184203642,-3.765984493574469,-19.987705481147888,29.95862307119557,-26.185187439925148,3.346382874,1.68882874,242.0,104.2,12.0,95.3,2314.0,6.4,823286,686948,621566,645277,663586,643289,642086,671739,573262,54.05,0.94,0.942,1.25,1.0,1.0,1.0,4.0,23,5,Sinker,2,4,2,4,4,3,3,4,Standard,Standard,230.0,0.125,0.654,76.5,6.8,,1.246,-0.654,104.2,-2,-2,0.415,0.415,23,27,23,27,2,1,6,1,11.0,1,2.11,1.4,1.4,21.1,-10.79675038451513,23.76661007916427,31.572365956294213,40.41750475940232,19.570298403398333
SI,2026-06-23,94.8,-2.14,5.21,"Tatis Jr., Fernando",665487,702275,,called_strike,,,,,8.0,,R,R,R,SD,ATL,S,,,3,0,2026,-1.45,0.49,0.2460960766682198,1.7058465195163814,,660710.0,823550.0,1,2,Bot,,,,,,,9.502641984647893,-137.67384700260317,-4.382838772147031,-20.51954321325808,31.33517653906617,-25.16189793174948,3.346382874,1.68882874,,,,95.3,2391.0,6.7,823286,686948,621566,645277,663586,643289,642086,671739,573262,53.78,,,,,,,,23,4,Sinker,2,4,2,4,4,2,2,4,Standard,Standard,230.0,-0.013,-0.072,,,,,0.072,,-2,-2,0.428,0.428,23,27,23,27,2,1,6,1,11.0,1,2.06,1.45,1.45,21.1,,,,,
CH,2026-06-23,87.7,-2.03,5.51,"Tatis Jr., Fernando",665487,702275,,ball,,,,,9.0,,R,R,R,SD,ATL,B,,,2,0,2026,-1.35,0.05,0.816589994866322,2.0253164087989717,,660710.0,823550.0,1,2,Bot,,,,,,,9.596245133467304,-127.34152352093248,-2.144846496549891,-16.66608830478989,26.705526661782415,-31.36917281310483,3.346382874,1.68882874,,,,87.4,1828.0,6.3,823286,686948,621566,645277,663586,643289,642086,671739,573262,54.2,,,,,,,,23,3,Changeup,2,4,2,4,4,2,2,4,Standard,Standard,245.0,0.02,0.118,,,,,-0.118,,-2,-2,0.408,0.408,23,27,23,27,2,1,6,1,11.0,1,2.93,1.35,1.35,27.0,,,,,
SI,2026-06-23,95.9,-2.14,5.33,"Tatis Jr., Fernando",665487,702275,,ball,,,,,14.0,,R,R,R,SD,ATL,B,,,1,0,2026,-1.5,0.45,0.7088276139808145,1.0296750078477444,,660710.0,823550.0,1,2,Bot,,,,,,,10.85532602558948,-139.09280026978433,-6.54630656076799,-21.82292294969417,30.36997932002712,-24.960410403715677,3.346382874,1.68882874,,,,95.8,2356.0,6.3,823286,686948,621566,645277,663586,643289,642086,671739,573262,54.15,,,,,,,,23,2,Sinker,2,4,2,4,4,2,2,4,Standard,Standard,234.0,0.014,0.067,,,,,-0.067,,-2,-2,0.394,0.394,23,27,23,27,2,1,6,1,11.0,1,2.04,1.5,1.5,21.9,,,,,
SI,2026-06-23,96.1,-2.41,5.32,"Tatis Jr., Fernando",665487,702275,,ball,,,,,11.0,,R,R,R,SD,ATL,B,,,0,0,2026,-1.46,0.53,-1.0315329191444516,2.602101222973644,,660710.0,823550.0,1,2,Bot,,,,,,,6.986037492746717,-139.75925251805432,-2.640003038426278,-20.710415303782288,31.15358914075563,-24.88184398116654,3.346382874,1.68882874,,,,96.5,2279.0,6.5,823286,686948,621566,645277,663586,643289,642086,671739,573262,54.0,,,,,,,,23,1,Sinker,2,4,2,4,4,2,2,4,Standard,Standard,229.0,0.007,0.04,,,,,-0.04,,-2,-2,0.387,0.387,23,27,23,27,2,1,6,1,11.0,1,1.94,1.46,1.46,22.8,,,,,
SI,2026-06-23,90.8,-1.99,5.83,"Tatis Jr., Fernando",665487,471911,home_run,hit_into_play,,,,,4.0,Fernando Tatis Jr. homers (3) on a fly ball to center field.,R,R,R,SD,ATL,X,,fly_ball,3,2,2026,-1.11,0.48,-0.6240598894810383,2.211469872466027,,,,0,7,Bot,147.76,27.03,,,,,5.834130760633871,-132.07341318973064,-3.906656990978597,-14.215422236386926,31.529651083583424,-25.862251578435433,3.346382874,1.68882874,410.0,106.6,29.0,91.0,2122.0,6.7,823286,686948,621566,645277,663586,622761,643289,671739,642201,53.81,0.946,1.927,2.0,1.0,0.0,3.0,6.0,63,6,Sinker,5,6,5,6,6,6,6,6,Standard,Standard,221.0,0.212,1.028,79.4,7.2,,3.756,-1.028,106.6,-1,-1,0.376,0.376,39,27,39,27,1,3,6,1,12.0,1,2.31,1.11,1.11,36.5,7.817005620704474,-4.751315326442142,33.09777450002706,30.68774271678539,35.526945629577085
CH,2026-06-23,86.7,-2.15,5.82,"Tatis Jr., Fernando",665487,471911,,ball,,,,,13.0,,R,R,R,SD,ATL,B,,,2,2,2026,-0.51,0.05,-1.0217044816953091,1.606282683204974,,,,0,7,Bot,,,,,,,3.7620688400152367,-126.2254732269925,-3.747888599564579,-6.223818284530718,26.67297898026291,-31.021135813461356,3.346382874,1.68882874,,,,87.4,1332.0,6.8,823286,686948,621566,645277,663586,622761,643289,671739,642201,53.7,,,,,,,,63,5,Changeup,5,6,5,6,6,5,5,6,Standard,Standard,235.0,0.019,0.113,,,,,-0.113,,-1,-1,0.357,0.357,39,27,39,27,1,3,6,1,12.0,1,2.98,0.51,0.51,33.3,,,,,
CH,2026-06-23,87.0,-2.13,5.73,"Tatis Jr., Fernando",665487,471911,,ball,,,,,14.0,,R,R,R,SD,ATL,B,,,1,2,2026,-0.66,0.34,0.3928084213874839,1.1531599234099117,,,,0,7,Bot,,,,,,,7.434390359982201,-126.43733146725909,-5.291364787509655,-8.61960340460992,26.627737458783677,-27.588539105555284,3.346382874,1.68882874,,,,87.9,1326.0,7.0,823286,686948,621566,645277,663586,622761,643289,671739,642201,53.51,,,,,,,,63,4,Changeup,5,6,5,6,6,5,5,6,Standard,Standard,234.0,0.007,0.046,,,,,-0.046,,-1,-1,0.35,0.35,39,27,39,27,1,3,6,1,12.0,1,2.69,0.66,0.66,34.5,,,,,
CH,2026-06-23,86.6,-2.14,5.76,"Tatis Jr., Fernando",665487,471911,,swinging_strike,,,,,13.0,,R,R,R,SD,ATL,S,,,1,1,2026,-0.61,0.12,-0.2726522931691229,1.183275247592218,,,,0,7,Bot,,,,,,,5.744291943507249,-125.98703395291452,-4.768503461547815,-7.689567146977785,25.452505630460315,-30.12310677785115,3.346382874,1.68882874,,,,87.6,1364.0,6.9,823286,686948,621566,645277,663586,622761,643289,671739,642201,53.56,,,,,,,,63,3,Changeup,5,6,5,6,6,5,5,6,Standard,Standard,235.0,-0.012,-0.06,82.6,8.4,4.28041878,,0.06,,-1,-1,0.362,0.362,39,27,39,27,1,3,6,1,12.0,1,2.92,0.61,0.61,33.6,24.67102719167964,-31.53529394221664,37.05097522102023,34.456160808150294,52.98960420847723
CH,2026-06-23,86.2,-2.3,5.77,"Tatis Jr., Fernando",665487,471911,,ball,,,,,13.0,,R,R,R,SD,ATL,B,,,0,1,2026,-0.64,0.21,-1.2518542485931567,1.553602136002436,,,,0,7,Bot,,,,,,,3.818798440559383,-125.53835555891484,-4.027339659116828,-7.519292391805282,25.763603799129264,-29.340364683181903,3.346382874,1.68882874,,,,87.1,1375.0,6.8,823286,686948,621566,645277,663586,622761,643289,671739,642201,53.65,,,,,,,,63,2,Changeup,5,6,5,6,6,5,5,6,Standard,Standard,228.0,0.005,0.029,,,,,-0.029,,-1,-1,0.357,0.357,39,27,39,27,1,3,6,1,12.0,1,2.86,0.64,0.64,33.1,,,,,
CH,2026-06-23,84.6,-2.26,5.77,"Tatis Jr., Fernando",665487,471911,,called_strike,,,,,8.0,,R,R,R,SD,ATL,S,,,0,0,2026,-0.67,0.15,0.2093094706071164,1.823870670496408,,,,0,7,Bot,,,,,,,7.159951256274604,-123.03625116680313,-2.9527055558856583,-8.2385255516726,24.810734111771456,-30.220314798860866,3.346382874,1.68882874,,,,85.8,1262.0,7.1,823286,686948,621566,645277,663586,622761,643289,671739,642201,53.4,,,,,,,,63,1,Changeup,5,6,5,6,6,5,5,6,Standard,Standard,232.0,-0.007,-0.041,,,,,0.041,,-1,-1,0.364,0.364,39,27,39,27,1,3,6,1,12.0,1,3.04,0.67,0.67,33.8,,,,,
FF,2026-06-23,95.4,-2.56,5.04,"Tatis Jr., Fernando",665487,628452,strikeout,swinging_strike,,,,,3.0,Fernando Tatis Jr. strikes out swinging.,R,R,R,SD,ATL,S,2.0,,2,2,2026,-0.9,1.17,0.731820093941747,3.053564136547772,,,,1,9,Bot,,,,,,,10.58289485898917,-138.52260461508166,-2.0805243145368846,-13.977484993722884,31.192845447586375,-16.80091324026948,3.346382874,1.68882874,,,,95.1,2348.0,6.3,823286,686948,621566,645277,663586,622761,643289,671739,642201,54.23,,0.0,0.0,1.0,0.0,0.0,,79,5,4-Seam Fastball,6,6,6,6,6,6,6,6,Standard,Standard,237.0,-0.039,-0.233,64.2,6.3,1.905446412,,0.233,,0,0,0.575,0.575,36,27,36,27,1,4,4,1,3.0,1,1.34,0.9,0.9,21.7,-2.6263581548679804,43.74960097897685,22.096411625771935,48.4783543077271,3.2416123139470328
FF,2026-06-23,95.0,-2.41,5.08,"Tatis Jr., Fernando",665487,628452,,ball,,,,,14.0,,R,R,R,SD,ATL,B,,,1,2,2026,-0.94,1.31,1.3974845997349234,2.4778627935767146,,,,1,9,Bot,,,,,,,11.994188540667484,-137.76217771517832,-3.9184734768495897,-14.714661092922569,31.14113866307805,-14.763750395096505,3.346382874,1.68882874,,,,94.9,2323.0,6.5,823286,686948,621566,645277,663586,622761,643289,671739,642201,54.05,,,,,,,,79,4,4-Seam Fastball,6,6,6,6,6,6,6,6,Standard,Standard,233.0,0.007,0.051,,,,,-0.051,,0,0,0.568,0.568,36,27,36,27,1,4,4,1,3.0,1,1.24,0.94,0.94,22.1,,,,,
SL,2026-06-23,84.1,-1.6,5.34,"Tatis Jr., Fernando",665487,628452,,ball,,,,,14.0,,R,R,R,SD,ATL,B,,,0,2,2026,1.28,0.49,1.0638877643577809,1.1032110162156226,,,,1,9,Bot,,,,,,,3.510344876339698,-122.37777039651137,-4.151041786177828,12.062347427627278,25.050043179427636,-26.62748356242093,3.346382874,1.68882874,,,,83.5,2630.0,6.0,823286,686948,621566,645277,663586,622761,643289,671739,642201,54.53,,,,,,,,79,3,Slider,6,6,6,6,6,6,6,6,Standard,Standard,71.0,0.004,0.019,,,,,-0.019,,0,0,0.564,0.564,36,27,36,27,1,4,4,1,3.0,1,2.74,-1.28,-1.28,29.5,,,,,
CH,2026-06-23,88.6,-1.78,5.39,"Tatis Jr., Fernando",665487,628452,,foul,,,,,13.0,,R,R,R,SD,ATL,S,,,0,1,2026,-1.67,0.41,-0.8626769434640824,1.9798053106931284,,,,1,9,Bot,,,,,,,5.736661563096498,-128.88439409062914,-2.885699135438805,-19.84832406240238,28.182236372301972,-27.187337282500003,3.346382874,1.68882874,10.0,104.1,-12.0,88.0,2006.0,6.0,823286,686948,621566,645277,663586,622761,643289,671739,642201,54.47,,,,,,,,79,2,Changeup,6,6,6,6,6,6,6,6,Standard,Standard,241.0,-0.011,-0.057,82.2,7.4,,,0.057,104.1,0,0,0.575,0.575,36,27,36,27,1,4,4,1,3.0,1,2.51,1.67,1.67,36.1,7.5230072045074285,-10.197329280746391,32.92210233412241,29.268450246596284,40.93480843172374
FF,2026-06-23,94.4,-1.52,5.55,"Tatis Jr., Fernando",665487,628452,,called_strike,,,,,11.0,,R,R,R,SD,ATL,S,,,0,0,2026,-0.6,1.09,-0.0691802598885491,3.5693485027917005,,,,1,9,Bot,,,,,,,5.059744062178648,-137.4235826019428,-1.761612130073078,-8.705588749999134,30.240630365184035,-18.20941157408546,3.346382874,1.68882874,,,,93.9,2251.0,6.0,823286,686948,621566,645277,663586,622761,643289,671739,642201,54.53,,,,,,,,79,1,4-Seam Fastball,6,6,6,6,6,6,6,6,Standard,Standard,219.0,-0.007,-0.041,,,,,0.041,,0,0,0.582,0.582,36,27,36,27,1,4,4,1,3.0,1,1.47,0.6,0.6,33.2,,,,,
SI,2026-06-23,95.7,-2.4,5.37,"Tatis Jr., Fernando",665487,702275,field_out,hit_into_play,,,,,4.0,"Fernando Tatis Jr. grounds out, third baseman Austin Riley to first baseman Matt Olson.",R,R,R,SD,ATL,X,5.0,ground_ball,0,0,2026,-1.33,0.65,-0.4891497918677436,2.439729163743202,,,,0,1,Bot,112.28,176.01,,,,,8.031853394215332,-139.1080322174871,-3.3838905224320763,-19.119025980443432,31.905615949286243,-23.127213298282417,3.346382874,1.68882874,2.0,79.5,-47.0,95.5,2442.0,6.3,823286,686948,621566,645277,663586,643289,642086,671739,573262,54.2,0.143,0.129,0.0,1.0,0.0,0.0,2.0,4,1,Sinker,0,0,0,0,0,0,0,0,Standard,Standard,227.0,-0.022,-0.259,74.6,7.2,,0.146,0.259,88.0,0,0,0.548,0.548,23,27,23,27,1,0,6,1,11.0,1,1.85,1.33,1.33,23.6,10.451273806560284,-0.1433098715725882,27.04725662825385,32.74792045995882,32.55049174635754
CH,2026-06-22,87.8,-2.39,5.73,"Tatis Jr., Fernando",665487,656550,field_out,hit_into_play,,,,,8.0,"Fernando Tatis Jr. grounds out, first baseman Matt Olson to pitcher Grant Holmes.",R,R,R,SD,ATL,X,3.0,ground_ball,1,2,2026,-1.17,0.02,-0.0476594908987308,1.7039260816823316,,,,1,5,Bot,147.76,165.87,,,,,7.999010029020619,-127.6286366812122,-3.454202675465317,-14.405543707335903,24.49004011996221,-31.46723794533041,3.346382874,1.68882874,1.0,69.1,-53.0,87.5,1565.0,6.0,823288,686948,621566,645277,663586,622761,643289,671739,573262,54.5,0.298,0.268,0.0,1.0,0.0,0.0,2.0,38,4,Changeup,1,0,1,0,0,1,1,0,Standard,Standard,238.0,-0.011,-0.182,67.7,6.1,,0.301,0.182,88.0,1,1,0.682,0.682,30,27,30,27,3,2,6,1,5.0,1,2.93,1.17,1.17,35.8,-8.64638520378247,34.779699959711756,29.082520388884937,38.35458658805942,19.407801469483346
SI,2026-06-22,92.3,-2.32,5.65,"Tatis Jr., Fernando",665487,656550,,swinging_strike,,,,,13.0,,R,R,R,SD,ATL,S,,,1,1,2026,-1.28,0.44,-0.5416985884201821,1.1922386703415413,,,,1,5,Bot,,,,,,,7.230092792815508,-134.22048480575788,-6.262274189060168,-16.966372220142624,27.169695572122578,-25.662206806155915,3.346382874,1.68882874,,,,92.0,2177.0,6.0,823288,686948,621566,645277,663586,622761,643289,671739,573262,54.49,,,,,,,,38,3,Sinker,1,0,1,0,0,1,1,0,Standard,Standard,220.0,-0.004,-0.07,79.8,8.1,1.016506404,,0.07,,1,1,0.686,0.686,30,27,30,27,3,2,6,1,5.0,1,2.22,1.28,1.28,35.4,14.349057268510087,-10.313603850292791,41.88158001761279,32.53514405285434,34.718527038955344
SI,2026-06-22,92.0,-2.25,5.78,"Tatis Jr., Fernando",665487,656550,,foul_bunt,,,,,5.0,,R,R,R,SD,ATL,S,,,1,0,2026,-1.2,0.81,-0.2043524850118738,2.205730515893361,,,,1,5,Bot,,,,,,,7.672770420569099,-133.6674468102521,-4.744273851323316,-16.004267465984316,29.11307526170103,-21.573404517465068,3.346382874,1.68882874,,,,91.0,2239.0,5.8,823288,686948,621566,645277,663586,622761,643289,671739,573262,54.7,,,,,,,,38,2,Sinker,1,0,1,0,0,1,1,0,Standard,Standard,215.0,-0.003,-0.05,11.2,1.5,,,0.05,,1,1,0.689,0.689,30,27,30,27,3,2,6,1,5.0,1,1.89,1.2,1.2,36.3,-63.66959483566721,-133.81653913675945,88.41093003493032,32.7149790545286,34.74889206327696
SL,2026-06-22,85.4,-2.22,5.73,"Tatis Jr., Fernando",665487,656550,,ball,,,,,14.0,,R,R,R,SD,ATL,B,,,0,0,2026,-0.05,0.2,3.994208794842265,-0.9124403461159822,,,,1,5,Bot,,,,,,,14.31244088191185,-123.19062108994598,-9.126040349178696,-3.809130687308474,28.38127636218811,-28.05921806346994,3.346382874,1.68882874,,,,83.5,2624.0,5.9,823288,686948,621566,645277,663586,622761,643289,671739,573262,54.62,,,,,,,,38,1,Slider,1,0,1,0,0,1,1,0,Standard,Standard,328.0,0.002,0.041,,,,,-0.041,,1,1,0.687,0.687,30,27,30,27,3,2,6,1,5.0,1,3.02,0.05,0.05,35.7,,,,,
SL,2026-06-22,85.2,-2.18,5.94,"Tatis Jr., Fernando",665487,656550,field_out,hit_into_play,,,,,5.0,"Fernando Tatis Jr. grounds out, second baseman Ozzie Albies to first baseman Matt Olson.",R,R,R,SD,ATL,X,4.0,ground_ball,1,1,2026,0.25,-0.38,0.2577659095334262,2.340558417318521,,,,1,3,Bot,150.29,150.16,,,,,5.119618250864006,-124.12458874573866,-1.2146052765417306,1.6397731869291188,22.786517100606755,-36.12044434795806,3.346382874,1.68882874,13.0,92.9,-10.0,85.0,2807.0,5.9,823288,686948,621566,645277,663586,622761,643289,671739,573262,54.59,0.258,0.244,0.0,1.0,0.0,0.0,2.0,22,3,Slider,0,0,0,0,0,0,0,0,Standard,Standard,37.0,-0.017,-0.252,66.1,6.4,,0.293,0.252,92.9,0,0,0.529,0.529,30,27,30,27,2,1,6,1,5.0,1,3.49,-0.25,-0.25,43.0,1.4848385317904498,24.146972678669027,23.950622086953235,41.0927820492744,24.671272981147258
SL,2026-06-22,85.8,-2.15,5.83,"Tatis Jr., Fernando",665487,656550,,ball,,,,,14.0,,R,R,R,SD,ATL,B,,,0,1,2026,-0.15,-0.37,0.8515387405964121,-1.123823915214771,,,,1,3,Bot,,,,,,,7.252062119797525,-124.62832414018088,-9.05217309402597,-2.95130022408769,23.342332651090295,-34.535877836199575,3.346382874,1.68882874,,,,85.3,2761.0,5.9,823288,686948,621566,645277,663586,622761,643289,671739,573262,54.56,,,,,,,,22,2,Slider,0,0,0,0,0,0,0,0,Standard,Standard,15.0,0.002,0.032,,,,,-0.032,,0,0,0.527,0.527,30,27,30,27,2,1,6,1,5.0,1,3.46,0.15,0.15,43.7,,,,,
SI,2026-06-22,93.3,-2.22,5.75,"Tatis Jr., Fernando",665487,656550,,called_strike,,,,,9.0,,R,R,R,SD,ATL,S,,,0,0,2026,-1.03,0.69,0.4336823203284643,1.570752451171422,,,,1,3,Bot,,,,,,,8.966695567216282,-135.4765101674243,-6.230623194714218,-14.653265167932537,30.16437523901128,-22.42483516776834,3.346382874,1.68882874,,,,92.4,2243.0,5.9,823288,686948,621566,645277,663586,622761,643289,671739,573262,54.56,,,,,,,,22,1,Sinker,0,0,0,0,0,0,0,0,Standard,Standard,215.0,-0.003,-0.041,,,,,0.041,,0,0,0.53,0.53,30,27,30,27,2,1,6,1,5.0,1,1.94,1.03,1.03,38.4,,,,,
FF,2026-06-22,95.0,-0.21,6.3,"Tatis Jr., Fernando",665487,675916,field_out,hit_into_play,,,,,9.0,"Fernando Tatis Jr. grounds out, shortstop Jorge Mateo to first baseman Matt Olson.",R,R,R,SD,ATL,X,6.0,ground_ball,1,1,2026,-0.79,1.82,0.3479013070917909,2.098589758768306,,,,1,7,Bot,107.72,153.71,,,,,3.212668449349004,-138.06906411217508,-9.181831666340113,-10.762668858061556,31.29848611364849,-7.047335143422956,3.346382874,1.68882874,7.0,95.5,-17.0,94.3,2420.0,6.0,823288,686948,621566,645277,663586,622761,643289,671739,573262,54.49,0.229,0.217,0.0,1.0,0.0,0.0,2.0,55,3,4-Seam Fastball,1,0,1,0,0,1,1,0,Standard,Standard,215.0,-0.014,-0.252,79.6,7.9,,0.252,0.252,95.5,1,1,0.769,0.769,30,27,31,27,1,3,2,1,2.0,1,0.72,0.79,0.79,50.6,14.275390001071113,0.0446667852617486,28.606066808112704,41.69199536974418,33.54580916938697
CU,2026-06-22,84.6,-0.24,6.25,"Tatis Jr., Fernando",665487,675916,,swinging_strike,,,,,8.0,,R,R,R,SD,ATL,S,,,1,0,2026,-0.04,-0.54,0.0716083058156714,2.076792212396575,,,,1,7,Bot,,,,,,,0.7917091975313323,-123.26328511497071,-2.077391400604904,-0.5797689172817437,24.23148411545654,-37.457755789767795,3.346382874,1.68882874,,,,83.9,2582.0,5.7,823288,686948,621566,645277,663586,622761,643289,671739,573262,54.8,,,,,,,,55,2,Curveball,1,0,1,0,0,1,1,0,Standard,Standard,45.0,-0.003,-0.05,,,,,0.05,,1,1,0.772,0.772,30,27,31,27,1,3,2,1,2.0,1,3.71,0.04,0.04,49.6,,,,,
CU,2026-06-22,83.7,-0.37,6.33,"Tatis Jr., Fernando",665487,675916,,ball,,,,,13.0,,R,R,R,SD,ATL,B,,,0,0,2026,-0.18,-0.57,-0.0900056816818568,1.4782761910872808,,,,1,7,Bot,,,,,,,0.9823889936984734,-121.93748863128351,-3.3654818316958064,-1.97084996273742,24.66130320047848,-37.371127873290305,3.346382874,1.68882874,,,,83.0,2487.0,5.8,823288,686948,621566,645277,663586,622761,643289,671739,573262,54.71,,,,,,,,55,1,Curveball,1,0,1,0,0,1,1,0,Standard,Standard,28.0,0.002,0.041,,,,,-0.041,,1,1,0.77,0.77,30,27,31,27,1,3,2,1,2.0,1,3.82,0.18,0.18,50.2,,,,,
FF,2026-06-22,94.4,-2.19,5.83,"Tatis Jr., Fernando",665487,656550,single,hit_into_play,,,,,1.0,Fernando Tatis Jr. singles on a sharp line drive to left fielder Mauricio Dubón.,R,R,R,SD,ATL,X,7.0,line_drive,3,2,2026,-0.84,1.21,-0.3627536503216186,2.9993647513062416,,,,0,1,Bot,83.74,102.85,,,,,6.55579570428867,-137.32495866113263,-4.213637299767452,-12.040404149856016,29.978350332429063,-16.092477930708615,3.346382874,1.68882874,262.0,107.5,12.0,94.2,2293.0,6.2,823288,686948,621566,645277,663586,622761,643289,671739,573262,54.34,0.929,0.94,0.9,1.0,1.0,0.0,5.0,5,7,4-Seam Fastball,0,0,0,0,0,0,0,0,Standard,Standard,216.0,0.03,0.358,76.5,7.1,,1.258,-0.358,107.5,0,0,0.553,0.553,30,27,30,27,1,0,6,1,5.0,1,1.34,0.84,0.84,39.2,14.520048160092715,-7.697986584034137,30.01536522176172,33.1081024329789,32.277281387362166
SI,2026-06-22,94.2,-2.38,5.67,"Tatis Jr., Fernando",665487,656550,,foul,,,,,11.0,,R,R,R,SD,ATL,S,,,3,2,2026,-1.62,0.84,-1.179530104613215,3.0653753807173336,,,,0,1,Bot,,,,,,,6.674770232724807,-137.01755916651425,-2.7448472410790536,-21.898878926859375,30.818933669003965,-21.181505543219235,3.346382874,1.68882874,107.0,44.3,36.0,93.3,2237.0,5.8,823288,686948,621566,645277,663586,622761,643289,671739,573262,54.7,,,,,,,,5,6,Sinker,0,0,0,0,0,0,0,0,Standard,Standard,218.0,0.0,0.0,55.8,5.3,,,0.0,88.0,0,0,0.553,0.553,30,27,30,27,1,0,6,1,5.0,1,1.73,1.62,1.62,35.6,1.465797897401208,24.87687241277038,23.38835542417368,23.565867923894285,24.63922133700941
SL,2026-06-22,86.8,-2.26,5.83,"Tatis Jr., Fernando",665487,656550,,ball,,,,,14.0,,R,R,R,SD,ATL,B,,,2,2,2026,0.06,-0.11,0.6202055504796337,0.5674781061287026,,,,0,1,Bot,,,,,,,6.677586079522955,-126.21243277316108,-5.9382259107483915,-0.631780494066054,23.575857451904113,-32.452908034075385,3.346382874,1.68882874,,,,87.2,2733.0,6.4,823288,686948,621566,645277,663586,622761,643289,671739,573262,54.11,,,,,,,,5,5,Slider,0,0,0,0,0,0,0,0,Standard,Standard,42.0,0.008,0.113,,,,,-0.113,,0,0,0.545,0.545,30,27,30,27,1,0,6,1,5.0,1,3.12,-0.06,-0.06,37.7,,,,,
SL,2026-06-22,87.0,-2.29,5.66,"Tatis Jr., Fernando",665487,656550,,ball,,,,,14.0,,R,R,R,SD,ATL,B,,,1,2,2026,0.01,-0.23,1.220311611026179,1.9224111392504564,,,,0,1,Bot,,,,,,,8.212593991476533,-126.61063191614352,-2.1500961088683104,-1.3497740843780153,23.153649012095727,-34.43769437745442,3.346382874,1.68882874,,,,86.7,2779.0,5.9,823288,686948,621566,645277,663586,622761,643289,671739,573262,54.64,,,,,,,,5,4,Slider,0,0,0,0,0,0,0,0,Standard,Standard,50.0,0.004,0.046,,,,,-0.046,,0,0,0.541,0.541,30,27,30,27,1,0,6,1,5.0,1,3.21,-0.01,-0.01,35.6,,,,,
FF,2026-06-22,94.8,-2.24,5.8,"Tatis Jr., Fernando",665487,656550,,swinging_strike,,,,,2.0,,R,R,R,SD,ATL,S,,,1,1,2026,-0.84,1.4,-0.2706080010017211,3.1298739657948023,,,,0,1,Bot,,,,,,,6.9128830821772125,-137.89939938106355,-4.293561869019614,-12.19483045569221,29.672960847871284,-13.4585993103535,3.346382874,1.68882874,,,,94.0,2313.0,5.8,823288,686948,621566,645277,663586,622761,643289,671739,573262,54.74,,,,,,,,5,3,4-Seam Fastball,0,0,0,0,0,0,0,0,Standard,Standard,213.0,-0.006,-0.06,65.5,5.6,0.90937494,,0.06,,0,0,0.547,0.547,30,27,30,27,1,0,6,1,5.0,1,1.13,0.84,0.84,40.0,-8.344594601450606,34.407530588345374,29.80108269181637,34.13891974600855,12.134817373293291
SI,2026-06-22,93.1,-2.46,5.76,"Tatis Jr., Fernando",665487,656550,,called_strike,,,,,7.0,,R,R,R,SD,ATL,S,,,1,0,2026,-1.38,0.66,-0.5814161932319291,2.1305121843280763,,,,0,1,Bot,,,,,,,7.783693010899413,-135.28513777058976,-4.783885801851017,-18.624345272540715,28.660451686751355,-23.165584939811673,3.346382874,1.68882874,,,,92.8,2203.0,6.1,823288,686948,621566,645277,663586,622761,643289,671739,573262,54.39,,,,,,,,5,2,Sinker,0,0,0,0,0,0,0,0,Standard,Standard,217.0,-0.004,-0.055,,,,,0.055,,0,0,0.551,0.551,30,27,30,27,1,0,6,1,5.0,1,1.97,1.38,1.38,35.1,,,,,
SI,2026-06-22,93.4,-2.38,5.76,"Tatis Jr., Fernando",665487,656550,,ball,,,,,11.0,,R,R,R,SD,ATL,B,,,0,0,2026,-1.31,0.92,-0.9256571525688186,2.627027217890172,,,,0,1,Bot,,,,,,,6.570617462177009,-135.97994780422974,-4.197495859108498,-17.710249474445465,26.874935176986963,-20.02237376028293,3.346382874,1.68882874,,,,93.1,2269.0,5.9,823288,686948,621566,645277,663586,622761,643289,671739,573262,54.62,,,,,,,,5,1,Sinker,0,0,0,0,0,0,0,0,Standard,Standard,215.0,0.003,0.042,,,,,-0.042,,0,0,0.548,0.548,30,27,30,27,1,0,6,1,5.0,1,1.67,1.31,1.31,39.5,,,,,
ST,2026-06-21,83.0,-2.33,5.61,"Tatis Jr., Fernando",665487,596001,single,hit_into_play,,,,,5.0,Fernando Tatis Jr. singles on a ground ball to center fielder Wyatt Langford.,R,R,R,TEX,SD,X,8.0,ground_ball,0,1,2026,1.1,-0.43,-0.273613252074643,2.8019513444302104,,,,0,9,Top,123.89,101.28,,,,,2.433136126460477,-120.85688098011326,1.0730887362257924,10.302801072651553,23.497942184171464,-36.804186743318446,3.346382874,1.68882874,132.0,94.7,8.0,82.4,2571.0,5.9,822883,553869,669394,670032,673962,677649,672284,694671,607043,54.63,0.617,0.576,0.9,1.0,1.0,0.0,4.0,68,2,Sweeper,4,3,3,4,3,4,3,4,Standard,Standard,66.0,-0.128,0.486,75.0,6.5,,0.695,-0.486,94.7,1,-1,0.846,0.154,33,27,34,27,1,0,2,1,1.0,1,3.73,-1.1,-1.1,26.5,2.0480757229825506,6.106729702238896,27.380345892512572,32.873275056223505,29.80156325759365
ST,2026-06-21,81.4,-2.14,5.71,"Tatis Jr., Fernando",665487,596001,,called_strike,,,,,6.0,,R,R,R,TEX,SD,S,,,0,0,2026,1.52,0.15,0.4446268778362028,2.4444371847687436,,,,0,9,Top,,,,,,,2.7406207630256954,-118.5872859877648,-0.8247900771336548,13.79594882227029,22.690456405361004,-30.806180425460138,3.346382874,1.68882874,,,,81.0,2461.0,6.0,822883,553869,669394,670032,673962,677649,672284,694671,607043,54.55,,,,,,,,68,1,Sweeper,4,3,3,4,3,4,3,4,Standard,Standard,62.0,0.011,-0.041,,,,,0.041,,1,-1,0.835,0.165,33,27,34,27,1,0,2,1,1.0,1,3.28,-1.52,-1.52,31.1,,,,,
FF,2026-06-20,94.7,1.87,5.64,"Tatis Jr., Fernando",665487,669022,field_out,hit_into_play,,,,,4.0,Fernando Tatis Jr. flies out to right fielder Brandon Nimmo.,R,R,L,TEX,SD,X,9.0,fly_ball,0,0,2026,0.62,1.32,-0.6336054979198585,2.5965688244258125,,,,1,5,Top,150.02,103.45,,,,,-7.956980425059792,-137.65000892805867,-5.122395224305626,9.680657483703811,30.34728822416483,-14.421462731812518,3.346382874,1.68882874,247.0,92.9,54.0,95.8,2289.0,7.0,822885,543309,669394,670032,673962,677649,672284,694671,607043,53.54,0.003,0.003,0.0,1.0,0.0,0.0,3.0,33,1,4-Seam Fastball,0,1,1,0,1,0,1,0,Standard,Standard,147.0,0.018,-0.261,81.2,7.5,,0.005,0.261,92.9,-1,1,0.386,0.614,27,27,27,27,3,2,5,1,5.0,1,1.23,0.62,-0.62,43.4,9.686148733076386,-7.548285608789147,32.03039200689636,32.577006963541905,34.057471929154424
CH,2026-06-20,86.9,2.02,5.55,"Tatis Jr., Fernando",665487,669022,double,hit_into_play,,,,,6.0,Fernando Tatis Jr. hits a ground-rule double (12) on a line drive to left-center field.,R,R,L,TEX,SD,X,,line_drive,2,1,2026,1.23,0.73,0.6447788000494348,2.3105548587969356,,,,1,3,Top,93.23,31.95,,,,,-5.894730886546967,-126.46147506928234,-2.952194224237805,14.42523317378304,24.137976070693664,-23.935482513213795,3.346382874,1.68882874,385.0,99.6,21.0,88.1,2097.0,6.9,822885,543309,669394,670032,673962,677649,672284,694671,607043,53.6,0.36,0.464,1.25,1.0,1.0,1.0,5.0,17,4,Changeup,0,0,0,0,0,0,0,0,Standard,Standard,124.0,-0.044,0.605,79.5,7.8,,0.759,-0.605,99.6,0,0,0.522,0.478,27,27,27,27,2,1,5,1,5.0,1,2.27,1.23,-1.23,48.9,11.8014951537601,-0.993370019357356,26.50438268236696,46.119831818077,35.21669521126968
FC,2026-06-20,91.0,1.82,5.67,"Tatis Jr., Fernando",665487,669022,,ball,,,,,13.0,,R,R,L,TEX,SD,B,,,1,1,2026,-0.09,0.62,-1.168418677444314,1.5330264538259664,,,,1,3,Top,,,,,,,-7.290944029567576,-132.4169531005992,-5.69173645537191,0.3206036908829042,25.462298747923622,-23.920705775777783,3.346382874,1.68882874,,,,92.4,2000.0,6.9,822885,543309,669394,670032,673962,677649,672284,694671,607043,53.6,,,,,,,,17,3,Cutter,0,0,0,0,0,0,0,0,Standard,Standard,160.0,-0.004,0.056,,,,,-0.056,,0,0,0.526,0.474,27,27,27,27,2,1,5,1,5.0,1,2.11,-0.09,0.09,46.6,,,,,
CH,2026-06-20,86.9,1.83,5.59,"Tatis Jr., Fernando",665487,669022,,ball,,,,,12.0,,R,R,L,TEX,SD,B,,,0,1,2026,0.92,0.76,1.3372286142210337,3.343178789581375,,,,1,3,Top,,,,,,,-3.117686155640141,-126.59398980058374,-0.6384034625504789,10.53129974424558,24.7870552748148,-24.03086461403781,3.346382874,1.68882874,,,,88.1,1976.0,6.9,822885,543309,669394,670032,673962,677649,672284,694671,607043,53.6,,,,,,,,17,2,Changeup,0,0,0,0,0,0,0,0,Standard,Standard,118.0,-0.002,0.032,,,,,-0.032,,0,0,0.528,0.472,27,27,27,27,2,1,5,1,5.0,1,2.24,0.92,-0.92,45.6,,,,,
CU,2026-06-20,81.4,1.82,5.65,"Tatis Jr., Fernando",665487,669022,,foul,,,,,7.0,,R,R,L,TEX,SD,S,,,0,0,2026,-0.37,-1.14,-0.3388496678368273,1.891469032733136,,,,1,3,Top,,,,,,,-4.088244605603372,-118.44266381285708,0.6526664383269238,-2.7043473405782077,23.157449360574883,-43.216249451874006,3.346382874,1.68882874,3.0,87.9,-35.0,82.1,2323.0,6.8,822885,543309,669394,670032,673962,677649,672284,694671,607043,53.68,,,,,,,,17,1,Curveball,0,0,0,0,0,0,0,0,Standard,Standard,330.0,0.003,-0.041,81.8,7.6,,,0.041,88.0,0,0,0.525,0.475,27,27,27,27,2,1,5,1,5.0,1,4.58,-0.37,0.37,52.1,12.064334144338638,-10.529862503322867,28.474653711713216,35.15482183332848,38.04936971325591
CU,2026-06-20,80.3,2.01,6.1,"Tatis Jr., Fernando",665487,656641,strikeout,swinging_strike_blocked,,,,,13.0,Fernando Tatis Jr. strikes out swinging.,R,R,L,TEX,SD,S,2.0,,0,2,2026,-0.28,-1.31,-0.3596221201665769,0.7023323314637411,,,,2,9,Top,,,,,,,-4.635888201953956,-116.83666448739714,-2.4032166950425795,-1.611747880278397,23.554426303962583,-43.86398822480597,3.346382874,1.68882874,,,,80.2,2796.0,6.4,822885,543309,669394,670032,673962,677649,672284,694671,607043,54.1,,0.0,0.0,1.0,0.0,0.0,,69,4,Curveball,3,3,3,3,3,3,3,3,Standard,Standard,333.0,0.02,-0.155,60.6,7.7,4.931694744,,0.155,,0,0,0.619,0.381,30,27,30,27,1,4,1,1,2.0,1,4.87,-0.28,0.28,54.1,13.131627531369894,-12.878922445877263,29.744427816496376,37.19576358628912,42.18501864379087
FF,2026-06-20,95.5,1.75,6.14,"Tatis Jr., Fernando",665487,656641,,foul,,,,,5.0,,R,R,L,TEX,SD,S,,,0,2,2026,0.74,1.73,-0.2505296234342832,2.72966123332853,,,,2,9,Top,,,,,,,-6.898804880428187,-138.70932398381396,-7.073790774835191,11.120990826809829,31.58682546608108,-8.477518132392623,3.346382874,1.68882874,194.0,78.9,58.0,95.4,2504.0,6.4,822885,543309,669394,670032,673962,677649,672284,694671,607043,54.14,,,,,,,,69,3,4-Seam Fastball,3,3,3,3,3,3,3,3,Standard,Standard,154.0,0.0,0.0,75.5,7.0,,,0.0,88.0,0,0,0.619,0.381,30,27,30,27,1,4,1,1,2.0,1,0.79,0.74,-0.74,49.7,7.044494390058772,8.894896020121081,27.642092082574855,36.61515938670378,25.349490559963023
FF,2026-06-20,94.7,1.83,6.14,"Tatis Jr., Fernando",665487,656641,,swinging_strike,,,,,5.0,,R,R,L,TEX,SD,S,,,0,1,2026,0.95,1.68,-0.0463779260839753,2.345807807580754,,,,2,9,Top,,,,,,,-7.000055697805058,-137.6208801208692,-7.806196865417655,13.63558176708482,30.973044812635663,-9.311425472387654,3.346382874,1.68882874,,,,94.9,2395.0,6.5,822885,543309,669394,670032,673962,677649,672284,694671,607043,53.98,,,,,,,,69,2,4-Seam Fastball,3,3,3,3,3,3,3,3,Standard,Standard,152.0,0.009,-0.062,80.4,7.5,1.38725466,,0.062,,0,0,0.61,0.39,30,27,30,27,1,4,1,1,2.0,1,0.88,0.95,-0.95,48.3,4.860570325658636,3.583929109675766,36.15737237002593,39.684539442716975,23.252700972968547
CH,2026-06-20,84.2,2.05,6.06,"Tatis Jr., Fernando",665487,656641,,called_strike,,,,,9.0,,R,R,L,TEX,SD,S,,,0,0,2026,1.3,1.17,0.4469549244744188,2.1327177530919275,,,,2,9,Top,,,,,,,-6.301639327056602,-122.40188003783489,-4.837175902372562,14.33739241031394,24.57044109713999,-19.68498523226407,3.346382874,1.68882874,,,,84.1,2080.0,6.3,822885,543309,669394,670032,673962,677649,672284,694671,607043,54.17,,,,,,,,69,1,Changeup,3,3,3,3,3,3,3,3,Standard,Standard,123.0,0.005,-0.045,,,,,0.045,,0,0,0.605,0.395,30,27,30,27,1,4,1,1,2.0,1,2.06,1.3,-1.3,55.5,,,,,
FF,2026-06-20,96.1,-1.63,5.51,"Tatis Jr., Fernando",665487,668390,double,hit_into_play,,,,,3.0,Fernando Tatis Jr. doubles (13) on a sharp line drive to center fielder Wyatt Langford.,R,R,R,TEX,SD,X,8.0,line_drive,2,2,2026,-0.38,1.35,0.3425275943987488,3.4149977615986993,,,,0,8,Top,165.54,64.53,,,,,6.107774623340994,-139.92951010014943,-2.960987733558206,-6.321728651491266,30.899227703923877,-13.93011121752933,3.346382874,1.68882874,272.0,109.1,12.0,97.5,2382.0,7.0,822885,543309,669394,670032,673962,677649,672284,694671,607043,53.5,0.914,0.921,1.25,1.0,1.0,1.0,5.0,56,5,4-Seam Fastball,3,1,1,3,1,3,1,3,Standard,Standard,206.0,-0.101,0.74,75.0,6.7,,1.245,-0.74,109.1,2,-2,0.868,0.132,26,27,27,27,1,3,2,1,4.0,1,1.11,0.38,0.38,41.5,1.751267347878296,12.594131355968544,17.292075576677554,43.321106860784504,24.04050017028231
FF,2026-06-20,96.0,1.96,5.69,"Tatis Jr., Fernando",665487,669022,strikeout,swinging_strike,,,,,11.0,Fernando Tatis Jr. strikes out swinging.,R,R,L,TEX,SD,S,2.0,,1,2,2026,0.97,1.21,-0.0657892233328338,3.6829662574429114,,,,0,1,Top,,,,,,,-7.560310420289712,-139.5918859150277,-2.3085867703611154,14.362837734449856,33.00787837736843,-16.04609461468885,3.346382874,1.68882874,,,,96.4,2182.0,6.7,822885,543309,669394,670032,673962,677649,672284,694671,607043,53.84,,0.0,0.0,1.0,0.0,0.0,,1,4,4-Seam Fastball,0,0,0,0,0,0,0,0,Standard,Standard,149.0,0.015,-0.187,75.0,6.1,0.52342044,,0.187,,0,0,0.507,0.493,27,27,27,27,1,0,5,1,5.0,1,1.27,0.97,-0.97,43.8,4.909818788393674,19.4095127375425,20.15585323027512,38.24903847856446,19.266989525404988
SL,2026-06-20,87.7,-1.69,5.45,"Tatis Jr., Fernando",665487,668390,,ball,,,,,14.0,,R,R,R,TEX,SD,B,,,1,2,2026,0.19,-0.06,0.9765347002650562,0.8315752748388072,,,,0,8,Top,,,,,,,6.052713747921687,-127.60071742119636,-4.757480913694808,0.9369721927562032,24.672880577319347,-32.08615466033461,3.346382874,1.68882874,,,,89.4,2687.0,7.2,822885,543309,669394,670032,673962,677649,672284,694671,607043,53.32,,,,,,,,56,4,Slider,3,1,1,3,1,3,1,3,Standard,Standard,60.0,-0.005,0.046,,,,,-0.046,,2,-2,0.873,0.127,26,27,27,27,1,3,2,1,4.0,1,3.01,-0.19,-0.19,44.2,,,,,
FF,2026-06-20,95.5,-1.45,5.56,"Tatis Jr., Fernando",665487,668390,,foul,,,,,2.0,,R,R,R,TEX,SD,S,,,1,1,2026,-0.34,1.54,-0.1999266461095605,3.1500509840773474,,,,0,8,Top,,,,,,,4.101073596878906,-138.95315415165243,-4.098685861445798,-5.3908386799242685,31.36721208468763,-11.56963001078754,3.346382874,1.68882874,217.0,75.8,52.0,96.9,2287.0,7.1,822885,543309,669394,670032,673962,677649,672284,694671,607043,53.41,,,,,,,,56,3,4-Seam Fastball,3,1,1,3,1,3,1,3,Standard,Standard,207.0,0.009,-0.06,72.7,6.3,,,0.06,88.0,2,-2,0.864,0.136,26,27,27,27,1,3,2,1,4.0,1,0.97,0.34,0.34,44.4,1.5111587146026224,17.939837601407543,26.587633143423854,36.56657886997984,22.513219500432054
FF,2026-06-20,96.0,1.86,5.63,"Tatis Jr., Fernando",665487,669022,,foul,,,,,5.0,,R,R,L,TEX,SD,S,,,1,1,2026,0.77,1.56,-0.1422746801575891,2.2902953957872936,,,,0,1,Top,,,,,,,-7.071618408089018,-139.556743090843,-6.687467921435305,11.59775659237688,31.12325048336023,-10.399311420979174,3.346382874,1.68882874,203.0,72.0,50.0,96.9,2226.0,6.8,822885,543309,669394,670032,673962,677649,672284,694671,607043,53.65,,,,,,,,1,3,4-Seam Fastball,0,0,0,0,0,0,0,0,Standard,Standard,145.0,0.006,-0.06,75.6,7.1,,,0.06,88.0,0,0,0.501,0.499,27,27,27,27,1,0,5,1,5.0,1,0.91,0.77,-0.77,41.9,-5.016502257769127,9.248437930984965,37.07862955943391,36.61088271319488,22.516148481619663
FF,2026-06-20,96.4,1.99,5.6,"Tatis Jr., Fernando",665487,669022,,called_strike,,,,,7.0,,R,R,L,TEX,SD,S,,,1,0,2026,0.75,1.34,-0.4002980933934847,2.045702330739105,,,,0,1,Top,,,,,,,-8.059878234318964,-140.00175743949163,-6.763139544892603,11.74823280864016,31.856002936432457,-13.179203567525104,3.346382874,1.68882874,,,,96.9,2195.0,6.7,822885,543309,669394,670032,673962,677649,672284,694671,607043,53.79,,,,,,,,1,2,4-Seam Fastball,0,0,0,0,0,0,0,0,Standard,Standard,147.0,0.005,-0.055,,,,,0.055,,0,0,0.496,0.504,27,27,27,27,1,0,5,1,5.0,1,1.12,0.75,-0.75,44.0,,,,,
FF,2026-06-20,96.0,-1.57,5.61,"Tatis Jr., Fernando",665487,668390,,called_strike,,,,,2.0,,R,R,R,TEX,SD,S,,,1,0,2026,-0.51,1.36,-0.0476360606320999,2.8922821006580812,,,,0,8,Top,,,,,,,5.224974035969233,-139.6782075934199,-4.594233276900004,-7.846081884247074,30.969330999435087,-13.533390676326476,3.346382874,1.68882874,,,,97.5,2432.0,7.1,822885,543309,669394,670032,673962,677649,672284,694671,607043,53.4,,,,,,,,56,2,4-Seam Fastball,3,1,1,3,1,3,1,3,Standard,Standard,204.0,0.009,-0.055,,,,,0.055,,2,-2,0.855,0.145,26,27,27,27,1,3,2,1,4.0,1,1.11,0.51,0.51,46.3,,,,,
CU,2026-06-20,80.3,1.81,5.63,"Tatis Jr., Fernando",665487,669022,,ball,,,,,13.0,,R,R,L,TEX,SD,B,,,0,0,2026,-0.61,-1.17,-1.0627165779244756,2.4156537877351685,,,,0,1,Top,,,,,,,-5.152793102763128,-116.8366685832678,2.083442867998453,-4.565350239127001,22.480154191336155,-43.49803618613157,3.346382874,1.68882874,,,,81.1,2330.0,6.9,822885,543309,669394,670032,673962,677649,672284,694671,607043,53.63,,,,,,,,1,1,Curveball,0,0,0,0,0,0,0,0,Standard,Standard,331.0,-0.004,0.042,,,,,-0.042,,0,0,0.5,0.5,27,27,27,27,1,0,5,1,5.0,1,4.71,-0.61,0.61,49.9,,,,,
SL,2026-06-20,87.2,-1.84,5.49,"Tatis Jr., Fernando",665487,668390,,ball,,,,,14.0,,R,R,R,TEX,SD,B,,,0,0,2026,0.1,-0.11,0.5697207107338739,0.2655205007284151,,,,0,8,Top,,,,,,,5.572130661448434,-126.82783003284356,-5.991156907320341,-0.0303625457094312,24.961595339860025,-32.31750724852195,3.346382874,1.68882874,,,,88.4,2726.0,7.0,822885,543309,669394,670032,673962,677649,672284,694671,607043,53.51,,,,,,,,56,1,Slider,3,1,1,3,1,3,1,3,Standard,Standard,95.0,-0.007,0.042,,,,,-0.042,,2,-2,0.862,0.138,26,27,27,27,1,3,2,1,4.0,1,3.1,-0.1,-0.1,42.3,,,,,
FF,2026-06-19,96.1,-1.53,5.62,"Tatis Jr., Fernando",665487,594798,field_out,hit_into_play,,,,,6.0,Fernando Tatis Jr. flies out to center fielder Wyatt Langford.,R,R,R,TEX,SD,X,8.0,fly_ball,3,1,2026,-0.72,1.46,0.6243347366374007,2.5902176613574683,,,,2,4,Top,124.59,68.11,,,,,7.345688939782033,-139.72167362075265,-5.636545161518085,-11.10763805791859,32.54800921234692,-11.92767124808251,3.346382874,1.68882874,325.0,97.8,42.0,96.8,2427.0,6.8,822886,553869,669394,670032,673962,677649,696030,694671,607043,53.7,0.057,0.104,0.0,1.0,0.0,0.0,3.0,38,5,4-Seam Fastball,6,6,6,6,6,6,6,6,Standard,Standard,220.0,0.019,-0.403,83.2,7.9,,0.199,0.403,97.8,0,0,0.541,0.459,38,27,38,27,3,2,6,2,5.0,1,1.02,0.72,0.72,33.8,12.723792482420132,-4.3938808862947765,26.901236499744027,43.82974436218856,32.89463417620317
FF,2026-06-19,96.1,-1.48,5.55,"Tatis Jr., Fernando",665487,594798,,ball,,,,,14.0,,R,R,R,TEX,SD,B,,,2,1,2026,-0.69,1.42,1.1461108259615391,2.321452113112617,,,,2,4,Top,,,,,,,8.579567343479976,-139.65669578165938,-6.083357460282215,-11.012374076286266,32.3308587070813,-12.44157226862034,3.346382874,1.68882874,,,,97.3,2366.0,7.1,822886,553869,669394,670032,673962,677649,696030,694671,607043,53.41,,,,,,,,38,4,4-Seam Fastball,6,6,6,6,6,6,6,6,Standard,Standard,220.0,-0.005,0.101,,,,,-0.101,,0,0,0.546,0.454,38,27,38,27,3,2,6,2,5.0,1,1.06,0.69,0.69,34.7,,,,,
FF,2026-06-19,95.4,-1.36,5.67,"Tatis Jr., Fernando",665487,594798,,swinging_strike,,,,,12.0,,R,R,R,TEX,SD,S,,,2,0,2026,-0.64,1.52,1.0515095790795157,3.2043095367003653,,,,2,4,Top,,,,,,,7.816242025008455,-138.69801692909638,-4.166135541470427,-10.055079544840408,32.368343679769474,-11.783964620783218,3.346382874,1.68882874,,,,96.4,2422.0,7.0,822886,553869,669394,670032,673962,677649,696030,694671,607043,53.51,,,,,,,,38,3,4-Seam Fastball,6,6,6,6,6,6,6,6,Standard,Standard,214.0,0.004,-0.065,37.9,5.6,5.5307448,,0.065,,0,0,0.542,0.458,38,27,38,27,3,2,6,2,5.0,1,0.99,0.64,0.64,35.0,3.923607544866812,57.742818780736066,18.71213101541261,49.89910546802035,-4.219090248403445
SI,2026-06-19,95.8,-1.51,5.65,"Tatis Jr., Fernando",665487,594798,,ball,,,,,11.0,,R,R,R,TEX,SD,B,,,1,0,2026,-1.3,0.93,-0.9872887972549766,2.808656365153806,,,,2,4,Top,,,,,,,4.373365235050051,-139.4904944839053,-3.8713411413334624,-17.947516925704587,30.78710888404683,-19.38237239125039,3.346382874,1.68882874,,,,96.6,2215.0,6.7,822886,553869,669394,670032,673962,677649,696030,694671,607043,53.85,,,,,,,,38,2,Sinker,6,6,6,6,6,6,6,6,Standard,Standard,216.0,-0.004,0.064,,,,,-0.064,,0,0,0.546,0.454,38,27,38,27,3,2,6,2,5.0,1,1.55,1.3,1.3,33.2,,,,,
FF,2026-06-19,95.7,-1.37,5.61,"Tatis Jr., Fernando",665487,594798,,ball,,,,,14.0,,R,R,R,TEX,SD,B,,,0,0,2026,-0.65,1.46,1.759379335511841,2.317539384395099,,,,2,4,Top,,,,,,,9.763953777215145,-138.97489968180318,-6.244085836835719,-10.682003249445028,32.2643182616611,-12.021799864817735,3.346382874,1.68882874,,,,96.6,2338.0,7.0,822886,553869,669394,670032,673962,677649,696030,694671,607043,53.51,,,,,,,,38,1,4-Seam Fastball,6,6,6,6,6,6,6,6,Standard,Standard,218.0,-0.001,0.041,,,,,-0.041,,0,0,0.547,0.453,38,27,38,27,3,2,6,2,5.0,1,1.05,0.65,0.65,36.8,,,,,
FF,2026-06-19,95.6,-1.39,5.78,"Tatis Jr., Fernando",665487,594798,field_out,hit_into_play,,,,,9.0,Fernando Tatis Jr. lines out to center fielder Wyatt Langford.,R,R,R,TEX,SD,X,8.0,line_drive,0,0,2026,-0.83,1.47,0.620216175376165,2.0166032727815812,,,,0,2,Top,130.56,82.92,,,,,7.158626953620048,-138.93713026596564,-7.447255719211789,-12.402092204946149,31.963744203309368,-11.58241615174835,3.346382874,1.68882874,289.0,79.8,29.0,95.9,2483.0,6.6,822886,553869,669394,670032,673962,677649,696030,694671,607043,53.9,0.14,0.162,0.0,1.0,0.0,0.0,3.0,21,1,4-Seam Fastball,6,5,5,6,5,6,5,6,Standard,Standard,216.0,0.024,-0.259,84.8,8.1,,0.234,0.259,88.0,1,-1,0.603,0.397,38,27,38,27,2,1,6,2,5.0,1,1.03,0.83,0.83,33.7,19.040512658234015,-6.965197283041661,31.665535354901643,44.09321195530085,37.791984276465
SL,2026-06-19,90.9,-1.33,5.76,"Tatis Jr., Fernando",665487,594798,walk,ball,,,,,14.0,Fernando Tatis Jr. walks.,R,R,R,TEX,SD,B,,,3,2,2026,0.56,0.05,1.7913648038695085,1.1346324303364257,,,,0,1,Top,,,,,,,6.535027094709882,-132.2605640746197,-5.633193622705221,5.37805705446105,25.41762429237106,-30.64731859050591,3.346382874,1.68882874,,,,91.8,2720.0,6.6,822886,553869,669394,670032,673962,677649,696030,694671,607043,53.87,,0.698418,0.7,1.0,0.0,0.0,,1,6,Slider,0,0,0,0,0,0,0,0,Standard,Standard,119.0,-0.031,0.36,,,,,-0.36,,0,0,0.495,0.505,38,27,38,27,1,0,6,2,5.0,1,2.69,-0.56,-0.56,38.3,,,,,
SL,2026-06-19,91.8,-1.47,5.79,"Tatis Jr., Fernando",665487,594798,,ball,,,,,14.0,,R,R,R,TEX,SD,B,,,2,2,2026,0.52,0.18,0.9022944300988414,1.4031610778036443,,,,0,1,Top,,,,,,,4.821646553474455,-133.70512256278533,-5.497797835543383,5.294578419678364,25.92971686762136,-29.105513506783563,3.346382874,1.68882874,,,,92.6,2677.0,6.5,822886,553869,669394,670032,673962,677649,696030,694671,607043,53.99,,,,,,,,1,5,Slider,0,0,0,0,0,0,0,0,Standard,Standard,131.0,-0.008,0.113,,,,,-0.113,,0,0,0.503,0.497,38,27,38,27,1,0,6,2,5.0,1,2.5,-0.52,-0.52,38.7,,,,,
SL,2026-06-19,90.1,-1.5,5.86,"Tatis Jr., Fernando",665487,594798,,foul,,,,,6.0,,R,R,R,TEX,SD,S,,,2,1,2026,0.34,-0.08,0.4267494040540108,2.3901951021426786,,,,0,1,Top,,,,,,,4.026427039792469,-131.22743472936975,-2.3203112364784806,3.092664950473487,26.02907343908701,-32.80536125027418,3.346382874,1.68882874,3.0,71.7,-44.0,91.1,2604.0,6.7,822886,553869,669394,670032,673962,677649,696030,694671,607043,53.82,,,,,,,,1,4,Slider,0,0,0,0,0,0,0,0,Standard,Standard,124.0,0.007,-0.078,76.4,7.9,,,0.078,88.0,0,0,0.496,0.504,38,27,38,27,1,0,6,2,5.0,1,2.87,-0.34,-0.34,37.8,13.760296837832287,-11.62141235390976,27.25749329811267,42.32220811353297,34.96237596003803
FF,2026-06-19,98.8,-1.39,5.66,"Tatis Jr., Fernando",665487,594798,,ball,,,,,14.0,,R,R,R,TEX,SD,B,,,1,1,2026,-0.78,1.34,1.0254829292828445,1.9858775399109785,,,,0,1,Top,,,,,,,8.39970258432327,-143.47389355113597,-7.55368732902492,-12.780889380518644,33.11234278093244,-12.029849455997088,3.346382874,1.68882874,,,,99.4,2382.0,6.7,822886,553869,669394,670032,673962,677649,696030,694671,607043,53.79,,,,,,,,1,3,4-Seam Fastball,0,0,0,0,0,0,0,0,Standard,Standard,215.0,-0.005,0.063,,,,,-0.063,,0,0,0.501,0.499,38,27,38,27,1,0,6,2,5.0,1,1.0,0.78,0.78,32.5,,,,,
CH,2026-06-19,83.5,1.96,5.95,"Tatis Jr., Fernando",665487,656641,field_out,hit_into_play,,,,,14.0,"Fernando Tatis Jr. grounds out, shortstop Ezequiel Duran to first baseman Jake Burger.",R,R,L,TEX,SD,X,6.0,ground_ball,0,0,2026,1.29,0.98,0.996246173966104,2.4946208715868483,,,,0,9,Top,110.44,157.66,,,,,-4.778816105438859,-121.51672928101766,-3.2361740319679297,13.72127523830486,24.99546181668039,-22.005930782815796,3.346382874,1.68882874,18.0,75.1,-7.0,83.2,2211.0,6.2,822886,553869,669394,670032,673962,677649,672284,694671,607043,54.27,0.101,0.098,0.0,1.0,0.0,0.0,2.0,79,1,Changeup,9,7,7,9,7,9,7,9,Standard,Standard,129.0,0.039,-0.259,76.1,8.1,,0.11,0.259,88.0,2,-2,0.924,0.076,30,27,30,27,1,4,5,2,1.0,1,2.3,1.29,-1.29,52.9,13.19726510494392,-11.57407016506128,20.53818266968466,49.11416239878744,39.108081145006395
SL,2026-06-19,90.4,-1.41,5.84,"Tatis Jr., Fernando",665487,594798,,ball,,,,,14.0,,R,R,R,TEX,SD,B,,,0,1,2026,0.35,-0.07,1.0668724058563714,1.427627758717414,,,,0,1,Top,,,,,,,5.377967580704605,-131.6440041299713,-4.715252019579086,2.929459021292493,27.25253827567003,-32.15679272346364,3.346382874,1.68882874,,,,91.0,2618.0,6.5,822886,553869,669394,670032,673962,677649,696030,694671,607043,53.96,,,,,,,,1,2,Slider,0,0,0,0,0,0,0,0,Standard,Standard,120.0,-0.002,0.029,,,,,-0.029,,0,0,0.503,0.497,38,27,38,27,1,0,6,2,5.0,1,2.84,-0.35,-0.35,39.0,,,,,
SL,2026-06-19,89.5,-1.5,5.82,"Tatis Jr., Fernando",665487,594798,,swinging_strike,,,,,14.0,,R,R,R,TEX,SD,S,,,0,0,2026,0.46,0.0,0.8840863956367626,1.9070753968116072,,,,0,1,Top,,,,,,,4.855139133627516,-130.3099499299229,-3.4899623940124487,4.357921504768272,24.82208176975202,-31.709996360318776,3.346382874,1.68882874,,,,90.6,2575.0,6.7,822886,553869,669394,670032,673962,677649,696030,694671,607043,53.81,,,,,,,,1,1,Slider,0,0,0,0,0,0,0,0,Standard,Standard,108.0,0.003,-0.041,77.7,8.9,10.883880204,,0.041,,0,0,0.5,0.5,38,27,38,27,1,0,6,2,5.0,1,2.82,-0.46,-0.46,39.7,25.28578939510936,-39.88460336290621,31.379504313548097,46.5763678465767,55.45121039748827
ST,2026-06-19,79.9,-2.14,5.75,"Tatis Jr., Fernando",665487,596001,field_out,hit_into_play,,,,,12.0,Fernando Tatis Jr. flies out to center fielder Wyatt Langford.,R,R,R,TEX,SD,X,8.0,fly_ball,0,0,2026,1.58,0.09,1.0677968938575466,2.5313740132113542,,,,0,7,Top,103.18,85.92,,,,,3.912764677655781,-116.31991727675933,-0.3298679501319723,13.602598160018273,22.192274523656245,-31.48027889795359,3.346382874,1.68882874,287.0,77.6,32.0,79.1,2489.0,5.8,822886,553869,669394,679822,673962,670032,677649,694671,607043,54.75,0.103,0.108,0.0,1.0,0.0,0.0,3.0,62,1,Sweeper,8,6,6,8,6,8,6,8,Infield shade,Standard,60.0,0.034,-0.259,76.1,7.9,,0.162,0.259,88.0,2,-2,0.815,0.185,33,27,34,27,1,3,5,2,2.0,1,3.48,-1.58,-1.58,32.5,19.44842919430166,-8.018181864796109,28.229675689062876,48.69766464135273,38.19939762121143
ST,2026-06-17,84.8,-2.09,5.54,"Tatis Jr., Fernando",665487,681517,double,hit_into_play,,,,,5.0,Fernando Tatis Jr. doubles (11) on a sharp line drive to center fielder Nathan Church. Will Wagner scores.,R,R,R,STL,SD,X,8.0,line_drive,0,0,2026,1.26,-0.06,-0.0591964762132568,2.80874243390499,,695238.0,,1,5,Top,126.69,39.51,,,,,2.1598330150900074,-123.64585038804996,0.173160719989956,12.648748579333464,21.799160556967568,-32.97966458807484,3.346382874,1.68882874,347.0,111.3,14.0,86.6,2574.0,7.0,823044,699625,676475,802139,691458,691026,663457,701675,691023,53.45,0.703,0.809,1.25,1.0,1.0,1.0,6.0,35,1,Sweeper,0,2,2,0,3,0,3,0,Standard,Standard,64.0,-0.081,0.801,76.5,6.7,,1.199,-0.801,111.3,-2,2,0.233,0.767,29,27,29,27,3,2,5,1,6.0,2,3.18,-1.26,-1.26,43.5,5.940376617815043,7.341981393297703,27.328796618226495,36.66334061871061,27.998991226346416
SI,2026-06-17,95.5,-1.66,5.74,"Tatis Jr., Fernando",665487,681517,single,hit_into_play,,,,,6.0,Fernando Tatis Jr. singles on a sharp ground ball to center fielder Nathan Church.,R,R,R,STL,SD,X,8.0,ground_ball,1,0,2026,-0.51,0.94,0.6177172011842327,2.2016054434703225,,,,1,3,Top,115.32,101.52,,,,,7.214593089930885,-139.00220483342144,-5.801093258133302,-8.058800208491345,27.06608527908248,-18.89652280318044,3.346382874,1.68882874,5.0,100.3,-24.0,97.8,2191.0,7.3,823044,699625,676475,802139,691458,691026,663457,701675,691023,53.22,0.115,0.104,0.9,1.0,1.0,0.0,2.0,18,2,Sinker,0,1,1,0,1,0,1,0,Standard,Standard,206.0,-0.022,0.378,79.1,7.5,,0.13,-0.378,100.3,-1,1,0.408,0.592,29,27,29,27,2,1,5,1,6.0,2,1.53,0.51,0.51,49.8,6.059272173590175,8.930048855696086,26.136087509869636,44.82428064915773,23.158058316969857
SI,2026-06-17,95.1,-1.93,5.56,"Tatis Jr., Fernando",665487,681517,,ball,,,,,14.0,,R,R,R,STL,SD,B,,,0,0,2026,-0.6,0.73,1.0409846220704877,2.0224097167366244,,,,1,3,Top,,,,,,,9.208062582992325,-138.20330328942177,-5.192708956522895,-9.604967032926476,27.76282334793214,-21.82236912136123,3.346382874,1.68882874,,,,97.0,2210.0,7.2,823044,699625,676475,802139,691458,691026,663457,701675,691023,53.27,,,,,,,,18,1,Sinker,0,1,1,0,1,0,1,0,Standard,Standard,203.0,-0.002,0.041,,,,,-0.041,,-1,1,0.41,0.59,29,27,29,27,2,1,5,1,6.0,2,1.77,0.6,0.6,43.9,,,,,
SI,2026-06-17,97.1,-1.35,5.34,"Tatis Jr., Fernando",665487,688297,single,hit_into_play,,,,,2.0,"Padres challenged (tag play), call on the field was upheld: Fernando Tatis Jr. singles on a sharp line drive to right fielder Jordan Walker. Sung-Mun Song scores. Fernando Tatis Jr. out at 2nd on the throw, right fielder Jordan Walker to shortstop Masyn Winn.",R,R,R,STL,SD,X,9.0,line_drive,1,1,2026,-1.02,0.18,-0.1806795709596907,3.098913028547019,,823550.0,,1,9,Top,224.45,96.07,,,,,5.528749175858634,-141.4734824245379,-0.7654772690003964,-14.8772004632822,29.60987056896966,-29.7988201190483,3.346382874,1.68882874,350.0,105.9,21.0,98.9,2219.0,7.0,823044,686780,676475,802139,691458,691026,663457,665877,691023,53.45,0.837,1.271,0.9,1.0,1.0,0.0,6.0,68,3,Sinker,1,3,3,1,4,1,4,1,Standard,Standard,232.0,-0.028,0.562,73.1,5.9,,2.213,-0.562,105.9,-2,2,0.069,0.931,29,27,29,27,1,4,4,1,19.0,2,2.22,1.02,1.02,25.2,-0.9699906443169386,27.57688755111784,24.34867981360194,35.73031897697787,20.011753501255136
SI,2026-06-17,98.2,-1.32,5.36,"Tatis Jr., Fernando",665487,688297,,ball,,,,,13.0,,R,R,R,STL,SD,B,,,0,1,2026,-1.26,0.22,-1.5889907773850438,2.0858611060497587,,823550.0,,1,9,Top,,,,,,,2.286926345376572,-143.0512429294995,-3.758658045431718,-17.86807933968186,32.569782189464654,-28.45873026075668,3.346382874,1.68882874,,,,99.3,2227.0,6.8,823044,686780,676475,802139,691458,691026,663457,665877,691023,53.69,,,,,,,,68,2,Sinker,1,3,3,1,3,1,3,1,Standard,Standard,233.0,-0.001,0.032,,,,,-0.032,,-2,2,0.07,0.93,29,27,29,27,1,4,4,1,19.0,2,2.13,1.26,1.26,25.2,,,,,
ST,2026-06-17,86.8,-1.58,5.37,"Tatis Jr., Fernando",665487,688297,,called_strike,,,,,4.0,,R,R,R,STL,SD,S,,,0,0,2026,0.94,0.25,-0.2778590758145928,2.399652984904245,,823550.0,,1,9,Top,,,,,,,1.1403378923778626,-126.65362983566143,-1.3956446615980278,10.074464922219816,21.47183302265869,-29.378105076406456,3.346382874,1.68882874,,,,88.8,2325.0,7.0,823044,686780,676475,802139,691458,691026,663457,665877,691023,53.51,,,,,,,,68,1,Sweeper,1,3,3,1,3,1,3,1,Standard,Standard,85.0,0.002,-0.045,,,,,0.045,,-2,2,0.068,0.932,29,27,29,27,1,4,4,1,19.0,2,2.72,-0.94,-0.94,33.2,,,,,
ST,2026-06-17,86.2,-1.46,5.6,"Tatis Jr., Fernando",665487,694335,field_out,hit_into_play,,,,,12.0,Fernando Tatis Jr. flies out to right fielder Jordan Walker.,R,R,R,STL,SD,X,9.0,fly_ball,1,2,2026,1.23,0.14,0.9183217566319748,2.7777880091729688,,660710.0,,2,7,Top,179.34,102.26,,,,,3.0556958066865896,-125.53848422723564,-0.587099578239314,12.443545842620535,24.9311706192078,-30.73324778315928,3.346382874,1.68882874,275.0,89.9,48.0,86.7,2302.0,6.5,823044,686780,676475,802139,691458,691026,663457,701675,691023,53.95,0.006,0.01,0.0,1.0,0.0,0.0,3.0,53,4,Sweeper,1,3,3,1,3,1,3,1,Standard,Standard,69.0,0.018,-0.193,76.3,7.2,,0.014,0.193,89.9,-2,2,0.203,0.797,27,27,27,27,1,3,4,1,2.0,2,2.91,-1.23,-1.23,28.6,9.645890724372723,10.695066305553178,23.70562453569671,49.22428526768786,27.174110466262157
ST,2026-06-17,87.2,-1.49,5.58,"Tatis Jr., Fernando",665487,694335,,blocked_ball,,,,,14.0,,R,R,R,STL,SD,B,,,0,2,2026,1.15,0.08,1.5311994000400984,0.4199531863086707,,660710.0,,2,7,Top,,,,,,,4.762389616627624,-126.87783168783535,-6.155149386434842,11.560334728231426,25.08895934084793,-30.323481997887203,3.346382874,1.68882874,,,,87.5,2334.0,6.4,823044,686780,676475,802139,691458,691026,663457,701675,691023,54.11,,,,,,,,53,3,Sweeper,1,3,3,1,3,1,3,1,Standard,Standard,63.0,-0.002,0.01,,,,,-0.01,,-2,2,0.205,0.795,27,27,27,27,1,3,4,1,2.0,2,2.91,-1.15,-1.15,29.3,,,,,
SI,2026-06-17,98.0,-1.47,5.49,"Tatis Jr., Fernando",665487,694335,,foul,,,,,3.0,,R,R,R,STL,SD,S,,,0,1,2026,-1.2,0.76,0.4753537126535101,3.3313461857481643,,660710.0,,2,7,Top,,,,,,,8.04388724084731,-142.44808293260465,-1.9301298747155524,-18.20654203004087,32.922294731793066,-21.651679481069586,3.346382874,1.68882874,281.0,90.1,44.0,98.3,2434.0,6.5,823044,686780,676475,802139,691458,691026,663457,701675,691023,53.99,,,,,,,,53,2,Sinker,1,3,3,1,3,1,3,1,Standard,Standard,224.0,0.006,-0.063,78.6,6.9,,,0.063,90.1,-2,2,0.199,0.801,27,27,27,27,1,3,4,1,2.0,2,1.62,1.2,1.2,25.6,4.774072293380376,21.214128729834336,21.74910601265294,44.0054964108002,16.398436229632612
FC,2026-06-17,92.6,-1.59,5.5,"Tatis Jr., Fernando",665487,694335,,swinging_strike,,,,,6.0,,R,R,R,STL,SD,S,,,0,0,2026,0.34,0.66,0.7690342483870225,2.6230682618982604,,660710.0,,2,7,Top,,,,,,,5.229961620244794,-134.90658258993022,-2.872676159603704,3.1578026587602612,27.445123852372888,-23.73620140922214,3.346382874,1.68882874,,,,93.7,2384.0,6.7,823044,686780,676475,802139,691458,691026,663457,701675,691023,53.78,,,,,,,,53,1,Cutter,1,3,3,1,3,1,3,1,Standard,Standard,223.0,0.004,-0.04,57.0,6.6,1.916597232,,0.04,,-2,2,0.195,0.805,27,27,27,27,1,3,4,1,2.0,2,1.98,-0.34,-0.34,29.9,-4.809678277198138,43.17889327632891,31.473915626171028,47.68875569818851,2.4551691670388065
FF,2026-06-17,96.0,-1.97,5.64,"Tatis Jr., Fernando",665487,681517,field_out,hit_into_play,,,,,4.0,"Fernando Tatis Jr. grounds out, third baseman Blaze Jordan to first baseman Alec Burleson.",R,R,R,STL,SD,X,5.0,ground_ball,0,1,2026,-0.37,1.21,-0.3195905015460422,2.7728187337856047,,,,0,1,Top,100.5,169.82,,,,,5.29028764616926,-139.75350381746372,-4.699897552458275,-6.063199397210026,31.234214817381396,-15.460239071424589,3.346382874,1.68882874,39.0,110.0,-2.0,98.4,2269.0,7.6,823044,699625,676475,802139,691458,691026,663457,701675,691023,52.9,0.466,0.419,0.0,1.0,0.0,0.0,4.0,1,2,4-Seam Fastball,0,0,0,0,0,0,0,0,Standard,Standard,205.0,0.019,-0.218,81.1,7.3,,0.476,0.218,110.0,0,0,0.503,0.497,29,27,29,27,1,0,5,1,6.0,2,1.26,0.37,0.37,41.8,9.700718257497646,-9.350443940109656,26.52336989336538,33.590264112870265,39.01909132107106
FF,2026-06-17,97.0,-1.76,5.67,"Tatis Jr., Fernando",665487,681517,,swinging_strike,,,,,3.0,,R,R,R,STL,SD,S,,,0,0,2026,-0.16,1.35,0.7962562329690702,2.996512789178877,,,,0,1,Top,,,,,,,7.259855598407429,-141.08286095279632,-4.643777404471964,-3.835988384613085,31.999375158557253,-13.20673485782701,3.346382874,1.68882874,,,,98.9,2221.0,7.4,823044,699625,676475,802139,691458,691026,663457,701675,691023,53.12,,,,,,,,1,1,4-Seam Fastball,0,0,0,0,0,0,0,0,Standard,Standard,203.0,0.003,-0.041,80.6,7.0,0.474212904,,0.041,,0,0,0.5,0.5,29,27,29,27,1,0,5,1,6.0,2,1.07,0.16,0.16,46.1,3.7573790618990097,17.035883010312833,24.126761114400388,47.19821577350126,19.459483643598837
SI,2026-06-16,96.8,-1.54,6.08,"Tatis Jr., Fernando",665487,669467,single,hit_into_play,,,,,3.0,Fernando Tatis Jr. singles on a ground ball to right fielder Jordan Walker.,R,R,R,STL,SD,X,9.0,ground_ball,0,1,2026,-1.07,1.13,0.330085249424294,2.9417152987783957,,,,2,6,Top,178.34,102.53,,,,,7.451209942862547,-140.7794402550883,-5.270622066348871,-15.96382448620114,30.934612744582076,-16.11156636278796,3.346382874,1.68882874,110.0,89.9,5.0,97.3,2239.0,6.5,823045,671056,676475,802139,691458,691026,663457,701675,691023,53.96,0.446,0.415,0.9,1.0,1.0,0.0,4.0,44,2,Sinker,3,1,1,3,1,3,1,3,Standard,Standard,198.0,-0.019,0.374,77.6,6.8,,0.501,-0.374,89.9,2,-2,0.834,0.166,27,27,28,27,3,2,6,1,6.0,1,1.3,1.07,1.07,58.2,-3.3040826072060323,28.390687832657413,23.112687697027106,41.61117662954676,18.36825558961413
SL,2026-06-16,89.5,-1.73,6.09,"Tatis Jr., Fernando",665487,669467,,foul,,,,,8.0,,R,R,R,STL,SD,S,,,0,0,2026,0.28,0.17,-0.1649069769220181,1.8221026885264069,,,,2,6,Top,,,,,,,3.2288991108070673,-130.35065121509044,-4.7491506627810995,2.645226276775356,24.44331512704575,-29.528783027882913,3.346382874,1.68882874,1.0,74.6,-54.0,90.6,2413.0,6.7,823045,671056,676475,802139,691458,691026,663457,701675,691023,53.85,,,,,,,,44,1,Slider,3,1,1,3,1,3,1,3,Standard,Standard,109.0,0.002,-0.045,76.7,7.8,,,0.045,88.0,2,-2,0.832,0.168,27,27,28,27,3,2,6,1,6.0,1,2.65,-0.28,-0.28,58.7,17.024485864313807,-11.91478294529727,31.45714018052173,34.85944203576946,40.75206850403985
KC,2026-06-16,77.1,-1.28,6.09,"Tatis Jr., Fernando",665487,669467,field_out,hit_into_play,,,,,3.0,Fernando Tatis Jr. grounds out sharply to first baseman Alec Burleson.,R,R,R,STL,SD,X,3.0,ground_ball,1,1,2026,0.33,-1.38,0.6690829255331712,2.906278074087319,,,,0,4,Top,153.46,164.35,,,,,3.5003240976999916,-112.26191613798794,2.998979600115971,2.2099122798664337,20.06640929797814,-44.64372856992618,3.346382874,1.68882874,33.0,100.8,-3.0,77.8,2887.0,6.7,823045,671056,676475,802139,691458,691026,663457,701675,691023,53.81,0.407,0.38,0.0,1.0,0.0,0.0,2.0,25,3,Knuckle Curve,2,0,0,2,0,2,0,2,Standard,Standard,18.0,0.026,-0.247,72.5,6.1,,0.46,0.247,100.8,2,-2,0.73,0.27,27,27,28,27,2,1,6,1,6.0,1,5.21,-0.33,-0.33,65.1,-3.2386130115577494,27.943170170136476,23.38231824170206,44.80812714506365,19.616361393539687
SI,2026-06-16,96.7,-1.63,6.03,"Tatis Jr., Fernando",665487,669467,,called_strike,,,,,3.0,,R,R,R,STL,SD,S,,,1,0,2026,-1.08,1.0,0.5398836155639055,2.8417584244894663,,,,0,4,Top,,,,,,,8.213966904230888,-140.74102879009237,-5.122786232577301,-16.082134366471223,27.750089148560427,-17.942651825911362,3.346382874,1.68882874,,,,97.5,2219.0,6.4,823045,671056,676475,802139,691458,691026,663457,701675,691023,54.06,,,,,,,,25,2,Sinker,2,0,0,2,0,2,0,2,Standard,Standard,203.0,0.005,-0.055,,,,,0.055,,2,-2,0.725,0.275,27,27,28,27,2,1,6,1,6.0,1,1.42,1.08,1.08,58.2,,,,,
SI,2026-06-16,95.4,-1.66,5.98,"Tatis Jr., Fernando",665487,669467,,ball,,,,,13.0,,R,R,R,STL,SD,B,,,0,0,2026,-1.03,1.06,-0.0191128951496257,1.2338380721532085,,,,0,4,Top,,,,,,,6.641815123365833,-138.6278830543907,-9.123203892611576,-14.74259046598098,26.66400945176549,-16.686839605502527,3.346382874,1.68882874,,,,96.4,2306.0,6.6,823045,671056,676475,802139,691458,691026,663457,701675,691023,53.87,,,,,,,,25,1,Sinker,2,0,0,2,0,2,0,2,Standard,Standard,200.0,-0.004,0.042,,,,,-0.042,,2,-2,0.729,0.271,27,27,28,27,2,1,6,1,6.0,1,1.42,1.03,1.03,55.2,,,,,
SL,2026-06-16,89.6,-1.81,5.91,"Tatis Jr., Fernando",665487,669467,field_out,hit_into_play,,,,,5.0,Fernando Tatis Jr. flies out to right fielder Jordan Walker.,R,R,R,STL,SD,X,9.0,fly_ball,1,2,2026,0.44,0.38,0.2556371686088257,2.7001412872933197,,,,0,1,Top,190.25,67.2,,,,,4.129805108778865,-130.5348747106041,-2.626289674943146,4.260673190442643,24.270980093363747,-27.51623813951414,3.346382874,1.68882874,361.0,99.0,34.0,90.6,2237.0,6.6,823045,671056,676475,802139,691458,691026,663457,701675,691023,53.93,0.323,0.643,0.0,1.0,0.0,0.0,5.0,1,5,Slider,0,0,0,0,0,0,0,0,Standard,Standard,150.0,0.015,-0.187,77.5,7.2,,1.225,0.187,99.0,0,0,0.507,0.493,27,27,28,27,1,0,6,1,6.0,1,2.43,-0.44,-0.44,54.4,6.292253389124546,3.999189987776736,28.966685355959942,39.89342977076342,29.251120093790952
SL,2026-06-16,90.0,-1.86,5.87,"Tatis Jr., Fernando",665487,669467,,foul,,,,,14.0,,R,R,R,STL,SD,S,,,1,2,2026,0.49,0.23,0.258652049679806,1.298021964685847,,,,0,1,Top,,,,,,,4.17476047108924,-130.95487683213997,-5.657398331422492,4.724388487559717,27.48865041401456,-28.536760735238,3.346382874,1.68882874,,,,90.7,2289.0,6.7,823045,671056,676475,802139,691458,691026,663457,701675,691023,53.79,,,,,,,,1,4,Slider,0,0,0,0,0,0,0,0,Standard,Standard,143.0,0.0,0.0,78.7,7.9,,,0.0,,0,0,0.507,0.493,27,27,28,27,1,0,6,1,6.0,1,2.58,-0.49,-0.49,54.7,15.793024901896644,-11.6464554074016,36.389955787536735,38.74324711121348,42.49830271266977
SI,2026-06-16,98.5,-1.61,5.72,"Tatis Jr., Fernando",665487,676617,field_out,hit_into_play,,,,,7.0,"Fernando Tatis Jr. grounds out, shortstop Masyn Winn to first baseman Alec Burleson.",R,R,R,STL,SD,X,6.0,ground_ball,1,1,2026,-1.3,0.5,-0.5425533565587124,2.1526742774589076,,,,0,9,Top,100.65,149.66,,,,,5.998453307382155,-143.4455670127948,-5.316096781940916,-19.357911124650567,30.269602465410568,-24.27249822045996,3.346382874,1.68882874,5.0,100.9,-24.0,100.0,2238.0,6.9,823045,671056,676475,802139,691458,691026,663457,701675,691023,53.61,0.146,0.138,0.0,1.0,0.0,0.0,2.0,67,3,Sinker,3,2,2,3,2,3,2,3,Standard,Standard,230.0,0.069,-0.247,75.1,6.9,,0.161,0.247,100.9,1,-1,0.839,0.161,31,27,31,27,1,3,3,1,5.0,1,1.83,1.3,1.3,35.0,4.813118998144284,3.3921926919433627,36.07193549049971,31.538637725453675,28.366399762554295
SI,2026-06-16,96.1,-1.87,5.9,"Tatis Jr., Fernando",665487,669467,,called_strike,,,,,4.0,,R,R,R,STL,SD,S,,,1,1,2026,-1.15,1.26,-0.3153351094671752,2.577011067678022,,,,0,1,Top,,,,,,,6.753146484110862,-139.6641758789426,-5.897153685163176,-16.632397344710757,31.41637316489285,-14.55360306817498,3.346382874,1.68882874,,,,96.4,2284.0,6.5,823045,671056,676475,802139,691458,691026,663457,701675,691023,53.98,,,,,,,,1,3,Sinker,0,0,0,0,0,0,0,0,Standard,Standard,200.0,0.006,-0.06,,,,,0.06,,0,0,0.501,0.499,27,27,28,27,1,0,6,1,6.0,1,1.22,1.15,1.15,57.9,,,,,
SI,2026-06-16,97.7,-1.5,5.86,"Tatis Jr., Fernando",665487,676617,,ball,,,,,11.0,,R,R,R,STL,SD,B,,,0,1,2026,-1.14,0.44,-0.5138399933971849,3.787141738427663,,,,0,9,Top,,,,,,,5.360146269750053,-142.32591353200306,-1.0130651552368817,-16.773799396993045,29.49181708272766,-26.12206996045547,3.346382874,1.68882874,,,,99.0,2148.0,6.7,823045,671056,676475,802139,691458,691026,663457,701675,691023,53.75,,,,,,,,67,2,Sinker,3,2,2,3,2,3,2,3,Standard,Standard,228.0,-0.007,0.029,,,,,-0.029,,1,-1,0.846,0.154,31,27,31,27,1,3,3,1,5.0,1,1.92,1.14,1.14,35.1,,,,,
SL,2026-06-16,88.9,-1.83,5.91,"Tatis Jr., Fernando",665487,669467,,ball,,,,,14.0,,R,R,R,STL,SD,B,,,0,1,2026,0.52,0.13,2.1419337035726556,2.0764705280667477,,,,0,1,Top,,,,,,,8.547044127809695,-129.25012419650312,-3.387526808111061,3.881376952480484,28.329139102712073,-30.13666605929367,3.346382874,1.68882874,,,,89.3,2314.0,6.7,823045,671056,676475,802139,691458,691026,663457,701675,691023,53.83,,,,,,,,1,2,Slider,0,0,0,0,0,0,0,0,Standard,Standard,128.0,-0.002,0.029,,,,,-0.029,,0,0,0.503,0.497,27,27,28,27,1,0,6,1,6.0,1,2.77,-0.52,-0.52,56.0,,,,,
FF,2026-06-16,94.7,-1.61,6.0,"Tatis Jr., Fernando",665487,669467,,called_strike,,,,,2.0,,R,R,R,STL,SD,S,,,0,0,2026,-0.39,1.33,-0.1695211837220286,3.43152478353326,,,,0,1,Top,,,,,,,4.636471516390085,-137.87046253598936,-3.950052252707806,-6.010072618569952,28.561530115488384,-14.434327377711533,3.346382874,1.68882874,,,,95.6,2152.0,6.6,823045,671056,676475,802139,691458,691026,663457,701675,691023,53.86,,,,,,,,1,1,4-Seam Fastball,0,0,0,0,0,0,0,0,Standard,Standard,198.0,0.003,-0.041,,,,,0.041,,0,0,0.5,0.5,27,27,28,27,1,0,6,1,6.0,1,1.19,0.39,0.39,57.7,,,,,
ST,2026-06-16,84.2,-1.89,5.46,"Tatis Jr., Fernando",665487,676617,,called_strike,,,,,2.0,,R,R,R,STL,SD,S,,,0,0,2026,1.11,-0.33,0.2074288946600752,2.8801997840165448,,,,0,9,Top,,,,,,,2.5632139282082287,-122.60779970778955,1.2780172679493564,10.695697768721937,24.98590877932286,-36.00538071397514,3.346382874,1.68882874,,,,84.7,2359.0,6.7,823045,671056,676475,802139,691458,691026,663457,701675,691023,53.83,,,,,,,,67,1,Sweeper,3,2,2,3,2,3,2,3,Standard,Standard,52.0,0.011,-0.041,,,,,0.041,,1,-1,0.835,0.165,31,27,31,27,1,3,3,1,5.0,1,3.55,-1.11,-1.11,25.9,,,,,
ST,2026-06-15,86.5,-1.92,5.17,"Tatis Jr., Fernando",665487,669160,strikeout,swinging_strike_blocked,,,,,14.0,Fernando Tatis Jr. strikes out swinging.,R,R,R,STL,SD,S,2.0,,1,2,2026,1.27,-0.83,1.2703894156694615,0.3633652439242034,,,,2,9,Top,,,,,,,4.8837877690037415,-125.7909378864527,-3.171084030782908,12.19500869143888,29.128029955225013,-40.35374428290573,3.346382874,1.68882874,,,,86.2,3225.0,6.5,823046,699625,676475,802139,691458,691026,663457,701675,691023,54.03,,0.0,0.0,1.0,0.0,0.0,,61,4,Sweeper,3,0,0,3,0,3,0,3,Standard,Standard,48.0,0.003,-0.183,45.2,7.6,10.816770048,,0.183,,3,-3,0.997,0.003,28,27,29,27,4,3,6,1,6.0,1,3.91,-1.27,-1.27,31.7,9.210300936900614,6.44671648839834,32.07254878362114,52.38979464900518,30.407090924867404
FC,2026-06-15,92.7,-1.55,5.55,"Tatis Jr., Fernando",665487,669160,,foul,,,,,2.0,,R,R,R,STL,SD,S,,,1,1,2026,0.31,0.57,-0.0700121062259322,3.2808754309390844,,,,2,9,Top,,,,,,,3.065798030665028,-135.0700116191846,-1.1635713957171714,3.247991455586352,26.502812594695808,-25.07183179259211,3.346382874,1.68882874,12.0,73.7,-14.0,94.1,2372.0,6.8,823046,699625,676475,802139,691458,691026,663457,701675,691023,53.7,,,,,,,,61,3,Cutter,3,0,0,3,0,3,0,3,Standard,Standard,198.0,0.001,-0.064,39.6,5.2,,,0.064,88.0,3,-3,0.996,0.004,28,27,29,27,4,3,6,1,6.0,1,2.05,-0.31,-0.31,38.6,-0.0511314702225746,47.7274711562693,20.28655480206278,38.15504680966404,10.765147786440034
FF,2026-06-15,97.1,-1.56,5.67,"Tatis Jr., Fernando",665487,669160,,called_strike,,,,,1.0,,R,R,R,STL,SD,S,,,1,0,2026,-0.87,1.29,-0.5427344979603774,3.3329936530981445,,,,2,9,Top,,,,,,,4.771121927219091,-141.24725981577774,-3.545259721316885,-12.801135450308651,33.83818559236703,-14.36582144335053,3.346382874,1.68882874,,,,97.7,2322.0,6.7,823046,699625,676475,802139,691458,691026,663457,701675,691023,53.75,,,,,,,,61,2,4-Seam Fastball,3,0,0,3,0,3,0,3,Standard,Standard,216.0,0.001,-0.056,,,,,0.056,,3,-3,0.995,0.005,28,27,29,27,4,3,6,1,6.0,1,1.14,0.87,0.87,38.6,,,,,
CU,2026-06-15,83.1,-1.35,5.69,"Tatis Jr., Fernando",665487,669160,,ball,,,,,14.0,,R,R,R,STL,SD,B,,,0,0,2026,0.79,-1.34,1.5013746116106494,1.7276259604717437,,,,2,9,Top,,,,,,,4.8988411885866965,-120.91046653960724,0.397127013338542,6.638745895677041,26.37085801966603,-45.53969408602117,3.346382874,1.68882874,,,,83.2,3055.0,6.6,823046,699625,676475,802139,691458,691026,663457,701675,691023,53.88,,,,,,,,61,1,Curveball,3,0,0,3,0,3,0,3,Standard,Standard,32.0,-0.001,0.041,,,,,-0.041,,3,-3,0.996,0.004,28,27,29,27,4,3,6,1,6.0,1,4.67,-0.79,-0.79,50.4,,,,,
FF,2026-06-15,96.8,-1.64,5.42,"Tatis Jr., Fernando",665487,669160,walk,ball,,,,,11.0,Fernando Tatis Jr. walks.,R,R,R,STL,SD,B,,,3,2,2026,-0.86,1.08,-0.2019434984951881,4.289226347651839,,,,0,7,Top,,,,,,,5.857382867315553,-140.88129991223147,0.1393596402178982,-12.714520918877078,30.188843633852837,-17.90471600414907,3.346382874,1.68882874,,,,98.3,2210.0,7.0,823046,699625,676475,802139,691458,691026,663457,701675,691023,53.48,,0.698418,0.7,1.0,0.0,0.0,,45,6,4-Seam Fastball,3,0,0,3,0,3,0,3,Standard,Standard,219.0,-0.037,0.36,,,,,-0.36,,3,-3,0.886,0.114,28,27,29,27,3,2,6,1,6.0,1,1.34,0.86,0.86,38.8,,,,,
FC,2026-06-15,93.8,-1.61,5.45,"Tatis Jr., Fernando",665487,669160,,swinging_strike,,,,,14.0,,R,R,R,STL,SD,S,,,3,1,2026,0.15,0.68,0.9324876870759532,1.5985858807351696,,,,0,7,Top,,,,,,,6.225252452257669,-136.534659258519,-5.675402271695493,0.7258644579152225,26.065150276280605,-22.603234551741217,3.346382874,1.68882874,,,,95.5,2424.0,6.9,823046,699625,676475,802139,691458,691026,663457,701675,691023,53.56,,,,,,,,45,5,Cutter,3,0,0,3,0,3,0,3,Standard,Standard,208.0,0.011,-0.101,59.8,7.0,0.276596832,,0.101,,3,-3,0.875,0.125,28,27,29,27,3,2,6,1,6.0,1,1.88,-0.15,-0.15,36.9,0.290329525647356,25.51012701921143,28.362946344604367,49.85810169603136,13.84003926776904
SI,2026-06-15,96.3,-1.95,5.31,"Tatis Jr., Fernando",665487,669160,,called_strike,,,,,11.0,,R,R,R,STL,SD,S,,,3,0,2026,-1.31,0.73,-0.6840243022996733,3.538237434763113,,,,0,7,Top,,,,,,,6.395816965261558,-140.13350795248317,-0.6940418587995729,-18.72651436284526,29.88036458132598,-22.55273249009963,3.346382874,1.68882874,,,,97.3,2352.0,6.7,823046,699625,676475,802139,691458,691026,663457,701675,691023,53.75,,,,,,,,45,4,Sinker,3,0,0,3,0,3,0,3,Standard,Standard,232.0,0.008,-0.084,,,,,0.084,,3,-3,0.867,0.133,28,27,29,27,3,2,6,1,6.0,1,1.72,1.31,1.31,34.8,,,,,
SI,2026-06-15,95.6,-1.69,5.37,"Tatis Jr., Fernando",665487,669160,,ball,,,,,14.0,,R,R,R,STL,SD,B,,,2,0,2026,-1.44,0.33,1.5292050734292633,2.2194539598413714,,,,0,7,Top,,,,,,,11.742519232159015,-138.78840099327962,-3.246321587872924,-21.18030152579539,30.31613143347716,-27.355168866963144,3.346382874,1.68882874,,,,96.3,2316.0,6.7,823046,699625,676475,802139,691458,691026,663457,701675,691023,53.75,,,,,,,,45,3,Sinker,3,0,0,3,0,3,0,3,Standard,Standard,229.0,-0.013,0.148,,,,,-0.148,,3,-3,0.88,0.12,28,27,29,27,3,2,6,1,6.0,1,2.17,1.44,1.44,29.9,,,,,
SI,2026-06-15,95.2,-1.88,5.31,"Tatis Jr., Fernando",665487,669160,,ball,,,,,13.0,,R,R,R,STL,SD,B,,,1,0,2026,-1.35,0.44,-0.4116833001715438,0.9290786404015314,,,,0,7,Top,,,,,,,6.957256312752542,-138.4126438529349,-6.656587980135546,-18.926673705281196,30.18209744356957,-25.25209864037863,3.346382874,1.68882874,,,,96.0,2268.0,6.8,823046,699625,676475,802139,691458,691026,663457,701675,691023,53.74,,,,,,,,45,2,Sinker,3,0,0,3,0,3,0,3,Standard,Standard,230.0,-0.009,0.082,,,,,-0.082,,3,-3,0.889,0.111,28,27,29,27,3,2,6,1,6.0,1,2.08,1.35,1.35,26.7,,,,,
FF,2026-06-15,95.6,-1.43,5.73,"Tatis Jr., Fernando",665487,669160,,ball,,,,,11.0,,R,R,R,STL,SD,B,,,0,0,2026,-0.7,1.06,-0.10545578759062,4.3244191226147874,,,,0,7,Top,,,,,,,5.113740042515535,-139.25806178590727,-0.402543642659193,-10.242669754345778,29.40519432502957,-18.410090089345207,3.346382874,1.68882874,,,,97.1,2187.0,7.0,823046,699625,676475,802139,691458,691026,663457,701675,691023,53.53,,,,,,,,45,1,4-Seam Fastball,3,0,0,3,0,3,0,3,Standard,Standard,215.0,-0.004,0.042,,,,,-0.042,,3,-3,0.893,0.107,28,27,29,27,3,2,6,1,6.0,1,1.41,0.7,0.7,40.0,,,,,
FF,2026-06-15,96.6,-1.63,5.65,"Tatis Jr., Fernando",665487,669160,field_out,hit_into_play,,,,,3.0,Fernando Tatis Jr. flies out to right fielder Jordan Walker.,R,R,R,STL,SD,X,9.0,fly_ball,1,0,2026,-0.6,1.43,0.5994811849089114,3.296273513327048,,,,0,4,Top,184.7,134.66,,,,,7.3268863972641585,-140.55861724483162,-3.864154270443773,-9.593551492355925,31.99376480844217,-12.57440325944717,3.346382874,1.68882874,217.0,95.8,58.0,97.6,2465.0,6.9,823046,699625,676475,802139,691458,691026,663457,701675,691023,53.63,0.014,0.014,0.0,1.0,0.0,0.0,3.0,21,2,4-Seam Fastball,0,0,0,0,0,0,0,0,Standard,Standard,213.0,0.031,-0.302,76.8,7.0,,0.02,0.302,95.8,0,0,0.496,0.504,28,27,29,27,2,1,6,1,6.0,1,1.02,0.6,0.6,43.7,4.258897154639289,8.923130139317438,21.581613700417975,44.80069554663736,26.21722667853344
FC,2026-06-15,92.8,-1.58,5.67,"Tatis Jr., Fernando",665487,669160,,ball,,,,,14.0,,R,R,R,STL,SD,B,,,0,0,2026,0.31,0.95,1.8512739390186552,1.2168995749549267,,,,0,4,Top,,,,,,,8.043248201946522,-134.9061183925462,-7.557983272687785,2.1480802875911764,27.3927965895496,-19.13687156857623,3.346382874,1.68882874,,,,93.8,2515.0,6.8,823046,699625,676475,802139,691458,691026,663457,701675,691023,53.73,,,,,,,,21,1,Cutter,0,0,0,0,0,0,0,0,Standard,Standard,207.0,-0.004,0.042,,,,,-0.042,,0,0,0.5,0.5,28,27,29,27,2,1,6,1,6.0,1,1.69,-0.31,-0.31,46.0,,,,,
SI,2026-06-15,98.0,-1.94,5.41,"Tatis Jr., Fernando",665487,669160,field_out,hit_into_play,,,,,6.0,"Fernando Tatis Jr. grounds out sharply, shortstop Masyn Winn to first baseman Alec Burleson.",R,R,R,STL,SD,X,6.0,ground_ball,3,2,2026,-1.41,0.76,0.2947357495677951,2.441930078250971,,,,0,1,Top,97.62,139.72,,,,,9.2998139428856,-142.36923799404644,-4.124862360882169,-21.27692200566771,32.851324234200646,-21.06774169957835,3.346382874,1.68882874,7.0,107.7,-20.0,98.4,2663.0,6.6,823046,699625,676475,802139,691458,691026,663457,701675,691023,53.9,0.167,0.15,0.0,1.0,0.0,0.0,2.0,1,6,Sinker,0,0,0,0,0,0,0,0,Standard,Standard,226.0,0.027,-0.346,81.6,7.7,,0.176,0.346,107.7,0,0,0.495,0.505,28,27,29,27,1,0,6,1,6.0,1,1.62,1.41,1.41,29.0,5.660822675703203,-6.504893939693499,24.654464177786224,40.17380956870467,30.523399623506062
SI,2026-06-15,98.2,-1.74,5.6,"Tatis Jr., Fernando",665487,669160,,ball,,,,,14.0,,R,R,R,STL,SD,B,,,2,2,2026,-1.34,0.99,0.9211997680572396,2.0412260652381757,,,,0,1,Top,,,,,,,10.318235916424568,-142.50030292203883,-6.271279254659964,-20.659339738382283,33.298852573585094,-17.358295753453934,3.346382874,1.68882874,,,,98.5,2722.0,6.7,823046,699625,676475,802139,691458,691026,663457,701675,691023,53.83,,,,,,,,1,5,Sinker,0,0,0,0,0,0,0,0,Standard,Standard,228.0,-0.008,0.113,,,,,-0.113,,0,0,0.503,0.497,28,27,29,27,1,0,6,1,6.0,1,1.39,1.34,1.34,31.7,,,,,
FF,2026-06-15,97.5,-1.65,5.74,"Tatis Jr., Fernando",665487,669160,,foul,,,,,1.0,,R,R,R,STL,SD,S,,,2,1,2026,-1.02,1.58,-0.5006622451078447,3.258881303887841,,,,0,1,Top,,,,,,,5.481394971057782,-141.7672867706844,-4.673377470006318,-14.983005142804547,33.40382959142278,-10.02185637008597,3.346382874,1.68882874,215.0,72.9,44.0,98.2,2808.0,6.8,823046,699625,676475,802139,691458,691026,663457,701675,691023,53.73,,,,,,,,1,4,4-Seam Fastball,0,0,0,0,0,0,0,0,Standard,Standard,222.0,0.007,-0.078,75.6,6.7,,,0.078,88.0,0,0,0.496,0.504,28,27,29,27,1,0,6,1,6.0,1,0.83,1.02,1.02,43.2,4.590640995267756,-3.631603510393043,26.41679055436783,31.735051036930617,27.09934299347383
FF,2026-06-15,97.0,-1.82,5.62,"Tatis Jr., Fernando",665487,669160,,called_strike,,,,,7.0,,R,R,R,STL,SD,S,,,2,0,2026,-1.11,1.43,-0.3079030878233477,1.832131778776513,,,,0,1,Top,,,,,,,6.620169373083427,-140.9289990616274,-7.732767241816425,-16.293917996045067,32.48459701195423,-11.462527461722676,3.346382874,1.68882874,,,,97.6,2770.0,6.8,823046,699625,676475,802139,691458,691026,663457,701675,691023,53.74,,,,,,,,1,3,4-Seam Fastball,0,0,0,0,0,0,0,0,Standard,Standard,224.0,0.007,-0.073,,,,,0.073,,0,0,0.489,0.511,28,27,29,27,1,0,6,1,6.0,1,1.0,1.11,1.11,36.0,,,,,
SI,2026-06-15,96.0,-1.95,5.61,"Tatis Jr., Fernando",665487,669160,,ball,,,,,11.0,,R,R,R,STL,SD,B,,,1,0,2026,-1.32,0.9,-1.17064290606216,3.421693962182609,,,,0,1,Top,,,,,,,5.10719877654056,-139.81007201407263,-2.1097343098129953,-18.514677170593245,31.49367652171973,-20.101673321515023,3.346382874,1.68882874,,,,96.4,2773.0,6.4,823046,699625,676475,802139,691458,691026,663457,701675,691023,54.06,,,,,,,,1,2,Sinker,0,0,0,0,0,0,0,0,Standard,Standard,222.0,-0.007,0.082,,,,,-0.082,,0,0,0.496,0.504,28,27,29,27,1,0,6,1,6.0,1,1.57,1.32,1.32,29.1,,,,,
SI,2026-06-15,95.8,-1.77,5.65,"Tatis Jr., Fernando",665487,669160,,ball,,,,,3.0,,R,R,R,STL,SD,B,,,0,0,2026,-1.21,0.99,0.7496756608634612,3.419095277531575,,,,0,1,Top,,,,,,,9.403584132906117,-139.31975363221807,-2.440066742378793,-17.805752184155637,29.804962049951666,-18.827177907615788,3.346382874,1.68882874,,,,96.7,2720.0,6.7,823046,699625,676475,802139,691458,691026,663457,701675,691023,53.78,,,,,,,,1,1,Sinker,0,0,0,0,0,0,0,0,Standard,Standard,222.0,-0.004,0.042,,,,,-0.042,,0,0,0.5,0.5,28,27,29,27,1,0,6,1,6.0,1,1.48,1.21,1.21,39.3,,,,,
FC,2026-06-14,82.5,2.56,5.69,"Tatis Jr., Fernando",665487,669432,single,hit_into_play,,,,,6.0,Fernando Tatis Jr. singles on a soft bunt ground ball to third baseman Blaze Alexander.,R,R,L,BAL,SD,X,5.0,ground_ball,0,0,2026,-0.33,0.44,0.4418010759680101,2.7991786487719077,,,,1,5,Top,114.09,189.49,,,,,-4.132729373616377,-120.12957914439782,-0.8066561863210582,-2.49305635291947,21.257566906296542,-27.925709096791913,3.346382874,1.68882874,14.0,27.3,-3.0,83.4,2243.0,6.7,824823,694212,624413,669236,677942,683002,621493,681297,665750,53.83,0.295,0.266,0.9,1.0,1.0,0.0,1.0,35,1,Cutter,0,2,2,0,2,0,2,0,Standard,Standard,198.0,-0.02,0.069,,,,0.298,-0.069,88.0,-2,2,0.267,0.733,28,27,29,27,3,2,5,1,6.0,1,2.88,-0.33,0.33,21.2,,,,,
CH,2026-06-14,88.0,2.29,5.66,"Tatis Jr., Fernando",665487,669432,single,hit_into_play,,,,,14.0,Fernando Tatis Jr. singles on a ground ball to center fielder Colton Cowser. Rodolfo Durán scores.,R,R,L,BAL,SD,X,8.0,ground_ball,1,2,2026,1.1,0.14,0.8910314211065022,1.9010505339319228,,660710.0,,2,2,Top,111.55,101.01,,,,,-5.709211909121855,-128.14330961313124,-3.1271906858597065,13.268886236947523,25.361433879297305,-30.235383939798,3.346382874,1.68882874,6.0,97.8,-16.0,88.9,1728.0,6.7,824823,694212,624413,669236,677942,683002,621493,681297,665750,53.79,0.196,0.176,0.9,1.0,1.0,0.0,2.0,13,4,Changeup,0,1,1,0,2,0,2,0,Standard,Standard,128.0,-0.098,0.77,72.1,7.6,,0.211,-0.77,97.8,-1,1,0.421,0.579,28,27,29,27,2,1,5,1,6.0,1,2.79,1.1,-1.1,19.2,6.83843823718739,9.76825017019428,27.909984358738807,47.09240115243737,26.81585746584075
FF,2026-06-14,93.9,2.3,5.78,"Tatis Jr., Fernando",665487,669432,,ball,,,,,12.0,,R,R,L,BAL,SD,B,,,0,2,2026,0.72,1.3,1.254374111299081,4.811723043341711,,660710.0,,2,2,Top,,,,,,,-4.30243654977406,-136.64019087082391,0.4605823987410655,10.003535515770109,32.589707825792544,-16.36019129369112,3.346382874,1.68882874,,,,93.8,2360.0,6.4,824823,694212,624413,669236,677942,683002,621493,681297,665750,54.06,,,,,,,,13,3,4-Seam Fastball,0,1,1,0,1,0,1,0,Standard,Standard,127.0,-0.003,0.01,,,,,-0.01,,-1,1,0.424,0.576,28,27,29,27,2,1,5,1,6.0,1,1.3,0.72,-0.72,21.0,,,,,
FF,2026-06-14,93.3,2.13,5.83,"Tatis Jr., Fernando",665487,669432,,swinging_strike,,,,,12.0,,R,R,L,BAL,SD,S,,,0,1,2026,0.61,1.36,0.1275728869577809,4.083638321336215,,660710.0,,2,2,Top,,,,,,,-6.465911323707372,-135.7255448026552,-1.6113708037315249,8.9219501656426,30.426759716229732,-15.197079755587488,3.346382874,1.68882874,,,,93.7,2452.0,6.6,824823,694212,624413,669236,677942,683002,621493,681297,665750,53.92,,,,,,,,13,2,4-Seam Fastball,0,1,1,0,1,0,1,0,Standard,Standard,137.0,0.008,-0.063,44.0,4.9,1.9529898,,0.063,,-1,1,0.416,0.584,28,27,29,27,2,1,5,1,6.0,1,1.26,0.61,-0.61,20.5,-2.2194736969638003,55.811577934431135,20.34991439006038,38.13038136662091,6.700495008647811
FF,2026-06-14,93.8,2.17,5.78,"Tatis Jr., Fernando",665487,669432,,swinging_strike,,,,,2.0,,R,R,L,BAL,SD,S,,,0,0,2026,0.7,1.36,0.0243302128742881,3.436162629871085,,660710.0,,2,2,Top,,,,,,,-7.100007600483009,-136.4227100065263,-3.222465201472312,10.329980129367552,30.60338538364575,-14.693449378050229,3.346382874,1.68882874,,,,94.4,2402.0,6.7,824823,694212,624413,669236,677942,683002,621493,681297,665750,53.79,,,,,,,,13,1,4-Seam Fastball,0,1,1,0,1,0,1,0,Standard,Standard,129.0,0.005,-0.04,76.5,6.2,0.77290488,,0.04,,-1,1,0.411,0.589,28,27,29,27,2,1,5,1,6.0,1,1.24,0.7,-0.7,20.3,0.4793707867242054,27.42291137836663,26.82997473047212,36.808751919136554,17.487735971748066
SL,2026-06-14,90.1,-1.7,5.72,"Tatis Jr., Fernando",665487,670329,field_out,hit_into_play,,,,,1.0,Fernando Tatis Jr. flies out to center fielder Colton Cowser.,R,R,R,BAL,SD,X,8.0,fly_ball,1,1,2026,-0.03,0.41,-0.3128304741408082,2.926997794145618,,,,1,7,Top,113.84,88.7,,,,,3.4619922209740612,-131.35002015208542,-1.759294084484008,-1.0411179391091827,24.40801365911309,-27.20404497137512,3.346382874,1.68882874,277.0,80.1,35.0,90.1,2364.0,5.9,824823,694212,624413,702616,677942,683002,621493,681297,665750,54.6,0.029,0.026,0.0,1.0,0.0,0.0,3.0,54,3,Slider,1,4,4,1,4,1,4,1,Standard,Standard,209.0,0.007,-0.252,76.0,7.2,,0.046,0.252,88.0,-3,3,0.116,0.884,32,27,32,27,1,3,3,1,4.0,1,2.36,0.03,0.03,44.5,10.37876830759951,-0.1354562295609752,26.610735484778683,34.38410305450003,33.31622867595773
SI,2026-06-14,95.0,-2.35,5.37,"Tatis Jr., Fernando",665487,666974,sac_fly,hit_into_play,,,,,5.0,"Padres challenged (tag play), call on the field was overturned: Fernando Tatis Jr. out on a sacrifice fly to right fielder Blaze Alexander. Will Wagner scores.",R,R,R,BAL,SD,X,9.0,line_drive,2,0,2026,-1.19,-0.06,0.0366819678797503,2.368607848463091,695238.0,,660710.0,1,9,Top,178.57,100.7,,,,,8.839225317471037,-138.0430544204545,-1.8338825901444076,-17.263292943560632,31.32485016599132,-32.78763047589215,3.346382874,1.68882874,278.0,107.2,13.0,94.5,2053.0,6.1,824823,694212,624413,702616,691723,683002,621493,665750,677942,54.4,,0.863,0.0,1.0,0.0,0.0,5.0,71,3,Sinker,2,4,4,2,5,2,5,2,Strategic,Standard,253.0,-0.011,-0.219,77.3,7.1,,,0.219,107.2,-2,2,0.05,0.95,32,27,32,27,1,4,2,1,3.0,1,2.6,1.19,1.19,16.3,3.412373905319611,11.100783071113224,31.995853108438265,39.45237260381677,22.482811617075992
SL,2026-06-14,89.2,-1.49,5.65,"Tatis Jr., Fernando",665487,670329,,ball,,,,,14.0,,R,R,R,BAL,SD,B,,,0,1,2026,0.12,0.48,1.7369084315421812,0.3288251076621238,,,,1,7,Top,,,,,,,7.541434136418896,-129.7056256907444,-7.848636053457056,-0.0714621912512067,24.001919910174436,-25.38948245239796,3.346382874,1.68882874,,,,89.2,2265.0,6.1,824823,694212,624413,702616,677942,683002,621493,681297,665750,54.43,,,,,,,,54,2,Slider,1,4,4,1,4,1,4,1,Standard,Standard,208.0,-0.001,0.032,,,,,-0.032,,-3,3,0.117,0.883,32,27,32,27,1,3,3,1,4.0,1,2.36,-0.12,-0.12,43.3,,,,,
SI,2026-06-14,95.5,-2.34,5.3,"Tatis Jr., Fernando",665487,666974,,blocked_ball,,,,,14.0,,R,R,R,BAL,SD,B,,,1,0,2026,-1.35,-0.24,1.266176825816895,0.6778674329483798,695238.0,,660710.0,1,9,Top,,,,,,,12.292158070681465,-138.53016864449376,-5.682536464846417,-20.027263803910717,30.048758518036458,-34.10088220662626,3.346382874,1.68882874,,,,94.5,2201.0,5.8,824823,694212,624413,702616,691723,683002,621493,665750,677942,54.69,,,,,,,,71,2,Sinker,2,4,4,2,4,2,4,2,Strategic,Standard,260.0,-0.001,0.049,,,,,-0.049,,-2,2,0.051,0.949,32,27,32,27,1,4,2,1,3.0,1,2.75,1.35,1.35,14.2,,,,,
CU,2026-06-14,84.9,-1.36,5.86,"Tatis Jr., Fernando",665487,670329,,foul,,,,,5.0,,R,R,R,BAL,SD,S,,,0,0,2026,0.22,-0.53,0.0083093576759743,2.5573911961724964,,,,1,7,Top,,,,,,,2.6880007195158395,-123.69643540186377,-0.1659850676882599,1.8110292458528152,23.308433093444943,-37.79811716594836,3.346382874,1.68882874,120.0,70.3,12.0,84.6,2413.0,5.9,824823,694212,624413,702616,677942,683002,621493,681297,665750,54.61,,,,,,,,54,1,Curveball,1,4,4,1,4,1,4,1,Standard,Standard,22.0,0.001,-0.041,77.7,6.6,,,0.041,88.0,-3,3,0.116,0.884,32,27,32,27,1,3,3,1,4.0,1,3.67,-0.22,-0.22,49.1,-7.182561804413091,18.9615288947475,31.104616194975236,38.42858254051586,22.76792386613571
SI,2026-06-14,96.0,-2.33,5.28,"Tatis Jr., Fernando",665487,666974,,ball,,,,,14.0,,R,R,R,BAL,SD,B,,,0,0,2026,-1.39,-0.18,1.4102350164672457,1.4158225724163231,695238.0,,660710.0,1,9,Top,,,,,,,12.830556081142571,-139.26410642743016,-3.933637915757598,-20.99525280098246,31.4987459499094,-33.78889739098935,3.346382874,1.68882874,,,,95.1,2173.0,6.0,824823,694212,624413,702616,691723,683002,621493,665750,677942,54.55,,,,,,,,71,1,Sinker,2,4,4,2,4,2,4,2,Strategic,Standard,255.0,-0.001,0.021,,,,,-0.021,,-2,2,0.052,0.948,32,27,32,27,1,4,2,1,3.0,1,2.67,1.39,1.39,16.0,,,,,
SI,2026-06-14,92.2,2.22,5.87,"Tatis Jr., Fernando",665487,669432,field_out,hit_into_play,,,,,9.0,Fernando Tatis Jr. lines out sharply to right fielder Leody Taveras.,R,R,L,BAL,SD,X,9.0,line_drive,0,1,2026,1.33,0.58,0.7513406516135224,2.156170509752064,,,,0,1,Top,189.03,82.71,,,,,-6.632845338086089,-134.11041800311844,-4.740884973911345,17.41967468297476,26.1805355016346,-24.308546265972783,3.346382874,1.68882874,327.0,104.8,17.0,92.8,2409.0,6.5,824823,694212,624413,669236,677942,683002,621493,681297,665750,54.02,0.514,0.605,0.0,1.0,0.0,0.0,5.0,1,2,Sinker,0,0,0,0,0,0,0,0,Standard,Standard,142.0,0.019,-0.218,73.3,6.9,,0.921,0.218,104.8,0,0,0.503,0.497,28,27,29,27,1,0,5,1,6.0,1,2.08,1.33,-1.33,23.6,-0.99771044213574,17.344389952965614,30.8531706961791,44.47097926458875,23.976243228867535
FF,2026-06-14,93.4,2.27,5.83,"Tatis Jr., Fernando",665487,669432,,foul,,,,,2.0,,R,R,L,BAL,SD,S,,,0,0,2026,0.7,1.34,-0.1793441549387424,2.9496558285349392,,,,0,1,Top,,,,,,,-7.820315452178848,-135.77903334046988,-4.4487495395565215,10.444368056074534,31.461842407963857,-14.89094890581823,3.346382874,1.68882874,139.0,106.0,7.0,93.6,2375.0,6.6,824823,694212,624413,669236,677942,683002,621493,681297,665750,53.9,,,,,,,,1,1,4-Seam Fastball,0,0,0,0,0,0,0,0,Standard,Standard,141.0,0.003,-0.041,84.8,8.1,,,0.041,106.0,0,0,0.5,0.5,28,27,29,27,1,0,5,1,6.0,1,1.3,0.7,-0.7,23.6,18.509456344976424,-30.997224243026253,28.323337898914584,34.551777973879226,46.60627990226038
SI,2026-06-13,95.2,-2.45,5.69,"Tatis Jr., Fernando",665487,694346,strikeout,swinging_strike,,,,,8.0,Fernando Tatis Jr. strikes out swinging.,R,R,R,BAL,SD,S,2.0,,3,2,2026,-1.28,0.63,-0.155576658930062,1.856718566772921,,,666023.0,2,4,Top,,,,,,,8.953354083331034,-138.2947747133836,-5.676667993339853,-18.352698159236212,29.774488026436483,-23.010421212254403,3.346382874,1.68882874,,,,96.3,2075.0,6.9,824828,694212,624413,702616,677942,683002,681297,665750,641933,53.58,,0.0,0.0,1.0,0.0,0.0,,34,7,Sinker,2,4,4,2,4,2,4,2,Standard,Standard,219.0,0.021,-0.328,77.1,7.3,0.443408976,,0.328,,-2,2,0.29,0.71,24,27,24,27,3,2,5,1,6.0,1,1.89,1.28,1.28,35.0,3.1380760247703505,6.5109460559300345,33.23819042535091,35.53130263367149,23.178629626941856
SL,2026-06-13,86.7,-2.37,5.85,"Tatis Jr., Fernando",665487,694346,,blocked_ball,,,,,14.0,,R,R,R,BAL,SD,B,,,2,2,2026,0.21,-0.52,0.1872525107534408,0.5538863638134566,,,666023.0,2,4,Top,,,,,,,5.65343501570894,-126.21780973987984,-5.202954597534627,1.158681492461804,24.092375266728578,-36.90977805080376,3.346382874,1.68882874,,,,87.9,2278.0,6.9,824828,694212,624413,702616,677942,683002,681297,665750,641933,53.65,,,,,,,,34,6,Slider,2,4,4,2,4,2,4,2,Standard,Standard,42.0,-0.005,0.081,,,,,-0.081,,-2,2,0.295,0.705,24,27,24,27,3,2,5,1,6.0,1,3.53,-0.21,-0.21,43.2,,,,,
FF,2026-06-13,96.9,-2.0,5.89,"Tatis Jr., Fernando",665487,694346,,foul,,,,,4.0,,R,R,R,BAL,SD,S,,,2,2,2026,-0.79,1.22,-0.6269960915781115,2.355618052991564,,,666023.0,2,4,Top,,,,,,,5.53510293722639,-140.82922312494213,-6.553809210376193,-11.79778376163132,32.9698834500937,-14.610198863141353,3.346382874,1.68882874,9.0,92.5,-15.0,97.9,1995.0,7.0,824828,694212,624413,702616,677942,683002,681297,665750,641933,53.51,,,,,,,,34,5,4-Seam Fastball,2,4,4,2,4,2,4,2,Standard,Standard,209.0,0.0,0.0,80.9,7.7,,,0.0,92.5,-2,2,0.295,0.705,24,27,24,27,3,2,5,1,6.0,1,1.22,0.79,0.79,41.7,10.59016243804646,-13.506138979652818,33.4566837908326,30.024215337719205,36.47457119436779
ST,2026-06-13,84.8,-2.44,5.7,"Tatis Jr., Fernando",665487,694346,,ball,,,,,14.0,,R,R,R,BAL,SD,B,,,1,2,2026,1.39,0.39,0.5346076593645375,1.3940229252328271,,,666023.0,2,4,Top,,,,,,,4.0770357411669655,-123.4270063514178,-4.239621569417214,13.139701915705526,27.627497530265774,-27.538545160412173,3.346382874,1.68882874,,,,85.3,2546.0,6.9,824828,694212,624413,702616,677942,683002,681297,665750,641933,53.59,,,,,,,,34,4,Sweeper,2,4,4,2,4,2,4,2,Standard,Standard,77.0,-0.003,0.052,,,,,-0.052,,-2,2,0.298,0.702,24,27,24,27,3,2,5,1,6.0,1,2.81,-1.39,-1.39,36.4,,,,,
SL,2026-06-13,87.3,-2.36,5.92,"Tatis Jr., Fernando",665487,694346,,called_strike,,,,,4.0,,R,R,R,BAL,SD,S,,,1,1,2026,0.37,-0.58,-0.8121223925693344,2.6219076018433087,,,666023.0,2,4,Top,,,,,,,2.915580984543213,-127.09774037683096,-0.313175653428998,3.3671984180003354,27.562296746400733,-38.57131110341867,3.346382874,1.68882874,,,,87.9,2234.0,6.8,824828,694212,624413,702616,677942,683002,681297,665750,641933,53.72,,,,,,,,34,3,Slider,2,4,4,2,4,2,4,2,Standard,Standard,46.0,0.005,-0.069,,,,,0.069,,-2,2,0.293,0.707,24,27,24,27,3,2,5,1,6.0,1,3.58,-0.37,-0.37,41.7,,,,,
CU,2026-06-13,82.9,-2.19,6.0,"Tatis Jr., Fernando",665487,694346,,called_strike,,,,,8.0,,R,R,R,BAL,SD,S,,,1,0,2026,0.86,-1.05,0.1487839371325456,1.6650035857623826,,,666023.0,2,4,Top,,,,,,,3.591274590836389,-120.68606641631024,-1.0272078648744325,7.584372682737731,25.487888467982476,-42.39990308340922,3.346382874,1.68882874,,,,83.5,2446.0,6.9,824828,694212,624413,702616,677942,683002,681297,665750,641933,53.63,,,,,,,,34,2,Curveball,2,4,4,2,4,2,4,2,Standard,Standard,30.0,0.003,-0.05,,,,,0.05,,-2,2,0.29,0.71,24,27,24,27,3,2,5,1,6.0,1,4.39,-0.86,-0.86,45.9,,,,,
SI,2026-06-13,95.2,-2.7,5.8,"Tatis Jr., Fernando",665487,694346,,ball,,,,,13.0,,R,R,R,BAL,SD,B,,,0,0,2026,-1.13,0.5,-1.1928445680870503,2.2759745676301515,,,666023.0,2,4,Top,,,,,,,6.564809841227361,-138.4984878484941,-4.57132668229505,-16.054096874791153,31.180313838898932,-24.861863129383657,3.346382874,1.68882874,,,,96.3,2003.0,6.9,824828,694212,624413,702616,677942,683002,681297,665750,641933,53.56,,,,,,,,34,1,Sinker,2,4,4,2,4,2,4,2,Standard,Standard,222.0,-0.002,0.038,,,,,-0.038,,-2,2,0.292,0.708,24,27,24,27,3,2,5,1,6.0,1,2.01,1.13,1.13,35.4,,,,,
SI,2026-06-13,95.9,-2.66,5.69,"Tatis Jr., Fernando",665487,694346,strikeout,swinging_strike,,,,,1.0,Fernando Tatis Jr. strikes out swinging.,R,R,R,BAL,SD,S,2.0,,2,2,2026,-0.97,0.81,-0.642223009776207,3.106942272881992,,,666023.0,0,2,Top,,,,,,,7.565095569984114,-139.62107749275427,-3.004129674834571,-14.272159330379258,26.97600773111549,-21.03672254524833,3.346382874,1.68882874,,,,97.3,2055.0,6.7,824828,694212,624413,702616,677942,683002,681297,665750,641933,53.78,,0.0,0.0,1.0,0.0,0.0,,16,5,Sinker,2,4,4,2,4,2,4,2,Standard,Standard,217.0,0.022,-0.216,62.3,4.9,0.959747604,,0.216,,-2,2,0.279,0.721,24,27,24,27,2,1,5,1,6.0,1,1.64,0.97,0.97,33.4,-19.16796360439919,52.31009073651724,33.51319024583992,30.533716672681606,5.441516992884995
SL,2026-06-13,86.5,-2.17,5.97,"Tatis Jr., Fernando",665487,694346,,ball,,,,,14.0,,R,R,R,BAL,SD,B,,,1,2,2026,0.26,-0.81,0.8137736345233455,1.3387510042330133,,,666023.0,0,2,Top,,,,,,,6.550096742077644,-125.87799441765874,-2.924430574641214,1.4505858095163224,24.954391074999084,-40.47524037843566,3.346382874,1.68882874,,,,87.4,2382.0,6.8,824828,694212,624413,702616,677942,683002,681297,665750,641933,53.68,,,,,,,,16,4,Slider,2,4,4,2,4,2,4,2,Standard,Standard,37.0,-0.004,0.043,,,,,-0.043,,-2,2,0.283,0.717,24,27,24,27,2,1,5,1,6.0,1,3.85,-0.26,-0.26,43.9,,,,,
CU,2026-06-13,83.8,-2.13,6.06,"Tatis Jr., Fernando",665487,694346,,foul,,,,,7.0,,R,R,R,BAL,SD,S,,,1,1,2026,0.53,-1.24,-0.2767724395706551,2.0020467718349995,,,666023.0,0,2,Top,,,,,,,3.1712351204140443,-122.0233994203847,-0.1735251413982437,4.546446554032626,26.615475443763064,-44.64107892535602,3.346382874,1.68882874,,,,84.0,2511.0,6.6,824828,694212,624413,702616,677942,683002,681297,665750,641933,53.85,,,,,,,,16,3,Curveball,2,4,4,2,4,2,4,2,Standard,Standard,30.0,0.007,-0.054,75.8,7.0,,,0.054,,-2,2,0.276,0.724,24,27,24,27,2,1,5,1,6.0,1,4.51,-0.53,-0.53,44.1,7.33631825452186,3.469370855753097,33.670792939599515,34.107180470688704,29.18853107911699
SI,2026-06-13,93.9,-2.76,5.7,"Tatis Jr., Fernando",665487,694346,,ball,,,,,11.0,,R,R,R,BAL,SD,B,,,0,1,2026,-1.17,0.63,-1.158684655851225,2.787765772761263,,,666023.0,0,2,Top,,,,,,,6.769460214599672,-136.63015491182486,-3.053773241072937,-16.165191398372418,31.07576378642524,-23.77948660547553,3.346382874,1.68882874,,,,94.4,2072.0,6.7,824828,694212,624413,702616,677942,683002,681297,665750,641933,53.84,,,,,,,,16,2,Sinker,2,4,4,2,4,2,4,2,Standard,Standard,224.0,-0.003,0.026,,,,,-0.026,,-2,2,0.279,0.721,24,27,24,27,2,1,5,1,6.0,1,1.96,1.17,1.17,32.1,,,,,
SI,2026-06-13,94.1,-2.7,5.77,"Tatis Jr., Fernando",665487,694346,,called_strike,,,,,4.0,,R,R,R,BAL,SD,S,,,0,0,2026,-1.34,0.61,-0.6264029113787759,2.627628275780354,,,666023.0,0,2,Top,,,,,,,8.403719837131026,-136.70853255759556,-3.5888107186764824,-18.734390920360276,32.25327192943732,-23.927580974785126,3.346382874,1.68882874,,,,94.6,2020.0,6.8,824828,694212,624413,702616,677942,683002,681297,665750,641933,53.68,,,,,,,,16,1,Sinker,2,4,4,2,4,2,4,2,Standard,Standard,221.0,0.004,-0.04,,,,,0.04,,-2,2,0.275,0.725,24,27,24,27,2,1,5,1,6.0,1,1.99,1.34,1.34,33.7,,,,,
FF,2026-06-13,94.7,-1.24,6.44,"Tatis Jr., Fernando",665487,544150,double,hit_into_play,,,,,2.0,Fernando Tatis Jr. doubles (10) on a sharp line drive to left fielder Blaze Alexander.,R,R,R,BAL,SD,X,7.0,line_drive,0,0,2026,-0.38,1.21,-0.1491204396910733,3.231286114084785,,,,2,8,Top,82.23,59.16,,,,,3.693581992060522,-137.75096452019395,-5.250986345737183,-5.742839172553568,31.999809802883632,-15.77344556002092,3.346382874,1.68882874,362.0,107.2,18.0,94.9,2343.0,6.5,824828,694212,624413,702616,691723,683002,677942,665750,641933,54.0,0.6,0.761,1.25,1.0,1.0,1.0,6.0,69,1,4-Seam Fastball,3,8,8,3,8,3,8,3,Standard,Standard,211.0,-0.002,0.567,78.6,7.2,,1.205,-0.567,107.2,-5,5,0.021,0.979,36,27,37,27,2,4,5,1,10.0,1,1.34,0.38,0.38,45.4,13.70955620002452,-2.1147283215062274,24.69294891430783,34.523917306121376,32.67575407699
FC,2026-06-13,87.3,-1.49,6.16,"Tatis Jr., Fernando",665487,544150,strikeout,called_strike,,,,,8.0,Fernando Tatis Jr. called out on strikes.,R,R,R,BAL,SD,S,2.0,,0,2,2026,0.11,0.83,-0.0904437018758856,2.121510857417187,,,,1,6,Top,,,,,,,3.1069940083244463,-127.10901241510004,-5.167032732527286,0.6682263780810099,23.384368695619735,-22.324251427979828,3.346382874,1.68882874,,,,88.1,2269.0,6.5,824828,694212,624413,702616,677942,683002,681297,665750,641933,53.97,,0.0,0.0,1.0,0.0,0.0,,51,3,Cutter,2,6,6,2,6,2,6,2,Standard,Standard,205.0,0.003,-0.163,,,,,0.163,,-4,4,0.091,0.909,36,27,37,27,1,3,5,1,10.0,1,2.13,-0.11,-0.11,40.8,,,,,
FF,2026-06-13,96.4,-2.75,5.67,"Tatis Jr., Fernando",665487,694346,walk,ball,,,,,12.0,Fernando Tatis Jr. walks.,R,R,R,BAL,SD,B,,,3,2,2026,-0.87,1.42,1.026196776965095,2.849752267870543,,,,0,1,Top,,,,,,,11.997183290889623,-139.9087059328922,-5.0462560231425035,-13.99559926227534,29.944452324845365,-12.522113984977324,3.346382874,1.68882874,,,,97.3,2242.0,6.8,824828,694212,624413,702616,677942,683002,681297,665750,641933,53.67,,0.698418,0.7,1.0,0.0,0.0,,1,6,4-Seam Fastball,0,0,0,0,0,0,0,0,Standard,Standard,219.0,-0.031,0.36,,,,,-0.36,,0,0,0.495,0.505,24,27,24,27,1,0,5,1,6.0,1,1.04,0.87,0.87,34.6,,,,,
FC,2026-06-13,87.9,-1.52,6.14,"Tatis Jr., Fernando",665487,544150,,swinging_strike,,,,,5.0,,R,R,R,BAL,SD,S,,,0,1,2026,0.14,0.94,0.194743379363404,2.5644010669651203,,,,1,6,Top,,,,,,,3.845320501099432,-128.03482753064736,-4.4406454269584845,0.842852277744994,22.982804619684277,-21.077059050228232,3.346382874,1.68882874,,,,89.1,2289.0,6.7,824828,694212,624413,702616,677942,683002,681297,665750,641933,53.84,,,,,,,,51,2,Cutter,2,6,6,2,6,2,6,2,Standard,Standard,192.0,0.001,-0.057,82.3,8.2,2.039298168,,0.057,,-4,4,0.09,0.91,36,27,37,27,1,3,5,1,10.0,1,1.97,-0.14,-0.14,37.7,21.5374683099607,-33.1556907270664,23.878106713183797,37.95549581036241,52.17646181183561
FF,2026-06-13,94.2,-1.27,6.46,"Tatis Jr., Fernando",665487,544150,,foul,,,,,4.0,,R,R,R,BAL,SD,S,,,0,0,2026,-0.63,1.43,-0.7288048686014146,2.7111439946699343,,,,1,6,Top,,,,,,,2.837627149229259,-136.97017964419825,-7.022413073879085,-8.583155698856679,32.5668075300862,-12.821361814474118,3.346382874,1.68882874,24.0,107.9,-6.0,94.4,2225.0,6.6,824828,694212,624413,702616,677942,683002,681297,665750,641933,53.89,,,,,,,,51,1,4-Seam Fastball,2,6,6,2,6,2,6,2,Standard,Standard,207.0,0.001,-0.041,81.3,7.4,,,0.041,107.9,-4,4,0.089,0.911,36,27,37,27,1,3,5,1,10.0,1,1.16,0.63,0.63,46.4,15.650100115282276,-18.129793097217245,30.68844180701194,28.029779565482983,42.38384119391968
SL,2026-06-13,88.5,-2.58,5.87,"Tatis Jr., Fernando",665487,694346,,ball,,,,,13.0,,R,R,R,BAL,SD,B,,,2,2,2026,0.2,-0.64,-1.4906865217425056,2.3967161761699294,,,,0,1,Top,,,,,,,2.226875719086617,-129.00141582277558,-0.8904049548580992,1.7678399906560909,25.061609625769776,-39.33374808978384,3.346382874,1.68882874,,,,89.5,2204.0,6.7,824828,694212,624413,702616,677942,683002,681297,665750,641933,53.85,,,,,,,,1,5,Slider,0,0,0,0,0,0,0,0,Standard,Standard,45.0,-0.008,0.113,,,,,-0.113,,0,0,0.503,0.497,24,27,24,27,1,0,5,1,6.0,1,3.52,-0.2,-0.2,40.1,,,,,
SI,2026-06-13,94.8,-2.98,5.62,"Tatis Jr., Fernando",665487,694346,,foul,,,,,5.0,,R,R,R,BAL,SD,S,,,2,1,2026,-1.23,0.51,-0.1412210162362399,2.621148619450155,,,,0,1,Top,,,,,,,10.170010298932803,-137.7837886224353,-3.2057976048308525,-17.802531569575287,26.593383351835147,-25.148293635489377,3.346382874,1.68882874,,,,95.8,1935.0,6.7,824828,694212,624413,702616,677942,683002,681297,665750,641933,53.85,,,,,,,,1,4,Sinker,0,0,0,0,0,0,0,0,Standard,Standard,221.0,0.007,-0.078,77.3,7.0,,,0.078,,0,0,0.496,0.504,24,27,24,27,1,0,5,1,6.0,1,2.01,1.23,1.23,33.2,8.01684044784506,3.7694394980422663,31.06185035725913,34.43468887540431,28.884835373140508
FC,2026-06-13,93.5,-2.66,5.65,"Tatis Jr., Fernando",665487,694346,,ball,,,,,12.0,,R,R,R,BAL,SD,B,,,1,1,2026,0.3,0.84,1.8463791952808464,3.005060169497576,,,,0,1,Top,,,,,,,10.851499923110843,-135.8702992635025,-2.846581133790547,1.7300455450055665,24.999583622444508,-21.32177287809604,3.346382874,1.68882874,,,,94.7,2495.0,6.7,824828,694212,624413,702616,677942,683002,681297,665750,641933,53.81,,,,,,,,1,3,Cutter,0,0,0,0,0,0,0,0,Standard,Standard,176.0,-0.005,0.063,,,,,-0.063,,0,0,0.501,0.499,24,27,24,27,1,0,5,1,6.0,1,1.75,-0.3,-0.3,34.2,,,,,
SI,2026-06-13,95.4,-2.99,5.57,"Tatis Jr., Fernando",665487,694346,,ball,,,,,11.0,,R,R,R,BAL,SD,B,,,0,1,2026,-1.55,0.37,-1.771325700744178,3.0004459928474203,,,,0,1,Top,,,,,,,6.739152846314053,-138.87729579631196,-1.8476442416775272,-21.563054686232995,28.35477970571047,-27.18975782888642,3.346382874,1.68882874,,,,96.2,2012.0,6.5,824828,694212,624413,702616,677942,683002,681297,665750,641933,53.98,,,,,,,,1,2,Sinker,0,0,0,0,0,0,0,0,Standard,Standard,220.0,-0.002,0.029,,,,,-0.029,,0,0,0.503,0.497,24,27,24,27,1,0,5,1,6.0,1,2.12,1.55,1.55,30.9,,,,,
SI,2026-06-13,93.5,-2.78,5.62,"Tatis Jr., Fernando",665487,694346,,called_strike,,,,,1.0,,R,R,R,BAL,SD,S,,,0,0,2026,-1.29,0.68,-0.5291088942309683,3.4001412430974756,,,,0,1,Top,,,,,,,8.68656869348732,-136.06131254442218,-1.415107393386362,-17.827519897592683,25.50324942519632,-23.523556825388255,3.346382874,1.68882874,,,,94.8,1892.0,6.7,824828,694212,624413,702616,677942,683002,681297,665750,641933,53.76,,,,,,,,1,1,Sinker,0,0,0,0,0,0,0,0,Standard,Standard,225.0,0.003,-0.041,,,,,0.041,,0,0,0.5,0.5,24,27,24,27,1,0,5,1,6.0,1,1.89,1.29,1.29,33.6,,,,,
FC,2026-06-12,89.7,-1.45,5.62,"Tatis Jr., Fernando",665487,669358,field_out,hit_into_play,,,,,3.0,Fernando Tatis Jr. lines out to shortstop Gunnar Henderson.,R,R,R,BAL,SD,X,6.0,line_drive,3,2,2026,0.16,0.57,0.5508176247385874,2.857525752587479,,,,1,4,Top,103.67,147.63,,,,,4.550978530837084,-130.7244982727285,-1.943057392093756,0.9932819082765152,25.612176908868665,-25.43279235592444,3.346382874,1.68882874,150.0,111.2,6.0,90.5,2313.0,6.5,824826,668939,624413,702616,691723,683002,621493,681297,641933,53.97,0.72,0.692,0.0,1.0,0.0,0.0,4.0,36,6,Cutter,6,2,2,6,2,6,2,6,Standard,Standard,176.0,0.015,-0.345,81.2,7.4,,0.859,0.345,111.2,4,-4,0.891,0.109,27,27,27,27,3,2,5,2,6.0,1,2.24,-0.16,-0.16,33.7,10.990175670481207,0.1636932980204911,23.993385544781724,42.50205693268949,35.72441454132703
KC,2026-06-12,85.2,-1.11,5.8,"Tatis Jr., Fernando",665487,669358,,ball,,,,,14.0,,R,R,R,BAL,SD,B,,,2,2,2026,0.36,-0.92,1.385499916415205,1.843840092203283,,,,1,4,Top,,,,,,,5.066727446353961,-124.0454021111477,-0.8513467583007924,2.626261162311447,25.826500478075143,-41.72035234058276,3.346382874,1.68882874,,,,85.5,2658.0,6.5,824826,668939,624413,702616,691723,683002,621493,681297,641933,53.97,,,,,,,,36,5,Knuckle Curve,6,2,2,6,2,6,2,6,Standard,Standard,35.0,-0.005,0.112,,,,,-0.112,,4,-4,0.896,0.104,27,27,27,27,3,2,5,2,6.0,1,4.07,-0.36,-0.36,37.2,,,,,
FF,2026-06-12,95.9,-1.08,5.79,"Tatis Jr., Fernando",665487,669358,,ball,,,,,12.0,,R,R,R,BAL,SD,B,,,1,2,2026,-0.74,1.47,1.1167258313850883,4.318317020361413,,,,1,4,Top,,,,,,,7.454666524253365,-139.5236940402221,-1.5306900909957069,-11.295568373167171,30.8469936561586,-12.807759617511197,3.346382874,1.68882874,,,,96.3,2337.0,6.5,824826,668939,624413,702616,691723,683002,621493,681297,641933,54.02,,,,,,,,36,4,4-Seam Fastball,6,2,2,6,2,6,2,6,Standard,Standard,216.0,-0.002,0.051,,,,,-0.051,,4,-4,0.898,0.102,27,27,27,27,3,2,5,2,6.0,1,1.01,0.74,0.74,38.0,,,,,
KC,2026-06-12,85.7,-0.99,5.78,"Tatis Jr., Fernando",665487,669358,,ball,,,,,14.0,,R,R,R,BAL,SD,B,,,0,2,2026,0.29,-0.67,1.747977945170395,0.5254687756453245,,,,1,4,Top,,,,,,,5.81251301331228,-124.69403934306864,-4.508835052851671,1.8140728874707344,25.458237097571427,-38.41472493572731,3.346382874,1.68882874,,,,86.0,2692.0,6.5,824826,668939,624413,702616,691723,683002,621493,681297,641933,54.0,,,,,,,,36,3,Knuckle Curve,6,2,2,6,2,6,2,6,Standard,Standard,27.0,-0.001,0.019,,,,,-0.019,,4,-4,0.899,0.101,27,27,27,27,3,2,5,2,6.0,1,3.78,-0.29,-0.29,43.4,,,,,
KC,2026-06-12,85.8,-1.26,5.74,"Tatis Jr., Fernando",665487,669358,,swinging_strike,,,,,13.0,,R,R,R,BAL,SD,S,,,0,1,2026,0.19,-0.54,-0.1979639044562963,1.341180669762028,,,,1,4,Top,,,,,,,2.097898580562607,-125.04459697456356,-2.8385195835323147,1.6391800509374377,24.04359025028374,-37.532237062248704,3.346382874,1.68882874,,,,86.4,2655.0,6.5,824826,668939,624413,702616,691723,683002,621493,681297,641933,54.05,,,,,,,,36,2,Knuckle Curve,6,2,2,6,2,6,2,6,Standard,Standard,34.0,0.003,-0.057,77.0,7.9,0.659903352,,0.057,,4,-4,0.896,0.104,27,27,27,27,3,2,5,2,6.0,1,3.62,-0.19,-0.19,36.0,11.124094440767657,-21.4989802397891,29.533322830404305,34.364812586558536,46.38232552213966
FC,2026-06-12,89.4,-1.51,5.66,"Tatis Jr., Fernando",665487,669358,,swinging_strike,,,,,2.0,,R,R,R,BAL,SD,S,,,0,0,2026,0.08,0.64,-0.0841489329907871,3.282153197461901,,,,1,4,Top,,,,,,,3.3057224519878776,-130.21322509076853,-1.1005340836448745,0.3057433279607573,25.66719894448163,-24.854178777855633,3.346382874,1.68882874,,,,90.2,2267.0,6.6,824826,668939,624413,702616,691723,683002,621493,681297,641933,53.91,,,,,,,,36,1,Cutter,6,2,2,6,2,6,2,6,Standard,Standard,187.0,0.002,-0.041,73.9,6.2,0.573476856,,0.041,,4,-4,0.894,0.106,27,27,27,27,3,2,5,2,6.0,1,2.19,-0.08,-0.08,33.4,-2.2068666971097692,30.412376552061374,27.773875271847803,36.1808785998431,15.617840948349883
SI,2026-06-12,95.3,-1.47,5.69,"Tatis Jr., Fernando",665487,669358,single,hit_into_play,,,,,1.0,Fernando Tatis Jr. singles on a ground ball to center fielder Colton Cowser. Ty France scores. Will Wagner to 2nd.,R,R,R,BAL,SD,X,8.0,ground_ball,1,0,2026,-1.1,1.12,-0.5337438403720802,2.871377111981295,664034.0,,695238.0,1,2,Top,114.82,106.08,,,,,4.9602451974774775,-138.677335187952,-4.151015753135529,-15.36869549097698,30.348685677381237,-17.015026013949672,3.346382874,1.68882874,55.0,104.2,1.0,95.7,2239.0,6.5,824826,668939,624413,702616,691723,683002,621493,681297,641933,54.02,0.486,0.456,0.9,1.0,1.0,0.0,4.0,16,2,Sinker,3,1,1,3,2,3,2,3,Standard,Standard,223.0,-0.067,0.44,76.1,6.8,,0.551,-0.44,104.2,2,-2,0.625,0.375,27,27,27,27,2,1,5,2,6.0,1,1.39,1.1,1.1,32.1,6.363523455203955,6.1261904733654875,29.992606279902336,32.85462269794385,26.987788095230428
SI,2026-06-12,95.7,-1.44,5.58,"Tatis Jr., Fernando",665487,669358,,ball,,,,,13.0,,R,R,R,BAL,SD,B,,,0,0,2026,-1.35,1.06,-0.1999012760819218,1.5425161407438732,664034.0,,695238.0,1,2,Top,,,,,,,6.360758989904843,-139.0814500343156,-7.204106919508119,-18.925511009741353,32.89954200422738,-17.000462711489128,3.346382874,1.68882874,,,,95.9,2172.0,6.6,824826,668939,624413,702616,691723,683002,621493,681297,641933,53.89,,,,,,,,16,1,Sinker,3,1,1,3,1,3,1,3,Standard,Standard,220.0,-0.004,0.021,,,,,-0.021,,2,-2,0.629,0.371,27,27,27,27,2,1,5,2,6.0,1,1.45,1.35,1.35,32.1,,,,,
SI,2026-06-12,96.3,-1.49,5.53,"Tatis Jr., Fernando",665487,689296,field_out,hit_into_play,,,,,1.0,Fernando Tatis Jr. flies out to right fielder Tyler O'Neill.,R,R,R,BAL,SD,X,9.0,fly_ball,2,2,2026,-1.34,0.61,-0.3344478129698713,3.2573088033805915,,,695238.0,2,6,Top,189.85,91.77,,,,,6.128916794961587,-140.12228392083236,-1.676210683715203,-19.065091609775696,32.98225142559064,-23.94455199178925,3.346382874,1.68882874,309.0,96.1,40.0,96.3,2419.0,6.4,824826,668939,624413,702616,691723,683002,621493,681297,641933,54.13,0.066,0.124,0.0,1.0,0.0,0.0,3.0,52,5,Sinker,7,3,3,7,3,7,3,7,Standard,Standard,221.0,0.012,-0.246,75.3,6.7,,0.234,0.246,96.1,4,-4,0.939,0.061,24,27,25,27,1,3,4,2,2.0,1,1.85,1.34,1.34,34.3,8.684725939992953,7.685922685702988,24.09976376149575,33.0728710585482,25.77151132318396
ST,2026-06-12,87.4,-1.47,5.44,"Tatis Jr., Fernando",665487,689296,,ball,,,,,14.0,,R,R,R,BAL,SD,B,,,1,2,2026,0.92,0.21,1.2628668902239624,1.6694815225163069,,,695238.0,2,6,Top,,,,,,,4.553769171579008,-127.16268458286,-3.107679882790616,8.963916717615932,27.881864899889713,-29.462883905598495,3.346382874,1.68882874,,,,87.1,3039.0,6.3,824826,668939,624413,702616,691723,683002,621493,681297,641933,54.23,,,,,,,,52,4,Sweeper,7,3,3,7,3,7,3,7,Standard,Standard,43.0,-0.002,0.052,,,,,-0.052,,4,-4,0.941,0.059,24,27,25,27,1,3,4,2,2.0,1,2.79,-0.92,-0.92,32.2,,,,,
ST,2026-06-12,86.7,-1.61,5.38,"Tatis Jr., Fernando",665487,689296,,ball,,,,,14.0,,R,R,R,BAL,SD,B,,,0,2,2026,1.21,-0.08,0.535842536104431,1.3846121881900078,,,695238.0,2,6,Top,,,,,,,2.5387445873733405,-126.2908142945379,-2.9224842078647013,12.328751637082814,27.867010080874312,-32.588293044952984,3.346382874,1.68882874,,,,86.5,2839.0,6.3,824826,668939,624413,702616,691723,683002,621493,681297,641933,54.17,,,,,,,,52,3,Sweeper,7,3,3,7,3,7,3,7,Standard,Standard,49.0,-0.002,0.021,,,,,-0.021,,4,-4,0.943,0.057,24,27,25,27,1,3,4,2,2.0,1,3.12,-1.21,-1.21,32.4,,,,,
SI,2026-06-12,96.8,-1.44,5.48,"Tatis Jr., Fernando",665487,689296,,foul,,,,,8.0,,R,R,R,BAL,SD,S,,,0,1,2026,-1.53,0.65,-0.0276395141279197,1.6188128715239916,,,695238.0,2,6,Top,,,,,,,7.290766905219897,-140.71220590317267,-6.026519712095354,-22.03031523178729,32.2730034113882,-22.31274909848858,3.346382874,1.68882874,1.0,59.6,-64.0,97.0,2414.0,6.5,824826,668939,624413,702616,691723,683002,621493,681297,641933,54.03,,,,,,,,52,2,Sinker,7,3,3,7,3,7,3,7,Standard,Standard,221.0,0.004,-0.061,74.4,7.3,,,0.061,88.0,4,-4,0.939,0.061,24,27,25,27,1,3,4,2,2.0,1,1.79,1.53,1.53,37.4,-3.5962268396139017,16.267207834178837,33.93837642930027,37.62760250163933,17.14839800888709
SI,2026-06-12,97.6,-1.5,5.5,"Tatis Jr., Fernando",665487,689296,,swinging_strike,,,,,13.0,,R,R,R,BAL,SD,S,,,0,0,2026,-1.59,0.56,-1.027647892980709,1.7630304065005873,,,695238.0,2,6,Top,,,,,,,4.996906180247678,-141.9371621480271,-5.628385654877154,-22.589631056706587,33.28386462566803,-23.495274600397227,3.346382874,1.68882874,,,,97.8,2401.0,6.5,824826,668939,624413,702616,691723,683002,621493,681297,641933,54.0,,,,,,,,52,1,Sinker,7,3,3,7,3,7,3,7,Standard,Standard,222.0,0.002,-0.041,52.3,5.9,1.849860816,,0.041,,4,-4,0.937,0.063,24,27,25,27,1,3,4,2,2.0,1,1.84,1.59,1.59,34.4,-12.935314427910123,29.076348022037852,36.99241865614504,24.05294405513802,15.111498524206468
SI,2026-06-12,94.7,-1.54,5.96,"Tatis Jr., Fernando",665487,552640,field_out,hit_into_play,,,,,4.0,"Fernando Tatis Jr. grounds out, shortstop Gunnar Henderson to first baseman Pete Alonso.",R,R,R,BAL,SD,X,6.0,ground_ball,1,0,2026,-1.02,1.1,-0.3336347191398779,2.7232617766162113,,,,1,9,Top,103.16,151.18,,,,,5.449939740308069,-137.80421281829146,-5.098843428236142,-14.255115679117608,29.851869392162325,-17.15892061323792,3.346382874,1.68882874,6.0,89.4,-24.0,94.9,2180.0,6.3,824826,668939,624413,702616,691723,683002,621493,681297,641933,54.15,0.069,0.062,0.0,1.0,0.0,0.0,2.0,74,2,Sinker,7,3,3,7,3,7,3,7,Standard,Standard,217.0,0.006,-0.302,75.8,6.8,,0.075,0.302,89.4,4,-4,0.993,0.007,36,27,36,27,1,4,1,2,4.0,1,1.43,1.02,1.02,39.4,4.235075291963131,11.041303763455415,30.902250058702236,33.68082204339481,24.687855634034577
SI,2026-06-12,95.0,-1.6,5.94,"Tatis Jr., Fernando",665487,552640,,ball,,,,,11.0,,R,R,R,BAL,SD,B,,,0,0,2026,-1.13,1.01,-0.0853672159323679,3.6408761214308702,,,,1,9,Top,,,,,,,6.498738025166693,-138.27943903698522,-2.485755366328963,-15.939983505917304,30.79923667906955,-18.86026710881752,3.346382874,1.68882874,,,,95.1,2167.0,6.3,824826,668939,624413,702616,691723,683002,621493,681297,641933,54.19,,,,,,,,74,1,Sinker,7,3,3,7,3,7,3,7,Standard,Standard,214.0,-0.001,0.041,,,,,-0.041,,4,-4,0.994,0.006,36,27,36,27,1,4,1,2,4.0,1,1.51,1.13,1.13,41.3,,,,,
SI,2026-06-12,93.4,-1.5,5.73,"Tatis Jr., Fernando",665487,669358,field_error,hit_into_play,,,,,11.0,Fernando Tatis Jr. reaches on a fielding error by third baseman Coby Mayo.,R,R,R,BAL,SD,X,5.0,ground_ball,2,0,2026,-1.11,0.76,-0.8445553362303588,3.238025935417597,,,,0,1,Top,112.28,166.88,,,,,4.155356403090558,-135.9540409870214,-2.188484700171509,-14.649043633206944,29.415808091629888,-22.479981640969022,3.346382874,1.68882874,13.0,80.2,-14.0,93.6,2048.0,6.4,824826,668939,624413,702616,691723,683002,621493,681297,641933,54.13,0.069,0.062,0.9,1.0,0.0,0.0,2.0,1,3,Sinker,0,0,0,0,0,0,0,0,Standard,Standard,223.0,-0.025,0.364,72.6,6.4,,0.075,-0.364,88.0,0,0,0.489,0.511,27,27,27,27,1,0,5,2,6.0,1,1.85,1.11,1.11,33.6,6.436822144251908,0.870996698186396,24.41261237983,26.717628672838284,27.86170521541809
SI,2026-06-12,93.0,-1.33,5.78,"Tatis Jr., Fernando",665487,669358,,ball,,,,,12.0,,R,R,R,BAL,SD,B,,,1,0,2026,-0.9,0.92,0.3052509616844941,4.357755532225248,,,,0,1,Top,,,,,,,6.123946389145402,-135.39002104786815,0.2030341671900823,-12.349576785515868,28.994776366030997,-21.103810197031496,3.346382874,1.68882874,,,,93.1,2178.0,6.3,824826,668939,624413,702616,691723,683002,621493,681297,641933,54.22,,,,,,,,1,2,Sinker,0,0,0,0,0,0,0,0,Standard,Standard,220.0,-0.007,0.082,,,,,-0.082,,0,0,0.496,0.504,27,27,27,27,1,0,5,2,6.0,1,1.71,0.9,0.9,34.9,,,,,
FF,2026-06-12,93.1,-1.38,5.84,"Tatis Jr., Fernando",665487,669358,,ball,,,,,11.0,,R,R,R,BAL,SD,B,,,0,0,2026,-0.77,1.01,-0.2888500037985455,3.6491156376696265,,,,0,1,Top,,,,,,,4.491858169934758,-135.52497941113586,-1.952043829922232,-10.46720718286313,28.844852900428233,-19.434711701599873,3.346382874,1.68882874,,,,93.4,2241.0,6.4,824826,668939,624413,702616,691723,683002,621493,681297,641933,54.12,,,,,,,,1,1,4-Seam Fastball,0,0,0,0,0,0,0,0,Standard,Standard,221.0,-0.004,0.042,,,,,-0.042,,0,0,0.5,0.5,27,27,27,27,1,0,5,2,6.0,1,1.61,0.77,0.77,36.2,,,,,
SI,2026-06-10,91.1,-1.2,5.1,"Tatis Jr., Fernando",665487,663903,single,hit_into_play,,,,,6.0,Fernando Tatis Jr. singles on a sharp ground ball to right fielder Noelvi Marte. Rodolfo Durán scores.,R,R,R,SD,CIN,X,9.0,ground_ball,2,0,2026,-1.42,0.78,0.3113873460499838,2.480045531709199,,660710.0,,2,5,Bot,152.77,89.22,,,,,6.9362919979059265,-132.44855572189684,-2.1843607124887576,-18.2657263698278,30.28135690697076,-22.72295249592592,3.346382874,1.68882874,17.0,113.4,-8.0,91.9,2309.0,7.0,823287,664731,663993,668715,701398,680574,668709,667472,682622,53.54,0.404,0.364,0.9,1.0,1.0,0.0,2.0,40,3,Sinker,1,2,1,2,2,2,2,2,Standard,Standard,218.0,0.135,0.637,76.4,6.4,,0.439,-0.637,113.4,-1,-1,0.396,0.396,29,27,30,27,3,2,5,1,6.0,2,1.98,1.42,1.42,27.5,-7.265875576716207,28.86157412725337,28.04631006301165,41.277919420049486,22.602965331038853
SI,2026-06-10,91.1,-1.1,5.13,"Tatis Jr., Fernando",665487,663903,,ball,,,,,14.0,,R,R,R,SD,CIN,B,,,1,0,2026,-1.49,1.04,0.7084601409920497,1.2721696130860582,,660710.0,,2,5,Bot,,,,,,,7.820498482120471,-132.389372988818,-5.881378255799203,-19.207066670183966,28.28535112127523,-18.836162159545346,3.346382874,1.68882874,,,,92.1,2257.0,6.9,823287,664731,663993,668715,701398,680574,668709,667472,682622,53.57,,,,,,,,40,2,Sinker,1,2,1,2,2,1,1,2,Standard,Standard,215.0,0.003,0.021,,,,,-0.021,,-1,-1,0.393,0.393,29,27,30,27,3,2,5,1,6.0,2,1.71,1.49,1.49,24.1,,,,,
SL,2026-06-10,81.8,-1.24,5.14,"Tatis Jr., Fernando",665487,663903,,blocked_ball,,,,,14.0,,R,R,R,SD,CIN,B,,,0,0,2026,0.37,0.06,1.347903552621533,0.6197681681382536,,660710.0,,2,5,Bot,,,,,,,5.105022437104605,-119.11962817162848,-3.526979633512573,2.5210907174617168,22.779261777883825,-31.139878517550407,3.346382874,1.68882874,,,,82.8,2421.0,6.9,823287,664731,663993,668715,701398,680574,668709,667472,682622,53.61,,,,,,,,40,1,Slider,1,2,1,2,2,1,1,2,Standard,Standard,89.0,0.002,0.021,,,,,-0.021,,-1,-1,0.391,0.391,29,27,30,27,3,2,5,1,6.0,2,3.34,-0.37,-0.37,21.3,,,,,
ST,2026-06-10,82.5,-1.22,5.01,"Tatis Jr., Fernando",665487,663903,field_out,hit_into_play,,,,,14.0,"Fernando Tatis Jr. grounds out, second baseman Spencer Steer to first baseman Nathaniel Lowe.",R,R,R,SD,CIN,X,4.0,ground_ball,1,2,2026,0.62,0.65,1.3209283502480784,1.8843150328983365,,,,1,3,Bot,131.98,146.0,,,,,4.540864216193425,-120.09639936762233,-1.615570019988506,4.942228377547898,26.07948139792609,-25.82378547460527,3.346382874,1.68882874,17.0,97.3,-6.0,83.2,2442.0,7.0,823287,664731,663993,668715,701398,680574,668709,667472,682622,53.49,0.285,0.266,0.0,1.0,0.0,0.0,2.0,20,4,Sweeper,1,0,1,0,0,1,1,0,Standard,Standard,83.0,-0.01,-0.182,65.5,7.2,,0.319,0.182,97.3,1,1,0.643,0.643,29,27,30,27,2,1,5,1,6.0,2,2.73,-0.62,-0.62,23.4,6.356232011292127,17.59213103031779,25.738877651199633,53.109095364335296,25.845327751054633
ST,2026-06-10,82.8,-1.16,4.97,"Tatis Jr., Fernando",665487,663903,,ball,,,,,14.0,,R,R,R,SD,CIN,B,,,0,2,2026,0.52,0.41,2.1825294702990123,0.8519670178301131,,,,1,3,Bot,,,,,,,6.570045559934722,-120.36559913047915,-3.394174802893578,3.5298815169733415,27.064322292358447,-27.73570771701912,3.346382874,1.68882874,,,,83.3,2421.0,7.0,823287,664731,663993,668715,701398,680574,668709,667472,682622,53.45,,,,,,,,20,3,Sweeper,1,0,1,0,0,1,1,0,Standard,Standard,85.0,0.001,0.019,,,,,-0.019,,1,1,0.642,0.642,29,27,30,27,2,1,5,1,6.0,2,2.97,-0.52,-0.52,23.5,,,,,
SI,2026-06-10,91.3,-1.22,5.04,"Tatis Jr., Fernando",665487,663903,,foul,,,,,11.0,,R,R,R,SD,CIN,S,,,0,1,2026,-1.41,0.8,-0.8525448687619441,3.522588281515894,,,,1,3,Bot,,,,,,,4.044740640634097,-132.89703859109312,0.5333245382794566,-17.521641626576823,30.55561510756927,-23.12084603312686,3.346382874,1.68882874,20.0,75.9,-8.0,92.2,2254.0,7.0,823287,664731,663993,668715,701398,680574,668709,667472,682622,53.53,,,,,,,,20,2,Sinker,1,0,1,0,0,1,1,0,Standard,Standard,216.0,-0.004,-0.057,,,,,0.057,88.0,1,1,0.646,0.646,29,27,30,27,2,1,5,1,6.0,2,1.95,1.41,1.41,22.0,,,,,
SI,2026-06-10,92.1,-1.23,4.99,"Tatis Jr., Fernando",665487,663903,,foul,,,,,5.0,,R,R,R,SD,CIN,S,,,0,0,2026,-1.49,0.78,-0.135491297789871,2.394056909072096,,,,1,3,Bot,,,,,,,6.119706765592906,-133.9827965630038,-2.2718903527362064,-19.31196133922821,30.47072271148644,-22.49917823103531,3.346382874,1.68882874,211.0,73.2,37.0,93.0,2331.0,7.0,823287,664731,663993,668715,701398,680574,668709,667472,682622,53.54,,,,,,,,20,1,Sinker,1,0,1,0,0,1,1,0,Standard,Standard,214.0,-0.002,-0.041,73.8,6.6,,,0.041,88.0,1,1,0.648,0.648,29,27,30,27,2,1,5,1,6.0,2,1.92,1.49,1.49,21.0,-9.952119608321356,22.174336315488144,36.06113809430907,36.60527317082004,17.69669735875895
FF,2026-06-10,98.8,-2.25,6.08,"Tatis Jr., Fernando",665487,687209,field_out,hit_into_play,,,,,6.0,Fernando Tatis Jr. flies out to right fielder Noelvi Marte.,R,R,R,SD,CIN,X,9.0,fly_ball,3,2,2026,-0.91,1.48,0.7861407615161335,2.5816253438216537,,823550.0,,2,7,Bot,195.35,94.8,,,,,10.2529939312013,-143.3416665791632,-7.286449320447439,-14.990122751869553,33.39937599148214,-10.269446699452596,3.346382874,1.68882874,,98.9,44.0,,2329.0,6.1,823287,664731,663993,668715,701398,680574,668709,667472,682622,54.39,0.057,0.098,0.0,1.0,0.0,0.0,3.0,59,6,4-Seam Fastball,2,3,2,3,3,2,2,3,Standard,Standard,216.0,-0.079,-0.278,65.5,7.6,,0.183,0.278,98.9,-1,-1,0.334,0.334,25,27,25,27,1,3,1,1,2.0,2,0.88,0.91,0.91,35.9,3.5302879785367716,8.501905980028054,25.285557379154053,46.27175395321555,23.21555238647457
FC,2026-06-10,92.9,-2.32,6.21,"Tatis Jr., Fernando",665487,687209,,blocked_ball,,,,,14.0,,R,R,R,SD,CIN,B,,,2,2,2026,-0.04,0.58,1.565572879863501,0.7333482924614536,,,823550.0,2,7,Bot,,,,,,,9.851374825297166,-134.713695369607,-9.148002190664114,-2.702532607771565,30.36957507483813,-23.196265436869076,3.346382874,1.68882874,,,,92.3,2003.0,6.2,823287,664731,663993,668715,701398,680574,668709,667472,682622,54.28,,,,,,,,59,5,Cutter,2,3,2,3,3,2,2,3,Standard,Standard,207.0,0.035,0.081,,,,,-0.081,,-1,-1,0.299,0.299,25,27,25,27,1,3,1,1,2.0,2,2.09,0.04,0.04,42.4,,,,,
FF,2026-06-10,99.6,-2.32,6.07,"Tatis Jr., Fernando",665487,687209,,ball,,,,,14.0,,R,R,R,SD,CIN,B,,,1,2,2026,-0.81,1.42,0.7948675598764413,1.2633312298414965,,,823550.0,2,7,Bot,,,,,,,10.320347818388845,-144.29325717313546,-10.821419206558923,-13.787508975516104,35.027557263050966,-9.834118776481692,3.346382874,1.68882874,,,,98.9,2460.0,6.2,823287,664731,663993,668715,701398,680574,668709,667472,682622,54.28,,,,,,,,59,4,4-Seam Fastball,2,3,2,3,3,2,2,3,Standard,Standard,213.0,0.008,0.052,,,,,-0.052,,-1,-1,0.291,0.291,25,27,25,27,1,3,1,1,2.0,2,0.91,0.81,0.81,36.5,,,,,
ST,2026-06-10,86.9,-2.35,6.11,"Tatis Jr., Fernando",665487,687209,,foul,,,,,9.0,,R,R,R,SD,CIN,S,,,1,1,2026,0.0,-0.35,0.5131411429908588,2.139929158988447,,,823550.0,2,7,Bot,,,,,,,6.763218507064088,-126.57434519557675,-2.471618202821131,-1.1997789441235471,22.35697668876461,-35.673765256057905,3.346382874,1.68882874,2.0,54.4,-51.0,87.3,2545.0,6.2,823287,664731,663993,668715,701398,680574,668709,667472,682622,54.3,,,,,,,,59,3,Sweeper,2,3,2,3,3,2,2,3,Standard,Standard,74.0,-0.013,-0.069,68.8,7.8,,,0.069,88.0,-1,-1,0.304,0.304,25,27,25,27,1,3,1,1,2.0,2,3.33,0.0,0.0,38.4,17.200963806341434,-5.012667795899765,25.597994253222996,43.3083640282734,39.82387888116959
FC,2026-06-10,91.8,-2.18,6.28,"Tatis Jr., Fernando",665487,687209,,ball,,,,,14.0,,R,R,R,SD,CIN,B,,,0,1,2026,0.17,0.98,1.7241460687691992,1.0223270544432723,,,823550.0,2,7,Bot,,,,,,,9.34662656309559,-133.2895390116255,-9.35766230640512,0.2637157290191307,25.549655260017477,-18.72540186552035,3.346382874,1.68882874,,,,92.0,2207.0,6.3,823287,664731,663993,668715,701398,680574,668709,667472,682622,54.24,,,,,,,,59,2,Cutter,2,3,2,3,3,2,2,3,Standard,Standard,192.0,0.005,0.028,,,,,-0.028,,-1,-1,0.299,0.299,25,27,25,27,1,3,1,1,2.0,2,1.72,-0.17,-0.17,42.5,,,,,
FC,2026-06-10,90.7,-2.11,6.35,"Tatis Jr., Fernando",665487,687209,,swinging_strike,,,,,14.0,,R,R,R,SD,CIN,S,,,0,0,2026,0.42,0.72,1.1471416366753602,2.46393859316395,,,823550.0,2,7,Bot,,,,,,,7.110016034246847,-131.92188821601314,-5.1002769332562385,3.390671737015463,28.57956936824372,-22.866556676898803,3.346382874,1.68882874,,,,90.5,2125.0,6.2,823287,664731,663993,668715,701398,680574,668709,667472,682622,54.27,,,,,,,,59,1,Cutter,2,3,2,3,3,2,2,3,Standard,Standard,188.0,-0.008,-0.041,80.9,8.2,6.779777676,,0.041,,-1,-1,0.307,0.307,25,27,25,27,1,3,1,1,2.0,2,2.06,-0.42,-0.42,42.2,16.966430038197185,-23.962560847098732,22.56034372098553,50.36702151633174,45.163929603843705
SL,2026-06-10,89.8,-1.75,5.41,"Tatis Jr., Fernando",665487,695534,home_run,hit_into_play,,,,,5.0,Fernando Tatis Jr. homers (2) on a line drive to left field.,R,R,R,SD,CIN,X,,line_drive,2,1,2026,0.26,0.28,0.055632784173963,2.6853255497139092,,,,2,9,Bot,49.3,78.2,,,,,3.8879642922990105,-130.88144396658998,-1.2458586203945112,2.212237155090322,25.501269211414343,-28.87689506451651,3.346382874,1.68882874,360.0,106.3,18.0,90.6,2312.0,6.5,823287,663886,668715,695490,701398,680574,668709,667472,682622,54.01,0.537,0.673,2.0,1.0,0.0,3.0,6.0,77,4,Slider,4,4,4,4,4,5,5,4,Standard,Standard,151.0,0.461,2.555,78.0,7.8,,1.076,-2.555,106.3,0,0,0.539,0.539,23,27,23,27,1,4,18,1,3.0,2,2.52,-0.26,-0.26,37.7,12.98079472865545,-8.851857702735344,23.792022345759616,37.42211534477504,38.83071327318258
SL,2026-06-10,90.1,-1.75,5.35,"Tatis Jr., Fernando",665487,695534,,called_strike,,,,,3.0,,R,R,R,SD,CIN,S,,,2,0,2026,0.37,0.46,0.5907009071482789,3.0335062412364326,,,,2,9,Bot,,,,,,,4.969281834064249,-131.2233527297843,-0.6290662960075676,3.240936921631949,27.11479648597772,-26.958044899528648,3.346382874,1.68882874,,,,90.7,2213.0,6.5,823287,663886,668715,695490,701398,680574,668709,667472,682622,53.96,,,,,,,,77,3,Slider,4,4,4,4,4,4,4,4,Standard,Standard,185.0,-0.005,-0.065,,,,,0.065,,0,0,0.544,0.544,23,27,23,27,1,4,18,1,3.0,2,2.34,-0.37,-0.37,36.5,,,,,
SI,2026-06-10,97.3,-1.88,5.3,"Tatis Jr., Fernando",665487,695534,,ball,,,,,13.0,,R,R,R,SD,CIN,B,,,1,0,2026,-1.14,1.25,-0.9313757117912824,1.5839533702328683,,,,2,9,Bot,,,,,,,5.158406014899177,-141.51689201853716,-7.091121597720944,-16.508806109501702,33.63358769321711,-13.973852456618378,3.346382874,1.68882874,,,,97.0,2198.0,6.2,823287,663886,668715,695490,701398,680574,668709,667472,682622,54.27,,,,,,,,77,2,Sinker,4,4,4,4,4,4,4,4,Standard,Standard,237.0,0.005,0.064,,,,,-0.064,,0,0,0.539,0.539,23,27,23,27,1,4,18,1,3.0,2,1.17,1.14,1.14,34.1,,,,,
SI,2026-06-10,97.4,-1.84,5.38,"Tatis Jr., Fernando",665487,695534,,ball,,,,,11.0,,R,R,R,SD,CIN,B,,,0,0,2026,-1.28,1.08,-1.6739268719562297,3.287076625736594,,,,2,9,Bot,,,,,,,3.417523195504641,-141.78349982954077,-2.4490823052892403,-18.068997153251235,33.16101327499928,-17.28290993476106,3.346382874,1.68882874,,,,97.1,2175.0,6.1,823287,663886,668715,695490,701398,680574,668709,667472,682622,54.36,,,,,,,,77,1,Sinker,4,4,4,4,4,4,4,4,Standard,Standard,241.0,0.003,0.041,,,,,-0.041,,0,0,0.536,0.536,23,27,23,27,1,4,18,1,3.0,2,1.33,1.28,1.28,35.3,,,,,
SI,2026-06-10,92.0,-1.1,5.13,"Tatis Jr., Fernando",665487,663903,strikeout,called_strike,,,,,5.0,Fernando Tatis Jr. called out on strikes.,R,R,R,SD,CIN,S,2.0,,1,2,2026,-1.29,0.7,0.2144868082511493,2.384042186869161,,,,0,1,Bot,,,,,,,6.199145679320236,-133.81315755013765,-2.5037325504170505,-16.796340491279203,28.9997969662382,-23.398156460893755,3.346382874,1.68882874,,,,92.9,2322.0,6.9,823287,664731,663993,668715,701398,680574,668709,667472,682622,53.63,,0.0,0.0,1.0,0.0,0.0,,4,4,Sinker,0,0,0,0,0,0,0,0,Standard,Standard,219.0,-0.015,-0.187,,,,,0.187,,0,0,0.541,0.541,29,27,30,27,1,0,5,1,6.0,2,1.99,1.29,1.29,20.9,,,,,
SL,2026-06-10,82.8,-1.25,5.06,"Tatis Jr., Fernando",665487,663903,,ball,,,,,14.0,,R,R,R,SD,CIN,B,,,0,2,2026,0.45,-0.31,1.1790644056691102,0.4819599157568595,,,,0,1,Bot,,,,,,,4.625958634876353,-120.53275239766398,-3.1149752794666,3.5104167400291333,23.438428874604504,-34.84076648301236,3.346382874,1.68882874,,,,83.7,2418.0,6.8,823287,664731,663993,668715,701398,680574,668709,667472,682622,53.65,,,,,,,,4,3,Slider,0,0,0,0,0,0,0,0,Standard,Standard,94.0,0.002,0.022,,,,,-0.022,,0,0,0.539,0.539,29,27,30,27,1,0,5,1,6.0,2,3.64,-0.45,-0.45,22.8,,,,,
SI,2026-06-10,92.6,-1.1,5.13,"Tatis Jr., Fernando",665487,663903,,called_strike,,,,,9.0,,R,R,R,SD,CIN,S,,,0,1,2026,-1.38,0.81,0.5170036483270088,2.164514325476248,,,,0,1,Bot,,,,,,,7.203410879104066,-134.7173223735931,-3.395373640552701,-18.32609181083488,29.383314521891812,-21.7173910970799,3.346382874,1.68882874,,,,93.6,2330.0,6.9,823287,664731,663993,668715,701398,680574,668709,667472,682622,53.63,,,,,,,,4,2,Sinker,0,0,0,0,0,0,0,0,Standard,Standard,222.0,-0.006,-0.054,,,,,0.054,,0,0,0.545,0.545,29,27,30,27,1,0,5,1,6.0,2,1.85,1.38,1.38,22.3,,,,,
SI,2026-06-10,91.9,-1.13,5.11,"Tatis Jr., Fernando",665487,663903,,called_strike,,,,,9.0,,R,R,R,SD,CIN,S,,,0,0,2026,-1.33,0.75,0.5476855123748876,2.128853417601362,,,,0,1,Bot,,,,,,,7.207321276501452,-133.62900786119593,-3.1839254774210106,-17.48682534003392,29.354390273443336,-22.679311271628645,3.346382874,1.68882874,,,,92.9,2308.0,7.0,823287,664731,663993,668715,701398,680574,668709,667472,682622,53.52,,,,,,,,4,1,Sinker,0,0,0,0,0,0,0,0,Standard,Standard,222.0,-0.003,-0.041,,,,,0.041,,0,0,0.548,0.548,29,27,30,27,1,0,5,1,6.0,2,1.96,1.33,1.33,22.3,,,,,
FF,2026-06-09,97.0,-1.11,6.41,"Tatis Jr., Fernando",665487,695505,double,hit_into_play,,,,,3.0,Fernando Tatis Jr. hits a ground-rule double (9) on a line drive to right field.,R,R,R,SD,CIN,X,,line_drive,0,0,2026,-0.25,1.52,0.3280391980615549,3.1558429054429897,,,,1,5,Bot,189.02,68.37,,,,,4.4082124966901,-141.1326281537021,-6.4886995097359215,-4.405835361492151,33.94939471403205,-10.559468669691109,3.346382874,1.68882874,358.0,107.4,18.0,97.2,2694.0,6.6,823290,663886,663993,695490,701398,680574,668709,694362,668715,53.95,0.6,0.761,1.25,1.0,1.0,1.0,6.0,43,1,4-Seam Fastball,2,2,2,2,2,2,2,2,Standard,Standard,196.0,0.057,0.652,77.0,6.6,,1.205,-0.652,107.4,0,0,0.537,0.537,23,27,23,27,3,2,6,1,6.0,1,0.91,0.25,0.25,56.8,4.427984109374459,14.640990531505397,21.87565413680798,41.32767563727106,23.5739723721216
SL,2026-06-09,92.5,-1.5,6.38,"Tatis Jr., Fernando",665487,695505,single,hit_into_play,,,,,6.0,Fernando Tatis Jr. singles on a line drive to center fielder Blake Dunn.,R,R,R,SD,CIN,X,8.0,line_drive,1,2,2026,0.14,0.39,0.5045522177130312,2.4304265224735757,,,,1,3,Bot,115.73,97.19,,,,,4.738495044260291,-134.67058350028876,-4.962814434443803,0.8417461867457943,26.395440021112407,-26.549581727088498,3.346382874,1.68882874,256.0,95.4,12.0,93.0,2892.0,6.3,823290,663886,663993,695490,701398,680574,668709,694362,668715,54.17,0.911,0.873,0.9,1.0,1.0,0.0,4.0,26,4,Slider,0,2,0,2,2,0,0,2,Standard,Standard,120.0,0.036,0.498,73.1,7.7,,1.081,-0.498,95.4,-2,-2,0.295,0.295,23,27,23,27,2,1,6,1,6.0,1,2.25,-0.14,-0.14,48.8,9.396027653164632,-1.0682815108080397,24.39949400622345,41.86808357225097,30.904450186201135
FF,2026-06-09,98.7,-0.85,6.55,"Tatis Jr., Fernando",665487,695505,,foul,,,,,2.0,,R,R,R,SD,CIN,S,,,1,1,2026,-0.28,1.68,0.134717992957067,3.2908083081021937,,,,1,3,Bot,,,,,,,3.2844869542232744,-143.46661368334262,-7.139390642666274,-4.620924379318318,35.375869741316706,-7.493216957551318,3.346382874,1.68882874,154.0,77.7,69.0,98.3,2761.0,6.3,823290,663886,663993,695490,701398,680574,668709,694362,668715,54.23,,,,,,,,26,3,4-Seam Fastball,0,2,0,2,2,0,0,2,Standard,Standard,194.0,-0.005,-0.07,72.1,7.1,,,0.07,88.0,-2,-2,0.3,0.3,23,27,23,27,2,1,6,1,6.0,1,0.67,0.28,0.28,57.3,5.891029110657151,3.7694282730140767,26.654159295149142,38.319829339434456,25.99938742094814
SL,2026-06-09,92.3,-1.42,6.39,"Tatis Jr., Fernando",665487,695505,,foul_tip,,,,,9.0,,R,R,R,SD,CIN,S,,,1,0,2026,0.42,0.21,0.6859075105606857,1.8065048341965193,,,,1,3,Bot,,,,,,,4.364626957499796,-134.35813208906782,-6.098770817685585,4.26882950929702,27.43538225043948,-28.60793901508867,3.346382874,1.68882874,,,,92.6,2842.0,6.3,823290,663886,663993,695490,701398,680574,668709,694362,668715,54.16,,,,,,,,26,2,Slider,0,2,0,2,2,0,0,2,Standard,Standard,176.0,-0.004,-0.05,79.5,8.0,,,0.05,,-2,-2,0.304,0.304,23,27,23,27,2,1,6,1,6.0,1,2.45,-0.42,-0.42,54.3,13.006967063247572,-10.31790955329379,28.27532027660718,44.07570932961618,37.09836926204964
SL,2026-06-09,91.8,-1.53,6.44,"Tatis Jr., Fernando",665487,695505,,ball,,,,,1.0,,R,R,R,SD,CIN,B,,,0,0,2026,0.27,0.09,-0.7934854950107495,3.292479564938636,,,,1,3,Bot,,,,,,,1.2353906002449735,-133.80794133810858,-2.2045570749338284,3.049841198289703,24.848305277485515,-30.82882305615996,3.346382874,1.68882874,,,,92.3,2887.0,6.2,823290,663886,663993,695490,701398,680574,668709,694362,668715,54.31,,,,,,,,26,1,Slider,0,2,0,2,2,0,0,2,Standard,Standard,111.0,0.003,0.041,,,,,-0.041,,-2,-2,0.301,0.301,23,27,23,27,2,1,6,1,6.0,1,2.57,-0.27,-0.27,51.7,,,,,
SV,2026-06-09,86.5,-2.21,5.18,"Tatis Jr., Fernando",665487,663574,single,hit_into_play,,,,,5.0,Fernando Tatis Jr. singles on a line drive to center fielder Dane Myers. Sung-Mun Song to 2nd.,R,R,R,SD,CIN,X,8.0,line_drive,0,1,2026,0.56,-0.22,-0.219183057907445,2.7004438984324426,,,823550.0,1,9,Bot,114.92,125.54,,,,,3.5111898103823767,-126.04354715992211,0.9113525818170404,5.282113645702895,25.099194126544457,-34.95091019885641,3.346382874,1.68882874,189.0,96.9,11.0,86.5,2210.0,6.2,823290,663886,668715,695490,701398,680574,668709,667472,694362,54.3,0.883,0.838,0.9,1.0,1.0,0.0,4.0,78,2,Slurve,2,2,2,2,2,2,2,2,Standard,Standard,17.0,0.086,0.447,74.8,6.7,,1.031,-0.447,96.9,0,0,0.624,0.624,29,27,29,27,1,4,2,1,1.0,1,3.26,-0.56,-0.56,25.9,3.731171014998343,9.660254107768502,26.95871209622213,35.69057916741559,29.18102053521281
SV,2026-06-09,87.6,-2.19,5.22,"Tatis Jr., Fernando",665487,663574,,swinging_strike,,,,,14.0,,R,R,R,SD,CIN,S,,,0,0,2026,0.51,-0.35,1.0332263196970797,1.4330153740510614,,,823550.0,1,9,Bot,,,,,,,6.548513178541725,-127.39308279287822,-1.9956725693543464,4.112213768764631,28.34244826225902,-35.732816600148176,3.346382874,1.68882874,,,,86.6,2338.0,5.8,823290,663886,668715,695490,701398,680574,668709,667472,694362,54.66,,,,,,,,78,1,Slurve,2,2,2,2,2,2,2,2,Standard,Standard,11.0,-0.011,-0.037,71.8,7.9,1.889996796,,0.037,,0,0,0.635,0.635,29,27,29,27,1,4,2,1,1.0,1,3.34,-0.51,-0.51,26.2,11.58363913766392,-9.4475860495809,31.07777094584413,48.20340074426732,36.32970597292864
FF,2026-06-09,96.4,1.78,6.18,"Tatis Jr., Fernando",665487,656271,single,hit_into_play,,,,,5.0,Fernando Tatis Jr. singles on a ground ball to right fielder Blake Dunn.,R,R,L,SD,CIN,X,9.0,ground_ball,0,2,2026,0.61,1.18,-0.2678863854438696,2.634979304670521,,,,1,7,Bot,184.39,112.06,,,,,-6.785298342249113,-140.09106211298442,-6.339766616182515,9.543422075621406,33.05304266116588,-15.375142498684475,3.346382874,1.68882874,29.0,84.9,-3.0,96.5,2078.0,6.5,823290,663886,668715,695490,701398,680574,668709,667472,694362,54.0,0.187,0.168,0.9,1.0,1.0,0.0,2.0,61,3,4-Seam Fastball,2,2,2,2,2,2,2,2,Standard,Standard,141.0,0.052,0.517,69.0,5.9,,0.21,-0.517,88.0,0,0,0.538,0.538,29,27,30,27,1,3,2,1,3.0,1,1.29,0.61,-0.61,43.1,-7.753520558862208,27.771482456098905,32.33531063487064,32.334587631180106,18.593736179617824
FF,2026-06-09,96.7,1.55,6.25,"Tatis Jr., Fernando",665487,656271,,foul,,,,,12.0,,R,R,L,SD,CIN,S,,,0,1,2026,0.95,1.29,0.1309836168975403,3.5787006044608947,,,,1,7,Bot,,,,,,,-5.949800021259912,-140.57442124083428,-4.2673018181236575,13.970352549985009,37.69743382013101,-14.385273850294396,3.346382874,1.68882874,202.0,79.2,56.0,96.2,2245.0,6.5,823290,663886,668715,695490,701398,680574,668709,667472,694362,54.0,,,,,,,,61,2,4-Seam Fastball,2,2,2,2,2,2,2,2,Standard,Standard,140.0,-0.008,-0.057,71.0,6.5,,,0.057,88.0,0,0,0.546,0.546,29,27,30,27,1,3,2,1,3.0,1,1.19,0.95,-0.95,42.6,6.656341493957762,18.96750498022703,18.757610270043212,37.77906684338256,21.845916844660188
SL,2026-06-09,85.2,1.77,6.25,"Tatis Jr., Fernando",665487,656271,,called_strike,,,,,5.0,,R,R,L,SD,CIN,S,,,0,0,2026,-0.29,0.17,0.2084810514147411,2.3771314244507993,,,,1,7,Bot,,,,,,,-3.024705088851473,-124.02543835418707,-2.850888900629536,-2.305365570715572,27.64281242935126,-30.071997952551943,3.346382874,1.68882874,,,,85.1,2244.0,6.5,823290,663886,668715,695490,701398,680574,668709,667472,694362,54.03,,,,,,,,61,1,Slider,2,2,2,2,2,2,2,2,Standard,Standard,193.0,-0.004,-0.041,,,,,0.041,,0,0,0.55,0.55,29,27,30,27,1,3,2,1,3.0,1,3.0,-0.29,0.29,44.3,,,,,
FF,2026-06-09,99.6,-2.29,6.13,"Tatis Jr., Fernando",665487,687209,field_out,hit_into_play,,,,,9.0,"Fernando Tatis Jr. grounds out, second baseman Edwin Arroyo to first baseman Spencer Steer. Freddy Fermin to 3rd.",R,R,R,SD,CIN,X,4.0,ground_ball,1,0,2026,-0.91,1.42,0.7571987759736056,1.9634516380826108,,666023.0,,1,11,Bot,139.3,154.11,,,,,10.3681191593086,-144.41228187967636,-9.057288812083168,-15.352308404423663,37.47465155567988,-10.203088761704157,3.346382874,1.68882874,85.0,96.6,3.0,98.5,2514.0,6.1,823290,664731,668715,695490,701398,680574,668709,667472,694362,54.37,0.523,0.489,0.0,1.0,0.0,0.0,4.0,96,2,4-Seam Fastball,3,5,3,5,5,3,3,5,Standard,Standard,210.0,-0.082,-0.289,68.5,7.7,,0.584,0.289,96.6,-2,-2,0.133,0.133,25,27,25,27,1,5,4,1,1.0,1,0.91,0.91,0.91,33.7,4.921182258698539,9.529489423406728,31.474904129577677,46.64191327027528,23.423321201171596
FC,2026-06-09,92.1,-2.14,6.23,"Tatis Jr., Fernando",665487,687209,,ball,,,,,14.0,,R,R,R,SD,CIN,B,,,0,0,2026,0.04,0.68,1.291645558827865,1.5314300183265803,,666023.0,,1,11,Bot,,,,,,,8.46897050426067,-133.74704014571736,-7.287618019993514,-1.3921022333615225,29.591755228107353,-22.515840201634987,3.346382874,1.68882874,,,,91.6,2065.0,6.2,823290,664731,668715,695490,701398,680574,668709,667472,694362,54.35,,,,,,,,96,1,Cutter,3,5,3,5,5,3,3,5,Standard,Standard,196.0,0.009,0.04,,,,,-0.04,,-2,-2,0.124,0.124,25,27,25,27,1,5,4,1,1.0,1,2.02,-0.04,-0.04,43.2,,,,,
FF,2026-06-09,97.8,-1.09,6.59,"Tatis Jr., Fernando",665487,695505,field_out,hit_into_play,,,,,6.0,Fernando Tatis Jr. pops out to first baseman Nathaniel Lowe in foul territory.,R,R,R,SD,CIN,X,3.0,popup,0,0,2026,-0.4,1.77,0.5022003147431701,2.4159195238234545,,,,0,1,Bot,167.48,165.33,,,,,5.151299995161357,-141.99000540055297,-9.557248855002886,-6.6996455036571705,37.26858472865438,-6.164835885239982,3.346382874,1.68882874,135.0,88.2,68.0,97.0,2574.0,6.3,823290,663886,663993,695490,701398,680574,668709,694362,668715,54.22,0.006,0.005,0.0,1.0,0.0,0.0,3.0,5,1,4-Seam Fastball,0,0,0,0,0,0,0,0,Standard,Standard,195.0,-0.022,-0.259,79.4,7.9,,0.006,0.259,88.2,0,0,0.548,0.548,23,27,23,27,1,0,6,1,6.0,1,0.65,0.4,0.4,54.3,8.862418057319283,-2.2683398810968556,30.55359263439633,42.45347425847504,32.016732627754074
FF,2026-06-08,92.7,2.54,6.02,"Tatis Jr., Fernando",665487,671096,field_out,hit_into_play,,,,,14.0,Fernando Tatis Jr. lines out to second baseman Edwin Arroyo.,R,R,L,SD,CIN,X,4.0,line_drive,0,2,2026,0.78,1.51,1.443856403276993,2.083683684654208,,,,2,5,Bot,140.67,132.47,,,,,-4.489250009498264,-134.78594073569664,-7.384752167867286,10.511531321458357,29.37432152205751,-12.306790666079316,3.346382874,1.68882874,174.0,73.3,15.0,92.6,2371.0,6.3,823289,663886,701398,695490,553993,680574,668709,694362,682622,54.25,0.537,0.483,0.0,1.0,0.0,0.0,4.0,42,3,4-Seam Fastball,1,1,1,1,1,1,1,1,Standard,Standard,153.0,-0.009,-0.155,74.3,7.8,,0.567,0.155,88.0,0,0,0.509,0.509,27,27,27,27,3,2,6,1,6.0,1,1.14,0.78,-0.78,46.4,21.07541741775748,13.782916283045298,20.24765860834759,54.52570813812952,22.68259490296853
FC,2026-06-08,88.5,2.4,6.07,"Tatis Jr., Fernando",665487,671096,,swinging_strike,,,,,2.0,,R,R,L,SD,CIN,S,,,0,1,2026,-0.58,0.72,-0.1556421475558151,3.4398086952437703,,,,2,5,Bot,,,,,,,-4.912929784828592,-128.88152065799224,-1.7258437575711354,-5.555985390059545,25.13639352896318,-23.95680737765524,3.346382874,1.68882874,,,,88.8,2642.0,6.3,823289,663886,701398,695490,553993,680574,668709,694362,682622,54.23,,,,,,,,42,2,Cutter,1,1,1,1,1,1,1,1,Standard,Standard,192.0,-0.004,-0.062,74.5,6.0,1.156449588,,0.062,,0,0,0.513,0.513,27,27,27,27,3,2,6,1,6.0,1,2.17,-0.58,0.58,52.5,-1.6115192726535172,32.21737081150623,20.60010550921698,35.684060570044814,16.643501027929993
CU,2026-06-08,79.3,2.42,6.16,"Tatis Jr., Fernando",665487,671096,,called_strike,,,,,3.0,,R,R,L,SD,CIN,S,,,0,0,2026,-0.5,-0.6,0.7300545424324056,3.0318954840733072,,,,2,5,Bot,,,,,,,-2.6957174588445465,-115.58951015021884,1.2433889663530475,-4.064242429615836,20.321829678265093,-38.03947684325725,3.346382874,1.68882874,,,,79.7,2734.0,6.4,823289,663886,701398,695490,553993,680574,668709,694362,682622,54.14,,,,,,,,42,1,Curveball,1,1,1,1,1,1,1,1,Standard,Standard,312.0,-0.002,-0.045,,,,,0.045,,0,0,0.515,0.515,27,27,27,27,3,2,6,1,6.0,1,4.2,-0.5,0.5,52.5,,,,,
FF,2026-06-08,92.7,2.38,5.92,"Tatis Jr., Fernando",665487,671096,field_out,hit_into_play,,,,,2.0,"Fernando Tatis Jr. grounds out, shortstop Matt McLain to first baseman Sal Stewart.",R,R,L,SD,CIN,X,6.0,ground_ball,3,2,2026,0.48,1.41,-0.2725566379557793,3.372092132242914,,,,0,3,Bot,100.75,148.35,,,,,-7.774965332475207,-134.7608809796566,-3.656126159616634,7.514215574410234,29.50114374990045,-14.35627120569549,3.346382874,1.68882874,59.0,85.4,2.0,92.9,2324.0,6.5,823289,663886,701398,695490,553993,680574,668709,694362,682622,54.03,0.316,0.305,0.0,1.0,0.0,0.0,2.0,23,6,4-Seam Fastball,1,0,1,0,0,1,1,0,Standard,Standard,156.0,-0.026,-0.346,73.8,6.5,,0.369,0.346,88.0,1,1,0.674,0.674,27,27,27,27,2,1,6,1,6.0,1,1.25,0.48,-0.48,52.3,10.159564537473242,0.4967471911569945,26.34385686304282,32.292770501257365,27.90179296541894
FF,2026-06-08,92.6,2.34,6.03,"Tatis Jr., Fernando",665487,671096,,foul,,,,,12.0,,R,R,L,SD,CIN,S,,,3,1,2026,0.36,1.53,0.9409034420835573,3.144002644131515,,,,0,3,Bot,,,,,,,-4.347277344454199,-134.71543000610444,-4.7722531901101295,5.409800531792928,30.49953439796316,-12.700705862627464,3.346382874,1.68882874,232.0,83.4,52.0,92.7,2266.0,6.5,823289,663886,701398,695490,553993,680574,668709,694362,682622,54.03,,,,,,,,23,5,4-Seam Fastball,1,0,1,0,0,1,1,0,Standard,Standard,153.0,-0.008,-0.101,72.3,6.7,,,0.101,88.0,1,1,0.682,0.682,27,27,27,27,2,1,6,1,6.0,1,1.14,0.36,-0.36,55.9,2.45923474541614,29.446710665581023,23.66274472950004,47.16651428886661,16.282571919062946
CH,2026-06-08,84.8,2.53,5.93,"Tatis Jr., Fernando",665487,671096,,ball,,,,,12.0,,R,R,L,SD,CIN,B,,,2,1,2026,1.4,0.24,1.060728777155767,2.6540657961134735,,,,0,3,Bot,,,,,,,-6.283687577352274,-123.30660669524882,-1.493416196544441,15.577895174573872,28.29200325177507,-29.64527649278839,3.346382874,1.68882874,,,,84.6,1873.0,6.6,823289,663886,701398,695490,553993,680574,668709,694362,682622,53.92,,,,,,,,23,4,Changeup,1,0,1,0,0,1,1,0,Standard,Standard,138.0,0.01,0.137,,,,,-0.137,,1,1,0.672,0.672,27,27,27,27,2,1,6,1,6.0,1,2.97,1.4,-1.4,44.1,,,,,
FC,2026-06-08,88.1,2.38,6.04,"Tatis Jr., Fernando",665487,671096,,ball,,,,,11.0,,R,R,L,SD,CIN,B,,,1,1,2026,-0.68,0.36,-0.5833177109433284,4.431949723359641,,,,0,3,Bot,,,,,,,-5.688410758174579,-128.15420857174666,1.6039728581244597,-6.296774426174028,26.34318740848182,-28.79298248853705,3.346382874,1.68882874,,,,88.3,2546.0,6.4,823289,663886,701398,695490,553993,680574,668709,694362,682622,54.07,,,,,,,,23,3,Cutter,1,0,1,0,0,1,1,0,Standard,Standard,201.0,0.004,0.063,,,,,-0.063,,1,1,0.668,0.668,27,27,27,27,2,1,6,1,6.0,1,2.58,-0.68,0.68,50.6,,,,,
FF,2026-06-08,93.2,2.51,6.02,"Tatis Jr., Fernando",665487,671096,,foul,,,,,6.0,,R,R,L,SD,CIN,S,,,1,0,2026,0.31,1.51,0.5815920586752308,2.5747356749157833,,,,0,3,Bot,,,,,,,-5.578218452175383,-135.47385790101205,-6.228094665341441,5.134971955674245,31.034163032336934,-12.378896253098466,3.346382874,1.68882874,243.0,84.4,47.0,93.0,2335.0,6.3,823289,663886,701398,695490,553993,680574,668709,694362,682622,54.17,,,,,,,,23,2,4-Seam Fastball,1,0,1,0,0,1,1,0,Standard,Standard,152.0,-0.004,-0.055,77.7,7.1,,,0.055,88.0,1,1,0.672,0.672,27,27,27,27,2,1,6,1,6.0,1,1.13,0.31,-0.31,48.4,5.302171809375986,19.743442286749712,30.65189103549404,43.75688805116481,21.932400926673683
CH,2026-06-08,85.5,2.55,5.98,"Tatis Jr., Fernando",665487,671096,,ball,,,,,14.0,,R,R,L,SD,CIN,B,,,0,0,2026,1.24,0.59,1.0931004168035054,2.184312146735754,,,,0,3,Bot,,,,,,,-5.973404630434413,-124.2975854845336,-3.5528915741551046,14.085443951413884,28.521959734836816,-25.53781925370963,3.346382874,1.68882874,,,,85.5,1902.0,6.7,823289,663886,701398,695490,553993,680574,668709,694362,682622,53.83,,,,,,,,23,1,Changeup,1,0,1,0,0,1,1,0,Standard,Standard,132.0,0.003,0.042,,,,,-0.042,,1,1,0.669,0.669,27,27,27,27,2,1,6,1,6.0,1,2.57,1.24,-1.24,45.9,,,,,
FC,2026-06-08,87.2,-1.0,5.7,"Tatis Jr., Fernando",665487,685112,field_out,hit_into_play,,,,,8.0,"Fernando Tatis Jr. grounds out, second baseman Edwin Arroyo to first baseman Sal Stewart.",R,R,R,SD,CIN,X,4.0,ground_ball,0,1,2026,0.33,-0.03,0.115446958996079,1.8144322738899543,,,666023.0,2,8,Bot,135.59,159.79,,,,,1.9590308767149949,-127.0044717398442,-2.841280938990117,3.095043754319785,27.54347108287506,-32.15707229886156,3.346382874,1.68882874,2.0,74.3,-44.0,86.9,2598.0,6.2,823289,663886,701398,695490,553993,680574,668709,694362,682622,54.34,0.196,0.176,0.0,1.0,0.0,0.0,2.0,72,2,Cutter,6,2,6,2,2,6,6,2,Standard,Standard,90.0,-0.001,-0.234,57.8,6.5,,0.199,0.234,88.0,4,4,0.986,0.986,27,27,27,27,1,4,3,1,20.0,1,3.04,-0.33,-0.33,35.2,-9.27712240394362,21.58372475608216,34.61668459190332,39.02509335711787,19.921518825491397
FC,2026-06-08,86.7,-1.06,5.64,"Tatis Jr., Fernando",665487,685112,,called_strike,,,,,4.0,,R,R,R,SD,CIN,S,,,0,0,2026,0.37,-0.02,-0.3241341879761806,2.660922352294152,,,666023.0,2,8,Bot,,,,,,,0.954647788801188,-126.29574580909684,-0.7066821140524664,3.778838849747247,25.685429794965255,-32.428058473635694,3.346382874,1.68882874,,,,86.6,2613.0,6.1,823289,663886,701398,695490,553993,680574,668709,694362,682622,54.35,,,,,,,,72,1,Cutter,6,2,6,2,2,6,6,2,Standard,Standard,87.0,0.0,-0.041,,,,,0.041,,4,4,0.986,0.986,27,27,27,27,1,4,3,1,20.0,1,3.04,-0.37,-0.37,32.8,,,,,
ST,2026-06-08,85.1,-1.94,5.48,"Tatis Jr., Fernando",665487,622088,field_out,hit_into_play,,,,,5.0,Fernando Tatis Jr. flies out to right fielder Noelvi Marte.,R,R,R,SD,CIN,X,9.0,fly_ball,0,1,2026,1.09,0.54,-0.0490590523066233,2.319409614060018,687749.0,669392.0,666023.0,0,7,Bot,181.28,136.39,,,,,2.166195132104944,-123.98518423287618,-1.9906660639063367,10.753038422329478,26.109342670523375,-26.43147976006707,3.346382874,1.68882874,208.0,89.0,58.0,85.2,2660.0,6.4,823289,663886,701398,695490,553993,680574,668709,694362,682622,54.09,0.014,0.017,0.0,1.0,0.0,0.0,3.0,59,2,Sweeper,3,2,3,2,2,3,3,2,Strategic,Standard,62.0,-0.035,-0.174,79.9,7.1,,0.024,0.174,89.0,1,1,0.9,0.9,32,27,33,27,1,3,2,1,1.0,1,2.61,-1.09,-1.09,28.5,3.629888696651816,-0.8504685017147071,34.15159197285841,35.28335538891757,31.823544439572153
ST,2026-06-08,85.4,-2.02,5.4,"Tatis Jr., Fernando",665487,622088,,called_strike,,,,,6.0,,R,R,R,SD,CIN,S,,,0,0,2026,0.81,0.61,0.4668112816450686,2.564681716701656,687749.0,669392.0,666023.0,0,7,Bot,,,,,,,4.124999254813934,-124.42361047833884,-1.4491045556103483,7.520793628744713,25.38608237696759,-25.738105261169636,3.346382874,1.68882874,,,,85.6,2591.0,6.4,823289,663886,701398,695490,553993,680574,668709,694362,682622,54.13,,,,,,,,59,1,Sweeper,3,2,3,2,2,3,3,2,Strategic,Standard,67.0,-0.006,-0.04,,,,,0.04,,1,1,0.906,0.906,32,27,33,27,1,3,2,1,1.0,1,2.51,-0.81,-0.81,23.0,,,,,
FF,2026-06-08,92.5,2.43,6.0,"Tatis Jr., Fernando",665487,671096,walk,ball,,,,,14.0,Fernando Tatis Jr. walks.,R,R,L,SD,CIN,B,,,3,0,2026,0.59,1.58,1.4776821781325782,1.443171588447846,,,,0,1,Bot,,,,,,,-3.717830972380547,-134.39494693899766,-9.024041788790472,7.981757497547299,30.704143759058997,-11.270665068294887,3.346382874,1.68882874,,,,92.4,2353.0,6.5,823289,663886,701398,695490,553993,680574,668709,694362,682622,54.03,,0.698418,0.7,1.0,0.0,0.0,,6,4,4-Seam Fastball,0,0,0,0,0,0,0,0,Standard,Standard,147.0,0.014,0.175,,,,,-0.175,,0,0,0.569,0.569,27,27,27,27,1,0,6,1,6.0,1,1.11,0.59,-0.59,48.6,,,,,
FF,2026-06-08,91.8,2.55,5.98,"Tatis Jr., Fernando",665487,671096,,ball,,,,,14.0,,R,R,L,SD,CIN,B,,,2,0,2026,0.59,1.39,0.0738125274182703,1.4922460704783065,,,,0,1,Bot,,,,,,,-7.502506604009078,-133.17043234058957,-8.248979858007816,8.736418007259969,30.637163456607485,-13.985495470822258,3.346382874,1.68882874,,,,91.6,2322.0,6.5,823289,663886,701398,695490,553993,680574,668709,694362,682622,54.03,,,,,,,,6,3,4-Seam Fastball,0,0,0,0,0,0,0,0,Standard,Standard,149.0,0.011,0.148,,,,,-0.148,,0,0,0.558,0.558,27,27,27,27,1,0,6,1,6.0,1,1.35,0.59,-0.59,48.5,,,,,
CU,2026-06-08,78.9,2.45,6.11,"Tatis Jr., Fernando",665487,671096,,ball,,,,,14.0,,R,R,L,SD,CIN,B,,,1,0,2026,-0.82,-0.8,0.6398831487390756,0.6140676064050705,,,,0,1,Bot,,,,,,,-2.334527972837559,-114.87214410720844,-3.2756648453229973,-6.689830018917419,24.26485001872439,-38.73876949364864,3.346382874,1.68882874,,,,78.7,2742.0,6.4,823289,663886,701398,695490,553993,680574,668709,694362,682622,54.09,,,,,,,,6,2,Curveball,0,0,0,0,0,0,0,0,Standard,Standard,323.0,0.007,0.082,,,,,-0.082,,0,0,0.551,0.551,27,27,27,27,1,0,6,1,6.0,1,4.5,-0.82,0.82,50.5,,,,,
FF,2026-06-08,92.2,2.61,6.01,"Tatis Jr., Fernando",665487,671096,,ball,,,,,14.0,,R,R,L,SD,CIN,B,,,0,0,2026,0.61,1.7,0.912909827115455,1.7293122601654158,,,,0,1,Bot,,,,,,,-5.613443046130595,-133.87745229454876,-8.496017425215065,8.618945937746439,32.06474679475461,-10.039938911839045,3.346382874,1.68882874,,,,91.7,2320.0,6.4,823289,663886,701398,695490,553993,680574,668709,694362,682622,54.12,,,,,,,,6,1,4-Seam Fastball,0,0,0,0,0,0,0,0,Infield shade,Standard,148.0,0.003,0.042,,,,,-0.042,,0,0,0.548,0.548,27,27,27,27,1,0,6,1,6.0,1,1.02,0.61,-0.61,48.1,,,,,
ST,2026-06-07,72.8,3.41,5.23,"Tatis Jr., Fernando",665487,640455,double,hit_into_play,,,,,5.0,Fernando Tatis Jr. doubles (8) on a line drive to left fielder MJ Melendez.,R,R,L,SD,NYM,X,7.0,line_drive,2,1,2026,-1.62,0.35,-0.2732392920514281,2.53084842323808,,,,1,5,Bot,36.68,106.97,,,,,-4.485037158892458,-105.97981365162698,1.5433797943366383,-11.477296778160182,17.722029471939347,-30.01083495718509,3.346382874,1.68882874,198.0,110.7,12.0,73.1,2313.0,6.4,823291,620443,676724,543760,683146,666182,669004,805999,701807,54.08,0.857,0.879,1.25,1.0,1.0,1.0,5.0,43,4,Sweeper,2,4,2,4,4,2,2,4,Standard,Standard,276.0,0.053,0.605,85.1,7.7,,1.204,-0.605,110.7,-2,-2,0.261,0.261,34,27,34,27,2,2,6,1,6.0,1,3.94,-1.62,1.62,17.2,18.565979689615325,-15.55295285741287,31.498724703997443,37.73382422695393,43.854116387880794
SI,2026-06-07,88.4,3.16,5.14,"Tatis Jr., Fernando",665487,640455,,ball,,,,,7.0,,R,R,L,SD,NYM,B,,,1,1,2026,1.14,0.38,-0.3024672625872822,1.5877718520909103,,,,1,5,Bot,,,,,,,-10.889675195598937,-128.42379514340453,-3.252794261649941,14.648025367451496,23.107869228675597,-27.48204551218646,3.346382874,1.68882874,,,,90.1,2085.0,7.1,823291,620443,676724,543760,683146,666182,669004,805999,701807,53.4,,,,,,,,43,3,Sinker,2,4,2,4,4,2,2,4,Standard,Standard,118.0,0.005,0.056,,,,,-0.056,,-2,-2,0.256,0.256,34,27,34,27,2,2,6,1,6.0,1,2.51,1.14,-1.14,16.8,,,,,
ST,2026-06-07,77.9,3.37,5.14,"Tatis Jr., Fernando",665487,640455,,ball,,,,,13.0,,R,R,L,SD,NYM,B,,,0,1,2026,-1.12,0.56,-1.37990822719919,2.0250328944664284,,,,1,5,Bot,,,,,,,-7.995828927065019,-113.20587350719316,-0.6108987199896365,-8.184041226853992,20.549873890003635,-27.48710864573679,3.346382874,1.68882874,,,,78.2,2342.0,6.6,823291,620443,676724,543760,683146,666182,669004,805999,701807,53.92,,,,,,,,43,2,Sweeper,2,4,2,4,4,2,2,4,Standard,Standard,262.0,0.002,0.032,,,,,-0.032,,-2,-2,0.254,0.254,34,27,34,27,2,2,6,1,6.0,1,3.21,-1.12,1.12,16.8,,,,,
ST,2026-06-07,73.6,3.31,5.27,"Tatis Jr., Fernando",665487,640455,,called_strike,,,,,3.0,,R,R,L,SD,NYM,S,,,0,0,2026,-1.38,0.57,0.6833057910066092,2.8733910567043224,,,,1,5,Bot,,,,,,,-2.827655165702325,-107.2544187432087,1.599843573175322,-10.231295954846017,18.10009885632232,-28.2705281438532,3.346382874,1.68882874,,,,74.2,2405.0,6.6,823291,620443,676724,543760,683146,666182,669004,805999,701807,53.86,,,,,,,,43,1,Sweeper,2,4,2,4,4,2,2,4,Standard,Standard,279.0,-0.003,-0.041,,,,,0.041,,-2,-2,0.257,0.257,34,27,34,27,2,2,6,1,6.0,1,3.62,-1.38,1.38,19.2,,,,,
FF,2026-06-07,90.5,3.05,5.19,"Tatis Jr., Fernando",665487,640455,field_out,hit_into_play,,,,,4.0,Fernando Tatis Jr. lines out to pitcher Sean Manaea.,R,R,L,SD,NYM,X,1.0,line_drive,2,2,2026,1.3,0.86,-0.3151108756694503,2.5526527783869284,,,,0,3,Bot,127.42,179.46,,,,,-11.260289461983366,-131.42741237230376,-2.3355136208245617,17.412447667820597,26.7925500701352,-21.862915042803472,3.346382874,1.68882874,70.0,79.4,5.0,91.9,2034.0,7.1,823291,620443,676724,543760,683146,666182,669004,805999,701807,53.36,0.307,0.293,0.0,1.0,0.0,0.0,2.0,24,5,4-Seam Fastball,0,2,0,2,2,0,0,2,Standard,Standard,125.0,-0.023,-0.232,71.5,6.3,,0.344,0.232,88.0,-2,-2,0.324,0.324,34,27,34,27,1,1,6,1,6.0,1,1.92,1.3,-1.3,17.9,-1.427113806720541,19.79629136979319,35.37632561197358,34.15583834874347,23.270291458816544
FC,2026-06-07,85.1,3.48,5.08,"Tatis Jr., Fernando",665487,640455,,foul,,,,,11.0,,R,R,L,SD,NYM,S,,,2,1,2026,-0.15,0.63,-1.115575537193116,2.736522615987671,,,,0,3,Bot,,,,,,,-10.44008796634999,-123.72698316927998,-0.3417694600135815,0.3022252559641114,21.54444623723543,-25.80877879231925,3.346382874,1.68882874,,,,86.4,2137.0,6.9,823291,620443,676724,543760,683146,666182,669004,805999,701807,53.59,,,,,,,,24,4,Cutter,0,2,0,2,2,0,0,2,Standard,Standard,153.0,-0.008,-0.078,69.3,6.1,,,0.078,,-2,-2,0.332,0.332,34,27,34,27,1,1,6,1,6.0,1,2.49,-0.15,0.15,14.9,4.00358674078652,9.81533299876615,26.48183065751928,26.51382923282583,30.930494161993924
FC,2026-06-07,82.0,3.31,5.26,"Tatis Jr., Fernando",665487,640455,,called_strike,,,,,6.0,,R,R,L,SD,NYM,S,,,2,0,2026,-0.33,0.75,0.7464549628451544,2.669221419821477,,,,0,3,Bot,,,,,,,-5.124206643468138,-119.41709200571444,-0.6564470289982485,-2.279507863101451,20.854415480397957,-25.00621345210272,3.346382874,1.68882874,,,,83.3,2147.0,6.9,823291,620443,676724,543760,683146,666182,669004,805999,701807,53.61,,,,,,,,24,3,Cutter,0,2,0,2,2,0,0,2,Standard,Standard,169.0,-0.009,-0.073,,,,,0.073,,-2,-2,0.341,0.341,34,27,34,27,1,1,6,1,6.0,1,2.61,-0.33,0.33,17.0,,,,,
FF,2026-06-07,88.7,3.09,5.32,"Tatis Jr., Fernando",665487,640455,,ball,,,,,11.0,,R,R,L,SD,NYM,B,,,1,0,2026,0.77,0.92,-0.9081168986157466,3.461828132544251,,,,0,3,Bot,,,,,,,-11.427551333944216,-128.86051360087328,-0.295888944097631,10.789398274805889,24.072910195002915,-22.021492708227857,3.346382874,1.68882874,,,,90.1,2045.0,7.0,823291,620443,676724,543760,683146,666182,669004,805999,701807,53.5,,,,,,,,24,2,4-Seam Fastball,0,2,0,2,2,0,0,2,Standard,Standard,121.0,0.009,0.082,,,,,-0.082,,-2,-2,0.332,0.332,34,27,34,27,1,1,6,1,6.0,1,1.97,0.77,-0.77,19.5,,,,,
CH,2026-06-07,84.9,-2.41,5.0,"Tatis Jr., Fernando",665487,642207,strikeout,swinging_strike,,,,,13.0,Fernando Tatis Jr. strikes out swinging.,R,R,R,SD,NYM,S,2.0,,2,2,2026,-1.83,-0.39,-1.1111480620769003,2.068715311157656,,666023.0,,2,9,Bot,,,,,,,6.830239357243841,-123.44995909296408,0.5520089308968041,-20.11041858052425,26.657999511642117,-36.46055118285795,3.346382874,1.68882874,,,,85.7,2668.0,7.1,823291,620443,676724,543760,683146,666182,669004,805999,701807,53.44,,0.0,0.0,1.0,0.0,0.0,,82,5,Changeup,3,7,3,7,7,3,3,7,Standard,Standard,276.0,-0.005,-0.219,78.8,6.9,0.819002412,,0.219,,-4,-4,0.005,0.005,31,27,32,27,1,4,6,1,4.0,1,3.57,1.83,1.83,14.3,6.251020793878841,-8.5485063114349,30.958238369891415,23.74373843924038,35.509221720712
FF,2026-06-07,89.1,3.15,5.35,"Tatis Jr., Fernando",665487,640455,,ball,,,,,12.0,,R,R,L,SD,NYM,B,,,0,0,2026,0.99,1.15,0.1494253172530733,3.6562286347732207,,,,0,3,Bot,,,,,,,-9.554374518800037,-129.40565364985173,-0.4139744227670703,13.13090064003455,26.35092242902929,-19.40128821037403,3.346382874,1.68882874,,,,90.5,2011.0,7.2,823291,620443,676724,543760,683146,666182,669004,805999,701807,53.3,,,,,,,,24,1,4-Seam Fastball,0,2,0,2,2,0,0,2,Standard,Standard,121.0,0.004,0.042,,,,,-0.042,,-2,-2,0.328,0.328,34,27,34,27,1,1,6,1,6.0,1,1.73,0.99,-0.99,18.3,,,,,
CH,2026-06-07,86.0,-2.42,5.01,"Tatis Jr., Fernando",665487,642207,,called_strike,,,,,9.0,,R,R,R,SD,NYM,S,,,2,1,2026,-1.92,-0.02,0.7209268841299288,1.7556906137781758,,666023.0,,2,9,Bot,,,,,,,11.485584478457104,-124.67868842029904,-1.127868518761714,-22.429621320886294,26.674856550252137,-32.35860259521878,3.346382874,1.68882874,,,,86.8,2688.0,7.2,823291,620443,676724,543760,683146,666182,669004,805999,701807,53.33,,,,,,,,82,4,Changeup,3,7,3,7,7,3,3,7,Standard,Standard,270.0,-0.001,-0.074,,,,,0.074,,-4,-4,0.006,0.006,31,27,32,27,1,4,6,1,4.0,1,3.14,1.92,1.92,14.3,,,,,
CH,2026-06-07,84.6,-2.5,5.07,"Tatis Jr., Fernando",665487,642207,,ball,,,,,14.0,,R,R,R,SD,NYM,B,,,1,1,2026,-1.78,-0.03,1.089584443775315,1.7246868056727358,,666023.0,,2,9,Bot,,,,,,,12.045718909988931,-122.6726569624429,-1.147682622028006,-20.304789882888706,23.32054968260731,-32.46839731381107,3.346382874,1.68882874,,,,85.9,2738.0,7.2,823291,620443,676724,543760,683146,666182,669004,805999,701807,53.28,,,,,,,,82,3,Changeup,3,7,3,7,7,3,3,7,Standard,Standard,277.0,0.001,0.034,,,,,-0.034,,-4,-4,0.005,0.005,31,27,32,27,1,4,6,1,4.0,1,3.23,1.78,1.78,14.6,,,,,
CH,2026-06-07,84.5,-2.47,5.05,"Tatis Jr., Fernando",665487,642207,,called_strike,,,,,7.0,,R,R,R,SD,NYM,S,,,1,0,2026,-1.68,0.11,-0.5299037122778945,1.866826335850006,,666023.0,,2,9,Bot,,,,,,,7.963726062749539,-122.7985885949056,-1.0659080208892997,-18.54444494989979,23.725706596371985,-31.04159332254821,3.346382874,1.68882874,,,,85.7,2587.0,7.1,823291,620443,676724,543760,683146,666182,669004,805999,701807,53.41,,,,,,,,82,2,Changeup,3,7,3,7,7,3,3,7,Standard,Standard,269.0,-0.001,-0.044,,,,,0.044,,-4,-4,0.006,0.006,31,27,32,27,1,4,6,1,4.0,1,3.08,1.68,1.68,13.7,,,,,
FF,2026-06-07,93.4,-2.36,5.13,"Tatis Jr., Fernando",665487,642207,,ball,,,,,14.0,,R,R,R,SD,NYM,B,,,0,0,2026,-1.13,1.18,1.4045612705846295,2.003717070755412,,666023.0,,2,9,Bot,,,,,,,12.358409221255634,-135.4920757917288,-4.830147512371526,-16.49512098777163,27.569678304115016,-16.716632984752316,3.346382874,1.68882874,,,,95.6,2429.0,7.6,823291,620443,676724,543760,683146,666182,669004,805999,701807,52.94,,,,,,,,82,1,4-Seam Fastball,3,7,3,7,7,3,3,7,Standard,Standard,227.0,0.001,0.021,,,,,-0.021,,-4,-4,0.005,0.005,31,27,32,27,1,4,6,1,4.0,1,1.44,1.13,1.13,23.4,,,,,
FC,2026-06-07,92.5,-1.26,5.47,"Tatis Jr., Fernando",665487,596133,field_out,hit_into_play,,,,,8.0,Fernando Tatis Jr. flies out sharply to center fielder A.J. Ewing.,R,R,R,SD,NYM,X,8.0,fly_ball,1,2,2026,0.02,0.95,0.2069854724016855,1.8101672131067,,,,0,8,Bot,146.32,40.01,,,,,3.633459530392118,-134.6434829937328,-5.43089158601789,-0.4960583227040938,27.893051089623373,-19.61385968595799,3.346382874,1.68882874,395.0,103.8,29.0,92.4,2426.0,6.1,823291,620443,676724,543760,683146,666182,669004,805999,701807,54.42,0.783,1.539,0.0,1.0,0.0,0.0,6.0,67,4,Cutter,2,7,2,7,7,2,2,7,Standard,Standard,186.0,-0.006,-0.187,80.9,7.7,,2.99,0.187,103.8,-5,-5,0.019,0.019,32,27,33,27,1,3,2,1,4.0,1,1.7,-0.02,-0.02,50.3,11.203839215752176,-3.962918132530648,36.411922490434414,38.56028717292383,32.717568428551154
SI,2026-06-07,94.7,-1.65,5.96,"Tatis Jr., Fernando",665487,623211,walk,ball,,,,,13.0,Fernando Tatis Jr. walks.,R,R,R,SD,NYM,B,,,3,0,2026,-1.47,0.56,-1.7655233805086217,2.2255104770027248,,,,0,1,Bot,,,,,,,2.968574403315853,-137.90707406624873,-5.085169266258832,-19.4155434039338,29.26812863029167,-24.135885274069036,3.346382874,1.68882874,,,,93.5,2403.0,5.4,823291,620443,676724,543760,683146,666182,669004,805999,701807,55.07,,0.698418,0.7,1.0,0.0,0.0,,6,4,Sinker,0,1,0,1,1,0,0,1,Standard,Standard,228.0,0.015,0.175,,,,,-0.175,,-1,-1,0.471,0.471,36,27,37,27,1,0,2,1,5.0,1,1.97,1.47,1.47,34.9,,,,,
FC,2026-06-07,91.9,-1.23,5.56,"Tatis Jr., Fernando",665487,596133,,swinging_strike,,,,,14.0,,R,R,R,SD,NYM,S,,,1,1,2026,-0.03,0.81,1.203606826212521,1.8870823869101423,,,,0,8,Bot,,,,,,,6.099946899735975,-133.6753622150186,-5.0176550811148894,-1.5751003280174325,27.89509933010874,-21.536456777235596,3.346382874,1.68882874,,,,91.5,2418.0,6.0,823291,620443,676724,543760,683146,666182,669004,805999,701807,54.5,,,,,,,,67,3,Cutter,2,7,2,7,7,2,2,7,Standard,Standard,182.0,-0.003,-0.06,44.1,7.2,2.452710528,,0.06,,-5,-5,0.022,0.022,32,27,33,27,1,3,2,1,4.0,1,1.88,0.03,0.03,48.1,12.75358143531971,21.756637401107568,26.32554248995282,51.99837734985597,21.051925836629003
FC,2026-06-07,91.7,-1.22,5.5,"Tatis Jr., Fernando",665487,596133,,ball,,,,,12.0,,R,R,R,SD,NYM,B,,,0,1,2026,0.36,0.9,1.777330015244354,2.789915681295588,,,,0,8,Bot,,,,,,,6.656372835815519,-133.53336188769933,-2.810738654870383,2.974140100486206,27.665017533791147,-20.979440139525707,3.346382874,1.68882874,,,,91.5,2405.0,6.0,823291,620443,676724,543760,683146,666182,669004,805999,701807,54.47,,,,,,,,67,2,Cutter,2,7,2,7,7,2,2,7,Standard,Standard,178.0,0.001,0.029,,,,,-0.029,,-5,-5,0.021,0.021,32,27,33,27,1,3,2,1,4.0,1,1.8,-0.36,-0.36,47.7,,,,,
SI,2026-06-07,94.8,-1.52,5.89,"Tatis Jr., Fernando",665487,623211,,ball,,,,,14.0,,R,R,R,SD,NYM,B,,,2,0,2026,-1.55,0.61,0.4252518509736813,0.7875407043776401,,,,0,1,Bot,,,,,,,8.403750097230349,-137.62121370471988,-8.649141779732675,-21.59646437494569,29.788172204722457,-22.610190094172776,3.346382874,1.68882874,,,,93.3,2332.0,5.5,823291,620443,676724,543760,683146,666182,669004,805999,701807,55.0,,,,,,,,6,3,Sinker,0,1,0,1,1,0,0,1,Standard,Standard,234.0,0.012,0.148,,,,,-0.148,,-1,-1,0.459,0.459,36,27,37,27,1,0,2,1,5.0,1,1.93,1.55,1.55,33.7,,,,,
SI,2026-06-07,94.4,-1.52,5.92,"Tatis Jr., Fernando",665487,623211,,ball,,,,,11.0,,R,R,R,SD,NYM,B,,,1,0,2026,-1.48,0.56,-1.02230582161159,3.046779599639984,,,,0,1,Bot,,,,,,,4.562148157746064,-137.42666528211484,-2.8215427238562305,-19.81150664444224,29.94525925766131,-24.704089926876716,3.346382874,1.68882874,,,,93.1,2253.0,5.4,823291,620443,676724,543760,683146,666182,669004,805999,701807,55.06,,,,,,,,6,2,Sinker,0,1,0,1,1,0,0,1,Standard,Standard,226.0,0.007,0.082,,,,,-0.082,,-1,-1,0.452,0.452,36,27,37,27,1,0,2,1,5.0,1,2.0,1.48,1.48,34.1,,,,,
FF,2026-06-07,96.9,-1.25,5.52,"Tatis Jr., Fernando",665487,596133,,called_strike,,,,,1.0,,R,R,R,SD,NYM,S,,,0,0,2026,-0.81,1.53,-0.2834553697411582,3.074398922642086,,,,0,8,Bot,,,,,,,4.4198323188273685,-141.08914802869256,-4.364947250431241,-11.868187795949996,31.979782322019148,-10.954844205800248,3.346382874,1.68882874,,,,96.5,2407.0,6.0,823291,620443,676724,543760,683146,666182,669004,805999,701807,54.47,,,,,,,,67,1,4-Seam Fastball,2,7,2,7,7,2,2,7,Standard,Standard,210.0,-0.001,-0.041,,,,,0.041,,-5,-5,0.022,0.022,32,27,33,27,1,3,2,1,4.0,1,0.89,0.81,0.81,45.9,,,,,
,2026-06-07,,,,"Tatis Jr., Fernando",665487,623211,,automatic_ball,,,,,,,R,R,R,SD,NYM,B,,,0,0,2026,,,,,,,,0,1,Bot,,,,,,,,,,,,,,,,,,,,,823291,620443,676724,543760,683146,666182,669004,805999,701807,,,,,,,,,6,1,,0,1,0,1,1,0,0,1,,,,0.004,,,,,,,,-1,-1,0.448,0.448,36,27,37,27,1,0,2,1,5.0,1,,,,,,,,,
CU,2026-06-06,81.6,-4.04,5.19,"Tatis Jr., Fernando",665487,690997,single,hit_into_play,,,,,12.0,Fernando Tatis Jr. singles on a ground ball to shortstop Bo Bichette.,R,R,R,SD,NYM,X,6.0,ground_ball,1,2,2026,1.28,-1.0,0.8392790911316371,2.969211057342674,,823550.0,,1,5,Bot,102.97,147.97,,,,,8.32829931847373,-118.26184236551876,3.991005906729459,9.807728424547232,28.445404137789595,-42.66410270361399,3.346382874,1.68882874,70.0,90.3,3.0,81.0,3328.0,6.7,823292,620443,676724,543760,683146,666182,665742,805999,701807,53.82,0.426,0.397,0.9,1.0,1.0,0.0,2.0,38,4,Curveball,1,1,1,1,1,1,1,1,Standard,Standard,47.0,0.037,0.632,84.3,7.3,,0.488,-0.632,90.3,0,0,0.58,0.58,24,27,25,27,3,2,6,1,6.0,1,4.53,-1.28,-1.28,29.4,-0.894250480247185,-8.747336772149785,26.402364281953272,45.30715252433029,34.35961857215313
SI,2026-06-06,96.7,-3.87,5.18,"Tatis Jr., Fernando",665487,690997,,foul,,,,,8.0,,R,R,R,SD,NYM,S,,,1,1,2026,-1.59,0.41,-0.148406359289958,2.0644482835937237,,823550.0,,1,5,Bot,,,,,,,13.483209335356742,-140.01109345720403,-3.406001884622831,-24.059960032616345,34.659749860951564,-26.131643998937644,3.346382874,1.68882874,229.0,86.0,19.0,96.4,2289.0,6.6,823292,620443,676724,543760,683146,666182,665742,805999,701807,53.89,,,,,,,,38,3,Sinker,1,1,1,1,1,1,1,1,Standard,Standard,237.0,-0.012,-0.071,67.8,5.9,,,0.071,88.0,0,0,0.592,0.592,24,27,25,27,3,2,6,1,6.0,1,2.07,1.59,1.59,26.2,-24.68650028971491,40.42582595556292,34.63326019138115,36.36170684967271,5.461354714577337
CU,2026-06-06,82.6,-3.66,5.18,"Tatis Jr., Fernando",665487,690997,,ball,,,,,14.0,,R,R,R,SD,NYM,B,,,0,1,2026,1.29,-1.01,2.4242987495227606,1.349616564924487,,823550.0,,1,5,Bot,,,,,,,11.085215953632291,-119.61492076099348,0.3186166247885815,9.233654073006749,30.792778449862315,-42.00890710217912,3.346382874,1.68882874,,,,81.4,3225.0,6.5,823292,620443,676724,543760,683146,666182,665742,805999,701807,53.96,,,,,,,,38,2,Curveball,1,1,1,1,1,1,1,1,Standard,Standard,47.0,0.005,0.032,,,,,-0.032,,0,0,0.587,0.587,24,27,25,27,3,2,6,1,6.0,1,4.48,-1.29,-1.29,27.0,,,,,
ST,2026-06-06,84.8,-3.98,5.11,"Tatis Jr., Fernando",665487,690997,,called_strike,,,,,4.0,,R,R,R,SD,NYM,S,,,0,0,2026,1.24,0.04,-0.667347646310551,2.6082049647140937,,823550.0,,1,5,Bot,,,,,,,5.116969977764446,-123.25813077828523,0.7224751126489224,11.282105637743465,28.888222102627847,-32.21074541999336,3.346382874,1.68882874,,,,84.4,3019.0,6.5,823292,620443,676724,543760,683146,666182,665742,805999,701807,53.98,,,,,,,,38,1,Sweeper,1,1,1,1,1,1,1,1,Standard,Standard,65.0,-0.007,-0.045,,,,,0.045,,0,0,0.594,0.594,24,27,25,27,3,2,6,1,6.0,1,3.19,-1.24,-1.24,26.1,,,,,
SI,2026-06-06,95.8,-3.81,5.18,"Tatis Jr., Fernando",665487,690997,single,hit_into_play,,,,,11.0,Fernando Tatis Jr. singles on a ground ball to right fielder Carson Benge. Sung-Mun Song scores.,R,R,R,SD,NYM,X,9.0,ground_ball,3,2,2026,-1.32,0.14,-0.0510391590571837,3.5189322475362443,,823550.0,,1,3,Bot,151.68,125.24,,,,,12.85786944048847,-138.95347798116703,1.0782413665211985,-19.86427890252542,29.733073800887276,-30.77182125872196,3.346382874,1.68882874,76.0,94.5,2.0,96.3,2216.0,6.6,823292,620443,676724,543760,683146,666182,665742,805999,701807,53.86,0.429,0.431,0.9,1.0,1.0,0.0,4.0,22,6,Sinker,0,1,0,1,1,1,1,1,Standard,Standard,235.0,0.094,0.52,74.5,6.7,,0.548,-0.52,94.5,-1,-1,0.464,0.464,24,27,25,27,2,1,6,1,6.0,1,2.35,1.32,1.32,36.8,8.355194082677087,11.092286832251482,20.390590833598814,35.10091997552448,25.435168587343057
FC,2026-06-06,92.6,-3.64,5.19,"Tatis Jr., Fernando",665487,690997,,swinging_strike,,,,,14.0,,R,R,R,SD,NYM,S,,,3,1,2026,0.03,0.54,1.8524061078368343,2.0387474950603113,,823550.0,,1,3,Bot,,,,,,,13.816289024896136,-134.21007446028028,-3.227958608259697,-2.4897884709367855,27.69638480486943,-25.160170212365113,3.346382874,1.68882874,,,,93.0,2564.0,6.7,823292,620443,676724,543760,683146,666182,665742,805999,701807,53.83,,,,,,,,22,5,Cutter,0,1,0,1,1,0,0,1,Standard,Standard,232.0,-0.006,-0.068,47.2,6.9,9.825218472,,0.068,,-1,-1,0.47,0.47,24,27,25,27,2,1,6,1,6.0,1,2.13,-0.03,-0.03,28.3,8.028820097739601,34.14575882434279,23.186639628462288,60.04397022432117,10.178327668501296
ST,2026-06-06,87.6,-3.91,5.08,"Tatis Jr., Fernando",665487,690997,,ball,,,,,14.0,,R,R,R,SD,NYM,B,,,2,1,2026,1.11,-0.52,0.03020720149602,1.550349805560043,,823550.0,,1,3,Bot,,,,,,,7.101613683618096,-127.37745920538276,-1.032589372196809,10.454159364867412,27.533078668798336,-37.82698208393283,3.346382874,1.68882874,,,,87.8,2950.0,6.6,823292,620443,676724,543760,683146,666182,665742,805999,701807,53.91,,,,,,,,22,4,Sweeper,0,1,0,1,1,0,0,1,Standard,Standard,56.0,0.007,0.074,,,,,-0.074,,-1,-1,0.463,0.463,24,27,25,27,2,1,6,1,6.0,1,3.51,-1.11,-1.11,27.1,,,,,
ST,2026-06-06,85.5,-4.05,5.04,"Tatis Jr., Fernando",665487,690997,,called_strike,,,,,7.0,,R,R,R,SD,NYM,S,,,2,0,2026,1.23,-0.44,-0.7921041628771823,1.9383952314927164,,823550.0,,1,3,Bot,,,,,,,5.087926684506327,-124.43757386111947,0.1299658859493084,11.667076703954264,26.085925993081275,-37.0090174145442,3.346382874,1.68882874,,,,85.9,2904.0,6.6,823292,620443,676724,543760,683146,666182,665742,805999,701807,53.89,,,,,,,,22,3,Sweeper,0,1,0,1,1,0,0,1,Standard,Standard,61.0,-0.005,-0.04,,,,,0.04,,-1,-1,0.468,0.468,24,27,25,27,2,1,6,1,6.0,1,3.57,-1.23,-1.23,24.9,,,,,
SI,2026-06-06,93.6,-3.73,5.26,"Tatis Jr., Fernando",665487,690997,,ball,,,,,12.0,,R,R,R,SD,NYM,B,,,1,0,2026,-1.17,0.37,0.221466967358799,3.94582537333674,,823550.0,,1,3,Bot,,,,,,,12.747571825579104,-135.67417559394084,1.7337865347340713,-17.20595076520026,29.32820553139187,-28.25118789658486,3.346382874,1.68882874,,,,94.0,2076.0,6.7,823292,620443,676724,543760,683146,666182,665742,805999,701807,53.78,,,,,,,,22,2,Sinker,0,1,0,1,1,0,0,1,Standard,Standard,233.0,0.005,0.024,,,,,-0.024,,-1,-1,0.463,0.463,24,27,25,27,2,1,6,1,6.0,1,2.25,1.17,1.17,35.6,,,,,
ST,2026-06-06,86.1,-4.02,5.13,"Tatis Jr., Fernando",665487,690997,,ball,,,,,11.0,,R,R,R,SD,NYM,B,,,0,0,2026,1.24,-0.43,-1.629352465084514,2.941351146188092,,823550.0,,1,3,Bot,,,,,,,3.043833964748929,-125.25400062203568,2.168689400900715,12.338216557625325,27.12485061421046,-37.3379445744312,3.346382874,1.68882874,,,,86.1,3024.0,6.5,823292,620443,676724,543760,683146,666182,665742,805999,701807,54.01,,,,,,,,22,1,Sweeper,0,1,0,1,1,0,0,1,Standard,Standard,63.0,0.003,0.04,,,,,-0.04,,-1,-1,0.46,0.46,24,27,25,27,2,1,6,1,6.0,1,3.52,-1.24,-1.24,26.8,,,,,
ST,2026-06-06,86.3,-2.43,4.87,"Tatis Jr., Fernando",665487,681810,field_out,hit_into_play,,,,,5.0,Fernando Tatis Jr. flies out to right fielder Carson Benge.,R,R,R,SD,NYM,X,9.0,fly_ball,1,1,2026,1.33,0.15,0.2423999602561399,2.234107834678316,,,,2,7,Bot,191.45,115.14,,,,,3.5322393980271434,-125.68470791128414,-0.1625520023215075,13.347590635396982,26.08940826775464,-30.81626169516405,3.346382874,1.68882874,264.0,93.0,48.0,86.3,2963.0,6.3,823292,620443,676724,543760,683146,666182,665742,805999,701807,54.19,0.001,0.0,0.0,1.0,0.0,0.0,3.0,55,3,Sweeper,3,2,3,2,2,3,3,2,Standard,Standard,53.0,-0.009,-0.247,77.1,7.1,,0.001,0.247,93.0,1,1,0.754,0.754,30,27,30,27,1,3,5,1,4.0,1,2.92,-1.33,-1.33,25.9,2.325874321649563,4.20612233302414,30.99422573262256,40.05435487333384,28.978720916145207
ST,2026-06-06,86.9,-2.39,4.84,"Tatis Jr., Fernando",665487,681810,,ball,,,,,14.0,,R,R,R,SD,NYM,B,,,0,1,2026,1.19,0.14,1.72680565830282,0.8459768859704608,,,,2,7,Bot,,,,,,,7.2574874152106545,-126.4051569087095,-3.437527158126422,11.233559862656891,26.34687707668467,-30.1308271162451,3.346382874,1.68882874,,,,87.1,2902.0,6.5,823292,620443,676724,543760,683146,666182,665742,805999,701807,54.03,,,,,,,,55,2,Sweeper,3,2,3,2,2,3,3,2,Standard,Standard,49.0,0.001,0.03,,,,,-0.03,,1,1,0.753,0.753,30,27,30,27,1,3,5,1,4.0,1,2.88,-1.19,-1.19,25.8,,,,,
ST,2026-06-06,86.6,-2.34,4.99,"Tatis Jr., Fernando",665487,681810,,foul_tip,,,,,6.0,,R,R,R,SD,NYM,S,,,0,0,2026,1.22,0.09,0.3102773344716967,2.4458940732286942,,,,2,7,Bot,,,,,,,3.7156132084821794,-126.07185249501735,0.1410329119818234,12.23118875156039,25.922595565755504,-31.47204960083584,3.346382874,1.68882874,,,,86.8,2761.0,6.4,823292,620443,676724,543760,683146,666182,665742,805999,701807,54.09,,,,,,,,55,1,Sweeper,3,2,3,2,2,3,3,2,Standard,Standard,53.0,-0.002,-0.045,79.4,6.8,,,0.045,,1,1,0.755,0.755,30,27,30,27,1,3,5,1,4.0,1,2.95,-1.22,-1.22,25.9,-5.254720697252573,16.985423143557814,31.00449998035514,41.64615141448273,20.110690137470236
SI,2026-06-06,97.1,-3.78,5.32,"Tatis Jr., Fernando",665487,690997,strikeout,swinging_strike,,,,,7.0,Fernando Tatis Jr. strikes out swinging.,R,R,R,SD,NYM,S,2.0,,2,2,2026,-1.46,0.24,-0.8170406619464243,2.1337423090629706,,,,0,1,Bot,,,,,,,11.303403995563482,-141.00517249174675,-3.328569990186009,-22.094175174652545,32.749630457982704,-28.426887982217735,3.346382874,1.68882874,,,,97.5,2257.0,6.7,823292,620443,676724,543760,683146,666182,665742,805999,701807,53.81,,0.0,0.0,1.0,0.0,0.0,,4,7,Sinker,0,0,0,0,0,0,0,0,Standard,Standard,231.0,-0.019,-0.232,78.9,7.5,0.523075932,,0.232,,0,0,0.545,0.545,24,27,25,27,1,0,6,1,6.0,1,2.2,1.46,1.46,32.0,11.808565556757213,-12.331013687221052,35.51551709029322,26.138153812581365,33.53669951414737
ST,2026-06-06,86.7,-3.8,5.24,"Tatis Jr., Fernando",665487,690997,,foul,,,,,8.0,,R,R,R,SD,NYM,S,,,2,2,2026,1.65,-0.18,-0.0862078705433264,1.646378512208753,,,,0,1,Bot,,,,,,,5.322245901382551,-126.18784287487657,-1.738135154454306,16.27237648319092,28.793816077388488,-33.907172974844244,3.346382874,1.68882874,1.0,58.1,-58.0,86.5,3115.0,6.4,823292,620443,676724,543760,683146,666182,665742,805999,701807,54.09,,,,,,,,4,6,Sweeper,0,0,0,0,0,0,0,0,Standard,Standard,58.0,0.0,0.0,71.2,6.8,,,0.0,88.0,0,0,0.545,0.545,24,27,25,27,1,0,6,1,6.0,1,3.24,-1.65,-1.65,23.3,-1.840077633690048,14.230784188897266,34.45452753849911,33.831920139652865,25.681327786615565
ST,2026-06-06,87.0,-3.92,5.17,"Tatis Jr., Fernando",665487,690997,,foul,,,,,6.0,,R,R,R,SD,NYM,S,,,2,2,2026,1.45,-0.1,0.3912098139713014,2.26100926244254,,,,0,1,Bot,,,,,,,7.1540575825232295,-126.42020667509188,-0.2678898244775383,13.732422539526748,29.714827066537968,-33.421846829477666,3.346382874,1.68882874,,,,86.3,2941.0,6.3,823292,620443,676724,543760,683146,666182,665742,805999,701807,54.22,,,,,,,,4,5,Sweeper,0,0,0,0,0,0,0,0,Standard,Standard,60.0,0.0,0.0,72.4,7.5,,,0.0,,0,0,0.545,0.545,24,27,25,27,1,0,6,1,6.0,1,3.16,-1.45,-1.45,28.3,15.64560306917053,-6.722342648406748,26.94908172257072,38.6185336005499,35.682383802351715
FF,2026-06-06,97.4,-3.51,5.52,"Tatis Jr., Fernando",665487,690997,,swinging_strike,,,,,12.0,,R,R,R,SD,NYM,S,,,2,1,2026,-1.01,1.51,0.3576434091330225,3.6015318159846723,,,,0,1,Bot,,,,,,,12.595623386623116,-141.1761276138074,-2.874045567143616,-16.63207196078114,36.50974783706979,-11.697060661156424,3.346382874,1.68882874,,,,96.8,2334.0,6.5,823292,620443,676724,543760,683146,666182,665742,805999,701807,54.02,,,,,,,,4,4,4-Seam Fastball,0,0,0,0,0,0,0,0,Standard,Standard,230.0,-0.006,-0.078,79.5,7.1,1.591870656,,0.078,,0,0,0.551,0.551,24,27,25,27,1,0,6,1,6.0,1,0.94,1.01,1.01,36.7,10.692952232816811,8.409221429416291,25.020569854878037,40.33323402457057,22.308528694428052
SI,2026-06-06,96.0,-3.77,5.32,"Tatis Jr., Fernando",665487,690997,,called_strike,,,,,5.0,,R,R,R,SD,NYM,S,,,2,0,2026,-1.55,0.57,-0.1476205745714647,2.229337502787629,,,,0,1,Bot,,,,,,,13.04531465336586,-139.11273755600095,-3.6175824138028423,-23.131459774638223,33.08487278997482,-24.07241684177672,3.346382874,1.68882874,,,,95.9,2122.0,6.6,823292,620443,676724,543760,683146,666182,665742,805999,701807,53.92,,,,,,,,4,3,Sinker,0,0,0,0,0,0,0,0,Standard,Standard,233.0,-0.007,-0.073,,,,,0.073,,0,0,0.558,0.558,24,27,25,27,1,0,6,1,6.0,1,1.93,1.55,1.55,33.6,,,,,
SI,2026-06-06,94.1,-3.72,5.38,"Tatis Jr., Fernando",665487,690997,,ball,,,,,11.0,,R,R,R,SD,NYM,B,,,1,0,2026,-1.38,0.63,-2.376213911922756,2.5641759524769703,,,,0,1,Bot,,,,,,,6.586635332677784,-136.8031952661124,-2.8063131858656254,-18.786688230535084,31.399011705985867,-23.81444979977199,3.346382874,1.68882874,,,,94.3,1969.0,6.5,823292,620443,676724,543760,683146,666182,665742,805999,701807,53.98,,,,,,,,4,2,Sinker,0,0,0,0,0,0,0,0,Standard,Standard,226.0,0.007,0.082,,,,,-0.082,,0,0,0.551,0.551,24,27,25,27,1,0,6,1,6.0,1,1.95,1.38,1.38,34.6,,,,,
SI,2026-06-06,95.9,-3.74,5.38,"Tatis Jr., Fernando",665487,690997,,ball,,,,,13.0,,R,R,R,SD,NYM,B,,,0,0,2026,-1.65,0.4,-1.231950662982321,2.366397346812285,,,,0,1,Bot,,,,,,,10.343248682926784,-139.13247543239797,-3.014566106647289,-23.803260363500065,34.05028758074775,-26.477977509740185,3.346382874,1.68882874,,,,95.6,2094.0,6.5,823292,620443,676724,543760,683146,666182,665742,805999,701807,53.99,,,,,,,,4,1,Sinker,0,0,0,0,0,0,0,0,Standard,Standard,236.0,0.003,0.042,,,,,-0.042,,0,0,0.548,0.548,24,27,25,27,1,0,6,1,6.0,1,2.11,1.65,1.65,33.6,,,,,
ST,2026-06-05,82.3,-3.22,5.04,"Tatis Jr., Fernando",665487,681035,strikeout,swinging_strike,,,,,14.0,Fernando Tatis Jr. strikes out swinging.,R,R,R,SD,NYM,S,2.0,,1,2,2026,1.62,0.67,1.1644685738368536,1.6820961788212978,,,660710.0,0,6,Bot,,,,,,,6.6772541286310085,-119.72597079443236,-2.122432024642938,13.985896656217935,25.60983065989403,-25.599369953586756,3.346382874,1.68882874,,,,82.8,2620.0,6.9,823293,620443,676724,543760,683146,666182,665742,805999,701807,53.62,,0.0,0.0,1.0,0.0,0.0,,42,4,Sweeper,0,4,0,4,4,0,0,4,Standard,Standard,73.0,-0.023,-0.173,66.3,8.6,5.6913087,,0.173,,-4,-4,0.123,0.123,27,27,27,27,3,2,6,1,6.0,1,2.73,-1.62,-1.62,24.3,19.88718196799071,-41.90533319219838,28.1885560742531,46.306710835820645,57.36877984351515
ST,2026-06-05,82.3,-3.28,5.09,"Tatis Jr., Fernando",665487,681035,,called_strike,,,,,1.0,,R,R,R,SD,NYM,S,,,1,1,2026,1.36,0.58,-0.3574737500290033,2.8879502535825856,,,660710.0,0,6,Bot,,,,,,,3.888549064933395,-119.83883391490674,0.5738130286078506,12.326916325114713,23.193697215838014,-26.903787910935655,3.346382874,1.68882874,,,,83.1,2650.0,6.8,823293,620443,676724,543760,683146,666182,665742,805999,701807,53.69,,,,,,,,42,3,Sweeper,0,4,0,4,4,0,0,4,Standard,Standard,79.0,-0.008,-0.054,,,,,0.054,,-4,-4,0.131,0.131,27,27,27,27,3,2,6,1,6.0,1,2.78,-1.36,-1.36,26.7,,,,,
ST,2026-06-05,82.5,-3.23,5.07,"Tatis Jr., Fernando",665487,681035,,ball,,,,,14.0,,R,R,R,SD,NYM,B,,,0,1,2026,1.48,0.5,1.362657399571736,0.8608716685715803,,,660710.0,0,6,Bot,,,,,,,7.4437368968653725,-119.87275235297204,-3.771350446432112,12.609702100398074,24.793377410236115,-26.784736585735153,3.346382874,1.68882874,,,,82.9,2592.0,6.8,823293,620443,676724,543760,683146,666182,665742,805999,701807,53.69,,,,,,,,42,2,Sweeper,0,4,0,4,4,0,0,4,Standard,Standard,73.0,0.003,0.026,,,,,-0.026,,-4,-4,0.128,0.128,27,27,27,27,3,2,6,1,6.0,1,2.88,-1.48,-1.48,28.2,,,,,
ST,2026-06-05,82.8,-3.25,5.09,"Tatis Jr., Fernando",665487,681035,,swinging_strike,,,,,9.0,,R,R,R,SD,NYM,S,,,0,0,2026,1.48,0.54,0.7898154140130567,1.8737448693385668,,,660710.0,0,6,Bot,,,,,,,6.21007457814282,-120.38042869031143,-1.6508151539927316,13.005070274021127,25.03769678473792,-26.87412900100313,3.346382874,1.68882874,,,,83.2,2570.0,6.8,823293,620443,676724,543760,683146,666182,665742,805999,701807,53.75,,,,,,,,42,1,Sweeper,0,4,0,4,4,0,0,4,Standard,Standard,84.0,-0.005,-0.04,74.4,8.6,7.255682316,,0.04,,-4,-4,0.133,0.133,27,27,27,27,3,2,6,1,6.0,1,2.81,-1.48,-1.48,27.5,18.627394850056056,-44.22092277470704,24.79115859304352,42.15828081036245,61.39337944036245
FF,2026-06-05,96.1,-3.1,5.2,"Tatis Jr., Fernando",665487,681035,strikeout,swinging_strike,,,,,3.0,Fernando Tatis Jr. strikes out swinging.,R,R,R,SD,NYM,S,2.0,,1,2,2026,-0.74,1.47,0.755264292753115,3.1050631875977857,,,660710.0,1,3,Bot,,,,,,,11.907861235003653,-139.42510440891496,-3.140063028137244,-12.573507176380732,34.36088020987959,-12.544646659258412,3.346382874,1.68882874,,,,96.6,2207.0,7.0,823293,620443,676724,543760,683146,666182,665742,805999,701807,53.54,,0.0,0.0,1.0,0.0,0.0,,22,4,4-Seam Fastball,0,2,0,2,2,0,0,2,Standard,Standard,219.0,-0.024,-0.179,75.5,6.7,0.692203584,,0.179,,-2,-2,0.321,0.321,27,27,27,27,2,1,6,1,6.0,1,1.03,0.74,0.74,30.1,2.618391138730361,25.55470992385049,24.72896098453856,45.00483841190729,15.626586783952408
FC,2026-06-05,88.1,-3.15,5.18,"Tatis Jr., Fernando",665487,681035,,foul,,,,,3.0,,R,R,R,SD,NYM,S,,,1,1,2026,0.55,0.45,0.5337634236085929,3.000322555240962,,,660710.0,1,3,Bot,,,,,,,7.748390843814318,-128.1886087698051,0.0168113572906545,4.521900818810859,26.103002531822973,-27.39418420368711,3.346382874,1.68882874,142.0,74.4,13.0,89.1,2543.0,6.9,823293,620443,676724,543760,683146,666182,665742,805999,701807,53.63,,,,,,,,22,3,Cutter,0,2,0,2,2,0,0,2,Standard,Standard,140.0,-0.008,-0.067,76.4,6.8,,,0.067,88.0,-2,-2,0.329,0.329,27,27,27,27,2,1,6,1,6.0,1,2.48,-0.55,-0.55,28.4,0.5277897097148966,18.082493236464607,23.289373735252035,42.61286026208342,21.127846827827945
FF,2026-06-05,94.9,-3.14,5.2,"Tatis Jr., Fernando",665487,681035,,ball,,,,,12.0,,R,R,R,SD,NYM,B,,,0,1,2026,-0.83,1.59,0.7051516628534652,3.766447595383754,,,660710.0,1,3,Bot,,,,,,,11.948315259427623,-137.55990159299435,-1.4655966648217469,-13.342734064774891,33.57141446678751,-12.032246708761926,3.346382874,1.68882874,,,,95.5,2392.0,7.1,823293,620443,676724,543760,683146,666182,665742,805999,701807,53.44,,,,,,,,22,2,4-Seam Fastball,0,2,0,2,2,0,0,2,Standard,Standard,224.0,0.003,0.026,,,,,-0.026,,-2,-2,0.326,0.326,27,27,27,27,2,1,6,1,6.0,1,0.98,0.83,0.83,29.2,,,,,
ST,2026-06-05,80.2,-3.34,5.17,"Tatis Jr., Fernando",665487,681035,,called_strike,,,,,7.0,,R,R,R,SD,NYM,S,,,0,0,2026,1.63,-0.06,-0.6637728107234255,1.930862768386408,,,660710.0,1,3,Bot,,,,,,,2.7145482783626576,-116.71681530853654,-0.0708129563763646,14.22001828388908,24.20219456508537,-32.91498597903607,3.346382874,1.68882874,,,,80.6,2549.0,6.8,823293,620443,676724,543760,683146,666182,665742,805999,701807,53.72,,,,,,,,22,1,Sweeper,0,2,0,2,2,0,0,2,Standard,Standard,70.0,-0.005,-0.037,,,,,0.037,,-2,-2,0.331,0.331,27,27,27,27,2,1,6,1,6.0,1,3.63,-1.63,-1.63,30.0,,,,,
FF,2026-06-05,96.3,-1.23,5.55,"Tatis Jr., Fernando",665487,596133,field_out,hit_into_play,,,,,4.0,Fernando Tatis Jr. lines out sharply to left fielder Juan Soto.,R,R,R,SD,NYM,X,7.0,line_drive,1,1,2026,-0.46,1.54,-0.5186006322184518,2.3878762585234172,,,,2,8,Bot,85.66,73.18,,,,,2.9131374332966384,-140.11949037439229,-6.089452102299901,-6.751785847949685,35.21693608187728,-10.768543345668771,3.346382874,1.68882874,327.0,112.0,14.0,95.7,2426.0,6.2,823293,620443,676724,543760,683146,666182,665742,805999,701807,54.32,0.749,0.863,0.0,1.0,0.0,0.0,6.0,58,3,4-Seam Fastball,0,4,0,4,4,0,0,4,Standard,Standard,197.0,-0.004,-0.247,77.9,7.2,,1.274,0.247,112.0,-4,-4,0.019,0.019,32,27,33,27,1,3,2,1,2.0,1,0.94,0.46,0.46,48.2,5.168053253405954,-10.151289351472052,34.19053461270444,30.36876100649554,31.43835039826434
FF,2026-06-05,97.2,-1.34,5.61,"Tatis Jr., Fernando",665487,596133,,ball,,,,,11.0,,R,R,R,SD,NYM,B,,,0,1,2026,-0.47,1.65,-0.9020022838663156,3.944834053567028,,,,2,8,Bot,,,,,,,2.2529749381010555,-141.53946271718428,-2.571806912006421,-6.887245790431929,35.46550393464447,-9.80240897620472,3.346382874,1.68882874,,,,96.2,2401.0,5.9,823293,620443,676724,543760,683146,666182,665742,805999,701807,54.57,,,,,,,,58,2,4-Seam Fastball,0,4,0,4,4,0,0,4,Standard,Standard,206.0,0.001,0.03,,,,,-0.03,,-4,-4,0.018,0.018,32,27,33,27,1,3,2,1,2.0,1,0.78,0.47,0.47,47.5,,,,,
FC,2026-06-05,89.8,-1.31,5.53,"Tatis Jr., Fernando",665487,596133,,called_strike,,,,,9.0,,R,R,R,SD,NYM,S,,,0,0,2026,0.61,0.4,0.7886533032813565,1.94065078533018,,,,2,8,Bot,,,,,,,3.8060876214712223,-130.720845682278,-3.4984393731822885,6.110056392136171,28.936780821070656,-27.0452797999433,3.346382874,1.68882874,,,,89.2,2415.0,6.0,823293,620443,676724,543760,683146,666182,665742,805999,701807,54.51,,,,,,,,58,1,Cutter,0,4,0,4,4,0,0,4,Standard,Standard,163.0,-0.001,-0.045,,,,,0.045,,-4,-4,0.019,0.019,32,27,33,27,1,3,2,1,2.0,1,2.44,-0.61,-0.61,49.3,,,,,
FF,2026-06-05,96.4,-3.08,5.38,"Tatis Jr., Fernando",665487,681035,single,hit_into_play,,,,,1.0,Fernando Tatis Jr. singles on a line drive to center fielder A.J. Ewing.,R,R,R,SD,NYM,X,8.0,line_drive,0,2,2026,-0.94,1.18,-0.7424201880669924,3.16370395666668,,,,0,1,Bot,142.72,97.28,,,,,8.417500136482126,-140.21140554975457,-2.8809615008524796,-14.347990662799637,32.29954569100578,-16.178262100045785,3.346382874,1.68882874,219.0,72.8,23.0,97.4,2210.0,6.9,823293,620443,676724,543760,683146,666182,665742,805999,701807,53.57,0.98,0.89,0.9,1.0,1.0,0.0,4.0,4,3,4-Seam Fastball,0,0,0,0,0,0,0,0,Standard,Standard,224.0,0.044,0.54,71.6,6.3,,1.034,-0.54,88.0,0,0,0.539,0.539,27,27,27,27,1,0,6,1,6.0,1,1.28,0.94,0.94,28.7,8.26889963319459,4.459899801986528,26.464441279851982,27.629530060036057,26.3559388771497
FF,2026-06-05,96.4,-3.24,5.26,"Tatis Jr., Fernando",665487,681035,,called_strike,,,,,6.0,,R,R,R,SD,NYM,S,,,0,1,2026,-0.74,1.38,0.6515690435949061,2.814964432847446,,,,0,1,Bot,,,,,,,12.034071240955583,-139.78571182446203,-3.935794653770031,-12.46018152302528,31.895573496043927,-13.313608901012564,3.346382874,1.68882874,,,,97.2,2146.0,7.0,823293,620443,676724,543760,683146,666182,665742,805999,701807,53.54,,,,,,,,4,2,4-Seam Fastball,0,0,0,0,0,0,0,0,Standard,Standard,226.0,-0.006,-0.054,,,,,0.054,,0,0,0.545,0.545,27,27,27,27,1,0,6,1,6.0,1,1.09,0.74,0.74,29.9,,,,,
FF,2026-06-05,95.6,-3.22,5.35,"Tatis Jr., Fernando",665487,681035,,called_strike,,,,,1.0,,R,R,R,SD,NYM,S,,,0,0,2026,-0.79,1.27,-0.6278780366619797,2.9708193909731593,,,,0,1,Bot,,,,,,,8.63158922874839,-138.95409649232397,-3.399126529275383,-12.124987757162256,31.262756648466308,-15.15173478939128,3.346382874,1.68882874,,,,96.6,2144.0,6.9,823293,620443,676724,543760,683146,666182,665742,805999,701807,53.59,,,,,,,,4,1,4-Seam Fastball,0,0,0,0,0,0,0,0,Standard,Standard,218.0,-0.003,-0.041,,,,,0.041,,0,0,0.548,0.548,27,27,27,27,1,0,6,1,6.0,1,1.23,0.79,0.79,29.6,,,,,
FF,2026-06-04,94.9,-2.15,5.03,"Tatis Jr., Fernando",665487,554430,grounded_into_double_play,hit_into_play,,,,,1.0,"Fernando Tatis Jr. grounds into a double play, third baseman Alec Bohm to second baseman Bryson Stott to first baseman Bryce Harper. Bryce Johnson out at 2nd. Fernando Tatis Jr. out at 1st.",R,R,R,PHI,SD,X,5.0,ground_ball,0,0,2026,-0.97,1.2,-0.4370564031197944,2.8890841758296486,,,669369.0,1,6,Top,101.89,161.15,,,,,6.765481476409444,-138.13890474393548,-2.5808570792132595,-13.880465158292411,28.140706648660935,-16.391000015665647,3.346382874,1.68882874,18.0,100.2,-9.0,97.1,2429.0,7.3,823457,592663,547180,681082,664761,607208,669016,702222,666969,53.19,0.301,0.271,0.0,1.0,0.0,0.0,2.0,41,1,4-Seam Fastball,3,0,0,3,0,3,0,3,Standard,Standard,230.0,0.052,-0.32,79.0,7.5,,0.321,0.32,100.2,3,-3,0.859,0.141,36,27,36,27,3,2,6,1,5.0,1,1.31,0.97,0.97,22.9,14.65728434242446,-5.1187660962953405,26.558620967846636,32.13075142866862,31.679926644761025
FF,2026-06-04,95.9,-1.98,4.96,"Tatis Jr., Fernando",665487,554430,field_out,hit_into_play,,,,,2.0,Fernando Tatis Jr. flies out to right fielder Adolis García.,R,R,R,PHI,SD,X,9.0,fly_ball,2,1,2026,-0.93,1.12,-0.2100168946143175,3.443334810410444,,,,2,3,Top,186.08,104.81,,,,,6.902980948549212,-139.5502757935846,-0.8663811067802858,-13.660821920800382,30.32012134017073,-17.450533956398374,3.346382874,1.68882874,278.0,83.4,41.0,98.1,2400.0,7.5,823457,592663,547180,681082,664761,607208,669016,702222,666969,53.04,0.009,0.008,0.0,1.0,0.0,0.0,3.0,17,4,4-Seam Fastball,0,0,0,0,0,0,0,0,Standard,Standard,231.0,0.013,-0.302,74.5,6.4,,0.01,0.302,88.0,0,0,0.542,0.458,36,27,36,27,2,1,6,1,5.0,1,1.35,0.93,0.93,22.2,6.666806619374433,19.210336737186783,21.911247873775096,33.54623810417509,23.46716978351988
FF,2026-06-04,96.3,-1.91,5.04,"Tatis Jr., Fernando",665487,554430,,foul,,,,,2.0,,R,R,R,PHI,SD,S,,,2,0,2026,-1.16,1.09,-0.2645619618853552,3.1868205745790874,,,,2,3,Top,,,,,,,7.098696787269776,-140.07134295645218,-1.7084256165367893,-16.81991097155398,30.849336614130017,-17.671020659099025,3.346382874,1.68882874,130.0,83.3,8.0,98.0,2538.0,7.2,823457,592663,547180,681082,664761,607208,669016,702222,666969,53.28,,,,,,,,17,3,4-Seam Fastball,0,0,0,0,0,0,0,0,Standard,Standard,230.0,0.003,-0.065,49.6,5.1,,,0.065,88.0,0,0,0.539,0.461,36,27,36,27,2,1,6,1,5.0,1,1.37,1.16,1.16,21.4,-8.776125966725148,54.6519918932022,28.570582694428683,32.53847968785819,2.6908616677771215
SI,2026-06-04,95.4,-1.93,4.97,"Tatis Jr., Fernando",665487,554430,,ball,,,,,11.0,,R,R,R,PHI,SD,B,,,1,0,2026,-1.54,0.58,-0.9663414232616055,3.4505848159281394,,,,2,3,Top,,,,,,,6.123400973143704,-138.912085962019,0.4556128499335807,-21.3089352350537,30.104384692848647,-24.94571132449581,3.346382874,1.68882874,,,,97.0,2291.0,7.1,823457,592663,547180,681082,664761,607208,669016,702222,666969,53.39,,,,,,,,17,2,Sinker,0,0,0,0,0,0,0,0,Standard,Standard,229.0,-0.003,0.064,,,,,-0.064,,0,0,0.542,0.458,36,27,36,27,2,1,6,1,5.0,1,1.91,1.54,1.54,18.2,,,,,
FF,2026-06-04,95.8,-1.83,5.06,"Tatis Jr., Fernando",665487,554430,,ball,,,,,14.0,,R,R,R,PHI,SD,B,,,0,0,2026,-1.39,1.07,0.224138874035698,1.0860169070581558,,,,2,3,Top,,,,,,,8.67127784390201,-139.22524618431174,-7.207167399488611,-20.051814114388193,29.16055971112394,-16.86895094883055,3.346382874,1.68882874,,,,97.3,2535.0,7.1,823457,592663,547180,681082,664761,607208,669016,702222,666969,53.43,,,,,,,,17,1,4-Seam Fastball,0,0,0,0,0,0,0,0,Standard,Standard,231.0,-0.001,0.041,,,,,-0.041,,0,0,0.543,0.457,36,27,36,27,2,1,6,1,5.0,1,1.41,1.39,1.39,24.4,,,,,
ST,2026-06-04,85.9,-1.79,5.79,"Tatis Jr., Fernando",665487,689147,field_out,hit_into_play,,,,,2.0,Fernando Tatis Jr. flies out sharply to right fielder Adolis García.,R,R,R,PHI,SD,X,9.0,fly_ball,0,0,2026,1.18,0.0,0.0146012761445271,3.3683619673102383,,,669369.0,1,8,Top,175.17,81.14,,,,,1.7686647207490611,-125.1508946212112,0.7167463300773589,11.965363029680256,26.92842728386134,-32.59315297195677,3.346382874,1.68882874,317.0,100.8,44.0,85.1,2719.0,5.8,823457,592663,547180,681082,664761,607208,669016,702222,666969,54.66,0.054,0.099,0.0,1.0,0.0,0.0,3.0,62,1,Sweeper,6,2,2,6,2,6,2,6,Standard,Standard,58.0,0.016,-0.261,73.6,6.9,,0.187,0.261,100.8,4,-4,0.963,0.037,25,27,25,27,1,3,2,1,3.0,1,3.1,-1.18,-1.18,28.8,14.85407445302244,6.375085069704192,24.37967945181805,36.77444125226379,23.90081627672706
FF,2026-06-04,97.1,-2.01,5.24,"Tatis Jr., Fernando",665487,554430,field_out,hit_into_play,,,,,11.0,Fernando Tatis Jr. lines out to right fielder Adolis García.,R,R,R,PHI,SD,X,9.0,line_drive,0,0,2026,-1.27,1.16,-0.6397518632273345,3.736220970185987,,,,0,1,Top,183.28,117.25,,,,,6.65278703118224,-141.2622685716601,-1.061732413503497,-18.511067421673,32.08806129988187,-16.607782908442488,3.346382874,1.68882874,249.0,81.9,25.0,98.2,2476.0,6.9,823457,592663,547180,681082,664761,607208,669016,702222,666969,53.57,0.249,0.239,0.0,1.0,0.0,0.0,3.0,1,1,4-Seam Fastball,0,0,0,0,0,0,0,0,Standard,Standard,233.0,0.022,-0.259,65.2,5.7,,0.334,0.259,88.0,0,0,0.5,0.5,36,27,36,27,1,0,6,1,5.0,1,1.26,1.27,1.27,25.4,9.075724628234587,25.076438095674188,20.34368496847458,29.407296658015273,23.20678699369644
CH,2026-06-03,88.3,2.09,6.12,"Tatis Jr., Fernando",665487,650911,strikeout,swinging_strike,,,,,14.0,Fernando Tatis Jr. strikes out swinging.,R,R,L,PHI,SD,S,2.0,,0,2,2026,1.48,-0.12,1.3287873043396532,2.440756593874162,,,,0,6,Top,,,,,,,-5.0477605764216635,-128.39886111243754,-2.3318091072524716,17.45446644075597,29.310653115067023,-33.21085581134188,3.346382874,1.68882874,,,,89.0,2133.0,7.0,823456,592663,547180,681082,664761,607208,669016,702222,666969,53.51,,0.0,0.0,1.0,0.0,0.0,,39,3,Changeup,1,0,0,1,0,1,0,1,Standard,Standard,108.0,0.022,-0.164,78.4,8.1,1.116312804,,0.164,,1,-1,0.674,0.326,29,27,30,27,3,2,7,1,5.0,1,3.07,1.48,-1.48,28.7,15.77988342497542,-6.856192854657168,22.916554307819215,53.153634703544206,32.44720770396728
CH,2026-06-03,87.4,2.02,6.08,"Tatis Jr., Fernando",665487,650911,,swinging_strike,,,,,14.0,,R,R,L,PHI,SD,S,,,0,1,2026,1.49,0.0,1.4705737316837395,1.8715461065058925,,,,0,6,Top,,,,,,,-4.498345169654608,-127.15696686258948,-3.728473551909605,17.02641890496297,28.70440935508475,-31.54662999638346,3.346382874,1.68882874,,,,88.1,2110.0,7.0,823456,592663,547180,681082,664761,607208,669016,702222,666969,53.53,,,,,,,,39,2,Changeup,1,0,0,1,0,1,0,1,Standard,Standard,108.0,0.009,-0.054,76.6,8.4,4.659315216,,0.054,,1,-1,0.665,0.335,29,27,30,27,3,2,7,1,5.0,1,3.01,1.49,-1.49,29.4,17.25472166387357,-10.117388596012631,26.975480462806885,53.89448800118399,38.861580639041975
CH,2026-06-03,86.9,1.97,6.14,"Tatis Jr., Fernando",665487,650911,,called_strike,,,,,5.0,,R,R,L,PHI,SD,S,,,0,0,2026,1.39,-0.23,0.127795787178949,2.587651727365264,,,,0,6,Top,,,,,,,-7.373229007504265,-126.31939694102137,-1.5511357562723094,16.46836256476789,28.710355353892176,-34.48984862479733,3.346382874,1.68882874,,,,87.7,2059.0,7.1,823456,592663,547180,681082,664761,607208,669016,702222,666969,53.41,,,,,,,,39,1,Changeup,1,0,0,1,0,1,0,1,Standard,Standard,108.0,0.005,-0.041,,,,,0.041,,1,-1,0.66,0.34,29,27,30,27,3,2,7,1,5.0,1,3.28,1.39,-1.39,29.1,,,,,
SI,2026-06-03,96.2,1.86,6.14,"Tatis Jr., Fernando",665487,650911,force_out,hit_into_play,,,,,5.0,"Fernando Tatis Jr. grounds into a force out, shortstop Trea Turner to second baseman Bryson Stott. Rodolfo Durán out at 2nd.",R,R,L,PHI,SD,X,6.0,ground_ball,1,2,2026,1.31,0.27,-0.0790071830990633,2.588070134848212,,,660710.0,2,3,Top,110.44,155.07,,,,,-8.188380183929848,-139.81677629687397,-4.270694288438889,19.00171425553003,32.10135398610738,-27.811345172494764,3.346382874,1.68882874,8.0,97.8,-18.0,97.3,2059.0,7.0,823456,592663,547180,681082,664761,607208,669016,702222,666969,53.48,0.163,0.149,0.0,1.0,0.0,0.0,2.0,18,4,Sinker,0,0,0,0,0,0,0,0,Standard,Standard,120.0,0.018,-0.194,78.0,6.9,,0.172,0.194,97.8,0,0,0.537,0.463,29,27,30,27,2,1,7,1,5.0,1,2.2,1.31,-1.31,31.9,8.348794248810808,13.24333560302348,32.8747807458905,35.54861974497505,20.97642067995115
SL,2026-06-03,86.6,1.9,6.11,"Tatis Jr., Fernando",665487,650911,,swinging_strike,,,,,7.0,,R,R,L,PHI,SD,S,,,1,1,2026,-0.2,-0.59,-0.2786349270532564,1.9022571273730713,,,660710.0,2,3,Top,,,,,,,-4.778996215714779,-126.02435705141764,-2.343972775273551,-1.0436470906532929,27.753823112729652,-38.104631516376834,3.346382874,1.68882874,,,,87.3,2108.0,6.9,823456,592663,547180,681082,664761,607208,669016,702222,666969,53.61,,,,,,,,18,3,Slider,0,0,0,0,0,0,0,0,Standard,Standard,291.0,0.006,-0.069,80.9,7.7,0.807985524,,0.069,,0,0,0.531,0.469,29,27,30,27,2,1,7,1,5.0,1,3.65,-0.2,0.2,32.9,10.287353185464491,0.3769904154252298,31.536156952535514,34.32853827299296,29.16699772252432
SI,2026-06-03,96.4,1.95,6.11,"Tatis Jr., Fernando",665487,650911,,ball,,,,,11.0,,R,R,L,PHI,SD,B,,,0,1,2026,1.35,0.5,-1.264673122860098,3.7518955159244434,,,660710.0,2,3,Top,,,,,,,-11.687692461403502,-139.87321210264756,-1.6590884117331055,20.391461169737628,31.081187417717853,-25.473418996810526,3.346382874,1.68882874,,,,97.5,2122.0,7.0,823456,592663,547180,681082,664761,607208,669016,702222,666969,53.49,,,,,,,,18,2,Sinker,0,0,0,0,0,0,0,0,Standard,Standard,125.0,-0.003,0.028,,,,,-0.028,,0,0,0.534,0.466,29,27,30,27,2,1,7,1,5.0,1,1.97,1.35,-1.35,29.7,,,,,
SI,2026-06-03,95.0,2.02,6.1,"Tatis Jr., Fernando",665487,650911,,called_strike,,,,,5.0,,R,R,L,PHI,SD,S,,,0,0,2026,1.22,0.33,0.0040110790388783,2.6114654200403544,,,660710.0,2,3,Top,,,,,,,-8.082408389604941,-138.1100647088938,-4.079905675213388,17.433258318286942,29.71635502613173,-27.212190061770663,3.346382874,1.68882874,,,,96.2,2064.0,7.0,823456,592663,547180,681082,664761,607208,669016,702222,666969,53.53,,,,,,,,18,1,Sinker,0,0,0,0,0,0,0,0,Standard,Standard,118.0,0.004,-0.041,,,,,0.041,,0,0,0.53,0.47,29,27,30,27,2,1,7,1,5.0,1,2.19,1.22,-1.22,29.8,,,,,
CH,2026-06-03,87.4,2.0,6.07,"Tatis Jr., Fernando",665487,650911,strikeout,swinging_strike,,,,,14.0,Fernando Tatis Jr. strikes out swinging.,R,R,L,PHI,SD,S,2.0,,1,2,2026,1.39,-0.02,1.6563359796706891,2.1617783164087694,,,,0,1,Top,,,,,,,-3.8048846906127367,-127.1840122348254,-2.960516035572756,15.839363033781677,28.98748031281067,-31.898776618272713,3.346382874,1.68882874,,,,88.2,2125.0,7.0,823456,592663,547180,681082,664761,607208,669016,702222,666969,53.47,,0.0,0.0,1.0,0.0,0.0,,1,4,Changeup,0,0,0,0,0,0,0,0,Standard,Standard,107.0,0.015,-0.187,76.3,7.5,2.22905568,,0.187,,0,0,0.507,0.493,29,27,30,27,1,0,7,1,5.0,1,3.03,1.39,-1.39,29.9,11.888363415687287,8.430542555828813,23.58813980228483,56.27170862981686,24.264077411854583
SI,2026-06-03,95.7,1.83,6.17,"Tatis Jr., Fernando",665487,650911,,foul,,,,,8.0,,R,R,L,PHI,SD,S,,,1,1,2026,1.59,0.28,0.2013095713948349,1.9635525176054416,,,,0,1,Top,,,,,,,-7.977922670669692,-139.04180525182792,-5.908339054267577,22.426506416604205,30.826564595614375,-27.432554094828284,3.346382874,1.68882874,,,,96.6,2175.0,6.9,823456,592663,547180,681082,664761,607208,669016,702222,666969,53.61,,,,,,,,1,3,Sinker,0,0,0,0,0,0,0,0,Standard,Standard,123.0,0.006,-0.06,76.3,7.6,,,0.06,,0,0,0.501,0.499,29,27,30,27,1,0,7,1,5.0,1,2.22,1.59,-1.59,31.9,13.086882448815205,2.905009812666912,31.180300986383017,39.55999485983625,26.302432975645853
SI,2026-06-03,95.2,1.76,6.18,"Tatis Jr., Fernando",665487,650911,,called_strike,,,,,4.0,,R,R,L,PHI,SD,S,,,1,0,2026,1.65,0.39,-0.4661595896333732,2.3728827136325568,,,,0,1,Top,,,,,,,-9.644959416289232,-138.1980383585867,-4.982475607216708,23.359941981205974,32.2972401323756,-26.254262389966396,3.346382874,1.68882874,,,,95.9,2171.0,6.9,823456,592663,547180,681082,664761,607208,669016,702222,666969,53.57,,,,,,,,1,2,Sinker,0,0,0,0,0,0,0,0,Standard,Standard,120.0,0.005,-0.055,,,,,0.055,,0,0,0.496,0.504,29,27,30,27,1,0,7,1,5.0,1,2.15,1.65,-1.65,31.9,,,,,
SI,2026-06-03,96.0,-1.22,6.47,"Tatis Jr., Fernando",665487,641745,single,hit_into_play,,,,,5.0,Fernando Tatis Jr. singles on a line drive to center fielder Justin Crawford.,R,R,R,PHI,SD,X,8.0,line_drive,0,0,2026,-1.24,1.01,-0.0758223823965964,2.8255162471311044,,,,1,8,Top,157.46,85.83,,,,,5.8025902421107345,-139.66862277747583,-6.1281025839546235,-17.527530269919776,31.208151271427592,-17.78867906492606,3.346382874,1.68882874,259.0,87.3,18.0,95.6,2242.0,6.0,823456,592663,547180,681082,664761,607208,669016,702222,666969,54.45,0.866,0.779,0.9,1.0,1.0,0.0,4.0,58,1,Sinker,3,1,1,3,1,3,1,3,Standard,Standard,205.0,-0.047,0.419,76.2,7.1,,0.944,-0.419,88.0,2,-2,0.9,0.1,30,27,31,27,1,3,1,1,2.0,1,1.46,1.24,1.24,48.3,5.8882354284605825,20.125595423079652,28.16504784858043,36.25678668836352,19.903090715547812
SI,2026-06-03,95.0,1.91,6.09,"Tatis Jr., Fernando",665487,650911,,ball,,,,,12.0,,R,R,L,PHI,SD,B,,,0,0,2026,1.63,0.27,1.258740075959477,2.9122522036351466,,,,0,1,Top,,,,,,,-5.475224727487554,-138.27476981696546,-3.0598660027531706,22.122764372448113,32.69707184242904,-28.26769143531551,3.346382874,1.68882874,,,,96.0,2160.0,7.0,823456,592663,547180,681082,664761,607208,669016,702222,666969,53.54,,,,,,,,1,1,Sinker,0,0,0,0,0,0,0,0,Standard,Standard,124.0,-0.004,0.042,,,,,-0.042,,0,0,0.5,0.5,29,27,30,27,1,0,7,1,5.0,1,2.27,1.63,-1.63,30.7,,,,,
FF,2026-06-02,93.6,-1.96,5.06,"Tatis Jr., Fernando",665487,605400,field_out,hit_into_play,,,,,11.0,Fernando Tatis Jr. flies out to shortstop Trea Turner.,R,R,R,PHI,SD,X,6.0,fly_ball,3,2,2026,-1.26,1.15,-0.8333193180333742,3.036099773371869,,,,2,5,Top,97.29,122.25,,,,,5.810851110118632,-136.2940147615086,-1.970234740147737,-17.027868753111058,28.011483977292716,-17.55910342492687,3.346382874,1.68882874,207.0,70.5,46.0,95.4,2362.0,7.2,823460,596117,547180,681082,664761,607208,669016,702222,666969,53.34,0.249,0.245,0.0,1.0,0.0,0.0,3.0,34,8,4-Seam Fastball,2,2,2,2,2,2,2,2,Standard,Standard,227.0,0.017,-0.306,76.8,6.7,,0.324,0.306,88.0,0,0,0.55,0.45,33,27,33,27,3,2,7,2,5.0,1,1.43,1.26,1.26,19.0,3.925566437626907,-1.138880753155165,27.47367052192252,26.13427211876074,27.513902523230485
SI,2026-06-02,93.6,-1.87,5.03,"Tatis Jr., Fernando",665487,605400,,foul,,,,,9.0,,R,R,R,PHI,SD,S,,,3,2,2026,-1.52,0.8,0.5192680827220708,1.8276787897757816,,,,2,5,Top,,,,,,,9.620494597690207,-136.14015260492698,-4.24608358765601,-20.940504484475305,25.804007336690507,-21.421214628790388,3.346382874,1.68882874,1.0,64.1,-60.0,95.4,2418.0,7.1,823460,596117,547180,681082,664761,607208,669016,702222,666969,53.45,,,,,,,,34,7,Sinker,2,2,2,2,2,2,2,2,Standard,Standard,233.0,0.0,0.0,74.5,7.8,,,0.0,88.0,0,0,0.55,0.45,33,27,33,27,3,2,7,2,5.0,1,1.77,1.52,1.52,19.1,7.32850710786141,11.948106544620924,26.431782780473352,42.37528812303696,22.11230892483625
KC,2026-06-02,79.9,-1.83,5.23,"Tatis Jr., Fernando",665487,605400,,ball,,,,,13.0,,R,R,R,PHI,SD,B,,,2,2,2026,1.14,-0.88,-0.9041632492645972,2.350310939770143,,,,2,5,Top,,,,,,,-0.1684459003862297,-116.28510544480488,2.3297440791575275,10.336678964550895,22.699218862688888,-40.81654295968579,3.346382874,1.68882874,,,,80.4,2507.0,6.7,823460,596117,547180,681082,664761,607208,669016,702222,666969,53.81,,,,,,,,34,6,Knuckle Curve,2,2,2,2,2,2,2,2,Standard,Standard,59.0,-0.004,0.082,,,,,-0.082,,0,0,0.554,0.446,33,27,33,27,3,2,7,2,5.0,1,4.46,-1.14,-1.14,22.6,,,,,
FF,2026-06-02,95.0,-1.73,5.16,"Tatis Jr., Fernando",665487,605400,,foul,,,,,3.0,,R,R,R,PHI,SD,S,,,2,2,2026,-1.11,1.13,0.539650698786162,3.3141590675894776,,,,2,5,Top,,,,,,,8.52092673657445,-138.0599714871949,-1.560218581212942,-16.18100786005193,31.920122682145617,-17.664985177044915,3.346382874,1.68882874,220.0,77.5,23.0,95.9,2355.0,7.0,823460,596117,547180,681082,664761,607208,669016,702222,666969,53.52,,,,,,,,34,5,4-Seam Fastball,2,2,2,2,2,2,2,2,Standard,Standard,228.0,0.0,0.0,74.2,6.6,,,0.0,88.0,0,0,0.554,0.446,33,27,33,27,3,2,7,2,5.0,1,1.41,1.11,1.11,20.0,0.7904004494497773,28.62807912146577,22.830172718730548,42.730614322153926,12.711718595267644
SI,2026-06-02,93.0,-1.72,5.11,"Tatis Jr., Fernando",665487,605400,,called_strike,,,,,6.0,,R,R,R,PHI,SD,S,,,2,1,2026,-1.67,0.71,0.4699945603712123,2.3224954459730274,,,,2,5,Top,,,,,,,9.36376302184406,-135.11073829929543,-2.74622876749817,-22.453575217149265,29.732368005830455,-23.11027033342323,3.346382874,1.68882874,,,,94.1,2365.0,7.0,823460,596117,547180,681082,664761,607208,669016,702222,666969,53.48,,,,,,,,34,4,Sinker,2,2,2,2,2,2,2,2,Standard,Standard,230.0,0.004,-0.079,,,,,0.079,,0,0,0.55,0.45,33,27,33,27,3,2,7,2,5.0,1,1.94,1.67,1.67,21.2,,,,,
SI,2026-06-02,92.1,-2.04,4.96,"Tatis Jr., Fernando",665487,605400,,ball,,,,,13.0,,R,R,R,PHI,SD,B,,,1,1,2026,-1.57,0.53,-1.3025143063271696,2.058781976720935,,,,2,5,Top,,,,,,,5.414735621995297,-134.08879570931637,-2.528327295585748,-20.13079799141759,28.635275225226607,-25.48685084079291,3.346382874,1.68882874,,,,93.5,2326.0,7.1,823460,596117,547180,681082,664761,607208,669016,702222,666969,53.44,,,,,,,,34,3,Sinker,2,2,2,2,2,2,2,2,Standard,Standard,232.0,-0.003,0.055,,,,,-0.055,,0,0,0.553,0.447,33,27,33,27,3,2,7,2,5.0,1,2.16,1.57,1.57,18.4,,,,,
SI,2026-06-02,92.8,-1.85,5.04,"Tatis Jr., Fernando",665487,605400,,ball,,,,,11.0,,R,R,R,PHI,SD,B,,,0,1,2026,-1.52,0.57,-1.6095808454146636,2.6878592424938716,,,,2,5,Top,,,,,,,4.037458502686594,-135.1636525320955,-1.3823644539899362,-19.51446160734617,27.036230706848546,-25.08690887509654,3.346382874,1.68882874,,,,94.5,2219.0,7.1,823460,596117,547180,681082,664761,607208,669016,702222,666969,53.44,,,,,,,,34,2,Sinker,2,2,2,2,2,2,2,2,Standard,Standard,229.0,-0.001,0.03,,,,,-0.03,,0,0,0.554,0.446,33,27,33,27,3,2,7,2,5.0,1,2.06,1.52,1.52,18.6,,,,,
KC,2026-06-02,79.9,-1.83,5.23,"Tatis Jr., Fernando",665487,605400,,called_strike,,,,,5.0,,R,R,R,PHI,SD,S,,,0,0,2026,1.22,-0.93,0.2439015785671544,2.2038029124221907,,,,2,5,Top,,,,,,,2.1836187200412445,-116.28898749184492,2.1163793235918753,10.599508953257011,22.889198056169977,-41.184773104798914,3.346382874,1.68882874,,,,80.6,2581.0,6.9,823460,596117,547180,681082,664761,607208,669016,702222,666969,53.6,,,,,,,,34,1,Knuckle Curve,2,2,2,2,2,2,2,2,Standard,Standard,55.0,0.002,-0.045,,,,,0.045,,0,0,0.552,0.448,33,27,33,27,3,2,7,2,5.0,1,4.51,-1.22,-1.22,22.1,,,,,
FC,2026-06-02,87.4,-1.95,5.1,"Tatis Jr., Fernando",665487,605400,single,hit_into_play,,,,,6.0,Fernando Tatis Jr. singles on a ground ball to center fielder Justin Crawford.,R,R,R,PHI,SD,X,8.0,ground_ball,1,1,2026,0.13,0.57,0.6376734254756615,2.616803128521099,,,,2,3,Top,120.79,118.73,,,,,5.946160756522109,-127.2934019821751,-0.9481446189710202,0.44958114121694,21.448833480489697,-25.937977173873268,3.346382874,1.68882874,17.0,110.5,-9.0,89.2,2335.0,6.9,823460,596117,547180,681082,664761,607208,669016,702222,666969,53.56,0.407,0.37,0.9,1.0,1.0,0.0,2.0,17,3,Cutter,0,0,0,0,0,0,0,0,Standard,Standard,204.0,-0.014,0.343,80.5,7.1,,0.441,-0.343,110.5,0,0,0.544,0.456,33,27,33,27,2,1,7,2,5.0,1,2.37,-0.13,-0.13,21.5,4.210264165014644,11.219163714145331,23.903573257717827,43.689742119521846,27.12292745770737
SI,2026-06-02,91.9,-1.92,5.02,"Tatis Jr., Fernando",665487,605400,,called_strike,,,,,7.0,,R,R,R,PHI,SD,S,,,1,0,2026,-1.66,0.65,-0.6596305681444627,2.1942149124932415,,,,2,3,Top,,,,,,,6.905594861597014,-133.6988283191935,-2.5718723034420736,-21.355207300754813,28.62774622450073,-24.024634075712328,3.346382874,1.68882874,,,,93.1,2300.0,7.0,823460,596117,547180,681082,664761,607208,669016,702222,666969,53.51,,,,,,,,17,2,Sinker,0,0,0,0,0,0,0,0,Standard,Standard,229.0,0.002,-0.056,,,,,0.056,,0,0,0.542,0.458,33,27,33,27,2,1,7,2,5.0,1,2.05,1.66,1.66,17.4,,,,,
CH,2026-06-02,85.8,-2.06,4.99,"Tatis Jr., Fernando",665487,605400,,ball,,,,,14.0,,R,R,R,PHI,SD,B,,,0,0,2026,-1.32,0.05,0.3002415917432619,0.2797083939062688,,,,2,3,Top,,,,,,,8.298012013129235,-124.65659684446402,-4.747930099604344,-15.390960499618572,24.733274837266137,-30.87501274239145,3.346382874,1.68882874,,,,86.6,1666.0,6.9,823460,596117,547180,681082,664761,607208,669016,702222,666969,53.63,,,,,,,,17,1,Changeup,0,0,0,0,0,0,0,0,Standard,Standard,249.0,-0.001,0.041,,,,,-0.041,,0,0,0.543,0.457,33,27,33,27,2,1,7,2,5.0,1,3.05,1.32,1.32,17.5,,,,,
KC,2026-06-02,78.1,-1.84,5.29,"Tatis Jr., Fernando",665487,605400,double,hit_into_play,,,,,6.0,Fernando Tatis Jr. doubles (7) on a sharp line drive to left fielder Brandon Marsh.,R,R,R,PHI,SD,X,7.0,line_drive,2,2,2026,1.38,-0.81,0.6466024484884749,2.6506940097864584,,,,0,1,Top,82.46,62.28,,,,,2.7078310174058067,-113.64892524420756,2.9853747735060425,11.366029922516272,22.0560242709053,-39.99830743365992,3.346382874,1.68882874,379.0,113.5,16.0,78.4,2707.0,6.6,823460,596117,547180,681082,664761,607208,669016,702222,666969,53.85,0.76,0.968,1.25,1.0,1.0,1.0,6.0,1,5,Knuckle Curve,0,0,0,0,0,0,0,0,Standard,Standard,54.0,-0.062,0.74,78.0,7.5,,1.542,-0.74,113.5,0,0,0.503,0.497,33,27,33,27,1,0,7,2,5.0,1,4.57,-1.38,-1.38,23.0,11.41928683467229,-7.395799507886549,24.37179737231096,42.07144816072487,38.70596394706453
SI,2026-06-02,93.2,-1.8,5.05,"Tatis Jr., Fernando",665487,605400,,ball,,,,,14.0,,R,R,R,PHI,SD,B,,,1,2,2026,-1.54,0.64,0.9495773170707568,1.9402151385895332,,,,0,1,Top,,,,,,,10.53559227959466,-135.2807869934656,-3.449784100084379,-21.208235085459847,29.383010029750245,-23.724083801429476,3.346382874,1.68882874,,,,94.1,2399.0,7.0,823460,596117,547180,681082,664761,607208,669016,702222,666969,53.54,,,,,,,,1,4,Sinker,0,0,0,0,0,0,0,0,Standard,Standard,225.0,-0.004,0.046,,,,,-0.046,,0,0,0.507,0.493,33,27,33,27,1,0,7,2,5.0,1,2.0,1.54,1.54,18.9,,,,,
KC,2026-06-02,78.4,-1.9,5.29,"Tatis Jr., Fernando",665487,605400,,called_strike,,,,,9.0,,R,R,R,PHI,SD,S,,,1,1,2026,1.46,-0.93,0.6602150923245809,1.6122275120747984,,,,0,1,Top,,,,,,,2.7107357593337285,-114.04905792702206,1.0041243151446022,12.027090913134092,24.327103708802863,-40.61625940569993,3.346382874,1.68882874,,,,78.1,2723.0,6.4,823460,596117,547180,681082,664761,607208,669016,702222,666969,54.05,,,,,,,,1,3,Knuckle Curve,0,0,0,0,0,0,0,0,Standard,Standard,54.0,0.006,-0.06,,,,,0.06,,0,0,0.501,0.499,33,27,33,27,1,0,7,2,5.0,1,4.68,-1.46,-1.46,24.0,,,,,
FC,2026-06-02,87.8,-1.92,5.07,"Tatis Jr., Fernando",665487,605400,,ball,,,,,14.0,,R,R,R,PHI,SD,B,,,0,1,2026,-0.14,0.69,0.902465917021866,1.6947511055133264,,,,0,1,Top,,,,,,,7.101958303798572,-127.64335421539892,-3.303779015171403,-3.0568992654783367,27.07898736864076,-24.0984886465477,3.346382874,1.68882874,,,,88.5,2283.0,6.8,823460,596117,547180,681082,664761,607208,669016,702222,666969,53.66,,,,,,,,1,2,Cutter,0,0,0,0,0,0,0,0,Standard,Standard,220.0,-0.002,0.029,,,,,-0.029,,0,0,0.503,0.497,33,27,33,27,1,0,7,2,5.0,1,2.27,0.14,0.14,18.9,,,,,
FF,2026-06-02,96.9,-1.24,6.53,"Tatis Jr., Fernando",665487,641745,single,hit_into_play,,,,,6.0,Fernando Tatis Jr. singles on a ground ball to center fielder Justin Crawford.,R,R,R,PHI,SD,X,8.0,ground_ball,1,0,2026,0.1,1.13,0.6216849222412714,2.6968227280053916,,,,0,8,Top,121.87,108.92,,,,,4.6279582621693685,-140.95006445777,-7.013751581229455,0.2418026482582378,31.420804987483752,-15.769706456780158,3.346382874,1.68882874,6.0,97.9,-24.0,96.0,2377.0,5.8,823460,596117,547180,681082,664761,607208,669016,702222,666969,54.74,0.122,0.117,0.9,1.0,1.0,0.0,2.0,58,2,4-Seam Fastball,3,2,2,3,2,3,2,3,Standard,Standard,197.0,-0.079,0.402,77.2,7.2,,0.137,-0.402,97.9,1,-1,0.736,0.264,30,27,31,27,1,3,3,2,1.0,1,1.3,-0.1,-0.1,50.4,4.507239244875669,15.680945706855333,23.795331423962494,46.43814586529451,20.167368875350466
SI,2026-06-02,96.7,-1.29,6.46,"Tatis Jr., Fernando",665487,641745,,ball,,,,,11.0,,R,R,R,PHI,SD,B,,,0,0,2026,-1.08,0.97,-1.4070364054822502,2.947593616632073,,,,0,8,Top,,,,,,,2.1865728479018416,-140.69843238835418,-5.779166626106439,-14.901174881135416,32.02120747979628,-18.248816549843475,3.346382874,1.68882874,,,,96.0,2322.0,5.9,823460,596117,547180,681082,664761,607208,669016,702222,666969,54.59,,,,,,,,58,1,Sinker,3,2,2,3,2,3,2,3,Standard,Standard,202.0,-0.009,0.042,,,,,-0.042,,1,-1,0.745,0.255,30,27,31,27,1,3,3,2,1.0,1,1.47,1.08,1.08,46.6,,,,,
FF,2026-06-02,93.0,-1.94,5.06,"Tatis Jr., Fernando",665487,605400,,called_strike,,,,,6.0,,R,R,R,PHI,SD,S,,,0,0,2026,-1.16,1.4,0.4592323454482556,2.4998920567687044,,,,0,1,Top,,,,,,,8.749461216067674,-135.1460898137265,-3.738885045994587,-16.079101778485988,29.405103778322506,-14.39114017579466,3.346382874,1.68882874,,,,94.1,2440.0,7.0,823460,596117,547180,681082,664761,607208,669016,702222,666969,53.51,,,,,,,,1,1,4-Seam Fastball,0,0,0,0,0,0,0,0,Standard,Standard,227.0,0.003,-0.041,,,,,0.041,,0,0,0.5,0.5,33,27,33,27,1,0,7,2,5.0,1,1.24,1.16,1.16,18.9,,,,,
