pitch_type,game_date,release_speed,release_pos_x,release_pos_z,player_name,batter,pitcher,events,description,spin_dir,spin_rate_deprecated,break_angle_deprecated,break_length_deprecated,zone,des,game_type,stand,p_throws,home_team,away_team,type,hit_location,bb_type,balls,strikes,game_year,pfx_x,pfx_z,plate_x,plate_z,on_3b,on_2b,on_1b,outs_when_up,inning,inning_topbot,hc_x,hc_y,tfs_deprecated,tfs_zulu_deprecated,umpire,sv_id,vx0,vy0,vz0,ax,ay,az,sz_top,sz_bot,hit_distance_sc,launch_speed,launch_angle,effective_speed,release_spin_rate,release_extension,game_pk,fielder_2,fielder_3,fielder_4,fielder_5,fielder_6,fielder_7,fielder_8,fielder_9,release_pos_y,estimated_ba_using_speedangle,estimated_woba_using_speedangle,woba_value,woba_denom,babip_value,iso_value,launch_speed_angle,at_bat_number,pitch_number,pitch_name,home_score,away_score,bat_score,fld_score,post_away_score,post_home_score,post_bat_score,post_fld_score,if_fielding_alignment,of_fielding_alignment,spin_axis,delta_home_win_exp,delta_run_exp,bat_speed,swing_length,miss_distance,estimated_slg_using_speedangle,delta_pitcher_run_exp,hyper_speed,home_score_diff,bat_score_diff,home_win_exp,bat_win_exp,age_pit_legacy,age_bat_legacy,age_pit,age_bat,n_thruorder_pitcher,n_priorpa_thisgame_player_at_bat,pitcher_days_since_prev_game,batter_days_since_prev_game,pitcher_days_until_next_game,batter_days_until_next_game,api_break_z_with_gravity,api_break_x_arm,api_break_x_batter_in,arm_angle,attack_angle,attack_direction,swing_path_tilt,intercept_ball_minus_batter_pos_x_inches,intercept_ball_minus_batter_pos_y_inches,bucket,is_pa
FF,2026-09-23,102.2,-1.47,6.35,"Miller, Mason",518692,695243,field_out,hit_into_play,,,,,4.0,Freddie Freeman lines out sharply to left fielder Jase Bowen.,R,L,R,LAD,SD,X,7.0,line_drive,0,1,2026,-0.49,1.25,-0.4631872128815062,2.577644006392906,669257.0,,,2,9,Bot,57.82,82.38,,,,,4.029912913380026,-148.62385072627774,-8.261681468642479,-8.193210339786123,34.821696140966246,-11.923139015423084,3.382365486,1.706988189,332.0,101.3,24.0,103.2,2456.0,6.8,823894,666023,664034,630105,592518,593428,687749,701538,665487,53.68,0.546,0.835,0.0,1.0,0.0,0.0,6.0,79,2,4-Seam Fastball,1,5,1,5,5,1,1,5,Infield shade,Standard,203.0,-0.006,-0.265,68.5,6.5,,1.479,0.265,101.3,-4,-4,0.006,0.006,27,36,28,37,1,4,,,,,0.93,0.49,-0.49,,0.954620392541802,15.59044626442129,38.23012002848384,45.269644149626146,17.90028957429749,Four-seam,True
SL,2026-09-23,88.0,-1.3,6.23,"Miller, Mason",518692,695243,,called_strike,,,,,2.0,,R,L,R,LAD,SD,S,,,0,0,2026,0.78,-0.4,-0.1049014686527559,3.072169562578133,,,669257.0,2,9,Bot,,,,,,,1.232743250143746,-128.23304321758698,-0.4959608280664653,8.333839145892451,27.110768294562373,-36.718579866531734,3.382365486,1.706988189,,,,89.0,2316.0,6.9,823894,666023,664034,630105,592518,593428,687749,701538,665487,53.64,,,,,,,,79,1,Slider,1,5,1,5,5,1,1,5,Infield shade,Standard,32.0,0.001,-0.041,,,,,0.041,,-4,-4,0.005,0.005,27,36,28,37,1,4,,,,,3.34,-0.78,0.78,,,,,,,Slider,False
FF,2026-09-23,101.5,-1.07,6.35,"Miller, Mason",669257,695243,walk,ball,,,,,12.0,"Freddy Fermin challenged (pitch result), call on the field was confirmed: Will Smith walks.",R,R,R,LAD,SD,B,,,3,2,2026,-0.51,1.32,1.0910843667310115,2.606443039417063,,,,2,9,Bot,,,,,,,7.255486799977599,-147.59111750030166,-8.258639190253913,-9.060132784496112,33.565247032662164,-11.078491315517192,3.137508202,1.583415354,,,,102.4,2540.0,6.7,823894,666023,664034,630105,592518,593428,687749,701538,665487,53.77,,0.698418,0.7,1.0,0.0,0.0,,78,7,4-Seam Fastball,1,5,1,5,5,1,1,5,Strategic,Standard,203.0,0.003,0.289,,,,,-0.289,,-4,-4,0.002,0.002,27,31,28,31,1,4,,,,,0.89,0.51,0.51,,,,,,,Four-seam,True
FF,2026-09-23,101.2,-1.07,6.42,"Miller, Mason",669257,695243,,ball,,,,,14.0,,R,R,R,LAD,SD,B,,,2,2,2026,-0.6,1.3,0.3581419201378961,1.0682464266741745,,,,2,9,Bot,,,,,,,5.423283767818484,-146.84163740221524,-12.601936213813618,-9.882379562907492,33.14685805479045,-10.629615432706023,3.137508202,1.583415354,,,,102.4,2458.0,7.0,823894,666023,664034,630105,592518,593428,687749,701538,665487,53.51,,,,,,,,78,6,4-Seam Fastball,1,5,1,5,5,1,1,5,Strategic,Standard,197.0,0.001,0.082,,,,,-0.082,,-4,-4,0.001,0.001,27,31,28,31,1,4,,,,,0.93,0.6,0.6,,,,,,,Four-seam,False
SL,2026-09-23,88.5,-1.32,6.16,"Miller, Mason",669257,695243,,foul,,,,,7.0,,R,R,R,LAD,SD,S,,,2,2,2026,0.51,-0.39,-0.3652516653375423,1.6792949335433272,,,,2,9,Bot,,,,,,,1.2325540846149114,-129.0424241271937,-3.8848420221492193,5.460557964365637,24.68570091176011,-35.99815246495537,3.137508202,1.583415354,,,,89.8,2491.0,6.8,823894,666023,664034,630105,592518,593428,687749,701538,665487,53.68,,,,,,,,78,5,Slider,1,5,1,5,5,1,1,5,Standard,Standard,37.0,0.0,0.0,,,,,0.0,,-4,-4,0.001,0.001,27,31,28,31,1,4,,,,,3.27,-0.51,-0.51,,,,,,,Slider,False
FF,2026-09-23,101.3,-1.03,6.48,"Miller, Mason",669257,695243,,ball,,,,,11.0,,R,R,R,LAD,SD,B,,,1,2,2026,-0.64,1.08,-0.2030929756566026,5.248398964466997,,,,2,9,Bot,,,,,,,3.8393805673606862,-147.55328862782017,-0.6708286737630229,-10.177301813937826,32.53250527275428,-16.337232374101543,3.137508202,1.583415354,,,,102.0,2407.0,6.5,823894,666023,664034,630105,592518,593428,687749,701538,665487,54.03,,,,,,,,78,4,4-Seam Fastball,1,5,1,5,5,1,1,5,Standard,Standard,195.0,0.0,0.041,,,,,-0.041,,-4,-4,0.001,0.001,27,31,28,31,1,4,,,,,1.12,0.64,0.64,,,,,,,Four-seam,False
FF,2026-09-23,100.2,-1.21,6.32,"Miller, Mason",669257,695243,,foul,,,,,3.0,,R,R,R,LAD,SD,S,,,1,1,2026,-0.21,1.48,0.4676964686347737,2.840203757032212,,,,2,9,Bot,,,,,,,5.098810748647263,-145.77313743432137,-7.664101441826669,-4.08708640019308,30.924582721547928,-9.510806918861611,3.137508202,1.583415354,243.0,82.5,24.0,101.2,2569.0,6.6,823894,666023,664034,630105,592518,593428,687749,701538,665487,53.88,,,,,,,,78,3,4-Seam Fastball,1,5,1,5,5,1,1,5,Standard,Standard,200.0,0.0,-0.064,69.6,7.0,,,0.064,88.0,-4,-4,0.001,0.001,27,31,28,31,1,4,,,,,0.78,0.21,0.21,,7.311834419642209,12.366752662802472,26.71459163038743,42.03544409361025,19.674314051012328,Four-seam,False
FF,2026-09-23,100.5,-1.24,6.33,"Miller, Mason",669257,695243,,ball,,,,,12.0,,R,R,R,LAD,SD,B,,,0,1,2026,-0.42,1.37,0.7090412394924421,3.9935274730074153,,,,2,9,Bot,,,,,,,6.375834146888683,-146.35949281960856,-4.317554939017032,-7.419931328026175,31.90948978217791,-11.660639567702688,3.137508202,1.583415354,,,,101.4,2413.0,6.5,823894,666023,664034,630105,592518,593428,687749,701538,665487,53.96,,,,,,,,78,2,4-Seam Fastball,1,5,1,5,5,1,1,5,Standard,Standard,200.0,0.0,0.03,,,,,-0.03,,-4,-4,0.001,0.001,27,31,28,31,1,4,,,,,0.87,0.42,0.42,,,,,,,Four-seam,False
FF,2026-09-23,101.6,-1.22,6.38,"Miller, Mason",669257,695243,,called_strike,,,,,1.0,,R,R,R,LAD,SD,S,,,0,0,2026,-0.84,1.24,-0.302991106647242,3.1949205490192387,,,,2,9,Bot,,,,,,,4.604957427386666,-147.85802093776002,-6.5062510461343415,-13.375686246898107,33.4275388862346,-12.604312690266095,3.137508202,1.583415354,,,,102.5,2495.0,6.7,823894,666023,664034,630105,592518,593428,687749,701538,665487,53.85,,,,,,,,78,1,4-Seam Fastball,1,5,1,5,5,1,1,5,Standard,Standard,203.0,0.0,-0.045,,,,,0.045,,-4,-4,0.001,0.001,27,31,28,31,1,4,,,,,0.96,0.84,0.84,,,,,,,Four-seam,False
SL,2026-09-23,89.5,-1.25,6.26,"Miller, Mason",660271,695243,strikeout,swinging_strike,,,,,14.0,Shohei Ohtani strikes out swinging.,R,L,R,LAD,SD,S,2.0,,0,2,2026,0.7,-0.55,0.7456538010409498,1.3975051551869524,,,,1,9,Bot,,,,,,,3.3742066369969757,-130.2859409612192,-4.581624320537697,7.246998703829729,26.884729880000545,-37.76403266968694,3.369201116,1.700344488,,,,90.2,2595.0,6.6,823894,666023,664034,630105,592518,593428,687749,701538,665487,53.87,,0.0,0.0,1.0,0.0,0.0,,77,3,Slider,1,5,1,5,5,1,1,5,Infield shade,Standard,33.0,-0.004,-0.163,71.1,9.3,,,0.163,,-4,-4,0.005,0.005,27,31,28,32,1,4,,,,,3.39,-0.7,0.7,,31.79679686435873,-34.39640319732166,39.52992104995988,32.32933116324289,47.44282698900915,Slider,True
SL,2026-09-23,88.8,-1.24,6.19,"Miller, Mason",660271,695243,,called_strike,,,,,6.0,,R,L,R,LAD,SD,S,,,0,1,2026,0.84,-0.4,0.6178185150371509,2.364050930998683,,,,1,9,Bot,,,,,,,2.7336706555563075,-129.34837735426112,-2.2866027627483465,8.867097294815649,26.205715724186145,-36.37015663677392,3.369201116,1.700344488,,,,89.6,2542.0,6.6,823894,666023,664034,630105,592518,593428,687749,701538,665487,53.87,,,,,,,,77,2,Slider,1,5,1,5,5,1,1,5,Infield shade,Standard,35.0,-0.001,-0.057,,,,,0.057,,-4,-4,0.006,0.006,27,31,28,32,1,4,,,,,3.27,-0.84,0.84,,,,,,,Slider,False
FF,2026-09-23,100.6,-1.29,6.38,"Miller, Mason",660271,695243,,foul,,,,,11.0,,R,L,R,LAD,SD,S,,,0,0,2026,-0.56,1.33,-0.1231749766979135,3.718058555599427,,,,1,9,Bot,,,,,,,4.579293835966665,-146.52233357549298,-5.122496415149304,-9.148408613461037,32.46125433103196,-12.026197017653832,3.369201116,1.700344488,172.0,81.8,74.0,101.4,2365.0,6.5,823894,666023,664034,630105,592518,593428,687749,701538,665487,53.98,,,,,,,,77,1,4-Seam Fastball,1,5,1,5,5,1,1,5,Infield shade,Standard,204.0,-0.001,-0.041,80.7,7.8,,,0.041,88.0,-4,-4,0.007,0.007,27,31,28,32,1,4,,,,,0.91,0.56,-0.56,,14.101965329056558,3.2909793086871573,23.0447573736609,41.34255737802975,19.841386792320954,Four-seam,False
SL,2026-09-23,89.4,-1.26,6.14,"Miller, Mason",605141,695243,strikeout,swinging_strike,,,,,14.0,Mookie Betts strikes out swinging.,R,R,R,LAD,SD,S,2.0,,2,2,2026,0.86,-0.39,2.433391078176433,0.96434567365819,,,,0,9,Bot,,,,,,,7.222272713794282,-129.90688097609424,-5.655139764088337,8.171321665405925,28.276117465020477,-35.59287748806758,3.096259843,1.562598425,,,,90.4,2525.0,7.1,823894,666023,664034,630105,592518,593428,687749,701538,665487,53.43,,0.0,0.0,1.0,0.0,0.0,,76,6,Slider,1,5,1,5,5,1,1,5,Strategic,Standard,29.0,-0.01,-0.232,40.1,7.9,,,0.232,,-4,-4,0.017,0.017,27,33,28,34,1,4,,,,,3.26,-0.86,-0.86,,10.745831609550631,-20.053933961568543,27.792655703803323,63.50719041996028,42.19828459646244,Slider,True
FF,2026-09-23,101.5,-1.28,6.32,"Miller, Mason",605141,695243,,foul,,,,,14.0,,R,R,R,LAD,SD,S,,,2,2,2026,-0.51,1.59,0.8231550832357423,1.395958165078949,,,,0,9,Bot,,,,,,,7.046231929311259,-147.19942951554566,-12.098271689704168,-9.034218467167422,33.86464935642433,-6.327071609251372,3.096259843,1.562598425,170.0,81.3,14.0,101.8,2589.0,6.6,823894,666023,664034,630105,592518,593428,687749,701538,665487,53.92,,,,,,,,76,5,4-Seam Fastball,1,5,1,5,5,1,1,5,Strategic,Standard,203.0,0.0,0.0,65.4,7.7,,,0.0,88.0,-4,-4,0.017,0.017,27,33,28,34,1,4,,,,,0.63,0.51,0.51,,1.9847241397710529,-2.8966878515292085,40.92557613886952,46.35437366976093,27.26132849123104,Four-seam,False
FF,2026-09-23,100.4,-1.25,6.47,"Miller, Mason",605141,695243,,ball,,,,,13.0,,R,R,R,LAD,SD,B,,,1,2,2026,-0.6,1.59,-0.4390842030175669,1.3091644730630776,,,,0,9,Bot,,,,,,,3.674950156846457,-145.79143002515536,-12.517541086860447,-9.487264428351034,33.616825117391265,-6.813244551654766,3.096259843,1.562598425,,,,100.9,2671.0,6.6,823894,666023,664034,630105,592518,593428,687749,701538,665487,53.89,,,,,,,,76,4,4-Seam Fastball,1,5,1,5,5,1,1,5,Strategic,Standard,203.0,0.002,0.046,,,,,-0.046,,-4,-4,0.015,0.015,27,33,28,34,1,4,,,,,0.68,0.6,0.6,,,,,,,Four-seam,False
FF,2026-09-23,101.4,-1.1,6.35,"Miller, Mason",605141,695243,,ball,,,,,12.0,,R,R,R,LAD,SD,B,,,0,2,2026,-0.4,1.6,1.7690668665379312,2.4208980922669645,,,,0,9,Bot,,,,,,,8.966195801317289,-147.2681804052594,-9.416095585860983,-7.954810575686719,33.5667991020261,-6.809093558785438,3.096259843,1.562598425,,,,102.2,2681.0,6.7,823894,666023,664034,630105,592518,593428,687749,701538,665487,53.76,,,,,,,,76,3,4-Seam Fastball,1,5,1,5,5,1,1,5,Strategic,Standard,203.0,0.001,0.022,,,,,-0.022,,-4,-4,0.014,0.014,27,33,28,34,1,4,,,,,0.62,0.4,0.4,,,,,,,Four-seam,False
SL,2026-09-23,88.0,-1.43,6.28,"Miller, Mason",605141,695243,,called_strike,,,,,2.0,,R,R,R,LAD,SD,S,,,0,1,2026,0.84,-0.47,0.1734350060600676,2.8529088555340025,,,,0,9,Bot,,,,,,,2.064141644993096,-128.17273682199522,-1.005723417125573,8.860445723386231,26.862344233839664,-37.38454170835615,3.096259843,1.562598425,,,,88.5,2512.0,6.6,823894,666023,664034,630105,592518,593428,687749,701538,665487,53.9,,,,,,,,76,2,Slider,1,5,1,5,5,1,1,5,Standard,Standard,34.0,-0.003,-0.054,,,,,0.054,,-4,-4,0.017,0.017,27,33,28,34,1,4,,,,,3.41,-0.84,-0.84,,,,,,,Slider,False
FF,2026-09-23,100.6,-1.29,6.45,"Miller, Mason",605141,695243,,called_strike,,,,,3.0,,R,R,R,LAD,SD,S,,,0,0,2026,-0.65,1.4,0.2835200722623305,3.0777806217892167,,,,0,9,Bot,,,,,,,5.912056112294761,-146.37070066111175,-7.230784322218392,-10.77206381533667,33.69250069807069,-10.453140162570076,3.096259843,1.562598425,,,,101.3,2527.0,6.6,823894,666023,664034,630105,592518,593428,687749,701538,665487,53.88,,,,,,,,76,1,4-Seam Fastball,1,5,1,5,5,1,1,5,Standard,Standard,204.0,-0.002,-0.041,,,,,0.041,,-4,-4,0.019,0.019,27,33,28,34,1,4,,,,,0.84,0.65,0.65,,,,,,,Four-seam,False
FF,2026-09-20,99.8,-1.26,6.26,"Miller, Mason",805300,695243,field_out,hit_into_play,,,,,3.0,Jakob Marsee pops out to catcher Ethan Salas in foul territory.,R,L,R,SD,MIA,X,2.0,popup,1,0,2026,-0.61,1.16,0.3615943897080437,2.9699703129200867,,,,2,9,Top,104.07,204.26,,,,,5.889145467848664,-145.2171276632268,-6.301589116807827,-9.994681274148714,30.683971134053763,-14.466775703959442,3.212106299,1.621062992,28.0,90.0,82.0,100.6,2364.0,6.5,823247,806956,664034,630105,823550,593428,687749,701538,665487,53.97,0.003,0.003,0.0,1.0,0.0,0.0,3.0,68,2,4-Seam Fastball,7,3,3,7,3,7,3,7,Strategic,Standard,206.0,0.001,-0.303,70.6,6.7,,0.003,0.303,90.0,4,-4,0.999,0.001,27,25,28,25,1,3,1.0,1.0,,2.0,1.11,0.61,-0.61,41.7,24.347938705930208,-7.027167625852339,28.47270364637569,33.79692375036116,34.3896522405128,Four-seam,True
FF,2026-09-20,100.0,-1.33,6.23,"Miller, Mason",805300,695243,,ball,,,,,11.0,,R,L,R,SD,MIA,B,,,0,0,2026,-0.62,1.07,-0.6772657635532492,4.436359375958045,,,,2,9,Top,,,,,,,3.2766133109515465,-145.76798290110986,-2.04982871850066,-9.6172989244528,32.1509442422351,-16.549914520495708,3.212106299,1.621062992,,,,100.8,2462.0,6.5,823247,806956,664034,630105,823550,593428,687749,701538,665487,54.0,,,,,,,,68,1,4-Seam Fastball,7,3,3,7,3,7,3,7,Strategic,Standard,204.0,0.0,0.041,,,,,-0.041,,4,-4,0.999,0.001,27,25,28,25,1,3,1.0,1.0,,2.0,1.19,0.62,-0.62,38.8,,,,,,Four-seam,False
FF,2026-09-20,100.8,-1.36,6.25,"Miller, Mason",681715,695243,field_out,hit_into_play,,,,,6.0,"Heriberto Hernández grounds out, second baseman Jake Cronenworth to first baseman Ty France.",R,R,R,SD,MIA,X,4.0,ground_ball,0,0,2026,-0.58,1.04,0.6756147847521944,2.0892268811000503,,,,1,9,Top,132.07,169.13,,,,,7.044886843145931,-146.43936734400555,-8.56935057972542,-10.012347319003467,32.92126906538291,-15.383501536248747,3.178756562,1.604232283,35.0,75.9,0.0,101.8,2410.0,6.8,823247,806956,664034,630105,823550,593428,687749,701538,665487,53.67,0.122,0.11,0.0,1.0,0.0,0.0,2.0,67,1,4-Seam Fastball,7,3,3,7,3,7,3,7,Standard,Standard,208.0,0.005,-0.261,68.3,7.4,,0.134,0.261,88.0,4,-4,0.994,0.006,27,26,28,27,1,3,1.0,1.0,,2.0,1.2,0.58,0.58,40.0,8.682679595495802,16.051501050301283,25.687008703219902,46.9617011540569,24.38772618798155,Four-seam,True
SL,2026-09-20,88.8,-1.32,6.13,"Miller, Mason",665052,695243,field_out,hit_into_play,,,,,7.0,Griffin Conine pops out to third baseman Sung-Mun Song in foul territory.,R,L,R,SD,MIA,X,5.0,popup,1,2,2026,0.46,-0.15,-0.4719777297425753,1.9032239382137728,,,,0,9,Top,88.91,185.49,,,,,1.0766109974506048,-129.43744641661658,-3.802582506338527,5.010453193215509,26.05256402507862,-33.31599840878821,3.234046916,1.632135827,92.0,81.8,75.0,89.8,2419.0,6.7,823247,806956,664034,630105,823550,593428,687749,701538,665487,53.79,0.006,0.005,0.0,1.0,0.0,0.0,3.0,66,4,Slider,7,3,3,7,3,7,3,7,Infield shade,Standard,46.0,0.006,-0.187,72.2,7.8,,0.006,0.187,88.0,4,-4,0.988,0.012,27,28,28,29,1,3,1.0,1.0,,2.0,3.02,-0.46,0.46,39.1,14.985934191155158,-1.8988625569458024,30.11393189956937,43.68273207416683,37.27946833528414,Slider,True
SL,2026-09-20,87.8,-1.27,6.1,"Miller, Mason",665052,695243,,foul,,,,,8.0,,R,L,R,SD,MIA,S,,,1,1,2026,0.4,-0.36,-0.0179975223875228,2.0157212025138627,,,,0,9,Top,,,,,,,2.170114074388245,-127.90060662609304,-2.798736242108399,3.951080009597182,26.668863278963503,-35.735237010949625,3.234046916,1.632135827,4.0,71.7,-29.0,88.4,2374.0,6.6,823247,806956,664034,630105,823550,593428,687749,701538,665487,53.86,,,,,,,,66,3,Slider,7,3,3,7,3,7,3,7,Infield shade,Standard,47.0,0.003,-0.06,70.2,8.5,,,0.06,88.0,4,-4,0.985,0.015,27,28,28,29,1,3,1.0,1.0,,2.0,3.31,-0.4,0.4,38.5,22.233362688538715,-18.928566705149496,26.36668131185275,39.78632761830831,41.48672284619307,Slider,False
SL,2026-09-20,87.2,-1.46,6.05,"Miller, Mason",665052,695243,,swinging_strike,,,,,14.0,,R,L,R,SD,MIA,S,,,1,0,2026,0.38,-0.36,0.1906127323259038,1.0835166299490662,,,,0,9,Top,,,,,,,3.1409341561422544,-127.00334465088582,-4.810328098413959,3.533455212105554,25.143844051250387,-35.38001564966085,3.234046916,1.632135827,,,,88.2,2467.0,6.8,823247,806956,664034,630105,823550,593428,687749,701538,665487,53.73,,,,,,,,66,2,Slider,7,3,3,7,3,7,3,7,Infield shade,Standard,42.0,0.002,-0.055,63.8,9.1,9.570171804,,0.055,,4,-4,0.983,0.017,27,28,28,29,1,3,1.0,1.0,,2.0,3.35,-0.38,0.38,36.7,29.09127929413036,-45.95266728833868,32.31444239559054,37.28380562704102,60.22940369683782,Slider,False
FF,2026-09-20,100.6,-1.42,6.28,"Miller, Mason",665052,695243,,ball,,,,,11.0,,R,L,R,SD,MIA,B,,,0,0,2026,-0.45,1.31,-0.7152787945692567,3.777162135858104,,,,0,9,Top,,,,,,,3.0205233186196043,-146.42825439250277,-4.602984998653639,-7.178988818382089,34.85064914391645,-12.4301749944902,3.234046916,1.632135827,,,,101.1,2385.0,6.5,823247,806956,664034,630105,823550,593428,687749,701538,665487,53.96,,,,,,,,66,1,4-Seam Fastball,7,3,3,7,3,7,3,7,Infield shade,Standard,208.0,-0.002,0.042,,,,,-0.042,,4,-4,0.985,0.015,27,28,28,29,1,3,1.0,1.0,,2.0,0.94,0.45,-0.45,40.1,,,,,,Four-seam,False
SL,2026-09-19,88.7,-0.96,6.09,"Miller, Mason",682663,695243,strikeout,swinging_strike,,,,,14.0,Agustín Ramírez strikes out swinging.,R,R,R,SD,MIA,S,2.0,,1,2,2026,0.89,-0.27,1.7725585004629072,1.2269539215031218,,,,2,9,Top,,,,,,,4.74876835692427,-129.04095072268657,-4.982759737845058,8.801502103806882,29.42868450788352,-34.283431687775796,3.256865158,1.643651575,,,,89.6,2515.0,7.1,823249,666023,664034,630105,592518,823550,687749,701538,665487,53.43,,0.0,0.0,1.0,0.0,0.0,,83,4,Slider,6,6,6,6,6,6,6,6,Standard,Standard,39.0,0.024,-0.183,67.7,8.2,7.452470508,,0.183,,0,0,0.615,0.385,27,24,28,25,1,4,5.0,1.0,1.0,1.0,3.19,-0.89,-0.89,42.1,14.188584746075811,-7.897385426624576,22.236373468603173,60.75137428631288,37.90390341612856,Slider,True
FF,2026-09-19,102.5,-0.97,6.22,"Miller, Mason",682663,695243,,swinging_strike,,,,,14.0,,R,R,R,SD,MIA,S,,,1,1,2026,-0.58,1.38,1.2332593906055047,1.7702556983462534,,,,2,9,Top,,,,,,,7.650030710309218,-148.77245177861056,-10.559381819980468,-10.49374572839943,35.47330366470992,-9.279120873195492,3.256865158,1.643651575,,,,103.5,2439.0,7.0,823249,666023,664034,630105,592518,823550,687749,701538,665487,53.54,,,,,,,,83,3,4-Seam Fastball,6,6,6,6,6,6,6,6,Standard,Standard,201.0,0.008,-0.064,72.1,7.7,0.308532744,,0.064,,0,0,0.607,0.393,27,24,28,25,1,4,5.0,1.0,1.0,1.0,0.8,0.58,0.58,41.1,7.069859378793374,3.3016842156738657,24.106984004929647,55.098521541030166,24.990567537234703,Four-seam,False
SL,2026-09-19,89.4,-1.3,6.07,"Miller, Mason",682663,695243,,called_strike,,,,,1.0,,R,R,R,SD,MIA,S,,,1,0,2026,0.8,-0.24,-0.5212881550021387,3.0015935287473328,,,,2,9,Top,,,,,,,0.1689157922109338,-130.25058073877807,-0.7773452199474221,9.060984315993949,29.7073894008024,-34.9856051725628,3.256865158,1.643651575,,,,90.0,2378.0,6.8,823249,666023,664034,630105,592518,823550,687749,701538,665487,53.73,,,,,,,,83,2,Slider,6,6,6,6,6,6,6,6,Standard,Standard,38.0,0.005,-0.056,,,,,0.056,,0,0,0.602,0.398,27,24,28,25,1,4,5.0,1.0,1.0,1.0,3.11,-0.8,-0.8,38.6,,,,,,Slider,False
SL,2026-09-19,88.6,-1.14,6.15,"Miller, Mason",682663,695243,,ball,,,,,11.0,,R,R,R,SD,MIA,B,,,0,0,2026,0.84,-0.23,-1.251842291423073,2.667835489716357,,,,2,9,Top,,,,,,,-2.094461399174679,-128.98134670801235,-1.696363541435166,9.82503330752733,29.344328397374944,-34.51693529878748,3.256865158,1.643651575,,,,89.3,2365.0,6.9,823249,666023,664034,630105,592518,823550,687749,701538,665487,53.57,,,,,,,,83,1,Slider,6,6,6,6,6,6,6,6,Standard,Standard,43.0,-0.003,0.041,,,,,-0.041,,0,0,0.605,0.395,27,24,28,25,1,4,5.0,1.0,1.0,1.0,3.15,-0.84,-0.84,40.1,,,,,,Slider,False
SL,2026-09-19,88.4,-1.38,5.91,"Miller, Mason",805300,695243,field_out,hit_into_play,,,,,13.0,"Jakob Marsee grounds out, shortstop Sung-Mun Song to first baseman Ty France.",R,L,R,SD,MIA,X,6.0,ground_ball,2,2,2026,0.59,-0.48,-0.362102706821373,1.0125252747026456,,,,1,9,Top,124.95,159.28,,,,,1.1903987906588598,-128.6037754434166,-4.506776971665733,6.218747652732876,30.568728358370937,-36.64370460598958,3.212106299,1.621062992,4.0,70.8,-19.0,88.8,2390.0,6.9,823249,666023,664034,630105,592518,823550,687749,701538,665487,53.59,0.055,0.05,0.0,1.0,0.0,0.0,2.0,82,5,Slider,6,6,6,6,6,6,6,6,Infield shade,Standard,35.0,0.04,-0.233,70.4,7.6,,0.059,0.233,88.0,0,0,0.565,0.435,27,25,28,25,1,4,5.0,1.0,1.0,1.0,3.44,-0.59,0.59,36.5,7.732425198200261,-16.60762449905258,47.81423033666088,42.52243328623744,41.387807874589974,Slider,True
FF,2026-09-19,102.3,-1.1,6.22,"Miller, Mason",805300,695243,,ball,,,,,11.0,,R,L,R,SD,MIA,B,,,1,2,2026,-0.33,1.36,-0.2347703985504182,3.651484216036054,,,,1,9,Top,,,,,,,3.251166539041867,-148.9291997185289,-5.1818051655940325,-5.714271238656371,38.449667768146135,-10.893483831182616,3.212106299,1.621062992,,,,103.0,2373.0,6.8,823249,666023,664034,630105,592518,823550,687749,701538,665487,53.67,,,,,,,,82,4,4-Seam Fastball,6,6,6,6,6,6,6,6,Infield shade,Standard,202.0,-0.007,0.051,,,,,-0.051,,0,0,0.572,0.428,27,25,28,25,1,4,5.0,1.0,1.0,1.0,0.83,0.33,-0.33,42.2,,,,,,Four-seam,False
FF,2026-09-19,102.6,-1.29,6.08,"Miller, Mason",805300,695243,,foul,,,,,9.0,,R,L,R,SD,MIA,S,,,1,1,2026,-0.54,1.49,0.7765823996925457,1.5501364154975892,,,,1,9,Top,,,,,,,7.174321958654812,-148.86323711906704,-11.04471716390065,-9.882666637099804,38.051997940797015,-7.473151843002005,3.212106299,1.621062992,,,,103.3,2480.0,7.0,823249,666023,664034,630105,592518,823550,687749,701538,665487,53.54,,,,,,,,82,3,4-Seam Fastball,6,6,6,6,6,6,6,6,Infield shade,Standard,208.0,0.012,-0.07,68.7,6.6,,,0.07,,0,0,0.56,0.44,27,25,28,25,1,4,5.0,1.0,1.0,1.0,0.7,0.54,-0.54,41.6,-12.744132669852869,-3.8208716542369023,47.2881981445722,29.34027686762699,24.505266197041937,Four-seam,False
SL,2026-09-19,88.2,-1.43,6.02,"Miller, Mason",805300,695243,,called_strike,,,,,5.0,,R,L,R,SD,MIA,S,,,1,0,2026,0.95,0.04,-0.1141749688545981,2.663530937749989,,,,1,9,Top,,,,,,,1.1439643423510195,-128.37407387114405,-1.871018144766838,10.168741055949072,30.159082292039407,-31.56908468883085,3.212106299,1.621062992,,,,88.5,2397.0,6.8,823249,666023,664034,630105,592518,823550,687749,701538,665487,53.73,,,,,,,,82,2,Slider,6,6,6,6,6,6,6,6,Infield shade,Standard,40.0,0.008,-0.05,,,,,0.05,,0,0,0.552,0.448,27,25,28,25,1,4,5.0,1.0,1.0,1.0,2.92,-0.95,0.95,37.5,,,,,,Slider,False
SL,2026-09-19,88.6,-1.38,6.01,"Miller, Mason",805300,695243,,ball,,,,,13.0,,R,L,R,SD,MIA,B,,,0,0,2026,0.91,-0.65,-0.6931821347701922,0.5238682402310344,,,,1,9,Top,,,,,,,-0.2827067594329292,-128.74663471548635,-5.479555724570025,9.939560100231745,34.97886941113164,-38.0231045951288,3.212106299,1.621062992,,,,88.1,2481.0,6.8,823249,666023,664034,630105,592518,823550,687749,701538,665487,53.7,,,,,,,,82,1,Slider,6,6,6,6,6,6,6,6,Infield shade,Standard,38.0,-0.006,0.041,,,,,-0.041,,0,0,0.558,0.442,27,25,28,25,1,4,5.0,1.0,1.0,1.0,3.64,-0.91,0.91,39.5,,,,,,Slider,False
FF,2026-09-19,102.1,-1.23,6.15,"Miller, Mason",665052,695243,home_run,hit_into_play,,,,,9.0,Griffin Conine homers (17) on a fly ball to right field.,R,L,R,SD,MIA,X,,fly_ball,1,0,2026,-0.37,1.57,0.6511756048317925,2.0164361382542917,,,,1,9,Top,232.12,61.39,,,,,6.196997527438563,-148.2232232872136,-9.974886124302934,-6.991304893613245,38.70037978250321,-6.839098908158821,3.234046916,1.632135827,427.0,110.8,29.0,102.6,2532.0,6.9,823249,666023,664034,630105,592518,823550,687749,701538,665487,53.58,0.999,2.044,2.0,1.0,0.0,3.0,6.0,81,2,4-Seam Fastball,6,5,5,6,6,6,6,6,Infield shade,Standard,203.0,-0.342,1.542,77.4,8.2,,3.999,-1.542,110.8,1,-1,0.9,0.1,27,28,28,29,1,0,5.0,1.0,1.0,1.0,0.65,0.37,-0.37,41.2,14.793941096261229,-8.513140350385244,35.32577346015868,32.47467900752237,38.67307661841818,Four-seam,True
SL,2026-09-19,89.1,-1.34,6.02,"Miller, Mason",665052,695243,,ball,,,,,14.0,,R,L,R,SD,MIA,B,,,0,0,2026,0.95,-0.47,0.9390053097475164,2.313627203679512,,,,1,9,Top,,,,,,,3.512042748289837,-129.66909228565265,-1.7459285857887612,9.782019971911865,31.52109613291644,-37.242166414951264,3.234046916,1.632135827,,,,89.3,2474.0,6.8,823249,666023,664034,630105,592518,823550,687749,701538,665487,53.74,,,,,,,,81,1,Slider,6,5,5,6,5,6,5,6,Infield shade,Standard,45.0,-0.008,0.041,,,,,-0.041,,1,-1,0.908,0.092,27,28,28,29,1,0,5.0,1.0,1.0,1.0,3.38,-0.95,0.95,37.3,,,,,,Slider,False
FF,2026-09-19,101.5,-1.19,6.22,"Miller, Mason",691594,695243,strikeout,swinging_strike,,,,,11.0,Javier Sanoja strikes out swinging.,R,R,R,SD,MIA,S,2.0,,2,2,2026,-0.41,1.5,-0.4928353513037483,3.7648384411862255,,,,0,9,Top,,,,,,,2.9482400643370945,-147.68312821585533,-5.026468070462611,-6.719759995190642,40.10495801935169,-9.298604562589446,2.995333005,1.511663386,,,,102.0,2584.0,6.9,823249,666023,664034,630105,592518,823550,687749,701538,665487,53.62,,0.0,0.0,1.0,0.0,0.0,,80,6,4-Seam Fastball,6,5,5,6,5,6,5,6,Standard,Standard,201.0,0.062,-0.232,63.6,6.2,0.449398044,,0.232,,1,-1,0.846,0.154,27,23,28,24,1,4,5.0,1.0,1.0,1.0,0.74,0.41,0.41,42.5,12.465039237979388,-6.071674532345718,15.773040136035142,29.408928556918795,26.632851595637057,Four-seam,True
FF,2026-09-19,102.0,-1.22,6.24,"Miller, Mason",691594,695243,,ball,,,,,11.0,,R,R,R,SD,MIA,B,,,1,2,2026,-0.56,1.42,-0.375344823420717,4.246882321094952,,,,0,9,Top,,,,,,,3.759916594505856,-148.53187132713074,-3.685958410132108,-9.200935518241806,36.3199608555659,-10.458199127371604,2.995333005,1.511663386,,,,102.8,2543.0,6.7,823249,666023,664034,630105,592518,823550,687749,701538,665487,53.76,,,,,,,,80,5,4-Seam Fastball,6,5,5,6,5,6,5,6,Standard,Standard,197.0,-0.011,0.046,,,,,-0.046,,1,-1,0.857,0.143,27,23,28,24,1,4,5.0,1.0,1.0,1.0,0.77,0.56,0.56,41.0,,,,,,Four-seam,False
FF,2026-09-19,103.1,-1.17,6.22,"Miller, Mason",691594,695243,,foul,,,,,9.0,,R,R,R,SD,MIA,S,,,1,2,2026,-0.55,1.59,0.382330065226828,1.85053000548463,,,,0,9,Top,,,,,,,5.77609486120158,-149.60961003817405,-10.898453073217135,-9.756696405539753,39.68229190960494,-5.798308905574626,2.995333005,1.511663386,255.0,82.3,41.0,103.6,2572.0,6.9,823249,666023,664034,630105,592518,823550,687749,701538,665487,53.58,,,,,,,,80,4,4-Seam Fastball,6,5,5,6,5,6,5,6,Standard,Standard,204.0,0.0,0.0,72.4,6.7,,,0.0,88.0,1,-1,0.857,0.143,27,23,28,24,1,4,5.0,1.0,1.0,1.0,0.59,0.55,0.55,40.7,-9.454445899225387,19.555067777102416,29.47856070446212,38.968650693442896,16.488099690999434,Four-seam,False
FF,2026-09-19,101.4,-1.31,6.11,"Miller, Mason",691594,695243,,called_strike,,,,,13.0,,R,R,R,SD,MIA,S,,,1,1,2026,-0.57,1.61,-0.0595406074672477,1.2954655275972693,,,,0,9,Top,,,,,,,4.890462510814613,-147.18732569914732,-11.825131390005993,-9.52132210772652,37.658735833194186,-6.0992170670643935,2.995333005,1.511663386,,,,101.8,2554.0,6.8,823249,666023,664034,630105,592518,823550,687749,701538,665487,53.66,,,,,,,,80,3,4-Seam Fastball,6,5,5,6,5,6,5,6,Standard,Standard,205.0,0.018,-0.06,,,,,0.06,,1,-1,0.839,0.161,27,23,28,24,1,4,5.0,1.0,1.0,1.0,0.63,0.57,0.57,42.9,,,,,,Four-seam,False
FF,2026-09-19,102.1,-1.36,6.18,"Miller, Mason",691594,695243,,called_strike,,,,,14.0,,R,R,R,SD,MIA,S,,,1,0,2026,-0.41,1.5,0.7138818174647799,1.334710003357339,,,,0,9,Top,,,,,,,6.827801831051933,-148.02926262794355,-11.757538357124345,-7.847209804168484,40.12880665012458,-7.399755142825006,2.995333005,1.511663386,,,,102.2,2505.0,6.8,823249,666023,664034,630105,592518,823550,687749,701538,665487,53.65,,,,,,,,80,2,4-Seam Fastball,6,5,5,6,5,6,5,6,Standard,Standard,206.0,0.016,-0.055,,,,,0.055,,1,-1,0.823,0.177,27,23,28,24,1,4,5.0,1.0,1.0,1.0,0.73,0.41,0.41,41.2,,,,,,Four-seam,False
SL,2026-09-19,88.2,-1.35,6.13,"Miller, Mason",691594,695243,,ball,,,,,13.0,,R,R,R,SD,MIA,B,,,0,0,2026,0.6,-0.39,-0.6357899176781034,1.2188370382895126,,,,0,9,Top,,,,,,,0.4265741111428765,-128.3095394331668,-4.6890135680483915,6.485126242521125,30.537950089619056,-35.551169426487775,2.995333005,1.511663386,,,,88.4,2508.0,6.8,823249,666023,664034,630105,592518,823550,687749,701538,665487,53.73,,,,,,,,80,1,Slider,6,5,5,6,5,6,5,6,Standard,Standard,25.0,-0.012,0.042,,,,,-0.042,,1,-1,0.835,0.165,27,23,28,24,1,4,5.0,1.0,1.0,1.0,3.36,-0.6,-0.6,37.4,,,,,,Slider,False
SL,2026-09-19,89.7,-1.35,6.05,"Miller, Mason",669065,695243,strikeout,called_strike,,,,,4.0,Kyle Stowers called out on strikes.,R,L,R,SD,MIA,S,2.0,,0,2,2026,1.21,-0.12,-0.3582975116915299,2.3411698954235445,665923.0,672640.0,,2,8,Top,,,,,,,-0.1950590557387657,-130.5044653331717,-2.5675919873882904,13.577803986632643,33.98155614700922,-33.087646552119686,3.295480643,1.663139764,,,,89.5,2304.0,6.7,823249,666023,664034,630105,592518,823550,687957,701538,665487,53.76,,0.0,0.0,1.0,0.0,0.0,,76,3,Slider,6,5,5,6,5,6,5,6,Infield shade,Standard,39.0,0.089,-0.161,,,,,0.161,,1,-1,0.778,0.222,27,28,28,28,1,4,5.0,1.0,1.0,1.0,3.01,-1.21,1.21,36.9,,,,,,Slider,True
FF,2026-09-19,102.8,-1.32,6.19,"Miller, Mason",669065,695243,,foul,,,,,11.0,,R,L,R,SD,MIA,S,,,0,1,2026,-0.55,1.26,-0.2667453405888591,3.526940553991321,665923.0,672640.0,,2,8,Top,,,,,,,4.335427225451905,-149.61867633450998,-5.2764724897078805,-9.25757585788255,36.32590190056547,-12.149049341152304,3.295480643,1.663139764,319.0,89.4,40.0,103.6,2412.0,6.7,823249,666023,664034,630105,592518,823550,687957,701538,665487,53.78,,,,,,,,76,2,4-Seam Fastball,6,5,5,6,5,6,5,6,Infield shade,Standard,198.0,0.037,-0.069,75.4,6.9,,,0.069,89.4,1,-1,0.741,0.259,27,28,28,28,1,4,5.0,1.0,1.0,1.0,0.9,0.55,-0.55,43.3,23.451655726949713,-8.937153560028246,26.21346339387463,37.11850251299781,36.9383985977955,Four-seam,False
SL,2026-09-19,88.6,-1.22,6.08,"Miller, Mason",669065,695243,,called_strike,,,,,5.0,,R,L,R,SD,MIA,S,,,0,0,2026,1.17,-0.2,0.0603003254453947,2.413354611624836,665923.0,672640.0,,2,8,Top,,,,,,,0.5994605630359887,-128.9115246672969,-2.1234990880250386,12.65556346783429,32.17525192416689,-34.12811512169041,3.295480643,1.663139764,,,,88.7,2406.0,6.8,823249,666023,664034,630105,592518,823550,687957,701538,665487,53.68,,,,,,,,76,1,Slider,6,5,5,6,5,6,5,6,Infield shade,Standard,34.0,0.022,-0.03,,,,,0.03,,1,-1,0.719,0.281,27,28,28,28,1,4,5.0,1.0,1.0,1.0,3.16,-1.17,1.17,37.6,,,,,,Slider,False
FF,2026-09-19,103.3,-1.19,6.15,"Miller, Mason",681715,695243,strikeout,swinging_strike,,,,,14.0,Heriberto Hernández strikes out swinging. Otto Lopez steals (32) 2nd base.,R,R,R,SD,MIA,S,2.0,,2,2,2026,-0.55,1.41,0.8550808004864607,1.4553964702107174,665923.0,,672640.0,1,8,Top,,,,,,,7.167016595998184,-149.8165978782198,-11.43760151718696,-10.080150909154009,38.445784463142495,-8.197553218121108,3.178756562,1.604232283,,,,103.8,2356.0,6.9,823249,666023,664034,630105,592518,823550,687957,701538,665487,53.63,,0.0,0.0,1.0,0.0,0.0,,75,6,4-Seam Fastball,6,5,5,6,5,6,5,6,Standard,Standard,203.0,0.111,-0.288,69.5,7.8,1.328520384,,0.288,,1,-1,0.608,0.392,27,26,28,27,1,4,5.0,1.0,1.0,1.0,0.75,0.55,0.55,42.7,8.096476426404493,1.2390069657622884,28.220142369066973,48.83782910828979,28.68703084558691,Four-seam,True
SL,2026-09-19,89.7,-1.28,6.15,"Miller, Mason",681715,695243,,ball,,,,,11.0,,R,R,R,SD,MIA,B,,,1,2,2026,0.82,-0.08,-1.2597130385802644,3.475799875985762,665923.0,,672640.0,1,8,Top,,,,,,,-1.7317377025824363,-130.51975030688368,-0.1914543818692813,9.69890251230144,30.94576419491563,-33.26180837085694,3.178756562,1.604232283,,,,89.8,2448.0,6.7,823249,666023,664034,630105,592518,823550,687957,701538,665487,53.84,,,,,,,,75,5,Slider,6,5,5,6,5,6,5,6,Standard,Standard,42.0,-0.024,0.022,,,,,-0.022,,1,-1,0.632,0.368,27,26,28,27,1,4,5.0,1.0,1.0,1.0,2.94,-0.82,-0.82,38.9,,,,,,Slider,False
FF,2026-09-19,103.5,-1.26,6.3,"Miller, Mason",681715,695243,,foul,,,,,5.0,,R,R,R,SD,MIA,S,,,1,2,2026,-0.66,1.5,0.052095605583999,2.250176402012844,665923.0,,672640.0,1,8,Top,,,,,,,5.369104628204161,-150.31978365335615,-9.85595953048932,-11.293949318115418,39.95303980164627,-7.117844500704678,3.178756562,1.604232283,202.0,84.6,17.0,103.7,2509.0,6.7,823249,666023,664034,630105,592518,823550,687957,701538,665487,53.76,,,,,,,,75,4,4-Seam Fastball,6,5,5,6,5,6,5,6,Standard,Standard,206.0,0.0,0.0,75.7,7.2,,,0.0,88.0,1,-1,0.632,0.368,27,26,28,27,1,4,5.0,1.0,1.0,1.0,0.65,0.66,0.66,40.0,0.7871348345245462,7.151458358964078,31.798362789447975,38.46695112892805,24.59621035949453,Four-seam,False
FF,2026-09-19,101.1,-1.25,6.29,"Miller, Mason",681715,695243,,foul,,,,,2.0,,R,R,R,SD,MIA,S,,,1,1,2026,-0.64,1.52,0.0873095327043429,3.1486389217620827,665923.0,,672640.0,1,8,Top,,,,,,,5.2859037704449126,-146.97923573720183,-6.961900970757543,-10.59222291463088,35.244795534947826,-8.71515529334579,3.178756562,1.604232283,,,,101.8,2561.0,6.8,823249,666023,664034,630105,592518,823550,687957,701538,665487,53.75,,,,,,,,75,3,4-Seam Fastball,6,5,5,6,5,6,5,6,Standard,Standard,203.0,0.04,-0.074,79.5,7.4,,,0.074,,1,-1,0.592,0.408,27,26,28,27,1,4,5.0,1.0,1.0,1.0,0.72,0.64,0.64,42.2,10.997102791978923,-1.558311980608273,21.561497998378407,39.94582109119217,35.18021106709382,Four-seam,False
FF,2026-09-19,101.5,-1.23,6.36,"Miller, Mason",681715,695243,,ball,,,,,12.0,,R,R,R,SD,MIA,B,,,0,1,2026,-0.81,1.25,0.487144249637385,3.70914478591628,665923.0,,672640.0,1,8,Top,,,,,,,6.784962218952316,-147.59812346182125,-5.012930446472029,-13.464274242862093,35.76168882289364,-12.885597687553014,3.178756562,1.604232283,,,,102.4,2481.0,6.8,823249,666023,664034,630105,592518,823550,687957,701538,665487,53.67,,,,,,,,75,2,4-Seam Fastball,6,5,5,6,5,6,5,6,Standard,Standard,202.0,-0.016,0.009,,,,,-0.009,,1,-1,0.608,0.392,27,26,28,27,1,4,5.0,1.0,1.0,1.0,0.97,0.81,0.81,43.9,,,,,,Four-seam,False
SL,2026-09-19,87.9,-1.49,6.16,"Miller, Mason",681715,695243,,called_strike,,,,,1.0,,R,R,R,SD,MIA,S,,,0,0,2026,0.95,-0.07,-0.3404838813498405,2.909744989985806,665923.0,,672640.0,1,8,Top,,,,,,,0.7471342706342328,-127.95910304669896,-1.3914211186858907,10.198082951723189,27.692765720707097,-32.881714491090825,3.178756562,1.604232283,,,,88.3,2444.0,6.6,823249,666023,664034,630105,592518,823550,687957,701538,665487,53.86,,,,,,,,75,1,Slider,6,5,5,6,5,6,5,6,Standard,Standard,45.0,0.024,-0.049,,,,,0.049,,1,-1,0.584,0.416,27,26,28,27,1,4,5.0,1.0,1.0,1.0,3.03,-0.95,-0.95,37.6,,,,,,Slider,False
FF,2026-09-14,100.4,-1.33,6.25,"Miller, Mason",691182,695243,field_out,hit_into_play,,,,,4.0,"Rockies challenged (play at 1st), call on the field was upheld: Adael Amador grounds out, third baseman Manny Machado to first baseman Ty France.",R,L,R,COL,SD,X,5.0,ground_ball,1,0,2026,-0.38,1.18,-0.557681294578092,2.0956297664725696,,,691728.0,2,9,Bot,110.26,162.83,,,,,3.0653427877871264,-146.30880683138443,-8.954557899224017,-6.132020258932262,25.97315987814903,-13.531366870041824,3.172613189,1.60113189,1.0,82.6,-70.0,102.4,2466.0,6.7,824308,666023,664034,630105,592518,593428,687749,701538,665487,53.78,0.329,0.296,0.0,1.0,0.0,0.0,2.0,86,2,4-Seam Fastball,7,8,7,8,8,7,7,8,Infield shade,Standard,205.0,-0.107,-0.313,62.4,5.8,,0.329,0.313,88.0,-1,-1,0.107,0.107,27,23,28,23,1,4,2.0,1.0,5.0,1.0,1.03,0.38,-0.38,40.3,-8.262335284211092,29.166719549598056,28.196485836307808,40.307337109588374,17.367266084765607,Four-seam,True
SL,2026-09-14,87.6,-1.46,6.05,"Miller, Mason",691182,695243,,ball,,,,,13.0,,R,L,R,COL,SD,B,,,0,0,2026,0.56,-0.2,-0.1243634526396864,1.4287718702664187,,,691728.0,2,9,Bot,,,,,,,2.030263011398024,-127.77085978583467,-4.549267584187103,5.912567117888885,20.880945096342614,-33.783601934696065,3.172613189,1.60113189,,,,89.4,2369.0,6.8,824308,666023,664034,630105,592518,593428,687749,701538,665487,53.68,,,,,,,,86,1,Slider,7,8,7,8,8,7,7,8,Standard,Standard,34.0,0.008,0.038,,,,,-0.038,,-1,-1,0.099,0.099,27,23,28,23,1,4,2.0,1.0,5.0,1.0,3.1,-0.56,0.56,37.8,,,,,,Slider,False
SL,2026-09-14,89.1,-1.52,6.0,"Miller, Mason",666160,695243,strikeout,swinging_strike,,,,,14.0,Mickey Moniak strikes out swinging.,R,L,R,COL,SD,S,2.0,,0,2,2026,0.74,-0.18,0.4418165567855504,1.1779654899620593,,,691728.0,1,9,Bot,,,,,,,3.2147185628190305,-129.88518064523143,-5.32052077390807,7.876349990486463,23.551583179403096,-33.42688658183256,3.254232283,1.642322835,,,,90.5,2550.0,6.8,824308,666023,664034,630105,592518,593428,687749,701538,665487,53.74,,0.0,0.0,1.0,0.0,0.0,,85,3,Slider,7,8,7,8,8,7,7,8,Infield shade,Standard,37.0,-0.069,-0.161,75.6,8.8,0.6653733,,0.161,,-1,-1,0.168,0.168,27,28,28,28,1,4,2.0,1.0,5.0,1.0,3.01,-0.74,0.74,37.2,26.21238901047571,-22.238409196475995,35.100532206830636,33.204051433975565,36.460907306799015,Slider,True
SL,2026-09-14,87.2,-1.31,6.06,"Miller, Mason",666160,695243,,swinging_strike_blocked,,,,,14.0,,R,L,R,COL,SD,S,,,0,1,2026,0.64,-0.2,1.9449067075926336,0.3009329219327563,,,691728.0,1,9,Bot,,,,,,,6.443466098938024,-126.89923421798548,-7.14376317146937,5.874163534110513,22.03824215569828,-33.26153733233193,3.254232283,1.642322835,,,,88.6,2353.0,6.8,824308,666023,664034,630105,592518,593428,687749,701538,665487,53.69,,,,,,,,85,2,Slider,7,8,7,8,8,7,7,8,Standard,Standard,32.0,-0.029,-0.058,37.0,8.3,14.002049508,,0.058,,-1,-1,0.197,0.197,27,28,28,28,1,4,2.0,1.0,5.0,1.0,3.16,-0.64,0.64,38.0,38.10595587098428,-11.619752424232598,42.48409052722515,16.582076378224784,35.90712515910807,Slider,False
SL,2026-09-14,86.8,-1.45,6.12,"Miller, Mason",666160,695243,,swinging_strike,,,,,13.0,,R,L,R,COL,SD,S,,,0,0,2026,0.42,-0.34,-0.108621841816976,0.8528743893800272,,,691728.0,1,9,Bot,,,,,,,2.3370523495788404,-126.4185200084777,-5.552156832932644,4.061368799015033,23.09453327842978,-35.024619746007005,3.254232283,1.642322835,,,,88.1,2367.0,6.8,824308,666023,664034,630105,592518,593428,687749,701538,665487,53.7,,,,,,,,85,1,Slider,7,8,7,8,8,7,7,8,Standard,Standard,32.0,-0.017,-0.037,68.8,9.4,10.085252016,,0.037,,-1,-1,0.214,0.214,27,28,28,28,1,4,2.0,1.0,5.0,1.0,3.33,-0.42,0.42,40.6,24.4615897996164,-44.07571002438769,35.19176016686919,40.28589300776038,51.47247577162683,Slider,False
FF,2026-09-14,100.8,-1.27,6.28,"Miller, Mason",691720,695243,single,hit_into_play,,,,,4.0,Kyle Karros singles on a sharp ground ball to pitcher Mason Miller.,R,R,R,COL,SD,X,1.0,ground_ball,1,1,2026,-0.46,1.07,-0.3917539804463757,2.617980598328608,,,,1,9,Bot,124.95,184.11,,,,,3.572341064839878,-146.91977385640996,-7.400802637218576,-7.488811768268235,26.339538429444097,-15.15994462832053,3.431512467,1.731791339,25.0,100.9,-4.0,102.7,2434.0,6.7,824308,666023,664034,630105,592518,593428,687749,701538,665487,53.82,0.35,0.315,0.9,1.0,1.0,0.0,2.0,84,3,4-Seam Fastball,7,8,7,8,8,7,7,8,Standard,Standard,205.0,0.102,0.428,63.4,5.6,,0.377,-0.428,100.9,-1,-1,0.112,0.112,27,23,28,24,1,4,2.0,2.0,5.0,1.0,1.12,0.46,0.46,40.2,-8.756651948496666,9.329137083466687,44.85440813060677,29.47222059384489,13.49947731673451,Four-seam,True
SL,2026-09-14,88.3,-1.3,6.13,"Miller, Mason",691720,695243,,ball,,,,,11.0,,R,R,R,COL,SD,B,,,0,1,2026,0.65,-0.19,-0.6617880282604859,3.5863607100377997,,,,1,9,Bot,,,,,,,0.1424420889183484,-128.81937092594893,0.3727666091981665,7.3571910550572435,22.201809076587665,-34.54736281319292,3.431512467,1.731791339,,,,89.9,2444.0,6.8,824308,666023,664034,630105,592518,593428,687749,701538,665487,53.72,,,,,,,,84,2,Slider,7,8,7,8,8,7,7,8,Standard,Standard,43.0,0.007,0.032,,,,,-0.032,,-1,-1,0.105,0.105,27,23,28,24,1,4,2.0,2.0,5.0,1.0,3.06,-0.65,-0.65,39.0,,,,,,Slider,False
SL,2026-09-14,87.8,-1.35,6.19,"Miller, Mason",691720,695243,,called_strike,,,,,6.0,,R,R,R,COL,SD,S,,,0,0,2026,0.55,-0.3,0.5854873639974411,2.7220792785530814,,,,1,9,Bot,,,,,,,3.4938726208037343,-128.0547775944773,-1.5548260303588108,5.546685405602742,22.352924993090244,-35.47301421973505,3.431512467,1.731791339,,,,89.5,2457.0,6.9,824308,666023,664034,630105,592518,593428,687749,701538,665487,53.63,,,,,,,,84,1,Slider,7,8,7,8,8,7,7,8,Standard,Standard,39.0,-0.01,-0.041,,,,,0.041,,-1,-1,0.115,0.115,27,23,28,24,1,4,2.0,2.0,5.0,1.0,3.21,-0.55,-0.55,37.5,,,,,,Slider,False
FF,2026-09-14,101.6,-1.44,6.17,"Miller, Mason",694249,695243,strikeout,swinging_strike,,,,,1.0,Cole Carrigg strikes out swinging.,R,L,R,COL,SD,S,2.0,,2,2,2026,-0.37,1.01,-0.4596025260257876,3.1298493438888624,,,,0,9,Bot,,,,,,,3.673754347725683,-148.1269530748667,-5.678782571441732,-6.2796057992866245,28.118054697200993,-16.143133157977502,3.284949147,1.657824803,,,,103.7,2467.0,6.8,824308,666023,664034,630105,592518,593428,687749,701538,665487,53.65,,0.0,0.0,1.0,0.0,0.0,,83,6,4-Seam Fastball,7,8,7,8,8,7,7,8,Infield shade,Standard,200.0,-0.076,-0.232,68.9,6.1,0.255512112,,0.232,,-1,-1,0.191,0.191,27,24,28,24,1,4,2.0,1.0,5.0,1.0,1.15,0.37,-0.37,40.2,-5.426344140518495,21.148625730690053,38.66025147162994,37.30365223174792,15.004038001868189,Four-seam,True
SL,2026-09-14,88.9,-1.43,6.11,"Miller, Mason",694249,695243,,foul,,,,,7.0,,R,L,R,COL,SD,S,,,2,2,2026,0.55,-0.42,-0.3403408854957064,1.8618132247265549,,,,0,9,Bot,,,,,,,1.485993588718423,-129.6028310530732,-3.407859498429783,6.038874855348758,22.08403679493252,-36.51224330487214,3.284949147,1.657824803,3.0,73.1,-31.0,90.6,2573.0,6.8,824308,666023,664034,630105,592518,593428,687749,701538,665487,53.68,,,,,,,,83,5,Slider,7,8,7,8,8,7,7,8,Infield shade,Standard,37.0,0.0,0.0,72.7,7.9,,,0.0,88.0,-1,-1,0.191,0.191,27,24,28,24,1,4,2.0,1.0,5.0,1.0,3.25,-0.55,0.55,37.2,19.64826055858016,-2.548369788036135,37.68104214854452,37.00588438261856,35.304141321312976,Slider,False
SL,2026-09-14,88.3,-1.42,6.06,"Miller, Mason",694249,695243,,ball,,,,,14.0,,R,L,R,COL,SD,B,,,1,2,2026,0.67,-0.48,1.3108772145905196,1.7137843490760751,,,,0,9,Bot,,,,,,,5.20629979804446,-128.63172821300304,-3.3789284192891924,6.587419874567157,22.607141759473443,-37.10224510575362,3.284949147,1.657824803,,,,89.7,2582.0,6.7,824308,666023,664034,630105,592518,593428,687749,701538,665487,53.76,,,,,,,,83,4,Slider,7,8,7,8,8,7,7,8,Infield shade,Standard,38.0,0.014,0.046,,,,,-0.046,,-1,-1,0.177,0.177,27,24,28,24,1,4,2.0,1.0,5.0,1.0,3.36,-0.67,0.67,35.6,,,,,,Slider,False
SL,2026-09-14,87.7,-1.54,6.1,"Miller, Mason",694249,695243,,swinging_strike,,,,,9.0,,R,L,R,COL,SD,S,,,1,1,2026,0.96,-0.44,0.6735446479727363,1.5682792885093677,,,,0,9,Bot,,,,,,,3.302017846672391,-127.93333477052045,-3.81961559651964,10.130967452157524,21.568934088497652,-36.61636532446187,3.284949147,1.657824803,,,,89.4,2581.0,6.8,824308,666023,664034,630105,592518,593428,687749,701538,665487,53.68,,,,,,,,83,3,Slider,7,8,7,8,8,7,7,8,Infield shade,Standard,34.0,-0.023,-0.06,71.3,8.6,3.59696448,,0.06,,-1,-1,0.2,0.2,27,24,28,24,1,4,2.0,1.0,5.0,1.0,3.35,-0.96,0.96,40.0,28.369380957805713,-33.61691296918803,38.60935470144557,25.97204443699507,53.060751744527536,Slider,False
SL,2026-09-14,87.8,-1.6,6.09,"Miller, Mason",694249,695243,,swinging_strike,,,,,14.0,,R,L,R,COL,SD,S,,,1,0,2026,0.63,-0.4,1.2588416022763855,2.024164724451804,,,,0,9,Bot,,,,,,,5.547897990221966,-127.97997862332174,-2.791432704053218,6.045171049813018,22.30881367969086,-36.26013364355308,3.284949147,1.657824803,,,,89.1,2569.0,6.6,824308,666023,664034,630105,592518,593428,687749,701538,665487,53.87,,,,,,,,83,2,Slider,7,8,7,8,8,7,7,8,Standard,Standard,43.0,-0.017,-0.055,36.4,8.2,9.829893216,,0.055,,-1,-1,0.217,0.217,27,24,28,24,1,4,2.0,1.0,5.0,1.0,3.31,-0.63,0.63,36.3,27.393174027261544,-29.93802616009265,43.08150860714154,18.69295364583575,44.10587243102175,Slider,False
SL,2026-09-14,86.8,-1.52,6.19,"Miller, Mason",694249,695243,,ball,,,,,11.0,,R,L,R,COL,SD,B,,,0,0,2026,0.63,-0.37,-0.4871015761264095,3.5487972791629265,,,,0,9,Bot,,,,,,,1.130899678397446,-126.64759179021696,0.6988940898397085,6.657825596154178,21.438592423410903,-36.516488073061474,3.284949147,1.657824803,,,,87.9,2530.0,6.5,824308,666023,664034,630105,592518,593428,687749,701538,665487,54.03,,,,,,,,83,1,Slider,7,8,7,8,8,7,7,8,Strategic,Standard,47.0,0.013,0.042,,,,,-0.042,,-1,-1,0.204,0.204,27,24,28,24,1,4,2.0,1.0,5.0,1.0,3.34,-0.63,0.63,35.9,,,,,,Slider,False
SL,2026-09-12,88.5,-1.3,6.08,"Miller, Mason",801501,695243,strikeout,swinging_strike,,,,,14.0,Nate Furman strikes out swinging.,R,L,R,SF,SD,S,2.0,,2,2,2026,1.01,-0.33,0.8075399846894646,0.7734245783743332,,,,2,9,Bot,,,,,,,2.9681378104794716,-128.8409322344043,-5.976729626622232,10.648528123436751,26.608708831137605,-34.77307985740505,3.015518373,1.521850394,,,,89.6,2564.0,7.0,823170,666023,630105,823550,592518,593428,687749,701538,665487,53.55,,0.0,0.0,1.0,0.0,0.0,,81,5,Slider,6,7,6,7,7,6,6,7,Infield shade,Standard,40.0,-0.047,-0.223,67.3,8.4,6.647175552,,0.223,,-1,-1,0.047,0.047,27,24,28,25,1,0,1.0,1.0,2.0,2.0,3.23,-1.01,1.01,40.4,40.68351126360133,-40.22615260743511,42.11329433074471,25.28237589004196,55.095878658660325,Slider,True
FF,2026-09-12,101.4,-1.13,6.2,"Miller, Mason",801501,695243,,swinging_strike,,,,,11.0,,R,L,R,SF,SD,S,,,2,1,2026,-0.38,1.43,-0.4858924631784359,3.366241982117916,,,,2,9,Bot,,,,,,,2.7361690219474153,-147.59726343164104,-5.954081468336483,-6.272174692998059,35.45729198490415,-10.116011626589298,3.015518373,1.521850394,,,,102.3,2571.0,6.8,823170,666023,630105,823550,592518,593428,687749,701538,665487,53.74,,,,,,,,81,4,4-Seam Fastball,6,7,6,7,7,6,6,7,Infield shade,Standard,204.0,-0.005,-0.079,41.1,5.0,1.569713304,,0.079,,-1,-1,0.052,0.052,27,24,28,25,1,0,1.0,1.0,2.0,2.0,0.79,0.38,-0.38,42.2,-3.326046710045317,32.967547380368394,30.4962496800314,38.7914027748333,6.085900898705319,Four-seam,False
FF,2026-09-12,101.0,-1.13,6.29,"Miller, Mason",801501,695243,,ball,,,,,11.0,,R,L,R,SF,SD,B,,,1,1,2026,-0.42,1.59,-0.5606726664146795,3.520248932064839,,,,2,9,Bot,,,,,,,2.611796110010418,-146.8990522779459,-6.045474437629409,-6.776905751773686,36.74112333782139,-7.988545272441392,3.015518373,1.521850394,,,,101.5,2542.0,6.7,823170,666023,630105,823550,592518,593428,687749,701538,665487,53.78,,,,,,,,81,3,4-Seam Fastball,6,7,6,7,7,6,6,7,Infield shade,Standard,201.0,0.005,0.055,,,,,-0.055,,-1,-1,0.047,0.047,27,24,28,25,1,0,1.0,1.0,2.0,2.0,0.66,0.42,-0.42,42.9,,,,,,Four-seam,False
FF,2026-09-12,101.7,-1.3,6.21,"Miller, Mason",801501,695243,,ball,,,,,11.0,,R,L,R,SF,SD,B,,,0,1,2026,-0.54,1.43,-1.3993800184550635,3.0989946196457563,,,,2,9,Bot,,,,,,,1.0695764535103227,-147.9174826941233,-6.701751984719687,-8.189805543095344,39.17513570084602,-9.838871143865472,3.015518373,1.521850394,,,,102.0,2435.0,6.7,823170,666023,630105,823550,592518,593428,687749,701538,665487,53.78,,,,,,,,81,2,4-Seam Fastball,6,7,6,7,7,6,6,7,Infield shade,Standard,190.0,0.0,0.03,,,,,-0.03,,-1,-1,0.047,0.047,27,24,28,25,1,0,1.0,1.0,2.0,2.0,0.8,0.54,-0.54,40.6,,,,,,Four-seam,False
FF,2026-09-12,100.6,-1.19,6.29,"Miller, Mason",801501,695243,,called_strike,,,,,8.0,,R,L,R,SF,SD,S,,,0,0,2026,-0.71,1.15,0.1540893341341731,1.524197247422079,,,,2,9,Bot,,,,,,,5.442354480425073,-146.11048154662944,-10.406413823972088,-11.464285020475424,35.06334884707948,-13.457705430848272,3.015518373,1.521850394,,,,101.2,2374.0,6.8,823170,666023,630105,823550,592518,593428,687749,701538,665487,53.73,,,,,,,,81,1,4-Seam Fastball,6,7,6,7,7,6,6,7,Infield shade,Standard,150.0,0.0,-0.045,,,,,0.045,,-1,-1,0.047,0.047,27,24,28,25,1,0,1.0,1.0,2.0,2.0,1.12,0.71,-0.71,43.7,,,,,,Four-seam,False
FF,2026-09-12,100.8,-1.14,6.23,"Miller, Mason",808982,695243,field_out,hit_into_play,,,,,9.0,Jung Hoo Lee lines out to center fielder Jackson Merrill.,R,L,R,SF,SD,X,8.0,line_drive,3,2,2026,-0.71,1.33,0.4051467778953583,2.1104759954670165,,,,1,9,Bot,101.07,80.42,,,,,6.015164942129101,-146.45803244835963,-9.17314402013753,-11.70762320753603,35.04177265022232,-10.963901814208764,3.22351542,1.626820866,302.0,94.7,21.0,101.6,2412.0,6.9,823170,666023,630105,823550,592518,593428,687749,701538,665487,53.64,0.226,0.278,0.0,1.0,0.0,0.0,3.0,80,6,4-Seam Fastball,6,7,6,7,7,6,6,7,Infield shade,Standard,224.0,-0.083,-0.345,68.6,7.3,,0.444,0.345,94.7,-1,-1,0.13,0.13,27,27,28,28,1,3,1.0,1.0,2.0,1.0,0.92,0.71,-0.71,44.7,-3.983525570079176,0.1503124222989336,47.999414595558555,25.45146475439792,25.88448006984591,Four-seam,True
SL,2026-09-12,89.5,-1.22,6.09,"Miller, Mason",808982,695243,,ball,,,,,14.0,,R,L,R,SF,SD,B,,,2,2,2026,1.13,-0.65,1.5612979723844984,-0.0092503545955096,,,,1,9,Bot,,,,,,,4.386628255780328,-130.1613923520416,-7.42614773918134,12.002733103233284,26.696188224467576,-38.25171291878285,3.22351542,1.626820866,,,,90.7,2575.0,7.0,823170,666023,630105,823550,592518,593428,687749,701538,665487,53.48,,,,,,,,80,5,Slider,6,7,6,7,7,6,6,7,Infield shade,Standard,30.0,0.025,0.112,,,,,-0.112,,-1,-1,0.105,0.105,27,27,28,28,1,3,1.0,1.0,2.0,1.0,3.49,-1.13,1.13,41.4,,,,,,Slider,False
SL,2026-09-12,88.6,-1.34,6.17,"Miller, Mason",808982,695243,,swinging_strike,,,,,9.0,,R,L,R,SF,SD,S,,,2,1,2026,1.08,-0.31,0.7534409225436018,1.8182067831519968,,,,1,9,Bot,,,,,,,2.7784961413005433,-129.18869982844612,-3.831946768772456,11.777775030583838,22.263241349324872,-35.15960449792944,3.22351542,1.626820866,,,,90.1,2547.0,6.7,823170,666023,630105,823550,592518,593428,687749,701538,665487,53.79,,,,,,,,80,4,Slider,6,7,6,7,7,6,6,7,Infield shade,Standard,39.0,-0.02,-0.075,72.9,8.3,1.651762272,,0.075,,-1,-1,0.125,0.125,27,27,28,28,1,3,1.0,1.0,2.0,1.0,3.16,-1.08,1.08,41.9,17.26976829041306,-19.209653286464565,38.15022726292892,21.978340100494655,41.57161234983956,Slider,False
FF,2026-09-12,100.9,-1.21,6.28,"Miller, Mason",808982,695243,,called_strike,,,,,4.0,,R,L,R,SF,SD,S,,,2,0,2026,-0.59,1.31,-0.4526218155700383,2.2615449124571474,,,,1,9,Bot,,,,,,,3.540895196727673,-146.8064932960201,-8.873716140176443,-9.305546204392058,33.49431515387098,-11.406778734649034,3.22351542,1.626820866,,,,101.9,2529.0,6.8,823170,666023,630105,823550,592518,593428,687749,701538,665487,53.74,,,,,,,,80,3,4-Seam Fastball,6,7,6,7,7,6,6,7,Infield shade,Standard,215.0,-0.02,-0.069,,,,,0.069,,-1,-1,0.145,0.145,27,27,28,28,1,3,1.0,1.0,2.0,1.0,0.93,0.59,-0.59,42.1,,,,,,Four-seam,False
FF,2026-09-12,100.8,-1.26,6.31,"Miller, Mason",808982,695243,,ball,,,,,13.0,,R,L,R,SF,SD,B,,,1,0,2026,-0.74,1.5,-0.7638585873726678,1.1726911065168826,,,,1,9,Bot,,,,,,,3.177183884103135,-146.4057746807729,-12.392341054232425,-11.335409543473071,34.17284844332325,-7.826812317394148,3.22351542,1.626820866,,,,101.7,2601.0,6.8,823170,666023,630105,823550,592518,593428,687749,701538,665487,53.65,,,,,,,,80,2,4-Seam Fastball,6,7,6,7,7,6,6,7,Infield shade,Standard,199.0,0.02,0.075,,,,,-0.075,,-1,-1,0.125,0.125,27,27,28,28,1,3,1.0,1.0,2.0,1.0,0.75,0.74,-0.74,42.1,,,,,,Four-seam,False
SL,2026-09-12,88.2,-1.08,6.15,"Miller, Mason",808982,695243,,ball,,,,,14.0,,R,L,R,SF,SD,B,,,0,0,2026,0.86,-0.48,1.3282172034295336,1.200803565050192,,,,1,9,Bot,,,,,,,4.001657855840244,-128.3078649102318,-4.661082625320919,8.603796957645962,28.08919031108376,-36.70383069761384,3.22351542,1.626820866,,,,89.1,2499.0,7.0,823170,666023,630105,823550,592518,593428,687749,701538,665487,53.53,,,,,,,,80,1,Slider,6,7,6,7,7,6,6,7,Infield shade,Standard,35.0,0.01,0.041,,,,,-0.041,,-1,-1,0.115,0.115,27,27,28,28,1,3,1.0,1.0,2.0,1.0,3.43,-0.86,0.86,42.7,,,,,,Slider,False
FF,2026-09-12,101.0,-1.26,6.25,"Miller, Mason",806367,695243,strikeout,swinging_strike,,,,,8.0,Turner Hill strikes out swinging.,R,L,R,SF,SD,S,2.0,,3,2,2026,-0.58,1.22,0.223981159212474,1.911982616533055,,,,0,9,Bot,,,,,,,5.541123603936639,-146.71947718766262,-9.497921155004844,-9.741187069069971,36.12920257348234,-12.501465371977028,3.136630577,1.582972441,,,,101.6,2621.0,6.8,823170,666023,630105,823550,592518,593428,687749,701538,665487,53.7,,0.0,0.0,1.0,0.0,0.0,,79,6,4-Seam Fastball,6,7,6,7,7,6,6,7,Infield shade,Standard,160.0,-0.109,-0.346,,,,,0.346,,-1,-1,0.224,0.224,27,27,28,27,1,3,1.0,1.0,2.0,1.0,1.03,0.58,-0.58,42.9,,,,,,Four-seam,True
FF,2026-09-12,101.3,-1.2,6.37,"Miller, Mason",806367,695243,,ball,,,,,11.0,,R,L,R,SF,SD,B,,,2,2,2026,-0.23,1.38,-0.3364265814662411,3.989394140597704,,,,0,9,Bot,,,,,,,2.95636453763108,-147.56620459815738,-4.632078183491803,-4.009203196996592,30.82965346043915,-10.973522297473975,3.136630577,1.582972441,,,,102.8,2542.0,6.8,823170,666023,630105,823550,592518,593428,687749,701538,665487,53.75,,,,,,,,79,5,4-Seam Fastball,6,7,6,7,7,6,6,7,Infield shade,Standard,205.0,0.033,0.113,,,,,-0.113,,-1,-1,0.191,0.191,27,27,28,27,1,3,1.0,1.0,2.0,1.0,0.81,0.23,-0.23,45.6,,,,,,Four-seam,False
FF,2026-09-12,100.6,-1.28,6.28,"Miller, Mason",806367,695243,,ball,,,,,11.0,,R,L,R,SF,SD,B,,,1,2,2026,-0.66,1.26,-0.8929730807103508,3.369438698948935,,,,0,9,Bot,,,,,,,2.684193949254766,-146.4554212431241,-5.624582065233515,-10.179426312316057,33.652686188264774,-12.942987827904318,3.136630577,1.582972441,,,,101.5,2535.0,6.7,823170,666023,630105,823550,592518,593428,687749,701538,665487,53.8,,,,,,,,79,4,4-Seam Fastball,6,7,6,7,7,6,6,7,Infield shade,Standard,196.0,0.014,0.046,,,,,-0.046,,-1,-1,0.177,0.177,27,27,28,27,1,3,1.0,1.0,2.0,1.0,0.99,0.66,-0.66,42.2,,,,,,Four-seam,False
FF,2026-09-12,100.2,-1.31,6.3,"Miller, Mason",806367,695243,,called_strike,,,,,4.0,,R,L,R,SF,SD,S,,,1,1,2026,-0.32,1.38,-0.3421640648971176,2.373939007725532,,,,0,9,Bot,,,,,,,3.454854569356436,-145.77290132055802,-8.675043114236987,-5.361182137850997,32.63002580903416,-10.63766570254825,3.136630577,1.582972441,,,,101.4,2394.0,6.8,823170,666023,630105,823550,592518,593428,687749,701538,665487,53.68,,,,,,,,79,3,4-Seam Fastball,6,7,6,7,7,6,6,7,Infield shade,Standard,204.0,-0.023,-0.06,,,,,0.06,,-1,-1,0.2,0.2,27,27,28,27,1,3,1.0,1.0,2.0,1.0,0.88,0.32,-0.32,41.8,,,,,,Four-seam,False
FF,2026-09-12,100.6,-1.56,6.27,"Miller, Mason",806367,695243,,ball,,,,,11.0,,R,L,R,SF,SD,B,,,0,1,2026,-0.65,1.26,-1.731577366176861,2.4278663059061296,,,,0,9,Bot,,,,,,,1.1115298454562643,-146.43537366800246,-8.189736538356561,-9.639653759020582,33.77714281434133,-12.287852219217305,3.136630577,1.582972441,,,,101.4,2520.0,6.7,823170,666023,630105,823550,592518,593428,687749,701538,665487,53.84,,,,,,,,79,2,4-Seam Fastball,6,7,6,7,7,6,6,7,Strategic,Standard,199.0,0.009,0.029,,,,,-0.029,,-1,-1,0.191,0.191,27,27,28,27,1,3,1.0,1.0,2.0,1.0,0.98,0.65,-0.65,37.2,,,,,,Four-seam,False
FF,2026-09-12,100.7,-1.35,6.38,"Miller, Mason",806367,695243,,foul,,,,,12.0,,R,L,R,SF,SD,S,,,0,0,2026,-0.62,1.34,0.9717678040834014,2.7643892645143877,,,,0,9,Bot,,,,,,,7.907271659926676,-146.50034106401526,-7.826013606943649,-10.663877564780911,29.940856511630535,-11.263591356647582,3.136630577,1.582972441,238.0,77.0,29.0,102.0,2449.0,6.7,823170,666023,630105,823550,592518,593428,687749,701538,665487,53.79,,,,,,,,79,1,4-Seam Fastball,6,7,6,7,7,6,6,7,Infield shade,Standard,205.0,-0.013,-0.041,66.6,6.2,,,0.041,88.0,-1,-1,0.204,0.204,27,27,28,27,1,3,1.0,1.0,2.0,1.0,0.89,0.62,-0.62,43.6,9.90266905035626,-4.7179812144041335,34.34026062734444,25.413423435066036,33.002438207068664,Four-seam,False
FF,2026-09-11,102.8,-1.29,6.26,"Miller, Mason",805811,695243,strikeout,called_strike,,,,,7.0,Bryce Eldridge called out on strikes.,R,L,R,SF,SD,S,2.0,,2,2,2026,-0.85,1.25,-0.4217950067271385,1.9066810928287925,801501.0,813841.0,646240.0,2,9,Bot,,,,,,,4.550008148179597,-149.35049665825704,-9.984432253166146,-13.8702295871181,35.967358153249194,-11.232741090965376,3.541215551,1.787155512,,,,103.4,2500.0,6.7,823173,666023,630105,823550,592518,593428,687749,701538,665487,53.82,,0.0,0.0,1.0,0.0,0.0,,82,6,4-Seam Fastball,5,7,5,7,7,5,5,7,Infield shade,Standard,205.0,-0.164,-0.2,,,,,0.2,,-2,-2,0.164,0.164,27,21,28,22,1,4,4.0,2.0,1.0,1.0,0.91,0.85,-0.85,39.9,,,,,,Four-seam,True
SL,2026-09-11,89.3,-1.19,6.11,"Miller, Mason",805811,695243,,foul,,,,,9.0,,R,L,R,SF,SD,S,,,2,2,2026,0.93,-0.45,0.3297496544780136,1.7835602557450487,801501.0,813841.0,646240.0,2,9,Bot,,,,,,,1.7104828015697104,-129.99307360374658,-3.4310460176498014,10.12808704509702,27.77365831528732,-36.76544234852361,3.541215551,1.787155512,5.0,76.7,-21.0,90.2,2502.0,6.8,823173,666023,630105,823550,592518,593428,687749,701538,665487,53.65,,,,,,,,82,5,Slider,5,7,5,7,7,5,5,7,Infield shade,Standard,39.0,0.0,0.0,74.1,8.2,,,0.0,88.0,-2,-2,0.164,0.164,27,21,28,22,1,4,4.0,2.0,1.0,1.0,3.31,-0.93,0.93,39.9,27.652386742007476,-14.446006562774896,43.525658362066345,33.40308262483874,37.054174393462375,Slider,False
SL,2026-09-11,88.9,-1.28,6.12,"Miller, Mason",805811,695243,,swinging_strike_blocked,,,,,14.0,,R,L,R,SF,SD,S,,,2,1,2026,0.93,-0.46,1.5439693837741104,0.2298871844713739,801501.0,813841.0,646240.0,2,9,Bot,,,,,,,4.891125840782684,-129.24009492687074,-7.142573364171341,9.302250106376174,28.196023302321976,-35.90844300454661,3.541215551,1.787155512,,,,89.6,2535.0,6.8,823173,666023,630105,823550,592518,593428,687749,701538,665487,53.65,,,,,,,,82,4,Slider,5,7,5,7,7,5,5,7,Infield shade,Standard,35.0,-0.026,-0.087,47.1,7.8,14.074102452,,0.087,,-2,-2,0.19,0.19,27,21,28,22,1,4,4.0,2.0,1.0,1.0,3.36,-0.93,0.93,40.3,21.348437335273974,-14.385159439863363,46.87178394800251,20.15484807899943,38.62303743080137,Slider,False
SL,2026-09-11,88.1,-1.23,6.16,"Miller, Mason",805811,695243,,called_strike,,,,,3.0,,R,L,R,SF,SD,S,,,2,0,2026,1.13,-0.45,0.5522298656213795,3.557314509058695,801501.0,813841.0,646240.0,2,9,Bot,,,,,,,1.9108606541329012,-128.35220639814284,0.9124791990880086,12.06912171401253,26.51015783208055,-37.55867219131174,3.541215551,1.787155512,,,,88.8,2454.0,6.7,823173,666023,630105,823550,592518,593428,687749,701538,665487,53.82,,,,,,,,82,3,Slider,5,7,5,7,7,5,5,7,Infield shade,Standard,43.0,-0.021,-0.058,,,,,0.058,,-2,-2,0.211,0.211,27,21,28,22,1,4,4.0,2.0,1.0,1.0,3.38,-1.13,1.13,40.2,,,,,,Slider,False
FF,2026-09-11,101.9,-1.21,6.28,"Miller, Mason",805811,695243,,ball,,,,,14.0,,R,L,R,SF,SD,B,,,1,0,2026,-0.35,1.4,1.457654694469097,2.006044644323977,801501.0,813841.0,646240.0,2,9,Bot,,,,,,,8.317180066677944,-147.9361862805803,-9.978273347830662,-7.002129738123676,33.38086886026744,-9.413335245527238,3.541215551,1.787155512,,,,102.9,2502.0,6.8,823173,666023,630105,823550,592518,593428,687749,701538,665487,53.68,,,,,,,,82,2,4-Seam Fastball,5,7,5,7,7,5,5,7,Infield shade,Standard,210.0,0.021,0.067,,,,,-0.067,,-2,-2,0.19,0.19,27,21,28,22,1,4,4.0,2.0,1.0,1.0,0.8,0.35,-0.35,43.0,,,,,,Four-seam,False
SL,2026-09-11,88.1,-1.45,6.23,"Miller, Mason",805811,695243,,ball,,,,,13.0,,R,L,R,SF,SD,B,,,0,0,2026,1.1,-0.45,-1.4166157168220628,2.491903706208158,801501.0,813841.0,646240.0,2,9,Bot,,,,,,,-2.269542379612257,-128.337604052955,-1.8129973571534783,12.58969570997475,27.63801529814792,-36.956814516821275,3.541215551,1.787155512,,,,88.7,2562.0,6.7,823173,666023,630105,823550,592518,593428,687749,701538,665487,53.81,,,,,,,,82,1,Slider,5,7,5,7,7,5,5,7,Infield shade,Standard,42.0,0.01,0.029,,,,,-0.029,,-2,-2,0.18,0.18,27,21,28,22,1,4,4.0,2.0,1.0,1.0,3.39,-1.1,1.1,43.5,,,,,,Slider,False
FF,2026-09-11,101.7,-1.12,6.32,"Miller, Mason",646240,695243,walk,ball,,,,,7.0,Rafael Devers walks. Nate Furman to 3rd. Jonah Cox to 2nd.,R,L,R,SF,SD,B,,,3,1,2026,-0.49,1.2,-0.2803940976120331,1.5942917832353898,,801501.0,813841.0,2,9,Bot,,,,,,,3.5513726932407392,-147.84370130940113,-10.749774825826115,-8.032853779329189,32.67184345473853,-12.314620889336831,3.217372047,1.623720472,,,,102.9,2431.0,6.8,823173,666023,630105,823550,592518,593428,687749,701538,665487,53.67,,0.698418,0.7,1.0,0.0,0.0,,81,5,4-Seam Fastball,5,7,5,7,7,5,5,7,Strategic,Strategic,204.0,0.05,0.11,,,,,-0.11,,-2,-2,0.13,0.13,27,29,28,30,1,4,4.0,3.0,1.0,1.0,1.0,0.49,-0.49,42.8,,,,,,Four-seam,True
FF,2026-09-11,101.8,-1.27,6.18,"Miller, Mason",646240,695243,,called_strike,,,,,4.0,,R,L,R,SF,SD,S,,,3,0,2026,-0.54,1.26,-0.5194072473110478,2.6393050118886174,,801501.0,813841.0,2,9,Bot,,,,,,,3.4299819449983615,-148.228035728608,-7.6525465363695,-8.71884292001641,31.340208296967155,-12.015003555449058,3.217372047,1.623720472,,,,103.3,2523.0,6.8,823173,666023,630105,823550,592518,593428,687749,701538,665487,53.7,,,,,,,,81,4,4-Seam Fastball,5,7,5,7,7,5,5,7,Infield shade,Standard,201.0,-0.017,-0.051,,,,,0.051,,-2,-2,0.147,0.147,27,29,28,30,1,4,4.0,3.0,1.0,1.0,0.92,0.54,-0.54,40.8,,,,,,Four-seam,False
SL,2026-09-11,88.3,-1.33,6.19,"Miller, Mason",646240,695243,,ball,,,,,14.0,,R,L,R,SF,SD,B,,,2,0,2026,0.81,-0.47,0.5285107439215582,1.1470244903586435,,801501.0,813841.0,2,9,Bot,,,,,,,2.7913507509300617,-128.63138376970602,-4.997709865929179,8.428761865035222,26.309769822566647,-36.54844631499455,3.217372047,1.623720472,,,,89.5,2374.0,6.9,823173,666023,630105,823550,592518,593428,687749,701538,665487,53.56,,,,,,,,81,3,Slider,5,7,5,7,7,5,5,7,Infield shade,Standard,39.0,0.025,0.063,,,,,-0.063,,-2,-2,0.122,0.122,27,29,28,30,1,4,4.0,3.0,1.0,1.0,3.38,-0.81,0.81,41.1,,,,,,Slider,False
SL,2026-09-11,88.5,-1.29,6.14,"Miller, Mason",646240,695243,,blocked_ball,,,,,14.0,,R,L,R,SF,SD,B,,,1,0,2026,0.91,-0.39,0.0961142443194157,0.3696906572150191,,801501.0,813841.0,2,9,Bot,,,,,,,1.420530948561865,-128.77378522247,-6.954259251396593,9.813158896586565,26.37501889623154,-35.35694783329686,3.217372047,1.623720472,,,,89.6,2627.0,6.9,823173,666023,630105,823550,592518,593428,687749,701538,665487,53.57,,,,,,,,81,2,Slider,5,7,5,7,7,5,5,7,Strategic,Standard,33.0,0.017,0.033,,,,,-0.033,,-2,-2,0.105,0.105,27,29,28,30,1,4,4.0,3.0,1.0,1.0,3.3,-0.91,0.91,39.9,,,,,,Slider,False
SL,2026-09-11,88.2,-1.42,6.18,"Miller, Mason",646240,695243,,ball,,,,,13.0,,R,L,R,SF,SD,B,,,0,0,2026,1.15,-0.42,-0.9728540503734676,1.688808501770092,,801501.0,813841.0,2,9,Bot,,,,,,,-1.369102800340153,-128.46276516576697,-3.719062075897689,13.01570938810382,27.16182078118648,-36.252914443613776,3.217372047,1.623720472,,,,88.9,2577.0,6.7,823173,666023,630105,823550,592518,593428,687749,701538,665487,53.79,,,,,,,,81,1,Slider,5,7,5,7,7,5,5,7,Strategic,Standard,42.0,0.008,0.029,,,,,-0.029,,-2,-2,0.097,0.097,27,29,28,30,1,4,4.0,3.0,1.0,1.0,3.35,-1.15,1.15,40.0,,,,,,Slider,False
FF,2026-09-11,101.1,-1.04,6.37,"Miller, Mason",813841,695243,single,hit_into_play,,,,,5.0,Jonah Cox singles on a bunt ground ball to third baseman Manny Machado. Nate Furman to 2nd.,R,R,R,SF,SD,X,5.0,ground_ball,0,1,2026,-0.62,1.23,0.2103904678674726,2.7698994193574276,,,801501.0,2,9,Bot,121.88,194.32,,,,,4.991196302775623,-147.0621114507207,-7.578863523401116,-10.182833570469102,33.52686116417279,-12.694129060870909,3.29109252,1.660925197,7.0,34.1,-21.0,102.4,2362.0,6.9,823173,666023,630105,823550,592518,593428,687749,701538,665487,53.57,0.414,0.374,0.9,1.0,1.0,0.0,1.0,80,2,4-Seam Fastball,5,7,5,7,7,5,5,7,Standard,Strategic,201.0,0.051,0.065,6.4,1.1,,0.419,-0.065,88.0,-2,-2,0.046,0.046,27,24,28,25,1,4,4.0,2.0,1.0,1.0,0.99,0.62,0.62,45.8,-29.295918074792063,165.49377213391548,13.512127877378935,39.69658784740563,33.55850815452322,Four-seam,True
FF,2026-09-11,101.6,-1.1,6.27,"Miller, Mason",813841,695243,,called_strike,,,,,3.0,,R,R,R,SF,SD,S,,,0,0,2026,-0.34,1.47,0.4975547143729022,3.130698834869557,,,801501.0,2,9,Bot,,,,,,,5.292538463634994,-147.82549466489507,-6.997412255587069,-6.197318133317897,32.85021866063665,-9.113526417797356,3.29109252,1.660925197,,,,103.0,2337.0,6.9,823173,666023,630105,823550,592518,593428,687749,701538,665487,53.62,,,,,,,,80,1,4-Seam Fastball,5,7,5,7,7,5,5,7,Strategic,Strategic,198.0,0.0,-0.041,,,,,0.041,,-2,-2,0.046,0.046,27,24,28,25,1,4,4.0,2.0,1.0,1.0,0.73,0.34,0.34,44.4,,,,,,Four-seam,False
FF,2026-09-11,100.4,-1.19,6.33,"Miller, Mason",801501,695243,walk,ball,,,,,11.0,Nate Furman walks.,R,L,R,SF,SD,B,,,3,2,2026,-0.47,1.23,-0.6333724933078417,4.086582503849209,,,,2,9,Bot,,,,,,,2.665458206009515,-146.26401040874077,-3.748565084933434,-7.382721057021603,31.111310564511207,-13.71576835193706,3.015518373,1.521850394,,,,101.7,2221.0,6.7,823173,666023,630105,823550,592518,593428,687749,701538,665487,53.78,,0.698418,0.7,1.0,0.0,0.0,,79,6,4-Seam Fastball,5,7,5,7,7,5,5,7,Infield shade,Standard,195.0,0.026,0.289,,,,,-0.289,,-2,-2,0.02,0.02,27,24,28,25,1,0,4.0,7.0,1.0,1.0,1.0,0.47,-0.47,42.0,,,,,,Four-seam,True
FF,2026-09-11,100.4,-1.27,6.37,"Miller, Mason",801501,695243,,called_strike,,,,,3.0,,R,L,R,SF,SD,S,,,3,1,2026,-0.74,1.19,0.6003825111711799,2.6852249607160923,,,,2,9,Bot,,,,,,,6.939256011924215,-146.02162825690542,-7.590648031020554,-12.1978525794994,30.963744089253147,-13.498997879031355,3.015518373,1.521850394,,,,101.5,2362.0,6.7,823173,666023,630105,823550,592518,593428,687749,701538,665487,53.79,,,,,,,,79,5,4-Seam Fastball,5,7,5,7,7,5,5,7,Infield shade,Standard,202.0,-0.007,-0.097,,,,,0.097,,-2,-2,0.027,0.027,27,24,28,25,1,0,4.0,7.0,1.0,1.0,1.05,0.74,-0.74,44.1,,,,,,Four-seam,False
FF,2026-09-11,101.2,-1.18,6.25,"Miller, Mason",801501,695243,,ball,,,,,12.0,,R,L,R,SF,SD,B,,,2,1,2026,-0.36,1.4,0.3764913577317016,4.116444699393127,,,,2,9,Bot,,,,,,,5.236601832682071,-147.4184893810691,-3.940931142965938,-6.50240674264078,33.33387602943628,-11.040437334091378,3.015518373,1.521850394,,,,102.5,2335.0,6.8,823173,666023,630105,823550,592518,593428,687749,701538,665487,53.68,,,,,,,,79,4,4-Seam Fastball,5,7,5,7,7,5,5,7,Infield shade,Standard,197.0,0.009,0.101,,,,,-0.101,,-2,-2,0.018,0.018,27,24,28,25,1,0,4.0,7.0,1.0,1.0,0.82,0.36,-0.36,43.0,,,,,,Four-seam,False
SL,2026-09-11,87.5,-1.34,6.29,"Miller, Mason",801501,695243,,ball,,,,,11.0,,R,L,R,SF,SD,B,,,1,1,2026,1.31,-0.12,-1.2267419466232832,4.5014873723158795,,,,2,9,Bot,,,,,,,-2.4972015948551185,-127.47217276802613,2.2320767992726154,14.780672435141971,25.836278889786396,-34.112363194676966,3.015518373,1.521850394,,,,88.1,2413.0,6.6,823173,666023,630105,823550,592518,593428,687749,701538,665487,53.91,,,,,,,,79,3,Slider,5,7,5,7,7,5,5,7,Infield shade,Standard,44.0,0.003,0.055,,,,,-0.055,,-2,-2,0.015,0.015,27,24,28,25,1,0,4.0,7.0,1.0,1.0,3.08,-1.31,1.31,39.7,,,,,,Slider,False
FF,2026-09-11,100.9,-1.2,6.43,"Miller, Mason",801501,695243,,foul,,,,,2.0,,R,L,R,SF,SD,S,,,1,0,2026,-0.2,1.59,-0.0716930149438607,2.8478164607283527,,,,2,9,Bot,,,,,,,3.6260106661542615,-146.75698622122735,-8.311381661763583,-3.8114227570941055,35.19945799107185,-7.404445008726894,3.015518373,1.521850394,173.0,72.6,58.0,101.5,2580.0,6.7,823173,666023,630105,823550,592518,593428,687749,701538,665487,53.84,,,,,,,,79,2,4-Seam Fastball,5,7,5,7,7,5,5,7,Infield shade,Standard,202.0,-0.003,-0.056,61.4,6.2,,,0.056,88.0,-2,-2,0.018,0.018,27,24,28,25,1,0,4.0,7.0,1.0,1.0,0.65,0.2,-0.2,43.9,10.3870725387567,8.62090312738047,34.151887472434225,34.10188847340907,26.68954705949512,Four-seam,False
FF,2026-09-11,102.0,-1.33,6.37,"Miller, Mason",801501,695243,,ball,,,,,11.0,,R,L,R,SF,SD,B,,,0,0,2026,-0.74,1.42,-1.413069229047767,3.7562281300054576,,,,2,9,Bot,,,,,,,1.5865007070377022,-148.50760096447738,-5.4020301367328285,-11.319274175959558,35.98820238595812,-10.13026268911058,3.015518373,1.521850394,,,,103.0,2520.0,6.8,823173,666023,630105,823550,592518,593428,687749,701538,665487,53.68,,,,,,,,79,1,4-Seam Fastball,5,7,5,7,7,5,5,7,Infield shade,Standard,202.0,0.003,0.041,,,,,-0.041,,-2,-2,0.015,0.015,27,24,28,25,1,0,4.0,7.0,1.0,1.0,0.77,0.74,-0.74,41.2,,,,,,Four-seam,False
FF,2026-09-11,102.4,-1.24,6.37,"Miller, Mason",701852,695243,strikeout,swinging_strike,,,,,12.0,Drew Cavanaugh strikes out swinging.,R,L,R,SF,SD,S,2.0,,2,2,2026,-0.2,1.49,0.3794699258685483,3.7110476634396936,,,,1,9,Bot,,,,,,,5.060191790591909,-149.08608122516395,-5.803888429108553,-4.226945726599246,35.03241755244811,-8.736707962312323,3.203330053,1.616633858,,,,103.4,2470.0,6.7,823173,666023,630105,823550,592518,593428,687749,701538,665487,53.78,,0.0,0.0,1.0,0.0,0.0,,78,7,4-Seam Fastball,5,7,5,7,7,5,5,7,Infield shade,Standard,195.0,-0.027,-0.233,61.3,5.4,1.192245384,,0.233,,-2,-2,0.042,0.042,27,24,28,24,1,0,4.0,2.0,1.0,1.0,0.68,0.2,-0.2,41.5,-8.5686411994691,13.189765489653269,39.4090016322342,29.25640333624077,16.828739217633093,Four-seam,True
FF,2026-09-11,101.9,-1.26,6.38,"Miller, Mason",701852,695243,,foul,,,,,3.0,,R,L,R,SF,SD,S,,,2,2,2026,-0.35,1.26,0.3359786464127735,3.311762964066263,,,,1,9,Bot,,,,,,,5.300570261330613,-148.27467079885028,-6.307615647649335,-6.315164414847631,32.81654619595686,-12.21172809105186,3.203330053,1.616633858,183.0,71.8,21.0,103.0,2374.0,6.7,823173,666023,630105,823550,592518,593428,687749,701538,665487,53.8,,,,,,,,78,6,4-Seam Fastball,5,7,5,7,7,5,5,7,Infield shade,Standard,200.0,0.0,0.0,61.8,5.6,,,0.0,88.0,-2,-2,0.042,0.042,27,24,28,24,1,0,4.0,2.0,1.0,1.0,0.92,0.35,-0.35,42.6,-11.453724237566062,10.742598096689315,41.578165961014555,29.586525253606727,17.042286054508786,Four-seam,False
SL,2026-09-11,88.3,-1.19,6.31,"Miller, Mason",701852,695243,,foul,,,,,8.0,,R,L,R,SF,SD,S,,,2,2,2026,0.75,-0.22,-0.0558903238151137,1.7886304258893857,,,,1,9,Bot,,,,,,,1.1481859879304095,-128.67663856618245,-4.291147645787889,8.148080542677624,25.478909518713355,-33.99362275906324,3.203330053,1.616633858,284.0,88.8,27.0,89.4,2346.0,6.8,823173,666023,630105,823550,592518,593428,687749,701538,665487,53.7,,,,,,,,78,5,Slider,5,7,5,7,7,5,5,7,Infield shade,Standard,32.0,0.0,0.0,67.3,8.0,,,0.0,88.8,-2,-2,0.042,0.042,27,24,28,24,1,0,4.0,2.0,1.0,1.0,3.13,-0.75,0.75,40.3,20.309036618532332,-15.56542387832322,43.60265455975333,34.969569405731185,39.3510691602549,Slider,False
FF,2026-09-11,101.6,-1.44,6.38,"Miller, Mason",701852,695243,,foul,,,,,5.0,,R,L,R,SF,SD,S,,,2,1,2026,-0.32,1.38,0.2727479174935488,2.2805631513091793,,,,1,9,Bot,,,,,,,5.536853552512398,-147.70337968820948,-9.38786617533707,-5.9478071850007,33.464479992476996,-9.993395275721053,3.203330053,1.616633858,178.0,64.1,27.0,102.5,2426.0,6.7,823173,666023,630105,823550,592518,593428,687749,701538,665487,53.78,,,,,,,,78,4,4-Seam Fastball,5,7,5,7,7,5,5,7,Infield shade,Standard,199.0,-0.012,-0.075,72.2,7.1,,,0.075,88.0,-2,-2,0.054,0.054,27,24,28,24,1,0,4.0,2.0,1.0,1.0,0.83,0.32,-0.32,45.4,3.760701358139907,-3.9276539227561913,47.73917476994389,30.160510708506795,24.43605877273068,Four-seam,False
SL,2026-09-11,87.8,-1.37,6.29,"Miller, Mason",701852,695243,,ball,,,,,11.0,,R,L,R,SF,SD,B,,,1,1,2026,1.28,-0.27,-1.0959268590236049,3.0435998530137955,,,,1,9,Bot,,,,,,,-2.0623319026328737,-127.79976959759898,-0.9514680294010236,14.466759257909274,27.293346563756305,-35.09551980314864,3.203330053,1.616633858,,,,88.2,2304.0,6.6,823173,666023,630105,823550,592518,593428,687749,701538,665487,53.88,,,,,,,,78,3,Slider,5,7,5,7,7,5,5,7,Infield shade,Standard,37.0,0.009,0.056,,,,,-0.056,,-2,-2,0.045,0.045,27,24,28,24,1,0,4.0,2.0,1.0,1.0,3.23,-1.28,1.28,38.3,,,,,,Slider,False
FF,2026-09-11,101.7,-1.36,6.34,"Miller, Mason",701852,695243,,ball,,,,,11.0,,R,L,R,SF,SD,B,,,0,1,2026,-0.41,1.42,-0.4812801344754349,4.769961046372334,,,,1,9,Bot,,,,,,,3.4406388624548176,-148.0875342888611,-2.4490667107328896,-6.88110186607226,34.90902566638102,-10.929452929458485,3.203330053,1.616633858,,,,102.2,2415.0,6.5,823173,666023,630105,823550,592518,593428,687749,701538,665487,54.0,,,,,,,,78,2,4-Seam Fastball,5,7,5,7,7,5,5,7,Infield shade,Standard,202.0,0.003,0.032,,,,,-0.032,,-2,-2,0.042,0.042,27,24,28,24,1,0,4.0,2.0,1.0,1.0,0.78,0.41,-0.41,39.8,,,,,,Four-seam,False
FF,2026-09-11,101.8,-1.44,6.4,"Miller, Mason",701852,695243,,called_strike,,,,,6.0,,R,L,R,SF,SD,S,,,0,0,2026,-0.44,1.41,0.4082042624596924,2.6694866588761696,,,,1,9,Bot,,,,,,,6.2024656803057985,-147.92077830949694,-8.431804446238884,-7.885370714459379,34.20559024504367,-9.664337845952351,3.203330053,1.616633858,,,,102.3,2424.0,6.6,823173,666023,630105,823550,592518,593428,687749,701538,665487,53.91,,,,,,,,78,1,4-Seam Fastball,5,7,5,7,7,5,5,7,Infield shade,Standard,205.0,-0.005,-0.041,,,,,0.041,,-2,-2,0.047,0.047,27,24,28,24,1,0,4.0,2.0,1.0,1.0,0.79,0.44,-0.44,40.8,,,,,,Four-seam,False
FF,2026-09-11,101.2,-1.34,6.43,"Miller, Mason",808982,695243,field_out,hit_into_play,,,,,3.0,Jung Hoo Lee flies out to left fielder Jase Bowen in foul territory.,R,L,R,SF,SD,X,7.0,fly_ball,0,1,2026,-0.28,1.47,0.3044585482403387,3.332431403576137,,,,0,9,Bot,68.9,161.17,,,,,5.247326748852275,-147.31210390660334,-6.759149042050716,-5.24826888536223,33.2364237534152,-9.308030882198892,3.22351542,1.626820866,197.0,82.5,59.0,102.0,2538.0,6.6,823173,666023,630105,823550,592518,593428,687749,701538,665487,53.89,0.031,0.028,0.0,1.0,0.0,0.0,3.0,77,2,4-Seam Fastball,5,7,5,7,7,5,5,7,Infield shade,Standard,209.0,-0.041,-0.218,68.2,6.7,,0.04,0.218,88.0,-2,-2,0.088,0.088,27,27,28,28,1,3,4.0,2.0,1.0,1.0,0.74,0.28,-0.28,41.5,7.74208407607633,-4.482634007475907,32.02241801962456,26.52710480036879,27.554642022905533,Four-seam,True
,2026-09-11,,,,"Miller, Mason",808982,695243,,automatic_strike,,,,,,,R,L,R,SF,SD,S,,,0,0,2026,,,,,,,,0,9,Bot,,,,,,,,,,,,,,,,,,,,,823173,666023,630105,823550,592518,593428,687749,701538,665487,,,,,,,,,77,1,,5,7,5,7,7,5,5,7,,,,-0.007,,,,,,,,-2,-2,0.095,0.095,27,27,28,28,1,3,4.0,2.0,1.0,1.0,,,,,,,,,,,False
SL,2026-09-07,88.3,-1.35,6.14,"Miller, Mason",691781,695243,field_out,hit_into_play,,,,,6.0,"Brady House grounds out, shortstop Xander Bogaerts to first baseman Ty France.",R,R,R,SD,WSH,X,6.0,ground_ball,0,0,2026,1.12,-0.1,0.2925532342596108,2.7528646039397464,,,686611.0,2,9,Top,104.68,158.27,,,,,1.5877228824713443,-128.57229463694387,-1.6920356974062556,11.984851157723789,28.910665650004436,-33.116544986397045,3.370956365,1.701230315,9.0,79.9,-18.0,89.1,2385.0,6.9,823254,666023,664034,630105,592518,593428,687749,701538,665487,53.58,0.065,0.061,0.0,1.0,0.0,0.0,2.0,67,1,Slider,3,2,2,3,2,3,2,3,Standard,Standard,40.0,0.079,-0.275,65.2,7.1,,0.075,0.275,88.0,1,-1,0.921,0.079,27,23,28,23,1,3,1.0,1.0,4.0,1.0,3.04,-1.12,-1.12,40.8,5.566659359266669,4.880161079676415,29.662365884565528,40.09332273022875,31.63603146427895,Slider,True
SL,2026-09-07,88.3,-1.41,6.04,"Miller, Mason",682928,695243,strikeout,swinging_strike,,,,,14.0,CJ Abrams strikes out swinging.,R,L,R,SD,WSH,S,2.0,,1,2,2026,0.68,-0.2,0.3349827371655958,0.8570959035451566,,,686611.0,1,9,Top,,,,,,,2.7945436510342776,-128.49185836787868,-5.817927388169936,6.799375475639462,30.089626300771993,-33.2012082068335,3.222637795,1.626377953,,,,89.0,2358.0,7.0,823254,666023,664034,630105,592518,593428,687749,701538,665487,53.5,,0.0,0.0,1.0,0.0,0.0,,66,5,Slider,3,2,2,3,2,3,2,3,Infield shade,Standard,32.0,0.067,-0.179,67.7,8.8,1.616440884,,0.179,,1,-1,0.854,0.146,27,25,28,26,1,3,1.0,1.0,4.0,1.0,3.15,-0.68,0.68,39.8,17.300288863200567,-39.05679493590972,31.919928943418064,34.785314208588034,54.135522098491194,Slider,True
FF,2026-09-07,100.4,-1.24,6.34,"Miller, Mason",682928,695243,,foul,,,,,2.0,,R,L,R,SD,WSH,S,,,1,2,2026,-0.57,1.38,-0.2459327980435015,3.2541538810108244,,,686611.0,1,9,Top,,,,,,,4.124761510843113,-146.00079648313317,-6.328928912975453,-9.211361069348737,35.87885471394489,-11.102329145789012,3.222637795,1.626377953,223.0,79.6,51.0,101.0,2360.0,6.7,823254,666023,664034,630105,592518,593428,687749,701538,665487,53.75,,,,,,,,66,4,4-Seam Fastball,3,2,2,3,2,3,2,3,Infield shade,Standard,204.0,0.0,0.0,69.4,7.3,,,0.0,88.0,1,-1,0.854,0.146,27,25,28,26,1,3,1.0,1.0,4.0,1.0,0.89,0.57,-0.57,43.9,11.578969941616249,-3.8762018741921778,19.591132382810898,39.56893127556481,27.89210591642131,Four-seam,False
FF,2026-09-07,101.0,-1.32,6.24,"Miller, Mason",682928,695243,,swinging_strike,,,,,11.0,,R,L,R,SD,WSH,S,,,1,1,2026,-0.77,1.53,-0.163593556989916,3.389219886393256,,,686611.0,1,9,Top,,,,,,,5.090603914767458,-146.88907216628746,-6.137669459508294,-12.332076838772576,35.418541194164085,-8.815282207203724,3.222637795,1.626377953,,,,101.7,2455.0,6.7,823254,666023,664034,630105,592518,593428,687749,701538,665487,53.77,,,,,,,,66,3,4-Seam Fastball,3,2,2,3,2,3,2,3,Infield shade,Standard,200.0,0.024,-0.067,69.7,6.1,2.79085476,,0.067,,1,-1,0.83,0.17,27,25,28,26,1,3,1.0,1.0,4.0,1.0,0.71,0.77,-0.77,41.7,0.237105288196627,32.97736629791114,24.945657024356933,37.25484879237759,15.893054469639887,Four-seam,False
FF,2026-09-07,101.0,-1.24,6.21,"Miller, Mason",682928,695243,,called_strike,,,,,9.0,,R,L,R,SD,WSH,S,,,1,0,2026,-0.6,1.42,0.7869234272974913,1.7114331131642386,,,686611.0,1,9,Top,,,,,,,7.06081096586872,-146.52701455734936,-10.40640892242677,-10.312556670171883,35.99952412744516,-9.445286775268771,3.222637795,1.626377953,,,,101.6,2400.0,6.9,823254,666023,664034,630105,592518,593428,687749,701538,665487,53.63,,,,,,,,66,2,4-Seam Fastball,3,2,2,3,2,3,2,3,Infield shade,Standard,212.0,0.016,-0.045,,,,,0.045,,1,-1,0.814,0.186,27,25,28,26,1,3,1.0,1.0,4.0,1.0,0.84,0.6,-0.6,40.8,,,,,,Four-seam,False
SL,2026-09-07,87.7,-1.44,6.1,"Miller, Mason",682928,695243,,ball,,,,,13.0,,R,L,R,SD,WSH,B,,,0,0,2026,0.53,-0.31,-0.1391947366416696,1.116441555001984,,,686611.0,1,9,Top,,,,,,,2.004389839643124,-127.61014639817772,-4.9560644017712345,5.235461108799689,29.513335333369568,-34.63942864114313,3.222637795,1.626377953,,,,88.1,2265.0,6.8,823254,666023,664034,630105,592518,593428,687749,701538,665487,53.67,,,,,,,,66,1,Slider,3,2,2,3,2,3,2,3,Infield shade,Standard,32.0,-0.011,0.034,,,,,-0.034,,1,-1,0.825,0.175,27,25,28,26,1,3,1.0,1.0,4.0,1.0,3.31,-0.53,0.53,37.5,,,,,,Slider,False
FF,2026-09-07,101.1,-1.51,6.15,"Miller, Mason",686611,695243,single,hit_into_play,,,,,8.0,Dylan Crews singles on a ground ball to center fielder Jackson Merrill.,R,R,R,SD,WSH,X,8.0,ground_ball,1,2,2026,-0.65,1.17,-0.0229220614796731,1.6254950380654494,,,,1,9,Top,120.81,163.84,,,,,5.726993087178647,-146.87354230239237,-9.930781836917784,-10.753894883298049,35.32259689171346,-13.100442660187348,3.165592192,1.597588583,30.0,97.6,-2.0,101.9,2441.0,6.8,823254,666023,664034,630105,592518,593428,687749,701538,665487,53.66,0.426,0.39,0.9,1.0,1.0,0.0,2.0,65,5,4-Seam Fastball,3,2,2,3,2,3,2,3,Standard,Strategic,211.0,-0.099,0.498,74.5,7.4,,0.488,-0.498,97.6,1,-1,0.924,0.076,27,24,28,24,1,3,1.0,1.0,4.0,1.0,1.07,0.65,0.65,37.6,3.793053616954834,1.170462840365092,37.46619411923028,35.95544648814129,25.95413212616318,Four-seam,True
FF,2026-09-07,102.3,-1.05,6.33,"Miller, Mason",686611,695243,,ball,,,,,14.0,,R,R,R,SD,WSH,B,,,0,2,2026,-0.5,1.25,1.6871778359051928,2.0666184297662107,,,,1,9,Top,,,,,,,8.900958811756386,-148.43677633770574,-9.644496866534272,-9.461117407287324,34.57346774102262,-11.572195111365602,3.165592192,1.597588583,,,,103.1,2477.0,6.8,823254,666023,664034,630105,592518,593428,687749,701538,665487,53.71,,,,,,,,65,4,4-Seam Fastball,3,2,2,3,2,3,2,3,Standard,Strategic,198.0,-0.006,0.019,,,,,-0.019,,1,-1,0.93,0.07,27,24,28,24,1,3,1.0,1.0,4.0,1.0,0.94,0.5,0.5,42.5,,,,,,Four-seam,False
SL,2026-09-07,88.8,-1.4,6.13,"Miller, Mason",686611,695243,,foul,,,,,9.0,,R,R,R,SD,WSH,S,,,0,2,2026,0.61,-0.31,0.6171771319618129,1.886454372604936,,,,1,9,Top,,,,,,,3.6179314654309858,-129.23332938332788,-3.343073292428083,5.810617775305782,31.692880811794915,-35.0299515562782,3.165592192,1.597588583,4.0,69.1,-30.0,89.1,2431.0,6.9,823254,666023,664034,630105,592518,593428,687749,701538,665487,53.65,,,,,,,,65,3,Slider,3,2,2,3,2,3,2,3,Standard,Strategic,39.0,0.0,0.0,71.3,8.1,,,0.0,88.0,1,-1,0.93,0.07,27,24,28,24,1,3,1.0,1.0,4.0,1.0,3.24,-0.61,-0.61,40.6,22.160874921280648,-9.17335499457096,29.734503933645826,43.96623543638002,40.10031602223889,Slider,False
SL,2026-09-07,88.9,-1.3,6.17,"Miller, Mason",686611,695243,,foul,,,,,2.0,,R,R,R,SD,WSH,S,,,0,1,2026,0.95,-0.23,0.255904900877808,2.6847103117852034,,,,1,9,Top,,,,,,,1.7388272737698816,-129.54190551149867,-1.7989187677000236,10.315361868258623,27.450016166391674,-34.62042958520467,3.165592192,1.597588583,211.0,86.3,61.0,89.6,2487.0,6.7,823254,666023,664034,630105,592518,593428,687749,701538,665487,53.83,,,,,,,,65,2,Slider,3,2,2,3,2,3,2,3,Standard,Strategic,35.0,0.014,-0.057,71.9,7.3,,,0.057,88.0,1,-1,0.916,0.084,27,24,28,24,1,3,1.0,1.0,4.0,1.0,3.11,-0.95,-0.95,39.1,1.9256267116944417,9.100414808287551,31.140476548253417,39.52705774308252,23.085980512015176,Slider,False
SL,2026-09-07,88.3,-1.39,6.1,"Miller, Mason",686611,695243,,called_strike,,,,,4.0,,R,R,R,SD,WSH,S,,,0,0,2026,0.64,-0.38,-0.5460824347700007,2.263870072679135,,,,1,9,Top,,,,,,,0.678751415971856,-128.51595727545404,-2.117944834257658,6.83584181330651,31.633084629794237,-36.07585841872619,3.165592192,1.597588583,,,,88.4,2339.0,6.8,823254,666023,664034,630105,592518,593428,687749,701538,665487,53.72,,,,,,,,65,1,Slider,3,2,2,3,2,3,2,3,Standard,Standard,40.0,0.008,-0.041,,,,,0.041,,1,-1,0.908,0.092,27,24,28,24,1,3,1.0,1.0,4.0,1.0,3.35,-0.64,-0.64,39.8,,,,,,Slider,False
SL,2026-09-07,88.1,-1.45,6.22,"Miller, Mason",694673,695243,strikeout,called_strike,,,,,1.0,Abimelec Ortiz called out on strikes.,R,L,R,SD,WSH,S,2.0,,1,2,2026,1.22,-0.25,-0.8018907190795008,2.967103086020478,,,,0,9,Top,,,,,,,-1.0419380433616423,-128.2104475869453,-0.9977068333800726,13.542781228586138,29.753417373056607,-34.88949623775913,3.141896326,1.585629921,,,,88.3,2455.0,6.7,823254,666023,664034,630105,592518,593428,687749,701538,665487,53.8,,0.0,0.0,1.0,0.0,0.0,,64,4,Slider,3,2,2,3,2,3,2,3,Infield shade,Standard,47.0,0.051,-0.187,,,,,0.187,,1,-1,0.857,0.143,27,24,28,24,1,3,1.0,1.0,4.0,1.0,3.21,-1.22,1.22,40.3,,,,,,Slider,True
FF,2026-09-07,100.8,-1.33,6.3,"Miller, Mason",694673,695243,,foul,,,,,2.0,,R,L,R,SD,WSH,S,,,1,1,2026,-0.41,1.51,0.1434060152063103,2.7936583833984,,,,0,9,Top,,,,,,,5.096671309932834,-146.46138336110292,-7.868427322057651,-7.209041316870927,36.290810879989145,-8.740599280991363,3.141896326,1.585629921,,,,101.4,2520.0,6.8,823254,666023,664034,630105,592518,593428,687749,701538,665487,53.71,,,,,,,,64,3,4-Seam Fastball,3,2,2,3,2,3,2,3,Infield shade,Standard,202.0,0.018,-0.06,80.6,7.3,,,0.06,,1,-1,0.839,0.161,27,24,28,24,1,3,1.0,1.0,4.0,1.0,0.75,0.41,-0.41,40.0,8.648689666091146,-11.906661818256016,24.747258977307464,36.503497483843645,37.71807132285311,Four-seam,False
SL,2026-09-07,87.4,-1.5,6.12,"Miller, Mason",694673,695243,,called_strike,,,,,2.0,,R,L,R,SD,WSH,S,,,1,0,2026,1.08,-0.15,0.2751557418826091,3.1781575802238904,,,,0,9,Top,,,,,,,1.9812689625832232,-127.24568367298107,-0.3619476022106065,11.138378382083207,29.236479878733807,-33.937561423531825,3.141896326,1.585629921,,,,87.8,2567.0,6.8,823254,666023,664034,630105,592518,593428,687749,701538,665487,53.69,,,,,,,,64,2,Slider,3,2,2,3,2,3,2,3,Infield shade,Standard,45.0,0.016,-0.055,,,,,0.055,,1,-1,0.823,0.177,27,24,28,24,1,3,1.0,1.0,4.0,1.0,3.16,-1.08,1.08,38.5,,,,,,Slider,False
SL,2026-09-07,86.9,-1.38,6.2,"Miller, Mason",694673,695243,,ball,,,,,12.0,,R,L,R,SD,WSH,B,,,0,0,2026,0.94,-0.15,0.2315406130898897,3.582368601161898,,,,0,9,Top,,,,,,,1.851779619356002,-126.5236180300498,0.4625908928589335,9.63937399951592,27.558852442415688,-34.09996604022571,3.141896326,1.585629921,,,,87.2,2500.0,6.6,823254,666023,664034,630105,592518,593428,687749,701538,665487,53.88,,,,,,,,64,1,Slider,3,2,2,3,2,3,2,3,Infield shade,Standard,39.0,-0.012,0.042,,,,,-0.042,,1,-1,0.835,0.165,27,24,28,24,1,3,1.0,1.0,4.0,1.0,3.18,-0.94,0.94,40.2,,,,,,Slider,False
SL,2026-09-06,89.1,-1.26,6.05,"Miller, Mason",700250,695243,strikeout,called_strike,,,,,4.0,Ben Rice called out on strikes.,R,L,R,SD,NYY,S,2.0,,3,2,2026,0.83,-0.4,-0.7159439121938042,2.493737412583143,,,669224.0,2,9,Top,,,,,,,-0.4685192578058419,-129.75470684028306,-1.642446095081919,9.481171103467798,27.580681759162974,-36.55523530620833,3.280561024,1.655610236,,,,90.0,2210.0,6.9,823253,669134,664034,630105,592518,593428,687749,701538,665487,53.64,,0.0,0.0,1.0,0.0,0.0,,68,7,Slider,4,3,3,4,3,4,3,4,Infield shade,Standard,45.0,0.089,-0.328,,,,,0.328,,1,-1,0.911,0.089,27,27,28,27,1,4,2.0,1.0,1.0,2.0,3.27,-0.83,0.83,41.2,,,,,,Slider,True
SL,2026-09-06,89.3,-1.49,6.03,"Miller, Mason",700250,695243,,ball,,,,,11.0,,R,L,R,SD,NYY,B,,,2,2,2026,0.91,-0.34,-1.3343209042197453,3.298337114311061,,,669224.0,2,9,Top,,,,,,,-1.5839397116916745,-130.16170736918866,0.1954924761182634,10.653184070439728,26.506110695411486,-36.3012665014545,3.280561024,1.655610236,,,,90.4,2377.0,6.8,823253,669134,664034,630105,592518,593428,687749,701538,665487,53.71,,,,,,,,68,6,Slider,4,3,3,4,3,4,3,4,Infield shade,Standard,48.0,-0.022,0.081,,,,,-0.081,,1,-1,0.933,0.067,27,27,28,27,1,4,2.0,1.0,1.0,2.0,3.18,-0.91,0.91,37.0,,,,,,Slider,False
SL,2026-09-06,88.9,-1.57,6.07,"Miller, Mason",700250,695243,,foul,,,,,7.0,,R,L,R,SD,NYY,S,,,2,2,2026,0.43,-0.36,-0.6033274873612725,1.9476721625404845,,,669224.0,2,9,Top,,,,,,,1.417751372450278,-129.5445484547744,-3.092153429618581,4.586024166257275,27.299737891488327,-35.75766158421509,3.280561024,1.655610236,161.0,72.0,18.0,89.9,2395.0,6.8,823253,669134,664034,630105,592518,593428,687749,701538,665487,53.68,,,,,,,,68,5,Slider,4,3,3,4,3,4,3,4,Infield shade,Standard,33.0,0.0,0.0,59.0,8.3,,,0.0,88.0,1,-1,0.933,0.067,27,27,28,27,1,4,2.0,1.0,1.0,2.0,3.24,-0.43,0.43,39.0,10.185528855254072,-9.500982314831518,33.17853993570055,43.038647660294835,23.945714415922613,Slider,False
FF,2026-09-06,100.8,-1.37,6.29,"Miller, Mason",700250,695243,,called_strike,,,,,9.0,,R,L,R,SD,NYY,S,,,2,1,2026,-0.57,1.3,0.7570297487912544,1.6169826471185325,,,669224.0,2,9,Top,,,,,,,7.262467143871025,-146.50225965361375,-10.67614135791164,-9.744172874216677,29.677746757331516,-11.23444460253203,3.280561024,1.655610236,,,,102.2,2374.0,6.8,823253,669134,664034,630105,592518,593428,687749,701538,665487,53.7,,,,,,,,68,4,4-Seam Fastball,4,3,3,4,3,4,3,4,Infield shade,Standard,200.0,0.019,-0.071,,,,,0.071,,1,-1,0.914,0.086,27,27,28,27,1,4,2.0,1.0,1.0,2.0,0.93,0.57,-0.57,43.2,,,,,,Four-seam,False
SL,2026-09-06,89.0,-1.4,6.01,"Miller, Mason",700250,695243,,blocked_ball,,,,,14.0,,R,L,R,SD,NYY,B,,,1,1,2026,0.83,-0.15,0.6278264705799238,-0.4677133883623434,,,669224.0,2,9,Top,,,,,,,3.1869609348449157,-129.42636716046712,-9.319598657015682,8.645775192762914,27.576581795000795,-32.057647188564545,3.280561024,1.655610236,,,,90.2,2440.0,7.1,823253,669134,664034,630105,592518,593428,687749,701538,665487,53.42,,,,,,,,68,3,Slider,4,3,3,4,3,4,3,4,Infield shade,Standard,36.0,-0.011,0.054,,,,,-0.054,,1,-1,0.925,0.075,27,27,28,27,1,4,2.0,1.0,1.0,2.0,3.03,-0.83,0.83,35.7,,,,,,Slider,False
SL,2026-09-06,88.9,-1.43,6.03,"Miller, Mason",700250,695243,,called_strike,,,,,1.0,,R,L,R,SD,NYY,S,,,1,0,2026,0.95,-0.25,-0.6072132500988746,3.288000088684321,,,669224.0,2,9,Top,,,,,,,-0.0229924054601148,-129.5304533454344,0.0535657962838218,10.646010723608711,28.093996083551257,-35.190373340694556,3.280561024,1.655610236,,,,89.7,2369.0,6.8,823253,669134,664034,630105,592518,593428,687749,701538,665487,53.73,,,,,,,,68,2,Slider,4,3,3,4,3,4,3,4,Infield shade,Standard,44.0,0.011,-0.05,,,,,0.05,,1,-1,0.914,0.086,27,27,28,27,1,4,2.0,1.0,1.0,2.0,3.13,-0.95,0.95,37.3,,,,,,Slider,False
SL,2026-09-06,88.9,-1.53,5.98,"Miller, Mason",700250,695243,,ball,,,,,13.0,,R,L,R,SD,NYY,B,,,0,0,2026,0.72,-0.36,-0.0725727564640648,0.8447303750798993,,,669224.0,2,9,Top,,,,,,,1.9974673514521435,-129.52997207310952,-5.605812009501743,7.7349254653098685,26.419828705879848,-35.243511786377795,3.280561024,1.655610236,,,,90.1,2458.0,6.9,823253,669134,664034,630105,592518,593428,687749,701538,665487,53.59,,,,,,,,68,1,Slider,4,3,3,4,3,4,3,4,Infield shade,Standard,42.0,-0.007,0.038,,,,,-0.038,,1,-1,0.921,0.079,27,27,28,27,1,4,2.0,1.0,1.0,2.0,3.23,-0.72,0.72,40.0,,,,,,Slider,False
FF,2026-09-06,102.1,-1.31,6.23,"Miller, Mason",669224,695243,walk,ball,,,,,14.0,Austin Wells walks.,R,L,R,SD,NYY,B,,,3,2,2026,-0.5,1.33,1.1133155990213444,1.338337629419463,,,,2,9,Top,,,,,,,8.041652000466554,-148.09753303589224,-11.62153782280953,-9.258500395902589,33.89168495879665,-9.925521702995985,3.254232283,1.642322835,,,,103.3,2511.0,7.0,823253,669134,664034,630105,592518,593428,687749,701538,665487,53.5,,0.698418,0.7,1.0,0.0,0.0,,67,6,4-Seam Fastball,4,3,3,4,3,4,3,4,Infield shade,Standard,202.0,-0.036,0.289,,,,,-0.289,,1,-1,0.957,0.043,27,26,28,27,1,3,2.0,1.0,1.0,2.0,0.86,0.5,-0.5,43.6,,,,,,Four-seam,True
FF,2026-09-06,100.9,-1.34,6.28,"Miller, Mason",669224,695243,,foul,,,,,5.0,,R,L,R,SD,NYY,S,,,3,1,2026,-0.6,1.4,0.0116181361797157,2.3345634395062924,,,,2,9,Top,,,,,,,5.216045543119659,-146.64761649435212,-8.850595409385244,-9.962036737233811,37.070586911565115,-9.978799122847423,3.254232283,1.642322835,,,,101.5,2324.0,6.8,823253,669134,664034,630105,592518,593428,687749,701538,665487,53.66,,,,,,,,67,5,4-Seam Fastball,4,3,3,4,3,4,3,4,Infield shade,Standard,201.0,0.011,-0.097,75.1,7.3,,,0.097,,1,-1,0.946,0.054,27,26,28,27,1,3,2.0,1.0,1.0,2.0,0.85,0.6,-0.6,43.1,9.104538758752067,4.3152473227175445,36.51774585491105,33.25514142392518,22.62740506668234,Four-seam,False
FF,2026-09-06,99.8,-1.53,6.27,"Miller, Mason",669224,695243,,called_strike,,,,,2.0,,R,L,R,SD,NYY,S,,,3,0,2026,-0.24,1.39,0.0533827061701568,3.3730230610401413,,,,2,9,Top,,,,,,,4.930487707173428,-145.15186521344995,-5.744992507855632,-4.649528754730992,35.990102774603706,-11.351525192254345,3.254232283,1.642322835,,,,100.5,2421.0,6.8,823253,669134,664034,630105,592518,593428,687749,701538,665487,53.68,,,,,,,,67,4,4-Seam Fastball,4,3,3,4,3,4,3,4,Infield shade,Standard,197.0,0.008,-0.066,,,,,0.066,,1,-1,0.938,0.062,27,26,28,27,1,3,2.0,1.0,1.0,2.0,0.91,0.24,-0.24,41.3,,,,,,Four-seam,False
FF,2026-09-06,101.3,-1.45,6.32,"Miller, Mason",669224,695243,,ball,,,,,12.0,,R,L,R,SD,NYY,B,,,2,0,2026,-0.06,1.49,0.0695643340778669,4.338595945187833,,,,2,9,Top,,,,,,,4.3793701521828226,-147.51914441452033,-3.700473880650319,-1.9452194714689424,35.80985855049656,-9.786359021835343,3.254232283,1.642322835,,,,102.1,2493.0,6.7,823253,669134,664034,630105,592518,593428,687749,701538,665487,53.79,,,,,,,,67,3,4-Seam Fastball,4,3,3,4,3,4,3,4,Infield shade,Standard,201.0,-0.012,0.102,,,,,-0.102,,1,-1,0.95,0.05,27,26,28,27,1,3,2.0,1.0,1.0,2.0,0.73,0.06,-0.06,40.7,,,,,,Four-seam,False
SL,2026-09-06,88.5,-1.38,6.09,"Miller, Mason",669224,695243,,ball,,,,,14.0,,R,L,R,SD,NYY,B,,,1,0,2026,0.6,-0.14,0.7747355065539215,1.461518279047946,,,,2,9,Top,,,,,,,3.9596423444656663,-128.8070774573919,-4.743145807809714,5.887902603746182,25.91395346043358,-32.93529332345911,3.254232283,1.642322835,,,,89.6,2391.0,6.9,823253,669134,664034,630105,592518,593428,687749,701538,665487,53.6,,,,,,,,67,2,Slider,4,3,3,4,3,4,3,4,Infield shade,Standard,46.0,-0.009,0.064,,,,,-0.064,,1,-1,0.959,0.041,27,26,28,27,1,3,2.0,1.0,1.0,2.0,3.04,-0.6,0.6,38.2,,,,,,Slider,False
SL,2026-09-06,88.3,-1.64,6.02,"Miller, Mason",669224,695243,,ball,,,,,11.0,,R,L,R,SD,NYY,B,,,0,0,2026,0.43,-0.28,-1.3658129401434644,3.0482739253864315,,,,2,9,Top,,,,,,,-0.2527887995833255,-128.6964879033616,-0.3561874637630267,4.799973831644001,26.75074657328654,-35.47704246344326,3.254232283,1.642322835,,,,89.1,2296.0,6.7,823253,669134,664034,630105,592518,593428,687749,701538,665487,53.82,,,,,,,,67,1,Slider,4,3,3,4,3,4,3,4,Infield shade,Standard,45.0,-0.004,0.041,,,,,-0.041,,1,-1,0.963,0.037,27,26,28,27,1,3,2.0,1.0,1.0,2.0,3.2,-0.43,0.43,37.9,,,,,,Slider,False
SL,2026-09-06,88.5,-1.45,6.12,"Miller, Mason",641857,695243,strikeout,called_strike,,,,,4.0,"Luis Campusano challenged (pitch result), call on the field was overturned: Ryan McMahon called out on strikes.",R,L,R,SD,NYY,S,2.0,,1,2,2026,0.69,-0.11,-0.7795153047256062,2.6386134259976273,,,,1,9,Top,,,,,,,0.1676949866982974,-128.9295907922958,-2.007580284812988,7.651318678176497,25.593208670935276,-33.244554824869674,3.31742126,1.674212598,,,,89.3,2257.0,6.6,823253,669134,664034,630105,592518,593428,687749,701538,665487,53.87,,0.0,0.0,1.0,0.0,0.0,,66,4,Slider,4,3,3,4,3,4,3,4,Infield shade,Standard,39.0,0.039,-0.182,,,,,0.182,,1,-1,0.924,0.076,27,31,28,32,1,3,2.0,1.0,1.0,2.0,3.01,-0.69,0.69,38.8,,,,,,Slider,True
FF,2026-09-06,102.1,-1.38,6.25,"Miller, Mason",641857,695243,,foul,,,,,12.0,,R,L,R,SD,NYY,S,,,1,1,2026,-0.21,1.31,1.3399234258937924,2.8284850958615295,,,,1,9,Top,,,,,,,8.112462031188901,-148.41973499200998,-7.435850449056993,-4.814964983705896,31.47035009683143,-11.194893077371594,3.31742126,1.674212598,5.0,60.8,-27.0,103.1,2316.0,6.6,823253,669134,664034,630105,592518,593428,687749,701538,665487,53.87,,,,,,,,66,3,4-Seam Fastball,4,3,3,4,3,4,3,4,Infield shade,Standard,201.0,0.013,-0.07,61.2,6.3,,,0.07,88.0,1,-1,0.911,0.089,27,31,28,32,1,3,2.0,1.0,1.0,2.0,0.86,0.21,-0.21,40.0,7.964331246757227,2.864116348352987,46.02637187207178,20.629170360325716,17.5693300053208,Four-seam,False
FF,2026-09-06,101.4,-1.52,6.33,"Miller, Mason",641857,695243,,ball,,,,,11.0,,R,L,R,SD,NYY,B,,,0,1,2026,-0.21,1.12,-0.8231969905441111,5.692456996628092,,,,1,9,Top,,,,,,,2.4579350271917,-147.73422282686013,0.8495904659005302,-3.624121378847936,31.84249826100376,-15.974811784475747,3.31742126,1.674212598,,,,102.4,2306.0,6.5,823253,669134,664034,630105,592518,593428,687749,701538,665487,53.97,,,,,,,,66,2,4-Seam Fastball,4,3,3,4,3,4,3,4,Infield shade,Standard,204.0,-0.005,0.032,,,,,-0.032,,1,-1,0.916,0.084,27,31,28,32,1,3,2.0,1.0,1.0,2.0,1.07,0.21,-0.21,41.2,,,,,,Four-seam,False
FF,2026-09-06,102.2,-1.51,6.25,"Miller, Mason",641857,695243,,foul,,,,,12.0,,R,L,R,SD,NYY,S,,,0,0,2026,-0.25,1.48,0.8592886213785113,2.7823591589844767,,,,1,9,Top,,,,,,,7.246122344969624,-148.57177913425502,-7.988195527243869,-5.331030863553594,34.037723148206695,-8.506251131684326,3.31742126,1.674212598,,,,103.1,2544.0,6.7,823253,669134,664034,630105,592518,593428,687749,701538,665487,53.77,,,,,,,,66,1,4-Seam Fastball,4,3,3,4,3,4,3,4,Infield shade,Standard,211.0,0.008,-0.041,63.9,5.3,,,0.041,,1,-1,0.908,0.092,27,31,28,32,1,3,2.0,1.0,1.0,2.0,0.7,0.25,-0.25,40.8,-21.326980440623142,33.42876348218881,47.678671237730214,26.76313170695075,7.528869160255389,Four-seam,False
FF,2026-09-06,102.4,-1.34,6.39,"Miller, Mason",806146,695243,strikeout,swinging_strike,,,,,11.0,George Lombard Jr. strikes out swinging.,R,R,R,SD,NYY,S,2.0,,1,2,2026,-0.37,1.32,-0.1365665560576573,3.683353926783927,,,,0,9,Top,,,,,,,4.320867340239458,-149.05205651983397,-5.521303451897122,-6.603835800012064,34.793069897282884,-11.363423537066929,3.298991142,1.664911417,,,,103.5,2311.0,6.8,823253,669134,664034,630105,592518,593428,687749,701538,665487,53.71,,0.0,0.0,1.0,0.0,0.0,,65,4,4-Seam Fastball,4,3,3,4,3,4,3,4,Standard,Standard,200.0,0.051,-0.187,67.8,5.8,2.1053865,,0.187,,1,-1,0.857,0.143,27,21,28,21,1,3,2.0,1.0,1.0,2.0,0.85,0.37,0.37,45.8,5.436830252710052,28.03570589671142,28.468898716520556,36.86145273202422,21.10324397665396,Four-seam,True
SL,2026-09-06,88.9,-1.57,6.19,"Miller, Mason",806146,695243,,called_strike,,,,,1.0,,R,R,R,SD,NYY,S,,,1,1,2026,0.5,-0.28,-0.472221316521938,3.2905336720336305,,,,0,9,Top,,,,,,,1.5950461947545702,-129.58588170813803,-0.3160413280017912,5.36160681052615,25.640924219143784,-35.44893313711531,3.298991142,1.664911417,,,,89.6,2304.0,6.5,823253,669134,664034,630105,592518,593428,687749,701538,665487,54.0,,,,,,,,65,3,Slider,4,3,3,4,3,4,3,4,Standard,Standard,50.0,0.018,-0.06,,,,,0.06,,1,-1,0.839,0.161,27,21,28,21,1,3,2.0,1.0,1.0,2.0,3.14,-0.5,-0.5,39.3,,,,,,Slider,False
FF,2026-09-06,102.1,-1.37,6.39,"Miller, Mason",806146,695243,,ball,,,,,12.0,,R,R,R,SD,NYY,B,,,0,1,2026,-0.26,1.52,0.9019114273085512,4.801047550845,,,,0,9,Top,,,,,,,6.98431128205933,-148.60296239631583,-2.8024200569288333,-5.5046738022491875,34.84585384952963,-9.174266033242027,3.298991142,1.664911417,,,,102.9,2497.0,6.6,823253,669134,664034,630105,592518,593428,687749,701538,665487,53.86,,,,,,,,65,2,4-Seam Fastball,4,3,3,4,3,4,3,4,Standard,Standard,202.0,-0.007,0.029,,,,,-0.029,,1,-1,0.846,0.154,27,21,28,21,1,3,2.0,1.0,1.0,2.0,0.66,0.26,0.26,42.6,,,,,,Four-seam,False
FF,2026-09-06,101.1,-1.52,6.38,"Miller, Mason",806146,695243,,swinging_strike,,,,,6.0,,R,R,R,SD,NYY,S,,,0,0,2026,-0.37,1.5,0.3559833585573635,2.363840202675733,,,,0,9,Top,,,,,,,6.086531678421661,-146.8387286738647,-9.293860322213938,-6.8476527146030755,34.713708370872595,-8.47319092422896,3.298991142,1.664911417,,,,101.6,2404.0,6.7,823253,669134,664034,630105,592518,593428,687749,701538,665487,53.82,,,,,,,,65,1,4-Seam Fastball,4,3,3,4,3,4,3,4,Standard,Standard,203.0,0.011,-0.041,76.9,7.5,0.171800964,,0.041,,1,-1,0.835,0.165,27,21,28,21,1,3,2.0,1.0,1.0,2.0,0.74,0.37,0.37,42.2,4.860580262832678,9.737678245076983,34.29796461441681,42.98324973285714,25.61099378836777,Four-seam,False
FF,2026-09-04,100.6,-1.15,6.4,"Miller, Mason",665862,695243,strikeout,called_strike,,,,,1.0,Jazz Chisholm Jr. called out on strikes.,R,L,R,SD,NYY,S,2.0,,3,2,2026,-0.3,1.6,-0.3404493533549556,3.01436607209856,,,,2,10,Top,,,,,,,2.9397066101229847,-146.3181236315337,-7.708441486711997,-4.975074037675412,35.33161482754505,-7.585083656163246,3.15593832,1.592716535,,,,101.0,2551.0,6.6,823256,669134,630105,823550,592518,593428,669392,701538,665487,53.91,,0.0,0.0,1.0,0.0,0.0,,67,6,4-Seam Fastball,1,2,2,1,2,1,2,1,Infield shade,Standard,197.0,0.023,-0.306,,,,,0.306,,-1,1,0.425,0.575,27,28,28,28,1,3,5.0,2.0,2.0,2.0,0.66,0.3,-0.3,42.2,,,,,,Four-seam,True
FF,2026-09-04,101.3,-1.37,6.29,"Miller, Mason",665862,695243,,ball,,,,,12.0,,R,L,R,SD,NYY,B,,,2,2,2026,-0.57,1.57,0.9012982023504316,4.0209570937430446,,,,2,10,Top,,,,,,,7.6540283269185565,-147.24072461641288,-4.6600987122163415,-10.109079837238452,35.616324657996955,-8.447968839572612,3.15593832,1.592716535,,,,101.5,2554.0,6.5,823256,669134,630105,823550,592518,593428,669392,701538,665487,54.01,,,,,,,,67,5,4-Seam Fastball,1,2,2,1,2,1,2,1,Infield shade,Standard,199.0,0.031,0.082,,,,,-0.082,,-1,1,0.394,0.606,27,28,28,28,1,3,5.0,2.0,2.0,2.0,0.66,0.57,-0.57,40.0,,,,,,Four-seam,False
SL,2026-09-04,87.8,-1.25,6.18,"Miller, Mason",665862,695243,,ball,,,,,14.0,,R,L,R,SD,NYY,B,,,1,2,2026,1.07,-0.3,0.4831578058341057,1.1521227719800322,,,,2,10,Top,,,,,,,1.89640043947928,-127.8219499523976,-5.10590812858187,11.169296168084225,29.52569088184889,-34.49182007667367,3.15593832,1.592716535,,,,87.8,2446.0,6.5,823256,669134,630105,823550,592518,593428,669392,701538,665487,53.98,,,,,,,,67,4,Slider,1,2,2,1,2,1,2,1,Infield shade,Standard,22.0,0.033,0.041,,,,,-0.041,,-1,1,0.361,0.639,27,28,28,28,1,3,5.0,2.0,2.0,2.0,3.28,-1.07,1.07,40.6,,,,,,Slider,False
SL,2026-09-04,88.6,-1.36,6.06,"Miller, Mason",665862,695243,,swinging_strike,,,,,14.0,,R,L,R,SD,NYY,S,,,1,1,2026,1.24,-0.31,0.6244108021129563,1.3768363580323335,,,,2,10,Top,,,,,,,2.1748195268262,-128.96027337381838,-4.387631892855834,13.13165341332894,30.83972713428865,-34.81135515510254,3.15593832,1.592716535,,,,88.8,2463.0,6.8,823256,669134,630105,823550,592518,593428,669392,701538,665487,53.74,,,,,,,,67,3,Slider,1,2,2,1,2,1,2,1,Infield shade,Standard,32.0,-0.056,-0.064,72.6,8.0,0.521480892,,0.064,,-1,1,0.417,0.583,27,28,28,28,1,3,5.0,2.0,2.0,2.0,3.25,-1.24,1.24,41.1,11.326146743448822,-9.594984415291416,33.51696740859563,29.89512476572755,27.873661756303015,Slider,False
FF,2026-09-04,100.9,-1.41,6.31,"Miller, Mason",665862,695243,,ball,,,,,11.0,,R,L,R,SD,NYY,B,,,0,1,2026,-0.55,1.54,-0.3972106162927852,5.072211433402986,,,,2,10,Top,,,,,,,4.128383474416858,-146.931932925624,-1.6745386359043744,-9.027492604645245,36.87829961449329,-9.79197269637748,3.15593832,1.592716535,,,,100.9,2498.0,6.4,823256,669134,630105,823550,592518,593428,669392,701538,665487,54.12,,,,,,,,67,2,4-Seam Fastball,1,2,2,1,2,1,2,1,Infield shade,Standard,203.0,0.023,0.03,,,,,-0.03,,-1,1,0.394,0.606,27,28,28,28,1,3,5.0,2.0,2.0,2.0,0.71,0.55,-0.55,39.1,,,,,,Four-seam,False
FF,2026-09-04,100.6,-1.43,6.26,"Miller, Mason",665862,695243,,swinging_strike,,,,,2.0,,R,L,R,SD,NYY,S,,,0,0,2026,-0.69,1.45,-0.0281473397506639,2.868805885151798,,,,2,10,Top,,,,,,,5.521796673005233,-146.33819180780603,-7.37058809532234,-11.260267141741824,34.748681171344835,-9.797842100831186,3.15593832,1.592716535,,,,101.0,2375.0,6.5,823256,669134,630105,823550,592518,593428,669392,701538,665487,53.97,,,,,,,,67,1,4-Seam Fastball,1,2,2,1,2,1,2,1,Infield shade,Standard,204.0,-0.034,-0.045,76.6,7.7,1.871744436,,0.045,,-1,1,0.428,0.572,27,28,28,28,1,3,5.0,2.0,2.0,2.0,0.81,0.69,-0.69,38.3,16.108189280141083,-1.9922166765154297,33.41654556461143,35.83250589203455,29.013108106330854,Four-seam,False
SL,2026-09-04,88.2,-1.47,6.15,"Miller, Mason",671218,695243,strikeout_double_play,swinging_strike,,,,,5.0,"Heliot Ramos strikes out swinging and Spencer Jones caught stealing 3rd, catcher Luis Campusano to third baseman Manny Machado to catcher Luis Campusano.",R,R,R,SD,NYY,S,2.0,,3,2,2026,1.11,-0.44,0.1371182315128198,2.2395554357885032,,682987.0,,0,10,Top,,,,,,,1.50802828704645,-128.36917641461469,-2.1738681668834405,11.789241058657176,30.26304839352679,-36.738372370249046,3.18402231,1.606889764,,,,88.2,2388.0,6.6,823256,669134,630105,823550,592518,593428,669392,701538,665487,53.92,,0.0,0.0,1.0,0.0,0.0,,66,6,Slider,1,2,2,1,2,1,2,1,Standard,Standard,37.0,0.17,-0.398,75.1,6.8,0.481639248,,0.398,,-1,1,0.258,0.742,27,26,28,27,1,2,5.0,2.0,2.0,1.0,3.4,-1.11,-1.11,40.2,7.779758213688144,5.298878052979999,30.98976532635176,37.13675570597755,27.095774822463667,Slider,True
SL,2026-09-04,89.2,-1.17,6.06,"Miller, Mason",671218,695243,,blocked_ball,,,,,14.0,,R,R,R,SD,NYY,B,,,2,2,2026,1.0,-0.18,2.7138104583433993,0.0019616847591454,,682987.0,,0,10,Top,,,,,,,7.342820678664021,-129.4045174921588,-8.083616073493806,9.233124462384556,32.44695287171789,-32.39595220484362,3.18402231,1.606889764,,,,89.2,2568.0,6.9,823256,669134,630105,823550,592518,593428,669392,701538,665487,53.6,,,,,,,,66,5,Slider,1,2,2,1,2,1,2,1,Standard,Standard,33.0,-0.014,0.116,,,,,-0.116,,-1,1,0.272,0.728,27,26,28,27,1,2,5.0,2.0,2.0,1.0,3.11,-1.0,-1.0,39.2,,,,,,Slider,False
FF,2026-09-04,100.5,-1.24,6.4,"Miller, Mason",671218,695243,,ball,,,,,12.0,,R,R,R,SD,NYY,B,,,1,2,2026,-0.67,1.49,0.5701093354546054,3.564236643697563,,682987.0,,0,10,Top,,,,,,,6.614701571781891,-146.13442594760951,-5.9099931273129265,-11.21078027662993,35.72965532299711,-9.571390454509242,3.18402231,1.606889764,,,,100.8,2414.0,6.6,823256,669134,630105,823550,592518,593428,669392,701538,665487,53.9,,,,,,,,66,4,4-Seam Fastball,1,2,2,1,2,1,2,1,Standard,Standard,202.0,-0.01,0.028,,,,,-0.028,,-1,1,0.282,0.718,27,26,28,27,1,2,5.0,2.0,2.0,1.0,0.77,0.67,0.67,43.3,,,,,,Four-seam,False
FF,2026-09-04,99.8,-1.43,6.32,"Miller, Mason",671218,695243,,swinging_strike,,,,,11.0,,R,R,R,SD,NYY,S,,,1,1,2026,-0.5,1.55,-0.4961580476675672,3.533446808688934,,682987.0,,0,10,Top,,,,,,,3.726805965053454,-145.22791804582187,-5.79624163252191,-7.953360999546189,35.43611999457476,-9.053346341404602,3.18402231,1.606889764,,,,99.9,2475.0,6.4,823256,669134,630105,823550,592518,593428,669392,701538,665487,54.08,,,,,,,,66,3,4-Seam Fastball,1,2,2,1,2,1,2,1,Standard,Standard,204.0,0.017,-0.055,37.9,4.0,5.918171688,,0.055,,-1,1,0.265,0.735,27,26,28,27,1,2,5.0,2.0,2.0,1.0,0.74,0.5,0.5,40.9,-24.34135385329099,57.26091036664983,39.5425142958009,31.099939584187418,-0.9336630258358808,Four-seam,False
FF,2026-09-04,101.6,-1.23,6.27,"Miller, Mason",671218,695243,,swinging_strike,,,,,11.0,,R,R,R,SD,NYY,S,,,1,0,2026,-0.64,1.54,-0.7118046016981284,3.3433731087833096,,682987.0,,0,10,Top,,,,,,,3.000490386240912,-147.81449747915855,-6.479948690665496,-10.034621684077576,37.12749019055456,-8.268651507740575,3.18402231,1.606889764,,,,102.0,2430.0,6.6,823256,669134,630105,823550,592518,593428,669392,701538,665487,53.87,,,,,,,,66,2,4-Seam Fastball,1,2,2,1,2,1,2,1,Standard,Standard,201.0,0.005,-0.058,62.1,4.6,1.559194764,,0.058,,-1,1,0.26,0.74,27,26,28,27,1,2,5.0,2.0,2.0,1.0,0.68,0.64,0.64,39.7,-16.064936805960965,46.3104934094369,34.83839850906448,28.724421712107183,9.264720451313696,Four-seam,False
SL,2026-09-04,88.2,-1.47,6.21,"Miller, Mason",671218,695243,,ball,,,,,14.0,,R,R,R,SD,NYY,B,,,0,0,2026,0.91,-0.16,0.119023204602441,1.2263400922201253,,682987.0,,0,10,Top,,,,,,,1.894798439077765,-128.3105329295632,-5.361963596772439,9.549660169898896,29.877481595464573,-32.89488377175099,3.18402231,1.606889764,,,,88.1,2440.0,6.5,823256,669134,630105,823550,592518,593428,669392,701538,665487,53.98,,,,,,,,66,1,Slider,1,2,2,1,2,1,2,1,Standard,Standard,24.0,-0.002,0.033,,,,,-0.033,,-1,1,0.262,0.738,27,26,28,27,1,2,5.0,2.0,2.0,1.0,3.12,-0.91,-0.91,39.5,,,,,,Slider,False
FF,2026-09-04,100.1,-1.55,6.28,"Miller, Mason",682987,695243,single,hit_into_play,,,,,5.0,Spencer Jones singles on a sharp line drive to center fielder Jackson Merrill. Luis García Jr. scores. Spencer Jones to 2nd.,R,L,R,SD,NYY,X,8.0,line_drive,0,0,2026,-0.52,1.46,-0.2014318640289486,2.691527397712673,,671277.0,,0,10,Top,133.96,97.38,,,,,4.929282858424305,-145.39413318874392,-7.726172580421087,-8.571912782278718,39.91208743261092,-9.804453376437674,3.499967192,1.766338583,256.0,108.5,15.0,99.6,2381.0,6.5,823256,669134,630105,823550,592518,593428,669392,701538,665487,54.0,0.671,0.737,0.9,1.0,1.0,0.0,6.0,65,1,4-Seam Fastball,1,1,1,1,2,1,2,1,Infield shade,Standard,205.0,-0.238,0.489,77.4,7.7,,1.095,-0.489,108.5,0,0,0.5,0.5,27,25,28,25,1,3,5.0,2.0,2.0,1.0,0.85,0.52,-0.52,38.0,6.563269304839596,8.02020329026098,40.98605815124192,39.18055163246673,15.364058020452845,Four-seam,True
SL,2026-09-04,89.0,-1.32,6.1,"Miller, Mason",671277,695243,strikeout,foul_tip,,,,,7.0,Luis García Jr. strikes out on a foul tip.,R,L,R,SD,NYY,S,2.0,,0,2,2026,0.71,-0.39,-0.3141555212115026,1.9701354167613951,,,,2,9,Top,,,,,,,0.9162467635939816,-129.66666893434348,-3.00858724415631,7.793873613375657,28.577521043224294,-36.145203484121886,3.248088911,1.639222441,,,,89.3,2334.0,6.5,823256,669134,664034,630105,592518,593428,669392,701538,665487,53.97,,0.0,0.0,1.0,0.0,0.0,,60,3,Slider,1,1,1,1,1,1,1,1,Infield shade,Standard,38.0,0.02,-0.155,70.3,8.8,,,0.155,,0,0,0.619,0.381,27,26,28,26,1,3,5.0,2.0,2.0,1.0,3.28,-0.71,0.71,41.0,25.147164151956588,-25.994010002989324,27.925501424740933,39.55830799684665,47.590782819787194,Slider,True
SL,2026-09-04,88.4,-1.36,6.16,"Miller, Mason",671277,695243,,foul,,,,,13.0,,R,L,R,SD,NYY,S,,,0,1,2026,0.86,-0.42,-1.1830075986604207,2.1386702962652877,,,,2,9,Top,,,,,,,-1.4125323254813926,-128.77693002169391,-2.6014698343267195,9.844503105788265,27.577077118217783,-36.523830718505096,3.248088911,1.639222441,45.0,65.0,36.0,88.6,2482.0,6.4,823256,669134,664034,630105,592518,593428,669392,701538,665487,54.08,,,,,,,,60,2,Slider,1,1,1,1,1,1,1,1,Infield shade,Standard,41.0,0.009,-0.062,70.5,7.0,,,0.062,88.0,0,0,0.61,0.39,27,26,28,26,1,3,5.0,2.0,2.0,1.0,3.34,-0.86,0.86,37.3,-1.2280458272076564,20.3322883407098,30.037860218093417,49.061903145483285,19.530912368020672,Slider,False
SL,2026-09-04,88.0,-1.42,6.05,"Miller, Mason",671277,695243,,swinging_strike,,,,,14.0,,R,L,R,SD,NYY,S,,,0,0,2026,0.91,-0.31,0.8441267043029168,2.427781316788963,,,,2,9,Top,,,,,,,3.5063708171402403,-128.12715325840952,-1.8001856661634328,9.308765404816263,27.18059324274249,-35.43894171895363,3.248088911,1.639222441,,,,88.7,2279.0,6.7,823256,669134,664034,630105,592518,593428,669392,701538,665487,53.77,,,,,,,,60,1,Slider,1,1,1,1,1,1,1,1,Infield shade,Standard,48.0,0.005,-0.045,72.4,8.8,1.745783244,,0.045,,0,0,0.605,0.395,27,26,28,26,1,3,5.0,2.0,2.0,1.0,3.26,-0.91,0.91,33.7,25.571111186551978,-47.65405077549976,26.27202487331773,27.938580172522457,64.46031231703698,Slider,False
FF,2026-09-04,101.9,-1.2,6.38,"Miller, Mason",641355,695243,strikeout,swinging_strike,,,,,11.0,Cody Bellinger strikes out swinging.,R,L,R,SD,NYY,S,2.0,,0,2,2026,-0.71,1.46,-0.793466286626123,4.239049733824598,,,,1,9,Top,,,,,,,2.8452555886661286,-148.38751700570825,-4.135040670137306,-11.100475060181685,36.76449711506309,-9.848979525826431,3.344627625,1.687942913,,,,102.0,2505.0,6.4,823256,669134,664034,630105,592518,593428,669392,701538,665487,54.11,,0.0,0.0,1.0,0.0,0.0,,59,3,4-Seam Fastball,1,1,1,1,1,1,1,1,Infield shade,Standard,205.0,0.028,-0.163,55.1,5.8,4.527851208,,0.163,,0,0,0.577,0.423,27,30,28,31,1,3,5.0,2.0,2.0,1.0,0.74,0.71,-0.71,38.2,-5.5972244489614456,39.60928895934765,27.97178359911483,39.60047859221386,0.4102643616374957,Four-seam,True
SL,2026-09-04,88.4,-1.41,6.16,"Miller, Mason",641355,695243,,called_strike,,,,,8.0,,R,L,R,SD,NYY,S,,,0,1,2026,1.22,-0.4,0.0869448952349645,2.138600800899208,,,,1,9,Top,,,,,,,1.0212173704435554,-128.66404983803443,-2.587781830070637,13.21633374673937,29.120092812420427,-36.26690640857688,3.344627625,1.687942913,,,,88.6,2471.0,6.6,823256,669134,664034,630105,592518,593428,669392,701538,665487,53.92,,,,,,,,59,2,Slider,1,1,1,1,1,1,1,1,Infield shade,Standard,38.0,0.012,-0.057,,,,,0.057,,0,0,0.565,0.435,27,30,28,31,1,3,5.0,2.0,2.0,1.0,3.34,-1.22,1.22,35.3,,,,,,Slider,False
SL,2026-09-04,87.4,-1.45,6.14,"Miller, Mason",641355,695243,,swinging_strike,,,,,9.0,,R,L,R,SD,NYY,S,,,0,0,2026,0.8,-0.5,0.4874383313442459,1.9258071580117568,,,,1,9,Top,,,,,,,2.951592172729431,-127.15116854762908,-2.6529413084958584,7.919085113560522,28.88096580677574,-37.21873007624674,3.344627625,1.687942913,,,,87.4,2344.0,6.6,823256,669134,664034,630105,592518,593428,669392,701538,665487,53.93,,,,,,,,59,1,Slider,1,1,1,1,1,1,1,1,Infield shade,Standard,40.0,0.007,-0.041,71.3,9.2,1.117546032,,0.041,,0,0,0.558,0.442,27,30,28,31,1,3,5.0,2.0,2.0,1.0,3.51,-0.8,0.8,37.4,26.657796353159753,-20.754494637292247,38.097852177409614,26.001059966777355,37.4411658290153,Slider,False
FF,2026-09-04,100.1,-1.26,6.35,"Miller, Mason",700250,695243,field_out,hit_into_play,,,,,3.0,Ben Rice flies out to right fielder Fernando Tatis Jr.,R,L,R,SD,NYY,X,9.0,fly_ball,0,2,2026,-0.61,1.44,0.2941760666248161,3.222444194294235,,,,0,9,Top,169.03,90.42,,,,,5.702921801914876,-145.58983444280665,-6.52964495789058,-10.031789896838117,34.573172031566514,-10.27992718468806,3.280561024,1.655610236,291.0,92.7,47.0,100.3,2365.0,6.5,823256,669134,664034,630105,592518,593428,669392,701538,665487,54.05,0.009,0.017,0.0,1.0,0.0,0.0,3.0,58,3,4-Seam Fastball,1,1,1,1,1,1,1,1,Infield shade,Standard,204.0,0.035,-0.164,73.1,7.4,,0.027,0.164,92.7,0,0,0.523,0.477,27,27,28,27,1,3,5.0,2.0,2.0,1.0,0.83,0.61,-0.61,40.7,20.792342299082534,-4.188687324179534,31.10892091880636,31.820905935692657,25.767759166795994,Four-seam,True
FF,2026-09-04,101.1,-1.39,6.26,"Miller, Mason",700250,695243,,foul,,,,,11.0,,R,L,R,SD,NYY,S,,,0,1,2026,-0.57,1.45,-1.1267912280921883,2.626661855593853,,,,0,9,Top,,,,,,,2.0990005899318014,-147.07298912943307,-8.107080516076074,-8.704685930221942,36.004916458847475,-9.389252760982972,3.280561024,1.655610236,273.0,86.5,44.0,101.3,2469.0,6.5,823256,669134,664034,630105,592518,593428,669392,701538,665487,54.01,,,,,,,,58,2,4-Seam Fastball,1,1,1,1,1,1,1,1,Infield shade,Standard,208.0,0.014,-0.054,74.9,7.4,,,0.054,88.0,0,0,0.509,0.491,27,27,28,27,1,3,5.0,2.0,2.0,1.0,0.79,0.57,-0.57,37.1,12.56968420669313,24.368531899075325,30.72384413705724,48.94368253265971,13.50551892238942,Four-seam,False
SL,2026-09-04,87.4,-1.73,6.05,"Miller, Mason",700250,695243,,swinging_strike,,,,,4.0,,R,L,R,SD,NYY,S,,,0,0,2026,0.45,-0.41,-0.2912520747695946,2.6913235950923906,,,,0,9,Top,,,,,,,2.47328857390356,-127.2626512608384,-0.8416855557966065,4.381266809347113,27.16178521078069,-36.689509904741584,3.280561024,1.655610236,,,,87.7,2379.0,6.5,823256,669134,664034,630105,592518,593428,669392,701538,665487,53.96,,,,,,,,58,1,Slider,1,1,1,1,1,1,1,1,Infield shade,Standard,41.0,0.009,-0.041,64.0,5.8,2.952029232,,0.041,,0,0,0.5,0.5,27,27,28,27,1,3,5.0,2.0,2.0,1.0,3.4,-0.45,0.45,34.6,-11.318303404009784,33.42921762106603,37.37465984135509,38.894558890331254,0.3425433817580847,Slider,False
SL,2026-08-30,88.5,-1.02,6.2,"Miller, Mason",622761,695243,strikeout,swinging_strike,,,,,14.0,Jorge Mateo strikes out swinging.,R,R,R,TB,SD,S,2.0,,1,2,2026,1.03,-0.37,1.155125275347039,1.144978591766194,,,,2,9,Bot,,,,,,,3.0687501686186716,-128.71629290759145,-5.182046592469209,10.689278111511983,28.76525222105305,-35.32752571467089,3.198064305,1.613976378,,,,88.8,2495.0,6.7,822933,666023,664034,630105,823550,593428,669392,701538,687749,53.84,,0.0,0.0,1.0,0.0,0.0,,73,5,Slider,3,3,3,3,3,3,3,3,Standard,Standard,41.0,-0.025,-0.183,67.5,9.0,18.187909116,,0.183,,0,0,0.525,0.525,27,31,28,31,1,3,5.0,1.0,5.0,2.0,3.3,-1.03,-1.03,40.1,17.176781240510596,-45.47085637497844,26.7877063974066,47.1505502676333,60.15285766186129,Slider,True
FF,2026-08-30,98.7,-1.33,6.33,"Miller, Mason",622761,695243,,foul,,,,,3.0,,R,R,R,TB,SD,S,,,1,2,2026,-0.82,1.35,0.7088169704355247,3.2780215040587515,,,,2,9,Bot,,,,,,,7.465508038628087,-143.50170597420467,-5.9058167826652985,-13.100420328932303,32.389844504535155,-12.323351771996366,3.198064305,1.613976378,2.0,61.0,-61.0,99.4,2388.0,6.7,822933,666023,664034,630105,823550,593428,669392,701538,687749,53.82,,,,,,,,73,4,4-Seam Fastball,3,3,3,3,3,3,3,3,Standard,Standard,205.0,0.0,0.0,70.9,7.5,,,0.0,88.0,0,0,0.525,0.525,27,31,28,31,1,3,5.0,1.0,5.0,2.0,0.99,0.82,0.82,39.6,5.308261288080069,-1.257831616762182,15.243905543924791,43.19391395751076,25.167115142099696,Four-seam,False
FF,2026-08-30,100.6,-1.15,6.27,"Miller, Mason",622761,695243,,swinging_strike,,,,,11.0,,R,R,R,TB,SD,S,,,1,1,2026,-0.37,1.44,-0.4200627084793619,4.058066973386805,,,,2,9,Bot,,,,,,,2.9113511233167566,-146.4778680417321,-4.154399069722378,-5.999922535777452,32.76747438873257,-10.69535330481444,3.198064305,1.613976378,,,,101.7,2322.0,6.7,822933,666023,664034,630105,823550,593428,669392,701538,687749,53.77,,,,,,,,73,3,4-Seam Fastball,3,3,3,3,3,3,3,3,Standard,Standard,199.0,-0.009,-0.064,76.6,7.4,3.046028292,,0.064,,0,0,0.534,0.534,27,31,28,31,1,3,5.0,1.0,5.0,2.0,0.8,0.37,0.37,42.8,3.316286294895225,-1.2195743903665337,19.952236713172272,30.84204904877737,24.56401117308652,Four-seam,False
FF,2026-08-30,101.2,-1.12,6.32,"Miller, Mason",622761,695243,,swinging_strike,,,,,11.0,,R,R,R,TB,SD,S,,,1,0,2026,-0.43,1.42,-0.3469471619267168,3.7164991214357026,,,,2,9,Bot,,,,,,,3.2069911559960547,-147.40618829543592,-5.279973908644108,-7.044250620818164,32.55571334927602,-10.455215178001582,3.198064305,1.613976378,,,,102.3,2442.0,6.7,822933,666023,664034,630105,823550,593428,669392,701538,687749,53.81,,,,,,,,73,2,4-Seam Fastball,3,3,3,3,3,3,3,3,Standard,Standard,203.0,-0.005,-0.056,78.8,7.9,0.168203064,,0.056,,0,0,0.539,0.539,27,31,28,31,1,3,5.0,1.0,5.0,2.0,0.79,0.43,0.43,42.9,10.884289844496834,-16.476535806753756,17.450317399186794,31.519539109592408,30.01106280809021,Four-seam,False
FF,2026-08-30,102.6,-1.11,6.26,"Miller, Mason",622761,695243,,ball,,,,,14.0,,R,R,R,TB,SD,B,,,0,0,2026,-0.58,1.52,1.629661311057608,-1.304449043872768,,,,2,9,Bot,,,,,,,9.11843740411024,-147.88872553270755,-19.51715442623212,-10.679840206792443,35.300644569189586,-5.293477657696142,3.198064305,1.613976378,,,,103.0,2369.0,7.0,822933,666023,664034,630105,823550,593428,669392,701538,687749,53.46,,,,,,,,73,1,4-Seam Fastball,3,3,3,3,3,3,3,3,Standard,Standard,210.0,0.003,0.041,,,,,-0.041,,0,0,0.536,0.536,27,31,28,31,1,3,5.0,1.0,5.0,2.0,0.69,0.58,0.58,45.5,,,,,,Four-seam,False
SL,2026-08-30,88.4,-1.17,6.13,"Miller, Mason",676356,695243,home_run,hit_into_play,,,,,1.0,Jonny DeLuca homers (9) on a fly ball to left field. Junior Caminero scores.,R,R,R,TB,SD,X,,fly_ball,0,1,2026,1.11,-0.12,-0.4822948983997617,2.8165806680835077,,,691406.0,2,9,Bot,33.47,108.6,,,,,-0.7061167131785226,-128.78333917497827,-1.49663220669105,12.44417312465303,29.224562589483806,-33.381621962078825,3.133120079,1.581200787,319.0,90.7,40.0,88.7,2434.0,6.6,822933,666023,664034,630105,823550,593428,669392,701538,687749,53.86,0.011,0.013,2.0,1.0,0.0,3.0,3.0,72,2,Slider,1,3,1,3,3,3,3,3,Standard,Standard,39.0,0.49,2.262,71.4,7.3,,0.023,-2.262,90.7,-2,-2,0.046,0.046,27,27,28,28,1,3,5.0,1.0,5.0,1.0,3.05,-1.11,-1.11,41.5,5.935395888325333,-18.50467973792455,16.504538352731636,31.098995905013453,36.22118280433368,Slider,True
SL,2026-08-30,88.6,-1.2,6.17,"Miller, Mason",676356,695243,,called_strike,,,,,2.0,,R,R,R,TB,SD,S,,,0,0,2026,0.93,-0.17,-0.0685425152937868,3.0988399704121554,,,691406.0,2,9,Bot,,,,,,,0.7544467255639461,-128.97839195677994,-0.7927589762720948,10.101151712679297,30.41666438286526,-34.138839900550856,3.133120079,1.581200787,,,,88.7,2454.0,6.6,822933,666023,664034,630105,823550,593428,669392,701538,687749,53.86,,,,,,,,72,1,Slider,1,3,1,3,3,1,1,3,Standard,Standard,40.0,0.0,-0.041,,,,,0.041,,-2,-2,0.046,0.046,27,27,28,28,1,3,5.0,1.0,5.0,1.0,3.11,-0.93,-0.93,38.9,,,,,,Slider,False
FF,2026-08-30,102.6,-1.13,6.26,"Miller, Mason",802415,695243,field_out,hit_into_play,,,,,3.0,Chandler Simpson lines out to left fielder Samad Taylor.,R,L,R,TB,SD,X,7.0,line_drive,1,2,2026,-0.29,1.56,0.6780904988542436,3.268635038955265,,,691406.0,1,9,Bot,89.48,113.68,,,,,5.834688005202247,-149.28107720779707,-6.931948050224689,-5.778372406324075,35.95296976797936,-7.373406887993501,3.177878937,1.60378937,273.0,85.0,21.0,103.7,2469.0,6.9,822933,666023,664034,630105,823550,593428,669392,701538,687749,53.61,0.551,0.518,0.0,1.0,0.0,0.0,3.0,71,4,4-Seam Fastball,1,3,1,3,3,1,1,3,Standard,Strategic,206.0,-0.046,-0.183,60.1,5.6,,0.687,0.183,88.0,-2,-2,0.092,0.092,27,25,28,26,1,3,5.0,1.0,5.0,1.0,0.61,0.29,-0.29,41.7,-0.0159866889398765,10.6517744952076,30.401346595345032,31.50065096949673,16.640230241868995,Four-seam,True
FF,2026-08-30,102.1,-1.23,6.18,"Miller, Mason",802415,695243,,foul,,,,,9.0,,R,L,R,TB,SD,S,,,1,1,2026,-0.53,1.41,0.4022246332330332,1.8873856934081412,,,691406.0,1,9,Bot,,,,,,,5.884424987856133,-148.26731260892944,-10.100449024099184,-9.208559661091376,36.10430731027514,-9.05409635866322,3.177878937,1.60378937,226.0,73.9,43.0,102.9,2430.0,6.9,822933,666023,664034,630105,823550,593428,669392,701538,687749,53.61,,,,,,,,71,3,4-Seam Fastball,1,3,1,3,3,1,1,3,Strategic,Strategic,210.0,-0.017,-0.067,67.8,6.9,,,0.067,88.0,-2,-2,0.109,0.109,27,25,28,26,1,3,5.0,1.0,5.0,1.0,0.78,0.53,-0.53,37.8,-5.374966547293022,4.512783946663368,38.8877406859271,34.952820996276216,17.406229302176477,Four-seam,False
SL,2026-08-30,87.1,-1.35,6.08,"Miller, Mason",802415,695243,,ball,,,,,13.0,,R,L,R,TB,SD,B,,,0,1,2026,0.72,-0.55,-0.4780803552819186,0.9838358514269584,,,691406.0,1,9,Bot,,,,,,,0.5641504332742892,-126.84016785745489,-4.662329575124667,7.646156813548763,27.58293009854999,-37.27470064846941,3.177878937,1.60378937,,,,87.8,2409.0,6.8,822933,666023,664034,630105,823550,593428,669392,701538,687749,53.65,,,,,,,,71,2,Slider,1,3,1,3,3,1,1,3,Strategic,Strategic,36.0,0.007,0.026,,,,,-0.026,,-2,-2,0.102,0.102,27,25,28,26,1,3,5.0,1.0,5.0,1.0,3.56,-0.72,0.72,38.1,,,,,,Slider,False
FF,2026-08-30,102.2,-1.33,6.24,"Miller, Mason",802415,695243,,foul,,,,,6.0,,R,L,R,TB,SD,S,,,0,0,2026,-0.48,1.64,0.2786217310779547,2.5790111050834894,,,691406.0,1,9,Bot,,,,,,,5.696472565201184,-148.5093301582019,-8.940075507272153,-8.450387522504814,34.90109179919206,-5.877386025020698,3.177878937,1.60378937,211.0,74.6,38.0,103.1,2531.0,6.8,822933,666023,664034,630105,823550,593428,669392,701538,687749,53.7,,,,,,,,71,1,4-Seam Fastball,1,3,1,3,3,1,1,3,Strategic,Standard,210.0,-0.01,-0.037,64.3,6.5,,,0.037,88.0,-2,-2,0.112,0.112,27,25,28,26,1,3,5.0,1.0,5.0,1.0,0.54,0.48,-0.48,41.4,-5.023573143269173,7.529354357846441,36.14662992059647,36.61575211333836,17.244726080723336,Four-seam,False
SL,2026-08-30,88.6,-1.23,6.09,"Miller, Mason",689414,695243,strikeout,swinging_strike,,,,,14.0,Liam Hicks strikes out swinging.,R,L,R,TB,SD,S,2.0,,1,2,2026,0.86,-0.79,0.2617460636054685,1.123160566344779,,,691406.0,0,9,Bot,,,,,,,1.78725249592453,-129.06363415291105,-4.137133965478615,9.169867352523008,28.640623697102132,-40.29762804710618,3.085728346,1.557283465,,,,89.5,2499.0,6.9,822933,666023,664034,630105,823550,593428,669392,701538,687749,53.56,,0.0,0.0,1.0,0.0,0.0,,70,5,Slider,1,3,1,3,3,1,1,3,Infield shade,Standard,37.0,-0.056,-0.173,65.6,8.2,1.210163652,,0.173,,-2,-2,0.168,0.168,27,27,28,27,1,0,5.0,1.0,5.0,1.0,3.71,-0.86,0.86,37.3,23.20522015280754,-32.8547578690251,31.898762625778552,31.06808253030284,45.35272169759622,Slider,True
FF,2026-08-30,103.0,-1.17,6.23,"Miller, Mason",689414,695243,,foul,,,,,5.0,,R,L,R,TB,SD,S,,,1,2,2026,-0.72,1.35,0.2689624181089477,2.4230444223970435,,,691406.0,0,9,Bot,,,,,,,5.838845361263712,-149.67525537414758,-8.731731588189419,-12.251604171481278,37.68152942471974,-9.85998730652415,3.085728346,1.557283465,208.0,74.3,48.0,103.4,2429.0,6.7,822933,666023,664034,630105,823550,593428,669392,701538,687749,53.8,,,,,,,,70,4,4-Seam Fastball,1,3,1,3,3,1,1,3,Infield shade,Standard,206.0,0.0,0.0,66.0,6.4,,,0.0,88.0,-2,-2,0.168,0.168,27,27,28,27,1,0,5.0,1.0,5.0,1.0,0.81,0.72,-0.72,40.4,3.9796034053639344,-6.31835202907095,31.746383768808897,30.20852654730664,24.595504480691055,Four-seam,False
SL,2026-08-30,89.2,-1.32,6.03,"Miller, Mason",689414,695243,,swinging_strike_blocked,,,,,14.0,,R,L,R,TB,SD,S,,,1,1,2026,1.18,-0.3,0.5241228801306697,0.2969203595510126,,,691406.0,0,9,Bot,,,,,,,1.9601678707916177,-129.74733748742497,-7.176442570331058,12.837316141780311,28.65104505866705,-34.145483590008055,3.085728346,1.557283465,,,,90.1,2559.0,7.0,822933,666023,664034,630105,823550,593428,669392,701538,687749,53.52,,,,,,,,70,3,Slider,1,3,1,3,3,1,1,3,Infield shade,Standard,39.0,-0.02,-0.054,67.0,8.8,11.677059756,,0.054,,-2,-2,0.188,0.188,27,27,28,27,1,0,5.0,1.0,5.0,1.0,3.18,-1.18,1.18,37.1,28.156898968951193,-52.28948817673244,35.47184864145199,30.084270415870535,57.51101469049692,Slider,False
SL,2026-08-30,87.5,-1.58,5.98,"Miller, Mason",689414,695243,,ball,,,,,11.0,,R,L,R,TB,SD,B,,,0,1,2026,1.24,-0.19,-1.931269734473929,3.932312740681728,,,691406.0,0,9,Bot,,,,,,,-3.464206219382564,-127.37306254178796,1.8467651216225272,14.186040036245348,28.737309290804244,-34.86942119993529,3.085728346,1.557283465,,,,87.8,2416.0,6.7,822933,666023,664034,630105,823550,593428,669392,701538,687749,53.8,,,,,,,,70,2,Slider,1,3,1,3,3,1,1,3,Infield shade,Standard,48.0,0.008,0.026,,,,,-0.026,,-2,-2,0.18,0.18,27,27,28,27,1,0,5.0,1.0,5.0,1.0,3.19,-1.24,1.24,35.4,,,,,,Slider,False
FF,2026-08-30,101.5,-1.41,6.19,"Miller, Mason",689414,695243,,foul,,,,,5.0,,R,L,R,TB,SD,S,,,0,0,2026,-0.65,1.54,-0.1340565093687271,2.0376462921626253,,,691406.0,0,9,Bot,,,,,,,5.169460564170265,-147.40510770959153,-9.884242373582268,-10.78207011233919,35.63904215191819,-7.607433333675614,3.085728346,1.557283465,165.0,80.9,71.0,102.5,2455.0,7.0,822933,666023,664034,630105,823550,593428,669392,701538,687749,53.53,,,,,,,,70,1,4-Seam Fastball,1,3,1,3,3,1,1,3,Standard,Standard,209.0,-0.012,-0.04,71.4,7.2,,,0.04,88.0,-2,-2,0.192,0.192,27,27,28,27,1,0,5.0,1.0,5.0,1.0,0.69,0.65,-0.65,38.7,7.690678675152628,-4.6460616832757555,34.82197366964505,35.16499225320139,29.216055962453133,Four-seam,False
SL,2026-08-30,87.0,-1.16,6.17,"Miller, Mason",691406,695243,single,hit_into_play,,,,,4.0,Junior Caminero singles on a line drive to center fielder Jackson Merrill.,R,R,R,TB,SD,X,8.0,line_drive,1,2,2026,0.87,-0.37,-0.652886049532031,2.1571621026562564,,,,0,9,Bot,109.65,87.27,,,,,-0.6152543158337329,-126.80483869266727,-2.4900848022696813,9.476090035549104,26.084181048628594,-35.815150815911984,3.243700787,1.637007874,245.0,78.2,19.0,87.7,2426.0,6.7,822933,666023,664034,630105,823550,593428,669392,701538,687749,53.82,0.989,0.906,0.9,1.0,1.0,0.0,4.0,69,4,Slider,1,3,1,3,3,1,1,3,Standard,Standard,23.0,0.111,0.517,69.1,7.7,,1.071,-0.517,88.0,-2,-2,0.081,0.081,27,22,28,23,1,3,5.0,1.0,5.0,1.0,3.37,-0.87,-0.87,39.4,-0.909000033632727,8.533451697742143,30.385650029374062,30.78427569753487,32.211501896702615,Slider,True
FF,2026-08-30,102.1,-1.19,6.28,"Miller, Mason",691406,695243,,foul,,,,,13.0,,R,R,R,TB,SD,S,,,1,1,2026,-0.54,1.44,-1.0170468225384337,2.3697813271525323,,,,0,9,Bot,,,,,,,1.826895640107114,-148.3797018395613,-9.022537057173151,-8.40878181691485,37.14632780684471,-8.97594421459149,3.243700787,1.637007874,257.0,79.9,34.0,102.4,2578.0,6.6,822933,666023,664034,630105,823550,593428,669392,701538,687749,53.86,,,,,,,,69,3,4-Seam Fastball,1,3,1,3,3,1,1,3,Standard,Standard,207.0,-0.012,-0.06,75.3,8.3,,,0.06,88.0,-2,-2,0.093,0.093,27,22,28,23,1,3,5.0,1.0,5.0,1.0,0.76,0.54,0.54,40.5,6.557296285814186,-6.647777432276695,36.87150189911012,26.782720382382443,31.501293808113637,Four-seam,False
SL,2026-08-30,88.9,-1.24,6.07,"Miller, Mason",691406,695243,,ball,,,,,14.0,,R,R,R,TB,SD,B,,,0,1,2026,1.04,-0.52,2.6068492146691256,-0.1722136146632009,,,,0,9,Bot,,,,,,,7.1508379162856315,-129.1180563132865,-7.830380195922643,9.952290618636296,29.04283160320073,-36.34829329314242,3.243700787,1.637007874,,,,89.4,2530.0,6.9,822933,666023,664034,630105,823550,593428,669392,701538,687749,53.63,,,,,,,,69,2,Slider,1,3,1,3,3,1,1,3,Standard,Standard,31.0,0.005,0.029,,,,,-0.029,,-2,-2,0.088,0.088,27,22,28,23,1,3,5.0,1.0,5.0,1.0,3.43,-1.04,-1.04,38.7,,,,,,Slider,False
FF,2026-08-30,101.8,-1.21,6.29,"Miller, Mason",691406,695243,,called_strike,,,,,5.0,,R,R,R,TB,SD,S,,,0,0,2026,-0.48,1.67,0.0207860706295657,2.640221893497375,,,,0,9,Bot,,,,,,,4.639232924532304,-148.00783438756045,-8.892860960839439,-8.198463372707595,34.84947406888212,-5.72184298724048,3.243700787,1.637007874,,,,102.7,2570.0,6.8,822933,666023,664034,630105,823550,593428,669392,701538,687749,53.72,,,,,,,,69,1,4-Seam Fastball,1,3,1,3,3,1,1,3,Standard,Standard,210.0,-0.007,-0.041,,,,,0.041,,-2,-2,0.095,0.095,27,22,28,23,1,3,5.0,1.0,5.0,1.0,0.53,0.48,0.48,39.5,,,,,,Four-seam,False
SL,2026-08-25,88.7,-1.25,6.06,"Miller, Mason",663968,695243,strikeout,swinging_strike_blocked,,,,,14.0,"Jake Mangum strikes out swinging, catcher Luis Campusano to first baseman Ty France.",R,L,R,SD,PIT,S,2.0,,2,2,2026,0.79,-0.4,0.9919359231202522,-0.1189356081040609,,,,2,9,Top,,,,,,,3.757784473968764,-128.8941556722961,-7.829969773096866,7.795160020472708,30.27943693902044,-34.97526474768806,3.179634186,1.604675197,,,,88.7,2329.0,6.7,823259,669134,664034,630105,592518,593428,669720,701538,665487,53.83,,0.0,0.0,1.0,0.0,0.0,,61,5,Slider,0,1,1,0,1,0,1,0,Strategic,Standard,34.0,0.009,-0.223,56.0,8.8,8.29160112,,0.223,,-1,1,0.195,0.805,27,30,28,30,1,3,1.0,1.0,5.0,1.0,3.34,-0.79,0.79,35.8,28.362563186708833,-36.84177367778168,43.36547174339379,30.811398829976756,49.15293596630352,Slider,True
FF,2026-08-25,101.0,-1.3,6.22,"Miller, Mason",663968,695243,,foul,,,,,14.0,,R,L,R,SD,PIT,S,,,2,1,2026,-0.43,1.35,0.8955240168655033,1.8590541750303888,,,,2,9,Top,,,,,,,7.102275352695995,-146.7159072354934,-9.905426547624774,-7.861245502573843,33.170504414729585,-10.455741742873611,3.179634186,1.604675197,,,,101.7,2469.0,6.7,823259,669134,664034,630105,592518,593428,669720,701538,665487,53.83,,,,,,,,61,4,4-Seam Fastball,0,1,1,0,1,0,1,0,Standard,Standard,196.0,0.002,-0.079,65.4,7.2,,,0.079,,-1,1,0.193,0.807,27,30,28,30,1,3,1.0,1.0,5.0,1.0,0.88,0.43,-0.43,41.5,20.80181815491213,4.47643859574433,36.47493002788755,29.53054653395436,22.448255405341705,Four-seam,False
FF,2026-08-25,101.3,-1.07,6.27,"Miller, Mason",663968,695243,,ball,,,,,14.0,,R,L,R,SD,PIT,B,,,1,1,2026,-0.48,1.14,0.2940777735386449,1.4728755757939482,,,,2,9,Top,,,,,,,4.988132281363318,-147.20379939153796,-10.76091344444165,-8.106381886912416,32.787579585510684,-13.261468649789308,3.179634186,1.604675197,,,,103.0,2455.0,7.1,823259,669134,664034,630105,592518,593428,669720,701538,665487,53.37,,,,,,,,61,3,4-Seam Fastball,0,1,1,0,1,0,1,0,Standard,Standard,201.0,-0.002,0.055,,,,,-0.055,,-1,1,0.195,0.805,27,30,28,30,1,3,1.0,1.0,5.0,1.0,1.07,0.48,-0.48,42.6,,,,,,Four-seam,False
SL,2026-08-25,87.7,-1.18,6.11,"Miller, Mason",663968,695243,,swinging_strike,,,,,14.0,,R,L,R,SD,PIT,S,,,1,0,2026,0.75,-0.38,0.5377561405520699,0.0214326086839893,,,,2,9,Top,,,,,,,2.535828695623785,-127.53561077974328,-7.531822888579218,7.634296796075569,27.38622053998422,-34.884415933182744,3.179634186,1.604675197,,,,88.3,2341.0,6.8,823259,669134,664034,630105,592518,593428,669720,701538,665487,53.68,,,,,,,,61,2,Slider,0,1,1,0,1,0,1,0,Standard,Standard,35.0,0.002,-0.056,63.9,9.2,13.56888312,,0.056,,-1,1,0.193,0.807,27,30,28,30,1,3,1.0,1.0,5.0,1.0,3.36,-0.75,0.75,41.1,27.32757120754255,-42.58224837663589,35.44326906303731,33.623397160645126,52.30626877964423,Slider,False
FF,2026-08-25,101.8,-1.21,6.25,"Miller, Mason",663968,695243,,ball,,,,,11.0,,R,L,R,SD,PIT,B,,,0,0,2026,-0.82,0.91,-0.6153088654628122,3.337442861017082,,,,2,9,Top,,,,,,,3.696177332075173,-148.1920158888553,-4.996719902875309,-13.01460076965419,34.67434645977562,-17.796934881365026,3.179634186,1.604675197,,,,103.2,2334.0,7.0,823259,669134,664034,630105,592518,593428,669720,701538,665487,53.52,,,,,,,,61,1,4-Seam Fastball,0,1,1,0,1,0,1,0,Strategic,Standard,202.0,-0.001,0.041,,,,,-0.041,,-1,1,0.194,0.806,27,30,28,30,1,3,1.0,1.0,5.0,1.0,1.29,0.82,-0.82,41.7,,,,,,Four-seam,False
CH,2026-08-25,98.2,-1.38,6.0,"Miller, Mason",665833,695243,home_run,hit_into_play,,,,,9.0,Oneil Cruz homers (17) on a line drive to right field.,R,L,R,SD,PIT,X,,line_drive,0,1,2026,-1.25,0.34,0.5166414722598227,1.766854625731878,,,,2,9,Top,227.71,83.12,,,,,8.062855339726463,-142.66956062104643,-6.57730945723526,-18.929642356660136,33.67391392624743,-26.102504175666557,3.515764436,1.774311024,379.0,111.8,19.0,98.8,1854.0,6.8,823259,669134,664034,630105,592518,593428,669720,701538,665487,53.7,0.903,1.42,2.0,1.0,0.0,3.0,6.0,60,2,Changeup,0,0,0,0,1,0,1,0,Infield shade,Standard,230.0,-0.416,2.64,81.7,7.7,,2.529,-2.64,111.8,0,0,0.61,0.39,27,27,28,28,1,3,1.0,1.0,5.0,1.0,2.03,1.25,-1.25,32.7,8.569644265741891,-13.02836854529619,40.827549419784425,29.265295827751174,37.44393365021773,Changeup,True
FF,2026-08-25,100.8,-1.25,6.3,"Miller, Mason",665833,695243,,called_strike,,,,,2.0,,R,L,R,SD,PIT,S,,,0,0,2026,-0.15,1.17,-0.211009405703417,3.63364753150342,,,,2,9,Top,,,,,,,3.2171973513221435,-146.77117302229917,-4.744147396018457,-2.8628706743162717,34.53452820138775,-14.364834701330532,3.515764436,1.774311024,,,,101.6,2498.0,6.7,823259,669134,664034,630105,592518,593428,669720,701538,665487,53.84,,,,,,,,60,1,4-Seam Fastball,0,0,0,0,0,0,0,0,Infield shade,Standard,197.0,0.005,-0.045,,,,,0.045,,0,0,0.605,0.395,27,27,28,28,1,3,1.0,1.0,5.0,1.0,1.07,0.15,-0.15,42.8,,,,,,Four-seam,False
FF,2026-08-25,100.6,-1.04,6.35,"Miller, Mason",693304,695243,field_out,hit_into_play,,,,,11.0,Nick Gonzales flies out to right fielder Fernando Tatis Jr.,R,R,R,SD,PIT,X,9.0,fly_ball,3,2,2026,-0.23,0.94,-0.1679184642958533,3.2404989182034214,,,,1,9,Top,172.82,87.42,,,,,2.955926426880445,-146.48481805611647,-5.368613194509815,-3.9559140978880776,35.270145983841125,-17.592182507635084,3.05062336,1.539566929,301.0,86.9,29.0,101.4,2346.0,6.7,823259,669134,664034,630105,592518,593428,669720,701538,665487,53.78,0.034,0.031,0.0,1.0,0.0,0.0,3.0,59,6,4-Seam Fastball,0,0,0,0,0,0,0,0,Standard,Strategic,194.0,0.056,-0.345,64.2,6.5,,0.053,0.345,88.0,0,0,0.549,0.451,27,27,28,27,1,3,1.0,1.0,5.0,1.0,1.31,0.23,0.23,42.9,7.394572273365663,9.42225433990054,29.370672564119054,35.208085510416616,22.621895810232175,Four-seam,True
FF,2026-08-25,101.4,-0.99,6.39,"Miller, Mason",693304,695243,,ball,,,,,11.0,,R,R,R,SD,PIT,B,,,2,2,2026,-0.27,1.24,-0.1497469648995059,4.4665563298188165,,,,1,9,Top,,,,,,,3.0118416299417143,-147.58115951604978,-2.946993932455008,-4.705444045114144,36.581169990498275,-13.564883828924218,3.05062336,1.539566929,,,,101.9,2402.0,6.6,823259,669134,664034,630105,592518,593428,669720,701538,665487,53.87,,,,,,,,59,5,4-Seam Fastball,0,0,0,0,0,0,0,0,Standard,Strategic,195.0,-0.016,0.112,,,,,-0.112,,0,0,0.565,0.435,27,27,28,27,1,3,1.0,1.0,5.0,1.0,0.98,0.27,0.27,43.5,,,,,,Four-seam,False
FF,2026-08-25,101.2,-1.23,6.32,"Miller, Mason",693304,695243,,foul,,,,,5.0,,R,R,R,SD,PIT,S,,,2,1,2026,-0.54,1.31,-0.0254683231151661,2.2390130355856908,,,,1,9,Top,,,,,,,4.660413651485468,-147.0786529792241,-9.06270015062818,-8.887744914522688,34.19550961871444,-11.25941570601388,3.05062336,1.539566929,267.0,85.3,40.0,101.9,2670.0,6.7,823259,669134,664034,630105,592518,593428,669720,701538,665487,53.79,,,,,,,,59,4,4-Seam Fastball,0,0,0,0,0,0,0,0,Standard,Strategic,201.0,0.013,-0.075,72.2,7.2,,,0.075,88.0,0,0,0.552,0.448,27,27,28,27,1,3,1.0,1.0,5.0,1.0,0.92,0.54,0.54,41.2,6.970041994226546,13.236026254676382,37.47461860177712,37.51211417754096,18.288703734591017,Four-seam,False
FF,2026-08-25,100.4,-1.15,6.39,"Miller, Mason",693304,695243,,foul,,,,,2.0,,R,R,R,SD,PIT,S,,,2,0,2026,-0.62,1.02,-0.1047035334289437,2.7552604188618357,,,,1,9,Top,,,,,,,4.387617013042131,-146.0924948016834,-7.018243482373544,-9.865277597127308,33.136277164403865,-16.099650908791165,3.05062336,1.539566929,172.0,75.3,61.0,101.3,2318.0,6.7,823259,669134,664034,630105,592518,593428,669720,701538,665487,53.81,,,,,,,,59,3,4-Seam Fastball,0,0,0,0,0,0,0,0,Standard,Strategic,204.0,0.011,-0.069,81.5,7.0,,,0.069,88.0,0,0,0.541,0.459,27,27,28,27,1,3,1.0,1.0,5.0,1.0,1.23,0.62,0.62,42.1,18.50078799570983,-7.330259664593387,28.31300604721511,35.243248748031306,21.831559052832624,Four-seam,False
SL,2026-08-25,86.6,-1.24,6.16,"Miller, Mason",693304,695243,,ball,,,,,11.0,,R,R,R,SD,PIT,B,,,1,0,2026,0.81,-0.41,-1.1932485816378748,2.8110355252276027,,,,1,9,Top,,,,,,,-1.5811396092481664,-126.18921291602372,-0.7050934680730492,8.982585280518386,26.95177816161285,-36.59228858107431,3.05062336,1.539566929,,,,87.2,2235.0,6.7,823259,669134,664034,630105,592518,593428,669720,701538,665487,53.82,,,,,,,,59,2,Slider,0,0,0,0,0,0,0,0,Strategic,Strategic,42.0,-0.011,0.075,,,,,-0.075,,0,0,0.552,0.448,27,27,28,27,1,3,1.0,1.0,5.0,1.0,3.45,-0.81,-0.81,40.1,,,,,,Slider,False
FF,2026-08-25,98.7,-1.25,6.37,"Miller, Mason",693304,695243,,ball,,,,,12.0,,R,R,R,SD,PIT,B,,,0,0,2026,-0.34,1.29,0.2448034686747481,4.225289100583478,,,,1,9,Top,,,,,,,4.8478868025614545,-143.7487496054339,-3.328033116213245,-5.84113645899199,31.926089003366332,-13.738336615588096,3.05062336,1.539566929,,,,99.6,2427.0,6.6,823259,669134,664034,630105,592518,593428,669720,701538,665487,53.87,,,,,,,,59,1,4-Seam Fastball,0,0,0,0,0,0,0,0,Standard,Standard,197.0,-0.006,0.041,,,,,-0.041,,0,0,0.558,0.442,27,27,28,27,1,3,1.0,1.0,5.0,1.0,1.04,0.34,0.34,43.1,,,,,,Four-seam,False
FF,2026-08-25,100.6,-1.29,6.28,"Miller, Mason",668804,695243,field_out,hit_into_play,,,,,5.0,Bryan Reynolds grounds out to first baseman Ty France.,R,L,R,SD,PIT,X,3.0,ground_ball,0,0,2026,-0.36,1.27,0.1839864131315818,2.304254483135641,,,,0,9,Top,156.88,167.9,,,,,4.948181165184644,-146.2161235642624,-8.525166973127835,-6.413094355354506,37.04605559399534,-12.08265738069537,3.284071522,1.65738189,4.0,96.7,-31.0,100.9,2459.0,6.7,823259,669134,664034,630105,592518,593428,669720,701538,665487,53.82,0.079,0.071,0.0,1.0,0.0,0.0,2.0,58,1,4-Seam Fastball,0,0,0,0,0,0,0,0,Standard,Standard,196.0,0.058,-0.259,75.2,6.7,,0.086,0.259,96.7,0,0,0.5,0.5,27,31,28,31,1,3,1.0,1.0,5.0,1.0,1.0,0.36,-0.36,39.2,10.06016391523271,1.158181146939349,37.70612738145348,31.632399113687782,21.46472613934567,Four-seam,True
SL,2026-08-24,88.5,-1.08,6.18,"Miller, Mason",663968,695243,field_out,hit_into_play,,,,,8.0,"Jake Mangum grounds out, second baseman Jake Cronenworth to first baseman Ty France.",R,L,R,SD,PIT,X,4.0,ground_ball,2,2,2026,0.81,-0.17,-0.2006635640780664,2.0847340295878896,669707.0,693304.0,,2,9,Top,154.85,152.7,,,,,0.4150952122339705,-128.97423466218058,-3.3842547947161865,8.967649220868363,25.62832952913128,-33.62970120090893,3.179634186,1.604675197,37.0,89.9,-1.0,89.4,2340.0,6.7,823260,669134,664034,630105,592518,593428,687957,701538,665487,53.82,0.31,0.285,0.0,1.0,0.0,0.0,2.0,70,6,Slider,2,2,2,2,2,2,2,2,Standard,Standard,34.0,0.123,-0.192,77.8,7.9,,0.378,0.192,89.9,0,0,0.516,0.484,27,30,28,30,1,0,2.0,2.0,1.0,1.0,3.06,-0.81,0.81,38.9,23.102203566363904,-7.357165797751704,29.36904304549326,42.8768028341092,30.93729831528368,Slider,True
FF,2026-08-24,102.4,-1.12,6.29,"Miller, Mason",663968,695243,,foul,,,,,6.0,,R,L,R,SD,PIT,S,,,2,2,2026,-0.7,1.26,0.5117139148182845,2.165152023018568,669707.0,693304.0,,2,9,Top,,,,,,,6.321065967805103,-148.80784721525148,-9.287090016408769,-11.894776444469214,36.779703670553104,-11.417661177505432,3.179634186,1.604675197,242.0,80.2,28.0,103.0,2475.0,6.8,823260,669134,664034,630105,592518,593428,687957,701538,665487,53.72,,,,,,,,70,5,4-Seam Fastball,2,2,2,2,2,2,2,2,Standard,Standard,203.0,0.0,0.0,67.2,6.1,,,0.0,88.0,0,0,0.516,0.484,27,30,28,30,1,0,2.0,2.0,1.0,1.0,0.93,0.7,-0.7,40.5,-9.799778784700884,26.85119750687909,40.06337304072566,32.74968325693638,13.157352659083228,Four-seam,False
SL,2026-08-24,89.2,-1.33,6.14,"Miller, Mason",663968,695243,,ball,,,,,13.0,,R,L,R,SD,PIT,B,,,1,2,2026,0.29,-0.48,-1.2928294536919216,1.384006908790151,669707.0,,693304.0,2,9,Top,,,,,,,-0.5159294343319409,-129.80820916127524,-4.373003792982825,3.333186539696257,28.743040564098845,-36.83301600970883,3.179634186,1.604675197,,,,89.4,2247.0,6.6,823260,669134,664034,630105,592518,593428,687957,701538,665487,53.93,,,,,,,,70,4,Slider,2,2,2,2,2,2,2,2,Standard,Standard,32.0,-0.026,0.043,,,,,-0.043,,0,0,0.542,0.458,27,30,28,30,1,0,2.0,2.0,1.0,1.0,3.36,-0.29,0.29,39.3,,,,,,Slider,False
FF,2026-08-24,101.3,-1.23,6.3,"Miller, Mason",663968,695243,,foul,,,,,12.0,,R,L,R,SD,PIT,S,,,1,1,2026,-0.15,1.31,1.6532499102732017,2.9718236969488263,669707.0,,693304.0,2,9,Top,,,,,,,8.355517219593313,-147.20373460181565,-6.9807216501158,-4.170362005216708,34.86515469585564,-11.645616572950024,3.179634186,1.604675197,178.0,75.0,18.0,102.0,2515.0,6.7,823260,669134,664034,630105,592518,593428,687957,701538,665487,53.78,,,,,,,,70,3,4-Seam Fastball,2,2,2,2,2,2,2,2,Standard,Standard,199.0,0.034,-0.076,61.6,5.9,,,0.076,88.0,0,0,0.508,0.492,27,30,28,30,1,0,2.0,2.0,1.0,1.0,0.92,0.15,-0.15,42.1,7.416372991103663,7.50119695834103,35.35072392424558,18.66482958053801,18.910610918459344,Four-seam,False
SL,2026-08-24,88.1,-1.33,6.19,"Miller, Mason",663968,695243,,foul,,,,,5.0,,R,L,R,SD,PIT,S,,,1,0,2026,0.84,-0.34,0.1877913287467487,2.100421472659827,669707.0,,693304.0,2,9,Top,,,,,,,1.873687435836473,-128.20362689433807,-2.804117696170665,8.750431785190335,30.232955758013947,-35.4960385533347,3.179634186,1.604675197,5.0,89.7,-21.0,88.1,2234.0,6.6,823260,669134,664034,630105,592518,593428,687957,701538,665487,53.88,,,,,,,,70,2,Slider,2,2,2,2,2,2,2,2,Standard,Standard,35.0,0.011,-0.029,46.6,5.6,,,0.029,89.7,0,0,0.497,0.503,27,30,28,30,1,0,2.0,2.0,1.0,1.0,3.31,-0.84,0.84,39.1,-16.278442016112564,35.671993269968574,30.18632993564067,36.249366263242464,10.75518236069337,Slider,False
SL,2026-08-24,87.3,-1.22,6.27,"Miller, Mason",663968,695243,,ball,,,,,11.0,,R,L,R,SD,PIT,B,,,0,0,2026,1.04,-0.16,-1.296251865694181,3.3268156623956173,669707.0,,693304.0,2,9,Top,,,,,,,-2.375613033778406,-127.05777612195752,-0.3231529417269219,11.741312475865625,28.99685846761793,-34.05347472015255,3.179634186,1.604675197,,,,87.5,2151.0,6.7,823260,669134,664034,630105,592518,593428,687957,701538,665487,53.84,,,,,,,,70,1,Slider,2,2,2,2,2,2,2,2,Standard,Standard,36.0,-0.004,0.016,,,,,-0.016,,0,0,0.501,0.499,27,30,28,30,1,0,2.0,2.0,1.0,1.0,3.18,-1.04,1.04,40.3,,,,,,Slider,False
SL,2026-08-24,88.6,-1.12,6.16,"Miller, Mason",693304,695243,single,hit_into_play,,,,,5.0,Nick Gonzales singles on a ground ball to left fielder Dustin Harris. Jared Triolo to 3rd.,R,R,R,SD,PIT,X,7.0,ground_ball,1,2,2026,1.22,-0.5,0.2673093929870941,2.233615135557782,,,669707.0,2,9,Top,113.77,126.68,,,,,0.7515782387002337,-129.04272721420273,-2.1957014576950193,13.415911189014498,28.75834082717544,-37.51111770274095,3.05062336,1.539566929,19.0,91.4,-6.0,89.0,2527.0,6.6,823260,669134,664034,630105,592518,593428,687957,701538,665487,53.88,0.222,0.2,0.9,1.0,1.0,0.0,2.0,69,5,Slider,2,2,2,2,2,2,2,2,Standard,Standard,36.0,-0.092,0.424,64.9,7.0,,0.256,-0.424,91.4,0,0,0.593,0.407,27,27,28,27,1,4,2.0,1.0,1.0,1.0,3.42,-1.22,-1.22,39.1,2.7170554146042667,13.8114500087252,32.77712010827028,40.1443343485233,26.136868588196354,Slider,True
SL,2026-08-24,89.5,-1.31,6.11,"Miller, Mason",693304,695243,,foul,,,,,8.0,,R,R,R,SD,PIT,S,,,1,2,2026,0.63,-0.37,0.0958636819771104,1.5289170516007955,,,669707.0,2,9,Top,,,,,,,2.0766474613445944,-130.3227206698435,-4.225328709881263,6.671973289462247,30.319031864692704,-35.61028810481408,3.05062336,1.539566929,,,,90.3,2355.0,7.0,823260,669134,664034,630105,592518,593428,687957,701538,665487,53.53,,,,,,,,69,4,Slider,2,2,2,2,2,2,2,2,Standard,Standard,32.0,0.0,0.0,62.6,7.4,,,0.0,,0,0,0.593,0.407,27,27,28,27,1,4,2.0,1.0,1.0,1.0,3.24,-0.63,-0.63,41.0,9.809674657082663,7.7404822569514815,41.030192166173315,39.003740552654975,25.370336760710337,Slider,False
FF,2026-08-24,101.2,-1.31,6.32,"Miller, Mason",693304,695243,,foul,,,,,1.0,,R,R,R,SD,PIT,S,,,1,1,2026,-0.49,0.87,-0.668345440606804,3.087211589725375,,,669707.0,2,9,Top,,,,,,,2.9986619368763128,-147.30531068779254,-5.6520086843137545,-7.886450158658744,34.27362801330222,-18.35908519074083,3.05062336,1.539566929,114.0,64.0,13.0,102.0,2488.0,6.7,823260,669134,664034,630105,592518,593428,687957,701538,665487,53.83,,,,,,,,69,3,4-Seam Fastball,2,2,2,2,2,2,2,2,Standard,Standard,199.0,0.016,-0.069,67.2,5.6,,,0.069,88.0,0,0,0.577,0.423,27,27,28,27,1,4,2.0,1.0,1.0,1.0,1.35,0.49,0.49,42.7,-11.406599849999246,32.9716747943436,35.31333554472046,30.394865549850337,10.287436116903518,Four-seam,False
FF,2026-08-24,99.7,-1.31,6.25,"Miller, Mason",693304,695243,,foul,,,,,5.0,,R,R,R,SD,PIT,S,,,1,0,2026,-0.87,1.03,0.1340540029907555,2.5103517790288583,,,669707.0,2,9,Top,,,,,,,6.042606715462328,-144.97565908435277,-7.182402138215062,-13.698683692364694,34.33561948234371,-16.11889527766181,3.05062336,1.539566929,248.0,79.4,30.0,100.5,2440.0,6.8,823260,669134,664034,630105,592518,593428,687957,701538,665487,53.72,,,,,,,,69,2,4-Seam Fastball,2,2,2,2,2,2,2,2,Standard,Standard,200.0,0.008,-0.05,81.2,6.8,,,0.05,88.0,0,0,0.569,0.431,27,27,28,27,1,4,2.0,1.0,1.0,1.0,1.27,0.87,0.87,41.3,-14.215981487474869,26.17130722029198,37.92544552406102,39.5081305768011,10.00541653476984,Four-seam,False
FF,2026-08-24,100.4,-1.24,6.28,"Miller, Mason",693304,695243,,ball,,,,,11.0,,R,R,R,SD,PIT,B,,,0,0,2026,-0.71,1.13,-0.0183474097028779,3.812871178985377,,,669707.0,2,9,Top,,,,,,,5.058634893692434,-146.19593203464825,-4.042926104382258,-11.311309817705682,34.87782483506195,-15.23639728239701,3.05062336,1.539566929,,,,101.0,2434.0,6.6,823260,669134,664034,630105,592518,593428,687957,701538,665487,53.9,,,,,,,,69,1,4-Seam Fastball,2,2,2,2,2,2,2,2,Standard,Standard,201.0,-0.005,0.038,,,,,-0.038,,0,0,0.574,0.426,27,27,28,27,1,4,2.0,1.0,1.0,1.0,1.13,0.71,0.71,41.6,,,,,,Four-seam,False
SL,2026-08-24,89.1,-1.24,6.15,"Miller, Mason",669707,695243,walk,blocked_ball,,,,,13.0,Jared Triolo walks.,R,R,R,SD,PIT,B,,,3,2,2026,1.06,-0.37,-0.2592799942563238,0.5312296047628569,,,,2,9,Top,,,,,,,0.1222410603591661,-129.61560536411253,-6.680296322149375,11.851443017911102,28.867964158439904,-35.04127482889783,3.342872375,1.687057087,,,,89.4,2491.0,6.6,823260,669134,664034,630105,592518,593428,687957,701538,665487,53.88,,0.698418,0.7,1.0,0.0,0.0,,68,6,Slider,2,2,2,2,2,2,2,2,Standard,Strategic,32.0,-0.026,0.289,,,,,-0.289,,0,0,0.6,0.4,27,28,28,28,1,3,2.0,1.0,1.0,1.0,3.26,-1.06,-1.06,40.6,,,,,,Slider,True
FF,2026-08-24,100.2,-1.29,6.29,"Miller, Mason",669707,695243,,called_strike,,,,,3.0,,R,R,R,SD,PIT,S,,,3,1,2026,-0.21,0.98,0.4762406750873869,2.949666070483981,,,,2,9,Top,,,,,,,5.364091233321169,-145.85264117559535,-6.07048725790835,-4.287896929036916,33.09491138365719,-17.00268017629397,3.342872375,1.687057087,,,,101.0,2491.0,6.6,823260,669134,664034,630105,592518,593428,687957,701538,665487,53.88,,,,,,,,68,5,4-Seam Fastball,2,2,2,2,2,2,2,2,Standard,Strategic,204.0,0.007,-0.097,,,,,0.097,,0,0,0.593,0.407,27,28,28,28,1,3,2.0,1.0,1.0,1.0,1.29,0.21,0.21,42.4,,,,,,Four-seam,False
FF,2026-08-24,101.5,-1.23,6.3,"Miller, Mason",669707,695243,,ball,,,,,14.0,,R,R,R,SD,PIT,B,,,2,1,2026,-0.15,1.25,0.7923551993189288,1.4039415820744252,,,,2,9,Top,,,,,,,5.957940100494581,-147.36292833223254,-11.210149828620462,-3.554724768506362,33.147635556159486,-11.454101369230631,3.342872375,1.687057087,,,,102.0,2539.0,6.6,823260,669134,664034,630105,592518,593428,687957,701538,665487,53.94,,,,,,,,68,4,4-Seam Fastball,2,2,2,2,2,2,2,2,Standard,Standard,205.0,-0.009,0.101,,,,,-0.101,,0,0,0.602,0.398,27,28,28,28,1,3,2.0,1.0,1.0,1.0,0.96,0.15,0.15,41.7,,,,,,Four-seam,False
FF,2026-08-24,101.6,-1.17,6.33,"Miller, Mason",669707,695243,,ball,,,,,14.0,,R,R,R,SD,PIT,B,,,1,1,2026,-0.11,1.19,1.057859331153962,0.8520818714522257,,,,2,9,Top,,,,,,,6.449619968943157,-147.48403809447728,-12.701383488469814,-3.0113254739076267,31.88497666177831,-12.122121182354126,3.342872375,1.687057087,,,,102.2,2500.0,6.6,823260,669134,664034,630105,592518,593428,687957,701538,665487,53.95,,,,,,,,68,3,4-Seam Fastball,2,2,2,2,2,2,2,2,Standard,Standard,200.0,-0.005,0.055,,,,,-0.055,,0,0,0.607,0.393,27,28,28,28,1,3,2.0,1.0,1.0,1.0,1.02,0.11,0.11,47.2,,,,,,Four-seam,False
SL,2026-08-24,88.2,-1.2,6.16,"Miller, Mason",669707,695243,,called_strike,,,,,8.0,,R,R,R,SD,PIT,S,,,1,0,2026,0.78,-0.48,0.1515801116398643,1.9919285760550696,,,,2,9,Top,,,,,,,1.5910332909054756,-128.40582680467125,-2.759648106494396,8.26245367093477,28.657314339936057,-37.01535065797121,3.342872375,1.687057087,,,,88.4,2481.0,6.6,823260,669134,664034,630105,592518,593428,687957,701538,665487,53.95,,,,,,,,68,2,Slider,2,2,2,2,2,2,2,2,Standard,Standard,39.0,0.005,-0.056,,,,,0.056,,0,0,0.602,0.398,27,28,28,28,1,3,2.0,1.0,1.0,1.0,3.42,-0.78,-0.78,43.3,,,,,,Slider,False
SL,2026-08-24,88.4,-1.21,6.17,"Miller, Mason",669707,695243,,ball,,,,,14.0,,R,R,R,SD,PIT,B,,,0,0,2026,0.54,-0.54,0.0404049471411139,0.9689133124686996,,,,2,9,Top,,,,,,,1.8711941627930315,-128.65177351628802,-5.174454784929569,5.558141231137634,28.08980493526464,-37.20325701489762,3.342872375,1.687057087,,,,88.7,2366.0,6.6,823260,669134,664034,630105,592518,593428,687957,701538,665487,53.89,,,,,,,,68,1,Slider,2,2,2,2,2,2,2,2,Standard,Standard,39.0,-0.003,0.041,,,,,-0.041,,0,0,0.605,0.395,27,28,28,28,1,3,2.0,1.0,1.0,1.0,3.47,-0.54,-0.54,39.1,,,,,,Slider,False
SL,2026-08-24,88.8,-1.42,6.12,"Miller, Mason",687462,695243,strikeout,swinging_strike,,,,,7.0,Spencer Horwitz strikes out swinging.,R,L,R,SD,PIT,S,2.0,,3,2,2026,0.34,-0.52,-0.4753082831780134,1.713116863964803,,,,1,9,Top,,,,,,,1.5723306398868744,-129.37323461792585,-3.432973856215587,3.479348084356118,26.545961033380784,-37.47434603798717,3.133120079,1.581200787,,,,89.5,2370.0,6.6,823260,669134,664034,630105,592518,593428,687957,701538,665487,53.89,,0.0,0.0,1.0,0.0,0.0,,67,6,Slider,2,2,2,2,2,2,2,2,Infield shade,Standard,35.0,0.056,-0.345,62.9,7.2,1.077911112,,0.345,,0,0,0.549,0.451,27,28,28,29,1,3,2.0,1.0,1.0,1.0,3.39,-0.34,0.34,37.8,17.826572753925007,-13.6382329401817,32.00814729569196,37.80787358984402,42.32169128926193,Slider,True
SL,2026-08-24,87.6,-1.34,6.2,"Miller, Mason",687462,695243,,called_strike,,,,,1.0,,R,L,R,SD,PIT,S,,,3,1,2026,0.91,-0.43,-0.5340373130600927,2.7421472978728185,,,,1,9,Top,,,,,,,0.0090746539029938,-127.64150798040204,-1.0788836483711317,9.929805207755887,27.614635679611805,-36.85992694035384,3.133120079,1.581200787,,,,87.9,2396.0,6.5,823260,669134,664034,630105,592518,593428,687957,701538,665487,54.0,,,,,,,,67,5,Slider,2,2,2,2,2,2,2,2,Infield shade,Standard,34.0,0.014,-0.092,,,,,0.092,,0,0,0.535,0.465,27,28,28,29,1,3,2.0,1.0,1.0,1.0,3.41,-0.91,0.91,39.1,,,,,,Slider,False
FF,2026-08-24,101.3,-1.31,6.35,"Miller, Mason",687462,695243,,ball,,,,,11.0,,R,L,R,SD,PIT,B,,,2,1,2026,-0.55,1.37,-1.057392276196674,5.357725209259646,,,,1,9,Top,,,,,,,2.0419070444775684,-147.55191987362866,-0.6439298506208362,-8.473083949962259,36.39901123730214,-12.323707536552934,3.133120079,1.581200787,,,,101.6,2556.0,6.5,823260,669134,664034,630105,592518,593428,687957,701538,665487,54.04,,,,,,,,67,4,4-Seam Fastball,2,2,2,2,2,2,2,2,Infield shade,Standard,196.0,-0.017,0.128,,,,,-0.128,,0,0,0.552,0.448,27,28,28,29,1,3,2.0,1.0,1.0,1.0,0.86,0.55,-0.55,41.2,,,,,,Four-seam,False
FF,2026-08-24,101.5,-1.29,6.31,"Miller, Mason",687462,695243,,ball,,,,,11.0,,R,L,R,SD,PIT,B,,,1,1,2026,-0.37,1.32,-0.8912378042625848,4.367014150243996,,,,1,9,Top,,,,,,,2.0147193350661103,-147.8717954550616,-3.2292398934950124,-5.8774448802942985,34.87636877651446,-12.252696304587698,3.133120079,1.581200787,,,,102.0,2519.0,6.5,823260,669134,664034,630105,592518,593428,687957,701538,665487,54.02,,,,,,,,67,3,4-Seam Fastball,2,2,2,2,2,2,2,2,Infield shade,Standard,205.0,-0.008,0.056,,,,,-0.056,,0,0,0.56,0.44,27,28,28,29,1,3,2.0,1.0,1.0,1.0,0.89,0.37,-0.37,42.1,,,,,,Four-seam,False
SL,2026-08-24,87.9,-1.47,6.08,"Miller, Mason",687462,695243,,called_strike,,,,,7.0,,R,L,R,SD,PIT,S,,,1,0,2026,0.61,-0.41,-0.7781153603719667,1.8527697003752008,,,,1,9,Top,,,,,,,0.3795782713682512,-128.14188335251302,-3.0733057369834453,6.609298424341505,25.90453697479842,-36.2584850154967,3.133120079,1.581200787,,,,88.6,2210.0,6.6,823260,669134,664034,630105,592518,593428,687957,701538,665487,53.93,,,,,,,,67,2,Slider,2,2,2,2,2,2,2,2,Infield shade,Standard,38.0,0.008,-0.05,,,,,0.05,,0,0,0.552,0.448,27,28,28,29,1,3,2.0,1.0,1.0,1.0,3.34,-0.61,0.61,35.7,,,,,,Slider,False
SL,2026-08-24,88.8,-1.36,6.16,"Miller, Mason",687462,695243,,ball,,,,,14.0,,R,L,R,SD,PIT,B,,,0,0,2026,0.91,-0.24,0.4564075292714248,1.335770964785318,,,,1,9,Top,,,,,,,2.4488806864976738,-129.30242506407004,-5.002105818758913,9.691354846794528,27.90157799637021,-33.943257181625846,3.133120079,1.581200787,,,,89.2,2529.0,6.6,823260,669134,664034,630105,592518,593428,687957,701538,665487,53.91,,,,,,,,67,1,Slider,2,2,2,2,2,2,2,2,Infield shade,Standard,27.0,-0.006,0.041,,,,,-0.041,,0,0,0.558,0.442,27,28,28,29,1,3,2.0,1.0,1.0,1.0,3.13,-0.91,0.91,37.9,,,,,,Slider,False
FF,2026-08-24,102.4,-1.26,6.33,"Miller, Mason",694378,695243,strikeout,swinging_strike,,,,,11.0,Jacob Gonzalez strikes out swinging.,R,L,R,SD,PIT,S,2.0,,2,2,2026,-0.29,1.33,-0.5835589999929642,3.594462257017408,,,,0,9,Top,,,,,,,2.6200239831206793,-149.03495634834755,-5.554767413458096,-5.0256089883265105,36.212591507369154,-11.2481580774222,3.285826772,1.658267717,,,,102.5,2551.0,6.3,823260,669134,664034,630105,592518,593428,687957,701538,665487,54.15,,0.0,0.0,1.0,0.0,0.0,,66,7,4-Seam Fastball,2,2,2,2,2,2,2,2,Strategic,Standard,205.0,0.049,-0.232,55.9,5.2,1.986689748,,0.232,,0,0,0.509,0.491,27,24,28,24,1,1,2.0,1.0,1.0,1.0,0.85,0.29,-0.29,49.0,-5.913417028635889,49.48201389467746,20.439847479567828,43.03718006567569,-0.2525740176176172,Four-seam,True
FF,2026-08-24,102.1,-1.17,6.33,"Miller, Mason",694378,695243,,foul,,,,,14.0,,R,L,R,SD,PIT,S,,,2,2,2026,-0.53,1.44,0.8975712496058565,1.5619461441421425,,,,0,9,Top,,,,,,,7.061134781971374,-148.27577238367772,-11.471365291015037,-9.477445012886577,33.327948873993776,-8.37707904258082,3.285826772,1.658267717,195.0,71.5,27.0,102.6,2648.0,6.5,823260,669134,664034,630105,592518,593428,687957,701538,665487,53.97,,,,,,,,66,6,4-Seam Fastball,2,2,2,2,2,2,2,2,Infield shade,Standard,207.0,0.0,0.0,62.9,6.2,,,0.0,88.0,0,0,0.509,0.491,27,24,28,24,1,1,2.0,1.0,1.0,1.0,0.74,0.53,-0.53,41.1,-17.780725209798753,14.30772024667124,44.050115990165274,24.70212500574851,14.419178586287195,Four-seam,False
SL,2026-08-24,87.9,-1.26,6.14,"Miller, Mason",694378,695243,,foul,,,,,14.0,,R,L,R,SD,PIT,S,,,2,2,2026,1.12,-0.1,1.1901871575913798,1.6519779072081664,,,,0,9,Top,,,,,,,3.525303578412692,-128.00638351272514,-4.3098911116143395,11.506403275488635,27.9009776468525,-32.5535460905211,3.285826772,1.658267717,267.0,96.2,22.0,88.5,2437.0,6.7,823260,669134,664034,630105,592518,593428,687957,701538,665487,53.75,,,,,,,,66,5,Slider,2,2,2,2,2,2,2,2,Infield shade,Standard,32.0,0.0,0.0,64.6,8.3,,,0.0,96.2,0,0,0.509,0.491,27,24,28,24,1,1,2.0,1.0,1.0,1.0,3.06,-1.12,1.12,37.4,22.087422809893877,-32.53889208972309,32.129527671395714,24.13270479280373,42.58190318218057,Slider,False
FF,2026-08-24,102.5,-1.36,6.4,"Miller, Mason",694378,695243,,ball,,,,,11.0,,R,L,R,SD,PIT,B,,,1,2,2026,-0.26,1.43,-0.2587341572889965,3.948188131231997,,,,0,9,Top,,,,,,,3.706304320152905,-149.15748477253814,-5.033050153505999,-4.719932858698884,36.43477121438157,-9.812236250587652,3.285826772,1.658267717,,,,102.7,2612.0,6.4,823260,669134,664034,630105,592518,593428,687957,701538,665487,54.07,,,,,,,,66,4,4-Seam Fastball,2,2,2,2,2,2,2,2,Infield shade,Standard,201.0,-0.008,0.046,,,,,-0.046,,0,0,0.517,0.483,27,24,28,24,1,1,2.0,1.0,1.0,1.0,0.74,0.26,-0.26,42.2,,,,,,Four-seam,False
FF,2026-08-24,101.2,-1.26,6.36,"Miller, Mason",694378,695243,,ball,,,,,11.0,,R,L,R,SD,PIT,B,,,0,2,2026,-0.48,1.3,-0.550634623927793,4.082964346448476,,,,0,9,Top,,,,,,,3.1307826368415617,-147.31806450866955,-4.048992284543435,-7.742034014240622,34.6516644069435,-12.43424581578622,3.285826772,1.658267717,,,,101.4,2570.0,6.4,823260,669134,664034,630105,592518,593428,687957,701538,665487,54.13,,,,,,,,66,3,4-Seam Fastball,2,2,2,2,2,2,2,2,Strategic,Standard,203.0,-0.006,0.022,,,,,-0.022,,0,0,0.523,0.477,27,24,28,24,1,1,2.0,1.0,1.0,1.0,0.92,0.48,-0.48,43.0,,,,,,Four-seam,False
FF,2026-08-24,101.6,-1.35,6.32,"Miller, Mason",694378,695243,,swinging_strike,,,,,2.0,,R,L,R,SD,PIT,S,,,0,1,2026,-0.61,1.19,0.102362116488382,3.286627548901822,,,,0,9,Top,,,,,,,5.528935444451431,-147.79880575700733,-5.948623929169397,-10.285180762852102,33.53518020903806,-13.440100268658163,3.285826772,1.658267717,,,,102.1,2523.0,6.5,823260,669134,664034,630105,592518,593428,687957,701538,665487,54.04,,,,,,,,66,2,4-Seam Fastball,2,2,2,2,2,2,2,2,Standard,Standard,205.0,0.014,-0.054,71.8,6.4,1.811272968,,0.054,,0,0,0.509,0.491,27,24,28,24,1,1,2.0,1.0,1.0,1.0,1.01,0.61,-0.61,38.5,9.696556011654769,9.061313495156831,22.34427906516629,36.468282308343994,22.54139580867467,Four-seam,False
SL,2026-08-24,87.9,-1.54,6.14,"Miller, Mason",694378,695243,,called_strike,,,,,6.0,,R,L,R,SD,PIT,S,,,0,0,2026,1.28,0.16,0.5680624136576298,2.676632864102141,,,,0,9,Top,,,,,,,2.3517289402128907,-127.9660143435747,-2.317160084779597,13.344174027272883,29.871210638603124,-30.178068330792357,3.285826772,1.658267717,,,,87.9,2498.0,6.6,823260,669134,664034,630105,592518,593428,687957,701538,665487,53.93,,,,,,,,66,1,Slider,2,2,2,2,2,2,2,2,Strategic,Standard,39.0,0.009,-0.041,,,,,0.041,,0,0,0.5,0.5,27,24,28,24,1,1,2.0,1.0,1.0,1.0,2.82,-1.28,1.28,35.4,,,,,,Slider,False
FF,2026-08-22,100.2,-1.32,6.33,"Miller, Mason",680777,695243,field_out,hit_into_play,,,,,6.0,"Ryan Jeffers grounds out, shortstop Xander Bogaerts to first baseman Ty France.",R,R,R,SD,MIN,X,6.0,ground_ball,0,0,2026,-0.91,1.19,0.7160903888201285,2.5565807677608348,,,,2,9,Top,113.8,158.78,,,,,7.811360532569982,-145.6054108349806,-7.767573922580818,-14.745840300415631,32.5910245234598,-13.561382072505731,3.284949147,1.657824803,3.0,96.7,-38.0,101.2,2455.0,6.8,823261,666023,664034,630105,592518,593428,650859,701538,665487,53.68,0.053,0.048,0.0,1.0,0.0,0.0,2.0,79,1,4-Seam Fastball,7,5,5,7,5,7,5,7,Standard,Standard,207.0,0.012,-0.262,76.3,7.2,,0.053,0.262,96.7,2,-2,0.988,0.012,27,29,28,29,1,4,1.0,1.0,2.0,2.0,1.08,0.91,0.91,40.4,9.351225926433385,0.755870462911443,21.323226496659377,42.728052071388475,29.78810507075605,Four-seam,True
SL,2026-08-22,88.9,-1.48,6.09,"Miller, Mason",605137,695243,field_out,hit_into_play,,,,,14.0,Josh Bell flies out to right fielder Fernando Tatis Jr.,R,L,R,SD,MIN,X,9.0,fly_ball,1,2,2026,0.64,-0.35,0.2243083464836188,1.3100430061646784,,,,1,9,Top,215.72,110.04,,,,,2.8006680841690192,-129.43499701991422,-4.6565734537726575,6.490835051666228,28.767113338927008,-35.329649437843486,3.334973753,1.683070866,310.0,87.8,31.0,89.7,2420.0,6.9,823261,666023,664034,630105,592518,593428,650859,701538,665487,53.61,0.034,0.039,0.0,1.0,0.0,0.0,3.0,78,5,Slider,7,5,5,7,5,7,5,7,Infield shade,Standard,36.0,0.018,-0.182,75.2,8.8,,0.069,0.182,88.0,2,-2,0.97,0.03,27,33,28,34,1,4,1.0,1.0,2.0,1.0,3.25,-0.64,0.64,38.2,12.18374977429118,-20.67244098391394,39.899751832854776,33.63543005467243,39.67109144544939,Slider,True
CH,2026-08-22,96.4,-1.58,6.14,"Miller, Mason",605137,695243,,ball,,,,,11.0,,R,L,R,SD,MIN,B,,,0,2,2026,-1.3,0.14,-1.3254056196713802,4.420736219344483,,,,1,9,Top,,,,,,,3.706329925451817,-140.40679535738957,0.8489708334278462,-18.050631724694448,31.57097680724697,-30.752830729175827,3.334973753,1.683070866,,,,96.9,2074.0,6.5,823261,666023,664034,630105,592518,593428,650859,701538,665487,53.97,,,,,,,,78,4,Changeup,7,5,5,7,5,7,5,7,Infield shade,Standard,231.0,-0.003,0.019,,,,,-0.019,,2,-2,0.973,0.027,27,33,28,34,1,4,1.0,1.0,2.0,1.0,2.31,1.3,-1.3,32.8,,,,,,Changeup,False
FF,2026-08-22,101.8,-1.38,6.21,"Miller, Mason",605137,695243,,foul,,,,,11.0,,R,L,R,SD,MIN,S,,,0,2,2026,-0.8,1.15,-0.3712166762127734,3.7966409032453536,,,,1,9,Top,,,,,,,4.761024088837198,-148.27928952173016,-4.1772016314269775,-12.906462692575758,34.693000916141536,-14.400574626786923,3.334973753,1.683070866,39.0,88.4,24.0,102.5,2464.0,6.5,823261,666023,664034,630105,592518,593428,650859,701538,665487,53.95,,,,,,,,78,3,4-Seam Fastball,7,5,5,7,5,7,5,7,Infield shade,Standard,202.0,0.0,0.0,64.0,6.2,,,0.0,88.4,2,-2,0.973,0.027,27,33,28,34,1,4,1.0,1.0,2.0,1.0,1.04,0.8,-0.8,40.2,1.2708851903689335,37.57834794025187,20.42609218889929,40.42133907778751,10.759475655885105,Four-seam,False
SL,2026-08-22,88.6,-1.46,6.11,"Miller, Mason",605137,695243,,swinging_strike,,,,,9.0,,R,L,R,SD,MIN,S,,,0,1,2026,1.0,-0.31,0.4179935225196035,1.7144971711719506,,,,1,9,Top,,,,,,,2.4024935741589677,-128.91499181566013,-3.718364876254936,10.54438318734318,29.523760758655524,-34.99761780624186,3.334973753,1.683070866,,,,88.8,2355.0,6.6,823261,666023,664034,630105,592518,593428,650859,701538,665487,53.86,,,,,,,,78,2,Slider,7,5,5,7,5,7,5,7,Infield shade,Standard,36.0,0.006,-0.057,,,,,0.057,,2,-2,0.967,0.033,27,33,28,34,1,4,1.0,1.0,2.0,1.0,3.24,-1.0,1.0,36.9,,,,,,Slider,False
SL,2026-08-22,88.5,-1.45,6.13,"Miller, Mason",605137,695243,,swinging_strike,,,,,9.0,,R,L,R,SD,MIN,S,,,0,0,2026,1.04,-0.37,0.3054452555234366,2.0735753392200347,,,,1,9,Top,,,,,,,2.0195238139362255,-128.76233305411404,-2.7370540923712072,10.989577461278882,30.500810305945635,-35.795245323138786,3.334973753,1.683070866,,,,88.6,2434.0,6.7,823261,666023,664034,630105,592518,593428,650859,701538,665487,53.82,,,,,,,,78,1,Slider,7,5,5,7,5,7,5,7,Infield shade,Standard,37.0,0.004,-0.041,72.9,9.1,2.162181,,0.041,,2,-2,0.963,0.037,27,33,28,34,1,4,1.0,1.0,2.0,1.0,3.31,-1.04,1.04,36.0,20.18351696619528,-48.87460000320485,29.611687203813695,34.47780988104129,53.60386478229549,Slider,False
FF,2026-08-22,101.1,-1.16,6.43,"Miller, Mason",621439,695243,strikeout,swinging_strike,,,,,12.0,Byron Buxton strikes out swinging.,R,R,R,SD,MIN,S,2.0,,1,2,2026,-0.6,1.45,0.5431940272040207,4.202269403076527,,,,0,9,Top,,,,,,,6.18545310886536,-147.1410361001741,-4.260737536338272,-10.217812866083497,34.88802099413559,-10.32851312869042,3.257742782,1.644094488,,,,101.7,2431.0,6.6,823261,666023,664034,630105,592518,593428,650859,701538,665487,53.88,,0.0,0.0,1.0,0.0,0.0,,77,4,4-Seam Fastball,7,5,5,7,5,7,5,7,Standard,Standard,197.0,0.027,-0.187,62.2,6.2,0.70415502,,0.187,,2,-2,0.936,0.064,27,32,28,33,1,4,1.0,1.0,2.0,1.0,0.78,0.6,0.6,44.3,5.4368400351758,27.49722521290746,18.68937023617911,43.574704166515275,6.94079110342831,Four-seam,True
SL,2026-08-22,87.5,-1.43,6.25,"Miller, Mason",621439,695243,,called_strike,,,,,7.0,,R,R,R,SD,MIN,S,,,1,1,2026,0.82,-0.18,-0.721615275588785,1.937768997784605,,,,0,9,Top,,,,,,,-0.0208437861118444,-127.47260916243091,-3.676568124688991,8.889013446327379,26.516536790494893,-33.53641424671005,3.257742782,1.644094488,,,,88.1,2329.0,6.7,823261,666023,664034,630105,592518,593428,650859,701538,665487,53.85,,,,,,,,77,3,Slider,7,5,5,7,5,7,5,7,Standard,Standard,36.0,0.01,-0.06,,,,,0.06,,2,-2,0.926,0.074,27,32,28,33,1,4,1.0,1.0,2.0,1.0,3.15,-0.82,-0.82,40.3,,,,,,Slider,False
SL,2026-08-22,88.5,-1.31,6.15,"Miller, Mason",621439,695243,,ball,,,,,12.0,,R,R,R,SD,MIN,B,,,0,1,2026,1.09,-0.48,1.4428029045075517,2.771834686520625,,,,0,9,Top,,,,,,,4.344297153565777,-128.76339707346065,-0.8803734275131999,11.064158350501808,29.167167624568428,-37.53403694459365,3.257742782,1.644094488,,,,88.8,2401.0,6.7,823261,666023,664034,630105,592518,593428,650859,701538,665487,53.83,,,,,,,,77,2,Slider,7,5,5,7,5,7,5,7,Standard,Standard,32.0,-0.004,0.029,,,,,-0.029,,2,-2,0.93,0.07,27,32,28,33,1,4,1.0,1.0,2.0,1.0,3.41,-1.09,-1.09,38.8,,,,,,Slider,False
SL,2026-08-22,87.0,-1.36,6.3,"Miller, Mason",621439,695243,,called_strike,,,,,2.0,,R,R,R,SD,MIN,S,,,0,0,2026,1.08,-0.41,-0.1802001361717381,3.221753844184416,,,,0,9,Top,,,,,,,0.5399134970802073,-126.6533310966236,-0.1290635925076706,11.502303946729754,27.092420105817787,-36.75201004358201,3.257742782,1.644094488,,,,87.4,2344.0,6.6,823261,666023,664034,630105,592518,593428,650859,701538,665487,53.89,,,,,,,,77,1,Slider,7,5,5,7,5,7,5,7,Standard,Standard,34.0,0.006,-0.041,,,,,0.041,,2,-2,0.924,0.076,27,32,28,33,1,4,1.0,1.0,2.0,1.0,3.43,-1.08,-1.08,41.9,,,,,,Slider,False
FF,2026-08-21,101.9,-1.29,6.26,"Miller, Mason",605137,695243,strikeout,foul_tip,,,,,5.0,Josh Bell strikes out on a foul tip.,R,L,R,SD,MIN,S,2.0,,3,2,2026,-0.25,0.92,0.2606063497545347,2.67885083532964,,,,2,9,Top,,,,,,,4.944838320736034,-148.28514660596858,-6.892202131321042,-4.81172693076418,35.00035235615444,-17.078908405182098,3.334973753,1.683070866,,,,102.9,2309.0,6.8,823262,666023,664034,630105,592518,593428,669720,701538,665487,53.68,,0.0,0.0,1.0,0.0,0.0,,64,8,4-Seam Fastball,6,2,2,6,2,6,2,6,Infield shade,Standard,198.0,0.001,-0.306,,,,,0.306,,4,-4,0.999,0.001,27,33,28,34,1,3,3.0,2.0,1.0,1.0,1.27,0.25,-0.25,42.2,,,,,,Four-seam,True
FF,2026-08-21,103.2,-1.28,6.2,"Miller, Mason",605137,695243,,foul,,,,,5.0,,R,L,R,SD,MIN,S,,,3,2,2026,-0.46,1.63,0.1193911191974083,2.7349289111392174,,,,2,9,Top,,,,,,,5.133236919147155,-150.04235846478153,-8.532115907122707,-8.171304428073102,38.73662022680094,-5.7075167655340975,3.334973753,1.683070866,136.0,83.8,75.0,104.1,2459.0,7.0,823262,666023,664034,630105,592518,593428,669720,701538,665487,53.52,,,,,,,,64,7,4-Seam Fastball,6,2,2,6,2,6,2,6,Infield shade,Standard,209.0,0.0,0.0,,,,,0.0,88.0,4,-4,0.999,0.001,27,33,28,34,1,3,3.0,2.0,1.0,1.0,0.53,0.46,-0.46,41.2,,,,,,Four-seam,False
SL,2026-08-21,88.7,-1.36,6.1,"Miller, Mason",605137,695243,,foul,,,,,6.0,,R,L,R,SD,MIN,S,,,3,2,2026,0.75,-0.27,0.3794658687149601,2.3804736557193107,,,,2,9,Top,,,,,,,2.6229276299993582,-129.14221005564127,-2.20033555077538,7.687281167741008,29.779062785126456,-34.9098309733241,3.334973753,1.683070866,52.0,30.9,34.0,89.2,2171.0,6.8,823262,666023,664034,630105,592518,593428,669720,701538,665487,53.66,,,,,,,,64,6,Slider,6,2,2,6,2,6,2,6,Infield shade,Standard,35.0,0.0,0.0,80.5,8.0,,,0.0,88.0,4,-4,0.999,0.001,27,33,28,34,1,3,3.0,2.0,1.0,1.0,3.19,-0.75,0.75,37.1,10.614102732633343,3.2545508780255012,30.064997476049054,33.457938085741446,36.60322168233167,Slider,False
FF,2026-08-21,101.9,-1.41,6.24,"Miller, Mason",605137,695243,,foul,,,,,9.0,,R,L,R,SD,MIN,S,,,3,1,2026,-0.64,1.37,0.6074106425237382,2.1678333343051985,,,,2,9,Top,,,,,,,7.213256343857777,-148.0279689433043,-9.321700515149754,-11.111327899890636,36.48040195376017,-9.904649817421214,3.334973753,1.683070866,4.0,95.4,-31.0,102.6,2519.0,6.9,823262,666023,664034,630105,592518,593428,669720,701538,665487,53.65,,,,,,,,64,5,4-Seam Fastball,6,2,2,6,2,6,2,6,Infield shade,Standard,204.0,0.001,-0.097,78.3,8.7,,,0.097,95.4,4,-4,0.998,0.002,27,33,28,34,1,3,3.0,2.0,1.0,1.0,0.84,0.64,-0.64,41.0,13.891908679648154,-23.96352474350575,39.824558144416784,30.43174479733331,39.272375475329326,Four-seam,False
FF,2026-08-21,102.1,-1.48,6.28,"Miller, Mason",605137,695243,,ball,,,,,11.0,,R,L,R,SD,MIN,B,,,2,1,2026,-0.49,1.37,-0.978497076148398,2.988905656980446,,,,2,9,Top,,,,,,,2.604180590903578,-148.49768412280258,-7.174206152287161,-7.888828618980802,36.31075325253967,-10.442577310749956,3.334973753,1.683070866,,,,102.7,2528.0,6.7,823262,666023,664034,630105,592518,593428,669720,701538,665487,53.82,,,,,,,,64,4,4-Seam Fastball,6,2,2,6,2,6,2,6,Infield shade,Standard,204.0,-0.001,0.101,,,,,-0.101,,4,-4,0.999,0.001,27,33,28,34,1,3,3.0,2.0,1.0,1.0,0.83,0.49,-0.49,41.1,,,,,,Four-seam,False
SL,2026-08-21,90.3,-1.51,6.11,"Miller, Mason",605137,695243,,ball,,,,,14.0,,R,L,R,SD,MIN,B,,,1,1,2026,0.8,-0.34,0.3898346272744498,1.3616430469724763,,,,2,9,Top,,,,,,,2.95235071814547,-131.38651284526685,-4.839201169812218,8.508989325605704,30.509228178327685,-35.20505413579419,3.334973753,1.683070866,,,,90.6,2286.0,6.7,823262,666023,664034,630105,592518,593428,669720,701538,665487,53.82,,,,,,,,64,3,Slider,6,2,2,6,2,6,2,6,Infield shade,Standard,30.0,0.0,0.055,,,,,-0.055,,4,-4,0.999,0.001,27,33,28,34,1,3,3.0,2.0,1.0,1.0,3.16,-0.8,0.8,37.1,,,,,,Slider,False
CH,2026-08-21,97.6,-1.69,5.94,"Miller, Mason",605137,695243,,ball,,,,,13.0,,R,L,R,SD,MIN,B,,,0,1,2026,-1.3,0.19,-0.132099433729077,0.1195131065482075,,,,2,9,Top,,,,,,,7.2552671732467955,-141.58933651520834,-10.326948775274449,-19.229979195183873,34.47481710338041,-27.23108770726992,3.334973753,1.683070866,,,,98.0,2256.0,6.9,823262,666023,664034,630105,592518,593428,669720,701538,665487,53.64,,,,,,,,64,2,Changeup,6,2,2,6,2,6,2,6,Infield shade,Standard,232.0,0.0,0.03,,,,,-0.03,,4,-4,0.999,0.001,27,33,28,34,1,3,3.0,2.0,1.0,1.0,2.23,1.3,-1.3,32.8,,,,,,Changeup,False
FF,2026-08-21,103.2,-1.42,6.12,"Miller, Mason",605137,695243,,foul,,,,,12.0,,R,L,R,SD,MIN,S,,,0,0,2026,-0.39,1.29,0.8411982507877758,3.2329034191246584,,,,2,9,Top,,,,,,,7.39310644553548,-150.07240412663504,-6.067922078013525,-7.662623513467095,37.78270730218121,-11.323365833560157,3.334973753,1.683070866,36.0,87.2,-2.0,104.2,2442.0,6.9,823262,666023,664034,630105,592518,593428,669720,701538,665487,53.55,,,,,,,,64,1,4-Seam Fastball,6,2,2,6,2,6,2,6,Infield shade,Standard,207.0,0.0,-0.045,,,,,0.045,88.0,4,-4,0.999,0.001,27,33,28,34,1,3,3.0,2.0,1.0,1.0,0.86,0.39,-0.39,37.4,,,,,,Four-seam,False
FF,2026-08-21,103.1,-1.09,6.36,"Miller, Mason",621439,695243,strikeout,swinging_strike,,,,,6.0,Byron Buxton strikes out swinging.,R,R,R,SD,MIN,S,2.0,,2,2,2026,-0.47,1.16,0.7851227027800765,2.5804042152066957,,,,1,9,Top,,,,,,,6.436678616576128,-149.85360355391228,-8.22064278496688,-8.586561939782841,36.17703794747393,-12.826863299871857,3.257742782,1.644094488,,,,103.6,2499.0,6.6,823262,666023,664034,630105,592518,593428,669720,701538,665487,53.86,,0.0,0.0,1.0,0.0,0.0,,63,5,4-Seam Fastball,6,2,2,6,2,6,2,6,Standard,Standard,199.0,0.004,-0.233,63.0,5.9,1.8487746,,0.233,,4,-4,0.995,0.005,27,32,28,33,1,3,3.0,2.0,1.0,1.0,0.99,0.47,0.47,43.6,-20.36374534265991,46.17339918334216,29.217570946515597,47.67245672759458,-9.530754241318208,Four-seam,True
FF,2026-08-21,103.5,-1.15,6.31,"Miller, Mason",621439,695243,,ball,,,,,12.0,,R,R,R,SD,MIN,B,,,1,2,2026,-0.2,1.21,1.3117208086420225,2.8334997667448754,,,,1,9,Top,,,,,,,7.477027110067691,-150.39582765980504,-7.562185991826578,-4.8533183991012985,38.15749376496117,-12.056173143834304,3.257742782,1.644094488,,,,104.3,2450.0,6.9,823262,666023,664034,630105,592518,593428,669720,701538,665487,53.6,,,,,,,,63,4,4-Seam Fastball,6,2,2,6,2,6,2,6,Standard,Standard,202.0,0.0,0.051,,,,,-0.051,,4,-4,0.995,0.005,27,32,28,33,1,3,3.0,2.0,1.0,1.0,0.93,0.2,0.2,42.5,,,,,,Four-seam,False
SL,2026-08-21,89.1,-1.37,6.15,"Miller, Mason",621439,695243,,swinging_strike,,,,,14.0,,R,R,R,SD,MIN,S,,,1,1,2026,0.98,-0.14,0.872023918279893,1.0648658108370102,,,,1,9,Top,,,,,,,3.353306345408429,-129.51955177847043,-5.813383087155497,10.13272392029151,31.178821639316496,-32.6119106154723,3.257742782,1.644094488,,,,89.3,2342.0,6.8,823262,666023,664034,630105,592518,593428,669720,701538,665487,53.71,,,,,,,,63,3,Slider,6,2,2,6,2,6,2,6,Standard,Standard,32.0,0.001,-0.07,60.8,8.8,11.998003488,,0.07,,4,-4,0.994,0.006,27,32,28,33,1,3,3.0,2.0,1.0,1.0,3.06,-0.98,-0.98,38.0,33.895993649156644,-41.023762164930965,40.32566845579079,45.86810683183795,47.42438457619015,Slider,False
FF,2026-08-21,102.6,-1.28,6.35,"Miller, Mason",621439,695243,,ball,,,,,12.0,,R,R,R,SD,MIN,B,,,0,1,2026,-0.38,1.03,0.381375040259197,4.687542753397714,,,,1,9,Top,,,,,,,5.60895160454542,-149.35061685082843,-1.880043384515796,-7.044461493378824,35.388302263203656,-16.502499273813566,3.257742782,1.644094488,,,,103.3,2318.0,6.6,823262,666023,664034,630105,592518,593428,669720,701538,665487,53.87,,,,,,,,63,2,4-Seam Fastball,6,2,2,6,2,6,2,6,Standard,Standard,195.0,-0.001,0.032,,,,,-0.032,,4,-4,0.995,0.005,27,32,28,33,1,3,3.0,2.0,1.0,1.0,1.13,0.38,0.38,41.6,,,,,,Four-seam,False
FF,2026-08-21,101.3,-1.42,6.35,"Miller, Mason",621439,695243,,swinging_strike,,,,,11.0,,R,R,R,SD,MIN,S,,,0,0,2026,-0.26,1.34,-0.1723277707497621,3.5405638770587715,,,,1,9,Top,,,,,,,4.099952018544471,-147.42466703147346,-5.652212417875042,-4.712114411868505,35.61142708406952,-11.47518670464874,3.257742782,1.644094488,,,,102.2,2527.0,6.8,823262,666023,664034,630105,592518,593428,669720,701538,665487,53.7,,,,,,,,63,1,4-Seam Fastball,6,2,2,6,2,6,2,6,Standard,Standard,202.0,0.001,-0.041,67.4,6.5,2.0416128,,0.041,,4,-4,0.994,0.006,27,32,28,33,1,3,3.0,2.0,1.0,1.0,0.88,0.26,0.26,43.0,12.199368273994732,6.873100516421837,24.807843518673543,35.22529746699853,21.55571590961214,Four-seam,False
SL,2026-08-21,89.2,-1.45,6.08,"Miller, Mason",807712,695243,strikeout,swinging_strike,,,,,14.0,Luke Keaschall strikes out swinging.,R,R,R,SD,MIN,S,2.0,,1,2,2026,1.06,-0.25,1.1914813104738302,1.075182890974685,,,,0,9,Top,,,,,,,4.16662824490252,-129.72993403044845,-5.4264050229629825,10.778689676488474,31.74464314133697,-33.835314590211844,3.213861549,1.621948819,,,,89.3,2282.0,6.8,823262,666023,664034,630105,592518,593428,669720,701538,665487,53.71,,0.0,0.0,1.0,0.0,0.0,,62,4,Slider,6,2,2,6,2,6,2,6,Standard,Standard,35.0,0.006,-0.187,60.7,7.4,13.548748404,,0.187,,4,-4,0.988,0.012,27,23,28,24,1,3,3.0,2.0,1.0,1.0,3.15,-1.06,-1.06,39.3,39.663216453673506,-38.35755928730528,32.515415305187865,43.8797812578249,62.86192689563601,Slider,True
SL,2026-08-21,88.4,-1.48,6.18,"Miller, Mason",807712,695243,,called_strike,,,,,2.0,,R,R,R,SD,MIN,S,,,1,1,2026,1.16,-0.25,0.0602801331871198,3.091988936941081,,,,0,9,Top,,,,,,,1.2424620136114608,-128.623926382099,-0.6211204183805699,12.41829411013867,30.425775016972516,-35.05268022092639,3.213861549,1.621948819,,,,88.7,2257.0,6.8,823262,666023,664034,630105,592518,593428,669720,701538,665487,53.71,,,,,,,,62,3,Slider,6,2,2,6,2,6,2,6,Standard,Standard,34.0,0.003,-0.06,,,,,0.06,,4,-4,0.985,0.015,27,23,28,24,1,3,3.0,2.0,1.0,1.0,3.2,-1.16,-1.16,41.1,,,,,,Slider,False
SL,2026-08-21,88.6,-1.52,6.18,"Miller, Mason",807712,695243,,ball,,,,,11.0,,R,R,R,SD,MIN,B,,,0,1,2026,0.53,-0.22,-1.5666513266095317,4.259731824550721,,,,0,9,Top,,,,,,,-1.2450765963164552,-128.89802034789776,2.1041848275960087,6.142873286609849,29.180450517428135,-35.33678676028968,3.213861549,1.621948819,,,,88.9,2075.0,6.7,823262,666023,664034,630105,592518,593428,669720,701538,665487,53.79,,,,,,,,62,2,Slider,6,2,2,6,2,6,2,6,Standard,Standard,45.0,-0.001,0.029,,,,,-0.029,,4,-4,0.986,0.014,27,23,28,24,1,3,3.0,2.0,1.0,1.0,3.15,-0.53,-0.53,39.5,,,,,,Slider,False
FF,2026-08-21,102.0,-1.37,6.31,"Miller, Mason",807712,695243,,foul,,,,,14.0,,R,R,R,SD,MIN,S,,,0,0,2026,-0.41,1.47,1.21714910461995,1.9250142582710967,,,,0,9,Top,,,,,,,8.27738103429098,-148.05372811866647,-10.49471004534358,-7.925427169978608,34.56325490785902,-8.219157163959686,3.213861549,1.621948819,,,,103.2,2565.0,7.0,823262,666023,664034,630105,592518,593428,669720,701538,665487,53.49,,,,,,,,62,1,4-Seam Fastball,6,2,2,6,2,6,2,6,Standard,Standard,203.0,0.001,-0.041,63.9,6.9,,,0.041,,4,-4,0.985,0.015,27,23,28,24,1,3,3.0,2.0,1.0,1.0,0.73,0.41,0.41,41.5,15.486067102035976,-5.962612072562885,33.7279339236415,46.82174582838928,40.66781619402942,Four-seam,False
FF,2026-08-18,100.9,-1.08,6.31,"Miller, Mason",666182,695243,strikeout,swinging_strike,,,,,3.0,Bo Bichette strikes out swinging.,R,R,R,NYM,SD,S,2.0,,2,2,2026,-0.04,1.31,0.4945348462103801,2.71468729067959,,,,2,9,Bot,,,,,,,4.446896860035409,-146.78901841433964,-7.688916929813637,-1.5948119926757705,33.89145200892676,-11.597373090242526,3.162081693,1.595816929,,,,101.9,2538.0,6.8,823586,666023,664034,630105,592518,593428,687749,701538,665487,53.71,,0.0,0.0,1.0,0.0,0.0,,78,6,4-Seam Fastball,2,5,2,5,5,2,2,5,Strategic,Standard,197.0,-0.005,-0.223,68.1,6.3,0.350054772,,0.223,,-3,-3,0.005,0.005,27,28,28,28,1,4,6.0,1.0,3.0,1.0,0.92,0.04,0.04,42.0,-10.60595834913156,24.009949836570744,40.20328787464639,41.491963103396245,3.499073599768313,Four-seam,True
FF,2026-08-18,101.5,-1.02,6.33,"Miller, Mason",666182,695243,,ball,,,,,12.0,,R,R,R,NYM,SD,B,,,1,2,2026,-0.04,1.21,2.456660443371093,3.759218820549756,,,,2,9,Bot,,,,,,,9.792239211646695,-147.4522747556095,-4.690868630401379,-2.88747886381688,34.0503327014148,-13.613865751166312,3.162081693,1.595816929,,,,102.4,2505.0,6.8,823586,666023,664034,630105,592518,593428,687749,701538,665487,53.69,,,,,,,,78,5,4-Seam Fastball,2,5,2,5,5,2,2,5,Strategic,Standard,200.0,0.0,0.041,,,,,-0.041,,-3,-3,0.005,0.005,27,28,28,28,1,4,6.0,1.0,3.0,1.0,1.01,0.04,0.04,44.6,,,,,,Four-seam,False
SL,2026-08-18,87.9,-1.11,6.24,"Miller, Mason",666182,695243,,foul,,,,,5.0,,R,R,R,NYM,SD,S,,,1,2,2026,1.19,-0.16,-0.1006994663430709,2.5472410032513375,,,,2,9,Bot,,,,,,,-0.1053796975751454,-128.01702773428372,-2.2656519977725305,13.067256083562503,27.558055974439352,-33.66444173282946,3.162081693,1.595816929,,,,88.6,2372.0,6.8,823586,666023,664034,630105,592518,593428,687749,701538,665487,53.74,,,,,,,,78,4,Slider,2,5,2,5,5,2,2,5,Strategic,Standard,34.0,0.0,0.0,70.5,7.2,,,0.0,,-3,-3,0.005,0.005,27,28,28,28,1,4,6.0,1.0,3.0,1.0,3.12,-1.19,-1.19,40.7,8.371579626198335,-1.340904216195825,37.881938273695226,32.874674542101765,29.317080457561804,Slider,False
SL,2026-08-18,87.6,-1.08,6.15,"Miller, Mason",666182,695243,,swinging_strike,,,,,14.0,,R,R,R,NYM,SD,S,,,1,1,2026,1.21,-0.25,1.2837729598344034,1.075881940739423,,,,2,9,Bot,,,,,,,3.1141515691118498,-127.4453136411997,-5.344606115879477,12.531759870599666,27.13860907411471,-33.9444435887526,3.162081693,1.595816929,,,,88.2,2357.0,6.8,823586,666023,664034,630105,592518,593428,687749,701538,665487,53.72,,,,,,,,78,3,Slider,2,5,2,5,5,2,2,5,Strategic,Standard,33.0,0.0,-0.064,70.0,8.7,27.482962008,,0.064,,-3,-3,0.005,0.005,27,28,28,28,1,4,6.0,1.0,3.0,1.0,3.23,-1.21,-1.21,40.3,31.973867358610622,-52.71989580126762,30.8483896037178,46.74345181536097,69.27984973740865,Slider,False
SL,2026-08-18,87.4,-1.28,6.22,"Miller, Mason",666182,695243,,called_strike,,,,,2.0,,R,R,R,NYM,SD,S,,,1,0,2026,1.13,-0.43,-0.0029626004844696,2.962321785738469,,,,2,9,Bot,,,,,,,0.6712546823226975,-127.36470434675552,-0.5729799720640093,12.05660314455584,27.511229779798843,-36.97112461605344,3.162081693,1.595816929,,,,88.2,2304.0,6.8,823586,666023,664034,630105,592518,593428,687749,701538,665487,53.65,,,,,,,,78,2,Slider,2,5,2,5,5,2,2,5,Strategic,Standard,38.0,-0.001,-0.056,,,,,0.056,,-3,-3,0.006,0.006,27,28,28,28,1,4,6.0,1.0,3.0,1.0,3.42,-1.13,-1.13,41.1,,,,,,Slider,False
FF,2026-08-18,100.1,-1.18,6.42,"Miller, Mason",666182,695243,,ball,,,,,11.0,,R,R,R,NYM,SD,B,,,0,0,2026,-0.27,1.08,-1.7028584418199326,5.9631639565116785,,,,2,9,Bot,,,,,,,-0.7756902557711024,-145.85415095464307,1.606467301800944,-3.6239837954972502,33.918667304409944,-17.323011316043416,3.162081693,1.595816929,,,,100.8,2602.0,6.6,823586,666023,664034,630105,592518,593428,687749,701538,665487,53.93,,,,,,,,78,1,4-Seam Fastball,2,5,2,5,5,2,2,5,Strategic,Standard,193.0,0.001,0.041,,,,,-0.041,,-3,-3,0.005,0.005,27,28,28,28,1,4,6.0,1.0,3.0,1.0,1.19,0.27,0.27,46.6,,,,,,Four-seam,False
FF,2026-08-18,102.6,-1.27,6.19,"Miller, Mason",596019,695243,strikeout,swinging_strike,,,,,12.0,Francisco Lindor strikes out swinging.,R,L,R,NYM,SD,S,2.0,,3,2,2026,-0.35,1.05,0.3215483308617159,3.804227989985021,,,,1,9,Bot,,,,,,,5.3466418110742735,-149.31820188662596,-3.958758418026483,-6.476405682722239,35.83381357933553,-15.72284106107236,3.107668963,1.568356299,,,,103.4,2483.0,6.7,823586,666023,664034,630105,592518,593428,687749,701538,665487,53.78,,0.0,0.0,1.0,0.0,0.0,,77,7,4-Seam Fastball,2,5,2,5,5,2,2,5,Infield shade,Standard,204.0,-0.017,-0.345,69.1,6.1,0.738782328,,0.345,,-3,-3,0.022,0.022,27,32,28,33,1,4,6.0,1.0,3.0,1.0,1.11,0.35,-0.35,41.6,10.459490375767786,15.778227609084782,23.583207230751867,31.041743226971224,19.811171741512712,Four-seam,True
FF,2026-08-18,101.2,-1.13,6.35,"Miller, Mason",596019,695243,,foul,,,,,3.0,,R,L,R,NYM,SD,S,,,3,2,2026,-0.11,1.23,0.3706857341766739,3.030958821120099,,,,1,9,Bot,,,,,,,4.451569207187,-147.26204810861225,-6.788151437796978,-2.718045000144331,34.810547046238106,-12.826572730541836,3.107668963,1.568356299,127.0,72.7,73.0,101.9,2375.0,6.7,823586,666023,664034,630105,592518,593428,687749,701538,665487,53.84,,,,,,,,77,6,4-Seam Fastball,2,5,2,5,5,2,2,5,Infield shade,Standard,198.0,0.0,0.0,71.9,6.5,,,0.0,88.0,-3,-3,0.022,0.022,27,32,28,33,1,4,6.0,1.0,3.0,1.0,0.99,0.11,-0.11,43.4,5.5825711384838925,10.31528766375315,29.03258753542822,30.67056495713659,23.272557050862204,Four-seam,False
FF,2026-08-18,102.1,-1.15,6.31,"Miller, Mason",596019,695243,,ball,,,,,11.0,,R,L,R,NYM,SD,B,,,2,2,2026,-0.37,1.22,-0.2557089771836774,4.652955235309096,,,,1,9,Bot,,,,,,,3.409229552415605,-148.75750145592602,-2.255343597533901,-6.2959913015452775,35.23334657254091,-13.713874768824615,3.107668963,1.568356299,,,,102.8,2557.0,6.6,823586,666023,664034,630105,592518,593428,687749,701538,665487,53.91,,,,,,,,77,5,4-Seam Fastball,2,5,2,5,5,2,2,5,Infield shade,Standard,204.0,0.006,0.112,,,,,-0.112,,-3,-3,0.016,0.016,27,32,28,33,1,4,6.0,1.0,3.0,1.0,0.96,0.37,-0.37,40.4,,,,,,Four-seam,False
SL,2026-08-18,88.1,-1.31,6.18,"Miller, Mason",596019,695243,,called_strike,,,,,7.0,,R,L,R,NYM,SD,S,,,2,1,2026,0.88,-0.42,-0.5709372072353766,1.9621444329679536,,,,1,9,Bot,,,,,,,-0.0801878777663196,-128.25863894357056,-3.0011936754519546,9.648868799123518,27.663630960975546,-36.400194210183706,3.107668963,1.568356299,,,,88.7,2391.0,6.8,823586,666023,664034,630105,592518,593428,687749,701538,665487,53.75,,,,,,,,77,4,Slider,2,5,2,5,5,2,2,5,Infield shade,Standard,39.0,-0.005,-0.075,,,,,0.075,,-3,-3,0.021,0.021,27,32,28,33,1,4,6.0,1.0,3.0,1.0,3.37,-0.88,0.88,38.5,,,,,,Slider,False
SL,2026-08-18,87.7,-1.51,6.17,"Miller, Mason",596019,695243,,ball,,,,,11.0,,R,L,R,NYM,SD,B,,,1,1,2026,0.87,-0.49,-1.8562292004512544,3.6118405502017144,,,,1,9,Bot,,,,,,,-2.6729713549527943,-127.74649200462606,1.192131632866401,10.03889470556955,27.192907213513365,-38.04059016547004,3.107668963,1.568356299,,,,88.2,2488.0,6.6,823586,666023,664034,630105,592518,593428,687749,701538,665487,53.9,,,,,,,,77,3,Slider,2,5,2,5,5,2,2,5,Infield shade,Standard,53.0,0.004,0.056,,,,,-0.056,,-3,-3,0.017,0.017,27,32,28,33,1,4,6.0,1.0,3.0,1.0,3.46,-0.87,0.87,36.9,,,,,,Slider,False
FF,2026-08-18,101.9,-1.35,6.28,"Miller, Mason",596019,695243,,ball,,,,,11.0,,R,L,R,NYM,SD,B,,,0,1,2026,-0.09,1.17,-0.1370105736365752,3.4921341577896254,,,,1,9,Bot,,,,,,,3.6001452488781385,-148.3321275716702,-5.276285800626565,-2.0994286818428045,34.305475593915816,-13.878840404642434,3.107668963,1.568356299,,,,102.8,2303.0,6.7,823586,666023,664034,630105,592518,593428,687749,701538,665487,53.84,,,,,,,,77,2,4-Seam Fastball,2,5,2,5,5,2,2,5,Infield shade,Standard,199.0,0.001,0.032,,,,,-0.032,,-3,-3,0.016,0.016,27,32,28,33,1,4,6.0,1.0,3.0,1.0,1.02,0.09,-0.09,40.3,,,,,,Four-seam,False
FF,2026-08-18,100.3,-1.46,6.27,"Miller, Mason",596019,695243,,called_strike,,,,,1.0,,R,L,R,NYM,SD,S,,,0,0,2026,-0.67,1.2,-0.7009910822277815,2.827018098137178,,,,1,9,Bot,,,,,,,3.7163933524909902,-145.95626859966725,-6.8784013793645915,-10.405937818394422,33.24619048684638,-13.636123616588426,3.107668963,1.568356299,,,,101.2,2350.0,6.7,823586,666023,664034,630105,592518,593428,687749,701538,665487,53.82,,,,,,,,77,1,4-Seam Fastball,2,5,2,5,5,2,2,5,Infield shade,Standard,207.0,-0.002,-0.041,,,,,0.041,,-3,-3,0.018,0.018,27,32,28,33,1,4,6.0,1.0,3.0,1.0,1.06,0.67,-0.67,38.2,,,,,,Four-seam,False
FF,2026-08-18,100.8,-1.48,6.26,"Miller, Mason",676724,695243,field_out,hit_into_play,,,,,5.0,Jared Young flies out sharply to center fielder Jackson Merrill.,R,L,R,NYM,SD,X,8.0,fly_ball,2,0,2026,-0.58,1.1,-0.1287083569923188,2.738731555030013,,,,0,9,Bot,107.12,51.18,,,,,5.1406611061903,-146.72554502987353,-6.977027621293587,-9.576683006770782,33.292893740239414,-14.805351823316728,3.280561024,1.655610236,368.0,101.2,38.0,101.7,2436.0,6.6,823586,666023,664034,630105,592518,593428,687749,701538,665487,53.85,0.206,0.41,0.0,1.0,0.0,0.0,5.0,76,3,4-Seam Fastball,2,5,2,5,5,2,2,5,Infield shade,Standard,207.0,-0.04,-0.383,76.1,7.2,,0.788,0.383,101.2,-3,-3,0.058,0.058,27,30,28,31,1,0,6.0,1.0,3.0,1.0,1.13,0.58,-0.58,40.2,5.997865096750382,-1.3651828639911716,22.676488728171595,40.29086326235678,27.387029502232977,Four-seam,True
FF,2026-08-18,101.6,-1.44,6.3,"Miller, Mason",676724,695243,,ball,,,,,11.0,,R,L,R,NYM,SD,B,,,1,0,2026,-0.6,1.24,-0.4878452225446159,4.281527590917023,,,,0,9,Bot,,,,,,,4.107335043603904,-147.921566584222,-3.22564172942783,-9.736549128464512,36.63599843397818,-13.475622135754096,3.280561024,1.655610236,,,,102.2,2572.0,6.7,823586,666023,664034,630105,592518,593428,687749,701538,665487,53.83,,,,,,,,76,2,4-Seam Fastball,2,5,2,5,5,2,2,5,Infield shade,Standard,203.0,0.01,0.082,,,,,-0.082,,-3,-3,0.048,0.048,27,30,28,31,1,0,6.0,1.0,3.0,1.0,0.98,0.6,-0.6,39.8,,,,,,Four-seam,False
SL,2026-08-18,87.0,-1.6,6.21,"Miller, Mason",676724,695243,,ball,,,,,3.0,,R,L,R,NYM,SD,B,,,0,0,2026,1.24,-0.32,0.6856772095753414,3.379990783155421,,,,0,9,Bot,,,,,,,2.8339474725981946,-126.68651539869012,0.3029446801972475,12.60374413224006,28.034796850818577,-35.88475088371719,3.280561024,1.655610236,,,,87.0,2208.0,6.4,823586,666023,664034,630105,592518,593428,687749,701538,665487,54.09,,,,,,,,76,1,Slider,2,5,2,5,5,2,2,5,Infield shade,Standard,42.0,0.005,0.042,,,,,-0.042,,-3,-3,0.043,0.043,27,30,28,31,1,0,6.0,1.0,3.0,1.0,3.35,-1.24,1.24,37.6,,,,,,Slider,False
FF,2026-08-12,103.0,-1.11,6.19,"Miller, Mason",668930,695243,strikeout,swinging_strike,,,,,5.0,Brice Turang strikes out swinging.,R,L,R,SD,MIL,S,2.0,,2,2,2026,-0.64,1.2,-0.093199881722402,2.1747216095621345,,666152.0,687401.0,2,9,Top,,,,,,,4.464075370345238,-149.69621646760166,-8.985794673600937,-10.699517310137349,35.76634021879266,-12.10391162326654,3.21035105,1.620177165,,,,103.9,2549.0,6.8,823263,669134,664034,630105,592518,593428,650859,701538,665487,53.7,,0.0,0.0,1.0,0.0,0.0,,68,5,4-Seam Fastball,2,2,2,2,2,2,2,2,Strategic,Standard,199.0,0.099,-0.232,63.3,5.7,4.869469896,,0.232,,0,0,0.54,0.46,27,26,28,27,1,4,2.0,1.0,6.0,6.0,0.95,0.64,-0.64,41.0,-18.031696013480374,53.89131222524077,39.53448185781528,35.68729438409545,2.569461391447385,Four-seam,True
FF,2026-08-12,103.6,-1.09,6.24,"Miller, Mason",668930,695243,,ball,,,,,12.0,,R,L,R,SD,MIL,B,,,1,2,2026,-0.14,1.32,1.3127328622017866,3.2695061345597223,,666152.0,687401.0,2,9,Top,,,,,,,7.184558591991355,-150.54486288205118,-6.374025257102292,-3.979119764011143,38.402448163405474,-10.72973758823613,3.21035105,1.620177165,,,,104.1,2522.0,6.7,823263,669134,664034,630105,592518,593428,650859,701538,665487,53.76,,,,,,,,68,4,4-Seam Fastball,2,2,2,2,2,2,2,2,Strategic,Standard,202.0,-0.017,0.025,,,,,-0.025,,0,0,0.557,0.443,27,26,28,27,1,4,2.0,1.0,6.0,6.0,0.82,0.14,-0.14,42.0,,,,,,Four-seam,False
FF,2026-08-12,102.9,-1.04,6.28,"Miller, Mason",668930,695243,,swinging_strike,,,,,1.0,,R,L,R,SD,MIL,S,,,1,1,2026,-0.76,1.23,-0.3096060147392827,2.832625931424343,,666152.0,687401.0,2,9,Top,,,,,,,3.945452829984893,-149.77986567765504,-7.45735771147492,-12.443165495316917,34.30620024145133,-12.056461276038746,3.21035105,1.620177165,,,,103.9,2594.0,6.7,823263,669134,664034,630105,592518,593428,650859,701538,665487,53.82,,,,,,,,68,3,4-Seam Fastball,2,2,2,2,2,2,2,2,Standard,Standard,203.0,0.029,-0.061,68.8,6.0,0.1,,0.061,,0,0,0.528,0.472,27,26,28,27,1,4,2.0,1.0,6.0,6.0,0.91,0.76,-0.76,41.6,-3.5590770677188424,32.0113837239026,30.076940883640155,38.69674711035688,12.414578050227323,Four-seam,False
SL,2026-08-12,87.0,-1.19,6.09,"Miller, Mason",668930,695243,,called_strike,,,,,2.0,,R,L,R,SD,MIL,S,,,1,0,2026,0.96,-0.06,0.2548380901539845,3.018175288252828,,666152.0,687401.0,2,9,Top,,,,,,,1.4217394840752278,-126.69619402078156,-0.7917005153459156,9.963121520788436,28.865744830965312,-32.85766406733146,3.21035105,1.620177165,,,,87.5,2329.0,6.8,823263,669134,664034,630105,592518,593428,650859,701538,665487,53.68,,,,,,,,68,2,Slider,2,2,2,2,2,2,2,2,Standard,Standard,41.0,0.012,-0.044,,,,,0.044,,0,0,0.516,0.484,27,26,28,27,1,4,2.0,1.0,6.0,6.0,3.09,-0.96,0.96,39.0,,,,,,Slider,False
FF,2026-08-12,101.5,-1.19,6.31,"Miller, Mason",668930,695243,,ball,,,,,11.0,,R,L,R,SD,MIL,B,,,0,0,2026,-0.3,1.24,-0.0517952462145429,4.9824522130318405,,666152.0,687401.0,2,9,Top,,,,,,,3.883776451255365,-147.76664612639195,-1.3190728484933445,-5.2943707517405905,35.864118097469294,-13.858942172101116,3.21035105,1.620177165,,,,101.9,2497.0,6.5,823263,669134,664034,630105,592518,593428,650859,701538,665487,53.96,,,,,,,,68,1,4-Seam Fastball,2,2,2,2,2,2,2,2,Standard,Standard,199.0,-0.006,0.029,,,,,-0.029,,0,0,0.522,0.478,27,26,28,27,1,4,2.0,1.0,6.0,6.0,0.97,0.3,-0.3,41.7,,,,,,Four-seam,False
FF,2026-08-12,102.4,-1.08,6.27,"Miller, Mason",694192,695243,field_out,hit_into_play,,,,,11.0,Jackson Chourio flies out to right fielder Fernando Tatis Jr. in foul territory.,R,R,R,SD,MIL,X,9.0,fly_ball,2,2,2026,-0.68,1.16,-0.5265471051615299,3.674458265183264,,666152.0,687401.0,1,9,Top,190.05,152.03,,,,,3.2537916780041507,-149.13400295194143,-4.786946048080923,-10.920257817593573,35.59953827391004,-13.922148840236265,3.237557415,1.63390748,185.0,87.1,61.0,103.4,2500.0,6.8,823263,669134,664034,630105,592518,593428,650859,701538,665487,53.74,0.014,0.015,0.0,1.0,0.0,0.0,3.0,67,5,4-Seam Fastball,2,2,2,2,2,2,2,2,Standard,Strategic,202.0,0.089,-0.221,68.2,6.4,,0.022,0.221,88.0,0,0,0.433,0.567,27,22,28,22,1,4,2.0,1.0,6.0,1.0,1.01,0.68,0.68,39.2,11.375758606286288,10.281897620242086,16.329002389773073,35.14415490039008,27.48234215323895,Four-seam,True
SL,2026-08-12,88.6,-1.14,6.1,"Miller, Mason",694192,695243,,blocked_ball,,,,,14.0,,R,R,R,SD,MIL,B,,,1,2,2026,0.81,-0.31,1.396725991663908,0.1436623238901666,,666152.0,687401.0,1,9,Top,,,,,,,4.455919521393715,-128.85396267168824,-7.567677793137582,7.9143617581324115,29.04916990149489,-34.069830273202285,3.237557415,1.63390748,,,,89.3,2375.0,7.0,823263,669134,664034,630105,592518,593428,650859,701538,665487,53.54,,,,,,,,67,4,Slider,2,2,2,2,2,2,2,2,Standard,Strategic,43.0,-0.016,0.059,,,,,-0.059,,0,0,0.449,0.551,27,22,28,22,1,4,2.0,1.0,6.0,1.0,3.23,-0.81,-0.81,40.5,,,,,,Slider,False
FF,2026-08-12,103.4,-1.02,6.25,"Miller, Mason",694192,695243,,ball,,,,,14.0,,R,R,R,SD,MIL,B,,,0,2,2026,-0.88,1.39,0.517694003355838,1.3460185967367717,,666152.0,687401.0,1,9,Top,,,,,,,6.545348587354039,-150.08735847057494,-12.034310618471691,-14.913856173476535,36.245591032459544,-8.367633783102084,3.237557415,1.63390748,,,,104.1,2587.0,6.8,823263,669134,664034,630105,592518,593428,650859,701538,665487,53.72,,,,,,,,67,3,4-Seam Fastball,2,2,2,2,2,2,2,2,Standard,Strategic,205.0,-0.01,0.025,,,,,-0.025,,0,0,0.459,0.541,27,22,28,22,1,4,2.0,1.0,6.0,1.0,0.75,0.88,0.88,41.0,,,,,,Four-seam,False
SL,2026-08-12,88.2,-1.08,6.16,"Miller, Mason",694192,695243,,called_strike,,,,,6.0,,R,R,R,SD,MIL,S,,,0,1,2026,1.18,-0.4,0.3044812713498904,2.335911264120917,,666152.0,687401.0,1,9,Top,,,,,,,0.8086903241895729,-128.34342039397396,-2.0554934015246475,12.78191350563198,29.288865208093608,-36.36204374289313,3.237557415,1.63390748,,,,88.2,2471.0,6.5,823263,669134,664034,630105,592518,593428,650859,701538,665487,53.98,,,,,,,,67,2,Slider,2,2,2,2,2,2,2,2,Standard,Standard,36.0,0.026,-0.062,,,,,0.062,,0,0,0.433,0.567,27,22,28,22,1,4,2.0,1.0,6.0,1.0,3.36,-1.18,-1.18,39.0,,,,,,Slider,False
SL,2026-08-12,88.2,-1.15,6.22,"Miller, Mason",694192,695243,,called_strike,,,,,8.0,,R,R,R,SD,MIL,S,,,0,0,2026,1.24,-0.54,0.1086624823625256,2.0020172561380902,,666152.0,687401.0,1,9,Top,,,,,,,0.380316336435669,-128.4066228439212,-2.740315411180725,13.577486515455496,28.986580570169696,-37.742601637256264,3.237557415,1.63390748,,,,88.2,2350.0,6.5,823263,669134,664034,630105,592518,593428,650859,701538,665487,54.01,,,,,,,,67,1,Slider,2,2,2,2,2,2,2,2,Standard,Standard,37.0,0.016,-0.041,,,,,0.041,,0,0,0.417,0.583,27,22,28,22,1,4,2.0,1.0,6.0,1.0,3.49,-1.24,-1.24,39.6,,,,,,Slider,False
SL,2026-08-12,88.6,-1.05,6.09,"Miller, Mason",687401,695243,walk,ball,,,,,11.0,Joey Ortiz walks.,R,R,R,SD,MIL,B,,,3,1,2026,1.23,-0.53,-1.2607279435234997,2.750135849772992,,666152.0,,1,9,Top,,,,,,,-3.14112922537255,-128.94264825112808,-0.6784006929272175,14.358833932942536,29.66231280577669,-38.151823874220064,3.136630577,1.582972441,,,,88.7,2372.0,6.6,823263,669134,664034,630105,592518,593428,650859,701538,665487,53.94,,0.698418,0.7,1.0,0.0,0.0,,66,5,Slider,2,2,2,2,2,2,2,2,Standard,Standard,53.0,-0.013,0.125,,,,,-0.125,,0,0,0.43,0.57,27,27,28,28,1,3,2.0,4.0,6.0,1.0,3.46,-1.23,-1.23,36.9,,,,,,Slider,True
FF,2026-08-12,101.3,-1.05,6.21,"Miller, Mason",687401,695243,,ball,,,,,14.0,,R,R,R,SD,MIL,B,,,2,1,2026,-0.36,1.45,1.032434178781762,1.7973581039900417,,,666152.0,1,9,Top,,,,,,,6.662479356692779,-147.08660818799012,-10.354141031887083,-6.864291623064563,35.79789811526084,-8.768576611811547,3.136630577,1.582972441,,,,102.0,2480.0,6.8,823263,669134,664034,630105,592518,593428,650859,701538,665487,53.66,,,,,,,,66,4,4-Seam Fastball,2,2,2,2,2,2,2,2,Standard,Standard,200.0,-0.062,0.097,,,,,-0.097,,0,0,0.492,0.508,27,27,28,28,1,3,2.0,4.0,6.0,1.0,0.78,0.36,0.36,42.2,,,,,,Four-seam,False
FF,2026-08-12,101.5,-1.04,6.23,"Miller, Mason",687401,695243,,called_strike,,,,,12.0,,R,R,R,SD,MIL,S,,,2,0,2026,-0.23,1.43,0.9160984956521556,2.537868430177449,,,666152.0,1,9,Top,,,,,,,6.027485085309771,-147.55332769573485,-8.33502337066235,-4.835367820764136,35.752309851389434,-9.52908868878901,3.136630577,1.582972441,,,,102.3,2525.0,6.8,823263,669134,664034,630105,592518,593428,650859,701538,665487,53.67,,,,,,,,66,3,4-Seam Fastball,2,2,2,2,2,2,2,2,Standard,Standard,205.0,0.017,-0.048,,,,,0.048,,0,0,0.475,0.525,27,27,28,28,1,3,2.0,4.0,6.0,1.0,0.79,0.23,0.23,41.8,,,,,,Four-seam,False
SL,2026-08-12,87.6,-1.27,6.1,"Miller, Mason",687401,695243,,ball,,,,,11.0,,R,R,R,SD,MIL,B,,,1,0,2026,0.58,-0.26,-1.2678362345715422,3.415063741481693,,,666152.0,1,9,Top,,,,,,,-1.228957252693551,-127.5621941526732,0.436757163318805,6.527196460149374,27.211772073119665,-35.36022286064396,3.136630577,1.582972441,,,,88.4,2243.0,6.8,823263,669134,664034,630105,592518,593428,650859,701538,665487,53.69,,,,,,,,66,2,Slider,2,2,2,2,2,2,2,2,Standard,Standard,41.0,-0.017,0.066,,,,,-0.066,,0,0,0.492,0.508,27,27,28,28,1,3,2.0,4.0,6.0,1.0,3.24,-0.58,-0.58,38.6,,,,,,Slider,False
FF,2026-08-12,101.0,-1.01,6.43,"Miller, Mason",687401,695243,,ball,,,,,11.0,,R,R,R,SD,MIL,B,,,0,0,2026,-0.77,1.44,-0.2811437757418561,3.722541046055357,,,666152.0,1,9,Top,,,,,,,3.8817327521417786,-146.90028177168006,-5.5076609895242985,-12.125324863043195,36.176903849040926,-10.29764811142186,3.136630577,1.582972441,,,,101.2,2579.0,6.5,823263,669134,664034,630105,592518,593428,650859,701538,665487,53.98,,,,,,,,66,1,4-Seam Fastball,2,2,2,2,2,2,2,2,Standard,Standard,197.0,-0.008,0.034,,,,,-0.034,,0,0,0.5,0.5,27,27,28,28,1,3,2.0,4.0,6.0,1.0,0.81,0.77,0.77,45.0,,,,,,Four-seam,False
FF,2026-08-12,101.8,-1.07,6.26,"Miller, Mason",666152,695243,walk,ball,,,,,14.0,David Hamilton walks.,R,L,R,SD,MIL,B,,,3,0,2026,-0.62,1.35,1.239341626798812,2.1587796778364896,,,,1,9,Top,,,,,,,7.964267967284603,-147.86566534649074,-9.358996156320687,-10.95740027248297,33.7838658782868,-10.298181978468095,3.134875328,1.582086614,,,,102.7,2618.0,6.8,823263,669134,664034,630105,592518,593428,650859,701538,665487,53.73,,0.698418,0.7,1.0,0.0,0.0,,65,4,4-Seam Fastball,2,2,2,2,2,2,2,2,Standard,Standard,207.0,-0.023,0.169,,,,,-0.169,,0,0,0.523,0.477,27,28,28,29,1,3,2.0,1.0,6.0,1.0,0.85,0.62,-0.62,41.5,,,,,,Four-seam,True
FF,2026-08-12,102.1,-1.18,6.25,"Miller, Mason",666152,695243,,ball,,,,,12.0,,R,L,R,SD,MIL,B,,,2,0,2026,-0.71,1.35,1.0712530499430084,2.9788024719404795,,,,1,9,Top,,,,,,,8.043116932638956,-148.3661166650924,-7.102767992569664,-12.421160403337003,33.994592743357046,-10.693024082493649,3.134875328,1.582086614,,,,102.9,2489.0,6.7,823263,669134,664034,630105,592518,593428,650859,701538,665487,53.82,,,,,,,,65,3,4-Seam Fastball,2,2,2,2,2,2,2,2,Standard,Standard,208.0,-0.018,0.138,,,,,-0.138,,0,0,0.541,0.459,27,28,28,29,1,3,2.0,1.0,6.0,1.0,0.84,0.71,-0.71,39.2,,,,,,Four-seam,False
FF,2026-08-12,101.6,-1.18,6.23,"Miller, Mason",666152,695243,,ball,,,,,11.0,,R,L,R,SD,MIL,B,,,1,0,2026,-0.87,1.16,-0.7101403830460168,3.3549345359887077,,,,1,9,Top,,,,,,,3.447099693058854,-147.89016733386484,-5.430478755184567,-13.660997747327173,34.816712081623,-14.06291068932514,3.134875328,1.582086614,,,,102.2,2646.0,6.5,823263,669134,664034,630105,592518,593428,650859,701538,665487,53.96,,,,,,,,65,2,4-Seam Fastball,2,2,2,2,2,2,2,2,Standard,Standard,205.0,-0.011,0.075,,,,,-0.075,,0,0,0.552,0.448,27,28,28,29,1,3,2.0,1.0,6.0,1.0,1.04,0.87,-0.87,38.8,,,,,,Four-seam,False
FF,2026-08-12,102.3,-1.17,6.23,"Miller, Mason",666152,695243,,ball,,,,,12.0,,R,L,R,SD,MIL,B,,,0,0,2026,-0.76,1.42,1.2667692355758997,2.8149075890442754,,,,1,9,Top,,,,,,,8.697293168091363,-148.53037677773452,-7.66775962818102,-13.375254555005366,35.956885338409734,-9.430490237432178,3.134875328,1.582086614,,,,102.9,2613.0,6.8,823263,669134,664034,630105,592518,593428,650859,701538,665487,53.74,,,,,,,,65,1,4-Seam Fastball,2,2,2,2,2,2,2,2,Standard,Standard,203.0,-0.006,0.041,,,,,-0.041,,0,0,0.558,0.442,27,28,28,29,1,3,2.0,1.0,6.0,1.0,0.77,0.76,-0.76,39.8,,,,,,Four-seam,False
SL,2026-08-12,88.0,-1.05,6.16,"Miller, Mason",669003,695243,field_out,hit_into_play,,,,,6.0,Garrett Mitchell grounds out to first baseman Ty France.,R,L,R,SD,MIL,X,3.0,ground_ball,2,1,2026,0.46,-0.37,0.6481384996779533,2.2226492959748967,,,,0,9,Top,161.65,167.75,,,,,3.1129807354305297,-128.15704174327433,-2.4286595142605316,4.400198829693069,27.446214994069138,-35.92468593300403,3.292847769,1.661811024,22.0,104.1,-5.0,88.6,2386.0,6.7,823263,669134,664034,630105,592518,593428,650859,701538,665487,53.8,0.437,0.413,0.0,1.0,0.0,0.0,2.0,64,4,Slider,2,2,2,2,2,2,2,2,Standard,Standard,36.0,0.066,-0.31,78.4,7.7,,0.492,0.31,104.1,0,0,0.492,0.508,27,27,28,28,1,1,2.0,1.0,6.0,1.0,3.32,-0.46,0.46,39.1,12.56163212525979,-14.912119913547972,29.756579142736097,29.77028109590031,37.13393149851986,Slider,True
FF,2026-08-12,102.4,-1.21,6.24,"Miller, Mason",669003,695243,,foul,,,,,3.0,,R,L,R,SD,MIL,S,,,2,0,2026,-0.5,1.17,0.7569761714885692,2.901428544091191,,,,0,9,Top,,,,,,,6.772354593084175,-149.0091905389838,-6.922022073887354,-9.079614314996723,33.40184708342311,-13.198346688910464,3.292847769,1.661811024,181.0,62.6,43.0,103.5,2452.0,6.7,823263,669134,664034,630105,592518,593428,650859,701538,665487,53.8,,,,,,,,64,3,4-Seam Fastball,2,2,2,2,2,2,2,2,Standard,Standard,199.0,0.016,-0.073,71.8,5.8,,,0.073,88.0,0,0,0.476,0.524,27,27,28,28,1,1,2.0,1.0,6.0,1.0,0.99,0.5,-0.5,39.4,-9.405150359302228,25.28178183276875,29.318368049542407,27.143690160969328,20.814676337246887,Four-seam,False
FF,2026-08-12,101.1,-1.21,6.35,"Miller, Mason",669003,695243,,ball,,,,,11.0,,R,L,R,SD,MIL,B,,,1,0,2026,-0.48,1.27,-0.3335830881247246,4.422259755225499,,,,0,9,Top,,,,,,,3.6028251652915033,-147.3608930463902,-3.0364938478725385,-7.875734078423809,32.16894823029152,-13.095161545822473,3.292847769,1.661811024,,,,101.9,2415.0,6.4,823263,669134,664034,630105,592518,593428,650859,701538,665487,54.06,,,,,,,,64,2,4-Seam Fastball,2,2,2,2,2,2,2,2,Strategic,Standard,205.0,-0.016,0.082,,,,,-0.082,,0,0,0.492,0.508,27,27,28,28,1,1,2.0,1.0,6.0,1.0,0.94,0.48,-0.48,39.0,,,,,,Four-seam,False
FF,2026-08-12,101.6,-0.98,6.35,"Miller, Mason",669003,695243,,ball,,,,,14.0,,R,L,R,SD,MIL,B,,,0,0,2026,-0.56,1.29,0.8909588653072433,1.9740683074367429,,,,0,9,Top,,,,,,,6.571240633020132,-147.64051759496195,-9.927672222104338,-9.695210024107784,31.877305156990683,-11.181371123067551,3.292847769,1.661811024,,,,102.3,2495.0,6.5,823263,669134,664034,630105,592518,593428,650859,701538,665487,53.95,,,,,,,,64,1,4-Seam Fastball,2,2,2,2,2,2,2,2,Strategic,Standard,200.0,-0.008,0.042,,,,,-0.042,,0,0,0.5,0.5,27,27,28,28,1,1,2.0,1.0,6.0,1.0,0.91,0.56,-0.56,41.7,,,,,,Four-seam,False
FF,2026-08-10,101.8,-1.26,6.24,"Miller, Mason",592885,695243,truncated_pa,ball,,,,,14.0,,R,L,R,SD,MIL,B,2.0,,1,1,2026,-0.37,1.29,0.9757429444678904,2.0771376059132907,,,663604.0,2,9,Top,,,,,,,7.179348130591939,-147.97035120180556,-9.42334499748611,-7.152334259816046,33.7085539383419,-11.203738352679624,3.368323491,1.699901575,,,,103.0,2601.0,6.9,823265,666023,664034,630105,592518,823550,687749,701538,665487,53.59,,,0.0,0.0,0.0,0.0,,65,3,4-Seam Fastball,3,2,2,3,2,3,2,3,Infield shade,Standard,208.0,0.075,-0.263,,,,,0.263,,1,-1,0.925,0.075,27,34,28,35,1,3,2.0,2.0,2.0,1.0,0.91,0.37,-0.37,40.8,,,,,,Four-seam,False
FF,2026-08-10,99.2,-1.38,6.39,"Miller, Mason",592885,695243,,ball,,,,,11.0,,R,L,R,SD,MIL,B,,,0,1,2026,-0.45,1.1,-0.4461630001465043,4.496134649636996,,,663604.0,2,9,Top,,,,,,,3.6123765863397943,-144.53303869378206,-2.2796676692545184,-7.124690480329539,31.51108899486791,-16.41450416661291,3.368323491,1.699901575,,,,100.2,2486.0,6.7,823265,666023,664034,630105,592518,823550,687749,701538,665487,53.85,,,,,,,,65,2,4-Seam Fastball,3,2,2,3,2,3,2,3,Infield shade,Standard,202.0,-0.008,0.028,,,,,-0.028,,1,-1,0.933,0.067,27,34,28,35,1,3,2.0,2.0,2.0,1.0,1.2,0.45,-0.45,41.5,,,,,,Four-seam,False
SL,2026-08-10,87.7,-1.39,6.13,"Miller, Mason",592885,695243,,called_strike,,,,,8.0,,R,L,R,SD,MIL,S,,,0,0,2026,0.5,-0.39,0.0071891062224108,2.1434128984962255,,,663604.0,2,9,Top,,,,,,,2.301148941740282,-127.77743442895536,-2.5012501789388297,5.04526761848157,26.372852950004628,-36.13087436181746,3.368323491,1.699901575,,,,88.6,2145.0,6.8,823265,666023,664034,630105,592518,823550,687749,701538,665487,53.7,,,,,,,,65,1,Slider,3,2,2,3,2,3,2,3,Infield shade,Standard,34.0,0.012,-0.041,,,,,0.041,,1,-1,0.921,0.079,27,34,28,35,1,3,2.0,2.0,2.0,1.0,3.35,-0.5,0.5,38.0,,,,,,Slider,False
FF,2026-08-10,100.7,-1.35,6.32,"Miller, Mason",661388,695243,walk,ball,,,,,11.0,William Contreras walks.,R,R,R,SD,MIL,B,,,3,1,2026,-0.19,1.23,-1.062185921885498,5.962103808051929,,,,2,9,Top,,,,,,,1.239302716614112,-146.72313454592532,1.4630978744657537,-2.993895428546148,34.881502332021306,-14.93268668022044,3.133120079,1.581200787,,,,101.3,2416.0,6.6,823265,666023,664034,630105,592518,823550,687749,701538,665487,53.92,,0.698418,0.7,1.0,0.0,0.0,,64,5,4-Seam Fastball,3,2,2,3,2,3,2,3,Strategic,Standard,198.0,-0.025,0.192,,,,,-0.192,,1,-1,0.946,0.054,27,28,28,29,1,3,2.0,1.0,2.0,1.0,1.01,0.19,0.19,40.6,,,,,,Four-seam,True
SL,2026-08-10,88.3,-1.16,6.26,"Miller, Mason",661388,695243,,ball,,,,,12.0,,R,R,R,SD,MIL,B,,,2,1,2026,0.76,-0.1,0.6609115471240742,3.367396201837096,,,,2,9,Top,,,,,,,2.7856994675989997,-128.46991558958786,-0.4700610095817553,7.737784896571664,30.06626983504674,-33.37952976671995,3.133120079,1.581200787,,,,88.6,2117.0,6.8,823265,666023,664034,630105,592518,823550,687749,701538,665487,53.71,,,,,,,,64,4,Slider,3,2,2,3,2,3,2,3,Strategic,Standard,35.0,-0.013,0.101,,,,,-0.101,,1,-1,0.959,0.041,27,28,28,29,1,3,2.0,1.0,2.0,1.0,3.05,-0.76,-0.76,38.7,,,,,,Slider,False
FF,2026-08-10,101.7,-1.12,6.31,"Miller, Mason",661388,695243,,ball,,,,,14.0,,R,R,R,SD,MIL,B,,,1,1,2026,-0.46,1.65,1.9526341719597835,2.272359565472199,,,,2,9,Top,,,,,,,9.674994672519867,-147.49783709413205,-9.79766370820425,-9.137962703893823,37.77354681905662,-5.840283795142363,3.133120079,1.581200787,,,,101.9,2493.0,6.7,823265,666023,664034,630105,592518,823550,687749,701538,665487,53.77,,,,,,,,64,3,4-Seam Fastball,3,2,2,3,2,3,2,3,Strategic,Standard,202.0,-0.006,0.055,,,,,-0.055,,1,-1,0.965,0.035,27,28,28,29,1,3,2.0,1.0,2.0,1.0,0.58,0.46,0.46,42.0,,,,,,Four-seam,False
FF,2026-08-10,101.3,-1.18,6.26,"Miller, Mason",661388,695243,,ball,,,,,14.0,,R,R,R,SD,MIL,B,,,0,1,2026,-0.55,1.56,1.4156545024330656,2.2901811293424084,,,,2,9,Top,,,,,,,8.540564567904406,-147.0326718688174,-9.344789001047005,-10.139661886475242,36.71745437970067,-7.426874899631423,3.133120079,1.581200787,,,,101.6,2510.0,6.7,823265,666023,664034,630105,592518,823550,687749,701538,665487,53.81,,,,,,,,64,2,4-Seam Fastball,3,2,2,3,2,3,2,3,Strategic,Standard,206.0,-0.004,0.03,,,,,-0.03,,1,-1,0.969,0.031,27,28,28,29,1,3,2.0,1.0,2.0,1.0,0.68,0.55,0.55,39.3,,,,,,Four-seam,False
FF,2026-08-10,101.7,-1.25,6.31,"Miller, Mason",661388,695243,,swinging_strike,,,,,2.0,,R,R,R,SD,MIL,S,,,0,0,2026,-0.57,1.26,-0.2498487118359093,3.2479958869267858,,,,2,9,Top,,,,,,,4.185654962276057,-147.98054471952472,-6.190634679552405,-9.322085007668775,36.42828807664336,-12.436562903032904,3.133120079,1.581200787,,,,102.1,2470.0,6.6,823265,666023,664034,630105,592518,823550,687749,701538,665487,53.9,,,,,,,,64,1,4-Seam Fastball,3,2,2,3,2,3,2,3,Standard,Standard,205.0,0.006,-0.045,73.6,6.5,0.49147362,,0.045,,1,-1,0.963,0.037,27,28,28,29,1,3,2.0,1.0,2.0,1.0,0.95,0.57,0.57,39.8,8.234701713794989,14.186584781406376,26.185274238133093,32.677237693425795,21.72170183748846,Four-seam,False
SL,2026-08-10,88.4,-1.29,6.16,"Miller, Mason",669003,695243,strikeout,called_strike,,,,,1.0,"Garrett Mitchell challenged (pitch result), call on the field was confirmed: Garrett Mitchell called out on strikes.",R,L,R,SD,MIL,S,2.0,,1,2,2026,0.97,-0.32,-0.5068204179226298,3.2282391710948133,,,,1,9,Top,,,,,,,-0.166033465466559,-128.8173015836588,-0.2051934415017274,10.81874711325159,26.87312089862136,-35.88928828012902,3.292847769,1.661811024,,,,89.0,2142.0,6.6,823265,666023,664034,630105,592518,823550,687749,701538,665487,53.92,,0.0,0.0,1.0,0.0,0.0,,63,6,Slider,3,2,2,3,2,3,2,3,Infield shade,Standard,36.0,0.039,-0.182,,,,,0.182,,1,-1,0.924,0.076,27,27,28,28,1,3,2.0,1.0,2.0,1.0,3.23,-0.97,0.97,38.8,,,,,,Slider,True
FF,2026-08-10,102.3,-1.22,6.31,"Miller, Mason",669003,695243,,foul,,,,,1.0,,R,L,R,SD,MIL,S,,,1,2,2026,-0.51,1.11,-0.4008399374793417,2.8282556686989793,,,,1,9,Top,,,,,,,3.544030374649731,-148.89081974682918,-7.14469405216529,-8.475978338736711,34.42170663107677,-14.121147216355808,3.292847769,1.661811024,283.0,90.5,41.0,103.0,2450.0,6.6,823265,666023,664034,630105,592518,823550,687749,701538,665487,53.94,,,,,,,,63,5,4-Seam Fastball,3,2,2,3,2,3,2,3,Infield shade,Standard,207.0,0.0,0.0,73.2,6.1,,,0.0,90.5,1,-1,0.924,0.076,27,27,28,28,1,3,2.0,1.0,2.0,1.0,1.06,0.51,-0.51,40.3,-5.355860678566015,31.21487813797451,25.460131371795345,40.31754968204787,15.370454506150931,Four-seam,False
SL,2026-08-10,88.1,-1.56,6.09,"Miller, Mason",669003,695243,,ball,,,,,13.0,,R,L,R,SD,MIL,B,,,0,2,2026,0.86,-0.48,-1.2049582748374,2.0121255289938365,,,,1,9,Top,,,,,,,-0.9801952669069436,-128.29559213434823,-2.551447793171614,9.730210623876271,27.47378264766791,-37.13307867803912,3.292847769,1.661811024,,,,88.7,2241.0,6.7,823265,666023,664034,630105,592518,823550,687749,701538,665487,53.83,,,,,,,,63,4,Slider,3,2,2,3,2,3,2,3,Infield shade,Standard,33.0,-0.006,0.019,,,,,-0.019,,1,-1,0.93,0.07,27,27,28,28,1,3,2.0,1.0,2.0,1.0,3.42,-0.86,0.86,35.9,,,,,,Slider,False
FF,2026-08-10,101.5,-1.13,6.24,"Miller, Mason",669003,695243,,foul,,,,,6.0,,R,L,R,SD,MIL,S,,,0,2,2026,-0.54,1.47,0.5079320592515519,2.2422363658510385,,,,1,9,Top,,,,,,,5.88060916572806,-147.43191502058798,-9.258672041359064,-9.35413336934224,36.20454452373478,-8.753661529245955,3.292847769,1.661811024,173.0,78.1,62.0,102.1,2466.0,6.8,823265,666023,664034,630105,592518,823550,687749,701538,665487,53.71,,,,,,,,63,3,4-Seam Fastball,3,2,2,3,2,3,2,3,Infield shade,Standard,204.0,0.0,0.0,79.7,7.1,,,0.0,88.0,1,-1,0.93,0.07,27,27,28,28,1,3,2.0,1.0,2.0,1.0,0.76,0.54,-0.54,42.9,1.16231743538631,4.359882411118409,34.93553055012388,30.492950386646005,30.05410094746012,Four-seam,False
SL,2026-08-10,88.7,-1.36,6.08,"Miller, Mason",669003,695243,,swinging_strike,,,,,14.0,,R,L,R,SD,MIL,S,,,0,1,2026,0.67,-0.3,0.3881585243767241,1.5330295300061223,,,,1,9,Top,,,,,,,2.8361796092303004,-129.06179206670507,-4.13408841336357,6.749925104096734,29.634686180713096,-34.76868372457718,3.292847769,1.661811024,,,,89.3,2317.0,6.9,823265,666023,664034,630105,592518,823550,687749,701538,665487,53.62,,,,,,,,63,2,Slider,3,2,2,3,2,3,2,3,Infield shade,Standard,40.0,0.014,-0.057,75.9,8.8,1.142997228,,0.057,,1,-1,0.916,0.084,27,27,28,28,1,3,2.0,1.0,2.0,1.0,3.22,-0.67,0.67,37.1,17.92009387520391,-32.86917185669546,28.116672446947813,33.67934952492426,51.80093366002568,Slider,False
SL,2026-08-10,87.4,-1.34,6.13,"Miller, Mason",669003,695243,,called_strike,,,,,1.0,,R,L,R,SD,MIL,S,,,0,0,2026,0.51,-0.21,-0.4313119520975834,2.8338008450297725,,,,1,9,Top,,,,,,,1.1031689519554604,-127.2890866539498,-1.1120318532080342,5.22977096051773,28.25076830974126,-34.39880411118368,3.292847769,1.661811024,,,,88.0,2205.0,6.8,823265,666023,664034,630105,592518,823550,687749,701538,665487,53.72,,,,,,,,63,1,Slider,3,2,2,3,2,3,2,3,Infield shade,Standard,35.0,0.008,-0.041,,,,,0.041,,1,-1,0.908,0.092,27,27,28,28,1,3,2.0,1.0,2.0,1.0,3.21,-0.51,0.51,36.6,,,,,,Slider,False
FF,2026-08-10,102.7,-1.35,6.29,"Miller, Mason",683734,695243,field_out,hit_into_play,,,,,1.0,"Andrew Vaughn grounds out softly, pitcher Mason Miller to first baseman Ty France.",R,R,R,SD,MIL,X,1.0,ground_ball,2,2,2026,-0.83,1.18,-0.8100461071860616,2.7078214452220033,,,,0,9,Top,126.85,175.26,,,,,3.581437313538683,-149.43356827662495,-7.619633003125337,-13.252155151082532,37.6029928390592,-12.852579221107288,3.127854331,1.578543307,3.0,53.3,-37.0,103.3,2491.0,6.7,823265,666023,664034,630105,592518,823550,687749,701538,665487,53.78,0.14,0.126,0.0,1.0,0.0,0.0,1.0,62,5,4-Seam Fastball,3,2,2,3,2,3,2,3,Standard,Standard,208.0,0.062,-0.232,57.2,5.3,,0.14,0.232,88.0,1,-1,0.846,0.154,27,28,28,28,1,3,2.0,1.0,2.0,1.0,0.99,0.83,0.83,38.5,-13.0584485947233,27.239080989915863,36.861407206603864,25.020035157328863,14.921445591040502,Four-seam,True
FF,2026-08-10,102.3,-1.31,6.23,"Miller, Mason",683734,695243,,called_strike,,,,,14.0,,R,R,R,SD,MIL,S,,,2,1,2026,-0.82,1.22,1.011320541781083,1.9892083921793535,,,,0,9,Top,,,,,,,8.522963190218846,-148.47077374572885,-9.474898045644782,-14.223425415357152,35.56037184495827,-12.047819717292814,3.127854331,1.578543307,,,,102.9,2525.0,6.7,823265,666023,664034,630105,592518,823550,687749,701538,665487,53.77,,,,,,,,62,4,4-Seam Fastball,3,2,2,3,2,3,2,3,Standard,Standard,204.0,0.023,-0.078,,,,,0.078,,1,-1,0.823,0.177,27,28,28,28,1,3,2.0,1.0,2.0,1.0,0.97,0.82,0.82,39.1,,,,,,Four-seam,False
FF,2026-08-10,102.0,-1.22,6.29,"Miller, Mason",683734,695243,,ball,,,,,14.0,,R,R,R,SD,MIL,B,,,1,1,2026,-0.55,1.44,1.0304151529027727,1.9016844591884283,,,,0,9,Top,,,,,,,7.624474246995533,-148.0189331653433,-10.375115170282088,-9.85285333172453,35.48890832084333,-8.710408840596205,3.127854331,1.578543307,,,,102.6,2542.0,6.8,823265,666023,664034,630105,592518,823550,687749,701538,665487,53.73,,,,,,,,62,3,4-Seam Fastball,3,2,2,3,2,3,2,3,Standard,Standard,207.0,-0.016,0.063,,,,,-0.063,,1,-1,0.839,0.161,27,28,28,28,1,3,2.0,1.0,2.0,1.0,0.77,0.55,0.55,40.6,,,,,,Four-seam,False
SL,2026-08-10,88.0,-1.42,6.17,"Miller, Mason",683734,695243,,called_strike,,,,,9.0,,R,R,R,SD,MIL,S,,,1,0,2026,1.0,-0.36,0.3865490369128069,2.018721628903918,,,,0,9,Top,,,,,,,2.2017169571354884,-128.09088044037657,-2.9315066965899934,10.496685197770733,28.51847049872482,-35.70552772202462,3.127854331,1.578543307,,,,88.1,2426.0,6.5,823265,666023,664034,630105,592518,823550,687749,701538,665487,53.97,,,,,,,,62,2,Slider,3,2,2,3,2,3,2,3,Standard,Standard,38.0,0.016,-0.055,,,,,0.055,,1,-1,0.823,0.177,27,28,28,28,1,3,2.0,1.0,2.0,1.0,3.32,-1.0,-1.0,41.8,,,,,,Slider,False
SL,2026-08-10,87.5,-1.39,6.14,"Miller, Mason",683734,695243,,ball,,,,,13.0,,R,R,R,SD,MIL,B,,,0,0,2026,0.41,-0.14,-1.0588447936286327,1.93715277723666,,,,0,9,Top,,,,,,,-0.0728580173145772,-127.43251728326432,-3.489839676091182,4.431415832400934,26.849511636204255,-33.196668317359155,3.127854331,1.578543307,,,,88.3,2327.0,6.8,823265,666023,664034,630105,592518,823550,687749,701538,665487,53.72,,,,,,,,62,1,Slider,3,2,2,3,2,3,2,3,Standard,Standard,29.0,-0.012,0.042,,,,,-0.042,,1,-1,0.835,0.165,27,28,28,28,1,3,2.0,1.0,2.0,1.0,3.12,-0.41,-0.41,36.7,,,,,,Slider,False
SL,2026-08-08,88.4,-1.31,6.13,"Miller, Mason",664774,695243,field_out,hit_into_play,,,,,7.0,"LaMonte Wade Jr. grounds out, third baseman Manny Machado to first baseman Ty France.",R,L,R,SD,HOU,X,5.0,ground_ball,1,2,2026,0.67,-0.36,-0.6651128208593641,1.496430785102512,,,673237.0,2,9,Top,108.46,167.24,,,,,0.1269359529889426,-128.6249154652653,-4.142640814110987,7.330482561337802,29.828434255576123,-35.43580978654979,3.161204068,1.595374016,3.0,89.9,-26.0,88.8,2362.0,6.8,823267,669134,664034,630105,592518,593428,687749,701538,665487,53.67,0.045,0.04,0.0,1.0,0.0,0.0,2.0,70,4,Slider,3,2,2,3,2,3,2,3,Infield shade,Standard,33.0,0.055,-0.194,64.9,6.0,,0.054,0.194,89.9,1,-1,0.945,0.055,27,32,28,32,1,0,2.0,3.0,2.0,1.0,3.31,-0.67,0.67,46.9,-19.95946446170416,24.465641463266792,36.65281547415583,37.56616777523224,16.92550835825237,Slider,True
FF,2026-08-08,101.7,-1.35,6.34,"Miller, Mason",664774,695243,,foul,,,,,2.0,,R,L,R,SD,HOU,S,,,1,1,2026,-0.38,1.42,0.1416674955977365,2.999770065128238,,,673237.0,2,9,Top,,,,,,,5.110174987409762,-147.8185776016348,-7.341120798240858,-6.809198880194543,37.51778040627546,-9.82248302996058,3.161204068,1.595374016,173.0,84.8,13.0,102.4,2370.0,6.9,823267,669134,664034,630105,592518,593428,687749,701538,665487,53.65,,,,,,,,70,3,4-Seam Fastball,3,2,2,3,2,3,2,3,Infield shade,Standard,196.0,0.02,-0.069,67.3,5.6,,,0.069,88.0,1,-1,0.925,0.075,27,32,28,32,1,0,2.0,3.0,2.0,1.0,0.8,0.38,-0.38,42.9,-2.157813345468294,21.39256660168313,29.546997075780578,28.284013184824715,22.271241595074784,Four-seam,False
FF,2026-08-08,101.3,-1.42,6.23,"Miller, Mason",664774,695243,,ball,,,,,11.0,,R,L,R,SD,HOU,B,,,0,1,2026,-0.43,1.35,-0.1437457950708471,3.8506812378829447,,,673237.0,2,9,Top,,,,,,,4.623985211664336,-147.4502821244313,-4.482116014548142,-7.376281810651951,37.543917137770066,-11.61842268670317,3.161204068,1.595374016,,,,102.5,2319.0,7.1,823267,669134,664034,630105,592518,593428,687749,701538,665487,53.4,,,,,,,,70,2,4-Seam Fastball,3,2,2,3,2,3,2,3,Infield shade,Standard,203.0,-0.008,0.028,,,,,-0.028,,1,-1,0.933,0.067,27,32,28,32,1,0,2.0,3.0,2.0,1.0,0.88,0.43,-0.43,40.2,,,,,,Four-seam,False
FF,2026-08-08,101.7,-1.25,6.18,"Miller, Mason",664774,695243,,called_strike,,,,,4.0,,R,L,R,SD,HOU,S,,,0,0,2026,-0.27,1.22,-0.4690768014068467,2.357779700861429,,,673237.0,2,9,Top,,,,,,,2.85671798836888,-147.84078551025047,-8.253003786369646,-4.630874764512317,36.297499358199914,-12.510112042084431,3.161204068,1.595374016,,,,102.8,2541.0,7.0,823267,669134,664034,630105,592518,593428,687749,701538,665487,53.5,,,,,,,,70,1,4-Seam Fastball,3,2,2,3,2,3,2,3,Infield shade,Standard,209.0,0.012,-0.041,,,,,0.041,,1,-1,0.921,0.079,27,32,28,32,1,0,2.0,3.0,2.0,1.0,0.99,0.27,-0.27,40.8,,,,,,Four-seam,False
SL,2026-08-08,88.5,-1.33,6.13,"Miller, Mason",673237,695243,single,hit_into_play,,,,,14.0,Yainer Diaz singles on a line drive to left fielder Jase Bowen. Christian Walker scores.,R,R,R,SD,HOU,X,7.0,line_drive,0,2,2026,0.5,-0.21,0.6889847922960992,1.2315277074758382,572233.0,,,2,9,Top,85.15,115.76,,,,,3.832102643115525,-128.74890369486616,-5.132973075418928,4.627068092509416,30.305343152245623,-33.491812842589326,3.161204068,1.595374016,232.0,77.0,19.0,89.1,2222.0,7.0,823267,669134,664034,630105,592518,593428,687749,701538,665487,53.53,0.989,0.904,0.9,1.0,1.0,0.0,4.0,69,3,Slider,3,1,1,3,2,3,2,3,Strategic,Standard,31.0,-0.055,0.798,69.5,8.0,,1.065,-0.798,88.0,2,-2,0.976,0.024,27,27,28,28,1,1,2.0,1.0,2.0,1.0,3.15,-0.5,-0.5,39.8,13.14931097726035,-9.322961675181077,31.082268508528408,43.88012070173119,41.12530593202432,Slider,True
SL,2026-08-08,88.9,-1.31,6.13,"Miller, Mason",673237,695243,,foul,,,,,5.0,,R,R,R,SD,HOU,S,,,0,1,2026,0.72,-0.16,0.0558059753651473,2.0951364058766786,572233.0,,,2,9,Top,,,,,,,1.793016351497144,-129.47326452172976,-3.246033904012269,7.633048830769827,29.63169657758772,-33.43325534775467,3.161204068,1.595374016,4.0,74.5,-31.0,89.6,2114.0,6.9,823267,669134,664034,630105,592518,593428,687749,701538,665487,53.6,,,,,,,,69,2,Slider,3,1,1,3,1,3,1,3,Strategic,Standard,50.0,0.01,-0.06,81.3,7.2,,,0.06,88.0,2,-2,0.966,0.034,27,27,28,28,1,1,2.0,1.0,2.0,1.0,3.06,-0.72,-0.72,39.4,10.305070806507556,-6.557950489706187,28.188393338912583,36.435961270024464,38.46634272203583,Slider,False
FF,2026-08-08,102.2,-1.22,6.21,"Miller, Mason",673237,695243,,foul,,,,,8.0,,R,R,R,SD,HOU,S,,,0,0,2026,-0.7,1.36,-0.1522385064409086,1.9358443730963728,572233.0,,,2,9,Top,,,,,,,4.751587355243112,-148.5287132858287,-9.963450383702211,-11.554221702639706,36.42315348701499,-9.834250750936237,3.161204068,1.595374016,192.0,70.8,51.0,103.4,2551.0,7.1,823267,669134,664034,630105,592518,593428,687749,701538,665487,53.42,,,,,,,,69,1,4-Seam Fastball,3,1,1,3,1,3,1,3,Strategic,Standard,196.0,0.006,-0.034,71.8,7.2,,,0.034,88.0,2,-2,0.96,0.04,27,27,28,28,1,1,2.0,1.0,2.0,1.0,0.83,0.7,0.7,41.0,-1.898301694289512,6.640760128230245,33.771568168940654,34.95257266647678,23.977500273838903,Four-seam,False
SL,2026-08-08,88.6,-1.26,6.12,"Miller, Mason",701358,695243,strikeout,called_strike,,,,,6.0,Cam Smith called out on strikes.,R,R,R,SD,HOU,S,2.0,,1,2,2026,0.34,-0.41,0.4693332826811468,2.604303381283684,572233.0,,,1,9,Top,,,,,,,3.461024658286772,-128.98527690644534,-1.379496512746386,3.0286203435153967,29.20913949558304,-36.61307294115331,3.348138123,1.689714567,,,,89.1,2172.0,6.8,823267,669134,664034,630105,592518,593428,687749,701538,665487,53.71,,0.0,0.0,1.0,0.0,0.0,,68,4,Slider,3,1,1,3,1,3,1,3,Strategic,Standard,28.0,0.046,-0.302,,,,,0.302,,2,-2,0.914,0.086,27,23,28,23,1,3,2.0,1.0,2.0,2.0,3.33,-0.34,-0.34,38.2,,,,,,Slider,True
FF,2026-08-08,102.1,-1.11,6.33,"Miller, Mason",701358,695243,,called_strike,,,,,8.0,,R,R,R,SD,HOU,S,,,1,1,2026,-0.53,1.27,0.2652625014515972,1.980802562724138,572233.0,,,1,9,Top,,,,,,,5.156334251270609,-148.3146115000767,-9.869158411964472,-9.074494212243872,35.669723146056775,-11.26669376317416,3.348138123,1.689714567,,,,102.7,2427.0,6.7,823267,669134,664034,630105,592518,593428,687749,701538,665487,53.78,,,,,,,,68,3,4-Seam Fastball,3,1,1,3,1,3,1,3,Strategic,Standard,204.0,0.016,-0.11,,,,,0.11,,2,-2,0.898,0.102,27,23,28,23,1,3,2.0,1.0,2.0,2.0,0.93,0.53,0.53,43.0,,,,,,Four-seam,False
SL,2026-08-08,87.8,-1.41,6.13,"Miller, Mason",701358,695243,,foul,,,,,8.0,,R,R,R,SD,HOU,S,,,1,0,2026,0.35,-0.36,-0.0252939155704631,1.7118097528118548,572233.0,,,1,9,Top,,,,,,,2.6096129582925265,-127.923963235247,-3.630960733136974,3.257991613966903,26.77321637638732,-35.52439286498776,3.348138123,1.689714567,167.0,87.7,13.0,89.0,2275.0,7.0,823267,669134,664034,630105,592518,593428,687749,701538,665487,53.53,,,,,,,,68,2,Slider,3,1,1,3,1,3,1,3,Strategic,Standard,30.0,0.011,-0.05,80.8,8.3,,,0.05,88.0,2,-2,0.887,0.113,27,23,28,23,1,3,2.0,1.0,2.0,2.0,3.31,-0.35,-0.35,38.4,18.542545501698157,-28.959420986463464,32.941466779171954,36.75685869653104,47.52214759129781,Slider,False
SL,2026-08-08,86.5,-1.36,6.18,"Miller, Mason",701358,695243,,ball,,,,,11.0,,R,R,R,SD,HOU,B,,,0,0,2026,1.02,-0.14,-0.7175758810645154,4.695618696343935,572233.0,,,1,9,Top,,,,,,,-0.6119201827974603,-125.89008037725694,3.22041588933872,10.928654041545387,28.92149986971229,-34.58733655460966,3.348138123,1.689714567,,,,86.5,2065.0,6.6,823267,669134,664034,630105,592518,593428,687749,701538,665487,53.9,,,,,,,,68,1,Slider,3,1,1,3,1,3,1,3,Strategic,Standard,41.0,-0.008,0.023,,,,,-0.023,,2,-2,0.895,0.105,27,23,28,23,1,3,2.0,1.0,2.0,2.0,3.21,-1.02,-1.02,36.9,,,,,,Slider,False
SL,2026-08-08,87.4,-1.53,6.07,"Miller, Mason",662139,695243,field_out,hit_into_play,,,,,14.0,"Daulton Varsho grounds out, first baseman Ty France to pitcher Mason Miller. Christian Walker to 3rd.",R,L,R,SD,HOU,X,3.0,ground_ball,3,2,2026,0.66,-0.45,0.4857633790673175,1.3451507587300582,,572233.0,,0,9,Top,161.34,154.05,,,,,3.4284484715307735,-127.0846322870055,-3.911015271817106,6.197852598850696,31.339903823332516,-36.2735286265972,3.036581365,1.532480315,9.0,88.1,-9.0,87.3,2308.0,6.7,823267,669134,664034,630105,592518,593428,687749,701538,665487,53.79,0.183,0.179,0.0,1.0,0.0,0.0,2.0,67,7,Slider,3,1,1,3,1,3,1,3,Strategic,Standard,32.0,0.083,-0.266,65.8,7.7,,0.214,0.266,88.1,2,-2,0.812,0.188,27,29,28,30,1,3,2.0,1.0,2.0,1.0,3.49,-0.66,0.66,37.4,13.038674833385194,-1.1018901728753172,35.61874724947466,29.360436961562655,24.185860763634672,Slider,True
FF,2026-08-08,102.0,-1.29,6.25,"Miller, Mason",662139,695243,,foul,,,,,3.0,,R,L,R,SD,HOU,S,,,3,2,2026,-0.68,1.07,0.6996422669701697,2.6624467919439025,,572233.0,,0,9,Top,,,,,,,7.324809292046724,-148.29068715255704,-7.3245717133483375,-11.881864814386956,36.839357234768755,-14.735669179843724,3.036581365,1.532480315,137.0,82.6,9.0,103.5,2552.0,7.2,823267,669134,664034,630105,592518,593428,687749,701538,665487,53.27,,,,,,,,67,6,4-Seam Fastball,3,1,1,3,1,3,1,3,Strategic,Standard,203.0,0.0,0.0,72.4,6.7,,,0.0,88.0,2,-2,0.812,0.188,27,29,28,30,1,3,2.0,1.0,2.0,1.0,1.13,0.68,-0.68,37.7,1.3942284356058163,10.358511863372255,30.28291086150192,26.953508560274585,18.68070577957879,Four-seam,False
FF,2026-08-08,102.0,-1.31,6.29,"Miller, Mason",662139,695243,,foul_tip,,,,,2.0,,R,L,R,SD,HOU,S,,,3,1,2026,-0.51,1.55,0.1920803125061252,2.8536429546398083,,572233.0,,0,9,Top,,,,,,,5.489999229080725,-148.19797296384672,-7.999779802211925,-8.898156265494878,38.292529774407626,-7.634746956856279,3.036581365,1.532480315,,,,102.9,2535.0,7.1,823267,669134,664034,630105,592518,593428,687749,701538,665487,53.44,,,,,,,,67,5,4-Seam Fastball,3,1,1,3,1,3,1,3,Strategic,Standard,204.0,0.026,-0.06,76.4,6.9,,,0.06,,2,-2,0.786,0.214,27,29,28,30,1,3,2.0,1.0,2.0,1.0,0.66,0.51,-0.51,42.4,0.121231439159365,19.950290041411417,28.212561675273776,33.686485492620626,13.417368168553224,Four-seam,False
SL,2026-08-08,88.0,-1.47,6.06,"Miller, Mason",662139,695243,,ball,,,,,14.0,,R,L,R,SD,HOU,B,,,2,1,2026,0.63,-0.34,0.6970157343309227,-0.1227140466115255,,,572233.0,0,9,Top,,,,,,,3.8865838416551695,-127.8288072840217,-7.7947450720579265,5.856350619663028,30.72043582231846,-34.2573906410596,3.036581365,1.532480315,,,,88.1,2381.0,6.8,823267,669134,664034,630105,592518,593428,687749,701538,665487,53.7,,,,,,,,67,4,Slider,3,1,1,3,1,3,1,3,Standard,Standard,27.0,-0.046,0.117,,,,,-0.117,,2,-2,0.832,0.168,27,29,28,30,1,3,2.0,1.0,2.0,1.0,3.34,-0.63,0.63,37.2,,,,,,Slider,False
SL,2026-08-08,86.8,-1.53,6.16,"Miller, Mason",662139,695243,,ball,,,,,1.0,,R,L,R,SD,HOU,B,,,1,1,2026,0.44,-0.3,-0.7732006060977183,2.588000787050139,,,572233.0,0,9,Top,,,,,,,0.8736044388460066,-126.45740236831476,-1.491000074950536,4.48791789024877,27.566608913747555,-35.250470513367766,3.036581365,1.532480315,,,,87.3,2191.0,6.7,823267,669134,664034,630105,592518,593428,687749,701538,665487,53.78,,,,,,,,67,3,Slider,3,1,1,3,1,3,1,3,Standard,Standard,32.0,-0.015,0.059,,,,,-0.059,,2,-2,0.847,0.153,27,29,28,30,1,3,2.0,1.0,2.0,1.0,3.33,-0.44,0.44,37.5,,,,,,Slider,False
FF,2026-08-08,101.1,-1.43,6.26,"Miller, Mason",662139,695243,,foul,,,,,11.0,,R,L,R,SD,HOU,S,,,1,0,2026,-0.55,1.37,-0.7308929803053194,3.371817539368429,,,572233.0,0,9,Top,,,,,,,3.2848209636487846,-147.169274303211,-5.91255642284895,-8.84021424029339,36.076582614948606,-11.028472604891151,3.036581365,1.532480315,229.0,82.6,54.0,101.8,2351.0,6.7,823267,669134,664034,630105,592518,593428,687749,701538,665487,53.78,,,,,,,,67,2,4-Seam Fastball,3,1,1,3,1,3,1,3,Standard,Standard,201.0,0.015,-0.052,66.4,6.8,,,0.052,88.0,2,-2,0.832,0.168,27,29,28,30,1,3,2.0,1.0,2.0,1.0,0.86,0.55,-0.55,40.9,4.116691130257214,20.674568580191252,17.56206387758537,44.1313079710245,15.311160899999956,Four-seam,False
FF,2026-08-08,100.4,-1.63,6.14,"Miller, Mason",662139,695243,,ball,,,,,11.0,,R,L,R,SD,HOU,B,,,0,0,2026,-0.42,1.06,-1.101199256719573,3.2084234564298155,,,572233.0,0,9,Top,,,,,,,2.492358572757709,-146.10191720159742,-5.1306022264614395,-6.651269532924779,36.10249417230638,-15.964192506096234,3.036581365,1.532480315,,,,101.0,2320.0,6.7,823267,669134,664034,630105,592518,593428,687749,701538,665487,53.76,,,,,,,,67,1,4-Seam Fastball,3,1,1,3,1,3,1,3,Standard,Standard,206.0,-0.012,0.037,,,,,-0.037,,2,-2,0.844,0.156,27,29,28,30,1,3,2.0,1.0,2.0,1.0,1.21,0.42,-0.42,36.7,,,,,,Four-seam,False
FF,2026-08-08,101.6,-1.38,6.39,"Miller, Mason",572233,695243,hit_by_pitch,hit_by_pitch,,,,,11.0,Christian Walker hit by pitch.,R,R,R,SD,HOU,B,,,2,1,2026,-0.42,1.6,-1.5556727298836788,4.452751844951258,,,,0,9,Top,,,,,,,0.5352691002894079,-147.8283353229116,-3.820520291467504,-6.268166597548953,39.90292681523771,-8.218338236061324,3.178756562,1.604232283,,,,101.7,2530.0,6.6,823267,669134,664034,630105,592518,593428,687749,701538,665487,53.86,,0.729366,0.7,1.0,0.0,0.0,,66,4,4-Seam Fastball,3,1,1,3,1,3,1,3,Strategic,Standard,203.0,-0.072,0.396,,,,,-0.396,,2,-2,0.916,0.084,27,35,28,35,1,3,2.0,1.0,2.0,1.0,0.64,0.42,0.42,42.1,,,,,,Four-seam,True
FF,2026-08-08,100.5,-1.37,6.26,"Miller, Mason",572233,695243,,swinging_strike,,,,,2.0,,R,R,R,SD,HOU,S,,,2,0,2026,-0.45,1.61,0.0320844948981739,2.869187270357554,,,,0,9,Top,,,,,,,4.95546208301163,-146.03052251204744,-7.693756694254693,-7.664147619094016,38.89864206917133,-7.525729836185356,3.178756562,1.604232283,,,,100.7,2565.0,6.8,823267,669134,664034,630105,592518,593428,687749,701538,665487,53.71,,,,,,,,66,3,4-Seam Fastball,3,1,1,3,1,3,1,3,Strategic,Standard,203.0,0.016,-0.073,76.4,7.3,1.58794404,,0.073,,2,-2,0.9,0.1,27,35,28,35,1,3,2.0,1.0,2.0,1.0,0.68,0.45,0.45,39.6,8.130954393921384,-0.4334282208982332,23.88635321039354,36.17147351171096,24.15974872142498,Four-seam,False
SL,2026-08-08,87.9,-1.54,6.18,"Miller, Mason",572233,695243,,ball,,,,,12.0,,R,R,R,SD,HOU,B,,,1,0,2026,0.97,-0.33,0.5207730477907958,3.3977346685310104,,,,0,9,Top,,,,,,,2.884482702312834,-127.89154909374189,0.4049311540901166,9.785398445216607,31.823838656703987,-36.06634432082985,3.178756562,1.604232283,,,,87.4,2522.0,6.5,823267,669134,664034,630105,592518,593428,687749,701538,665487,54.02,,,,,,,,66,2,Slider,3,1,1,3,1,3,1,3,Strategic,Standard,35.0,-0.016,0.082,,,,,-0.082,,2,-2,0.916,0.084,27,35,28,35,1,3,2.0,1.0,2.0,1.0,3.33,-0.97,-0.97,37.6,,,,,,Slider,False
FF,2026-08-08,101.0,-1.47,6.43,"Miller, Mason",572233,695243,,ball,,,,,11.0,,R,R,R,SD,HOU,B,,,0,0,2026,-0.57,1.55,-0.5490291735403179,4.6322743552211305,,,,0,9,Top,,,,,,,3.944061551385069,-146.9520517918435,-3.227383403693584,-9.29211625277714,39.685228148204054,-9.329056819093603,3.178756562,1.604232283,,,,100.9,2481.0,6.5,823267,669134,664034,630105,592518,593428,687749,701538,665487,53.95,,,,,,,,66,1,4-Seam Fastball,3,1,1,3,1,3,1,3,Strategic,Standard,201.0,-0.008,0.042,,,,,-0.042,,2,-2,0.924,0.076,27,35,28,35,1,3,2.0,1.0,2.0,1.0,0.71,0.57,0.57,40.9,,,,,,Four-seam,False
SL,2026-08-06,88.5,-1.31,6.21,"Miller, Mason",694374,695243,strikeout,swinging_strike,,,,,14.0,Tim Tawa strikes out swinging.,R,R,R,AZ,SD,S,2.0,,1,2,2026,0.28,-0.37,0.909123983346632,1.549712937957796,,596146.0,,2,9,Bot,,,,,,,4.798349532183116,-128.82033598456513,-4.291609471622924,2.131366759788335,26.7406906313154,-35.633808413384116,3.162959318,1.596259843,,,,89.6,2173.0,6.9,825053,666023,664034,630105,592518,593428,687749,701538,665487,53.55,,0.0,0.0,1.0,0.0,0.0,,76,4,Slider,1,5,1,5,5,1,1,5,Standard,Standard,34.0,-0.005,-0.191,66.3,8.3,9.046265604,,0.191,,-4,-4,0.005,0.005,27,27,28,27,1,3,5.0,1.0,2.0,1.0,3.28,-0.28,-0.28,40.4,22.074469366435803,-34.59776122932159,28.23678907413721,44.87914286200905,50.58958374903096,Slider,True
SL,2026-08-06,87.9,-1.22,6.21,"Miller, Mason",694374,695243,,swinging_strike_blocked,,,,,14.0,,R,R,R,AZ,SD,S,,,1,1,2026,0.53,-0.39,0.390894730058922,0.0979571079046452,,596146.0,,2,9,Bot,,,,,,,2.7538310997995588,-127.7528038115248,-7.53368551954913,5.102722204543484,29.2163575763457,-34.96495341467134,3.162959318,1.596259843,,,,88.1,2183.0,6.7,825053,666023,664034,630105,592518,593428,687749,701538,665487,53.79,,,,,,,,76,3,Slider,1,5,1,5,5,1,1,5,Standard,Standard,28.0,0.0,-0.069,64.0,8.6,16.09727592,,0.069,,-4,-4,0.005,0.005,27,27,28,27,1,3,5.0,1.0,2.0,1.0,3.38,-0.53,-0.53,44.9,27.11089858228559,-43.99079941715886,38.95291056623713,38.60188741150164,57.55552963141894,Slider,False
SL,2026-08-06,88.2,-1.33,6.2,"Miller, Mason",694374,695243,,ball,,,,,11.0,,R,R,R,AZ,SD,B,,,0,1,2026,0.54,-0.21,-1.0857977616872911,2.5420186219324674,,,596146.0,2,9,Bot,,,,,,,-0.5683696197924242,-128.48993674164092,-2.1043269694356717,6.0977427507712365,28.28680716387406,-34.29308351800178,3.162959318,1.596259843,,,,88.7,2116.0,6.7,825053,666023,664034,630105,592518,593428,687749,701538,665487,53.79,,,,,,,,76,2,Slider,1,5,1,5,5,1,1,5,Standard,Standard,40.0,0.0,0.028,,,,,-0.028,,-4,-4,0.005,0.005,27,27,28,27,1,3,5.0,1.0,2.0,1.0,3.15,-0.54,-0.54,40.1,,,,,,Slider,False
FF,2026-08-06,101.4,-1.4,6.38,"Miller, Mason",694374,695243,,foul,,,,,1.0,,R,R,R,AZ,SD,S,,,0,0,2026,-0.41,1.03,-0.4791955295827839,2.792324980271439,,,596146.0,2,9,Bot,,,,,,,3.5680012809343533,-147.62757638766638,-7.090119616891539,-6.770455402517617,33.569548997458305,-15.678537491926896,3.162959318,1.596259843,,,,102.6,2305.0,6.8,825053,666023,664034,630105,592518,593428,687749,701538,665487,53.69,,,,,,,,76,1,4-Seam Fastball,1,5,1,5,5,1,1,5,Standard,Standard,200.0,0.0,-0.041,73.2,6.4,,,0.041,,-4,-4,0.005,0.005,27,27,28,27,1,3,5.0,1.0,2.0,1.0,1.18,0.41,0.41,40.1,6.765727406186757,3.8443964567415367,30.28060769151138,30.441898076671063,26.01332977972457,Four-seam,False
FF,2026-08-06,102.0,-1.25,6.33,"Miller, Mason",596146,695243,single,hit_into_play,,,,,2.0,Max Kepler singles on a ground ball to right fielder Fernando Tatis Jr.,R,L,R,AZ,SD,X,9.0,ground_ball,3,2,2026,-0.47,1.23,-0.0272943428606455,3.1869579303616957,,,,2,9,Bot,178.6,106.39,,,,,4.590736586359798,-148.40022973072124,-6.42303929669985,-8.054078242856285,34.95895118994953,-12.690880052720631,3.376222113,1.703887795,56.0,106.6,0.0,103.0,2588.0,6.8,825053,666023,664034,630105,592518,593428,687749,701538,665487,53.69,0.491,0.451,0.9,1.0,1.0,0.0,4.0,75,6,4-Seam Fastball,1,5,1,5,5,1,1,5,Infield shade,Standard,201.0,0.003,0.285,70.0,6.8,,0.537,-0.285,106.6,-4,-4,0.002,0.002,27,33,28,33,1,3,5.0,2.0,2.0,1.0,0.96,0.47,-0.47,41.2,4.1512847898768745,-4.705924923669146,23.45899068899357,37.611207474665,33.32205419345969,Four-seam,True
FF,2026-08-06,103.0,-1.49,6.16,"Miller, Mason",596146,695243,,ball,,,,,14.0,,R,L,R,AZ,SD,B,,,2,2,2026,-0.57,1.35,0.5971410366685338,0.856364205161253,,,,2,9,Bot,,,,,,,7.316493500294297,-149.33808093273856,-12.996162517026937,-10.225452249678034,34.111647091262924,-8.97595546372088,3.376222113,1.703887795,,,,104.0,2497.0,6.9,825053,666023,664034,630105,592518,593428,687749,701538,665487,53.6,,,,,,,,75,5,4-Seam Fastball,1,5,1,5,5,1,1,5,Infield shade,Standard,204.0,0.001,0.082,,,,,-0.082,,-4,-4,0.001,0.001,27,33,28,33,1,3,5.0,2.0,2.0,1.0,0.8,0.57,-0.57,39.7,,,,,,Four-seam,False
FF,2026-08-06,101.8,-1.39,6.28,"Miller, Mason",596146,695243,,swinging_strike,,,,,5.0,,R,L,R,AZ,SD,S,,,2,1,2026,-0.39,1.38,-0.0918336874101481,2.7867208864433164,,,,2,9,Bot,,,,,,,4.590399290799587,-148.08080757485865,-7.744720481430825,-6.774727871646348,34.371344585903614,-10.179892493180606,3.376222113,1.703887795,,,,102.7,2579.0,6.8,825053,666023,664034,630105,592518,593428,687749,701538,665487,53.75,,,,,,,,75,4,4-Seam Fastball,1,5,1,5,5,1,1,5,Infield shade,Standard,205.0,0.0,-0.079,73.1,6.9,0.304730796,,0.079,,-4,-4,0.001,0.001,27,33,28,33,1,3,5.0,2.0,2.0,1.0,0.81,0.39,-0.39,42.2,-0.2212983203649672,5.585730066043687,32.305016150589886,38.579750828909674,24.889912551093452,Four-seam,False
FF,2026-08-06,102.2,-1.53,6.28,"Miller, Mason",596146,695243,,foul,,,,,5.0,,R,L,R,AZ,SD,S,,,2,0,2026,-0.43,1.41,-0.1463287563346788,2.617022582718075,,,,2,9,Bot,,,,,,,4.92369809046391,-148.63289929787473,-8.356688895357028,-7.512096756275116,34.420051547136126,-9.400914252571855,3.376222113,1.703887795,193.0,83.9,64.0,103.0,2566.0,6.7,825053,666023,664034,630105,592518,593428,687749,701538,665487,53.81,,,,,,,,75,3,4-Seam Fastball,1,5,1,5,5,1,1,5,Infield shade,Standard,209.0,-0.001,-0.065,73.7,7.4,,,0.065,88.0,-4,-4,0.002,0.002,27,33,28,33,1,3,5.0,2.0,2.0,1.0,0.76,0.43,-0.43,40.4,5.267945179483152,-1.5756414996178916,28.58798256565276,38.35469469961476,29.46201530243383,Four-seam,False
SL,2026-08-06,87.5,-1.49,6.15,"Miller, Mason",596146,695243,,ball,,,,,13.0,,R,L,R,AZ,SD,B,,,1,0,2026,0.5,-0.61,-0.9031849390174254,1.310750621238908,,,,2,9,Bot,,,,,,,0.3335243743990606,-127.40779176143236,-4.003326900549974,5.391768964525934,26.958407094448436,-38.1356777971556,3.376222113,1.703887795,,,,88.0,2046.0,6.6,825053,666023,664034,630105,592518,593428,687749,701538,665487,53.86,,,,,,,,75,2,Slider,1,5,1,5,5,1,1,5,Infield shade,Standard,33.0,0.001,0.064,,,,,-0.064,,-4,-4,0.001,0.001,27,33,28,33,1,3,5.0,2.0,2.0,1.0,3.59,-0.5,0.5,39.3,,,,,,Slider,False
SL,2026-08-06,87.6,-1.48,6.14,"Miller, Mason",596146,695243,,ball,,,,,13.0,,R,L,R,AZ,SD,B,,,0,0,2026,0.69,-0.55,-1.011986586849917,2.340003530951341,,,,2,9,Bot,,,,,,,-0.3223441733075176,-127.5825866819358,-1.654501280135176,7.538345028784991,26.97054753408448,-38.02186149145851,3.376222113,1.703887795,,,,88.2,2184.0,6.7,825053,666023,664034,630105,592518,593428,687749,701538,665487,53.8,,,,,,,,75,1,Slider,1,5,1,5,5,1,1,5,Infield shade,Standard,35.0,0.0,0.041,,,,,-0.041,,-4,-4,0.001,0.001,27,33,28,33,1,3,5.0,2.0,2.0,1.0,3.52,-0.69,0.69,38.3,,,,,,Slider,False
SL,2026-08-06,88.8,-1.25,6.23,"Miller, Mason",571448,695243,strikeout,swinging_strike,,,,,14.0,Nolan Arenado strikes out swinging.,R,R,R,AZ,SD,S,2.0,,1,2,2026,0.65,-0.32,1.6134738250609364,1.4177111906450937,,,,1,9,Bot,,,,,,,5.598348662494794,-129.2189669491667,-4.805841359036858,5.977166033375959,28.269640628185627,-34.88890444511491,3.277050525,1.653838583,,,,89.5,2263.0,6.8,825053,666023,664034,630105,592518,593428,687749,701538,665487,53.66,,0.0,0.0,1.0,0.0,0.0,,74,6,Slider,1,5,1,5,5,1,1,5,Strategic,Standard,36.0,-0.004,-0.182,60.6,9.2,9.703986696,,0.182,,-4,-4,0.005,0.005,27,35,28,35,1,3,5.0,2.0,2.0,1.0,3.22,-0.65,-0.65,42.5,21.21273910561076,-32.02102148673089,30.07105963318106,57.245556277230904,49.52367880398937,Slider,True
FF,2026-08-06,102.4,-1.26,6.28,"Miller, Mason",571448,695243,,foul,,,,,14.0,,R,R,R,AZ,SD,S,,,1,2,2026,-0.29,1.28,0.9445411820209344,1.7969068740512186,,,,1,9,Bot,,,,,,,6.911250627517778,-148.70106315446222,-10.394727349580926,-5.915731968109806,33.90543336225307,-10.810556682078523,3.277050525,1.653838583,202.0,72.7,54.0,103.4,2530.0,6.8,825053,666023,664034,630105,592518,593428,687749,701538,665487,53.68,,,,,,,,74,5,4-Seam Fastball,1,5,1,5,5,1,1,5,Strategic,Standard,206.0,0.0,0.0,65.6,8.2,,,0.0,88.0,-4,-4,0.005,0.005,27,35,28,35,1,3,5.0,2.0,2.0,1.0,0.89,0.29,0.29,42.4,2.184053764588541,6.418314916786985,31.28037386604943,49.590275431222345,25.380770179831156,Four-seam,False
SL,2026-08-06,87.9,-1.34,6.25,"Miller, Mason",571448,695243,,foul,,,,,5.0,,R,R,R,AZ,SD,S,,,1,2,2026,0.62,-0.51,0.1640894085633195,2.457323485174715,,,,1,9,Bot,,,,,,,2.324694974326308,-128.03594466424445,-1.793325032387343,6.261041177906714,27.155459921591746,-37.582748125663365,3.277050525,1.653838583,107.0,58.1,67.0,88.6,2303.0,6.7,825053,666023,664034,630105,592518,593428,687749,701538,665487,53.79,,,,,,,,74,4,Slider,1,5,1,5,5,1,1,5,Standard,Standard,42.0,0.0,0.0,57.0,7.9,,,0.0,88.0,-4,-4,0.005,0.005,27,35,28,35,1,3,5.0,2.0,2.0,1.0,3.46,-0.62,-0.62,40.8,4.449045914295521,0.5660347051066535,29.9958346474824,40.564511116408234,25.462924042933302,Slider,False
SL,2026-08-06,87.8,-1.32,6.22,"Miller, Mason",571448,695243,,swinging_strike,,,,,14.0,,R,R,R,AZ,SD,S,,,1,1,2026,0.6,-0.35,1.4584100921457148,1.419191191517417,,,,1,9,Bot,,,,,,,5.410499145506453,-127.74130150749424,-4.474774359648261,5.341684445869314,28.477684820132957,-35.20148900831663,3.277050525,1.653838583,,,,88.2,2236.0,6.7,825053,666023,664034,630105,592518,593428,687749,701538,665487,53.77,,,,,,,,74,3,Slider,1,5,1,5,5,1,1,5,Standard,Standard,37.0,-0.002,-0.07,42.5,8.3,5.900464428,,0.07,,-4,-4,0.007,0.007,27,35,28,35,1,3,5.0,2.0,2.0,1.0,3.33,-0.6,-0.6,39.2,1.8858439584850095,-3.0403292182763257,34.34445881394022,56.55994214067439,29.773429167747167,Slider,False
SL,2026-08-06,86.3,-1.46,6.29,"Miller, Mason",571448,695243,,called_strike,,,,,1.0,,R,R,R,AZ,SD,S,,,1,0,2026,0.75,-0.31,-0.5056070695711403,2.9822757194671414,,,,1,9,Bot,,,,,,,0.693749526071642,-125.7533242046702,-0.7970690380399419,7.753045313652825,26.428131459333116,-35.469013960743126,3.277050525,1.653838583,,,,86.9,2182.0,6.7,825053,666023,664034,630105,592518,593428,687749,701538,665487,53.82,,,,,,,,74,2,Slider,1,5,1,5,5,1,1,5,Standard,Standard,34.0,-0.001,-0.05,,,,,0.05,,-4,-4,0.008,0.008,27,35,28,35,1,3,5.0,2.0,2.0,1.0,3.37,-0.75,-0.75,42.4,,,,,,Slider,False
FF,2026-08-06,100.7,-1.43,6.41,"Miller, Mason",571448,695243,,ball,,,,,11.0,,R,R,R,AZ,SD,B,,,0,0,2026,-0.57,1.23,-1.7045051095305273,5.064956004423566,,,,1,9,Bot,,,,,,,0.6323768206400171,-146.67661895103396,-1.2286061314749532,-8.367947485206269,36.2237213459149,-14.397321528370089,3.277050525,1.653838583,,,,101.1,2491.0,6.6,825053,666023,664034,630105,592518,593428,687749,701538,665487,53.94,,,,,,,,74,1,4-Seam Fastball,1,5,1,5,5,1,1,5,Standard,Standard,202.0,0.001,0.041,,,,,-0.041,,-4,-4,0.007,0.007,27,35,28,35,1,3,5.0,2.0,2.0,1.0,1.02,0.57,0.57,42.1,,,,,,Four-seam,False
FF,2026-08-06,101.1,-1.51,6.36,"Miller, Mason",663457,695243,field_out,hit_into_play,,,,,1.0,Lars Nootbaar flies out to center fielder Jackson Merrill.,R,L,R,AZ,SD,X,8.0,fly_ball,0,0,2026,-0.62,1.34,-0.6497752033821412,2.901923116110634,,,,0,9,Bot,109.14,52.37,,,,,3.9134028208820872,-147.06546990188582,-7.400611388553267,-9.899464667206974,35.25237844926589,-11.183663092634555,3.259498032,1.644980315,365.0,94.4,29.0,101.9,2433.0,6.8,825053,666023,664034,630105,592518,593428,687749,701538,665487,53.71,0.137,0.201,0.0,1.0,0.0,0.0,3.0,73,1,4-Seam Fastball,1,5,1,5,5,1,1,5,Infield shade,Standard,203.0,-0.012,-0.259,70.4,6.8,,0.355,0.259,94.4,-4,-4,0.019,0.019,27,28,28,29,1,3,5.0,1.0,2.0,1.0,0.89,0.62,-0.62,41.7,9.139764561661508,3.4503792162925606,28.277382518962416,43.618208780012864,28.271311162575714,Four-seam,True
SL,2026-08-01,87.9,-1.19,6.16,"Miller, Mason",642715,695243,field_out,hit_into_play,,,,,4.0,Willy Adames pops out to shortstop Xander Bogaerts.,R,R,R,SD,SF,X,6.0,popup,0,1,2026,0.57,-0.55,-0.2960400469763407,2.689445823963511,,,646240.0,2,9,Top,109.93,159.69,,,,,0.942909504079701,-128.13131295954875,-0.9393546879548086,6.0344279983457145,26.530970629628612,-38.27309671209349,3.22351542,1.626820866,87.0,69.4,69.0,88.5,2331.0,6.6,823269,666023,630105,823550,592518,593428,687749,701538,665487,53.9,0.001,0.0,0.0,1.0,0.0,0.0,3.0,74,2,Slider,5,5,5,5,5,5,5,5,Infield shade,Standard,37.0,0.055,-0.234,71.1,7.8,,0.001,0.234,88.0,0,0,0.584,0.416,27,30,28,31,1,4,3.0,1.0,5.0,1.0,3.49,-0.57,-0.57,43.7,15.732255271471969,-4.357929294849626,35.87133926278823,33.77838824565346,32.27351460105207,Slider,True
FF,2026-08-01,101.6,-1.28,6.29,"Miller, Mason",642715,695243,,foul,,,,,8.0,,R,R,R,SD,SF,S,,,0,0,2026,-0.51,1.47,-0.0592319283062316,2.0275507076047803,,,646240.0,2,9,Top,,,,,,,4.649425623676068,-147.74141000144192,-10.084852113179515,-8.539967357415586,32.9718610954528,-8.419124713036057,3.22351542,1.626820866,4.0,,-28.0,102.5,2534.0,6.7,823269,666023,630105,823550,592518,593428,687749,701538,665487,53.84,,,,,,,,74,1,4-Seam Fastball,5,5,5,5,5,5,5,5,Infield shade,Standard,199.0,0.01,-0.041,,,,,0.041,,0,0,0.574,0.426,27,30,28,31,1,4,3.0,1.0,5.0,1.0,0.73,0.51,0.51,44.3,,,,,,Four-seam,False
SL,2026-08-01,89.1,-1.18,6.16,"Miller, Mason",646240,695243,walk,ball,,,,,14.0,Rafael Devers walks.,R,L,R,SD,SF,B,,,3,2,2026,0.92,-0.42,0.6155452873481996,0.7575151477951416,,,,2,9,Top,,,,,,,2.41741962528383,-129.74419139605396,-6.1020826162995965,9.818838681326888,28.055019174762457,-35.81226885408437,3.217372047,1.623720472,,,,90.0,2452.0,6.9,823269,666023,630105,823550,592518,593428,687749,701538,665487,53.63,,0.698418,0.7,1.0,0.0,0.0,,73,6,Slider,5,5,5,5,5,5,5,5,Infield shade,Standard,28.0,-0.026,0.289,,,,,-0.289,,0,0,0.6,0.4,27,29,28,30,1,4,3.0,1.0,5.0,1.0,3.3,-0.92,0.92,39.9,,,,,,Slider,True
FF,2026-08-01,101.9,-1.21,6.27,"Miller, Mason",646240,695243,,ball,,,,,12.0,,R,L,R,SD,SF,B,,,2,2,2026,-0.48,1.36,0.3082968327640744,3.933034398877505,,,,2,9,Top,,,,,,,5.441543503427549,-148.40847686134975,-4.521875097001668,-8.405366760663467,32.97241434757399,-11.08807009176438,3.217372047,1.623720472,,,,103.1,2569.0,6.7,823269,666023,630105,823550,592518,593428,687749,701538,665487,53.77,,,,,,,,73,5,4-Seam Fastball,5,5,5,5,5,5,5,5,Infield shade,Standard,200.0,-0.01,0.082,,,,,-0.082,,0,0,0.61,0.39,27,29,28,30,1,4,3.0,1.0,5.0,1.0,0.81,0.48,-0.48,40.8,,,,,,Four-seam,False
FF,2026-08-01,102.1,-1.3,6.21,"Miller, Mason",646240,695243,,ball,,,,,11.0,,R,L,R,SD,SF,B,,,1,2,2026,-0.51,1.3,-0.7800084746050018,3.4079728573634327,,,,2,9,Top,,,,,,,2.726870592663356,-148.65555689740268,-5.708466196049849,-8.253104691728211,32.57559235395877,-11.678371166612973,3.217372047,1.623720472,,,,103.3,2490.0,6.7,823269,666023,630105,823550,592518,593428,687749,701538,665487,53.79,,,,,,,,73,4,4-Seam Fastball,5,5,5,5,5,5,5,5,Infield shade,Standard,202.0,-0.005,0.041,,,,,-0.041,,0,0,0.615,0.385,27,29,28,30,1,4,3.0,1.0,5.0,1.0,0.87,0.51,-0.51,41.3,,,,,,Four-seam,False
SL,2026-08-01,89.5,-1.3,6.08,"Miller, Mason",646240,695243,,foul,,,,,14.0,,R,L,R,SD,SF,S,,,1,1,2026,0.95,-0.11,0.3193668160306926,1.3178036147264178,,,,2,9,Top,,,,,,,1.931178273390399,-130.3198078152151,-5.354849590068471,10.499126411255304,25.714332496150263,-32.52041232145931,3.217372047,1.623720472,3.0,88.9,-26.0,90.7,2367.0,6.9,823269,666023,630105,823550,592518,593428,687749,701538,665487,53.62,,,,,,,,73,3,Slider,5,5,5,5,5,5,5,5,Infield shade,Standard,38.0,0.008,-0.064,,,,,0.064,88.9,0,0,0.607,0.393,27,29,28,30,1,4,3.0,1.0,5.0,1.0,2.93,-0.95,0.95,39.0,,,,,,Slider,False
SL,2026-08-01,88.8,-1.36,6.17,"Miller, Mason",646240,695243,,ball,,,,,13.0,,R,L,R,SD,SF,B,,,0,1,2026,0.67,-0.51,-1.034925307974044,1.5012720623698763,,,,2,9,Top,,,,,,,-0.6592337242160196,-129.29118855783534,-4.057128122598983,7.687748291528898,26.8741367894459,-37.273026706742094,3.217372047,1.623720472,,,,89.3,2370.0,6.6,823269,666023,630105,823550,592518,593428,687749,701538,665487,53.91,,,,,,,,73,2,Slider,5,5,5,5,5,5,5,5,Infield shade,Standard,35.0,-0.003,0.03,,,,,-0.03,,0,0,0.61,0.39,27,29,28,30,1,4,3.0,1.0,5.0,1.0,3.4,-0.67,0.67,40.7,,,,,,Slider,False
SL,2026-08-01,89.3,-1.37,6.15,"Miller, Mason",646240,695243,,called_strike,,,,,9.0,,R,L,R,SD,SF,S,,,0,0,2026,0.8,-0.07,0.4869231465521879,2.0904180911878045,,,,2,9,Top,,,,,,,2.823601043386343,-130.1319630147919,-3.673067811546367,8.605694081079845,25.191057713364525,-32.45453326195904,3.217372047,1.623720472,,,,90.5,2447.0,6.7,823269,666023,630105,823550,592518,593428,687749,701538,665487,53.76,,,,,,,,73,1,Slider,5,5,5,5,5,5,5,5,Infield shade,Standard,38.0,0.005,-0.045,,,,,0.045,,0,0,0.605,0.395,27,29,28,30,1,4,3.0,1.0,5.0,1.0,2.9,-0.8,0.8,40.7,,,,,,Slider,False
SL,2026-08-01,89.2,-1.12,6.14,"Miller, Mason",671218,695243,strikeout,swinging_strike,,,,,6.0,Heliot Ramos strikes out swinging.,R,R,R,SD,SF,S,2.0,,1,2,2026,1.06,-0.35,0.5350122611390277,2.1255418153839307,,,,1,9,Top,,,,,,,1.7684443612989806,-129.98948761506347,-2.9003725324761658,11.62768544832014,27.65841733069319,-35.71996918445787,3.18402231,1.606889764,,,,90.1,2368.0,6.8,823269,666023,630105,823550,592518,593428,687749,701538,665487,53.72,,0.0,0.0,1.0,0.0,0.0,,72,4,Slider,5,5,5,5,5,5,5,5,Standard,Standard,29.0,0.033,-0.182,76.3,7.8,1.287492372,,0.182,,0,0,0.572,0.428,27,26,28,27,1,4,3.0,1.0,5.0,1.0,3.21,-1.06,-1.06,42.4,22.01807042496093,-23.825216037374545,29.694317599455125,39.719753534479736,47.57074614056405,Slider,True
SL,2026-08-01,89.3,-1.11,6.14,"Miller, Mason",671218,695243,,ball,,,,,14.0,,R,R,R,SD,SF,B,,,0,2,2026,1.09,-0.24,2.3576822617871094,1.2120922524108515,,,,1,9,Top,,,,,,,6.142970611950559,-129.9131147234928,-5.3386846423558705,10.954695238027783,28.890410544285448,-33.95446105378587,3.18402231,1.606889764,,,,89.9,2383.0,6.8,823269,666023,630105,823550,592518,593428,687749,701538,665487,53.67,,,,,,,,72,3,Slider,5,5,5,5,5,5,5,5,Standard,Standard,34.0,-0.005,0.019,,,,,-0.019,,0,0,0.577,0.423,27,26,28,27,1,4,3.0,1.0,5.0,1.0,3.12,-1.09,-1.09,41.9,,,,,,Slider,False
FF,2026-08-01,101.7,-1.12,6.22,"Miller, Mason",671218,695243,,swinging_strike,,,,,2.0,,R,R,R,SD,SF,S,,,0,1,2026,-0.51,1.48,-0.1953899124501172,3.249758411284316,,,,1,9,Top,,,,,,,3.8499445076708874,-147.9989867575207,-6.511985583910792,-8.441382633240927,36.25971887338054,-9.060685943412636,3.18402231,1.606889764,,,,102.8,2478.0,6.9,823269,666023,630105,823550,592518,593428,687749,701538,665487,53.58,,,,,,,,72,2,4-Seam Fastball,5,5,5,5,5,5,5,5,Standard,Standard,202.0,0.012,-0.057,63.7,5.9,0.771228036,,0.057,,0,0,0.565,0.435,27,26,28,27,1,4,3.0,1.0,5.0,1.0,0.73,0.51,0.51,41.7,8.631827944492366,13.271640517535408,29.71286048957647,33.01739470373035,19.86862441068943,Four-seam,False
FF,2026-08-01,101.6,-1.11,6.29,"Miller, Mason",671218,695243,,swinging_strike,,,,,3.0,,R,R,R,SD,SF,S,,,0,0,2026,-0.31,1.34,0.5574070493683835,2.9186558730158425,,,,1,9,Top,,,,,,,5.389183969899299,-147.71416436521105,-7.241011669121597,-5.796558438262961,35.25710219936927,-11.047026349502293,3.18402231,1.606889764,,,,102.3,2488.0,6.7,823269,666023,630105,823550,592518,593428,687749,701538,665487,53.79,,,,,,,,72,1,4-Seam Fastball,5,5,5,5,5,5,5,5,Standard,Standard,203.0,0.007,-0.041,68.5,5.9,0.684179832,,0.041,,0,0,0.558,0.442,27,26,28,27,1,4,3.0,1.0,5.0,1.0,0.87,0.31,0.31,42.3,0.38834657092963,24.9789067017642,29.543580522453475,42.80896991206807,16.894743663622585,Four-seam,False
SL,2026-08-01,89.4,-1.33,6.12,"Miller, Mason",808982,695243,strikeout,swinging_strike,,,,,5.0,Jung Hoo Lee strikes out swinging.,R,L,R,SD,SF,S,2.0,,1,2,2026,1.17,-0.31,-0.1336544526434873,2.226354335172541,,,,0,9,Top,,,,,,,0.3759878228346938,-130.09468680519186,-2.587851794747378,13.08305648090509,31.625725915290385,-35.31273369007865,3.22351542,1.626820866,,,,89.4,2495.0,6.7,823269,666023,630105,823550,592518,593428,687749,701538,665487,53.85,,0.0,0.0,1.0,0.0,0.0,,71,4,Slider,5,5,5,5,5,5,5,5,Infield shade,Standard,37.0,0.041,-0.187,54.1,5.4,0.775371768,,0.187,,0,0,0.517,0.483,27,27,28,28,1,4,3.0,1.0,5.0,1.0,3.2,-1.17,1.17,39.4,-44.67734912108423,56.02321399784438,44.59364001718175,28.304199244225583,-10.111171338567736,Slider,True
SL,2026-08-01,88.7,-1.47,6.07,"Miller, Mason",808982,695243,,foul,,,,,14.0,,R,L,R,SD,SF,S,,,1,1,2026,0.43,-0.3,0.4320718643434848,1.4228649513858374,,,,0,9,Top,,,,,,,3.702041534185035,-129.1775301180227,-4.428375617589864,3.9690917758752264,27.845027191419145,-34.81636725062389,3.22351542,1.626820866,,,,89.2,2371.0,6.7,823269,666023,630105,823550,592518,593428,687749,701538,665487,53.85,,,,,,,,71,3,Slider,5,5,5,5,5,5,5,5,Standard,Standard,39.0,0.014,-0.06,56.2,8.0,,,0.06,,0,0,0.503,0.497,27,27,28,28,1,4,3.0,1.0,5.0,1.0,3.2,-0.43,0.43,39.9,21.09463303663921,4.483658081946273,49.26639104223176,23.98453021981508,29.297180147953807,Slider,False
FF,2026-08-01,101.1,-1.39,6.25,"Miller, Mason",808982,695243,,ball,,,,,11.0,,R,L,R,SD,SF,B,,,0,1,2026,-0.85,1.12,-1.698393573566079,3.023939686683259,,,,0,9,Top,,,,,,,1.2330228775685987,-147.07805658634354,-6.183716008491813,-12.61630683282744,36.24030478961005,-14.601602156078224,3.22351542,1.626820866,,,,101.2,2574.0,6.4,823269,666023,630105,823550,592518,593428,687749,701538,665487,54.05,,,,,,,,71,2,4-Seam Fastball,5,5,5,5,5,5,5,5,Standard,Standard,203.0,-0.006,0.029,,,,,-0.029,,0,0,0.509,0.491,27,27,28,28,1,4,3.0,1.0,5.0,1.0,1.11,0.85,-0.85,40.8,,,,,,Four-seam,False
SL,2026-08-01,87.4,-1.42,6.12,"Miller, Mason",808982,695243,,called_strike,,,,,9.0,,R,L,R,SD,SF,S,,,0,0,2026,0.93,-0.31,0.5081063361883105,1.5450114931718195,,,,0,9,Top,,,,,,,2.6591232757532985,-127.26684809148202,-3.966367989773275,9.49332333308788,27.528494365086225,-34.93401483792953,3.22351542,1.626820866,,,,88.0,2505.0,6.7,823269,666023,630105,823550,592518,593428,687749,701538,665487,53.78,,,,,,,,71,1,Slider,5,5,5,5,5,5,5,5,Standard,Standard,39.0,0.009,-0.041,,,,,0.041,,0,0,0.5,0.5,27,27,28,28,1,4,3.0,1.0,5.0,1.0,3.31,-0.93,0.93,40.4,,,,,,Slider,False
SL,2026-08-01,89.7,-1.37,6.04,"Miller, Mason",805811,695243,field_out,hit_into_play,,,,,6.0,"Bryce Eldridge grounds out softly, catcher Freddy Fermin to first baseman Ty France.",R,L,R,SD,SF,X,2.0,ground_ball,3,2,2026,1.06,0.06,0.7252137637465599,2.7378781029114916,691740.0,678545.0,,2,8,Top,130.93,196.27,,,,,2.8419284570247645,-130.54712363027852,-2.006110428367651,11.32341968014108,31.82973044605087,-31.29591532285056,3.541215551,1.787155512,2.0,49.0,-60.0,89.9,2426.0,6.8,823269,666023,664034,630105,592518,593428,687749,701538,665487,53.72,0.211,0.19,0.0,1.0,0.0,0.0,1.0,67,6,Slider,5,5,5,5,5,5,5,5,Standard,Standard,46.0,0.122,-0.26,27.3,5.6,,0.211,0.26,88.0,0,0,0.486,0.514,27,21,28,22,1,4,3.0,1.0,5.0,1.0,2.81,-1.06,1.06,37.6,-5.392107238984958,16.80128952288026,30.865892660505576,26.97536299083596,22.3433679824886,Slider,True
SL,2026-08-01,88.8,-1.53,6.03,"Miller, Mason",805811,695243,,called_strike,,,,,4.0,,R,L,R,SD,SF,S,,,3,1,2026,0.64,-0.2,-0.2823345754557873,2.6837523868597164,691740.0,678545.0,,2,8,Top,,,,,,,1.658982200087985,-129.2139626369551,-1.4334729330042704,6.662797546736038,30.79649596860569,-34.2391438206304,3.541215551,1.787155512,,,,89.1,2403.0,6.8,823269,666023,664034,630105,592518,593428,687749,701538,665487,53.69,,,,,,,,67,5,Slider,5,5,5,5,5,5,5,5,Standard,Standard,43.0,0.007,-0.062,,,,,0.062,,0,0,0.479,0.521,27,21,28,22,1,4,3.0,1.0,5.0,1.0,3.12,-0.64,0.64,37.2,,,,,,Slider,False
SL,2026-08-01,89.3,-1.34,6.12,"Miller, Mason",805811,695243,,ball,,,,,14.0,,R,L,R,SD,SF,B,,,2,1,2026,1.12,-0.11,0.6017617760168052,1.4543708679808751,691740.0,678545.0,,2,8,Top,,,,,,,2.3494885584839147,-130.00575052991186,-4.974204745813817,12.041559634801464,29.910032398011147,-32.50246263150174,3.541215551,1.787155512,,,,89.9,2399.0,6.9,823269,666023,664034,630105,592518,593428,687749,701538,665487,53.63,,,,,,,,67,4,Slider,5,5,5,5,5,5,5,5,Strategic,Standard,38.0,-0.008,0.06,,,,,-0.06,,0,0,0.487,0.513,27,21,28,22,1,4,3.0,1.0,5.0,1.0,2.99,-1.12,1.12,39.1,,,,,,Slider,False
FF,2026-08-01,103.3,-1.31,6.19,"Miller, Mason",805811,695243,,ball,,,,,11.0,,R,L,R,SD,SF,B,,,1,1,2026,-0.69,1.28,-0.8141246592219509,3.688058900707731,691740.0,678545.0,,2,8,Top,,,,,,,3.1497702021123057,-150.3878563836557,-4.933124851789178,-11.297011591523813,38.33661272713172,-11.73548825521535,3.541215551,1.787155512,,,,103.8,2423.0,6.7,823269,666023,664034,630105,592518,593428,687749,701538,665487,53.84,,,,,,,,67,3,4-Seam Fastball,5,5,5,5,5,5,5,5,Standard,Standard,204.0,-0.009,0.009,,,,,-0.009,,0,0,0.496,0.504,27,21,28,22,1,4,3.0,1.0,5.0,1.0,0.86,0.69,-0.69,40.1,,,,,,Four-seam,False
SL,2026-08-01,88.8,-1.4,6.06,"Miller, Mason",805811,695243,,swinging_strike,,,,,14.0,,R,L,R,SD,SF,S,,,1,0,2026,0.67,-0.24,0.4074411374013303,0.8597013178799728,691740.0,678545.0,,2,8,Top,,,,,,,2.9526192180489703,-129.15683202453224,-5.845323509328621,6.745699671751228,29.787270203493257,-33.77332355145842,3.541215551,1.787155512,,,,89.1,2482.0,6.8,823269,666023,664034,630105,592518,593428,687749,701538,665487,53.73,,,,,,,,67,2,Slider,5,5,5,5,5,5,5,5,Infield shade,Standard,43.0,0.009,-0.027,57.4,7.6,6.018202656,,0.027,,0,0,0.487,0.513,27,21,28,22,1,4,3.0,1.0,5.0,1.0,3.16,-0.67,0.67,38.1,10.984822767990984,-4.844364454561149,42.70478426275588,32.36461360819302,34.90937345847932,Slider,False
SL,2026-08-01,88.2,-1.51,6.04,"Miller, Mason",805811,695243,,ball,,,,,11.0,,R,L,R,SD,SF,B,,,0,0,2026,0.72,-0.08,-1.722422425096767,3.923261817986604,691740.0,678545.0,,2,8,Top,,,,,,,-2.0617794899226825,-128.3391686990451,1.3704886285205105,8.422139383038429,29.128715992333905,-33.616564339586766,3.541215551,1.787155512,,,,88.5,2217.0,6.7,823269,666023,664034,630105,592518,593428,687749,701538,665487,53.8,,,,,,,,67,1,Slider,5,5,5,5,5,5,5,5,Infield shade,Standard,47.0,-0.003,0.02,,,,,-0.02,,0,0,0.49,0.51,27,21,28,22,1,4,3.0,1.0,5.0,1.0,3.04,-0.72,0.72,37.1,,,,,,Slider,False
FF,2026-08-01,102.9,-1.26,6.3,"Miller, Mason",678545,695243,double,hit_into_play,,,,,1.0,Osleivis Basabe doubles (1) on a sharp line drive to left fielder Jase Bowen. Rafael Devers scores. Willy Adames scores. Daniel Susac to 3rd.,R,R,R,SD,SF,X,7.0,line_drive,3,1,2026,-0.91,1.26,-0.3391392040108051,2.7818444617419935,646240.0,642715.0,691740.0,2,8,Top,44.59,88.0,,,,,4.8806118050874865,-149.60787901523844,-7.665346686233812,-14.82839348769184,38.78653924437412,-11.549176971256223,3.18402231,1.606889764,339.0,109.6,16.0,103.5,2394.0,6.8,823269,666023,664034,630105,592518,593428,687749,701538,665487,53.67,0.617,0.719,1.25,1.0,1.0,1.0,6.0,66,5,4-Seam Fastball,5,3,3,5,5,5,5,5,Standard,Strategic,205.0,-0.267,0.617,80.0,7.1,,1.135,-0.617,109.6,2,-2,0.757,0.243,27,25,28,26,1,3,3.0,1.0,5.0,1.0,0.91,0.91,0.91,40.8,9.545292678886716,-5.442763226776078,16.52442746886245,34.109512408315084,34.21674763294923,Four-seam,True
FF,2026-08-01,102.7,-1.25,6.26,"Miller, Mason",678545,695243,,ball,,,,,14.0,,R,R,R,SD,SF,B,,,2,1,2026,-0.63,1.46,0.5557149239394922,1.3976652168843888,646240.0,642715.0,691740.0,2,8,Top,,,,,,,6.636112416350971,-149.0193320526694,-11.898747069622116,-10.96391954744639,35.83071596174912,-7.778441477757204,3.18402231,1.606889764,,,,103.4,2418.0,6.8,823269,666023,664034,630105,592518,593428,687749,701538,665487,53.7,,,,,,,,66,4,4-Seam Fastball,5,3,3,5,3,5,3,5,Standard,Strategic,202.0,-0.035,0.121,,,,,-0.121,,2,-2,0.792,0.208,27,25,28,26,1,3,3.0,1.0,5.0,1.0,0.72,0.63,0.63,44.8,,,,,,Four-seam,False
FF,2026-08-01,102.1,-1.35,6.25,"Miller, Mason",678545,695243,,swinging_strike,,,,,1.0,,R,R,R,SD,SF,S,,,2,0,2026,-0.41,1.52,-0.4092411138941614,3.252027330035545,646240.0,642715.0,691740.0,2,8,Top,,,,,,,3.657906339566857,-148.53394744145277,-6.739938992383131,-7.015927671548809,36.297661061569336,-8.290842952729712,3.18402231,1.606889764,,,,102.9,2707.0,6.8,823269,666023,664034,630105,592518,593428,687749,701538,665487,53.74,,,,,,,,66,3,4-Seam Fastball,5,3,3,5,3,5,3,5,Standard,Strategic,207.0,0.023,-0.058,75.3,6.7,0.791376168,,0.058,,2,-2,0.769,0.231,27,25,28,26,1,3,3.0,1.0,5.0,1.0,0.67,0.41,0.41,42.7,8.620852218886178,3.294683021037142,18.46104008276328,35.04415284685411,28.81892157401388,Four-seam,False
FF,2026-08-01,101.6,-1.39,6.3,"Miller, Mason",678545,695243,,ball,,,,,11.0,,R,R,R,SD,SF,B,,,1,0,2026,-0.32,1.48,-1.3750914321156085,4.021866962037752,646240.0,642715.0,691740.0,2,8,Top,,,,,,,0.8267529206078288,-147.9186052106021,-4.504241527555462,-4.863289399091987,38.157875837350616,-9.69201487743867,3.18402231,1.606889764,,,,102.0,2452.0,6.7,823269,666023,664034,630105,592518,593428,687749,701538,665487,53.84,,,,,,,,66,2,4-Seam Fastball,5,3,3,5,3,5,3,5,Standard,Strategic,208.0,-0.023,0.067,,,,,-0.067,,2,-2,0.792,0.208,27,25,28,26,1,3,3.0,1.0,5.0,1.0,0.74,0.32,0.32,41.4,,,,,,Four-seam,False
SL,2026-08-01,88.8,-1.41,6.17,"Miller, Mason",678545,695243,,ball,,,,,11.0,,R,R,R,SD,SF,B,,,0,0,2026,0.53,-0.31,-0.0722308249141577,3.408088252167186,646240.0,642715.0,691740.0,2,8,Top,,,,,,,2.120067144104353,-129.2928792324825,0.2015841968221805,5.39017202187835,29.029250324564448,-35.9279338601309,3.18402231,1.606889764,,,,89.0,2154.0,6.6,823269,666023,664034,630105,592518,593428,687749,701538,665487,53.93,,,,,,,,66,1,Slider,5,3,3,5,3,5,3,5,Standard,Standard,40.0,-0.012,0.029,,,,,-0.029,,2,-2,0.804,0.196,27,25,28,26,1,3,3.0,1.0,5.0,1.0,3.22,-0.53,-0.53,39.2,,,,,,Slider,False
SL,2026-08-01,88.7,-1.45,6.1,"Miller, Mason",687529,695243,strikeout,swinging_strike_blocked,,,,,13.0,Grant McCray strikes out swinging.,R,L,R,SD,SF,S,2.0,,0,2,2026,0.41,-0.34,-0.1285192739560491,0.5832082647854016,646240.0,642715.0,691740.0,1,8,Top,,,,,,,2.323347949371033,-129.04869116447549,-6.390492107505667,4.039102861520144,30.150312977378427,-34.692015860928954,3.241945538,1.636122047,,,,88.9,2243.0,6.7,823269,666023,664034,630105,592518,593428,687749,701538,665487,53.78,,0.0,0.0,1.0,0.0,0.0,,65,3,Slider,5,3,3,5,3,5,3,5,Standard,Standard,39.0,0.078,-0.191,39.7,7.7,7.338619392,,0.191,,2,-2,0.726,0.274,27,25,28,26,1,0,3.0,1.0,5.0,2.0,3.27,-0.41,0.41,38.3,19.94996224554996,-15.038566301320838,34.93030360376156,37.14010515053239,43.050467407481406,Slider,True
SL,2026-08-01,89.4,-1.45,6.12,"Miller, Mason",687529,695243,,foul,,,,,5.0,,R,L,R,SD,SF,S,,,0,1,2026,0.85,-0.02,0.1482303522788745,2.238539372546461,646240.0,642715.0,691740.0,1,8,Top,,,,,,,2.0718736002469056,-130.15802196296238,-3.2632652961693767,9.134968051893406,28.447045523478945,-31.92588914860094,3.241945538,1.636122047,2.0,65.0,-44.0,89.8,2397.0,6.6,823269,666023,664034,630105,592518,593428,687749,701538,665487,53.9,,,,,,,,65,2,Slider,5,3,3,5,3,5,3,5,Standard,Standard,44.0,0.032,-0.09,53.0,5.7,,,0.09,88.0,2,-2,0.694,0.306,27,25,28,26,1,0,3.0,1.0,5.0,2.0,2.88,-0.85,0.85,37.0,-5.880044619529291,23.1802923723392,28.154348934387365,33.963843687670376,18.647604515071283,Slider,False
SL,2026-08-01,88.3,-1.48,6.15,"Miller, Mason",687529,695243,,called_strike,,,,,5.0,,R,L,R,SD,SF,S,,,0,0,2026,0.74,-0.36,-0.2039282935435934,2.403045957093774,646240.0,642715.0,691740.0,1,8,Top,,,,,,,1.4938224555665618,-128.56976164896366,-2.0304602613181983,7.868527246459218,28.34891292345066,-35.94397264119988,3.241945538,1.636122047,,,,88.8,2240.0,6.7,823269,666023,664034,630105,592518,593428,687749,701538,665487,53.81,,,,,,,,65,1,Slider,5,3,3,5,3,5,3,5,Standard,Standard,37.0,0.02,-0.048,,,,,0.048,,2,-2,0.674,0.326,27,25,28,26,1,0,3.0,1.0,5.0,2.0,3.3,-0.74,0.74,37.9,,,,,,Slider,False
FF,2026-07-29,102.3,-1.56,6.2,"Miller, Mason",687859,695243,field_out,hit_into_play,,,,,6.0,Troy Johnston lines out to center fielder Jackson Merrill.,R,L,R,SD,COL,X,8.0,line_drive,1,2,2026,-0.35,1.26,0.3122721377109079,2.5237654269240397,,,,2,9,Top,129.71,59.99,,,,,6.137166622992985,-148.78473402919346,-8.082529690733807,-6.613501705715243,33.179824472875396,-11.691043406775847,3.159448819,1.594488189,345.0,98.4,23.0,103.5,2508.0,6.8,823273,666023,664034,630105,592518,593428,687749,701538,665487,53.72,0.311,0.413,0.0,1.0,0.0,0.0,5.0,66,5,4-Seam Fastball,3,1,1,3,1,3,1,3,Strategic,Standard,200.0,0.008,-0.183,68.7,6.0,,0.681,0.183,98.4,2,-2,0.992,0.008,27,29,28,29,1,1,1.0,1.0,3.0,2.0,0.91,0.35,-0.35,40.3,5.295099171986662,1.6367692974378971,37.054128603194336,31.288475602435817,32.0953462161162,Four-seam,True
SL,2026-07-29,89.1,-1.57,6.06,"Miller, Mason",687859,695243,,foul,,,,,13.0,,R,L,R,SD,COL,S,,,1,2,2026,0.38,-0.24,-0.6971863123807623,1.0106296193917848,,,,2,9,Top,,,,,,,1.3015055591979603,-129.7266797468236,-5.60898327513132,4.045806627909652,27.72008233947573,-33.922366222764914,3.159448819,1.594488189,0.0,22.8,-66.0,89.7,2255.0,6.7,823273,666023,664034,630105,592518,593428,687749,701538,665487,53.82,,,,,,,,66,4,Slider,3,1,1,3,1,3,1,3,Strategic,Standard,46.0,0.0,0.0,70.6,7.9,,,0.0,88.0,2,-2,0.992,0.008,27,29,28,29,1,1,1.0,1.0,3.0,2.0,3.11,-0.38,0.38,37.4,20.48260141058048,-7.650852795251029,34.991730986701064,43.16852814482189,42.31190541916769,Slider,False
SL,2026-07-29,88.9,-1.61,6.08,"Miller, Mason",687859,695243,,ball,,,,,11.0,,R,L,R,SD,COL,B,,,0,2,2026,0.35,-0.27,-2.2591092208896684,3.307865107809071,,,,2,9,Top,,,,,,,-2.337233056115048,-129.5594462234425,0.0168449885873169,4.46752459365333,27.173235534628105,-35.4121054363605,3.159448819,1.594488189,,,,89.6,2236.0,6.6,823273,666023,664034,630105,592518,593428,687749,701538,665487,53.86,,,,,,,,66,3,Slider,3,1,1,3,1,3,1,3,Strategic,Standard,42.0,-0.001,0.028,,,,,-0.028,,2,-2,0.993,0.007,27,29,28,29,1,1,1.0,1.0,3.0,2.0,3.14,-0.35,0.35,35.9,,,,,,Slider,False
FF,2026-07-29,103.6,-1.54,6.1,"Miller, Mason",687859,695243,,foul,,,,,6.0,,R,L,R,SD,COL,S,,,0,1,2026,-0.76,1.26,0.7512046816869257,2.2761837041993864,,,,2,9,Top,,,,,,,8.423621875403162,-150.59911736326129,-8.77042276840026,-13.539639239361769,32.330137745470644,-10.998819730963843,3.159448819,1.594488189,181.0,64.5,46.0,104.9,2498.0,6.8,823273,666023,664034,630105,592518,593428,687749,701538,665487,53.74,,,,,,,,66,2,4-Seam Fastball,3,1,1,3,1,3,1,3,Strategic,Standard,204.0,0.003,-0.062,64.2,5.6,,,0.062,88.0,2,-2,0.99,0.01,27,29,28,29,1,1,1.0,1.0,3.0,2.0,0.84,0.76,-0.76,36.5,-9.556533112057418,4.711531731733097,46.22603102481153,24.481465885959764,25.552803086626874,Four-seam,False
SL,2026-07-29,88.6,-1.59,6.09,"Miller, Mason",687859,695243,,swinging_strike,,,,,13.0,,R,L,R,SD,COL,S,,,0,0,2026,0.59,-0.46,-0.0631207180435322,1.208375022075122,,,,2,9,Top,,,,,,,2.452938847203996,-129.05027193887167,-4.718667447854422,6.118035892054221,25.156747160736643,-36.574320351343154,3.159448819,1.594488189,,,,89.8,2485.0,6.8,823273,666023,664034,630105,592518,593428,687749,701538,665487,53.69,,,,,,,,66,1,Slider,3,1,1,3,1,3,1,3,Infield shade,Standard,41.0,0.002,-0.045,71.7,8.1,2.48776368,,0.045,,2,-2,0.988,0.012,27,29,28,29,1,1,1.0,1.0,3.0,2.0,3.34,-0.59,0.59,36.9,23.167148062594933,-27.56490670045498,33.85555955382183,36.54819410851612,52.463943785643025,Slider,False
FF,2026-07-29,103.7,-1.43,6.21,"Miller, Mason",666160,695243,strikeout,swinging_strike,,,,,11.0,Mickey Moniak strikes out swinging.,R,L,R,SD,COL,S,2.0,,0,2,2026,-0.43,1.34,-0.948533344314028,3.4011649018896812,,,,1,9,Top,,,,,,,2.428160838340894,-151.11111194502396,-6.1105218870103055,-7.107259935786516,31.92032409562557,-10.261862878285338,3.254232283,1.642322835,,,,105.2,2570.0,6.7,823273,666023,664034,630105,592518,593428,687749,701538,665487,53.79,,0.0,0.0,1.0,0.0,0.0,,65,3,4-Seam Fastball,3,1,1,3,1,3,1,3,Infield shade,Standard,207.0,0.015,-0.163,73.0,6.8,0.369139572,,0.163,,2,-2,0.973,0.027,27,28,28,28,1,3,1.0,1.0,3.0,2.0,0.75,0.43,-0.43,40.0,4.400914110347306,19.448497065598563,23.419789282930243,49.10357125115773,11.345646792443672,Four-seam,True
SL,2026-07-29,89.4,-1.61,6.01,"Miller, Mason",666160,695243,,swinging_strike,,,,,14.0,,R,L,R,SD,COL,S,,,0,1,2026,0.72,-0.31,0.8089259613831381,0.9217176608098828,,,,1,9,Top,,,,,,,4.3705569531653214,-130.16962481938185,-5.668430964085659,7.347051652864376,25.338982296520527,-34.83951195287985,3.254232283,1.642322835,,,,90.3,2631.0,6.6,823273,666023,664034,630105,592518,593428,687749,701538,665487,53.86,,,,,,,,65,2,Slider,3,1,1,3,1,3,1,3,Infield shade,Standard,37.0,0.006,-0.057,64.2,9.4,7.680859212,,0.057,,2,-2,0.967,0.033,27,28,28,28,1,3,1.0,1.0,3.0,2.0,3.14,-0.72,0.72,34.5,34.36125598151405,-51.52820514611411,36.8986455242887,30.236112173768333,52.81661902027027,Slider,False
SL,2026-07-29,89.3,-1.73,6.1,"Miller, Mason",666160,695243,,called_strike,,,,,1.0,,R,L,R,SD,COL,S,,,0,0,2026,0.57,-0.21,-0.6352719917482801,2.93307317153229,,,,1,9,Top,,,,,,,1.467996645556746,-130.10962565276537,-1.1868877477289417,6.1812898615896525,24.93651457153494,-34.53822359563153,3.254232283,1.642322835,,,,90.3,2517.0,6.6,823273,666023,664034,630105,592518,593428,687749,701538,665487,53.89,,,,,,,,65,1,Slider,3,1,1,3,1,3,1,3,Standard,Standard,45.0,0.004,-0.041,,,,,0.041,,2,-2,0.963,0.037,27,28,28,28,1,3,1.0,1.0,3.0,2.0,3.04,-0.57,0.57,38.1,,,,,,Slider,False
FF,2026-07-29,103.0,-1.47,6.26,"Miller, Mason",666397,695243,strikeout,swinging_strike,,,,,12.0,Edouard Julien strikes out swinging.,R,L,R,SD,COL,S,2.0,,3,2,2026,-0.52,1.39,0.5045907521147066,3.573280198188626,,,,0,9,Top,,,,,,,6.8809322626436025,-149.80599463335577,-5.713838836886888,-9.477541032428617,33.999855376510375,-9.976312154184368,3.234924541,1.63257874,,,,103.9,2674.0,6.7,823273,666023,664034,630105,592518,593428,687749,701538,665487,53.85,,0.0,0.0,1.0,0.0,0.0,,64,7,4-Seam Fastball,3,1,1,3,1,3,1,3,Infield shade,Standard,200.0,0.051,-0.346,70.8,5.8,0.921564552,,0.346,,2,-2,0.912,0.088,27,27,28,27,1,0,1.0,1.0,3.0,4.0,0.75,0.52,-0.52,40.4,4.082190552822963,19.42674401933769,38.51349555941985,33.17146559506492,17.651543521261765,Four-seam,True
FF,2026-07-29,103.6,-1.56,6.12,"Miller, Mason",666397,695243,,foul,,,,,4.0,,R,L,R,SD,COL,S,,,3,2,2026,-0.71,1.4,-0.5279216399064481,2.559367551402141,,,,0,9,Top,,,,,,,4.686234861848927,-150.7333131136737,-8.345284215207034,-11.87121511675969,33.2765279814529,-9.07970637541139,3.234924541,1.63257874,240.0,80.8,25.0,104.8,2525.0,6.7,823273,666023,664034,630105,592518,593428,687749,701538,665487,53.77,,,,,,,,64,6,4-Seam Fastball,3,1,1,3,1,3,1,3,Infield shade,Standard,204.0,0.0,0.0,69.2,6.9,,,0.0,88.0,2,-2,0.912,0.088,27,27,28,27,1,0,1.0,1.0,3.0,4.0,0.71,0.71,-0.71,38.2,5.424553525881438,15.94963230444612,39.46842544043073,45.19669012118747,18.61505699003772,Four-seam,False
FF,2026-07-29,103.2,-1.56,6.25,"Miller, Mason",666397,695243,,ball,,,,,14.0,,R,L,R,SD,COL,B,,,2,2,2026,-0.68,1.44,0.8968228455929507,2.104046305869783,,,,0,9,Top,,,,,,,8.588394566160414,-149.88927849551882,-9.93895126518459,-12.243053893780257,35.10713410823045,-8.18350711405513,3.234924541,1.63257874,,,,103.7,2533.0,6.6,823273,666023,664034,630105,592518,593428,687749,701538,665487,53.93,,,,,,,,64,5,4-Seam Fastball,3,1,1,3,1,3,1,3,Infield shade,Standard,203.0,-0.018,0.113,,,,,-0.113,,2,-2,0.93,0.07,27,27,28,27,1,0,1.0,1.0,3.0,4.0,0.7,0.68,-0.68,38.6,,,,,,Four-seam,False
FF,2026-07-29,102.3,-1.45,6.23,"Miller, Mason",666397,695243,,swinging_strike,,,,,6.0,,R,L,R,SD,COL,S,,,2,1,2026,-0.6,1.43,0.5952861834675502,2.456034874235049,,,,0,9,Top,,,,,,,7.235651723006581,-148.75859770812647,-8.78240535113657,-10.579393233854711,33.123036725932856,-8.954375445924248,3.234924541,1.63257874,,,,103.4,2538.0,6.8,823273,666023,664034,630105,592518,593428,687749,701538,665487,53.74,,,,,,,,64,4,4-Seam Fastball,3,1,1,3,1,3,1,3,Standard,Standard,200.0,0.014,-0.078,73.1,6.1,1.076903988,,0.078,,2,-2,0.916,0.084,27,27,28,27,1,0,1.0,1.0,3.0,4.0,0.73,0.6,-0.6,39.8,-11.754879877271083,20.401511989305497,52.58526495599628,31.684491947531903,13.58604710968956,Four-seam,False
FF,2026-07-29,102.7,-1.45,6.26,"Miller, Mason",666397,695243,,called_strike,,,,,6.0,,R,L,R,SD,COL,S,,,2,0,2026,-0.74,1.35,0.4972049818507423,2.4303148556351437,,,,0,9,Top,,,,,,,7.314863423885751,-149.1846558342768,-8.7852950814797,-12.752569884249612,33.90840355423953,-10.073759294146983,3.234924541,1.63257874,,,,103.6,2596.0,6.7,823273,666023,664034,630105,592518,593428,687749,701538,665487,53.75,,,,,,,,64,3,4-Seam Fastball,3,1,1,3,1,3,1,3,Standard,Standard,199.0,0.016,-0.073,,,,,0.073,,2,-2,0.9,0.1,27,27,28,27,1,0,1.0,1.0,3.0,4.0,0.81,0.74,-0.74,40.1,,,,,,Four-seam,False
FF,2026-07-29,101.9,-1.59,6.24,"Miller, Mason",666397,695243,,ball,,,,,11.0,,R,L,R,SD,COL,B,,,1,0,2026,-0.68,1.4,-0.0836551524958179,3.804418115804448,,,,0,9,Top,,,,,,,5.8646789041252685,-148.30137639294054,-4.840808276052713,-11.446928935634809,34.5157787893952,-10.5686100587251,3.234924541,1.63257874,,,,102.5,2552.0,6.6,823273,666023,664034,630105,592518,593428,687749,701538,665487,53.94,,,,,,,,64,2,4-Seam Fastball,3,1,1,3,1,3,1,3,Standard,Standard,201.0,-0.016,0.082,,,,,-0.082,,2,-2,0.916,0.084,27,27,28,27,1,0,1.0,1.0,3.0,4.0,0.79,0.68,-0.68,37.2,,,,,,Four-seam,False
FF,2026-07-29,102.0,-1.67,6.31,"Miller, Mason",666397,695243,,ball,,,,,11.0,,R,L,R,SD,COL,B,,,0,0,2026,-0.77,1.43,-0.5530397646604357,4.158602935095598,,,,0,9,Top,,,,,,,4.994992832877978,-148.4559540451447,-4.1547113929724135,-12.561707494508422,34.22338231397143,-10.1641669173939,3.234924541,1.63257874,,,,102.7,2520.0,6.6,823273,666023,664034,630105,592518,593428,687749,701538,665487,53.94,,,,,,,,64,1,4-Seam Fastball,3,1,1,3,1,3,1,3,Strategic,Standard,207.0,-0.008,0.042,,,,,-0.042,,2,-2,0.924,0.076,27,27,28,27,1,0,1.0,1.0,3.0,4.0,0.75,0.77,-0.77,37.9,,,,,,Four-seam,False
FF,2026-07-28,103.3,-1.55,6.18,"Miller, Mason",681198,695243,strikeout,swinging_strike,,,,,11.0,TJ Rumfield strikes out swinging.,R,L,R,SD,COL,S,2.0,,0,2,2026,-0.74,1.32,-0.4737205976976124,3.8686290844469937,,,,2,9,Top,,,,,,,4.879032361076362,-150.39663783655806,-4.517467808920051,-12.449263814542324,35.71490409672132,-11.18852770361736,3.422736221,1.727362205,,,,103.9,2649.0,6.5,823275,669134,664034,630105,592518,593428,650859,701538,665487,53.97,,0.0,0.0,1.0,0.0,0.0,,81,3,4-Seam Fastball,7,7,7,7,7,7,7,7,Infield shade,Standard,202.0,0.02,-0.155,49.8,4.1,1.973133012,,0.155,,0,0,0.619,0.381,27,26,28,26,1,4,2.0,2.0,1.0,1.0,0.81,0.74,-0.74,39.0,-18.396217225543133,43.77630671640804,36.19992130771619,34.295943843134125,1.1142838128553052,Four-seam,True
FF,2026-07-28,103.1,-1.5,6.25,"Miller, Mason",681198,695243,,foul,,,,,5.0,,R,L,R,SD,COL,S,,,0,1,2026,-0.56,1.39,0.262321995712154,2.254314710930082,,,,2,9,Top,,,,,,,6.376857730247291,-149.74219732601514,-9.375688082220378,-10.05795969338496,37.38704370618577,-9.0924897293351,3.422736221,1.727362205,158.0,62.2,29.0,103.5,2636.0,6.7,823275,669134,664034,630105,592518,593428,650859,701538,665487,53.83,,,,,,,,81,2,4-Seam Fastball,7,7,7,7,7,7,7,7,Infield shade,Standard,206.0,0.009,-0.062,66.0,6.1,,,0.062,88.0,0,0,0.61,0.39,27,26,28,26,1,4,2.0,2.0,1.0,1.0,0.76,0.56,-0.56,40.5,-7.794180228370767,10.783538223859368,49.72943351497579,27.225434549371613,15.048260833926513,Four-seam,False
SL,2026-07-28,88.8,-1.5,6.08,"Miller, Mason",681198,695243,,swinging_strike,,,,,14.0,,R,L,R,SD,COL,S,,,0,0,2026,0.91,-0.43,1.6815613279647923,1.784867811473161,,,,2,9,Top,,,,,,,5.7978096096623695,-129.09673757830535,-3.242554511944319,8.778407578154598,29.543637348814897,-36.479666189167254,3.422736221,1.727362205,,,,89.2,2518.0,6.8,823275,669134,664034,630105,592518,593428,650859,701538,665487,53.68,,,,,,,,81,1,Slider,7,7,7,7,7,7,7,7,Infield shade,Standard,38.0,0.005,-0.045,55.8,7.5,7.352924748,,0.045,,0,0,0.605,0.395,27,26,28,26,1,4,2.0,2.0,1.0,1.0,3.35,-0.91,0.91,39.1,28.24186175272219,-38.4756941663487,36.64348429455057,12.73821071368322,47.025310794992656,Slider,False
SL,2026-07-28,90.1,-1.42,6.09,"Miller, Mason",696100,695243,strikeout,swinging_strike,,,,,14.0,Hunter Goodman strikes out swinging.,R,R,R,SD,COL,S,2.0,,1,2,2026,0.85,-0.18,1.5449675181500129,1.0768261578893537,,,,1,9,Top,,,,,,,5.4563394008085275,-131.00029129554477,-5.825381129004107,8.54193141848905,29.30949960948321,-33.14619716383308,3.178756562,1.604232283,,,,90.4,2538.0,6.6,823275,669134,664034,630105,592518,593428,650859,701538,665487,53.86,,0.0,0.0,1.0,0.0,0.0,,80,4,Slider,7,7,7,7,7,7,7,7,Standard,Standard,39.0,0.033,-0.182,63.9,8.3,8.722361568,,0.182,,0,0,0.572,0.428,27,26,28,27,1,4,2.0,2.0,1.0,1.0,3.01,-0.85,-0.85,38.0,19.4899568569509,-35.55315468576999,24.75733862766366,52.744623037495,57.71810419733907,Slider,True
FF,2026-07-28,103.3,-1.5,6.23,"Miller, Mason",696100,695243,,foul,,,,,6.0,,R,R,R,SD,COL,S,,,1,1,2026,-0.53,1.34,0.2991636546133213,2.4646041758319965,,,,1,9,Top,,,,,,,6.393124349767875,-150.10997621334104,-8.64733987310528,-9.51789032370828,34.91005188577091,-10.024272621968136,3.178756562,1.604232283,289.0,82.9,38.0,104.0,2501.0,6.7,823275,669134,664034,630105,592518,593428,650859,701538,665487,53.84,,,,,,,,80,3,4-Seam Fastball,7,7,7,7,7,7,7,7,Standard,Standard,202.0,0.012,-0.07,75.7,6.9,,,0.07,88.0,0,0,0.56,0.44,27,26,28,27,1,4,2.0,2.0,1.0,1.0,0.8,0.53,0.53,41.1,8.86685727618528,7.300414585106759,24.228133919539253,40.78806269768176,30.53056675281863,Four-seam,False
FF,2026-07-28,104.0,-1.4,6.21,"Miller, Mason",696100,695243,,ball,,,,,14.0,,R,R,R,SD,COL,B,,,0,1,2026,-0.46,1.47,1.490196253598429,0.7036570796188101,,,,1,9,Top,,,,,,,9.34647558350276,-150.54808007964797,-14.019109547892098,-9.216621429871845,35.92429780329508,-6.4537630032681506,3.178756562,1.604232283,,,,104.4,2637.0,6.7,823275,669134,664034,630105,592518,593428,650859,701538,665487,53.77,,,,,,,,80,2,4-Seam Fastball,7,7,7,7,7,7,7,7,Standard,Standard,210.0,-0.005,0.032,,,,,-0.032,,0,0,0.565,0.435,27,26,28,27,1,4,2.0,2.0,1.0,1.0,0.65,0.46,0.46,40.4,,,,,,Four-seam,False
FF,2026-07-28,103.2,-1.53,6.29,"Miller, Mason",696100,695243,,swinging_strike,,,,,4.0,,R,R,R,SD,COL,S,,,0,0,2026,-0.51,1.43,-0.4900449518594579,2.595434193023349,,,,1,9,Top,,,,,,,4.199118138059771,-150.07301652014976,-8.651066366971058,-8.675270526865296,37.34562778357047,-8.707770826573475,3.178756562,1.604232283,,,,103.8,2733.0,6.7,823275,669134,664034,630105,592518,593428,650859,701538,665487,53.8,,,,,,,,80,1,4-Seam Fastball,7,7,7,7,7,7,7,7,Standard,Standard,204.0,0.007,-0.041,75.8,6.5,0.392603676,,0.041,,0,0,0.558,0.442,27,26,28,27,1,4,2.0,2.0,1.0,1.0,0.72,0.51,0.51,43.2,5.339911020224433,9.845559518950084,25.39395885661683,32.39352024107253,28.812102991210768,Four-seam,False
SL,2026-07-28,88.0,-1.73,5.97,"Miller, Mason",666160,695243,strikeout,swinging_strike,,,,,14.0,Mickey Moniak strikes out swinging.,R,L,R,SD,COL,S,2.0,,1,2,2026,0.95,-0.28,0.008430151264224,0.951198279770161,,,,0,9,Top,,,,,,,2.1729571202087588,-128.03205149793902,-5.189107876622195,9.88742031695768,28.382017079297217,-34.35373631195168,3.254232283,1.642322835,,,,88.6,2431.0,6.8,823275,669134,664034,630105,592518,593428,650859,701538,665487,53.66,,0.0,0.0,1.0,0.0,0.0,,79,4,Slider,7,7,7,7,7,7,7,7,Infield shade,Standard,34.0,0.041,-0.187,67.2,8.6,3.868747572,,0.187,,0,0,0.517,0.483,27,28,28,28,1,4,2.0,2.0,1.0,1.0,3.25,-0.95,0.95,37.7,19.740540571802264,-14.113247802498014,31.398017948942982,38.783330489756395,37.0524635041606,Slider,True
SL,2026-07-28,88.6,-1.69,6.12,"Miller, Mason",666160,695243,,foul,,,,,6.0,,R,L,R,SD,COL,S,,,1,1,2026,1.05,-0.13,0.7786197288212385,2.62784765490123,,,,0,9,Top,,,,,,,3.718575148184984,-129.00793187075504,-1.944349301788101,10.807345812322913,28.682618096930103,-33.3689734912861,3.254232283,1.642322835,13.0,72.4,-11.0,88.5,2423.0,6.4,823275,669134,664034,630105,592518,593428,650859,701538,665487,54.13,,,,,,,,79,3,Slider,7,7,7,7,7,7,7,7,Infield shade,Standard,42.0,0.014,-0.06,78.2,7.9,,,0.06,88.0,0,0,0.503,0.497,27,28,28,28,1,4,2.0,2.0,1.0,1.0,3.04,-1.05,1.05,38.8,13.911559736251922,-16.497836148700397,32.063840031387606,29.09974499368888,34.06670784776725,Slider,False
SL,2026-07-28,87.0,-1.59,6.09,"Miller, Mason",666160,695243,,called_strike,,,,,1.0,,R,L,R,SD,COL,S,,,1,0,2026,0.69,-0.45,-0.367112236635002,3.2368867840526923,,,,0,9,Top,,,,,,,1.467790843585662,-126.76808726062444,0.4589300424489821,7.130904363730046,26.53877741338372,-37.292327100049846,3.254232283,1.642322835,,,,87.5,2494.0,6.6,823275,669134,664034,630105,592518,593428,650859,701538,665487,53.94,,,,,,,,79,2,Slider,7,7,7,7,7,7,7,7,Strategic,Standard,40.0,0.011,-0.055,,,,,0.055,,0,0,0.492,0.508,27,28,28,28,1,4,2.0,2.0,1.0,1.0,3.46,-0.69,0.69,37.5,,,,,,Slider,False
SL,2026-07-28,87.5,-1.75,6.07,"Miller, Mason",666160,695243,,ball,,,,,11.0,,R,L,R,SD,COL,B,,,0,0,2026,0.64,-0.4,-0.1660940700812748,3.759829863289868,,,,0,9,Top,,,,,,,2.443446535787853,-127.43989357995147,1.5977524331092223,6.472436697615973,26.77252519040099,-37.061089978145496,3.254232283,1.642322835,,,,88.0,2350.0,6.6,823275,669134,664034,630105,592518,593428,650859,701538,665487,53.91,,,,,,,,79,1,Slider,7,7,7,7,7,7,7,7,Strategic,Standard,40.0,-0.008,0.042,,,,,-0.042,,0,0,0.5,0.5,27,28,28,28,1,4,2.0,2.0,1.0,1.0,3.38,-0.64,0.64,36.4,,,,,,Slider,False
SL,2026-07-26,90.1,-1.36,5.99,"Miller, Mason",691788,695243,strikeout,swinging_strike_blocked,,,,,14.0,Joe Mack strikes out swinging.,R,L,R,MIA,SD,S,2.0,,2,2,2026,0.79,-0.35,1.0952536476077976,0.0388552912133794,,,,2,9,Bot,,,,,,,4.329325216636557,-130.87611239826686,-7.712999613890968,8.024638802995945,30.77808436075182,-34.58067366998683,3.220882546,1.625492126,,,,90.4,2455.0,6.8,823840,660710,664034,630105,650859,823550,687749,701538,665487,53.68,,0.0,0.0,1.0,0.0,0.0,,75,5,Slider,3,5,3,5,5,3,3,5,Infield shade,Standard,33.0,-0.015,-0.223,70.1,8.6,14.186859768,,0.223,,-2,-2,0.015,0.015,27,23,28,24,1,3,2.0,2.0,2.0,1.0,3.2,-0.79,0.79,37.6,25.335288134963093,-43.02087530030238,35.84858359685295,25.243836684362577,53.06765958659055,Slider,True
FF,2026-07-26,103.5,-1.46,6.09,"Miller, Mason",691788,695243,,ball,,,,,11.0,,R,L,R,MIA,SD,B,,,1,2,2026,-0.77,1.15,-0.8456993632432968,3.290409059166646,,,,2,9,Bot,,,,,,,3.655193951548329,-150.64047383940382,-5.469129057958824,-12.553210832671008,38.01547942393931,-13.503703948398938,3.220882546,1.625492126,,,,103.6,2545.0,6.4,823840,660710,664034,630105,650859,823550,687749,701538,665487,54.05,,,,,,,,75,4,4-Seam Fastball,3,5,3,5,5,3,3,5,Infield shade,Standard,205.0,0.0,0.041,,,,,-0.041,,-2,-2,0.015,0.015,27,23,28,24,1,3,2.0,2.0,2.0,1.0,0.98,0.77,-0.77,37.8,,,,,,Four-seam,False
CH,2026-07-26,98.0,-1.68,5.93,"Miller, Mason",691788,695243,,ball,,,,,14.0,,R,L,R,MIA,SD,B,,,0,2,2026,-1.42,0.14,0.5490165477020792,0.971781164077964,,,,2,9,Bot,,,,,,,9.2815589597882,-142.18626309362392,-7.938180497425037,-21.35372711455823,33.53918851779298,-28.605503941008504,3.220882546,1.625492126,,,,98.1,2257.0,6.6,823840,660710,664034,630105,650859,823550,687749,701538,665487,53.95,,,,,,,,75,3,Changeup,3,5,3,5,5,3,3,5,Infield shade,Standard,231.0,0.0,0.028,,,,,-0.028,,-2,-2,0.015,0.015,27,23,28,24,1,3,2.0,2.0,2.0,1.0,2.26,1.42,-1.42,36.3,,,,,,Changeup,False
FF,2026-07-26,102.8,-1.32,6.13,"Miller, Mason",691788,695243,,foul,,,,,3.0,,R,L,R,MIA,SD,S,,,0,1,2026,-0.52,1.47,0.4061098712375517,3.1559254805879693,,,,2,9,Bot,,,,,,,6.123295984270913,-149.44337555415404,-6.611020500338897,-9.255506766340607,37.65334598698445,-8.760247807305253,3.220882546,1.625492126,214.0,82.7,19.0,102.9,2558.0,6.5,823840,660710,664034,630105,650859,823550,687749,701538,665487,54.0,,,,,,,,75,2,4-Seam Fastball,3,5,3,5,5,3,3,5,Infield shade,Standard,210.0,0.0,-0.062,72.4,5.9,,,0.062,88.0,-2,-2,0.015,0.015,27,23,28,24,1,3,2.0,2.0,2.0,1.0,0.7,0.52,-0.52,38.6,0.930284972960092,20.26677115039782,28.55485369997888,31.27732581672594,18.021414215976,Four-seam,False
SL,2026-07-26,89.6,-1.53,6.02,"Miller, Mason",691788,695243,,swinging_strike,,,,,9.0,,R,L,R,MIA,SD,S,,,0,0,2026,0.66,-0.21,0.6218810322008332,1.6876219523325973,,,,2,9,Bot,,,,,,,3.832371167054867,-130.4517455393121,-3.991748209977062,6.691162393270035,29.052622520875502,-33.87170150152355,3.220882546,1.625492126,,,,89.8,2357.0,6.5,823840,660710,664034,630105,650859,823550,687749,701538,665487,53.96,,,,,,,,75,1,Slider,3,5,3,5,5,3,3,5,Infield shade,Standard,39.0,0.0,-0.045,66.8,8.2,3.664623324,,0.045,,-2,-2,0.015,0.015,27,23,28,24,1,3,2.0,2.0,2.0,1.0,3.06,-0.66,0.66,38.6,17.45306550881923,-39.046441276442465,24.463736732058887,31.256798115631128,48.92717368709699,Slider,False
FF,2026-07-26,102.9,-1.5,6.07,"Miller, Mason",691594,695243,field_out,hit_into_play,,,,,5.0,"Javier Sanoja grounds out, shortstop Sung-Mun Song to first baseman Ty France.",R,R,R,MIA,SD,X,6.0,ground_ball,3,2,2026,-0.6,1.35,-0.1640526776083527,2.488572003093066,,,,1,9,Bot,110.75,161.6,,,,,5.270800419603177,-149.64789726823145,-8.080585805020787,-10.369396513471784,37.082607694551754,-10.096329611033868,2.995333005,1.511663386,12.0,97.0,-11.0,103.3,2565.0,6.6,823840,660710,664034,630105,650859,823550,687749,701538,665487,53.9,0.195,0.182,0.0,1.0,0.0,0.0,2.0,74,6,4-Seam Fastball,3,5,3,5,5,3,3,5,Standard,Strategic,205.0,-0.042,-0.345,64.9,6.2,,0.224,0.345,97.0,-2,-2,0.057,0.057,27,23,28,24,1,1,2.0,1.0,2.0,1.0,0.81,0.6,0.6,39.0,1.0602293744898796,6.253615905704534,24.22997674382244,31.51393245875494,26.447108497233778,Four-seam,True
FF,2026-07-26,101.7,-1.22,6.12,"Miller, Mason",691594,695243,,foul,,,,,6.0,,R,R,R,MIA,SD,S,,,3,1,2026,-0.5,1.57,0.6607048325247703,2.0829869568666552,,,,1,9,Bot,,,,,,,6.483604266506073,-147.6780210489199,-9.691610271836232,-8.854239002383634,36.729109335265846,-7.078972541035332,2.995333005,1.511663386,306.0,91.2,28.0,102.7,2596.0,7.0,823840,660710,664034,630105,650859,823550,687749,701538,665487,53.48,,,,,,,,74,5,4-Seam Fastball,3,5,3,5,5,3,3,5,Standard,Standard,203.0,-0.016,-0.092,71.2,7.3,,,0.092,91.2,-2,-2,0.073,0.073,27,23,28,24,1,1,2.0,1.0,2.0,1.0,0.65,0.5,0.5,39.9,-8.961775939299159,13.035893233948514,23.227043678400015,42.80460285605922,18.11800399825916,Four-seam,False
FF,2026-07-26,102.1,-1.45,6.12,"Miller, Mason",691594,695243,,ball,,,,,14.0,,R,R,R,MIA,SD,B,,,2,1,2026,-0.5,1.42,0.011474965180604,0.8032273023084997,,,,1,9,Bot,,,,,,,5.310175716298484,-148.0525720735162,-12.904413394168811,-8.571180636425275,36.10295127671985,-8.351091081372662,2.995333005,1.511663386,,,,102.5,2537.0,6.7,823840,660710,664034,630105,650859,823550,687749,701538,665487,53.77,,,,,,,,74,4,4-Seam Fastball,3,5,3,5,5,3,3,5,Standard,Standard,205.0,0.019,0.128,,,,,-0.128,,-2,-2,0.054,0.054,27,23,28,24,1,1,2.0,1.0,2.0,1.0,0.79,0.5,0.5,39.8,,,,,,Four-seam,False
FF,2026-07-26,103.2,-1.26,6.2,"Miller, Mason",691594,695243,,ball,,,,,14.0,,R,R,R,MIA,SD,B,,,1,1,2026,-0.32,1.51,1.4988718960980347,1.008736322703632,,,,1,9,Bot,,,,,,,8.573085188928268,-149.5343376376068,-13.018711913275094,-6.942860627465218,37.231145561441934,-6.445575372113498,2.995333005,1.511663386,,,,103.4,2590.0,6.7,823840,660710,664034,630105,650859,823550,687749,701538,665487,53.81,,,,,,,,74,3,4-Seam Fastball,3,5,3,5,5,3,3,5,Standard,Standard,205.0,0.009,0.056,,,,,-0.056,,-2,-2,0.045,0.045,27,23,28,24,1,1,2.0,1.0,2.0,1.0,0.65,0.32,0.32,42.0,,,,,,Four-seam,False
SL,2026-07-26,89.2,-1.46,6.0,"Miller, Mason",691594,695243,,ball,,,,,14.0,,R,R,R,MIA,SD,B,,,0,1,2026,0.45,-0.52,0.7365808345210405,0.9558180059971342,,,,1,9,Bot,,,,,,,4.388482981758557,-129.6633475207893,-4.928579423294119,4.007428010846716,30.86023517078365,-37.03504933185703,2.995333005,1.511663386,,,,89.3,2392.0,6.7,823840,660710,664034,630105,650859,823550,687749,701538,665487,53.8,,,,,,,,74,2,Slider,3,5,3,5,5,3,3,5,Standard,Standard,35.0,0.003,0.032,,,,,-0.032,,-2,-2,0.042,0.042,27,23,28,24,1,1,2.0,1.0,2.0,1.0,3.42,-0.45,-0.45,37.3,,,,,,Slider,False
SL,2026-07-26,89.4,-1.53,6.04,"Miller, Mason",691594,695243,,swinging_strike,,,,,14.0,,R,R,R,MIA,SD,S,,,0,0,2026,0.48,-0.58,0.702589731449349,0.7149347312492385,,,,1,9,Bot,,,,,,,4.415180854968396,-129.9377954012227,-5.509008200002892,4.323111101095282,31.27024737140696,-37.59631189553793,2.995333005,1.511663386,,,,89.3,2473.0,6.6,823840,660710,664034,630105,650859,823550,687749,701538,665487,53.89,,,,,,,,74,1,Slider,3,5,3,5,5,3,3,5,Standard,Standard,30.0,-0.005,-0.041,64.8,8.3,12.710973348,,0.041,,-2,-2,0.047,0.047,27,23,28,24,1,1,2.0,1.0,2.0,1.0,3.48,-0.48,-0.48,38.6,11.161910603875045,-42.630636149635066,19.41646088177285,40.842559041234495,57.05895829844037,Slider,False
FF,2026-07-26,102.5,-1.65,6.14,"Miller, Mason",805300,695243,field_out,hit_into_play,,,,,5.0,Jakob Marsee flies out to left fielder Jase Bowen.,R,L,R,MIA,SD,X,7.0,fly_ball,2,1,2026,-0.62,1.45,0.2293650382589104,2.171661098559833,,,,0,9,Bot,70.91,121.8,,,,,6.810157742477868,-148.8451565800532,-9.304498059974652,-10.926842411412816,36.67188303937042,-8.556143663447541,3.212106299,1.621062992,237.0,79.9,46.0,102.8,2557.0,6.6,823840,660710,664034,630105,650859,823550,687749,701538,665487,53.88,0.017,0.015,0.0,1.0,0.0,0.0,3.0,73,4,4-Seam Fastball,3,5,3,5,5,3,3,5,Infield shade,Standard,207.0,-0.058,-0.31,74.7,7.1,,0.017,0.31,88.0,-2,-2,0.105,0.105,27,25,28,25,1,0,2.0,1.0,2.0,1.0,0.73,0.62,-0.62,39.0,5.194813646914671,-4.707530155157718,36.2098686896159,33.94011561196359,28.335817533078178,Four-seam,True
FF,2026-07-26,102.0,-1.58,6.14,"Miller, Mason",805300,695243,,ball,,,,,14.0,,R,L,R,MIA,SD,B,,,1,1,2026,-0.57,1.64,0.168900918545973,1.445679186109483,,,,0,9,Bot,,,,,,,6.265731564379457,-147.9502154385389,-11.660235797000166,-9.8518744164164,37.07539779761343,-5.435518215338437,3.212106299,1.621062992,,,,102.1,2687.0,6.6,823840,660710,664034,630105,650859,823550,687749,701538,665487,53.85,,,,,,,,73,3,4-Seam Fastball,3,5,3,5,5,3,3,5,Infield shade,Standard,205.0,0.012,0.063,,,,,-0.063,,-2,-2,0.093,0.093,27,25,28,25,1,0,2.0,1.0,2.0,1.0,0.58,0.57,-0.57,38.6,,,,,,Four-seam,False
SL,2026-07-26,88.3,-1.62,6.12,"Miller, Mason",805300,695243,,ball,,,,,14.0,,R,L,R,MIA,SD,B,,,0,1,2026,0.75,-0.46,0.9788937413758598,-0.0534674335491578,,,,0,9,Bot,,,,,,,4.686657569746179,-128.37513837421665,-7.656355720522662,7.233652277303906,27.916285984813943,-35.759972091315525,3.212106299,1.621062992,,,,88.6,2555.0,6.7,823840,660710,664034,630105,650859,823550,687749,701538,665487,53.83,,,,,,,,73,2,Slider,3,5,3,5,5,3,3,5,Infield shade,Standard,35.0,0.005,0.029,,,,,-0.029,,-2,-2,0.088,0.088,27,25,28,25,1,0,2.0,1.0,2.0,1.0,3.4,-0.75,0.75,37.7,,,,,,Slider,False
FF,2026-07-26,101.0,-1.58,6.2,"Miller, Mason",805300,695243,,foul,,,,,2.0,,R,L,R,MIA,SD,S,,,0,0,2026,-0.42,1.49,0.1910133202269689,3.146815853244307,,,,0,9,Bot,,,,,,,5.897219534743051,-146.83522284724972,-6.611404779219769,-7.490496512773615,35.40000308859425,-9.212176906033758,3.212106299,1.621062992,231.0,79.4,24.0,101.3,2449.0,6.6,823840,660710,664034,630105,650859,823550,687749,701538,665487,53.93,,,,,,,,73,1,4-Seam Fastball,3,5,3,5,5,3,3,5,Infield shade,Standard,200.0,-0.007,-0.041,70.3,6.9,,,0.041,88.0,-2,-2,0.095,0.095,27,25,28,25,1,0,2.0,1.0,2.0,1.0,0.75,0.42,-0.42,40.9,11.258105796087948,-13.11246603262344,24.93701788816611,33.21692077404459,31.629705981978137,Four-seam,False
FF,2026-07-24,102.8,-1.29,6.19,"Miller, Mason",669065,695243,strikeout,foul_tip,,,,,9.0,Kyle Stowers strikes out on a foul tip.,R,L,R,MIA,SD,S,2.0,,3,2,2026,-0.75,1.18,0.5219809031054884,1.8931386161598915,,,,2,9,Bot,,,,,,,6.971404046506414,-149.33749923610108,-9.651809587638724,-12.879860284600824,35.90909776048464,-12.328958174901723,3.295480643,1.663139764,,,,103.5,2523.0,6.7,823843,666023,657757,630105,823550,593428,687749,701538,665487,53.76,,0.0,0.0,1.0,0.0,0.0,,79,6,4-Seam Fastball,2,4,2,4,4,2,2,4,Infield shade,Standard,203.0,-0.02,-0.306,80.2,6.5,,,0.306,,-2,-2,0.02,0.02,27,28,28,28,1,4,3.0,2.0,2.0,1.0,0.98,0.75,-0.75,42.6,6.756112293876081,2.461925724295448,35.616078958017965,31.72611193721368,30.002094696007475,Four-seam,True
FF,2026-07-24,101.0,-1.33,6.16,"Miller, Mason",669065,695243,,swinging_strike,,,,,3.0,,R,L,R,MIA,SD,S,,,3,1,2026,-0.26,1.36,0.5773523384504708,3.12327073068805,,,,2,9,Bot,,,,,,,5.929361691446036,-146.94757799832792,-6.278336996590737,-5.170285494565629,34.74719070155874,-11.182842236739424,3.295480643,1.663139764,,,,101.8,2478.0,6.7,823843,666023,657757,630105,823550,593428,687749,701538,665487,53.77,,,,,,,,79,5,4-Seam Fastball,2,4,2,4,4,2,2,4,Infield shade,Standard,199.0,-0.007,-0.097,80.7,6.3,0.603015948,,0.097,,-2,-2,0.027,0.027,27,28,28,28,1,4,3.0,2.0,2.0,1.0,0.88,0.26,-0.26,40.7,11.390753809209336,8.538474743901615,30.04140482560125,30.583348065907956,27.395967190461985,Four-seam,False
FF,2026-07-24,101.7,-1.33,6.19,"Miller, Mason",669065,695243,,called_strike,,,,,3.0,,R,L,R,MIA,SD,S,,,3,0,2026,-0.24,1.47,0.4084721538906625,2.977505140344366,,,,2,9,Bot,,,,,,,5.465979766907543,-147.95970553983904,-7.187385484506271,-4.788457213475958,34.164741785844036,-9.017534070891372,3.295480643,1.663139764,,,,103.0,2492.0,6.9,823843,666023,657757,630105,823550,593428,687749,701538,665487,53.6,,,,,,,,79,4,4-Seam Fastball,2,4,2,4,4,2,2,4,Infield shade,Standard,203.0,-0.007,-0.066,,,,,0.066,,-2,-2,0.034,0.034,27,28,28,28,1,4,3.0,2.0,2.0,1.0,0.73,0.24,-0.24,40.5,,,,,,Four-seam,False
FF,2026-07-24,101.0,-1.37,6.24,"Miller, Mason",669065,695243,,ball,,,,,11.0,,R,L,R,MIA,SD,B,,,2,0,2026,0.0,1.47,-0.0265661420356518,3.77784617596796,,,,2,9,Bot,,,,,,,3.720647796933073,-147.01193786690493,-4.947681283302705,-0.8900616379624144,34.993365704105024,-9.958441218035905,3.295480643,1.663139764,,,,101.7,2578.0,6.6,823843,666023,657757,630105,823550,593428,687749,701538,665487,53.85,,,,,,,,79,3,4-Seam Fastball,2,4,2,4,4,2,2,4,Infield shade,Standard,197.0,0.01,0.102,,,,,-0.102,,-2,-2,0.024,0.024,27,28,28,28,1,4,3.0,2.0,2.0,1.0,0.77,0.0,0.0,42.0,,,,,,Four-seam,False
FF,2026-07-24,100.6,-1.48,6.11,"Miller, Mason",669065,695243,,ball,,,,,14.0,,R,L,R,MIA,SD,B,,,1,0,2026,-0.2,1.38,0.6237296190649593,1.3566488105542294,,,,2,9,Bot,,,,,,,6.291794431403971,-146.11269493501706,-10.978092279033694,-4.415440453998447,34.53566075088543,-9.916594316918204,3.295480643,1.663139764,,,,101.3,2557.0,6.8,823843,666023,657757,630105,823550,593428,687749,701538,665487,53.73,,,,,,,,79,2,4-Seam Fastball,2,4,2,4,4,2,2,4,Infield shade,Standard,205.0,0.006,0.064,,,,,-0.064,,-2,-2,0.018,0.018,27,28,28,28,1,4,3.0,2.0,2.0,1.0,0.88,0.2,-0.2,38.3,,,,,,Four-seam,False
SL,2026-07-24,87.6,-1.47,6.03,"Miller, Mason",669065,695243,,ball,,,,,13.0,,R,L,R,MIA,SD,B,,,0,0,2026,1.03,-0.51,-0.1946553144763552,0.1716686428062708,,,,2,9,Bot,,,,,,,0.8790667931569358,-127.52535611270224,-6.683375295764513,11.007680632126991,26.901230299912537,-36.52651108615305,3.295480643,1.663139764,,,,88.2,2468.0,6.7,823843,666023,657757,630105,823550,593428,687749,701538,665487,53.83,,,,,,,,79,1,Slider,2,4,2,4,4,2,2,4,Infield shade,Standard,37.0,0.003,0.041,,,,,-0.041,,-2,-2,0.015,0.015,27,28,28,28,1,4,3.0,2.0,2.0,1.0,3.48,-1.03,1.03,35.7,,,,,,Slider,False
SL,2026-07-24,89.3,-1.46,6.09,"Miller, Mason",672640,695243,field_out,hit_into_play,,,,,7.0,"Otto Lopez grounds out sharply, third baseman Sung-Mun Song to first baseman Gavin Sheets.",R,R,R,MIA,SD,X,5.0,ground_ball,1,2,2026,0.46,-0.64,-0.3173102563483392,1.5931032473397777,,,,1,9,Bot,99.68,167.04,,,,,1.7909244096363732,-129.99492431339084,-3.406412816678797,4.82233224062278,29.617648288671955,-38.83532290944548,3.136630577,1.582972441,6.0,100.8,-17.0,90.1,2407.0,7.0,823843,666023,657757,630105,823550,593428,687749,701538,665487,53.53,0.219,0.197,0.0,1.0,0.0,0.0,2.0,78,4,Slider,2,4,2,4,4,2,2,4,Standard,Standard,36.0,-0.022,-0.182,67.4,6.9,,0.239,0.182,100.8,-2,-2,0.037,0.037,27,27,28,28,1,4,3.0,2.0,2.0,1.0,3.52,-0.46,-0.46,40.3,0.2894302589324702,-7.521213987069989,39.39157006906588,33.14787447665293,34.62175284665159,Slider,True
SL,2026-07-24,88.2,-1.42,6.08,"Miller, Mason",672640,695243,,called_strike,,,,,7.0,,R,R,R,MIA,SD,S,,,1,1,2026,0.78,-0.53,-0.4023328735528502,1.6805036417968275,,,,1,9,Bot,,,,,,,0.7820622802388006,-128.4573572740232,-3.217150885028171,8.414392864674213,28.803919845251546,-37.493882994454744,3.136630577,1.582972441,,,,88.3,2498.0,6.5,823843,666023,657757,630105,823550,593428,687749,701538,665487,53.99,,,,,,,,78,3,Slider,2,4,2,4,4,2,2,4,Standard,Standard,42.0,-0.008,-0.07,,,,,0.07,,-2,-2,0.045,0.045,27,27,28,28,1,4,3.0,2.0,2.0,1.0,3.47,-0.78,-0.78,36.4,,,,,,Slider,False
SL,2026-07-24,89.3,-1.54,6.03,"Miller, Mason",672640,695243,,ball,,,,,13.0,,R,R,R,MIA,SD,B,,,0,1,2026,0.67,-0.38,-0.2435135856829871,1.165841896489761,,,,1,9,Bot,,,,,,,1.7216488716803375,-129.92291246060557,-4.851853487838065,7.137238741246734,29.40545638384569,-35.61130424155257,3.136630577,1.582972441,,,,89.8,2381.0,6.8,823843,666023,657757,630105,823550,593428,687749,701538,665487,53.72,,,,,,,,78,2,Slider,2,4,2,4,4,2,2,4,Standard,Standard,33.0,0.003,0.032,,,,,-0.032,,-2,-2,0.042,0.042,27,27,28,28,1,4,3.0,2.0,2.0,1.0,3.26,-0.67,-0.67,39.5,,,,,,Slider,False
FF,2026-07-24,101.2,-1.55,6.22,"Miller, Mason",672640,695243,,called_strike,,,,,6.0,,R,R,R,MIA,SD,S,,,0,0,2026,-0.56,1.3,0.6001256878465505,2.219292508722478,,,,1,9,Bot,,,,,,,7.325190273928353,-146.9642497415215,-8.795207353523406,-9.86397012682039,34.0800217148784,-11.446555968715732,3.136630577,1.582972441,,,,101.8,2477.0,6.7,823843,666023,657757,630105,823550,593428,687749,701538,665487,53.83,,,,,,,,78,1,4-Seam Fastball,2,4,2,4,4,2,2,4,Standard,Standard,205.0,-0.005,-0.041,,,,,0.041,,-2,-2,0.047,0.047,27,27,28,28,1,4,3.0,2.0,2.0,1.0,0.93,0.56,0.56,41.6,,,,,,Four-seam,False
FF,2026-07-24,101.2,-1.56,6.18,"Miller, Mason",691788,695243,field_out,hit_into_play,,,,,6.0,Joe Mack grounds out to first baseman Gavin Sheets.,R,L,R,MIA,SD,X,3.0,ground_ball,0,0,2026,-0.56,1.18,0.6790017690548155,2.410286754886185,,,,0,9,Bot,160.34,164.35,,,,,7.586868871425047,-147.07277841679087,-7.876143687341484,-10.001078912487776,35.2268918471727,-13.351759976810769,3.220882546,1.625492126,20.0,96.7,-6.0,101.8,2416.0,6.7,823843,666023,657757,630105,823550,593428,687749,701538,665487,53.79,0.224,0.209,0.0,1.0,0.0,0.0,2.0,77,1,4-Seam Fastball,2,4,2,4,4,2,2,4,Standard,Standard,203.0,-0.048,-0.259,76.7,7.4,,0.251,0.259,96.7,-2,-2,0.095,0.095,27,23,28,24,1,3,3.0,2.0,2.0,2.0,1.05,0.56,-0.56,41.7,23.495150674659783,-14.986051181808218,29.389252537037233,29.31291654035026,32.05501127492198,Four-seam,True
FF,2026-07-21,102.2,-1.4,6.2,"Miller, Mason",621566,695243,strikeout,swinging_strike,,,,,14.0,Matt Olson strikes out swinging.,R,L,R,ATL,SD,S,2.0,,1,2,2026,-0.29,1.29,1.394618439765846,1.642718840100841,,805347.0,686948.0,2,9,Bot,,,,,,,8.57254516391435,-148.38836390514865,-10.622468778808916,-6.24404240957888,33.13950902096362,-10.817270964418622,3.37183399,1.701673228,,,,103.6,2532.0,7.0,824895,669134,664034,630105,592518,593428,687749,701538,665487,53.49,,0.0,0.0,1.0,0.0,0.0,,81,4,4-Seam Fastball,3,8,3,8,8,3,3,8,Infield shade,Standard,206.0,-0.004,-0.208,71.2,7.1,1.196701272,,0.208,,-5,-5,0.004,0.004,27,32,28,32,1,4,4.0,1.0,3.0,1.0,0.89,0.29,-0.29,43.1,0.5144724137955966,-0.093570679592354,41.49046125241245,21.721285398036443,27.52735977811572,Four-seam,True
FF,2026-07-21,102.5,-1.4,6.19,"Miller, Mason",621566,695243,,called_strike,,,,,8.0,,R,L,R,ATL,SD,S,,,1,1,2026,-0.48,1.25,0.2516411367099527,1.810292549507019,,805347.0,686948.0,2,9,Bot,,,,,,,5.887027812540916,-149.06355363271842,-10.161756614248247,-8.452035573788663,31.39469828102568,-11.428398415907886,3.37183399,1.701673228,,,,104.7,2616.0,7.2,824895,669134,664034,630105,592518,593428,687749,701538,665487,53.32,,,,,,,,81,3,4-Seam Fastball,3,8,3,8,8,3,3,8,Infield shade,Standard,203.0,0.0,-0.061,,,,,0.061,,-5,-5,0.004,0.004,27,32,28,32,1,4,4.0,1.0,3.0,1.0,0.9,0.48,-0.48,42.0,,,,,,Four-seam,False
FF,2026-07-21,101.4,-1.32,6.28,"Miller, Mason",621566,695243,,foul,,,,,9.0,,R,L,R,ATL,SD,S,,,1,0,2026,-0.58,1.45,0.4536834335888789,1.949979946006113,,805347.0,686948.0,2,9,Bot,,,,,,,6.391988200887497,-147.42155312044383,-10.278487905513174,-9.85137256932796,31.531012070537663,-8.769488622481864,3.37183399,1.701673228,,,,103.4,2525.0,7.2,824895,669134,664034,630105,592518,593428,687749,701538,665487,53.31,,,,,,,,81,2,4-Seam Fastball,3,8,3,8,8,3,3,8,Infield shade,Standard,209.0,-0.001,-0.044,75.2,7.6,,,0.044,,-5,-5,0.005,0.005,27,32,28,32,1,4,4.0,1.0,3.0,1.0,0.75,0.58,-0.58,42.5,2.1123777483883974,1.2421378328114667,41.38231357022028,32.22889425198777,26.559231431875222,Four-seam,False
SL,2026-07-21,88.1,-1.46,6.13,"Miller, Mason",621566,695243,,ball,,,,,4.0,,R,L,R,ATL,SD,B,,,0,0,2026,0.94,-0.51,-0.704097622889571,2.3879798690235146,,805347.0,686948.0,2,9,Bot,,,,,,,-0.1854574351250576,-128.35478311922807,-1.644336448824484,10.327986959297878,28.71058628260615,-37.68930026640216,3.37183399,1.701673228,,,,88.8,2389.0,6.8,824895,669134,664034,630105,592518,593428,687749,701538,665487,53.67,,,,,,,,81,1,Slider,3,8,3,8,8,3,3,8,Infield shade,Standard,35.0,0.001,0.029,,,,,-0.029,,-5,-5,0.004,0.004,27,32,28,32,1,4,4.0,1.0,3.0,1.0,3.46,-0.94,0.94,39.4,,,,,,Slider,False
SL,2026-07-21,88.4,-1.36,6.1,"Miller, Mason",645277,695243,strikeout,called_strike,,,,,2.0,Ozzie Albies called out on strikes.,R,L,R,ATL,SD,S,2.0,,1,2,2026,0.97,-0.41,0.0262766834644545,2.534536673204341,,805347.0,686948.0,1,9,Bot,,,,,,,1.2862773827062166,-128.76555076257284,-1.4997198399711371,10.515618182489442,27.88821479708452,-36.652531910104294,2.984801509,1.506348425,,,,89.4,2559.0,7.0,824895,669134,664034,630105,592518,593428,687749,701538,665487,53.54,,0.0,0.0,1.0,0.0,0.0,,80,5,Slider,3,8,3,8,8,3,3,8,Infield shade,Standard,39.0,-0.01,-0.164,,,,,0.164,,-5,-5,0.014,0.014,27,29,28,29,1,4,4.0,1.0,3.0,1.0,3.33,-0.97,0.97,37.3,,,,,,Slider,True
SL,2026-07-21,88.8,-1.44,6.08,"Miller, Mason",645277,695243,,foul,,,,,6.0,,R,L,R,ATL,SD,S,,,1,2,2026,0.99,-0.33,0.7790982859471844,1.969226583498436,,805347.0,686948.0,1,9,Bot,,,,,,,3.289933183314176,-129.39934397260532,-3.1883060018003055,10.597304288075495,25.118125944400266,-35.45438520392495,2.984801509,1.506348425,376.0,99.7,30.0,90.6,2455.0,7.2,824895,669134,664034,630105,592518,593428,687749,701538,665487,53.35,,,,,,,,80,4,Slider,3,8,3,8,8,3,3,8,Infield shade,Standard,37.0,0.0,0.0,65.4,7.6,,,0.0,99.7,-5,-5,0.014,0.014,27,29,28,29,1,4,4.0,1.0,3.0,1.0,3.19,-0.99,0.99,38.4,25.537571325403466,-23.132751167510328,33.83555050176174,23.866764108857275,44.70684102714269,Slider,False
FF,2026-07-21,100.8,-1.34,6.26,"Miller, Mason",645277,695243,,foul,,,,,12.0,,R,L,R,ATL,SD,S,,,1,1,2026,-0.4,1.34,0.9764176959048094,2.6927741070860485,,805347.0,686948.0,1,9,Bot,,,,,,,7.450679598593836,-146.51838144283698,-7.703951020833612,-7.582293702940062,34.99203617014558,-11.18161612533981,2.984801509,1.506348425,174.0,74.5,65.0,102.3,2534.0,7.2,824895,669134,664034,630105,592518,593428,687749,701538,665487,53.3,,,,,,,,80,3,4-Seam Fastball,3,8,3,8,8,3,3,8,Infield shade,Standard,207.0,-0.004,-0.064,66.3,7.4,,,0.064,88.0,-5,-5,0.018,0.018,27,29,28,29,1,4,4.0,1.0,3.0,1.0,0.91,0.4,-0.4,42.4,24.31581102456121,-18.32649119732956,36.17752708256902,19.95258609658898,38.68370922773124,Four-seam,False
CH,2026-07-21,96.7,-1.58,6.12,"Miller, Mason",645277,695243,,ball,,,,,11.0,,R,L,R,ATL,SD,B,,,0,1,2026,-0.98,0.33,-1.2462020772249125,3.1050548319090083,,805347.0,686948.0,1,9,Bot,,,,,,,3.2046038224647577,-140.8437725980376,-3.086802872790752,-13.800134162327316,32.5167264695569,-27.27250996012615,2.984801509,1.506348425,,,,98.1,2226.0,7.1,824895,669134,664034,630105,592518,593428,687749,701538,665487,53.44,,,,,,,,80,2,Changeup,3,8,3,8,8,3,3,8,Infield shade,Standard,222.0,0.001,0.027,,,,,-0.027,,-5,-5,0.017,0.017,27,29,28,29,1,4,4.0,1.0,3.0,1.0,2.11,0.98,-0.98,35.4,,,,,,Changeup,False
FF,2026-07-21,101.4,-1.59,6.16,"Miller, Mason",645277,695243,,called_strike,,,,,4.0,,R,L,R,ATL,SD,S,,,0,0,2026,-0.48,1.42,-0.5907690028068753,2.2653343513645585,,805347.0,686948.0,1,9,Bot,,,,,,,3.9912051943519304,-147.41613682719998,-8.91110891953925,-8.0078115000682,35.86754261798525,-9.467193853050317,2.984801509,1.506348425,,,,102.6,2551.0,7.0,824895,669134,664034,630105,592518,593428,687749,701538,665487,53.47,,,,,,,,80,1,4-Seam Fastball,3,8,3,8,8,3,3,8,Infield shade,Standard,207.0,-0.002,-0.041,,,,,0.041,,-5,-5,0.019,0.019,27,29,28,29,1,4,4.0,1.0,3.0,1.0,0.8,0.48,-0.48,40.4,,,,,,Four-seam,False
SL,2026-07-21,87.0,-1.26,5.98,"Miller, Mason",686948,695243,walk,blocked_ball,,,,,14.0,Drake Baldwin walks.,R,L,R,ATL,SD,B,,,3,2,2026,0.73,-0.48,2.460846781974609,-1.141749969449111,,805347.0,,1,9,Bot,,,,,,,7.379186675905143,-126.18718689772128,-9.582685289994012,6.075241320562649,28.642170931533993,-35.24789864622746,3.205962927,1.617962598,,,,87.7,2465.0,7.2,824895,669134,664034,630105,592518,593428,687749,701538,665487,53.33,,0.698418,0.7,1.0,0.0,0.0,,79,6,Slider,3,8,3,8,8,3,3,8,Infield shade,Standard,30.0,0.009,0.193,,,,,-0.193,,-5,-5,0.01,0.01,27,25,28,25,1,4,4.0,1.0,3.0,1.0,3.54,-0.73,0.73,41.8,,,,,,Slider,True
FF,2026-07-21,101.3,-1.42,6.27,"Miller, Mason",686948,695243,,ball,,,,,11.0,,R,L,R,ATL,SD,B,,,2,2,2026,-0.29,1.42,-0.7957853331961853,3.569881685755263,,805347.0,,1,9,Bot,,,,,,,2.4799668002496102,-147.3356709061004,-5.517287962280205,-4.894735874754505,38.79553234563381,-10.413902468820543,3.205962927,1.617962598,,,,102.3,2429.0,7.1,824895,669134,664034,630105,592518,593428,687749,701538,665487,53.42,,,,,,,,79,5,4-Seam Fastball,3,8,3,8,8,3,3,8,Strategic,Standard,206.0,0.003,0.084,,,,,-0.084,,-5,-5,0.007,0.007,27,25,28,25,1,4,4.0,1.0,3.0,1.0,0.82,0.29,-0.29,42.5,,,,,,Four-seam,False
FF,2026-07-21,102.4,-1.32,6.3,"Miller, Mason",686948,695243,,ball,,,,,11.0,,R,L,R,ATL,SD,B,,,1,2,2026,-0.48,1.4,-0.3237850789486831,4.045101669625195,,805347.0,,1,9,Bot,,,,,,,4.023026008001089,-149.09137670653158,-4.429941206097277,-8.195432698896374,36.81928954108238,-10.425423697957497,3.205962927,1.617962598,,,,103.7,2394.0,7.0,824895,669134,664034,630105,592518,593428,687749,701538,665487,53.48,,,,,,,,79,4,4-Seam Fastball,3,8,3,8,8,3,3,8,Strategic,Standard,212.0,0.001,0.029,,,,,-0.029,,-5,-5,0.006,0.006,27,25,28,25,1,4,4.0,1.0,3.0,1.0,0.77,0.48,-0.48,39.8,,,,,,Four-seam,False
FF,2026-07-21,100.5,-1.29,6.18,"Miller, Mason",686948,695243,,swinging_strike,,,,,14.0,,R,L,R,ATL,SD,S,,,1,1,2026,-0.49,1.22,0.39926339882334,1.419097063477875,,805347.0,,1,9,Bot,,,,,,,5.865215824139127,-145.97098300477717,-10.679433791707153,-8.333174411043728,32.314302548107165,-12.380893746076897,3.205962927,1.617962598,,,,102.0,2467.0,7.1,824895,669134,664034,630105,592518,593428,687749,701538,665487,53.45,,,,,,,,79,3,4-Seam Fastball,3,8,3,8,8,3,3,8,Infield shade,Standard,208.0,-0.002,-0.071,77.1,7.4,1.292222748,,0.071,,-5,-5,0.008,0.008,27,25,28,25,1,4,4.0,1.0,3.0,1.0,1.03,0.49,-0.49,42.7,7.690362383776001,6.830117679648804,37.20487551266438,32.99576530201908,26.404993635584123,Four-seam,False
SL,2026-07-21,87.1,-1.45,6.15,"Miller, Mason",686948,695243,,foul,,,,,8.0,,R,L,R,ATL,SD,S,,,1,0,2026,0.69,-0.45,-0.1429655979999472,2.007775452284129,,805347.0,,1,9,Bot,,,,,,,1.6718857961240847,-126.847632757785,-2.615459008499778,7.0465365370009,27.073472028672057,-36.65676589353398,3.205962927,1.617962598,299.0,93.9,37.0,88.1,2403.0,6.9,824895,669134,664034,630105,592518,593428,687749,701538,665487,53.56,,,,,,,,79,2,Slider,3,8,3,8,8,3,3,8,Infield shade,Standard,39.0,-0.001,-0.052,76.3,7.1,,,0.052,93.9,-5,-5,0.009,0.009,27,25,28,25,1,4,4.0,1.0,3.0,1.0,3.46,-0.69,0.69,40.6,2.0629007105348216,15.9854427770188,34.26830758341629,39.07389261045246,23.23612114377851,Slider,False
SL,2026-07-21,88.5,-1.55,6.1,"Miller, Mason",686948,695243,,ball,,,,,13.0,,R,L,R,ATL,SD,B,,,0,0,2026,0.36,-0.55,-0.3980149184838428,0.161471014558713,,,805347.0,1,9,Bot,,,,,,,2.029031327492218,-128.71292979338187,-6.98200531996198,3.4880555687517627,29.21427719295196,-36.84031769896796,3.205962927,1.617962598,,,,89.3,2533.0,7.0,824895,669134,664034,630105,592518,593428,687749,701538,665487,53.48,,,,,,,,79,1,Slider,3,8,3,8,8,3,3,8,Infield shade,Standard,38.0,0.002,0.034,,,,,-0.034,,-5,-5,0.007,0.007,27,25,28,25,1,4,4.0,1.0,3.0,1.0,3.48,-0.36,0.36,38.6,,,,,,Slider,False
FF,2026-07-21,103.1,-1.4,6.21,"Miller, Mason",805347,695243,single,hit_into_play,,,,,6.0,Jim Jarvis singles on a line drive to center fielder Jackson Merrill.,R,L,R,ATL,SD,X,8.0,line_drive,0,1,2026,-0.57,1.38,0.8179090112047606,2.1362604446404756,,,,1,9,Bot,105.41,92.34,,,,,7.6977193848677565,-149.6825349719949,-9.602120367846792,-10.41620805008231,37.373676588253055,-9.284998620863323,3.091871719,1.560383858,209.0,78.0,20.0,104.1,2487.0,7.0,824895,669134,664034,630105,592518,593428,687749,701538,665487,53.49,0.98,0.898,0.9,1.0,1.0,0.0,4.0,78,2,4-Seam Fastball,3,8,3,8,8,3,3,8,Infield shade,Standard,207.0,0.004,0.46,59.4,6.8,,1.059,-0.46,88.0,-5,-5,0.003,0.003,27,25,28,26,1,3,4.0,1.0,3.0,1.0,0.78,0.57,-0.57,40.3,-4.206220549065466,0.1029324355784952,34.1983778275676,26.108559266377387,22.883838645244065,Four-seam,True
FF,2026-07-21,102.4,-1.45,6.21,"Miller, Mason",805347,695243,,swinging_strike,,,,,2.0,,R,L,R,ATL,SD,S,,,0,0,2026,-0.6,1.33,-0.0495791252888345,2.9318667719493803,,,,1,9,Bot,,,,,,,5.439099624969401,-148.8771661602873,-7.1585191437239555,-10.144051580003962,35.04555879814657,-10.864812615645103,3.091871719,1.560383858,,,,103.8,2453.0,7.0,824895,669134,664034,630105,592518,593428,687749,701538,665487,53.46,,,,,,,,78,1,4-Seam Fastball,3,8,3,8,8,3,3,8,Infield shade,Standard,203.0,0.0,-0.041,72.4,6.1,0.168829068,,0.041,,-5,-5,0.003,0.003,27,25,28,26,1,3,4.0,1.0,3.0,1.0,0.84,0.6,-0.6,42.2,-8.860128316271352,26.786703791163717,28.852751781482016,35.380588620723195,14.515655007625409,Four-seam,False
SL,2026-07-21,89.2,-1.29,6.26,"Miller, Mason",676551,695243,strikeout,swinging_strike,,,,,8.0,Brewer Hicklen strikes out swinging.,R,R,R,ATL,SD,S,2.0,,1,2,2026,0.31,-0.29,0.0272554497581007,2.0055010372463413,,,,0,9,Bot,,,,,,,2.571115059749127,-129.83423785014725,-3.557268780283986,2.883926682522351,29.048667854809132,-34.904024452294706,3.282316273,1.656496063,,,,90.3,2438.0,7.1,824895,669134,664034,630105,592518,593428,687749,701538,665487,53.4,,0.0,0.0,1.0,0.0,0.0,,77,4,Slider,3,8,3,8,8,3,3,8,Standard,Standard,35.0,-0.003,-0.187,65.8,8.7,5.131820976,,0.187,,-5,-5,0.006,0.006,27,30,28,30,1,3,4.0,2.0,3.0,1.0,3.17,-0.31,-0.31,43.1,27.36106446431319,-46.75956289704206,28.199309103412403,34.552673147496,57.95326054040309,Slider,True
SL,2026-07-21,88.3,-1.44,6.21,"Miller, Mason",676551,695243,,called_strike,,,,,6.0,,R,R,R,ATL,SD,S,,,1,1,2026,0.98,-0.32,0.3430488841116089,2.776733107558991,,,,0,9,Bot,,,,,,,2.2332127348873434,-128.63906570310414,-1.3520097105512077,10.361550109898925,28.809163730730013,-35.673947859790076,3.282316273,1.656496063,,,,89.3,2517.0,7.0,824895,669134,664034,630105,592518,593428,687749,701538,665487,53.5,,,,,,,,77,3,Slider,3,8,3,8,8,3,3,8,Standard,Standard,43.0,-0.002,-0.06,,,,,0.06,,-5,-5,0.008,0.008,27,30,28,30,1,3,4.0,2.0,3.0,1.0,3.26,-0.98,-0.98,38.6,,,,,,Slider,False
FF,2026-07-21,101.1,-1.42,6.38,"Miller, Mason",676551,695243,,ball,,,,,11.0,,R,R,R,ATL,SD,B,,,0,1,2026,-0.41,1.43,-0.6014408678922865,4.508851171713399,,,,0,9,Bot,,,,,,,3.2678469457406623,-147.27288015991272,-3.228462291698507,-6.729038230584507,36.09221539663279,-10.836954240156771,3.282316273,1.656496063,,,,102.1,2507.0,6.8,824895,669134,664034,630105,592518,593428,687749,701538,665487,53.68,,,,,,,,77,2,4-Seam Fastball,3,8,3,8,8,3,3,8,Standard,Standard,208.0,0.001,0.029,,,,,-0.029,,-5,-5,0.007,0.007,27,30,28,30,1,3,4.0,2.0,3.0,1.0,0.8,0.41,0.41,42.3,,,,,,Four-seam,False
FF,2026-07-21,101.7,-1.41,6.35,"Miller, Mason",676551,695243,,foul_tip,,,,,14.0,,R,R,R,ATL,SD,S,,,0,0,2026,-0.81,1.3,0.3643767154162995,1.4857516367694767,,,,0,9,Bot,,,,,,,6.968341964306314,-147.52139627449534,-11.337717063252178,-13.550913548384912,36.841141961674055,-10.544186416102123,3.282316273,1.656496063,,,,102.6,2511.0,7.0,824895,669134,664034,630105,592518,593428,687749,701538,665487,53.45,,,,,,,,77,1,4-Seam Fastball,3,8,3,8,8,3,3,8,Standard,Standard,205.0,-0.001,-0.041,72.3,8.0,,,0.041,,-5,-5,0.008,0.008,27,30,28,30,1,3,4.0,2.0,3.0,1.0,0.92,0.81,0.81,42.6,13.594902430425885,-7.032647146069565,29.094242747561548,40.68596547991645,34.06295599744187,Four-seam,False
SL,2026-07-17,90.0,-1.61,5.98,"Miller, Mason",686469,695243,strikeout,swinging_strike_blocked,,,,,14.0,Vinnie Pasquantino strikes out swinging.,R,L,R,KC,SD,S,2.0,,1,2,2026,0.47,-0.48,0.3335052929494287,-0.1462089780390272,686555.0,695600.0,677951.0,2,9,Bot,,,,,,,3.795296849820899,-131.05333140063934,-8.04009679797623,4.746940457360208,25.093845198583853,-36.422812690145705,3.363057743,1.697244095,,,,91.6,2504.0,7.0,824090,669134,664034,630105,592518,593428,687749,701538,665487,53.5,,0.0,0.0,1.0,0.0,0.0,,75,4,Slider,3,3,3,3,3,3,3,3,Infield shade,Standard,28.0,-0.115,-0.173,62.8,9.0,8.455988328,,0.173,,0,0,0.615,0.615,27,28,28,29,1,4,5.0,5.0,4.0,1.0,3.27,-0.47,0.47,39.3,22.71740339669512,-24.153400216640456,37.89231403255136,37.360005967006515,43.35894775610935,Slider,True
SL,2026-07-17,90.5,-1.61,6.1,"Miller, Mason",686469,695243,,foul,,,,,14.0,,R,L,R,KC,SD,S,,,1,1,2026,0.65,-0.36,0.9769495649113892,2.1279399474797884,686555.0,695600.0,677951.0,2,9,Bot,,,,,,,5.0247602195519585,-131.79948730130988,-3.055129583249607,6.680791894282751,26.039137014125803,-35.96298602605968,3.363057743,1.697244095,6.0,83.2,-21.0,92.0,2607.0,7.0,824090,669134,664034,630105,592518,593428,687749,701538,665487,53.51,,,,,,,,75,3,Slider,3,3,3,3,3,3,3,3,Standard,Standard,43.0,-0.042,-0.064,74.9,8.5,,,0.064,88.0,0,0,0.657,0.657,27,28,28,29,1,4,5.0,5.0,4.0,1.0,3.12,-0.65,0.65,41.1,21.42775576921472,-28.742773671869507,32.11035266937264,30.615294414871116,38.12522437538748,Slider,False
FF,2026-07-17,102.7,-1.6,6.2,"Miller, Mason",686469,695243,,ball,,,,,14.0,,R,L,R,KC,SD,B,,,0,1,2026,-0.41,1.14,1.2193957362070358,1.6257509576760667,686555.0,695600.0,677951.0,2,9,Bot,,,,,,,8.96887184402928,-149.1674755237528,-10.41612167926744,-7.954941310925249,30.292673828921927,-12.956769206173163,3.363057743,1.697244095,,,,104.3,2628.0,6.9,824090,669134,664034,630105,592518,593428,687749,701538,665487,53.62,,,,,,,,75,2,4-Seam Fastball,3,3,3,3,3,3,3,3,Standard,Standard,205.0,0.017,0.028,,,,,-0.028,,0,0,0.64,0.64,27,28,28,29,1,4,5.0,5.0,4.0,1.0,1.0,0.41,-0.41,42.3,,,,,,Four-seam,False
FF,2026-07-17,103.0,-1.69,6.16,"Miller, Mason",686469,695243,,foul,,,,,6.0,,R,L,R,KC,SD,S,,,0,0,2026,-0.41,1.39,0.4747177806816633,2.4616431335210116,686555.0,695600.0,677951.0,2,9,Bot,,,,,,,7.149461451874643,-149.7080816573428,-8.632535276796629,-7.830595064256252,32.79903292352133,-9.317589101326709,3.363057743,1.697244095,135.0,67.9,66.0,104.5,2481.0,6.9,824090,669134,664034,630105,592518,593428,687749,701538,665487,53.59,,,,,,,,75,1,4-Seam Fastball,3,3,3,3,3,3,3,3,Strategic,Standard,205.0,-0.025,-0.04,75.6,7.0,,,0.04,88.0,0,0,0.665,0.665,27,28,28,29,1,4,5.0,5.0,4.0,1.0,0.74,0.41,-0.41,40.4,-1.5950528148800414,3.414344892827872,34.434477851891515,34.19321966897267,22.856924450726343,Four-seam,False
FF,2026-07-17,103.4,-1.49,6.29,"Miller, Mason",657041,695243,strikeout,swinging_strike,,,,,1.0,Lane Thomas strikes out swinging.,R,R,R,KC,SD,S,2.0,,1,2,2026,-0.5,1.29,-0.4043683066182313,2.850700504264399,686555.0,695600.0,677951.0,1,9,Bot,,,,,,,4.351744475386556,-150.57263988987242,-7.727144152440789,-8.611058980694972,32.34906532285955,-10.851428753710364,3.146284449,1.587844488,,,,105.0,2680.0,6.8,824090,669134,664034,630105,592518,593428,687749,701538,665487,53.66,,0.0,0.0,1.0,0.0,0.0,,74,4,4-Seam Fastball,3,3,3,3,3,3,3,3,Strategic,Standard,201.0,-0.12,-0.225,75.0,6.2,0.189363144,,0.225,,0,0,0.785,0.785,27,30,28,31,1,4,5.0,5.0,4.0,1.0,0.82,0.5,0.5,42.2,2.729513093815282,4.831585608770846,27.070276617229013,31.633687115631307,18.64498605060718,Four-seam,True
SL,2026-07-17,89.1,-1.7,6.1,"Miller, Mason",657041,695243,,foul,,,,,4.0,,R,R,R,KC,SD,S,,,1,1,2026,0.96,-0.39,-0.399394201269804,2.434603319193262,686555.0,695600.0,677951.0,1,9,Bot,,,,,,,1.1285913428158525,-129.84223020654187,-2.010893149840923,10.69297163367368,24.80303977046859,-36.391193465189666,3.146284449,1.587844488,218.0,68.7,37.0,90.5,2596.0,6.9,824090,669134,664034,630105,592518,593428,687749,701538,665487,53.63,,,,,,,,74,3,Slider,3,3,3,3,3,3,3,3,Strategic,Standard,45.0,-0.043,-0.085,68.8,5.7,,,0.085,88.0,0,0,0.828,0.828,27,30,28,31,1,4,5.0,5.0,4.0,1.0,3.23,-0.96,-0.96,39.0,-7.591459051017472,17.783011343286866,31.48712234661715,31.39975625164592,16.350325245642132,Slider,False
SL,2026-07-17,88.4,-1.57,6.13,"Miller, Mason",657041,695243,,called_strike,,,,,2.0,,R,R,R,KC,SD,S,,,1,0,2026,1.01,0.01,0.1191638774378009,3.1285858769830903,686555.0,695600.0,677951.0,1,9,Bot,,,,,,,1.942771582354634,-128.8993213864463,-1.1179173400893736,10.889569197877083,24.989335007219164,-32.09002697005139,3.146284449,1.587844488,,,,89.7,2494.0,6.8,824090,669134,664034,630105,592518,593428,687749,701538,665487,53.69,,,,,,,,74,2,Slider,3,3,3,3,3,3,3,3,Strategic,Standard,43.0,-0.025,-0.046,,,,,0.046,,0,0,0.853,0.853,27,30,28,31,1,4,5.0,5.0,4.0,1.0,2.88,-1.01,-1.01,40.6,,,,,,Slider,False
SL,2026-07-17,88.9,-1.85,6.1,"Miller, Mason",657041,695243,,ball,,,,,7.0,,R,R,R,KC,SD,B,,,0,0,2026,0.57,-0.27,-0.4781936150521069,1.5597065660325224,686555.0,695600.0,677951.0,1,9,Bot,,,,,,,2.1380744286247935,-129.63899025476306,-4.396735770299356,6.113379075665985,23.551918420855596,-34.634716513192494,3.146284449,1.587844488,,,,90.5,2542.0,6.9,824090,669134,664034,630105,592518,593428,687749,701538,665487,53.64,,,,,,,,74,1,Slider,3,3,3,3,3,3,3,3,Strategic,Standard,32.0,0.016,0.028,,,,,-0.028,,0,0,0.837,0.837,27,30,28,31,1,4,5.0,5.0,4.0,1.0,3.11,-0.57,-0.57,38.8,,,,,,Slider,False
FF,2026-07-17,102.1,-1.62,6.29,"Miller, Mason",668942,695243,strikeout,swinging_strike,,,,,11.0,Josh Rojas strikes out swinging.,R,L,R,KC,SD,S,2.0,,0,2,2026,-0.65,1.21,-0.2322218269849441,3.7230400344826218,686555.0,695600.0,677951.0,0,9,Bot,,,,,,,5.526169806770184,-148.7606120113292,-4.8621780437380675,-10.92523241894344,30.82874659302907,-13.228838910507635,3.233169291,1.631692913,,,,103.9,2493.0,6.9,824090,669134,664034,630105,592518,593428,687749,701538,665487,53.64,,0.0,0.0,1.0,0.0,0.0,,73,3,4-Seam Fastball,3,3,3,3,3,3,3,3,Strategic,Standard,200.0,-0.055,-0.172,61.8,5.2,1.246279728,,0.172,,0,0,0.892,0.892,27,32,28,32,1,0,5.0,5.0,4.0,2.0,0.95,0.65,-0.65,41.8,-12.37863933119517,42.36147243709203,29.219255822024028,41.44162326078307,-1.6161081357105824,Four-seam,True
FF,2026-07-17,101.9,-1.75,6.25,"Miller, Mason",668942,695243,,swinging_strike,,,,,12.0,,R,L,R,KC,SD,S,,,0,1,2026,-0.51,1.25,0.465007658833948,3.512191752978768,686555.0,695600.0,677951.0,0,9,Bot,,,,,,,7.46559396586187,-148.36764634833554,-5.414490438752624,-9.2402801661353,31.40657893504366,-12.50960499613298,3.233169291,1.631692913,,,,103.4,2543.0,6.8,824090,669134,664034,630105,592518,593428,687749,701538,665487,53.7,,,,,,,,73,2,4-Seam Fastball,3,3,3,3,3,3,3,3,Strategic,Standard,205.0,-0.022,-0.066,65.8,5.1,0.981312948,,0.066,,0,0,0.914,0.914,27,32,28,32,1,0,5.0,5.0,4.0,2.0,0.92,0.51,-0.51,40.6,-5.851443252838363,23.31098920150576,28.494250417993435,32.44037730506329,15.054180158884373,Four-seam,False
FF,2026-07-17,101.6,-1.98,6.29,"Miller, Mason",668942,695243,,called_strike,,,,,4.0,,R,L,R,KC,SD,S,,,0,0,2026,-0.63,1.33,-0.4758397347243659,2.4210822536384216,686555.0,695600.0,677951.0,0,9,Bot,,,,,,,5.749957068449391,-147.80145874106975,-8.709021504627893,-10.487577130199895,30.226707880884543,-10.783141338962752,3.233169291,1.631692913,,,,103.2,2513.0,6.8,824090,669134,664034,630105,592518,593428,687749,701538,665487,53.66,,,,,,,,73,1,4-Seam Fastball,3,3,3,3,3,3,3,3,Strategic,Standard,201.0,-0.014,-0.04,,,,,0.04,,0,0,0.928,0.928,27,32,28,32,1,0,5.0,5.0,4.0,2.0,0.85,0.63,-0.63,40.0,,,,,,Four-seam,False
SL,2026-07-17,87.3,-1.86,6.09,"Miller, Mason",695600,695243,double,hit_into_play,,,,,13.0,Carter Jensen doubles (20) on a sharp line drive to right fielder Fernando Tatis Jr. Isaac Collins to 3rd.,R,L,R,KC,SD,X,9.0,line_drive,1,2,2026,0.6,-0.42,-0.0605822836838265,1.385333155045271,,,686555.0,0,9,Bot,175.55,51.45,,,,,3.0426168724184763,-127.192460525549,-4.100982655916804,5.9576008052313965,25.276665018935475,-36.13240884772665,3.191043307,1.610433071,383.0,100.3,22.0,88.5,2462.0,6.9,824090,669134,664034,630105,592518,593428,687749,701538,665487,53.62,0.411,0.555,1.25,1.0,1.0,1.0,5.0,71,4,Slider,3,3,3,3,3,3,3,3,Infield shade,Standard,42.0,0.234,0.822,73.7,7.4,,0.929,-0.822,100.3,0,0,0.688,0.688,27,22,28,23,1,4,5.0,5.0,4.0,1.0,3.4,-0.6,0.6,39.2,9.495719369679884,-8.195576216504238,33.611691820972915,35.06646082050521,39.65448978531518,Slider,True
FF,2026-07-17,101.1,-1.6,6.34,"Miller, Mason",695600,695243,,ball,,,,,12.0,,R,L,R,KC,SD,B,,,0,2,2026,-0.47,1.27,0.1870668124265573,4.066988980700003,,,686555.0,0,9,Bot,,,,,,,6.1239196221307095,-147.21565324387035,-4.013951037736517,-8.210477439622386,32.62448109810042,-12.863226413756651,3.191043307,1.610433071,,,,102.3,2624.0,6.8,824090,669134,664034,630105,592518,593428,687749,701538,665487,53.73,,,,,,,,71,3,4-Seam Fastball,3,3,3,3,3,3,3,3,Infield shade,Standard,206.0,0.008,0.021,,,,,-0.021,,0,0,0.68,0.68,27,22,28,23,1,4,5.0,5.0,4.0,1.0,0.94,0.47,-0.47,41.7,,,,,,Four-seam,False
SL,2026-07-17,88.1,-1.87,6.14,"Miller, Mason",695600,695243,,foul_tip,,,,,9.0,,R,L,R,KC,SD,S,,,0,1,2026,0.64,-0.42,0.3849691306133147,1.873803394855016,,,686555.0,0,9,Bot,,,,,,,4.084725476685913,-128.2876501719486,-3.212392841772334,6.297912497783565,25.00298049198701,-36.35276882218776,3.191043307,1.610433071,,,,89.0,2563.0,6.7,824090,669134,664034,630105,592518,593428,687749,701538,665487,53.81,,,,,,,,71,2,Slider,3,3,3,3,3,3,3,3,Standard,Standard,39.0,-0.019,-0.05,77.5,7.9,,,0.05,,0,0,0.699,0.699,27,22,28,23,1,4,5.0,5.0,4.0,1.0,3.33,-0.64,0.64,38.4,21.55239188903429,-21.130534470660496,24.394504824829667,31.738709679337504,45.05251753556017,Slider,False
FF,2026-07-17,99.9,-1.75,6.28,"Miller, Mason",695600,695243,,called_strike,,,,,6.0,,R,L,R,KC,SD,S,,,0,0,2026,-0.68,1.13,0.5456879310501337,2.4861012540309426,,,686555.0,0,9,Bot,,,,,,,7.949614818531366,-145.35676084070008,-7.695640996987972,-11.31530092530532,28.6418191726766,-14.590417686868884,3.191043307,1.610433071,,,,101.6,2491.0,6.9,824090,669134,664034,630105,592518,593428,687749,701538,665487,53.64,,,,,,,,71,1,4-Seam Fastball,3,3,3,3,3,3,3,3,Standard,Standard,212.0,-0.011,-0.04,,,,,0.04,,0,0,0.71,0.71,27,22,28,23,1,4,5.0,5.0,4.0,1.0,1.13,0.68,-0.68,41.3,,,,,,Four-seam,False
FF,2026-07-17,101.3,-1.66,6.24,"Miller, Mason",686555,695243,single,hit_into_play,,,,,3.0,Isaac Collins singles on a pop up to third baseman Manny Machado.,R,L,R,KC,SD,X,5.0,popup,0,0,2026,-0.26,1.18,0.5857846391715971,2.752526891667691,,,,0,9,Bot,76.06,157.81,,,,,6.899898510373546,-147.4212089131715,-7.243974226408516,-5.284680920725296,30.851895098970484,-13.411819086671509,3.012885499,1.520521654,156.0,59.2,53.0,103.0,2496.0,6.9,824090,669134,664034,630105,592518,593428,687749,701538,665487,53.57,0.026,0.025,0.9,1.0,1.0,0.0,1.0,70,1,4-Seam Fastball,3,3,3,3,3,3,3,3,Strategic,Standard,207.0,0.071,0.445,74.9,6.0,,0.03,-0.445,88.0,0,0,0.639,0.639,27,28,28,29,1,3,5.0,5.0,4.0,1.0,1.02,0.26,-0.26,42.6,-6.60184172275247,6.787744324499136,30.187771645257794,31.068115368386167,24.995351139237833,Four-seam,True
,2026-07-17,,,,"Miller, Mason",677951,695243,intent_walk,automatic_ball,,,,,,Mason Miller intentionally walks Bobby Witt Jr.,R,R,R,KC,SD,B,,,3,0,2026,,,,,686555.0,695600.0,,0,9,Bot,,,,,,,,,,,,,,,,,,,,,824090,669134,664034,630105,592518,593428,687749,701538,665487,,,,0.4,,0.0,0.0,,72,4,,3,3,3,3,3,3,3,3,,,,0.002,,,,,,,,0,0,0.926,0.926,27,26,28,26,1,4,5.0,5.0,4.0,1.0,,,,,,,,,,,True
,2026-07-17,,,,"Miller, Mason",677951,695243,,automatic_ball,,,,,,,R,R,R,KC,SD,B,,,0,0,2026,,,,,686555.0,695600.0,,0,9,Bot,,,,,,,,,,,,,,,,,,,,,824090,669134,664034,630105,592518,593428,687749,701538,665487,,,,,,,,,72,1,,3,3,3,3,3,3,3,3,,,,0.001,,,,,,,,0,0,0.922,0.922,27,26,28,26,1,4,5.0,5.0,4.0,1.0,,,,,,,,,,,False
,2026-07-17,,,,"Miller, Mason",677951,695243,,automatic_ball,,,,,,,R,R,R,KC,SD,B,,,1,0,2026,,,,,686555.0,695600.0,,0,9,Bot,,,,,,,,,,,,,,,,,,,,,824090,669134,664034,630105,592518,593428,687749,701538,665487,,,,,,,,,72,2,,3,3,3,3,3,3,3,3,,,,0.001,,,,,,,,0,0,0.923,0.923,27,26,28,26,1,4,5.0,5.0,4.0,1.0,,,,,,,,,,,False
,2026-07-17,,,,"Miller, Mason",677951,695243,,automatic_ball,,,,,,,R,R,R,KC,SD,B,,,2,0,2026,,,,,686555.0,695600.0,,0,9,Bot,,,,,,,,,,,,,,,,,,,,,824090,669134,664034,630105,592518,593428,687749,701538,665487,,,,,,,,,72,3,,3,3,3,3,3,3,3,3,,,,0.002,,,,,,,,0,0,0.924,0.924,27,26,28,26,1,4,5.0,5.0,4.0,1.0,,,,,,,,,,,False
SL,2026-07-12,89.0,-1.31,6.08,"Miller, Mason",665489,695243,strikeout,swinging_strike,,,,,14.0,Vladimir Guerrero Jr. strikes out swinging.,R,R,R,SD,TOR,S,2.0,,0,2,2026,0.65,-0.46,1.6690963521033018,0.6319490776856904,,,,2,9,Top,,,,,,,5.921143343587509,-129.44639342139027,-6.103646998752874,5.919894836495588,29.07974708637638,-36.12910311624737,3.208595801,1.619291339,,,,90.0,2394.0,7.1,823274,660710,664034,630105,823550,593428,657757,701538,665487,53.39,,0.0,0.0,1.0,0.0,0.0,,74,3,Slider,5,4,4,5,4,5,4,5,Standard,Standard,32.0,0.022,-0.155,60.2,9.0,8.332197864,,0.155,,1,-1,0.978,0.022,27,27,28,27,1,4,1.0,1.0,5.0,5.0,3.36,-0.65,-0.65,42.3,10.430954034545904,-23.475599919113616,27.51744576016084,56.23842790261432,46.75767309327908,Slider,True
SL,2026-07-12,88.3,-1.38,6.09,"Miller, Mason",665489,695243,,swinging_strike,,,,,14.0,,R,R,R,SD,TOR,S,,,0,1,2026,0.9,-0.29,0.909854197194298,1.5121481213432073,,,,2,9,Top,,,,,,,3.615500146139835,-128.4056039352712,-4.152622914378174,9.02744141532995,29.9062936418443,-34.58783335331921,3.208595801,1.619291339,,,,88.7,2414.0,6.9,823274,660710,664034,630105,823550,593428,657757,701538,665487,53.62,,,,,,,,74,2,Slider,5,4,4,5,4,5,4,5,Standard,Standard,37.0,0.009,-0.062,74.0,8.8,13.174324896,,0.062,,1,-1,0.969,0.031,27,27,28,27,1,4,1.0,1.0,5.0,5.0,3.24,-0.9,-0.9,39.5,18.535019439938363,-36.75355796144392,25.965545401328725,47.00921338158325,61.22861939511074,Slider,False
FF,2026-07-12,103.4,-1.22,6.33,"Miller, Mason",665489,695243,,called_strike,,,,,2.0,,R,R,R,SD,TOR,S,,,0,0,2026,-0.59,1.37,0.2503368577046634,3.199299796041105,,,,2,9,Top,,,,,,,5.663033775045936,-150.3644380066285,-6.976353763426581,-10.394115897262855,37.93007429051213,-9.8705839456883,3.208595801,1.619291339,,,,104.2,2524.0,6.9,823274,660710,664034,630105,823550,593428,657757,701538,665487,53.63,,,,,,,,74,1,4-Seam Fastball,5,4,4,5,4,5,4,5,Standard,Standard,198.0,0.006,-0.045,,,,,0.045,,1,-1,0.963,0.037,27,27,28,27,1,4,1.0,1.0,5.0,5.0,0.77,0.59,0.59,43.0,,,,,,Four-seam,False
FF,2026-07-12,101.8,-1.47,6.26,"Miller, Mason",664702,695243,field_out,hit_into_play,,,,,12.0,Myles Straw pops out to second baseman Jake Cronenworth.,R,R,R,SD,TOR,X,4.0,popup,0,0,2026,-0.52,1.43,0.4196798812921514,3.3700493497152175,,,,1,9,Top,153.26,154.05,,,,,6.587256400566627,-147.94759637339376,-6.111792069780774,-9.371798025890255,38.87254497503985,-9.963490481290352,3.073441601,1.551082677,122.0,82.9,67.0,102.3,2605.0,6.9,823274,660710,664034,630105,823550,593428,657757,701538,665487,53.63,0.003,0.003,0.0,1.0,0.0,0.0,3.0,73,1,4-Seam Fastball,5,4,4,5,4,5,4,5,Standard,Standard,202.0,0.055,-0.261,66.1,6.7,,0.003,0.261,88.0,1,-1,0.908,0.092,27,31,28,32,1,1,1.0,2.0,5.0,5.0,0.8,0.52,0.52,42.8,4.433863304581241,-2.270731470046655,18.387212612137063,41.207691461108,31.650624078763897,Four-seam,True
SL,2026-07-12,88.6,-1.35,6.19,"Miller, Mason",676391,695243,field_out,hit_into_play,,,,,9.0,"Ernie Clement grounds out, third baseman Sung-Mun Song to first baseman Ty France.",R,R,R,SD,TOR,X,5.0,ground_ball,1,2,2026,0.81,-0.25,0.7876657238942268,1.5198010579560908,,,,0,9,Top,107.42,177.07,,,,,3.449662749689126,-128.87921592217378,-4.5008879074465575,8.156779404523437,29.84228521805345,-34.15456003639774,3.191043307,1.610433071,42.0,75.1,1.0,89.0,2330.0,6.8,823274,660710,664034,630105,823550,593428,657757,701538,665487,53.71,0.14,0.126,0.0,1.0,0.0,0.0,2.0,72,4,Slider,5,4,4,5,4,5,4,5,Standard,Standard,34.0,0.051,-0.187,52.6,8.0,,0.15,0.187,88.0,1,-1,0.857,0.143,27,30,28,30,1,4,1.0,1.0,5.0,5.0,3.19,-0.81,-0.81,41.7,21.025841351951826,-13.162804952386598,32.33318276976342,44.12112277959672,36.65554183470999,Slider,True
FF,2026-07-12,101.3,-1.52,6.23,"Miller, Mason",676391,695243,,foul,,,,,11.0,,R,R,R,SD,TOR,S,,,1,1,2026,-0.42,1.41,-0.0920012849829234,4.138774395438544,,,,0,9,Top,,,,,,,4.995479759581383,-147.40802199542102,-3.8186829691874618,-7.303966462770412,37.29195784005295,-10.927482350434492,3.191043307,1.610433071,,,,102.1,2514.0,6.9,823274,660710,664034,630105,823550,593428,657757,701538,665487,53.65,,,,,,,,72,3,4-Seam Fastball,5,4,4,5,4,5,4,5,Standard,Standard,195.0,0.018,-0.06,59.9,5.5,,,0.06,,1,-1,0.839,0.161,27,30,28,30,1,4,1.0,1.0,5.0,5.0,0.82,0.42,0.42,42.5,6.908506968886399,13.537015868783076,13.420641994836467,34.46054025412011,20.66575511364294,Four-seam,False
FF,2026-07-12,101.0,-1.41,6.24,"Miller, Mason",676391,695243,,called_strike,,,,,6.0,,R,R,R,SD,TOR,S,,,1,0,2026,-0.54,1.31,0.7208399323798865,2.391807684271659,,,,0,9,Top,,,,,,,7.238178803360915,-146.77024306594814,-8.38031916684394,-9.558227326186833,36.09464119258901,-11.450007780426422,3.191043307,1.610433071,,,,101.8,2562.0,6.9,823274,660710,664034,630105,823550,593428,657757,701538,665487,53.62,,,,,,,,72,2,4-Seam Fastball,5,4,4,5,4,5,4,5,Standard,Standard,197.0,0.016,-0.055,,,,,0.055,,1,-1,0.823,0.177,27,30,28,30,1,4,1.0,1.0,5.0,5.0,0.94,0.54,0.54,42.1,,,,,,Four-seam,False
FF,2026-07-12,101.5,-1.58,6.29,"Miller, Mason",676391,695243,,ball,,,,,12.0,,R,R,R,SD,TOR,B,,,0,0,2026,-0.44,1.64,0.9634737462772212,2.764693892446737,,,,0,9,Top,,,,,,,8.151089287460374,-147.38410611130874,-8.346074735878311,-8.415723676302347,37.65566873846659,-6.501290155586942,3.191043307,1.610433071,,,,102.0,2530.0,6.8,823274,660710,664034,630105,823550,593428,657757,701538,665487,53.68,,,,,,,,72,1,4-Seam Fastball,5,4,4,5,4,5,4,5,Standard,Standard,198.0,-0.012,0.042,,,,,-0.042,,1,-1,0.835,0.165,27,30,28,30,1,4,1.0,1.0,5.0,5.0,0.6,0.44,0.44,42.2,,,,,,Four-seam,False
FF,2026-07-11,102.3,-1.08,6.29,"Miller, Mason",672960,695243,strikeout,swinging_strike,,,,,11.0,Kazuma Okamoto strikes out swinging.,R,R,R,SD,TOR,S,2.0,,0,2,2026,-0.43,1.69,-0.1883434844443576,3.7602853209684586,,664702.0,,2,9,Top,,,,,,,3.587403856183578,-148.86001331131098,-5.851517123452079,-7.327628070041831,39.079357815238446,-5.957731282488171,3.255987533,1.643208661,,,,102.8,2598.0,6.8,823276,669134,664034,630105,823550,593428,687749,701538,665487,53.7,,0.0,0.0,1.0,0.0,0.0,,84,3,4-Seam Fastball,8,7,7,8,7,8,7,8,Standard,Standard,197.0,0.07,-0.18,74.6,7.6,0.761001684,,0.18,,1,-1,0.93,0.07,27,30,28,30,1,4,4.0,1.0,1.0,1.0,0.51,0.43,0.43,45.0,13.526452052251267,-6.493251729864426,17.053640097762578,35.225755892333595,28.960614652112483,Four-seam,True
FF,2026-07-11,102.9,-1.27,6.29,"Miller, Mason",672960,695243,,swinging_strike,,,,,11.0,,R,R,R,SD,TOR,S,,,0,1,2026,-0.57,1.57,-0.1553062260774647,3.4748159670874745,,664702.0,,2,9,Top,,,,,,,4.5417999826332025,-149.67296087819403,-6.470377293057737,-9.644958415828745,38.32705363493147,-7.1637592928673515,3.255987533,1.643208661,,,,103.2,2666.0,6.6,823276,669134,664034,630105,823550,593428,687749,701538,665487,53.88,,,,,,,,84,2,4-Seam Fastball,8,7,7,8,7,8,7,8,Standard,Standard,197.0,0.029,-0.063,,,,,0.063,,1,-1,0.901,0.099,27,30,28,30,1,4,4.0,1.0,1.0,1.0,0.59,0.57,0.57,43.3,,,,,,Four-seam,False
FF,2026-07-11,102.4,-1.3,6.2,"Miller, Mason",672960,695243,,called_strike,,,,,4.0,,R,R,R,SD,TOR,S,,,0,0,2026,-0.88,1.45,-0.4386302122548305,2.664137982752617,,664702.0,,2,9,Top,,,,,,,4.615203848860176,-148.91089894851015,-8.127076127972495,-14.192280736177812,36.44785052121123,-8.82498603185276,3.255987533,1.643208661,,,,103.2,2543.0,6.8,823276,669134,664034,630105,823550,593428,687749,701538,665487,53.68,,,,,,,,84,1,4-Seam Fastball,8,7,7,8,7,8,7,8,Standard,Standard,212.0,0.017,-0.04,,,,,0.04,,1,-1,0.884,0.116,27,30,28,30,1,4,4.0,1.0,1.0,1.0,0.73,0.88,0.88,42.0,,,,,,Four-seam,False
FF,2026-07-11,101.5,-1.3,6.21,"Miller, Mason",543807,695243,field_out,hit_into_play,,,,,8.0,George Springer lines out to center fielder Jackson Merrill.,R,R,R,SD,TOR,X,8.0,line_drive,3,1,2026,-0.35,1.29,0.2175196741648649,2.1032580114546366,,664702.0,,1,9,Top,123.94,50.34,,,,,5.087657063571353,-147.55132122122922,-9.149996253550182,-6.385160873116189,35.35593062145675,-11.396908895796086,3.267396654,1.648966535,385.0,105.3,21.0,102.3,2587.0,6.8,823276,669134,664034,630105,823550,593428,687749,701538,665487,53.69,0.72,1.077,0.0,1.0,0.0,0.0,6.0,83,5,4-Seam Fastball,8,7,7,8,7,8,7,8,Standard,Standard,202.0,0.139,-0.369,76.4,7.6,,1.864,0.369,105.3,1,-1,0.745,0.255,27,36,28,37,1,4,4.0,1.0,1.0,6.0,0.93,0.35,0.35,41.5,16.648946276030042,6.369651843716197,33.5062140275677,39.233165726425995,24.918437298998818,Four-seam,True
SL,2026-07-11,88.0,-1.54,6.08,"Miller, Mason",543807,695243,,ball,,,,,13.0,,R,R,R,SD,TOR,B,,,2,1,2026,0.78,-0.28,-0.1660311453483129,0.8920185984641495,,664702.0,,1,9,Top,,,,,,,1.656783047756866,-128.01255575579484,-5.569944281135598,8.098216173996006,29.411106890856225,-34.197813961673845,3.267396654,1.648966535,,,,88.4,2513.0,6.8,823276,669134,664034,630105,823550,593428,687749,701538,665487,53.71,,,,,,,,83,4,Slider,8,7,7,8,7,8,7,8,Standard,Standard,31.0,-0.016,0.074,,,,,-0.074,,1,-1,0.761,0.239,27,36,28,37,1,4,4.0,1.0,1.0,6.0,3.25,-0.78,-0.78,39.3,,,,,,Slider,False
SL,2026-07-11,87.7,-1.39,6.15,"Miller, Mason",543807,695243,,called_strike,,,,,4.0,,R,R,R,SD,TOR,S,,,2,0,2026,0.84,-0.35,-0.2901249952068916,2.421677273425155,,664702.0,,1,9,Top,,,,,,,0.8762968472378796,-127.61193759556475,-1.8564631966729208,8.835284041922147,29.834714614618672,-35.723324656443395,3.267396654,1.648966535,,,,88.1,2524.0,6.8,823276,669134,664034,630105,823550,593428,687749,701538,665487,53.67,,,,,,,,83,3,Slider,8,7,7,8,7,8,7,8,Standard,Standard,39.0,0.011,-0.04,,,,,0.04,,1,-1,0.75,0.25,27,36,28,37,1,4,4.0,1.0,1.0,6.0,3.34,-0.84,-0.84,39.0,,,,,,Slider,False
SL,2026-07-11,87.7,-1.39,6.08,"Miller, Mason",543807,695243,,blocked_ball,,,,,14.0,,R,R,R,SD,TOR,B,,,1,0,2026,1.2,-0.23,1.7159165535614602,0.4111235974355596,,,664702.0,1,9,Top,,,,,,,4.927019163805525,-127.4945199465645,-6.766209535947221,11.78596104909119,30.1072946677532,-33.25735744549993,3.267396654,1.648966535,,,,88.1,2582.0,6.9,823276,669134,664034,630105,823550,593428,687749,701538,665487,53.56,,,,,,,,83,2,Slider,8,7,7,8,7,8,7,8,Standard,Standard,25.0,-0.064,0.066,,,,,-0.066,,1,-1,0.814,0.186,27,36,28,37,1,4,4.0,1.0,1.0,6.0,3.23,-1.2,-1.2,41.0,,,,,,Slider,False
SL,2026-07-11,87.6,-1.43,6.2,"Miller, Mason",543807,695243,,ball,,,,,14.0,,R,R,R,SD,TOR,B,,,0,0,2026,1.19,-0.4,1.0976146104820723,1.66094825921491,,,664702.0,1,9,Top,,,,,,,3.5651496354458407,-127.54045988599113,-3.698128146823661,12.043029239693617,29.086530392798934,-35.92108112513051,3.267396654,1.648966535,,,,88.2,2433.0,6.9,823276,669134,664034,630105,823550,593428,687749,701538,665487,53.63,,,,,,,,83,1,Slider,8,7,7,8,7,8,7,8,Standard,Standard,35.0,-0.011,0.034,,,,,-0.034,,1,-1,0.825,0.175,27,36,28,37,1,4,4.0,1.0,1.0,6.0,3.4,-1.19,-1.19,40.4,,,,,,Slider,False
SL,2026-07-11,88.3,-1.31,6.21,"Miller, Mason",665489,695243,strikeout,swinging_strike,,,,,14.0,Vladimir Guerrero Jr. strikes out swinging.,R,R,R,SD,TOR,S,2.0,,0,2,2026,1.1,-0.21,0.7242605979640866,1.218739981252904,,,664702.0,0,9,Top,,,,,,,2.5637180713377736,-128.48809732142203,-5.317277805180727,11.532067408040504,29.37381113446003,-33.536625879818345,3.208595801,1.619291339,,,,88.7,2546.0,6.8,823276,669134,664034,630105,823550,593428,687749,701538,665487,53.72,,0.0,0.0,1.0,0.0,0.0,,82,3,Slider,8,7,7,8,7,8,7,8,Standard,Standard,34.0,0.064,-0.152,68.7,8.7,7.927073844,,0.152,,1,-1,0.761,0.239,27,27,28,27,1,4,4.0,1.0,1.0,1.0,3.16,-1.1,-1.1,41.8,18.334243247712088,-35.14121111422297,29.341637857115607,43.71040180547705,52.170068839534885,Slider,True
FF,2026-07-11,100.7,-1.39,6.27,"Miller, Mason",665489,695243,,foul,,,,,3.0,,R,R,R,SD,TOR,S,,,0,1,2026,-0.42,1.41,0.7032399840782264,3.0058596946190352,,,664702.0,0,9,Top,,,,,,,6.818494279975033,-146.3495701129685,-6.9431129312247855,-7.7071007800715,36.91400839277948,-10.471382380583576,3.208595801,1.619291339,233.0,80.8,48.0,101.5,2622.0,7.0,823276,669134,664034,630105,823550,593428,687749,701538,665487,53.54,,,,,,,,82,2,4-Seam Fastball,8,7,7,8,7,8,7,8,Standard,Standard,202.0,0.027,-0.05,69.0,7.3,,,0.05,88.0,1,-1,0.734,0.266,27,27,28,27,1,4,4.0,1.0,1.0,1.0,0.86,0.42,0.42,40.2,-4.935833734061993,10.47884524937171,19.93313132503784,47.589829115264784,22.310876379130857,Four-seam,False
SL,2026-07-11,86.5,-1.38,6.22,"Miller, Mason",665489,695243,,foul,,,,,11.0,,R,R,R,SD,TOR,S,,,0,0,2026,0.55,-0.38,-0.2026632120631115,3.697390225447378,,,664702.0,0,9,Top,,,,,,,1.616577774805592,-125.89471701342318,1.2094201904710424,5.527937738391851,26.710799700295215,-36.71630213419304,3.208595801,1.619291339,212.0,75.1,48.0,86.7,2445.0,6.5,823276,669134,664034,630105,823550,593428,687749,701538,665487,53.98,,,,,,,,82,1,Slider,8,7,7,8,7,8,7,8,Standard,Standard,33.0,0.016,-0.04,67.7,6.0,,,0.04,88.0,1,-1,0.718,0.282,27,27,28,27,1,4,4.0,1.0,1.0,1.0,3.44,-0.55,-0.55,40.0,-8.192705497115371,29.543682319438577,18.597267730076073,35.374295705891186,18.52229053197409,Slider,False
SL,2026-07-11,88.1,-1.46,6.07,"Miller, Mason",664770,695243,single,hit_into_play,,,,,6.0,Nathan Lukes singles on a ground ball to right fielder Fernando Tatis Jr.,R,L,R,SD,TOR,X,9.0,ground_ball,1,1,2026,0.81,-0.13,0.5050288253614,2.462557347517649,,,,0,9,Top,185.25,108.61,,,,,3.037820713200426,-128.31817116764583,-2.1761036086046444,8.24262089360113,27.65850018142497,-33.35093082648272,3.163836942,1.596702756,98.0,99.4,5.0,88.8,2483.0,6.8,823276,669134,664034,630105,823550,593428,687749,701538,665487,53.71,0.574,0.54,0.9,1.0,1.0,0.0,4.0,81,3,Slider,8,7,7,8,7,8,7,8,Standard,Standard,44.0,-0.121,0.457,57.0,7.1,,0.641,-0.457,99.4,1,-1,0.839,0.161,27,31,28,32,1,4,4.0,1.0,1.0,1.0,3.07,-0.81,0.81,36.2,15.189336223840757,-10.097334541711655,27.027937947997337,35.715862546873765,36.14699032670359,Slider,True
FF,2026-07-11,100.8,-1.44,6.23,"Miller, Mason",664770,695243,,ball,,,,,11.0,,R,L,R,SD,TOR,B,,,0,1,2026,-0.77,1.38,-1.534484485215634,3.7418305721940666,,,,0,9,Top,,,,,,,1.6122920313040865,-146.7999822507349,-4.779459238887357,-11.512424927653154,34.04955592212291,-11.239565543146949,3.163836942,1.596702756,,,,101.5,2566.0,6.6,823276,669134,664034,630105,823550,593428,687749,701538,665487,53.92,,,,,,,,81,2,4-Seam Fastball,8,7,7,8,7,8,7,8,Standard,Standard,203.0,-0.007,0.029,,,,,-0.029,,1,-1,0.846,0.154,27,31,28,32,1,4,4.0,1.0,1.0,1.0,0.85,0.77,-0.77,39.2,,,,,,Four-seam,False
FF,2026-07-11,101.2,-1.51,6.22,"Miller, Mason",664770,695243,,called_strike,,,,,1.0,,R,L,R,SD,TOR,S,,,0,0,2026,-0.93,1.14,-0.4624098866451662,3.221446364928779,,,,0,9,Top,,,,,,,5.185204408395545,-147.26598137290895,-5.664092971792259,-14.784805763413472,34.65673543548098,-14.4271658441712,3.163836942,1.596702756,,,,102.0,2512.0,6.7,823276,669134,664034,630105,823550,593428,687749,701538,665487,53.79,,,,,,,,81,1,4-Seam Fastball,8,7,7,8,7,8,7,8,Strategic,Standard,206.0,0.011,-0.041,,,,,0.041,,1,-1,0.835,0.165,27,31,28,32,1,4,4.0,1.0,1.0,1.0,1.08,0.93,-0.93,40.4,,,,,,Four-seam,False
FF,2026-07-07,102.5,-1.41,6.25,"Miller, Mason",571448,695243,strikeout,called_strike,,,,,5.0,Nolan Arenado called out on strikes.,R,R,R,SD,AZ,S,2.0,,2,2,2026,-0.66,1.48,0.1525310503333846,2.3369493210628143,,,,2,9,Top,,,,,,,6.0670366684440085,-148.99068255545373,-9.2981840695085,-11.316979991377838,36.34427195081673,-8.075562281309267,3.277050525,1.653838583,,,,103.6,2508.0,7.0,823280,669134,630105,823550,592518,593428,687749,701538,665487,53.54,,0.0,0.0,1.0,0.0,0.0,,65,5,4-Seam Fastball,4,1,1,4,1,4,1,4,Standard,Standard,203.0,0.003,-0.223,,,,,0.223,,3,-3,0.997,0.003,27,35,28,35,1,3,2.0,1.0,4.0,1.0,0.7,0.66,0.66,42.5,,,,,,Four-seam,True
SL,2026-07-07,88.6,-1.43,6.18,"Miller, Mason",571448,695243,,ball,,,,,12.0,,R,R,R,SD,AZ,B,,,1,2,2026,1.07,-0.32,0.4176092909880772,3.4974770157501895,,,,2,9,Top,,,,,,,2.1860784559097053,-128.92604606298838,0.4589217679627593,11.391646121565236,29.219115687545052,-36.04696278828886,3.277050525,1.653838583,,,,89.0,2465.0,6.7,823280,669134,630105,823550,592518,593428,687749,701538,665487,53.76,,,,,,,,65,4,Slider,4,1,1,4,1,4,1,4,Standard,Standard,45.0,0.0,0.041,,,,,-0.041,,3,-3,0.997,0.003,27,35,28,35,1,3,2.0,1.0,4.0,1.0,3.24,-1.07,-1.07,41.7,,,,,,Slider,False
FF,2026-07-07,101.9,-1.25,6.33,"Miller, Mason",571448,695243,,swinging_strike,,,,,3.0,,R,R,R,SD,AZ,S,,,1,1,2026,-0.54,1.41,0.8153638570034707,3.2349240233942407,,,,2,9,Top,,,,,,,7.0660203491632405,-148.0993659972721,-6.679032717336261,-9.639349603978488,35.52440914242017,-10.038453918457517,3.277050525,1.653838583,,,,102.3,2479.0,6.6,823280,669134,630105,823550,592518,593428,687749,701538,665487,53.93,,,,,,,,65,3,4-Seam Fastball,4,1,1,4,1,4,1,4,Standard,Standard,197.0,0.001,-0.064,75.6,7.5,1.316759592,,0.064,,3,-3,0.996,0.004,27,35,28,35,1,3,2.0,1.0,4.0,1.0,0.79,0.54,0.54,43.9,0.927102905164544,14.27036625060832,27.677148624198317,51.36001401005783,16.232279531450455,Four-seam,False
SL,2026-07-07,87.5,-1.46,6.25,"Miller, Mason",571448,695243,,called_strike,,,,,8.0,,R,R,R,SD,AZ,S,,,1,0,2026,0.94,-0.58,-0.1672708435590069,1.8322720977978055,,,,2,9,Top,,,,,,,1.1061086133296096,-127.3655024127966,-2.9684378865079624,9.862293555683111,30.145246106581546,-37.95194394824198,3.277050525,1.653838583,,,,87.9,2401.0,6.9,823280,669134,630105,823550,592518,593428,687749,701538,665487,53.65,,,,,,,,65,2,Slider,4,1,1,4,1,4,1,4,Standard,Standard,37.0,0.001,-0.056,,,,,0.056,,3,-3,0.995,0.005,27,35,28,35,1,3,2.0,1.0,4.0,1.0,3.59,-0.94,-0.94,42.9,,,,,,Slider,False
FF,2026-07-07,101.8,-1.39,6.37,"Miller, Mason",571448,695243,,ball,,,,,12.0,,R,R,R,SD,AZ,B,,,0,0,2026,-0.39,1.58,0.3163632904893739,3.738000078201641,,,,2,9,Top,,,,,,,5.725402712591096,-147.97108832547067,-5.783732940553803,-7.1719039008701655,37.95923397328158,-7.864179214189486,3.277050525,1.653838583,,,,102.4,2592.0,6.8,823280,669134,630105,823550,592518,593428,687749,701538,665487,53.67,,,,,,,,65,1,4-Seam Fastball,4,1,1,4,1,4,1,4,Standard,Standard,201.0,-0.001,0.041,,,,,-0.041,,3,-3,0.996,0.004,27,35,28,35,1,3,2.0,1.0,4.0,1.0,0.64,0.39,0.39,45.6,,,,,,Four-seam,False
SL,2026-07-07,89.0,-1.31,6.17,"Miller, Mason",666971,695243,strikeout,swinging_strike_blocked,,,,,14.0,Lourdes Gurriel Jr. strikes out swinging.,R,R,R,SD,AZ,S,2.0,,1,2,2026,1.0,-0.36,1.4809495813513718,0.6961983018434017,,,,1,9,Top,,,,,,,4.64338899506373,-129.38868888390058,-6.347484610493297,10.158579235440657,29.180687235996363,-34.93171792309582,3.354281496,1.692814961,,,,89.5,2479.0,6.8,823280,669134,630105,823550,592518,593428,687749,701538,665487,53.69,,0.0,0.0,1.0,0.0,0.0,,64,4,Slider,4,1,1,4,1,4,1,4,Standard,Standard,30.0,0.008,-0.182,64.9,8.4,12.383127408,,0.182,,3,-3,0.988,0.012,27,32,28,33,1,1,2.0,1.0,4.0,1.0,3.26,-1.0,-1.0,43.8,21.70792960734365,-26.53389710246513,36.72747491857611,52.39904419497612,46.01599481283934,Slider,True
FF,2026-07-07,103.5,-1.12,6.43,"Miller, Mason",666971,695243,,ball,,,,,12.0,,R,R,R,SD,AZ,B,,,0,2,2026,-0.4,1.52,1.664934768334365,3.4081517213276484,,,,1,9,Top,,,,,,,8.939800699268417,-150.4000259006566,-7.092649179785154,-8.167508019436813,35.24640300656753,-7.543574677130851,3.354281496,1.692814961,,,,104.8,2603.0,7.0,823280,669134,630105,823550,592518,593428,687749,701538,665487,53.53,,,,,,,,64,3,4-Seam Fastball,4,1,1,4,1,4,1,4,Standard,Standard,199.0,-0.001,0.019,,,,,-0.019,,3,-3,0.989,0.011,27,32,28,33,1,1,2.0,1.0,4.0,1.0,0.61,0.4,0.4,45.1,,,,,,Four-seam,False
SL,2026-07-07,89.0,-1.57,6.19,"Miller, Mason",666971,695243,,called_strike,,,,,3.0,,R,R,R,SD,AZ,S,,,0,1,2026,0.53,-0.38,0.4728588295508488,2.985114326861762,,,,1,9,Top,,,,,,,3.828602556107197,-129.62606659137325,-0.8139619170042036,5.220392177879872,27.24162555293631,-36.49128099651397,3.354281496,1.692814961,,,,89.7,2316.0,6.7,823280,669134,630105,823550,592518,593428,687749,701538,665487,53.84,,,,,,,,64,2,Slider,4,1,1,4,1,4,1,4,Standard,Standard,38.0,0.002,-0.057,,,,,0.057,,3,-3,0.987,0.013,27,32,28,33,1,1,2.0,1.0,4.0,1.0,3.25,-0.53,-0.53,40.7,,,,,,Slider,False
SL,2026-07-07,88.1,-1.6,6.21,"Miller, Mason",666971,695243,,foul,,,,,1.0,,R,R,R,SD,AZ,S,,,0,0,2026,0.8,-0.22,-0.3402241175356573,3.1348315020586077,,,,1,9,Top,,,,,,,1.3391276351577488,-128.3003675636883,-0.681560345996387,8.484452446667214,27.81125785303674,-34.64144195656589,3.354281496,1.692814961,,,,88.6,2260.0,6.7,823280,669134,630105,823550,592518,593428,687749,701538,665487,53.83,,,,,,,,64,1,Slider,4,1,1,4,1,4,1,4,Standard,Standard,44.0,0.002,-0.041,71.9,6.9,,,0.041,,3,-3,0.985,0.015,27,32,28,33,1,1,2.0,1.0,4.0,1.0,3.16,-0.8,-0.8,40.8,11.616720381580532,5.434765888411347,37.12742367782075,32.96266517362749,25.251121555839266,Slider,False
SL,2026-07-07,87.8,-1.65,6.23,"Miller, Mason",672515,695243,field_out,hit_into_play,,,,,5.0,"Gabriel Moreno grounds out, third baseman Manny Machado to first baseman Jake Cronenworth.",R,R,R,SD,AZ,X,5.0,ground_ball,2,2,2026,0.78,-0.42,0.1535762121551639,2.5457125631015325,,,,0,9,Top,95.99,167.8,,,,,2.6808091190210503,-127.81914658080144,-1.6512893097363512,7.953379351624445,28.478781817270352,-36.65110067236419,3.071686352,1.55019685,6.0,86.5,-26.0,88.6,2424.0,6.9,823280,669134,630105,823550,592518,593428,687749,701538,665487,53.57,0.074,0.071,0.0,1.0,0.0,0.0,2.0,63,5,Slider,4,1,1,4,1,4,1,4,Standard,Standard,42.0,0.016,-0.232,74.5,7.4,,0.085,0.232,88.0,3,-3,0.969,0.031,27,26,28,26,1,3,2.0,1.0,4.0,1.0,3.4,-0.78,-0.78,42.7,15.026126457712984,-10.471137641023812,25.563875104581623,36.179080740056335,42.01048067509027,Slider,True
FF,2026-07-07,101.5,-1.42,6.41,"Miller, Mason",672515,695243,,swinging_strike,,,,,2.0,,R,R,R,SD,AZ,S,,,2,1,2026,-0.57,1.69,-0.0102800710069224,3.018654134894813,,,,0,9,Top,,,,,,,5.316330456362648,-147.42620713262613,-8.057290405366984,-9.67054834121505,38.74700314616571,-5.81322263669807,3.071686352,1.55019685,,,,101.6,2598.0,6.7,823280,669134,630105,823550,592518,593428,687749,701538,665487,53.84,,,,,,,,63,4,4-Seam Fastball,4,1,1,4,1,4,1,4,Strategic,Standard,201.0,0.007,-0.078,71.5,7.0,0.52807488,,0.078,,3,-3,0.962,0.038,27,26,28,26,1,3,2.0,1.0,4.0,1.0,0.55,0.57,0.57,43.0,8.82352793643218,6.884170529056564,30.31462621082837,36.651244829427554,30.83008509010905,Four-seam,False
FF,2026-07-07,100.3,-1.43,6.38,"Miller, Mason",672515,695243,,called_strike,,,,,5.0,,R,R,R,SD,AZ,S,,,2,0,2026,-0.61,1.55,0.1459597595483703,2.322075759643573,,,,0,9,Top,,,,,,,5.829901726501422,-145.6516538891309,-9.37152534721578,-10.119319293221889,37.28114365941674,-8.03663990425359,3.071686352,1.55019685,,,,100.8,2545.0,6.9,823280,669134,630105,823550,592518,593428,687749,701538,665487,53.6,,,,,,,,63,3,4-Seam Fastball,4,1,1,4,1,4,1,4,Standard,Standard,203.0,0.008,-0.073,,,,,0.073,,3,-3,0.954,0.046,27,26,28,26,1,3,2.0,1.0,4.0,1.0,0.74,0.61,0.61,41.2,,,,,,Four-seam,False
SL,2026-07-07,87.3,-1.6,6.19,"Miller, Mason",672515,695243,,ball,,,,,14.0,,R,R,R,SD,AZ,B,,,1,0,2026,0.72,-0.52,1.4970543070060325,2.275377007579421,,,,0,9,Top,,,,,,,5.896025176139114,-126.99710095377355,-1.8302779754269909,6.2411070391878996,30.39758899422633,-37.56868741197352,3.071686352,1.55019685,,,,87.4,2420.0,6.8,823280,669134,630105,823550,592518,593428,687749,701538,665487,53.74,,,,,,,,63,2,Slider,4,1,1,4,1,4,1,4,Standard,Standard,40.0,-0.008,0.082,,,,,-0.082,,3,-3,0.962,0.038,27,26,28,26,1,3,2.0,1.0,4.0,1.0,3.56,-0.72,-0.72,40.7,,,,,,Slider,False
FF,2026-07-07,100.1,-1.71,6.4,"Miller, Mason",672515,695243,,ball,,,,,11.0,,R,R,R,SD,AZ,B,,,0,0,2026,-0.66,1.54,-1.3753559663010135,4.309617990216228,,,,0,9,Top,,,,,,,2.519686658165571,-145.7016506198202,-3.908286697456113,-10.02393770876442,37.43538218949085,-9.60264853280885,3.071686352,1.55019685,,,,100.5,2462.0,6.7,823280,669134,630105,823550,592518,593428,687749,701538,665487,53.8,,,,,,,,63,1,4-Seam Fastball,4,1,1,4,1,4,1,4,Standard,Standard,204.0,-0.004,0.042,,,,,-0.042,,3,-3,0.966,0.034,27,26,28,26,1,3,2.0,1.0,4.0,1.0,0.75,0.66,0.66,43.4,,,,,,Four-seam,False
FF,2026-07-05,102.4,-1.46,6.28,"Miller, Mason",687221,695243,field_out,hit_into_play,,,,,9.0,Dalton Rushing flies out to center fielder Jackson Merrill.,R,L,R,LAD,SD,X,8.0,fly_ball,1,2,2026,-0.42,1.29,0.4028452656834128,1.9142259509654205,,,,2,9,Bot,116.14,59.56,,,,,6.320918765919608,-148.83856854400148,-10.196169578428242,-7.638488631602442,30.864839860949964,-10.768491231403436,3.191920932,1.610875984,347.0,96.6,38.0,104.4,2566.0,7.1,823931,669134,664034,823550,592518,593428,687749,701538,665487,53.38,0.091,0.154,0.0,1.0,0.0,0.0,3.0,77,5,4-Seam Fastball,2,5,2,5,5,2,2,5,Infield shade,Standard,201.0,-0.005,-0.183,73.2,7.7,,0.309,0.183,96.6,-3,-3,0.005,0.005,27,25,28,25,1,0,1.0,1.0,2.0,1.0,0.86,0.42,-0.42,42.6,13.27471754121821,-2.596635927742788,41.227852949878184,33.41764208534969,31.92732090464616,Four-seam,True
SL,2026-07-05,87.8,-1.58,6.19,"Miller, Mason",687221,695243,,foul,,,,,8.0,,R,L,R,LAD,SD,S,,,1,2,2026,0.63,-0.44,-0.2500559127857352,2.080107122974902,,,,2,9,Bot,,,,,,,1.8475554749789704,-127.8829092718806,-2.694952463665762,6.6089179772089,25.734629869531418,-36.69884781256223,3.191920932,1.610875984,222.0,76.5,40.0,88.7,2366.0,6.7,823931,669134,664034,823550,592518,593428,687749,701538,665487,53.78,,,,,,,,77,4,Slider,2,5,2,5,5,2,2,5,Infield shade,Standard,35.0,0.0,0.0,,,,,0.0,88.0,-3,-3,0.005,0.005,27,25,28,25,1,0,1.0,1.0,2.0,1.0,3.39,-0.63,0.63,40.8,,,,,,Slider,False
CH,2026-07-05,97.6,-1.64,6.14,"Miller, Mason",687221,695243,,foul,,,,,13.0,,R,L,R,LAD,SD,S,,,1,1,2026,-1.2,0.28,-0.8711230965851688,1.843805075626607,,,,2,9,Bot,,,,,,,4.8780475637106875,-141.99122078620942,-6.511091566765807,-17.357392708446916,30.4356632743104,-27.203167798112727,3.191920932,1.610875984,213.0,72.4,47.0,98.4,2023.0,6.6,823931,669134,664034,823550,592518,593428,687749,701538,665487,53.88,,,,,,,,77,3,Changeup,2,5,2,5,5,2,2,5,Infield shade,Standard,228.0,0.0,-0.064,70.3,7.3,,,0.064,88.0,-3,-3,0.005,0.005,27,25,28,25,1,0,1.0,1.0,2.0,1.0,2.11,1.2,-1.2,36.7,2.2061590557740884,11.911518792966136,32.638610276420465,48.14754835165861,24.70927654942944,Changeup,False
FF,2026-07-05,101.2,-1.47,6.32,"Miller, Mason",687221,695243,,called_strike,,,,,1.0,,R,L,R,LAD,SD,S,,,1,0,2026,-0.43,1.4,-0.5225580876581754,3.271360655845855,,,,2,9,Bot,,,,,,,3.716275440237616,-147.30101784221836,-6.470847295644993,-7.175696806588678,32.885900242545105,-10.49540237874196,3.191920932,1.610875984,,,,102.6,2556.0,6.9,823931,669134,664034,823550,592518,593428,687749,701538,665487,53.61,,,,,,,,77,2,4-Seam Fastball,2,5,2,5,5,2,2,5,Infield shade,Standard,202.0,-0.001,-0.056,,,,,0.056,,-3,-3,0.006,0.006,27,25,28,25,1,0,1.0,1.0,2.0,1.0,0.82,0.43,-0.43,42.2,,,,,,Four-seam,False
FF,2026-07-05,102.3,-1.43,6.31,"Miller, Mason",687221,695243,,ball,,,,,11.0,,R,L,R,LAD,SD,B,,,0,0,2026,-0.54,1.41,-0.5035553631028454,3.5942898627631372,,,,2,9,Bot,,,,,,,3.956600276159032,-148.8959118084419,-5.766405017331813,-8.983357040641483,33.34765787048258,-9.99899580279561,3.191920932,1.610875984,,,,103.7,2585.0,6.9,823931,669134,664034,823550,592518,593428,687749,701538,665487,53.63,,,,,,,,77,1,4-Seam Fastball,2,5,2,5,5,2,2,5,Infield shade,Standard,203.0,0.001,0.041,,,,,-0.041,,-3,-3,0.005,0.005,27,25,28,25,1,0,1.0,1.0,2.0,1.0,0.76,0.54,-0.54,42.4,,,,,,Four-seam,False
FF,2026-07-05,102.2,-1.46,6.26,"Miller, Mason",690976,695243,field_out,hit_into_play,,,,,1.0,Alex Freeland flies out to left fielder Jase Bowen.,R,L,R,LAD,SD,X,7.0,fly_ball,3,2,2026,-0.58,1.32,-0.5433435535146681,2.988365350927642,,,,1,9,Bot,56.65,117.11,,,,,4.009243404513314,-148.81911720619465,-7.149322018690602,-9.524988299597412,32.11034078815548,-11.019785353784078,3.184899934,1.607332677,266.0,92.3,52.0,104.0,2505.0,7.0,823931,669134,664034,823550,592518,593428,687749,701538,665487,53.51,0.006,0.009,0.0,1.0,0.0,0.0,3.0,76,8,4-Seam Fastball,2,5,2,5,5,2,2,5,Infield shade,Standard,205.0,-0.017,-0.345,71.6,6.9,,0.013,0.345,92.3,-3,-3,0.022,0.022,27,24,28,25,1,3,1.0,1.0,2.0,2.0,0.84,0.58,-0.58,41.4,9.281339452603117,7.748162374322809,20.87508216851203,44.73976876175597,24.22383898491245,Four-seam,True
SL,2026-07-05,87.9,-1.46,6.24,"Miller, Mason",690976,695243,,ball,,,,,11.0,,R,L,R,LAD,SD,B,,,2,2,2026,0.52,-0.56,-1.7762507656968731,3.7940129371949625,,,,1,9,Bot,,,,,,,-1.8785035561953936,-128.01323216018235,1.5242363656449875,6.1557809001048165,25.011421472212888,-38.8196056310758,3.184899934,1.607332677,,,,89.1,2423.0,6.9,823931,669134,664034,823550,592518,593428,687749,701538,665487,53.65,,,,,,,,76,7,Slider,2,5,2,5,5,2,2,5,Infield shade,Standard,36.0,0.006,0.112,,,,,-0.112,,-3,-3,0.016,0.016,27,24,28,25,1,3,1.0,1.0,2.0,2.0,3.49,-0.52,0.52,41.5,,,,,,Slider,False
FF,2026-07-05,102.6,-1.43,6.39,"Miller, Mason",690976,695243,,foul,,,,,12.0,,R,L,R,LAD,SD,S,,,2,2,2026,-0.53,1.32,0.1294264586499834,3.519079579486862,,,,1,9,Bot,,,,,,,5.718417858036904,-149.28694581159004,-6.034600198204816,-9.29414883274996,32.30443663355535,-11.202825799262405,3.184899934,1.607332677,156.0,89.2,79.0,103.9,2578.0,6.8,823931,669134,664034,823550,592518,593428,687749,701538,665487,53.74,,,,,,,,76,6,4-Seam Fastball,2,5,2,5,5,2,2,5,Infield shade,Standard,208.0,0.0,0.0,72.8,6.9,,,0.0,89.2,-3,-3,0.016,0.016,27,24,28,25,1,3,1.0,1.0,2.0,2.0,0.83,0.53,-0.53,42.6,15.210739939604617,-9.237844069661332,18.111321962630026,36.53090749410384,36.37650324436753,Four-seam,False
FF,2026-07-05,102.8,-1.52,6.22,"Miller, Mason",690976,695243,,foul,,,,,4.0,,R,L,R,LAD,SD,S,,,2,2,2026,-0.41,1.25,-0.3093288420018702,2.209562678324552,,,,1,9,Bot,,,,,,,4.426434706891166,-149.6207410216076,-9.108105267780893,-7.172931453196573,32.36539047992448,-11.394652363084322,3.184899934,1.607332677,162.0,86.5,11.0,104.1,2633.0,6.7,823931,669134,664034,823550,592518,593428,687749,701538,665487,53.76,,,,,,,,76,5,4-Seam Fastball,2,5,2,5,5,2,2,5,Infield shade,Standard,207.0,0.0,0.0,69.9,6.7,,,0.0,88.0,-3,-3,0.016,0.016,27,24,28,25,1,3,1.0,1.0,2.0,2.0,0.88,0.41,-0.41,41.2,-2.969248747753039,18.477173173509705,27.60500828565514,41.29830408984535,21.10001463683505,Four-seam,False
SL,2026-07-05,88.7,-1.7,6.09,"Miller, Mason",690976,695243,,ball,,,,,14.0,,R,L,R,LAD,SD,B,,,1,2,2026,0.79,-0.44,0.3796302917417777,0.5058131195340532,,,,1,9,Bot,,,,,,,3.394005839144139,-129.16075101130338,-6.459127555384408,8.146648673465485,26.19993582258152,-36.04993445036971,3.184899934,1.607332677,,,,89.9,2563.0,6.9,823931,669134,664034,823550,592518,593428,687749,701538,665487,53.58,,,,,,,,76,4,Slider,2,5,2,5,5,2,2,5,Infield shade,Standard,37.0,0.002,0.051,,,,,-0.051,,-3,-3,0.014,0.014,27,24,28,25,1,3,1.0,1.0,2.0,2.0,3.33,-0.79,0.79,38.0,,,,,,Slider,False
FF,2026-07-05,101.8,-1.5,6.32,"Miller, Mason",690976,695243,,called_strike,,,,,8.0,,R,L,R,LAD,SD,S,,,1,1,2026,-0.68,1.19,0.1747607861877295,1.8047474439038953,,,,1,9,Bot,,,,,,,6.359754313429363,-147.91286315468264,-10.142978688832695,-11.453733520589248,32.88072140543534,-12.513575150658657,3.184899934,1.607332677,,,,102.9,2579.0,6.8,823931,669134,664034,823550,592518,593428,687749,701538,665487,53.7,,,,,,,,76,3,4-Seam Fastball,2,5,2,5,5,2,2,5,Infield shade,Standard,205.0,-0.003,-0.07,,,,,0.07,,-3,-3,0.017,0.017,27,24,28,25,1,3,1.0,1.0,2.0,2.0,1.0,0.68,-0.68,41.5,,,,,,Four-seam,False
SL,2026-07-05,88.9,-1.57,6.2,"Miller, Mason",690976,695243,,called_strike,,,,,9.0,,R,L,R,LAD,SD,S,,,1,0,2026,0.68,-0.19,0.793918050817457,1.8834837957024333,,,,1,9,Bot,,,,,,,4.3043427146444175,-129.3763113900246,-3.932863931074909,6.799324739204085,26.46389562228708,-33.705067856806295,3.184899934,1.607332677,,,,90.0,2620.0,6.9,823931,669134,664034,823550,592518,593428,687749,701538,665487,53.61,,,,,,,,76,2,Slider,2,5,2,5,5,2,2,5,Infield shade,Standard,40.0,-0.004,-0.05,,,,,0.05,,-3,-3,0.021,0.021,27,24,28,25,1,3,1.0,1.0,2.0,2.0,3.07,-0.68,0.68,39.4,,,,,,Slider,False
FF,2026-07-05,101.3,-1.72,6.22,"Miller, Mason",690976,695243,,ball,,,,,11.0,,R,L,R,LAD,SD,B,,,0,0,2026,-0.78,1.29,-0.9052780165560352,2.9368044544542053,,,,1,9,Bot,,,,,,,4.185278366368419,-147.3808173526638,-6.847396818755752,-12.422558567313963,34.82097692318875,-11.911380185188042,3.184899934,1.607332677,,,,102.3,2458.0,6.8,823931,669134,664034,823550,592518,593428,687749,701538,665487,53.68,,,,,,,,76,1,4-Seam Fastball,2,5,2,5,5,2,2,5,Infield shade,Standard,206.0,0.003,0.041,,,,,-0.041,,-3,-3,0.018,0.018,27,24,28,25,1,3,1.0,1.0,2.0,2.0,0.93,0.78,-0.78,40.1,,,,,,Four-seam,False
FF,2026-07-05,102.7,-1.47,6.39,"Miller, Mason",663656,695243,strikeout,swinging_strike,,,,,2.0,Kyle Tucker strikes out swinging.,R,L,R,LAD,SD,S,2.0,,1,2,2026,-0.65,1.27,-0.2734592569979653,3.3393758997821763,,,,0,9,Bot,,,,,,,5.01391426543534,-149.47936292132553,-6.429726729486433,-10.980076711422756,34.61578257840761,-11.72365570684874,3.350770997,1.691043307,,,,104.0,2583.0,6.9,823931,669134,664034,823550,592518,593428,687749,701538,665487,53.64,,0.0,0.0,1.0,0.0,0.0,,75,4,4-Seam Fastball,2,5,2,5,5,2,2,5,Infield shade,Standard,203.0,-0.017,-0.187,67.2,5.8,1.234967196,,0.187,,-3,-3,0.035,0.035,27,29,28,29,1,1,1.0,1.0,2.0,1.0,0.88,0.65,-0.65,42.2,-12.607974104542606,24.707051138588145,33.154737789208,38.98375283417827,11.817757143201042,Four-seam,True
FF,2026-07-05,101.6,-1.72,6.23,"Miller, Mason",663656,695243,,swinging_strike,,,,,6.0,,R,L,R,LAD,SD,S,,,1,1,2026,-0.83,1.35,0.3327743046262178,2.4574101183355954,,,,0,9,Bot,,,,,,,7.759646235283991,-147.57274997212667,-8.384064906752029,-14.005410174322211,34.49758552618669,-10.648592857518802,3.350770997,1.691043307,,,,102.5,2468.0,6.8,823931,669134,664034,823550,592518,593428,687749,701538,665487,53.69,,,,,,,,75,3,4-Seam Fastball,2,5,2,5,5,2,2,5,Infield shade,Standard,210.0,-0.007,-0.06,71.0,6.4,1.079248488,,0.06,,-3,-3,0.042,0.042,27,29,28,29,1,1,1.0,1.0,2.0,1.0,0.87,0.83,-0.83,39.1,-10.862878644986504,16.142526909628828,48.05295799601868,32.07126212016136,10.551879349606436,Four-seam,False
SL,2026-07-05,87.2,-1.76,6.21,"Miller, Mason",663656,695243,,called_strike,,,,,2.0,,R,L,R,LAD,SD,S,,,1,0,2026,0.88,-0.3,0.0251894215266192,3.2329404757833147,,,,0,9,Bot,,,,,,,2.407248251468086,-127.03491966987686,-0.1763624327195667,9.023077835024973,26.04440971685067,-35.589970626057095,3.350770997,1.691043307,,,,88.0,2585.0,6.7,823931,669134,664034,823550,592518,593428,687749,701538,665487,53.79,,,,,,,,75,2,Slider,2,5,2,5,5,2,2,5,Infield shade,Standard,41.0,-0.006,-0.055,,,,,0.055,,-3,-3,0.048,0.048,27,29,28,29,1,1,1.0,1.0,2.0,1.0,3.29,-0.88,0.88,38.7,,,,,,Slider,False
SL,2026-07-05,86.3,-1.79,6.24,"Miller, Mason",663656,695243,,ball,,,,,11.0,,R,L,R,LAD,SD,B,,,0,0,2026,0.84,-0.29,-0.6964546807108651,3.7115100233043368,,,,0,9,Bot,,,,,,,0.82815916111232,-125.7231550373444,0.9627960556963367,8.792178743361745,24.239918689151107,-35.67791659922659,3.350770997,1.691043307,,,,87.1,2456.0,6.6,823931,669134,664034,823550,592518,593428,687749,701538,665487,53.86,,,,,,,,75,1,Slider,2,5,2,5,5,2,2,5,Infield shade,Standard,49.0,0.005,0.042,,,,,-0.042,,-3,-3,0.043,0.043,27,29,28,29,1,1,1.0,1.0,2.0,1.0,3.33,-0.84,0.84,38.1,,,,,,Slider,False
FF,2026-07-04,102.7,-1.25,6.4,"Miller, Mason",605141,695243,grounded_into_double_play,hit_into_play,,,,,6.0,"Mookie Betts grounds into a double play, shortstop Xander Bogaerts to second baseman Jake Cronenworth to first baseman Ty France. Freddie Freeman out at 2nd. Mookie Betts out at 1st.",R,R,R,LAD,SD,X,6.0,ground_ball,0,2,2026,-0.63,1.07,0.3432245936246778,2.519149726124971,,,518692.0,1,8,Bot,110.9,148.09,,,,,6.070551741854416,-149.4120559003527,-8.289861626885585,-10.80872856548573,33.885086187162976,-14.327725002769473,3.096259843,1.562598425,52.0,100.5,0.0,104.1,2317.0,6.9,823932,660710,664034,630105,592518,593428,657757,701538,665487,53.59,0.414,0.386,0.0,1.0,0.0,0.0,4.0,60,3,4-Seam Fastball,3,0,3,0,0,3,3,0,Standard,Standard,203.0,-0.005,-0.224,67.6,7.0,,0.467,0.224,100.5,3,3,0.971,0.971,27,33,28,34,1,3,5.0,1.0,1.0,1.0,1.08,0.63,0.63,47.0,3.4399204323282735,-0.4404926562547661,28.829989610435828,41.72901637341562,30.89146312709709,Four-seam,True
SL,2026-07-04,88.3,-1.64,6.2,"Miller, Mason",605141,695243,,foul,,,,,8.0,,R,R,R,LAD,SD,S,,,0,1,2026,0.97,-0.3,0.0407449905108473,1.6590841956963485,,,518692.0,1,8,Bot,,,,,,,1.989967922752848,-128.6265526773127,-4.107936827878988,10.36020386392728,26.81701351474397,-34.88794296955894,3.096259843,1.562598425,7.0,49.5,-15.0,89.2,2501.0,6.8,823932,660710,664034,630105,592518,593428,657757,701538,665487,53.71,,,,,,,,60,2,Slider,3,0,3,0,0,3,3,0,Standard,Standard,38.0,-0.001,-0.058,71.4,7.5,,,0.058,88.0,3,3,0.972,0.972,27,33,28,34,1,3,5.0,1.0,1.0,1.0,3.22,-0.97,-0.97,40.0,16.22855990096426,-22.083900657245035,34.0104043682349,37.90356433468065,48.9343693339144,Slider,False
FF,2026-07-04,101.6,-1.39,6.39,"Miller, Mason",605141,695243,,called_strike,,,,,4.0,,R,R,R,LAD,SD,S,,,0,0,2026,-0.41,1.33,-0.3357993387600487,2.2512710848221285,,,518692.0,1,8,Bot,,,,,,,3.952382193954539,-147.79694664481752,-9.399435155747195,-6.92364158371084,31.789033684990084,-10.647566520841949,3.096259843,1.562598425,,,,102.6,2503.0,6.6,823932,660710,664034,630105,592518,593428,657757,701538,665487,53.87,,,,,,,,60,1,4-Seam Fastball,3,0,3,0,0,3,3,0,Standard,Standard,205.0,-0.001,-0.037,,,,,0.037,,3,3,0.973,0.973,27,33,28,34,1,3,5.0,1.0,1.0,1.0,0.86,0.41,0.41,44.4,,,,,,Four-seam,False
FF,2026-07-04,100.2,-1.64,6.26,"Miller, Mason",518692,695243,single,hit_into_play,,,,,8.0,Freddie Freeman singles on a sharp line drive to center fielder Jackson Merrill. Tommy Edman scores.,R,L,R,LAD,SD,X,8.0,line_drive,1,0,2026,-0.66,1.3,0.0679136781777642,1.8902651551860572,,669242.0,,1,8,Bot,137.86,91.7,,,,,6.3046562962208625,-145.6840215396499,-9.66817508790323,-10.84864536951106,31.861889586894694,-11.654812530140404,3.382365486,1.706988189,183.0,109.1,7.0,101.3,2546.0,6.8,823932,660710,664034,630105,592518,593428,657757,701538,665487,53.73,0.683,0.643,0.9,1.0,1.0,0.0,4.0,59,2,4-Seam Fastball,2,0,2,0,0,3,3,0,Strategic,Standard,208.0,0.028,0.509,74.0,7.1,,0.788,-0.509,109.1,2,2,0.945,0.945,27,36,28,37,1,3,5.0,1.0,1.0,1.0,0.97,0.66,-0.66,40.8,4.713981464813226,3.122426706209828,46.52265944401975,40.26952834719746,23.607780780385234,Four-seam,True
SL,2026-07-04,87.0,-1.65,6.21,"Miller, Mason",518692,695243,,ball,,,,,11.0,,R,L,R,LAD,SD,B,,,0,0,2026,0.89,-0.42,-1.3024896168569748,3.3933917080339184,,669242.0,,1,8,Bot,,,,,,,-1.0568014776042596,-126.76398906195809,0.4578494222841625,9.887426951630264,24.67732522343252,-37.02004186956068,3.382365486,1.706988189,,,,87.9,2483.0,6.7,823932,660710,664034,630105,592518,593428,657757,701538,665487,53.8,,,,,,,,59,1,Slider,2,0,2,0,0,2,2,0,Infield shade,Standard,38.0,0.0,0.04,,,,,-0.04,,2,2,0.945,0.945,27,36,28,37,1,3,5.0,1.0,1.0,1.0,3.41,-0.89,0.89,41.2,,,,,,Slider,False
FF,2026-07-04,100.7,-1.41,6.39,"Miller, Mason",681624,695243,field_out,hit_into_play,,,,,4.0,"Andy Pages grounds out, shortstop Xander Bogaerts to first baseman Ty France. Tommy Edman to 2nd.",R,R,R,LAD,SD,X,6.0,ground_ball,3,1,2026,-0.25,1.07,-0.32127441584902,2.4713070177500827,,,669242.0,0,8,Bot,114.85,159.84,,,,,3.6306899387527385,-146.630761712933,-8.041994317511872,-4.4439217173255985,30.721204150208305,-15.083695789611932,3.23667979,1.633464567,1.0,82.5,-62.0,102.1,2527.0,6.8,823932,660710,664034,630105,592518,593428,657757,701538,665487,53.72,0.341,0.307,0.0,1.0,0.0,0.0,2.0,58,5,4-Seam Fastball,2,0,2,0,0,2,2,0,Standard,Standard,199.0,-0.008,-0.505,69.2,6.1,,0.342,0.505,88.0,2,2,0.953,0.953,27,25,28,26,1,3,5.0,1.0,1.0,1.0,1.15,0.25,0.25,43.9,-19.818110478873376,22.9712070965502,46.45195101251565,32.04425071498049,11.572931653422978,Four-seam,True
FF,2026-07-04,100.4,-1.51,6.42,"Miller, Mason",681624,695243,,foul,,,,,11.0,,R,R,R,LAD,SD,S,,,3,0,2026,-0.18,1.4,-0.1725965755039463,3.3813358599691825,,,669242.0,0,8,Bot,,,,,,,4.120891877051235,-146.19653939127312,-6.318163943268092,-3.5452124592186203,31.833686833552353,-10.786752377009025,3.23667979,1.633464567,244.0,83.0,23.0,101.4,2550.0,6.6,823932,660710,664034,630105,592518,593428,657757,701538,665487,53.85,,,,,,,,58,4,4-Seam Fastball,2,0,2,0,0,2,2,0,Standard,Standard,197.0,-0.002,-0.092,76.7,7.5,,,0.092,88.0,2,2,0.955,0.955,27,25,28,26,1,3,5.0,1.0,1.0,1.0,0.84,0.18,0.18,43.8,12.152922117151869,-17.536384413305377,28.840668145389397,32.371049459846816,33.90982119271726,Four-seam,False
FF,2026-07-04,99.6,-1.65,6.43,"Miller, Mason",681624,695243,,ball,,,,,11.0,,R,R,R,LAD,SD,B,,,2,0,2026,-0.09,1.4,-1.0622932534947451,3.8736432928677527,,,669242.0,0,8,Bot,,,,,,,1.824867523737276,-145.15740260815156,-4.916768865087059,-1.6839695315095815,30.871339984982537,-11.36139432728612,3.23667979,1.633464567,,,,101.3,2505.0,6.9,823932,660710,664034,630105,592518,593428,657757,701538,665487,53.6,,,,,,,,58,3,4-Seam Fastball,2,0,2,0,0,2,2,0,Standard,Standard,199.0,0.003,0.142,,,,,-0.142,,2,2,0.952,0.952,27,25,28,26,1,3,5.0,1.0,1.0,1.0,0.87,0.09,0.09,45.4,,,,,,Four-seam,False
FF,2026-07-04,101.1,-1.61,6.34,"Miller, Mason",681624,695243,,ball,,,,,12.0,,R,R,R,LAD,SD,B,,,1,0,2026,-0.31,1.22,0.035677216939136,3.6903410362957234,,,669242.0,0,8,Bot,,,,,,,5.320102352794548,-147.2121234128232,-4.905871182920952,-5.611789453497729,31.6638321644592,-13.49946487595799,3.23667979,1.633464567,,,,102.3,2469.0,6.7,823932,660710,664034,630105,592518,593428,657757,701538,665487,53.79,,,,,,,,58,2,4-Seam Fastball,2,0,2,0,0,2,2,0,Standard,Standard,205.0,0.003,0.074,,,,,-0.074,,2,2,0.949,0.949,27,25,28,26,1,3,5.0,1.0,1.0,1.0,0.99,0.31,0.31,44.6,,,,,,Four-seam,False
FF,2026-07-04,100.1,-1.7,6.43,"Miller, Mason",681624,695243,,ball,,,,,11.0,,R,R,R,LAD,SD,B,,,0,0,2026,-0.16,1.21,-1.485405063293343,2.45449919622412,,,669242.0,0,8,Bot,,,,,,,0.9744053899010906,-145.72974459045295,-8.39463468707433,-2.4670997287354695,30.95603534228172,-13.214187768084123,3.23667979,1.633464567,,,,101.3,2555.0,6.7,823932,660710,664034,630105,592518,593428,657757,701538,665487,53.82,,,,,,,,58,1,4-Seam Fastball,2,0,2,0,0,2,2,0,Standard,Standard,202.0,0.001,0.037,,,,,-0.037,,2,2,0.948,0.948,27,25,28,26,1,3,5.0,1.0,1.0,1.0,1.04,0.16,0.16,43.8,,,,,,Four-seam,False
SL,2026-07-04,87.7,-1.72,6.05,"Miller, Mason",669242,695243,hit_by_pitch,hit_by_pitch,,,,,14.0,Tommy Edman hit by pitch.,R,L,R,LAD,SD,B,,,1,1,2026,1.15,-0.27,2.8821577545921917,-0.1646281446399222,,,,0,8,Bot,,,,,,,8.621693309980483,-127.23084625446964,-8.031352782905405,10.580106279910462,27.854669486382747,-33.453448225343685,3.102403215,1.565698819,,,,88.3,2531.0,7.0,823932,660710,664034,630105,592518,593428,657757,701538,665487,53.51,,0.729366,0.7,1.0,0.0,0.0,,57,3,Slider,2,0,2,0,0,2,2,0,Infield shade,Standard,31.0,0.01,0.459,,,,,-0.459,,2,2,0.938,0.938,27,31,28,31,1,3,5.0,1.0,1.0,1.0,3.26,-1.15,1.15,39.7,,,,,,Slider,True
FF,2026-07-04,99.9,-1.61,6.34,"Miller, Mason",669242,695243,,swinging_strike,,,,,11.0,,R,L,R,LAD,SD,S,,,1,0,2026,-0.48,1.31,-0.3184760486720936,3.4891563637577696,,,,0,8,Bot,,,,,,,4.657444999199178,-145.41989460192585,-5.4472314753753555,-7.861776655686384,31.669669195852126,-12.519151382962535,3.102403215,1.565698819,,,,100.4,2575.0,6.4,823932,660710,664034,630105,592518,593428,657757,701538,665487,54.13,,,,,,,,57,2,4-Seam Fastball,2,0,2,0,0,2,2,0,Infield shade,Standard,204.0,-0.001,-0.055,58.9,5.1,0.13220574,,0.055,,2,2,0.939,0.939,27,31,28,31,1,3,5.0,1.0,1.0,1.0,0.96,0.48,-0.48,40.1,-4.657133302147751,39.16143749058873,21.21821127733383,40.217682295384904,2.8140092693662337,Four-seam,False
FF,2026-07-04,100.0,-1.71,6.42,"Miller, Mason",669242,695243,,ball,,,,,11.0,,R,L,R,LAD,SD,B,,,0,0,2026,-0.5,1.33,-1.5429415622906264,4.544884196735153,,,,0,8,Bot,,,,,,,1.6612897076534687,-145.6783984923276,-2.879532643347949,-7.545941199023128,31.929062831961428,-12.736635676583887,3.102403215,1.565698819,,,,101.0,2449.0,6.6,823932,660710,664034,630105,592518,593428,657757,701538,665487,53.89,,,,,,,,57,1,4-Seam Fastball,2,0,2,0,0,2,2,0,Infield shade,Standard,203.0,0.001,0.042,,,,,-0.042,,2,2,0.938,0.938,27,31,28,31,1,3,5.0,1.0,1.0,1.0,0.93,0.5,-0.5,43.5,,,,,,Four-seam,False
SL,2026-06-29,88.0,-1.58,6.26,"Miller, Mason",673548,695243,single,hit_into_play,,,,,5.0,Seiya Suzuki singles on a fly ball to left fielder Jase Bowen. Pete Crow-Armstrong scores. Alex Bregman to 3rd.,R,R,R,CHC,SD,X,7.0,fly_ball,1,0,2026,0.65,-0.41,-0.0056079230613661,2.112622634654582,691718.0,608324.0,,2,9,Bot,43.98,78.18,,,,,2.415522062824987,-128.25974703535596,-2.9470069660596248,6.793542269433625,24.440709960970786,-36.38552446283305,3.177878937,1.60378937,358.0,90.0,34.0,89.4,2519.0,6.9,824662,666023,664034,630105,592518,593428,687749,701538,665487,53.63,0.037,0.055,0.9,1.0,1.0,0.0,3.0,78,2,Slider,2,2,2,2,2,3,3,2,Standard,Standard,35.0,0.363,0.747,76.4,7.7,,0.093,-0.747,90.0,0,0,0.637,0.637,27,31,28,32,1,4,6.0,1.0,5.0,1.0,3.33,-0.65,-0.65,41.9,15.30522006773828,-22.600612483960155,36.47882539469323,35.89798291589122,41.97443085337622,Slider,True
SL,2026-06-29,87.8,-1.55,6.32,"Miller, Mason",673548,695243,,ball,,,,,11.0,,R,R,R,CHC,SD,B,,,0,0,2026,0.68,-0.31,-0.1625033197430919,3.7262518080145073,691718.0,608324.0,,2,9,Bot,,,,,,,1.912082818742829,-127.89125562218108,0.6531658291508649,7.103396797731859,24.93469035024177,-35.888681123017285,3.177878937,1.60378937,,,,88.7,2487.0,6.7,824662,666023,664034,630105,592518,593428,687749,701538,665487,53.81,,,,,,,,78,1,Slider,2,2,2,2,2,2,2,2,Standard,Standard,41.0,0.003,0.02,,,,,-0.02,,0,0,0.634,0.634,27,31,28,32,1,4,6.0,1.0,5.0,1.0,3.24,-0.68,-0.68,41.4,,,,,,Slider,False
SL,2026-06-29,87.1,-1.66,6.24,"Miller, Mason",683737,695243,double_play,hit_into_play,,,,,2.0,"Michael Busch flies into a double play, left fielder Jase Bowen to catcher Freddy Fermin. Dansby Swanson out at home. Pete Crow-Armstrong to 3rd. Alex Bregman to 2nd.",R,L,R,CHC,SD,X,7.0,fly_ball,1,1,2026,0.59,-0.35,0.0059845557859772,3.062599460107194,621020.0,691718.0,608324.0,0,9,Bot,65.68,129.69,,,,,2.740361095221143,-126.83936931276422,-0.539610538097673,5.800932211248093,25.239428011562428,-36.08119978898728,3.166469816,1.598031496,229.0,75.4,49.0,87.9,2383.0,6.7,824662,666023,664034,630105,592518,593428,687749,701538,665487,53.83,0.083,0.075,0.0,1.0,0.0,0.0,3.0,77,3,Slider,2,2,2,2,2,2,2,2,Strategic,Standard,39.0,-0.289,-0.183,58.9,6.0,,0.093,0.183,88.0,0,0,0.923,0.923,27,28,28,29,1,4,6.0,1.0,5.0,1.0,3.35,-0.59,0.59,41.3,5.19005976580977,14.681433507580888,28.96735232040036,37.766943775087064,27.16707993272876,Slider,True
FF,2026-06-29,101.8,-1.53,6.28,"Miller, Mason",683737,695243,,ball,,,,,14.0,,R,L,R,CHC,SD,B,,,0,1,2026,-0.58,1.28,2.12136737738702,1.1820184592212524,621020.0,691718.0,608324.0,0,9,Bot,,,,,,,11.620087112214582,-147.4290878314452,-11.98013051624052,-11.021040778814848,32.92656030830034,-10.771881768484713,3.166469816,1.598031496,,,,102.9,2526.0,7.0,824662,666023,664034,630105,592518,593428,687749,701538,665487,53.5,,,,,,,,77,2,4-Seam Fastball,2,2,2,2,2,2,2,2,Strategic,Strategic,210.0,0.009,0.009,,,,,-0.009,,0,0,0.914,0.914,27,28,28,29,1,4,6.0,1.0,5.0,1.0,0.93,0.58,-0.58,41.5,,,,,,Four-seam,False
SL,2026-06-29,87.0,-1.79,6.23,"Miller, Mason",683737,695243,,called_strike,,,,,7.0,,R,L,R,CHC,SD,S,,,0,0,2026,0.43,-0.43,-0.5788069077544583,1.629224742717045,621020.0,691718.0,608324.0,0,9,Bot,,,,,,,1.9902746205742523,-126.72389790570791,-3.795230073018898,4.303824391165368,24.715277503698804,-36.259525370541375,3.166469816,1.598031496,,,,88.1,2410.0,6.8,824662,666023,664034,630105,592518,593428,687749,701538,665487,53.7,,,,,,,,77,1,Slider,2,2,2,2,2,2,2,2,Strategic,Strategic,35.0,-0.014,-0.04,,,,,0.04,,0,0,0.928,0.928,27,28,28,29,1,4,6.0,1.0,5.0,1.0,3.42,-0.43,0.43,41.3,,,,,,Slider,False
SL,2026-06-29,86.9,-1.71,6.26,"Miller, Mason",608324,695243,single,hit_into_play,,,,,6.0,Alex Bregman singles on a line drive to center fielder Jackson Merrill. Dansby Swanson to 3rd. Pete Crow-Armstrong to 2nd.,R,R,R,CHC,SD,X,8.0,line_drive,1,0,2026,0.69,-0.31,0.5357490779450667,2.3666896136630045,,621020.0,691718.0,0,9,Bot,130.47,107.48,,,,,3.9110752143590273,-126.55055108907403,-2.283884783877159,6.640210057716713,25.438423782190412,-35.284637867684026,3.126099081,1.57765748,195.0,71.0,20.0,87.6,2510.0,6.7,824662,666023,664034,630105,592518,593428,687749,701538,665487,53.83,0.94,0.86,0.9,1.0,1.0,0.0,4.0,76,2,Slider,2,2,2,2,2,2,2,2,Standard,Standard,42.0,0.105,0.426,72.2,7.3,,1.004,-0.426,88.0,0,0,0.823,0.823,27,32,28,32,1,4,6.0,1.0,5.0,1.0,3.32,-0.69,-0.69,40.0,20.96174284228989,-14.61962596453698,23.82539529744682,40.2538846161206,42.78602675322193,Slider,True
SL,2026-06-29,86.4,-1.84,6.32,"Miller, Mason",608324,695243,,ball,,,,,11.0,,R,R,R,CHC,SD,B,,,0,0,2026,0.74,-0.31,-0.4818256620726394,3.813648955070056,,621020.0,691718.0,0,9,Bot,,,,,,,1.6553632381437282,-125.80666075980888,1.0597174444745454,7.583359641288484,24.94896995882453,-35.90436626905313,3.126099081,1.57765748,,,,87.0,2370.0,6.6,824662,666023,664034,630105,592518,593428,687749,701538,665487,53.91,,,,,,,,76,1,Slider,2,2,2,2,2,2,2,2,Standard,Standard,47.0,0.012,0.051,,,,,-0.051,,0,0,0.811,0.811,27,32,28,32,1,4,6.0,1.0,5.0,1.0,3.35,-0.74,-0.74,36.6,,,,,,Slider,False
SL,2026-06-23,88.5,-1.4,6.2,"Miller, Mason",642201,695243,field_out,hit_into_play,,,,,4.0,"Eli White grounds out, shortstop Xander Bogaerts to first baseman Ty France.",R,R,R,SD,ATL,X,6.0,ground_ball,2,2,2026,0.91,-0.41,-0.3027585293943188,2.353483996413366,673490.0,,,2,10,Top,109.75,152.19,,,,,0.7190495691144069,-128.86499297421352,-2.1451524510200484,9.84513126530866,30.69935685560155,-36.4133263640604,3.315666011,1.673326772,73.0,100.2,3.0,88.9,2508.0,6.9,823286,660710,664034,823550,592518,593428,669392,701538,665487,53.64,0.54,0.501,0.0,1.0,0.0,0.0,4.0,84,5,Slider,6,6,6,6,6,6,6,6,Standard,Standard,30.0,0.123,-0.276,68.9,6.3,,0.605,0.276,100.2,0,0,0.682,0.318,27,32,28,32,1,2,1.0,2.0,6.0,1.0,3.35,-0.91,-0.91,41.6,4.710096548023365,7.407194163172806,35.98285111474259,34.03136903932284,29.05894874416692,Slider,True
SL,2026-06-23,86.7,-1.3,6.15,"Miller, Mason",642201,695243,,foul,,,,,7.0,,R,R,R,SD,ATL,S,,,2,1,2026,0.68,-0.6,-0.6502692612201442,2.129206747822798,673490.0,,,2,10,Top,,,,,,,0.1321088899848278,-126.18140373568272,-1.878902326996386,7.1451543952338925,28.37881873162981,-38.2967714810853,3.315666011,1.673326772,4.0,82.9,-32.0,87.3,2425.0,6.9,823286,660710,664034,823550,592518,593428,669392,701538,665487,53.6,,,,,,,,84,4,Slider,6,6,6,6,6,6,6,6,Standard,Standard,36.0,-0.006,-0.056,70.2,6.8,,,0.056,88.0,0,0,0.688,0.312,27,32,28,32,1,2,1.0,2.0,6.0,1.0,3.65,-0.68,-0.68,40.9,7.284136256637109,2.120358625811656,37.150978003721534,29.61826677543216,31.175816958484504,Slider,False
FF,2026-06-23,101.4,-1.36,6.24,"Miller, Mason",642201,695243,,ball,,,,,14.0,,R,R,R,SD,ATL,B,,,1,1,2026,-0.67,1.42,1.312218237119814,1.1605183598441031,673490.0,,,2,10,Top,,,,,,,9.08398401209536,-146.97173694503212,-12.137960892142267,-11.905080230277326,35.56512008845597,-8.726901830138562,3.315666011,1.673326772,,,,102.2,2475.0,7.0,823286,660710,664034,823550,592518,593428,669392,701538,665487,53.54,,,,,,,,84,3,4-Seam Fastball,6,6,6,6,6,6,6,6,Standard,Standard,204.0,0.001,0.031,,,,,-0.031,,0,0,0.687,0.313,27,32,28,32,1,2,1.0,2.0,6.0,1.0,0.81,0.67,0.67,41.8,,,,,,Four-seam,False
SL,2026-06-23,88.7,-1.28,6.16,"Miller, Mason",642201,695243,,ball,,,,,14.0,,R,R,R,SD,ATL,B,,,0,1,2026,1.06,-0.34,0.8557466602155497,1.407480874576057,673490.0,,,2,10,Top,,,,,,,2.938863024930632,-129.07023802003263,-4.56133626208125,11.02083033991806,29.86141481888142,-35.139508918443944,3.315666011,1.673326772,,,,89.3,2428.0,6.9,823286,660710,664034,823550,592518,593428,669392,701538,665487,53.57,,,,,,,,84,2,Slider,6,6,6,6,6,6,6,6,Standard,Standard,31.0,0.005,0.03,,,,,-0.03,,0,0,0.682,0.318,27,32,28,32,1,2,1.0,2.0,6.0,1.0,3.27,-1.06,-1.06,42.1,,,,,,Slider,False
SL,2026-06-23,88.2,-1.47,6.1,"Miller, Mason",642201,695243,,swinging_strike_blocked,,,,,14.0,,R,R,R,SD,ATL,S,,,0,0,2026,0.64,-0.74,0.579562236392799,0.0025297836442099,673490.0,,,2,10,Top,,,,,,,3.5899262126712608,-128.1623940746516,-6.780989835891842,6.147392099341099,30.717568289356976,-38.8760825007542,3.315666011,1.673326772,,,,88.3,1774.0,6.8,823286,660710,664034,823550,592518,593428,669392,701538,665487,53.69,,,,,,,,84,1,Slider,6,6,6,6,6,6,6,6,Standard,Standard,41.0,-0.008,-0.034,69.1,8.8,25.168826676,,0.034,,0,0,0.69,0.31,27,32,28,32,1,2,1.0,2.0,6.0,1.0,3.72,-0.64,-0.64,40.7,29.662832075288847,-46.6313892294441,38.33283677373366,42.12177885042809,65.22147892346682,Slider,False
SL,2026-06-23,88.0,-1.51,6.1,"Miller, Mason",642133,695243,strikeout,swinging_strike,,,,,7.0,Rowdy Tellez strikes out swinging.,R,L,R,SD,ATL,S,2.0,,1,2,2026,0.62,-0.62,-0.7034854423945572,1.6363667398493362,673490.0,,,1,10,Top,,,,,,,0.6269785803661823,-128.13247155145058,-3.1529386006394886,6.623808402254355,28.219572535910196,-38.453802083593374,3.341994751,1.686614173,,,,88.7,2684.0,6.8,823286,660710,664034,823550,592518,593428,669392,701538,665487,53.65,,0.0,0.0,1.0,0.0,0.0,,83,5,Slider,6,6,6,6,6,6,6,6,Strategic,Standard,28.0,0.124,-0.302,71.1,8.7,2.433737208,,0.302,,0,0,0.566,0.434,27,31,28,31,1,4,1.0,2.0,6.0,7.0,3.57,-0.62,0.62,38.6,14.4499798225083,-24.74459968407669,30.118093984805807,43.22575395999777,45.02453306171138,Slider,True
FF,2026-06-23,101.7,-1.61,6.25,"Miller, Mason",642133,695243,,foul,,,,,4.0,,R,L,R,SD,ATL,S,,,1,2,2026,-0.46,1.3,-0.4808714359500839,2.7272169063243155,673490.0,,,1,10,Top,,,,,,,4.260372230812748,-147.9854146432251,-7.623841717987617,-7.708798706254405,33.84937852905069,-11.419032070006963,3.341994751,1.686614173,254.0,84.4,46.0,102.6,2523.0,6.7,823286,660710,664034,823550,592518,593428,669392,701538,665487,53.82,,,,,,,,83,4,4-Seam Fastball,6,6,6,6,6,6,6,6,Strategic,Standard,203.0,0.0,0.0,67.8,6.9,,,0.0,88.0,0,0,0.566,0.434,27,31,28,31,1,4,1.0,2.0,6.0,7.0,0.89,0.46,-0.46,42.0,-7.4575655269620285,15.074564831143425,30.61816505984402,38.87930070990758,16.570929992691397,Four-seam,False
SL,2026-06-23,87.9,-1.6,6.16,"Miller, Mason",642133,695243,,ball,,,,,13.0,,R,L,R,SD,ATL,B,,,0,2,2026,0.62,-0.4,-1.0437451625867995,0.9455591231821224,673490.0,,,1,10,Top,,,,,,,0.0039755097052306,-127.90984269437747,-5.398356515794394,6.795544743424489,28.492100172657576,-35.59043321088392,3.341994751,1.686614173,,,,88.5,2318.0,6.8,823286,660710,664034,823550,592518,593428,669392,701538,665487,53.66,,,,,,,,83,3,Slider,6,6,6,6,6,6,6,6,Strategic,Standard,36.0,-0.018,-0.002,,,,,0.002,,0,0,0.584,0.416,27,31,28,31,1,4,1.0,2.0,6.0,7.0,3.37,-0.62,0.62,41.5,,,,,,Slider,False
SL,2026-06-23,88.0,-1.49,6.12,"Miller, Mason",642133,695243,,swinging_strike,,,,,14.0,,R,L,R,SD,ATL,S,,,0,1,2026,0.82,-0.22,0.682250903291498,1.5011167106642356,673490.0,,,1,10,Top,,,,,,,3.5073986322482433,-128.07413534189908,-4.34589039812186,8.162021620564424,29.49694162598612,-33.772636875253006,3.341994751,1.686614173,,,,88.5,2506.0,6.9,823286,660710,664034,823550,592518,593428,669392,701538,665487,53.62,,,,,,,,83,2,Slider,6,6,6,6,6,6,6,6,Strategic,Standard,41.0,0.044,-0.085,72.4,9.1,8.311287444,,0.085,,0,0,0.54,0.46,27,31,28,31,1,4,1.0,2.0,6.0,7.0,3.19,-0.82,0.82,39.5,26.09063662575088,-46.36893656788626,34.115352094263585,27.498133833665538,58.352537075164065,Slider,False
SL,2026-06-23,87.7,-1.51,6.11,"Miller, Mason",642133,695243,,swinging_strike,,,,,14.0,,R,L,R,SD,ATL,S,,,0,0,2026,1.01,-0.3,0.5452647693032376,0.6579715845155327,673490.0,,,1,10,Top,,,,,,,2.815464302333816,-127.679568899852,-6.204347985816469,10.421968980877342,27.326704293042184,-34.28605067393609,3.341994751,1.686614173,,,,88.5,2522.0,6.9,823286,660710,664034,823550,592518,593428,669392,701538,665487,53.64,,,,,,,,83,1,Slider,6,6,6,6,6,6,6,6,Strategic,Standard,33.0,0.027,-0.05,77.3,9.3,19.473673644,,0.05,,0,0,0.513,0.487,27,31,28,31,1,4,1.0,2.0,6.0,7.0,3.27,-1.01,1.01,40.1,25.02144641781273,-51.53184858112281,34.89143822920628,30.9070263141041,64.14794506012869,Slider,False
FF,2026-06-23,100.2,-1.54,6.34,"Miller, Mason",663586,695243,field_out,hit_into_play,,,,,1.0,Austin Riley flies out to right fielder Fernando Tatis Jr. Ha-Seong Kim to 3rd.,R,R,R,SD,ATL,X,9.0,fly_ball,0,0,2026,-0.33,1.53,-0.2944502965418586,2.780858483797244,,673490.0,,0,10,Top,207.29,91.4,,,,,4.217932639927152,-145.7862075982541,-7.970176638092881,-5.707938059678264,34.22034040645134,-8.703877428961722,3.273540026,1.652066929,332.0,97.3,36.0,101.0,2290.0,6.7,823286,660710,664034,823550,592518,593428,669392,701538,665487,53.76,0.146,0.261,0.0,1.0,0.0,0.0,3.0,82,1,4-Seam Fastball,6,6,6,6,6,6,6,6,Standard,Standard,194.0,0.013,-0.286,70.9,6.4,,0.499,0.286,97.3,0,0,0.5,0.5,27,29,28,29,1,4,1.0,1.0,6.0,1.0,0.74,0.33,0.33,44.3,7.288251483444649,15.734232028824986,29.98097910276241,33.159704867056846,29.226085585213756,Four-seam,True
SL,2026-06-23,88.4,-1.48,6.14,"Miller, Mason",686948,695243,strikeout,swinging_strike,,,,,14.0,Drake Baldwin strikes out swinging.,R,L,R,SD,ATL,S,2.0,,3,2,2026,1.08,-0.39,1.0756249685824324,1.110641622307566,,,,2,9,Top,,,,,,,3.916205685953382,-128.62660368319075,-5.050231264659149,10.914983228664216,30.210270286360053,-35.52033909926982,3.205962927,1.617962598,,,,89.1,2548.0,7.0,823286,660710,664034,823550,592518,593428,669392,701538,665487,53.46,,0.0,0.0,1.0,0.0,0.0,,77,6,Slider,6,6,6,6,6,6,6,6,Infield shade,Standard,37.0,0.039,-0.306,69.7,9.2,4.63926618,,0.306,,0,0,0.6,0.4,27,25,28,25,1,4,1.0,1.0,6.0,1.0,3.34,-1.08,1.08,40.0,27.210637657963677,-54.9621926965012,31.01902517435286,25.85450430783858,57.3522050663999,Slider,True
CH,2026-06-23,96.9,-1.73,6.04,"Miller, Mason",686948,695243,,ball,,,,,11.0,,R,L,R,SD,ATL,B,,,2,2,2026,-1.13,0.39,-1.680532555629312,4.013084551793743,,,,2,9,Top,,,,,,,2.776334108124256,-141.11566122804035,-0.5839574010176347,-15.66538599502411,33.799048887636246,-27.045127764803414,3.205962927,1.617962598,,,,97.3,2220.0,6.6,823286,660710,664034,823550,592518,593428,669392,701538,665487,53.92,,,,,,,,77,5,Changeup,6,6,6,6,6,6,6,6,Infield shade,Standard,226.0,-0.01,0.082,,,,,-0.082,,0,0,0.61,0.39,27,25,28,25,1,4,1.0,1.0,6.0,1.0,2.04,1.13,-1.13,35.5,,,,,,Changeup,False
SL,2026-06-23,87.3,-1.5,6.11,"Miller, Mason",686948,695243,,called_strike,,,,,13.0,,R,L,R,SD,ATL,S,,,2,1,2026,0.86,-0.37,-0.84266916231852,2.21194162276688,,,,2,9,Top,,,,,,,-0.2401334186793321,-127.15287042344724,-2.167544450451061,9.306263518015786,28.930830911790345,-35.88068587336581,3.205962927,1.617962598,,,,87.7,2380.0,6.8,823286,660710,664034,823550,592518,593428,669392,701538,665487,53.75,,,,,,,,77,4,Slider,6,6,6,6,6,6,6,6,Infield shade,Standard,37.0,0.008,-0.079,,,,,0.079,,0,0,0.602,0.398,27,25,28,25,1,4,1.0,1.0,6.0,1.0,3.38,-0.86,0.86,41.4,,,,,,Slider,False
SL,2026-06-23,87.4,-1.68,6.11,"Miller, Mason",686948,695243,,called_strike,,,,,4.0,,R,L,R,SD,ATL,S,,,2,0,2026,0.96,-0.42,-0.5279008323569279,2.153781565676851,,,,2,9,Top,,,,,,,0.7301331087520934,-127.26701448408788,-2.2054550670205835,10.128729976482214,29.10220145312885,-36.46926670870253,3.205962927,1.617962598,,,,87.6,2535.0,6.6,823286,660710,664034,823550,592518,593428,669392,701538,665487,53.85,,,,,,,,77,3,Slider,6,6,6,6,6,6,6,6,Infield shade,Standard,39.0,0.006,-0.065,,,,,0.065,,0,0,0.596,0.404,27,25,28,25,1,4,1.0,1.0,6.0,1.0,3.43,-0.96,0.96,38.9,,,,,,Slider,False
FF,2026-06-23,99.9,-1.64,6.25,"Miller, Mason",686948,695243,,ball,,,,,11.0,,R,L,R,SD,ATL,B,,,1,0,2026,-0.83,1.48,-1.1067365742994402,3.3565611214389737,,,,2,9,Top,,,,,,,3.4821096046015807,-145.3670893579959,-5.963754972327232,-12.58961330676562,35.44513231795969,-10.07761918267779,3.205962927,1.617962598,,,,100.5,2566.0,6.7,823286,660710,664034,823550,592518,593428,669392,701538,665487,53.76,,,,,,,,77,2,4-Seam Fastball,6,6,6,6,6,6,6,6,Infield shade,Standard,202.0,-0.006,0.064,,,,,-0.064,,0,0,0.602,0.398,27,25,28,25,1,4,1.0,1.0,6.0,1.0,0.82,0.83,-0.83,41.2,,,,,,Four-seam,False
FF,2026-06-23,100.5,-1.52,6.25,"Miller, Mason",686948,695243,,ball,,,,,12.0,,R,L,R,SD,ATL,B,,,0,0,2026,-0.69,1.45,0.0237835394320113,4.031602523014983,,,,2,9,Top,,,,,,,5.912334756073989,-146.2403386747605,-4.116715614890216,-11.30448700759037,35.57970119667428,-10.649465527557505,3.205962927,1.617962598,,,,101.0,2629.0,6.6,823286,660710,664034,823550,592518,593428,669392,701538,665487,53.85,,,,,,,,77,1,4-Seam Fastball,6,6,6,6,6,6,6,6,Infield shade,Standard,201.0,-0.003,0.041,,,,,-0.041,,0,0,0.605,0.395,27,25,28,25,1,4,1.0,1.0,6.0,1.0,0.81,0.69,-0.69,40.4,,,,,,Four-seam,False
FF,2026-06-23,100.9,-1.47,6.22,"Miller, Mason",643289,695243,field_out,hit_into_play,,,,,14.0,"Mauricio Dubón grounds out, first baseman Ty France to pitcher Mason Miller.",R,R,R,SD,ATL,X,3.0,ground_ball,1,0,2026,-0.4,1.45,0.9314386388150536,1.9168366156687215,,,,1,9,Top,156.88,164.86,,,,,7.596490671388837,-146.4653193686906,-9.934755354755191,-7.604549297520771,34.97102758872984,-9.020143729239562,3.17085794,1.600246063,26.0,70.3,-2.0,101.3,2492.0,6.7,823286,660710,664034,823550,592518,593428,669392,701538,665487,53.82,0.104,0.106,0.0,1.0,0.0,0.0,2.0,76,2,4-Seam Fastball,6,6,6,6,6,6,6,6,Standard,Standard,205.0,0.053,-0.302,62.2,7.6,,0.119,0.302,88.0,0,0,0.552,0.448,27,31,28,32,1,4,1.0,1.0,6.0,1.0,0.8,0.4,0.4,41.3,-6.722447563378613,20.262393485824862,25.308705353281084,47.01994002882552,15.069981627210502,Four-seam,True
FF,2026-06-23,101.2,-1.38,6.37,"Miller, Mason",643289,695243,,ball,,,,,14.0,,R,R,R,SD,ATL,B,,,0,0,2026,-0.42,1.56,0.2763225462667823,1.467897289778158,,,,1,9,Top,,,,,,,5.647228523455312,-146.85517377680372,-11.943520787318656,-7.488055341304442,35.44113180415894,-6.898708645381487,3.17085794,1.600246063,,,,101.9,2557.0,6.9,823286,660710,664034,823550,592518,593428,669392,701538,665487,53.62,,,,,,,,76,1,4-Seam Fastball,6,6,6,6,6,6,6,6,Standard,Standard,205.0,-0.006,0.041,,,,,-0.041,,0,0,0.558,0.442,27,31,28,32,1,4,1.0,1.0,6.0,1.0,0.68,0.42,0.42,42.8,,,,,,Four-seam,False
SL,2026-06-23,88.3,-1.46,6.21,"Miller, Mason",622761,695243,strikeout,swinging_strike,,,,,14.0,Jorge Mateo strikes out swinging.,R,R,R,SD,ATL,S,2.0,,0,2,2026,0.66,-0.28,0.489825227121839,0.8131338857306205,,,,0,9,Top,,,,,,,3.3117292237407976,-128.53552855513297,-6.210499725812374,6.585182108120381,27.904064733197668,-34.150438377836345,3.198064305,1.613976378,,,,89.0,2420.0,6.8,823286,660710,664034,823550,592518,593428,669392,701538,665487,53.68,,0.0,0.0,1.0,0.0,0.0,,75,3,Slider,6,6,6,6,6,6,6,6,Standard,Standard,31.0,0.035,-0.164,67.5,8.6,7.91562138,,0.164,,0,0,0.523,0.477,27,31,28,31,1,0,1.0,1.0,6.0,1.0,3.21,-0.66,-0.66,39.9,16.759557467837862,-31.077217797422673,32.59634708590167,41.58728952299106,48.19058857090045,Slider,True
FF,2026-06-23,100.3,-1.41,6.36,"Miller, Mason",622761,695243,,foul,,,,,2.0,,R,R,R,SD,ATL,S,,,0,1,2026,-0.48,1.42,0.2472994355110589,2.762794030232608,,,,0,9,Top,,,,,,,5.723877703454328,-145.89708695410087,-7.904331374823731,-8.15065848442474,31.141261402447444,-10.15917870355016,3.198064305,1.613976378,113.0,73.0,70.0,101.6,2458.0,6.8,823286,660710,664034,823550,592518,593428,669392,701538,665487,53.67,,,,,,,,75,2,4-Seam Fastball,6,6,6,6,6,6,6,6,Standard,Standard,199.0,0.014,-0.054,72.8,7.6,,,0.054,88.0,0,0,0.509,0.491,27,31,28,31,1,0,1.0,1.0,6.0,1.0,0.83,0.48,0.48,45.0,1.9842372635845495,0.2524770662710998,24.4743373347403,40.231071344764175,26.88991040295257,Four-seam,False
FF,2026-06-23,100.5,-1.64,6.3,"Miller, Mason",622761,695243,,swinging_strike,,,,,1.0,,R,R,R,SD,ATL,S,,,0,0,2026,-0.49,1.41,-0.4921125416973252,2.8360384944684274,,,,0,9,Top,,,,,,,4.344465235966106,-146.2169069788883,-7.488817395808659,-8.029713748020683,32.43563893794283,-10.424842103849503,3.198064305,1.613976378,,,,101.4,2366.0,6.7,823286,660710,664034,823550,592518,593428,669392,701538,665487,53.84,,,,,,,,75,1,4-Seam Fastball,6,6,6,6,6,6,6,6,Standard,Standard,196.0,0.009,-0.041,78.5,6.8,0.386787132,,0.041,,0,0,0.5,0.5,27,31,28,31,1,0,1.0,1.0,6.0,1.0,0.84,0.49,0.49,43.5,-5.971225897571084,7.637297952034156,31.437504451181827,30.82307868609343,23.977095299578306,Four-seam,False
SL,2026-06-22,88.4,-1.53,6.02,"Miller, Mason",573262,695243,strikeout,called_strike,,,,,7.0,"Mike Yastrzemski challenged (pitch result), call on the field was confirmed: Mike Yastrzemski called out on strikes.",R,L,R,SD,ATL,S,2.0,,0,2,2026,0.68,-0.3,-0.5192856303206872,2.039338849116839,,642201.0,642086.0,2,9,Top,,,,,,,1.014723928487237,-128.75545611015275,-2.7321985052110502,7.233391646902076,29.403977080164868,-35.056477372041535,3.125221457,1.577214567,,,,89.1,2354.0,6.9,823288,660710,664034,665487,592518,593428,669392,701538,687749,53.62,,0.0,0.0,1.0,0.0,0.0,,69,4,Slider,1,0,0,1,0,1,0,1,Standard,Standard,37.0,0.088,-0.195,,,,,0.195,,1,-1,0.912,0.088,27,35,28,36,1,3,2.0,3.0,1.0,1.0,3.23,-0.68,0.68,37.9,,,,,,Slider,True
FF,2026-06-22,102.3,-1.55,6.21,"Miller, Mason",573262,695243,,foul,,,,,8.0,,R,L,R,SD,ATL,S,,,0,2,2026,-0.48,1.43,0.2090297084676953,2.0220761430073373,,642201.0,642086.0,2,9,Top,,,,,,,6.1279473663443635,-148.5805893646088,-9.899008808295564,-8.595305833662717,34.8641718321231,-8.808965888335182,3.125221457,1.577214567,255.0,78.1,36.0,103.3,2563.0,6.9,823288,660710,664034,665487,592518,593428,669392,701538,687749,53.6,,,,,,,,69,3,4-Seam Fastball,1,0,0,1,0,1,0,1,Standard,Standard,199.0,0.0,0.0,71.0,7.1,,,0.0,88.0,1,-1,0.912,0.088,27,35,28,36,1,3,2.0,3.0,1.0,1.0,0.75,0.48,-0.48,42.3,-2.0291890304877818,9.672741245552,37.15145703132568,31.538128397845774,23.898906939778907,Four-seam,False
SL,2026-06-22,88.5,-1.53,6.01,"Miller, Mason",573262,695243,,called_strike,,,,,9.0,,R,L,R,SD,ATL,S,,,0,1,2026,0.94,-0.22,0.2796996967470371,1.5711696086928302,,642201.0,642086.0,2,9,Top,,,,,,,2.3885413657656063,-128.8294753551171,-4.054594323139621,9.883312769984729,27.55211904788303,-34.00871448451227,3.125221457,1.577214567,,,,89.6,2422.0,7.0,823288,660710,664034,665487,592518,593428,669392,701538,687749,53.51,,,,,,,,69,2,Slider,1,0,0,1,0,1,0,1,Standard,Standard,37.0,0.036,-0.056,,,,,0.056,,1,-1,0.876,0.124,27,35,28,36,1,3,2.0,3.0,1.0,1.0,3.14,-0.94,0.94,36.9,,,,,,Slider,False
SL,2026-06-22,87.9,-1.62,6.15,"Miller, Mason",573262,695243,,swinging_strike,,,,,14.0,,R,L,R,SD,ATL,S,,,0,0,2026,1.07,-0.38,0.55937991118418,0.8386717024690027,,642201.0,642086.0,2,9,Top,,,,,,,3.0059704257323765,-127.90158265913595,-5.703832647000443,11.006024878533127,27.97710793225928,-35.293769899959216,3.125221457,1.577214567,,,,89.0,2523.0,7.1,823288,660710,664034,665487,592518,593428,669392,701538,687749,53.4,,,,,,,,69,1,Slider,1,0,0,1,0,1,0,1,Strategic,Standard,37.0,0.022,-0.032,64.8,8.6,2.705275488,,0.032,,1,-1,0.854,0.146,27,35,28,36,1,3,2.0,3.0,1.0,1.0,3.34,-1.07,1.07,40.8,18.01570391647809,-39.229699037243016,29.640084105770946,29.07293944521464,51.46702434258231,Slider,False
SL,2026-06-22,88.4,-1.53,6.05,"Miller, Mason",642086,695243,walk,ball,,,,,13.0,Dominic Smith walks.,R,L,R,SD,ATL,B,,,3,2,2026,0.97,-0.53,-0.3583207637701679,0.8379512275146435,,642201.0,,2,9,Top,,,,,,,0.7509941508691821,-128.68175166201252,-5.207549338369988,10.54675825388006,29.635001240493175,-37.03143955791762,3.176123688,1.602903543,,,,89.0,2511.0,6.9,823288,660710,664034,665487,592518,593428,669392,701538,687749,53.63,,0.698418,0.7,1.0,0.0,0.0,,68,7,Slider,1,0,0,1,0,1,0,1,Strategic,Standard,34.0,-0.025,0.139,,,,,-0.139,,1,-1,0.879,0.121,27,31,28,31,1,3,2.0,2.0,1.0,1.0,3.47,-0.97,0.97,41.9,,,,,,Slider,True
FF,2026-06-22,102.4,-1.43,6.13,"Miller, Mason",642086,695243,,foul,,,,,11.0,,R,L,R,SD,ATL,S,,,3,2,2026,-0.42,1.34,-0.2343526785160624,3.379839973994448,,642201.0,,2,9,Top,,,,,,,4.401006588709835,-149.0242125150729,-5.68231201045725,-7.284946270295145,35.30592205384991,-11.02357637883786,3.176123688,1.602903543,259.0,84.4,49.0,103.6,2420.0,6.9,823288,660710,664034,665487,592518,593428,669392,701538,687749,53.61,,,,,,,,68,6,4-Seam Fastball,1,0,0,1,0,1,0,1,Strategic,Standard,200.0,0.0,0.0,56.8,5.5,,,0.0,88.0,1,-1,0.879,0.121,27,31,28,31,1,3,2.0,2.0,1.0,1.0,0.83,0.42,-0.42,38.5,-16.846999743364293,14.432224139303694,33.348138297766724,34.53585989087347,19.137736621416845,Four-seam,False
SL,2026-06-22,88.4,-1.48,6.16,"Miller, Mason",642086,695243,,ball,,,,,13.0,,R,L,R,SD,ATL,B,,,2,2,2026,1.07,-0.24,-0.3597404620639994,1.1974481217860795,,642201.0,,2,9,Top,,,,,,,0.424185211537279,-128.66121432710335,-5.283557583439773,11.819664637802097,27.592833987081676,-33.91476291180777,3.176123688,1.602903543,,,,89.3,2501.0,6.9,823288,660710,664034,665487,592518,593428,669392,701538,687749,53.59,,,,,,,,68,5,Slider,1,0,0,1,0,1,0,1,Strategic,Standard,34.0,-0.022,0.057,,,,,-0.057,,1,-1,0.901,0.099,27,31,28,31,1,3,2.0,2.0,1.0,1.0,3.16,-1.07,1.07,41.0,,,,,,Slider,False
SL,2026-06-22,88.3,-1.53,5.98,"Miller, Mason",642086,695243,,swinging_strike,,,,,14.0,,R,L,R,SD,ATL,S,,,2,1,2026,0.63,-0.53,1.083709147701838,1.409621677539187,,,642201.0,2,9,Top,,,,,,,5.003748877795045,-128.45690047848785,-3.603264035944621,5.706254751294963,30.17406262594679,-37.4238417345742,3.176123688,1.602903543,,,,88.8,2351.0,6.9,823288,660710,664034,665487,592518,593428,669392,701538,687749,53.56,,,,,,,,68,4,Slider,1,0,0,1,0,1,0,1,Infield shade,Standard,39.0,-0.013,-0.071,29.0,6.0,11.777415048,,0.071,,1,-1,0.914,0.086,27,31,28,31,1,3,2.0,2.0,1.0,1.0,3.49,-0.63,0.63,40.8,15.86962281848947,12.203949780021375,22.932256135801182,22.400765602463142,32.12608503150499,Slider,False
FF,2026-06-22,101.1,-1.57,6.15,"Miller, Mason",642086,695243,,foul_tip,,,,,3.0,,R,L,R,SD,ATL,S,,,2,0,2026,-0.51,1.54,0.417371988632097,3.195335638590686,,,642201.0,2,9,Top,,,,,,,6.767186002456892,-147.02727545507082,-6.526097319381844,-8.96974587861968,36.00855772637042,-8.410738198974787,3.176123688,1.602903543,,,,102.1,2509.0,6.9,823288,660710,664034,665487,592518,593428,669392,701538,687749,53.55,,,,,,,,68,3,4-Seam Fastball,1,0,0,1,0,1,0,1,Infield shade,Standard,203.0,0.013,-0.052,,,,,0.052,,1,-1,0.901,0.099,27,31,28,31,1,3,2.0,2.0,1.0,1.0,0.69,0.51,-0.51,42.1,,,,,,Four-seam,False
SL,2026-06-22,87.7,-1.57,6.13,"Miller, Mason",642086,695243,,ball,,,,,12.0,,R,L,R,SD,ATL,B,,,1,0,2026,0.93,-0.06,0.0760667814568281,3.8421780134152272,,,642201.0,2,9,Top,,,,,,,1.9725673827025516,-127.58263377366524,0.9894546959959724,9.622726066439732,29.32343672878187,-33.25211086437024,3.176123688,1.602903543,,,,87.9,2428.0,6.7,823288,660710,664034,665487,592518,593428,669392,701538,687749,53.78,,,,,,,,68,2,Slider,1,0,0,1,0,1,0,1,Infield shade,Standard,35.0,-0.013,0.056,,,,,-0.056,,1,-1,0.914,0.086,27,31,28,31,1,3,2.0,2.0,1.0,1.0,3.05,-0.93,0.93,40.6,,,,,,Slider,False
FF,2026-06-22,100.5,-1.77,6.28,"Miller, Mason",642086,695243,,ball,,,,,11.0,,R,L,R,SD,ATL,B,,,0,0,2026,-0.58,1.42,-1.4157510527963746,3.4456353671914437,,,642201.0,2,9,Top,,,,,,,2.401177687592156,-146.2121891467529,-5.7628601316446675,-8.947212369367739,35.636109241696396,-10.625932819235343,3.176123688,1.602903543,,,,101.2,2484.0,6.8,823288,660710,664034,665487,592518,593428,669392,701538,687749,53.72,,,,,,,,68,1,4-Seam Fastball,1,0,0,1,0,1,0,1,Infield shade,Standard,198.0,-0.007,0.038,,,,,-0.038,,1,-1,0.921,0.079,27,31,28,31,1,3,2.0,2.0,1.0,1.0,0.84,0.58,-0.58,41.8,,,,,,Four-seam,False
SL,2026-06-22,87.2,-1.4,6.23,"Miller, Mason",663586,695243,single,hit_into_play,,,,,8.0,Austin Riley singles on a line drive to center fielder Jackson Merrill.,R,R,R,SD,ATL,X,8.0,line_drive,0,0,2026,1.05,-0.32,0.1646173053524222,1.7309286711454028,,,,2,9,Top,143.49,96.52,,,,,1.5160832002176414,-127.00399794719176,-3.715910341873089,10.988322188036284,28.659693252089017,-34.972096680073655,3.273540026,1.652066929,260.0,80.1,24.0,87.7,2505.0,6.8,823288,660710,664034,665487,592518,593428,669392,701538,687749,53.7,0.529,0.476,0.9,1.0,1.0,0.0,4.0,67,1,Slider,1,0,0,1,0,1,0,1,Standard,Standard,44.0,-0.042,0.328,79.0,7.3,,0.577,-0.328,88.0,1,-1,0.963,0.037,27,29,28,29,1,3,2.0,1.0,1.0,1.0,3.33,-1.05,-1.05,42.8,5.556106810934938,1.3333285640405723,33.327136624620536,38.75705805965045,32.386449152429996,Slider,True
FF,2026-06-22,102.9,-1.57,6.23,"Miller, Mason",671739,695243,strikeout,swinging_strike,,,,,11.0,Michael Harris II strikes out swinging.,R,L,R,SD,ATL,S,2.0,,0,2,2026,-0.46,1.55,-0.5491928979883061,3.834015312643602,,,,1,9,Top,,,,,,,4.03568216106235,-149.68167586132014,-5.19984504482841,-7.932439223956785,38.43342641785666,-7.931552131130696,3.181389436,1.605561024,,,,103.3,2570.0,6.7,823288,660710,664034,665487,592518,593428,669392,701538,687749,53.83,,0.0,0.0,1.0,0.0,0.0,,66,4,4-Seam Fastball,1,0,0,1,0,1,0,1,Infield shade,Standard,207.0,0.033,-0.163,70.4,7.1,0.973406376,,0.163,,1,-1,0.93,0.07,27,25,28,25,1,3,2.0,1.0,1.0,1.0,0.62,0.46,-0.46,40.8,4.72152270936589,27.908866653310916,22.47660310495654,41.924654682458026,13.216209511165363,Four-seam,True
SL,2026-06-22,88.1,-1.7,5.99,"Miller, Mason",671739,695243,,foul,,,,,9.0,,R,L,R,SD,ATL,S,,,0,2,2026,1.44,-0.03,0.2868768461514517,1.8016624298239312,,,,1,9,Top,,,,,,,1.7274681507107044,-128.12914795434347,-3.701637535986075,15.308502452845532,30.47183620521589,-31.86342533344823,3.181389436,1.605561024,4.0,71.3,-29.0,88.4,2399.0,6.9,823288,660710,664034,665487,592518,593428,669392,701538,687749,53.62,,,,,,,,66,3,Slider,1,0,0,1,0,1,0,1,Infield shade,Standard,29.0,0.0,0.0,70.6,9.5,,,0.0,88.0,1,-1,0.93,0.07,27,25,28,25,1,3,2.0,1.0,1.0,1.0,3.01,-1.44,1.44,37.9,21.105652783894673,-25.16199408579023,29.30644165625499,33.70371054317132,44.45894579616142,Slider,False
SL,2026-06-22,88.3,-1.44,6.08,"Miller, Mason",671739,695243,,swinging_strike,,,,,14.0,,R,L,R,SD,ATL,S,,,0,1,2026,1.38,-0.43,1.744038846784979,0.146422272645784,,,,1,9,Top,,,,,,,4.764615440982378,-128.37298611636896,-7.112550377328855,14.07898021508983,29.12841082402397,-35.55313939897326,3.181389436,1.605561024,,,,88.7,2514.0,6.8,823288,660710,664034,665487,592518,593428,669392,701538,687749,53.69,,,,,,,,66,2,Slider,1,0,0,1,0,1,0,1,Infield shade,Standard,39.0,0.014,-0.057,60.0,9.4,14.228202384,,0.057,,1,-1,0.916,0.084,27,25,28,25,1,3,2.0,1.0,1.0,1.0,3.39,-1.38,1.38,40.1,31.579782144692736,-55.87830241932963,36.72403185953809,19.293062860043992,60.02554339249491,Slider,False
SL,2026-06-22,88.0,-1.63,6.16,"Miller, Mason",671739,695243,,called_strike,,,,,7.0,,R,L,R,SD,ATL,S,,,0,0,2026,1.25,-0.39,-0.3501256331509679,2.032226920057274,,,,1,9,Top,,,,,,,0.4192697431072543,-128.21049876622115,-2.818848311603859,13.651488477353,28.451416285940393,-36.06841834891377,3.181389436,1.605561024,,,,88.4,2442.0,6.6,823288,660710,664034,665487,592518,593428,669392,701538,687749,53.87,,,,,,,,66,1,Slider,1,0,0,1,0,1,0,1,Infield shade,Standard,31.0,0.008,-0.041,,,,,0.041,,1,-1,0.908,0.092,27,25,28,25,1,3,2.0,1.0,1.0,1.0,3.34,-1.25,1.25,37.4,,,,,,Slider,False
FF,2026-06-22,102.2,-1.58,6.22,"Miller, Mason",645277,695243,field_out,hit_into_play,,,,,1.0,Ozzie Albies flies out to left fielder Samad Taylor.,R,L,R,SD,ATL,X,7.0,fly_ball,1,2,2026,-0.46,1.65,-0.4685004852899508,2.7239554730152147,,,,0,9,Top,67.61,84.93,,,,,4.255926710511428,-148.59431142804132,-8.46329373606791,-7.891019198150591,35.46578696480711,-5.903287811912145,2.984801509,1.506348425,318.0,91.1,28.0,103.0,2652.0,6.8,823288,660710,664034,665487,592518,593428,669392,701538,687749,53.73,0.071,0.085,0.0,1.0,0.0,0.0,3.0,65,4,4-Seam Fastball,1,0,0,1,0,1,0,1,Infield shade,Standard,207.0,0.051,-0.187,58.5,6.2,,0.141,0.187,91.1,1,-1,0.857,0.143,27,29,28,29,1,3,2.0,1.0,1.0,1.0,0.54,0.46,-0.46,41.5,3.633190738838123,11.974679565698338,32.286834035239046,35.586843758072746,26.486911489877293,Four-seam,True
SL,2026-06-22,87.6,-1.63,6.05,"Miller, Mason",645277,695243,,foul_tip,,,,,14.0,,R,L,R,SD,ATL,S,,,1,1,2026,1.1,-0.28,0.8930615413315872,1.6410661266856046,,,,0,9,Top,,,,,,,3.7315978380988506,-127.51533076768298,-3.70921555069807,11.241075112493212,26.7683050648521,-34.674017863373734,2.984801509,1.506348425,,,,88.8,2415.0,7.1,823288,660710,664034,665487,592518,593428,669392,701538,687749,53.43,,,,,,,,65,3,Slider,1,0,0,1,0,1,0,1,Infield shade,Standard,28.0,0.018,-0.06,66.8,7.6,,,0.06,,1,-1,0.839,0.161,27,29,28,29,1,3,2.0,1.0,1.0,1.0,3.25,-1.1,1.1,37.5,19.550235780348135,-24.27304187864019,33.30069583455396,21.59474710689662,40.10162049938515,Slider,False
SL,2026-06-22,87.2,-1.57,6.17,"Miller, Mason",645277,695243,,ball,,,,,13.0,,R,L,R,SD,ATL,B,,,0,1,2026,0.97,-0.36,-0.9789289522210594,1.5389997991966364,,,,0,9,Top,,,,,,,-0.629460879105112,-127.02391054827024,-4.002792851049263,10.660365576760444,26.12643129320892,-35.4762883253575,2.984801509,1.506348425,,,,87.9,2459.0,6.7,823288,660710,664034,665487,592518,593428,669392,701538,687749,53.83,,,,,,,,65,2,Slider,1,0,0,1,0,1,0,1,Infield shade,Standard,30.0,-0.007,0.029,,,,,-0.029,,1,-1,0.846,0.154,27,29,28,29,1,3,2.0,1.0,1.0,1.0,3.35,-0.97,0.97,37.9,,,,,,Slider,False
FF,2026-06-22,100.6,-1.57,6.29,"Miller, Mason",645277,695243,,called_strike,,,,,2.0,,R,L,R,SD,ATL,S,,,0,0,2026,-0.76,1.44,-0.2429932984097199,2.7657683935779316,,,,0,9,Top,,,,,,,5.510165859645085,-146.3057179035827,-7.73708473908473,-12.280474744230329,34.885703758474975,-9.80053165708472,2.984801509,1.506348425,,,,101.2,2492.0,6.7,823288,660710,664034,665487,592518,593428,669392,701538,687749,53.85,,,,,,,,65,1,4-Seam Fastball,1,0,0,1,0,1,0,1,Infield shade,Standard,204.0,0.011,-0.041,,,,,0.041,,1,-1,0.835,0.165,27,29,28,29,1,3,2.0,1.0,1.0,1.0,0.81,0.76,-0.76,41.9,,,,,,Four-seam,False
SL,2026-06-20,88.7,-1.61,6.19,"Miller, Mason",607043,695243,strikeout,called_strike,,,,,1.0,"Brandon Nimmo challenged (pitch result), call on the field was confirmed: Brandon Nimmo called out on strikes.",R,L,R,TEX,SD,S,2.0,,0,2,2026,0.82,-0.32,-0.4490650840768757,2.882382947004433,,694671.0,,2,10,Bot,,,,,,,1.060084186870334,-129.27226224118965,-1.167687095067823,8.98933564087305,26.704431843509077,-35.75281774347352,3.270029528,1.650295276,,,,89.8,2264.0,6.9,822885,660710,664034,665487,592518,593428,657757,701538,669392,53.64,,0.0,0.0,1.0,0.0,0.0,,83,3,Slider,4,6,4,6,6,4,4,6,Infield shade,Standard,30.0,-0.05,-0.18,,,,,0.18,,-2,-2,0.05,0.05,27,33,28,33,1,4,6.0,1.0,2.0,1.0,3.21,-0.82,0.82,40.1,,,,,,Slider,True
FF,2026-06-20,100.4,-1.5,6.33,"Miller, Mason",607043,695243,,swinging_strike,,,,,12.0,,R,L,R,TEX,SD,S,,,0,1,2026,-0.4,1.09,0.1417003606675841,3.62198581339166,,,694671.0,2,10,Bot,,,,,,,5.497327096942325,-146.1072576024584,-4.658975832403095,-6.988996356261158,32.391298879661065,-15.615012207559737,3.270029528,1.650295276,,,,101.7,2170.0,6.9,822885,660710,664034,665487,592518,593428,657757,701538,669392,53.62,,,,,,,,83,2,4-Seam Fastball,4,6,4,6,6,4,4,6,Infield shade,Standard,203.0,0.004,-0.061,67.3,5.8,1.088404812,,0.061,,-2,-2,0.046,0.046,27,33,28,33,1,4,6.0,1.0,2.0,1.0,1.16,0.4,-0.4,42.3,3.1963118018137733,26.404982939470173,22.5458187404089,37.08051081172908,13.797790856697064,Four-seam,False
FF,2026-06-20,100.9,-1.55,6.21,"Miller, Mason",607043,695243,,foul,,,,,6.0,,R,L,R,TEX,SD,S,,,0,0,2026,-0.09,0.97,0.7584616414160446,2.202804435150285,,,694671.0,2,10,Bot,,,,,,,6.614462628937039,-146.7385314193491,-8.072630733501859,-2.6575047587898233,31.312848673357745,-16.462573934652976,3.270029528,1.650295276,197.0,71.1,24.0,102.6,2229.0,7.0,822885,660710,664034,665487,592518,593428,657757,701538,669392,53.49,,,,,,,,83,1,4-Seam Fastball,4,6,4,6,6,4,4,6,Infield shade,Standard,200.0,0.0,-0.041,62.0,6.0,,,0.041,88.0,-2,-2,0.046,0.046,27,33,28,33,1,4,6.0,1.0,2.0,1.0,1.25,0.09,-0.09,41.2,-9.136895274985935,20.943272572874385,41.425282864543426,28.44504364036106,17.699077816666843,Four-seam,False
SL,2026-06-20,89.1,-1.63,6.14,"Miller, Mason",694671,695243,single,hit_into_play,,,,,9.0,Wyatt Langford singles on a ground ball to third baseman Manny Machado. Elias Díaz scores.,R,R,R,TEX,SD,X,5.0,ground_ball,3,2,2026,0.51,-0.37,0.8087667298547425,1.7956289880673155,553869.0,,,2,10,Bot,101.31,167.3,,,,,4.928442544369317,-129.68353388761315,-3.6953456004218928,4.796122760263609,25.91335173099501,-35.85941392188093,3.196309055,1.613090551,3.0,67.4,-38.0,91.5,2262.0,7.6,822885,660710,664034,665487,592518,593428,657757,701538,669392,52.9,0.108,0.097,0.9,1.0,1.0,0.0,2.0,82,8,Slider,3,6,3,6,6,4,4,6,Standard,Standard,40.0,0.024,0.677,67.7,7.2,,0.114,-0.677,88.0,-3,-3,0.022,0.022,27,24,28,25,1,4,6.0,1.0,2.0,1.0,3.23,-0.51,-0.51,39.1,11.697240215149575,-5.539976280784952,27.642598739812364,44.11816807798965,35.1303787066084,Slider,True
SL,2026-06-20,88.0,-1.61,6.19,"Miller, Mason",694671,695243,,foul,,,,,4.0,,R,R,R,TEX,SD,S,,,3,2,2026,0.76,-0.44,-0.6935294190165708,2.2701882332427727,553869.0,,,2,10,Bot,,,,,,,0.5925382528792718,-128.17739253632817,-2.2243696236506825,8.206280075535563,27.934746424549424,-36.79031861950714,3.196309055,1.613090551,126.0,91.8,72.0,89.0,2275.0,7.0,822885,660710,664034,665487,592518,593428,657757,701538,669392,53.51,,,,,,,,82,7,Slider,3,6,3,6,6,3,3,6,Standard,Standard,40.0,0.0,0.0,68.2,6.7,,,0.0,91.8,-3,-3,0.022,0.022,27,24,28,25,1,4,6.0,1.0,2.0,1.0,3.39,-0.76,-0.76,40.7,24.652223332506537,-19.781556413638217,31.18804315383028,26.802731269519395,35.41486104353115,Slider,False
FF,2026-06-20,101.7,-1.53,6.39,"Miller, Mason",694671,695243,,ball,,,,,11.0,,R,R,R,TEX,SD,B,,,2,2,2026,-0.5,1.12,-1.329907379410435,4.816176706445757,553869.0,,,2,10,Bot,,,,,,,1.800430613679918,-148.13040684590166,-1.7605162700548502,-7.844682502933539,34.24079196193799,-15.367830973077828,3.196309055,1.613090551,,,,103.0,2380.0,6.9,822885,660710,664034,665487,592518,593428,657757,701538,669392,53.62,,,,,,,,82,6,4-Seam Fastball,3,6,3,6,6,3,3,6,Standard,Standard,192.0,0.005,0.056,,,,,-0.056,,-3,-3,0.017,0.017,27,24,28,25,1,4,6.0,1.0,2.0,1.0,1.07,0.5,0.5,44.5,,,,,,Four-seam,False
SL,2026-06-20,87.9,-1.5,6.21,"Miller, Mason",694671,695243,,foul,,,,,4.0,,R,R,R,TEX,SD,S,,,2,2,2026,0.59,-0.43,-0.5584393706437227,2.266974661298766,553869.0,,,2,10,Bot,,,,,,,1.026162096343863,-128.0811658699648,-2.3638669454627785,6.303643080089139,25.80710151153374,-36.59924659873036,3.196309055,1.613090551,70.0,104.2,2.0,89.2,2249.0,7.0,822885,660710,664034,665487,592518,593428,657757,701538,669392,53.52,,,,,,,,82,5,Slider,3,6,3,6,6,3,3,6,Standard,Standard,36.0,0.0,0.0,73.5,7.1,,,0.0,104.2,-3,-3,0.017,0.017,27,24,28,25,1,4,6.0,1.0,2.0,1.0,3.36,-0.59,-0.59,40.7,24.59479083157689,-21.212400501918825,30.070858361323545,28.084959771177225,41.665805979324745,Slider,False
SL,2026-06-20,88.9,-1.53,6.06,"Miller, Mason",694671,695243,,blocked_ball,,,,,14.0,,R,R,R,TEX,SD,B,,,1,2,2026,0.79,-0.1,2.474750225491367,-0.8859371623022199,553869.0,,,2,10,Bot,,,,,,,8.096174251811846,-128.97975535298497,-10.542219833430895,7.176333092927168,26.944214680707695,-31.21488083338933,3.196309055,1.613090551,,,,90.1,2450.0,7.2,822885,660710,664034,665487,592518,593428,657757,701538,669392,53.31,,,,,,,,82,4,Slider,3,6,3,6,6,3,3,6,Standard,Standard,35.0,0.0,0.037,,,,,-0.037,,-3,-3,0.017,0.017,27,24,28,25,1,4,6.0,1.0,2.0,1.0,3.0,-0.79,-0.79,36.1,,,,,,Slider,False
SL,2026-06-20,87.4,-1.45,6.15,"Miller, Mason",694671,695243,,foul,,,,,9.0,,R,R,R,TEX,SD,S,,,1,1,2026,1.15,-0.43,0.4600499440622813,1.5129864368807913,553869.0,,,2,10,Bot,,,,,,,2.176273337780026,-127.22311638449833,-3.8799528317583576,11.951927198614412,26.951653427810175,-36.276342001258115,3.196309055,1.613090551,2.0,63.1,-36.0,88.6,2418.0,7.1,822885,660710,664034,665487,592518,593428,657757,701538,669392,53.39,,,,,,,,82,3,Slider,3,6,3,6,6,3,3,6,Standard,Standard,40.0,0.0,-0.061,65.0,7.7,,,0.061,88.0,-3,-3,0.017,0.017,27,24,28,25,1,4,6.0,1.0,2.0,1.0,3.42,-1.15,-1.15,41.9,24.15110436436069,-12.449931389586489,29.84249032069519,40.85780185953857,37.15481405387645,Slider,False
SL,2026-06-20,87.0,-1.49,6.2,"Miller, Mason",694671,695243,,called_strike,,,,,2.0,,R,R,R,TEX,SD,S,,,1,0,2026,1.18,-0.28,-0.2673208405187619,2.7374235802883575,553869.0,,,2,10,Bot,,,,,,,0.4375688566365515,-126.78166087903158,-1.361771139712698,12.66972119292932,25.494852430629564,-35.14982322802129,3.196309055,1.613090551,,,,88.0,2394.0,6.8,822885,660710,664034,665487,592518,593428,657757,701538,669392,53.72,,,,,,,,82,2,Slider,3,6,3,6,6,3,3,6,Standard,Standard,42.0,-0.003,-0.034,,,,,0.034,,-3,-3,0.02,0.02,27,24,28,25,1,4,6.0,1.0,2.0,1.0,3.28,-1.18,-1.18,40.0,,,,,,Slider,False
SL,2026-06-20,87.0,-1.69,6.16,"Miller, Mason",694671,695243,,ball,,,,,11.0,,R,R,R,TEX,SD,B,,,0,0,2026,1.3,-0.25,-0.7792839345344988,4.031580431837902,553869.0,,,2,10,Bot,,,,,,,-0.5800215204437258,-126.7258969521264,1.7820702212451611,14.159410468063284,26.14186401888587,-35.422240291925725,3.196309055,1.613090551,,,,88.0,2372.0,6.9,822885,660710,664034,665487,592518,593428,657757,701538,669392,53.65,,,,,,,,82,1,Slider,3,6,3,6,6,3,3,6,Standard,Standard,46.0,0.003,0.03,,,,,-0.03,,-3,-3,0.017,0.017,27,24,28,25,1,4,6.0,1.0,2.0,1.0,3.25,-1.3,-1.3,39.0,,,,,,Slider,False
SL,2026-06-20,89.1,-1.4,6.16,"Miller, Mason",673962,695243,strikeout,swinging_strike_blocked,,,,,14.0,Josh Jung strikes out swinging.,R,R,R,TEX,SD,S,2.0,,2,2,2026,0.59,-0.37,1.666239802002812,0.5757676759163486,553869.0,,,1,10,Bot,,,,,,,6.2128687466778825,-129.46254441579248,-6.6345116526186345,5.29056095930111,28.222484698282127,-35.02287843824354,3.26300853,1.646751969,,,,89.8,2443.0,6.9,822885,660710,664034,665487,592518,593428,657757,701538,669392,53.62,,0.0,0.0,1.0,0.0,0.0,,81,6,Slider,3,6,3,6,6,3,3,6,Standard,Standard,33.0,-0.032,-0.316,65.1,8.5,19.036891308,,0.316,,-3,-3,0.049,0.049,27,28,28,28,1,4,6.0,1.0,2.0,1.0,3.26,-0.59,-0.59,39.1,30.07847674126238,-34.89898963112573,33.55673355122343,51.02244066303939,55.14820083187395,Slider,True
FF,2026-06-20,103.0,-1.54,6.3,"Miller, Mason",673962,695243,,ball,,,,,14.0,,R,R,R,TEX,SD,B,,,1,2,2026,-0.59,1.06,1.6570045303291396,2.3314798570767774,553869.0,,,1,10,Bot,,,,,,,10.537085735517367,-149.4786915361942,-8.526044675844316,-11.308093818636149,33.68108341271448,-14.335952550378463,3.26300853,1.646751969,,,,104.3,2614.0,7.0,822885,660710,664034,665487,592518,593428,657757,701538,669392,53.51,,,,,,,,81,5,4-Seam Fastball,3,6,3,6,6,3,3,6,Standard,Standard,204.0,0.005,0.014,,,,,-0.014,,-3,-3,0.044,0.044,27,28,28,28,1,4,6.0,1.0,2.0,1.0,1.09,0.59,0.59,43.0,,,,,,Four-seam,False
SL,2026-06-20,88.2,-1.56,6.24,"Miller, Mason",673962,695243,,foul,,,,,8.0,,R,R,R,TEX,SD,S,,,1,2,2026,1.01,-0.31,-0.0752702971556409,1.5581238810671167,553869.0,,,1,10,Bot,,,,,,,1.4526036976701997,-128.3996813821458,-4.43047258624452,10.814386114529968,26.773938332731017,-34.86998126672871,3.26300853,1.646751969,35.0,74.1,0.0,89.4,2409.0,7.0,822885,660710,664034,665487,592518,593428,657757,701538,669392,53.5,,,,,,,,81,4,Slider,3,6,3,6,6,3,3,6,Standard,Standard,36.0,0.0,0.0,70.8,7.6,,,0.0,88.0,-3,-3,0.044,0.044,27,28,28,28,1,4,6.0,1.0,2.0,1.0,3.24,-1.01,-1.01,39.8,19.22056320268956,-16.362668000755736,43.71375293300674,31.486000574292653,40.199756183774966,Slider,False
SL,2026-06-20,87.6,-1.46,6.27,"Miller, Mason",673962,695243,,foul,,,,,14.0,,R,R,R,TEX,SD,S,,,1,1,2026,0.87,-0.36,1.5254237624514484,2.073625042585592,553869.0,,,1,10,Bot,,,,,,,5.34589199576725,-127.46876131554724,-3.010862477524606,8.364988747859055,26.653368097651533,-35.67221471421207,3.26300853,1.646751969,16.0,73.3,-6.0,88.4,2548.0,6.8,822885,660710,664034,665487,592518,593428,657757,701538,669392,53.66,,,,,,,,81,3,Slider,3,6,3,6,6,3,3,6,Standard,Standard,39.0,-0.009,-0.11,62.5,7.5,,,0.11,88.0,-3,-3,0.053,0.053,27,28,28,28,1,4,6.0,1.0,2.0,1.0,3.33,-0.87,-0.87,42.8,14.483554707616864,-0.9754332902425302,29.398689491765445,51.93253117467901,32.868384803263275,Slider,False
FF,2026-06-20,101.0,-1.61,6.34,"Miller, Mason",673962,695243,,foul,,,,,12.0,,R,R,R,TEX,SD,S,,,1,0,2026,-0.41,1.11,0.0283633208041521,3.6633738934845663,553869.0,,,1,10,Bot,,,,,,,5.549876886713971,-147.02672366980087,-4.713688003722737,-7.146895652610584,32.293448627973405,-15.183836606375648,3.26300853,1.646751969,299.0,90.4,45.0,102.4,2379.0,6.9,822885,660710,664034,665487,592518,593428,657757,701538,669392,53.65,,,,,,,,81,2,4-Seam Fastball,3,6,3,6,6,3,3,6,Standard,Standard,207.0,-0.008,-0.05,61.0,5.6,,,0.05,90.4,-3,-3,0.061,0.061,27,28,28,28,1,4,6.0,1.0,2.0,1.0,1.11,0.41,0.41,43.1,3.6971969973094425,23.20751381885155,26.126306408638943,35.45757500631362,19.633292368490448,Four-seam,False
SL,2026-06-20,86.0,-1.66,6.3,"Miller, Mason",673962,695243,,ball,,,,,11.0,,R,R,R,TEX,SD,B,,,0,0,2026,1.02,-0.26,-1.0934352959657936,4.517682874583114,553869.0,,,1,10,Bot,,,,,,,-0.7910620586323704,-125.18995933529688,2.7716591540057616,10.895484708624297,25.647981282319662,-35.70800657118377,3.26300853,1.646751969,,,,86.8,2233.0,6.8,822885,660710,664034,665487,592518,593428,657757,701538,669392,53.68,,,,,,,,81,1,Slider,3,6,3,6,6,3,3,6,Standard,Standard,45.0,0.006,0.023,,,,,-0.023,,-3,-3,0.055,0.055,27,28,28,28,1,4,6.0,1.0,2.0,1.0,3.34,-1.02,-1.02,39.8,,,,,,Slider,False
FF,2026-06-20,101.4,-1.7,6.34,"Miller, Mason",592626,695243,field_out,hit_into_play,,,,,11.0,Joc Pederson flies out sharply to center fielder Jackson Merrill. Elias Díaz to 3rd.,R,L,R,TEX,SD,X,8.0,fly_ball,1,2,2026,-0.34,1.1,-0.2338206948121755,3.7916605799220777,,553869.0,,0,10,Bot,118.65,44.07,,,,,4.9094241927867746,-147.65999420409665,-4.368501724403438,-6.079008383343525,34.145828591935135,-15.273204299385634,3.23667979,1.633464567,383.0,101.2,23.0,102.6,2438.0,6.8,822885,660710,664034,665487,592518,593428,657757,701538,669392,53.68,0.549,0.794,0.0,1.0,0.0,0.0,6.0,80,4,4-Seam Fastball,3,6,3,6,6,3,3,6,Infield shade,Standard,209.0,-0.031,-0.206,64.2,7.1,,1.355,0.206,101.2,-3,-3,0.086,0.086,27,34,28,34,1,4,6.0,1.0,2.0,1.0,1.11,0.34,-0.34,41.2,4.62320205721613,3.39374076252909,14.077920528068322,36.50766471587221,24.8481089927672,Four-seam,True
SL,2026-06-20,87.1,-1.77,6.16,"Miller, Mason",592626,695243,,foul,,,,,9.0,,R,L,R,TEX,SD,S,,,1,1,2026,0.86,-0.49,0.5059006427376642,1.9282442106354176,,553869.0,,0,10,Bot,,,,,,,3.618813542760032,-126.7867797807435,-2.756336688762096,8.562692618787171,25.799146790586796,-37.15740954059442,3.23667979,1.633464567,16.0,91.7,-7.0,88.1,2436.0,6.9,822885,660710,664034,665487,592518,593428,657757,701538,669392,53.64,,,,,,,,80,3,Slider,3,6,3,6,6,3,3,6,Infield shade,Standard,44.0,-0.013,-0.055,74.6,8.0,,,0.055,91.7,-3,-3,0.099,0.099,27,34,28,34,1,4,6.0,1.0,2.0,1.0,3.5,-0.86,0.86,38.9,6.961861888947563,-6.799205390971192,33.58892115555727,27.993389842775052,38.674873727536166,Slider,False
FF,2026-06-20,100.9,-1.76,6.34,"Miller, Mason",592626,695243,,ball,,,,,12.0,,R,L,R,TEX,SD,B,,,0,1,2026,-0.54,1.25,0.0849135113470797,4.702614407152114,,553869.0,,0,10,Bot,,,,,,,6.420250459567802,-146.93328051070756,-2.144232544003534,-9.254615883169077,32.53235997305097,-13.698161057473634,3.23667979,1.633464567,,,,102.0,2436.0,6.7,822885,660710,664034,665487,592518,593428,657757,701538,669392,53.82,,,,,,,,80,2,4-Seam Fastball,3,6,3,6,6,3,3,6,Infield shade,Standard,206.0,0.005,0.01,,,,,-0.01,,-3,-3,0.094,0.094,27,34,28,34,1,4,6.0,1.0,2.0,1.0,0.97,0.54,-0.54,39.8,,,,,,Four-seam,False
FF,2026-06-20,100.0,-1.77,6.39,"Miller, Mason",592626,695243,,swinging_strike,,,,,5.0,,R,L,R,TEX,SD,S,,,0,0,2026,-0.54,1.37,-0.0747059972879855,2.7297161268792,,553869.0,,0,10,Bot,,,,,,,5.96103175432892,-145.50231977968028,-7.899759579676479,-8.962166347337469,30.935755524378788,-11.10524011323107,3.23667979,1.633464567,,,,101.4,2455.0,6.8,822885,660710,664034,665487,592518,593428,657757,701538,669392,53.67,,,,,,,,80,1,4-Seam Fastball,3,6,3,6,6,3,3,6,Strategic,Standard,200.0,-0.007,-0.035,79.1,6.7,0.643566168,,0.035,,-3,-3,0.101,0.101,27,34,28,34,1,4,6.0,1.0,2.0,1.0,0.9,0.54,-0.54,40.8,11.188762853978648,22.927037891589936,26.80525146128231,32.08493927059723,17.332130550507255,Four-seam,False
FF,2026-06-14,101.7,-1.55,6.18,"Miller, Mason",621493,695243,field_out,hit_into_play,,,,,6.0,Taylor Ward lines out to right fielder Jase Bowen.,R,R,R,BAL,SD,X,9.0,line_drive,2,0,2026,-0.27,1.09,0.4514604001554896,2.41572852414587,,,,2,9,Bot,173.33,94.75,,,,,6.272564474070162,-147.97447813093262,-7.853723976512822,-5.334581319267822,29.645343211587047,-14.590996012553234,3.190165682,1.609990158,285.0,87.3,20.0,103.6,2459.0,7.0,824823,660710,657757,665487,592518,593428,669392,701538,687749,53.53,0.603,0.564,0.0,1.0,0.0,0.0,4.0,76,3,4-Seam Fastball,2,5,2,5,5,2,2,5,Standard,Standard,199.0,-0.008,-0.367,63.6,6.8,,0.699,0.367,88.0,-3,-3,0.008,0.008,27,32,28,33,1,4,5.0,1.0,6.0,2.0,1.09,0.27,0.27,41.4,3.91538298604802,9.364324233295784,26.013631197375773,41.06097162205016,27.202770463754156,Four-seam,True
FF,2026-06-14,102.1,-1.42,6.26,"Miller, Mason",621493,695243,,ball,,,,,14.0,,R,R,R,BAL,SD,B,,,1,0,2026,-0.17,1.3,1.1476338905676726,2.0694850320424463,,,,2,9,Bot,,,,,,,7.648364612688836,-148.37764793553217,-9.594046405263684,-4.202342669483468,31.60271520573775,-10.956655543998089,3.190165682,1.609990158,,,,103.7,2479.0,7.0,824823,660710,657757,665487,592518,593428,669392,701538,687749,53.54,,,,,,,,76,2,4-Seam Fastball,2,5,2,5,5,2,2,5,Standard,Standard,205.0,0.002,0.064,,,,,-0.064,,-3,-3,0.006,0.006,27,32,28,33,1,4,5.0,1.0,6.0,2.0,0.88,0.17,0.17,41.6,,,,,,Four-seam,False
FF,2026-06-14,102.4,-1.43,6.24,"Miller, Mason",621493,695243,,ball,,,,,14.0,,R,R,R,BAL,SD,B,,,0,0,2026,-0.11,1.36,0.6857055600327854,1.1642392813607074,,,,2,9,Bot,,,,,,,6.23885300638628,-148.6972197877556,-12.27136635677852,-3.022888904930894,32.06302334526274,-9.375202955170543,3.190165682,1.609990158,,,,103.8,2585.0,6.9,824823,660710,657757,665487,592518,593428,669392,701538,687749,53.6,,,,,,,,76,1,4-Seam Fastball,2,5,2,5,5,2,2,5,Standard,Standard,202.0,0.001,0.041,,,,,-0.041,,-3,-3,0.005,0.005,27,32,28,33,1,4,5.0,1.0,6.0,2.0,0.81,0.11,0.11,43.2,,,,,,Four-seam,False
SL,2026-06-14,89.5,-1.43,6.1,"Miller, Mason",677942,695243,strikeout,swinging_strike,,,,,7.0,Blaze Alexander strikes out swinging.,R,R,R,BAL,SD,S,2.0,,0,2,2026,0.44,-0.48,-0.2968723950794429,1.7433787816824715,,,,1,9,Bot,,,,,,,1.821205110002712,-130.27273110460402,-3.462357558254105,4.59921787581304,28.27089877203152,-37.11873077529291,3.178756562,1.604232283,,,,90.3,2468.0,6.9,824823,660710,657757,665487,592518,593428,669392,701538,687749,53.64,,0.0,0.0,1.0,0.0,0.0,,75,3,Slider,2,5,2,5,5,2,2,5,Standard,Standard,45.0,-0.008,-0.163,74.3,8.3,0.695040768,,0.163,,-3,-3,0.013,0.013,27,27,28,27,1,3,5.0,1.0,6.0,2.0,3.33,-0.44,-0.44,40.6,23.027160129651705,-22.917940461737793,37.41600897684765,35.823108328356426,41.027603516366405,Slider,True
FF,2026-06-14,102.8,-1.44,6.17,"Miller, Mason",677942,695243,,foul,,,,,6.0,,R,R,R,BAL,SD,S,,,0,1,2026,-0.37,1.35,0.6664875535708046,2.5086483923873724,,,,1,9,Bot,,,,,,,6.893677373546456,-149.50765615316712,-8.424741343315524,-7.081009168119948,31.3915220401384,-10.071007529785074,3.178756562,1.604232283,247.0,83.7,24.0,104.6,2423.0,7.0,824823,660710,657757,665487,592518,593428,669392,701538,687749,53.53,,,,,,,,75,2,4-Seam Fastball,2,5,2,5,5,2,2,5,Standard,Standard,202.0,-0.003,-0.057,69.5,7.1,,,0.057,88.0,-3,-3,0.016,0.016,27,27,28,27,1,3,5.0,1.0,6.0,2.0,0.78,0.37,0.37,42.9,-6.19692917263636,22.350842225549297,29.004980735530395,49.482820848877594,10.652734507597868,Four-seam,False
FF,2026-06-14,101.7,-1.53,6.2,"Miller, Mason",677942,695243,,swinging_strike,,,,,5.0,,R,R,R,BAL,SD,S,,,0,0,2026,-0.49,1.41,0.0605786152591886,2.636073262107944,,,,1,9,Bot,,,,,,,5.636872081129763,-147.9286781294014,-8.048076617300028,-8.421882287126133,31.303513329532276,-9.792905092849104,3.178756562,1.604232283,,,,103.1,2540.0,6.8,824823,660710,657757,665487,592518,593428,669392,701538,687749,53.69,,,,,,,,75,1,4-Seam Fastball,2,5,2,5,5,2,2,5,Standard,Standard,199.0,-0.002,-0.041,72.3,7.2,0.603175176,,0.041,,-3,-3,0.018,0.018,27,27,28,27,1,3,5.0,1.0,6.0,2.0,0.78,0.49,0.49,42.0,-0.339101593813197,17.209281543830805,32.646417295442085,43.35389932001914,12.961986432580224,Four-seam,False
SL,2026-06-14,89.2,-1.61,6.06,"Miller, Mason",702616,695243,strikeout,called_strike,,,,,6.0,Jackson Holliday called out on strikes.,R,L,R,BAL,SD,S,2.0,,2,2,2026,0.78,-0.51,0.7421190383837329,2.4871218790521423,,,,0,9,Bot,,,,,,,4.08565453234442,-129.86747180455845,-1.4823994138348446,8.012117374187183,26.51556325601612,-37.89259160247436,3.168225066,1.598917323,,,,90.1,2525.0,6.8,824823,660710,657757,665487,592518,593428,669392,701538,687749,53.73,,0.0,0.0,1.0,0.0,0.0,,74,6,Slider,2,5,2,5,5,2,2,5,Infield shade,Standard,46.0,-0.021,-0.232,,,,,0.232,,-3,-3,0.039,0.039,27,22,28,23,1,1,5.0,1.0,6.0,2.0,3.37,-0.78,0.78,39.2,,,,,,Slider,True
FF,2026-06-14,102.6,-1.59,6.21,"Miller, Mason",702616,695243,,foul,,,,,5.0,,R,L,R,BAL,SD,S,,,2,2,2026,-0.46,1.46,-0.2083523711161665,2.32111527052169,,,,0,9,Bot,,,,,,,5.03780917339904,-149.2423824105538,-9.242276384977234,-7.961267727566014,33.22819092123901,-8.3137776208558,3.168225066,1.598917323,183.0,85.7,14.0,103.9,2621.0,6.8,824823,660710,657757,665487,592518,593428,669392,701538,687749,53.67,,,,,,,,74,5,4-Seam Fastball,2,5,2,5,5,2,2,5,Infield shade,Standard,203.0,0.0,0.0,68.5,6.8,,,0.0,88.0,-3,-3,0.039,0.039,27,22,28,23,1,1,5.0,1.0,6.0,2.0,0.69,0.46,-0.46,41.3,-3.044849228674022,12.02333322165555,34.52062111279436,36.13107199489792,18.390962693942065,Four-seam,False
SL,2026-06-14,88.6,-1.72,6.03,"Miller, Mason",702616,695243,,ball,,,,,14.0,,R,L,R,BAL,SD,B,,,1,2,2026,1.18,-0.25,0.1112584105832641,0.318850142114742,,,,0,9,Bot,,,,,,,1.9086132967217233,-129.00026684314128,-7.115061358600645,12.806766521098204,27.129980534991773,-33.66792287442183,3.168225066,1.598917323,,,,89.4,2451.0,6.8,824823,660710,657757,665487,592518,593428,669392,701538,687749,53.72,,,,,,,,74,4,Slider,2,5,2,5,5,2,2,5,Infield shade,Standard,31.0,0.004,0.046,,,,,-0.046,,-3,-3,0.035,0.035,27,22,28,23,1,1,5.0,1.0,6.0,2.0,3.15,-1.18,1.18,39.6,,,,,,Slider,False
CH,2026-06-14,96.7,-1.84,6.12,"Miller, Mason",702616,695243,,ball,,,,,11.0,,R,L,R,BAL,SD,B,,,0,2,2026,-1.03,0.4,-1.435377182880176,3.1323127774153763,,,,0,9,Bot,,,,,,,3.4705188687120487,-140.90767680320596,-3.1912147441070875,-14.578460281829646,30.60183585518985,-26.327700869865993,3.168225066,1.598917323,,,,97.4,2183.0,6.5,824823,660710,657757,665487,592518,593428,669392,701538,687749,53.98,,,,,,,,74,3,Changeup,2,5,2,5,5,2,2,5,Infield shade,Standard,224.0,0.002,0.022,,,,,-0.022,,-3,-3,0.033,0.033,27,22,28,23,1,1,5.0,1.0,6.0,2.0,2.02,1.03,-1.03,34.7,,,,,,Changeup,False
FF,2026-06-14,101.5,-1.52,6.28,"Miller, Mason",702616,695243,,swinging_strike,,,,,6.0,,R,L,R,BAL,SD,S,,,0,1,2026,-0.65,1.17,0.6998662960238374,2.335482950881526,,,,0,9,Bot,,,,,,,7.7714956966478,-147.5631358460745,-8.478043656272769,-11.20123115618772,30.93303181102205,-13.279835434009836,3.168225066,1.598917323,,,,102.9,2499.0,6.8,824823,660710,657757,665487,592518,593428,669392,701538,687749,53.65,,,,,,,,74,2,4-Seam Fastball,2,5,2,5,5,2,2,5,Infield shade,Standard,205.0,-0.006,-0.054,68.8,6.8,1.10646372,,0.054,,-3,-3,0.039,0.039,27,22,28,23,1,1,5.0,1.0,6.0,2.0,1.03,0.65,-0.65,41.4,6.929260024939981,0.9029937775200088,41.9047238776849,25.27375843248006,19.87403279610237,Four-seam,False
FF,2026-06-14,100.6,-1.73,6.26,"Miller, Mason",702616,695243,,foul_tip,,,,,2.0,,R,L,R,BAL,SD,S,,,0,0,2026,-0.7,1.32,-0.029468305512649,2.82416445273884,,,,0,9,Bot,,,,,,,6.387835804396733,-146.30374438506067,-7.247510575072546,-11.427326702001531,31.46145116913441,-11.748652435717332,3.168225066,1.598917323,,,,102.0,2500.0,6.9,824823,660710,657757,665487,592518,593428,669392,701538,687749,53.64,,,,,,,,74,1,4-Seam Fastball,2,5,2,5,5,2,2,5,Infield shade,Standard,200.0,-0.004,-0.041,70.8,7.0,,,0.041,,-3,-3,0.043,0.043,27,22,28,23,1,1,5.0,1.0,6.0,2.0,0.92,0.7,-0.7,43.0,11.855541862980743,5.954561030226987,31.89810146434177,33.48139281180497,21.580278971513508,Four-seam,False
SL,2026-06-14,89.3,-1.59,6.15,"Miller, Mason",691723,695243,strikeout,swinging_strike,,,,,14.0,Coby Mayo strikes out swinging.,R,R,R,BAL,SD,S,2.0,,2,2,2026,0.64,-0.45,1.0205822470396906,0.7115467581217207,,,665750.0,2,8,Bot,,,,,,,5.013755661291745,-129.86347760701543,-6.162284973152904,6.193447561434173,27.930284949636057,-36.178285022382575,3.413959974,1.722933071,,,,90.2,2429.0,6.9,824823,660710,657757,665487,592518,593428,669392,701538,687749,53.58,,0.0,0.0,1.0,0.0,0.0,,67,6,Slider,2,4,2,4,4,2,2,4,Standard,Standard,36.0,-0.037,-0.247,73.1,8.6,18.554487036,,0.247,,-2,-2,0.113,0.113,27,24,28,25,1,0,5.0,1.0,6.0,5.0,3.32,-0.64,-0.64,38.9,39.25439161580941,-38.88328973694797,40.338419550098195,42.97856874002791,61.33241968098494,Slider,True
FF,2026-06-14,102.3,-1.53,6.3,"Miller, Mason",691723,695243,,foul,,,,,8.0,,R,R,R,BAL,SD,S,,,2,2,2026,-0.46,1.18,-0.1796025649246325,2.1653657271725923,,,665750.0,2,8,Bot,,,,,,,4.94429193405899,-148.74625455781214,-9.163065427275615,-8.01470622996662,33.07961992733675,-12.721014868504112,3.413959974,1.722933071,218.0,79.6,57.0,103.6,2537.0,6.9,824823,660710,657757,665487,592518,593428,669392,701538,687749,53.64,,,,,,,,67,5,4-Seam Fastball,2,4,2,4,4,2,2,4,Standard,Standard,205.0,0.0,0.0,81.2,7.1,,,0.0,88.0,-2,-2,0.113,0.113,27,24,28,25,1,0,5.0,1.0,6.0,5.0,0.99,0.46,0.46,42.1,12.26764601346136,-10.886872677321543,47.76877251755677,31.627715546981825,30.869345911872912,Four-seam,False
SL,2026-06-14,89.4,-1.58,6.17,"Miller, Mason",691723,695243,,blocked_ball,,,,,14.0,,R,R,R,BAL,SD,B,,,1,2,2026,0.68,-0.41,1.706034835924521,-0.0043931768634943,,,665750.0,2,8,Bot,,,,,,,6.587564519270105,-129.89092431051225,-8.0782617414492,6.364669032704597,27.041230628567227,-35.35212383336852,3.413959974,1.722933071,,,,90.4,2542.0,7.0,824823,660710,657757,665487,592518,593428,669392,701538,687749,53.55,,,,,,,,67,4,Slider,2,4,2,4,4,2,2,4,Standard,Standard,32.0,0.007,0.052,,,,,-0.052,,-2,-2,0.106,0.106,27,24,28,25,1,0,5.0,1.0,6.0,5.0,3.27,-0.68,-0.68,39.6,,,,,,Slider,False
SL,2026-06-14,87.7,-1.57,6.15,"Miller, Mason",691723,695243,,swinging_strike_blocked,,,,,14.0,,R,R,R,BAL,SD,S,,,1,1,2026,0.96,-0.34,0.6663251091620624,0.5238557047254973,,,665750.0,2,8,Bot,,,,,,,3.3571424644774885,-127.73556490805088,-6.591779336391634,9.889022530269273,25.003058928748676,-34.76694003751518,3.413959974,1.722933071,,,,88.9,2388.0,6.9,824823,660710,657757,665487,592518,593428,669392,701538,687749,53.64,,,,,,,,67,3,Slider,2,4,2,4,4,2,2,4,Standard,Standard,40.0,-0.011,-0.069,71.6,9.3,36.69196974,,0.069,,-2,-2,0.117,0.117,27,24,28,25,1,0,5.0,1.0,6.0,5.0,3.28,-0.96,-0.96,40.5,44.54683540659955,-79.42842014562014,43.21209284399424,,,Slider,False
SL,2026-06-14,87.4,-1.72,6.16,"Miller, Mason",691723,695243,,swinging_strike,,,,,14.0,,R,R,R,BAL,SD,S,,,1,0,2026,0.88,-0.21,0.7763583013840565,0.9747689671740448,,,665750.0,2,8,Bot,,,,,,,4.13276769095501,-127.17609561651594,-5.685442531772075,8.708344182180623,25.71275211535116,-33.479805503579534,3.413959974,1.722933071,,,,88.3,2320.0,6.8,824823,660710,657757,665487,592518,593428,669392,701538,687749,53.7,,,,,,,,67,2,Slider,2,4,2,4,4,2,2,4,Standard,Standard,30.0,-0.006,-0.05,23.2,7.0,6.185042472,,0.05,,-2,-2,0.123,0.123,27,24,28,25,1,0,5.0,1.0,6.0,5.0,3.19,-0.88,-0.88,41.0,-2.672127394701872,-12.235110940397828,52.64450019967702,43.24640960240335,31.70266975285582,Slider,False
FF,2026-06-14,100.0,-1.61,6.29,"Miller, Mason",691723,695243,,ball,,,,,12.0,,R,R,R,BAL,SD,B,,,0,0,2026,-0.55,1.23,0.604063840007088,4.546939344404413,,,665750.0,2,8,Bot,,,,,,,7.405128743309563,-145.51170119259362,-2.2706639160947164,-9.49101094669145,31.462744215879095,-14.331217089859551,3.413959974,1.722933071,,,,101.3,2585.0,6.8,824823,660710,657757,665487,592518,593428,669392,701538,687749,53.7,,,,,,,,67,1,4-Seam Fastball,2,4,2,4,4,2,2,4,Standard,Standard,207.0,0.004,0.038,,,,,-0.038,,-2,-2,0.119,0.119,27,24,28,25,1,0,5.0,1.0,6.0,5.0,1.04,0.55,0.55,41.7,,,,,,Four-seam,False
FF,2026-06-09,101.6,-1.33,6.18,"Miller, Mason",668715,695243,strikeout,swinging_strike,,,,,14.0,Spencer Steer strikes out swinging.,R,R,R,SD,CIN,S,2.0,,3,2,2026,-0.7,1.33,1.0071503605223322,1.7478455272077325,,,,2,9,Top,,,,,,,8.248018310974096,-147.42565690478443,-10.156634116013686,-12.27314689527992,37.325675929140345,-10.37202397421653,3.096259843,1.562598425,,,,102.3,2516.0,7.0,823290,666023,657757,665487,592518,823550,669392,701538,687749,53.53,,0.0,0.0,1.0,0.0,0.0,,75,6,4-Seam Fastball,2,2,2,2,2,2,2,2,Standard,Standard,202.0,0.039,-0.306,53.7,6.7,1.9451499,,0.306,,0,0,0.6,0.4,27,28,28,29,1,4,1.0,1.0,5.0,1.0,0.9,0.7,0.7,40.3,4.051994597798565,23.830163760077387,24.16822333462055,45.44376562905201,10.754639036975554,Four-seam,True
SL,2026-06-09,86.7,-1.38,6.16,"Miller, Mason",668715,695243,,foul,,,,,8.0,,R,R,R,SD,CIN,S,,,3,1,2026,0.88,-0.3,-0.0215749813516674,1.599200042309317,,,,2,9,Top,,,,,,,1.386231946648944,-126.29182648819511,-3.8314642942863832,9.019449394796874,27.56345427076147,-34.71523590460239,3.096259843,1.562598425,,,,87.3,2340.0,6.8,823290,666023,657757,665487,592518,823550,669392,701538,687749,53.7,,,,,,,,75,5,Slider,2,2,2,2,2,2,2,2,Standard,Standard,38.0,0.007,-0.097,75.2,8.2,,,0.097,,0,0,0.593,0.407,27,28,28,29,1,4,1.0,1.0,5.0,1.0,3.34,-0.88,-0.88,41.1,25.437565326767025,-23.76186227672269,31.083400490167676,31.91876730271324,41.76312178775039,Slider,False
FF,2026-06-09,100.1,-1.34,6.22,"Miller, Mason",668715,695243,,ball,,,,,13.0,,R,R,R,SD,CIN,B,,,2,1,2026,-0.08,1.54,-0.1014639332805504,0.474147850112413,,,,2,9,Top,,,,,,,3.5891393336863375,-145.13191172444786,-13.890604778051232,-2.044604370610165,36.640278721088954,-7.29695203401716,3.096259843,1.562598425,,,,100.5,2505.0,6.9,823290,666023,657757,665487,592518,823550,669392,701538,687749,53.6,,,,,,,,75,4,4-Seam Fastball,2,2,2,2,2,2,2,2,Standard,Standard,204.0,-0.009,0.101,,,,,-0.101,,0,0,0.602,0.398,27,28,28,29,1,4,1.0,1.0,5.0,1.0,0.77,0.08,0.08,42.8,,,,,,Four-seam,False
SL,2026-06-09,87.4,-1.36,6.1,"Miller, Mason",668715,695243,,ball,,,,,14.0,,R,R,R,SD,CIN,B,,,1,1,2026,1.06,-0.12,1.7414027426005445,1.91073043940515,,,,2,9,Top,,,,,,,5.20256065884573,-127.08373304232164,-3.3490365855013757,10.046804925950555,30.866966507000217,-32.91458845995152,3.096259843,1.562598425,,,,87.8,2360.0,7.0,823290,666023,657757,665487,592518,823550,669392,701538,687749,53.52,,,,,,,,75,3,Slider,2,2,2,2,2,2,2,2,Standard,Standard,32.0,-0.005,0.055,,,,,-0.055,,0,0,0.607,0.393,27,28,28,29,1,4,1.0,1.0,5.0,1.0,3.16,-1.06,-1.06,41.1,,,,,,Slider,False
SL,2026-06-09,87.2,-1.47,6.09,"Miller, Mason",668715,695243,,swinging_strike,,,,,14.0,,R,R,R,SD,CIN,S,,,1,0,2026,0.91,-0.06,1.4942457192629912,1.1420681861009774,,,,2,9,Top,,,,,,,5.185530891572308,-126.79418631310637,-5.277227881539429,8.478816015341339,30.195435204080997,-31.807510639387985,3.096259843,1.562598425,,,,87.6,2311.0,7.0,823290,666023,657757,665487,592518,823550,669392,701538,687749,53.53,,,,,,,,75,2,Slider,2,2,2,2,2,2,2,2,Standard,Standard,39.0,0.005,-0.056,40.0,7.5,14.781108384,,0.056,,0,0,0.602,0.398,27,28,28,29,1,4,1.0,1.0,5.0,1.0,3.1,-0.91,-0.91,38.6,20.98557775416347,-14.233584823226463,25.07252836947453,50.2631810695072,41.840818367678736,Slider,False
SL,2026-06-09,85.4,-1.45,6.12,"Miller, Mason",668715,695243,,ball,,,,,11.0,,R,R,R,SD,CIN,B,,,0,0,2026,1.26,-0.09,-1.0661641440063714,2.735239052418414,,,,2,9,Top,,,,,,,-1.7200115797957427,-124.27052800849864,-1.209936406243755,13.290022176874634,28.457261698064432,-33.01492640418684,3.096259843,1.562598425,,,,85.6,2224.0,6.8,823290,666023,657757,665487,592518,823550,669392,701538,687749,53.73,,,,,,,,75,1,Slider,2,2,2,2,2,2,2,2,Standard,Standard,35.0,-0.003,0.041,,,,,-0.041,,0,0,0.605,0.395,27,28,28,29,1,4,1.0,1.0,5.0,1.0,3.25,-1.26,-1.26,41.8,,,,,,Slider,False
SL,2026-06-09,87.7,-1.43,6.12,"Miller, Mason",667472,695243,field_out,hit_into_play,,,,,1.0,Dane Myers flies out to right fielder Jase Bowen.,R,R,R,SD,CIN,X,9.0,fly_ball,1,2,2026,0.82,-0.31,-0.296951074528392,3.193506728713289,,,,1,9,Top,171.15,117.67,,,,,0.9891568101665024,-127.669274569035,-0.0614152848198688,8.650206584548684,28.264324866533727,-35.71714007581818,3.213861549,1.621948819,233.0,93.0,56.0,88.2,2347.0,6.8,823290,666023,657757,665487,592518,823550,669392,701538,687749,53.73,0.017,0.022,0.0,1.0,0.0,0.0,3.0,74,4,Slider,2,2,2,2,2,2,2,2,Standard,Standard,41.0,0.033,-0.182,62.7,6.5,,0.032,0.182,93.0,0,0,0.572,0.428,27,30,28,30,1,1,1.0,2.0,5.0,1.0,3.29,-0.82,-0.82,37.9,27.518538372420224,3.356074030490894,11.981808491914112,34.614402703717104,29.00837222737037,Slider,True
SL,2026-06-09,87.1,-1.5,6.13,"Miller, Mason",667472,695243,,called_strike,,,,,1.0,,R,R,R,SD,CIN,S,,,1,1,2026,0.6,-0.21,-0.452578497469594,3.1706404417823832,,,,1,9,Top,,,,,,,1.2259328079799352,-126.89400456279785,-0.2686159855383324,6.204025211101603,27.751607452766734,-34.5804135342715,3.213861549,1.621948819,,,,87.7,2377.0,6.7,823290,666023,657757,665487,592518,823550,669392,701538,687749,53.77,,,,,,,,74,3,Slider,2,2,2,2,2,2,2,2,Standard,Standard,38.0,0.012,-0.07,,,,,0.07,,0,0,0.56,0.44,27,30,28,30,1,1,1.0,2.0,5.0,1.0,3.22,-0.6,-0.6,40.1,,,,,,Slider,False
FF,2026-06-09,100.8,-1.44,6.25,"Miller, Mason",667472,695243,,foul,,,,,6.0,,R,R,R,SD,CIN,S,,,1,0,2026,-0.75,1.51,0.2843915358788731,2.495312692632481,,,,1,9,Top,,,,,,,6.599053193110235,-146.2971710408275,-8.51232487390047,-12.38350723553547,38.303118991218135,-8.576086411013648,3.213861549,1.621948819,,,,101.0,2543.0,6.8,823290,666023,657757,665487,592518,823550,669392,701538,687749,53.68,,,,,,,,74,2,4-Seam Fastball,2,2,2,2,2,2,2,2,Standard,Standard,199.0,0.008,-0.05,67.7,7.6,,,0.05,,0,0,0.552,0.448,27,30,28,30,1,1,1.0,2.0,5.0,1.0,0.76,0.75,0.75,41.7,10.732181274264866,10.474613869026149,31.437386246395892,42.87236545179382,22.57943003819946,Four-seam,False
FF,2026-06-09,99.8,-1.51,6.31,"Miller, Mason",667472,695243,,ball,,,,,11.0,,R,R,R,SD,CIN,B,,,0,0,2026,-0.66,1.57,-0.3364274957824995,3.6106566898944057,,,,1,9,Top,,,,,,,4.798149137522905,-145.15959078927906,-5.575762206614665,-10.54309174169396,36.84553113787276,-8.983580820275929,3.213861549,1.621948819,,,,100.1,2504.0,6.6,823290,666023,657757,665487,592518,823550,669392,701538,687749,53.85,,,,,,,,74,1,4-Seam Fastball,2,2,2,2,2,2,2,2,Standard,Standard,201.0,-0.006,0.041,,,,,-0.041,,0,0,0.558,0.442,27,30,28,30,1,1,1.0,2.0,5.0,1.0,0.74,0.66,0.66,40.1,,,,,,Four-seam,False
FF,2026-06-09,102.3,-1.36,6.32,"Miller, Mason",701398,695243,strikeout,swinging_strike,,,,,3.0,Sal Stewart strikes out swinging.,R,R,R,SD,CIN,S,2.0,,1,2,2026,-0.58,1.43,0.6078677933643309,3.1541513872370643,,,,0,9,Top,,,,,,,6.966162941031463,-148.69944917508948,-7.04923689012332,-10.314358531999453,34.95611962509256,-9.36139971774791,3.239312664,1.634793307,,,,103.3,2436.0,6.9,823290,666023,657757,665487,592518,823550,669392,701538,687749,53.63,,0.0,0.0,1.0,0.0,0.0,,73,4,4-Seam Fastball,2,2,2,2,2,2,2,2,Standard,Standard,203.0,0.041,-0.187,70.3,7.0,0.679972464,,0.187,,0,0,0.517,0.483,27,22,28,23,1,4,1.0,1.0,5.0,1.0,0.74,0.58,0.58,43.2,5.329312703343061,37.51022686504657,26.344241549664268,46.08637938943323,10.593046727346875,Four-seam,True
SL,2026-06-09,87.4,-1.5,6.17,"Miller, Mason",701398,695243,,swinging_strike,,,,,14.0,,R,R,R,SD,CIN,S,,,1,1,2026,0.78,-0.4,1.1367172814887347,0.9974995261629034,,,,0,9,Top,,,,,,,4.666771978858806,-127.18973450822408,-5.182335832333289,7.354560635723005,28.161160253499197,-35.56585369168649,3.239312664,1.634793307,,,,87.8,2453.0,6.7,823290,666023,657757,665487,592518,823550,669392,701538,687749,53.77,,,,,,,,73,3,Slider,2,2,2,2,2,2,2,2,Standard,Standard,34.0,0.014,-0.06,67.3,8.7,16.52526882,,0.06,,0,0,0.503,0.497,27,22,28,23,1,4,1.0,1.0,5.0,1.0,3.4,-0.78,-0.78,39.2,29.072846775425017,-33.87135284083774,32.244811410935505,49.55482157867728,58.415836859669234,Slider,False
SL,2026-06-09,86.2,-1.48,6.19,"Miller, Mason",701398,695243,,called_strike,,,,,5.0,,R,R,R,SD,CIN,S,,,1,0,2026,0.79,-0.3,0.0432893375283773,2.1675945370978487,,,,0,9,Top,,,,,,,1.972287120995048,-125.549817758652,-2.4789734362819136,7.859711383052944,26.61278212197807,-34.98714732345068,3.239312664,1.634793307,,,,86.8,2484.0,6.7,823290,666023,657757,665487,592518,823550,669392,701538,687749,53.78,,,,,,,,73,2,Slider,2,2,2,2,2,2,2,2,Standard,Standard,40.0,0.011,-0.055,,,,,0.055,,0,0,0.492,0.508,27,22,28,23,1,4,1.0,1.0,5.0,1.0,3.37,-0.79,-0.79,39.8,,,,,,Slider,False
SL,2026-06-09,85.9,-1.53,6.21,"Miller, Mason",701398,695243,,ball,,,,,12.0,,R,R,R,SD,CIN,B,,,0,0,2026,0.93,-0.15,0.2277696291681945,4.435265276721499,,,,0,9,Top,,,,,,,2.219835420315751,-124.99707257853416,2.5966471413123364,9.195505582124184,26.96765817154434,-34.534901956722734,3.239312664,1.634793307,,,,86.3,2384.0,6.7,823290,666023,657757,665487,592518,823550,669392,701538,687749,53.79,,,,,,,,73,1,Slider,2,2,2,2,2,2,2,2,Standard,Standard,42.0,-0.008,0.042,,,,,-0.042,,0,0,0.5,0.5,27,22,28,23,1,4,1.0,1.0,5.0,1.0,3.26,-0.93,-0.93,40.5,,,,,,Slider,False
FF,2026-06-08,103.2,-1.23,6.29,"Miller, Mason",668709,695243,strikeout,swinging_strike,,,,,12.0,JJ Bleday strikes out swinging.,R,L,R,SD,CIN,S,2.0,,1,2,2026,-0.43,1.56,0.4655584713731884,3.471642154821293,,,,2,9,Top,,,,,,,5.905970050805769,-150.14686092949526,-6.540530059673909,-7.999089705549085,37.23554399415049,-7.138434940368437,3.286704396,1.65871063,,,,104.2,2528.0,6.9,823289,666023,664034,665487,592518,593428,669392,701538,687749,53.6,,0.0,0.0,1.0,0.0,0.0,,75,4,4-Seam Fastball,6,2,2,6,2,6,2,6,Infield shade,Standard,197.0,0.001,-0.183,71.3,6.3,0.451631556,,0.183,,4,-4,0.999,0.001,27,28,28,29,1,4,2.0,1.0,1.0,1.0,0.58,0.43,-0.43,44.0,10.102803213126611,-0.9893305420660348,23.948116208184448,34.76583199346055,21.31187944168794,Four-seam,True
CH,2026-06-08,97.8,-1.52,5.91,"Miller, Mason",668709,695243,,foul,,,,,14.0,,R,L,R,SD,CIN,S,,,1,1,2026,-1.08,0.21,0.0690421468277253,1.3983372716957736,,,,2,9,Top,,,,,,,6.8481009486322035,-142.237145611033,-6.965356599676213,-16.27423091284313,32.58203169299687,-27.886419947648445,3.286704396,1.65871063,,,,98.8,1986.0,6.9,823289,666023,664034,665487,592518,593428,669392,701538,687749,53.64,,,,,,,,75,3,Changeup,6,2,2,6,2,6,2,6,Infield shade,Standard,230.0,0.0,-0.064,75.9,7.5,,,0.064,,4,-4,0.999,0.001,27,28,28,29,1,4,2.0,1.0,1.0,1.0,2.17,1.08,-1.08,35.4,17.614092246987678,-9.026476931921906,36.1181266441674,40.36262196443995,35.4306426219412,Changeup,False
CH,2026-06-08,97.3,-1.56,5.97,"Miller, Mason",668709,695243,,ball,,,,,14.0,,R,L,R,SD,CIN,B,,,0,1,2026,-1.33,0.38,0.4434205879872728,1.1544561548269563,,,,2,9,Top,,,,,,,8.506671956081538,-141.33611021485777,-8.060439639141741,-19.83419169239824,32.638550821041875,-25.352540767531828,3.286704396,1.65871063,,,,98.1,2181.0,6.9,823289,666023,664034,665487,592518,593428,669392,701538,687749,53.64,,,,,,,,75,2,Changeup,6,2,2,6,2,6,2,6,Infield shade,Standard,228.0,0.0,0.03,,,,,-0.03,,4,-4,0.999,0.001,27,28,28,29,1,4,2.0,1.0,1.0,1.0,2.04,1.33,-1.33,35.2,,,,,,Changeup,False
SL,2026-06-08,87.9,-1.44,6.08,"Miller, Mason",668709,695243,,called_strike,,,,,2.0,,R,L,R,SD,CIN,S,,,0,0,2026,0.78,-0.29,-0.2051388846357548,2.920785447338265,,,,2,9,Top,,,,,,,1.3201980906183182,-127.96108515350096,-0.6731556762545613,8.266702236824854,28.242814427645836,-35.41515161887994,3.286704396,1.65871063,,,,88.4,2377.0,6.8,823289,666023,664034,665487,592518,593428,669392,701538,687749,53.74,,,,,,,,75,1,Slider,6,2,2,6,2,6,2,6,Infield shade,Standard,42.0,0.0,-0.045,,,,,0.045,,4,-4,0.999,0.001,27,28,28,29,1,4,2.0,1.0,1.0,1.0,3.25,-0.78,0.78,40.5,,,,,,Slider,False
FF,2026-06-08,102.1,-1.22,6.23,"Miller, Mason",694362,695243,strikeout,called_strike,,,,,9.0,"Blake Dunn challenged (pitch result), call on the field was confirmed: Blake Dunn called out on strikes.",R,R,R,SD,CIN,S,2.0,,3,2,2026,-0.46,1.53,0.6586377672603401,1.99647441759784,,,,1,9,Top,,,,,,,6.412801717256723,-148.31035304415462,-10.21712110605034,-8.342813725122301,36.53717034854558,-7.247220591993255,3.09011647,1.559498032,,,,102.9,2664.0,6.9,823289,666023,664034,665487,592518,593428,669392,701538,687749,53.63,,0.0,0.0,1.0,0.0,0.0,,74,8,4-Seam Fastball,6,2,2,6,2,6,2,6,Strategic,Standard,201.0,0.006,-0.345,,,,,0.345,,4,-4,0.993,0.007,27,27,28,28,1,4,2.0,1.0,1.0,1.0,0.67,0.46,0.46,42.1,,,,,,Four-seam,True
FF,2026-06-08,102.5,-1.19,6.23,"Miller, Mason",694362,695243,,ball,,,,,12.0,,R,R,R,SD,CIN,B,,,2,2,2026,-0.45,1.61,0.5956516693209859,3.882241301230773,,,,1,9,Top,,,,,,,6.13003573077041,-149.18254386633365,-5.233253365836475,-8.145166517628796,35.72358763864351,-7.06635028146621,3.09011647,1.559498032,,,,103.4,2662.0,6.8,823289,666023,664034,665487,592518,593428,669392,701538,687749,53.74,,,,,,,,74,7,4-Seam Fastball,6,2,2,6,2,6,2,6,Strategic,Standard,197.0,-0.002,0.112,,,,,-0.112,,4,-4,0.995,0.005,27,27,28,28,1,4,2.0,1.0,1.0,1.0,0.56,0.45,0.45,40.6,,,,,,Four-seam,False
SL,2026-06-08,88.2,-1.21,6.11,"Miller, Mason",694362,695243,,foul,,,,,6.0,,R,R,R,SD,CIN,S,,,2,2,2026,1.23,-0.03,0.5266352964478636,2.18613229532747,,,,1,9,Top,,,,,,,1.5771416433088985,-128.35813661581736,-3.0858706208720013,13.036346027937952,30.878990133987028,-32.02046920206702,3.09011647,1.559498032,116.0,66.3,69.0,88.5,2494.0,6.8,823289,666023,664034,665487,592518,593428,669392,701538,687749,53.65,,,,,,,,74,6,Slider,6,2,2,6,2,6,2,6,Strategic,Standard,39.0,0.0,0.0,65.2,6.6,,,0.0,88.0,4,-4,0.995,0.005,27,27,28,28,1,4,2.0,1.0,1.0,1.0,3.0,-1.23,-1.23,41.2,9.06710566915217,-3.030100150611923,25.426023160104258,43.24913780464047,37.22388671269938,Slider,False
FF,2026-06-08,101.5,-1.12,6.21,"Miller, Mason",694362,695243,,foul,,,,,2.0,,R,R,R,SD,CIN,S,,,2,2,2026,-0.58,1.2,0.213060627194466,3.045815305106532,,,,1,9,Top,,,,,,,5.151663948885256,-147.732648333913,-6.344005932961419,-9.771237636589005,34.95087289667438,-13.224030390050896,3.09011647,1.559498032,178.0,93.4,8.0,102.5,2563.0,6.8,823289,666023,664034,665487,592518,593428,669392,701538,687749,53.69,,,,,,,,74,5,4-Seam Fastball,6,2,2,6,2,6,2,6,Strategic,Standard,201.0,0.0,0.0,64.0,4.8,,,0.0,93.4,4,-4,0.995,0.005,27,27,28,28,1,4,2.0,1.0,1.0,1.0,1.01,0.58,0.58,38.4,-7.970188025576514,26.28542020276986,30.147932650687924,41.11978664610142,17.331856701058747,Four-seam,False
SL,2026-06-08,89.4,-1.17,6.17,"Miller, Mason",694362,695243,,ball,,,,,14.0,,R,R,R,SD,CIN,B,,,1,2,2026,0.92,-0.14,1.166724829687467,2.162907360512747,,,,1,9,Top,,,,,,,3.764716015735422,-130.11838701477814,-3.2819813391507147,9.457931377625302,30.068294091297712,-33.26493073560554,3.09011647,1.559498032,,,,90.0,2486.0,6.9,823289,666023,664034,665487,592518,593428,669392,701538,687749,53.62,,,,,,,,74,4,Slider,6,2,2,6,2,6,2,6,Strategic,Standard,39.0,0.0,0.051,,,,,-0.051,,4,-4,0.995,0.005,27,27,28,28,1,4,2.0,1.0,1.0,1.0,3.02,-0.92,-0.92,41.9,,,,,,Slider,False
SL,2026-06-08,88.1,-1.4,6.08,"Miller, Mason",694362,695243,,called_strike,,,,,9.0,,R,R,R,SD,CIN,S,,,1,1,2026,1.11,-0.14,0.6210294205652737,1.9356231720561985,,,,1,9,Top,,,,,,,2.521306031070005,-128.2730216836664,-3.404380550447504,11.587929745199826,29.64391565009744,-33.16975260343396,3.09011647,1.559498032,,,,88.8,2503.0,6.9,823289,666023,664034,665487,592518,593428,669392,701538,687749,53.55,,,,,,,,74,3,Slider,6,2,2,6,2,6,2,6,Strategic,Standard,40.0,0.001,-0.07,,,,,0.07,,4,-4,0.994,0.006,27,27,28,28,1,4,2.0,1.0,1.0,1.0,3.1,-1.11,-1.11,40.7,,,,,,Slider,False
FF,2026-06-08,101.6,-1.33,6.25,"Miller, Mason",694362,695243,,ball,,,,,11.0,,R,R,R,SD,CIN,B,,,0,1,2026,-0.68,1.05,-0.3197750207337894,3.3249357122945247,,,,1,9,Top,,,,,,,4.462668303966205,-147.9714922114589,-5.311072850171842,-11.045222709921989,33.53290076910554,-15.634542318568808,3.09011647,1.559498032,,,,102.1,2627.0,6.4,823289,666023,664034,665487,592518,593428,669392,701538,687749,54.08,,,,,,,,74,2,4-Seam Fastball,6,2,2,6,2,6,2,6,Standard,Standard,196.0,-0.001,0.032,,,,,-0.032,,4,-4,0.995,0.005,27,27,28,28,1,4,2.0,1.0,1.0,1.0,1.14,0.68,0.68,41.0,,,,,,Four-seam,False
FF,2026-06-08,101.7,-1.24,6.27,"Miller, Mason",694362,695243,,called_strike,,,,,3.0,,R,R,R,SD,CIN,S,,,0,0,2026,-0.46,1.57,0.4463409760149266,2.813987644694601,,,,1,9,Top,,,,,,,5.809562213213598,-147.85250960024905,-8.02489013374842,-8.160519337182789,37.324495063729984,-7.395565453021429,3.09011647,1.559498032,,,,101.8,2651.0,6.5,823289,666023,664034,665487,592518,593428,669392,701538,687749,53.97,,,,,,,,74,1,4-Seam Fastball,6,2,2,6,2,6,2,6,Standard,Standard,202.0,0.001,-0.041,,,,,0.041,,4,-4,0.994,0.006,27,27,28,28,1,4,2.0,1.0,1.0,1.0,0.65,0.46,0.46,43.5,,,,,,Four-seam,False
SL,2026-06-08,87.8,-1.39,6.15,"Miller, Mason",695490,695243,strikeout,swinging_strike,,,,,14.0,Edwin Arroyo strikes out swinging.,R,L,R,SD,CIN,S,2.0,,3,2,2026,1.27,-0.07,1.1981961314421326,1.2229845578884793,,,,0,9,Top,,,,,,,3.5143865376113776,-127.65123311234248,-5.256349490430403,12.701949090812922,32.748442107461806,-31.88934079201096,3.163836942,1.596702756,,,,87.5,2528.0,6.7,823289,666023,664034,665487,592518,593428,669392,701538,687749,53.77,,0.0,0.0,1.0,0.0,0.0,,73,7,Slider,6,2,2,6,2,6,2,6,Strategic,Standard,38.0,0.012,-0.346,67.6,9.1,16.60960662,,0.346,,4,-4,0.982,0.018,27,22,28,23,1,3,2.0,1.0,1.0,1.0,3.1,-1.27,1.27,43.2,35.928738958676625,-68.93775693290445,39.52183212465383,23.535599572242823,65.16970930269329,Slider,True
SL,2026-06-08,87.9,-1.4,6.16,"Miller, Mason",695490,695243,,ball,,,,,11.0,,R,L,R,SD,CIN,B,,,2,2,2026,1.08,0.12,-0.6942842012579956,3.7434307106919498,,,,0,9,Top,,,,,,,-0.6094573150729787,-127.9714010894516,0.2649092819923475,11.95132277391586,29.708033663131435,-31.16259320737015,3.163836942,1.596702756,,,,88.2,2428.0,6.7,823289,666023,664034,665487,592518,593428,669392,701538,687749,53.79,,,,,,,,73,6,Slider,6,2,2,6,2,6,2,6,Strategic,Standard,44.0,-0.004,0.113,,,,,-0.113,,4,-4,0.986,0.014,27,22,28,23,1,3,2.0,1.0,1.0,1.0,2.86,-1.08,1.08,39.3,,,,,,Slider,False
FF,2026-06-08,101.7,-1.4,6.26,"Miller, Mason",695490,695243,,foul,,,,,2.0,,R,L,R,SD,CIN,S,,,2,2,2026,-0.24,1.49,0.1540707960888934,3.279599733302838,,,,0,9,Top,,,,,,,4.937727801688282,-147.8895968590611,-6.508367692639783,-4.803293443438757,37.39004270771908,-9.01184963721988,3.163836942,1.596702756,260.0,82.5,27.0,102.1,2622.0,6.7,823289,666023,664034,665487,592518,593428,669392,701538,687749,53.81,,,,,,,,73,5,4-Seam Fastball,6,2,2,6,2,6,2,6,Standard,Standard,200.0,0.0,0.0,69.7,6.6,,,0.0,88.0,4,-4,0.986,0.014,27,22,28,23,1,3,2.0,1.0,1.0,1.0,0.73,0.24,-0.24,41.2,13.939867146606163,-1.790984128965471,28.694288786118182,32.25075453972023,24.91211191894373,Four-seam,False
FF,2026-06-08,102.1,-1.48,6.24,"Miller, Mason",695490,695243,,ball,,,,,12.0,,R,L,R,SD,CIN,B,,,1,2,2026,-0.19,1.44,0.620034556837087,4.673169744662836,,,,0,9,Top,,,,,,,6.336680335627432,-148.58119117189935,-2.534048511363995,-4.342013833383643,37.30729384466074,-10.455555936982456,3.163836942,1.596702756,,,,102.5,2673.0,6.6,823289,666023,664034,665487,592518,593428,669392,701538,687749,53.87,,,,,,,,73,4,4-Seam Fastball,6,2,2,6,2,6,2,6,Strategic,Standard,202.0,-0.002,0.046,,,,,-0.046,,4,-4,0.988,0.012,27,22,28,23,1,3,2.0,1.0,1.0,1.0,0.75,0.19,-0.19,40.5,,,,,,Four-seam,False
SL,2026-06-08,87.7,-1.41,6.07,"Miller, Mason",695490,695243,,foul,,,,,6.0,,R,L,R,SD,CIN,S,,,1,1,2026,0.91,-0.42,0.632641573821304,2.1651237621901207,,,,0,9,Top,,,,,,,2.9851055146866714,-127.62841989653356,-2.1570011344991493,9.2436960240142,28.636358968011702,-36.4885348891807,3.163836942,1.596702756,82.0,64.6,9.0,88.5,2503.0,7.0,823289,666023,664034,665487,592518,593428,669392,701538,687749,53.49,,,,,,,,73,3,Slider,6,2,2,6,2,6,2,6,Strategic,Standard,40.0,0.003,-0.06,62.5,7.6,,,0.06,88.0,4,-4,0.985,0.015,27,22,28,23,1,3,2.0,1.0,1.0,1.0,3.41,-0.91,0.91,40.8,8.961297886601272,-16.767229367982353,36.190750733952015,26.674692899885656,31.58954041849453,Slider,False
SL,2026-06-08,87.2,-1.5,6.13,"Miller, Mason",695490,695243,,called_strike,,,,,2.0,,R,L,R,SD,CIN,S,,,1,0,2026,0.91,-0.38,0.2483032643646964,2.84048742631843,,,,0,9,Top,,,,,,,2.2580004132729803,-126.90985221457468,-0.6770789006275535,9.200842491364844,28.8140066400789,-36.2778497777366,3.163836942,1.596702756,,,,87.3,2569.0,6.6,823289,666023,664034,665487,592518,593428,669392,701538,687749,53.9,,,,,,,,73,2,Slider,6,2,2,6,2,6,2,6,Strategic,Standard,39.0,0.002,-0.055,,,,,0.055,,4,-4,0.983,0.017,27,22,28,23,1,3,2.0,1.0,1.0,1.0,3.4,-0.91,0.91,38.7,,,,,,Slider,False
FF,2026-06-08,101.1,-1.6,6.29,"Miller, Mason",695490,695243,,ball,,,,,12.0,,R,L,R,SD,CIN,B,,,0,0,2026,-0.49,1.59,0.3692850631548341,4.3129249221250765,,,,0,9,Top,,,,,,,6.6509723295995595,-147.05504935695143,-3.8885049960521982,-8.775368024704536,36.42362519669217,-8.357484085592665,3.163836942,1.596702756,,,,101.5,2635.0,6.6,823289,666023,664034,665487,592518,593428,669392,701538,687749,53.86,,,,,,,,73,1,4-Seam Fastball,6,2,2,6,2,6,2,6,Strategic,Standard,202.0,-0.002,0.042,,,,,-0.042,,4,-4,0.985,0.015,27,22,28,23,1,3,2.0,1.0,1.0,1.0,0.65,0.49,-0.49,40.4,,,,,,Four-seam,False
SL,2026-06-06,89.1,-1.48,6.09,"Miller, Mason",668901,695243,strikeout,swinging_strike,,,,,14.0,Mark Vientos strikes out swinging.,R,R,R,SD,NYM,S,2.0,,0,2,2026,0.87,-0.44,1.2472178716182838,0.9620486979167412,,,805999.0,2,9,Top,,,,,,,4.77525313365538,-129.5422128507676,-5.298840052730473,8.619763316703313,30.646979522981383,-36.01945398442557,3.340239501,1.685728347,,,,89.4,2658.0,6.8,823292,666023,664034,823550,592518,593428,687749,701538,665487,53.65,,0.0,0.0,1.0,0.0,0.0,,66,3,Slider,3,2,2,3,2,3,2,3,Standard,Standard,37.0,0.047,-0.173,66.3,8.6,15.848382828,,0.173,,1,-1,0.953,0.047,27,26,28,27,1,3,1.0,1.0,2.0,3.0,3.34,-0.87,-0.87,41.4,23.485242495000143,-31.99153343646085,28.780268203790666,50.58016097418043,51.28850456719219,Slider,True
SL,2026-06-06,88.3,-1.52,6.09,"Miller, Mason",668901,695243,,foul,,,,,5.0,,R,R,R,SD,NYM,S,,,0,1,2026,1.0,-0.6,-0.0349353140285995,2.5506305859539364,,,805999.0,2,9,Top,,,,,,,1.463021022244932,-128.61394213613656,-1.0014412628367897,10.667872574323532,29.0012812657457,-38.80625869642633,3.340239501,1.685728347,91.0,53.7,13.0,88.9,2608.0,6.8,823292,666023,664034,823550,592518,593428,687749,701538,665487,53.72,,,,,,,,66,2,Slider,3,2,2,3,2,3,2,3,Standard,Standard,39.0,0.02,-0.061,35.3,5.8,,,0.061,88.0,1,-1,0.933,0.067,27,26,28,27,1,3,1.0,1.0,2.0,3.0,3.54,-1.0,-1.0,39.5,8.008226143007036,32.16078944717992,29.479477127186765,38.792018900058885,14.800934277131706,Slider,False
SL,2026-06-06,87.8,-1.6,6.03,"Miller, Mason",668901,695243,,called_strike,,,,,8.0,,R,R,R,SD,NYM,S,,,0,0,2026,0.82,-0.5,0.1813034572701455,1.7751483360337312,,,805999.0,2,9,Top,,,,,,,2.569340526742072,-127.7979019903824,-2.8691372657651306,8.359358592532859,28.524197665696494,-37.19687845020445,3.340239501,1.685728347,,,,88.9,2562.0,7.1,823292,666023,664034,823550,592518,593428,687749,701538,665487,53.35,,,,,,,,66,1,Slider,3,2,2,3,2,3,2,3,Standard,Standard,37.0,0.012,-0.041,,,,,0.041,,1,-1,0.921,0.079,27,26,28,27,1,3,1.0,1.0,2.0,3.0,3.47,-0.82,-0.82,36.8,,,,,,Slider,False
SL,2026-06-06,89.0,-1.29,6.02,"Miller, Mason",805999,695243,walk,ball,,,,,14.0,A.J. Ewing walks.,R,L,R,SD,NYM,B,,,3,2,2026,0.85,-0.49,0.1406442727465209,1.275474415241766,,,,2,9,Top,,,,,,,1.6762028770727753,-129.5045472265636,-4.272714293349921,9.071362266242684,29.693501909991824,-36.95432466149265,3.136630577,1.582972441,,,,89.6,2506.0,6.9,823292,666023,664034,823550,592518,593428,687749,701538,665487,53.6,,0.698418,0.7,1.0,0.0,0.0,,65,7,Slider,3,2,2,3,2,3,2,3,Infield shade,Standard,36.0,-0.036,0.289,,,,,-0.289,,1,-1,0.957,0.043,27,21,28,22,1,3,1.0,1.0,2.0,1.0,3.4,-0.85,0.85,38.5,,,,,,Slider,True
SL,2026-06-06,88.6,-1.4,6.14,"Miller, Mason",805999,695243,,ball,,,,,11.0,,R,L,R,SD,NYM,B,,,2,2,2026,0.6,-0.42,-0.8327069278319766,3.338108296040291,,,,2,9,Top,,,,,,,0.0769415514435244,-129.08553226854474,0.3574070067709323,6.700002977009642,28.951703069301125,-37.19719323800038,3.136630577,1.582972441,,,,89.4,2338.0,6.9,823292,666023,664034,823550,592518,593428,687749,701538,665487,53.62,,,,,,,,65,6,Slider,3,2,2,3,2,3,2,3,Infield shade,Standard,41.0,-0.012,0.082,,,,,-0.082,,1,-1,0.969,0.031,27,21,28,22,1,3,1.0,1.0,2.0,1.0,3.34,-0.6,0.6,40.9,,,,,,Slider,False
SL,2026-06-06,88.4,-1.57,6.07,"Miller, Mason",805999,695243,,ball,,,,,11.0,,R,L,R,SD,NYM,B,,,1,2,2026,1.14,-0.17,-1.119288734592011,4.051500865250084,,,,2,9,Top,,,,,,,-1.3601824723678206,-128.61461227244232,1.770354074259351,12.869045398256862,29.003772772046933,-34.67965620376928,3.136630577,1.582972441,,,,88.8,2268.0,6.7,823292,666023,664034,823550,592518,593428,687749,701538,665487,53.75,,,,,,,,65,5,Slider,3,2,2,3,2,3,2,3,Infield shade,Standard,44.0,-0.005,0.041,,,,,-0.041,,1,-1,0.974,0.026,27,21,28,22,1,3,1.0,1.0,2.0,1.0,3.11,-1.14,1.14,39.2,,,,,,Slider,False
FF,2026-06-06,103.3,-1.52,6.13,"Miller, Mason",805999,695243,,foul,,,,,2.0,,R,L,R,SD,NYM,S,,,1,2,2026,-0.9,1.23,0.2455231296027602,2.664772513764567,,,,2,9,Top,,,,,,,7.2666304588143795,-150.19468968115763,-7.557609629001304,-15.38144766939756,34.99188123139981,-11.912679408120452,3.136630577,1.582972441,104.0,88.4,5.0,104.3,2546.0,6.8,823292,666023,664034,823550,592518,593428,687749,701538,665487,53.73,,,,,,,,65,4,4-Seam Fastball,3,2,2,3,2,3,2,3,Infield shade,Standard,204.0,0.0,0.0,66.4,4.8,,,0.0,88.4,1,-1,0.974,0.026,27,21,28,22,1,3,1.0,1.0,2.0,1.0,0.9,0.9,-0.9,38.5,-11.764065950196152,17.51585489732656,45.30532838363944,28.854978865820193,14.16612429837826,Four-seam,False
SL,2026-06-06,89.0,-1.55,6.05,"Miller, Mason",805999,695243,,foul,,,,,14.0,,R,L,R,SD,NYM,S,,,1,1,2026,0.8,-0.5,0.8343487014287685,0.9125533345576278,,,,2,9,Top,,,,,,,4.11084394017488,-129.5074328787437,-5.251189416750717,8.064114181238063,28.375479473910428,-36.84937997405021,3.136630577,1.582972441,76.0,41.9,24.0,90.0,2448.0,7.0,823292,666023,664034,823550,592518,593428,687749,701538,665487,53.51,,,,,,,,65,3,Slider,3,2,2,3,2,3,2,3,Infield shade,Standard,36.0,0.009,-0.064,67.4,7.5,,,0.064,88.0,1,-1,0.965,0.035,27,21,28,22,1,3,1.0,1.0,2.0,1.0,3.39,-0.8,0.8,37.6,16.703241271333575,-13.117621505903088,43.6441116302604,24.096303968163856,43.81590003710555,Slider,False
SL,2026-06-06,89.4,-1.71,5.99,"Miller, Mason",805999,695243,,ball,,,,,13.0,,R,L,R,SD,NYM,B,,,0,1,2026,1.09,-0.22,-0.5761510757079935,1.446994366833776,,,,2,9,Top,,,,,,,0.4247573095533186,-130.13879644348197,-4.469911973238452,12.199719690608532,29.124432183892452,-33.894830508499844,3.136630577,1.582972441,,,,90.2,2480.0,6.9,823292,666023,664034,823550,592518,593428,687749,701538,665487,53.61,,,,,,,,65,2,Slider,3,2,2,3,2,3,2,3,Infield shade,Standard,31.0,-0.004,0.03,,,,,-0.03,,1,-1,0.969,0.031,27,21,28,22,1,3,1.0,1.0,2.0,1.0,3.09,-1.09,1.09,35.7,,,,,,Slider,False
SL,2026-06-06,87.8,-1.7,6.09,"Miller, Mason",805999,695243,,called_strike,,,,,14.0,,R,L,R,SD,NYM,S,,,0,0,2026,1.07,-0.18,0.6843394296080608,1.4525915479399836,,,,2,9,Top,,,,,,,3.4665267828681463,-127.72129065357322,-4.443928029704704,10.829571615875151,28.976940955440053,-33.31981335200758,3.136630577,1.582972441,,,,88.4,2465.0,6.9,823292,666023,664034,823550,592518,593428,687749,701538,665487,53.57,,,,,,,,65,1,Slider,3,2,2,3,2,3,2,3,Infield shade,Standard,34.0,0.006,-0.045,,,,,0.045,,1,-1,0.963,0.037,27,21,28,22,1,3,1.0,1.0,2.0,1.0,3.16,-1.07,1.07,38.7,,,,,,Slider,False
SL,2026-06-06,88.3,-1.44,6.07,"Miller, Mason",543760,695243,field_out,hit_into_play,,,,,6.0,Marcus Semien pops out to first baseman Ty France in foul territory.,R,R,R,SD,NYM,X,3.0,popup,0,1,2026,1.31,-0.52,0.7274427855678799,2.2299759474280036,,,,1,9,Top,158.03,176.4,,,,,2.4314111803576077,-128.50032810160246,-1.8772747759977657,13.92020056886053,28.899261524552564,-37.738436405309486,3.212106299,1.621062992,100.0,65.2,68.0,88.8,2600.0,6.8,823292,666023,664034,823550,592518,593428,687749,701538,665487,53.68,0.001,0.0,0.0,1.0,0.0,0.0,3.0,64,2,Slider,3,2,2,3,2,3,2,3,Strategic,Standard,35.0,0.047,-0.22,70.1,8.0,,0.001,0.22,88.0,1,-1,0.916,0.084,27,35,28,36,1,3,1.0,1.0,2.0,1.0,3.47,-1.31,-1.31,38.6,18.89970180541878,-5.02719942830067,31.317590653087688,38.96631500798437,34.73062404445391,Slider,True
SL,2026-06-06,87.3,-1.48,6.12,"Miller, Mason",543760,695243,,called_strike,,,,,6.0,,R,R,R,SD,NYM,S,,,0,0,2026,1.05,-0.57,0.2991257015907561,2.698328803436332,,,,1,9,Top,,,,,,,2.029747275380591,-127.07934525042864,-0.6133022483779984,10.890517622962854,27.90687265982932,-38.44824185331566,3.212106299,1.621062992,,,,87.9,2388.0,6.8,823292,666023,664034,823550,592518,593428,687749,701538,665487,53.7,,,,,,,,64,1,Slider,3,2,2,3,2,3,2,3,Strategic,Standard,37.0,0.008,-0.041,,,,,0.041,,1,-1,0.908,0.092,27,35,28,36,1,3,1.0,1.0,2.0,1.0,3.58,-1.05,-1.05,40.8,,,,,,Slider,False
FF,2026-06-06,100.8,-1.43,6.17,"Miller, Mason",676724,695243,field_out,hit_into_play,,,,,6.0,Jared Young flies out to right fielder Fernando Tatis Jr.,R,L,R,SD,NYM,X,9.0,fly_ball,3,1,2026,-0.5,1.54,0.4105246752636551,2.6742563291694377,,,,0,9,Top,159.21,75.02,,,,,6.318580003408637,-146.62687162995846,-7.982146619762357,-8.628236043499449,33.23867520988729,-8.282177214338702,3.280561024,1.655610236,318.0,91.0,39.0,101.9,2573.0,6.8,823292,666023,664034,823550,592518,593428,687749,701538,665487,53.67,0.023,0.028,0.0,1.0,0.0,0.0,3.0,63,5,4-Seam Fastball,3,2,2,3,2,3,2,3,Infield shade,Standard,200.0,0.12,-0.447,79.1,7.4,,0.045,0.447,91.0,1,-1,0.788,0.212,27,30,28,31,1,3,1.0,1.0,2.0,1.0,0.7,0.5,-0.5,40.9,11.069250051779154,-7.198081449639124,27.74233796994404,34.11466423339356,27.747042842611673,Four-seam,True
FF,2026-06-06,102.2,-1.33,6.19,"Miller, Mason",676724,695243,,ball,,,,,14.0,,R,L,R,SD,NYM,B,,,2,1,2026,-0.43,1.53,1.477851131170068,1.713620962838536,,,,0,9,Top,,,,,,,8.941519759417325,-148.24812829338785,-10.961418475208912,-8.35983862597472,33.05155685971419,-7.073772433638381,3.280561024,1.655610236,,,,103.4,2568.0,6.9,823292,666023,664034,823550,592518,593428,687749,701538,665487,53.57,,,,,,,,63,4,4-Seam Fastball,3,2,2,3,2,3,2,3,Infield shade,Standard,204.0,-0.035,0.137,,,,,-0.137,,1,-1,0.823,0.177,27,30,28,31,1,3,1.0,1.0,2.0,1.0,0.65,0.43,-0.43,41.1,,,,,,Four-seam,False
FF,2026-06-06,101.2,-1.44,6.28,"Miller, Mason",676724,695243,,ball,,,,,12.0,,R,L,R,SD,NYM,B,,,1,1,2026,-0.45,1.52,0.7931906337248632,4.045160024623819,,,,0,9,Top,,,,,,,7.293063754751236,-147.1763185020448,-4.473863008659677,-8.236148171590774,34.211300954078624,-9.205929968748704,3.280561024,1.655610236,,,,102.2,2595.0,6.8,823292,666023,664034,823550,592518,593428,687749,701538,665487,53.69,,,,,,,,63,3,4-Seam Fastball,3,2,2,3,2,3,2,3,Infield shade,Standard,200.0,-0.016,0.063,,,,,-0.063,,1,-1,0.839,0.161,27,30,28,31,1,3,1.0,1.0,2.0,1.0,0.71,0.45,-0.45,42.7,,,,,,Four-seam,False
SL,2026-06-06,86.8,-1.61,6.12,"Miller, Mason",676724,695243,,called_strike,,,,,2.0,,R,L,R,SD,NYM,S,,,1,0,2026,0.64,-0.48,0.0696984491860421,2.9761274239427022,,,,0,9,Top,,,,,,,2.6624174913174365,-126.4181761536961,-0.1279101950771179,6.322528923471313,25.730664954182085,-37.55322866452921,3.280561024,1.655610236,,,,87.6,2532.0,6.7,823292,666023,664034,823550,592518,593428,687749,701538,665487,53.76,,,,,,,,63,2,Slider,3,2,2,3,2,3,2,3,Infield shade,Standard,37.0,0.016,-0.055,,,,,0.055,,1,-1,0.823,0.177,27,30,28,31,1,3,1.0,1.0,2.0,1.0,3.5,-0.64,0.64,39.4,,,,,,Slider,False
SL,2026-06-06,86.0,-1.59,6.13,"Miller, Mason",676724,695243,,ball,,,,,11.0,,R,L,R,SD,NYM,B,,,0,0,2026,0.92,-0.4,-0.3674506777290063,3.706140492184355,,,,0,9,Top,,,,,,,0.9776037513006046,-125.30286280111692,1.4946412071282549,9.55069644258824,24.381604539961412,-36.882105774921435,3.280561024,1.655610236,,,,87.0,2396.0,6.8,823292,666023,664034,823550,592518,593428,687749,701538,665487,53.7,,,,,,,,63,1,Slider,3,2,2,3,2,3,2,3,Infield shade,Standard,39.0,-0.012,0.042,,,,,-0.042,,1,-1,0.835,0.165,27,30,28,31,1,3,1.0,1.0,2.0,1.0,3.46,-0.92,0.92,39.1,,,,,,Slider,False
FF,2026-06-05,100.6,-1.52,6.21,"Miller, Mason",683146,695243,single,hit_into_play,,,,,6.0,Brett Baty singles on a line drive to right fielder Fernando Tatis Jr. A.J. Ewing scores.,R,L,R,SD,NYM,X,9.0,line_drive,1,1,2026,-0.25,1.31,0.3955737811393552,2.498544329475333,805999.0,,,2,9,Top,177.1,89.73,,,,,5.913283208348764,-146.32212390623536,-7.956914168715025,-5.000659887992748,33.208116754399846,-11.714579908460166,3.327952756,1.679527559,198.0,95.3,12.0,101.7,2586.0,6.8,823293,660710,664034,823550,592518,593428,669369,701538,665487,53.68,0.911,0.873,0.9,1.0,1.0,0.0,4.0,62,3,4-Seam Fastball,0,4,4,0,5,0,5,0,Infield shade,Standard,199.0,-0.008,0.708,76.0,7.2,,1.081,-0.708,95.3,-4,4,0.015,0.985,27,26,28,27,1,3,7.0,2.0,1.0,1.0,0.94,0.25,-0.25,39.7,5.578226733260569,5.26445425473003,38.56581206998015,31.60878394951591,31.851035699503264,Four-seam,True
SL,2026-06-05,87.3,-1.65,6.17,"Miller, Mason",683146,695243,,called_strike,,,,,5.0,,R,L,R,SD,NYM,S,,,1,0,2026,1.13,-0.32,-0.0218326324878935,2.758914352238889,805999.0,,,2,9,Top,,,,,,,1.508042019512165,-127.0550564500885,-1.12153611702414,11.8665450002409,28.5123237114624,-35.56923871928502,3.327952756,1.679527559,,,,87.7,2400.0,6.8,823293,660710,664034,823550,592518,593428,669369,701538,665487,53.74,,,,,,,,62,2,Slider,0,4,4,0,4,0,4,0,Infield shade,Standard,28.0,0.0,-0.034,,,,,0.034,,-4,4,0.015,0.985,27,26,28,27,1,3,7.0,2.0,1.0,1.0,3.33,-1.13,1.13,40.5,,,,,,Slider,False
SL,2026-06-05,86.8,-1.67,6.19,"Miller, Mason",683146,695243,,ball,,,,,14.0,,R,L,R,SD,NYM,B,,,0,0,2026,0.91,-0.42,0.1257518658647587,0.9215392890585616,805999.0,,,2,9,Top,,,,,,,2.3579292365489146,-126.27290218423292,-5.208555266533788,9.109526974444783,29.226674062360303,-35.63814562579433,3.327952756,1.679527559,,,,87.1,2514.0,6.8,823293,660710,664034,823550,592518,593428,669369,701538,665487,53.7,,,,,,,,62,1,Slider,0,4,4,0,4,0,4,0,Infield shade,Standard,27.0,0.0,0.03,,,,,-0.03,,-4,4,0.015,0.985,27,26,28,27,1,3,7.0,2.0,1.0,1.0,3.48,-0.91,0.91,40.8,,,,,,Slider,False
SL,2026-06-05,88.1,-1.5,6.18,"Miller, Mason",543760,695243,strikeout,swinging_strike,,,,,14.0,Marcus Semien strikes out swinging. A.J. Ewing steals (6) 3rd base.,R,R,R,SD,NYM,S,2.0,,2,2,2026,0.91,-0.4,1.2806074035067418,1.4389799997747414,,805999.0,,1,9,Top,,,,,,,4.795130512952391,-128.23073939861507,-4.298467016985239,8.866326851224754,29.1275956148922,-35.764080681937905,3.212106299,1.621062992,,,,88.8,2431.0,6.9,823293,660710,664034,823550,592518,593428,669369,701538,665487,53.57,,0.0,0.0,1.0,0.0,0.0,,61,5,Slider,0,4,4,0,4,0,4,0,Standard,Standard,35.0,0.002,-0.232,61.0,8.8,14.400543168,,0.232,,-4,4,0.013,0.987,27,35,28,36,1,3,7.0,2.0,1.0,1.0,3.36,-0.91,-0.91,40.6,26.979262955648956,-37.92872371356379,27.09095211420301,45.70965776203069,53.128041873854926,Slider,True
SL,2026-06-05,87.9,-1.46,6.19,"Miller, Mason",543760,695243,,ball,,,,,11.0,,R,R,R,SD,NYM,B,,,1,2,2026,0.88,-0.35,-0.9162146318738584,2.8412040589832688,,805999.0,,1,9,Top,,,,,,,-0.557800519823707,-128.08676539037847,-1.050753698128236,9.78505182725691,27.683936358746028,-35.98303444880666,3.212106299,1.621062992,,,,88.5,2405.0,6.7,823293,660710,664034,823550,592518,593428,669369,701538,665487,53.79,,,,,,,,61,4,Slider,0,4,4,0,4,0,4,0,Strategic,Standard,32.0,-0.001,0.029,,,,,-0.029,,-4,4,0.014,0.986,27,35,28,36,1,3,7.0,2.0,1.0,1.0,3.3,-0.88,-0.88,39.1,,,,,,Slider,False
FF,2026-06-05,100.6,-1.4,6.28,"Miller, Mason",543760,695243,,swinging_strike,,,,,12.0,,R,R,R,SD,NYM,S,,,1,1,2026,-0.25,1.5,1.074619782492598,2.781371243049866,,805999.0,,1,9,Top,,,,,,,7.439717628083255,-146.10517941963795,-7.778174202641395,-5.443184905175361,36.00169031787352,-8.986860315179937,3.212106299,1.621062992,,,,101.2,2551.0,6.8,823293,660710,664034,823550,592518,593428,669369,701538,665487,53.67,,,,,,,,61,3,4-Seam Fastball,0,4,4,0,4,0,4,0,Strategic,Standard,206.0,0.001,-0.071,69.7,8.0,0.831192816,,0.071,,-4,4,0.013,0.987,27,35,28,36,1,3,7.0,2.0,1.0,1.0,0.77,0.25,0.25,41.8,19.75191605235853,-5.461863581740843,27.46168603500027,44.84260593311198,32.25589820188533,Four-seam,False
SL,2026-06-05,86.2,-1.54,6.33,"Miller, Mason",543760,695243,,ball,,,,,9.0,,R,R,R,SD,NYM,B,,,0,1,2026,1.1,-0.11,0.720447358955947,1.527633993039669,,,805999.0,1,9,Top,,,,,,,3.0316487249492505,-125.4035498788725,-4.605829985214965,10.757023511905016,29.767237450547626,-32.47700656233059,3.212106299,1.621062992,,,,86.2,2467.0,6.7,823293,660710,664034,823550,592518,593428,669369,701538,665487,53.78,,,,,,,,61,2,Slider,0,4,4,0,4,0,4,0,Standard,Standard,28.0,-0.002,0.026,,,,,-0.026,,-4,4,0.015,0.985,27,35,28,36,1,3,7.0,2.0,1.0,1.0,3.22,-1.1,-1.1,41.9,,,,,,Slider,False
SL,2026-06-05,86.4,-1.73,6.18,"Miller, Mason",543760,695243,,foul,,,,,4.0,,R,R,R,SD,NYM,S,,,0,0,2026,0.63,-0.4,-0.4550019738996262,2.6706163641499487,,,805999.0,1,9,Top,,,,,,,1.6839323885630657,-125.7409178994985,-1.0302366780397114,6.297514780549768,28.207654937316324,-36.38921490688311,3.212106299,1.621062992,170.0,64.8,45.0,86.7,2251.0,6.7,823293,660710,664034,823550,592518,593428,669369,701538,665487,53.78,,,,,,,,61,1,Slider,0,4,4,0,4,0,4,0,Standard,Standard,32.0,0.0,-0.037,53.6,6.5,,,0.037,88.0,-4,4,0.015,0.985,27,35,28,36,1,3,7.0,2.0,1.0,1.0,3.48,-0.63,-0.63,36.4,6.442726684492832,21.127116080161404,33.52340181924901,27.607332325534436,17.514296567914474,Slider,False
SL,2026-06-05,87.5,-1.67,6.15,"Miller, Mason",805999,695243,single,hit_into_play,,,,,8.0,A.J. Ewing singles on a line drive to right fielder Fernando Tatis Jr.,R,L,R,SD,NYM,X,9.0,line_drive,1,1,2026,0.95,-0.6,-0.0356054880130852,1.8183499527536524,,,,1,9,Top,185.1,114.79,,,,,1.9157011868244536,-127.43855198403416,-2.764587685964968,9.819814525819805,28.564064071348145,-38.26780426597567,3.136630577,1.582972441,177.0,82.6,16.0,87.7,2483.0,6.6,823293,660710,664034,823550,592518,593428,669369,701538,665487,53.91,0.98,0.904,0.9,1.0,1.0,0.0,4.0,60,3,Slider,0,4,4,0,4,0,4,0,Infield shade,Standard,28.0,-0.002,0.428,,,,1.081,-0.428,88.0,-4,4,0.017,0.983,27,21,28,22,1,3,7.0,2.0,1.0,1.0,3.59,-0.95,0.95,37.7,,,,,,Slider,True
FF,2026-06-05,100.2,-1.6,6.27,"Miller, Mason",805999,695243,,foul,,,,,6.0,,R,L,R,SD,NYM,S,,,1,0,2026,-0.42,1.51,0.5649819692767495,2.2008009801822648,,,,1,9,Top,,,,,,,6.97195565676119,-145.5588669879226,-9.339573480683642,-7.58406758389844,33.96831181385597,-8.706860255474353,3.136630577,1.582972441,210.0,84.5,60.0,101.0,2613.0,6.8,823293,660710,664034,823550,592518,593428,669369,701538,665487,53.67,,,,,,,,60,2,4-Seam Fastball,0,4,4,0,4,0,4,0,Infield shade,Standard,197.0,0.0,-0.05,65.7,6.2,,,0.05,88.0,-4,4,0.017,0.983,27,21,28,22,1,3,7.0,2.0,1.0,1.0,0.77,0.42,-0.42,41.1,-0.1014571486049496,-3.214884570101718,42.92925903465071,26.11330125668634,32.38081862998382,Four-seam,False
SL,2026-06-05,87.2,-1.75,6.13,"Miller, Mason",805999,695243,,ball,,,,,12.0,,R,L,R,SD,NYM,B,,,0,0,2026,1.19,-0.24,1.110390235146101,2.569805856166058,,,,1,9,Top,,,,,,,4.310344886086327,-126.9561605437968,-1.6150023039056447,11.831050147765342,28.732376168936945,-34.62120194089366,3.136630577,1.582972441,,,,87.5,2465.0,6.7,823293,660710,664034,823550,592518,593428,669369,701538,665487,53.79,,,,,,,,60,1,Slider,0,4,4,0,4,0,4,0,Infield shade,Standard,32.0,0.0,0.041,,,,,-0.041,,-4,4,0.017,0.983,27,21,28,22,1,3,7.0,2.0,1.0,1.0,3.26,-1.19,1.19,38.3,,,,,,Slider,False
FF,2026-06-05,100.9,-1.64,6.24,"Miller, Mason",676724,695243,field_out,hit_into_play,,,,,8.0,"Jared Young grounds out, second baseman Sung-Mun Song to first baseman Ty France.",R,L,R,SD,NYM,X,4.0,ground_ball,3,2,2026,-0.32,1.18,0.1268113294097032,1.7703494759044152,,,,0,9,Top,144.0,166.06,,,,,5.649220732640531,-146.53800121210062,-9.737954381921243,-5.95569588632943,34.50548880570513,-13.075487861587863,3.280561024,1.655610236,2.0,79.9,-47.0,101.4,2434.0,6.7,823293,660710,664034,823550,592518,593428,669369,701538,665487,53.81,0.13,0.117,0.0,1.0,0.0,0.0,2.0,59,6,4-Seam Fastball,0,4,4,0,4,0,4,0,Infield shade,Standard,208.0,0.002,-0.346,80.9,7.3,,0.131,0.346,88.0,-4,4,0.015,0.985,27,30,28,31,1,3,7.0,2.0,1.0,1.0,1.07,0.32,-0.32,41.0,4.541049650725913,6.759772741160367,28.492469732780265,36.1627983141419,26.96549568022084,Four-seam,True
SL,2026-06-05,87.2,-1.72,6.21,"Miller, Mason",676724,695243,,ball,,,,,11.0,,R,L,R,SD,NYM,B,,,2,2,2026,1.02,-0.3,-0.3796304434628518,3.9235800753322305,,,,0,9,Top,,,,,,,1.0425682233830351,-126.9489453291174,1.523664262653441,10.76898362855833,27.67269363828575,-35.97958142061756,3.280561024,1.655610236,,,,87.5,2439.0,6.6,823293,660710,664034,823550,592518,593428,669369,701538,665487,53.89,,,,,,,,59,5,Slider,0,4,4,0,4,0,4,0,Infield shade,Standard,48.0,0.0,0.113,,,,,-0.113,,-4,4,0.015,0.985,27,30,28,31,1,3,7.0,2.0,1.0,1.0,3.31,-1.02,1.02,39.5,,,,,,Slider,False
FF,2026-06-05,100.7,-1.5,6.33,"Miller, Mason",676724,695243,,ball,,,,,12.0,,R,L,R,SD,NYM,B,,,1,2,2026,-0.31,1.35,1.273180881686178,3.25374078076696,,,,0,9,Top,,,,,,,8.391948903168753,-146.40151887172104,-6.287141116314871,-6.459307365614572,34.70553330999066,-11.42377281485391,3.280561024,1.655610236,,,,101.2,2483.0,6.6,823293,660710,664034,823550,592518,593428,669369,701538,665487,53.89,,,,,,,,59,4,4-Seam Fastball,0,4,4,0,4,0,4,0,Infield shade,Standard,201.0,-0.001,0.046,,,,,-0.046,,-4,4,0.016,0.984,27,30,28,31,1,3,7.0,2.0,1.0,1.0,0.9,0.31,-0.31,42.0,,,,,,Four-seam,False
FF,2026-06-05,99.9,-1.73,6.35,"Miller, Mason",676724,695243,,swinging_strike,,,,,12.0,,R,L,R,SD,NYM,S,,,1,1,2026,-0.34,1.45,0.025831386283617,3.4850676283206563,,,,0,9,Top,,,,,,,5.59314139759018,-145.38157677099528,-5.829520648154662,-6.115363131076305,34.657699705212266,-10.382515345633728,3.280561024,1.655610236,,,,100.2,2536.0,6.5,823293,660710,664034,823550,592518,593428,669369,701538,665487,53.99,,,,,,,,59,3,4-Seam Fastball,0,4,4,0,4,0,4,0,Infield shade,Standard,203.0,0.001,-0.06,71.2,6.5,1.381298004,,0.06,,-4,4,0.015,0.985,27,30,28,31,1,3,7.0,2.0,1.0,1.0,0.83,0.34,-0.34,43.6,6.923467415832868,15.015071267462762,21.038811997193054,38.62049243816711,18.7283763860231,Four-seam,False
CH,2026-06-05,94.4,-1.93,6.19,"Miller, Mason",676724,695243,,ball,,,,,11.0,,R,L,R,SD,NYM,B,,,0,1,2026,-1.24,0.16,-1.8133239436305408,5.028635160037826,,,,0,9,Top,,,,,,,3.1184837364454743,-137.4688152151313,2.4250312214495615,-16.428399735278123,28.773559439868855,-30.90951715754417,3.280561024,1.655610236,,,,94.9,2207.0,6.4,823293,660710,664034,823550,592518,593428,669369,701538,665487,54.07,,,,,,,,59,2,Changeup,0,4,4,0,4,0,4,0,Infield shade,Standard,231.0,0.0,0.029,,,,,-0.029,,-4,4,0.015,0.985,27,30,28,31,1,3,7.0,2.0,1.0,1.0,2.39,1.24,-1.24,35.1,,,,,,Changeup,False
FF,2026-06-05,99.6,-1.76,6.31,"Miller, Mason",676724,695243,,foul,,,,,3.0,,R,L,R,SD,NYM,S,,,0,0,2026,-0.51,1.18,0.7858427178143578,2.7904122862206853,,,,0,9,Top,,,,,,,8.138456841666304,-144.78448202867557,-6.906171603346397,-8.974761170132584,32.932913534808286,-14.144883291120486,3.280561024,1.655610236,94.0,58.4,71.0,100.1,2562.0,6.5,823293,660710,664034,823550,592518,593428,669369,701538,665487,53.96,,,,,,,,59,1,4-Seam Fastball,0,4,4,0,4,0,4,0,Infield shade,Standard,210.0,0.0,-0.041,68.2,6.5,,,0.041,88.0,-4,4,0.015,0.985,27,30,28,31,1,3,7.0,2.0,1.0,1.0,1.12,0.51,-0.51,41.5,2.407607222221902,4.212732034765512,28.133397900547944,27.727933052139136,23.6647870298667,Four-seam,False
SL,2026-05-29,88.5,-1.52,6.29,"Miller, Mason",695734,695243,strikeout,swinging_strike,,,,,1.0,Daylen Lile strikes out swinging.,R,L,R,WSH,SD,S,2.0,,1,2,2026,0.6,-0.46,-0.3195261827419747,3.1553544028410534,,678554.0,,2,9,Bot,,,,,,,1.644174745441156,-128.89032319002794,-0.430044760577865,6.36549048502739,25.946304104700324,-37.41508259223832,3.180511811,1.60511811,,,,89.7,2215.0,6.9,822732,666023,664034,823550,592518,593428,657656,701538,665487,53.57,,0.0,0.0,1.0,0.0,0.0,,85,4,Slider,5,7,5,7,7,5,5,7,Infield shade,Standard,41.0,-0.05,-0.191,72.0,6.8,0.325151904,,0.191,,-2,-2,0.05,0.05,27,23,28,24,1,4,6.0,2.0,7.0,1.0,3.36,-0.6,0.6,40.8,7.225168874069979,6.6710246680523255,28.232690950346463,38.4015175134241,23.034982194682872,Slider,True
SL,2026-05-29,88.5,-1.63,6.24,"Miller, Mason",695734,695243,,blocked_ball,,,,,13.0,,R,L,R,WSH,SD,B,,,0,2,2026,0.89,-0.34,-0.4196034585962828,0.3166350844921042,,678554.0,,2,9,Bot,,,,,,,1.0437645384145962,-128.7538624525816,-7.421375765142743,9.68124518467334,26.942452131316447,-34.63866371397236,3.180511811,1.60511811,,,,89.5,2423.0,6.9,822732,666023,664034,823550,592518,593428,657656,701538,665487,53.57,,,,,,,,85,3,Slider,5,7,5,7,7,5,5,7,Infield shade,Standard,37.0,0.0,0.01,,,,,-0.01,,-2,-2,0.05,0.05,27,23,28,24,1,4,6.0,2.0,7.0,1.0,3.26,-0.89,0.89,41.6,,,,,,Slider,False
FF,2026-05-29,101.2,-1.61,6.39,"Miller, Mason",695734,695243,,foul_tip,,,,,3.0,,R,L,R,WSH,SD,S,,,0,1,2026,-0.26,1.15,0.3454920874530102,3.1094860163357256,,,678554.0,2,9,Bot,,,,,,,6.074995625912064,-147.35093964035755,-6.545117224187494,-5.1157415155901775,31.850461203074723,-14.037383437889275,3.180511811,1.60511811,,,,102.7,2494.0,6.9,822732,666023,664034,823550,592518,593428,657656,701538,665487,53.65,,,,,,,,85,2,4-Seam Fastball,5,7,5,7,7,5,5,7,Infield shade,Standard,197.0,0.004,-0.061,67.3,6.5,,,0.061,,-2,-2,0.046,0.046,27,23,28,24,1,4,6.0,2.0,7.0,1.0,1.06,0.26,-0.26,43.3,5.509501514242263,11.612451307570463,36.67211652919604,30.338789553604023,17.71682547900349,Four-seam,False
SL,2026-05-29,87.4,-1.65,6.31,"Miller, Mason",695734,695243,,called_strike,,,,,5.0,,R,L,R,WSH,SD,S,,,0,0,2026,1.12,-0.16,0.0579361011541582,2.4898299808652085,,,678554.0,2,9,Bot,,,,,,,1.730137945111463,-127.23740909220868,-2.4952874993985334,11.75060788619782,26.817961876268885,-33.64825873442202,3.180511811,1.60511811,,,,88.3,2329.0,6.9,822732,666023,664034,823550,592518,593428,657656,701538,665487,53.63,,,,,,,,85,1,Slider,5,7,5,7,7,5,5,7,Infield shade,Standard,40.0,0.0,-0.041,,,,,0.041,,-2,-2,0.046,0.046,27,23,28,24,1,4,6.0,2.0,7.0,1.0,3.15,-1.12,1.12,41.1,,,,,,Slider,False
FF,2026-05-29,101.6,-1.53,6.39,"Miller, Mason",686611,695243,field_out,hit_into_play,,,,,3.0,Dylan Crews flies out to right fielder Fernando Tatis Jr.,R,R,R,WSH,SD,X,9.0,fly_ball,0,2,2026,-0.22,1.16,0.7650025952445896,2.7634512984294,,,678554.0,1,9,Bot,206.99,95.76,,,,,6.959545000527454,-147.8336507680917,-7.618987087600963,-4.747144441066682,31.41984953487469,-13.525527168061595,3.165592192,1.597588583,324.0,92.9,35.0,103.3,2445.0,6.9,822732,666023,664034,823550,592518,593428,657656,701538,665487,53.55,0.057,0.092,0.0,1.0,0.0,0.0,3.0,84,3,4-Seam Fastball,5,7,5,7,7,5,5,7,Standard,Standard,198.0,-0.04,-0.165,69.9,7.2,,0.162,0.165,92.9,-2,-2,0.086,0.086,27,24,28,24,1,4,6.0,3.0,7.0,1.0,1.03,0.22,0.22,44.7,-6.99066350313273,4.3395117956575024,23.25363661033184,43.88032643415549,17.69926480715321,Four-seam,True
SL,2026-05-29,87.5,-1.56,6.27,"Miller, Mason",686611,695243,,foul,,,,,9.0,,R,R,R,WSH,SD,S,,,0,1,2026,0.61,-0.62,0.3292317764841767,1.8596375642090055,,,678554.0,1,9,Bot,,,,,,,3.2387076883775627,-127.48566297076624,-2.9622616126750323,5.984688124094765,26.97878445638135,-38.56539249930159,3.165592192,1.597588583,2.0,59.4,-46.0,88.5,2246.0,6.9,822732,666023,664034,823550,592518,593428,657656,701538,665487,53.59,,,,,,,,84,2,Slider,5,7,5,7,7,5,5,7,Standard,Standard,40.0,-0.016,-0.058,75.4,8.6,,,0.058,88.0,-2,-2,0.102,0.102,27,24,28,24,1,4,6.0,3.0,7.0,1.0,3.6,-0.61,-0.61,43.2,19.310318641342175,-24.831407215736633,24.377127657146872,39.80626887449473,46.656252323735025,Slider,False
SL,2026-05-29,87.3,-1.62,6.32,"Miller, Mason",686611,695243,,swinging_strike,,,,,9.0,,R,R,R,WSH,SD,S,,,0,0,2026,0.74,-0.28,0.347690231746063,1.747851235895125,,,678554.0,1,9,Bot,,,,,,,3.166556903605698,-127.11969002226223,-4.091343023252216,7.461890232988319,24.652970636205293,-34.67595935779781,3.165592192,1.597588583,,,,88.6,2294.0,6.9,822732,666023,664034,823550,592518,593428,657656,701538,665487,53.58,,,,,,,,84,1,Slider,5,7,5,7,7,5,5,7,Standard,Standard,45.0,-0.01,-0.037,68.0,8.9,23.264795184,,0.037,,-2,-2,0.112,0.112,27,24,28,24,1,4,6.0,3.0,7.0,1.0,3.26,-0.74,-0.74,41.6,23.9049770338482,-55.06220656144978,21.48396429808709,39.43108214497568,71.01836857465298,Slider,False
SL,2026-05-29,88.2,-1.63,6.29,"Miller, Mason",682928,695243,strikeout,called_strike,,,,,2.0,CJ Abrams called out on strikes.,R,L,R,WSH,SD,S,2.0,,1,2,2026,1.02,-0.63,0.0849138740242647,2.809206067076577,,,678554.0,0,9,Bot,,,,,,,1.9794015020987552,-128.46208225242353,-0.8079708369769693,10.815635498427207,27.327240073218064,-39.23130394257539,3.222637795,1.626377953,,,,89.1,2343.0,6.9,822732,666023,664034,823550,592518,593428,657656,701538,665487,53.65,,0.0,0.0,1.0,0.0,0.0,,83,5,Slider,5,7,5,7,7,5,5,7,Infield shade,Standard,34.0,-0.056,-0.173,,,,,0.173,,-2,-2,0.168,0.168,27,25,28,26,1,4,6.0,2.0,7.0,1.0,3.56,-1.02,1.02,41.7,,,,,,Slider,True
SL,2026-05-29,88.7,-1.44,6.28,"Miller, Mason",682928,695243,,foul,,,,,6.0,,R,L,R,WSH,SD,S,,,1,2,2026,0.6,-0.49,0.330382741797909,2.3614005611743405,,,678554.0,0,9,Bot,,,,,,,3.0161379282228267,-129.25595850360682,-2.2684200870689395,6.125714718993039,26.9513576479923,-37.45596303922987,3.222637795,1.626377953,255.0,100.1,17.0,89.6,2314.0,6.8,822732,666023,664034,823550,592518,593428,657656,701538,665487,53.73,,,,,,,,83,4,Slider,5,7,5,7,7,5,5,7,Infield shade,Standard,36.0,0.0,0.0,71.9,8.7,,,0.0,100.1,-2,-2,0.168,0.168,27,25,28,26,1,4,6.0,2.0,7.0,1.0,3.38,-0.6,0.6,39.3,19.658321705661415,-31.86464611214797,22.973584856161477,36.43439328925109,43.60200571363258,Slider,False
SL,2026-05-29,87.9,-1.56,6.27,"Miller, Mason",682928,695243,,called_strike,,,,,12.0,,R,L,R,WSH,SD,S,,,1,1,2026,0.76,-0.36,0.1949615105802576,3.3827981745337596,,,678554.0,0,9,Bot,,,,,,,2.6343699891806587,-128.06413273209478,0.0430849546329681,7.830622440694356,25.494781056373675,-36.390760666453296,3.222637795,1.626377953,,,,89.0,2378.0,6.8,822732,666023,664034,823550,592518,593428,657656,701538,665487,53.7,,,,,,,,83,3,Slider,5,7,5,7,7,5,5,7,Infield shade,Standard,32.0,-0.02,-0.054,,,,,0.054,,-2,-2,0.188,0.188,27,25,28,26,1,4,6.0,2.0,7.0,1.0,3.3,-0.76,0.76,41.4,,,,,,Slider,False
FF,2026-05-29,100.1,-1.64,6.38,"Miller, Mason",682928,695243,,foul,,,,,12.0,,R,L,R,WSH,SD,S,,,1,0,2026,-0.25,1.06,0.3675064653092459,3.4894210138489345,,,678554.0,0,9,Bot,,,,,,,6.12645156209095,-145.73788332916104,-5.056342028148304,-4.8814433732590805,32.09900440654856,-16.005993933631725,3.222637795,1.626377953,287.0,82.6,44.0,101.4,2333.0,6.8,822732,666023,664034,823550,592518,593428,657656,701538,665487,53.66,,,,,,,,83,2,4-Seam Fastball,5,7,5,7,7,5,5,7,Infield shade,Standard,208.0,-0.018,-0.052,76.6,7.9,,,0.052,88.0,-2,-2,0.206,0.206,27,25,28,26,1,4,6.0,2.0,7.0,1.0,1.2,0.25,-0.25,44.6,16.984427110413854,-15.680137525974532,16.804139408043692,35.604552840439155,34.51704758685039,Four-seam,False
SL,2026-05-29,87.2,-1.79,6.3,"Miller, Mason",682928,695243,,ball,,,,,11.0,,R,L,R,WSH,SD,B,,,0,0,2026,0.85,-0.18,-1.744198971211269,4.607783081553654,,,678554.0,0,9,Bot,,,,,,,-1.6787832701722922,-126.9040377984496,2.650050069674899,9.564461104723328,26.394801462646644,-34.8465504463188,3.222637795,1.626377953,,,,87.6,2254.0,6.5,822732,666023,664034,823550,592518,593428,657656,701538,665487,53.96,,,,,,,,83,1,Slider,5,7,5,7,7,5,5,7,Infield shade,Standard,30.0,0.014,0.037,,,,,-0.037,,-2,-2,0.192,0.192,27,25,28,26,1,4,6.0,2.0,7.0,1.0,3.18,-0.85,0.85,40.4,,,,,,Slider,False
FF,2026-05-29,99.8,-1.52,6.33,"Miller, Mason",678554,695243,walk,ball,,,,,14.0,Curtis Mead walks.,R,R,R,WSH,SD,B,,,3,1,2026,-0.31,1.04,1.143824400606961,1.1379189148801545,,,,0,9,Bot,,,,,,,8.042401951767781,-144.9237987463307,-11.251790036650323,-6.064717337045707,29.517172454481223,-15.200696167886894,3.247211286,1.638779528,,,,101.1,2493.0,6.8,822732,666023,664034,823550,592518,593428,657656,701538,665487,53.67,,0.698418,0.7,1.0,0.0,0.0,,82,5,4-Seam Fastball,5,7,5,7,7,5,5,7,Standard,Standard,205.0,0.058,0.258,,,,,-0.258,,-2,-2,0.134,0.134,27,25,28,26,1,4,6.0,2.0,7.0,1.0,1.24,0.31,0.31,42.9,,,,,,Four-seam,True
SL,2026-05-29,86.4,-1.63,6.37,"Miller, Mason",678554,695243,,ball,,,,,11.0,,R,R,R,WSH,SD,B,,,2,1,2026,1.26,-0.04,-1.7988170815980808,5.536210932125863,,,,0,9,Bot,,,,,,,-3.042403960415334,-125.63518222472445,4.501916498591943,13.959024330768488,26.193526930390664,-33.72039904105415,3.247211286,1.638779528,,,,86.9,2242.0,6.7,822732,666023,664034,823550,592518,593428,657656,701538,665487,53.79,,,,,,,,82,4,Slider,5,7,5,7,7,5,5,7,Strategic,Standard,39.0,0.029,0.137,,,,,-0.137,,-2,-2,0.105,0.105,27,25,28,26,1,4,6.0,2.0,7.0,1.0,3.1,-1.26,-1.26,42.9,,,,,,Slider,False
FF,2026-05-29,100.4,-1.45,6.38,"Miller, Mason",678554,695243,,called_strike,,,,,14.0,,R,R,R,WSH,SD,S,,,2,0,2026,-0.21,1.31,0.940432250453232,2.0162476760985246,,,,0,9,Bot,,,,,,,7.09446297688398,-145.75349656711265,-9.702049512322846,-4.576677451119307,33.68297819148103,-11.352019354729494,3.247211286,1.638779528,,,,101.4,2433.0,6.9,822732,666023,664034,823550,592518,593428,657656,701538,665487,53.6,,,,,,,,82,3,4-Seam Fastball,5,7,5,7,7,5,5,7,Standard,Standard,200.0,-0.019,-0.073,,,,,0.073,,-2,-2,0.124,0.124,27,25,28,26,1,4,6.0,2.0,7.0,1.0,0.96,0.21,0.21,42.3,,,,,,Four-seam,False
FF,2026-05-29,99.9,-1.6,6.44,"Miller, Mason",678554,695243,,ball,,,,,11.0,,R,R,R,WSH,SD,B,,,1,0,2026,0.02,1.43,-0.1533342183276219,4.568619968739484,,,,0,9,Bot,,,,,,,3.908474276778557,-145.47569667558471,-3.0563748878139334,-0.6165808888790453,34.97559402044254,-11.406942065037118,3.247211286,1.638779528,,,,100.8,2442.0,6.8,822732,666023,664034,823550,592518,593428,657656,701538,665487,53.69,,,,,,,,82,2,4-Seam Fastball,5,7,5,7,7,5,5,7,Standard,Standard,191.0,0.019,0.082,,,,,-0.082,,-2,-2,0.105,0.105,27,25,28,26,1,4,6.0,2.0,7.0,1.0,0.86,-0.02,-0.02,44.4,,,,,,Four-seam,False
FF,2026-05-29,99.9,-1.63,6.45,"Miller, Mason",678554,695243,,ball,,,,,11.0,,R,R,R,WSH,SD,B,,,0,0,2026,-0.2,1.28,-0.7725528119032262,4.530123847771755,,,,0,9,Bot,,,,,,,2.829564298219401,-145.479261591722,-2.845504427136247,-3.428998260319351,33.2908125111119,-13.580262788474236,3.247211286,1.638779528,,,,100.9,2492.0,6.7,822732,666023,664034,823550,592518,593428,657656,701538,665487,53.76,,,,,,,,82,1,4-Seam Fastball,5,7,5,7,7,5,5,7,Standard,Standard,196.0,0.01,0.042,,,,,-0.042,,-2,-2,0.095,0.095,27,25,28,26,1,4,6.0,2.0,7.0,1.0,1.0,0.2,0.2,43.1,,,,,,Four-seam,False
FF,2026-05-29,101.1,-1.61,6.47,"Miller, Mason",671277,695243,field_out,hit_into_play,,,,,7.0,Luis García Jr. lines out sharply to left fielder Ramón Laureano.,R,L,R,WSH,SD,X,7.0,line_drive,3,2,2026,-0.23,1.34,-0.417546192015759,2.0712992987746413,677588.0,686452.0,695578.0,2,8,Bot,49.4,82.31,,,,,3.881547880710966,-147.0517616208182,-10.056848645048252,-4.210694949131823,31.77725799926277,-10.53457266314662,3.248088911,1.639222441,344.0,101.6,20.0,102.3,2458.0,6.8,822732,666023,664034,823550,592518,593428,657656,701538,665487,53.75,0.506,0.642,0.0,1.0,0.0,0.0,5.0,77,7,4-Seam Fastball,5,7,5,7,7,5,5,7,Standard,Standard,199.0,-0.178,-0.284,74.0,7.2,,1.037,0.284,101.6,-2,-2,0.254,0.254,27,26,28,26,1,4,6.0,2.0,7.0,1.0,0.87,0.23,-0.23,43.8,-2.7175697897539366,11.918366568549592,30.07002184133883,40.589857909987664,22.94998141349824,Four-seam,True
SL,2026-05-29,87.0,-1.8,6.31,"Miller, Mason",671277,695243,,ball,,,,,11.0,,R,L,R,WSH,SD,B,,,2,2,2026,0.77,-0.33,-1.8442311941066123,3.560595678009713,677588.0,686452.0,695578.0,2,8,Bot,,,,,,,-1.7478910535518473,-126.84780372086814,0.3989956667760475,8.743266811055774,24.029733875036037,-36.010873323299364,3.248088911,1.639222441,,,,88.1,2215.0,6.7,822732,666023,664034,823550,592518,593428,657656,701538,665487,53.79,,,,,,,,77,6,Slider,5,7,5,7,7,5,5,7,Standard,Standard,35.0,0.044,0.082,,,,,-0.082,,-2,-2,0.21,0.21,27,26,28,26,1,4,6.0,2.0,7.0,1.0,3.31,-0.77,0.77,40.9,,,,,,Slider,False
SL,2026-05-29,89.1,-1.54,6.25,"Miller, Mason",671277,695243,,foul,,,,,9.0,,R,L,R,WSH,SD,S,,,2,2,2026,0.99,-0.41,0.7421793960060462,2.126051960149394,677588.0,686452.0,695578.0,2,8,Bot,,,,,,,3.4584271127349298,-129.80644468831102,-3.019483921088451,10.48908872062426,26.297700337087,-36.46329287400575,3.248088911,1.639222441,5.0,76.1,-25.0,90.1,2411.0,6.8,822732,666023,664034,823550,592518,593428,657656,701538,665487,53.74,,,,,,,,77,5,Slider,5,7,5,7,7,5,5,7,Standard,Standard,37.0,0.0,0.0,76.7,8.1,,,0.0,88.0,-2,-2,0.21,0.21,27,26,28,26,1,4,6.0,2.0,7.0,1.0,3.27,-0.99,0.99,39.6,14.54561898111231,-24.17472901352872,24.101884810523316,29.654928754647607,46.36815184416395,Slider,False
SL,2026-05-29,88.6,-1.71,6.23,"Miller, Mason",671277,695243,,swinging_strike,,,,,14.0,,R,L,R,WSH,SD,S,,,2,1,2026,0.93,-0.43,0.1079091639387922,1.1936254308408496,677588.0,686452.0,695578.0,2,8,Bot,,,,,,,2.412784553193846,-129.0075162614034,-5.128327254847212,9.942145827487517,26.26146199066004,-36.12358083736981,3.248088911,1.639222441,,,,89.5,2400.0,6.7,822732,666023,664034,823550,592518,593428,657656,701538,665487,53.75,,,,,,,,77,4,Slider,5,7,5,7,7,5,5,7,Standard,Standard,41.0,-0.037,-0.087,72.9,8.7,2.381381172,,0.087,,-2,-2,0.247,0.247,27,26,28,26,1,4,6.0,2.0,7.0,1.0,3.32,-0.93,0.93,39.6,18.096043485497265,-26.913561275039037,31.942182092490064,37.6319509785776,49.029552698880536,Slider,False
FF,2026-05-29,100.8,-1.67,6.45,"Miller, Mason",671277,695243,,called_strike,,,,,5.0,,R,L,R,WSH,SD,S,,,2,0,2026,-0.53,1.23,-0.1306095485822471,2.3210552482450817,677588.0,686452.0,695578.0,2,8,Bot,,,,,,,5.560796480225069,-146.6304768511825,-9.001621793895007,-8.889184576711598,31.50315869177659,-12.478065387206732,3.248088911,1.639222441,,,,102.2,2514.0,6.9,822732,666023,664034,823550,592518,593428,657656,701538,665487,53.65,,,,,,,,77,3,4-Seam Fastball,5,7,5,7,7,5,5,7,Standard,Standard,212.0,-0.027,-0.058,,,,,0.058,,-2,-2,0.274,0.274,27,26,28,26,1,4,6.0,2.0,7.0,1.0,0.99,0.53,-0.53,42.9,,,,,,Four-seam,False
FF,2026-05-29,101.1,-1.62,6.4,"Miller, Mason",671277,695243,,ball,,,,,14.0,,R,L,R,WSH,SD,B,,,1,0,2026,-0.32,1.25,1.069339960280439,1.9676923206738757,677588.0,686452.0,695578.0,2,8,Bot,,,,,,,8.250559348765714,-146.84980932442838,-9.925049099891394,-6.5178856269080425,33.31354699236763,-11.830953158474673,3.248088911,1.639222441,,,,102.3,2374.0,6.9,822732,666023,664034,823550,592518,593428,657656,701538,665487,53.56,,,,,,,,77,2,4-Seam Fastball,5,7,5,7,7,5,5,7,Standard,Standard,204.0,0.027,0.067,,,,,-0.067,,-2,-2,0.247,0.247,27,26,28,26,1,4,6.0,2.0,7.0,1.0,0.98,0.32,-0.32,40.1,,,,,,Four-seam,False
SL,2026-05-29,86.7,-1.62,6.35,"Miller, Mason",671277,695243,,ball,,,,,11.0,,R,L,R,WSH,SD,B,,,0,0,2026,0.76,-0.44,-1.340917593449094,3.0021114302810763,677588.0,686452.0,695578.0,2,8,Bot,,,,,,,-0.9407170330166272,-126.30818256278884,-0.6499314319781938,8.361681138748812,26.91403832678564,-36.98391320094408,3.248088911,1.639222441,,,,87.1,2245.0,6.6,822732,666023,664034,823550,592518,593428,657656,701538,665487,53.92,,,,,,,,77,1,Slider,5,7,5,7,7,5,5,7,Standard,Standard,40.0,0.013,0.029,,,,,-0.029,,-2,-2,0.234,0.234,27,26,28,26,1,4,6.0,2.0,7.0,1.0,3.48,-0.76,0.76,43.9,,,,,,Slider,False
SL,2026-05-29,87.1,-1.76,6.38,"Miller, Mason",695578,695243,walk,ball,,,,,13.0,James Wood walks. Drew Millas to 2nd.,R,L,R,WSH,SD,B,,,3,2,2026,0.65,-0.3,-1.1145907173058618,2.4275877568470943,677588.0,,686452.0,2,8,Bot,,,,,,,0.1790264609722656,-126.86270548391218,-2.4850453491259668,6.946386199756144,26.04052327168808,-35.15683490637252,3.488558071,1.760580709,,,,87.7,2271.0,6.6,822732,666023,664034,823550,592518,593428,657656,701538,665487,53.86,,0.698418,0.7,1.0,0.0,0.0,,76,6,Slider,5,7,5,7,7,5,5,7,Standard,Strategic,28.0,0.054,0.166,,,,,-0.166,,-2,-2,0.18,0.18,27,23,28,24,1,4,6.0,2.0,7.0,1.0,3.3,-0.65,0.65,38.3,,,,,,Slider,True
FF,2026-05-29,101.8,-1.6,6.46,"Miller, Mason",695578,695243,,ball,,,,,11.0,,R,L,R,WSH,SD,B,,,2,2,2026,-0.35,1.2,-0.8892485415692549,4.5644200381573015,677588.0,,686452.0,2,8,Bot,,,,,,,2.8605056575220305,-148.24107440558865,-2.84767094291551,-5.869745452645684,34.458439288654596,-13.94723288410974,3.488558071,1.760580709,,,,102.9,2444.0,6.8,822732,666023,664034,823550,592518,593428,657656,701538,665487,53.72,,,,,,,,76,5,4-Seam Fastball,5,7,5,7,7,5,5,7,Standard,Strategic,196.0,0.024,0.04,,,,,-0.04,,-2,-2,0.156,0.156,27,23,28,24,1,4,6.0,2.0,7.0,1.0,0.99,0.35,-0.35,43.8,,,,,,Four-seam,False
SL,2026-05-29,88.4,-1.77,6.28,"Miller, Mason",695578,695243,,swinging_strike_blocked,,,,,14.0,,R,L,R,WSH,SD,S,,,2,1,2026,0.96,-0.42,2.131939002950137,0.5680262895395396,677588.0,,686452.0,2,8,Bot,,,,,,,7.398438815444953,-128.46270083516592,-6.673485206062504,9.022362741507216,27.095986318481746,-35.59187938963934,3.488558071,1.760580709,,,,89.0,2504.0,6.8,822732,666023,664034,823550,592518,593428,657656,701538,665487,53.74,,,,,,,,76,4,Slider,5,7,5,7,7,5,5,7,Infield shade,Strategic,43.0,-0.02,-0.062,57.6,9.1,24.95111844,,0.062,,-2,-2,0.176,0.176,27,23,28,24,1,4,6.0,2.0,7.0,1.0,3.35,-0.96,0.96,38.6,42.609176850551854,-61.506953671035795,41.387488480204325,14.319342208945574,71.8768895936238,Slider,False
SL,2026-05-29,87.8,-1.71,6.29,"Miller, Mason",695578,695243,,ball,,,,,12.0,,R,L,R,WSH,SD,B,,,1,1,2026,1.15,-0.33,0.8306198545101217,3.626413604139504,677588.0,,686452.0,2,8,Bot,,,,,,,3.6753572820182514,-127.9047441283516,0.5736112818279648,11.787282632003814,27.03922973967917,-36.117172483063214,3.488558071,1.760580709,,,,88.4,2460.0,6.6,822732,666023,664034,823550,592518,593428,657656,701538,665487,53.86,,,,,,,,76,3,Slider,5,7,5,7,7,5,5,7,Infield shade,Strategic,45.0,0.011,0.029,,,,,-0.029,,-2,-2,0.165,0.165,27,23,28,24,1,4,6.0,2.0,7.0,1.0,3.28,-1.15,1.15,39.3,,,,,,Slider,False
SL,2026-05-29,87.3,-1.83,6.32,"Miller, Mason",695578,695243,,called_strike,,,,,7.0,,R,L,R,WSH,SD,S,,,1,0,2026,0.85,-0.44,-0.7627890576145402,2.1898876979320847,677588.0,,686452.0,2,8,Bot,,,,,,,0.7567859075289924,-127.13471630278744,-2.647135937883185,9.087772043347975,26.039982222338985,-36.609719103936136,3.488558071,1.760580709,,,,87.7,2493.0,6.5,822732,666023,664034,823550,592518,593428,657656,701538,665487,54.0,,,,,,,,76,2,Slider,5,7,5,7,7,5,5,7,Standard,Strategic,40.0,-0.011,-0.029,,,,,0.029,,-2,-2,0.176,0.176,27,23,28,24,1,4,6.0,2.0,7.0,1.0,3.42,-0.85,0.85,37.3,,,,,,Slider,False
SL,2026-05-29,86.0,-2.02,6.36,"Miller, Mason",695578,695243,,ball,,,,,11.0,,R,L,R,WSH,SD,B,,,0,0,2026,0.81,-0.39,-1.6792060583810164,3.807415470637784,677588.0,,686452.0,2,8,Bot,,,,,,,-0.8789522860866583,-125.321315731063,1.1593526666131182,8.717808157198572,24.840128735460542,-36.68649310628628,3.488558071,1.760580709,,,,86.4,2358.0,6.5,822732,666023,664034,823550,592518,593428,657656,701538,665487,54.05,,,,,,,,76,1,Slider,5,7,5,7,7,5,5,7,Standard,Strategic,40.0,0.006,0.016,,,,,-0.016,,-2,-2,0.17,0.17,27,23,28,24,1,4,6.0,2.0,7.0,1.0,3.45,-0.81,0.81,38.3,,,,,,Slider,False
FF,2026-05-23,100.8,-1.39,6.25,"Miller, Mason",643446,695243,field_out,hit_into_play,,,,,3.0,"Jeff McNeil grounds out, first baseman Ty France to pitcher Mason Miller.",R,L,R,SD,ATH,X,3.0,ground_ball,1,0,2026,-0.45,1.5,0.7885720794173914,2.785143991100399,,,,2,9,Top,157.08,161.21,,,,,7.132339644922846,-146.5293328155612,-7.750859076588841,-8.154939878547404,35.78069300493219,-8.893179970634149,3.213861549,1.621948819,70.0,74.0,5.0,101.7,2513.0,6.9,823300,666023,664034,665487,592518,823550,657757,701538,669369,53.61,0.218,0.202,0.0,1.0,0.0,0.0,2.0,70,2,4-Seam Fastball,2,0,0,2,0,2,0,2,Standard,Standard,200.0,0.014,-0.303,70.8,6.5,,0.26,0.303,88.0,2,-2,0.986,0.014,27,34,28,34,1,3,4.0,1.0,6.0,1.0,0.75,0.45,-0.45,43.3,0.2310037059643602,-9.383335065565737,38.06284776831036,24.85532385972809,23.258958460193544,Four-seam,True
SL,2026-05-23,87.6,-1.72,6.17,"Miller, Mason",643446,695243,,ball,,,,,11.0,,R,L,R,SD,ATH,B,,,0,0,2026,0.83,-0.43,-0.9909772209398334,3.5978463646168573,,,,2,9,Top,,,,,,,-0.0300669438964987,-127.56345709063196,1.0795831822788269,9.051232758136688,28.615376845053483,-37.28637744099392,3.213861549,1.621948819,,,,87.9,2375.0,6.6,823300,666023,664034,665487,592518,823550,657757,701538,669369,53.87,,,,,,,,70,1,Slider,2,0,0,2,0,2,0,2,Infield shade,Standard,43.0,-0.002,0.041,,,,,-0.041,,2,-2,0.988,0.012,27,34,28,34,1,3,4.0,1.0,6.0,1.0,3.42,-0.83,0.83,37.4,,,,,,Slider,False
FF,2026-05-23,101.6,-1.3,6.28,"Miller, Mason",703607,695243,strikeout,swinging_strike,,,,,9.0,Henry Bolte strikes out swinging.,R,R,R,SD,ATH,S,2.0,,1,2,2026,-0.43,1.39,0.6524823281204817,1.9333492156467789,,,,1,9,Top,,,,,,,6.471936707754247,-147.58842556082405,-10.060580599573852,-7.812793193849784,35.81447231891508,-9.644045474212398,3.332340879,1.681742126,,,,102.2,2480.0,6.7,823300,666023,664034,665487,592518,823550,657757,701538,669369,53.76,,0.0,0.0,1.0,0.0,0.0,,69,4,4-Seam Fastball,2,0,0,2,0,2,0,2,Standard,Standard,196.0,0.018,-0.182,73.7,7.0,0.843259224,,0.182,,2,-2,0.97,0.03,27,22,28,23,1,3,4.0,1.0,6.0,1.0,0.83,0.43,0.43,44.8,-15.418164800442272,30.71333681338836,40.3383954905215,43.475035652902555,-0.0422972132607153,Four-seam,True
FF,2026-05-23,102.8,-1.22,6.37,"Miller, Mason",703607,695243,,ball,,,,,12.0,,R,R,R,SD,ATH,B,,,0,2,2026,-0.66,1.31,0.4067271119709993,4.589410981547023,,,,1,9,Top,,,,,,,6.2090857323285285,-149.60456881062663,-2.888753323435248,-11.39821824259604,38.806688836461,-12.04613411289892,3.332340879,1.681742126,,,,103.2,2372.0,6.7,823300,666023,664034,665487,592518,823550,657757,701538,669369,53.82,,,,,,,,69,3,4-Seam Fastball,2,0,0,2,0,2,0,2,Standard,Standard,199.0,-0.003,0.019,,,,,-0.019,,2,-2,0.973,0.027,27,22,28,23,1,3,4.0,1.0,6.0,1.0,0.86,0.66,0.66,46.2,,,,,,Four-seam,False
SL,2026-05-23,88.4,-1.45,6.15,"Miller, Mason",703607,695243,,swinging_strike,,,,,13.0,,R,R,R,SD,ATH,S,,,0,1,2026,0.94,-0.5,-0.0129437771442048,1.2047773744605657,,,,1,9,Top,,,,,,,1.4549844297256371,-128.54526765594278,-4.557685485151958,9.987321854237482,30.958416490609753,-36.81573737956935,3.332340879,1.681742126,,,,88.2,2410.0,6.6,823300,666023,664034,665487,592518,823550,657757,701538,669369,53.93,,,,,,,,69,2,Slider,2,0,0,2,0,2,0,2,Standard,Standard,38.0,0.006,-0.057,72.6,8.8,3.2756868,,0.057,,2,-2,0.967,0.033,27,22,28,23,1,3,4.0,1.0,6.0,1.0,3.46,-0.94,-0.94,38.8,23.45553025105191,-27.82912513762979,36.228113403218714,34.620796535705836,44.434741393198536,Slider,False
SL,2026-05-23,88.0,-1.4,6.28,"Miller, Mason",703607,695243,,called_strike,,,,,3.0,,R,R,R,SD,ATH,S,,,0,0,2026,0.97,-0.36,0.6626553778504822,2.8986902300903585,,,,1,9,Top,,,,,,,2.903004452928901,-128.06317757210644,-1.02964067106358,9.84826135839822,30.258143455658622,-36.06169208232683,3.332340879,1.681742126,,,,88.1,2313.0,6.7,823300,666023,664034,665487,592518,823550,657757,701538,669369,53.82,,,,,,,,69,1,Slider,2,0,0,2,0,2,0,2,Standard,Standard,36.0,0.004,-0.041,,,,,0.041,,2,-2,0.963,0.037,27,22,28,23,1,3,4.0,1.0,6.0,1.0,3.33,-0.97,-0.97,42.1,,,,,,Slider,False
FF,2026-05-23,101.8,-1.26,6.28,"Miller, Mason",680869,695243,strikeout,swinging_strike,,,,,9.0,Zack Gelof strikes out swinging.,R,R,R,SD,ATH,S,2.0,,3,2,2026,-0.42,1.39,0.7580679763422143,2.084432917296835,,,,0,9,Top,,,,,,,6.680656913391762,-147.8397082994345,-9.67565750432717,-7.83818647357911,36.240808071498314,-9.649009836185993,3.291970144,1.66136811,,,,102.4,2390.0,6.8,823300,666023,664034,665487,592518,823550,657757,701538,669369,53.72,,0.0,0.0,1.0,0.0,0.0,,68,7,4-Seam Fastball,2,0,0,2,0,2,0,2,Standard,Standard,192.0,0.051,-0.346,71.0,6.1,0.357389292,,0.346,,2,-2,0.912,0.088,27,26,28,27,1,3,4.0,1.0,6.0,1.0,0.82,0.42,0.42,43.1,-5.6346805929082056,46.42460809977998,33.53254986438712,47.195004239975546,-2.8687175394706372,Four-seam,True
SL,2026-05-23,88.0,-1.5,6.09,"Miller, Mason",680869,695243,,ball,,,,,1.0,,R,R,R,SD,ATH,B,,,2,2,2026,1.08,-0.32,-0.662683540389648,3.4055097893281667,,,,0,9,Top,,,,,,,-0.2711993190582161,-128.08196718716056,0.5321575707388713,11.856388102329632,29.11932279486407,-36.07808958803216,3.291970144,1.66136811,,,,88.3,2281.0,6.7,823300,666023,664034,665487,592518,823550,657757,701538,669369,53.79,,,,,,,,68,6,Slider,2,0,0,2,0,2,0,2,Standard,Standard,43.0,-0.018,0.113,,,,,-0.113,,2,-2,0.93,0.07,27,26,28,27,1,3,4.0,1.0,6.0,1.0,3.29,-1.08,-1.08,39.6,,,,,,Slider,False
FF,2026-05-23,101.4,-1.4,6.3,"Miller, Mason",680869,695243,,foul,,,,,5.0,,R,R,R,SD,ATH,S,,,2,2,2026,-0.3,1.28,0.0017531458952877,2.2303794867914934,,,,0,9,Top,,,,,,,4.640807531219148,-147.4589225547735,-9.087536265068785,-5.344204433048326,32.01452632820186,-11.529374757623724,3.291970144,1.66136811,306.0,92.9,27.0,103.0,2427.0,7.0,823300,666023,664034,665487,592518,823550,657757,701538,669369,53.54,,,,,,,,68,5,4-Seam Fastball,2,0,0,2,0,2,0,2,Standard,Standard,201.0,0.0,0.0,69.0,6.4,,,0.0,92.9,2,-2,0.93,0.07,27,26,28,27,1,3,4.0,1.0,6.0,1.0,0.92,0.3,0.3,43.3,-0.0275488265997787,24.200147395920947,33.556314689755816,36.79595779033005,15.76417225212366,Four-seam,False
FF,2026-05-23,100.7,-1.49,6.23,"Miller, Mason",680869,695243,,called_strike,,,,,1.0,,R,R,R,SD,ATH,S,,,2,1,2026,-0.51,1.38,-0.4406088744395243,3.233046316285083,,,,0,9,Top,,,,,,,4.135958498878001,-146.63646339393432,-6.208163940555062,-8.255337043543635,33.10929993696175,-10.953268564375778,3.291970144,1.66136811,,,,101.9,2540.0,6.8,823300,666023,664034,665487,592518,823550,657757,701538,669369,53.69,,,,,,,,68,4,4-Seam Fastball,2,0,0,2,0,2,0,2,Standard,Standard,199.0,0.014,-0.078,,,,,0.078,,2,-2,0.916,0.084,27,26,28,27,1,3,4.0,1.0,6.0,1.0,0.85,0.51,0.51,41.6,,,,,,Four-seam,False
SL,2026-05-23,87.9,-1.46,6.19,"Miller, Mason",680869,695243,,ball,,,,,14.0,,R,R,R,SD,ATH,B,,,1,1,2026,1.09,-0.24,1.3868658189478174,1.2233520661462136,,,,0,9,Top,,,,,,,4.547096464435521,-127.79488793081316,-5.114420980925731,10.766405579931394,29.203158899712673,-33.88374164360897,3.291970144,1.66136811,,,,88.4,2513.0,6.9,823300,666023,664034,665487,592518,823550,657757,701538,669369,53.61,,,,,,,,68,3,Slider,2,0,0,2,0,2,0,2,Standard,Standard,37.0,-0.01,0.063,,,,,-0.063,,2,-2,0.926,0.074,27,26,28,27,1,3,4.0,1.0,6.0,1.0,3.23,-1.09,-1.09,39.8,,,,,,Slider,False
FF,2026-05-23,100.4,-1.47,6.29,"Miller, Mason",680869,695243,,called_strike,,,,,2.0,,R,R,R,SD,ATH,S,,,1,0,2026,-0.4,1.5,0.005017281401241,3.088804366121881,,,,0,9,Top,,,,,,,5.0549111081210425,-146.05779350724262,-6.96261684967714,-6.998455690519469,35.44854746409194,-9.257407769075748,3.291970144,1.66136811,,,,101.4,2486.0,6.9,823300,666023,664034,665487,592518,823550,657757,701538,669369,53.59,,,,,,,,68,2,4-Seam Fastball,2,0,0,2,0,2,0,2,Standard,Standard,202.0,0.01,-0.055,,,,,0.055,,2,-2,0.916,0.084,27,26,28,27,1,3,4.0,1.0,6.0,1.0,0.77,0.4,0.4,42.9,,,,,,Four-seam,False
SL,2026-05-23,86.7,-1.7,6.17,"Miller, Mason",680869,695243,,ball,,,,,11.0,,R,R,R,SD,ATH,B,,,0,0,2026,1.25,0.04,-0.1480129066186888,4.01614277874081,,,,0,9,Top,,,,,,,1.0490747711652284,-126.18997413106028,1.260685412760565,12.965697749951936,30.13948518309932,-32.34543697782805,3.291970144,1.66136811,,,,86.5,2279.0,6.6,823300,666023,664034,665487,592518,823550,657757,701538,669369,53.93,,,,,,,,68,1,Slider,2,0,0,2,0,2,0,2,Standard,Standard,40.0,-0.008,0.042,,,,,-0.042,,2,-2,0.924,0.076,27,26,28,27,1,3,4.0,1.0,6.0,1.0,3.04,-1.25,-1.25,38.4,,,,,,Slider,False
FF,2026-05-19,101.5,-1.21,6.26,"Miller, Mason",681624,695243,sac_fly,hit_into_play,,,,,11.0,"Padres challenged (tag play), call on the field was upheld: Andy Pages out on a sacrifice fly to right fielder Fernando Tatis Jr. Alex Call scores.",R,R,R,SD,LAD,X,9.0,fly_ball,2,2,2026,-0.33,1.34,-0.293311958439633,3.517166866473655,669743.0,,,1,9,Top,178.71,118.56,,,,,3.3749058345492142,-147.7787568860871,-5.490784529663233,-5.646093956864149,35.40411187770356,-11.506100030990265,3.23667979,1.633464567,275.0,84.6,27.0,102.6,2477.0,6.9,823302,666023,664034,823550,592518,593428,657656,701538,665487,53.64,,0.069,0.0,1.0,0.0,0.0,3.0,68,9,4-Seam Fastball,4,4,4,4,5,4,5,4,Strategic,Standard,203.0,-0.159,-0.009,66.0,6.4,,,0.009,88.0,0,0,0.353,0.647,27,25,28,26,1,3,1.0,1.0,4.0,1.0,0.88,0.33,0.33,43.7,0.6237451882002081,3.969539288811045,28.58771356064629,33.560538173158854,21.368975006838877,Four-seam,True
SL,2026-05-19,87.4,-1.39,6.14,"Miller, Mason",681624,695243,,foul,,,,,9.0,,R,R,R,SD,LAD,S,,,2,2,2026,0.77,-0.39,0.3982024913753723,1.8600851824686395,669743.0,,,1,9,Top,,,,,,,2.6512361629600276,-127.2062705706409,-3.0855272085644447,7.750973981923595,27.97478075158426,-35.92273690756437,3.23667979,1.633464567,108.0,69.6,73.0,88.2,2396.0,7.0,823302,666023,664034,823550,592518,593428,657656,701538,665487,53.53,,,,,,,,68,8,Slider,4,4,4,4,4,4,4,4,Strategic,Standard,39.0,0.0,0.0,70.8,8.1,,,0.0,88.0,0,0,0.353,0.647,27,25,28,26,1,3,1.0,1.0,4.0,1.0,3.39,-0.77,-0.77,39.8,10.816484286163169,-12.135220319602944,36.33716315345744,41.15232690504873,38.965918821459,Slider,False
SL,2026-05-19,87.0,-1.47,6.18,"Miller, Mason",681624,695243,,foul,,,,,1.0,,R,R,R,SD,LAD,S,,,2,2,2026,0.81,-0.57,-0.5205720369528088,3.031793481298621,669743.0,,,1,9,Top,,,,,,,0.5509814361471639,-126.72216987152936,0.0716600971988981,8.608190343792353,27.933207729843947,-38.49121594182176,3.23667979,1.633464567,119.0,77.5,80.0,87.7,2354.0,6.8,823302,666023,664034,823550,592518,593428,657656,701538,665487,53.66,,,,,,,,68,7,Slider,4,4,4,4,4,4,4,4,Strategic,Standard,41.0,0.0,0.0,70.7,7.5,,,0.0,88.0,0,0,0.353,0.647,27,25,28,26,1,3,1.0,1.0,4.0,1.0,3.59,-0.81,-0.81,40.0,14.034139067560382,-25.612774380297004,36.19281645427765,29.64199760266117,38.62768573878324,Slider,False
FF,2026-05-19,101.4,-1.36,6.13,"Miller, Mason",681624,695243,,foul,,,,,2.0,,R,R,R,SD,LAD,S,,,2,2,2026,-0.42,1.48,-0.1855616317007551,2.948487952600974,669743.0,,,1,9,Top,,,,,,,4.298917752274369,-147.5500246525613,-7.036600178059439,-7.095362872537455,35.62957891305965,-9.103588869068489,3.23667979,1.633464567,165.0,76.2,12.0,102.4,2504.0,6.9,823302,666023,664034,823550,592518,593428,657656,701538,665487,53.62,,,,,,,,68,6,4-Seam Fastball,4,4,4,4,4,4,4,4,Strategic,Standard,203.0,0.0,0.0,67.2,6.0,,,0.0,88.0,0,0,0.353,0.647,27,25,28,26,1,3,1.0,1.0,4.0,1.0,0.74,0.42,0.42,42.8,-16.111453666004156,19.099488404008746,41.2589007485618,34.624888712143985,12.792544281598062,Four-seam,False
SL,2026-05-19,89.0,-1.3,6.05,"Miller, Mason",681624,695243,,blocked_ball,,,,,14.0,,R,R,R,SD,LAD,B,,,1,2,2026,0.73,-0.38,2.8751896001404487,0.229523236950528,669743.0,,,1,9,Top,,,,,,,8.683798170105321,-129.09512932309207,-7.099277222511883,6.000293526703799,30.515961859487863,-34.907207070546704,3.23667979,1.633464567,,,,89.7,2404.0,7.2,823302,666023,664034,823550,592518,593428,657656,701538,665487,53.27,,,,,,,,68,5,Slider,4,4,4,4,4,4,4,4,Strategic,Standard,29.0,-0.028,0.014,,,,,-0.014,,0,0,0.381,0.619,27,25,28,26,1,3,1.0,1.0,4.0,1.0,3.31,-0.73,-0.73,42.4,,,,,,Slider,False
FF,2026-05-19,101.8,-1.35,6.25,"Miller, Mason",681624,695243,,foul,,,,,3.0,,R,R,R,SD,LAD,S,,,1,2,2026,-0.4,1.42,0.2845463589379625,3.2676883614782457,669743.0,,,1,9,Top,,,,,,,5.556717039113016,-147.97375043568195,-6.395675723510288,-7.192243841644763,36.84237174887001,-10.038168915067883,3.23667979,1.633464567,262.0,84.3,42.0,102.8,2713.0,7.0,823302,666023,664034,823550,592518,593428,657656,701538,665487,53.5,,,,,,,,68,4,4-Seam Fastball,4,4,4,4,4,4,4,4,Strategic,Standard,204.0,0.0,0.0,67.5,6.5,,,0.0,88.0,0,0,0.381,0.619,27,25,28,26,1,3,1.0,1.0,4.0,1.0,0.8,0.4,0.4,42.1,-2.097232074667047,10.927135415362754,32.38349438643343,40.28692620803882,18.97227689672334,Four-seam,False
FF,2026-05-19,101.9,-1.24,6.38,"Miller, Mason",681624,695243,,ball,,,,,12.0,,R,R,R,SD,LAD,B,,,0,2,2026,-0.11,1.56,0.1631255345921051,5.498988789102512,669743.0,,,1,9,Top,,,,,,,4.178889928382872,-148.26651078438388,-0.8509671148615702,-2.7392410540553915,38.768093486811765,-9.366504868325311,3.23667979,1.633464567,,,,102.0,2600.0,6.5,823302,666023,664034,823550,592518,593428,657656,701538,665487,53.95,,,,,,,,68,3,4-Seam Fastball,4,4,4,4,4,4,4,4,Strategic,Standard,199.0,-0.019,-0.002,,,,,0.002,,0,0,0.4,0.6,27,25,28,26,1,3,1.0,1.0,4.0,1.0,0.65,0.11,0.11,44.9,,,,,,Four-seam,False
FF,2026-05-19,100.8,-1.39,6.3,"Miller, Mason",681624,695243,,foul,,,,,11.0,,R,R,R,SD,LAD,S,,,0,1,2026,-0.45,1.28,-0.4579217889441765,3.589193365462216,669743.0,,,1,9,Top,,,,,,,3.697079190260883,-146.7291207153858,-5.1386670499885465,-7.41319468774165,36.72034216039604,-12.6665470485717,3.23667979,1.633464567,,,,101.6,2319.0,6.8,823302,666023,664034,823550,592518,593428,657656,701538,665487,53.67,,,,,,,,68,2,4-Seam Fastball,4,4,4,4,4,4,4,4,Strategic,Standard,204.0,0.047,-0.085,70.8,6.8,,,0.085,,0,0,0.353,0.647,27,25,28,26,1,3,1.0,1.0,4.0,1.0,0.97,0.45,0.45,45.1,8.415062741382796,-5.5354693821935,28.176787661534583,31.51211845089688,26.94110096886576,Four-seam,False
SL,2026-05-19,87.2,-1.46,6.06,"Miller, Mason",681624,695243,,foul,,,,,9.0,,R,R,R,SD,LAD,S,,,0,0,2026,1.19,-0.28,0.6796145213913176,2.1037201665459127,,,669743.0,1,9,Top,,,,,,,2.6056899709013064,-127.0164620226414,-2.516936885044901,12.219339128999437,28.406506308932247,-34.81054546460251,3.23667979,1.633464567,191.0,69.5,49.0,87.9,2402.0,6.9,823302,666023,664034,823550,592518,593428,657656,701538,665487,53.61,,,,,,,,68,1,Slider,4,4,4,4,4,4,4,4,Standard,Standard,40.0,0.011,-0.037,73.1,8.1,,,0.037,88.0,0,0,0.5,0.5,27,25,28,26,1,3,1.0,1.0,4.0,1.0,3.29,-1.19,-1.19,39.5,7.501856606467755,-4.770681686315087,38.57876477055209,45.6467575264963,29.169318413887886,Slider,False
SL,2026-05-19,86.8,-1.54,6.11,"Miller, Mason",571970,695243,walk,ball,,,,,13.0,"Max Muncy challenged (pitch result), call on the field was overturned: Max Muncy walks.",R,L,R,SD,LAD,B,,,3,2,2026,1.12,-0.55,-0.8439441733568476,1.38033818497393,,,,1,9,Top,,,,,,,-0.7053327164944121,-126.32818115895208,-3.7140358967980127,12.09923744118849,27.691237168883596,-37.42839299266837,3.127854331,1.578543307,,,,87.2,2472.0,6.7,823302,666023,664034,823550,592518,593428,657656,701538,665487,53.81,,0.698418,0.7,1.0,0.0,0.0,,67,6,Slider,4,4,4,4,4,4,4,4,Infield shade,Standard,37.0,-0.049,0.339,,,,,-0.339,,0,0,0.549,0.451,27,35,28,36,1,3,1.0,1.0,4.0,1.0,3.59,-1.12,1.12,38.3,,,,,,Slider,True
SL,2026-05-19,87.9,-1.27,6.14,"Miller, Mason",571970,695243,,ball,,,,,14.0,,R,L,R,SD,LAD,B,,,2,2,2026,1.24,-0.5,1.680352071811592,1.4420021076192897,,,,1,9,Top,,,,,,,4.504007890363701,-127.88851529498304,-3.957790967500219,12.50211812129716,28.473308442150216,-36.93648739527485,3.127854331,1.578543307,,,,88.8,2511.0,7.0,823302,666023,664034,823550,592518,593428,657656,701538,665487,53.49,,,,,,,,67,5,Slider,4,4,4,4,4,4,4,4,Infield shade,Standard,35.0,-0.016,0.112,,,,,-0.112,,0,0,0.565,0.435,27,35,28,36,1,3,1.0,1.0,4.0,1.0,3.47,-1.24,1.24,42.9,,,,,,Slider,False
SL,2026-05-19,87.2,-1.46,6.12,"Miller, Mason",571970,695243,,foul,,,,,5.0,,R,L,R,SD,LAD,S,,,2,1,2026,0.88,-0.3,-0.1165132086673599,2.356502743207021,,,,1,9,Top,,,,,,,1.3540602238965591,-126.864928015013,-1.954441749065427,9.122545443289647,29.286715532511742,-35.222908562952554,3.127854331,1.578543307,5.0,68.6,-27.0,87.4,2227.0,6.7,823302,666023,664034,823550,592518,593428,657656,701538,665487,53.78,,,,,,,,67,4,Slider,4,4,4,4,4,4,4,4,Infield shade,Standard,41.0,0.013,-0.075,73.0,7.6,,,0.075,88.0,0,0,0.552,0.448,27,35,28,36,1,3,1.0,1.0,4.0,1.0,3.34,-0.88,0.88,40.8,29.86227663522738,-28.208032621979783,31.8647214670165,39.58136904132523,50.227905276315205,Slider,False
FF,2026-05-19,99.8,-1.41,6.26,"Miller, Mason",571970,695243,,foul,,,,,2.0,,R,L,R,SD,LAD,S,,,2,0,2026,-0.06,1.33,0.1761201582188327,2.7579759206959036,,,,1,9,Top,,,,,,,4.489243372306394,-145.1985083527382,-7.27606878823577,-1.963028551724079,35.338436708238,-11.778186193166365,3.127854331,1.578543307,217.0,81.1,20.0,100.6,2539.0,6.8,823302,666023,664034,823550,592518,593428,657656,701538,665487,53.69,,,,,,,,67,3,4-Seam Fastball,4,4,4,4,4,4,4,4,Infield shade,Standard,203.0,0.011,-0.069,68.9,6.0,,,0.069,88.0,0,0,0.541,0.459,27,35,28,36,1,3,1.0,1.0,4.0,1.0,0.96,0.06,-0.06,42.8,7.880696875745055,10.255648342624898,32.23389997512015,34.27593795213254,30.21510684845344,Four-seam,False
SL,2026-05-19,86.5,-1.57,6.12,"Miller, Mason",571970,695243,,ball,,,,,11.0,,R,L,R,SD,LAD,B,,,1,0,2026,1.4,-0.1,-0.9705612909970284,3.071065259040217,,,,1,9,Top,,,,,,,-1.5239280951475758,-125.88114404402776,-0.5896856656645224,15.144764453191934,27.92333011372313,-33.33129027135214,3.127854331,1.578543307,,,,87.0,2231.0,6.8,823302,666023,664034,823550,592518,593428,657656,701538,665487,53.67,,,,,,,,67,2,Slider,4,4,4,4,4,4,4,4,Infield shade,Standard,41.0,-0.011,0.075,,,,,-0.075,,0,0,0.552,0.448,27,35,28,36,1,3,1.0,1.0,4.0,1.0,3.17,-1.4,1.4,38.9,,,,,,Slider,False
SL,2026-05-19,86.2,-1.43,6.17,"Miller, Mason",571970,695243,,ball,,,,,11.0,,R,L,R,SD,LAD,B,,,0,0,2026,0.97,-0.37,-2.378942875673564,5.414420985973983,,,,1,9,Top,,,,,,,-4.247728600743353,-125.26762412644692,5.391926596958635,11.073271569051682,25.819350545773744,-37.43428531112776,3.127854331,1.578543307,,,,86.2,2248.0,6.4,823302,666023,664034,823550,592518,593428,657656,701538,665487,54.07,,,,,,,,67,1,Slider,4,4,4,4,4,4,4,4,Infield shade,Standard,46.0,-0.006,0.041,,,,,-0.041,,0,0,0.558,0.442,27,35,28,36,1,3,1.0,1.0,4.0,1.0,3.45,-0.97,0.97,37.8,,,,,,Slider,False
SL,2026-05-19,87.9,-1.34,6.13,"Miller, Mason",669257,695243,field_out,hit_into_play,,,,,6.0,Will Smith flies out to right fielder Fernando Tatis Jr.,R,R,R,SD,LAD,X,9.0,fly_ball,2,2,2026,1.01,-0.52,0.6206259618011128,2.451617226979873,,,,0,9,Top,183.44,145.66,,,,,2.57429448570996,-127.9191929280424,-1.4285469970035245,10.381040821195947,29.190513476592923,-37.71393848998416,3.137508202,1.583415354,195.0,82.9,58.0,88.3,2356.0,6.8,823302,666023,664034,823550,592518,593428,657656,701538,665487,53.75,0.037,0.04,0.0,1.0,0.0,0.0,3.0,66,7,Slider,4,4,4,4,4,4,4,4,Standard,Strategic,35.0,0.049,-0.232,62.1,7.2,,0.054,0.232,88.0,0,0,0.509,0.491,27,31,28,31,1,3,1.0,1.0,4.0,1.0,3.49,-1.01,-1.01,38.9,17.969107233517835,1.4033895968545482,29.192367899409177,42.64421602545184,34.54579527905021,Slider,True
FF,2026-05-19,101.7,-1.27,6.19,"Miller, Mason",669257,695243,,foul,,,,,14.0,,R,R,R,SD,LAD,S,,,2,2,2026,-0.23,1.49,0.8405212844461571,2.2551917677710525,,,,0,9,Top,,,,,,,6.457596921217565,-147.71157785043152,-9.173237381891864,-5.021623367336785,38.11795558187079,-8.308125000158364,3.137508202,1.583415354,266.0,79.8,33.0,102.1,2542.0,6.8,823302,666023,664034,823550,592518,593428,657656,701538,665487,53.7,,,,,,,,66,6,4-Seam Fastball,4,4,4,4,4,4,4,4,Standard,Standard,203.0,0.0,0.0,62.5,6.8,,,0.0,88.0,0,0,0.509,0.491,27,31,28,31,1,3,1.0,1.0,4.0,1.0,0.74,0.23,0.23,40.1,1.8659200936232616,19.83999367261891,30.39181301246704,46.141738161978694,20.88611814000504,Four-seam,False
SL,2026-05-19,87.7,-1.51,6.12,"Miller, Mason",669257,695243,,foul,,,,,9.0,,R,R,R,SD,LAD,S,,,2,2,2026,1.29,-0.43,0.7664574502884165,1.6449364317158768,,,,0,9,Top,,,,,,,2.731069377041071,-127.5842264888262,-3.4615077231423887,13.279499597213716,30.374415622963397,-36.18868920312933,3.137508202,1.583415354,3.0,38.8,-33.0,88.0,2471.0,6.8,823302,666023,664034,823550,592518,593428,657656,701538,665487,53.66,,,,,,,,66,5,Slider,4,4,4,4,4,4,4,4,Standard,Standard,38.0,0.0,0.0,62.8,7.7,,,0.0,88.0,0,0,0.509,0.491,27,31,28,31,1,3,1.0,1.0,4.0,1.0,3.43,-1.29,-1.29,39.6,18.078067573899347,-7.131100084077991,30.944013997228137,44.59575298522235,40.623881570347976,Slider,False
FF,2026-05-19,101.6,-1.28,6.18,"Miller, Mason",669257,695243,,ball,,,,,14.0,,R,R,R,SD,LAD,B,,,1,2,2026,-0.23,1.36,1.0613216628437228,1.3193375761321675,,,,0,9,Top,,,,,,,7.073892243883803,-147.44026355935583,-11.416705931082111,-5.141542091163107,36.08580812179253,-9.678310542911143,3.137508202,1.583415354,,,,102.0,2433.0,6.7,823302,666023,664034,823550,592518,593428,657656,701538,665487,53.76,,,,,,,,66,4,4-Seam Fastball,4,4,4,4,4,4,4,4,Standard,Standard,200.0,-0.008,0.046,,,,,-0.046,,0,0,0.517,0.483,27,31,28,31,1,3,1.0,1.0,4.0,1.0,0.86,0.23,0.23,40.9,,,,,,Four-seam,False
SL,2026-05-19,86.6,-1.4,6.15,"Miller, Mason",669257,695243,,called_strike,,,,,6.0,,R,R,R,SD,LAD,S,,,1,1,2026,0.92,-0.36,0.7116900834899235,2.5124652837849095,,,,0,9,Top,,,,,,,3.0917400633323417,-126.0462758801482,-1.4421876200243713,8.99946107316615,28.162163469193683,-35.9031516783415,3.137508202,1.583415354,,,,87.0,2367.0,6.8,823302,666023,664034,823550,592518,593428,657656,701538,665487,53.74,,,,,,,,66,3,Slider,4,4,4,4,4,4,4,4,Standard,Standard,35.0,0.014,-0.06,,,,,0.06,,0,0,0.503,0.497,27,31,28,31,1,3,1.0,1.0,4.0,1.0,3.42,-0.92,-0.92,39.7,,,,,,Slider,False
SL,2026-05-19,87.5,-1.46,6.14,"Miller, Mason",669257,695243,,swinging_strike,,,,,14.0,,R,R,R,SD,LAD,S,,,1,0,2026,0.95,-0.52,0.9710221129699574,1.503551670970397,,,,0,9,Top,,,,,,,3.809059276991612,-127.2893711469115,-3.6690483383911903,9.456328795968137,28.287727580435966,-37.18422255725073,3.137508202,1.583415354,,,,88.0,2501.0,6.8,823302,666023,664034,823550,592518,593428,657656,701538,665487,53.69,,,,,,,,66,2,Slider,4,4,4,4,4,4,4,4,Standard,Standard,35.0,0.011,-0.055,38.8,7.6,8.253252312,,0.055,,0,0,0.492,0.508,27,31,28,31,1,3,1.0,1.0,4.0,1.0,3.52,-0.95,-0.95,39.1,12.313441889139572,-8.90526588718356,31.785522786690493,47.13139137193453,36.4309348899428,Slider,False
FF,2026-05-19,100.7,-1.34,6.28,"Miller, Mason",669257,695243,,ball,,,,,12.0,,R,R,R,SD,LAD,B,,,0,0,2026,-0.21,1.47,0.9077129919891485,3.0141466873217135,,,,0,9,Top,,,,,,,6.740906958121,-146.41568769077284,-7.103339316149984,-4.735812441673344,36.38158141118156,-9.560247599660787,3.137508202,1.583415354,,,,101.3,2626.0,6.8,823302,666023,664034,823550,592518,593428,657656,701538,665487,53.73,,,,,,,,66,1,4-Seam Fastball,4,4,4,4,4,4,4,4,Standard,Standard,201.0,-0.008,0.042,,,,,-0.042,,0,0,0.5,0.5,27,31,28,31,1,3,1.0,1.0,4.0,1.0,0.79,0.21,0.21,42.7,,,,,,Four-seam,False
SL,2026-05-18,89.0,-1.44,6.08,"Miller, Mason",681624,695243,force_out,hit_into_play,,,,,14.0,"Andy Pages grounds into a force out, fielded by third baseman Manny Machado. Alex Call out at 3rd.",R,R,R,SD,LAD,X,5.0,ground_ball,0,2,2026,0.49,-0.5,0.4108699454847251,0.6091714030538471,,669743.0,663656.0,2,9,Top,103.0,162.68,,,,,3.47585891302482,-129.47093067458135,-5.976323504972421,4.583573918783823,30.8762401306394,-36.58019770172077,3.23667979,1.633464567,3.0,73.4,-18.0,89.3,2343.0,6.8,823301,660710,664034,823550,592518,593428,657656,701538,665487,53.66,0.057,0.054,0.0,1.0,0.0,0.0,2.0,64,4,Slider,1,0,0,1,0,1,0,1,Standard,Standard,37.0,0.088,-0.196,54.1,8.3,,0.061,0.196,88.0,1,-1,0.912,0.088,27,25,28,26,1,3,3.0,1.0,1.0,1.0,3.42,-0.49,-0.49,40.8,8.27140284930228,-9.367377420488925,46.41707911464801,41.53568739158597,37.070212723916086,Slider,True
SL,2026-05-18,89.5,-1.35,6.21,"Miller, Mason",681624,695243,,foul,,,,,14.0,,R,R,R,SD,LAD,S,,,0,2,2026,0.72,-0.31,0.9851724738450872,2.1340802260367493,,669743.0,663656.0,2,9,Top,,,,,,,4.208536859477031,-130.31185409660662,-3.1529763885428315,7.1799433870426235,29.509495884880636,-35.20280306581079,3.23667979,1.633464567,,,,90.5,2494.0,7.0,823301,660710,664034,823550,592518,593428,657656,701538,665487,53.48,,,,,,,,64,3,Slider,1,0,0,1,0,1,0,1,Standard,Standard,41.0,0.0,0.0,66.7,8.3,,,0.0,,1,-1,0.912,0.088,27,25,28,26,1,3,3.0,1.0,1.0,1.0,3.17,-0.72,-0.72,42.2,18.23787619721527,-20.84331638551442,32.936259277924755,48.00451698924182,41.84969997876952,Slider,False
FF,2026-05-18,101.1,-1.37,6.35,"Miller, Mason",681624,695243,,swinging_strike,,,,,1.0,,R,R,R,SD,LAD,S,,,0,1,2026,-0.42,1.7,-0.721412879417184,3.227643530731702,,669743.0,663656.0,2,9,Top,,,,,,,2.831891155591961,-147.11517714866693,-7.377851609790795,-6.780958555277074,35.154270030603016,-5.9516739545714,3.23667979,1.633464567,,,,102.1,2672.0,6.8,823301,660710,664034,823550,592518,593428,657656,701538,665487,53.66,,,,,,,,64,2,4-Seam Fastball,1,0,0,1,0,1,0,1,Standard,Standard,196.0,0.036,-0.056,66.4,6.6,0.21956604,,0.056,,1,-1,0.876,0.124,27,25,28,26,1,3,3.0,1.0,1.0,1.0,0.53,0.42,0.42,45.9,6.413423527900601,1.726165852636264,38.940954533086654,29.5385432248296,22.353715401207904,Four-seam,False
SL,2026-05-18,88.3,-1.66,6.11,"Miller, Mason",681624,695243,,called_strike,,,,,7.0,,R,R,R,SD,LAD,S,,,0,0,2026,0.62,-0.49,-0.5967137703700277,1.9875485979517804,,669743.0,663656.0,2,9,Top,,,,,,,1.2479482940735416,-128.54021453490344,-2.6641052828330167,6.591331854412054,27.993492692360768,-37.20189198875315,3.23667979,1.633464567,,,,88.9,2405.0,6.8,823301,660710,664034,823550,592518,593428,657656,701538,665487,53.75,,,,,,,,64,1,Slider,1,0,0,1,0,1,0,1,Standard,Standard,34.0,0.022,-0.032,,,,,0.032,,1,-1,0.854,0.146,27,25,28,26,1,3,3.0,1.0,1.0,1.0,3.42,-0.62,-0.62,40.7,,,,,,Slider,False
SL,2026-05-18,88.2,-1.6,6.05,"Miller, Mason",571970,695243,strikeout,called_strike,,,,,8.0,Max Muncy called out on strikes.,R,L,R,SD,LAD,S,2.0,,0,2,2026,0.59,-0.55,-0.0502116183095023,1.6986448135819487,,669743.0,663656.0,1,9,Top,,,,,,,2.497167670206729,-128.3453400405296,-3.0457699139059784,5.919792938320746,28.32670295541574,-37.81374278945313,3.127854331,1.578543307,,,,88.8,2406.0,6.8,823301,660710,664034,823550,592518,593428,657656,701538,665487,53.67,,0.0,0.0,1.0,0.0,0.0,,63,3,Slider,1,0,0,1,0,1,0,1,Strategic,Standard,33.0,0.086,-0.139,,,,,0.139,,1,-1,0.768,0.232,27,35,28,36,1,3,3.0,1.0,1.0,1.0,3.5,-0.59,0.59,38.8,,,,,,Slider,True
FF,2026-05-18,100.6,-1.72,6.19,"Miller, Mason",571970,695243,,swinging_strike,,,,,4.0,,R,L,R,SD,LAD,S,,,0,1,2026,-0.58,1.38,-0.3918940575595048,2.199961422180875,,669743.0,663656.0,1,9,Top,,,,,,,5.0786324443282735,-146.31156355903497,-8.890601038516582,-9.562808201007217,33.7611707106762,-10.457496473414082,3.127854331,1.578543307,,,,101.6,2564.0,6.8,823301,660710,664034,823550,592518,593428,657656,701538,665487,53.68,,,,,,,,63,2,4-Seam Fastball,1,0,0,1,0,1,0,1,Strategic,Standard,203.0,0.036,-0.062,64.7,5.9,1.614949932,,0.062,,1,-1,0.732,0.268,27,35,28,36,1,3,3.0,1.0,1.0,1.0,0.87,0.58,-0.58,42.8,-5.072087957291205,29.34623705535565,36.13978668828257,40.52913396778334,17.170186181285832,Four-seam,False
SL,2026-05-18,87.4,-1.57,6.12,"Miller, Mason",571970,695243,,called_strike,,,,,5.0,,R,L,R,SD,LAD,S,,,0,0,2026,0.66,-0.43,-0.1629775649553099,2.0962592990483584,,669743.0,663656.0,1,9,Top,,,,,,,1.9760241138998216,-127.34436856230496,-2.4417984246861693,6.775843859996455,26.938210445709416,-36.50467034938055,3.127854331,1.578543307,,,,88.4,2441.0,6.9,823301,660710,664034,823550,592518,593428,657656,701538,665487,53.61,,,,,,,,63,1,Slider,1,0,0,1,0,1,0,1,Strategic,Standard,41.0,0.021,-0.041,,,,,0.041,,1,-1,0.711,0.289,27,35,28,36,1,3,3.0,1.0,1.0,1.0,3.41,-0.66,0.66,35.2,,,,,,Slider,False
SL,2026-05-18,88.1,-1.41,6.24,"Miller, Mason",669257,695243,field_out,hit_into_play,,,,,8.0,Will Smith flies out to center fielder Jackson Merrill.,R,R,R,SD,LAD,X,8.0,fly_ball,1,2,2026,0.97,-0.31,0.219521968435673,1.839023002345162,,669743.0,663656.0,0,9,Top,101.7,68.7,,,,,1.863270110481654,-128.15066314883887,-3.564357243188063,10.067244458796903,32.15773807171195,-34.94150492346294,3.137508202,1.583415354,329.0,90.3,30.0,88.0,2342.0,6.7,823301,660710,664034,823550,592518,593428,657656,701538,665487,53.77,0.069,0.094,0.0,1.0,0.0,0.0,3.0,62,6,Slider,1,0,0,1,0,1,0,1,Standard,Standard,36.0,0.105,-0.176,69.5,7.7,,0.155,0.176,90.3,1,-1,0.606,0.394,27,31,28,31,1,3,3.0,2.0,1.0,1.0,3.31,-0.97,-0.97,43.0,18.4963622346338,-8.80271388341287,36.53822894087104,38.80051794530876,39.950460941163215,Slider,True
SL,2026-05-18,88.3,-1.52,6.16,"Miller, Mason",669257,695243,,foul,,,,,7.0,,R,R,R,SD,LAD,S,,,1,2,2026,0.58,-0.29,-0.5183445079402803,1.5487638183590111,,669743.0,663656.0,0,9,Top,,,,,,,1.1969755630921792,-128.44568851527592,-4.226259787226136,6.070893805095549,30.64204182751557,-34.555238796895885,3.137508202,1.583415354,3.0,81.0,-30.0,88.8,2308.0,7.0,823301,660710,664034,823550,592518,593428,657656,701538,665487,53.51,,,,,,,,62,5,Slider,1,0,0,1,0,1,0,1,Standard,Standard,36.0,0.0,0.0,44.3,7.1,,,0.0,88.0,1,-1,0.606,0.394,27,31,28,31,1,3,3.0,2.0,1.0,1.0,3.25,-0.58,-0.58,41.7,7.196871404383692,-0.9953098240477304,39.76003308652558,31.326464868875437,33.67441568023542,Slider,False
FF,2026-05-18,101.4,-1.48,6.26,"Miller, Mason",669257,695243,,foul,,,,,4.0,,R,R,R,SD,LAD,S,,,1,2,2026,-0.57,1.55,-0.3805508902266092,2.6360067901073276,,669743.0,663656.0,0,9,Top,,,,,,,4.4939637006608635,-147.4190683333278,-8.435622781919317,-9.464381065183494,36.7322668051619,-7.811912583470847,3.137508202,1.583415354,189.0,81.3,61.0,102.3,2507.0,6.9,823301,660710,664034,823550,592518,593428,657656,701538,665487,53.57,,,,,,,,62,4,4-Seam Fastball,1,0,0,1,0,1,0,1,Standard,Standard,207.0,0.0,0.0,66.7,6.7,,,0.0,88.0,1,-1,0.606,0.394,27,31,28,31,1,3,3.0,2.0,1.0,1.0,0.68,0.57,0.57,44.6,5.616660890663601,5.197757710831217,32.40591336850755,32.658033485194686,28.490052520871203,Four-seam,False
FF,2026-05-18,101.3,-1.58,6.3,"Miller, Mason",669257,695243,,called_strike,,,,,6.0,,R,R,R,SD,LAD,S,,,1,1,2026,-0.37,1.72,0.3303433563902255,2.536816573325004,,669743.0,663656.0,0,9,Top,,,,,,,6.223138944973777,-147.08949346316652,-9.155123902242927,-6.987416123613163,37.46366121404328,-5.248106876165526,3.137508202,1.583415354,,,,101.8,2660.0,6.9,823301,660710,664034,823550,592518,593428,657656,701538,665487,53.64,,,,,,,,62,3,4-Seam Fastball,1,0,0,1,0,1,0,1,Standard,Strategic,197.0,0.037,-0.069,,,,,0.069,,1,-1,0.569,0.431,27,31,28,31,1,3,3.0,2.0,1.0,1.0,0.53,0.37,0.37,45.2,,,,,,Four-seam,False
FF,2026-05-18,101.2,-1.6,6.37,"Miller, Mason",669257,695243,,called_strike,,,,,4.0,,R,R,R,SD,LAD,S,,,1,0,2026,-0.46,1.55,-0.8019554204260864,2.2781301103330724,,669743.0,663656.0,0,9,Top,,,,,,,3.326090106005198,-147.08463799255446,-9.655526200381166,-7.473836504235665,35.7144594259529,-7.500752749365719,3.137508202,1.583415354,,,,101.5,2636.0,6.6,823301,660710,664034,823550,592518,593428,657656,701538,665487,53.93,,,,,,,,62,2,4-Seam Fastball,1,0,0,1,0,1,0,1,Standard,Standard,206.0,0.027,-0.061,,,,,0.061,,1,-1,0.542,0.458,27,31,28,31,1,3,3.0,2.0,1.0,1.0,0.68,0.46,0.46,42.7,,,,,,Four-seam,False
SL,2026-05-18,87.6,-1.66,6.15,"Miller, Mason",669257,695243,,ball,,,,,14.0,,R,R,R,SD,LAD,B,,,0,0,2026,0.89,-0.27,0.4146346622046393,1.4071755592305086,,669743.0,663656.0,0,9,Top,,,,,,,3.0891193081990105,-127.52302086951744,-4.50430123862405,9.030446824908363,27.60665597408296,-34.36306117129292,3.137508202,1.583415354,,,,88.4,2643.0,6.9,823301,660710,664034,823550,592518,593428,657656,701538,665487,53.62,,,,,,,,62,1,Slider,1,0,0,1,0,1,0,1,Standard,Standard,36.0,-0.019,0.051,,,,,-0.051,,1,-1,0.561,0.439,27,31,28,31,1,3,3.0,2.0,1.0,1.0,3.25,-0.89,-0.89,40.6,,,,,,Slider,False
FF,2026-05-18,99.4,-1.78,6.21,"Miller, Mason",663656,695243,walk,ball,,,,,11.0,Kyle Tucker walks. Alex Call to 2nd.,R,L,R,SD,LAD,B,,,3,0,2026,-0.34,1.5,-0.7220845976219128,4.406581181843487,,,669743.0,0,9,Top,,,,,,,3.70482465811244,-144.72831972406848,-2.953803979126142,-5.669023740149336,35.13887724306063,-10.720421688965978,3.350770997,1.691043307,,,,100.0,2582.0,6.7,823301,660710,664034,823550,592518,593428,657656,701538,665487,53.82,,0.698418,0.7,1.0,0.0,0.0,,61,4,4-Seam Fastball,1,0,0,1,0,1,0,1,Infield shade,Standard,204.0,-0.063,0.16,,,,,-0.16,,1,-1,0.624,0.376,27,29,28,29,1,3,3.0,1.0,1.0,1.0,0.82,0.34,-0.34,41.4,,,,,,Four-seam,True
FF,2026-05-18,99.9,-1.61,6.29,"Miller, Mason",663656,695243,,ball,,,,,12.0,,R,L,R,SD,LAD,B,,,2,0,2026,-0.3,1.47,1.1500802586578005,2.7624612794401,,,669743.0,0,9,Top,,,,,,,8.248431302580862,-145.09627511321713,-7.649174822677232,-6.245813596954104,35.6507492378575,-9.721713123510698,3.350770997,1.691043307,,,,100.1,2408.0,6.6,823301,660710,664034,823550,592518,593428,657656,701538,665487,53.87,,,,,,,,61,3,4-Seam Fastball,1,0,0,1,0,1,0,1,Infield shade,Standard,198.0,-0.047,0.142,,,,,-0.142,,1,-1,0.671,0.329,27,29,28,29,1,3,3.0,1.0,1.0,1.0,0.83,0.3,-0.3,42.9,,,,,,Four-seam,False
SL,2026-05-18,86.4,-1.69,6.14,"Miller, Mason",663656,695243,,ball,,,,,11.0,,R,L,R,SD,LAD,B,,,1,0,2026,0.97,-0.23,-1.5168324357851686,5.09799570322739,,,669743.0,0,9,Top,,,,,,,-1.6077006297324783,-125.66807773111142,4.454282726819589,10.546212501419491,27.797762299542075,-35.85168618842984,3.350770997,1.691043307,,,,86.5,2369.0,6.6,823301,660710,664034,823550,592518,593428,657656,701538,665487,53.9,,,,,,,,61,2,Slider,1,0,0,1,0,1,0,1,Infield shade,Standard,49.0,-0.031,0.074,,,,,-0.074,,1,-1,0.702,0.298,27,29,28,29,1,3,3.0,1.0,1.0,1.0,3.31,-0.97,0.97,39.5,,,,,,Slider,False
FF,2026-05-18,99.7,-1.51,6.31,"Miller, Mason",663656,695243,,ball,,,,,11.0,,R,L,R,SD,LAD,B,,,0,0,2026,-0.49,1.4,-1.0976457865054725,4.86787462862757,,,669743.0,0,9,Top,,,,,,,2.3126186349107196,-145.2384282769997,-1.763059793613432,-7.480187999380971,36.03256246050049,-12.192752188374442,3.350770997,1.691043307,,,,100.0,2524.0,6.5,823301,660710,664034,823550,592518,593428,657656,701538,665487,53.99,,,,,,,,61,1,4-Seam Fastball,1,0,0,1,0,1,0,1,Infield shade,Standard,201.0,-0.016,0.037,,,,,-0.037,,1,-1,0.718,0.282,27,29,28,29,1,3,3.0,1.0,1.0,1.0,0.9,0.49,-0.49,43.5,,,,,,Four-seam,False
SL,2026-05-18,87.7,-1.39,6.11,"Miller, Mason",518692,695243,walk,blocked_ball,,,,,14.0,Freddie Freeman walks.,R,L,R,SD,LAD,B,,,3,1,2026,1.14,-0.47,1.54117284490964,0.5918091545596162,,,,0,9,Top,,,,,,,4.63950700197227,-127.55688579165852,-5.899514178253056,11.169233069136515,30.165645135518204,-36.07525876452875,3.382365486,1.706988189,,,,88.1,2512.0,6.9,823301,660710,664034,823550,592518,593428,657656,701538,665487,53.57,,0.698418,0.7,1.0,0.0,0.0,,60,5,Slider,1,0,0,1,0,1,0,1,Infield shade,Standard,38.0,-0.07,0.258,,,,,-0.258,,1,-1,0.788,0.212,27,36,28,37,1,3,3.0,1.0,1.0,1.0,3.47,-1.14,1.14,40.6,,,,,,Slider,True
FF,2026-05-18,99.7,-1.55,6.25,"Miller, Mason",518692,695243,,called_strike,,,,,5.0,,R,L,R,SD,LAD,S,,,3,0,2026,-0.67,1.51,-0.0838341030362979,2.293092204910196,,,,0,9,Top,,,,,,,5.6272804659372575,-144.8430733536334,-8.893348024999272,-10.733232895118167,36.01458437593106,-8.942758879812578,3.382365486,1.706988189,,,,100.2,2530.0,6.8,823301,660710,664034,823550,592518,593428,657656,701538,665487,53.67,,,,,,,,60,4,4-Seam Fastball,1,0,0,1,0,1,0,1,Infield shade,Standard,205.0,0.023,-0.084,,,,,0.084,,1,-1,0.765,0.235,27,36,28,37,1,3,3.0,1.0,1.0,1.0,0.8,0.67,-0.67,42.4,,,,,,Four-seam,False
SL,2026-05-18,87.5,-1.65,6.1,"Miller, Mason",518692,695243,,ball,,,,,14.0,,R,L,R,SD,LAD,B,,,2,0,2026,0.83,-0.25,1.003185299991089,1.4335335828753402,,,,0,9,Top,,,,,,,4.607000537660921,-127.28568099712506,-4.288710269766369,7.905201905577127,29.211666318783603,-34.09007533815587,3.382365486,1.706988189,,,,87.7,2447.0,6.7,823301,660710,664034,823550,592518,593428,657656,701538,665487,53.82,,,,,,,,60,3,Slider,1,0,0,1,0,1,0,1,Infield shade,Standard,35.0,-0.035,0.148,,,,,-0.148,,1,-1,0.8,0.2,27,36,28,37,1,3,3.0,1.0,1.0,1.0,3.26,-0.83,0.83,38.3,,,,,,Slider,False
SL,2026-05-18,87.5,-1.52,6.19,"Miller, Mason",518692,695243,,ball,,,,,14.0,,R,L,R,SD,LAD,B,,,1,0,2026,1.04,-0.29,0.8931518700261349,1.9097635225650744,,,,0,9,Top,,,,,,,3.5797185200332926,-127.36586465295508,-3.2593784037328124,10.287710653595058,30.238192872802745,-34.79175758860185,3.382365486,1.706988189,,,,87.5,2670.0,6.6,823301,660710,664034,823550,592518,593428,657656,701538,665487,53.87,,,,,,,,60,2,Slider,1,0,0,1,0,1,0,1,Infield shade,Standard,36.0,-0.023,0.082,,,,,-0.082,,1,-1,0.823,0.177,27,36,28,37,1,3,3.0,1.0,1.0,1.0,3.31,-1.04,1.04,38.9,,,,,,Slider,False
FF,2026-05-18,101.0,-1.51,6.33,"Miller, Mason",518692,695243,,ball,,,,,11.0,,R,L,R,SD,LAD,B,,,0,0,2026,-0.65,1.49,-0.1431179391018154,3.9482570337724994,,,,0,9,Top,,,,,,,5.360187194550563,-146.83674665852692,-4.713534269791396,-10.71430567267504,38.11092550259494,-9.776409883548553,3.382365486,1.706988189,,,,101.2,2446.0,6.7,823301,660710,664034,823550,592518,593428,657656,701538,665487,53.81,,,,,,,,60,1,4-Seam Fastball,1,0,0,1,0,1,0,1,Infield shade,Standard,206.0,-0.012,0.042,,,,,-0.042,,1,-1,0.835,0.165,27,36,28,37,1,3,3.0,1.0,1.0,1.0,0.77,0.65,-0.65,40.4,,,,,,Four-seam,False
SL,2026-05-15,89.0,-1.59,6.09,"Miller, Mason",680977,695243,strikeout,swinging_strike,,,,,14.0,Brendan Donovan strikes out swinging.,R,L,R,SEA,SD,S,2.0,,2,2,2026,1.16,-0.38,1.3417449982476377,1.6287292596208185,,641487.0,702284.0,2,9,Bot,,,,,,,4.674325046683282,-129.56430966016512,-3.8839353627341673,12.094531097056016,27.35110694503022,-35.8562149147038,3.159448819,1.594488189,,,,90.0,2502.0,6.9,823140,666023,664034,823550,592518,593428,657656,701538,665487,53.57,,0.0,0.0,1.0,0.0,0.0,,72,5,Slider,0,2,0,2,2,0,0,2,Strategic,Standard,40.0,-0.094,-0.232,70.0,7.8,0.516510384,,0.232,,-2,-2,0.094,0.094,27,29,28,29,1,4,2.0,1.0,3.0,81.0,3.26,-1.16,1.16,39.9,17.43629684567153,-28.840733875532997,30.820078999983146,22.729965340564853,33.58402560945418,Slider,True
FF,2026-05-15,101.7,-1.43,6.31,"Miller, Mason",680977,695243,,ball,,,,,12.0,,R,L,R,SEA,SD,B,,,1,2,2026,-0.32,1.4,1.043195345989275,2.629946464919638,,641487.0,702284.0,2,9,Bot,,,,,,,7.696568894138148,-147.82335421119078,-8.323799180302965,-6.357290580926664,32.890053391452604,-9.828519589043305,3.159448819,1.594488189,,,,103.0,2650.0,6.9,823140,666023,664034,823550,592518,593428,657656,701538,665487,53.63,,,,,,,,72,4,4-Seam Fastball,0,2,0,2,2,0,0,2,Strategic,Standard,202.0,0.003,0.025,,,,,-0.025,,-2,-2,0.091,0.091,27,29,28,29,1,4,2.0,1.0,3.0,81.0,0.8,0.32,-0.32,42.7,,,,,,Four-seam,False
FF,2026-05-15,100.3,-1.54,6.28,"Miller, Mason",680977,695243,,foul,,,,,11.0,,R,L,R,SEA,SD,S,,,1,1,2026,-0.34,1.4,-0.4563257266440328,3.4087890565151335,,641487.0,702284.0,2,9,Bot,,,,,,,3.8330998487272607,-146.02849756180993,-5.836903219796105,-5.834048698154897,34.752249113218895,-10.903904145934357,3.159448819,1.594488189,129.0,76.6,10.0,101.3,2550.0,6.8,823140,666023,664034,823550,592518,593428,657656,701538,665487,53.65,,,,,,,,72,3,4-Seam Fastball,0,2,0,2,2,0,0,2,Strategic,Standard,197.0,-0.005,-0.061,43.2,4.9,,,0.061,88.0,-2,-2,0.096,0.096,27,29,28,29,1,4,2.0,1.0,3.0,81.0,0.86,0.34,-0.34,42.8,-4.627693436542434,49.12282394916254,17.84228530200214,43.35810634158547,-2.6126529803119096,Four-seam,False
FF,2026-05-15,102.0,-1.45,6.25,"Miller, Mason",680977,695243,,ball,,,,,14.0,,R,L,R,SEA,SD,B,,,0,1,2026,-0.37,1.59,0.8409674523058435,0.8395475859467152,,641487.0,702284.0,2,9,Bot,,,,,,,7.320548256264653,-147.84568685880467,-13.636714563599169,-7.148358661801601,34.484868761913546,-5.700019237204948,3.159448819,1.594488189,,,,102.9,2758.0,6.9,823140,666023,664034,823550,592518,593428,657656,701538,665487,53.56,,,,,,,,72,2,4-Seam Fastball,0,2,0,2,2,0,0,2,Strategic,Standard,202.0,0.002,0.017,,,,,-0.017,,-2,-2,0.094,0.094,27,29,28,29,1,4,2.0,1.0,3.0,81.0,0.61,0.37,-0.37,41.3,,,,,,Four-seam,False
SL,2026-05-15,87.9,-1.53,6.12,"Miller, Mason",680977,695243,,foul,,,,,9.0,,R,L,R,SEA,SD,S,,,0,0,2026,0.94,-0.16,0.5350696558750274,1.7365809705102682,,641487.0,702284.0,2,9,Bot,,,,,,,2.985523662291108,-127.9529015247264,-3.9459802767039625,9.692633616979409,27.178937562467773,-33.296612268353535,3.159448819,1.594488189,111.0,100.7,7.0,88.8,2376.0,6.9,823140,666023,664034,823550,592518,593428,657656,701538,665487,53.62,,,,,,,,72,1,Slider,0,2,0,2,2,0,0,2,Standard,Standard,40.0,-0.003,-0.032,72.1,7.7,,,0.032,100.7,-2,-2,0.097,0.097,27,29,28,29,1,4,2.0,1.0,3.0,81.0,3.11,-0.94,0.94,40.1,15.794578295167716,-18.40009713997434,30.66587352621143,33.364086761992226,35.87132241698038,Slider,False
SL,2026-05-15,87.5,-1.42,6.21,"Miller, Mason",641598,695243,strikeout,swinging_strike,,,,,12.0,Mitch Garver strikes out swinging.,R,R,R,SEA,SD,S,2.0,,0,2,2026,1.21,-0.19,1.328448557037724,2.6342416132983857,,641487.0,702284.0,1,9,Bot,,,,,,,4.0445184734166375,-127.41935187924295,-1.8389740328195607,12.150327134871732,28.50610074097964,-34.059587167176616,3.248966535,1.639665354,,,,88.1,2393.0,6.8,823140,666023,664034,823550,592518,593428,657656,701538,665487,53.69,,0.0,0.0,1.0,0.0,0.0,,71,3,Slider,0,2,0,2,2,0,0,2,Standard,Standard,43.0,-0.069,-0.139,69.9,8.2,8.0202228,,0.139,,-2,-2,0.166,0.166,27,35,28,35,1,0,2.0,1.0,3.0,2.0,3.19,-1.21,-1.21,39.9,22.385110848670895,-32.86566205425657,24.034096346083594,50.88450221023253,47.78812535070108,Slider,True
SL,2026-05-15,88.9,-1.52,6.11,"Miller, Mason",641598,695243,,swinging_strike,,,,,14.0,,R,R,R,SEA,SD,S,,,0,1,2026,0.93,-0.28,1.8019789894731564,0.6715751292700372,,641487.0,702284.0,1,9,Bot,,,,,,,6.091010964298764,-129.32862171396152,-6.465986542068569,9.154511035095153,27.76651609025503,-34.06668703237527,3.248966535,1.639665354,,,,89.7,2505.0,6.9,823140,666023,664034,823550,592518,593428,657656,701538,665487,53.62,,,,,,,,71,2,Slider,0,2,0,2,2,0,0,2,Standard,Standard,43.0,-0.029,-0.062,52.7,7.8,22.781390496,,0.062,,-2,-2,0.195,0.195,27,35,28,35,1,0,2.0,1.0,3.0,2.0,3.17,-0.93,-0.93,38.6,20.72998888123842,-20.643395015081133,27.556418195307973,56.45864360973111,50.03655487120421,Slider,False
SL,2026-05-15,87.3,-1.49,6.24,"Miller, Mason",641598,695243,,called_strike,,,,,2.0,,R,R,R,SEA,SD,S,,,0,0,2026,0.91,-0.1,0.208729613951267,2.7713069392229843,,641487.0,702284.0,1,9,Bot,,,,,,,2.152692246931004,-127.16727227150234,-1.7930570038976472,9.39419304120132,26.06022371904917,-33.133246920868984,3.248966535,1.639665354,,,,88.1,2362.0,6.7,823140,666023,664034,823550,592518,593428,657656,701538,665487,53.75,,,,,,,,71,1,Slider,0,2,0,2,2,0,0,2,Standard,Standard,42.0,-0.017,-0.041,,,,,0.041,,-2,-2,0.212,0.212,27,35,28,35,1,0,2.0,1.0,3.0,2.0,3.09,-0.91,-0.91,42.2,,,,,,Slider,False
SL,2026-05-15,88.5,-1.52,6.11,"Miller, Mason",702284,695243,single,hit_into_play,,,,,9.0,Cole Young singles on a ground ball to right fielder Fernando Tatis Jr. J.P. Crawford to 2nd.,R,L,R,SEA,SD,X,9.0,ground_ball,1,1,2026,0.93,-0.72,0.8064934340192913,1.8560833100775351,,,641487.0,1,9,Bot,188.56,124.59,,,,,3.658514424359757,-128.79883814379636,-2.5059257551640366,9.421008846940763,29.545384910224275,-39.75394106130258,3.133120079,1.581200787,125.0,77.3,10.0,89.2,2474.0,6.9,823140,666023,664034,823550,592518,593428,657656,701538,665487,53.57,0.334,0.301,0.9,1.0,1.0,0.0,4.0,70,3,Slider,0,2,0,2,2,0,0,2,Standard,Standard,42.0,0.103,0.42,57.3,6.6,,0.355,-0.42,88.0,-2,-2,0.109,0.109,27,22,28,23,1,3,2.0,1.0,3.0,1.0,3.65,-0.93,0.93,38.7,8.026471506281236,-9.760926827656364,23.162964699420066,22.295995746871583,35.40475959816411,Slider,True
SL,2026-05-15,88.0,-1.66,6.1,"Miller, Mason",702284,695243,,ball,,,,,14.0,,R,L,R,SEA,SD,B,,,0,1,2026,1.17,-0.61,1.026302925293491,1.179699089195469,,,641487.0,1,9,Bot,,,,,,,3.991636380377318,-128.03477041311277,-4.250971587577737,11.858715648646626,29.281944109452635,-38.053076083425125,3.133120079,1.581200787,,,,88.6,2437.0,6.9,823140,666023,664034,823550,592518,593428,657656,701538,665487,53.6,,,,,,,,70,2,Slider,0,2,0,2,2,0,0,2,Standard,Standard,42.0,0.007,0.026,,,,,-0.026,,-2,-2,0.102,0.102,27,22,28,23,1,3,2.0,1.0,3.0,1.0,3.58,-1.17,1.17,39.5,,,,,,Slider,False
SL,2026-05-15,88.3,-1.68,6.13,"Miller, Mason",702284,695243,,called_strike,,,,,4.0,,R,L,R,SEA,SD,S,,,0,0,2026,1.08,-0.73,-0.498523045441299,2.308134750388519,,,641487.0,1,9,Bot,,,,,,,0.5583302994458365,-128.60029584497957,-1.367958193466946,11.71509752387344,29.75803691040513,-40.16059878231035,3.133120079,1.581200787,,,,88.6,2314.0,6.7,823140,666023,664034,823550,592518,593428,657656,701538,665487,53.79,,,,,,,,70,1,Slider,0,2,0,2,2,0,0,2,Standard,Standard,40.0,-0.01,-0.037,,,,,0.037,,-2,-2,0.112,0.112,27,22,28,23,1,3,2.0,1.0,3.0,1.0,3.68,-1.08,1.08,40.0,,,,,,Slider,False
FF,2026-05-15,101.5,-1.38,6.28,"Miller, Mason",608701,695243,strikeout,swinging_strike,,,,,5.0,Rob Refsnyder strikes out swinging.,R,R,R,SEA,SD,S,2.0,,3,2,2026,-0.46,1.62,0.0372737697624928,2.319533778336224,,,641487.0,0,9,Bot,,,,,,,5.097102374770648,-147.43588930522182,-9.532624890428666,-7.993384411853842,35.31763141704767,-6.519481527584115,3.186655184,1.608218504,,,,102.3,2767.0,6.9,823140,666023,664034,823550,592518,593428,657656,701538,665487,53.65,,0.0,0.0,1.0,0.0,0.0,,69,6,4-Seam Fastball,0,2,0,2,2,0,0,2,Standard,Standard,198.0,-0.101,-0.309,75.2,7.6,1.59893364,,0.309,,-2,-2,0.213,0.213,27,35,28,35,1,1,2.0,2.0,3.0,1.0,0.61,0.46,0.46,42.2,4.892718788191976,13.637279599827332,36.19112553690642,38.23043476600198,15.420154516283551,Four-seam,True
SL,2026-05-15,87.9,-1.5,6.15,"Miller, Mason",608701,695243,,ball,,,,,14.0,,R,R,R,SEA,SD,B,,,2,2,2026,1.21,-0.69,1.4207389326491753,1.9344171737175269,,,641487.0,0,9,Bot,,,,,,,4.484745793699023,-127.92040528817908,-2.3565453606630427,12.183792613248263,29.04140495284613,-39.36099599727365,3.186655184,1.608218504,,,,88.7,2395.0,7.0,823140,666023,664034,823550,592518,593428,657656,701538,665487,53.49,,,,,,,,69,5,Slider,0,2,0,2,2,0,0,2,Standard,Standard,43.0,0.033,0.093,,,,,-0.093,,-2,-2,0.18,0.18,27,35,28,35,1,1,2.0,2.0,3.0,1.0,3.66,-1.21,-1.21,41.2,,,,,,Slider,False
SL,2026-05-15,87.5,-1.42,6.34,"Miller, Mason",608701,695243,,ball,,,,,14.0,,R,R,R,SEA,SD,B,,,1,2,2026,1.12,-0.76,1.2810452272792374,1.7917895403536104,,,641487.0,0,9,Bot,,,,,,,4.099859728613847,-127.28689273464909,-2.9002600779496737,11.153390468213267,29.492097798751544,-39.97405466349951,3.186655184,1.608218504,,,,88.0,2421.0,6.9,823140,666023,664034,823550,592518,593428,657656,701538,665487,53.61,,,,,,,,69,4,Slider,0,2,0,2,2,0,0,2,Standard,Standard,36.0,0.012,0.043,,,,,-0.043,,-2,-2,0.168,0.168,27,35,28,35,1,1,2.0,2.0,3.0,1.0,3.78,-1.12,-1.12,41.7,,,,,,Slider,False
SL,2026-05-15,86.3,-1.57,6.2,"Miller, Mason",608701,695243,,called_strike,,,,,4.0,,R,R,R,SEA,SD,S,,,1,1,2026,1.05,-0.69,-0.3987028008087264,2.6007251510220906,,,641487.0,0,9,Bot,,,,,,,0.5773602158712914,-125.61027429970596,-0.6221181866313283,10.93723611016859,27.50672067281594,-39.53553886915149,3.186655184,1.608218504,,,,86.8,2330.0,6.8,823140,666023,664034,823550,592518,593428,657656,701538,665487,53.71,,,,,,,,69,3,Slider,0,2,0,2,2,0,0,2,Standard,Standard,40.0,-0.02,-0.054,,,,,0.054,,-2,-2,0.188,0.188,27,35,28,35,1,1,2.0,2.0,3.0,1.0,3.77,-1.05,-1.05,43.4,,,,,,Slider,False
SL,2026-05-15,87.0,-1.39,6.33,"Miller, Mason",608701,695243,,ball,,,,,14.0,,R,R,R,SEA,SD,B,,,0,1,2026,0.79,-0.88,1.1239715237998915,0.8157622346408764,,,641487.0,0,9,Bot,,,,,,,4.336545086241196,-126.56227937783407,-4.878408226489505,7.481702648136714,28.760890115823617,-40.70949901445882,3.186655184,1.608218504,,,,87.4,2510.0,6.8,823140,666023,664034,823550,592518,593428,657656,701538,665487,53.68,,,,,,,,69,2,Slider,0,2,0,2,2,0,0,2,Standard,Standard,37.0,0.008,0.026,,,,,-0.026,,-2,-2,0.18,0.18,27,35,28,35,1,1,2.0,2.0,3.0,1.0,3.92,-0.79,-0.79,42.3,,,,,,Slider,False
FF,2026-05-15,99.8,-1.52,6.33,"Miller, Mason",608701,695243,,swinging_strike,,,,,11.0,,R,R,R,SEA,SD,S,,,0,0,2026,-0.35,1.63,-0.357001140127354,3.676726516046501,,,641487.0,0,9,Bot,,,,,,,4.0268232738289225,-145.25419761836176,-5.650468183879804,-5.931741728627487,35.93829203638496,-8.026622555140314,3.186655184,1.608218504,,,,100.5,2527.0,6.8,823140,666023,664034,823550,592518,593428,657656,701538,665487,53.71,,,,,,,,69,1,4-Seam Fastball,0,2,0,2,2,0,0,2,Standard,Standard,197.0,-0.012,-0.04,72.4,6.7,1.783184412,,0.04,,-2,-2,0.192,0.192,27,35,28,35,1,1,2.0,2.0,3.0,1.0,0.67,0.35,0.35,44.7,15.255476114410444,16.136223763347157,27.95290692179142,32.53486654300498,17.389191157623863,Four-seam,False
FF,2026-05-15,100.9,-1.43,6.34,"Miller, Mason",641487,695243,walk,ball,,,,,12.0,J.P. Crawford walks.,R,L,R,SEA,SD,B,,,3,1,2026,-0.57,1.77,0.0431175400017431,4.453458564585596,,,,0,9,Bot,,,,,,,5.49472125020558,-146.8322107890848,-4.085530077336453,-9.581379009391048,36.326207435140816,-5.779601890117207,3.219127297,1.624606299,,,,101.8,2500.0,6.9,823140,666023,664034,823550,592518,593428,657656,701538,665487,53.62,,0.698418,0.7,1.0,0.0,0.0,,68,5,4-Seam Fastball,0,2,0,2,2,0,0,2,Infield shade,Standard,199.0,0.058,0.258,,,,,-0.258,,-2,-2,0.134,0.134,27,31,28,31,1,3,2.0,1.0,3.0,1.0,0.47,0.57,-0.57,45.2,,,,,,Four-seam,True
FF,2026-05-15,101.0,-1.49,6.43,"Miller, Mason",641487,695243,,ball,,,,,11.0,,R,L,R,SEA,SD,B,,,2,1,2026,-0.49,1.68,-1.4482714347322827,3.2201324486142227,,,,0,9,Bot,,,,,,,1.3302481292495545,-146.91762536843706,-7.50631687109732,-7.443238819516579,35.97278737046024,-6.348047302951704,3.219127297,1.624606299,,,,101.7,2751.0,6.7,823140,666023,664034,823550,592518,593428,657656,701538,665487,53.75,,,,,,,,68,4,4-Seam Fastball,0,2,0,2,2,0,0,2,Infield shade,Standard,201.0,0.029,0.137,,,,,-0.137,,-2,-2,0.105,0.105,27,31,28,31,1,3,2.0,1.0,3.0,1.0,0.57,0.49,-0.49,44.7,,,,,,Four-seam,False
FF,2026-05-15,100.6,-1.61,6.16,"Miller, Mason",641487,695243,,ball,,,,,12.0,,R,L,R,SEA,SD,B,,,1,1,2026,-0.49,1.65,1.2778532620859062,2.561393480041246,,,,0,9,Bot,,,,,,,9.175790044173292,-146.03963331977926,-8.43298188167037,-9.27841770102744,35.30952952631096,-6.644062586288057,3.219127297,1.624606299,,,,101.3,2524.0,6.8,823140,666023,664034,823550,592518,593428,657656,701538,665487,53.65,,,,,,,,68,3,4-Seam Fastball,0,2,0,2,2,0,0,2,Infield shade,Standard,203.0,0.012,0.063,,,,,-0.063,,-2,-2,0.093,0.093,27,31,28,31,1,3,2.0,1.0,3.0,1.0,0.61,0.49,-0.49,40.0,,,,,,Four-seam,False
FF,2026-05-15,101.1,-1.5,6.31,"Miller, Mason",641487,695243,,ball,,,,,12.0,,R,L,R,SEA,SD,B,,,0,1,2026,-0.66,1.5,0.4149764751529433,3.806492124375382,,,,0,9,Bot,,,,,,,6.917065508836998,-147.04212859247036,-5.1328118492154715,-11.194977255521852,36.031454934369016,-9.43951556516576,3.219127297,1.624606299,,,,101.8,2607.0,6.8,823140,666023,664034,823550,592518,593428,657656,701538,665487,53.73,,,,,,,,68,2,4-Seam Fastball,0,2,0,2,2,0,0,2,Strategic,Standard,205.0,0.005,0.029,,,,,-0.029,,-2,-2,0.088,0.088,27,31,28,31,1,3,2.0,1.0,3.0,1.0,0.74,0.66,-0.66,42.1,,,,,,Four-seam,False
SL,2026-05-15,88.2,-1.68,6.2,"Miller, Mason",641487,695243,,called_strike,,,,,6.0,,R,L,R,SEA,SD,S,,,0,0,2026,1.25,-0.49,0.5926704028074505,2.404149150012152,,,,0,9,Bot,,,,,,,2.810511114571148,-128.4749841993555,-1.8450843696314745,13.135352177278612,28.962364129468185,-37.388883579727015,3.219127297,1.624606299,,,,88.5,2410.0,6.6,823140,666023,664034,823550,592518,593428,657656,701538,665487,53.91,,,,,,,,68,1,Slider,0,2,0,2,2,0,0,2,Strategic,Standard,46.0,-0.007,-0.041,,,,,0.041,,-2,-2,0.095,0.095,27,31,28,31,1,3,2.0,1.0,3.0,1.0,3.44,-1.25,1.25,39.4,,,,,,Slider,False
SL,2026-05-15,89.7,-1.56,6.17,"Miller, Mason",656582,695243,strikeout,called_strike,,,,,5.0,Connor Joe called out on strikes.,R,R,R,SEA,SD,S,2.0,,3,2,2026,1.21,-0.55,-0.0063249706864783,2.2062121031587947,680977.0,677594.0,668227.0,2,8,Bot,,,,,,,1.1987355503909063,-130.73298739191023,-2.4195739771716305,13.62654170440195,27.811260724797545,-38.19517177220702,3.173490814,1.601574803,,,,90.7,2337.0,6.8,823140,666023,657757,823550,592518,593428,657656,701538,665487,53.68,,0.0,0.0,1.0,0.0,0.0,,62,7,Slider,0,2,0,2,2,0,0,2,Standard,Standard,38.0,-0.178,-0.281,,,,,0.281,,-2,-2,0.254,0.254,27,33,28,34,1,1,2.0,2.0,3.0,1.0,3.38,-1.21,-1.21,39.6,,,,,,Slider,True
FF,2026-05-15,102.9,-1.46,6.32,"Miller, Mason",656582,695243,,foul,,,,,9.0,,R,R,R,SEA,SD,S,,,3,2,2026,-0.43,1.37,0.4179131887926644,1.6581334310150422,680977.0,677594.0,668227.0,2,8,Bot,,,,,,,6.361806224463944,-149.50150570211568,-11.236092938778512,-7.881277877449946,34.28161252080686,-9.090570776125244,3.173490814,1.601574803,156.0,78.1,13.0,104.0,2621.0,6.9,823140,666023,657757,823550,592518,593428,657656,701538,665487,53.63,,,,,,,,62,6,4-Seam Fastball,0,2,0,2,2,0,0,2,Standard,Standard,204.0,0.0,0.0,75.2,7.5,,,0.0,88.0,-2,-2,0.254,0.254,27,33,28,34,1,1,2.0,2.0,3.0,1.0,0.78,0.43,0.43,42.1,-2.578634067286325,2.5445104141498502,35.246507759327294,44.91003904121486,23.41006183517235,Four-seam,False
FF,2026-05-15,102.7,-1.35,6.39,"Miller, Mason",656582,695243,,ball,,,,,12.0,,R,R,R,SEA,SD,B,,,2,2,2026,-0.21,1.58,0.7048799605826042,3.622219410359129,680977.0,677594.0,668227.0,2,8,Bot,,,,,,,6.307970047646049,-149.38008426560705,-6.357907418675104,-4.659767047208891,35.59230809077388,-7.121369034255903,3.173490814,1.601574803,,,,103.7,2685.0,6.8,823140,666023,657757,823550,592518,593428,657656,701538,665487,53.68,,,,,,,,62,5,4-Seam Fastball,0,2,0,2,2,0,0,2,Standard,Standard,192.0,0.044,0.082,,,,,-0.082,,-2,-2,0.21,0.21,27,33,28,34,1,1,2.0,2.0,3.0,1.0,0.58,0.21,0.21,44.7,,,,,,Four-seam,False
FF,2026-05-15,101.6,-1.51,6.36,"Miller, Mason",656582,695243,,swinging_strike,,,,,6.0,,R,R,R,SEA,SD,S,,,2,1,2026,-0.44,1.46,0.4210288558405706,2.4549180335240415,680977.0,677594.0,668227.0,2,8,Bot,,,,,,,6.4745708244720745,-147.6947293062936,-9.052667114889394,-8.021327697658482,34.769184825589484,-8.783665969448153,3.173490814,1.601574803,,,,102.5,2580.0,6.8,823140,666023,657757,823550,592518,593428,657656,701538,665487,53.69,,,,,,,,62,4,4-Seam Fastball,0,2,0,2,2,0,0,2,Standard,Standard,204.0,-0.037,-0.087,76.6,7.4,0.956898852,,0.087,,-2,-2,0.247,0.247,27,33,28,34,1,1,2.0,2.0,3.0,1.0,0.75,0.44,0.44,42.6,2.324725978803888,7.1927256781727635,27.700363496879532,46.91140830960842,20.615482059991592,Four-seam,False
FF,2026-05-15,102.7,-1.49,6.35,"Miller, Mason",656582,695243,,ball,,,,,14.0,,R,R,R,SEA,SD,B,,,1,1,2026,-0.26,1.58,1.0575586420066323,2.220414099975519,680977.0,677594.0,668227.0,2,8,Bot,,,,,,,7.794588739822847,-149.18937424562588,-10.157977107644625,-5.765657107614084,34.98052556704907,-6.2168290681831495,3.173490814,1.601574803,,,,103.3,2704.0,6.6,823140,666023,657757,823550,592518,593428,657656,701538,665487,53.86,,,,,,,,62,3,4-Seam Fastball,0,2,0,2,2,0,0,2,Standard,Standard,196.0,0.021,0.05,,,,,-0.05,,-2,-2,0.226,0.226,27,33,28,34,1,1,2.0,2.0,3.0,1.0,0.58,0.26,0.26,44.4,,,,,,Four-seam,False
FF,2026-05-15,102.0,-1.62,6.3,"Miller, Mason",656582,695243,,called_strike,,,,,6.0,,R,R,R,SEA,SD,S,,,1,0,2026,-0.34,1.61,0.4953242626378852,2.5133970091829863,680977.0,677594.0,668227.0,2,8,Bot,,,,,,,6.762247993425268,-148.25290549196762,-9.168559129798435,-6.643231395277509,34.276119412654936,-6.418306268123784,3.173490814,1.601574803,,,,103.0,2806.0,6.8,823140,666023,657757,823550,592518,593428,657656,701538,665487,53.7,,,,,,,,62,2,4-Seam Fastball,0,2,0,2,2,0,0,2,Standard,Standard,203.0,-0.021,-0.041,,,,,0.041,,-2,-2,0.247,0.247,27,33,28,34,1,1,2.0,2.0,3.0,1.0,0.58,0.34,0.34,40.2,,,,,,Four-seam,False
SL,2026-05-15,88.9,-1.6,6.19,"Miller, Mason",656582,695243,,ball,,,,,13.0,,R,R,R,SEA,SD,B,,,0,0,2026,0.59,-0.54,-0.3220790183280533,1.4581248857410314,680977.0,677594.0,668227.0,2,8,Bot,,,,,,,1.858842505501723,-129.4730708323347,-4.192536204021797,6.210326933836953,26.917623246521515,-37.563669136168066,3.173490814,1.601574803,,,,89.5,2420.0,6.6,823140,666023,657757,823550,592518,593428,657656,701538,665487,53.9,,,,,,,,62,1,Slider,0,2,0,2,2,0,0,2,Standard,Standard,38.0,0.013,0.029,,,,,-0.029,,-2,-2,0.234,0.234,27,33,28,34,1,1,2.0,2.0,3.0,1.0,3.42,-0.59,-0.59,37.5,,,,,,Slider,False
SL,2026-05-15,88.8,-1.41,6.23,"Miller, Mason",668227,695243,single,hit_into_play,,,,,14.0,Randy Arozarena singles on a ground ball to shortstop Xander Bogaerts. Brendan Donovan to 3rd. Julio Rodríguez to 2nd.,R,R,R,SEA,SD,X,6.0,ground_ball,2,2,2026,0.67,-0.53,0.9938786643065948,1.2837616206990408,,680977.0,677594.0,2,8,Bot,122.15,158.9,,,,,4.399483228200971,-129.12422261697242,-4.627750420948202,6.459227647243983,29.134804676876037,-37.25555824990673,3.127854331,1.578543307,100.0,41.6,37.0,89.1,2489.0,6.7,823140,666023,657757,823550,592518,593428,657656,701538,665487,53.77,0.14,0.129,0.9,1.0,1.0,0.0,1.0,61,5,Slider,0,2,0,2,2,0,0,2,Standard,Standard,36.0,0.083,0.602,57.0,7.8,,0.141,-0.602,88.0,-2,-2,0.151,0.151,27,31,28,31,1,3,2.0,1.0,3.0,1.0,3.45,-0.67,-0.67,41.2,0.0818009062564444,-11.921605004032322,30.20521364001756,43.40082132636355,36.49867295672032,Slider,True
SL,2026-05-15,88.8,-1.61,6.18,"Miller, Mason",668227,695243,,swinging_strike,,,,,14.0,,R,R,R,SEA,SD,S,,,2,1,2026,0.73,-0.58,0.8112617203835422,0.885744391009641,,680977.0,677594.0,2,8,Bot,,,,,,,4.322066697649006,-129.168568303939,-5.35717562360087,7.1585452384254635,29.630282874926785,-37.635666691215626,3.127854331,1.578543307,,,,89.1,2412.0,6.7,823140,666023,657757,823550,592518,593428,657656,701538,665487,53.8,,,,,,,,61,4,Slider,0,2,0,2,2,0,0,2,Strategic,Standard,36.0,-0.02,-0.074,72.8,7.7,1.571300568,,0.074,,-2,-2,0.171,0.171,27,31,28,31,1,3,2.0,1.0,3.0,1.0,3.5,-0.73,-0.73,37.5,9.539956275871363,1.9829004313005951,32.012788562321546,42.18344217460214,28.307421674308777,Slider,False
FF,2026-05-15,102.2,-1.48,6.23,"Miller, Mason",668227,695243,,ball,,,,,14.0,,R,R,R,SEA,SD,B,,,1,1,2026,-0.52,1.25,0.3363067757478715,1.3501340810806193,,680977.0,677594.0,2,8,Bot,,,,,,,6.370478415708265,-148.37102588191942,-11.368447041449846,-9.193567998781331,34.66089573568648,-11.150592681111196,3.127854331,1.578543307,,,,103.0,2585.0,6.8,823140,666023,657757,823550,592518,593428,657656,701538,665487,53.7,,,,,,,,61,3,4-Seam Fastball,0,2,0,2,2,0,0,2,Strategic,Standard,205.0,0.011,0.038,,,,,-0.038,,-2,-2,0.16,0.16,27,31,28,31,1,3,2.0,1.0,3.0,1.0,0.94,0.52,0.52,39.0,,,,,,Four-seam,False
SL,2026-05-15,88.0,-1.43,6.26,"Miller, Mason",668227,695243,,blocked_ball,,,,,14.0,,R,R,R,SEA,SD,B,,,0,1,2026,0.95,-0.92,1.8920281885076464,-0.4150345712990915,,680977.0,677594.0,2,8,Bot,,,,,,,5.9721474546317745,-127.7369059035324,-7.691845221185364,8.793108537629847,31.6327559083509,-40.43590692321248,3.127854331,1.578543307,,,,87.8,2472.0,6.8,823140,666023,657757,823550,592518,593428,657656,701538,665487,53.75,,,,,,,,61,2,Slider,0,2,0,2,2,0,0,2,Strategic,Standard,36.0,0.009,0.017,,,,,-0.017,,-2,-2,0.151,0.151,27,31,28,31,1,3,2.0,1.0,3.0,1.0,3.93,-0.95,-0.95,40.8,,,,,,Slider,False
SL,2026-05-15,87.1,-1.57,6.25,"Miller, Mason",668227,695243,,called_strike,,,,,5.0,,R,R,R,SEA,SD,S,,,0,0,2026,1.03,-0.38,0.1726119679518021,2.5020035482116887,,680977.0,677594.0,2,8,Bot,,,,,,,1.9846571351247295,-126.7523334092724,-1.7417506578865116,10.533916769287686,29.276277369224257,-36.08330506106284,3.127854331,1.578543307,,,,87.2,2429.0,6.7,823140,666023,657757,823550,592518,593428,657656,701538,665487,53.84,,,,,,,,61,1,Slider,0,2,0,2,2,0,0,2,Standard,Standard,41.0,-0.013,-0.032,,,,,0.032,,-2,-2,0.164,0.164,27,31,28,31,1,3,2.0,1.0,3.0,1.0,3.42,-1.03,-1.03,39.4,,,,,,Slider,False
SL,2026-05-13,90.1,-1.63,6.17,"Miller, Mason",694192,695243,strikeout,swinging_strike,,,,,14.0,Jackson Chourio strikes out swinging.,R,R,R,MIL,SD,S,2.0,,1,2,2026,0.33,-0.28,0.6266628914777337,1.491977789158296,,650859.0,,2,9,Bot,,,,,,,4.86753964398463,-131.17650860673473,-4.85530835717508,2.844242519036058,26.975703545870132,-34.61419684853584,3.237557415,1.63390748,,,,91.2,2369.0,6.9,823791,666023,664034,823550,592518,593428,657757,701538,665487,53.61,,0.0,0.0,1.0,0.0,0.0,,71,5,Slider,1,3,1,3,3,1,1,3,Standard,Standard,40.0,-0.05,-0.191,75.1,8.4,12.701646108,,0.191,,-2,-2,0.05,0.05,27,22,28,22,1,4,4.0,1.0,2.0,1.0,3.08,-0.33,-0.33,39.8,19.662799825090996,-37.54801735118119,28.806768845018983,42.77026787670267,52.685359788870976,Slider,True
SL,2026-05-13,90.0,-1.43,6.26,"Miller, Mason",694192,695243,,foul,,,,,6.0,,R,R,R,MIL,SD,S,,,1,2,2026,0.79,-0.4,0.8243432201021482,2.1442986632129557,,650859.0,,2,9,Bot,,,,,,,3.8292578584886945,-131.07917763924218,-3.183752565815212,8.308173464486316,27.540966910458415,-36.319703769571866,3.237557415,1.63390748,2.0,63.9,-52.0,90.7,2501.0,6.6,823791,666023,664034,823550,592518,593428,657757,701538,665487,53.85,,,,,,,,71,4,Slider,1,3,1,3,3,1,1,3,Strategic,Standard,40.0,0.0,0.0,67.5,7.5,,,0.0,88.0,-2,-2,0.05,0.05,27,22,28,22,1,4,4.0,1.0,2.0,1.0,3.21,-0.79,-0.79,43.8,7.774900610778121,-5.887891628617453,25.264437388500376,45.631156337320846,35.93138837407142,Slider,False
FF,2026-05-13,102.1,-1.56,6.27,"Miller, Mason",694192,695243,,swinging_strike,,,,,12.0,,R,R,R,MIL,SD,S,,,1,1,2026,-0.52,1.49,0.4519107280544036,3.91952104751993,,650859.0,,2,9,Bot,,,,,,,6.920559426766123,-148.54189036924316,-4.8877293295255715,-9.220180618774714,33.20302986260594,-9.14076662616963,3.237557415,1.63390748,,,,103.3,2541.0,6.8,823791,666023,664034,823550,592518,593428,657757,701538,665487,53.72,,,,,,,,71,3,4-Seam Fastball,1,3,1,3,3,1,1,3,Standard,Standard,205.0,0.0,-0.069,67.0,6.1,1.424428524,,0.069,,-2,-2,0.05,0.05,27,22,28,22,1,4,4.0,1.0,2.0,1.0,0.69,0.52,0.52,42.5,7.613870978800902,32.31302047506944,14.952920802888562,44.93548441969706,6.18517567303434,Four-seam,False
SL,2026-05-13,89.1,-1.49,6.16,"Miller, Mason",694192,695243,,called_strike,,,,,5.0,,R,R,R,MIL,SD,S,,,1,0,2026,1.1,-0.17,-0.1350799087440628,2.386357412754421,,650859.0,,2,9,Bot,,,,,,,0.9420589852614892,-129.7653285653921,-2.682450510799282,12.282872216606842,26.548829919470244,-33.737753490907,3.237557415,1.63390748,,,,89.6,2423.0,6.5,823791,666023,664034,823550,592518,593428,657757,701538,665487,53.98,,,,,,,,71,2,Slider,1,3,1,3,3,1,1,3,Standard,Standard,41.0,-0.005,-0.044,,,,,0.044,,-2,-2,0.055,0.055,27,22,28,22,1,4,4.0,1.0,2.0,1.0,3.03,-1.1,-1.1,40.5,,,,,,Slider,False
FF,2026-05-13,102.5,-1.58,6.31,"Miller, Mason",694192,695243,,ball,,,,,11.0,,R,R,R,MIL,SD,B,,,0,0,2026,-0.4,1.51,-0.1234604915113929,4.900337887932693,,650859.0,,2,9,Bot,,,,,,,5.092703832093731,-149.27069160857104,-2.3451831878913523,-7.190980778454613,35.37204182494277,-9.184951316305437,3.237557415,1.63390748,,,,103.6,2631.0,6.8,823791,666023,664034,823550,592518,593428,657757,701538,665487,53.69,,,,,,,,71,1,4-Seam Fastball,1,3,1,3,3,1,1,3,Standard,Standard,201.0,0.005,0.021,,,,,-0.021,,-2,-2,0.05,0.05,27,22,28,22,1,4,4.0,1.0,2.0,1.0,0.65,0.4,0.4,43.2,,,,,,Four-seam,False
FF,2026-05-13,102.9,-1.54,6.32,"Miller, Mason",596142,695243,field_out,hit_into_play,,,,,13.0,"Gary Sánchez grounds out softly, shortstop Xander Bogaerts to first baseman Ty France. Luis Rengifo to 2nd.",R,R,R,MIL,SD,X,6.0,ground_ball,2,2,2026,-0.96,1.26,-0.8492787708157914,2.284703098570164,,,650859.0,1,9,Bot,113.68,163.65,,,,,4.323172141619592,-149.63699760169132,-9.1358063833494,-15.46319511146524,35.305939315045876,-11.260991797053077,3.311277887,1.671112205,3.0,45.9,-42.0,103.5,2568.0,6.6,823791,666023,664034,823550,592518,593428,657757,701538,665487,53.89,0.24,0.22,0.0,1.0,0.0,0.0,1.0,70,5,4-Seam Fastball,1,3,1,3,3,1,1,3,Standard,Standard,212.0,-0.052,-0.294,69.8,6.1,,0.24,0.294,88.0,-2,-2,0.102,0.102,27,33,28,34,1,0,4.0,3.0,2.0,1.0,0.89,0.96,0.96,40.0,-11.534608773887363,14.46176553225856,30.7880408867251,24.80579753434095,26.262287464105498,Four-seam,True
FF,2026-05-13,101.8,-1.61,6.25,"Miller, Mason",596142,695243,,foul,,,,,6.0,,R,R,R,MIL,SD,S,,,2,1,2026,-0.27,1.21,0.3054037324813056,2.5715130109072435,,,650859.0,1,9,Bot,,,,,,,6.021154362790247,-147.98745608323878,-7.865831713789205,-5.39924533406097,33.555731618684916,-12.66806645723836,3.311277887,1.671112205,162.0,78.0,64.0,103.0,2489.0,6.9,823791,666023,664034,823550,592518,593428,657757,701538,665487,53.64,,,,,,,,70,4,4-Seam Fastball,1,3,1,3,3,1,1,3,Standard,Standard,204.0,-0.02,-0.079,73.3,7.0,,,0.079,88.0,-2,-2,0.122,0.122,27,33,28,34,1,0,4.0,3.0,2.0,1.0,0.98,0.27,0.27,42.1,-2.459886038061152,14.54133263429797,22.451785395116183,39.10989538476406,28.942754820468863,Four-seam,False
FF,2026-05-13,102.2,-1.59,6.26,"Miller, Mason",596142,695243,,swinging_strike,,,,,2.0,,R,R,R,MIL,SD,S,,,2,0,2026,-0.27,1.24,0.2479064467078666,2.9751232634328177,,,650859.0,1,9,Bot,,,,,,,5.832045352786555,-148.62478020967993,-6.894214901671635,-5.381577493071488,33.955698738191685,-12.328259055623722,3.311277887,1.671112205,,,,103.3,2568.0,6.8,823791,666023,664034,823550,592518,593428,657757,701538,665487,53.69,,,,,,,,70,3,4-Seam Fastball,1,3,1,3,3,1,1,3,Standard,Standard,207.0,-0.02,-0.048,71.2,6.9,0.978427056,,0.048,,-2,-2,0.142,0.142,27,33,28,34,1,0,4.0,3.0,2.0,1.0,0.94,0.27,0.27,41.5,5.3769403353960215,8.631482626450568,21.47712768419607,38.51305503180029,24.73692473083637,Four-seam,False
SL,2026-05-13,87.8,-1.62,6.18,"Miller, Mason",596142,695243,,ball,,,,,11.0,,R,R,R,MIL,SD,B,,,1,0,2026,0.74,-0.38,-0.8110011789919233,3.758573249762808,,,650859.0,1,9,Bot,,,,,,,0.3741875829637671,-127.86076820408894,1.2417910597724515,8.055750188414326,25.987517381439623,-36.80673334089465,3.311277887,1.671112205,,,,88.5,2454.0,6.6,823791,666023,664034,823550,592518,593428,657757,701538,665487,53.85,,,,,,,,70,2,Slider,1,3,1,3,3,1,1,3,Standard,Standard,42.0,0.02,0.066,,,,,-0.066,,-2,-2,0.122,0.122,27,33,28,34,1,0,4.0,3.0,2.0,1.0,3.33,-0.74,-0.74,41.1,,,,,,Slider,False
SL,2026-05-13,88.1,-1.62,6.23,"Miller, Mason",596142,695243,,ball,,,,,14.0,,R,R,R,MIL,SD,B,,,0,0,2026,0.63,-0.4,0.7949925625413318,1.1935249091197488,,,650859.0,1,9,Bot,,,,,,,4.504176405881352,-128.16739561940057,-5.060246163502647,6.01044856644284,26.23065356028337,-35.73734351760631,3.311277887,1.671112205,,,,89.0,2422.0,6.9,823791,666023,664034,823550,592518,593428,657757,701538,665487,53.64,,,,,,,,70,1,Slider,1,3,1,3,3,1,1,3,Standard,Standard,34.0,0.01,0.034,,,,,-0.034,,-2,-2,0.112,0.112,27,33,28,34,1,0,4.0,3.0,2.0,1.0,3.33,-0.63,-0.63,42.0,,,,,,Slider,False
SL,2026-05-13,87.8,-1.62,6.17,"Miller, Mason",686217,695243,strikeout,called_strike,,,,,2.0,Sal Frelick called out on strikes.,R,L,R,MIL,SD,S,2.0,,3,2,2026,0.93,-0.34,-0.1989863832440487,2.9845802717210317,,,650859.0,0,9,Bot,,,,,,,1.4414861511655386,-127.8869732078577,-0.6686179821275415,9.947511963643093,26.07737973630112,-36.03598998669818,3.062910105,1.545767717,,,,88.6,2442.0,6.7,823791,666023,664034,823550,592518,593428,657757,701538,665487,53.8,,0.0,0.0,1.0,0.0,0.0,,69,6,Slider,1,3,1,3,3,1,1,3,Standard,Standard,40.0,-0.101,-0.309,,,,,0.309,,-2,-2,0.213,0.213,27,26,28,26,1,3,4.0,1.0,2.0,1.0,3.29,-0.93,0.93,39.6,,,,,,Slider,True
SL,2026-05-13,88.4,-1.65,6.14,"Miller, Mason",686217,695243,,blocked_ball,,,,,14.0,,R,L,R,MIL,SD,B,,,2,2,2026,0.76,-0.67,1.1602477927508583,0.6031060750981934,,,650859.0,0,9,Bot,,,,,,,5.201603413487627,-128.51908459539248,-5.703946851958553,7.194210004881966,28.154499550343868,-38.534534965974,3.062910105,1.545767717,,,,89.0,2534.0,6.8,823791,666023,664034,823550,592518,593428,657757,701538,665487,53.67,,,,,,,,69,5,Slider,1,3,1,3,3,1,1,3,Standard,Standard,37.0,0.033,0.093,,,,,-0.093,,-2,-2,0.18,0.18,27,26,28,26,1,3,4.0,1.0,2.0,1.0,3.61,-0.76,0.76,40.3,,,,,,Slider,False
SL,2026-05-13,87.7,-1.62,6.14,"Miller, Mason",686217,695243,,ball,,,,,14.0,,R,L,R,MIL,SD,B,,,1,2,2026,0.4,-0.7,0.1477947158490795,0.7829205622547026,,,650859.0,0,9,Bot,,,,,,,3.4021224920655637,-127.66961405214428,-5.097055691739399,3.650396947365536,27.353359415460204,-38.959194242059795,3.062910105,1.545767717,,,,88.5,2357.0,6.8,823791,666023,664034,823550,592518,593428,657757,701538,665487,53.65,,,,,,,,69,4,Slider,1,3,1,3,3,1,1,3,Standard,Standard,39.0,0.012,0.043,,,,,-0.043,,-2,-2,0.168,0.168,27,26,28,26,1,3,4.0,1.0,2.0,1.0,3.67,-0.4,0.4,40.4,,,,,,Slider,False
SL,2026-05-13,88.2,-1.67,6.14,"Miller, Mason",686217,695243,,called_strike,,,,,8.0,,R,L,R,MIL,SD,S,,,1,1,2026,0.79,-0.6,0.0060977941771341,1.7012115774048078,,,650859.0,0,9,Bot,,,,,,,2.3646586204440743,-128.48094645637914,-3.1950690556637835,8.274838295943429,27.49656200802444,-38.327234928278806,3.062910105,1.545767717,,,,88.9,2427.0,6.8,823791,666023,664034,823550,592518,593428,657757,701538,665487,53.74,,,,,,,,69,3,Slider,1,3,1,3,3,1,1,3,Standard,Standard,41.0,-0.02,-0.054,,,,,0.054,,-2,-2,0.188,0.188,27,26,28,26,1,3,4.0,1.0,2.0,1.0,3.53,-0.79,0.79,37.6,,,,,,Slider,False
SL,2026-05-13,87.2,-1.65,6.26,"Miller, Mason",686217,695243,,ball,,,,,13.0,,R,L,R,MIL,SD,B,,,0,1,2026,0.47,-0.62,-0.3143910154194458,1.3409996972614002,,,650859.0,0,9,Bot,,,,,,,2.2132965561301323,-127.0072913712077,-4.141247990991624,4.631756391971641,25.803203468462655,-38.24478273786326,3.062910105,1.545767717,,,,88.0,2471.0,6.7,823791,666023,664034,823550,592518,593428,657757,701538,665487,53.79,,,,,,,,69,2,Slider,1,3,1,3,3,1,1,3,Standard,Standard,35.0,0.008,0.026,,,,,-0.026,,-2,-2,0.18,0.18,27,26,28,26,1,3,4.0,1.0,2.0,1.0,3.61,-0.47,0.47,40.4,,,,,,Slider,False
FF,2026-05-13,100.3,-1.65,6.3,"Miller, Mason",686217,695243,,foul,,,,,12.0,,R,L,R,MIL,SD,S,,,0,0,2026,-0.6,1.42,0.4446410038775522,3.6008907714382183,,,650859.0,0,9,Bot,,,,,,,7.225444863301676,-145.8898243105545,-5.371732974918474,-10.246371054495024,32.958973968285136,-10.854013947599633,3.062910105,1.545767717,262.0,76.8,39.0,101.3,2576.0,6.8,823791,666023,664034,823550,592518,593428,657757,701538,665487,53.73,,,,,,,,69,1,4-Seam Fastball,1,3,1,3,3,1,1,3,Standard,Standard,201.0,-0.012,-0.04,63.5,6.2,,,0.04,88.0,-2,-2,0.192,0.192,27,26,28,26,1,3,4.0,1.0,2.0,1.0,0.84,0.6,-0.6,41.8,4.908697876391115,-0.4342029865836023,19.02424656979595,31.718538865880777,22.37261179076645,Four-seam,False
FF,2026-05-13,101.6,-1.52,6.35,"Miller, Mason",650859,695243,single,hit_into_play,,,,,11.0,Luis Rengifo singles on a line drive to left fielder Gavin Sheets.,R,L,R,MIL,SD,X,7.0,line_drive,1,2,2026,-0.6,1.3,-0.6441292634639749,3.3931039896781914,,,,0,9,Bot,59.46,115.73,,,,,3.9106350007866375,-147.84658830876643,-6.026460444285719,-9.771389925252247,33.748198778989064,-11.92533898885718,3.087483596,1.558169291,196.0,93.4,12.0,102.6,2500.0,6.7,823791,666023,664034,823550,592518,593428,657757,701538,665487,53.78,0.86,0.836,0.9,1.0,1.0,0.0,4.0,68,4,4-Seam Fastball,1,3,1,3,3,1,1,3,Infield shade,Standard,205.0,0.111,0.517,65.4,6.1,,1.003,-0.517,93.4,-2,-2,0.081,0.081,27,29,28,29,1,3,4.0,3.0,2.0,1.0,0.9,0.6,-0.6,43.0,-0.2994364433466481,21.49760022840154,15.944451199470585,40.475518877759555,17.585266539762394,Four-seam,True
SL,2026-05-13,88.9,-1.47,6.21,"Miller, Mason",650859,695243,,ball,,,,,14.0,,R,L,R,MIL,SD,B,,,0,2,2026,0.46,-0.5,1.270276292063421,-0.1663205129413238,,,,0,9,Bot,,,,,,,5.698373966720361,-129.16298744148702,-8.261960804568092,4.01854963845433,26.445809809424684,-36.30445479494178,3.087483596,1.558169291,,,,89.8,2486.0,6.9,823791,666023,664034,823550,592518,593428,657757,701538,665487,53.62,,,,,,,,68,3,Slider,1,3,1,3,3,1,1,3,Infield shade,Standard,38.0,0.005,0.022,,,,,-0.022,,-2,-2,0.076,0.076,27,29,28,29,1,3,4.0,3.0,2.0,1.0,3.39,-0.46,0.46,40.2,,,,,,Slider,False
SL,2026-05-13,88.4,-1.62,6.24,"Miller, Mason",650859,695243,,swinging_strike,,,,,14.0,,R,L,R,MIL,SD,S,,,0,1,2026,0.56,-0.33,0.2490272465051476,0.8573940136256657,,,,0,9,Bot,,,,,,,3.3408372286224783,-128.77242099101915,-6.159529282837606,5.5755594621825,25.279194271720968,-34.872446178718384,3.087483596,1.558169291,,,,89.4,2489.0,6.7,823791,666023,664034,823550,592518,593428,657757,701538,665487,53.76,,,,,,,,68,2,Slider,1,3,1,3,3,1,1,3,Standard,Standard,37.0,-0.012,-0.054,72.3,9.0,9.005526804,,0.054,,-2,-2,0.088,0.088,27,29,28,29,1,3,4.0,3.0,2.0,1.0,3.23,-0.56,0.56,40.3,27.63950342258464,-50.31454939051629,34.90917265683439,32.593806690333494,56.96833866635169,Slider,False
FF,2026-05-13,100.6,-1.72,6.36,"Miller, Mason",650859,695243,,called_strike,,,,,1.0,,R,L,R,MIL,SD,S,,,0,0,2026,-0.59,1.13,-0.3926526159728787,2.7782848743942856,,,,0,9,Bot,,,,,,,5.110524163239403,-146.45931978629054,-7.200599730372913,-9.687942002173491,31.64790999106471,-14.39439018229046,3.087483596,1.558169291,,,,101.7,2523.0,6.7,823791,666023,664034,823550,592518,593428,657757,701538,665487,53.84,,,,,,,,68,1,4-Seam Fastball,1,3,1,3,3,1,1,3,Strategic,Standard,202.0,-0.007,-0.041,,,,,0.041,,-2,-2,0.095,0.095,27,29,28,29,1,3,4.0,3.0,2.0,1.0,1.1,0.59,-0.59,40.8,,,,,,Four-seam,False
FF,2026-05-09,101.8,-1.45,6.26,"Miller, Mason",802139,695243,strikeout,called_strike,,,,,5.0,JJ Wetherholt called out on strikes.,R,L,R,SD,STL,S,2.0,,1,2,2026,-0.71,1.38,0.1315628847758697,2.452301153407034,669357.0,701675.0,650968.0,2,9,Top,,,,,,,6.17051685460172,-147.95135163042826,-8.61234111146375,-11.941783102289309,36.94822351629987,-10.000682036418606,3.096259843,1.562598425,,,,102.6,2551.0,6.9,823304,666023,664034,823550,592518,593428,657656,701538,665487,53.6,,0.0,0.0,1.0,0.0,0.0,,69,4,4-Seam Fastball,4,2,2,4,2,4,2,4,Infield shade,Standard,206.0,0.104,-0.173,,,,,0.173,,2,-2,0.896,0.104,27,23,28,24,1,4,3.0,1.0,4.0,1.0,0.83,0.71,-0.71,42.1,,,,,,Four-seam,True
SL,2026-05-09,88.9,-1.62,6.0,"Miller, Mason",802139,695243,,swinging_strike,,,,,5.0,,R,L,R,SD,STL,S,,,1,1,2026,1.18,-0.5,0.2503302450877794,2.067694906929591,669357.0,701675.0,650968.0,2,9,Top,,,,,,,2.032946472378699,-129.37859793948752,-2.21455495366085,12.580706030825716,30.96546956199959,-37.43826525244567,3.096259843,1.562598425,,,,89.4,2462.0,6.9,823304,666023,664034,823550,592518,593428,657656,701538,665487,53.59,,,,,,,,69,3,Slider,4,2,2,4,2,4,2,4,Infield shade,Standard,39.0,0.037,-0.064,74.2,8.7,1.753991664,,0.064,,2,-2,0.859,0.141,27,23,28,24,1,4,3.0,1.0,4.0,1.0,3.42,-1.18,1.18,37.8,23.74578093705061,-26.69509368893079,29.794873640016863,31.966376424646377,44.25611507419231,Slider,False
SL,2026-05-09,88.4,-1.44,6.16,"Miller, Mason",802139,695243,,called_strike,,,,,9.0,,R,L,R,SD,STL,S,,,1,0,2026,1.06,-0.33,0.7296369404325918,1.709291634582844,669357.0,701675.0,650968.0,2,9,Top,,,,,,,2.9926046421550865,-128.61394812048604,-3.7403131717518376,10.872412281970377,30.80505024642757,-35.118171132443116,3.096259843,1.562598425,,,,88.5,2556.0,6.7,823304,666023,664034,823550,592518,593428,657656,701538,665487,53.79,,,,,,,,69,2,Slider,4,2,2,4,2,4,2,4,Infield shade,Standard,35.0,0.016,-0.041,,,,,0.041,,2,-2,0.843,0.157,27,23,28,24,1,4,3.0,1.0,4.0,1.0,3.28,-1.06,1.06,40.9,,,,,,Slider,False
SL,2026-05-09,88.1,-1.61,6.05,"Miller, Mason",802139,695243,,ball,,,,,13.0,,R,L,R,SD,STL,B,,,0,0,2026,0.74,-0.41,-0.2983315058954541,1.2957657384229662,669357.0,701675.0,650968.0,2,9,Top,,,,,,,1.5723916398964883,-128.16812544797318,-4.296760915840429,7.798621712965862,28.962036927314173,-35.944469587033225,3.096259843,1.562598425,,,,88.8,2503.0,7.0,823304,666023,664034,823550,592518,593428,657656,701538,665487,53.54,,,,,,,,69,1,Slider,4,2,2,4,2,4,2,4,Infield shade,Standard,37.0,-0.009,0.029,,,,,-0.029,,2,-2,0.852,0.148,27,23,28,24,1,4,3.0,1.0,4.0,1.0,3.37,-0.74,0.74,38.2,,,,,,Slider,False
SL,2026-05-09,88.8,-1.4,6.14,"Miller, Mason",650968,695243,strikeout,swinging_strike,,,,,13.0,Yohel Pozo strikes out swinging. Nolan Gorman to 3rd. Nathan Church to 2nd. Yohel Pozo to 1st. Wild pitch by pitcher Mason Miller.,R,R,R,SD,STL,S,,,0,2,2026,0.57,-0.45,-0.4271598018399812,-0.4511067054556186,,669357.0,701675.0,2,9,Top,,,,,,,1.1424946085735526,-129.06921207143446,-8.780268426504973,5.973349399564402,31.06971046840613,-35.31074650909842,3.165592192,1.597588583,,,,89.1,2446.0,6.9,823304,666023,664034,823550,592518,593428,657656,701538,665487,53.58,,0.0,0.7,1.0,0.0,0.0,,68,3,Slider,4,2,2,4,2,4,2,4,Standard,Standard,34.0,-0.101,0.47,,,,,-0.47,,2,-2,0.953,0.047,27,29,28,29,1,0,3.0,13.0,4.0,3.0,3.39,-0.57,-0.57,41.9,,,,,,Slider,True
SL,2026-05-09,89.3,-1.41,6.1,"Miller, Mason",650968,695243,,swinging_strike,,,,,14.0,,R,R,R,SD,STL,S,,,0,1,2026,0.61,-0.57,0.9970337626823028,1.0220992378256517,,669357.0,701675.0,2,9,Top,,,,,,,4.572208306222238,-129.89946038096193,-4.917836270788426,5.694452475061436,31.796215409076737,-37.5872766040954,3.165592192,1.597588583,,,,89.6,2573.0,6.9,823304,666023,664034,823550,592518,593428,657656,701538,665487,53.64,,,,,,,,68,2,Slider,4,2,2,4,2,4,2,4,Standard,Standard,32.0,0.019,-0.056,63.3,8.8,5.887396752,,0.056,,2,-2,0.934,0.066,27,29,28,29,1,0,3.0,13.0,4.0,3.0,3.47,-0.61,-0.61,40.6,16.827702622848157,-22.144112443810737,25.813036224673713,48.356080278796526,46.21751303427112,Slider,False
SL,2026-05-09,87.6,-1.49,6.1,"Miller, Mason",650968,695243,,swinging_strike,,,,,7.0,,R,R,R,SD,STL,S,,,0,0,2026,0.81,-0.42,-0.7011215808889479,1.855708098763683,,669357.0,701675.0,2,9,Top,,,,,,,0.1737494848936867,-127.48578213610756,-2.956997104848502,8.724996122995408,29.27252042463095,-36.236644090775464,3.165592192,1.597588583,,,,88.3,2315.0,7.0,823304,666023,664034,823550,592518,593428,657656,701538,665487,53.5,,,,,,,,68,1,Slider,4,2,2,4,2,4,2,4,Standard,Standard,34.0,0.012,-0.032,63.8,8.8,8.495249556,,0.032,,2,-2,0.922,0.078,27,29,28,29,1,0,3.0,13.0,4.0,3.0,3.41,-0.81,-0.81,40.3,30.401969347912832,-56.962370796848475,30.20404877567363,30.17977816309747,63.23202478200801,Slider,False
FF,2026-05-09,102.1,-1.39,6.25,"Miller, Mason",695336,695243,strikeout,swinging_strike,,,,,3.0,Thomas Saggese strikes out swinging.,R,R,R,SD,STL,S,2.0,,0,2,2026,-0.11,1.19,0.7881180835110948,2.954770134886098,,669357.0,701675.0,1,9,Top,,,,,,,6.397225955272005,-148.48604552165182,-6.79778521346999,-3.1154800566368683,36.175560695766,-13.099933728566407,3.141018701,1.585187008,,,,103.4,2669.0,7.1,823304,666023,664034,823550,592518,593428,657656,701538,665487,53.42,,0.0,0.0,1.0,0.0,0.0,,67,4,4-Seam Fastball,4,2,2,4,2,4,2,4,Standard,Strategic,198.0,0.058,-0.139,69.4,6.3,2.37394722,,0.139,,2,-2,0.864,0.136,27,24,28,24,1,3,3.0,12.0,4.0,1.0,1.0,0.11,0.11,41.4,0.327774050137322,25.91758603368903,27.891710447382657,45.91875810667726,12.452375880606567,Four-seam,True
SL,2026-05-09,88.9,-1.27,6.18,"Miller, Mason",695336,695243,,foul,,,,,5.0,,R,R,R,SD,STL,S,,,0,2,2026,1.02,-0.16,0.2577915080267987,2.0706690824948963,,669357.0,701675.0,1,9,Top,,,,,,,1.545171186203902,-129.4290763841222,-3.375536212759291,10.910496916367572,31.100728287586374,-33.402294330050424,3.141018701,1.585187008,5.0,68.1,-24.0,89.3,2365.0,6.8,823304,666023,664034,823550,592518,593428,657656,701538,665487,53.67,,,,,,,,67,3,Slider,4,2,2,4,2,4,2,4,Standard,Standard,29.0,0.0,0.0,75.5,7.7,,,0.0,88.0,2,-2,0.864,0.136,27,24,28,24,1,3,3.0,12.0,4.0,1.0,3.08,-1.02,-1.02,40.6,5.266787199798498,-22.10452259196171,35.67230743061705,38.36428705993121,44.462188264002094,Slider,False
SL,2026-05-09,88.1,-1.35,6.09,"Miller, Mason",695336,695243,,swinging_strike,,,,,14.0,,R,R,R,SD,STL,S,,,0,1,2026,0.82,-0.35,1.3756400191305065,0.5391392946260223,,669357.0,701675.0,1,9,Top,,,,,,,4.819874960755861,-128.07254877030934,-6.303490701270608,7.903337011769033,29.155365779528086,-34.80748506813844,3.141018701,1.585187008,,,,88.3,2479.0,6.7,823304,666023,664034,823550,592518,593428,657656,701538,665487,53.81,,,,,,,,67,2,Slider,4,2,2,4,2,4,2,4,Standard,Standard,32.0,0.024,-0.062,77.0,8.4,9.692114664,,0.062,,2,-2,0.84,0.16,27,24,28,24,1,3,3.0,12.0,4.0,1.0,3.32,-0.82,-0.82,39.3,19.837710261958367,-21.766667920827324,34.267626844027404,50.257310629222275,44.04745867905393,Slider,False
SL,2026-05-09,87.0,-1.37,6.13,"Miller, Mason",695336,695243,,called_strike,,,,,6.0,,R,R,R,SD,STL,S,,,0,0,2026,0.84,-0.58,0.4328377787524725,2.111876707512577,,669357.0,701675.0,1,9,Top,,,,,,,2.527945940281546,-126.6654666563352,-1.951069163808566,8.405391602877986,29.20813769516012,-38.1955645439411,3.141018701,1.585187008,,,,87.6,2475.0,6.9,823304,666023,664034,823550,592518,593428,657656,701538,665487,53.58,,,,,,,,67,1,Slider,4,2,2,4,2,4,2,4,Standard,Standard,35.0,0.014,-0.041,,,,,0.041,,2,-2,0.826,0.174,27,24,28,24,1,3,3.0,12.0,4.0,1.0,3.62,-0.84,-0.84,40.8,,,,,,Slider,False
FF,2026-05-09,101.3,-1.32,6.17,"Miller, Mason",701675,695243,walk,ball,,,,,14.0,Nathan Church walks. Nolan Gorman to 2nd.,R,L,R,SD,STL,B,,,3,1,2026,-0.36,1.44,0.759985979604987,0.8749462236133606,,,669357.0,1,9,Top,,,,,,,6.678432238539037,-146.85689247986087,-12.789692815549868,-6.796115589379197,35.47827547564341,-8.381528696094838,3.112934711,1.57101378,,,,102.2,2629.0,7.0,823304,666023,664034,823550,592518,593428,657656,701538,665487,53.45,,0.698418,0.7,1.0,0.0,0.0,,66,5,4-Seam Fastball,4,2,2,4,2,4,2,4,Infield shade,Standard,204.0,-0.05,0.165,,,,,-0.165,,2,-2,0.876,0.124,27,25,28,26,1,3,3.0,1.0,4.0,1.0,0.8,0.36,-0.36,42.7,,,,,,Four-seam,True
SL,2026-05-09,87.9,-1.54,6.07,"Miller, Mason",701675,695243,,ball,,,,,11.0,,R,L,R,SD,STL,B,,,2,1,2026,0.59,-0.53,-1.2337619172400491,2.687750499915589,,,669357.0,1,9,Top,,,,,,,-0.5141836454779201,-127.92255069847263,-0.6768174889484802,6.533342513276118,29.115371190698408,-38.05358320463634,3.112934711,1.57101378,,,,88.6,2336.0,6.9,823304,666023,664034,823550,592518,593428,657656,701538,665487,53.55,,,,,,,,66,4,Slider,4,2,2,4,2,4,2,4,Infield shade,Standard,40.0,-0.026,0.097,,,,,-0.097,,2,-2,0.902,0.098,27,25,28,26,1,3,3.0,1.0,4.0,1.0,3.51,-0.59,0.59,38.0,,,,,,Slider,False
FF,2026-05-09,100.5,-1.5,6.14,"Miller, Mason",701675,695243,,foul,,,,,2.0,,R,L,R,SD,STL,S,,,2,0,2026,-0.15,1.46,0.1633465430338772,3.1655254691945953,,,669357.0,1,9,Top,,,,,,,4.961860441407534,-146.14084536140757,-6.249158008446216,-3.410557438099875,36.989351783608,-9.977850116598516,3.112934711,1.57101378,190.0,68.0,44.0,101.4,2529.0,7.0,823304,666023,664034,823550,592518,593428,657656,701538,665487,53.52,,,,,,,,66,3,4-Seam Fastball,4,2,2,4,2,4,2,4,Infield shade,Standard,202.0,0.017,-0.048,64.6,6.0,,,0.048,88.0,2,-2,0.885,0.115,27,25,28,26,1,3,3.0,1.0,4.0,1.0,0.81,0.15,-0.15,40.9,-0.1116089820701493,18.23300654673902,24.083023191845214,34.09993808781379,19.36599728524635,Four-seam,False
SL,2026-05-09,87.5,-1.53,6.04,"Miller, Mason",701675,695243,,ball,,,,,13.0,,R,L,R,SD,STL,B,,,1,0,2026,0.74,-0.18,-0.3847826704672967,1.3101842087732771,,,669357.0,1,9,Top,,,,,,,1.187326311962738,-127.35308611042804,-4.6501610105113915,7.729918912242216,27.19486169878572,-33.33158859617156,3.112934711,1.57101378,,,,88.3,2447.0,6.9,823304,666023,664034,823550,592518,593428,657656,701538,665487,53.63,,,,,,,,66,2,Slider,4,2,2,4,2,4,2,4,Infield shade,Standard,31.0,-0.017,0.066,,,,,-0.066,,2,-2,0.902,0.098,27,25,28,26,1,3,3.0,1.0,4.0,1.0,3.16,-0.74,0.74,36.5,,,,,,Slider,False
SL,2026-05-09,87.6,-1.6,6.12,"Miller, Mason",701675,695243,,ball,,,,,1.0,,R,L,R,SD,STL,B,,,0,0,2026,0.87,-0.1,-0.7511123377311975,2.7830278924520786,,,669357.0,1,9,Top,,,,,,,0.1854374036625777,-127.5544262790036,-1.4663257125140192,9.42895774180703,28.36783549432095,-33.21405284095348,3.112934711,1.57101378,,,,88.2,2365.0,6.8,823304,666023,664034,823550,592518,593428,657656,701538,665487,53.71,,,,,,,,66,1,Slider,4,2,2,4,2,4,2,4,Infield shade,Standard,34.0,-0.008,0.034,,,,,-0.034,,2,-2,0.91,0.09,27,25,28,26,1,3,3.0,1.0,4.0,1.0,3.09,-0.87,0.87,37.6,,,,,,Slider,False
FF,2026-05-09,101.7,-1.25,6.15,"Miller, Mason",691026,695243,strikeout,swinging_strike,,,,,3.0,Masyn Winn strikes out swinging.,R,R,R,SD,STL,S,2.0,,3,2,2026,-0.11,1.47,0.592835385011112,2.7228103454346453,,,669357.0,0,9,Top,,,,,,,5.404779176808575,-147.91416188227092,-7.740574251744549,-2.9544524960324567,36.91098682078088,-8.993107386137224,3.081340223,1.555068898,,,,102.4,2480.0,6.8,823304,666023,664034,823550,592518,593428,657656,701538,665487,53.68,,0.0,0.0,1.0,0.0,0.0,,65,6,4-Seam Fastball,4,2,2,4,2,4,2,4,Standard,Standard,202.0,0.084,-0.309,67.9,6.4,0.1,,0.309,,2,-2,0.826,0.174,27,24,28,24,1,3,3.0,1.0,4.0,1.0,0.75,0.11,0.11,43.8,-1.3180168141785809,21.97513739454026,23.626275454804016,41.875732056320174,17.231511722745818,Four-seam,True
FF,2026-05-09,100.4,-1.38,6.27,"Miller, Mason",691026,695243,,foul,,,,,1.0,,R,R,R,SD,STL,S,,,3,1,2026,-0.43,1.4,-0.322270074062304,2.694330745039082,,,669357.0,0,9,Top,,,,,,,3.97564813260977,-145.9746614779923,-7.756465889995366,-7.122565760581475,35.07512200612137,-10.488649761665178,3.081340223,1.555068898,,,,101.2,2580.0,6.8,823304,666023,664034,823550,592518,593428,657656,701538,665487,53.69,,,,,,,,65,5,4-Seam Fastball,4,2,2,4,2,4,2,4,Standard,Standard,208.0,0.031,-0.094,74.8,6.7,,,0.094,,2,-2,0.795,0.205,27,24,28,24,1,3,3.0,1.0,4.0,1.0,0.87,0.43,0.43,43.8,2.8367630565412147,3.2138876226672997,27.344339803176283,30.292216192734223,33.18884656168082,Four-seam,False
FF,2026-05-09,101.0,-1.34,6.26,"Miller, Mason",691026,695243,,called_strike,,,,,11.0,,R,R,R,SD,STL,S,,,3,0,2026,-0.43,1.45,-0.2193457523237375,3.305934546869705,,,669357.0,0,9,Top,,,,,,,4.145423520085819,-146.978697144737,-6.2910430035942815,-7.150114700889665,34.567669545582795,-9.81635578110836,3.081340223,1.555068898,,,,101.9,2593.0,6.8,823304,666023,664034,823550,592518,593428,657656,701538,665487,53.74,,,,,,,,65,4,4-Seam Fastball,4,2,2,4,2,4,2,4,Standard,Standard,207.0,0.024,-0.092,,,,,0.092,,2,-2,0.771,0.229,27,24,28,24,1,3,3.0,1.0,4.0,1.0,0.78,0.43,0.43,42.4,,,,,,Four-seam,False
FF,2026-05-09,101.7,-1.43,6.26,"Miller, Mason",691026,695243,,ball,,,,,11.0,,R,R,R,SD,STL,B,,,2,0,2026,-0.33,1.25,-0.1140816903400982,3.5914603258356617,,,669357.0,0,9,Top,,,,,,,4.488332404338414,-148.0186581725047,-5.104847976050699,-5.877591231215684,35.613254182611165,-12.735462354614205,3.081340223,1.555068898,,,,102.5,2505.0,6.7,823304,666023,664034,823550,592518,593428,657656,701538,665487,53.76,,,,,,,,65,3,4-Seam Fastball,4,2,2,4,2,4,2,4,Standard,Standard,206.0,-0.036,0.142,,,,,-0.142,,2,-2,0.807,0.193,27,24,28,24,1,3,3.0,1.0,4.0,1.0,0.95,0.33,0.33,43.5,,,,,,Four-seam,False
FF,2026-05-09,101.2,-1.37,6.19,"Miller, Mason",691026,695243,,ball,,,,,11.0,,R,R,R,SD,STL,B,,,1,0,2026,-0.47,1.48,-0.332382795070602,3.857643550861418,,,669357.0,0,9,Top,,,,,,,4.051422976986266,-147.25958396869598,-4.62085024537923,-7.850500181006763,36.67952093128689,-9.760694158787585,3.081340223,1.555068898,,,,101.9,2573.0,6.8,823304,666023,664034,823550,592518,593428,657656,701538,665487,53.71,,,,,,,,65,2,4-Seam Fastball,4,2,2,4,2,4,2,4,Standard,Standard,205.0,-0.025,0.074,,,,,-0.074,,2,-2,0.832,0.168,27,24,28,24,1,3,3.0,1.0,4.0,1.0,0.75,0.47,0.47,41.1,,,,,,Four-seam,False
FF,2026-05-09,101.0,-1.43,6.25,"Miller, Mason",691026,695243,,ball,,,,,11.0,,R,R,R,SD,STL,B,,,0,0,2026,-0.33,1.39,-0.2115676586777225,3.955709093410059,,,669357.0,0,9,Top,,,,,,,4.1804448590598255,-147.00163831233414,-4.28081813744261,-5.787137511448266,35.3822560154492,-11.24184445800298,3.081340223,1.555068898,,,,101.9,2478.0,6.8,823304,666023,664034,823550,592518,593428,657656,701538,665487,53.68,,,,,,,,65,1,4-Seam Fastball,4,2,2,4,2,4,2,4,Standard,Standard,205.0,-0.012,0.037,,,,,-0.037,,2,-2,0.844,0.156,27,24,28,24,1,3,3.0,1.0,4.0,1.0,0.85,0.33,0.33,42.3,,,,,,Four-seam,False
FF,2026-05-09,101.8,-1.5,6.15,"Miller, Mason",669357,695243,walk,ball,,,,,12.0,"Freddy Fermin challenged (pitch result), call on the field was confirmed: Nolan Gorman walks.",R,L,R,SD,STL,B,,,3,1,2026,-0.55,1.45,0.3747717487090383,3.6109052495500342,,,,0,9,Top,,,,,,,6.593812843501181,-148.0945692263425,-5.222169221034605,-9.761746860037652,37.199833993929666,-9.825380223919256,3.217372047,1.623720472,,,,102.4,2568.0,6.7,823304,666023,664034,823550,592518,593428,657656,701538,665487,53.78,,0.698418,0.7,1.0,0.0,0.0,,64,5,4-Seam Fastball,4,2,2,4,2,4,2,4,Infield shade,Standard,204.0,-0.048,0.258,,,,,-0.258,,2,-2,0.892,0.108,27,26,28,26,1,3,3.0,1.0,4.0,1.0,0.76,0.55,-0.55,38.0,,,,,,Four-seam,True
FF,2026-05-09,102.0,-1.49,6.23,"Miller, Mason",669357,695243,,ball,,,,,11.0,,R,L,R,SD,STL,B,,,2,1,2026,-0.56,1.46,-0.1004808138482801,4.100883263035729,,,,0,9,Top,,,,,,,5.26349259308216,-148.47683688329172,-4.1248448239774405,-9.5695554717191,35.938069698846824,-9.866742074962437,3.217372047,1.623720472,,,,102.6,2531.0,6.6,823304,666023,664034,823550,592518,593428,657656,701538,665487,53.88,,,,,,,,64,4,4-Seam Fastball,4,2,2,4,2,4,2,4,Infield shade,Standard,211.0,-0.024,0.137,,,,,-0.137,,2,-2,0.916,0.084,27,26,28,26,1,3,3.0,1.0,4.0,1.0,0.74,0.56,-0.56,39.7,,,,,,Four-seam,False
CH,2026-05-09,97.1,-1.67,6.1,"Miller, Mason",669357,695243,,ball,,,,,11.0,,R,L,R,SD,STL,B,,,1,1,2026,-0.86,0.7,-1.4765095249096172,4.037869187205054,,,,0,9,Top,,,,,,,2.531884660055899,-141.3791515536767,-1.422764595813823,-12.085509260193817,34.00751275511452,-22.699434968769086,3.217372047,1.623720472,,,,97.6,2315.0,6.7,823304,666023,664034,823550,592518,593428,657656,701538,665487,53.81,,,,,,,,64,3,Changeup,4,2,2,4,2,4,2,4,Infield shade,Standard,225.0,-0.01,0.063,,,,,-0.063,,2,-2,0.926,0.074,27,26,28,26,1,3,3.0,1.0,4.0,1.0,1.73,0.86,-0.86,35.5,,,,,,Changeup,False
CH,2026-05-09,96.5,-1.67,6.08,"Miller, Mason",669357,695243,,ball,,,,,11.0,,R,L,R,SD,STL,B,,,0,1,2026,-1.06,0.17,-2.067851193917298,4.30534701775499,,,,0,9,Top,,,,,,,1.394122380229874,-140.63017863732705,0.6242243346905906,-14.319757587078476,32.29927592322438,-30.334677127607947,3.217372047,1.623720472,,,,96.8,2232.0,6.4,823304,666023,664034,823550,592518,593428,657656,701538,665487,54.09,,,,,,,,64,2,Changeup,4,2,2,4,2,4,2,4,Infield shade,Standard,229.0,-0.004,0.029,,,,,-0.029,,2,-2,0.93,0.07,27,26,28,26,1,3,3.0,1.0,4.0,1.0,2.28,1.06,-1.06,32.8,,,,,,Changeup,False
FF,2026-05-09,101.8,-1.48,6.27,"Miller, Mason",669357,695243,,foul,,,,,5.0,,R,L,R,SD,STL,S,,,0,0,2026,-0.86,1.27,0.2109310547150056,2.2243082759993498,,,,0,9,Top,,,,,,,6.82427927190266,-147.7973046975387,-8.939561871734881,-14.287753752302857,37.93646862928851,-11.511236027423994,3.217372047,1.623720472,,,,102.0,2638.0,6.7,823304,666023,664034,823550,592518,593428,657656,701538,665487,53.79,,,,,,,,64,1,4-Seam Fastball,4,2,2,4,2,4,2,4,Infield shade,Standard,211.0,0.006,-0.041,74.1,7.4,,,0.041,,2,-2,0.924,0.076,27,26,28,26,1,3,3.0,1.0,4.0,1.0,0.95,0.86,-0.86,39.3,9.119836466684044,3.1748394885118065,32.518595293852485,35.72309259203199,26.68821928987293,Four-seam,False
SL,2026-05-09,88.0,-1.62,6.23,"Miller, Mason",691023,695243,field_out,hit_into_play,,,,,8.0,"Jordan Walker grounds out, shortstop Xander Bogaerts to first baseman Ty France.",R,R,R,SD,STL,X,6.0,ground_ball,0,1,2026,1.03,-0.1,0.1208589752552339,2.068578018856358,,687363.0,,2,8,Top,112.28,151.68,,,,,2.0129772575914595,-128.15919521283175,-3.5043127038031563,10.79878084034117,29.346444414699448,-32.704916051881746,3.461351706,1.746850394,18.0,92.7,-6.0,88.4,2535.0,6.7,823304,666023,664034,823550,592518,593428,657656,701538,665487,53.77,0.219,0.202,0.0,1.0,0.0,0.0,2.0,59,2,Slider,3,2,2,3,2,3,2,3,Standard,Standard,33.0,0.071,-0.245,77.6,7.9,,0.25,0.245,92.7,1,-1,0.796,0.204,27,24,28,24,1,3,3.0,1.0,4.0,1.0,3.06,-1.03,-1.03,38.0,-3.1980785654488897,-0.969947051028015,30.678282193445817,40.48678606038643,31.056394736148206,Slider,True
SL,2026-05-09,87.9,-1.47,6.12,"Miller, Mason",691023,695243,,swinging_strike,,,,,14.0,,R,R,R,SD,STL,S,,,0,0,2026,1.02,-0.13,1.4451115732789757,1.4900373969611578,,687363.0,,2,8,Top,,,,,,,4.873992903281715,-127.8583071223762,-4.53755917050022,9.8892925106831,29.84592247625333,-32.70741184977207,3.461351706,1.746850394,,,,88.5,2537.0,7.0,823304,666023,664034,823550,592518,593428,657656,701538,665487,53.52,,,,,,,,59,1,Slider,3,2,2,3,2,3,2,3,Standard,Standard,46.0,0.013,-0.04,77.3,9.5,34.434673968,,0.04,,1,-1,0.783,0.217,27,24,28,24,1,3,3.0,1.0,4.0,1.0,3.11,-1.02,-1.02,39.0,21.35540659874723,-54.93413774642021,21.68503212073336,,,Slider,False
SL,2026-05-06,89.4,-1.12,6.21,"Miller, Mason",669477,695243,strikeout,swinging_strike,,,,,14.0,Casey Schmitt strikes out swinging.,R,R,R,SF,SD,S,2.0,,1,2,2026,1.03,-0.36,2.056410597882534,0.6767256571073816,,,,2,9,Bot,,,,,,,5.582473230485385,-130.07441216053152,-6.698427922229877,10.766852063030829,24.27135138830168,-35.23030776092329,3.196309055,1.613090551,,,,90.7,2416.0,6.9,823226,666023,664034,665487,592518,593428,657656,701538,592206,53.64,,0.0,0.0,1.0,0.0,0.0,,68,4,Slider,1,5,1,5,5,1,1,5,Standard,Standard,31.0,-0.001,-0.183,63.4,8.7,15.9460788,,0.183,,-4,-4,0.001,0.001,27,27,28,27,1,3,3.0,1.0,3.0,2.0,3.19,-1.03,-1.03,40.9,20.607600260084155,-27.938293959822232,29.708852461133713,56.189869597469915,49.10766755053161,Slider,True
SL,2026-05-06,88.3,-1.31,6.24,"Miller, Mason",669477,695243,,called_strike,,,,,2.0,,R,R,R,SF,SD,S,,,1,1,2026,0.46,-0.54,-0.0843429199471199,3.058528480813046,,,,2,9,Bot,,,,,,,2.001670063289642,-128.6729277596845,-0.3709637280276254,4.763740310937818,23.63072490660642,-38.3917389965768,3.196309055,1.613090551,,,,89.5,2469.0,6.7,823226,666023,664034,665487,592518,593428,657656,701538,592206,53.79,,,,,,,,68,3,Slider,1,5,1,5,5,1,1,5,Standard,Standard,42.0,0.0,-0.064,,,,,0.064,,-4,-4,0.001,0.001,27,27,28,27,1,3,3.0,1.0,3.0,2.0,3.43,-0.46,-0.46,40.0,,,,,,Slider,False
SL,2026-05-06,88.1,-1.22,6.21,"Miller, Mason",669477,695243,,ball,,,,,14.0,,R,R,R,SF,SD,B,,,0,1,2026,0.63,-0.46,1.7491438681380849,1.2617242149019,,,,2,9,Bot,,,,,,,5.8481565671546845,-128.3197148820733,-4.843335610706795,6.064305778226701,22.48485980504437,-36.587165535741995,3.196309055,1.613090551,,,,89.8,2486.0,6.9,823226,666023,664034,665487,592518,593428,657656,701538,592206,53.56,,,,,,,,68,2,Slider,1,5,1,5,5,1,1,5,Standard,Standard,36.0,0.0,0.03,,,,,-0.03,,-4,-4,0.001,0.001,27,27,28,27,1,3,3.0,1.0,3.0,2.0,3.35,-0.63,-0.63,41.3,,,,,,Slider,False
FF,2026-05-06,102.0,-1.1,6.46,"Miller, Mason",669477,695243,,swinging_strike,,,,,3.0,,R,R,R,SF,SD,S,,,0,0,2026,-0.73,1.51,0.8030644073243153,3.196809663418551,,,,2,9,Bot,,,,,,,7.122071863275761,-148.3502570613174,-7.5057178590519875,-12.32706637714649,31.612903552145877,-8.261881773645184,3.196309055,1.613090551,,,,103.3,2390.0,6.8,823226,666023,664034,665487,592518,593428,657656,701538,592206,53.74,,,,,,,,68,1,4-Seam Fastball,1,5,1,5,5,1,1,5,Standard,Standard,208.0,0.0,-0.045,75.1,7.4,1.029581208,,0.045,,-4,-4,0.001,0.001,27,27,28,27,1,3,3.0,1.0,3.0,2.0,0.67,0.73,0.73,43.9,7.946130432435714,6.55881710901095,22.564513858616785,44.51174373373528,22.592088128284686,Four-seam,False
FF,2026-05-06,102.7,-1.14,6.46,"Miller, Mason",808982,695243,field_out,hit_into_play,,,,,11.0,"Jung Hoo Lee grounds out, third baseman Manny Machado to first baseman Ty France.",R,L,R,SF,SD,X,5.0,ground_ball,1,2,2026,-0.29,1.35,-0.0977538158237664,3.720871904975886,,,,1,9,Bot,103.67,163.84,,,,,3.632711630031475,-149.58186990518374,-5.774409674958446,-5.093266498268286,30.879435287510333,-10.620357775670165,3.22351542,1.626820866,33.0,73.7,-3.0,104.1,2578.0,6.7,823226,666023,664034,665487,592518,593428,657656,701538,592206,53.84,0.095,0.092,0.0,1.0,0.0,0.0,2.0,67,4,4-Seam Fastball,1,5,1,5,5,1,1,5,Infield shade,Standard,203.0,-0.004,-0.182,59.7,6.2,,0.124,0.182,88.0,-4,-4,0.005,0.005,27,27,28,28,1,3,3.0,1.0,3.0,2.0,0.78,0.29,-0.29,43.8,-8.496350537360957,26.545974735941225,29.90921633327397,31.494214738204064,12.349830805394152,Four-seam,True
CH,2026-05-06,95.5,-1.68,6.13,"Miller, Mason",808982,695243,,foul,,,,,8.0,,R,L,R,SF,SD,S,,,1,1,2026,-1.17,-0.02,-0.0310890571808373,1.7950041056624957,,,,1,9,Bot,,,,,,,6.998069966738185,-138.87348405826057,-5.552180711533196,-16.68371684298525,29.066338746329315,-31.42040759738901,3.22351542,1.626820866,2.0,49.1,-43.0,96.4,2320.0,6.7,823226,666023,664034,665487,592518,593428,657656,701538,592206,53.81,,,,,,,,67,3,Changeup,1,5,1,5,5,1,1,5,Infield shade,Standard,233.0,-0.002,-0.07,71.8,8.2,,,0.07,88.0,-4,-4,0.007,0.007,27,27,28,28,1,3,3.0,1.0,3.0,2.0,2.51,1.17,-1.17,35.3,6.5547183369678725,-22.273985995958363,39.19157855189297,31.139738431546256,41.41657168729868,Changeup,False
CH,2026-05-06,97.0,-1.52,6.13,"Miller, Mason",808982,695243,,ball,,,,,14.0,,R,L,R,SF,SD,B,,,0,1,2026,-1.21,0.45,0.7233758758900442,1.3765099778949144,,,,1,9,Bot,,,,,,,8.782776518056801,-141.05144994318113,-8.124644604130781,-17.944771843325263,25.43181052533115,-24.65689757905795,3.22351542,1.626820866,,,,98.5,2246.0,6.7,823226,666023,664034,665487,592518,593428,657656,701538,592206,53.77,,,,,,,,67,2,Changeup,1,5,1,5,5,1,1,5,Infield shade,Standard,239.0,0.001,0.032,,,,,-0.032,,-4,-4,0.006,0.006,27,27,28,28,1,3,3.0,1.0,3.0,2.0,1.93,1.21,-1.21,35.5,,,,,,Changeup,False
SL,2026-05-06,87.0,-1.42,6.27,"Miller, Mason",808982,695243,,swinging_strike,,,,,14.0,,R,L,R,SF,SD,S,,,0,0,2026,1.07,-0.25,1.2522296430785942,1.2703148124860797,,,,1,9,Bot,,,,,,,4.11705684254788,-126.63274542032951,-5.075077029243954,10.71650577425022,24.893102193514164,-34.043615289148164,3.22351542,1.626820866,,,,87.7,2481.0,6.6,823226,666023,664034,665487,592518,593428,657656,701538,592206,53.9,,,,,,,,67,1,Slider,1,5,1,5,5,1,1,5,Infield shade,Standard,39.0,-0.001,-0.041,58.7,8.7,9.195202248,,0.041,,-4,-4,0.007,0.007,27,27,28,28,1,3,3.0,1.0,3.0,2.0,3.25,-1.07,1.07,39.2,36.09330843523874,-46.91402555825579,32.98730316043681,18.637086011379573,58.357862553636075,Slider,False
FF,2026-05-06,100.6,-1.2,6.47,"Miller, Mason",671218,695243,strikeout,swinging_strike,,,,,11.0,Heliot Ramos strikes out swinging.,R,R,R,SF,SD,S,2.0,,2,2,2026,-0.51,1.59,-0.2842493203994993,3.4074463802655215,,,,0,9,Bot,,,,,,,3.758984303058236,-146.44331645560342,-6.876919803295517,-8.180194663426628,32.16884308093218,-7.857180628024447,3.18402231,1.606889764,,,,101.9,2528.0,6.8,823226,666023,664034,665487,592518,593428,657656,701538,592206,53.71,,0.0,0.0,1.0,0.0,0.0,,66,5,4-Seam Fastball,1,5,1,5,5,1,1,5,Standard,Standard,204.0,-0.01,-0.232,73.2,5.9,0.791658108,,0.232,,-4,-4,0.017,0.017,27,26,28,27,1,3,3.0,1.0,3.0,2.0,0.65,0.51,0.51,44.1,0.6010430547518071,24.851503502479247,28.829811465445175,34.67041927854425,13.501718002830792,Four-seam,True
FF,2026-05-06,99.7,-1.21,6.38,"Miller, Mason",671218,695243,,foul_tip,,,,,5.0,,R,R,R,SF,SD,S,,,2,1,2026,-0.51,1.62,-0.145497207827898,2.2123436322898593,,,,0,9,Bot,,,,,,,4.125681927481461,-144.83753968414055,-9.763946528165542,-8.141759063510206,32.968590667677354,-7.282368083786113,3.18402231,1.606889764,,,,100.5,2558.0,6.8,823226,666023,664034,665487,592518,593428,657656,701538,592206,53.73,,,,,,,,66,4,4-Seam Fastball,1,5,1,5,5,1,1,5,Standard,Standard,200.0,-0.004,-0.078,79.7,6.6,,,0.078,,-4,-4,0.021,0.021,27,26,28,27,1,3,3.0,1.0,3.0,2.0,0.68,0.51,0.51,43.8,-6.104271795829304,18.26920604200063,38.345879643657106,36.56773948517322,18.16829630848457,Four-seam,False
FF,2026-05-06,100.8,-1.16,6.43,"Miller, Mason",671218,695243,,ball,,,,,14.0,,R,R,R,SF,SD,B,,,1,1,2026,-0.49,1.56,1.0591025403170415,1.5902479217376,,,,0,9,Bot,,,,,,,7.320566863017802,-146.36401441646026,-11.750827570642915,-8.599653100906368,31.31105926519702,-7.154409831526952,3.18402231,1.606889764,,,,102.1,2538.0,6.9,823226,666023,664034,665487,592518,593428,657656,701538,592206,53.6,,,,,,,,66,3,4-Seam Fastball,1,5,1,5,5,1,1,5,Standard,Standard,200.0,0.003,0.063,,,,,-0.063,,-4,-4,0.018,0.018,27,26,28,27,1,3,3.0,1.0,3.0,2.0,0.67,0.49,0.49,44.9,,,,,,Four-seam,False
FF,2026-05-06,100.7,-1.31,6.39,"Miller, Mason",671218,695243,,swinging_strike,,,,,11.0,,R,R,R,SF,SD,S,,,1,0,2026,-0.63,1.47,-0.2656869451367533,3.66784468515549,,,,0,9,Bot,,,,,,,4.43136946556827,-146.65512386944675,-5.70030061613469,-10.176340544212694,31.73868646071195,-9.710766129482352,3.18402231,1.606889764,,,,102.1,2502.0,6.8,823226,666023,664034,665487,592518,593428,657656,701538,592206,53.67,,,,,,,,66,2,4-Seam Fastball,1,5,1,5,5,1,1,5,Standard,Standard,204.0,-0.003,-0.055,70.2,5.5,1.73112108,,0.055,,-4,-4,0.021,0.021,27,26,28,27,1,3,3.0,1.0,3.0,2.0,0.75,0.63,0.63,41.9,-0.3353328179343778,33.69758331602253,25.586136277898657,34.65224921684581,9.632022418041462,Four-seam,False
SL,2026-05-06,85.0,-1.4,6.36,"Miller, Mason",671218,695243,,ball,,,,,12.0,,R,R,R,SF,SD,B,,,0,0,2026,0.82,0.09,0.2148508414449865,3.6719082106467456,,,,0,9,Bot,,,,,,,2.086912517125659,-123.88216609151232,-0.0313622635823989,8.168966225145049,22.49975524848367,-31.469516716789865,3.18402231,1.606889764,,,,86.4,2345.0,6.9,823226,666023,664034,665487,592518,593428,657656,701538,592206,53.62,,,,,,,,66,1,Slider,1,5,1,5,5,1,1,5,Standard,Standard,38.0,0.002,0.042,,,,,-0.042,,-4,-4,0.019,0.019,27,26,28,27,1,3,3.0,1.0,3.0,2.0,3.04,-0.82,-0.82,42.9,,,,,,Slider,False
SL,2026-05-03,88.0,-1.24,6.22,"Miller, Mason",682668,695243,strikeout,swinging_strike,,,,,14.0,Luisangel Acuña strikes out swinging.,R,R,R,SD,CWS,S,2.0,,0,2,2026,0.96,-0.32,2.05749958359882,1.4968691420191005,,671976.0,,2,9,Top,,,,,,,5.9268107978807665,-127.92630191291606,-4.408723923840962,9.096335351489364,28.68998112069786,-34.87132857190279,3.008497375,1.518307087,,,,88.6,2480.0,6.9,823307,666023,664034,630105,592518,593428,657656,701538,669369,53.56,,0.0,0.0,1.0,0.0,0.0,,68,3,Slider,4,3,3,4,3,4,3,4,Standard,Strategic,37.0,0.07,-0.18,43.4,8.0,14.4085482,,0.18,,1,-1,0.93,0.07,27,24,28,24,1,3,4.0,2.0,3.0,2.0,3.29,-0.96,-0.96,43.1,5.751203238597644,-13.234638304136595,17.313648353277674,57.554812031282,39.913580754540774,Slider,True
SL,2026-05-03,87.1,-1.32,6.19,"Miller, Mason",682668,695243,,swinging_strike,,,,,9.0,,R,R,R,SD,CWS,S,,,0,1,2026,0.95,-0.25,0.8039837524773578,1.703991966465316,,,671976.0,2,9,Top,,,,,,,3.0813251725148856,-126.74519243664248,-3.788879573742248,9.423711012666733,28.70754821883652,-34.24047755132058,3.008497375,1.518307087,,,,87.6,2527.0,6.9,823307,666023,664034,630105,592518,593428,657656,701538,669369,53.62,,,,,,,,68,2,Slider,4,3,3,4,3,4,3,4,Standard,Strategic,38.0,-0.003,-0.061,64.4,9.0,3.976112532,,0.061,,1,-1,0.933,0.067,27,24,28,24,1,3,4.0,2.0,3.0,2.0,3.28,-0.95,-0.95,42.6,14.523403978180736,-31.51727272030076,20.588718325573392,43.67177854104383,51.62333358141599,Slider,False
FF,2026-05-03,100.1,-1.35,6.15,"Miller, Mason",682668,695243,,called_strike,,,,,9.0,,R,R,R,SD,CWS,S,,,0,0,2026,-0.21,1.61,0.3261088397334833,1.481094812888105,,,671976.0,2,9,Top,,,,,,,5.108534109236709,-145.29978990718325,-11.212516360987934,-4.166193994720053,35.72094332503775,-6.816908866968787,3.008497375,1.518307087,,,,101.1,2596.0,7.1,823307,666023,664034,630105,592518,593428,657656,701538,669369,53.44,,,,,,,,68,1,4-Seam Fastball,4,3,3,4,3,4,3,4,Standard,Strategic,203.0,0.012,-0.041,,,,,0.041,,1,-1,0.921,0.079,27,24,28,24,1,3,4.0,2.0,3.0,2.0,0.68,0.21,0.21,42.7,,,,,,Four-seam,False
SL,2026-05-03,88.8,-1.39,6.21,"Miller, Mason",671976,695243,single,hit_into_play,,,,,5.0,Tristan Peters singles on a ground ball to right fielder Bryce Johnson.,R,L,R,SD,CWS,X,9.0,ground_ball,0,1,2026,1.14,-0.3,0.0016738289939798,2.4895121389655115,,,,2,9,Top,158.68,152.94,,,,,0.945236884382798,-129.2160512962753,-2.122790419928492,12.41157009615961,30.83215764773228,-35.245243507812795,3.19718668,1.613533465,19.0,85.1,-7.0,89.1,2522.0,6.8,823307,666023,664034,630105,592518,593428,657656,701538,669369,53.69,0.119,0.107,0.9,1.0,1.0,0.0,2.0,67,2,Slider,4,3,3,4,3,4,3,4,Infield shade,Standard,44.0,-0.048,0.374,72.4,7.0,,0.15,-0.374,88.0,1,-1,0.969,0.031,27,26,28,26,1,3,4.0,1.0,3.0,1.0,3.23,-1.14,1.14,39.4,19.19659980067935,-2.6304798003394367,24.878021494965875,38.611269177492815,30.74817086000079,Slider,True
SL,2026-05-03,86.7,-1.43,6.18,"Miller, Mason",671976,695243,,called_strike,,,,,9.0,,R,L,R,SD,CWS,S,,,0,0,2026,1.1,-0.25,0.6411546296774898,1.664874404150117,,,,2,9,Top,,,,,,,2.613719343499209,-126.17628591991622,-3.7652584237519497,11.050844400083443,29.1531916653145,-34.205831082135624,3.19718668,1.613533465,,,,87.3,2373.0,7.0,823307,666023,664034,630105,592518,593428,657656,701538,669369,53.53,,,,,,,,67,1,Slider,4,3,3,4,3,4,3,4,Infield shade,Standard,41.0,0.006,-0.045,,,,,0.045,,1,-1,0.963,0.037,27,26,28,26,1,3,4.0,1.0,3.0,1.0,3.32,-1.1,1.1,41.0,,,,,,Slider,False
FF,2026-05-03,102.2,-1.26,6.4,"Miller, Mason",700337,695243,strikeout,swinging_strike,,,,,12.0,Edgar Quero strikes out swinging.,R,L,R,SD,CWS,S,2.0,,1,2,2026,-0.42,1.42,0.1321274508758687,3.4110162140975624,,,,1,9,Top,,,,,,,4.941892717372684,-148.62039717291606,-6.4600753839340985,-7.48979072742128,38.94543362762812,-9.791871222284776,3.133997703,1.581643701,,,,102.8,2713.0,6.8,823307,666023,664034,630105,592518,593428,657656,701538,669369,53.65,,0.0,0.0,1.0,0.0,0.0,,66,4,4-Seam Fastball,4,3,3,4,3,4,3,4,Infield shade,Standard,197.0,0.039,-0.182,64.9,6.1,0.373336596,,0.182,,1,-1,0.924,0.076,27,23,28,23,1,0,4.0,1.0,3.0,2.0,0.78,0.42,-0.42,44.2,3.4559464441792875,23.473994603624583,21.17841305936178,34.01060425188615,18.37711711973973,Four-seam,True
FF,2026-05-03,100.7,-1.31,6.3,"Miller, Mason",700337,695243,,swinging_strike,,,,,11.0,,R,L,R,SD,CWS,S,,,1,1,2026,-0.46,1.43,-0.2892070140057074,3.588018830095242,,,,1,9,Top,,,,,,,3.943812118901784,-146.55899466725472,-5.470326331227184,-7.609401186772766,36.53317212515494,-10.566847457336936,3.133997703,1.581643701,,,,101.5,2542.0,6.8,823307,666023,664034,630105,592518,593428,657656,701538,669369,53.68,,,,,,,,66,3,4-Seam Fastball,4,3,3,4,3,4,3,4,Infield shade,Standard,204.0,0.013,-0.07,63.4,6.1,0.39160932,,0.07,,1,-1,0.911,0.089,27,23,28,23,1,0,4.0,1.0,3.0,2.0,0.83,0.46,-0.46,43.2,6.6743625296907565,30.62619328551681,18.447807728947645,39.319505051973195,14.750950628244752,Four-seam,False
FF,2026-05-03,101.6,-1.4,6.31,"Miller, Mason",700337,695243,,ball,,,,,12.0,,R,L,R,SD,CWS,B,,,0,1,2026,-0.38,1.4,0.2046631240781716,4.368591976010393,,,,1,9,Top,,,,,,,5.403538483826727,-147.78392397904787,-3.404874676419867,-6.86801401713069,36.968683688999455,-11.091102062142548,3.133997703,1.581643701,,,,102.4,2583.0,6.8,823307,666023,664034,630105,592518,593428,657656,701538,669369,53.65,,,,,,,,66,2,4-Seam Fastball,4,3,3,4,3,4,3,4,Infield shade,Standard,205.0,-0.005,0.032,,,,,-0.032,,1,-1,0.916,0.084,27,23,28,23,1,0,4.0,1.0,3.0,2.0,0.82,0.38,-0.38,40.7,,,,,,Four-seam,False
FF,2026-05-03,100.4,-1.39,6.33,"Miller, Mason",700337,695243,,called_strike,,,,,1.0,,R,L,R,SD,CWS,S,,,0,0,2026,-0.34,1.41,-0.2936587694638516,3.082035969926615,,,,1,9,Top,,,,,,,3.8406544479252944,-146.03558106674728,-6.857204513610131,-5.830671311940685,34.92323515686429,-10.645620677363231,3.133997703,1.581643701,,,,101.1,2519.0,6.7,823307,666023,664034,630105,592518,593428,657656,701538,669369,53.78,,,,,,,,66,1,4-Seam Fastball,4,3,3,4,3,4,3,4,Infield shade,Standard,200.0,0.008,-0.041,,,,,0.041,,1,-1,0.908,0.092,27,23,28,23,1,0,4.0,1.0,3.0,2.0,0.86,0.34,-0.34,43.4,,,,,,Four-seam,False
FF,2026-05-03,101.3,-1.29,6.22,"Miller, Mason",805367,695243,strikeout,called_strike,,,,,9.0,Chase Meidroth called out on strikes.,R,R,R,SD,CWS,S,2.0,,3,2,2026,-0.84,1.42,0.8170994401263135,1.6262568865128233,,,,0,9,Top,,,,,,,7.937018436017968,-146.9493228859804,-10.764240354291037,-14.139341750634156,36.91368659633944,-9.17656846604726,3.068175853,1.548425197,,,,102.0,2631.0,7.0,823307,666023,664034,630105,592518,593428,657656,701538,669369,53.55,,0.0,0.0,1.0,0.0,0.0,,65,6,4-Seam Fastball,4,3,3,4,3,4,3,4,Standard,Standard,206.0,0.091,-0.346,,,,,0.346,,1,-1,0.817,0.183,27,24,28,25,1,3,4.0,1.0,3.0,1.0,0.83,0.84,0.84,40.5,,,,,,Four-seam,True
SL,2026-05-03,87.5,-1.57,6.12,"Miller, Mason",805367,695243,,ball,,,,,14.0,,R,R,R,SD,CWS,B,,,2,2,2026,0.48,-0.41,1.0870707814477882,-0.7401851632674186,,,,0,9,Top,,,,,,,5.360592675199546,-127.04868229751852,-9.304331335936642,4.118565624743099,26.534734312262565,-34.80277022438812,3.068175853,1.548425197,,,,88.5,2486.0,7.0,823307,666023,664034,630105,592518,593428,657656,701538,669369,53.45,,,,,,,,65,5,Slider,4,3,3,4,3,4,3,4,Standard,Standard,40.0,-0.029,0.113,,,,,-0.113,,1,-1,0.846,0.154,27,24,28,25,1,3,4.0,1.0,3.0,1.0,3.4,-0.48,-0.48,42.8,,,,,,Slider,False
FF,2026-05-03,101.2,-1.26,6.33,"Miller, Mason",805367,695243,,called_strike,,,,,8.0,,R,R,R,SD,CWS,S,,,2,1,2026,-0.45,1.53,0.2596488987819214,1.57713859567304,,,,0,9,Top,,,,,,,5.308547112198116,-146.97276380757887,-11.506344920981286,-7.630114924356093,31.04157723014607,-7.60424505181707,3.068175853,1.548425197,,,,102.5,2654.0,6.8,823307,666023,664034,630105,592518,593428,657656,701538,669369,53.65,,,,,,,,65,4,4-Seam Fastball,4,3,3,4,3,4,3,4,Standard,Standard,202.0,0.023,-0.078,,,,,0.078,,1,-1,0.823,0.177,27,24,28,25,1,3,4.0,1.0,3.0,1.0,0.69,0.45,0.45,44.2,,,,,,Four-seam,False
SL,2026-05-03,87.1,-1.48,6.22,"Miller, Mason",805367,695243,,ball,,,,,1.0,,R,R,R,SD,CWS,B,,,1,1,2026,0.73,-0.32,-0.7110276135807906,3.0884116613040824,,,,0,9,Top,,,,,,,0.2938728307270177,-126.88615817822256,-0.5101334951683002,7.840249727238345,24.79482286437571,-35.716483626428705,3.068175853,1.548425197,,,,88.1,2428.0,6.8,823307,666023,664034,630105,592518,593428,657656,701538,669369,53.75,,,,,,,,65,3,Slider,4,3,3,4,3,4,3,4,Standard,Standard,45.0,-0.016,0.063,,,,,-0.063,,1,-1,0.839,0.161,27,24,28,25,1,3,4.0,1.0,3.0,1.0,3.3,-0.73,-0.73,39.2,,,,,,Slider,False
FF,2026-05-03,101.4,-1.33,6.39,"Miller, Mason",805367,695243,,foul,,,,,12.0,,R,R,R,SD,CWS,S,,,1,0,2026,-0.5,1.54,0.1664431270930007,3.3497283447837742,,,,0,9,Top,,,,,,,5.386413733517373,-147.3844887715139,-6.7695284950149475,-8.66428293102019,37.5585003759554,-8.277016185227998,3.068175853,1.548425197,,,,101.9,2558.0,6.8,823307,666023,664034,630105,592518,593428,657656,701538,669369,53.7,,,,,,,,65,2,4-Seam Fastball,4,3,3,4,3,4,3,4,Standard,Standard,200.0,0.016,-0.055,68.6,6.8,,,0.055,,1,-1,0.823,0.177,27,24,28,25,1,3,4.0,1.0,3.0,1.0,0.69,0.5,0.5,42.2,15.642169162983803,7.766553119221513,25.53758441323876,40.22414726896185,23.624828507792117,Four-seam,False
FF,2026-05-03,100.9,-1.49,6.3,"Miller, Mason",805367,695243,,ball,,,,,11.0,,R,R,R,SD,CWS,B,,,0,0,2026,-0.74,1.4,-0.6081523466857669,3.2966516133188453,,,,0,9,Top,,,,,,,4.238017139307575,-146.73479138315514,-6.240809716082312,-11.664713716386768,35.428848960620286,-10.726359122081622,3.068175853,1.548425197,,,,101.6,2596.0,6.8,823307,666023,664034,630105,592518,593428,657656,701538,669369,53.74,,,,,,,,65,1,4-Seam Fastball,4,3,3,4,3,4,3,4,Standard,Standard,201.0,-0.012,0.042,,,,,-0.042,,1,-1,0.835,0.165,27,24,28,25,1,3,4.0,1.0,3.0,1.0,0.85,0.74,0.74,41.8,,,,,,Four-seam,False
FF,2026-04-29,98.3,-1.35,6.25,"Miller, Mason",683737,695243,field_out,hit_into_play,,,,,2.0,Michael Busch flies out to center fielder Jackson Merrill.,R,L,R,SD,CHC,X,8.0,fly_ball,1,1,2026,-0.6,1.52,0.066767309872004,3.160902898742778,,608324.0,,2,9,Top,156.67,55.17,,,,,5.226847087965816,-142.86563017598428,-6.222241412171854,-9.469588165244584,39.39837001035027,-10.22145277674036,3.166469816,1.598031496,364.0,93.7,27.0,98.2,2490.0,6.8,823312,666023,664034,630105,609280,593428,669369,701538,665487,53.72,0.154,0.202,0.0,1.0,0.0,0.0,3.0,71,3,4-Seam Fastball,4,5,5,4,5,4,5,4,Strategic,Standard,210.0,0.028,-0.262,67.8,6.7,,0.337,0.262,93.7,-1,1,0.176,0.824,27,28,28,29,1,4,2.0,1.0,4.0,2.0,0.89,0.6,-0.6,43.0,17.624154806043062,-2.0952318237855425,24.282454848802303,35.19514578664108,29.469896731721743,Four-seam,True
SL,2026-04-29,86.9,-1.48,6.08,"Miller, Mason",683737,695243,,swinging_strike_blocked,,,,,14.0,,R,L,R,SD,CHC,S,,,1,0,2026,0.57,-0.58,1.0458896358762635,-0.4185499681296116,,608324.0,,2,9,Top,,,,,,,4.819590569195557,-126.15595054509043,-7.801327182108928,4.869894819394155,30.70376647355911,-36.61314295415018,3.166469816,1.598031496,,,,87.2,2497.0,7.1,823312,666023,664034,630105,609280,593428,669369,701538,665487,53.42,,,,,,,,71,2,Slider,4,5,5,4,5,4,5,4,Infield shade,Standard,46.0,0.002,-0.044,33.7,7.5,23.828448864,,0.044,,-1,1,0.174,0.826,27,28,28,29,1,4,2.0,1.0,4.0,2.0,3.66,-0.57,0.57,38.5,30.29271743073687,-25.557224729130276,39.59425476618223,25.16270352928275,49.910816102086486,Slider,False
SL,2026-04-29,85.7,-1.35,6.25,"Miller, Mason",683737,695243,,ball,,,,,11.0,,R,L,R,SD,CHC,B,,,0,0,2026,0.37,-0.53,-1.3711382982278653,2.4912307649655387,,608324.0,,2,9,Top,,,,,,,-0.8261913108540201,-124.72153749210246,-1.1318722451667207,4.008238955033781,31.450838434610365,-37.60893136426556,3.166469816,1.598031496,,,,85.3,2304.0,6.6,823312,666023,664034,630105,609280,593428,669369,701538,665487,53.88,,,,,,,,71,1,Slider,4,5,5,4,5,4,5,4,Infield shade,Standard,47.0,-0.001,0.021,,,,,-0.021,,-1,1,0.175,0.825,27,28,28,29,1,4,2.0,1.0,4.0,2.0,3.7,-0.37,0.37,38.6,,,,,,Slider,False
SL,2026-04-29,86.9,-1.4,6.14,"Miller, Mason",664023,695243,strikeout,called_strike,,,,,1.0,"Freddy Fermin challenged (pitch result), call on the field was overturned: Ian Happ called out on strikes.",R,L,R,SD,CHC,S,2.0,,2,2,2026,0.96,-0.19,-0.7036307644244957,2.9771590962229983,,608324.0,,1,9,Top,,,,,,,-0.3662519092601225,-126.40878647366748,-0.6957017705725208,10.248037069134108,29.76610574132451,-34.25404424243346,3.136630577,1.582972441,,,,87.1,2266.0,6.8,823312,666023,664034,630105,609280,593428,669369,701538,665487,53.68,,0.0,0.0,1.0,0.0,0.0,,70,6,Slider,4,5,5,4,5,4,5,4,Infield shade,Standard,43.0,0.023,-0.232,,,,,0.232,,-1,1,0.152,0.848,27,31,28,32,1,4,2.0,1.0,4.0,2.0,3.25,-0.96,0.96,39.0,,,,,,Slider,True
SL,2026-04-29,87.1,-1.65,6.11,"Miller, Mason",664023,695243,,ball,,,,,14.0,,R,L,R,SD,CHC,B,,,1,2,2026,0.72,-0.18,0.39133759033388,-0.211363925872988,,,608324.0,1,9,Top,,,,,,,3.351601414484549,-126.44898345711208,-8.214354960921645,6.76729753696822,31.337794060268696,-32.2520989023672,3.136630577,1.582972441,,,,87.0,2390.0,6.8,823312,666023,664034,630105,609280,593428,669369,701538,665487,53.66,,,,,,,,70,5,Slider,4,5,5,4,5,4,5,4,Infield shade,Standard,40.0,-0.018,0.052,,,,,-0.052,,-1,1,0.17,0.83,27,31,28,32,1,4,2.0,1.0,4.0,2.0,3.25,-0.72,0.72,39.1,,,,,,Slider,False
FF,2026-04-29,100.7,-1.18,6.39,"Miller, Mason",664023,695243,,foul,,,,,6.0,,R,L,R,SD,CHC,S,,,1,2,2026,-0.57,1.48,0.6322566254055013,2.2645595116397583,,,608324.0,1,9,Top,,,,,,,6.401283633780997,-146.22023413949452,-9.50266667143582,-9.694201388092376,36.31135452127195,-8.826702292343535,3.136630577,1.582972441,,,,101.4,2599.0,6.9,823312,666023,664034,630105,609280,593428,669369,701538,665487,53.6,,,,,,,,70,4,4-Seam Fastball,4,5,5,4,5,4,5,4,Infield shade,Standard,203.0,0.0,0.0,71.8,6.4,,,0.0,,-1,1,0.17,0.83,27,31,28,32,1,4,2.0,1.0,4.0,2.0,0.79,0.57,-0.57,43.1,0.7501029235645325,1.886346326175275,40.17300565133175,28.113425857740236,23.927566492249575,Four-seam,False
SL,2026-04-29,85.8,-1.48,6.16,"Miller, Mason",664023,695243,,swinging_strike,,,,,9.0,,R,L,R,SD,CHC,S,,,1,1,2026,0.74,-0.34,0.6603232824542115,1.5115615874244934,,,608324.0,1,9,Top,,,,,,,3.5165814378626026,-124.87861737545784,-3.747935393820128,6.9089420056880995,28.142842276619028,-35.064836368748736,3.136630577,1.582972441,,,,86.7,2333.0,7.1,823312,666023,664034,630105,609280,593428,669369,701538,665487,53.36,,,,,,,,70,3,Slider,4,5,5,4,5,4,5,4,Standard,Standard,43.0,0.005,-0.067,66.4,8.2,2.560634436,,0.067,,-1,1,0.165,0.835,27,31,28,32,1,4,2.0,1.0,4.0,2.0,3.46,-0.74,0.74,40.4,27.490175999637614,-36.710848646499336,29.678144620312732,30.275348198743444,54.247086812047,Slider,False
FF,2026-04-29,100.6,-1.38,6.25,"Miller, Mason",664023,695243,,foul,,,,,12.0,,R,L,R,SD,CHC,S,,,1,0,2026,-0.74,1.5,0.8641664138780745,2.918309567088168,,,608324.0,1,9,Top,,,,,,,8.007853217424918,-146.23735919684486,-7.382263787707938,-12.479740086871804,33.84251521636137,-9.127474535774226,3.136630577,1.582972441,,,,101.8,2514.0,7.0,823312,666023,664034,630105,609280,593428,669369,701538,665487,53.52,,,,,,,,70,2,4-Seam Fastball,4,5,5,4,5,4,5,4,Infield shade,Standard,202.0,0.003,-0.045,72.1,6.5,,,0.045,,-1,1,0.162,0.838,27,31,28,32,1,4,2.0,1.0,4.0,2.0,0.76,0.74,-0.74,40.9,9.49620532315549,-6.833324954206617,34.98809912823445,26.076823279724135,28.21270846662857,Four-seam,False
SL,2026-04-29,86.3,-1.46,6.18,"Miller, Mason",664023,695243,,ball,,,,,14.0,,R,L,R,SD,CHC,B,,,0,0,2026,0.38,-0.39,0.1317689091954978,1.322793221477753,,,608324.0,1,9,Top,,,,,,,2.962243516301983,-125.49568519286336,-4.170843637496068,3.2949612441257443,29.495770005209472,-35.490387388316734,3.136630577,1.582972441,,,,86.5,2344.0,6.8,823312,666023,664034,630105,609280,593428,669369,701538,665487,53.68,,,,,,,,70,1,Slider,4,5,5,4,5,4,5,4,Infield shade,Standard,43.0,-0.002,0.034,,,,,-0.034,,-1,1,0.164,0.836,27,31,28,32,1,4,2.0,1.0,4.0,2.0,3.49,-0.38,0.38,39.6,,,,,,Slider,False
FF,2026-04-29,98.6,-1.31,6.24,"Miller, Mason",608324,695243,walk,ball,,,,,14.0,Alex Bregman walks.,R,R,R,SD,CHC,B,,,3,0,2026,-0.59,1.55,0.9846112540327444,1.0330444268471846,,,,1,9,Top,,,,,,,7.574816898921018,-142.92597770771712,-12.128832570226765,-9.772539823133354,32.63704567149503,-8.221950148462799,3.126099081,1.57765748,,,,99.2,2478.0,6.8,823312,666023,664034,630105,609280,593428,669369,701538,665487,53.68,,0.698418,0.7,1.0,0.0,0.0,,69,4,4-Seam Fastball,4,5,5,4,5,4,5,4,Standard,Standard,200.0,-0.007,0.169,,,,,-0.169,,-1,1,0.171,0.829,27,32,28,32,1,4,2.0,1.0,4.0,2.0,0.81,0.59,0.59,42.5,,,,,,Four-seam,True
FF,2026-04-29,99.2,-1.31,6.19,"Miller, Mason",608324,695243,,ball,,,,,14.0,,R,R,R,SD,CHC,B,,,2,0,2026,-0.55,1.13,0.787361228903701,0.9316122375443076,,,,1,9,Top,,,,,,,7.065528255074471,-143.87702992172967,-11.500662070298125,-9.244688910754078,32.614029769289594,-13.928973116850864,3.126099081,1.57765748,,,,100.5,2446.0,7.1,823312,666023,664034,630105,609280,593428,669369,701538,665487,53.38,,,,,,,,69,3,4-Seam Fastball,4,5,5,4,5,4,5,4,Standard,Standard,203.0,-0.005,0.138,,,,,-0.138,,-1,1,0.176,0.824,27,32,28,32,1,4,2.0,1.0,4.0,2.0,1.19,0.55,0.55,43.0,,,,,,Four-seam,False
FF,2026-04-29,100.6,-1.2,6.31,"Miller, Mason",608324,695243,,ball,,,,,12.0,,R,R,R,SD,CHC,B,,,1,0,2026,-0.48,1.47,1.7076990334389643,2.675776888085196,,,,1,9,Top,,,,,,,9.212771440242587,-146.06902432119648,-8.12488637346263,-9.100915921390918,36.396898731062095,-9.330677582787544,3.126099081,1.57765748,,,,101.6,2624.0,7.1,823312,666023,664034,630105,609280,593428,669369,701538,665487,53.44,,,,,,,,69,2,4-Seam Fastball,4,5,5,4,5,4,5,4,Standard,Standard,202.0,-0.003,0.075,,,,,-0.075,,-1,1,0.179,0.821,27,32,28,32,1,4,2.0,1.0,4.0,2.0,0.8,0.48,0.48,41.4,,,,,,Four-seam,False
FF,2026-04-29,100.5,-1.4,6.34,"Miller, Mason",608324,695243,,ball,,,,,12.0,,R,R,R,SD,CHC,B,,,0,0,2026,-0.57,1.34,0.4388939214486209,4.036182986355398,,,,1,9,Top,,,,,,,6.489517962204041,-146.2504782145131,-4.135665638295502,-9.746430386746058,35.3697480883908,-12.152370627429775,3.126099081,1.57765748,,,,101.5,2528.0,6.9,823312,666023,664034,630105,609280,593428,669369,701538,665487,53.61,,,,,,,,69,1,4-Seam Fastball,4,5,5,4,5,4,5,4,Standard,Standard,203.0,-0.002,0.041,,,,,-0.041,,-1,1,0.181,0.819,27,32,28,32,1,4,2.0,1.0,4.0,2.0,0.92,0.57,0.57,43.3,,,,,,Four-seam,False
FF,2026-04-29,100.8,-1.28,6.29,"Miller, Mason",694208,695243,field_out,hit_into_play,,,,,12.0,"Moisés Ballesteros grounds out, third baseman Miguel Andujar to first baseman Ty France.",R,L,R,SD,CHC,X,5.0,ground_ball,3,2,2026,-0.37,1.51,0.5476054031927362,3.675606923813434,,,,0,9,Top,98.35,155.64,,,,,5.967635476916961,-146.73645350308018,-5.447271592629718,-6.750541021734643,34.072690731523245,-9.244052636246549,3.040091864,1.534251969,11.0,74.1,-17.0,101.7,2576.0,6.7,823312,666023,664034,630105,609280,593428,669369,701538,665487,53.81,0.042,0.041,0.0,1.0,0.0,0.0,2.0,68,6,4-Seam Fastball,4,5,5,4,5,4,5,4,Infield shade,Standard,198.0,0.02,-0.346,42.6,4.8,,0.043,0.346,88.0,-1,1,0.161,0.839,27,22,28,23,1,4,2.0,1.0,4.0,2.0,0.73,0.37,-0.37,41.2,-6.719272388689552,28.740275228234445,21.89914104993784,33.00797863611914,16.869738399573325,Four-seam,True
SL,2026-04-29,87.4,-1.45,6.17,"Miller, Mason",694208,695243,,ball,,,,,14.0,,R,L,R,SD,CHC,B,,,2,2,2026,0.72,-0.53,1.746492356227532,-0.8104804622346475,,,,0,9,Top,,,,,,,6.137633939349108,-126.80460913503713,-9.189559414779495,6.340227079228939,28.51233630602606,-35.995371480317964,3.040091864,1.534251969,,,,87.7,2438.0,6.9,823312,666023,664034,630105,609280,593428,669369,701538,665487,53.61,,,,,,,,68,5,Slider,4,5,5,4,5,4,5,4,Infield shade,Standard,33.0,-0.006,0.113,,,,,-0.113,,-1,1,0.167,0.833,27,22,28,23,1,4,2.0,1.0,4.0,2.0,3.56,-0.72,0.72,39.5,,,,,,Slider,False
FF,2026-04-29,100.0,-1.35,6.29,"Miller, Mason",694208,695243,,swinging_strike,,,,,5.0,,R,L,R,SD,CHC,S,,,2,1,2026,-0.96,1.47,-0.1799777654662009,2.519561542354535,,,,0,9,Top,,,,,,,5.52542053573695,-145.25450947649557,-8.274398682286787,-14.908776916142486,39.67505908061177,-9.604296993256677,3.040091864,1.534251969,,,,100.0,2497.0,6.8,823312,666023,664034,630105,609280,593428,669369,701538,665487,53.71,,,,,,,,68,4,4-Seam Fastball,4,5,5,4,5,4,5,4,Infield shade,Standard,209.0,0.004,-0.078,74.8,7.2,0.81154752,,0.078,,-1,1,0.163,0.837,27,22,28,23,1,4,2.0,1.0,4.0,2.0,0.85,0.96,-0.96,40.8,7.358673749300861,6.7386126914833495,28.519613655992085,42.02221100566307,25.656157177332407,Four-seam,False
FF,2026-04-29,98.8,-1.46,6.24,"Miller, Mason",694208,695243,,called_strike,,,,,6.0,,R,L,R,SD,CHC,S,,,2,0,2026,-0.63,1.54,0.481589846160428,2.2986869229684324,,,,0,9,Top,,,,,,,6.761497082037903,-143.4190979493306,-8.74942278716927,-10.246602766582258,34.93309839747885,-8.98269614013204,3.040091864,1.534251969,,,,99.4,2546.0,6.9,823312,666023,664034,630105,609280,593428,669369,701538,665487,53.63,,,,,,,,68,3,4-Seam Fastball,4,5,5,4,5,4,5,4,Infield shade,Standard,201.0,0.005,-0.073,,,,,0.073,,-1,1,0.158,0.842,27,22,28,23,1,4,2.0,1.0,4.0,2.0,0.81,0.63,-0.63,38.5,,,,,,Four-seam,False
FF,2026-04-29,100.2,-1.28,6.37,"Miller, Mason",694208,695243,,ball,,,,,12.0,,R,L,R,SD,CHC,B,,,1,0,2026,-0.72,1.48,0.8511397853854208,2.654072322314444,,,,0,9,Top,,,,,,,7.594019550036628,-145.58508054927972,-8.26419857003652,-12.099571595747069,35.56353037205503,-9.271942737573614,3.040091864,1.534251969,,,,100.7,2553.0,6.7,823312,666023,664034,630105,609280,593428,669369,701538,665487,53.77,,,,,,,,68,2,4-Seam Fastball,4,5,5,4,5,4,5,4,Infield shade,Standard,206.0,-0.005,0.082,,,,,-0.082,,-1,1,0.163,0.837,27,22,28,23,1,4,2.0,1.0,4.0,2.0,0.8,0.72,-0.72,41.0,,,,,,Four-seam,False
SL,2026-04-29,86.0,-1.62,6.16,"Miller, Mason",694208,695243,,ball,,,,,11.0,,R,L,R,SD,CHC,B,,,0,0,2026,0.89,-0.2,-0.1575216285271407,3.610538080509839,,,,0,9,Top,,,,,,,1.586139724581376,-125.12975180849912,0.9064430159063472,8.847756157909016,29.10942132722121,-34.70356275960906,3.040091864,1.534251969,,,,86.2,2377.0,6.7,823312,666023,664034,630105,609280,593428,669369,701538,665487,53.76,,,,,,,,68,1,Slider,4,5,5,4,5,4,5,4,Infield shade,Standard,50.0,-0.002,0.042,,,,,-0.042,,-1,1,0.165,0.835,27,22,28,23,1,4,2.0,1.0,4.0,2.0,3.32,-0.89,0.89,38.1,,,,,,Slider,False
SL,2026-04-27,90.0,-1.66,6.22,"Miller, Mason",608324,695243,strikeout,swinging_strike,,,,,14.0,Alex Bregman strikes out swinging.,R,R,R,SD,CHC,S,2.0,,0,2,2026,0.86,-0.41,1.537405558662006,0.8964613191318045,663538.0,,,2,9,Top,,,,,,,6.018032512886844,-130.79949341355007,-6.001776936533694,8.266339306548222,31.943477443704968,-35.63196801925107,3.126099081,1.57765748,,,,90.2,2578.0,6.8,823311,666023,657757,630105,664034,593428,657656,701538,665487,53.66,,0.0,0.0,1.0,0.0,0.0,,80,3,Slider,9,7,7,9,7,9,7,9,Standard,Standard,42.0,0.024,-0.208,39.7,7.2,10.898955348,,0.208,,2,-2,0.976,0.024,27,32,28,32,1,4,2.0,1.0,2.0,1.0,3.27,-0.86,-0.86,39.8,16.062529101777105,-6.353021123796577,28.72033877406078,47.047923262240175,37.30382523394632,Slider,True
SL,2026-04-27,89.6,-1.54,6.28,"Miller, Mason",608324,695243,,called_strike,,,,,2.0,,R,R,R,SD,CHC,S,,,0,1,2026,0.41,-0.45,0.1060032212458054,2.968149525536937,663538.0,,,2,9,Top,,,,,,,3.1562321600128245,-130.3806941280819,-0.9501372652117396,3.885664232995471,30.256647742187628,-37.24451364543385,3.126099081,1.57765748,,,,89.9,2442.0,6.7,823311,666023,657757,630105,664034,593428,657656,701538,665487,53.79,,,,,,,,80,2,Slider,9,7,7,9,7,9,7,9,Standard,Standard,41.0,0.01,-0.06,,,,,0.06,,2,-2,0.966,0.034,27,32,28,32,1,4,2.0,1.0,2.0,1.0,3.31,-0.41,-0.41,41.8,,,,,,Slider,False
SL,2026-04-27,87.8,-1.58,6.15,"Miller, Mason",608324,695243,,called_strike,,,,,5.0,,R,R,R,SD,CHC,S,,,0,0,2026,0.81,-0.52,-0.1459207976922495,2.0559675953648244,663538.0,,,2,9,Top,,,,,,,1.7168551819375204,-127.82331675305348,-2.383162132801358,8.393820234023618,30.93855262799784,-37.42834867306328,3.126099081,1.57765748,,,,87.8,2407.0,6.7,823311,666023,657757,630105,664034,593428,657656,701538,665487,53.81,,,,,,,,80,1,Slider,9,7,7,9,7,9,7,9,Standard,Standard,32.0,0.006,-0.034,,,,,0.034,,2,-2,0.96,0.04,27,32,28,32,1,4,2.0,1.0,2.0,1.0,3.51,-0.81,-0.81,41.5,,,,,,Slider,False
SL,2026-04-27,88.9,-1.58,6.26,"Miller, Mason",683737,695243,field_out,hit_into_play,,,,,7.0,Michael Busch grounds out to first baseman Gavin Sheets. Nico Hoerner to 3rd.,R,L,R,SD,CHC,X,3.0,ground_ball,2,2,2026,0.52,-0.37,-0.377280801514775,2.0786266390421786,,663538.0,,1,9,Top,152.82,169.42,,,,,1.8011287888388956,-129.42111449932068,-3.162399846821044,5.424624755794447,28.919519697970554,-35.86825829195371,3.166469816,1.598031496,5.0,86.7,-25.0,89.5,2478.0,6.8,823311,666023,657757,630105,664034,593428,657656,701538,665487,53.69,0.072,0.071,0.0,1.0,0.0,0.0,2.0,79,5,Slider,9,7,7,9,7,9,7,9,Infield shade,Standard,38.0,0.05,-0.195,65.3,7.5,,0.077,0.195,88.0,2,-2,0.91,0.09,27,28,28,29,1,4,2.0,1.0,2.0,1.0,3.27,-0.52,0.52,42.7,21.68654863913528,-1.866366317832106,33.413612909098134,40.55724212448166,34.38632715225637,Slider,True
SL,2026-04-27,87.8,-1.65,6.22,"Miller, Mason",683737,695243,,called_strike,,,,,7.0,,R,L,R,SD,CHC,S,,,2,1,2026,0.64,-0.4,-0.7574804450476945,1.5742942199893737,,663538.0,,1,9,Top,,,,,,,0.7909589595176942,-127.88192317496892,-4.047848852643458,6.849743620473244,27.04928487688305,-35.95771392224285,3.166469816,1.598031496,,,,88.8,2448.0,6.9,823311,666023,657757,630105,664034,593428,657656,701538,665487,53.6,,,,,,,,79,4,Slider,9,7,7,9,7,9,7,9,Infield shade,Standard,37.0,0.016,-0.078,,,,,0.078,,2,-2,0.894,0.106,27,28,28,29,1,4,2.0,1.0,2.0,1.0,3.36,-0.64,0.64,39.8,,,,,,Slider,False
SL,2026-04-27,87.3,-1.69,6.22,"Miller, Mason",683737,695243,,called_strike,,,,,5.0,,R,L,R,SD,CHC,S,,,2,0,2026,0.93,-0.42,-0.0660859291662567,2.4562635365286516,,663538.0,,1,9,Top,,,,,,,1.9113137710242245,-127.13843767382976,-1.7254008608598632,9.561393262031396,29.2890492987086,-36.56099891791051,3.166469816,1.598031496,,,,87.6,2516.0,6.7,823311,666023,657757,630105,664034,593428,657656,701538,665487,53.79,,,,,,,,79,3,Slider,9,7,7,9,7,9,7,9,Infield shade,Standard,41.0,0.016,-0.04,,,,,0.04,,2,-2,0.878,0.122,27,28,28,29,1,4,2.0,1.0,2.0,1.0,3.44,-0.93,0.93,40.8,,,,,,Slider,False
SL,2026-04-27,88.7,-1.75,6.14,"Miller, Mason",683737,695243,,ball,,,,,14.0,,R,L,R,SD,CHC,B,,,1,0,2026,0.88,-0.46,1.5918183866548112,-0.5711226344301314,621020.0,,663538.0,1,9,Top,,,,,,,6.25827175644731,-128.6726178013013,-8.98642345012871,8.08930588598763,31.794382202539765,-35.21794819331692,3.166469816,1.598031496,,,,88.9,2675.0,7.0,823311,666023,657757,630105,664034,593428,657656,701538,665487,53.48,,,,,,,,79,2,Slider,9,6,6,9,7,9,7,9,Infield shade,Standard,31.0,-0.02,0.049,,,,,-0.049,,3,-3,0.898,0.102,27,28,28,29,1,4,2.0,1.0,2.0,1.0,3.42,-0.88,0.88,40.2,,,,,,Slider,False
SL,2026-04-27,86.4,-1.76,6.28,"Miller, Mason",683737,695243,,ball,,,,,14.0,,R,L,R,SD,CHC,B,,,0,0,2026,1.02,-0.22,0.9125326652024964,1.4821212436191975,621020.0,,663538.0,1,9,Top,,,,,,,4.196704317778195,-125.61112295572303,-4.436981181883163,9.736293366507171,28.65205360249514,-33.667371627215594,3.166469816,1.598031496,,,,86.6,2452.0,6.7,823311,666023,657757,630105,664034,593428,657656,701538,665487,53.77,,,,,,,,79,1,Slider,9,6,6,9,6,9,6,9,Infield shade,Standard,41.0,-0.008,0.021,,,,,-0.021,,3,-3,0.906,0.094,27,28,28,29,1,4,2.0,1.0,2.0,1.0,3.31,-1.02,1.02,42.1,,,,,,Slider,False
FF,2026-04-27,102.3,-1.58,6.27,"Miller, Mason",663538,695243,force_out,hit_into_play,,,,,6.0,"Nico Hoerner grounds into a force out, second baseman Jake Cronenworth to shortstop Xander Bogaerts. Matt Shaw scores. Dansby Swanson to 3rd. Pete Crow-Armstrong out at 2nd. Nico Hoerner to 1st.",R,R,R,SD,CHC,X,4.0,ground_ball,1,0,2026,-0.74,1.42,0.7192093245115891,2.159742353079793,807713.0,621020.0,691718.0,0,9,Top,147.25,157.26,,,,,8.291241865395486,-148.44943029067124,-9.648957235576225,-12.881009217555492,36.318351049544624,-8.98285468468317,3.185777559,1.607775591,6.0,90.3,-19.0,103.3,2602.0,7.0,823311,666023,657757,630105,664034,593428,657656,701538,665487,53.46,0.119,0.107,0.0,1.0,0.0,0.0,2.0,78,2,4-Seam Fastball,9,5,5,9,6,9,6,9,Standard,Standard,211.0,0.075,-0.292,66.3,6.9,,0.131,0.292,90.3,4,-4,0.831,0.169,27,29,28,29,1,4,2.0,1.0,2.0,1.0,0.77,0.74,0.74,40.4,-4.852440954830237,20.899801779376,30.84036429867792,46.20578769618854,12.711231111352948,Four-seam,True
SL,2026-04-27,88.1,-1.63,6.2,"Miller, Mason",663538,695243,,blocked_ball,,,,,14.0,,R,R,R,SD,CHC,B,,,0,0,2026,0.54,-0.34,1.0877804163324585,0.1872491789056467,807713.0,621020.0,691718.0,0,9,Top,,,,,,,5.408489368437359,-128.01588665901872,-7.460833985834922,4.640967750439073,29.10263849444518,-34.41233597437833,3.185777559,1.607775591,,,,88.4,2527.0,6.8,823311,666023,657757,630105,664034,593428,657656,701538,665487,53.74,,,,,,,,78,1,Slider,9,5,5,9,5,9,5,9,Standard,Standard,33.0,-0.012,0.033,,,,,-0.033,,4,-4,0.843,0.157,27,29,28,29,1,4,2.0,1.0,2.0,1.0,3.31,-0.54,-0.54,39.6,,,,,,Slider,False
SL,2026-04-27,88.7,-1.77,6.16,"Miller, Mason",691718,695243,single,hit_into_play,,,,,13.0,Pete Crow-Armstrong singles on a ground ball to right fielder Fernando Tatis Jr. Matt Shaw to 3rd. Dansby Swanson to 2nd.,R,L,R,SD,CHC,X,9.0,ground_ball,0,2,2026,0.71,-0.3,-0.100877114464966,1.2583522172270385,,807713.0,621020.0,0,9,Top,174.11,121.28,,,,,2.5339473330101385,-129.12772038466952,-5.040212707287265,7.388411084428197,28.093958250657188,-34.68860722985689,3.202452428,1.616190945,24.0,94.1,-2.0,89.5,2349.0,6.8,823311,666023,657757,630105,664034,593428,657656,701538,665487,53.67,0.376,0.353,0.9,1.0,1.0,0.0,2.0,77,3,Slider,9,5,5,9,5,9,5,9,Infield shade,Standard,33.0,-0.097,0.589,66.3,7.7,,0.435,-0.589,94.1,4,-4,0.94,0.06,27,24,28,24,1,3,2.0,1.0,2.0,1.0,3.21,-0.71,0.71,38.4,7.837822411592399,-1.449792797430666,37.91226780120716,37.34180454424504,35.44401054346633,Slider,True
SL,2026-04-27,87.9,-1.55,6.22,"Miller, Mason",691718,695243,,called_strike,,,,,5.0,,R,L,R,SD,CHC,S,,,0,1,2026,0.89,-0.27,-0.08907920114014,2.4094362827465527,,807713.0,621020.0,0,9,Top,,,,,,,1.6348203457582189,-127.9662062397458,-2.268214706862264,9.27520069713412,29.403281629015865,-34.84674659368525,3.202452428,1.616190945,,,,88.6,2421.0,6.9,823311,666023,657757,630105,664034,593428,657656,701538,665487,53.56,,,,,,,,77,2,Slider,9,5,5,9,5,9,5,9,Infield shade,Standard,36.0,0.01,-0.056,,,,,0.056,,4,-4,0.93,0.07,27,24,28,24,1,3,2.0,1.0,2.0,1.0,3.25,-0.89,0.89,39.0,,,,,,Slider,False
SL,2026-04-27,87.8,-1.61,6.18,"Miller, Mason",691718,695243,,called_strike,,,,,4.0,,R,L,R,SD,CHC,S,,,0,0,2026,0.53,-0.37,-0.4115042280616106,2.3077881730758265,,807713.0,621020.0,0,9,Top,,,,,,,1.739954252841629,-127.7568168887001,-2.1887568395598604,5.380429305340509,29.647784516317653,-35.88485870077967,3.202452428,1.616190945,,,,87.9,2327.0,6.7,823311,666023,657757,630105,664034,593428,657656,701538,665487,53.85,,,,,,,,77,1,Slider,9,5,5,9,5,9,5,9,Infield shade,Standard,41.0,0.006,-0.057,,,,,0.057,,4,-4,0.924,0.076,27,24,28,24,1,3,2.0,1.0,2.0,1.0,3.35,-0.53,0.53,38.5,,,,,,Slider,False
FF,2026-04-27,101.8,-1.6,6.39,"Miller, Mason",621020,695243,single,hit_into_play,,,,,1.0,Dansby Swanson singles on a line drive to left fielder Ramón Laureano. Matt Shaw to 2nd.,R,R,R,SD,CHC,X,7.0,line_drive,2,2,2026,-0.63,1.41,-0.5849859090625824,3.125935550196184,,,807713.0,0,9,Top,79.52,123.93,,,,,4.362144503987452,-148.05255958346464,-7.099246142623022,-10.264511244355516,38.378547355837426,-9.87178456138573,3.218249672,1.624163386,167.0,96.7,11.0,101.8,2520.0,6.5,823311,666023,657757,630105,664034,593428,657656,701538,665487,53.99,0.883,0.838,0.9,1.0,1.0,0.0,4.0,76,5,4-Seam Fastball,9,5,5,9,5,9,5,9,Standard,Standard,209.0,-0.045,0.494,69.4,6.9,,1.031,-0.494,96.7,4,-4,0.969,0.031,27,32,28,32,1,3,2.0,1.0,2.0,1.0,0.8,0.63,0.63,43.1,15.540335985668609,-1.7931663472194188,30.083930094558475,27.754123834001597,34.25879331648544,Four-seam,True
SL,2026-04-27,87.9,-1.56,6.16,"Miller, Mason",621020,695243,,called_strike,,,,,8.0,,R,R,R,SD,CHC,S,,,2,1,2026,0.64,-0.25,0.0220880682743309,1.5061439797249383,,,807713.0,0,9,Top,,,,,,,2.4696891244951673,-127.98546072191758,-4.359325108182264,6.383501719294754,28.8372751191254,-34.18803125995549,3.218249672,1.624163386,,,,88.3,2384.0,6.7,823311,666023,657757,630105,664034,593428,657656,701538,665487,53.77,,,,,,,,76,4,Slider,9,5,5,9,5,9,5,9,Standard,Standard,41.0,0.007,-0.07,,,,,0.07,,4,-4,0.962,0.038,27,32,28,32,1,3,2.0,1.0,2.0,1.0,3.22,-0.64,-0.64,38.8,,,,,,Slider,False
SL,2026-04-27,87.8,-1.74,6.15,"Miller, Mason",621020,695243,,ball,,,,,13.0,,R,R,R,SD,CHC,B,,,1,1,2026,0.54,-0.42,-0.2140831385481817,1.4914700770524871,,,807713.0,0,9,Top,,,,,,,2.5398335575609923,-127.71779691166836,-3.9308373690313534,5.216552578308979,30.360590443291752,-36.078173249350066,3.218249672,1.624163386,,,,88.0,2342.0,6.8,823311,666023,657757,630105,664034,593428,657656,701538,665487,53.71,,,,,,,,76,3,Slider,9,5,5,9,5,9,5,9,Standard,Standard,34.0,-0.005,0.059,,,,,-0.059,,4,-4,0.967,0.033,27,32,28,32,1,3,2.0,1.0,2.0,1.0,3.42,-0.54,-0.54,39.0,,,,,,Slider,False
SL,2026-04-27,87.6,-1.67,6.2,"Miller, Mason",621020,695243,,swinging_strike_blocked,,,,,14.0,,R,R,R,SD,CHC,S,,,1,0,2026,1.14,-0.37,1.1060866323473193,0.3125971431763883,,,807713.0,0,9,Top,,,,,,,4.246873253454176,-127.20063671200376,-6.90157926046416,11.072604482948767,31.612207204817597,-34.65568402546357,3.218249672,1.624163386,,,,87.5,2469.0,6.9,823311,666023,657757,630105,664034,593428,657656,701538,665487,53.64,,,,,,,,76,2,Slider,9,5,5,9,5,9,5,9,Standard,Standard,32.0,0.005,-0.052,21.9,6.8,16.872784488,,0.052,,4,-4,0.962,0.038,27,32,28,32,1,3,2.0,1.0,2.0,1.0,3.41,-1.14,-1.14,38.7,20.94934109796974,6.574515694166552,33.1273878304963,47.80600357406283,36.62456633046095,Slider,False
SL,2026-04-27,86.8,-1.77,6.27,"Miller, Mason",621020,695243,,blocked_ball,,,,,14.0,,R,R,R,SD,CHC,B,,,0,0,2026,0.89,-0.34,0.2638233803693726,0.7253674092102829,,,807713.0,0,9,Top,,,,,,,2.9527947577922413,-126.13411438187993,-5.872370237219272,8.488408991553882,33.580488429326344,-34.458350426765385,3.218249672,1.624163386,,,,86.1,2409.0,6.6,823311,666023,657757,630105,664034,593428,657656,701538,665487,53.9,,,,,,,,76,1,Slider,9,5,5,9,5,9,5,9,Standard,Standard,34.0,-0.004,0.037,,,,,-0.037,,4,-4,0.966,0.034,27,32,28,32,1,3,2.0,1.0,2.0,1.0,3.46,-0.89,-0.89,37.9,,,,,,Slider,False
SL,2026-04-27,87.0,-1.79,6.14,"Miller, Mason",807713,695243,single,hit_into_play,,,,,9.0,Matt Shaw singles on a soft ground ball to third baseman Ty France.,R,R,R,SD,CHC,X,5.0,ground_ball,1,1,2026,1.28,-0.31,0.6111350189017641,1.8814550094268307,,,,0,9,Top,114.32,191.46,,,,,3.027721513229472,-126.63055821069214,-3.0594084512269033,12.848466315343206,30.75128113979789,-34.92644574909445,3.105036089,1.567027559,1.0,49.5,-70.0,87.1,2445.0,6.8,823311,666023,657757,630105,664034,593428,657656,701538,665487,53.71,0.235,0.212,0.9,1.0,1.0,0.0,1.0,75,3,Slider,9,5,5,9,5,9,5,9,Standard,Standard,38.0,-0.019,0.457,62.0,6.9,,0.238,-0.457,88.0,4,-4,0.985,0.015,27,24,28,25,1,1,2.0,1.0,2.0,1.0,3.36,-1.28,-1.28,40.8,7.668781152315128,5.314851403625674,24.933799049742586,42.74796913888174,27.826638291199604,Slider,True
SL,2026-04-27,88.4,-1.61,6.16,"Miller, Mason",807713,695243,,ball,,,,,14.0,,R,R,R,SD,CHC,B,,,0,1,2026,0.87,-0.39,2.462971737071729,-0.425473668816875,,,,0,9,Top,,,,,,,8.004233356724486,-128.3314344147927,-8.84478192793375,7.8534341272450305,27.609615206270448,-34.67877348196458,3.105036089,1.567027559,,,,88.9,2459.0,6.8,823311,666023,657757,630105,664034,593428,657656,701538,665487,53.67,,,,,,,,75,2,Slider,9,5,5,9,5,9,5,9,Standard,Standard,30.0,-0.001,0.029,,,,,-0.029,,4,-4,0.986,0.014,27,24,28,25,1,1,2.0,1.0,2.0,1.0,3.33,-0.87,-0.87,39.7,,,,,,Slider,False
SL,2026-04-27,87.5,-1.66,6.26,"Miller, Mason",807713,695243,,called_strike,,,,,14.0,,R,R,R,SD,CHC,S,,,0,0,2026,0.82,-0.23,0.9040257755093998,1.70159418341012,,,,0,9,Top,,,,,,,4.426632591565921,-127.38902879518268,-4.145761293532552,7.959882871630661,26.346862270347923,-33.999091079506115,3.105036089,1.567027559,,,,88.2,2421.0,6.7,823311,666023,657757,630105,664034,593428,657656,701538,665487,53.78,,,,,,,,75,1,Slider,9,5,5,9,5,9,5,9,Standard,Standard,31.0,0.001,-0.041,,,,,0.041,,4,-4,0.985,0.015,27,24,28,25,1,1,2.0,1.0,2.0,1.0,3.2,-0.82,-0.82,38.5,,,,,,Slider,False
FF,2026-04-25,102.7,-1.73,6.36,"Miller, Mason",606466,695243,field_out,hit_into_play,,,,,6.0,"Ketel Marte grounds out, first baseman Ty France to pitcher Mason Miller.",R,L,R,AZ,SD,X,3.0,ground_ball,1,1,2026,0.01,1.02,0.6794038085092567,2.3700830049440538,,,,2,9,Bot,161.64,163.24,,,,,6.6981072,-149.23743,-8.3639,-1.1763518,30.927742,-15.400492,3.218,1.624,26.0,87.6,-6.0,103.3,2451.0,6.4,825093,666023,664034,630105,592518,593428,657656,701538,665487,54.15,0.198,0.185,0.0,1.0,0.0,0.0,2.0,76,3,4-Seam Fastball,4,6,4,6,6,4,4,6,,,179.0,-0.015,-0.247,,,,0.223,0.247,88.0,-2,-2,0.015,0.015,27,32,28,33,1,4,2.0,2.0,2.0,1.0,1.13,-0.01,0.01,,,,,,,Four-seam,True
CH,2026-04-25,96.5,-2.04,6.15,"Miller, Mason",606466,695243,,ball,,,,,13.0,,R,L,R,AZ,SD,B,,,0,1,2026,-0.82,0.29,-1.2086851741970588,1.2690690751769331,,,,2,9,Bot,,,,,,,3.9976707,-140.32826,-7.9058304,-11.300978,28.321314,-26.630095,3.218,1.624,,,,96.9,1956.0,6.3,825093,666023,664034,630105,592518,593428,657656,701538,665487,54.21,,,,,,,,76,2,Changeup,4,6,4,6,6,4,4,6,,,255.0,0.0,0.03,,,,,-0.03,,-2,-2,0.015,0.015,27,32,28,33,1,4,2.0,2.0,2.0,1.0,2.14,0.82,-0.82,,,,,,,Changeup,False
SL,2026-04-25,88.9,-2.03,6.19,"Miller, Mason",606466,695243,,called_strike,,,,,4.0,,R,L,R,AZ,SD,S,,,0,0,2026,0.6,-0.05,-0.6291397287878695,2.1357581790481395,,,,2,9,Bot,,,,,,,2.1559055,-129.50456,-3.7631595,6.258573,22.63857,-31.824297,3.218,1.624,,,,90.0,2490.0,6.6,825093,666023,664034,630105,592518,593428,657656,701538,665487,53.95,,,,,,,,76,1,Slider,4,6,4,6,6,4,4,6,,,79.0,0.0,-0.045,,,,,0.045,,-2,-2,0.015,0.015,27,32,28,33,1,4,2.0,2.0,2.0,1.0,2.87,-0.6,0.6,,,,,,,Slider,False
FF,2026-04-25,102.2,-1.76,6.39,"Miller, Mason",678489,695243,field_out,hit_into_play,,,,,9.0,"Diamondbacks challenged (play at 1st), call on the field was upheld: Jorge Barrosa grounds out, pitcher Mason Miller to second baseman Jake Cronenworth to first baseman Ty France.",R,L,R,AZ,SD,X,1.0,ground_ball,1,2,2026,-0.38,0.94,0.4242925583633903,1.85707111940078,,,,1,9,Bot,145.92,162.23,,,,,6.9942617,-148.48268,-9.6274185,-6.8700914,29.581726,-16.420332,2.958,1.493,9.0,93.6,-12.0,103.2,2604.0,6.5,825093,666023,664034,630105,592518,593428,657656,701538,665487,53.98,0.167,0.16,0.0,1.0,0.0,0.0,2.0,75,4,4-Seam Fastball,4,6,4,6,6,4,4,6,,,203.0,-0.022,-0.182,,,,0.187,0.182,93.6,-2,-2,0.037,0.037,27,25,28,25,1,0,2.0,2.0,2.0,3.0,1.21,0.38,-0.38,,,,,,,Four-seam,True
FF,2026-04-25,101.9,-1.69,6.26,"Miller, Mason",678489,695243,,swinging_strike,,,,,12.0,,R,L,R,AZ,SD,S,,,1,1,2026,-0.41,0.94,1.0577592440183528,2.727194351821586,,,,1,9,Bot,,,,,,,8.620355,-148.02214,-6.815328,-7.7080054,30.716066,-16.968107,2.958,1.493,,,,103.0,2527.0,6.7,825093,666023,664034,630105,592518,593428,657656,701538,665487,53.81,,,,,,,,75,3,4-Seam Fastball,4,6,4,6,6,4,4,6,,,205.0,-0.008,-0.07,,,,,0.07,,-2,-2,0.045,0.045,27,25,28,25,1,0,2.0,2.0,2.0,3.0,1.22,0.41,-0.41,,,,,,,Four-seam,False
SL,2026-04-25,87.8,-1.76,6.24,"Miller, Mason",678489,695243,,called_strike,,,,,5.0,,R,L,R,AZ,SD,S,,,1,0,2026,0.81,-0.26,0.131253045140135,2.2909393578868102,,,,1,9,Bot,,,,,,,2.8981924,-127.68173,-2.7899113,7.7837925,26.096119,-33.996304,2.958,1.493,,,,87.5,2414.0,6.1,825093,666023,664034,630105,592518,593428,657656,701538,665487,54.38,,,,,,,,75,2,Slider,4,6,4,6,6,4,4,6,,,67.0,-0.009,-0.05,,,,,0.05,,-2,-2,0.054,0.054,27,25,28,25,1,0,2.0,2.0,2.0,3.0,3.24,-0.81,0.81,,,,,,,Slider,False
SL,2026-04-25,87.2,-1.91,6.26,"Miller, Mason",678489,695243,,ball,,,,,11.0,,R,L,R,AZ,SD,B,,,0,0,2026,0.8,-0.02,-0.5999523084751933,4.162600955900512,,,,1,9,Bot,,,,,,,1.5312566,-126.970634,1.1278216,7.939495,22.790672,-32.306835,2.958,1.493,,,,87.2,2345.0,6.0,825093,666023,664034,630105,592518,593428,657656,701538,665487,54.51,,,,,,,,75,1,Slider,4,6,4,6,6,4,4,6,,,83.0,0.007,0.041,,,,,-0.041,,-2,-2,0.047,0.047,27,25,28,25,1,0,2.0,2.0,2.0,3.0,3.03,-0.8,0.8,,,,,,,Slider,False
SL,2026-04-25,89.2,-1.82,6.27,"Miller, Mason",677950,695243,field_out,hit_into_play,,,,,7.0,Alek Thomas flies out to left fielder Ramón Laureano.,R,L,R,AZ,SD,X,7.0,fly_ball,2,2,2026,0.59,-0.36,-0.4271504444729377,1.959483161493854,,,,0,9,Bot,74.95,115.59,,,,,2.178189,-129.87102,-3.7141402,5.9818277,25.63085,-35.15702,3.073,1.551,293.0,87.1,43.0,89.4,2460.0,6.2,825093,666023,664034,630105,592518,593428,657656,701538,665487,54.28,0.006,0.008,0.0,1.0,0.0,0.0,3.0,74,6,Slider,4,6,4,6,6,4,4,6,,,53.0,-0.041,-0.232,,,,0.013,0.232,88.0,-2,-2,0.088,0.088,27,26,28,26,1,3,2.0,2.0,2.0,1.0,3.22,-0.59,0.59,,,,,,,Slider,True
FF,2026-04-25,103.4,-1.61,6.43,"Miller, Mason",677950,695243,,ball,,,,,11.0,,R,L,R,AZ,SD,B,,,1,2,2026,-0.45,0.85,-1.0137250839549197,4.021232731845392,,,,0,9,Bot,,,,,,,2.7650263,-150.59526,-3.722989,-7.220436,30.924845,-18.34463,3.073,1.551,,,,105.0,2571.0,6.7,825093,666023,664034,630105,592518,593428,657656,701538,665487,53.77,,,,,,,,74,5,4-Seam Fastball,4,6,4,6,6,4,4,6,,,209.0,0.007,0.046,,,,,-0.046,,-2,-2,0.081,0.081,27,26,28,26,1,3,2.0,2.0,2.0,1.0,1.22,0.45,-0.45,,,,,,,Four-seam,False
SL,2026-04-25,89.0,-1.87,6.3,"Miller, Mason",677950,695243,,ball,,,,,13.0,,R,L,R,AZ,SD,B,,,0,2,2026,0.62,-0.35,-0.7242850670152094,1.3873838210457443,,,,0,9,Bot,,,,,,,1.521004,-129.4702,-5.129514,6.375377,25.88578,-34.71986,3.073,1.551,,,,88.9,2335.0,6.1,825093,666023,664034,630105,592518,593428,657656,701538,665487,54.37,,,,,,,,74,4,Slider,4,6,4,6,6,4,4,6,,,55.0,0.005,0.022,,,,,-0.022,,-2,-2,0.076,0.076,27,26,28,26,1,3,2.0,2.0,2.0,1.0,3.24,-0.62,0.62,,,,,,,Slider,False
FF,2026-04-25,103.8,-1.8,6.39,"Miller, Mason",677950,695243,,foul,,,,,12.0,,R,L,R,AZ,SD,S,,,0,2,2026,-0.72,0.76,0.1549330553583378,3.2393260474160064,,,,0,9,Bot,,,,,,,7.2372146,-150.9377,-5.5843797,-12.163313,30.209095,-19.51667,3.073,1.551,334.0,92.8,46.0,104.6,2625.0,6.4,825093,666023,664034,630105,592518,593428,657656,701538,665487,54.13,,,,,,,,74,3,4-Seam Fastball,4,6,4,6,6,4,4,6,,,226.0,0.0,0.0,,,,,0.0,92.8,-2,-2,0.076,0.076,27,26,28,26,1,3,2.0,2.0,2.0,1.0,1.33,0.72,-0.72,,,,,,,Four-seam,False
SL,2026-04-25,88.4,-1.9,6.26,"Miller, Mason",677950,695243,,swinging_strike,,,,,9.0,,R,L,R,AZ,SD,S,,,0,1,2026,0.8,-0.32,0.312152341380169,1.916864589888932,,,,0,9,Bot,,,,,,,3.6972835,-128.50423,-3.713776,7.729147,25.435463,-34.540306,3.073,1.551,,,,88.1,2518.0,6.0,825093,666023,664034,630105,592518,593428,657656,701538,665487,54.47,,,,,,,,74,2,Slider,4,6,4,6,6,4,4,6,,,63.0,-0.012,-0.054,,,,,0.054,,-2,-2,0.088,0.088,27,26,28,26,1,3,2.0,2.0,2.0,1.0,3.26,-0.8,0.8,,,,,,,Slider,False
SL,2026-04-25,87.9,-1.95,6.25,"Miller, Mason",677950,695243,,called_strike,,,,,6.0,,R,L,R,AZ,SD,S,,,0,0,2026,0.76,-0.43,0.3640885943530682,2.4719978449409035,,,,0,9,Bot,,,,,,,3.9978478,-127.94002,-2.128763,7.2267385,23.45037,-36.007114,3.073,1.551,,,,87.7,2440.0,5.9,825093,666023,664034,630105,592518,593428,657656,701538,665487,54.58,,,,,,,,74,1,Slider,4,6,4,6,6,4,4,6,,,56.0,-0.007,-0.041,,,,,0.041,,-2,-2,0.095,0.095,27,26,28,26,1,3,2.0,2.0,2.0,1.0,3.4,-0.76,0.76,,,,,,,Slider,False
SL,2026-04-23,86.9,-1.6,6.31,"Miller, Mason",678662,695243,grounded_into_double_play,hit_into_play,,,,,9.0,"Ezequiel Tovar grounds into a double play, third baseman Manny Machado to second baseman Jake Cronenworth to first baseman Gavin Sheets. Troy Johnston out at 2nd. Ezequiel Tovar out at 1st.",R,R,R,COL,SD,X,5.0,ground_ball,0,2,2026,0.77,-0.36,0.640244678263968,1.754538018108279,,,687859.0,1,9,Bot,106.2,167.9,,,,,3.756616396434301,-126.77593520291155,-3.945826216801475,7.8365558614095585,19.857467678094817,-35.671832282185626,3.219127297,1.624606299,11.0,77.9,-9.0,89.1,2484.0,7.0,824368,666023,657757,630105,592518,593428,657656,701538,665487,53.53,0.085,0.078,0.0,1.0,0.0,0.0,2.0,88,3,Slider,8,10,8,10,10,8,8,10,Standard,Standard,43.0,-0.086,-0.224,67.9,7.7,,0.095,0.224,88.0,-2,-2,0.086,0.086,27,24,28,25,1,4,4.0,1.0,2.0,1.0,3.31,-0.77,-0.77,38.9,15.388196487825518,-11.510837150700462,32.71902388337976,38.44367112387056,35.36271663094555,Slider,True
SL,2026-04-23,86.5,-1.79,6.21,"Miller, Mason",678662,695243,,called_strike,,,,,5.0,,R,R,R,COL,SD,S,,,0,1,2026,0.74,-0.24,-0.2412515614075278,2.3422126406967667,,,687859.0,1,9,Bot,,,,,,,2.127789691696708,-126.05403632107316,-2.3328473714948523,7.531780505754301,24.725335684270565,-34.493169865334465,3.219127297,1.624606299,,,,87.6,2351.0,6.8,824368,666023,657757,630105,592518,593428,657656,701538,665487,53.68,,,,,,,,88,2,Slider,8,10,8,10,10,8,8,10,Standard,Standard,37.0,-0.016,-0.058,,,,,0.058,,-2,-2,0.102,0.102,27,24,28,25,1,4,4.0,1.0,2.0,1.0,3.27,-0.74,-0.74,38.9,,,,,,Slider,False
SL,2026-04-23,88.0,-1.78,6.15,"Miller, Mason",678662,695243,,swinging_strike_blocked,,,,,14.0,,R,R,R,COL,SD,S,,,0,0,2026,0.72,-0.66,1.3055385351227722,-0.2183006307447859,,,687859.0,1,9,Bot,,,,,,,5.924160992258798,-127.86392142743642,-7.719383769966946,6.710342984953793,26.250267013389916,-37.96560649335737,3.219127297,1.624606299,,,,89.1,2578.0,7.0,824368,666023,657757,630105,592518,593428,657656,701538,665487,53.48,,,,,,,,88,1,Slider,8,10,8,10,10,8,8,10,Standard,Standard,39.0,-0.01,-0.037,68.4,8.7,18.226114152,,0.037,,-2,-2,0.112,0.112,27,24,28,25,1,4,4.0,1.0,2.0,1.0,3.61,-0.72,-0.72,36.8,23.973284631722503,-15.735360893227378,41.53023576436342,48.52986046417341,45.01597268080934,Slider,False
FF,2026-04-23,101.2,-1.67,6.33,"Miller, Mason",687859,695243,single,hit_into_play,,,,,12.0,Troy Johnston singles on a line drive to left fielder Ramón Laureano.,R,L,R,COL,SD,X,7.0,line_drive,0,0,2026,-0.6,1.08,0.8749076973341875,2.6307373419537075,,,,1,9,Bot,64.16,126.35,,,,,8.52813264254781,-147.17617376420063,-7.513508914126122,-10.572196282318435,30.49993698189588,-14.952490665659685,3.159448819,1.594488189,173.0,75.6,16.0,102.6,2473.0,6.8,824368,666023,657757,630105,592518,593428,657656,701538,665487,53.72,0.777,0.717,0.9,1.0,1.0,0.0,4.0,87,1,4-Seam Fastball,8,10,8,10,10,8,8,10,Infield shade,Standard,207.0,0.065,0.419,62.7,5.2,,0.842,-0.419,88.0,-2,-2,0.047,0.047,27,29,28,29,1,4,4.0,1.0,2.0,1.0,1.13,0.6,-0.6,38.5,-8.335086927778757,12.756040009968114,40.666457109428336,25.692110295918177,21.420419809431568,Four-seam,True
FF,2026-04-23,100.2,-1.56,6.32,"Miller, Mason",671289,695243,field_out,hit_into_play,,,,,12.0,"Tyler Freeman grounds out, second baseman Jake Cronenworth to first baseman Gavin Sheets.",R,R,R,COL,SD,X,4.0,ground_ball,1,1,2026,-0.3,1.04,0.2914995322835826,3.40596635948442,,,,0,9,Bot,148.26,154.72,,,,,5.823278848277126,-145.97809125338262,-5.121589968895226,-5.524050876403518,29.47711670082324,-16.324147065406006,3.150672572,1.590059055,22.0,92.1,-8.0,101.8,2593.0,6.8,824368,666023,657757,630105,592518,593428,657656,701538,665487,53.7,0.234,0.212,0.0,1.0,0.0,0.0,2.0,86,3,4-Seam Fastball,8,10,8,10,10,8,8,10,Standard,Standard,203.0,-0.046,-0.247,57.1,5.7,,0.249,0.247,92.1,-2,-2,0.093,0.093,27,27,28,27,1,2,4.0,1.0,2.0,1.0,1.2,0.3,0.3,37.8,-8.357210340617662,20.730228693746913,27.724309243364058,39.61581252717883,20.32771602544427,Four-seam,True
FF,2026-04-23,101.3,-1.59,6.34,"Miller, Mason",671289,695243,,ball,,,,,11.0,,R,R,R,COL,SD,B,,,0,1,2026,-0.38,0.84,-0.0984590859150714,3.7385051696353777,,,,0,9,Bot,,,,,,,5.069641639330593,-147.6589016370212,-3.9672591885881463,-6.586752882582766,27.58758290824679,-19.09519386208406,3.150672572,1.590059055,,,,103.0,2491.0,6.6,824368,666023,657757,630105,592518,593428,657656,701538,665487,53.87,,,,,,,,86,2,4-Seam Fastball,8,10,8,10,10,8,8,10,Standard,Standard,202.0,0.005,0.029,,,,,-0.029,,-2,-2,0.088,0.088,27,27,28,27,1,2,4.0,1.0,2.0,1.0,1.33,0.38,0.38,40.9,,,,,,Four-seam,False
SL,2026-04-23,86.7,-1.68,6.2,"Miller, Mason",671289,695243,,called_strike,,,,,8.0,,R,R,R,COL,SD,S,,,0,0,2026,0.59,-0.02,-0.0931495254126579,1.9684432044998252,,,,0,9,Bot,,,,,,,2.543963633212555,-126.38324214236371,-3.796932628465574,6.0349114197344935,20.99465360303637,-31.974060302536557,3.150672572,1.590059055,,,,88.2,2411.0,6.7,824368,666023,657757,630105,592518,593428,657656,701538,665487,53.75,,,,,,,,86,1,Slider,8,10,8,10,10,8,8,10,Standard,Standard,41.0,-0.007,-0.041,,,,,0.041,,-2,-2,0.095,0.095,27,27,28,27,1,2,4.0,1.0,2.0,1.0,3.0,-0.59,-0.59,36.1,,,,,,Slider,False
SL,2026-04-19,89.2,-1.5,6.26,"Miller, Mason",681351,695243,strikeout,swinging_strike,,,,,14.0,Logan O'Hoppe strikes out swinging.,R,R,R,LAA,SD,S,2.0,,2,2,2026,0.5,-0.29,0.5969577386887792,0.8483934683956877,,,,2,9,Bot,,,,,,,4.0437639038599915,-129.71594947871782,-6.389846617829615,4.780966612067909,28.622301682934772,-34.2806842810322,3.29109252,1.660925197,,,,89.9,2335.0,6.9,824047,666023,664034,630105,592518,593428,657656,701538,665487,53.6,,0.0,0.0,1.0,0.0,0.0,,71,5,Slider,1,2,1,2,2,1,1,2,Standard,Strategic,41.0,-0.047,-0.223,71.3,8.9,15.682520916,,0.223,,-1,-1,0.047,0.047,27,26,28,26,1,0,1.0,1.0,4.0,1.0,3.17,-0.5,-0.5,40.6,32.71508656258491,-40.15433792160095,38.27617754000465,43.36896762897118,58.63567229098638,Slider,True
FF,2026-04-19,102.9,-1.32,6.41,"Miller, Mason",681351,695243,,ball,,,,,12.0,,R,R,R,LAA,SD,B,,,1,2,2026,-0.65,1.23,1.146151243334749,3.748089216898129,,,,2,9,Bot,,,,,,,8.574203331491438,-149.60920181178443,-5.205662495466305,-11.856288941192968,36.30527387984483,-12.571644401112431,3.29109252,1.660925197,,,,103.6,2551.0,6.7,824047,666023,664034,630105,592518,593428,657656,701538,665487,53.77,,,,,,,,71,4,4-Seam Fastball,1,2,1,2,2,1,1,2,Standard,Strategic,205.0,0.0,0.041,,,,,-0.041,,-1,-1,0.047,0.047,27,26,28,26,1,0,1.0,1.0,4.0,1.0,0.92,0.65,0.65,44.6,,,,,,Four-seam,False
FF,2026-04-19,101.6,-1.5,6.39,"Miller, Mason",681351,695243,,swinging_strike,,,,,6.0,,R,R,R,LAA,SD,S,,,1,1,2026,-0.51,1.35,0.6203511348784558,2.7411070820347714,,,,2,9,Bot,,,,,,,7.177695952714971,-147.55113508686867,-7.995386453125082,-9.277266444685097,38.13495308333755,-10.73388062119769,3.29109252,1.660925197,,,,102.0,2573.0,6.8,824047,666023,664034,630105,592518,593428,657656,701538,665487,53.69,,,,,,,,71,3,4-Seam Fastball,1,2,1,2,2,1,1,2,Standard,Strategic,202.0,0.0,-0.064,71.2,7.0,0.375935148,,0.064,,-1,-1,0.047,0.047,27,26,28,26,1,0,1.0,1.0,4.0,1.0,0.89,0.51,0.51,42.9,-0.9676351872744584,12.566471045744722,31.700796341888967,45.73394151003154,15.750603645312898,Four-seam,False
SL,2026-04-19,87.6,-1.59,6.3,"Miller, Mason",681351,695243,,called_strike,,,,,12.0,,R,R,R,LAA,SD,S,,,1,0,2026,0.54,-0.26,0.3341268803007566,3.57530315197196,,,,2,9,Bot,,,,,,,3.482146259584942,-127.48623009482148,0.4106670035719248,5.011050833573258,30.29215542233747,-35.35980074532014,3.29109252,1.660925197,,,,88.0,2402.0,6.9,824047,666023,664034,630105,592518,593428,657656,701538,665487,53.6,,,,,,,,71,2,Slider,1,2,1,2,2,1,1,2,Standard,Strategic,44.0,-0.005,-0.056,,,,,0.056,,-1,-1,0.052,0.052,27,26,28,26,1,0,1.0,1.0,4.0,1.0,3.27,-0.54,-0.54,43.3,,,,,,Slider,False
FF,2026-04-19,100.9,-1.49,6.49,"Miller, Mason",681351,695243,,ball,,,,,12.0,,R,R,R,LAA,SD,B,,,0,0,2026,-0.62,1.42,0.0142338032911354,3.721870785657252,,,,2,9,Bot,,,,,,,5.665295864972817,-146.74600776324732,-5.613362871757958,-10.287892720532064,36.54184912820893,-10.588917172256668,3.29109252,1.660925197,,,,101.5,2540.0,6.8,824047,666023,664034,630105,592518,593428,657656,701538,665487,53.73,,,,,,,,71,1,4-Seam Fastball,1,2,1,2,2,1,1,2,Standard,Strategic,201.0,0.005,0.041,,,,,-0.041,,-1,-1,0.047,0.047,27,26,28,26,1,0,1.0,1.0,4.0,1.0,0.83,0.62,0.62,44.1,,,,,,Four-seam,False
SL,2026-04-19,87.9,-1.64,6.21,"Miller, Mason",687093,695243,strikeout,swinging_strike,,,,,14.0,Vaughn Grissom strikes out swinging.,R,R,R,LAA,SD,S,2.0,,2,2,2026,0.41,-0.52,0.3132735415416106,0.7360007611553003,,,,1,9,Bot,,,,,,,3.829772664085951,-127.71825416887312,-5.680407286558876,3.4769192461202447,30.999719651243097,-36.61805881378348,3.301624016,1.666240158,,,,87.7,2181.0,6.6,824047,666023,664034,630105,592518,593428,657656,701538,665487,53.85,,0.0,0.0,1.0,0.0,0.0,,70,5,Slider,1,2,1,2,2,1,1,2,Standard,Strategic,28.0,-0.058,-0.233,61.1,8.6,9.432258,,0.233,,-1,-1,0.105,0.105,27,25,28,25,1,0,1.0,1.0,4.0,2.0,3.52,-0.41,-0.41,43.5,26.934632386920395,-35.42275732562192,40.84934271783321,39.50615991745994,48.052101083534495,Slider,True
FF,2026-04-19,101.7,-1.59,6.51,"Miller, Mason",687093,695243,,ball,,,,,11.0,,R,R,R,LAA,SD,B,,,1,2,2026,-0.25,1.5,-0.866904742148285,5.261958921794365,,,,1,9,Bot,,,,,,,2.624187470443127,-148.1046695398999,-1.706793346041707,-4.383357808270443,38.649238740199905,-10.055775802296582,3.301624016,1.666240158,,,,101.8,2462.0,6.5,824047,666023,664034,630105,592518,593428,657656,701538,665487,54.01,,,,,,,,70,4,4-Seam Fastball,1,2,1,2,2,1,1,2,Standard,Strategic,202.0,0.01,0.051,,,,,-0.051,,-1,-1,0.095,0.095,27,25,28,25,1,0,1.0,1.0,4.0,2.0,0.72,0.25,0.25,45.1,,,,,,Four-seam,False
FF,2026-04-19,102.0,-1.57,6.47,"Miller, Mason",687093,695243,,ball,,,,,14.0,,R,R,R,LAA,SD,B,,,0,2,2026,-0.33,1.31,1.7978948961247956,2.331162248098411,,,,1,9,Bot,,,,,,,10.194630540640135,-147.9657951991277,-9.36410426468969,-7.267541607828633,35.01868597875488,-10.796495545996832,3.301624016,1.666240158,,,,102.4,2427.0,6.7,824047,666023,664034,630105,592518,593428,657656,701538,665487,53.82,,,,,,,,70,3,4-Seam Fastball,1,2,1,2,2,1,1,2,Standard,Strategic,206.0,0.007,0.019,,,,,-0.019,,-1,-1,0.088,0.088,27,25,28,25,1,0,1.0,1.0,4.0,2.0,0.89,0.33,0.33,42.0,,,,,,Four-seam,False
SL,2026-04-19,87.2,-1.57,6.33,"Miller, Mason",687093,695243,,called_strike,,,,,6.0,,R,R,R,LAA,SD,S,,,0,1,2026,1.02,-0.07,0.5563616992117612,2.2845002926188736,,,,1,9,Bot,,,,,,,2.935343110337585,-126.91240787224932,-3.1521270414578137,10.285624393496644,28.002979866445532,-32.47760939206973,3.301624016,1.666240158,,,,87.5,2356.0,6.6,824047,666023,664034,630105,592518,593428,657656,701538,665487,53.88,,,,,,,,70,2,Slider,1,2,1,2,2,1,1,2,Standard,Strategic,47.0,-0.017,-0.057,,,,,0.057,,-1,-1,0.105,0.105,27,25,28,25,1,0,1.0,1.0,4.0,2.0,3.09,-1.02,-1.02,41.4,,,,,,Slider,False
SL,2026-04-19,86.3,-1.6,6.36,"Miller, Mason",687093,695243,,called_strike,,,,,1.0,,R,R,R,LAA,SD,S,,,0,0,2026,0.91,-0.21,-0.599646463849661,3.3887992551663624,,,,1,9,Bot,,,,,,,0.4708651108484834,-125.65607162525626,-0.1651602455736658,9.49655118496002,27.05296581304971,-34.55714450202734,3.301624016,1.666240158,,,,86.9,2331.0,6.8,824047,666023,664034,630105,592518,593428,657656,701538,665487,53.7,,,,,,,,70,1,Slider,1,2,1,2,2,1,1,2,Standard,Strategic,41.0,-0.01,-0.041,,,,,0.041,,-1,-1,0.115,0.115,27,25,28,25,1,0,1.0,1.0,4.0,2.0,3.28,-0.91,-0.91,41.5,,,,,,Slider,False
SL,2026-04-19,87.3,-1.62,6.34,"Miller, Mason",672724,695243,field_out,hit_into_play,,,,,8.0,"Oswald Peraza grounds out, third baseman Manny Machado to first baseman Ty France.",R,R,R,LAA,SD,X,5.0,ground_ball,1,1,2026,0.71,-0.39,0.0184342629581778,2.0229098591341796,,,,0,9,Bot,93.92,163.02,,,,,2.4356034578479764,-127.13854726711143,-3.1655929019311104,7.080535406523906,27.793819018359073,-35.910172900920124,3.186655184,1.608218504,16.0,89.8,-7.0,87.6,2366.0,6.6,824047,666023,664034,630105,592518,593428,657656,701538,665487,53.89,0.187,0.173,0.0,1.0,0.0,0.0,2.0,69,3,Slider,1,2,1,2,2,1,1,2,Standard,Standard,33.0,-0.085,-0.247,69.9,8.1,,0.207,0.247,89.8,-1,-1,0.2,0.2,27,26,28,26,1,1,1.0,1.0,4.0,2.0,3.39,-0.71,-0.71,41.3,10.36349631454773,-16.92489463326594,30.605157666678625,36.770837603000395,34.97476904273079,Slider,True
SL,2026-04-19,86.5,-1.59,6.32,"Miller, Mason",672724,695243,,called_strike,,,,,7.0,,R,R,R,LAA,SD,S,,,1,0,2026,0.69,-0.54,-0.6300859706315468,1.8822004398445464,,,,0,9,Bot,,,,,,,0.8347934257807852,-125.89808186328746,-2.99778904866489,7.079542004545732,26.976424527018892,-37.45640576885652,3.186655184,1.608218504,,,,86.9,2356.0,6.6,824047,666023,664034,630105,592518,593428,657656,701538,665487,53.87,,,,,,,,69,2,Slider,1,2,1,2,2,1,1,2,Standard,Standard,40.0,-0.017,-0.055,,,,,0.055,,-1,-1,0.217,0.217,27,26,28,26,1,1,1.0,1.0,4.0,2.0,3.6,-0.69,-0.69,41.1,,,,,,Slider,False
SL,2026-04-19,86.6,-1.59,6.33,"Miller, Mason",672724,695243,,ball,,,,,12.0,,R,R,R,LAA,SD,B,,,0,0,2026,0.95,-0.41,0.2531626768253551,3.545438573955405,,,,0,9,Bot,,,,,,,2.3800303017067614,-126.1734628105076,0.6243865355148994,9.644884091198875,26.9886284799642,-36.87631392641401,3.186655184,1.608218504,,,,87.1,2326.0,6.6,824047,666023,664034,630105,592518,593428,657656,701538,665487,53.87,,,,,,,,69,1,Slider,1,2,1,2,2,1,1,2,Standard,Standard,43.0,0.013,0.042,,,,,-0.042,,-1,-1,0.204,0.204,27,26,28,26,1,1,1.0,1.0,4.0,2.0,3.45,-0.95,-0.95,43.0,,,,,,Slider,False
SL,2026-04-18,89.0,-1.86,6.21,"Miller, Mason",624428,695243,field_out,hit_into_play,,,,,8.0,"Adam Frazier grounds out, second baseman Jake Cronenworth to first baseman Gavin Sheets.",R,L,R,LAA,SD,X,4.0,ground_ball,0,2,2026,0.86,-0.28,0.11055256912429,1.691125400426928,,660162.0,687093.0,2,9,Bot,154.55,154.15,,,,,2.9689081465864535,-129.5309610199703,-4.1399294441259755,8.806535282966946,31.749221586524342,-34.51003807552844,3.111179462,1.570127953,38.0,71.7,1.0,89.5,2367.0,7.0,824049,666023,657757,630105,592518,593428,657656,701538,665487,53.5,0.098,0.088,0.0,1.0,0.0,0.0,2.0,75,3,Slider,1,4,1,4,4,1,1,4,Standard,Standard,44.0,-0.041,-0.196,65.6,6.9,,0.1,0.196,88.0,-3,-3,0.041,0.041,27,34,28,35,1,3,2.0,1.0,1.0,1.0,3.2,-0.86,0.86,41.9,6.009046643273454,3.795203027092058,47.763406816128615,29.515994908133287,23.534743901420505,Slider,True
SL,2026-04-18,87.7,-1.76,6.23,"Miller, Mason",624428,695243,,swinging_strike_blocked,,,,,14.0,,R,L,R,LAA,SD,S,,,0,1,2026,0.87,-0.2,0.4328683952708192,0.6386901252904735,,660162.0,687093.0,2,9,Bot,,,,,,,3.445717113848224,-127.61706681669804,-6.760767644378728,8.780298003117508,26.984980982695262,-33.10871433897526,3.111179462,1.570127953,,,,88.8,2330.0,7.0,824049,666023,657757,630105,592518,593428,657656,701538,665487,53.46,,,,,,,,75,2,Slider,1,4,1,4,4,1,1,4,Standard,Standard,34.0,-0.003,-0.056,65.9,8.2,11.216470356,,0.056,,-3,-3,0.044,0.044,27,34,28,35,1,3,2.0,1.0,1.0,1.0,3.17,-0.87,0.87,40.6,37.352802836708626,-32.71003434664167,45.48319484004676,27.487827039109476,48.79503452608646,Slider,False
SL,2026-04-18,87.3,-1.82,6.23,"Miller, Mason",624428,695243,,called_strike,,,,,13.0,,R,L,R,LAA,SD,S,,,0,0,2026,0.43,-0.53,-0.9677770611006974,1.9429332252009748,,660162.0,687093.0,2,9,Bot,,,,,,,1.1314585867264326,-127.12369235238356,-2.8312612143738334,4.429614737667727,26.930326850143217,-37.48553705147045,3.111179462,1.570127953,,,,88.2,2317.0,6.9,824049,666023,657757,630105,592518,593428,657656,701538,665487,53.63,,,,,,,,75,1,Slider,1,4,1,4,4,1,1,4,Infield shade,Standard,31.0,-0.002,-0.032,,,,,0.032,,-3,-3,0.046,0.046,27,34,28,35,1,3,2.0,1.0,1.0,1.0,3.52,-0.43,0.43,40.4,,,,,,Slider,False
SL,2026-04-18,88.9,-1.73,6.25,"Miller, Mason",681351,695243,strikeout,swinging_strike,,,,,14.0,Logan O'Hoppe strikes out swinging.,R,R,R,LAA,SD,S,2.0,,0,2,2026,0.46,-0.59,0.9074778807585644,0.6771341305659369,,660162.0,687093.0,1,9,Bot,,,,,,,5.46755148243789,-129.23949267028607,-6.06506923662539,3.863693323825131,28.91376903037722,-37.64480748446807,3.29109252,1.660925197,,,,89.8,2367.0,7.1,824049,666023,657757,630105,592518,593428,657656,701538,665487,53.44,,0.0,0.0,1.0,0.0,0.0,,74,3,Slider,1,4,1,4,4,1,1,4,Standard,Standard,32.0,-0.04,-0.139,63.8,8.6,17.629638432,,0.139,,-3,-3,0.086,0.086,27,26,28,26,1,3,2.0,1.0,1.0,1.0,3.5,-0.46,-0.46,40.1,23.368470048581564,-37.593116481756184,34.97862274250462,44.60788169733927,53.15285303690436,Slider,True
SL,2026-04-18,87.9,-1.57,6.3,"Miller, Mason",681351,695243,,swinging_strike,,,,,14.0,,R,R,R,LAA,SD,S,,,0,1,2026,0.32,-0.6,0.3386747605110142,1.161755903083704,,660162.0,687093.0,1,9,Bot,,,,,,,3.952470214529344,-127.91966009931149,-4.8147316024301325,2.6183556650091724,28.269702094361783,-37.92074114087715,3.29109252,1.660925197,,,,88.8,2312.0,7.0,824049,666023,657757,630105,592518,593428,657656,701538,665487,53.47,,,,,,,,74,2,Slider,1,4,1,4,4,1,1,4,Standard,Standard,37.0,-0.017,-0.062,63.9,8.7,7.985936292,,0.062,,-3,-3,0.103,0.103,27,26,28,26,1,3,2.0,1.0,1.0,1.0,3.57,-0.32,-0.32,41.3,23.384992796044862,-36.431069546147704,35.480289169135794,38.76875583812074,49.46340960585499,Slider,False
SL,2026-04-18,86.9,-1.67,6.26,"Miller, Mason",681351,695243,,swinging_strike,,,,,14.0,,R,R,R,LAA,SD,S,,,0,0,2026,0.77,-0.47,0.0923523914557943,1.4191850355695603,,660162.0,687093.0,1,9,Bot,,,,,,,2.596399480950352,-126.50186845911853,-4.15524048794393,7.632483549223193,27.82941639506969,-36.5272268822112,3.29109252,1.660925197,,,,87.6,2361.0,6.9,824049,666023,657757,630105,592518,593428,657656,701538,665487,53.62,,,,,,,,74,1,Slider,1,4,1,4,4,1,1,4,Standard,Standard,37.0,-0.01,-0.041,63.4,8.6,11.615990328,,0.041,,-3,-3,0.113,0.113,27,26,28,26,1,3,2.0,1.0,1.0,1.0,3.51,-0.77,-0.77,41.2,31.47318969379054,-48.47994769069789,32.84627239679572,35.66022425462695,57.6709273503221,Slider,False
FF,2026-04-18,100.9,-1.69,6.35,"Miller, Mason",687093,695243,walk,ball,,,,,12.0,Vaughn Grissom walks. Yoán Moncada to 2nd.,R,R,R,LAA,SD,B,,,3,0,2026,-0.52,1.26,0.1296322420441877,3.902612600347827,,,660162.0,1,9,Bot,,,,,,,6.344213857946103,-146.7307971683072,-4.370153937772972,-9.09886648171615,35.95408897335817,-13.109491252661275,3.301624016,1.666240158,,,,101.8,2490.0,6.9,824049,666023,657757,630105,592518,593428,657656,701538,665487,53.59,,0.698418,0.7,1.0,0.0,0.0,,73,4,4-Seam Fastball,1,4,1,4,4,1,1,4,Standard,Strategic,202.0,0.027,0.117,,,,,-0.117,,-3,-3,0.086,0.086,27,25,28,25,1,1,2.0,2.0,1.0,1.0,0.99,0.52,0.52,43.8,,,,,,Four-seam,True
FF,2026-04-18,100.0,-1.61,6.5,"Miller, Mason",687093,695243,,ball,,,,,11.0,,R,R,R,LAA,SD,B,,,2,0,2026,-0.52,1.2,-1.0185099009662153,3.648753797423228,,,660162.0,1,9,Bot,,,,,,,2.86693019405819,-145.5922325052423,-5.223861435898974,-8.010598518106947,34.377637961599106,-14.018726771791332,3.301624016,1.666240158,,,,100.9,2395.0,6.8,824049,666023,657757,630105,592518,593428,657656,701538,665487,53.73,,,,,,,,73,3,4-Seam Fastball,1,4,1,4,4,1,1,4,Standard,Strategic,203.0,0.02,0.096,,,,,-0.096,,-3,-3,0.066,0.066,27,25,28,25,1,1,2.0,2.0,1.0,1.0,1.07,0.52,0.52,45.0,,,,,,Four-seam,False
FF,2026-04-18,100.8,-1.51,6.38,"Miller, Mason",687093,695243,,ball,,,,,11.0,,R,R,R,LAA,SD,B,,,1,0,2026,-0.56,1.07,-0.3733291194547928,4.127374964520789,,,660162.0,1,9,Bot,,,,,,,4.519964379225138,-146.80029587353022,-3.360897788991428,-9.205527090693886,34.97680459039586,-16.154423407939376,3.301624016,1.666240158,,,,101.7,2384.0,6.7,824049,666023,657757,630105,592518,593428,657656,701538,665487,53.78,,,,,,,,73,2,4-Seam Fastball,1,4,1,4,4,1,1,4,Standard,Strategic,206.0,0.013,0.066,,,,,-0.066,,-3,-3,0.053,0.053,27,25,28,25,1,1,2.0,2.0,1.0,1.0,1.17,0.56,0.56,44.1,,,,,,Four-seam,False
SL,2026-04-18,87.4,-1.85,6.24,"Miller, Mason",687093,695243,,ball,,,,,11.0,,R,R,R,LAA,SD,B,,,0,0,2026,0.96,-0.55,-1.1308735762615525,3.0591405631805673,,,660162.0,1,9,Bot,,,,,,,-0.3095744636688695,-127.2455560123586,-0.124535554712756,10.457711845376084,27.532714367633822,-38.28020704715358,3.301624016,1.666240158,,,,88.2,2472.0,6.9,824049,666023,657757,630105,592518,593428,657656,701538,665487,53.64,,,,,,,,73,1,Slider,1,4,1,4,4,1,1,4,Standard,Strategic,41.0,0.007,0.034,,,,,-0.034,,-3,-3,0.046,0.046,27,25,28,25,1,1,2.0,2.0,1.0,1.0,3.54,-0.96,-0.96,40.5,,,,,,Slider,False
SL,2026-04-18,89.0,-1.6,6.22,"Miller, Mason",672724,695243,strikeout,swinging_strike_blocked,,,,,14.0,Oswald Peraza strikes out swinging.,R,R,R,LAA,SD,S,2.0,,0,2,2026,0.76,-0.29,2.008736113324555,-0.4239864831360247,,,660162.0,0,9,Bot,,,,,,,7.1769308330772565,-129.20250136550482,-9.340819902776184,6.916928004555134,28.29915520519174,-33.587888048844505,3.186655184,1.608218504,,,,89.7,2213.0,7.0,824049,666023,657757,630105,592518,593428,657656,701538,665487,53.54,,0.0,0.0,1.0,0.0,0.0,,72,3,Slider,1,4,1,4,4,1,1,4,Standard,Standard,5.0,-0.028,-0.152,48.4,9.0,32.33551548,,0.152,,-3,-3,0.074,0.074,27,26,28,26,1,3,2.0,1.0,1.0,1.0,3.2,-0.76,-0.76,42.2,24.63655296295951,-46.78211791842802,34.52027581516907,57.056852977707464,61.49751741246611,Slider,True
SI,2026-04-18,100.9,-1.47,6.51,"Miller, Mason",672724,695243,,foul_tip,,,,,12.0,,R,R,R,LAA,SD,S,,,0,1,2026,-0.3,1.5,0.9042413084379004,3.068575671545073,,,660162.0,0,9,Bot,,,,,,,7.320915101194094,-146.69874485492107,-7.751309603944348,-6.039127031446894,34.358438849843736,-8.77810647425962,3.186655184,1.608218504,,,,102.1,2681.0,6.9,824049,666023,657757,630105,592518,593428,657656,701538,665487,53.56,,,,,,,,72,2,Sinker,1,4,1,4,4,1,1,4,Standard,Standard,258.0,-0.011,-0.05,65.1,7.1,,,0.05,,-3,-3,0.085,0.085,27,26,28,26,1,3,2.0,1.0,1.0,1.0,0.74,0.3,0.3,46.2,1.5640096001748929,16.86717230817432,23.63708698707598,47.86108256372504,13.651199731359643,Sinker,False
FF,2026-04-18,100.5,-1.73,6.26,"Miller, Mason",672724,695243,,swinging_strike,,,,,2.0,,R,R,R,LAA,SD,S,,,0,0,2026,-0.45,1.45,0.0235401749350183,3.108551621504625,,,660162.0,0,9,Bot,,,,,,,5.923432246005578,-146.14511345540083,-6.7671987227549675,-7.766176050505597,32.99836376936371,-9.90658739653806,3.186655184,1.608218504,,,,101.8,2588.0,6.9,824049,666023,657757,630105,592518,593428,657656,701538,665487,53.59,,,,,,,,72,1,4-Seam Fastball,1,4,1,4,4,1,1,4,Standard,Standard,186.0,-0.007,-0.04,68.4,6.5,1.838615388,,0.04,,-3,-3,0.092,0.092,27,26,28,26,1,3,2.0,1.0,1.0,1.0,0.8,0.45,0.45,42.0,-1.5779073104347514,28.256836432510887,26.36253760895356,38.183306790825995,11.96620284228677,Four-seam,False
FF,2026-04-18,102.4,-1.61,6.34,"Miller, Mason",660162,695243,single,hit_into_play,,,,,7.0,Yoán Moncada singles on a ground ball to right fielder Fernando Tatis Jr.,R,L,R,LAA,SD,X,9.0,ground_ball,2,2,2026,-0.64,1.51,-0.3554797967464718,2.0647911110147503,,,,0,9,Bot,156.88,155.86,,,,,5.098443452049181,-148.7259498789419,-10.306895974627286,-10.741714750187011,37.67323143460053,-7.421018591576272,3.217372047,1.623720472,22.0,98.6,-4.0,102.9,2594.0,6.8,824049,666023,657757,630105,592518,593428,657656,701538,665487,53.72,0.317,0.291,0.9,1.0,1.0,0.0,2.0,71,7,4-Seam Fastball,1,4,1,4,4,1,1,4,Infield shade,Standard,201.0,0.053,0.472,76.0,7.5,,0.346,-0.472,98.6,-3,-3,0.039,0.039,27,31,28,31,1,3,2.0,1.0,1.0,1.0,0.68,0.64,-0.64,40.7,8.375513725462433,1.4556887923830697,43.217159390614256,39.64460515281997,30.67010573986482,Four-seam,True
SL,2026-04-18,88.3,-1.78,6.26,"Miller, Mason",660162,695243,,foul,,,,,6.0,,R,L,R,LAA,SD,S,,,2,2,2026,1.13,-0.11,0.6158658950915306,2.3022610410661386,,,,0,9,Bot,,,,,,,3.3698027719556567,-128.56211129592938,-3.025282094123038,11.666989023974589,29.51985099204972,-32.948618794734486,3.217372047,1.623720472,7.0,73.0,-20.0,88.6,2430.0,6.7,824049,666023,657757,630105,592518,593428,657656,701538,665487,53.83,,,,,,,,71,6,Slider,1,4,1,4,4,1,1,4,Infield shade,Standard,36.0,0.0,0.0,71.7,7.4,,,0.0,88.0,-3,-3,0.039,0.039,27,31,28,31,1,3,2.0,1.0,1.0,1.0,3.06,-1.13,1.13,40.5,10.054353468192902,-10.410884391720309,40.870378702720544,29.507757676261217,36.11707255389277,Slider,False
SL,2026-04-18,88.2,-1.86,6.24,"Miller, Mason",660162,695243,,ball,,,,,11.0,,R,L,R,LAA,SD,B,,,1,2,2026,0.66,-0.19,-1.5346254103257408,4.000842520485438,,,,0,9,Bot,,,,,,,-0.6367206901592024,-128.42210733251136,1.297583069994623,7.449387973027981,28.86689800380195,-34.817534769011246,3.217372047,1.623720472,,,,88.7,1565.0,6.7,824049,666023,657757,630105,592518,593428,657656,701538,665487,53.75,,,,,,,,71,5,Slider,1,4,1,4,4,1,1,4,Infield shade,Standard,150.0,0.004,0.046,,,,,-0.046,,-3,-3,0.035,0.035,27,31,28,31,1,3,2.0,1.0,1.0,1.0,3.14,-0.66,0.66,39.1,,,,,,Slider,False
FF,2026-04-18,102.0,-1.83,6.35,"Miller, Mason",660162,695243,,foul,,,,,2.0,,R,L,R,LAA,SD,S,,,1,2,2026,-0.53,1.39,-0.0319270618093169,3.2390967753666153,,,,0,9,Bot,,,,,,,6.3246421499084065,-148.3651250144146,-6.742121917606925,-9.284549441081076,36.06625125853913,-10.155093316947667,3.217372047,1.623720472,124.0,68.9,72.0,102.9,1725.0,6.8,824049,666023,657757,630105,592518,593428,657656,701538,665487,53.67,,,,,,,,71,4,4-Seam Fastball,1,4,1,4,4,1,1,4,Infield shade,Standard,185.0,0.0,0.0,70.5,7.0,,,0.0,88.0,-3,-3,0.035,0.035,27,31,28,31,1,3,2.0,1.0,1.0,1.0,0.8,0.53,-0.53,42.5,5.1791504029168705,-0.8966067554646543,31.63142946703672,35.515118061677995,26.028573476526375,Four-seam,False
SL,2026-04-18,88.0,-1.88,6.35,"Miller, Mason",660162,695243,,ball,,,,,14.0,,R,L,R,LAA,SD,B,,,0,2,2026,0.81,-0.27,0.9600802107783613,0.8115783138790333,,,,0,9,Bot,,,,,,,5.114679279914175,-127.93141570986349,-6.470026626026519,7.739320201818085,28.030878655025976,-33.960076472965035,3.217372047,1.623720472,,,,88.5,2817.0,6.8,824049,666023,657757,630105,592518,593428,657656,701538,665487,53.71,,,,,,,,71,3,Slider,1,4,1,4,4,1,1,4,Infield shade,Standard,136.0,0.002,0.022,,,,,-0.022,,-3,-3,0.033,0.033,27,31,28,31,1,3,2.0,1.0,1.0,1.0,3.24,-0.81,0.81,40.8,,,,,,Slider,False
SL,2026-04-18,87.4,-1.87,6.23,"Miller, Mason",660162,695243,,called_strike,,,,,13.0,,R,L,R,LAA,SD,S,,,0,1,2026,0.68,-0.33,-0.9581369729150956,2.409799065506821,,,,0,9,Bot,,,,,,,0.7385450918634285,-127.28789832797544,-2.1624765328388493,7.278298656628415,26.116173739576137,-35.500810729150686,3.217372047,1.623720472,,,,88.2,2362.0,6.7,824049,666023,657757,630105,592518,593428,657656,701538,665487,53.78,,,,,,,,71,2,Slider,1,4,1,4,4,1,1,4,Infield shade,Standard,34.0,-0.006,-0.054,,,,,0.054,,-3,-3,0.039,0.039,27,31,28,31,1,3,2.0,1.0,1.0,1.0,3.31,-0.68,0.68,37.0,,,,,,Slider,False
SL,2026-04-18,86.1,-1.94,6.28,"Miller, Mason",660162,695243,,called_strike,,,,,5.0,,R,L,R,LAA,SD,S,,,0,0,2026,1.13,-0.45,0.052924748785242,2.591911155948199,,,,0,9,Bot,,,,,,,2.362955662492585,-125.33913307062524,-1.3111312925808034,11.293094543963672,27.551100458601983,-36.78872244878225,3.217372047,1.623720472,,,,86.5,2428.0,6.7,824049,666023,657757,630105,592518,593428,657656,701538,665487,53.8,,,,,,,,71,1,Slider,1,4,1,4,4,1,1,4,Infield shade,Standard,42.0,-0.004,-0.041,,,,,0.041,,-3,-3,0.043,0.043,27,31,28,31,1,3,2.0,1.0,1.0,1.0,3.54,-1.13,1.13,40.4,,,,,,Slider,False
SL,2026-04-16,89.1,-1.59,6.2,"Miller, Mason",702284,695243,strikeout,called_strike,,,,,7.0,"Cole Young challenged (pitch result), call on the field was confirmed: Cole Young called out on strikes.",R,L,R,SD,SEA,S,2.0,,3,2,2026,0.5,-0.37,-0.5179832913443632,1.974487060155805,,,,2,9,Top,,,,,,,1.5363139618977963,-129.71424264394994,-3.3257616479986662,5.330326247544899,28.507361792511464,-35.79075220961617,3.133120079,1.581200787,,,,90.0,2419.0,6.9,823313,669134,657757,630105,592518,593428,657656,701538,665487,53.55,,0.0,0.0,1.0,0.0,0.0,,73,6,Slider,5,2,2,5,2,5,2,5,Standard,Standard,38.0,0.005,-0.306,,,,,0.306,,3,-3,0.995,0.005,27,22,28,23,1,3,2.0,1.0,2.0,1.0,3.25,-0.5,0.5,39.9,,,,,,Slider,True
FF,2026-04-16,102.4,-1.58,6.4,"Miller, Mason",702284,695243,,ball,,,,,11.0,,R,L,R,SD,SEA,B,,,2,2,2026,-0.69,1.6,-1.397354617186331,4.537923735530803,,,,2,9,Top,,,,,,,2.2210513197952495,-149.01784410432862,-3.781619878411595,-10.72903990323988,38.63258482420533,-7.668674769679472,3.133120079,1.581200787,,,,102.8,2567.0,6.7,823313,669134,657757,630105,592518,593428,657656,701538,665487,53.81,,,,,,,,73,5,4-Seam Fastball,5,2,2,5,2,5,2,5,Standard,Standard,204.0,-0.002,0.082,,,,,-0.082,,3,-3,0.997,0.003,27,22,28,23,1,3,2.0,1.0,2.0,1.0,0.58,0.69,-0.69,42.8,,,,,,Four-seam,False
FF,2026-04-16,101.8,-1.66,6.31,"Miller, Mason",702284,695243,,swinging_strike,,,,,5.0,,R,L,R,SD,SEA,S,,,2,1,2026,-0.86,1.53,-0.0379323948569924,2.5981550793452035,,,,2,9,Top,,,,,,,6.627747000092849,-147.96386299041745,-8.669995313292793,-14.193450744883664,36.15828103949191,-7.852028245023199,3.133120079,1.581200787,,,,102.3,2645.0,6.7,823313,669134,657757,630105,592518,593428,657656,701538,665487,53.81,,,,,,,,73,4,4-Seam Fastball,5,2,2,5,2,5,2,5,Standard,Standard,207.0,0.002,-0.079,79.8,7.3,1.80403674,,0.079,,3,-3,0.995,0.005,27,22,28,23,1,3,2.0,1.0,2.0,1.0,0.68,0.86,-0.86,39.8,10.679432519702566,-9.811606694487551,27.33346430713671,29.890856298317523,30.29284178120901,Four-seam,False
SL,2026-04-16,88.3,-1.79,6.2,"Miller, Mason",702284,695243,,ball,,,,,14.0,,R,L,R,SD,SEA,B,,,1,1,2026,0.65,-0.35,0.6081946659227075,0.8782826261101708,,,,2,9,Top,,,,,,,4.416982695184408,-128.36668287004912,-5.80138618557437,6.06475744668054,30.304654311679407,-34.862734908922675,3.133120079,1.581200787,,,,88.6,2432.0,6.8,823313,669134,657757,630105,592518,593428,657656,701538,665487,53.68,,,,,,,,73,3,Slider,5,2,2,5,2,5,2,5,Standard,Standard,35.0,-0.001,0.055,,,,,-0.055,,3,-3,0.996,0.004,27,22,28,23,1,3,2.0,1.0,2.0,1.0,3.31,-0.65,0.65,39.7,,,,,,Slider,False
CH,2026-04-16,96.9,-1.98,6.18,"Miller, Mason",702284,695243,,ball,,,,,11.0,,R,L,R,SD,SEA,B,,,0,1,2026,-1.62,0.18,-2.113208345162736,2.7600243467694887,,,,2,9,Top,,,,,,,3.429248947218237,-141.01536085703293,-3.75828330881538,-22.264917639408907,35.17505636536388,-29.124155763836814,3.133120079,1.581200787,,,,97.2,2256.0,6.7,823313,669134,657757,630105,592518,593428,657656,701538,665487,53.83,,,,,,,,73,2,Changeup,5,2,2,5,2,5,2,5,Standard,Standard,233.0,-0.001,0.03,,,,,-0.03,,3,-3,0.997,0.003,27,22,28,23,1,3,2.0,1.0,2.0,1.0,2.27,1.62,-1.62,34.4,,,,,,Changeup,False
FF,2026-04-16,101.6,-1.71,6.23,"Miller, Mason",702284,695243,,swinging_strike,,,,,5.0,,R,L,R,SD,SEA,S,,,0,0,2026,-0.86,1.41,-0.1849274222545417,2.2420869977353144,,,,2,9,Top,,,,,,,6.364609780551955,-147.4761435360201,-9.06220205857954,-14.156069326375224,38.37993119091592,-9.603885047265262,3.133120079,1.581200787,,,,102.0,2769.0,6.9,823313,669134,657757,630105,592518,593428,657656,701538,665487,53.65,,,,,,,,73,1,4-Seam Fastball,5,2,2,5,2,5,2,5,Standard,Standard,210.0,0.001,-0.045,78.7,7.6,1.78844052,,0.045,,3,-3,0.996,0.004,27,22,28,23,1,3,2.0,1.0,2.0,1.0,0.83,0.86,-0.86,38.1,11.729488760551105,-8.2087275055816,31.50209623662402,32.145904915649716,31.008790912086184,Four-seam,False
FF,2026-04-16,102.5,-1.5,6.37,"Miller, Mason",641598,695243,strikeout,called_strike,,,,,8.0,Mitch Garver called out on strikes.,R,R,R,SD,SEA,S,2.0,,0,2,2026,-0.66,1.59,0.0630985365561712,1.8426103742061983,,,,1,9,Top,,,,,,,6.042272686242947,-148.75986686707463,-11.210922322174577,-11.306598273504742,38.98943101784794,-6.0073464192605694,3.248966535,1.639665354,,,,102.9,2576.0,6.9,823313,669134,657757,630105,592518,593428,657656,701538,665487,53.62,,0.0,0.0,1.0,0.0,0.0,,72,3,4-Seam Fastball,5,2,2,5,2,5,2,5,Standard,Standard,206.0,0.007,-0.163,,,,,0.163,,3,-3,0.989,0.011,27,35,28,35,1,1,2.0,3.0,2.0,1.0,0.61,0.66,0.66,42.0,,,,,,Four-seam,True
FF,2026-04-16,102.2,-1.5,6.42,"Miller, Mason",641598,695243,,swinging_strike,,,,,3.0,,R,R,R,SD,SEA,S,,,0,1,2026,-0.29,1.72,0.5052579548309635,3.0544295774834618,,,,1,9,Top,,,,,,,6.314257285345005,-148.52762984620932,-8.229713947188735,-5.834489340682215,37.868411794273,-4.943474294408847,3.248966535,1.639665354,,,,102.6,2618.0,6.7,823313,669134,657757,630105,592518,593428,657656,701538,665487,53.79,,,,,,,,72,2,4-Seam Fastball,5,2,2,5,2,5,2,5,Standard,Standard,205.0,0.002,-0.057,66.5,6.3,2.759675892,,0.057,,3,-3,0.987,0.013,27,35,28,35,1,1,2.0,3.0,2.0,1.0,0.48,0.29,0.29,42.8,3.4842478217939195,26.796334633706476,24.90008917921577,44.80332616971265,12.805752377695155,Four-seam,False
SL,2026-04-16,87.3,-1.6,6.25,"Miller, Mason",641598,695243,,called_strike,,,,,6.0,,R,R,R,SD,SEA,S,,,0,0,2026,0.89,-0.24,0.4571990667124511,2.166147706400034,,,,1,9,Top,,,,,,,3.038381279620838,-127.07441428858742,-2.8945552434126887,8.893758316305243,28.71831379858923,-34.29451835791089,3.248966535,1.639665354,,,,87.9,2462.0,6.9,823313,669134,657757,630105,592518,593428,657656,701538,665487,53.6,,,,,,,,72,1,Slider,5,2,2,5,2,5,2,5,Standard,Standard,36.0,0.002,-0.041,,,,,0.041,,3,-3,0.985,0.015,27,35,28,35,1,1,2.0,3.0,2.0,1.0,3.25,-0.89,-0.89,38.6,,,,,,Slider,False
SL,2026-04-16,88.1,-1.64,6.25,"Miller, Mason",641487,695243,strikeout,called_strike,,,,,9.0,"J.P. Crawford challenged (pitch result), call on the field was confirmed: J.P. Crawford called out on strikes.",R,L,R,SD,SEA,S,2.0,,2,2,2026,0.66,-0.35,0.6081979822262329,1.7427031955701588,,,,0,9,Top,,,,,,,4.0231530061195,-128.22834112340445,-3.811216619672273,6.240463125199971,29.74675953771234,-35.34023539294841,3.219127297,1.624606299,,,,88.4,2425.0,6.7,823313,669134,657757,630105,592518,593428,657656,701538,665487,53.77,,0.0,0.0,1.0,0.0,0.0,,71,5,Slider,5,2,2,5,2,5,2,5,Infield shade,Standard,36.0,0.016,-0.232,,,,,0.232,,3,-3,0.969,0.031,27,31,28,31,1,3,2.0,2.0,2.0,1.0,3.31,-0.66,0.66,40.6,,,,,,Slider,True
FF,2026-04-16,100.5,-1.63,6.32,"Miller, Mason",641487,695243,,foul,,,,,8.0,,R,L,R,SD,SEA,S,,,2,1,2026,-0.49,1.54,0.1948156453119467,2.0691140979984883,,,,0,9,Top,,,,,,,6.2490835638001725,-145.96828808604948,-9.965240947723167,-8.536330478824029,36.12126048054147,-7.946797174780744,3.219127297,1.624606299,216.0,72.2,28.0,101.4,2513.0,7.0,823313,669134,657757,630105,592518,593428,657656,701538,665487,53.52,,,,,,,,71,4,4-Seam Fastball,5,2,2,5,2,5,2,5,Standard,Standard,209.0,0.007,-0.078,75.3,7.3,,,0.078,88.0,3,-3,0.962,0.038,27,31,28,31,1,3,2.0,2.0,2.0,1.0,0.73,0.49,-0.49,41.7,2.3691072813674108,6.209033251054191,40.979137717887944,33.92050518937708,35.58045677300096,Four-seam,False
SL,2026-04-16,86.4,-1.83,6.21,"Miller, Mason",641487,695243,,ball,,,,,13.0,,R,L,R,SD,SEA,B,,,1,1,2026,0.88,-0.43,-0.2275373976894091,0.6238503041750945,,,,0,9,Top,,,,,,,1.962681010779722,-125.72199880327425,-5.893262040645462,8.760142605453405,28.49876605521561,-35.557795488584475,3.219127297,1.624606299,,,,86.8,2423.0,6.8,823313,669134,657757,630105,592518,593428,657656,701538,665487,53.69,,,,,,,,71,3,Slider,5,2,2,5,2,5,2,5,Standard,Standard,32.0,-0.005,0.063,,,,,-0.063,,3,-3,0.967,0.033,27,31,28,31,1,3,2.0,2.0,2.0,1.0,3.51,-0.88,0.88,39.7,,,,,,Slider,False
FF,2026-04-16,99.4,-1.84,6.4,"Miller, Mason",641487,695243,,swinging_strike,,,,,3.0,,R,L,R,SD,SEA,S,,,1,0,2026,-0.73,1.41,0.8239056833961261,2.832415436539761,,,,0,9,Top,,,,,,,9.008605296013396,-144.3477398999545,-7.501334182575119,-12.457109565362964,36.19007146771017,-10.793716918626792,3.219127297,1.624606299,,,,99.6,2568.0,6.7,823313,669134,657757,630105,592518,593428,657656,701538,665487,53.81,,,,,,,,71,2,4-Seam Fastball,5,2,2,5,2,5,2,5,Standard,Standard,209.0,0.005,-0.055,70.9,6.4,0.73245846,,0.055,,3,-3,0.962,0.038,27,31,28,31,1,3,2.0,2.0,2.0,1.0,0.92,0.73,-0.73,42.2,5.124720490807036,5.0873886086212154,39.38208016208319,25.279612261297316,31.77809276797084,Four-seam,False
FF,2026-04-16,99.6,-1.76,6.44,"Miller, Mason",641487,695243,,ball,,,,,11.0,,R,L,R,SD,SEA,B,,,0,0,2026,-0.62,1.42,-1.34684698629416,5.1236220138973305,,,,0,9,Top,,,,,,,2.614769002786063,-145.01317733331456,-1.4526731132699722,-9.311131006667123,37.07888085098251,-12.070537191712951,3.219127297,1.624606299,,,,99.7,2607.0,6.5,823313,669134,657757,630105,592518,593428,657656,701538,665487,54.0,,,,,,,,71,1,4-Seam Fastball,5,2,2,5,2,5,2,5,Standard,Standard,205.0,-0.004,0.042,,,,,-0.042,,3,-3,0.966,0.034,27,31,28,31,1,3,2.0,2.0,2.0,1.0,0.89,0.62,-0.62,43.5,,,,,,Four-seam,False
FF,2026-04-14,101.2,-1.66,6.29,"Miller, Mason",641487,695243,field_out,hit_into_play,,,,,6.0,"J.P. Crawford grounds out, second baseman Jake Cronenworth to first baseman Ty France.",R,L,R,SD,SEA,X,4.0,ground_ball,1,1,2026,-0.59,1.42,0.4118968608222254,2.517558859349447,,,,2,9,Top,146.43,157.66,,,,,7.1834099608590005,-147.07450942366654,-8.51591926852514,-10.24780004991389,34.41364696680649,-9.639779825726954,3.219127297,1.624606299,17.0,67.7,-7.0,102.0,2611.0,6.8,823315,669134,664034,630105,592518,593428,657656,701538,665487,53.75,0.064,0.058,0.0,1.0,0.0,0.0,2.0,69,3,4-Seam Fastball,4,1,1,4,1,4,1,4,Infield shade,Standard,200.0,0.004,-0.247,70.3,6.7,,0.066,0.247,88.0,3,-3,0.996,0.004,27,31,28,31,1,3,4.0,1.0,2.0,2.0,0.8,0.59,-0.59,40.0,-2.365794550684137,9.900383674541317,37.31405859409209,31.19196627032448,31.18788136527212,Four-seam,True
FF,2026-04-14,101.4,-1.78,6.3,"Miller, Mason",641487,695243,,ball,,,,,11.0,,R,L,R,SD,SEA,B,,,0,1,2026,-0.48,1.32,-0.4683044970486629,3.5794482209489815,,,,2,9,Top,,,,,,,4.819494377881385,-147.55031818204858,-5.338745098189645,-8.14575093810749,35.93596604269213,-11.855261496206827,3.219127297,1.624606299,,,,101.9,2645.0,6.6,823315,669134,664034,630105,592518,593428,657656,701538,665487,53.88,,,,,,,,69,2,4-Seam Fastball,4,1,1,4,1,4,1,4,Infield shade,Standard,208.0,-0.001,0.03,,,,,-0.03,,3,-3,0.997,0.003,27,31,28,31,1,3,4.0,1.0,2.0,2.0,0.9,0.48,-0.48,39.3,,,,,,Four-seam,False
FF,2026-04-14,100.5,-1.46,6.32,"Miller, Mason",641487,695243,,called_strike,,,,,9.0,,R,L,R,SD,SEA,S,,,0,0,2026,-0.47,1.56,0.4753255634686937,1.778908410585033,,,,2,9,Top,,,,,,,6.487122260997395,-145.83466380707026,-10.723666824110058,-8.372297426070766,37.57654837660572,-7.548832622070716,3.219127297,1.624606299,,,,100.8,2406.0,6.8,823315,669134,664034,630105,592518,593428,657656,701538,665487,53.68,,,,,,,,69,1,4-Seam Fastball,4,1,1,4,1,4,1,4,Infield shade,Standard,209.0,0.001,-0.045,,,,,0.045,,3,-3,0.996,0.004,27,31,28,31,1,3,4.0,1.0,2.0,2.0,0.73,0.47,-0.47,42.9,,,,,,Four-seam,False
SL,2026-04-14,87.6,-1.71,6.05,"Miller, Mason",670042,695243,strikeout,swinging_strike,,,,,14.0,Luke Raley strikes out swinging.,R,L,R,SD,SEA,S,2.0,,2,2,2026,0.89,-0.38,0.4568029739740652,1.1608439023712205,,,,1,9,Top,,,,,,,3.321424670076394,-127.49077477608608,-4.572667226286672,8.89950263556605,29.465594861001033,-35.45666635777064,3.340239501,1.685728347,,,,88.3,2382.0,7.0,823315,669134,664034,630105,592518,593428,657656,701538,665487,53.53,,0.0,0.0,1.0,0.0,0.0,,68,5,Slider,4,1,1,4,1,4,1,4,Infield shade,Standard,36.0,0.009,-0.233,69.3,7.8,2.27012286,,0.233,,3,-3,0.987,0.013,27,31,28,32,1,3,4.0,1.0,2.0,1.0,3.38,-0.89,0.89,35.0,19.919359685566754,-7.743250657327521,38.71384903057661,34.02715420479143,34.31281695693053,Slider,True
SL,2026-04-14,87.1,-1.73,6.18,"Miller, Mason",670042,695243,,swinging_strike,,,,,8.0,,R,L,R,SD,SEA,S,,,2,1,2026,1.03,-0.36,0.0774029340301761,2.025452793511517,,,,1,9,Top,,,,,,,2.1462625361672423,-126.74891258851254,-2.7289037719986524,10.45573663712682,29.826705997483177,-35.59892381474014,3.340239501,1.685728347,,,,87.2,2571.0,6.7,823315,669134,664034,630105,592518,593428,657656,701538,665487,53.81,,,,,,,,68,4,Slider,4,1,1,4,1,4,1,4,Infield shade,Standard,34.0,0.004,-0.075,74.9,8.5,0.91871952,,0.075,,3,-3,0.983,0.017,27,31,28,32,1,3,4.0,1.0,2.0,1.0,3.4,-1.03,1.03,39.3,22.76765305847472,-27.82928749342724,33.413569407767156,39.75358941510368,41.22897634846947,Slider,False
CH,2026-04-14,95.8,-1.93,6.13,"Miller, Mason",670042,695243,,ball,,,,,11.0,,R,L,R,SD,SEA,B,,,1,1,2026,-1.4,0.44,-1.0068955296735662,3.0841069372965535,,,,1,9,Top,,,,,,,5.6513787862518505,-139.33661435076144,-3.214008782613113,-19.439135847640173,33.934070390721914,-25.92488308653184,3.340239501,1.685728347,,,,95.9,2182.0,6.6,823315,669134,664034,630105,592518,593428,657656,701538,665487,53.92,,,,,,,,68,3,Changeup,4,1,1,4,1,4,1,4,Infield shade,Standard,226.0,-0.003,0.056,,,,,-0.056,,3,-3,0.986,0.014,27,31,28,32,1,3,4.0,1.0,2.0,1.0,2.06,1.4,-1.4,35.2,,,,,,Changeup,False
FF,2026-04-14,102.1,-1.57,6.36,"Miller, Mason",670042,695243,,ball,,,,,11.0,,R,L,R,SD,SEA,B,,,0,1,2026,-0.82,1.43,-0.5795246032686185,4.621948784370035,,,,1,9,Top,,,,,,,4.779157856165628,-148.58035245702908,-2.9633256398624557,-13.27459510899522,38.453792386217856,-10.531898775367315,3.340239501,1.685728347,,,,102.2,2627.0,6.5,823315,669134,664034,630105,592518,593428,657656,701538,665487,53.96,,,,,,,,68,2,4-Seam Fastball,4,1,1,4,1,4,1,4,Infield shade,Standard,204.0,-0.001,0.032,,,,,-0.032,,3,-3,0.987,0.013,27,31,28,32,1,3,4.0,1.0,2.0,1.0,0.77,0.82,-0.82,39.9,,,,,,Four-seam,False
SL,2026-04-14,87.3,-1.79,6.13,"Miller, Mason",670042,695243,,called_strike,,,,,4.0,,R,L,R,SD,SEA,S,,,0,0,2026,0.89,-0.37,-0.4272124072131927,2.586384266859607,,,,1,9,Top,,,,,,,1.3870328090167692,-127.03794209750473,-1.296890100094226,9.212824792454551,28.81965682022933,-36.12810735153586,3.340239501,1.685728347,,,,87.5,2315.0,6.6,823315,669134,664034,630105,592518,593428,657656,701538,665487,53.87,,,,,,,,68,1,Slider,4,1,1,4,1,4,1,4,Infield shade,Standard,33.0,0.002,-0.041,,,,,0.041,,3,-3,0.985,0.015,27,31,28,32,1,3,4.0,1.0,2.0,1.0,3.39,-0.89,0.89,35.6,,,,,,Slider,False
SL,2026-04-14,88.0,-1.6,6.16,"Miller, Mason",668227,695243,field_out,hit_into_play,,,,,6.0,Randy Arozarena flies out to right fielder Fernando Tatis Jr.,R,R,R,SD,SEA,X,9.0,fly_ball,3,2,2026,0.75,-0.27,0.2815746267631884,2.194503797632139,,,,0,9,Top,160.42,126.55,,,,,2.9532418249005485,-128.12952090473297,-2.694352460791313,7.5614163530673535,28.671895787288655,-34.732367515390706,3.127854331,1.578543307,202.0,84.6,54.0,88.6,2373.0,6.8,823315,669134,664034,630105,592518,593428,657656,701538,665487,53.69,0.02,0.023,0.0,1.0,0.0,0.0,3.0,67,7,Slider,4,1,1,4,1,4,1,4,Standard,Standard,42.0,0.025,-0.346,60.4,6.5,,0.035,0.346,88.0,3,-3,0.96,0.04,27,31,28,31,1,3,4.0,1.0,2.0,1.0,3.23,-0.75,-0.75,39.8,5.405002541070825,-2.4578001982901574,31.717213241071924,35.072272963622595,27.19816637343795,Slider,True
FF,2026-04-14,101.8,-1.59,6.41,"Miller, Mason",668227,695243,,ball,,,,,11.0,,R,R,R,SD,SEA,B,,,2,2,2026,-0.35,1.36,-0.9182813430778792,4.278373013662033,,,,0,9,Top,,,,,,,2.739022419574608,-148.16398734691012,-3.8477209994243577,-5.852699874405349,38.23247940798747,-11.513080029350704,3.127854331,1.578543307,,,,102.4,2668.0,6.8,823315,669134,664034,630105,592518,593428,657656,701538,665487,53.7,,,,,,,,67,6,4-Seam Fastball,4,1,1,4,1,4,1,4,Standard,Standard,200.0,-0.009,0.113,,,,,-0.113,,3,-3,0.969,0.031,27,31,28,31,1,3,4.0,1.0,2.0,1.0,0.85,0.35,0.35,43.0,,,,,,Four-seam,False
FF,2026-04-14,101.6,-1.6,6.33,"Miller, Mason",668227,695243,,foul,,,,,2.0,,R,R,R,SD,SEA,S,,,2,2,2026,-0.69,1.35,-0.1878216523531112,2.6581028069988344,,,,0,9,Top,,,,,,,5.625343740931133,-147.63339684305112,-8.06597164039256,-11.546598310536426,38.36331310919374,-10.607229909664683,3.127854331,1.578543307,239.0,77.6,24.0,101.9,2656.0,6.7,823315,669134,664034,630105,592518,593428,657656,701538,665487,53.77,,,,,,,,67,5,4-Seam Fastball,4,1,1,4,1,4,1,4,Standard,Standard,204.0,0.0,0.0,49.6,5.3,,,0.0,88.0,3,-3,0.969,0.031,27,31,28,31,1,3,4.0,1.0,2.0,1.0,0.88,0.69,0.69,41.4,-1.5446017601784152,35.94252014122358,26.11889807438617,30.048831877501076,13.159505843636603,Four-seam,False
SL,2026-04-14,87.8,-1.62,6.15,"Miller, Mason",668227,695243,,ball,,,,,14.0,,R,R,R,SD,SEA,B,,,1,2,2026,0.69,-0.48,1.601061927962153,0.0907060165197002,,,,0,9,Top,,,,,,,6.288973266571877,-127.49031909188804,-7.162646817434602,5.94307247826011,30.38362138943709,-35.85011681050556,3.127854331,1.578543307,,,,88.0,2362.0,6.9,823315,669134,664034,630105,592518,593428,657656,701538,665487,53.61,,,,,,,,67,4,Slider,4,1,1,4,1,4,1,4,Standard,Standard,19.0,-0.003,0.046,,,,,-0.046,,3,-3,0.972,0.028,27,31,28,31,1,3,4.0,1.0,2.0,1.0,3.49,-0.69,-0.69,37.3,,,,,,Slider,False
SL,2026-04-14,87.3,-1.7,6.22,"Miller, Mason",668227,695243,,ball,,,,,14.0,,R,R,R,SD,SEA,B,,,0,2,2026,1.32,-0.36,1.7085517904819172,0.5062790305901319,,,,0,9,Top,,,,,,,5.362171783104694,-126.96243420322809,-6.522040362821065,13.038969577056466,27.99121353663562,-34.86013890636248,3.127854331,1.578543307,,,,87.6,2514.0,6.7,823315,669134,664034,630105,592518,593428,657656,701538,665487,53.83,,,,,,,,67,3,Slider,4,1,1,4,1,4,1,4,Standard,Standard,29.0,-0.002,0.022,,,,,-0.022,,3,-3,0.974,0.026,27,31,28,31,1,3,4.0,1.0,2.0,1.0,3.38,-1.32,-1.32,40.0,,,,,,Slider,False
SL,2026-04-14,87.3,-1.74,6.18,"Miller, Mason",668227,695243,,swinging_strike,,,,,14.0,,R,R,R,SD,SEA,S,,,0,1,2026,0.89,-0.37,1.5958691385366897,1.2416018613923954,,,,0,9,Top,,,,,,,6.121130223157428,-126.9754200343679,-4.659375876516235,8.168857148782187,28.140673632936835,-35.351637127265825,3.127854331,1.578543307,,,,87.8,2504.0,6.8,823315,669134,664034,630105,592518,593428,657656,701538,665487,53.67,,,,,,,,67,2,Slider,4,1,1,4,1,4,1,4,Standard,Standard,39.0,0.005,-0.054,68.0,8.4,11.87792796,,0.054,,3,-3,0.969,0.031,27,31,28,31,1,3,4.0,1.0,2.0,1.0,3.39,-0.89,-0.89,37.1,19.787312400832768,-36.28963985037249,25.653787834883904,47.83931468727357,60.95989041697089,Slider,False
SL,2026-04-14,86.4,-1.57,6.27,"Miller, Mason",668227,695243,,swinging_strike,,,,,14.0,,R,R,R,SD,SEA,S,,,0,0,2026,1.1,-0.33,1.824151103771223,0.7172821196877948,,,,0,9,Top,,,,,,,5.737928285204218,-125.58506779920008,-6.037213595412847,10.33266578231552,27.37102863378577,-34.50194853980164,3.127854331,1.578543307,,,,86.8,2417.0,6.8,823315,669134,664034,630105,592518,593428,657656,701538,665487,53.73,,,,,,,,67,1,Slider,4,1,1,4,1,4,1,4,Standard,Standard,35.0,0.003,-0.041,63.2,8.5,23.299051476,,0.041,,3,-3,0.966,0.034,27,31,28,31,1,3,4.0,1.0,2.0,1.0,3.41,-1.1,-1.1,41.5,21.626741076841576,-46.51970320646777,25.986037510554365,49.94131363846297,68.33806932348136,Slider,False
FF,2026-04-10,102.8,-1.65,6.35,"Miller, Mason",686668,695243,strikeout,foul_tip,,,,,2.0,Brenton Doyle strikes out on a foul tip.,R,R,R,SD,COL,S,2.0,,1,2,2026,-0.51,1.55,0.2733106267796612,3.421445789161947,,,,2,9,Top,,,,,,,6.698179000561585,-149.34860952854254,-6.721957090468471,-9.293476295747984,38.186536328797985,-7.574599418988099,3.349893373,1.690600394,,,,103.6,2683.0,7.0,823318,666023,657757,630105,592518,593428,657656,701538,665487,53.54,,0.0,0.0,1.0,0.0,0.0,,63,4,4-Seam Fastball,2,2,2,2,2,2,2,2,Standard,Strategic,201.0,0.024,-0.183,70.1,6.6,,,0.183,,0,0,0.615,0.385,27,28,28,28,1,3,1.0,1.0,4.0,2.0,0.63,0.51,0.51,41.7,8.058410281469003,17.317917306461688,24.13034882099099,40.81350647193052,19.51620682730741,Four-seam,True
SL,2026-04-10,89.3,-1.67,6.15,"Miller, Mason",686668,695243,,ball,,,,,14.0,,R,R,R,SD,COL,B,,,0,2,2026,0.48,-0.34,1.6662089834291536,0.3276951019532386,,,,2,9,Top,,,,,,,7.153148427191312,-129.66436240407512,-7.290786449623083,3.76914072644626,29.01962043427945,-34.545189825249174,3.349893373,1.690600394,,,,89.9,2634.0,6.9,823318,666023,657757,630105,592518,593428,657656,701538,665487,53.56,,,,,,,,63,3,Slider,2,2,2,2,2,2,2,2,Standard,Standard,28.0,-0.004,0.028,,,,,-0.028,,0,0,0.619,0.381,27,28,28,28,1,3,1.0,1.0,4.0,2.0,3.23,-0.48,-0.48,37.5,,,,,,Slider,False
SL,2026-04-10,89.0,-1.61,6.27,"Miller, Mason",686668,695243,,swinging_strike,,,,,14.0,,R,R,R,SD,COL,S,,,0,1,2026,0.77,-0.25,1.197735637312523,-0.1278269008274297,,,,2,9,Top,,,,,,,5.193216544916252,-129.35292663558351,-8.85839743487752,7.552874726354516,27.00688395404835,-33.326769935121725,3.349893373,1.690600394,,,,89.7,2494.0,6.8,823318,666023,657757,630105,592518,593428,657656,701538,665487,53.72,,,,,,,,63,2,Slider,2,2,2,2,2,2,2,2,Standard,Standard,13.0,0.009,-0.062,65.0,8.7,22.745495844,,0.062,,0,0,0.61,0.39,27,28,28,28,1,3,1.0,1.0,4.0,2.0,3.14,-0.77,-0.77,40.5,23.57128106950489,-29.75428494267809,35.63312193861041,50.4012414331691,54.72338015357145,Slider,False
FF,2026-04-10,102.2,-1.7,6.29,"Miller, Mason",686668,695243,,called_strike,,,,,5.0,,R,R,R,SD,COL,S,,,0,0,2026,-0.62,1.36,-0.2474397061136453,2.5589224779198703,,,,2,9,Top,,,,,,,5.591651118056531,-148.61250314067473,-8.458048555005236,-10.441454202122346,33.092296780452564,-10.212810650253363,3.349893373,1.690600394,,,,103.3,2469.0,6.8,823318,666023,657757,630105,592518,593428,657656,701538,665487,53.74,,,,,,,,63,1,4-Seam Fastball,2,2,2,2,2,2,2,2,Standard,Standard,207.0,0.005,-0.045,,,,,0.045,,0,0,0.605,0.395,27,28,28,28,1,3,1.0,1.0,4.0,2.0,0.81,0.62,0.62,40.4,,,,,,Four-seam,False
FF,2026-04-10,102.8,-1.6,6.33,"Miller, Mason",650489,695243,strikeout,swinging_strike,,,,,12.0,Willi Castro strikes out swinging.,R,L,R,SD,COL,S,2.0,,1,2,2026,-0.53,1.44,0.4831507402994299,3.746417189579052,,,,1,9,Top,,,,,,,7.195485108638642,-149.4864578605614,-5.518408954164031,-9.702593428740329,34.91968626846578,-9.424346111859816,3.203330053,1.616633858,,,,103.8,2633.0,6.8,823318,666023,657757,630105,592518,593428,657656,701538,665487,53.69,,0.0,0.0,1.0,0.0,0.0,,62,5,4-Seam Fastball,2,2,2,2,2,2,2,2,Infield shade,Standard,206.0,0.033,-0.182,52.0,4.5,0.32108172,,0.182,,0,0,0.572,0.428,27,29,28,29,1,3,1.0,1.0,4.0,1.0,0.71,0.53,-0.53,40.7,-21.74246292124022,38.43585911686761,41.94215720388617,27.240777032391392,7.62399460788067,Four-seam,True
SL,2026-04-10,88.5,-1.72,6.17,"Miller, Mason",650489,695243,,foul,,,,,4.0,,R,L,R,SD,COL,S,,,1,2,2026,0.93,-0.18,-0.4495295514043914,2.638070027498582,,,,1,9,Top,,,,,,,1.0720851689532935,-128.8337135747142,-1.859391642820181,10.057602888272118,30.1173408849816,-34.01314586222174,3.203330053,1.616633858,135.0,72.0,30.0,88.6,2569.0,6.6,823318,666023,657757,630105,592518,593428,657656,701538,665487,53.87,,,,,,,,62,4,Slider,2,2,2,2,2,2,2,2,Infield shade,Standard,43.0,0.0,0.0,60.7,6.0,,,0.0,88.0,0,0,0.572,0.428,27,29,28,29,1,3,1.0,1.0,4.0,1.0,3.12,-0.93,0.93,35.0,-10.97464394640543,27.189704238917276,36.86387832053643,37.68725730659356,14.311154557984262,Slider,False
FF,2026-04-10,101.8,-1.84,6.32,"Miller, Mason",650489,695243,,ball,,,,,12.0,,R,L,R,SD,COL,B,,,0,2,2026,-0.66,1.4,0.0367156051863263,4.428793131313009,,,,1,9,Top,,,,,,,6.8445269836909945,-148.00697965193842,-3.2663775223361746,-11.323492565822136,37.23589609497668,-11.114912608548511,3.203330053,1.616633858,,,,102.2,2557.0,6.7,823318,666023,657757,630105,592518,593428,657656,701538,665487,53.84,,,,,,,,62,3,4-Seam Fastball,2,2,2,2,2,2,2,2,Infield shade,Standard,205.0,-0.005,0.019,,,,,-0.019,,0,0,0.577,0.423,27,29,28,29,1,3,1.0,1.0,4.0,1.0,0.82,0.66,-0.66,40.8,,,,,,Four-seam,False
FF,2026-04-10,102.1,-1.72,6.39,"Miller, Mason",650489,695243,,called_strike,,,,,11.0,,R,L,R,SD,COL,S,,,0,1,2026,-1.07,1.17,-0.4247273666859918,3.4129797278610967,,,,1,9,Top,,,,,,,6.258554054477473,-148.44063372175287,-5.761477657566798,-17.28369992824982,38.61354893575716,-13.73606433455611,3.203330053,1.616633858,,,,102.4,2532.0,6.7,823318,666023,657757,630105,592518,593428,657656,701538,665487,53.8,,,,,,,,62,2,4-Seam Fastball,2,2,2,2,2,2,2,2,Infield shade,Standard,206.0,0.012,-0.057,,,,,0.057,,0,0,0.565,0.435,27,29,28,29,1,3,1.0,1.0,4.0,1.0,1.04,1.07,-1.07,39.8,,,,,,Four-seam,False
FF,2026-04-10,101.8,-1.86,6.34,"Miller, Mason",650489,695243,,foul_bunt,,,,,2.0,,R,L,R,SD,COL,S,,,0,0,2026,-0.69,1.78,0.1755056606376005,3.0763264069622287,,,,1,9,Top,,,,,,,7.396738269160555,-147.84864815409674,-8.00657549404015,-12.08734852691886,39.89790673953268,-4.313109618235206,3.203330053,1.616633858,,,,102.0,2760.0,6.8,823318,666023,657757,630105,592518,593428,657656,701538,665487,53.68,,,,,,,,62,1,4-Seam Fastball,2,2,2,2,2,2,2,2,Infield shade,Standard,209.0,0.007,-0.041,6.2,1.1,,,0.041,,0,0,0.558,0.442,27,29,28,29,1,3,1.0,1.0,4.0,1.0,0.45,0.69,-0.69,40.0,-26.723473721437315,-10.09794613195021,43.10673970315032,30.21302336155159,32.62200227104147,Four-seam,False
SL,2026-04-10,88.8,-1.84,6.22,"Miller, Mason",681198,695243,strikeout,swinging_strike,,,,,13.0,TJ Rumfield strikes out swinging.,R,L,R,SD,COL,S,2.0,,1,2,2026,0.68,-0.27,-0.0578064894146418,1.5049183395817387,,,,0,9,Top,,,,,,,2.8735026133760115,-129.20611469937197,-4.6005258341166995,6.845382686879017,30.25288693396394,-34.3294211681158,3.422736221,1.727362205,,,,89.0,2486.0,6.7,823318,666023,657757,630105,592518,593428,657656,701538,665487,53.82,,0.0,0.0,1.0,0.0,0.0,,61,4,Slider,2,2,2,2,2,2,2,2,Infield shade,Standard,39.0,0.041,-0.187,62.8,7.9,2.286223848,,0.187,,0,0,0.517,0.483,27,26,28,26,1,3,1.0,1.0,4.0,1.0,3.19,-0.68,0.68,37.8,27.367506474353753,-29.208773812613565,36.67812115500163,32.40555987102502,50.28674979166844,Slider,True
FF,2026-04-10,101.3,-1.72,6.44,"Miller, Mason",681198,695243,,called_strike,,,,,5.0,,R,L,R,SD,COL,S,,,1,1,2026,-0.83,1.59,0.2004003639098011,2.473391077103492,,,,0,9,Top,,,,,,,7.380649371250802,-146.99170717703709,-9.36299562439005,-13.952620964718944,39.318706858193195,-6.997136038046772,3.422736221,1.727362205,,,,101.3,2756.0,6.8,823318,666023,657757,630105,592518,593428,657656,701538,665487,53.74,,,,,,,,61,3,4-Seam Fastball,2,2,2,2,2,2,2,2,Infield shade,Standard,207.0,0.014,-0.06,,,,,0.06,,0,0,0.503,0.497,27,26,28,26,1,3,1.0,1.0,4.0,1.0,0.67,0.83,-0.83,41.7,,,,,,Four-seam,False
SL,2026-04-10,88.6,-1.88,6.21,"Miller, Mason",681198,695243,,called_strike,,,,,8.0,,R,L,R,SD,COL,S,,,1,0,2026,0.92,-0.09,0.2668818337462368,1.6087971311955842,,,,0,9,Top,,,,,,,3.252882133338412,-128.8695101188939,-4.6668401658741585,9.278095303482642,31.30959659176455,-32.272646605061,3.422736221,1.727362205,,,,88.9,2518.0,6.9,823318,666023,657757,630105,592518,593428,657656,701538,665487,53.62,,,,,,,,61,2,Slider,2,2,2,2,2,2,2,2,Infield shade,Standard,31.0,0.011,-0.055,,,,,0.055,,0,0,0.492,0.508,27,26,28,26,1,3,1.0,1.0,4.0,1.0,3.04,-0.92,0.92,36.8,,,,,,Slider,False
SL,2026-04-10,87.4,-1.9,6.23,"Miller, Mason",681198,695243,,ball,,,,,14.0,,R,L,R,SD,COL,B,,,0,0,2026,0.91,-0.29,1.4729307081380305,1.5215835869347505,,,,0,9,Top,,,,,,,6.161139488304299,-126.94821051761636,-4.166008674020432,8.003319791082841,32.825899543984455,-34.39757973077667,3.422736221,1.727362205,,,,87.1,2470.0,6.8,823318,666023,657757,630105,592518,593428,657656,701538,665487,53.67,,,,,,,,61,1,Slider,2,2,2,2,2,2,2,2,Infield shade,Standard,33.0,-0.008,0.042,,,,,-0.042,,0,0,0.5,0.5,27,26,28,26,1,3,1.0,1.0,4.0,1.0,3.35,-0.91,0.91,35.5,,,,,,Slider,False
SL,2026-04-09,89.3,-1.62,6.13,"Miller, Mason",650489,695243,strikeout,swinging_strike_blocked,,,,,14.0,Willi Castro strikes out swinging.,R,L,R,SD,COL,S,2.0,,1,2,2026,0.87,-0.18,0.6617658198493046,0.6539554652663102,,,,2,9,Top,,,,,,,3.720642060055053,-129.789781107797,-6.797411478039987,8.909758682657865,30.092291636432726,-32.82523179902593,3.203330053,1.616633858,,,,89.9,2528.0,7.0,823319,666023,664034,630105,592518,593428,657757,701538,665487,53.5,,0.0,0.0,1.0,0.0,0.0,,66,4,Slider,1,1,1,1,1,1,1,1,Infield shade,Standard,45.0,0.024,-0.183,35.2,7.3,7.979947404,,0.183,,0,0,0.615,0.385,27,29,28,29,1,3,1.0,2.0,1.0,1.0,3.07,-0.87,0.87,39.8,13.874530843195044,-15.84582337894498,41.36795247705372,23.84242903464447,34.93310786332138,Slider,True
FF,2026-04-09,101.4,-1.66,6.29,"Miller, Mason",650489,695243,,swinging_strike,,,,,2.0,,R,L,R,SD,COL,S,,,1,1,2026,-0.55,1.53,-0.0397539932820788,3.2980111089868984,,,,2,9,Top,,,,,,,5.848679089721129,-147.3971420273982,-6.5984594289270975,-9.466286815384994,36.5083986159478,-8.4697846740432,3.203330053,1.616633858,,,,101.9,2613.0,6.7,823319,666023,664034,630105,592518,593428,657757,701538,665487,53.76,,,,,,,,66,3,4-Seam Fastball,1,1,1,1,1,1,1,1,Infield shade,Standard,208.0,0.008,-0.064,72.5,6.5,0.151028076,,0.064,,0,0,0.607,0.393,27,29,28,29,1,3,1.0,2.0,1.0,1.0,0.7,0.55,-0.55,40.0,12.995309264895544,6.931532647470716,36.559175911272334,32.198834712912976,25.507447776702424,Four-seam,False
FF,2026-04-09,101.6,-1.65,6.39,"Miller, Mason",650489,695243,,ball,,,,,11.0,,R,L,R,SD,COL,B,,,0,1,2026,-0.61,1.43,-0.6701480693138053,3.8443856536446743,,,,2,9,Top,,,,,,,4.233381904103863,-147.83155036893643,-5.135593017060419,-9.988095866296954,36.99123763221303,-10.2194249708768,3.203330053,1.616633858,,,,102.1,2598.0,6.7,823319,666023,664034,630105,592518,593428,657757,701538,665487,53.84,,,,,,,,66,2,4-Seam Fastball,1,1,1,1,1,1,1,1,Infield shade,Standard,204.0,-0.003,0.03,,,,,-0.03,,0,0,0.61,0.39,27,29,28,29,1,3,1.0,2.0,1.0,1.0,0.79,0.61,-0.61,43.2,,,,,,Four-seam,False
SL,2026-04-09,87.8,-1.56,6.2,"Miller, Mason",650489,695243,,swinging_strike,,,,,8.0,,R,L,R,SD,COL,S,,,0,0,2026,1.13,-0.15,0.2588406957489116,1.969129772471481,,,,2,9,Top,,,,,,,1.9565982424468145,-127.8258710149916,-3.496727111595483,11.831353881986455,29.964651170498357,-33.27843250044978,3.203330053,1.616633858,,,,87.9,2547.0,6.7,823319,666023,664034,630105,592518,593428,657757,701538,665487,53.83,,,,,,,,66,1,Slider,1,1,1,1,1,1,1,1,Infield shade,Standard,46.0,0.005,-0.045,62.2,6.5,0.66629208,,0.045,,0,0,0.605,0.395,27,29,28,29,1,3,1.0,2.0,1.0,1.0,3.14,-1.13,1.13,38.0,-4.206109314329126,7.153243935953936,35.377494210005224,28.112729457585463,20.576057347419592,Slider,False
FF,2026-04-09,103.4,-1.48,6.25,"Miller, Mason",678662,695243,strikeout,swinging_strike,,,,,3.0,Ezequiel Tovar strikes out swinging.,R,R,R,SD,COL,S,2.0,,0,2,2026,-0.6,1.45,0.5219739668267431,2.728599870169934,,,,1,9,Top,,,,,,,7.153365878812729,-150.10024639644166,-8.196235362745485,-10.92384558625277,39.76593179868671,-8.465851006980088,3.219127297,1.624606299,,,,103.6,2675.0,6.7,823319,666023,664034,630105,592518,593428,657757,701538,665487,53.78,,0.0,0.0,1.0,0.0,0.0,,65,3,4-Seam Fastball,1,1,1,1,1,1,1,1,Standard,Strategic,207.0,0.028,-0.163,66.5,5.9,1.106778864,,0.163,,0,0,0.577,0.423,27,24,28,25,1,3,1.0,1.0,1.0,1.0,0.71,0.6,0.6,39.5,-10.5592233289243,32.09617911932935,35.718596073959375,37.143029844166875,2.238104991845443,Four-seam,True
FF,2026-04-09,102.4,-1.52,6.38,"Miller, Mason",678662,695243,,swinging_strike,,,,,12.0,,R,R,R,SD,COL,S,,,0,1,2026,-0.27,1.57,0.4699685662561826,3.6955525732249273,,,,1,9,Top,,,,,,,6.2432486637568,-148.9284160532364,-6.019930846834991,-5.536984704282368,37.83981091179567,-7.517881669664706,3.219127297,1.624606299,,,,102.8,2563.0,6.7,823319,666023,664034,630105,592518,593428,657757,701538,665487,53.82,,,,,,,,65,2,4-Seam Fastball,1,1,1,1,1,1,1,1,Standard,Strategic,214.0,0.012,-0.057,52.9,5.5,6.199403016,,0.057,,0,0,0.565,0.435,27,24,28,25,1,3,1.0,1.0,1.0,1.0,0.61,0.27,0.27,42.5,-6.09660419198824,45.47014388700104,32.13102042107727,38.928004622303675,3.319008725492275,Four-seam,False
SL,2026-04-09,88.3,-1.65,6.2,"Miller, Mason",678662,695243,,foul,,,,,14.0,,R,R,R,SD,COL,S,,,0,0,2026,1.16,-0.35,1.3400074127775063,2.1224440250451284,,,,1,9,Top,,,,,,,4.757853565788476,-128.38362344310124,-2.757791160549538,11.485191859300794,30.836362528275657,-35.60073530182817,3.219127297,1.624606299,77.0,71.6,6.0,88.4,2517.0,6.8,823319,666023,664034,630105,592518,593428,657757,701538,665487,53.71,,,,,,,,65,1,Slider,1,1,1,1,1,1,1,1,Standard,Strategic,40.0,0.007,-0.041,68.7,7.7,,,0.041,88.0,0,0,0.558,0.442,27,24,28,25,1,3,1.0,1.0,1.0,1.0,3.32,-1.16,-1.16,38.6,10.01426061527589,10.056708325551618,32.56137290730199,47.12250270467101,17.999095946532798,Slider,False
SL,2026-04-09,88.5,-1.82,6.15,"Miller, Mason",681198,695243,strikeout,swinging_strike,,,,,14.0,TJ Rumfield strikes out swinging.,R,L,R,SD,COL,S,2.0,,0,2,2026,0.85,-0.15,0.0517572494154997,1.5485950387996903,,,,0,9,Top,,,,,,,2.722812738425059,-128.8643988502358,-4.58732594320372,8.84839565296211,28.62543798756711,-33.05140715040678,3.422736221,1.727362205,,,,89.1,2513.0,6.8,823319,666023,664034,630105,592518,593428,657757,701538,665487,53.72,,0.0,0.0,1.0,0.0,0.0,,64,3,Slider,1,1,1,1,1,1,1,1,Infield shade,Standard,46.0,0.035,-0.164,58.3,7.2,1.64542326,,0.164,,0,0,0.523,0.477,27,26,28,26,1,3,1.0,1.0,1.0,1.0,3.07,-0.85,0.85,36.4,19.59726085751576,-16.267294978404646,48.94390583615819,29.43344440558059,34.49429684849302,Slider,True
SL,2026-04-09,88.4,-1.98,6.17,"Miller, Mason",681198,695243,,called_strike,,,,,7.0,,R,L,R,SD,COL,S,,,0,1,2026,0.97,0.0,-0.6799915447319965,2.001232984210682,,,,0,9,Top,,,,,,,1.0853439259112396,-128.70932899388987,-3.8367285787309378,10.419342632415914,29.08352516410379,-31.506883798149765,3.422736221,1.727362205,,,,88.9,2548.0,6.8,823319,666023,664034,630105,592518,593428,657757,701538,665487,53.72,,,,,,,,64,2,Slider,1,1,1,1,1,1,1,1,Infield shade,Standard,45.0,0.014,-0.054,,,,,0.054,,0,0,0.509,0.491,27,26,28,26,1,3,1.0,1.0,1.0,1.0,2.93,-0.97,0.97,34.5,,,,,,Slider,False
SL,2026-04-09,87.0,-1.89,6.2,"Miller, Mason",681198,695243,,swinging_strike,,,,,14.0,,R,L,R,SD,COL,S,,,0,0,2026,0.85,-0.29,1.1724780543096291,1.4572723290638496,,,,0,9,Top,,,,,,,5.527671777782399,-126.49101864950616,-4.2916771931550635,7.822245336087261,28.22605755012261,-34.57386497919936,3.422736221,1.727362205,,,,87.5,2487.0,6.9,823319,666023,664034,630105,592518,593428,657757,701538,665487,53.63,,,,,,,,64,1,Slider,1,1,1,1,1,1,1,1,Infield shade,Standard,35.0,0.009,-0.041,40.0,7.0,9.916605804,,0.041,,0,0,0.5,0.5,27,26,28,26,1,3,1.0,1.0,1.0,1.0,3.33,-0.85,0.85,39.0,25.794732972874915,-28.594152873799143,34.58780626156801,20.72991378819568,46.51474350897064,Slider,False
CH,2026-04-08,97.0,-1.98,5.91,"Miller, Mason",663968,695243,field_out,hit_into_play,,,,,14.0,"Jake Mangum grounds out, third baseman Miguel Andujar to first baseman Ty France.",R,L,R,PIT,SD,X,5.0,ground_ball,0,1,2026,-1.49,0.58,0.3789549757391459,0.557819755697041,,,,2,9,Bot,102.02,160.59,,,,,9.721764239287744,-140.7150817680833,-9.85365250310691,-21.95260556388328,30.508282148964163,-22.41316850304134,3.179634186,1.604675197,73.0,52.9,11.0,97.4,2078.0,6.6,823403,669134,664034,630105,609280,593428,657656,701538,665487,53.9,0.157,0.147,0.0,1.0,0.0,0.0,1.0,77,2,Changeup,2,8,2,8,8,2,2,8,Strategic,Strategic,232.0,-0.001,-0.217,56.8,7.6,,0.191,0.217,88.0,-6,-6,0.001,0.001,27,30,28,30,1,3,3.0,1.0,1.0,3.0,1.85,1.49,-1.49,33.0,7.298404928680317,3.667177194464882,49.19861774566424,36.26660089969009,20.609218834655756,Changeup,True
FF,2026-04-08,102.7,-1.73,6.21,"Miller, Mason",663968,695243,,swinging_strike,,,,,9.0,,R,L,R,PIT,SD,S,,,0,0,2026,-0.47,1.53,0.5216142137509137,1.7712479715104488,,,,2,9,Bot,,,,,,,7.497571897925787,-149.03459437332546,-10.877729579342134,-8.844135217483666,36.537233526119834,-6.91372903120983,3.179634186,1.604675197,,,,103.2,2641.0,6.7,823403,669134,664034,630105,609280,593428,657656,701538,665487,53.76,,,,,,,,77,1,4-Seam Fastball,2,8,2,8,8,2,2,8,Strategic,Strategic,209.0,0.0,-0.045,69.7,7.2,1.634407812,,0.045,,-6,-6,0.001,0.001,27,30,28,30,1,3,3.0,1.0,1.0,3.0,0.65,0.47,-0.47,42.2,1.0258653327875815,13.646921898958292,44.30012707444126,33.6107906517138,14.876006411850495,Four-seam,False
SL,2026-04-08,88.8,-1.75,6.08,"Miller, Mason",663698,695243,strikeout,swinging_strike_blocked,,,,,14.0,Joey Bart strikes out swinging.,R,R,R,PIT,SD,S,2.0,,0,2,2026,1.22,-0.6,1.559957345628575,0.5071724877392252,,,,1,9,Bot,,,,,,,5.403567654496548,-129.0295769764845,-5.9587665189915064,12.247998835105378,29.930451798246416,-37.68814096283061,3.299868766,1.665354331,,,,88.6,2433.0,6.5,823403,669134,664034,630105,609280,593428,657656,701538,665487,53.97,,0.0,0.0,1.0,0.0,0.0,,76,3,Slider,2,8,2,8,8,2,2,8,Standard,Standard,34.0,0.0,-0.163,73.8,8.5,10.692725796,,0.163,,-6,-6,0.001,0.001,27,29,28,30,1,3,3.0,4.0,1.0,2.0,3.53,-1.22,-1.22,40.8,20.24084753718716,-20.200876331370814,34.7294891413841,48.361032018880394,51.91362415222129,Slider,True
SL,2026-04-08,87.1,-1.64,6.1,"Miller, Mason",663698,695243,,called_strike,,,,,9.0,,R,R,R,PIT,SD,S,,,0,1,2026,0.59,-0.52,0.3936679283929569,2.1100354087620348,,,,1,9,Bot,,,,,,,3.584894616557536,-126.72185758106356,-1.9680175255836212,5.456487537898197,30.548640428381304,-37.480950685137486,3.299868766,1.665354331,,,,86.9,2280.0,6.6,823403,669134,664034,630105,609280,593428,657656,701538,665487,53.94,,,,,,,,76,2,Slider,2,8,2,8,8,2,2,8,Standard,Standard,38.0,0.0,-0.057,,,,,0.057,,-6,-6,0.001,0.001,27,29,28,30,1,3,3.0,4.0,1.0,2.0,3.57,-0.59,-0.59,39.8,,,,,,Slider,False
SL,2026-04-08,86.6,-1.73,6.18,"Miller, Mason",663698,695243,,called_strike,,,,,6.0,,R,R,R,PIT,SD,S,,,0,0,2026,1.1,-0.36,0.561446933739425,2.728520475707444,,,,1,9,Bot,,,,,,,3.1293514553529005,-125.941049663264,-0.9543369353133158,10.812902030768951,29.994348680909525,-35.96342355346475,3.299868766,1.665354331,,,,86.5,2434.0,6.7,823403,669134,664034,630105,609280,593428,657656,701538,665487,53.83,,,,,,,,76,1,Slider,2,8,2,8,8,2,2,8,Standard,Standard,40.0,0.0,-0.041,,,,,0.041,,-6,-6,0.001,0.001,27,29,28,30,1,3,3.0,4.0,1.0,2.0,3.44,-1.1,-1.1,42.6,,,,,,Slider,False
SL,2026-04-08,88.5,-1.63,6.09,"Miller, Mason",804606,695243,strikeout,swinging_strike_blocked,,,,,14.0,Konnor Griffin strikes out swinging.,R,R,R,PIT,SD,S,2.0,,1,2,2026,0.64,-0.38,1.7783554506370065,0.6939825190575313,,,,0,9,Bot,,,,,,,6.86745025058935,-128.58659992620912,-5.999556167514246,5.645101885687149,27.66036429460877,-35.27123304078308,3.334973753,1.683070866,,,,88.8,2424.0,6.7,823403,669134,664034,630105,609280,593428,657656,701538,665487,53.84,,0.0,0.0,1.0,0.0,0.0,,75,5,Slider,2,8,2,8,8,2,2,8,Standard,Standard,37.0,-0.001,-0.187,43.5,9.2,16.23142566,,0.187,,-6,-6,0.002,0.002,27,20,28,20,1,1,3.0,1.0,1.0,2.0,3.31,-0.64,-0.64,37.8,17.348580551223407,-37.521542147522815,28.133191534258255,53.29291787807715,54.26022961426992,Slider,True
FF,2026-04-08,102.8,-1.64,6.31,"Miller, Mason",804606,695243,,foul,,,,,12.0,,R,R,R,PIT,SD,S,,,1,2,2026,-0.8,1.31,0.3143482237775902,3.5911897962455317,,,,0,9,Bot,,,,,,,7.4844698661323505,-149.4671884054469,-5.5566887127273885,-13.716482288712054,34.60626751257751,-11.376555977792169,3.334973753,1.683070866,289.0,89.6,38.0,103.6,2477.0,6.7,823403,669134,664034,630105,609280,593428,657656,701538,665487,53.82,,,,,,,,75,4,4-Seam Fastball,2,8,2,8,8,2,2,8,Standard,Standard,210.0,0.0,0.0,69.4,6.3,,,0.0,89.6,-6,-6,0.002,0.002,27,20,28,20,1,1,3.0,1.0,1.0,2.0,0.84,0.8,0.8,42.5,-3.6198859031986546,42.544656166126494,20.74975127988819,40.73700468853611,8.863561634474554,Four-seam,False
SL,2026-04-08,87.6,-1.76,6.09,"Miller, Mason",804606,695243,,swinging_strike,,,,,9.0,,R,R,R,PIT,SD,S,,,1,1,2026,0.73,-0.12,0.8214005007466041,1.907938982451224,,,,0,9,Bot,,,,,,,4.65132665213566,-127.58113264399104,-3.5213091247372086,7.054166937249147,25.75945007899501,-32.96262650224597,3.334973753,1.683070866,,,,88.3,2302.0,6.7,823403,669134,664034,630105,609280,593428,657656,701538,665487,53.84,,,,,,,,75,3,Slider,2,8,2,8,8,2,2,8,Standard,Standard,42.0,-0.001,-0.06,67.5,9.4,5.957496672,,0.06,,-6,-6,0.003,0.003,27,20,28,20,1,1,3.0,1.0,1.0,2.0,3.08,-0.73,-0.73,38.7,23.27833893120633,-47.74000242730629,24.38378665734181,44.977255188145854,54.68069170351637,Slider,False
FF,2026-04-08,101.9,-1.61,6.36,"Miller, Mason",804606,695243,,ball,,,,,12.0,,R,R,R,PIT,SD,B,,,0,1,2026,-0.52,1.47,0.300791620139497,4.569331251709203,,,,0,9,Bot,,,,,,,6.562044852555235,-148.21199237291611,-3.183130995431916,-9.273109706888777,36.460042054599754,-9.911552300188593,3.334973753,1.683070866,,,,101.8,2498.0,6.4,823403,669134,664034,630105,609280,593428,657656,701538,665487,54.15,,,,,,,,75,2,4-Seam Fastball,2,8,2,8,8,2,2,8,Standard,Standard,203.0,0.0,0.029,,,,,-0.029,,-6,-6,0.003,0.003,27,20,28,20,1,1,3.0,1.0,1.0,2.0,0.73,0.52,0.52,44.4,,,,,,Four-seam,False
FF,2026-04-08,100.7,-1.82,6.32,"Miller, Mason",804606,695243,,swinging_strike,,,,,11.0,,R,R,R,PIT,SD,S,,,0,0,2026,-0.66,1.69,-0.0684990631072348,3.8423203620190822,,,,0,9,Bot,,,,,,,6.435316685367481,-146.43717062344743,-5.4214853003792145,-11.119780239499397,36.056427402474874,-6.8261947847705144,3.334973753,1.683070866,,,,100.9,2511.0,6.5,823403,669134,664034,630105,609280,593428,657656,701538,665487,53.96,,,,,,,,75,1,4-Seam Fastball,2,8,2,8,8,2,2,8,Strategic,Standard,202.0,0.0,-0.041,70.5,6.9,1.308929772,,0.041,,-6,-6,0.003,0.003,27,20,28,20,1,1,3.0,1.0,1.0,2.0,0.57,0.66,0.66,43.6,13.242603157798817,2.7509652211116444,16.4247098312997,33.74186838141717,26.30112864785188,Four-seam,False
SL,2026-04-05,89.1,-1.82,6.27,"Miller, Mason",575929,695243,strikeout,swinging_strike_blocked,,,,,14.0,Willson Contreras strikes out swinging.,R,R,R,BOS,SD,S,2.0,,2,2,2026,0.44,-0.27,0.535939524815326,0.5425117986960464,,,,2,9,Bot,,,,,,,4.783971420080986,-129.45063624548706,-7.1369509828061,3.845395486119476,29.383269546867457,-33.787613119427235,3.229658793,1.62992126,,,,89.3,2468.0,6.7,824781,666023,664034,630105,592518,593428,657656,701538,665487,53.8,,0.0,0.0,1.0,0.0,0.0,,79,5,Slider,6,8,6,8,8,6,6,8,Standard,Standard,30.0,-0.015,-0.223,75.7,9.0,17.537515932,,0.223,,-2,-2,0.015,0.015,27,34,28,34,1,4,1.0,1.0,3.0,1.0,3.17,-0.44,-0.44,39.1,27.093392713287106,-46.33933385730761,34.07253494247279,40.67985174789328,61.02862577159378,Slider,True
FF,2026-04-05,101.3,-1.65,6.37,"Miller, Mason",575929,695243,,swinging_strike,,,,,12.0,,R,R,R,BOS,SD,S,,,2,1,2026,-0.33,1.48,0.9672512210742804,3.5060590288530995,,,,2,9,Bot,,,,,,,8.063102572625578,-147.18126156894107,-6.1075167360758105,-6.7167659335940035,35.8877532521404,-9.34391510658643,3.229658793,1.62992126,,,,101.9,2616.0,6.7,824781,666023,664034,630105,592518,593428,657656,701538,665487,53.77,,,,,,,,79,4,4-Seam Fastball,6,8,6,8,8,6,6,8,Standard,Standard,203.0,-0.003,-0.079,73.4,7.4,1.216535016,,0.079,,-2,-2,0.018,0.018,27,34,28,34,1,4,1.0,1.0,3.0,1.0,0.75,0.33,0.33,42.0,8.8725039876318,9.893927995780984,22.07630255887821,48.51600841085692,16.48771923692643,Four-seam,False
FF,2026-04-05,100.3,-1.71,6.35,"Miller, Mason",575929,695243,,swinging_strike,,,,,4.0,,R,R,R,BOS,SD,S,,,2,0,2026,-0.6,1.28,-0.3746836939441063,2.44447011256071,,,,2,9,Bot,,,,,,,5.092723983806569,-145.79864388968764,-8.29704618487015,-9.761046924686186,35.54582124810856,-12.0754665072224,3.229658793,1.62992126,,,,100.5,2538.0,6.5,824781,666023,664034,630105,592518,593428,657656,701538,665487,53.96,,,,,,,,79,3,4-Seam Fastball,6,8,6,8,8,6,6,8,Standard,Standard,211.0,-0.006,-0.065,81.3,8.1,0.52072944,,0.065,,-2,-2,0.024,0.024,27,34,28,34,1,4,1.0,1.0,3.0,1.0,0.99,0.6,0.6,38.4,11.852725588119004,-12.821714112038086,31.770325213845368,32.774726999887214,29.91455276042816,Four-seam,False
SL,2026-04-05,88.5,-1.8,6.24,"Miller, Mason",575929,695243,,ball,,,,,12.0,,R,R,R,BOS,SD,B,,,1,0,2026,0.7,-0.22,1.0195415449610774,3.444022578874837,,,,2,9,Bot,,,,,,,5.343003704219231,-128.7605949857579,-0.0259468971301812,6.489930329929262,29.097736568466715,-34.8725619162567,3.229658793,1.62992126,,,,88.9,2398.0,6.8,824781,666023,664034,630105,592518,593428,657656,701538,665487,53.73,,,,,,,,79,2,Slider,6,8,6,8,8,6,6,8,Standard,Standard,48.0,0.006,0.064,,,,,-0.064,,-2,-2,0.018,0.018,27,34,28,34,1,4,1.0,1.0,3.0,1.0,3.16,-0.7,-0.7,36.7,,,,,,Slider,False
FF,2026-04-05,101.8,-1.67,6.45,"Miller, Mason",575929,695243,,ball,,,,,11.0,,R,R,R,BOS,SD,B,,,0,0,2026,-0.46,1.44,-0.8242358997943552,4.533375091236376,,,,2,9,Bot,,,,,,,3.486426043825511,-148.15689014520612,-3.4138787017137897,-7.669765771503732,39.201303626474235,-10.466814340573183,3.229658793,1.62992126,,,,101.7,2617.0,6.4,824781,666023,664034,630105,592518,593428,657656,701538,665487,54.05,,,,,,,,79,1,4-Seam Fastball,6,8,6,8,8,6,6,8,Standard,Standard,207.0,0.003,0.041,,,,,-0.041,,-2,-2,0.015,0.015,27,34,28,34,1,4,1.0,1.0,3.0,1.0,0.78,0.46,0.46,40.4,,,,,,Four-seam,False
SL,2026-04-05,88.7,-1.81,6.21,"Miller, Mason",680776,695243,strikeout,swinging_strike_blocked,,,,,14.0,"Jarren Duran strikes out swinging, catcher Freddy Fermin to first baseman Ty France.",R,L,R,BOS,SD,S,2.0,,1,2,2026,0.68,-0.25,0.6081890992840958,-0.2202186288543739,,,,1,9,Bot,,,,,,,4.420468025093378,-128.95193061952122,-8.881381660452984,6.737030483828675,25.908866946604324,-33.418309808627065,3.229658793,1.62992126,,,,89.4,2406.0,6.7,824781,666023,664034,630105,592518,593428,657656,701538,665487,53.79,,0.0,0.0,1.0,0.0,0.0,,78,4,Slider,6,8,6,8,8,6,6,8,Infield shade,Standard,28.0,-0.022,-0.182,63.4,8.6,9.241135548,,0.182,,-2,-2,0.037,0.037,27,29,28,30,1,4,1.0,1.0,3.0,2.0,3.15,-0.68,0.68,39.7,16.846270227261833,-26.72094360265805,32.49861559558076,31.45820559249685,54.376348566968794,Slider,True
FF,2026-04-05,101.1,-1.79,6.35,"Miller, Mason",680776,695243,,foul,,,,,2.0,,R,L,R,BOS,SD,S,,,1,1,2026,-0.36,1.51,0.2322597056079422,2.8463850729530407,,,,1,9,Bot,,,,,,,6.473272107362848,-146.8445287190738,-7.883258323478906,-6.861722346170459,37.401178234871686,-8.562051184197255,3.229658793,1.62992126,152.0,81.5,12.0,101.2,2458.0,6.6,824781,666023,664034,630105,592518,593428,657656,701538,665487,53.89,,,,,,,,78,3,4-Seam Fastball,6,8,6,8,8,6,6,8,Infield shade,Standard,208.0,-0.008,-0.07,74.2,6.3,,,0.07,88.0,-2,-2,0.045,0.045,27,29,28,30,1,4,1.0,1.0,3.0,2.0,0.74,0.36,-0.36,38.8,-6.7330911280099075,23.018239656969488,26.116794646645825,34.72525929717897,23.419955051316983,Four-seam,False
FF,2026-04-05,100.6,-1.66,6.38,"Miller, Mason",680776,695243,,ball,,,,,12.0,,R,L,R,BOS,SD,B,,,0,1,2026,-0.6,1.34,1.355322680818596,2.543997563271084,,,,1,9,Bot,,,,,,,9.730494438319605,-145.99944890508868,-8.304322712992306,-10.84875742005351,34.72705792564584,-11.139516243301012,3.229658793,1.62992126,,,,100.9,2552.0,6.6,824781,666023,664034,630105,592518,593428,657656,701538,665487,53.86,,,,,,,,78,2,4-Seam Fastball,6,8,6,8,8,6,6,8,Infield shade,Standard,212.0,0.003,0.032,,,,,-0.032,,-2,-2,0.042,0.042,27,29,28,30,1,4,1.0,1.0,3.0,2.0,0.92,0.6,-0.6,38.1,,,,,,Four-seam,False
SL,2026-04-05,87.4,-1.94,6.25,"Miller, Mason",680776,695243,,foul,,,,,8.0,,R,L,R,BOS,SD,S,,,0,0,2026,0.77,-0.1,0.1617986562636366,1.5984992177759674,,,,1,9,Bot,,,,,,,3.411351763659699,-127.29938424592362,-4.684061277070425,7.750354356780199,24.468892680260097,-32.58289239855033,3.229658793,1.62992126,,,,88.4,2478.0,6.8,824781,666023,664034,630105,592518,593428,657656,701538,665487,53.75,,,,,,,,78,1,Slider,6,8,6,8,8,6,6,8,Infield shade,Standard,32.0,-0.005,-0.041,71.8,8.6,,,0.041,,-2,-2,0.047,0.047,27,29,28,30,1,4,1.0,1.0,3.0,2.0,3.06,-0.77,0.77,39.8,15.298334384411095,-32.32126135207304,21.12530738620121,34.54090590684047,50.580198529152554,Slider,False
SL,2026-04-05,88.9,-1.84,6.26,"Miller, Mason",596115,695243,strikeout,swinging_strike,,,,,6.0,Trevor Story strikes out swinging.,R,R,R,BOS,SD,S,2.0,,0,2,2026,0.71,-0.29,0.7419656877863343,2.548618191973442,,,,0,9,Bot,,,,,,,4.7763670814457475,-129.3528392356827,-2.216248877416384,6.940029959565125,27.53976493804803,-35.16284072676024,3.241945538,1.636122047,,,,89.6,2343.0,6.8,824781,666023,664034,630105,592518,593428,657656,701538,665487,53.74,,0.0,0.0,1.0,0.0,0.0,,77,3,Slider,6,8,6,8,8,6,6,8,Standard,Standard,36.0,-0.029,-0.164,73.6,7.9,6.427849344,,0.164,,-2,-2,0.076,0.076,27,33,28,34,1,4,1.0,1.0,3.0,1.0,3.18,-0.71,-0.71,39.5,14.126368814126693,-30.047260009213755,13.145350101690555,44.65250292686318,55.919444024936915,Slider,True
SL,2026-04-05,88.5,-1.72,6.27,"Miller, Mason",596115,695243,,swinging_strike,,,,,14.0,,R,R,R,BOS,SD,S,,,0,1,2026,0.71,-0.26,1.7753047893926086,1.6710693280539282,,,,0,9,Bot,,,,,,,6.955744629511548,-128.7100932307584,-4.353006444659682,6.474778706610445,26.63857369890211,-34.36836313419899,3.241945538,1.636122047,,,,89.1,2394.0,6.7,824781,666023,664034,630105,592518,593428,657656,701538,665487,53.84,,,,,,,,77,2,Slider,6,8,6,8,8,6,6,8,Standard,Standard,38.0,-0.012,-0.054,70.5,8.3,14.798354436,,0.054,,-2,-2,0.088,0.088,27,33,28,34,1,4,1.0,1.0,3.0,1.0,3.17,-0.71,-0.71,39.8,19.029278861349937,-24.08779171202027,18.19541774451409,57.25574885144957,54.93500313345349,Slider,False
SL,2026-04-05,86.8,-1.91,6.36,"Miller, Mason",596115,695243,,called_strike,,,,,6.0,,R,R,R,BOS,SD,S,,,0,0,2026,0.62,-0.18,0.586170299210049,2.4052659834878747,,,,0,9,Bot,,,,,,,4.631200679526781,-126.40123322773508,-2.7221834266511244,5.775885795281621,24.54373543387496,-33.78930916267002,3.241945538,1.636122047,,,,87.6,2305.0,6.6,824781,666023,664034,630105,592518,593428,657656,701538,665487,53.87,,,,,,,,77,1,Slider,6,8,6,8,8,6,6,8,Standard,Standard,41.0,-0.007,-0.041,,,,,0.041,,-2,-2,0.095,0.095,27,33,28,34,1,4,1.0,1.0,3.0,1.0,3.19,-0.62,-0.62,41.1,,,,,,Slider,False
SL,2026-04-04,88.5,-1.72,6.18,"Miller, Mason",691785,695243,strikeout,swinging_strike,,,,,13.0,Marcelo Mayer strikes out swinging.,R,L,R,BOS,SD,S,2.0,,2,2,2026,0.8,-0.36,-0.0476571208309014,1.3892645709858562,,,,2,9,Bot,,,,,,,2.357781666195737,-128.76733925453078,-4.571188109777422,8.267791104475403,29.1011693048836,-35.37647170686306,3.341994751,1.686614173,,,,89.0,2371.0,6.8,824782,666023,664034,630105,592518,593428,657656,701538,665487,53.71,,0.0,0.0,1.0,0.0,0.0,,73,5,Slider,2,3,2,3,3,2,2,3,Infield shade,Standard,35.0,-0.047,-0.223,35.5,7.2,6.788954952,,0.223,,-1,-1,0.047,0.047,27,23,28,24,1,3,3.0,1.0,1.0,1.0,3.29,-0.8,0.8,38.6,-4.205648186290079,13.4380127119166,30.855585588045415,35.824354064248624,17.107253718368796,Slider,True
SL,2026-04-04,87.9,-1.84,6.07,"Miller, Mason",691785,695243,,called_strike,,,,,1.0,,R,L,R,BOS,SD,S,,,2,1,2026,1.08,-0.06,-0.3224688705862008,3.007947848427863,,,,2,9,Bot,,,,,,,1.3593950858044797,-128.034552462452,-0.9128672425302634,11.455950819066786,29.5130529953857,-32.894456748141955,3.341994751,1.686614173,,,,88.5,2365.0,6.9,824782,666023,664034,630105,592518,593428,657656,701538,665487,53.64,,,,,,,,73,4,Slider,2,3,2,3,3,2,2,3,Infield shade,Standard,45.0,-0.005,-0.079,,,,,0.079,,-1,-1,0.052,0.052,27,23,28,24,1,3,3.0,1.0,1.0,1.0,3.04,-1.08,1.08,37.5,,,,,,Slider,False
SL,2026-04-04,87.3,-1.74,6.14,"Miller, Mason",691785,695243,,swinging_strike,,,,,14.0,,R,L,R,BOS,SD,S,,,2,0,2026,1.05,-0.09,0.9996543492413164,1.6398411868092797,,,,2,9,Bot,,,,,,,4.346494357518354,-126.93572685389528,-4.180533582986111,10.21348700975695,29.597483442190743,-32.41029130265789,3.341994751,1.686614173,,,,87.7,2370.0,6.9,824782,666023,664034,630105,592518,593428,657656,701538,665487,53.59,,,,,,,,73,3,Slider,2,3,2,3,3,2,2,3,Infield shade,Standard,35.0,-0.011,-0.065,30.4,7.7,12.362731764,,0.065,,-1,-1,0.063,0.063,27,23,28,24,1,3,3.0,1.0,1.0,1.0,3.12,-1.05,1.05,37.3,11.074601190050704,-14.90500882270154,22.331483142880604,24.58896529994037,35.044251441132644,Slider,False
SL,2026-04-04,87.1,-1.98,6.11,"Miller, Mason",691785,695243,,ball,,,,,14.0,,R,L,R,BOS,SD,B,,,1,0,2026,0.75,-0.22,0.0869545340694041,1.2899539110796412,,,,2,9,Bot,,,,,,,3.349879417077836,-126.694480562799,-4.651317239393862,7.22959812378834,28.266446329103317,-33.67069162779358,3.341994751,1.686614173,,,,87.3,2424.0,6.6,824782,666023,664034,630105,592518,593428,657656,701538,665487,53.86,,,,,,,,73,2,Slider,2,3,2,3,3,2,2,3,Infield shade,Standard,41.0,0.011,0.064,,,,,-0.064,,-1,-1,0.052,0.052,27,23,28,24,1,3,3.0,1.0,1.0,1.0,3.25,-0.75,0.75,36.1,,,,,,Slider,False
SL,2026-04-04,87.4,-1.99,6.13,"Miller, Mason",691785,695243,,ball,,,,,11.0,,R,L,R,BOS,SD,B,,,0,0,2026,0.88,-0.02,-0.4640301773170293,4.631227325147671,,,,2,9,Bot,,,,,,,1.7943784013308888,-127.27967499563864,2.7842810493384,9.093019778693154,27.54484665148435,-33.26888599814924,3.341994751,1.686614173,,,,87.9,2272.0,6.7,824782,666023,664034,630105,592518,593428,657656,701538,665487,53.8,,,,,,,,73,1,Slider,2,3,2,3,3,2,2,3,Infield shade,Standard,54.0,0.005,0.041,,,,,-0.041,,-1,-1,0.047,0.047,27,23,28,24,1,3,3.0,1.0,1.0,1.0,3.02,-0.88,0.88,37.3,,,,,,Slider,False
CH,2026-04-04,96.1,-2.19,6.02,"Miller, Mason",807799,695243,strikeout,swinging_strike,,,,,13.0,Masataka Yoshida strikes out swinging.,R,L,R,BOS,SD,S,2.0,,0,2,2026,-1.63,0.02,-1.3542130161614452,1.8025713659482188,,,,1,9,Bot,,,,,,,5.989279916035758,-139.8231133842362,-5.415623292430876,-22.689748365066965,32.692693889358814,-30.777941150888843,3.021661745,1.524950787,,,,96.7,2187.0,6.7,824782,666023,664034,630105,592518,593428,657656,701538,665487,53.75,,0.0,0.0,1.0,0.0,0.0,,72,3,Changeup,2,3,2,3,3,2,2,3,Infield shade,Standard,233.0,-0.041,-0.163,63.7,6.7,1.481273808,,0.163,,-1,-1,0.088,0.088,27,32,28,33,1,0,3.0,3.0,1.0,1.0,2.45,1.63,-1.63,31.7,-6.656461302380829,23.784352308583916,28.28540120933843,48.68366421013953,9.275749675893362,Changeup,True
CH,2026-04-04,95.2,-2.02,6.04,"Miller, Mason",807799,695243,,foul,,,,,9.0,,R,L,R,BOS,SD,S,,,0,1,2026,-1.25,0.21,0.3295076458772814,1.614087666451758,,,,1,9,Bot,,,,,,,8.983415755783275,-138.32436930958866,-6.2318207308344125,-18.036160124432683,30.597702419679397,-28.233215221479604,3.021661745,1.524950787,4.0,88.1,-27.0,95.8,2139.0,6.7,824782,666023,664034,630105,592518,593428,657656,701538,665487,53.79,,,,,,,,72,2,Changeup,2,3,2,3,3,2,2,3,Infield shade,Standard,236.0,-0.017,-0.057,75.2,7.8,,,0.057,88.1,-1,-1,0.105,0.105,27,32,28,33,1,0,3.0,3.0,1.0,1.0,2.31,1.25,-1.25,30.7,18.79640332290726,-21.156285497602347,31.67294928662103,28.641613895692053,45.22839000443075,Changeup,False
FF,2026-04-04,100.5,-2.04,6.25,"Miller, Mason",807799,695243,,called_strike,,,,,5.0,,R,L,R,BOS,SD,S,,,0,0,2026,-0.72,1.35,-0.2613487622391528,2.1969245461149303,,,,1,9,Bot,,,,,,,6.647465295744206,-145.9337462632382,-8.916526545245791,-11.944808252426975,35.56528600253916,-10.913566910040265,3.021661745,1.524950787,,,,100.9,2399.0,6.7,824782,666023,664034,630105,592518,593428,657656,701538,665487,53.79,,,,,,,,72,1,4-Seam Fastball,2,3,2,3,3,2,2,3,Infield shade,Standard,213.0,-0.01,-0.041,,,,,0.041,,-1,-1,0.115,0.115,27,32,28,33,1,0,3.0,3.0,1.0,1.0,0.92,0.72,-0.72,37.0,,,,,,Four-seam,False
SL,2026-04-04,88.1,-2.05,6.15,"Miller, Mason",677800,695243,strikeout,swinging_strike_blocked,,,,,14.0,Wilyer Abreu strikes out swinging.,R,L,R,BOS,SD,S,2.0,,0,2,2026,1.0,-0.33,0.239442817872958,0.6117082590300944,,,,0,9,Bot,,,,,,,3.4049537645278596,-128.0857336565364,-6.336626458374788,10.159263364902984,28.503655738418423,-34.64049503465621,3.117322835,1.573228347,,,,88.4,2231.0,6.7,824782,666023,664034,630105,592518,593428,657656,701538,665487,53.78,,0.0,0.0,1.0,0.0,0.0,,71,3,Slider,2,3,2,3,3,2,2,3,Infield shade,Standard,37.0,-0.053,-0.164,65.9,7.9,4.91259648,,0.164,,-1,-1,0.168,0.168,27,27,28,27,1,3,3.0,1.0,1.0,1.0,3.29,-1.0,1.0,37.3,8.989736465219677,-10.36502681615491,33.278623217229004,33.513000520256405,33.96148269541072,Slider,True
FF,2026-04-04,101.5,-1.88,6.26,"Miller, Mason",677800,695243,,foul,,,,,12.0,,R,L,R,BOS,SD,S,,,0,1,2026,-0.63,1.47,0.4955322793265049,3.616420389464448,,,,0,9,Bot,,,,,,,8.149993774852868,-147.52749397057886,-5.480017346743529,-11.254011630759983,37.59396897033691,-9.63850571326925,3.117322835,1.573228347,215.0,80.5,21.0,101.8,2486.0,6.7,824782,666023,664034,630105,592518,593428,657656,701538,665487,53.84,,,,,,,,71,2,4-Seam Fastball,2,3,2,3,3,2,2,3,Infield shade,Standard,207.0,-0.023,-0.054,74.3,6.5,,,0.054,88.0,-1,-1,0.191,0.191,27,27,28,27,1,3,3.0,1.0,1.0,1.0,0.76,0.63,-0.63,34.8,8.156914580399805,0.8277448117938956,21.025217573655187,29.38384126171527,29.92562800004887,Four-seam,False
SL,2026-04-04,86.7,-1.96,6.17,"Miller, Mason",677800,695243,,called_strike,,,,,3.0,,R,L,R,BOS,SD,S,,,0,0,2026,0.56,-0.41,0.48648574242584,2.83295325820544,,,,0,9,Bot,,,,,,,4.647118942825738,-126.20066776125532,-0.7210334589186949,5.060942311109212,25.691885282488983,-36.64884357207492,3.117322835,1.573228347,,,,87.4,2313.0,6.7,824782,666023,664034,630105,592518,593428,657656,701538,665487,53.78,,,,,,,,71,1,Slider,2,3,2,3,3,2,2,3,Infield shade,Standard,44.0,-0.013,-0.041,,,,,0.041,,-1,-1,0.204,0.204,27,27,28,27,1,3,3.0,1.0,1.0,1.0,3.44,-0.56,0.56,35.5,,,,,,Slider,False
SL,2026-04-01,87.5,-1.6,6.03,"Miller, Mason",664056,695243,strikeout,swinging_strike,,,,,14.0,Harrison Bader strikes out swinging.,R,R,R,SD,SF,S,2.0,,0,2,2026,0.37,-0.32,0.313006438865964,1.3030505472899323,650333.0,,,2,9,Top,,,,,,,3.8198663244706657,-127.3156862945425,-4.35288132303089,3.1725928199962445,27.186343068451265,-34.916687199701066,3.161204068,1.595374016,,,,88.5,2385.0,7.0,823321,666023,657757,630105,592518,593428,669369,701538,665487,53.51,,0.0,0.0,1.0,0.0,0.0,,73,4,Slider,7,1,1,7,1,7,1,7,Standard,Standard,42.0,0.001,-0.208,66.6,8.9,8.021211084,,0.208,,6,-6,0.999,0.001,27,32,28,32,1,3,4.0,1.0,3.0,1.0,3.31,-0.37,-0.37,39.2,28.12794795671695,-39.65136154382288,29.13975784334997,39.18200694390146,55.52241846824513,Slider,True
FF,2026-04-01,102.5,-1.43,6.31,"Miller, Mason",664056,695243,,foul,,,,,2.0,,R,R,R,SD,SF,S,,,0,2,2026,-0.6,1.55,0.0138298251140749,3.081464309249794,650333.0,,,2,9,Top,,,,,,,5.561422592681358,-148.93742284330622,-7.5171040309532255,-10.287341464573188,38.394041724833606,-7.530339522792901,3.161204068,1.595374016,198.0,87.8,71.0,103.4,2540.0,7.0,823321,666023,657757,630105,592518,593428,669369,701538,665487,53.47,,,,,,,,73,3,4-Seam Fastball,7,1,1,7,1,7,1,7,Standard,Standard,201.0,0.0,0.0,72.1,7.9,,,0.0,88.0,6,-6,0.999,0.001,27,32,28,32,1,3,4.0,1.0,3.0,1.0,0.64,0.6,0.6,40.7,15.639383024562887,-19.16665647711691,19.509766123951156,36.005869649096034,35.61592454818776,Four-seam,False
SL,2026-04-01,88.6,-1.48,6.15,"Miller, Mason",664056,695243,,called_strike,,,,,8.0,,R,R,R,SD,SF,S,,,0,1,2026,0.74,-0.27,-0.2332740040846108,1.7809017947465675,,650333.0,,2,9,Top,,,,,,,1.4438872606311832,-128.87996870009684,-3.756582295951199,7.8713007499827,30.47963858714711,-34.47917226274518,3.161204068,1.595374016,,,,89.5,2473.0,7.2,823321,666023,657757,630105,592518,593428,669369,701538,665487,53.33,,,,,,,,73,2,Slider,7,1,1,7,1,7,1,7,Standard,Standard,42.0,0.0,-0.063,,,,,0.063,,6,-6,0.999,0.001,27,32,28,32,1,3,4.0,1.0,3.0,1.0,3.21,-0.74,-0.74,37.6,,,,,,Slider,False
SL,2026-04-01,87.8,-1.52,6.14,"Miller, Mason",664056,695243,,called_strike,,,,,5.0,,R,R,R,SD,SF,S,,,0,0,2026,0.66,-0.3,-0.1433601350664112,2.1462695091483037,,,650333.0,2,9,Top,,,,,,,1.9103858871449764,-127.85520616743608,-2.608336881712794,6.748837127812542,30.09088623107256,-35.11140863092146,3.161204068,1.595374016,,,,88.0,2384.0,6.7,823321,666023,657757,630105,592518,593428,669369,701538,665487,53.77,,,,,,,,73,1,Slider,7,1,1,7,1,7,1,7,Standard,Standard,42.0,0.0,-0.041,,,,,0.041,,6,-6,0.999,0.001,27,32,28,32,1,3,4.0,1.0,3.0,1.0,3.29,-0.66,-0.66,37.1,,,,,,Slider,False
FF,2026-04-01,101.5,-1.38,6.25,"Miller, Mason",808982,695243,strikeout,swinging_strike,,,,,1.0,Jung Hoo Lee strikes out swinging.,R,L,R,SD,SF,S,2.0,,0,2,2026,-0.56,1.54,-0.4621496791078833,3.1401010482416316,,,650333.0,1,9,Top,,,,,,,4.012237470971128,-147.585929166939,-7.120390934936351,-9.207262837873238,36.50688395902666,-8.13438969913182,3.22351542,1.626820866,,,,104.1,2561.0,7.8,823321,666023,657757,630105,592518,593428,669369,701538,665487,52.69,,0.0,0.0,1.0,0.0,0.0,,72,4,4-Seam Fastball,7,1,1,7,1,7,1,7,Infield shade,Standard,198.0,0.001,-0.161,62.4,7.1,1.048070952,,0.161,,6,-6,0.998,0.002,27,27,28,28,1,3,4.0,1.0,3.0,1.0,0.68,0.56,-0.56,41.6,-9.173907010007,17.186858999567047,35.034103716681436,36.005558546652125,12.749848605017396,Four-seam,True
SL,2026-04-01,87.8,-1.69,6.15,"Miller, Mason",808982,695243,,foul,,,,,14.0,,R,L,R,SD,SF,S,,,0,2,2026,0.76,-0.27,0.2915556960574339,1.4468778504050772,,,650333.0,1,9,Top,,,,,,,3.1610673602579293,-127.8029419215029,-4.445586939436808,7.623731353202981,27.582811344775617,-34.40009757301201,3.22351542,1.626820866,153.0,80.0,12.0,88.7,2377.0,6.9,823321,666023,657757,630105,592518,593428,669369,701538,665487,53.56,,,,,,,,72,3,Slider,7,1,1,7,1,7,1,7,Infield shade,Standard,45.0,0.0,0.0,64.9,8.8,,,0.0,88.0,6,-6,0.998,0.002,27,27,28,28,1,3,4.0,1.0,3.0,1.0,3.24,-0.76,0.76,39.3,20.22049705042659,-24.29483635152488,41.082611265244694,28.237429580480153,45.614140151167376,Slider,False
FF,2026-04-01,100.7,-1.47,6.26,"Miller, Mason",808982,695243,,foul,,,,,3.0,,R,L,R,SD,SF,S,,,0,1,2026,-0.62,1.4,0.4539780969864302,2.778011624179648,,,650333.0,1,9,Top,,,,,,,6.798711858445675,-146.27055016590583,-7.47951126189196,-10.488500610583326,36.429753694201715,-10.454131232908177,3.22351542,1.626820866,181.0,68.6,54.0,100.9,2457.0,6.6,823321,666023,657757,630105,592518,593428,669369,701538,665487,53.87,,,,,,,,72,2,4-Seam Fastball,7,1,1,7,1,7,1,7,Infield shade,Standard,205.0,0.0,-0.058,67.9,7.3,,,0.058,88.0,6,-6,0.998,0.002,27,27,28,28,1,3,4.0,1.0,3.0,1.0,0.86,0.62,-0.62,40.5,-7.328779813591071,-4.919065314121852,41.75735313893913,25.659074914679955,25.73708657268156,Four-seam,False
SL,2026-04-01,86.6,-1.79,6.1,"Miller, Mason",808982,695243,,called_strike,,,,,8.0,,R,L,R,SD,SF,S,,,0,0,2026,0.9,-0.09,-0.1942151140820478,1.694660457259368,,,650333.0,1,9,Top,,,,,,,1.8957541390001853,-125.95894454154067,-3.8040385560768137,9.049437157268091,28.99001230747642,-32.461338541851404,3.22351542,1.626820866,,,,86.7,2474.0,6.7,823321,666023,657757,630105,592518,593428,669369,701538,665487,53.79,,,,,,,,72,1,Slider,7,1,1,7,1,7,1,7,Infield shade,Standard,49.0,0.0,-0.037,,,,,0.037,,6,-6,0.998,0.002,27,27,28,28,1,3,4.0,1.0,3.0,1.0,3.16,-0.9,0.9,37.9,,,,,,Slider,False
SL,2026-04-01,88.4,-1.62,6.19,"Miller, Mason",656305,695243,strikeout,swinging_strike,,,,,6.0,Matt Chapman strikes out swinging.,R,R,R,SD,SF,S,2.0,,1,2,2026,0.59,-0.18,0.5064165452220678,2.170153374150776,,,650333.0,0,9,Top,,,,,,,3.893540338427581,-128.7475171927047,-3.128258932579981,5.740774194101905,27.12677208470116,-33.7581174398353,3.250721785,1.640551181,,,,89.2,2502.0,6.7,823321,666023,657757,630105,592518,593428,669369,701538,665487,53.76,,0.0,0.0,1.0,0.0,0.0,,71,4,Slider,7,1,1,7,1,7,1,7,Standard,Standard,51.0,0.003,-0.173,74.6,8.5,1.0323888,,0.173,,6,-6,0.995,0.005,27,33,28,33,1,3,4.0,1.0,3.0,1.0,3.1,-0.59,-0.59,38.5,12.933070009332653,-37.12064327306525,19.53680230331539,40.71406891522315,45.454369279329185,Slider,True
FF,2026-04-01,100.8,-1.54,6.22,"Miller, Mason",656305,695243,,swinging_strike,,,,,2.0,,R,R,R,SD,SF,S,,,1,1,2026,-0.74,1.46,-0.0974376466003622,3.1545552932516916,,,650333.0,0,9,Top,,,,,,,5.793581879392982,-146.64272192277355,-6.572958598596408,-12.080437466426693,33.94736443766333,-9.733566323408626,3.250721785,1.640551181,,,,101.5,2556.0,6.6,823321,666023,657757,630105,592518,593428,669369,701538,665487,53.88,,,,,,,,71,3,4-Seam Fastball,7,1,1,7,1,7,1,7,Standard,Standard,204.0,0.001,-0.054,72.5,6.1,1.562884644,,0.054,,6,-6,0.994,0.006,27,33,28,33,1,3,4.0,1.0,3.0,1.0,0.78,0.74,0.74,41.1,-6.4150839555464705,23.759957626681132,23.298913824802604,35.02162233839795,12.79928333825626,Four-seam,False
FF,2026-04-01,99.4,-1.75,6.23,"Miller, Mason",656305,695243,,called_strike,,,,,1.0,,R,R,R,SD,SF,S,,,1,0,2026,-0.8,1.45,-0.3047487480921291,2.9291813241154614,,,650333.0,0,9,Top,,,,,,,5.859214316676238,-144.4955304707549,-6.900618872813538,-12.61261076683059,34.215564624154915,-10.422517467464363,3.250721785,1.640551181,,,,99.8,2545.0,6.6,823321,666023,657757,630105,592518,593428,669369,701538,665487,53.9,,,,,,,,71,2,4-Seam Fastball,7,1,1,7,1,7,1,7,Standard,Standard,204.0,0.001,-0.052,,,,,0.052,,6,-6,0.993,0.007,27,33,28,33,1,3,4.0,1.0,3.0,1.0,0.86,0.8,0.8,39.4,,,,,,Four-seam,False
FF,2026-04-01,99.5,-1.6,6.16,"Miller, Mason",656305,695243,,ball,,,,,12.0,,R,R,R,SD,SF,B,,,0,0,2026,-0.6,1.47,1.2779958476764717,2.588335066136727,,,650333.0,0,9,Top,,,,,,,9.270883705205971,-144.46667781999832,-7.725523550333422,-10.553788457786904,32.58917914643257,-9.879090019618808,3.250721785,1.640551181,,,,100.2,2530.0,6.7,823321,666023,657757,630105,592518,593428,669369,701538,665487,53.78,,,,,,,,71,1,4-Seam Fastball,7,1,1,7,1,7,1,7,Standard,Standard,210.0,-0.001,0.037,,,,,-0.037,,6,-6,0.994,0.006,27,33,28,33,1,3,4.0,1.0,3.0,1.0,0.83,0.6,0.6,40.6,,,,,,Four-seam,False
FF,2026-04-01,99.5,-1.67,6.24,"Miller, Mason",650333,695243,single,hit_into_play,,,,,14.0,Luis Arraez singles on a line drive to right fielder Fernando Tatis Jr.,R,L,R,SD,SF,X,9.0,line_drive,2,1,2026,-0.54,1.37,0.8348784841268792,1.7765700400417652,,,,0,9,Top,163.3,100.2,,,,,8.116778150248681,-144.46688173263735,-9.91843349630279,-9.375098510150629,31.157360545746112,-10.855616017705993,3.124343832,1.576771654,214.0,97.8,14.0,100.2,2560.0,6.7,823321,666023,657757,630105,592518,593428,669369,701538,665487,53.84,0.906,0.873,0.9,1.0,1.0,0.0,4.0,70,4,4-Seam Fastball,7,1,1,7,1,7,1,7,Standard,Standard,201.0,-0.003,0.394,62.0,5.9,,1.103,-0.394,97.8,6,-6,0.997,0.003,27,29,28,29,1,3,4.0,1.0,3.0,1.0,0.93,0.54,-0.54,41.2,11.117233826606888,0.8674815016537883,45.31027775606383,25.61986460897453,33.63674951809666,Four-seam,True
CH,2026-04-01,93.8,-2.06,6.01,"Miller, Mason",650333,695243,,ball,,,,,11.0,,R,L,R,SD,SF,B,,,1,1,2026,-1.59,0.31,-1.747919115998229,3.1860149850781214,,,,0,9,Top,,,,,,,4.366124698291463,-136.59801610993838,-2.096994685230041,-20.850192643008967,29.90018863255712,-28.075900063445072,3.124343832,1.576771654,,,,94.0,2136.0,6.3,823321,666023,657757,630105,592518,593428,669369,701538,665487,54.17,,,,,,,,70,3,Changeup,7,1,1,7,1,7,1,7,Standard,Standard,228.0,0.0,0.063,,,,,-0.063,,6,-6,0.997,0.003,27,29,28,29,1,3,4.0,1.0,3.0,1.0,2.28,1.59,-1.59,32.7,,,,,,Changeup,False
SL,2026-04-01,86.5,-1.89,6.12,"Miller, Mason",650333,695243,,called_strike,,,,,3.0,,R,L,R,SD,SF,S,,,1,0,2026,0.79,0.12,0.5034774270746788,2.9334894305150963,,,,0,9,Top,,,,,,,4.00381451023464,-125.9247164883154,-1.4182777031332523,7.552550913337933,26.762999566581847,-30.814622348815583,3.124343832,1.576771654,,,,86.5,2557.0,6.4,823321,666023,657757,630105,592518,593428,669369,701538,665487,54.12,,,,,,,,70,2,Slider,7,1,1,7,1,7,1,7,Standard,Standard,50.0,0.0,-0.055,,,,,0.055,,6,-6,0.997,0.003,27,29,28,29,1,3,4.0,1.0,3.0,1.0,2.93,-0.79,0.79,34.6,,,,,,Slider,False
FF,2026-04-01,98.1,-1.83,6.26,"Miller, Mason",650333,695243,,ball,,,,,11.0,,R,L,R,SD,SF,B,,,0,0,2026,-0.82,1.39,-1.0477396223302131,3.782219727361032,,,,0,9,Top,,,,,,,4.042541091441289,-142.8684718675815,-4.358147007309834,-12.199952523951056,32.56523392319691,-12.292487919316956,3.124343832,1.576771654,,,,98.6,2495.0,6.5,823321,666023,657757,630105,592518,593428,669369,701538,665487,53.98,,,,,,,,70,1,4-Seam Fastball,7,1,1,7,1,7,1,7,Standard,Standard,212.0,0.0,0.042,,,,,-0.042,,6,-6,0.997,0.003,27,29,28,29,1,3,4.0,1.0,3.0,1.0,0.97,0.82,-0.82,39.6,,,,,,Four-seam,False
FF,2026-04-01,99.2,-1.54,6.29,"Miller, Mason",671218,695243,field_out,hit_into_play,,,,,11.0,Heliot Ramos pops out to second baseman Jake Cronenworth.,R,R,R,SD,SF,X,4.0,popup,1,1,2026,-0.53,1.44,-0.3812267971707082,3.5998889459729884,,,646240.0,2,8,Top,156.82,131.3,,,,,4.410611701508006,-144.3061498467034,-5.1636542689947955,-8.47741456387596,37.44037703330643,-11.051119373190364,3.18402231,1.606889764,187.0,93.6,61.0,99.3,2365.0,6.6,823321,666023,657757,630105,592518,593428,669369,701538,665487,53.86,0.011,0.012,0.0,1.0,0.0,0.0,3.0,60,3,4-Seam Fastball,3,1,1,3,1,3,1,3,Standard,Standard,207.0,0.033,-0.262,66.5,6.3,,0.018,0.262,93.6,2,-2,0.905,0.095,27,26,28,27,1,3,4.0,1.0,3.0,1.0,0.9,0.53,0.53,39.7,12.386177919816252,-0.9910086250525444,23.216444201893744,31.296867673486982,27.46531803370924,Four-seam,True
FF,2026-04-01,101.0,-1.48,6.26,"Miller, Mason",671218,695243,,ball,,,,,12.0,,R,R,R,SD,SF,B,,,0,1,2026,-0.68,1.52,1.8905319465778716,2.8313567338578056,,,646240.0,2,8,Top,,,,,,,10.983445300018564,-146.34309653986628,-7.6402718782611645,-12.641264970283872,39.06892788596712,-8.675502674421919,3.18402231,1.606889764,,,,101.1,2491.0,6.9,823321,666023,657757,630105,592518,593428,669369,701538,665487,53.63,,,,,,,,60,2,4-Seam Fastball,3,1,1,3,1,3,1,3,Standard,Standard,206.0,-0.003,0.028,,,,,-0.028,,2,-2,0.908,0.092,27,26,28,27,1,3,4.0,1.0,3.0,1.0,0.76,0.68,0.68,42.1,,,,,,Four-seam,False
SL,2026-04-01,85.1,-1.73,6.18,"Miller, Mason",671218,695243,,called_strike,,,,,9.0,,R,R,R,SD,SF,S,,,0,0,2026,1.21,-0.48,0.6409541815459627,1.6124911073919963,,,646240.0,2,8,Top,,,,,,,3.0308338402056276,-123.76822624610996,-3.0212565358651826,11.49294902890808,30.69935451266972,-36.500245333509426,3.18402231,1.606889764,,,,84.9,2431.0,6.7,823321,666023,657757,630105,592518,593428,669369,701538,665487,53.77,,,,,,,,60,1,Slider,3,1,1,3,1,3,1,3,Standard,Standard,49.0,0.005,-0.041,,,,,0.041,,2,-2,0.903,0.097,27,26,28,27,1,3,4.0,1.0,3.0,1.0,3.69,-1.21,-1.21,39.4,,,,,,Slider,False
SL,2026-03-28,88.7,-1.69,6.13,"Miller, Mason",805808,695243,strikeout,swinging_strike_blocked,,,,,13.0,"Kevin McGonigle strikes out swinging, catcher Freddy Fermin to first baseman Gavin Sheets.",R,L,R,SD,DET,S,2.0,,0,2,2026,0.92,-0.21,-0.1081756328677735,0.7377824456996418,,,679529.0,2,9,Top,,,,,,,1.8797155270780097,-129.1173994418586,-6.419924931233828,9.76445851259231,28.913762330404367,-33.280251589077054,3.085728346,1.557283465,,,,89.4,2189.0,6.9,823323,666023,657757,630105,592518,593428,669369,701538,665487,53.6,,0.0,0.0,1.0,0.0,0.0,,68,3,Slider,3,0,0,3,0,3,0,3,Infield shade,Standard,30.0,0.007,-0.173,67.8,7.6,3.493209528,,0.173,,3,-3,0.993,0.007,27,21,28,22,1,3,,1.0,4.0,2.0,3.12,-0.92,0.92,38.2,18.023160638191055,-12.043204608989749,35.8553948517448,38.84504638303882,47.23103285121539,Slider,True
SL,2026-03-28,86.9,-1.76,6.07,"Miller, Mason",805808,695243,,called_strike,,,,,1.0,,R,L,R,SD,DET,S,,,0,1,2026,0.69,-0.42,-0.4292206335165215,3.0049991830855673,,,679529.0,2,9,Top,,,,,,,1.7098662258189712,-126.44108846806697,0.0389743859056541,6.933513441683669,30.448213372550693,-36.85008913228888,3.085728346,1.557283465,,,,87.3,2258.0,7.0,823323,666023,657757,630105,592518,593428,669369,701538,665487,53.52,,,,,,,,68,2,Slider,3,0,0,3,0,3,0,3,Infield shade,Standard,50.0,0.003,-0.061,,,,,0.061,,3,-3,0.99,0.01,27,21,28,22,1,3,,1.0,4.0,2.0,3.48,-0.69,0.69,37.6,,,,,,Slider,False
SL,2026-03-28,87.1,-2.02,6.0,"Miller, Mason",805808,695243,,called_strike,,,,,7.0,,R,L,R,SD,DET,S,,,0,0,2026,0.82,-0.4,-0.3527519629875459,1.525788036706659,,,679529.0,2,9,Top,,,,,,,2.2498236287751427,-126.75869445020568,-3.409577755290928,8.264709099518535,29.60607417667928,-35.9221553115533,3.085728346,1.557283465,,,,87.3,2236.0,6.8,823323,666023,657757,630105,592518,593428,669369,701538,665487,53.74,,,,,,,,68,1,Slider,3,0,0,3,0,3,0,3,Infield shade,Standard,43.0,0.002,-0.041,,,,,0.041,,3,-3,0.988,0.012,27,21,28,22,1,3,,1.0,4.0,2.0,3.44,-0.82,0.82,37.6,,,,,,Slider,False
FF,2026-03-28,102.3,-1.61,6.29,"Miller, Mason",679529,695243,walk,ball,,,,,11.0,Spencer Torkelson walks.,R,R,R,SD,DET,B,,,3,2,2026,-0.51,1.36,-0.3888084612472317,4.422329731810414,,,,2,9,Top,,,,,,,4.690840859072137,-148.8334793674353,-3.179795444754588,-8.700650031485903,38.4651106891813,-11.485194855575042,3.232291667,1.63125,,,,103.1,2526.0,6.9,823323,666023,657757,630105,592518,593428,669369,701538,665487,53.6,,0.698418,0.7,1.0,0.0,0.0,,67,7,4-Seam Fastball,3,0,0,3,0,3,0,3,Standard,Standard,205.0,-0.007,0.289,,,,,-0.289,,3,-3,0.995,0.005,27,26,28,27,1,3,,1.0,4.0,2.0,0.83,0.51,0.51,40.3,,,,,,Four-seam,True
FF,2026-03-28,102.5,-1.57,6.19,"Miller, Mason",679529,695243,,foul,,,,,8.0,,R,R,R,SD,DET,S,,,3,2,2026,-0.39,1.43,0.2289789339905999,1.9742140744273904,,,,2,9,Top,,,,,,,6.032066203598358,-148.81419075447744,-10.010784549207193,-7.309097591727543,36.68309627123697,-8.672459071489333,3.232291667,1.63125,183.0,79.2,60.0,103.3,2340.0,6.9,823323,666023,657757,630105,592518,593428,669369,701538,665487,53.58,,,,,,,,67,6,4-Seam Fastball,3,0,0,3,0,3,0,3,Standard,Standard,211.0,0.0,0.0,70.7,7.8,,,0.0,88.0,3,-3,0.995,0.005,27,26,28,27,1,3,,1.0,4.0,2.0,0.75,0.39,0.39,41.1,-0.6507624615434993,1.3492597364399035,40.1380952219327,41.02335101483458,24.706047961396763,Four-seam,False
FF,2026-03-28,100.5,-1.55,6.24,"Miller, Mason",679529,695243,,foul,,,,,2.0,,R,R,R,SD,DET,S,,,3,1,2026,-0.73,1.59,0.2156398148704499,2.8321332469976777,,,,2,9,Top,,,,,,,6.651002020631839,-146.0486100017619,-7.754061988872466,-12.024527129152434,35.60788762353434,-7.761845180337372,3.232291667,1.63125,128.0,92.9,72.0,101.3,2579.0,6.9,823323,666023,657757,630105,592518,593428,669369,701538,665487,53.64,,,,,,,,67,5,4-Seam Fastball,3,0,0,3,0,3,0,3,Standard,Standard,201.0,0.002,-0.097,74.0,7.7,,,0.097,92.9,3,-3,0.993,0.007,27,26,28,27,1,3,,1.0,4.0,2.0,0.68,0.73,0.73,40.2,9.867333069375752,1.4085588485770677,32.61142563778651,40.3695498332622,26.93283467009768,Four-seam,False
FF,2026-03-28,102.5,-1.67,6.28,"Miller, Mason",679529,695243,,ball,,,,,14.0,,R,R,R,SD,DET,B,,,2,1,2026,-0.58,1.6,1.4256901841731786,2.1185630116483223,,,,2,9,Top,,,,,,,10.13287733719,-148.4969492767288,-10.2058379114651,-11.161326213700644,38.61345115592522,-6.084799594248269,3.232291667,1.63125,,,,102.9,2221.0,6.9,823323,666023,657757,630105,592518,593428,669369,701538,665487,53.58,,,,,,,,67,4,4-Seam Fastball,3,0,0,3,0,3,0,3,Standard,Standard,186.0,-0.002,0.101,,,,,-0.101,,3,-3,0.995,0.005,27,26,28,27,1,3,,1.0,4.0,2.0,0.6,0.58,0.58,41.0,,,,,,Four-seam,False
FF,2026-03-28,101.5,-1.77,6.23,"Miller, Mason",679529,695243,,foul,,,,,1.0,,R,R,R,SD,DET,S,,,2,0,2026,-0.67,1.4,-0.6797075901883328,3.278072145939322,,,,2,9,Top,,,,,,,4.686553252507867,-147.65034007842297,-6.182278244495658,-10.926315703800396,38.83292478123395,-10.485017350652235,3.232291667,1.63125,280.0,82.7,48.0,102.0,2439.0,6.8,823323,666023,657757,630105,592518,593428,669369,701538,665487,53.68,,,,,,,,67,3,4-Seam Fastball,3,0,0,3,0,3,0,3,Standard,Standard,196.0,0.001,-0.065,69.7,7.3,,,0.065,88.0,3,-3,0.994,0.006,27,26,28,27,1,3,,1.0,4.0,2.0,0.84,0.67,0.67,38.8,14.04459019126132,-14.767455990195703,33.36515171269908,29.70595808693963,29.16182293711592,Four-seam,False
FF,2026-03-28,101.6,-1.66,6.18,"Miller, Mason",679529,695243,,ball,,,,,12.0,,R,R,R,SD,DET,B,,,1,0,2026,-0.6,1.41,1.128448972503301,2.8579636297559174,,,,2,9,Top,,,,,,,9.28443600265863,-147.5030929274972,-7.245701603488425,-11.167378174691844,38.79499218853856,-10.066891057696994,3.232291667,1.63125,,,,102.3,2447.0,7.0,823323,666023,657757,630105,592518,593428,669369,701538,665487,53.48,,,,,,,,67,2,4-Seam Fastball,3,0,0,3,0,3,0,3,Standard,Standard,203.0,-0.001,0.064,,,,,-0.064,,3,-3,0.995,0.005,27,26,28,27,1,3,,1.0,4.0,2.0,0.83,0.6,0.6,39.4,,,,,,Four-seam,False
FF,2026-03-28,101.9,-1.68,6.28,"Miller, Mason",679529,695243,,ball,,,,,12.0,,R,R,R,SD,DET,B,,,0,0,2026,-0.56,1.44,1.0282246315466268,3.991627685390368,,,,2,9,Top,,,,,,,8.951602414608303,-147.95952177776172,-4.4596713175638705,-10.568882568961088,40.01744978856826,-10.196115958416962,3.232291667,1.63125,,,,102.2,2406.0,6.9,823323,666023,657757,630105,592518,593428,669369,701538,665487,53.63,,,,,,,,67,1,4-Seam Fastball,3,0,0,3,0,3,0,3,Standard,Standard,190.0,-0.001,0.041,,,,,-0.041,,3,-3,0.996,0.004,27,26,28,27,1,3,,1.0,4.0,2.0,0.79,0.56,0.56,41.6,,,,,,Four-seam,False
SL,2026-03-28,88.1,-1.77,6.14,"Miller, Mason",682985,695243,field_out,hit_into_play,,,,,5.0,Riley Greene flies out to left fielder Bryce Johnson.,R,L,R,SD,DET,X,7.0,fly_ball,0,2,2026,0.95,-0.38,0.1128269707798232,2.5017702677679643,,,,1,9,Top,61.14,111.75,,,,,2.522026878144016,-128.19720962146283,-1.6499852432657705,9.81223160953968,29.615121917092345,-36.16693649422199,3.303379265,1.667125984,270.0,98.0,47.0,88.4,2310.0,6.8,823323,666023,657757,630105,592518,593428,669369,701538,665487,53.73,0.017,0.02,0.0,1.0,0.0,0.0,3.0,66,3,Slider,3,0,0,3,0,3,0,3,Infield shade,Standard,46.0,0.007,-0.163,,,,0.033,0.163,98.0,3,-3,0.989,0.011,27,25,28,26,1,3,,1.0,4.0,2.0,3.34,-0.95,0.95,38.0,,,,,,Slider,True
SL,2026-03-28,87.3,-1.7,6.13,"Miller, Mason",682985,695243,,called_strike,,,,,7.0,,R,L,R,SD,DET,S,,,0,1,2026,0.96,-0.43,-0.5724679775958352,1.686889002907158,,,,1,9,Top,,,,,,,0.6665954441473407,-127.1566680662334,-3.377071998051839,10.205386736018475,28.27837388497196,-36.27973304450293,3.303379265,1.667125984,,,,87.9,2355.0,6.8,823323,666023,657757,630105,592518,593428,669369,701538,665487,53.73,,,,,,,,66,2,Slider,3,0,0,3,0,3,0,3,Infield shade,Standard,42.0,0.002,-0.057,,,,,0.057,,3,-3,0.987,0.013,27,25,28,26,1,3,,1.0,4.0,2.0,3.43,-0.96,0.96,38.2,,,,,,Slider,False
FF,2026-03-28,102.0,-1.76,6.33,"Miller, Mason",682985,695243,,foul,,,,,12.0,,R,L,R,SD,DET,S,,,0,0,2026,-0.71,1.2,0.1325688434203176,3.701764930043704,,,,1,9,Top,,,,,,,7.065171800638672,-148.2879845449335,-4.872126790063279,-12.296126007458176,37.76907189429618,-13.4837260192465,3.303379265,1.667125984,246.0,80.2,28.0,102.5,2534.0,6.8,823323,666023,657757,630105,592518,593428,669369,701538,665487,53.72,,,,,,,,66,1,4-Seam Fastball,3,0,0,3,0,3,0,3,Infield shade,Standard,201.0,0.002,-0.041,70.2,6.0,,,0.041,88.0,3,-3,0.985,0.015,27,25,28,26,1,3,,1.0,4.0,2.0,1.0,0.71,-0.71,40.8,2.48433523289638,17.918712934969154,35.62760811006896,32.678823695167154,17.58634995892792,Four-seam,False
SL,2026-03-28,87.5,-1.82,6.1,"Miller, Mason",690993,695243,strikeout,called_strike,,,,,7.0,"Colt Keith challenged (pitch result), call on the field was confirmed: Colt Keith called out on strikes.",R,L,R,SD,DET,S,2.0,,2,2,2026,0.56,-0.28,-0.7909709407253411,1.8483718671453149,,,,0,9,Top,,,,,,,1.2805238415331612,-127.41260183015368,-3.25783592329544,5.760275151009834,28.551518851410133,-34.683875596818424,3.27792815,1.654281496,,,,87.9,2316.0,6.7,823323,666023,657757,630105,592518,593428,669369,701538,665487,53.77,,0.0,0.0,1.0,0.0,0.0,,65,5,Slider,3,0,0,3,0,3,0,3,Infield shade,Standard,40.0,0.016,-0.232,,,,,0.232,,3,-3,0.969,0.031,27,24,28,25,1,3,,1.0,4.0,2.0,3.27,-0.56,0.56,36.3,,,,,,Slider,True
SL,2026-03-28,87.8,-1.77,6.11,"Miller, Mason",690993,695243,,ball,,,,,14.0,,R,L,R,SD,DET,B,,,1,2,2026,1.16,-0.22,0.8692190902807201,0.0053598496277924,,,,0,9,Top,,,,,,,3.898013069641763,-127.55962964186271,-7.843091400614688,11.585045598041573,30.4831775071133,-32.86195764627061,3.27792815,1.654281496,,,,88.1,2439.0,6.9,823323,666023,657757,630105,592518,593428,669369,701538,665487,53.59,,,,,,,,65,4,Slider,3,0,0,3,0,3,0,3,Infield shade,Standard,35.0,-0.003,0.046,,,,,-0.046,,3,-3,0.972,0.028,27,24,28,25,1,3,,1.0,4.0,2.0,3.22,-1.16,1.16,38.5,,,,,,Slider,False
FF,2026-03-28,101.3,-1.67,6.27,"Miller, Mason",690993,695243,,foul,,,,,6.0,,R,L,R,SD,DET,S,,,1,1,2026,-0.59,1.53,0.7388403742347871,2.511310967861061,,,,0,9,Top,,,,,,,8.138976618994704,-147.15218185301788,-8.739237088850672,-10.491031132979426,35.230990312068435,-8.067533019089714,3.27792815,1.654281496,158.0,68.6,64.0,102.1,2515.0,6.8,823323,666023,657757,630105,592518,593428,669369,701538,665487,53.67,,,,,,,,65,3,4-Seam Fastball,3,0,0,3,0,3,0,3,Infield shade,Standard,214.0,0.005,-0.06,68.3,6.5,,,0.06,88.0,3,-3,0.967,0.033,27,24,28,25,1,3,,1.0,4.0,2.0,0.7,0.59,-0.59,39.7,0.6121250433543115,0.8080918152280784,37.21883584751338,30.285946221336744,24.783888515462017,Four-seam,False
SL,2026-03-28,87.6,-1.79,6.11,"Miller, Mason",690993,695243,,called_strike,,,,,5.0,,R,L,R,SD,DET,S,,,1,0,2026,0.93,-0.16,-0.1825230640300396,2.240620067946403,,,,0,9,Top,,,,,,,1.8768059465192328,-127.54328599658602,-2.627396589154759,9.704286892858503,28.090158647549924,-33.53502163185745,3.27792815,1.654281496,,,,88.1,2474.0,6.7,823323,666023,657757,630105,592518,593428,669369,701538,665487,53.8,,,,,,,,65,2,Slider,3,0,0,3,0,3,0,3,Infield shade,Standard,46.0,0.005,-0.055,,,,,0.055,,3,-3,0.962,0.038,27,24,28,25,1,3,,1.0,4.0,2.0,3.14,-0.93,0.93,36.3,,,,,,Slider,False
SL,2026-03-28,87.4,-1.85,6.13,"Miller, Mason",690993,695243,,ball,,,,,14.0,,R,L,R,SD,DET,B,,,0,0,2026,1.15,-0.22,1.839633084248696,1.7573143061972432,,,,0,9,Top,,,,,,,6.419436637989825,-127.04030401863164,-3.6393577942394426,10.91644943558024,28.625734376824088,-33.88857034965226,3.27792815,1.654281496,,,,87.9,2502.0,6.9,823323,666023,657757,630105,592518,593428,669369,701538,665487,53.64,,,,,,,,65,1,Slider,3,0,0,3,0,3,0,3,Infield shade,Standard,44.0,-0.004,0.042,,,,,-0.042,,3,-3,0.966,0.034,27,24,28,25,1,3,,1.0,4.0,2.0,3.23,-1.15,1.15,38.5,,,,,,Slider,False
