pitch_type,game_date,release_speed,release_pos_x,release_pos_z,player_name,batter,pitcher,events,description,spin_dir,spin_rate_deprecated,break_angle_deprecated,break_length_deprecated,zone,des,game_type,stand,p_throws,home_team,away_team,type,hit_location,bb_type,balls,strikes,game_year,pfx_x,pfx_z,plate_x,plate_z,on_3b,on_2b,on_1b,outs_when_up,inning,inning_topbot,hc_x,hc_y,tfs_deprecated,tfs_zulu_deprecated,umpire,sv_id,vx0,vy0,vz0,ax,ay,az,sz_top,sz_bot,hit_distance_sc,launch_speed,launch_angle,effective_speed,release_spin_rate,release_extension,game_pk,fielder_2,fielder_3,fielder_4,fielder_5,fielder_6,fielder_7,fielder_8,fielder_9,release_pos_y,estimated_ba_using_speedangle,estimated_woba_using_speedangle,woba_value,woba_denom,babip_value,iso_value,launch_speed_angle,at_bat_number,pitch_number,pitch_name,home_score,away_score,bat_score,fld_score,post_away_score,post_home_score,post_bat_score,post_fld_score,if_fielding_alignment,of_fielding_alignment,spin_axis,delta_home_win_exp,delta_run_exp,bat_speed,swing_length,miss_distance,estimated_slg_using_speedangle,delta_pitcher_run_exp,hyper_speed,home_score_diff,bat_score_diff,home_win_exp,bat_win_exp,age_pit_legacy,age_bat_legacy,age_pit,age_bat,n_thruorder_pitcher,n_priorpa_thisgame_player_at_bat,pitcher_days_since_prev_game,batter_days_since_prev_game,pitcher_days_until_next_game,batter_days_until_next_game,api_break_z_with_gravity,api_break_x_arm,api_break_x_batter_in,arm_angle,attack_angle,attack_direction,swing_path_tilt,intercept_ball_minus_batter_pos_x_inches,intercept_ball_minus_batter_pos_y_inches
SI,2026-07-17,99.6,2.61,6.01,"Morejon, Adrian",686555,670970,,foul,,,,,3.0,,R,R,L,KC,SD,S,,,0,0,2026,1.51,0.92,0.3839964943755363,3.0240209898433044,,,,0,7,Bot,,,,,,,-9.597112974683007,-144.65113992607093,-4.758165118429297,23.518516003294938,34.21279410100825,-18.297409303146782,3.012885499,1.520521654,199.0,77.9,19.0,99.2,2550.0,6.2,824090,669134,664034,630105,592518,593428,657757,701538,665487,54.31,,,,,,,,54,1,Sinker,2,2,2,2,2,2,2,2,Standard,Standard,145.0,-0.006,-0.041,70.0,5.6,,,0.041,88.0,0,0,0.588,0.588,27,28,27,29,1,2,5.0,5.0,4.0,1.0,1.39,1.51,-1.51,39.8,-11.197736358881928,21.332987541313816,22.691840588125675,41.4474549111041,23.08444736873257
CH,2026-07-17,92.0,3.04,6.05,"Morejon, Adrian",686555,670970,,swinging_strike,,,,,14.0,,R,R,L,KC,SD,S,,,0,1,2026,1.13,-0.07,1.2274937222618991,0.6870795822813558,,,,0,7,Bot,,,,,,,-7.00296378524792,-133.7707115188273,-7.332948281534544,15.11477291494038,27.751845550211865,-31.630640018861904,3.012885499,1.520521654,,,,91.8,976.0,6.1,824090,669134,664034,630105,592518,593428,657757,701538,665487,54.38,,,,,,,,54,2,Changeup,2,2,2,2,2,2,2,2,Standard,Standard,111.0,-0.009,-0.054,44.9,7.1,11.401794996,,0.054,,0,0,0.582,0.582,27,28,27,29,1,2,5.0,5.0,4.0,1.0,2.76,1.13,-1.13,40.6,1.754688559996384,0.5581751863086006,26.019320672402685,52.50749159843296,28.654214091097614
CH,2026-07-17,92.4,2.76,6.06,"Morejon, Adrian",686555,670970,field_out,hit_into_play,,,,,5.0,Isaac Collins flies out to left fielder Gavin Sheets.,R,R,L,KC,SD,X,7.0,fly_ball,0,2,2026,0.95,0.46,-0.1562529265262168,2.4438673777355575,,,,0,7,Bot,78.98,63.86,,,,,-9.381561234740406,-134.23693806767153,-4.20953520682229,13.393880655540658,27.423066120313234,-25.879433408899285,3.012885499,1.520521654,353.0,92.5,35.0,92.3,1069.0,6.2,824090,669134,664034,630105,592518,593428,657757,701538,665487,54.3,0.037,0.063,0.0,1.0,0.0,0.0,3.0,54,3,Changeup,2,2,2,2,2,2,2,2,Standard,Standard,108.0,-0.023,-0.164,75.4,7.0,,0.118,0.164,92.5,0,0,0.573,0.573,27,28,27,29,1,2,5.0,5.0,4.0,1.0,2.21,0.95,-0.95,42.5,0.9180221715054356,-8.534998734874424,26.26121076376895,35.80158300414895,37.64516554366357
SL,2026-07-17,92.3,2.98,5.86,"Morejon, Adrian",695600,670970,field_out,hit_into_play,,,,,5.0,Carter Jensen flies out to left fielder Gavin Sheets.,R,L,L,KC,SD,X,7.0,fly_ball,0,0,2026,-0.41,0.01,-0.1337682825436481,2.628654934354385,,,,1,7,Bot,83.75,122.85,,,,,-6.888755854394837,-134.32654929086613,-2.279692361720699,-3.6660426812886047,26.56853474059353,-31.731603095886573,3.191043307,1.610433071,218.0,94.3,59.0,92.5,2886.0,6.2,824090,669134,664034,630105,592518,593428,657757,701538,665487,54.3,0.02,0.022,0.0,1.0,0.0,0.0,3.0,55,1,Slider,2,2,2,2,2,2,2,2,Standard,Standard,274.0,-0.029,-0.261,76.2,7.2,,0.031,0.261,94.3,0,0,0.55,0.55,27,22,27,23,1,3,5.0,5.0,4.0,1.0,2.64,-0.41,-0.41,40.0,16.348709493586764,-6.597363030367049,25.303995843905717,35.31340987801222,34.75095502434324
CH,2026-07-17,93.0,2.56,6.05,"Morejon, Adrian",677951,670970,,called_strike,,,,,7.0,,R,R,L,KC,SD,S,,,0,0,2026,0.7,-0.21,-0.3342939599546368,2.0776055514387317,,,,2,7,Bot,,,,,,,-8.873585811056808,-135.29272418645775,-3.773419781345431,10.375346711379734,25.875587150563135,-34.2154918047228,3.238435039,1.634350394,,,,93.4,1048.0,6.3,824090,669134,664034,630105,592518,593428,657757,701538,665487,54.23,,,,,,,,56,1,Changeup,2,2,2,2,2,2,2,2,Standard,Standard,112.0,-0.003,-0.045,,,,,0.045,,0,0,0.521,0.521,27,26,27,26,1,3,5.0,5.0,4.0,1.0,2.82,0.7,-0.7,44.7,,,,,
CH,2026-07-17,91.5,2.75,5.95,"Morejon, Adrian",677951,670970,,ball,,,,,14.0,,R,R,L,KC,SD,B,,,0,1,2026,0.85,-0.14,1.478644306454501,1.4981148832371645,,,,2,7,Bot,,,,,,,-5.002084321564931,-133.27493798309578,-4.860891135789132,11.132830689520626,25.527432797413475,-33.14409081078505,3.238435039,1.634350394,,,,91.7,1080.0,6.1,824090,669134,664034,630105,592518,593428,657757,701538,665487,54.37,,,,,,,,56,2,Changeup,2,2,2,2,2,2,2,2,Standard,Standard,108.0,0.002,0.03,,,,,-0.03,,0,0,0.518,0.518,27,26,27,26,1,3,5.0,5.0,4.0,1.0,2.84,0.85,-0.85,40.1,,,,,
CH,2026-07-17,92.7,2.68,5.95,"Morejon, Adrian",677951,670970,,swinging_strike,,,,,14.0,,R,R,L,KC,SD,S,,,1,1,2026,0.98,-0.24,0.1877175429386625,1.2174074686210257,,,,2,7,Bot,,,,,,,-8.436006819997585,-134.84496062166846,-5.557554499852222,13.69675520996827,26.37708090230747,-34.19721986875455,3.238435039,1.634350394,,,,92.9,1107.0,6.2,824090,669134,664034,630105,592518,593428,657757,701538,665487,54.3,,,,,,,,56,3,Changeup,2,2,2,2,2,2,2,2,Standard,Standard,107.0,-0.005,-0.064,77.7,7.7,0.1,,0.064,,0,0,0.52,0.52,27,26,27,26,1,3,5.0,5.0,4.0,1.0,2.87,0.98,-0.98,40.3,4.483486218597282,-10.259429018941734,29.81627847370002,38.1273581206368,33.501896503616706
CH,2026-07-17,92.6,2.63,5.91,"Morejon, Adrian",677951,670970,strikeout,swinging_strike,,,,,14.0,Bobby Witt Jr. strikes out swinging.,R,R,L,KC,SD,S,2.0,,1,2,2026,1.1,-0.24,0.3923986265715866,0.8667640019841909,,,,2,7,Bot,,,,,,,-8.06819282302561,-134.59890578923438,-6.310839367869892,15.038429292813351,26.152343573125822,-34.07988609045304,3.238435039,1.634350394,,,,92.9,1150.0,6.3,824090,669134,664034,630105,592518,593428,657757,701538,665487,54.21,,0.0,0.0,1.0,0.0,0.0,,56,4,Changeup,2,2,2,2,2,2,2,2,Standard,Standard,107.0,-0.015,-0.183,74.4,7.8,3.627188676,,0.183,,0,0,0.515,0.515,27,26,27,26,1,3,5.0,5.0,4.0,1.0,2.89,1.1,-1.1,40.3,12.961041348628298,-14.410132172344138,30.897869456830048,39.55495336136168,34.42942992579305
SI,2026-07-17,99.4,2.49,5.94,"Morejon, Adrian",695506,670970,,called_strike,,,,,2.0,,R,L,L,KC,SD,S,,,0,0,2026,1.28,0.95,-0.0835670420878273,3.4168403133110146,,,,0,8,Bot,,,,,,,-9.983819771113852,-144.38129311701985,-3.57669998658582,20.166905989700695,32.12903094904723,-18.229900862612915,3.401673228,1.716732283,,,,99.4,2617.0,6.3,824090,669134,664034,630105,592518,593428,657757,701538,665487,54.18,,,,,,,,60,1,Sinker,2,2,2,2,2,2,2,2,Standard,Strategic,171.0,-0.007,-0.041,,,,,0.041,,0,0,0.608,0.608,27,23,27,23,1,3,5.0,5.0,4.0,1.0,1.36,1.28,1.28,37.5,,,,,
SL,2026-07-17,90.5,3.1,5.84,"Morejon, Adrian",695506,670970,single,hit_into_play,,,,,14.0,Jac Caglianone singles on a ground ball to right fielder Fernando Tatis Jr.,R,L,L,KC,SD,X,9.0,ground_ball,0,1,2026,-0.56,-0.22,0.2970152295952463,1.4726694384055603,,,,0,8,Bot,180.74,95.19,,,,,-5.6773592686159695,-131.69862871538962,-4.276558990633078,-5.339958021852168,26.71825867615177,-34.02129169480703,3.401673228,1.716732283,15.0,112.2,-6.0,90.6,2849.0,6.2,824090,669134,664034,630105,592518,593428,657757,701538,665487,54.27,0.424,0.388,0.9,1.0,1.0,0.0,2.0,60,2,Slider,2,2,2,2,2,2,2,2,Infield shade,Strategic,279.0,0.069,0.486,79.6,8.0,,0.44,-0.486,112.2,0,0,0.601,0.601,27,23,27,23,1,3,5.0,5.0,4.0,1.0,2.99,-0.56,-0.56,34.4,9.99412199925643,-4.674702101180084,40.001917378884094,34.1087019302784,30.33235234679011
CH,2026-07-17,91.7,2.69,5.97,"Morejon, Adrian",657041,670970,,foul,,,,,4.0,,R,R,L,KC,SD,S,,,0,0,2026,0.59,0.49,-0.3504912891327782,2.223118313351754,,,686475.0,0,8,Bot,,,,,,,-8.886120105817358,-133.21836489517955,-4.449438967275019,8.940661454516643,28.011350143744657,-25.538282724643913,3.146284449,1.587844488,3.0,,-39.0,91.7,1039.0,6.3,824090,669134,664034,630105,592518,593428,657757,701538,665487,54.18,,,,,,,,61,1,Changeup,2,2,2,2,2,2,2,2,Standard,Standard,109.0,-0.009,-0.04,71.9,6.7,,,0.04,,0,0,0.67,0.67,27,30,27,31,1,3,5.0,5.0,4.0,1.0,2.22,0.59,-0.59,40.3,8.829959425796318,4.3623214120997496,26.652831115356385,34.362428174703965,20.537336439050456
CH,2026-07-17,92.0,2.59,5.88,"Morejon, Adrian",657041,670970,,ball,,,,,14.0,,R,R,L,KC,SD,B,,,0,1,2026,1.19,0.28,0.3842547084593615,0.6867406364571904,,,686475.0,0,8,Bot,,,,,,,-8.16116173033521,-133.6149775260956,-7.673146324099829,16.05703745508508,28.775005411697503,-27.25485757111468,3.146284449,1.587844488,,,,92.0,1173.0,6.4,824090,669134,664034,630105,592518,593428,657757,701538,665487,54.08,,,,,,,,61,2,Changeup,2,2,2,2,2,2,2,2,Standard,Standard,115.0,0.006,0.026,,,,,-0.026,,0,0,0.661,0.661,27,30,27,31,1,3,5.0,5.0,4.0,1.0,2.42,1.19,-1.19,39.0,,,,,
CH,2026-07-17,92.0,2.74,5.96,"Morejon, Adrian",657041,670970,,ball,,,,,14.0,,R,R,L,KC,SD,B,,,1,1,2026,1.32,0.15,0.9341553709842576,2.036210296303859,,,686475.0,0,8,Bot,,,,,,,-7.408713044835714,-133.81879375752365,-4.198255503600604,17.508050982765695,28.95425781918659,-29.59438333578584,3.146284449,1.587844488,,,,91.8,1195.0,6.2,824090,669134,664034,630105,592518,593428,657757,701538,665487,54.33,,,,,,,,61,3,Changeup,2,2,2,2,2,2,2,2,Standard,Standard,107.0,0.072,0.059,,,,,-0.059,,0,0,0.667,0.667,27,30,27,31,1,3,5.0,5.0,4.0,1.0,2.54,1.32,-1.32,41.4,,,,,
CH,2026-07-17,91.7,2.51,5.94,"Morejon, Adrian",657041,670970,field_out,hit_into_play,,,,,5.0,"Lane Thomas grounds out, second baseman Jake Cronenworth to first baseman Ty France. Tyler Tolbert to 3rd.",R,R,L,KC,SD,X,4.0,ground_ball,2,1,2026,0.92,-0.16,-0.0025114256275874,2.4505301111317475,,686475.0,,0,8,Bot,143.74,151.95,,,,,-8.284520871981139,-133.31872953125696,-2.4308551442335387,12.641252725864494,26.534197483740112,-33.82452766199222,3.146284449,1.587844488,15.0,99.4,-9.0,91.9,920.0,6.3,824090,669134,664034,630105,592518,593428,657757,701538,665487,54.2,0.295,0.291,0.0,1.0,0.0,0.0,2.0,61,4,Changeup,2,2,2,2,2,2,2,2,Standard,Standard,102.0,0.004,-0.216,71.7,6.1,,0.318,0.216,99.4,0,0,0.739,0.739,27,30,27,31,1,3,5.0,5.0,4.0,1.0,2.86,0.92,-0.92,39.7,-2.4682330850798873,20.335287308553006,26.078050529322155,37.38271071279259,17.165269166731296
SI,2026-07-17,99.8,2.46,5.88,"Morejon, Adrian",686469,670970,,ball,,,,,12.0,,R,L,L,KC,SD,B,,,0,0,2026,1.37,0.73,1.8257430996242416,4.458725016724731,686475.0,,,1,8,Bot,,,,,,,-4.989738742169638,-145.39719469406398,-0.1753360961771928,20.557170701786504,32.15055800432009,-21.910326062339443,3.363057743,1.697244095,,,,99.9,2423.0,6.2,824090,669134,664034,630105,592518,593428,657757,701538,665487,54.34,,,,,,,,62,1,Sinker,2,2,2,2,2,2,2,2,Strategic,Standard,134.0,0.001,0.023,,,,,-0.023,,0,0,0.743,0.743,27,28,27,29,1,3,5.0,5.0,4.0,1.0,1.54,1.37,1.37,35.8,,,,,
SI,2026-07-17,99.9,2.6,5.76,"Morejon, Adrian",686469,670970,,ball,,,,,14.0,,R,L,L,KC,SD,B,,,1,0,2026,1.41,0.76,2.023241292912245,1.8791938694650017,686475.0,,,1,8,Bot,,,,,,,-4.927857569070203,-145.33146929888844,-6.936287950255062,21.16508022201185,31.113370242716485,-19.9509789112248,3.363057743,1.697244095,,,,100.2,2398.0,6.3,824090,669134,664034,630105,592518,593428,657757,701538,665487,54.2,,,,,,,,62,2,Sinker,2,2,2,2,2,2,2,2,Strategic,Standard,163.0,0.001,0.032,,,,,-0.032,,0,0,0.744,0.744,27,28,27,29,1,3,5.0,5.0,4.0,1.0,1.5,1.41,1.41,36.5,,,,,
SI,2026-07-17,100.1,2.66,5.8,"Morejon, Adrian",686469,670970,,foul_tip,,,,,14.0,,R,L,L,KC,SD,S,,,2,0,2026,1.42,0.78,1.477727629613261,1.9763645121101576,686475.0,,,1,8,Bot,,,,,,,-6.6125314674410625,-145.59190175379783,-6.8395593400842944,21.691591806555667,31.291586958108343,-19.739262526287533,3.363057743,1.697244095,,,,100.3,2402.0,6.2,824090,669134,664034,630105,592518,593428,657757,701538,665487,54.26,,,,,,,,62,3,Sinker,2,2,2,2,2,2,2,2,Strategic,Standard,138.0,-0.001,-0.064,77.7,7.5,,,0.064,,0,0,0.745,0.745,27,28,27,29,1,3,5.0,5.0,4.0,1.0,1.48,1.42,1.42,36.9,3.673705791736424,-0.7285289671627041,39.07870320875504,24.574789493374077,20.56859969659138
SI,2026-07-17,100.2,2.62,5.79,"Morejon, Adrian",686469,670970,fielders_choice_out,hit_into_play,,,,,12.0,"Vinnie Pasquantino reaches on a fielder's choice out, pitcher Adrian Morejon to catcher Luis Campusano. Tyler Tolbert out at home.",R,L,L,KC,SD,X,1.0,ground_ball,2,1,2026,1.39,0.72,1.0220732841442912,2.712740417937776,686475.0,,,1,8,Bot,125.32,176.88,,,,,-7.691988026546984,-145.7180211752784,-4.698692151836669,21.630883316602933,32.26050608727799,-20.98024731854687,3.363057743,1.697244095,9.0,44.2,-13.0,100.3,2456.0,6.2,824090,669134,664034,630105,592518,593428,657757,701538,665487,54.26,0.166,0.149,0.0,1.0,0.0,0.0,1.0,62,4,Sinker,2,2,2,2,2,2,2,2,Strategic,Standard,141.0,-0.194,-0.263,71.7,6.7,,0.172,0.263,88.0,0,0,0.744,0.744,27,28,27,29,1,3,5.0,5.0,4.0,1.0,1.54,1.39,1.39,36.4,-1.1834616956210384,15.384947474719706,32.50569150104626,30.01213848706095,17.735065660282395
SI,2026-07-17,98.7,2.55,5.82,"Morejon, Adrian",521692,670970,,called_strike,,,,,8.0,,R,R,L,KC,SD,S,,,0,0,2026,1.28,0.46,0.127940222352374,1.9537481056133077,,,686469.0,2,8,Bot,,,,,,,-9.557092326206188,-143.43911235732406,-5.984970319537697,19.794901724278372,30.748344505603413,-24.650763547253938,3.312155512,1.671555118,,,,99.2,2325.0,6.5,824090,669134,664034,630105,592518,593428,657757,701538,665487,54.04,,,,,,,,63,1,Sinker,2,2,2,2,2,2,2,2,Standard,Standard,142.0,0.02,-0.041,,,,,0.041,,0,0,0.55,0.55,27,36,27,36,1,3,5.0,5.0,4.0,1.0,1.87,1.28,-1.28,38.1,,,,,
,2026-07-17,,,,"Morejon, Adrian",521692,670970,,automatic_ball,,,,,,,R,R,L,KC,SD,B,,,0,1,2026,,,,,,686469.0,,2,8,Bot,,,,,,,,,,,,,,,,,,,,,824090,669134,664034,630105,592518,593428,657757,701538,665487,,,,,,,,,63,2,,2,2,2,2,2,2,2,2,,,,0.008,,,,,,,,0,0,0.57,0.57,27,36,27,36,1,3,5.0,5.0,4.0,1.0,,,,,,,,,
,2026-07-17,,,,"Morejon, Adrian",521692,670970,,automatic_ball,,,,,,,R,R,L,KC,SD,B,,,1,1,2026,,,,,,686469.0,,2,8,Bot,,,,,,,,,,,,,,,,,,,,,824090,669134,664034,630105,592518,593428,657757,701538,665487,,,,,,,,,63,3,,2,2,2,2,2,2,2,2,,,,0.005,,,,,,,,0,0,0.578,0.578,27,36,27,36,1,3,5.0,5.0,4.0,1.0,,,,,,,,,
,2026-07-17,,,,"Morejon, Adrian",521692,670970,,automatic_ball,,,,,,,R,R,L,KC,SD,B,,,2,1,2026,,,,,,686469.0,,2,8,Bot,,,,,,,,,,,,,,,,,,,,,824090,669134,664034,630105,592518,593428,657757,701538,665487,,,,,,,,,63,4,,2,2,2,2,2,2,2,2,,,,0.003,,,,,,,,0,0,0.583,0.583,27,36,27,36,1,3,5.0,5.0,4.0,1.0,,,,,,,,,
,2026-07-17,,,,"Morejon, Adrian",521692,670970,intent_walk,automatic_ball,,,,,,Adrian Morejon intentionally walks Salvador Perez.,R,R,L,KC,SD,B,,,3,1,2026,,,,,,686469.0,,2,8,Bot,,,,,,,,,,,,,,,,,,,,,824090,669134,664034,630105,592518,593428,657757,701538,665487,,,,0.4,,0.0,0.0,,63,5,,2,2,2,2,2,2,2,2,,,,0.005,,,,,,,,0,0,0.586,0.586,27,36,27,36,1,3,5.0,5.0,4.0,1.0,,,,,,,,,
SI,2026-07-17,100.6,2.54,5.78,"Morejon, Adrian",686681,670970,,called_strike,,,,,6.0,,R,L,L,KC,SD,S,,,0,0,2026,1.35,0.55,0.3876549345236229,2.5946784763653667,,686469.0,521692.0,2,8,Bot,,,,,,,-9.169043999874866,-146.32538696630115,-4.686751144579766,21.522845693332663,31.073054841321444,-23.31514740245175,3.199819554,1.614862205,,,,101.2,2296.0,6.4,824090,669134,664034,630105,592518,593428,657757,701538,665487,54.08,,,,,,,,64,1,Sinker,2,2,2,2,2,2,2,2,Standard,Standard,148.0,-0.014,-0.032,,,,,0.032,,0,0,0.591,0.591,27,28,27,28,1,3,5.0,5.0,4.0,1.0,1.68,1.35,1.35,34.7,,,,,
SI,2026-07-17,100.7,2.44,5.8,"Morejon, Adrian",686681,670970,,called_strike,,,,,4.0,,R,L,L,KC,SD,S,,,0,1,2026,1.32,0.6,-0.4383624642739103,2.2770678386758045,,686469.0,521692.0,2,8,Bot,,,,,,,-11.068186731892508,-146.3141412704778,-5.711280619820661,21.48500301751527,30.443315570696196,-22.448179549501948,3.199819554,1.614862205,,,,101.2,2389.0,6.4,824090,669134,664034,630105,592518,593428,657757,701538,665487,54.12,,,,,,,,64,2,Sinker,2,2,2,2,2,2,2,2,Standard,Standard,153.0,-0.022,-0.056,,,,,0.056,,0,0,0.577,0.577,27,28,27,28,1,3,5.0,5.0,4.0,1.0,1.64,1.32,1.32,37.2,,,,,
FF,2026-07-17,100.2,2.42,5.89,"Morejon, Adrian",686681,670970,single,hit_into_play,,,,,5.0,"Michael Massey singles on a sharp line drive to center fielder Jackson Merrill. Vinnie Pasquantino scores. Salvador Perez to 3rd. Michael Massey to 2nd. Michael Massey advances to 2nd, on a throwing error by center fielder Jackson Merrill.",R,L,L,KC,SD,X,8.0,line_drive,0,2,2026,0.54,1.22,-0.1234280756902063,2.558117177639718,,686469.0,521692.0,2,8,Bot,105.74,89.17,,,,,-8.252816174750224,-145.77656730389518,-6.651318387079842,9.49653642838108,29.627521963654463,-13.32030528671414,3.199819554,1.614862205,236.0,101.2,14.0,101.0,2382.0,6.4,824090,669134,664034,630105,592518,593428,657757,701538,665487,54.07,0.809,0.811,0.9,1.0,1.0,0.0,4.0,64,3,4-Seam Fastball,2,2,2,2,2,3,3,2,Standard,Standard,142.0,0.315,0.639,69.5,6.4,,1.074,-0.639,101.2,0,0,0.555,0.555,27,28,27,28,1,3,5.0,5.0,4.0,1.0,1.02,0.54,0.54,38.9,11.351194029871564,11.160009120586931,31.733490040460133,40.21584576665059,23.191186694494064
SI,2026-07-17,100.8,2.44,5.8,"Morejon, Adrian",679845,670970,field_out,hit_into_play,,,,,8.0,"Nick Loftin grounds out, shortstop Xander Bogaerts to first baseman Ty France.",R,R,L,KC,SD,X,6.0,ground_ball,0,0,2026,1.21,0.6,-0.1612156301099085,2.0810890556100663,521692.0,686681.0,,2,8,Bot,107.26,160.06,,,,,-10.06656283272494,-146.46167132351218,-6.268800823457475,19.64533995283106,31.478637876713226,-22.31035599112745,3.18226706,1.606003937,5.0,71.1,-22.0,101.3,2465.0,6.4,824090,669134,664034,630105,592518,593428,657757,701538,665487,54.06,0.044,0.04,0.0,1.0,0.0,0.0,2.0,65,1,Sinker,3,2,3,2,2,3,3,2,Standard,Standard,134.0,-0.035,-0.26,69.4,6.6,,0.045,0.26,88.0,1,1,0.87,0.87,27,27,27,28,1,3,5.0,6.0,4.0,1.0,1.64,1.21,-1.21,41.8,-9.724213424939158,8.982750673891964,40.68518260410633,35.18110729138471,22.272223640938037
SI,2026-07-21,99.2,2.6,5.91,"Morejon, Adrian",671739,670970,,swinging_strike,,,,,12.0,,R,L,L,ATL,SD,S,,,0,0,2026,1.41,0.85,1.084098015378124,3.059911135411344,,,,0,8,Bot,,,,,,,-7.453423124282716,-144.16482522670677,-4.13678553888068,21.481624969737982,36.85174807862308,-19.52406689516267,3.181389436,1.605561024,,,,98.7,2365.0,6.3,824895,669134,664034,630105,592518,593428,687749,701538,665487,54.18,,,,,,,,71,1,Sinker,3,8,3,8,8,3,3,8,Infield shade,Standard,143.0,-0.001,-0.041,75.9,7.5,0.363535176,,0.041,,-5,-5,0.022,0.022,27,25,27,25,1,3,4.0,1.0,1.0,1.0,1.49,1.41,1.41,35.7,3.1156391589426677,1.4499175384457226,28.18336367113303,24.38726806043493,25.536407961818064
SI,2026-07-21,99.2,2.61,5.91,"Morejon, Adrian",671739,670970,field_out,hit_into_play,,,,,14.0,Michael Harris II lines out to second baseman Jake Cronenworth.,R,L,L,ATL,SD,X,4.0,line_drive,0,1,2026,1.56,0.92,0.9942334589228164,2.130762638713927,,,,0,8,Bot,142.77,133.06,,,,,-8.055003245094955,-144.0452285628232,-6.7756713809598015,23.595937993143092,38.50489690638495,-17.914381576094698,3.181389436,1.605561024,174.0,66.6,18.0,98.4,2468.0,6.3,824895,669134,664034,630105,592518,593428,687749,701538,665487,54.17,0.494,0.445,0.0,1.0,0.0,0.0,4.0,71,2,Sinker,3,8,3,8,8,3,3,8,Infield shade,Standard,142.0,-0.008,-0.218,74.0,8.0,,0.506,0.218,88.0,-5,-5,0.021,0.021,27,25,27,25,1,3,4.0,1.0,1.0,1.0,1.44,1.56,1.56,37.1,6.4003369514831885,-2.875784691941514,36.41428743672006,25.090189750327987,30.10852816326321
SI,2026-07-21,99.6,2.43,5.91,"Morejon, Adrian",643289,670970,,ball,,,,,11.0,,R,R,L,ATL,SD,B,,,0,0,2026,1.42,0.62,-1.1584513210589569,2.7825521761409937,,,,1,8,Bot,,,,,,,-13.076715109499036,-144.46289885957844,-4.461003207354655,22.856267981121285,31.892421618154877,-22.551520596807148,3.17085794,1.600246063,,,,99.6,2433.0,6.4,824895,669134,664034,630105,592518,593428,687749,701538,665487,54.15,,,,,,,,72,1,Sinker,3,8,3,8,8,3,3,8,Standard,Standard,143.0,0.001,0.041,,,,,-0.041,,-5,-5,0.013,0.013,27,31,27,32,1,3,4.0,1.0,1.0,1.0,1.68,1.42,-1.42,39.4,,,,,
SI,2026-07-21,99.2,2.53,5.85,"Morejon, Adrian",643289,670970,field_out,hit_into_play,,,,,2.0,Mauricio Dubón lines out to right fielder Fernando Tatis Jr.,R,R,L,ATL,SD,X,9.0,line_drive,1,0,2026,1.56,0.68,0.2339011376039665,3.261083895088543,,,,1,8,Bot,205.19,109.24,,,,,-9.896169379901265,-144.1615470477248,-3.0767535125056864,24.00925368928383,34.420391902407445,-22.13878457526147,3.17085794,1.600246063,296.0,99.9,16.0,99.0,2434.0,6.3,824895,669134,664034,630105,592518,593428,687749,701538,665487,54.19,0.54,0.558,0.0,1.0,0.0,0.0,4.0,72,2,Sinker,3,8,3,8,8,3,3,8,Standard,Standard,145.0,-0.006,-0.302,73.5,7.0,,0.779,0.302,99.9,-5,-5,0.014,0.014,27,31,27,32,1,3,4.0,1.0,1.0,1.0,1.65,1.56,-1.56,36.9,-11.725029782562656,14.735461790825152,18.84782110030999,38.58994139437817,18.625790191781338
SI,2026-07-21,99.6,2.56,5.79,"Morejon, Adrian",663698,670970,,ball,,,,,13.0,,R,R,L,ATL,SD,B,,,0,0,2026,1.18,0.88,-0.8519946886085732,1.8252586567212004,,,,2,8,Bot,,,,,,,-12.045883175223707,-144.39576588230432,-7.307165180960538,19.383348746525687,34.016388500264625,-18.214283450894687,3.299868766,1.665354331,,,,99.3,2517.0,6.4,824895,669134,664034,630105,592518,593428,687749,701538,665487,54.14,,,,,,,,73,1,Sinker,3,8,3,8,8,3,3,8,Standard,Standard,140.0,0.0,0.041,,,,,-0.041,,-5,-5,0.008,0.008,27,29,27,30,1,1,4.0,1.0,1.0,3.0,1.44,1.18,-1.18,37.4,,,,,
CH,2026-07-21,92.4,2.64,5.89,"Morejon, Adrian",663698,670970,,swinging_strike,,,,,13.0,,R,R,L,ATL,SD,S,,,1,0,2026,0.98,-0.09,-0.0322261220200319,0.7478676584319759,,,,2,8,Bot,,,,,,,-8.871073461946573,-134.2604448783512,-6.801010522531413,13.79483655688184,28.287447562487976,-31.973377360146326,3.299868766,1.665354331,,,,92.3,1058.0,6.3,824895,669134,664034,630105,592518,593428,687749,701538,665487,54.23,,,,,,,,73,2,Changeup,3,8,3,8,8,3,3,8,Standard,Standard,103.0,0.0,-0.056,78.5,8.2,4.207289076,,0.056,,-5,-5,0.008,0.008,27,29,27,30,1,1,4.0,1.0,1.0,3.0,2.76,0.98,-0.98,39.7,19.256131644921016,-15.673794833428769,41.16954813215334,37.02615860564537,44.39013581004073
CH,2026-07-21,92.5,2.74,5.91,"Morejon, Adrian",663698,670970,,ball,,,,,13.0,,R,R,L,ATL,SD,B,,,1,1,2026,0.72,0.06,-1.0383946209420585,1.128200045835606,,,,2,8,Bot,,,,,,,-11.063922296884774,-134.18618168401517,-6.2235873110459226,11.105399644311609,29.569725383536152,-30.186424280029595,3.299868766,1.665354331,,,,92.2,1011.0,6.3,824895,669134,664034,630105,592518,593428,687749,701538,665487,54.16,,,,,,,,73,3,Changeup,3,8,3,8,8,3,3,8,Standard,Standard,105.0,0.0,0.055,,,,,-0.055,,-5,-5,0.008,0.008,27,29,27,30,1,1,4.0,1.0,1.0,3.0,2.62,0.72,-0.72,45.2,,,,,
SI,2026-07-21,99.9,2.57,5.84,"Morejon, Adrian",663698,670970,,ball,,,,,11.0,,R,R,L,ATL,SD,B,,,2,1,2026,1.29,0.74,-0.42632329960492,4.004989325426453,,,,2,8,Bot,,,,,,,-11.242242109886512,-145.078646530664,-1.2319621148779605,20.95745410119967,36.04517128060486,-21.67369034950475,3.299868766,1.665354331,,,,99.6,2449.0,6.4,824895,669134,664034,630105,592518,593428,687749,701538,665487,54.11,,,,,,,,73,4,Sinker,3,8,3,8,8,3,3,8,Standard,Standard,143.0,0.001,0.101,,,,,-0.101,,-5,-5,0.008,0.008,27,29,27,30,1,1,4.0,1.0,1.0,3.0,1.56,1.29,-1.29,44.3,,,,,
SI,2026-07-21,98.9,2.54,5.83,"Morejon, Adrian",663698,670970,,called_strike,,,,,8.0,,R,R,L,ATL,SD,S,,,3,1,2026,1.1,0.85,-0.0111760888588106,1.6527792530786265,,,,2,8,Bot,,,,,,,-9.463656437124149,-143.51393745420128,-7.701763527058831,17.40315278372578,33.10742956840521,-18.837500300692007,3.299868766,1.665354331,,,,98.8,2467.0,6.4,824895,669134,664034,630105,592518,593428,687749,701538,665487,54.12,,,,,,,,73,5,Sinker,3,8,3,8,8,3,3,8,Standard,Standard,138.0,-0.001,-0.097,,,,,0.097,,-5,-5,0.009,0.009,27,29,27,30,1,1,4.0,1.0,1.0,3.0,1.5,1.1,-1.1,38.2,,,,,
CH,2026-07-21,92.0,2.81,5.89,"Morejon, Adrian",663698,670970,field_out,hit_into_play,,,,,5.0,Joey Bart flies out to left fielder Jase Bowen.,R,R,L,ATL,SD,X,7.0,fly_ball,3,2,2026,0.77,0.37,-0.0670408185542522,2.7842860713742055,,,,2,8,Bot,90.96,81.43,,,,,-8.901105357720844,-133.81441817322144,-2.7016342803520335,11.126828997865188,26.42762765187299,-27.322418684291385,3.299868766,1.665354331,305.0,87.1,40.0,92.3,1029.0,6.3,824895,669134,664034,630105,592518,593428,687749,701538,665487,54.17,0.006,0.005,0.0,1.0,0.0,0.0,3.0,73,6,Changeup,3,8,3,8,8,3,3,8,Standard,Standard,103.0,-0.002,-0.306,,,,0.006,0.306,88.0,-5,-5,0.008,0.008,27,29,27,30,1,1,4.0,1.0,1.0,3.0,2.31,0.77,-0.77,39.9,,,,,
SL,2026-07-22,90.6,2.95,5.87,"Morejon, Adrian",686948,670970,,ball,,,,,12.0,,R,L,L,ATL,SD,B,,,0,0,2026,-0.47,0.03,0.5612237387278904,3.4743582240506132,,,,0,7,Bot,,,,,,,-4.837810904599085,-132.05873333493437,-0.0046261959375074,-4.654539234255592,25.61946733634597,-32.05282937885832,3.205962927,1.617962598,,,,90.6,2885.0,6.0,824896,669134,664034,630105,592518,593428,657757,701538,665487,54.49,,,,,,,,57,1,Slider,1,1,1,1,1,1,1,1,Infield shade,Standard,238.0,0.006,0.042,,,,,-0.042,,0,0,0.588,0.588,27,25,27,25,1,3,1.0,1.0,2.0,1.0,2.72,-0.47,-0.47,36.7,,,,,
SI,2026-07-22,99.0,2.57,5.79,"Morejon, Adrian",686948,670970,,ball,,,,,4.0,,R,L,L,ATL,SD,B,,,1,0,2026,1.35,0.83,-0.7963898467713388,2.6450237018861698,,,,0,7,Bot,,,,,,,-12.243208457287752,-143.67141067488146,-4.894200097180025,21.530915293085197,31.88340512857627,-19.712339791585496,3.205962927,1.617962598,,,,98.8,2505.0,6.2,824896,669134,664034,630105,592518,593428,657757,701538,665487,54.26,,,,,,,,57,2,Sinker,1,1,1,1,1,1,1,1,Infield shade,Standard,140.0,0.011,0.082,,,,,-0.082,,0,0,0.594,0.594,27,25,27,25,1,3,1.0,1.0,2.0,1.0,1.5,1.35,1.35,36.6,,,,,
SI,2026-07-22,99.7,2.69,5.82,"Morejon, Adrian",686948,670970,,called_strike,,,,,2.0,,R,L,L,ATL,SD,S,,,2,0,2026,1.35,0.98,0.044633910111006,2.9936633540965505,,,,0,7,Bot,,,,,,,-10.374515952408377,-144.82641755012824,-4.514253865696703,21.429891819835472,33.12668418748544,-17.48086481884214,3.205962927,1.617962598,,,,99.5,2476.0,6.2,824896,669134,664034,630105,592518,593428,657757,701538,665487,54.29,,,,,,,,57,3,Sinker,1,1,1,1,1,1,1,1,Infield shade,Standard,144.0,-0.011,-0.073,,,,,0.073,,0,0,0.605,0.605,27,25,27,25,1,3,1.0,1.0,2.0,1.0,1.32,1.35,1.35,39.7,,,,,
SI,2026-07-22,99.2,2.62,5.84,"Morejon, Adrian",686948,670970,,foul_tip,,,,,5.0,,R,L,L,ATL,SD,S,,,2,1,2026,1.33,0.96,0.0635947489554924,2.466187593105857,,,,0,7,Bot,,,,,,,-9.999376106287798,-144.08985643218725,-5.832198062998456,20.819871748068977,34.20192543099376,-17.532221148837927,3.205962927,1.617962598,,,,98.7,2474.0,6.2,824896,669134,664034,630105,592518,593428,657757,701538,665487,54.34,,,,,,,,57,4,Sinker,1,1,1,1,1,1,1,1,Infield shade,Standard,138.0,-0.012,-0.078,77.0,6.4,,,0.078,,0,0,0.594,0.594,27,25,27,25,1,3,1.0,1.0,2.0,1.0,1.37,1.33,1.33,34.9,2.5201253935327963,25.070258195374656,32.0864140344928,39.15374336240508,20.155121487592204
SI,2026-07-22,99.9,2.64,5.82,"Morejon, Adrian",686948,670970,,ball,,,,,12.0,,R,L,L,ATL,SD,B,,,2,2,2026,1.31,1.05,0.5805159541920797,4.06110814179939,,,,0,7,Bot,,,,,,,-8.721436556706191,-145.225622774061,-1.803767490193035,20.645076361024177,36.27384910771546,-17.081145604069125,3.205962927,1.617962598,,,,99.6,2460.0,6.3,824896,669134,664034,630105,592518,593428,657757,701538,665487,54.19,,,,,,,,57,5,Sinker,1,1,1,1,1,1,1,1,Infield shade,Strategic,142.0,0.014,0.113,,,,,-0.113,,0,0,0.582,0.582,27,25,27,25,1,3,1.0,1.0,2.0,1.0,1.25,1.31,1.31,41.4,,,,,
SI,2026-07-22,99.8,2.67,5.8,"Morejon, Adrian",686948,670970,,foul,,,,,5.0,,R,L,L,ATL,SD,S,,,3,2,2026,1.28,0.95,0.2737648975956124,2.429290991841607,,,,0,7,Bot,,,,,,,-9.539560769010222,-144.98069753928547,-5.918815104257393,20.326790529039677,35.341051055403796,-17.508489962692714,3.205962927,1.617962598,31.0,99.6,-3.0,99.4,2479.0,6.3,824896,669134,664034,630105,592518,593428,657757,701538,665487,54.22,,,,,,,,57,6,Sinker,1,1,1,1,1,1,1,1,Infield shade,Strategic,140.0,0.0,0.0,75.7,5.7,,,0.0,99.6,0,0,0.596,0.596,27,25,27,25,1,3,1.0,1.0,2.0,1.0,1.35,1.28,1.28,35.8,-12.306049436957183,35.18833853382985,38.83882332021527,35.76840538649787,12.21626918949374
FF,2026-07-22,99.4,2.35,5.84,"Morejon, Adrian",686948,670970,single,hit_into_play,,,,,5.0,Drake Baldwin singles on a line drive to left fielder Gavin Sheets.,R,L,L,ATL,SD,X,7.0,line_drive,3,2,2026,0.52,1.33,-0.1768652577838608,2.447615430969504,,,,0,7,Bot,62.31,117.76,,,,,-8.067284936269292,-144.4818533870596,-6.842199518761629,9.193965736852553,33.4094244543734,-12.091679148050265,3.205962927,1.617962598,180.0,105.1,8.0,99.4,2535.0,6.3,824896,669134,664034,630105,592518,593428,657757,701538,665487,54.19,0.686,0.642,0.9,1.0,1.0,0.0,4.0,57,7,4-Seam Fastball,1,1,1,1,1,1,1,1,Infield shade,Standard,149.0,0.048,0.358,70.4,6.1,,0.792,-0.358,105.1,0,0,0.596,0.596,27,25,27,25,1,3,1.0,1.0,2.0,1.0,0.98,0.52,0.52,39.7,-1.738140542204047,28.89493643576338,34.01061224616501,40.34422971848097,15.004394045062542
CH,2026-07-22,91.5,2.69,5.84,"Morejon, Adrian",645277,670970,,swinging_strike,,,,,13.0,,R,R,L,ATL,SD,S,,,0,0,2026,1.34,-0.28,-0.2702336085050116,1.151803162118032,,,686948.0,0,7,Bot,,,,,,,-10.301691616002405,-132.78886730795838,-5.020282955975361,18.091077416273706,30.211571077715917,-34.523327948245885,2.984801509,1.506348425,,,,91.3,978.0,6.4,824896,669134,664034,630105,592518,593428,657757,701538,665487,54.06,,,,,,,,58,1,Changeup,1,1,1,1,1,1,1,1,Standard,Standard,100.0,-0.008,-0.04,78.1,7.3,2.171758836,,0.04,,0,0,0.644,0.644,27,29,27,29,1,3,1.0,1.0,2.0,1.0,3.03,1.34,-1.34,42.4,10.395509653394017,-18.433148630068978,37.706060189295926,23.98350773551752,40.84896239024653
SI,2026-07-22,100.2,2.55,5.8,"Morejon, Adrian",645277,670970,,swinging_strike,,,,,12.0,,R,R,L,ATL,SD,S,,,0,1,2026,1.68,1.03,0.8442309949039495,2.3285033349125843,,,686948.0,0,7,Bot,,,,,,,-8.661515604622775,-145.5686764435695,-6.432084880264824,25.890087287905477,35.808590502844254,-16.180512669596613,2.984801509,1.506348425,,,,99.9,2469.0,6.3,824896,669134,664034,630105,592518,593428,657757,701538,665487,54.17,,,,,,,,58,2,Sinker,1,1,1,1,1,1,1,1,Standard,Standard,141.0,-0.014,-0.05,74.1,6.9,0.269222652,,0.05,,0,0,0.636,0.636,27,29,27,29,1,3,1.0,1.0,2.0,1.0,1.26,1.68,-1.68,36.5,10.728426915342268,-1.2643521292919582,28.310338782976757,36.73107695358409,36.05309173835624
CH,2026-07-22,91.6,2.7,5.86,"Morejon, Adrian",645277,670970,strikeout,swinging_strike,,,,,14.0,Ozzie Albies strikes out swinging.,R,R,L,ATL,SD,S,2.0,,0,2,2026,1.09,-0.29,0.7566887912361717,0.9323378049669198,,,686948.0,0,7,Bot,,,,,,,-7.231574211890076,-133.19764605565436,-5.690325495424197,14.565669117423628,28.10814544889928,-34.55438629290471,2.984801509,1.506348425,,,,91.5,1035.0,6.3,824896,669134,664034,630105,592518,593428,657757,701538,665487,54.25,,0.0,0.0,1.0,0.0,0.0,,58,3,Changeup,1,1,1,1,1,1,1,1,Standard,Standard,103.0,-0.032,-0.152,60.0,7.6,2.009276508,,0.152,,0,0,0.622,0.622,27,29,27,29,1,3,1.0,1.0,2.0,1.0,3.0,1.09,-1.09,39.5,11.72444670585278,-6.0595701782601745,36.06170155496977,34.14514761385936,38.30412588232511
SI,2026-07-22,100.0,2.44,5.75,"Morejon, Adrian",621566,670970,single,hit_into_play,,,,,9.0,Matt Olson singles on a sharp line drive to center fielder Jackson Merrill. Drake Baldwin to 2nd.,R,L,L,ATL,SD,X,8.0,line_drive,0,0,2026,1.52,0.75,0.4618471833190278,2.1040593364301055,,,686948.0,1,7,Bot,133.59,62.44,,,,,-9.01466563221044,-145.12425074616834,-6.191626715941671,23.56514353213609,36.8051635861301,-20.17286005792431,3.37183399,1.701673228,269.0,108.3,12.0,99.5,2470.0,6.4,824896,669134,664034,630105,592518,593428,657757,701538,665487,54.15,0.926,0.963,0.9,1.0,1.0,0.0,5.0,59,1,Sinker,1,1,1,1,1,1,1,1,Infield shade,Standard,139.0,0.058,0.409,79.8,7.6,,1.323,-0.409,108.3,0,0,0.59,0.59,27,32,27,32,1,3,1.0,1.0,2.0,1.0,1.55,1.52,1.52,35.5,8.649577027941715,-1.0962254230624624,35.89947186468336,34.68008319765138,32.7315913713514
SI,2026-07-22,100.3,2.58,5.87,"Morejon, Adrian",671739,670970,,ball,,,,,14.0,,R,L,L,ATL,SD,B,,,0,0,2026,1.16,0.94,1.289951942802129,1.765183149786009,,686948.0,621566.0,1,7,Bot,,,,,,,-6.317452470613971,-145.82621665095144,-8.010415932878036,17.997220037978746,35.01870831597695,-17.042149360556913,3.181389436,1.605561024,,,,100.4,2372.0,6.4,824896,669134,664034,630105,592518,593428,657757,701538,665487,54.06,,,,,,,,60,1,Sinker,1,1,1,1,1,1,1,1,Standard,Standard,145.0,0.009,0.04,,,,,-0.04,,0,0,0.648,0.648,27,25,27,25,1,3,1.0,1.0,2.0,1.0,1.33,1.16,1.16,37.1,,,,,
SL,2026-07-22,87.7,2.8,5.74,"Morejon, Adrian",671739,670970,,called_strike,,,,,5.0,,R,L,L,ATL,SD,S,,,1,0,2026,-0.6,-0.16,-0.1151187194579526,2.64407810547224,,686948.0,621566.0,1,7,Bot,,,,,,,-5.701968542590782,-127.56874053168823,-0.7668926580568154,-5.206397001334157,28.300700295356098,-33.93568067903772,3.181389436,1.605561024,,,,87.3,2782.0,6.2,824896,669134,664034,630105,592518,593428,657757,701538,665487,54.26,,,,,,,,60,2,Slider,1,1,1,1,1,1,1,1,Standard,Standard,279.0,-0.013,-0.054,,,,,0.054,,0,0,0.657,0.657,27,25,27,25,1,3,1.0,1.0,2.0,1.0,3.14,-0.6,-0.6,36.6,,,,,
SI,2026-07-22,99.5,2.52,5.81,"Morejon, Adrian",671739,670970,force_out,hit_into_play,,,,,6.0,"Michael Harris II grounds into a force out, second baseman Jake Cronenworth to shortstop Xander Bogaerts. Drake Baldwin to 3rd. Matt Olson out at 2nd. Michael Harris II to 1st.",R,L,L,ATL,SD,X,4.0,ground_ball,1,1,2026,1.44,0.99,0.8227418219444469,2.3193545352484684,,686948.0,621566.0,1,7,Bot,136.14,146.8,,,,,-8.024345010255562,-144.51132588545678,-6.249145238963498,22.021027362342025,36.42709307241337,-17.03560958668699,3.181389436,1.605561024,4.0,90.6,-32.0,99.1,2386.0,6.4,824896,669134,664034,630105,592518,593428,657757,701538,665487,54.13,0.061,0.055,0.0,1.0,0.0,0.0,2.0,60,3,Sinker,1,1,1,1,1,1,1,1,Standard,Standard,147.0,-0.056,-0.297,72.5,7.1,,0.076,0.297,90.6,0,0,0.644,0.644,27,25,27,25,1,3,1.0,1.0,2.0,1.0,1.34,1.44,1.44,37.5,-6.651588613306266,9.636932448282064,30.088504105367857,26.573529842201697,22.686607918189985
CH,2026-07-22,92.9,2.67,5.87,"Morejon, Adrian",663586,670970,,ball,,,,,14.0,,R,R,L,ATL,SD,B,,,0,0,2026,0.87,-0.3,0.4098089271840099,0.6497219727008785,686948.0,,671739.0,2,7,Bot,,,,,,,-7.601751099557702,-134.92060690357624,-6.545433556982012,12.313193264419196,32.08559680710155,-34.39923024143498,3.273540026,1.652066929,,,,92.2,1044.0,6.2,824896,669134,664034,630105,592518,593428,657757,701538,665487,54.3,,,,,,,,61,1,Changeup,1,1,1,1,1,1,1,1,Standard,Standard,98.0,0.003,0.016,,,,,-0.016,,0,0,0.588,0.588,27,29,27,29,1,3,1.0,1.0,2.0,1.0,2.97,0.87,-0.87,38.3,,,,,
CH,2026-07-22,91.7,2.64,5.85,"Morejon, Adrian",663586,670970,,blocked_ball,,,,,14.0,,R,R,L,ATL,SD,B,,,1,0,2026,1.08,-0.21,0.2365776640357806,0.6428094774331417,686948.0,,671739.0,2,7,Bot,,,,,,,-8.363553418029005,-133.13134338670153,-6.445734033930091,14.787936454341358,31.946838396108983,-33.33432685528944,3.273540026,1.652066929,,,,91.1,1201.0,6.3,824896,669134,664034,630105,592518,593428,657757,701538,665487,54.18,,,,,,,,61,2,Changeup,1,1,1,1,1,1,1,1,Standard,Standard,100.0,0.007,0.041,,,,,-0.041,,0,0,0.591,0.591,27,29,27,29,1,3,1.0,1.0,2.0,1.0,2.96,1.08,-1.08,43.7,,,,,
SL,2026-07-22,90.9,2.91,5.73,"Morejon, Adrian",663586,670970,,ball,,,,,14.0,,R,R,L,ATL,SD,B,,,2,0,2026,-0.61,-0.17,0.0951590530532144,1.1339326883929697,686948.0,,671739.0,2,7,Bot,,,,,,,-5.62534689751055,-132.30997121307547,-5.019864041290493,-6.029783020169033,26.55346614617345,-33.38834209332301,3.273540026,1.652066929,,,,91.0,2838.0,6.2,824896,669134,664034,630105,592518,593428,657757,701538,665487,54.27,,,,,,,,61,3,Slider,1,1,1,1,1,1,1,1,Standard,Standard,284.0,0.009,0.073,,,,,-0.073,,0,0,0.598,0.598,27,29,27,29,1,3,1.0,1.0,2.0,1.0,2.92,-0.61,0.61,33.9,,,,,
SI,2026-07-22,99.9,2.4,5.82,"Morejon, Adrian",663586,670970,,called_strike,,,,,5.0,,R,R,L,ATL,SD,S,,,3,0,2026,1.41,0.82,0.2697580545232849,2.708449042109456,686948.0,,671739.0,2,7,Bot,,,,,,,-9.189849438263922,-145.1828866170472,-4.943046165176089,22.140574397675216,34.27439722460905,-19.61223932570039,3.273540026,1.652066929,,,,99.9,2530.0,6.4,824896,669134,664034,630105,592518,593428,657757,701538,665487,54.12,,,,,,,,61,4,Sinker,1,1,1,1,1,1,1,1,Standard,Standard,141.0,-0.006,-0.042,,,,,0.042,,0,0,0.607,0.607,27,29,27,29,1,3,1.0,1.0,2.0,1.0,1.47,1.41,-1.41,38.8,,,,,
CH,2026-07-22,92.9,2.62,5.81,"Morejon, Adrian",663586,670970,,swinging_strike,,,,,13.0,,R,R,L,ATL,SD,S,,,3,1,2026,1.24,-0.34,-0.1545025737386365,0.5670356122433367,686948.0,,671739.0,2,7,Bot,,,,,,,-9.773366446539208,-134.91103685595473,-6.607097676674645,17.22900434926817,29.09837017619676,-35.033440584001895,3.273540026,1.652066929,,,,92.9,1106.0,6.4,824896,669134,664034,630105,592518,593428,657757,701538,665487,54.12,,,,,,,,61,5,Changeup,1,1,1,1,1,1,1,1,Standard,Standard,104.0,-0.008,-0.093,79.3,8.3,3.448851468,,0.093,,0,0,0.601,0.601,27,29,27,29,1,3,1.0,1.0,2.0,1.0,2.99,1.24,-1.24,40.0,17.78989526085212,-13.731697889998042,42.059432454491365,36.96011906617464,45.1276018420597
CH,2026-07-22,92.9,2.48,5.83,"Morejon, Adrian",663586,670970,strikeout,called_strike,,,,,7.0,"Austin Riley challenged (pitch result), call on the field was confirmed: Austin Riley called out on strikes.",R,R,L,ATL,SD,S,2.0,,3,2,2026,0.97,-0.5,-0.6351393451885907,2.101160258452048,686948.0,,671739.0,2,7,Bot,,,,,,,-10.041263308007174,-134.8899126937921,-2.3842215114769147,14.06112949517422,30.252816854110197,-37.96131453421025,3.273540026,1.652066929,,,,93.0,1066.0,6.5,824896,669134,664034,630105,592518,593428,657757,701538,665487,53.98,,0.0,0.0,1.0,0.0,0.0,,61,6,Changeup,1,1,1,1,1,1,1,1,Standard,Standard,101.0,-0.093,-0.281,,,,,0.281,,0,0,0.593,0.593,27,29,27,29,1,3,1.0,1.0,2.0,1.0,3.16,0.97,-0.97,42.7,,,,,
SI,2026-07-24,100.1,2.44,5.86,"Morejon, Adrian",669364,670970,,foul,,,,,6.0,,R,R,L,MIA,SD,S,,,0,0,2026,1.46,0.87,0.6106634639011088,2.2813830644937054,669065.0,681715.0,,2,7,Bot,,,,,,,-8.445106212982598,-145.42285305582772,-6.32159538305106,22.77415465820905,34.852861369532214,-18.55562218555544,3.055011483,1.541781496,260.0,81.3,33.0,99.6,2280.0,6.1,823843,669134,664034,630105,823550,593428,657757,701538,665487,54.35,,,,,,,,62,1,Sinker,2,2,2,2,2,2,2,2,Infield shade,Standard,140.0,-0.015,-0.03,69.4,6.0,,,0.03,88.0,0,0,0.597,0.597,27,26,27,27,1,3,2.0,2.0,2.0,1.0,1.42,1.46,-1.46,37.2,-12.024706872894663,14.091234426698437,30.147222623355297,38.187169769201475,21.985759583072525
CH,2026-07-24,92.1,2.64,5.83,"Morejon, Adrian",669364,670970,,blocked_ball,,,,,14.0,,R,R,L,MIA,SD,B,,,0,1,2026,1.12,-0.49,0.4790641109287701,-0.0888719697603304,669065.0,681715.0,,2,7,Bot,,,,,,,-7.830809388990032,-133.737016307792,-7.688809571617456,15.209726365010637,31.97773604205398,-36.371653733757455,3.055011483,1.541781496,,,,91.1,1127.0,6.1,823843,669134,664034,630105,823550,593428,657757,701538,665487,54.42,,,,,,,,62,2,Changeup,2,2,2,2,2,2,2,2,Standard,Strategic,104.0,0.01,0.023,,,,,-0.023,,0,0,0.582,0.582,27,26,27,27,1,3,2.0,2.0,2.0,1.0,3.21,1.12,-1.12,43.8,,,,,
CH,2026-07-24,92.0,2.56,5.91,"Morejon, Adrian",669364,670970,,foul,,,,,14.0,,R,R,L,MIA,SD,S,,,1,1,2026,1.19,0.02,0.9221384264718318,2.264753824129214,669065.0,681715.0,,2,7,Bot,,,,,,,-6.660374415480305,-133.85358489353413,-3.182600453569069,15.750131885716833,30.639567483058556,-31.40755840066111,3.055011483,1.541781496,184.0,66.6,54.0,91.2,1086.0,5.9,823843,669134,664034,630105,823550,593428,657757,701538,665487,54.58,,,,,,,,62,3,Changeup,2,2,2,2,2,2,2,2,Standard,Strategic,98.0,-0.024,-0.07,60.3,7.0,,,0.07,88.0,0,0,0.592,0.592,27,26,27,27,1,3,2.0,2.0,2.0,1.0,2.69,1.19,-1.19,43.3,-4.720245427199646,-0.2350755570269,23.527715029872017,42.210187332925045,30.23072410679404
CH,2026-07-24,93.3,2.51,5.84,"Morejon, Adrian",669364,670970,,ball,,,,,14.0,,R,R,L,MIA,SD,B,,,1,2,2026,1.21,-0.15,0.9862371432388912,0.6347164110575063,669065.0,681715.0,,2,7,Bot,,,,,,,-6.547143131126134,-135.64674356944937,-6.997816250537852,16.357081548383945,29.856428049578582,-32.64543215750398,3.055011483,1.541781496,,,,92.9,1215.0,6.1,823843,669134,664034,630105,823550,593428,657757,701538,665487,54.36,,,,,,,,62,4,Changeup,2,2,2,2,2,2,2,2,Standard,Strategic,104.0,0.014,0.009,,,,,-0.009,,0,0,0.568,0.568,27,26,27,27,1,3,2.0,2.0,2.0,1.0,2.77,1.21,-1.21,41.8,,,,,
FF,2026-07-24,100.8,2.21,5.92,"Morejon, Adrian",669364,670970,strikeout,swinging_strike,,,,,12.0,Xavier Edwards strikes out swinging.,R,R,L,MIA,SD,S,2.0,,2,2,2026,0.65,1.39,0.0170766611390412,3.581964629648624,669065.0,681715.0,,2,7,Bot,,,,,,,-7.554438251525642,-146.60683512070744,-4.324328227210758,11.218075462263805,36.43537824739394,-11.275496433313537,3.055011483,1.541781496,,,,100.3,2355.0,6.2,823843,669134,664034,630105,823550,593428,657757,701538,665487,54.34,,0.0,0.0,1.0,0.0,0.0,,62,5,4-Seam Fastball,2,2,2,2,2,2,2,2,Standard,Strategic,146.0,-0.082,-0.192,66.3,5.6,0.600213672,,0.192,,0,0,0.582,0.582,27,26,27,27,1,3,2.0,2.0,2.0,1.0,0.86,0.65,-0.65,42.4,2.009422473769947,11.729210067164516,16.1997568252712,31.3193171204134,27.257691535468688
SI,2026-07-24,99.2,2.54,5.86,"Morejon, Adrian",689414,670970,,called_strike,,,,,4.0,,R,L,L,MIA,SD,S,,,0,0,2026,1.51,0.72,-0.4393394216869162,2.520767353027309,,,,0,8,Bot,,,,,,,-11.54055363131756,-143.90055281176006,-5.1364084345622985,23.66336379440503,35.10733884492986,-21.16041331430735,3.085728346,1.557283465,,,,98.4,2420.0,6.1,823843,666023,657757,630105,823550,593428,687749,701538,665487,54.39,,,,,,,,70,1,Sinker,2,4,2,4,4,2,2,4,Infield shade,Standard,139.0,-0.007,-0.041,,,,,0.041,,-2,-2,0.167,0.167,27,27,27,27,1,3,2.0,2.0,2.0,1.0,1.62,1.51,1.51,37.3,,,,,
SL,2026-07-24,90.4,2.87,5.7,"Morejon, Adrian",689414,670970,,foul,,,,,9.0,,R,L,L,MIA,SD,S,,,0,1,2026,-0.66,-0.11,0.6650327736496026,1.787417261608943,,,,0,8,Bot,,,,,,,-3.9657387728149063,-131.56360850260745,-3.3113963054439486,-6.766816120769158,28.477167448164874,-32.895884311208306,3.085728346,1.557283465,,,,89.7,2886.0,5.9,823843,666023,657757,630105,823550,593428,687749,701538,665487,54.62,,,,,,,,70,2,Slider,2,4,2,4,4,2,2,4,Infield shade,Standard,268.0,-0.011,-0.054,65.7,6.3,,,0.054,,-2,-2,0.16,0.16,27,27,27,27,1,3,2.0,2.0,2.0,1.0,2.9,-0.66,-0.66,36.2,-4.067998377240581,0.1313383976824045,37.540414952200855,28.18268280579543,22.844648174060083
SI,2026-07-24,99.1,2.31,5.77,"Morejon, Adrian",689414,670970,,ball,,,,,13.0,,R,L,L,MIA,SD,B,,,0,2,2026,1.48,0.91,-1.1929871852455085,2.198029967116754,,,,0,8,Bot,,,,,,,-12.853281621128104,-143.58399563703398,-6.189300767005371,23.535671711516972,34.10402252925775,-18.249031297619897,3.085728346,1.557283465,,,,98.2,2351.0,6.1,823843,666023,657757,630105,823550,593428,687749,701538,665487,54.45,,,,,,,,70,3,Sinker,2,4,2,4,4,2,2,4,Infield shade,Standard,139.0,0.005,0.022,,,,,-0.022,,-2,-2,0.149,0.149,27,27,27,27,1,3,2.0,2.0,2.0,1.0,1.44,1.48,1.48,36.5,,,,,
SI,2026-07-24,99.3,2.5,5.75,"Morejon, Adrian",689414,670970,field_out,hit_into_play,,,,,5.0,Liam Hicks grounds out to pitcher Adrian Morejon.,R,L,L,MIA,SD,X,1.0,ground_ball,1,2,2026,1.49,0.84,-0.1308365705577632,2.1576581507677957,,,,0,8,Bot,135.53,187.95,,,,,-10.561773178186517,-144.08352265787687,-6.121881026826645,23.290761085592845,34.744904280762015,-19.13209218567654,3.085728346,1.557283465,1.0,71.2,-67.0,98.3,2369.0,6.0,823843,666023,657757,630105,823550,593428,687749,701538,665487,54.52,0.221,0.199,0.0,1.0,0.0,0.0,2.0,70,4,Sinker,2,4,2,4,4,2,2,4,Infield shade,Standard,137.0,-0.031,-0.187,61.2,6.3,,0.221,0.187,88.0,-2,-2,0.154,0.154,27,27,27,27,1,3,2.0,2.0,2.0,1.0,1.49,1.49,1.49,34.9,-3.1699831749656764,19.50309724516794,30.569088685495604,36.91892086552081,22.281850210096295
SI,2026-07-24,100.0,2.56,5.8,"Morejon, Adrian",677870,670970,,ball,,,,,12.0,,R,R,L,MIA,SD,B,,,0,0,2026,1.47,0.74,1.4095584068300375,3.026055217932187,,,,1,8,Bot,,,,,,,-6.62286372142988,-145.3774220562062,-3.779614081488903,22.347760916399896,37.38233840552888,-21.006225244560937,3.118200459,1.57367126,,,,99.1,2394.0,6.0,823843,666023,657757,630105,823550,593428,687749,701538,665487,54.45,,,,,,,,71,1,Sinker,2,4,2,4,4,2,2,4,Standard,Standard,141.0,0.006,0.041,,,,,-0.041,,-2,-2,0.123,0.123,27,25,27,25,1,0,2.0,3.0,2.0,2.0,1.56,1.47,-1.47,37.3,,,,,
SI,2026-07-24,99.0,2.37,5.8,"Morejon, Adrian",677870,670970,,ball,,,,,12.0,,R,R,L,MIA,SD,B,,,1,0,2026,1.56,0.52,0.6316473759339176,3.4795544252160555,,,,1,8,Bot,,,,,,,-8.315219513956437,-143.8024167890403,-1.8697915463352732,23.638536138037537,37.237798908176536,-24.803203752143897,3.118200459,1.57367126,,,,97.8,2402.0,6.0,823843,666023,657757,630105,823550,593428,687749,701538,665487,54.52,,,,,,,,71,2,Sinker,2,4,2,4,4,2,2,4,Standard,Standard,145.0,0.01,0.075,,,,,-0.075,,-2,-2,0.129,0.129,27,25,27,25,1,0,2.0,3.0,2.0,2.0,1.84,1.56,-1.56,38.9,,,,,
SI,2026-07-24,99.0,2.67,5.81,"Morejon, Adrian",677870,670970,,ball,,,,,12.0,,R,R,L,MIA,SD,B,,,2,0,2026,1.52,0.73,1.0878623166385086,3.170109188533344,,,,1,8,Bot,,,,,,,-7.79933909786707,-143.8247766545512,-3.2078749610516692,22.942722232050688,37.1528856013377,-21.562289096620713,3.118200459,1.57367126,,,,97.7,2427.0,5.9,823843,666023,657757,630105,823550,593428,687749,701538,665487,54.57,,,,,,,,71,3,Sinker,2,4,2,4,4,2,2,4,Standard,Standard,143.0,0.017,0.138,,,,,-0.138,,-2,-2,0.139,0.139,27,25,27,25,1,0,2.0,3.0,2.0,2.0,1.63,1.52,-1.52,34.6,,,,,
SI,2026-07-24,98.6,2.6,5.79,"Morejon, Adrian",677870,670970,walk,ball,,,,,12.0,Leo Jiménez walks.,R,R,L,MIA,SD,B,,,3,0,2026,1.53,0.59,1.0860453567485164,3.6445605264929055,,,,1,8,Bot,,,,,,,-7.629228771268165,-143.22978515567553,-1.5112495287053478,22.801732061046778,37.58189742376394,-23.98850246325584,3.118200459,1.57367126,,,,97.5,2460.0,6.1,823843,666023,657757,630105,823550,593428,687749,701538,665487,54.45,,0.698418,0.7,1.0,0.0,0.0,,71,4,Sinker,2,4,2,4,4,2,2,4,Standard,Standard,149.0,0.022,0.169,,,,,-0.169,,-2,-2,0.156,0.156,27,25,27,25,1,0,2.0,3.0,2.0,2.0,1.79,1.53,-1.53,36.5,,,,,
CH,2026-07-24,92.3,2.5,5.81,"Morejon, Adrian",665923,670970,,ball,,,,,13.0,,R,R,L,MIA,SD,B,,,0,0,2026,1.02,-0.45,-0.0745525222027538,1.1633030191400473,,,677870.0,1,8,Bot,,,,,,,-8.694096371566145,-134.03917439520754,-4.645999663167297,14.310531917537071,31.91882329788744,-36.658375244823254,3.165592192,1.597588583,,,,91.5,1128.0,6.1,823843,666023,657757,630105,823550,593428,687749,701538,665487,54.37,,,,,,,,72,1,Changeup,2,4,2,4,4,2,2,4,Standard,Standard,103.0,0.008,0.034,,,,,-0.034,,-2,-2,0.178,0.178,27,27,27,27,1,0,2.0,2.0,2.0,1.0,3.16,1.02,-1.02,42.3,,,,,
SI,2026-07-24,99.2,2.29,5.84,"Morejon, Adrian",665923,670970,,called_strike,,,,,7.0,,R,R,L,MIA,SD,S,,,1,0,2026,1.59,0.6,-0.4001155882846117,1.962198443307926,,,677870.0,1,8,Bot,,,,,,,-10.98154545186151,-143.83736855902507,-6.260249398008397,24.679591959877538,37.57888307671073,-22.467846660708343,3.165592192,1.597588583,,,,98.1,2406.0,6.2,823843,666023,657757,630105,823550,593428,687749,701538,665487,54.34,,,,,,,,72,2,Sinker,2,4,2,4,4,2,2,4,Standard,Standard,141.0,-0.011,-0.045,,,,,0.045,,-2,-2,0.186,0.186,27,27,27,27,1,0,2.0,2.0,2.0,1.0,1.76,1.59,-1.59,38.1,,,,,
SI,2026-07-24,99.4,2.51,5.75,"Morejon, Adrian",665923,670970,,called_strike,,,,,4.0,,R,R,L,MIA,SD,S,,,1,1,2026,1.52,0.64,-0.355875164271316,2.366278942975996,,,677870.0,1,8,Bot,,,,,,,-11.319401198153296,-144.12364637869874,-5.06986822936829,23.97451854919232,37.05029125487905,-22.156409717962095,3.165592192,1.597588583,,,,98.4,2395.0,6.1,823843,666023,657757,630105,823550,593428,687749,701538,665487,54.35,,,,,,,,72,3,Sinker,2,4,2,4,4,2,2,4,Standard,Standard,139.0,-0.015,-0.067,,,,,0.067,,-2,-2,0.175,0.175,27,27,27,27,1,0,2.0,2.0,2.0,1.0,1.7,1.52,-1.52,35.1,,,,,
CH,2026-07-24,92.6,2.53,5.82,"Morejon, Adrian",665923,670970,,blocked_ball,,,,,13.0,,R,R,L,MIA,SD,B,,,1,2,2026,1.04,-0.47,-0.3213911724579277,0.158727920030619,,,677870.0,1,8,Bot,,,,,,,-9.432133054328355,-134.36585469394774,-7.17570687756146,14.814651541611775,32.10932227762194,-36.271516906025184,3.165592192,1.597588583,,,,91.5,1108.0,6.0,823843,666023,657757,630105,823550,593428,687749,701538,665487,54.47,,,,,,,,72,4,Changeup,2,4,2,4,4,2,2,4,Standard,Standard,101.0,0.009,0.052,,,,,-0.052,,-2,-2,0.16,0.16,27,27,27,27,1,0,2.0,2.0,2.0,1.0,3.17,1.04,-1.04,39.1,,,,,
FF,2026-07-24,99.9,2.23,5.83,"Morejon, Adrian",665923,670970,,ball,,,,,11.0,,R,R,L,MIA,SD,B,,,2,2,2026,0.65,1.41,-0.5384384708271054,3.706103155034531,,,677870.0,1,8,Bot,,,,,,,-9.032222840622472,-145.11891090490846,-3.600202335560993,11.3994415792171,37.07811149843099,-11.671898773310003,3.165592192,1.597588583,,,,99.1,2478.0,6.2,823843,666023,657757,630105,823550,593428,687749,701538,665487,54.33,,,,,,,,72,5,4-Seam Fastball,2,4,2,4,4,2,2,4,Standard,Standard,146.0,0.022,0.072,,,,,-0.072,,-2,-2,0.169,0.169,27,27,27,27,1,0,2.0,2.0,2.0,1.0,0.9,0.65,-0.65,39.6,,,,,
SI,2026-07-24,99.6,2.27,5.73,"Morejon, Adrian",665923,670970,strikeout,called_strike,,,,,2.0,"Esteury Ruiz challenged (pitch result), call on the field was confirmed: Esteury Ruiz called out on strikes.",R,R,L,MIA,SD,S,2.0,,3,2,2026,1.59,0.71,-0.0926020712632149,3.0999737668547183,,,677870.0,1,8,Bot,,,,,,,-10.144758672730315,-144.6366813661513,-3.2563510235538824,24.71008460048439,37.566697608690795,-21.58608280872212,3.165592192,1.597588583,,,,98.8,2411.0,6.2,823843,666023,657757,630105,823550,593428,687749,701538,665487,54.3,,0.0,0.0,1.0,0.0,0.0,,72,6,Sinker,2,4,2,4,4,2,2,4,Standard,Standard,149.0,-0.072,-0.302,,,,,0.302,,-2,-2,0.191,0.191,27,27,27,27,1,0,2.0,2.0,2.0,1.0,1.61,1.59,-1.59,37.2,,,,,
CH,2026-07-24,92.3,2.44,5.86,"Morejon, Adrian",691594,670970,,foul,,,,,14.0,,R,R,L,MIA,SD,S,,,0,0,2026,0.88,-0.07,0.1150018684826473,1.1792746379331276,,,677870.0,2,8,Bot,,,,,,,-7.754415822156043,-134.1205584941064,-5.590392341763751,12.324857116325742,31.59831263104282,-31.874723766116233,2.995333005,1.511663386,,,,91.6,1158.0,6.1,823843,666023,657757,630105,823550,593428,687749,701538,665487,54.36,,,,,,,,73,1,Changeup,2,4,2,4,4,2,2,4,Standard,Standard,101.0,-0.006,-0.041,75.5,7.7,,,0.041,,-2,-2,0.119,0.119,27,23,27,24,1,3,2.0,2.0,2.0,1.0,2.77,0.88,-0.88,42.6,5.2929198633964685,-4.749626161367811,26.779914314114016,37.633447887246305,27.73622211995503
SI,2026-07-24,101.3,2.33,5.75,"Morejon, Adrian",691594,670970,,ball,,,,,11.0,,R,R,L,MIA,SD,B,,,0,1,2026,1.43,1.15,-0.7667140927853999,3.3380907824396777,,,677870.0,2,8,Bot,,,,,,,-11.910200659026897,-146.8902134934394,-3.941801682274268,23.644656642432047,37.8341577752193,-14.76756018418669,2.995333005,1.511663386,,,,100.2,2515.0,6.1,823843,666023,657757,630105,823550,593428,687749,701538,665487,54.41,,,,,,,,73,2,Sinker,2,4,2,4,4,2,2,4,Standard,Standard,144.0,0.004,0.028,,,,,-0.028,,-2,-2,0.113,0.113,27,23,27,24,1,3,2.0,2.0,2.0,1.0,1.1,1.43,-1.43,37.2,,,,,
SI,2026-07-24,99.8,2.32,5.71,"Morejon, Adrian",691594,670970,,foul,,,,,2.0,,R,R,L,MIA,SD,S,,,1,1,2026,1.49,1.02,-0.1373705111467162,2.5533435170290257,,,677870.0,2,8,Bot,,,,,,,-10.19142549493049,-144.83904622907056,-5.448013933573233,23.43524624628356,36.231873945543256,-16.679218553629052,2.995333005,1.511663386,182.0,68.4,43.0,98.9,2410.0,6.1,823843,666023,657757,630105,823550,593428,687749,701538,665487,54.39,,,,,,,,73,3,Sinker,2,4,2,4,4,2,2,4,Standard,Standard,140.0,-0.011,-0.069,70.3,6.5,,,0.069,88.0,-2,-2,0.117,0.117,27,23,27,24,1,3,2.0,2.0,2.0,1.0,1.29,1.49,-1.49,35.2,-6.589209358387269,10.027206013770556,25.540693702670353,32.92814195415185,22.79570191305926
CH,2026-07-24,92.5,2.47,5.85,"Morejon, Adrian",691594,670970,,foul,,,,,14.0,,R,R,L,MIA,SD,S,,,1,2,2026,0.75,-0.44,0.6510623268443481,1.1343916996720838,,,677870.0,2,8,Bot,,,,,,,-6.223910333869487,-134.45858250387877,-4.860744887502172,10.56636731689867,33.71697001725402,-36.40686341398143,2.995333005,1.511663386,57.0,33.7,38.0,91.6,965.0,6.2,823843,666023,657757,630105,823550,593428,687749,701538,665487,54.33,,,,,,,,73,4,Changeup,2,4,2,4,4,2,2,4,Standard,Standard,100.0,0.0,0.0,64.8,7.2,,,0.0,88.0,-2,-2,0.106,0.106,27,23,27,24,1,3,2.0,2.0,2.0,1.0,3.14,0.75,-0.75,40.3,-6.226823091014704,16.589511830149984,24.607574072317412,43.148050143496555,22.13343456175231
SI,2026-07-24,99.6,2.31,5.77,"Morejon, Adrian",691594,670970,field_out,hit_into_play,,,,,3.0,Javier Sanoja flies out to center fielder Jackson Merrill.,R,R,L,MIA,SD,X,8.0,fly_ball,1,2,2026,1.62,0.77,0.2890084100275412,2.5610166551267,,,677870.0,2,8,Bot,123.43,92.34,,,,,-9.320262743327229,-144.53633330335893,-4.908246256999232,25.01177235754036,39.14918191929543,-20.37084987702069,2.995333005,1.511663386,275.0,86.9,44.0,98.5,2423.0,6.2,823843,666023,657757,630105,823550,593428,687749,701538,665487,54.32,0.001,0.0,0.0,1.0,0.0,0.0,3.0,73,5,Sinker,2,4,2,4,4,2,2,4,Standard,Standard,142.0,-0.03,-0.194,71.8,6.9,,0.001,0.194,88.0,-2,-2,0.106,0.106,27,23,27,24,1,3,2.0,2.0,2.0,1.0,1.57,1.62,-1.62,37.8,6.758318193644041,0.3016145478789702,17.50906729410479,37.958933655793146,32.50733524172682
SI,2026-07-26,98.7,2.37,5.86,"Morejon, Adrian",681715,670970,,ball,,,,,12.0,,R,R,L,MIA,SD,B,,,0,0,2026,1.4,0.88,0.5655653191690069,3.792444556104951,,,,0,8,Bot,,,,,,,-8.10478481467862,-143.4978949916861,-2.0603791157533218,21.242208927167887,35.32414992209611,-19.739204654101055,3.178756562,1.604232283,,,,97.9,2363.0,6.0,823840,660710,664034,630105,650859,823550,687749,701538,665487,54.49,,,,,,,,66,1,Sinker,3,5,3,5,5,3,3,5,Standard,Standard,143.0,0.008,0.042,,,,,-0.042,,-2,-2,0.167,0.167,27,26,27,27,1,3,2.0,1.0,2.0,1.0,1.47,1.4,-1.4,40.9,,,,,
SI,2026-07-26,97.7,2.37,5.82,"Morejon, Adrian",681715,670970,field_out,hit_into_play,,,,,6.0,Heriberto Hernández pops out to first baseman Ty France in foul territory.,R,R,L,MIA,SD,X,3.0,popup,1,0,2026,1.44,0.87,0.4888769456076076,2.329457896594874,,,,0,8,Bot,176.28,169.24,,,,,-8.302362861978196,-141.90891692848203,-5.653639942695243,21.32096733827206,34.22022663525578,-19.226712354159872,3.178756562,1.604232283,172.0,85.5,65.0,96.8,2359.0,6.0,823840,660710,664034,630105,650859,823550,687749,701538,665487,54.53,0.006,0.006,0.0,1.0,0.0,0.0,3.0,66,2,Sinker,3,5,3,5,5,3,3,5,Standard,Standard,134.0,-0.052,-0.302,75.6,7.8,,0.008,0.302,88.0,-2,-2,0.175,0.175,27,26,27,27,1,3,2.0,1.0,2.0,1.0,1.53,1.44,-1.44,36.4,12.78380095815522,3.9463104805980223,30.22669020041471,43.018459637417415,31.74500369620999
SI,2026-07-26,99.3,2.36,5.82,"Morejon, Adrian",669364,670970,field_out,hit_into_play,,,,,3.0,"Xavier Edwards grounds out, second baseman Jake Cronenworth to first baseman Ty France.",R,R,L,MIA,SD,X,4.0,ground_ball,0,0,2026,1.51,0.88,0.3305981015155728,2.6609837830911145,,,,1,8,Bot,145.8,151.42,,,,,-9.008767952165678,-144.06636067314216,-4.978710885952015,23.221320798673965,38.89015413165911,-18.97743389622375,3.055011483,1.541781496,99.0,86.0,4.0,97.8,2342.0,6.0,823840,660710,664034,630105,650859,823550,687749,701538,665487,54.52,0.357,0.345,0.0,1.0,0.0,0.0,4.0,67,1,Sinker,3,5,3,5,5,3,3,5,Standard,Standard,141.0,-0.03,-0.261,65.3,5.7,,0.422,0.261,88.0,-2,-2,0.123,0.123,27,26,27,27,1,3,2.0,1.0,2.0,1.0,1.48,1.51,-1.51,38.8,1.7293027139349075,12.077156792545257,25.146832624143777,33.93087362222846,29.36135204932408
SI,2026-07-26,99.3,2.33,5.79,"Morejon, Adrian",689414,670970,,called_strike,,,,,7.0,,R,L,L,MIA,SD,S,,,0,0,2026,1.33,0.89,-0.6188247452288294,1.5712281130966088,,,,2,8,Bot,,,,,,,-11.050144065002314,-143.9701230202563,-7.91615340322571,21.165625917390525,34.43310449741625,-18.086950420258027,3.085728346,1.557283465,,,,98.4,2357.0,6.1,823840,660710,664034,630105,650859,823550,687749,701538,665487,54.43,,,,,,,,68,1,Sinker,3,5,3,5,5,3,3,5,Infield shade,Standard,143.0,-0.003,-0.045,,,,,0.045,,-2,-2,0.093,0.093,27,27,27,27,1,3,2.0,1.0,2.0,1.0,1.45,1.33,1.33,40.0,,,,,
SL,2026-07-26,88.6,2.84,5.68,"Morejon, Adrian",689414,670970,hit_by_pitch,hit_by_pitch,,,,,14.0,Liam Hicks hit by pitch.,R,L,L,MIA,SD,B,,,0,1,2026,-0.36,0.02,2.743191649315877,1.2715801541580114,,,,2,8,Bot,,,,,,,0.5466726966724502,-129.012029929925,-4.4448623553505735,-4.164963103967314,28.389575475142575,-31.186425676118382,3.085728346,1.557283465,,,,87.8,2742.0,5.9,823840,660710,664034,630105,650859,823550,687749,701538,665487,54.63,,0.729366,0.7,1.0,0.0,0.0,,68,2,Slider,3,5,3,5,5,3,3,5,Infield shade,Standard,287.0,0.029,0.378,,,,,-0.378,,-2,-2,0.09,0.09,27,27,27,27,1,3,2.0,1.0,2.0,1.0,2.89,-0.36,-0.36,35.8,,,,,
CH,2026-07-26,90.2,2.52,5.85,"Morejon, Adrian",677870,670970,,called_strike,,,,,14.0,,R,R,L,MIA,SD,S,,,0,0,2026,0.96,-0.26,0.4659136174697007,1.349730895341053,,,689414.0,2,8,Bot,,,,,,,-7.073476272357945,-131.0411701444399,-4.288505630895856,12.678971562016825,31.069437261102657,-34.37216253831994,3.118200459,1.57367126,,,,89.1,1228.0,6.0,823840,660710,664034,630105,650859,823550,687749,701538,665487,54.52,,,,,,,,69,1,Changeup,3,5,3,5,5,3,3,5,Standard,Standard,100.0,-0.006,-0.041,,,,,0.041,,-2,-2,0.119,0.119,27,25,27,25,1,0,2.0,2.0,2.0,6.0,3.1,0.96,-0.96,42.7,,,,,
CH,2026-07-26,91.4,2.34,5.8,"Morejon, Adrian",677870,670970,,blocked_ball,,,,,13.0,,R,R,L,MIA,SD,B,,,0,1,2026,1.3,-0.46,-1.3144956952938558,0.3047257712365265,,,689414.0,2,8,Bot,,,,,,,-11.81814958431567,-132.28959052658675,-6.490248866210695,17.94126365397789,32.5569668513738,-36.012034740156444,3.118200459,1.57367126,,,,90.0,1289.0,6.1,823840,660710,664034,630105,650859,823550,687749,701538,665487,54.4,,,,,,,,69,2,Changeup,3,5,3,5,5,3,3,5,Standard,Standard,97.0,0.004,0.028,,,,,-0.028,,-2,-2,0.113,0.113,27,25,27,25,1,0,2.0,2.0,2.0,6.0,3.25,1.3,-1.3,39.0,,,,,
SI,2026-07-26,98.5,2.44,5.73,"Morejon, Adrian",677870,670970,,ball,,,,,12.0,,R,R,L,MIA,SD,B,,,1,1,2026,1.43,0.93,1.872946152730506,2.3538948931912835,,,689414.0,2,8,Bot,,,,,,,-4.871135684968252,-143.22841838214674,-5.622057146543592,20.832764406946357,36.57984159159025,-18.213416442127414,3.118200459,1.57367126,,,,97.6,2336.0,6.0,823840,660710,664034,630105,650859,823550,687749,701538,665487,54.45,,,,,,,,69,3,Sinker,3,5,3,5,5,3,3,5,Standard,Standard,137.0,0.006,0.054,,,,,-0.054,,-2,-2,0.117,0.117,27,25,27,25,1,0,2.0,2.0,2.0,6.0,1.44,1.43,-1.43,37.9,,,,,
SI,2026-07-26,98.6,2.48,5.77,"Morejon, Adrian",677870,670970,field_out,hit_into_play,,,,,6.0,Leo Jiménez lines out to right fielder Fernando Tatis Jr.,R,R,L,MIA,SD,X,9.0,line_drive,2,1,2026,1.52,0.86,0.5709095023153667,2.405360762448029,,,689414.0,2,8,Bot,181.9,99.18,,,,,-8.666907027082836,-143.20981055354508,-5.433337955511933,23.00024350033212,36.1239013034344,-19.234814805520504,3.118200459,1.57367126,284.0,96.1,17.0,97.6,2395.0,6.0,823840,660710,664034,630105,650859,823550,687749,701538,665487,54.46,0.523,0.504,0.0,1.0,0.0,0.0,4.0,69,4,Sinker,3,5,3,5,5,3,3,5,Standard,Standard,137.0,-0.047,-0.317,69.8,6.8,,0.69,0.317,96.1,-2,-2,0.123,0.123,27,25,27,25,1,0,2.0,2.0,2.0,6.0,1.51,1.52,-1.52,37.5,-2.2306489674102803,14.21862857209623,29.767025737277375,44.133881452749534,21.9630504625623
SI,2026-07-28,99.4,2.61,5.83,"Morejon, Adrian",681198,670970,,ball,,,,,14.0,,R,L,L,SD,COL,B,,,0,0,2026,1.25,0.94,1.0223443781173591,2.4511276019199126,,,,0,8,Top,,,,,,,-7.243843380923604,-144.55558199508698,-5.868523160507318,19.15170597702227,33.55098411932074,-17.768588649633,3.422736221,1.727362205,,,,99.2,2383.0,6.2,823275,669134,664034,630105,592518,593428,650859,701538,665487,54.31,,,,,,,,67,1,Sinker,6,6,6,6,6,6,6,6,Infield shade,Standard,140.0,-0.007,0.042,,,,,-0.042,,0,0,0.5,0.5,27,26,27,26,1,3,2.0,2.0,4.0,1.0,1.37,1.25,1.25,35.8,,,,,
SI,2026-07-28,99.1,2.58,5.78,"Morejon, Adrian",681198,670970,,called_strike,,,,,5.0,,R,L,L,SD,COL,S,,,1,0,2026,1.43,0.83,0.0154507650231034,2.5631352585871294,,,,0,8,Top,,,,,,,-10.271051878889724,-143.8597279783658,-5.086097546180334,22.191895544181417,34.043104270905275,-19.549207313783217,3.422736221,1.727362205,,,,98.7,2398.0,6.2,823275,669134,664034,630105,592518,593428,650859,701538,665487,54.28,,,,,,,,67,2,Sinker,6,6,6,6,6,6,6,6,Infield shade,Standard,140.0,0.009,-0.055,,,,,0.055,,0,0,0.493,0.507,27,26,27,26,1,3,2.0,2.0,4.0,1.0,1.5,1.43,1.43,34.1,,,,,
SI,2026-07-28,99.1,2.55,5.79,"Morejon, Adrian",681198,670970,,foul,,,,,6.0,,R,L,L,SD,COL,S,,,1,1,2026,1.5,0.92,0.5347929265341183,2.6947857894653815,,,,0,8,Top,,,,,,,-8.993575253886148,-143.93602037455918,-4.9591889983339685,23.019404401217074,35.214429716631415,-18.38353950697328,3.422736221,1.727362205,,,,98.7,2445.0,6.3,823275,669134,664034,630105,592518,593428,650859,701538,665487,54.2,,,,,,,,67,3,Sinker,6,6,6,6,6,6,6,6,Infield shade,Standard,139.0,0.012,-0.06,61.6,4.7,,,0.06,,0,0,0.502,0.498,27,26,27,26,1,3,2.0,2.0,4.0,1.0,1.42,1.5,1.5,35.5,-15.165967041897368,41.61668376533278,39.65908879679124,24.66621978682524,14.78019825186232
CH,2026-07-28,91.6,2.55,5.84,"Morejon, Adrian",681198,670970,,ball,,,,,13.0,,R,L,L,SD,COL,B,,,1,2,2026,0.93,-0.53,-0.4188050915501475,0.2699274592287497,,,,0,8,Top,,,,,,,-9.41605473199252,-132.9943194974054,-6.676042571736718,13.132522311977144,30.69866916481845,-37.02338415464152,3.422736221,1.727362205,,,,91.1,1031.0,6.3,823275,669134,664034,630105,592518,593428,650859,701538,665487,54.22,,,,,,,,67,4,Changeup,6,6,6,6,6,6,6,6,Infield shade,Standard,93.0,-0.007,0.046,,,,,-0.046,,0,0,0.514,0.486,27,26,27,26,1,3,2.0,2.0,4.0,1.0,3.27,0.93,0.93,38.9,,,,,
SL,2026-07-28,91.9,2.77,5.68,"Morejon, Adrian",681198,670970,field_out,hit_into_play,,,,,5.0,TJ Rumfield lines out to center fielder Jackson Merrill.,R,L,L,SD,COL,X,8.0,line_drive,2,2,2026,-0.38,0.07,-0.1761483365551692,2.6172471645946533,,,,0,8,Top,108.93,85.31,,,,,-6.54320359796758,-133.80924581903236,-1.8965843733240044,-3.192777051399484,27.723217978226486,-31.08446865762384,3.422736221,1.727362205,287.0,81.8,29.0,92.2,2828.0,6.3,823275,669134,664034,630105,592518,593428,650859,701538,665487,54.16,0.091,0.094,0.0,1.0,0.0,0.0,3.0,67,5,Slider,6,6,6,6,6,6,6,6,Infield shade,Standard,251.0,0.039,-0.232,67.4,5.9,,0.142,0.232,88.0,0,0,0.507,0.493,27,26,27,26,1,3,2.0,2.0,4.0,1.0,2.61,-0.38,-0.38,36.2,4.597832638002026,9.919830594771414,29.914076879585743,33.967865804266594,31.578524821717593
SI,2026-07-28,100.1,2.64,5.74,"Morejon, Adrian",694249,670970,single,hit_into_play,,,,,6.0,Cole Carrigg singles on a line drive to right fielder Fernando Tatis Jr.,R,R,L,SD,COL,X,9.0,line_drive,0,0,2026,1.43,0.75,0.5116410283403765,2.169408991701588,,,,1,8,Top,167.71,113.3,,,,,-9.22003483114868,-145.405647374526,-6.032968321772457,22.534257345576226,35.372620123434,-20.278118277651444,3.284949147,1.657824803,145.0,94.0,8.0,99.9,2428.0,6.3,823275,669134,664034,630105,592518,593428,650859,701538,665487,54.16,0.509,0.46,0.9,1.0,1.0,0.0,4.0,68,1,Sinker,6,6,6,6,6,6,6,6,Standard,Standard,141.0,-0.048,0.419,76.5,7.1,,0.56,-0.419,94.0,0,0,0.546,0.454,27,24,27,24,1,3,2.0,2.0,4.0,1.0,1.54,1.43,-1.43,38.6,1.56021162903303,21.45254707258085,33.931988555076295,43.79234140280534,24.02089013181031
SI,2026-07-28,100.2,2.34,5.74,"Morejon, Adrian",687859,670970,,ball,,,,,11.0,,R,L,L,SD,COL,B,,,0,0,2026,1.44,0.48,-0.9967411897212716,2.537438477943959,,,694249.0,1,8,Top,,,,,,,-12.56257186152365,-145.37461570261033,-4.413831272280166,23.348827119040592,33.36243784282659,-24.494770995151228,3.159448819,1.594488189,,,,100.3,2370.0,6.4,823275,669134,664034,630105,592518,593428,650859,701538,665487,54.06,,,,,,,,69,1,Sinker,6,6,6,6,6,6,6,6,Standard,Standard,139.0,-0.007,0.034,,,,,-0.034,,0,0,0.498,0.502,27,29,27,29,1,3,2.0,2.0,4.0,1.0,1.8,1.44,1.44,35.3,,,,,
SL,2026-07-28,91.5,2.59,5.62,"Morejon, Adrian",687859,670970,,foul,,,,,7.0,,R,L,L,SD,COL,S,,,1,0,2026,-0.42,0.33,-0.7248651824552834,1.875252051389864,,,694249.0,1,8,Top,,,,,,,-7.339438143799065,-133.1424532801445,-4.1210353098904475,-3.5487922794477824,26.804374372448375,-27.54118129269494,3.159448819,1.594488189,129.0,71.3,71.0,91.9,2840.0,6.4,823275,669134,664034,630105,592518,593428,650859,701538,665487,54.09,,,,,,,,69,2,Slider,6,6,6,6,6,6,6,6,Standard,Standard,265.0,0.01,-0.045,73.0,7.3,,,0.045,88.0,0,0,0.491,0.509,27,29,27,29,1,3,2.0,2.0,4.0,1.0,2.38,-0.42,-0.42,34.3,13.385690825855429,-6.187631956878162,30.361786096569883,42.17049264525131,40.504566106890195
SL,2026-07-28,90.9,2.84,5.64,"Morejon, Adrian",687859,670970,,foul_tip,,,,,12.0,,R,L,L,SD,COL,S,,,1,1,2026,-0.32,0.25,0.9547832658959454,3.395962074766919,,,694249.0,1,8,Top,,,,,,,-3.975163982013128,-132.45892967745715,-0.1211165598749209,-2.9080021092559005,27.665104676491374,-29.4150299886409,3.159448819,1.594488189,,,,91.1,2854.0,6.3,823275,669134,664034,630105,592518,593428,650859,701538,665487,54.21,,,,,,,,69,3,Slider,6,6,6,6,6,6,6,6,Infield shade,Standard,254.0,0.015,-0.067,65.2,5.4,,,0.067,,0,0,0.501,0.499,27,29,27,29,1,3,2.0,2.0,4.0,1.0,2.5,-0.32,-0.32,34.1,4.694588969906449,10.48704460282084,28.48595254845968,23.62846420877602,28.070300318434576
FF,2026-07-28,99.9,2.32,5.87,"Morejon, Adrian",687859,670970,,foul,,,,,2.0,,R,L,L,SD,COL,S,,,1,2,2026,0.41,1.5,-0.2222755176171735,3.1436064860591535,,,694249.0,1,8,Top,,,,,,,-7.912450381511277,-145.20460659802796,-5.508101417435743,7.69178802684138,33.916820199024926,-9.885895818706366,3.159448819,1.594488189,160.0,85.4,10.0,100.0,2558.0,6.4,823275,669134,664034,630105,592518,593428,650859,701538,665487,54.12,,,,,,,,69,4,4-Seam Fastball,6,6,6,6,6,6,6,6,Infield shade,Standard,148.0,0.0,0.0,69.1,5.6,,,0.0,88.0,0,0,0.516,0.484,27,29,27,29,1,3,2.0,2.0,4.0,1.0,0.79,0.41,0.41,39.8,-1.7252750230863114,18.700577623338447,29.437552401530965,37.07989089632903,21.60543071734842
FF,2026-07-28,100.3,2.19,5.83,"Morejon, Adrian",687859,670970,single,hit_into_play,,,,,6.0,Troy Johnston singles on a ground ball to third baseman Manny Machado. Cole Carrigg to 2nd.,R,L,L,SD,COL,X,5.0,ground_ball,1,2,2026,0.72,1.23,0.3031103279100648,2.478578613887511,,,694249.0,1,8,Top,107.22,157.26,,,,,-6.876492561602748,-145.80257661771256,-6.617823036659247,11.88508756092772,36.55895883596201,-13.221978669476368,3.159448819,1.594488189,129.0,66.7,14.0,100.2,2427.0,6.4,823275,669134,664034,630105,592518,593428,650859,701538,665487,54.06,0.349,0.329,0.9,1.0,1.0,0.0,2.0,69,5,4-Seam Fastball,6,6,6,6,6,6,6,6,Infield shade,Standard,132.0,-0.088,0.487,67.5,5.5,,0.389,-0.487,88.0,0,0,0.516,0.484,27,29,27,29,1,3,2.0,2.0,4.0,1.0,1.05,0.72,0.72,39.4,-6.736499950606353,22.21550883481926,38.84339659326571,31.22912921400423,25.3933218245697
CH,2026-07-28,92.1,2.38,5.83,"Morejon, Adrian",650489,670970,,swinging_strike,,,,,13.0,,R,R,L,SD,COL,S,,,0,0,2026,0.66,-0.33,-0.2943329754671218,1.3019534699793152,,694249.0,687859.0,1,8,Top,,,,,,,-8.116318871275025,-133.8517919338596,-4.647712980080352,9.68470278475976,30.28832174476569,-35.24201970253454,3.203330053,1.616633858,,,,91.7,962.0,6.2,823275,669134,664034,630105,592518,593428,650859,701538,665487,54.27,,,,,,,,70,1,Changeup,6,6,6,6,6,6,6,6,Standard,Strategic,101.0,0.013,-0.041,73.8,8.3,1.388908416,,0.041,,0,0,0.428,0.572,27,29,27,29,1,3,2.0,2.0,4.0,1.0,3.03,0.66,-0.66,40.0,15.219077767062409,-23.81401164303125,39.53782178839814,31.61648646957718,39.036017185778505
CH,2026-07-28,91.5,2.4,5.87,"Morejon, Adrian",650489,670970,,swinging_strike,,,,,14.0,,R,R,L,SD,COL,S,,,0,1,2026,0.79,-0.22,0.0843265837706973,1.4153692752455105,,694249.0,687859.0,1,8,Top,,,,,,,-7.471539332021308,-132.96575395431216,-4.6020449664781555,10.935303451238102,28.69262095400724,-33.94134293588948,3.203330053,1.616633858,,,,91.3,1029.0,6.2,823275,669134,664034,630105,592518,593428,650859,701538,665487,54.25,,,,,,,,70,2,Changeup,6,6,6,6,6,6,6,6,Standard,Standard,101.0,0.022,-0.062,78.0,8.1,1.123627536,,0.062,,0,0,0.441,0.559,27,29,27,29,1,3,2.0,2.0,4.0,1.0,2.95,0.79,-0.79,40.4,14.457844457342024,-16.748370076023104,37.38204327881287,36.779312779779815,41.828472877975685
CH,2026-07-28,92.6,2.42,5.89,"Morejon, Adrian",650489,670970,,foul,,,,,5.0,,R,R,L,SD,COL,S,,,0,2,2026,0.86,-0.14,-0.229265872227679,2.166543668953014,,694249.0,687859.0,1,8,Top,,,,,,,-8.543497363913348,-134.52116328370596,-3.1106117762711936,12.32751251019221,30.33557454345412,-33.41011131559189,3.203330053,1.616633858,73.0,100.4,3.0,92.0,1106.0,6.1,823275,669134,664034,630105,592518,593428,650859,701538,665487,54.39,,,,,,,,70,3,Changeup,6,6,6,6,6,6,6,6,Standard,Standard,100.0,0.0,0.0,80.2,7.7,,,0.0,100.4,0,0,0.463,0.537,27,29,27,29,1,3,2.0,2.0,4.0,1.0,2.82,0.86,-0.86,38.9,12.069900466021862,-19.272970958102285,34.46269716933937,32.36187828778474,39.88382279616468
CH,2026-07-28,91.9,2.59,5.82,"Morejon, Adrian",650489,670970,strikeout,swinging_strike,,,,,14.0,Willi Castro strikes out swinging.,R,R,L,SD,COL,S,2.0,,0,2,2026,1.0,-0.36,1.2805625617801466,0.944649503371704,,694249.0,687859.0,1,8,Top,,,,,,,-5.464060420437315,-133.7656070719271,-5.474135675852776,13.220042743730248,27.53031075629882,-35.61575258625414,3.203330053,1.616633858,,,,91.9,1088.0,6.2,823275,669134,664034,630105,592518,593428,650859,701538,665487,54.31,,0.0,0.0,1.0,0.0,0.0,,70,4,Changeup,6,6,6,6,6,6,6,6,Standard,Standard,101.0,0.052,-0.139,70.9,7.9,0.631182768,,0.139,,0,0,0.463,0.537,27,29,27,29,1,3,2.0,2.0,4.0,1.0,3.05,1.0,-1.0,39.5,-0.662438248797125,0.8095105172726412,32.32642736438174,50.108783521250395,24.399894822312405
CH,2026-07-28,92.8,2.47,5.9,"Morejon, Adrian",671289,670970,,foul,,,,,5.0,,R,R,L,SD,COL,S,,,0,0,2026,0.83,-0.32,-0.0082006269603978,2.126643649256341,,694249.0,687859.0,2,8,Top,,,,,,,-8.090313712399777,-134.97616837137988,-2.961455943734622,11.849567655934374,27.91870610426833,-35.6389761822162,3.150672572,1.590059055,,,,92.8,909.0,6.2,823275,669134,664034,630105,592518,593428,650859,701538,665487,54.31,,,,,,,,71,1,Changeup,6,6,6,6,6,6,6,6,Standard,Standard,104.0,0.014,-0.032,74.8,7.3,,,0.032,,0,0,0.515,0.485,27,27,27,27,1,0,2.0,3.0,4.0,1.0,2.96,0.83,-0.83,40.4,8.410359895097793,-9.506649953739304,31.24518547664223,36.3158192639361,34.24830098023548
CH,2026-07-28,92.0,2.48,5.87,"Morejon, Adrian",671289,670970,,swinging_strike,,,,,8.0,,R,R,L,SD,COL,S,,,0,1,2026,0.79,-0.2,0.1607474904347172,1.5313148499082887,,694249.0,687859.0,2,8,Top,,,,,,,-7.50483201021253,-133.72147256037462,-4.40565416777164,11.116881638865348,31.1100165789092,-33.78195897809104,3.150672572,1.590059055,,,,91.3,925.0,6.1,823275,669134,664034,630105,592518,593428,650859,701538,665487,54.38,,,,,,,,71,2,Changeup,6,6,6,6,6,6,6,6,Standard,Standard,100.0,0.023,-0.056,75.4,7.9,0.122077932,,0.056,,0,0,0.529,0.471,27,27,27,27,1,0,2.0,3.0,4.0,1.0,2.92,0.79,-0.79,39.1,14.341631503881857,-11.9237000384055,35.97005401246455,38.599236776017634,35.797998310411295
CH,2026-07-28,93.1,2.54,5.77,"Morejon, Adrian",671289,670970,,blocked_ball,,,,,13.0,,R,R,L,SD,COL,B,,,0,2,2026,0.64,-0.29,-0.3950078147274741,0.365885706509891,,694249.0,687859.0,2,8,Top,,,,,,,-8.841469646950847,-135.1624217167555,-7.105253955748486,9.817431891235405,31.20758225451326,-34.18324081044422,3.150672572,1.590059055,,,,92.7,916.0,6.3,823275,669134,664034,630105,592518,593428,650859,701538,665487,54.18,,,,,,,,71,3,Changeup,6,6,6,6,6,6,6,6,Standard,Strategic,101.0,-0.009,0.012,,,,,-0.012,,0,0,0.552,0.448,27,27,27,27,1,0,2.0,3.0,4.0,1.0,2.94,0.64,-0.64,40.3,,,,,
CH,2026-07-28,92.2,2.5,5.91,"Morejon, Adrian",671289,670970,,ball,,,,,12.0,,R,R,L,SD,COL,B,,,1,2,2026,0.95,-0.22,2.412669010373314,2.760921020098661,,694249.0,687859.0,2,8,Top,,,,,,,-2.304965180781054,-134.2582233554737,-1.4341268155566795,11.956686622791851,31.15638306748829,-34.773164809290826,3.150672572,1.590059055,,,,91.6,1039.0,6.0,823275,669134,664034,630105,592518,593428,650859,701538,665487,54.47,,,,,,,,71,4,Changeup,6,6,6,6,6,6,6,6,Standard,Strategic,105.0,-0.014,0.025,,,,,-0.025,,0,0,0.543,0.457,27,27,27,27,1,0,2.0,3.0,4.0,1.0,2.92,0.95,-0.95,39.2,,,,,
CH,2026-07-28,92.6,2.37,5.88,"Morejon, Adrian",671289,670970,field_error,hit_into_play,,,,,9.0,Tyler Freeman reaches on a fielding error by shortstop Xander Bogaerts. Cole Carrigg to 3rd. Troy Johnston to 2nd.,R,R,L,SD,COL,X,6.0,ground_ball,2,2,2026,1.21,-0.3,0.5330030212257579,1.7124380984336258,,694249.0,687859.0,2,8,Top,115.32,148.14,,,,,-7.297227529985005,-134.6402395290308,-3.90971872225847,16.26965958957698,29.79085450347819,-35.17649053727163,3.150672572,1.590059055,12.0,92.2,-8.0,92.5,1056.0,6.3,823275,669134,664034,630105,592518,593428,650859,701538,665487,54.18,0.234,0.212,0.9,1.0,0.0,0.0,2.0,71,5,Changeup,6,6,6,6,6,6,6,6,Standard,Strategic,106.0,-0.067,0.432,68.5,7.0,,0.249,-0.432,92.2,0,0,0.529,0.471,27,27,27,27,1,0,2.0,3.0,4.0,1.0,2.97,1.21,-1.21,43.2,-2.618471055055609,9.925528139162171,35.21079357870945,42.545637647463025,27.985332105133654
SI,2026-07-28,101.0,2.35,5.81,"Morejon, Adrian",678662,670970,,ball,,,,,12.0,,R,R,L,SD,COL,B,,,0,0,2026,1.19,0.86,0.3856809390739713,3.436914960238181,694249.0,687859.0,671289.0,2,8,Top,,,,,,,-8.285799509029195,-146.88522147969803,-3.2067229961830113,19.137594751042716,33.71883954826043,-19.116559921474128,3.219127297,1.624606299,,,,101.1,2497.0,6.3,823275,669134,664034,630105,592518,593428,650859,701538,665487,54.17,,,,,,,,72,1,Sinker,6,6,6,6,6,6,6,6,Standard,Standard,145.0,-0.023,0.029,,,,,-0.029,,0,0,0.462,0.538,27,24,27,25,1,3,2.0,3.0,4.0,1.0,1.37,1.19,-1.19,41.7,,,,,
FF,2026-07-28,100.5,2.2,5.8,"Morejon, Adrian",678662,670970,,swinging_strike,,,,,1.0,,R,R,L,SD,COL,S,,,1,0,2026,0.64,1.2,-0.6891728255090236,2.826382031633183,694249.0,687859.0,671289.0,2,8,Top,,,,,,,-9.4388779712982,-146.08288643036263,-5.603218576346477,11.297748294982426,33.59638552956655,-13.805382561761904,3.219127297,1.624606299,,,,100.7,2384.0,6.4,823275,669134,664034,630105,592518,593428,650859,701538,665487,54.07,,,,,,,,72,2,4-Seam Fastball,6,6,6,6,6,6,6,6,Standard,Standard,141.0,0.03,-0.041,67.6,5.9,0.466930008,,0.041,,0,0,0.439,0.561,27,24,27,25,1,3,2.0,3.0,4.0,1.0,1.06,0.64,-0.64,47.6,-10.157948052213207,24.14061772669679,40.16677696889179,24.77365906504526,11.06015945063424
FF,2026-07-28,100.5,2.2,5.88,"Morejon, Adrian",678662,670970,,ball,,,,,12.0,,R,R,L,SD,COL,B,,,1,1,2026,0.6,1.15,1.3562467039086326,3.031890685844133,694249.0,687859.0,671289.0,2,8,Top,,,,,,,-3.763280481664906,-146.27597272498627,-5.121436927045574,9.54572766991998,33.7687682952321,-14.662614487468163,3.219127297,1.624606299,,,,100.6,2462.0,6.3,823275,669134,664034,630105,592518,593428,650859,701538,665487,54.19,,,,,,,,72,3,4-Seam Fastball,6,6,6,6,6,6,6,6,Standard,Standard,140.0,-0.03,0.05,,,,,-0.05,,0,0,0.469,0.531,27,24,27,25,1,3,2.0,3.0,4.0,1.0,1.1,0.6,-0.6,42.8,,,,,
SI,2026-07-28,99.7,2.49,5.74,"Morejon, Adrian",678662,670970,,ball,,,,,2.0,,R,R,L,SD,COL,B,,,2,1,2026,1.28,0.71,-0.11111243795819,3.3315303300214216,694249.0,687859.0,671289.0,2,8,Top,,,,,,,-10.10114453740119,-144.80851188970104,-2.7463274157666246,20.41399657784683,32.99549491031851,-21.76248477825786,3.219127297,1.624606299,,,,99.7,2420.0,6.3,823275,669134,664034,630105,592518,593428,650859,701538,665487,54.16,,,,,,,,72,4,Sinker,6,6,6,6,6,6,6,6,Standard,Standard,141.0,-0.068,0.121,,,,,-0.121,,0,0,0.439,0.561,27,24,27,25,1,3,2.0,3.0,4.0,1.0,1.59,1.28,-1.28,37.3,,,,,
FF,2026-07-28,100.0,2.24,5.83,"Morejon, Adrian",678662,670970,,foul,,,,,2.0,,R,R,L,SD,COL,S,,,3,1,2026,0.61,1.07,-0.2519571977291475,3.102129645116593,694249.0,687859.0,671289.0,2,8,Top,,,,,,,-8.243541168308365,-145.45356460612388,-4.550413890164751,10.596028885400033,33.13721226850352,-16.025531199044913,3.219127297,1.624606299,179.0,84.0,13.0,100.2,2435.0,6.4,823275,669134,664034,630105,592518,593428,650859,701538,665487,54.14,,,,,,,,72,5,4-Seam Fastball,6,6,6,6,6,6,6,6,Standard,Standard,141.0,0.057,-0.126,54.4,5.4,,,0.126,88.0,0,0,0.371,0.629,27,24,27,25,1,3,2.0,3.0,4.0,1.0,1.2,0.61,-0.61,40.7,-12.432701794498785,30.79915988483189,31.765761503114444,30.27064640126686,7.091278864596477
FF,2026-07-28,99.9,2.26,5.84,"Morejon, Adrian",678662,670970,walk,ball,,,,,11.0,Ezequiel Tovar walks. Cole Carrigg scores. Troy Johnston to 3rd. Tyler Freeman to 2nd.,R,R,L,SD,COL,B,,,3,2,2026,0.42,1.33,-0.0915097544048098,4.203371225193399,694249.0,687859.0,671289.0,2,8,Top,,,,,,,-7.413714201784028,-145.31166194616534,-2.1641970874714795,7.703380689455492,33.299225393724484,-13.045596860619082,3.219127297,1.624606299,,,,100.0,2381.0,6.3,823275,669134,664034,630105,592518,593428,650859,701538,665487,54.19,,0.698418,0.7,1.0,0.0,0.0,,72,6,4-Seam Fastball,6,6,6,6,7,6,7,6,Standard,Strategic,144.0,-0.193,0.317,,,,,-0.317,,0,0,0.428,0.572,27,24,27,25,1,3,2.0,3.0,4.0,1.0,0.95,0.42,-0.42,43.1,,,,,
SI,2026-07-28,100.8,2.38,5.7,"Morejon, Adrian",664983,670970,,foul_bunt,,,,,3.0,,R,L,L,SD,COL,S,,,0,0,2026,1.52,0.57,0.6019208520889601,3.055216145483486,687859.0,671289.0,678662.0,2,8,Top,,,,,,,-8.530221899725124,-146.45982197263345,-3.1550467118783363,23.87964127934259,36.82769147504525,-23.357078467126037,3.228781168,1.629478347,,,,100.4,2377.0,6.3,823275,669134,664034,630105,592518,593428,650859,701538,665487,54.22,,,,,,,,73,1,Sinker,6,7,7,6,7,6,7,6,Standard,Standard,142.0,0.011,-0.04,17.5,2.2,,,0.04,,-1,1,0.235,0.765,27,28,27,29,1,4,2.0,2.0,4.0,1.0,1.69,1.52,1.52,43.2,-16.28620010272028,-1.1094202785371683,16.022574017775334,25.77546113300397,47.72412774879956
SI,2026-07-28,100.5,2.33,5.73,"Morejon, Adrian",664983,670970,,foul,,,,,2.0,,R,L,L,SD,COL,S,,,0,1,2026,1.41,0.81,-0.1588410917738028,2.9124048291402738,687859.0,671289.0,678662.0,2,8,Top,,,,,,,-10.177924597997112,-145.96758828394974,-4.179627742797179,22.529151200599983,35.178969247065595,-19.820726516680537,3.228781168,1.629478347,3.0,79.6,-45.0,100.2,2503.0,6.3,823275,669134,664034,630105,592518,593428,650859,701538,665487,54.22,,,,,,,,73,2,Sinker,6,7,7,6,7,6,7,6,Standard,Standard,137.0,0.018,-0.052,50.3,4.6,,,0.052,88.0,-1,1,0.246,0.754,27,28,27,29,1,4,2.0,2.0,4.0,1.0,1.46,1.41,1.41,34.9,-21.256261986130035,54.94494410127751,28.882418782707138,38.05490750676012,1.3344638670156757
FF,2026-07-28,99.7,2.36,5.8,"Morejon, Adrian",664983,670970,,foul,,,,,12.0,,R,L,L,SD,COL,S,,,0,2,2026,0.52,1.26,0.2246100643242818,3.376256160482132,687859.0,671289.0,678662.0,2,8,Top,,,,,,,-7.047953921827531,-145.05062815122096,-4.106612914445059,9.006063504042336,32.97808942140516,-13.615033400867858,3.228781168,1.629478347,145.0,64.2,60.0,99.8,2501.0,6.3,823275,669134,664034,630105,592518,593428,650859,701538,665487,54.22,,,,,,,,73,3,4-Seam Fastball,6,7,7,6,7,6,7,6,Standard,Standard,147.0,0.0,0.0,62.0,5.9,,,0.0,88.0,-1,1,0.264,0.736,27,28,27,29,1,4,2.0,2.0,4.0,1.0,1.03,0.52,0.52,42.8,-0.8881088859900803,13.964530551788243,24.818273724734567,34.232079363252694,22.01504755236035
FF,2026-07-28,99.0,2.32,5.88,"Morejon, Adrian",664983,670970,,foul,,,,,12.0,,R,L,L,SD,COL,S,,,0,2,2026,0.5,1.33,0.5844242519215477,3.437449393290267,687859.0,671289.0,678662.0,2,8,Top,,,,,,,-5.8593507657598725,-144.02131639302686,-4.170562165514467,8.418998055549393,35.70232068476242,-12.974178686832522,3.228781168,1.629478347,194.0,69.7,52.0,98.7,2587.0,6.3,823275,669134,664034,630105,592518,593428,650859,701538,665487,54.21,,,,,,,,73,4,4-Seam Fastball,6,7,7,6,7,6,7,6,Standard,Standard,149.0,0.0,0.0,69.3,5.8,,,0.0,88.0,-1,1,0.264,0.736,27,28,27,29,1,4,2.0,2.0,4.0,1.0,1.01,0.5,0.5,42.3,-2.862840494170794,2.794536770779636,25.658135947512942,30.14938377975386,24.905001595999384
SL,2026-07-28,92.2,2.62,5.69,"Morejon, Adrian",664983,670970,,foul,,,,,4.0,,R,L,L,SD,COL,S,,,0,2,2026,-0.5,-0.01,-0.405164100365493,2.159237713753077,687859.0,671289.0,678662.0,2,8,Top,,,,,,,-6.494753281858976,-134.2032405066992,-2.8976615519320337,-4.537922241590745,29.877082167826945,-31.907796329463164,3.228781168,1.629478347,272.0,84.2,23.0,92.3,2812.0,6.4,823275,669134,664034,630105,592518,593428,650859,701538,665487,54.12,,,,,,,,73,5,Slider,6,7,7,6,7,6,7,6,Strategic,Standard,269.0,0.0,0.0,,,,,0.0,88.0,-1,1,0.264,0.736,27,28,27,29,1,4,2.0,2.0,4.0,1.0,2.7,-0.5,-0.5,36.8,,,,,
SI,2026-07-28,100.3,2.46,5.74,"Morejon, Adrian",664983,670970,field_out,hit_into_play,,,,,12.0,"Jake McCarthy grounds out softly, pitcher Adrian Morejon to first baseman Ty France.",R,L,L,SD,COL,X,1.0,ground_ball,0,2,2026,1.56,0.47,0.6271039118076369,3.581380691565491,687859.0,671289.0,678662.0,2,8,Top,128.63,188.43,,,,,-8.739052450977791,-145.81306263670518,-1.5371084232666536,24.377106715597023,36.20375646817619,-25.36520606420978,3.228781168,1.629478347,0.0,41.4,-88.0,100.0,2354.0,6.3,823275,669134,664034,630105,592518,593428,650859,701538,665487,54.22,0.186,0.167,0.0,1.0,0.0,0.0,1.0,73,6,Sinker,6,7,7,6,7,6,7,6,Strategic,Standard,140.0,0.044,-0.158,64.9,5.1,,0.194,0.158,88.0,-1,1,0.264,0.736,27,28,27,29,1,4,2.0,2.0,4.0,1.0,1.81,1.56,1.56,35.7,-8.831422222207802,24.868434112880625,18.320909802169464,28.457448306654328,19.964375148221293
SI,2026-08-01,99.0,2.45,5.91,"Morejon, Adrian",678545,670970,,foul,,,,,13.0,,R,R,L,SD,SF,S,,,0,0,2026,1.28,0.73,-0.1912137304015126,1.2659156369688274,691740.0,,,2,6,Top,,,,,,,-10.097582923216343,-143.66353234827125,-8.664439596442538,20.08142977864695,33.200390705694836,-20.09891767751572,3.18402231,1.606889764,1.0,59.2,-43.0,98.5,2511.0,6.2,823269,666023,664034,630105,592518,593428,687749,701538,665487,54.32,,,,,,,,49,1,Sinker,4,3,3,4,3,4,3,4,Standard,Standard,146.0,0.009,-0.034,,,,,0.034,88.0,1,-1,0.679,0.321,27,25,27,26,1,2,4.0,1.0,1.0,1.0,1.6,1.28,-1.28,39.7,,,,,
FF,2026-08-01,98.4,2.45,5.98,"Morejon, Adrian",678545,670970,,foul,,,,,3.0,,R,R,L,SD,SF,S,,,0,1,2026,0.33,1.28,0.4834819786273261,2.7993650118158553,691740.0,,,2,6,Top,,,,,,,-6.0036457965608845,-143.15381515904684,-5.937706633830283,5.958883948961625,34.73494989355303,-13.43994958561058,3.18402231,1.606889764,213.0,74.8,52.0,97.8,2517.0,6.1,823269,666023,664034,630105,592518,593428,687749,701538,665487,54.42,,,,,,,,49,2,4-Seam Fastball,4,3,3,4,3,4,3,4,Standard,Standard,138.0,0.015,-0.06,73.5,6.9,,,0.06,88.0,1,-1,0.688,0.312,27,25,27,26,1,2,4.0,1.0,1.0,1.0,1.09,0.33,-0.33,46.8,2.5462185596590716,14.588579906304377,24.16778417824223,43.50254283092649,21.252085175558776
FF,2026-08-01,98.3,2.33,6.03,"Morejon, Adrian",678545,670970,,foul,,,,,12.0,,R,R,L,SD,SF,S,,,0,2,2026,0.53,1.26,0.2550499774057803,3.6035121037736744,691740.0,,,2,6,Top,,,,,,,-6.797208899981182,-143.0502662844297,-3.8963909433521513,8.880476093838157,33.59050332189212,-14.203819871673112,3.18402231,1.606889764,259.0,77.2,37.0,98.1,2505.0,6.2,823269,666023,664034,630105,592518,593428,687749,701538,665487,54.27,,,,,,,,49,3,4-Seam Fastball,4,3,3,4,3,4,3,4,Standard,Standard,142.0,0.0,0.0,71.3,6.5,,,0.0,88.0,1,-1,0.703,0.297,27,25,27,26,1,2,4.0,1.0,1.0,1.0,1.1,0.53,-0.53,48.3,8.644203217173752,13.050722954886444,14.85317840582085,40.19112713650938,23.95924773315157
CH,2026-08-01,92.0,2.63,5.9,"Morejon, Adrian",678545,670970,field_out,hit_into_play,,,,,6.0,"Osleivis Basabe grounds out, shortstop Xander Bogaerts to first baseman Ty France.",R,R,L,SD,SF,X,6.0,ground_ball,0,2,2026,-0.04,0.23,0.5689356982119471,2.2014102059435143,691740.0,,,2,6,Top,113.39,150.33,,,,,-5.047692455227388,-133.87461198261968,-3.765034935526902,0.6772930437685734,31.05720790472347,-28.729834253754543,3.18402231,1.606889764,15.0,103.0,-8.0,91.3,883.0,6.0,823269,666023,664034,630105,592518,593428,687749,701538,665487,54.46,0.351,0.335,0.0,1.0,0.0,0.0,2.0,49,4,Changeup,4,3,3,4,3,4,3,4,Standard,Standard,112.0,0.037,-0.211,74.1,7.3,,0.364,0.211,103.0,1,-1,0.703,0.297,27,25,27,26,1,2,4.0,1.0,1.0,1.0,2.48,-0.04,0.04,41.3,6.781843662438077,6.561209683494677,22.62554155221759,45.58358032626092,27.683286683497872
SI,2026-08-01,99.0,2.59,5.91,"Morejon, Adrian",805811,670970,,called_strike,,,,,5.0,,R,L,L,SD,SF,S,,,0,0,2026,1.31,0.89,-0.0922973395402841,2.610722493546658,,,,0,7,Top,,,,,,,-10.248103008435695,-143.70267072346573,-5.405297744238479,20.551870450199303,33.713113148229326,-18.76049197425784,3.541215551,1.787155512,,,,98.2,2443.0,6.0,823269,666023,664034,630105,592518,593428,687749,701538,665487,54.47,,,,,,,,54,1,Sinker,5,3,3,5,3,5,3,5,Infield shade,Standard,137.0,0.005,-0.041,,,,,0.041,,2,-2,0.815,0.185,27,21,27,22,1,3,4.0,1.0,1.0,1.0,1.45,1.31,1.31,36.1,,,,,
SI,2026-08-01,98.2,2.46,5.91,"Morejon, Adrian",805811,670970,,swinging_strike,,,,,12.0,,R,L,L,SD,SF,S,,,0,1,2026,1.43,0.89,1.2278322562337598,2.90998828756813,,,,0,7,Top,,,,,,,-6.618314101945615,-142.7255580416476,-4.47444735787551,21.118904808816364,34.769048614208906,-19.17328403208645,3.541215551,1.787155512,,,,97.3,2429.0,6.0,823269,666023,664034,630105,592518,593428,687749,701538,665487,54.54,,,,,,,,54,2,Sinker,5,3,3,5,3,5,3,5,Infield shade,Standard,142.0,0.009,-0.054,53.6,6.2,1.643897772,,0.054,,2,-2,0.82,0.18,27,21,27,22,1,3,4.0,1.0,1.0,1.0,1.49,1.43,1.43,36.9,4.760433620934074,-12.229305588298573,29.542172109602333,20.709375836151295,23.921642921327425
SI,2026-08-01,98.7,2.44,5.86,"Morejon, Adrian",805811,670970,,foul,,,,,6.0,,R,L,L,SD,SF,S,,,0,2,2026,1.35,0.75,0.7701464766359187,2.567776801383315,,,,0,7,Top,,,,,,,-7.627020669073522,-143.5252047762704,-5.051365283699669,20.42645255513956,34.512260360151956,-20.76318318972748,3.541215551,1.787155512,6.0,93.0,-23.0,98.1,2494.0,6.1,823269,666023,664034,630105,592518,593428,687749,701538,665487,54.43,,,,,,,,54,3,Sinker,5,3,3,5,3,5,3,5,Infield shade,Standard,138.0,0.0,0.0,73.2,7.3,,,0.0,93.0,2,-2,0.829,0.171,27,21,27,22,1,3,4.0,1.0,1.0,1.0,1.6,1.35,1.35,35.6,16.2665334192206,-15.24215943700453,34.56071137076333,26.546200973082087,35.938664331865255
SL,2026-08-01,91.4,2.54,5.8,"Morejon, Adrian",805811,670970,,ball,,,,,13.0,,R,L,L,SD,SF,B,,,0,2,2026,-0.27,0.15,-1.1937846756580597,1.2646866001191173,,,,0,7,Top,,,,,,,-8.674082037052143,-132.893661704996,-5.651325175085172,-1.452751216319189,27.289468822494964,-29.38356471229646,3.541215551,1.787155512,,,,91.5,2895.0,6.3,823269,666023,664034,630105,592518,593428,687749,701538,665487,54.22,,,,,,,,54,4,Slider,5,3,3,5,3,5,3,5,Infield shade,Standard,258.0,-0.004,0.022,,,,,-0.022,,2,-2,0.829,0.171,27,21,27,22,1,3,4.0,1.0,1.0,1.0,2.57,-0.27,-0.27,37.2,,,,,
SL,2026-08-01,88.5,2.59,5.79,"Morejon, Adrian",805811,670970,strikeout,swinging_strike,,,,,13.0,Bryce Eldridge strikes out swinging.,R,L,L,SD,SF,S,2.0,,1,2,2026,-0.57,0.1,-0.4847077533621165,1.6506639218920478,,,,0,7,Top,,,,,,,-6.148801791040315,-128.7459860298143,-3.9977730330231456,-5.126667723800437,26.013382985982517,-30.42123749910527,3.541215551,1.787155512,,,,88.1,2947.0,6.0,823269,666023,664034,630105,592518,593428,687749,701538,665487,54.48,,0.0,0.0,1.0,0.0,0.0,,54,5,Slider,5,3,3,5,3,5,3,5,Infield shade,Standard,280.0,0.024,-0.187,73.8,8.1,8.713448784,,0.187,,2,-2,0.825,0.175,27,21,27,22,1,3,4.0,1.0,1.0,1.0,2.8,-0.57,-0.57,34.4,25.50082097016036,-28.2848213302957,35.18487838958003,40.52454714554605,51.430758133730706
SL,2026-08-01,87.8,2.64,5.83,"Morejon, Adrian",808982,670970,,called_strike,,,,,8.0,,R,L,L,SD,SF,S,,,0,0,2026,-0.5,0.02,0.0873263730325121,1.6750963668040169,,,,1,7,Top,,,,,,,-5.0438308381789145,-127.81962273561162,-3.6935717101284697,-4.3186872901241165,27.999251715813,-31.411506918751726,3.22351542,1.626820866,,,,87.3,3017.0,6.1,823269,666023,664034,630105,592518,593428,687749,701538,665487,54.4,,,,,,,,55,1,Slider,5,3,3,5,3,5,3,5,Strategic,Standard,281.0,0.004,-0.041,,,,,0.041,,2,-2,0.849,0.151,27,27,27,28,1,3,4.0,1.0,1.0,1.0,2.95,-0.5,-0.5,37.2,,,,,
SI,2026-08-01,99.7,2.39,5.84,"Morejon, Adrian",808982,670970,,called_strike,,,,,8.0,,R,L,L,SD,SF,S,,,0,1,2026,1.33,0.98,0.0699286959533551,1.962543440752202,,,,1,7,Top,,,,,,,-9.44578978246627,-144.69093444150562,-7.259109368345776,21.03975753288858,37.80804446482927,-16.809290190524834,3.22351542,1.626820866,,,,98.8,2477.0,6.2,823269,666023,664034,630105,592518,593428,687749,701538,665487,54.29,,,,,,,,55,2,Sinker,5,3,3,5,3,5,3,5,Standard,Standard,139.0,0.006,-0.057,,,,,0.057,,2,-2,0.853,0.147,27,27,27,28,1,3,4.0,1.0,1.0,1.0,1.35,1.33,1.33,35.6,,,,,
SI,2026-08-01,99.3,2.5,5.81,"Morejon, Adrian",808982,670970,strikeout,called_strike,,,,,1.0,Jung Hoo Lee called out on strikes.,R,L,L,SD,SF,S,2.0,,0,2,2026,1.33,0.95,-0.387678291592201,2.8404779543606997,,,,1,7,Top,,,,,,,-10.879180358426524,-144.05466784156124,-4.6688958570360395,21.140347503567867,37.28890975023252,-17.968010368124965,3.22351542,1.626820866,,,,98.1,2502.0,6.0,823269,666023,664034,630105,592518,593428,687749,701538,665487,54.46,,0.0,0.0,1.0,0.0,0.0,,55,3,Sinker,5,3,3,5,3,5,3,5,Infield shade,Standard,138.0,0.014,-0.163,,,,,0.163,,2,-2,0.859,0.141,27,27,27,28,1,3,4.0,1.0,1.0,1.0,1.39,1.33,1.33,38.6,,,,,
SI,2026-08-01,99.5,2.39,5.84,"Morejon, Adrian",671218,670970,,called_strike,,,,,8.0,,R,R,L,SD,SF,S,,,0,0,2026,1.32,0.94,-0.0549338716310294,2.0545678631558006,,,,2,7,Top,,,,,,,-9.725414636584,-144.4162417551681,-6.920905082494407,20.820202967176595,36.204498386837635,-17.497009416059413,3.18402231,1.606889764,,,,98.8,2467.0,6.2,823269,666023,664034,630105,592518,593428,687749,701538,665487,54.3,,,,,,,,56,1,Sinker,5,3,3,5,3,5,3,5,Standard,Standard,141.0,0.002,-0.045,,,,,0.045,,2,-2,0.873,0.127,27,26,27,27,1,3,4.0,1.0,1.0,1.0,1.39,1.32,-1.32,42.9,,,,,
SI,2026-08-01,99.5,2.67,5.85,"Morejon, Adrian",671218,670970,,swinging_strike,,,,,2.0,,R,R,L,SD,SF,S,,,0,1,2026,1.38,0.95,0.0677408423333638,2.9651152248635464,,,,2,7,Top,,,,,,,-10.258487824185703,-144.49028740915696,-4.50019402366747,21.81127173925421,36.62266065122737,-17.955617714199327,3.18402231,1.606889764,,,,98.5,2524.0,6.0,823269,666023,664034,630105,592518,593428,687749,701538,665487,54.45,,,,,,,,56,2,Sinker,5,3,3,5,3,5,3,5,Standard,Standard,140.0,0.004,-0.062,70.1,6.1,0.1,,0.062,,2,-2,0.875,0.125,27,26,27,27,1,3,4.0,1.0,1.0,1.0,1.38,1.38,-1.38,34.5,6.788395666815395,19.98097661741883,31.54156452467228,38.63469764929166,15.5558214075197
SI,2026-08-01,100.1,2.44,5.85,"Morejon, Adrian",671218,670970,,ball,,,,,11.0,,R,R,L,SD,SF,B,,,0,2,2026,1.32,0.88,-0.9284263986124736,2.8163065198338777,,,,2,7,Top,,,,,,,-12.278980270758794,-145.20288561270286,-4.842567672878859,21.55155939207821,35.21990038384705,-18.75497955877315,3.18402231,1.606889764,,,,99.6,2492.0,6.3,823269,666023,664034,630105,592518,593428,687749,701538,665487,54.21,,,,,,,,56,3,Sinker,5,3,3,5,3,5,3,5,Standard,Standard,137.0,-0.002,0.028,,,,,-0.028,,2,-2,0.879,0.121,27,26,27,27,1,3,4.0,1.0,1.0,1.0,1.42,1.32,-1.32,41.9,,,,,
FF,2026-08-01,100.0,2.3,5.92,"Morejon, Adrian",671218,670970,strikeout,swinging_strike,,,,,1.0,Heliot Ramos strikes out swinging.,R,R,L,SD,SF,S,2.0,,1,2,2026,0.61,1.35,-0.3789965864139211,3.080339627656972,,,,2,7,Top,,,,,,,-8.746770212779595,-145.26024387705058,-5.468363567923746,10.768175650618002,35.159521565689765,-11.923823419822249,3.18402231,1.606889764,,,,99.7,2502.0,6.3,823269,666023,664034,630105,592518,593428,687749,701538,665487,54.23,,0.0,0.0,1.0,0.0,0.0,,56,4,4-Seam Fastball,5,3,3,5,3,5,3,5,Standard,Standard,143.0,0.01,-0.183,67.1,5.8,0.650388156,,0.183,,2,-2,0.877,0.123,27,26,27,27,1,3,4.0,1.0,1.0,1.0,0.94,0.61,-0.61,41.6,0.6650168568503997,24.59103572252498,30.95544550925997,31.808809991043415,17.11281321198086
CH,2026-08-02,92.0,2.73,5.94,"Morejon, Adrian",642715,670970,,blocked_ball,,,,,14.0,,R,R,L,SD,SF,B,,,0,0,2026,0.68,0.32,0.0438998496618452,-0.4576319423714277,808982.0,,,2,8,Top,,,,,,,-8.15096928936562,-133.4844847144527,-10.729129451147774,9.73655760450517,25.449778876878725,-26.38949445647513,3.22351542,1.626820866,,,,91.7,912.0,6.0,823270,669134,664034,630105,823550,593428,650859,701538,687749,54.49,,,,,,,,67,1,Changeup,5,4,4,5,4,5,4,5,Standard,Standard,106.0,-0.003,0.03,,,,,-0.03,,1,-1,0.771,0.229,27,30,27,31,1,3,1.0,1.0,4.0,1.0,2.37,0.68,-0.68,39.9,,,,,
CH,2026-08-02,90.4,2.61,6.01,"Morejon, Adrian",642715,670970,,ball,,,,,14.0,,R,R,L,SD,SF,B,,,1,0,2026,0.58,-0.64,1.3070073438210752,2.0190263375128104,808982.0,,,2,8,Top,,,,,,,-4.439731543428908,-131.71135167730253,-2.41499179649857,7.658453397314706,26.27841503911497,-39.38354549178774,3.22351542,1.626820866,,,,90.1,953.0,5.9,823270,669134,664034,630105,823550,593428,650859,701538,687749,54.57,,,,,,,,67,2,Changeup,5,4,4,5,4,5,4,5,Standard,Standard,103.0,-0.005,0.021,,,,,-0.021,,1,-1,0.768,0.232,27,30,27,31,1,3,1.0,1.0,4.0,1.0,3.41,0.58,-0.58,39.9,,,,,
SI,2026-08-02,99.9,2.56,5.91,"Morejon, Adrian",642715,670970,,called_strike,,,,,5.0,,R,R,L,SD,SF,S,,,2,0,2026,1.33,0.7,-0.1110422064177227,2.5246303392659377,808982.0,,,2,8,Top,,,,,,,-10.38785198047097,-145.12042612040992,-5.38607828450383,21.1358926378125,32.73316570144145,-21.209328227443,3.22351542,1.626820866,,,,99.6,2422.0,6.1,823270,669134,664034,630105,823550,593428,650859,701538,687749,54.37,,,,,,,,67,3,Sinker,5,4,4,5,4,5,4,5,Standard,Standard,140.0,0.005,-0.024,,,,,0.024,,1,-1,0.763,0.237,27,30,27,31,1,3,1.0,1.0,4.0,1.0,1.59,1.33,-1.33,38.8,,,,,
FF,2026-08-02,99.4,2.43,6.0,"Morejon, Adrian",642715,670970,,swinging_strike,,,,,12.0,,R,R,L,SD,SF,S,,,2,1,2026,0.69,1.3,0.6077331383244864,3.662692886540315,808982.0,,,2,8,Top,,,,,,,-6.529538452625143,-144.66044922197634,-3.912860021327672,11.166527569047584,33.92895651512804,-13.20790637461507,3.22351542,1.626820866,,,,99.0,2495.0,6.1,823270,669134,664034,630105,823550,593428,650859,701538,687749,54.41,,,,,,,,67,4,4-Seam Fastball,5,4,4,5,4,5,4,5,Standard,Standard,145.0,0.017,-0.056,72.7,7.6,2.707913196,,0.056,,1,-1,0.768,0.232,27,30,27,31,1,3,1.0,1.0,4.0,1.0,1.01,0.69,-0.69,42.1,12.36650308803928,16.718854139421605,24.65340774595079,44.327453988813865,16.69399012014128
CH,2026-08-02,91.6,2.64,5.94,"Morejon, Adrian",642715,670970,strikeout,swinging_strike,,,,,14.0,Willy Adames strikes out swinging.,R,R,L,SD,SF,S,2.0,,2,2,2026,0.79,-0.56,0.4672552965789729,1.1015105231032618,808982.0,,,2,8,Top,,,,,,,-7.1139976939642295,-133.21420207269352,-4.855528632378957,10.945004349357427,27.812365206166888,-38.0661200967203,3.22351542,1.626820866,,,,91.4,974.0,6.1,823270,669134,664034,630105,823550,593428,650859,701538,687749,54.38,,0.0,0.0,1.0,0.0,0.0,,67,5,Changeup,5,4,4,5,4,5,4,5,Standard,Standard,103.0,0.082,-0.273,74.5,9.0,4.348295532,,0.273,,1,-1,0.785,0.215,27,30,27,31,1,3,1.0,1.0,4.0,1.0,3.28,0.79,-0.79,44.1,25.695100985555847,-13.674334178034885,34.81227729628744,42.50172534656398,38.91261142687439
CH,2026-08-02,91.8,2.81,5.93,"Morejon, Adrian",683766,670970,,called_strike,,,,,14.0,,R,R,L,SD,SF,S,,,0,0,2026,0.8,-0.12,0.961975617396514,1.525158048277356,,,,0,9,Top,,,,,,,-6.3344001562224035,-133.4828453368537,-4.707010619117195,10.96988894607014,31.00561267407038,-32.69485016898006,3.254232283,1.642322835,,,,91.0,943.0,6.0,823270,669134,664034,630105,823550,593428,650859,701538,687749,54.51,,,,,,,,73,1,Changeup,5,4,4,5,4,5,4,5,Standard,Standard,106.0,0.011,-0.041,,,,,0.041,,1,-1,0.835,0.165,27,28,27,28,1,0,1.0,1.0,4.0,1.0,2.84,0.8,-0.8,40.4,,,,,
CH,2026-08-02,91.6,2.76,5.97,"Morejon, Adrian",683766,670970,,swinging_strike,,,,,14.0,,R,R,L,SD,SF,S,,,0,1,2026,0.92,-0.15,0.5759761044440055,0.426131077168784,,,,0,9,Top,,,,,,,-7.390070745121769,-133.04281679110858,-7.392780984611139,12.558503703706188,31.41445838029111,-32.33155636166566,3.254232283,1.642322835,,,,90.5,904.0,6.0,823270,669134,664034,630105,823550,593428,650859,701538,687749,54.54,,,,,,,,73,2,Changeup,5,4,4,5,4,5,4,5,Standard,Standard,104.0,0.018,-0.054,70.2,7.5,6.060817608,,0.054,,1,-1,0.846,0.154,27,28,27,28,1,0,1.0,1.0,4.0,1.0,2.89,0.92,-0.92,39.8,12.339212181552604,1.3540068640777785,36.05444087517568,44.83804271452705,26.54706569723551
CH,2026-08-02,92.1,2.61,5.92,"Morejon, Adrian",683766,670970,,ball,,,,,14.0,,R,R,L,SD,SF,B,,,0,2,2026,0.79,-0.32,1.9251130503820388,0.7987788546822747,,,,0,9,Top,,,,,,,-3.449374846243314,-134.02008024449302,-6.176044386401199,10.31081077693006,28.858285867869625,-34.85947525270943,3.254232283,1.642322835,,,,91.5,905.0,5.9,823270,669134,664034,630105,823550,593428,650859,701538,687749,54.57,,,,,,,,73,3,Changeup,5,4,4,5,4,5,4,5,Standard,Standard,106.0,-0.007,0.022,,,,,-0.022,,1,-1,0.864,0.136,27,28,27,28,1,0,1.0,1.0,4.0,1.0,3.0,0.79,-0.79,41.8,,,,,
FF,2026-08-02,100.2,2.42,5.96,"Morejon, Adrian",683766,670970,,foul,,,,,2.0,,R,R,L,SD,SF,S,,,1,2,2026,0.41,1.15,0.0311043601715036,2.9870564497114622,,,,0,9,Top,,,,,,,-7.48951293618209,-145.76584088225928,-5.433264497165782,7.5792174164684205,31.98740620271334,-14.676017138216972,3.254232283,1.642322835,239.0,75.6,31.0,100.3,2427.0,6.2,823270,669134,664034,630105,823550,593428,650859,701538,687749,54.32,,,,,,,,73,4,4-Seam Fastball,5,4,4,5,4,5,4,5,Standard,Standard,141.0,0.0,0.0,64.0,5.6,,,0.0,88.0,1,-1,0.857,0.143,27,28,27,28,1,0,1.0,1.0,4.0,1.0,1.11,0.41,-0.41,44.7,-3.8853424130703873,32.3770989788543,26.650891065006096,38.00432612714141,13.711225122545551
CH,2026-08-02,92.4,2.67,5.87,"Morejon, Adrian",683766,670970,,ball,,,,,14.0,,R,R,L,SD,SF,B,,,1,2,2026,1.1,0.09,0.8230539444725102,1.0243690367934568,,,,0,9,Top,,,,,,,-7.024096676708598,-134.37064854103852,-6.415846327314153,14.867912751917888,28.986499504334844,-29.90418198159748,3.254232283,1.642322835,,,,91.9,972.0,6.0,823270,669134,664034,630105,823550,593428,650859,701538,687749,54.51,,,,,,,,73,5,Changeup,5,4,4,5,4,5,4,5,Standard,Standard,107.0,-0.011,0.046,,,,,-0.046,,1,-1,0.857,0.143,27,28,27,28,1,0,1.0,1.0,4.0,1.0,2.58,1.1,-1.1,39.2,,,,,
CH,2026-08-02,92.6,2.6,5.91,"Morejon, Adrian",683766,670970,strikeout,swinging_strike,,,,,14.0,Christian Koss strikes out swinging.,R,R,L,SD,SF,S,2.0,,2,2,2026,0.73,-0.05,0.5035805060913303,0.9711048871630004,,,,0,9,Top,,,,,,,-6.85394215093371,-134.6056115199297,-6.390678007405845,10.3403570614824,28.91371807142288,-31.58875744480566,3.254232283,1.642322835,,,,92.1,1032.0,6.0,823270,669134,664034,630105,823550,593428,650859,701538,687749,54.47,,0.0,0.0,1.0,0.0,0.0,,73,6,Changeup,5,4,4,5,4,5,4,5,Standard,Standard,99.0,0.062,-0.232,49.8,7.3,3.161341104,,0.232,,1,-1,0.846,0.154,27,28,27,28,1,0,1.0,1.0,4.0,1.0,2.71,0.73,-0.73,41.0,11.848827905546072,10.16661728564402,32.37288624406061,44.01144059441256,23.67027595939872
CH,2026-08-02,92.9,2.58,5.93,"Morejon, Adrian",691740,670970,,ball,,,,,14.0,,R,R,L,SD,SF,B,,,0,0,2026,0.8,-0.27,0.6044815486000878,0.918792549781292,,,,1,9,Top,,,,,,,-6.723332987230205,-134.99248369560982,-6.125489378416917,11.269051948648723,30.822262889144135,-34.2318753133375,3.418348097,1.725147638,,,,92.2,1042.0,6.1,823270,669134,664034,630105,823550,593428,650859,701538,687749,54.43,,,,,,,,74,1,Changeup,5,4,4,5,4,5,4,5,Standard,Standard,108.0,-0.008,0.041,,,,,-0.041,,1,-1,0.908,0.092,27,25,27,25,1,0,1.0,1.0,4.0,1.0,2.93,0.8,-0.8,40.0,,,,,
SI,2026-08-02,100.7,2.61,5.81,"Morejon, Adrian",691740,670970,,swinging_strike,,,,,12.0,,R,R,L,SD,SF,S,,,1,0,2026,1.48,0.81,0.9364465319628869,3.207621588701808,,,,1,9,Top,,,,,,,-8.153600037654229,-146.37683254426597,-3.5957180534057276,23.267473059748923,38.756483652161734,-19.859682807973066,3.418348097,1.725147638,,,,99.9,2527.0,6.2,823270,669134,664034,630105,823550,593428,650859,701538,687749,54.3,,,,,,,,74,2,Sinker,5,4,4,5,4,5,4,5,Standard,Strategic,140.0,0.011,-0.05,35.0,5.6,2.739692004,,0.05,,1,-1,0.9,0.1,27,25,27,25,1,0,1.0,1.0,4.0,1.0,1.46,1.48,-1.48,37.8,-2.212201743400103,27.24763497332079,36.52603306112306,48.09711734942068,14.51524646389081
CH,2026-08-02,93.3,2.57,5.87,"Morejon, Adrian",691740,670970,,foul,,,,,8.0,,R,R,L,SD,SF,S,,,1,1,2026,1.11,-0.23,0.0340169950381741,1.9765356912210992,,,,1,9,Top,,,,,,,-8.886436222867157,-135.5869352619427,-3.478444755638628,15.666027165410808,30.592875939596787,-34.402766284840546,3.418348097,1.725147638,5.0,79.3,-24.0,92.8,923.0,6.1,823270,669134,664034,630105,823550,593428,650859,701538,687749,54.38,,,,,,,,74,3,Changeup,5,4,4,5,4,5,4,5,Standard,Strategic,101.0,0.013,-0.07,73.2,7.8,,,0.07,88.0,1,-1,0.911,0.089,27,25,27,25,1,0,1.0,1.0,4.0,1.0,2.86,1.11,-1.11,38.8,19.743234879005097,-7.9011271964401955,39.936578440975424,37.89525427727516,41.221556942878536
CH,2026-08-02,92.3,2.57,5.91,"Morejon, Adrian",691740,670970,,ball,,,,,14.0,,R,R,L,SD,SF,B,,,1,2,2026,0.92,-0.24,1.51127725693555,1.9900829932019837,,,,1,9,Top,,,,,,,-4.672251559823266,-134.30172429082458,-3.385867584677413,12.126190788096238,29.90020102430056,-34.490051338749126,3.418348097,1.725147638,,,,92.0,827.0,6.1,823270,669134,664034,630105,823550,593428,650859,701538,687749,54.35,,,,,,,,74,4,Changeup,5,4,4,5,4,5,4,5,Standard,Standard,101.0,-0.008,0.051,,,,,-0.051,,1,-1,0.924,0.076,27,25,27,25,1,0,1.0,1.0,4.0,1.0,2.92,0.92,-0.92,41.3,,,,,
FF,2026-08-02,100.6,2.44,5.86,"Morejon, Adrian",691740,670970,,foul,,,,,6.0,,R,R,L,SD,SF,S,,,2,2,2026,0.96,1.09,0.7190604120969981,2.3469802709354295,,,,1,9,Top,,,,,,,-7.015373387068203,-146.26319586126888,-6.788786370528075,15.44565341822572,36.040888579110344,-15.025768287303285,3.418348097,1.725147638,228.0,83.7,53.0,100.3,2402.0,6.3,823270,669134,664034,630105,823550,593428,650859,701538,687749,54.23,,,,,,,,74,5,4-Seam Fastball,5,4,4,5,4,5,4,5,Standard,Standard,141.0,0.0,0.0,62.9,7.3,,,0.0,88.0,1,-1,0.916,0.084,27,25,27,25,1,0,1.0,1.0,4.0,1.0,1.17,0.96,-0.96,48.3,25.63649035593813,21.525613337696644,31.81090582059213,45.08001132063055,27.95094393767164
CH,2026-08-02,92.0,2.61,5.92,"Morejon, Adrian",691740,670970,,foul,,,,,12.0,,R,R,L,SD,SF,S,,,2,2,2026,0.85,-0.3,1.183367012002155,2.617605869828538,,,,1,9,Top,,,,,,,-5.430360487582664,-134.01286594747077,-1.707594963543619,11.438606052068913,27.021356235310527,-35.68624477458769,3.418348097,1.725147638,,,,91.9,964.0,6.0,823270,669134,664034,630105,823550,593428,650859,701538,687749,54.48,,,,,,,,74,6,Changeup,5,4,4,5,4,5,4,5,Standard,Standard,104.0,0.0,0.0,67.4,7.1,,,0.0,,1,-1,0.916,0.084,27,25,27,25,1,0,1.0,1.0,4.0,1.0,2.97,0.85,-0.85,40.6,9.41586158739171,13.617212749832838,28.97750072121094,50.93544247455994,28.486136215085775
CH,2026-08-02,92.7,2.52,5.89,"Morejon, Adrian",691740,670970,strikeout,swinging_strike,,,,,14.0,Daniel Susac strikes out swinging.,R,R,L,SD,SF,S,2.0,,2,2,2026,0.94,-0.62,0.5810876647176345,1.0403429934727373,,,,1,9,Top,,,,,,,-6.972718447319851,-134.76401064354258,-4.914759512184471,13.063566102259744,30.722576863817604,-38.766637155606325,3.418348097,1.725147638,,,,92.3,962.0,6.2,823270,669134,664034,630105,823550,593428,650859,701538,687749,54.31,,0.0,0.0,1.0,0.0,0.0,,74,7,Changeup,5,4,4,5,4,5,4,5,Standard,Standard,103.0,0.047,-0.233,66.7,8.7,5.40786396,,0.233,,1,-1,0.916,0.084,27,25,27,25,1,0,1.0,1.0,4.0,1.0,3.29,0.94,-0.94,42.2,27.688753786174207,-23.353199723032937,38.1671087196803,42.86408284282831,50.66718464119194
SI,2026-08-02,100.8,2.43,5.88,"Morejon, Adrian",678545,670970,hit_by_pitch,hit_by_pitch,,,,,11.0,Osleivis Basabe hit by pitch.,R,R,L,SD,SF,B,,,0,0,2026,1.47,0.83,-1.6870580906571937,3.956933268764693,,,,2,9,Top,,,,,,,-14.795432142236251,-146.01965086842938,-1.7669533464474556,24.696187567239168,36.94508602628078,-20.067844765636018,3.18402231,1.606889764,,,,100.1,2405.0,6.3,823270,669134,664034,630105,823550,593428,650859,701538,687749,54.15,,0.729366,0.7,1.0,0.0,0.0,,75,1,Sinker,5,4,4,5,4,5,4,5,Standard,Standard,140.0,-0.042,0.333,,,,,-0.333,,1,-1,0.963,0.037,27,25,27,26,1,3,1.0,1.0,4.0,1.0,1.44,1.47,-1.47,41.1,,,,,
SI,2026-08-02,99.9,2.47,5.84,"Morejon, Adrian",650333,670970,,foul,,,,,5.0,,R,L,L,SD,SF,S,,,0,0,2026,1.29,0.79,-0.0791320004341324,2.546429507665869,,,687529.0,2,9,Top,,,,,,,-9.992094451409924,-145.11529862557276,-5.343350147330338,20.562437708173025,35.24114919591406,-19.90427990975555,3.124343832,1.576771654,132.0,87.1,8.0,99.6,2522.0,6.3,823270,669134,664034,630105,823550,593428,650859,701538,687749,54.21,,,,,,,,76,1,Sinker,5,4,4,5,4,5,4,5,Standard,Standard,142.0,0.012,-0.041,62.5,5.3,,,0.041,88.0,1,-1,0.921,0.079,27,29,27,29,1,4,1.0,2.0,4.0,2.0,1.51,1.29,1.29,39.4,-0.3855682336224543,18.30920471822772,35.99233316063997,34.67584212046031,21.876529781116457
FF,2026-08-02,100.0,2.4,5.84,"Morejon, Adrian",650333,670970,,foul,,,,,6.0,,R,L,L,SD,SF,S,,,0,1,2026,0.66,1.1,0.3164658221856357,2.5035332395292658,,,687529.0,2,9,Top,,,,,,,-7.237246367285229,-145.4788498347009,-6.299664444735918,10.94794721818991,31.4295066858965,-15.250229483795236,3.124343832,1.576771654,245.0,77.6,31.0,100.3,2425.0,6.3,823270,669134,664034,630105,823550,593428,650859,701538,687749,54.21,,,,,,,,76,2,4-Seam Fastball,5,4,4,5,4,5,4,5,Standard,Standard,138.0,0.02,-0.061,61.4,5.1,,,0.061,88.0,1,-1,0.933,0.067,27,29,27,29,1,4,1.0,2.0,4.0,2.0,1.17,0.66,0.66,43.1,-2.985098642120044,14.991571992425165,38.59581414760202,30.67177850163957,23.421235063285884
FF,2026-08-02,100.1,2.5,5.92,"Morejon, Adrian",650333,670970,field_out,hit_into_play,,,,,2.0,Luis Arraez flies out to center fielder Jackson Merrill.,R,L,L,SD,SF,X,8.0,fly_ball,0,2,2026,0.76,1.21,0.1616382238202579,2.988685600907359,,,687529.0,2,9,Top,79.9,76.33,,,,,-8.183395067167396,-145.51032700604682,-5.42948226762638,12.65655435316065,33.900519829171316,-13.844093496235557,3.124343832,1.576771654,325.0,90.5,32.0,100.1,2431.0,6.3,823270,669134,664034,630105,823550,593428,650859,701538,687749,54.18,0.051,0.074,0.0,1.0,0.0,0.0,3.0,76,3,4-Seam Fastball,5,4,4,5,4,5,4,5,Standard,Standard,140.0,0.047,-0.173,61.3,5.1,,0.127,0.173,90.5,1,-1,0.953,0.047,27,29,27,29,1,4,1.0,2.0,4.0,2.0,1.07,0.76,0.76,42.0,7.981719536563332,4.088848048187613,26.43937071569503,31.85496851778681,31.88007841463899
SI,2026-08-06,100.3,2.59,5.95,"Morejon, Adrian",672695,670970,,swinging_strike,,,,,9.0,,R,R,L,AZ,SD,S,,,0,0,2026,1.22,0.85,0.7371966645497521,1.9998687820158725,,,,0,8,Bot,,,,,,,-7.982429135112831,-145.76203000575146,-7.353616807407493,19.311820387420408,35.24867952480372,-18.449347014525515,3.31742126,1.674212598,,,,100.0,2450.0,6.3,825053,666023,664034,630105,592518,593428,650859,701538,665487,54.24,,,,,,,,65,1,Sinker,1,5,1,5,5,1,1,5,Standard,Strategic,146.0,-0.002,-0.041,70.3,6.7,1.156552668,,0.041,,-4,-4,0.044,0.044,27,26,27,27,1,3,4.0,1.0,2.0,1.0,1.43,1.22,-1.22,38.2,-8.61137402687264,19.521118146402696,41.85232766931238,43.10832560076908,16.78335162534613
SI,2026-08-06,100.2,2.48,6.0,"Morejon, Adrian",672695,670970,,swinging_strike,,,,,2.0,,R,R,L,AZ,SD,S,,,0,1,2026,1.35,0.79,-0.0753708991298884,2.817699395869515,,,,0,8,Bot,,,,,,,-10.177404413859298,-145.55043152055725,-5.075073033873146,21.53789684220707,34.689181972146834,-19.948279577608695,3.31742126,1.674212598,,,,100.0,2502.0,6.3,825053,666023,664034,630105,592518,593428,650859,701538,665487,54.21,,,,,,,,65,2,Sinker,1,5,1,5,5,1,1,5,Standard,Strategic,141.0,-0.004,-0.054,66.3,6.2,0.501559992,,0.054,,-4,-4,0.042,0.042,27,26,27,27,1,3,4.0,1.0,2.0,1.0,1.49,1.35,-1.35,39.0,-5.65157115095396,11.834251697899097,44.45532339502501,32.506833726342045,19.89163431734049
SI,2026-08-06,101.6,2.66,5.99,"Morejon, Adrian",672695,670970,,ball,,,,,12.0,,R,R,L,AZ,SD,B,,,0,2,2026,1.26,0.86,0.6443281411556698,3.943727473859399,,,,0,8,Bot,,,,,,,-8.608647528759569,-147.71108642301184,-2.340018549785689,20.5151690080237,35.62595118390529,-19.241066136192725,3.31742126,1.674212598,,,,101.3,2476.0,6.2,825053,666023,664034,630105,592518,593428,650859,701538,665487,54.29,,,,,,,,65,3,Sinker,1,5,1,5,5,1,1,5,Standard,Strategic,142.0,0.001,0.022,,,,,-0.022,,-4,-4,0.038,0.038,27,26,27,27,1,3,4.0,1.0,2.0,1.0,1.36,1.26,-1.26,39.9,,,,,
SI,2026-08-06,100.5,2.36,5.91,"Morejon, Adrian",672695,670970,,ball,,,,,13.0,,R,R,L,AZ,SD,B,,,1,2,2026,1.38,0.84,-1.0867711461982466,2.1930145291066157,,,,0,8,Bot,,,,,,,-12.70652499985705,-145.666789177208,-6.710519486734531,22.563364735848012,34.12696355720029,-18.78329200228221,3.31742126,1.674212598,,,,100.3,2472.0,6.4,825053,666023,664034,630105,592518,593428,650859,701538,665487,54.11,,,,,,,,65,4,Sinker,1,5,1,5,5,1,1,5,Standard,Strategic,139.0,0.003,0.046,,,,,-0.046,,-4,-4,0.039,0.039,27,26,27,27,1,3,4.0,1.0,2.0,1.0,1.44,1.38,-1.38,39.9,,,,,
CH,2026-08-06,91.9,2.68,6.03,"Morejon, Adrian",672695,670970,strikeout,swinging_strike,,,,,14.0,"Geraldo Perdomo strikes out swinging, catcher Freddy Fermin to first baseman Ty France.",R,R,L,AZ,SD,S,2.0,,2,2,2026,1.0,-0.45,0.6828922983725056,1.3086441795307535,,,,0,8,Bot,,,,,,,-7.175686029085712,-133.6643248959877,-4.851666384027213,13.54009694677518,29.653970714668052,-36.62638058648324,3.31742126,1.674212598,,,,91.6,914.0,6.2,825053,666023,664034,630105,592518,593428,650859,701538,665487,54.31,,0.0,0.0,1.0,0.0,0.0,,65,5,Changeup,1,5,1,5,5,1,1,5,Standard,Strategic,96.0,-0.014,-0.232,69.6,7.3,0.614175492,,0.232,,-4,-4,0.042,0.042,27,26,27,27,1,3,4.0,1.0,2.0,1.0,3.15,1.0,-1.0,39.2,3.472793398461314,0.4906195481611434,35.855071626128726,41.354208751079796,30.710080228578725
SI,2026-08-06,99.3,2.32,5.89,"Morejon, Adrian",682998,670970,,foul,,,,,12.0,,R,L,L,AZ,SD,S,,,0,0,2026,1.3,0.81,1.0273866987654805,3.004374181744053,,,,1,8,Bot,,,,,,,-6.602687816569411,-144.52544747895564,-4.239093387849347,19.784934244034936,33.58745053514283,-19.96042513920023,3.10328084,1.566141732,165.0,62.8,54.0,99.3,2308.0,6.3,825053,666023,664034,630105,592518,593428,650859,701538,665487,54.21,,,,,,,,66,1,Sinker,1,5,1,5,5,1,1,5,Standard,Standard,140.0,-0.001,-0.041,67.0,6.0,,,0.041,88.0,-4,-4,0.028,0.028,27,25,27,26,1,3,4.0,1.0,2.0,1.0,1.5,1.3,1.3,41.8,-0.9752674408985156,20.4938117732764,21.874259268300197,28.20376075908358,21.170933755953225
SI,2026-08-06,100.4,2.53,5.96,"Morejon, Adrian",682998,670970,,ball,,,,,12.0,,R,L,L,AZ,SD,B,,,0,1,2026,1.38,0.86,2.119221148208994,2.8241746516810164,,,,1,8,Bot,,,,,,,-4.451008480735516,-146.08075283911862,-5.173027551506054,20.87266616440048,34.941140690228885,-18.84885407990511,3.10328084,1.566141732,,,,100.0,2470.0,6.1,825053,666023,664034,630105,592518,593428,650859,701538,665487,54.39,,,,,,,,66,2,Sinker,1,5,1,5,5,1,1,5,Infield shade,Standard,139.0,0.001,0.032,,,,,-0.032,,-4,-4,0.027,0.027,27,25,27,26,1,3,4.0,1.0,2.0,1.0,1.41,1.38,1.38,39.5,,,,,
SL,2026-08-06,89.4,2.71,5.89,"Morejon, Adrian",682998,670970,,ball,,,,,12.0,,R,L,L,AZ,SD,B,,,1,1,2026,-0.51,-0.19,0.7868103054005313,3.201517761233031,,,,1,8,Bot,,,,,,,-3.575186116459762,-130.17090786789834,-0.0121997019619808,-4.982716928333779,27.896001229574875,-34.49547255065554,3.10328084,1.566141732,,,,89.1,2927.0,6.1,825053,666023,664034,630105,592518,593428,650859,701538,665487,54.36,,,,,,,,66,3,Slider,1,5,1,5,5,1,1,5,Infield shade,Standard,296.0,0.002,0.056,,,,,-0.056,,-4,-4,0.028,0.028,27,25,27,26,1,3,4.0,1.0,2.0,1.0,3.04,-0.51,-0.51,39.0,,,,,
SI,2026-08-06,100.6,2.63,5.86,"Morejon, Adrian",682998,670970,,foul,,,,,9.0,,R,L,L,AZ,SD,S,,,2,1,2026,1.42,0.66,0.7921397709641902,1.9873437073177216,,,,1,8,Bot,,,,,,,-8.427116653072032,-146.21550720437452,-6.72754438456197,22.3006680920156,35.09307593919185,-21.193215626998207,3.10328084,1.566141732,231.0,77.4,26.0,100.2,2475.0,6.2,825053,666023,664034,630105,592518,593428,650859,701538,665487,54.3,,,,,,,,66,4,Sinker,1,5,1,5,5,1,1,5,Infield shade,Standard,138.0,-0.003,-0.075,75.3,7.0,,,0.075,88.0,-4,-4,0.03,0.03,27,25,27,26,1,3,4.0,1.0,2.0,1.0,1.6,1.42,1.42,36.0,-1.2118915302621756,9.54281967065559,33.56643186933994,33.0620365335811,25.63768398396442
SI,2026-08-06,100.5,2.38,5.9,"Morejon, Adrian",682998,670970,strikeout,called_strike,,,,,7.0,Corbin Carroll called out on strikes.,R,L,L,AZ,SD,S,2.0,,2,2,2026,1.32,0.69,-0.4553847836268281,1.81775032875023,,,,1,8,Bot,,,,,,,-10.936452234865513,-145.84244867819598,-7.357078105293125,21.420262406276503,33.51282039177938,-20.790033713917627,3.10328084,1.566141732,,,,100.5,2347.0,6.4,825053,666023,664034,630105,592518,593428,650859,701538,665487,54.12,,0.0,0.0,1.0,0.0,0.0,,66,5,Sinker,1,5,1,5,5,1,1,5,Infield shade,Standard,144.0,-0.008,-0.233,,,,,0.233,,-4,-4,0.027,0.027,27,25,27,26,1,3,4.0,1.0,2.0,1.0,1.58,1.32,1.32,37.6,,,,,
SI,2026-08-06,100.7,2.54,5.94,"Morejon, Adrian",672515,670970,,foul,,,,,2.0,,R,R,L,AZ,SD,S,,,0,0,2026,1.4,0.64,0.1146952773394118,2.6173014304633697,,,,2,8,Bot,,,,,,,-10.031598390410917,-146.1952180609817,-5.188644155248182,22.508557459317824,34.384255539392804,-21.90744888802421,3.071686352,1.55019685,101.0,85.5,6.0,100.6,2361.0,6.3,825053,666023,664034,630105,592518,593428,650859,701538,665487,54.15,,,,,,,,67,1,Sinker,1,5,1,5,5,1,1,5,Standard,Strategic,159.0,-0.001,-0.045,69.5,6.1,,,0.045,88.0,-4,-4,0.019,0.019,27,26,27,26,1,3,4.0,1.0,2.0,1.0,1.62,1.4,-1.4,38.5,-9.739350543281926,26.51039611151226,38.738112495604646,35.4656292152619,17.77737595625783
SI,2026-08-06,100.5,2.4,5.87,"Morejon, Adrian",672515,670970,single,hit_into_play,,,,,3.0,Gabriel Moreno singles on a sharp line drive to left fielder Luis Rengifo.,R,R,L,AZ,SD,X,7.0,line_drive,0,1,2026,1.43,0.56,0.3293453666318542,2.8373014470587177,,,,2,8,Bot,86.59,75.36,,,,,-9.082028493853656,-145.94779829427037,-4.156780432142014,22.538191283636273,36.00037120735738,-23.29533381106431,3.071686352,1.55019685,269.0,106.3,14.0,100.2,2332.0,6.4,825053,666023,664034,630105,592518,593428,650859,701538,665487,54.14,0.709,0.74,0.9,1.0,1.0,0.0,5.0,67,2,Sinker,1,5,1,5,5,1,1,5,Standard,Strategic,144.0,0.008,0.374,75.6,7.4,,1.043,-0.374,106.3,-4,-4,0.018,0.018,27,26,27,26,1,3,4.0,1.0,2.0,1.0,1.71,1.43,-1.43,38.9,14.867317175728427,-1.912435034127426,26.447601211145056,38.42180670435144,34.937610070408084
SI,2026-08-06,99.6,2.22,5.8,"Morejon, Adrian",606466,670970,,ball,,,,,13.0,,R,R,L,AZ,SD,B,,,0,0,2026,1.35,0.81,-1.1883170474048743,1.9379131900940263,,,672515.0,2,8,Bot,,,,,,,-12.471087973958245,-144.39640506258706,-6.865810894649454,21.93510711307598,35.831937822399944,-19.23199737792679,3.218249672,1.624163386,,,,99.3,2369.0,6.5,825053,666023,664034,630105,592518,593428,650859,701538,665487,54.05,,,,,,,,68,1,Sinker,1,5,1,5,5,1,1,5,Standard,Standard,138.0,0.002,0.038,,,,,-0.038,,-4,-4,0.026,0.026,27,32,27,33,1,3,4.0,2.0,2.0,1.0,1.51,1.35,-1.35,37.0,,,,,
CH,2026-08-06,92.6,2.38,5.95,"Morejon, Adrian",606466,670970,,swinging_strike_blocked,,,,,13.0,,R,R,L,AZ,SD,S,,,1,0,2026,1.01,-0.57,-0.6784886985917049,0.288166301873999,,,672515.0,2,8,Bot,,,,,,,-9.902891197371083,-134.30806062345312,-6.995316298215528,14.42541493439244,31.361117605279507,-37.547704483198416,3.218249672,1.624163386,,,,91.9,1064.0,6.2,825053,666023,664034,630105,592518,593428,650859,701538,665487,54.26,,,,,,,,68,2,Changeup,1,5,1,5,5,1,1,5,Standard,Standard,104.0,-0.003,-0.05,81.6,9.2,6.100609968,,0.05,,-4,-4,0.028,0.028,27,32,27,33,1,3,4.0,2.0,2.0,1.0,3.26,1.01,-1.01,41.5,16.9974442852071,-30.91017121632415,38.56702725142728,25.853905901331935,45.5321037921903
CH,2026-08-06,91.9,2.49,6.0,"Morejon, Adrian",606466,670970,,foul,,,,,5.0,,R,R,L,AZ,SD,S,,,1,1,2026,0.82,-0.12,0.0532243031804614,2.191983956218655,,,672515.0,2,8,Bot,,,,,,,-7.872859447373647,-133.62445920041097,-3.2860226730016113,11.59408443894468,29.764180264638487,-33.05609098588671,3.218249672,1.624163386,,,,91.4,921.0,6.1,825053,666023,664034,630105,592518,593428,650859,701538,665487,54.39,,,,,,,,68,3,Changeup,1,5,1,5,5,1,1,5,Standard,Standard,98.0,-0.002,-0.069,78.7,7.6,,,0.069,,-4,-4,0.025,0.025,27,32,27,33,1,3,4.0,2.0,2.0,1.0,2.83,0.82,-0.82,40.4,-0.8004515667547877,1.514116162838057,30.32871710943187,34.19738874880447,33.154615594436606
FF,2026-08-06,101.0,2.36,6.02,"Morejon, Adrian",606466,670970,strikeout,swinging_strike,,,,,12.0,Ketel Marte strikes out swinging.,R,R,L,AZ,SD,S,2.0,,1,2,2026,0.8,1.27,0.365512760735234,3.847882338861753,,,672515.0,2,8,Bot,,,,,,,-7.403519714573473,-146.87680706135745,-3.6085239062516767,13.30383178614696,36.052507351264325,-13.098706938251851,3.218249672,1.624163386,,,,100.8,2499.0,6.3,825053,666023,664034,630105,592518,593428,650859,701538,665487,54.21,,0.0,0.0,1.0,0.0,0.0,,68,4,4-Seam Fastball,1,5,1,5,5,1,1,5,Standard,Standard,146.0,-0.008,-0.194,74.6,7.2,1.049566476,,0.194,,-4,-4,0.023,0.023,27,32,27,33,1,3,4.0,2.0,2.0,1.0,0.97,0.8,-0.8,43.1,4.287358237120313,11.122768422515678,21.749859753359424,37.88606298800491,21.932874500129152
CH,2026-08-08,91.0,2.72,6.05,"Morejon, Adrian",673237,670970,,ball,,,,,14.0,,R,R,L,SD,HOU,B,,,0,0,2026,0.76,-0.14,0.1332882191766191,1.1105159246984069,,572233.0,701358.0,2,7,Top,,,,,,,-8.021302830631443,-132.18135632107325,-5.854653955088214,10.703966080434617,29.06792644943743,-32.67624737073271,3.161204068,1.595374016,,,,90.5,867.0,6.1,823267,669134,664034,630105,592518,593428,650859,701538,665487,54.36,,,,,,,,53,1,Changeup,3,1,1,3,1,3,1,3,Standard,Standard,95.0,-0.005,0.029,,,,,-0.029,,2,-2,0.82,0.18,27,27,27,28,1,0,2.0,1.0,2.0,1.0,2.91,0.76,-0.76,45.5,,,,,
CH,2026-08-08,91.4,2.69,5.95,"Morejon, Adrian",673237,670970,,blocked_ball,,,,,13.0,,R,R,L,SD,HOU,B,,,1,0,2026,1.09,-0.19,-0.8742167161458876,0.7642776317517184,,572233.0,701358.0,2,7,Top,,,,,,,-11.15294414803824,-132.50083493596964,-6.3782220482108745,15.285447574828789,29.53603448596772,-33.160703980006836,3.161204068,1.595374016,,,,90.6,1095.0,6.1,823267,669134,664034,630105,592518,593428,650859,701538,665487,54.42,,,,,,,,53,2,Changeup,3,1,1,3,1,3,1,3,Standard,Strategic,105.0,-0.011,0.033,,,,,-0.033,,2,-2,0.815,0.185,27,27,27,28,1,0,2.0,1.0,2.0,1.0,2.95,1.09,-1.09,40.8,,,,,
SI,2026-08-08,100.1,2.47,5.86,"Morejon, Adrian",673237,670970,,called_strike,,,,,2.0,,R,R,L,SD,HOU,S,,,2,0,2026,1.28,0.94,0.1260946522049144,2.8226930925584757,,572233.0,701358.0,2,7,Top,,,,,,,-9.44836499082378,-145.35260835557418,-5.029192643360132,20.3996034570171,34.64914034361132,-17.898312454961427,3.161204068,1.595374016,,,,100.0,2252.0,6.4,823267,669134,664034,630105,592518,593428,650859,701538,665487,54.12,,,,,,,,53,3,Sinker,3,1,1,3,1,3,1,3,Standard,Strategic,139.0,0.011,-0.04,,,,,0.04,,2,-2,0.804,0.196,27,27,27,28,1,0,2.0,1.0,2.0,1.0,1.35,1.28,-1.28,38.7,,,,,
FF,2026-08-08,99.4,2.32,5.99,"Morejon, Adrian",673237,670970,,ball,,,,,11.0,,R,R,L,SD,HOU,B,,,2,1,2026,0.56,1.29,-1.1653568789631814,2.657389215721841,,572233.0,701358.0,2,7,Top,,,,,,,-10.777787828035086,-144.31604398104062,-6.558173339947144,10.429459469272755,34.07748448459755,-12.79428794533411,3.161204068,1.595374016,,,,99.3,2387.0,6.4,823267,669134,664034,630105,592518,593428,650859,701538,665487,54.1,,,,,,,,53,4,4-Seam Fastball,3,1,1,3,1,3,1,3,Standard,Strategic,140.0,-0.017,0.051,,,,,-0.051,,2,-2,0.815,0.185,27,27,27,28,1,0,2.0,1.0,2.0,1.0,1.03,0.56,-0.56,43.9,,,,,
SI,2026-08-08,99.8,2.56,5.88,"Morejon, Adrian",673237,670970,walk,ball,,,,,12.0,Yainer Diaz walks. Christian Walker to 3rd. Cam Smith to 2nd.,R,R,L,SD,HOU,B,,,3,1,2026,1.25,0.97,1.1680446070608006,3.1816922077249563,,572233.0,701358.0,2,7,Top,,,,,,,-6.791373458334504,-145.135710762437,-4.152717038282752,19.332619484386253,35.85268671905856,-17.662734211667004,3.161204068,1.595374016,,,,99.5,2279.0,6.3,823267,669134,664034,630105,592518,593428,650859,701538,665487,54.2,,0.698418,0.7,1.0,0.0,0.0,,53,5,Sinker,3,1,1,3,1,3,1,3,Standard,Strategic,135.0,-0.032,0.11,,,,,-0.11,,2,-2,0.798,0.202,27,27,27,28,1,0,2.0,1.0,2.0,1.0,1.33,1.25,-1.25,37.9,,,,,
SI,2026-08-08,100.0,2.49,5.86,"Morejon, Adrian",676694,670970,,foul,,,,,5.0,,R,R,L,SD,HOU,S,,,0,0,2026,1.27,0.93,-0.1346171929108806,2.555304695618692,572233.0,701358.0,673237.0,2,7,Top,,,,,,,-10.135547533981155,-145.21849736265685,-5.726514848862845,20.305945184611623,33.432119941804686,-17.789563548367088,3.21035105,1.620177165,215.0,74.5,43.0,99.8,2304.0,6.2,823267,669134,664034,630105,592518,593428,650859,701538,665487,54.27,,,,,,,,54,1,Sinker,3,1,1,3,1,3,1,3,Standard,Standard,139.0,0.018,-0.04,64.6,6.5,,,0.04,88.0,2,-2,0.766,0.234,27,30,27,30,1,0,2.0,1.0,2.0,,1.35,1.27,-1.27,40.4,1.0741763098821162,1.0819345959474462,32.509380007716125,36.302052522651785,22.562156003684343
CH,2026-08-08,92.1,2.48,5.93,"Morejon, Adrian",676694,670970,,swinging_strike,,,,,14.0,,R,R,L,SD,HOU,S,,,0,1,2026,0.79,-0.37,0.3608576763696355,1.317078592452388,572233.0,701358.0,673237.0,2,7,Top,,,,,,,-7.05040980357013,-134.03934024418282,-4.825586642389084,11.02512773008947,27.108867909491583,-35.90948483252684,3.21035105,1.620177165,,,,92.2,1026.0,6.2,823267,669134,664034,630105,592518,593428,650859,701538,665487,54.31,,,,,,,,54,2,Changeup,3,1,1,3,1,3,1,3,Standard,Standard,106.0,0.03,-0.052,63.4,7.7,1.539218196,,0.052,,2,-2,0.784,0.216,27,30,27,30,1,0,2.0,1.0,2.0,,3.05,0.79,-0.79,40.8,15.513898543814983,-10.891267002766172,32.93156731765835,43.55567347636912,35.19582219584917
CH,2026-08-08,91.9,2.62,5.98,"Morejon, Adrian",676694,670970,,foul,,,,,5.0,,R,R,L,SD,HOU,S,,,0,2,2026,0.77,-0.2,-0.0430209484097414,2.3198889338626634,572233.0,701358.0,673237.0,2,7,Top,,,,,,,-8.321159634388911,-133.71876252134527,-2.7915234796072195,10.952473875049655,27.141124188638862,-34.182295373969225,3.21035105,1.620177165,,,,91.9,991.0,6.1,823267,669134,664034,630105,592518,593428,650859,701538,665487,54.37,,,,,,,,54,3,Changeup,3,1,1,3,1,3,1,3,Standard,Standard,103.0,0.0,0.0,59.8,7.1,,,0.0,,2,-2,0.814,0.186,27,30,27,30,1,0,2.0,1.0,2.0,,2.88,0.77,-0.77,42.4,8.073129559562664,-8.613789193833664,28.22333454149887,38.79654850448582,30.882970399360023
CH,2026-08-08,91.7,2.72,5.97,"Morejon, Adrian",676694,670970,strikeout,swinging_strike,,,,,6.0,Jake Meyers strikes out swinging.,R,R,L,SD,HOU,S,2.0,,0,2,2026,0.71,0.34,0.319590601104553,2.2751557595530074,572233.0,701358.0,673237.0,2,7,Top,,,,,,,-7.54378828230929,-133.43763216561027,-4.023732851854283,10.071154596778587,27.46412549257852,-27.425074759914786,3.21035105,1.620177165,,,,91.7,1006.0,6.2,823267,669134,664034,630105,592518,593428,650859,701538,665487,54.32,,0.0,0.0,1.0,0.0,0.0,,54,4,Changeup,3,1,1,3,1,3,1,3,Standard,Strategic,105.0,0.073,-0.157,66.4,7.4,0.780165528,,0.157,,2,-2,0.814,0.186,27,30,27,30,1,0,2.0,1.0,2.0,,2.36,0.71,-0.71,43.0,10.957173069790962,-1.6288400130641254,32.31618236138493,42.580858617294766,29.177969450817027
SI,2026-08-08,99.5,2.52,5.89,"Morejon, Adrian",665161,670970,,called_strike,,,,,5.0,,R,R,L,SD,HOU,S,,,0,0,2026,1.35,0.84,-0.0163596597085526,2.406505485336851,,,,0,8,Top,,,,,,,-10.028690888152898,-144.3381125219747,-5.8417375925018575,21.32697438898367,36.68359932410358,-19.13363077142315,3.19718668,1.613533465,,,,98.4,2367.0,6.1,823267,669134,664034,630105,592518,593428,687749,701538,665487,54.43,,,,,,,,58,1,Sinker,3,1,1,3,1,3,1,3,Standard,Standard,138.0,0.006,-0.041,,,,,0.041,,2,-2,0.862,0.138,27,28,27,29,1,3,2.0,1.0,2.0,1.0,1.49,1.35,-1.35,39.4,,,,,
SI,2026-08-08,98.5,2.62,5.84,"Morejon, Adrian",665161,670970,,foul,,,,,6.0,,R,R,L,SD,HOU,S,,,0,1,2026,1.55,0.63,0.6389193906775508,2.3769254470811667,,,,0,8,Top,,,,,,,-8.937270299058508,-142.9976353086848,-5.113344951552189,23.38218615843015,37.52941825847405,-22.482179771801857,3.19718668,1.613533465,92.0,77.4,7.0,97.5,2354.0,6.2,823267,669134,664034,630105,592518,593428,687749,701538,665487,54.34,,,,,,,,58,2,Sinker,3,1,1,3,1,3,1,3,Standard,Standard,141.0,0.009,-0.054,67.3,6.3,,,0.054,88.0,2,-2,0.868,0.132,27,28,27,29,1,3,2.0,1.0,2.0,1.0,1.76,1.55,-1.55,36.5,-7.234140427251548,27.44017149636753,32.33174766802947,43.6383476550085,10.25652245720889
CH,2026-08-08,91.5,2.71,5.91,"Morejon, Adrian",665161,670970,,ball,,,,,14.0,,R,R,L,SD,HOU,B,,,0,2,2026,0.74,-0.2,1.932061223394968,1.7538427354870438,,,,0,8,Top,,,,,,,-3.546059199119517,-133.22384027102373,-3.9256435924926136,9.572456912268716,29.409894290651,-33.861995779468614,3.19718668,1.613533465,,,,91.0,951.0,6.0,823267,669134,664034,630105,592518,593428,687749,701538,665487,54.51,,,,,,,,58,3,Changeup,3,1,1,3,1,3,1,3,Standard,Standard,98.0,-0.004,0.022,,,,,-0.022,,2,-2,0.877,0.123,27,28,27,29,1,3,2.0,1.0,2.0,1.0,2.92,0.74,-0.74,39.4,,,,,
CH,2026-08-08,91.0,2.56,5.97,"Morejon, Adrian",665161,670970,strikeout,swinging_strike,,,,,14.0,Jeremy Peña strikes out swinging.,R,R,L,SD,HOU,S,2.0,,1,2,2026,0.67,-0.21,1.1546225728418094,1.1373450561007408,,,,0,8,Top,,,,,,,-4.910318186150972,-132.47662978804772,-5.482494022110683,8.983065764488593,27.38900738084188,-33.75355967145956,3.19718668,1.613533465,,,,90.6,912.0,5.9,823267,669134,664034,630105,592518,593428,687749,701538,665487,54.58,,0.0,0.0,1.0,0.0,0.0,,58,4,Changeup,3,1,1,3,1,3,1,3,Standard,Standard,100.0,0.027,-0.187,70.2,8.6,5.638890348,,0.187,,2,-2,0.873,0.127,27,28,27,29,1,3,2.0,1.0,2.0,1.0,2.96,0.67,-0.67,40.1,17.803191472914097,-15.922301613960771,29.235786535129233,49.17881669933226,39.79701752205288
SI,2026-08-08,100.3,2.53,5.8,"Morejon, Adrian",670541,670970,field_error,hit_into_play,,,,,5.0,Yordan Alvarez reaches on a fielding error by second baseman Jake Cronenworth.,R,L,L,SD,HOU,X,4.0,ground_ball,0,0,2026,1.17,0.77,0.0925701159550091,2.684066881857779,,,,1,8,Top,146.3,145.43,,,,,-9.425456282705994,-145.8160801038729,-4.935266776380514,18.836240887810614,31.43954264323616,-20.203803869791606,3.392019357,1.711860236,9.0,96.0,-18.0,100.3,2321.0,6.2,823267,669134,664034,630105,592518,593428,687749,701538,665487,54.33,0.129,0.116,0.9,1.0,0.0,0.0,2.0,59,1,Sinker,3,1,1,3,1,3,1,3,Infield shade,Standard,133.0,-0.047,0.461,76.9,7.2,,0.138,-0.461,96.0,2,-2,0.9,0.1,27,29,27,29,1,3,2.0,1.0,2.0,1.0,1.48,1.17,1.17,36.1,1.1658188498788618,5.516194613874859,33.95142821351732,34.63794291718823,24.32576904923942
SI,2026-08-08,99.5,2.53,5.79,"Morejon, Adrian",670623,670970,,called_strike,,,,,9.0,,R,R,L,SD,HOU,S,,,0,0,2026,1.23,0.75,0.3762881593359808,1.8885616213429195,,,670541.0,1,8,Top,,,,,,,-8.715784892508786,-144.42832690497727,-6.781075163438395,19.272493210262866,35.58026806400253,-20.169265100994036,3.180511811,1.60511811,,,,98.8,2268.0,6.2,823267,669134,664034,630105,592518,593428,687749,701538,665487,54.32,,,,,,,,60,1,Sinker,3,1,1,3,1,3,1,3,Standard,Standard,137.0,0.007,-0.037,,,,,0.037,,2,-2,0.853,0.147,27,27,27,27,1,3,2.0,1.0,2.0,1.0,1.57,1.23,-1.23,38.1,,,,,
FF,2026-08-08,99.1,2.31,5.87,"Morejon, Adrian",670623,670970,,foul,,,,,9.0,,R,R,L,SD,HOU,S,,,0,1,2026,0.57,1.29,0.3427343717665247,2.089341032450912,,,670541.0,1,8,Top,,,,,,,-6.648714825153318,-144.08146714020972,-7.724252078815299,9.483937585293395,33.31769711219672,-12.618029675737755,3.180511811,1.60511811,246.0,84.4,23.0,99.0,2426.0,6.3,823267,669134,664034,630105,592518,593428,687749,701538,665487,54.21,,,,,,,,60,2,4-Seam Fastball,3,1,1,3,1,3,1,3,Standard,Standard,141.0,0.013,-0.058,63.7,6.7,,,0.058,88.0,2,-2,0.86,0.14,27,27,27,27,1,3,2.0,1.0,2.0,1.0,1.04,0.57,-0.57,41.2,-8.666262673209467,27.796656623763113,36.73503109396582,37.683998239792714,16.738637842124405
CH,2026-08-08,90.3,2.62,5.88,"Morejon, Adrian",670623,670970,,ball,,,,,14.0,,R,R,L,SD,HOU,B,,,0,2,2026,0.97,0.13,1.6558644704582812,2.2277380311817145,,,670541.0,1,8,Top,,,,,,,-4.458310642624518,-131.42852127841343,-3.2095371596875184,12.197839462281207,27.46046058303014,-30.17408884311438,3.180511811,1.60511811,,,,90.0,1041.0,6.0,823267,669134,664034,630105,592518,593428,687749,701538,665487,54.45,,,,,,,,60,3,Changeup,3,1,1,3,1,3,1,3,Standard,Standard,107.0,-0.005,0.018,,,,,-0.018,,2,-2,0.873,0.127,27,27,27,27,1,3,2.0,1.0,2.0,1.0,2.66,0.97,-0.97,39.8,,,,,
CH,2026-08-08,90.0,2.69,5.89,"Morejon, Adrian",670623,670970,force_out,hit_into_play,,,,,14.0,"Isaac Paredes grounds into a force out, second baseman Jake Cronenworth to shortstop Xander Bogaerts. Yordan Alvarez out at 2nd. Isaac Paredes to 1st.",R,R,L,SD,HOU,X,4.0,ground_ball,1,2,2026,0.96,0.02,0.8040881733591396,1.2796593857279617,,,670541.0,1,8,Top,142.61,140.12,,,,,-6.657399580153699,-130.89539814128517,-5.231962939622376,12.466823292696608,28.42115695446795,-30.954035814216383,3.180511811,1.60511811,3.0,109.5,-18.0,89.6,1148.0,6.1,823267,669134,664034,630105,592518,593428,687749,701538,665487,54.36,0.129,0.116,0.0,1.0,0.0,0.0,2.0,60,4,Changeup,3,1,1,3,1,3,1,3,Standard,Standard,100.0,0.035,-0.242,,,,0.14,0.242,109.5,2,-2,0.868,0.132,27,27,27,27,1,3,2.0,1.0,2.0,1.0,2.8,0.96,-0.96,40.8,,,,,
SI,2026-08-08,100.5,2.43,5.78,"Morejon, Adrian",514888,670970,,ball,,,,,13.0,,R,R,L,SD,HOU,B,,,0,0,2026,1.48,0.92,-0.5937968852167077,1.349081900865597,,,670623.0,2,8,Top,,,,,,,-11.80942446290412,-145.5567455174154,-8.764168384653818,23.953936240459154,37.56737475842148,-17.03964095721121,2.926000656,1.476673228,,,,99.7,2386.0,6.3,823267,669134,664034,630105,592518,593428,687749,701538,665487,54.16,,,,,,,,61,1,Sinker,3,1,1,3,1,3,1,3,Standard,Standard,140.0,-0.004,0.038,,,,,-0.038,,2,-2,0.903,0.097,27,36,27,36,1,3,2.0,1.0,2.0,1.0,1.38,1.48,-1.48,39.2,,,,,
CH,2026-08-08,91.4,2.64,5.87,"Morejon, Adrian",514888,670970,,swinging_strike,,,,,13.0,,R,R,L,SD,HOU,S,,,1,0,2026,0.81,-0.31,-0.1665151486957352,1.1454086362174625,,,670623.0,2,8,Top,,,,,,,-8.737899745842164,-132.76077606637412,-5.006626187965661,11.575081969471714,31.24715265235695,-34.81290154080053,2.926000656,1.476673228,,,,90.7,961.0,6.2,823267,669134,664034,630105,592518,593428,687749,701538,665487,54.29,,,,,,,,61,2,Changeup,3,1,1,3,1,3,1,3,Standard,Standard,96.0,0.006,-0.05,76.3,8.2,1.801903296,,0.05,,2,-2,0.899,0.101,27,36,27,36,1,3,2.0,1.0,2.0,1.0,3.07,0.81,-0.81,44.3,17.46507427949641,-13.06416583835671,26.742802945082097,40.370687102614994,36.376328968442294
CH,2026-08-08,91.3,2.68,5.81,"Morejon, Adrian",514888,670970,,ball,,,,,14.0,,R,R,L,SD,HOU,B,,,1,1,2026,1.07,-0.18,0.3216340684304828,0.627447225641681,,,670623.0,2,8,Top,,,,,,,-8.183769661243028,-132.57378153634804,-6.420293695394191,14.454882562817945,29.521464512830267,-33.059845432398156,2.926000656,1.476673228,,,,90.8,1053.0,6.2,823267,669134,664034,630105,592518,593428,687749,701538,665487,54.33,,,,,,,,61,3,Changeup,3,1,1,3,1,3,1,3,Standard,Standard,95.0,-0.006,0.054,,,,,-0.054,,2,-2,0.905,0.095,27,36,27,36,1,3,2.0,1.0,2.0,1.0,2.94,1.07,-1.07,44.1,,,,,
CH,2026-08-08,92.1,2.65,5.83,"Morejon, Adrian",514888,670970,,blocked_ball,,,,,14.0,,R,R,L,SD,HOU,B,,,2,1,2026,0.85,0.47,0.7197722040575742,1.1471881655703842,,,670623.0,2,8,Top,,,,,,,-6.690579249936312,-133.79277724260507,-6.755096007927003,11.676448109558688,30.82188222711292,-25.23592160884501,2.926000656,1.476673228,,,,91.6,1057.0,6.2,823267,669134,664034,630105,592518,593428,687749,701538,665487,54.26,,,,,,,,61,4,Changeup,3,1,1,3,1,3,1,3,Standard,Standard,99.0,-0.011,0.098,,,,,-0.098,,2,-2,0.899,0.101,27,36,27,36,1,3,2.0,1.0,2.0,1.0,2.24,0.85,-0.85,38.8,,,,,
SI,2026-08-08,99.7,2.39,5.76,"Morejon, Adrian",514888,670970,force_out,hit_into_play,,,,,5.0,"Jose Altuve grounds into a force out, shortstop Xander Bogaerts to second baseman Jake Cronenworth. Isaac Paredes out at 2nd.",R,R,L,SD,HOU,X,6.0,ground_ball,3,1,2026,1.34,0.52,0.0055442020807452,2.3279798493741533,,,670623.0,2,8,Top,110.53,153.55,,,,,-9.645303182377289,-144.82872568725435,-5.004123714942287,21.126653274817176,36.64840980610202,-23.781688689096644,2.926000656,1.476673228,3.0,89.9,-38.0,99.2,2345.0,6.3,823267,669134,664034,630105,592518,593428,687749,701538,665487,54.19,0.055,0.05,0.0,1.0,0.0,0.0,2.0,61,5,Sinker,3,1,1,3,1,3,1,3,Standard,Standard,136.0,0.05,-0.415,,,,0.056,0.415,89.9,2,-2,0.888,0.112,27,36,27,36,1,3,2.0,1.0,2.0,1.0,1.79,1.34,-1.34,39.4,,,,,
SL,2026-08-10,87.6,2.96,5.9,"Morejon, Adrian",668930,670970,,called_strike,,,,,14.0,,R,L,L,SD,MIL,S,,,0,0,2026,-0.72,-0.35,0.6205218615866703,1.4670209303818431,,,,0,8,Top,,,,,,,-4.031095301682374,-127.56953253984184,-3.554188148266473,-7.028317366506767,27.127648591308528,-35.499392454294174,3.21035105,1.620177165,,,,87.0,2928.0,5.9,823265,666023,664034,630105,592518,823550,687749,701538,665487,54.56,,,,,,,,56,1,Slider,3,2,2,3,2,3,2,3,Standard,Standard,288.0,0.008,-0.041,,,,,0.041,,1,-1,0.745,0.255,27,26,27,27,1,3,2.0,1.0,2.0,1.0,3.33,-0.72,-0.72,37.7,,,,,
SI,2026-08-10,98.0,2.73,5.93,"Morejon, Adrian",668930,670970,,foul,,,,,3.0,,R,L,L,SD,MIL,S,,,0,1,2026,1.47,0.8,0.5865925458046395,3.15578083234906,,,,0,8,Top,,,,,,,-9.089735743536435,-142.33156941751793,-3.573656661562837,22.143923132808233,37.82020939116995,-20.71196347510301,3.21035105,1.620177165,199.0,66.0,34.0,96.6,2442.0,5.9,823265,666023,664034,630105,592518,823550,687749,701538,665487,54.56,,,,,,,,56,2,Sinker,3,2,2,3,2,3,2,3,Strategic,Standard,137.0,0.014,-0.054,60.5,5.7,,,0.054,88.0,1,-1,0.753,0.247,27,26,27,27,1,3,2.0,1.0,2.0,1.0,1.62,1.47,1.47,36.5,-6.124675272864747,28.349139867112314,26.99285684003498,26.941190218839697,22.88033859224757
SI,2026-08-10,99.2,2.58,5.86,"Morejon, Adrian",668930,670970,strikeout,called_strike,,,,,4.0,"Freddy Fermin challenged (pitch result), call on the field was overturned: Brice Turang called out on strikes.",R,L,L,SD,MIL,S,2.0,,0,2,2026,1.5,0.49,-0.7156570213189364,2.189096028384131,,,,0,8,Top,,,,,,,-12.36177549626217,-143.72968258504224,-5.417264321714125,23.818922791179073,38.493664552633035,-24.13562919683348,3.21035105,1.620177165,,,,97.8,2395.0,6.1,823265,666023,664034,630105,592518,823550,687749,701538,665487,54.41,,0.0,0.0,1.0,0.0,0.0,,56,3,Sinker,3,2,2,3,2,3,2,3,Strategic,Standard,141.0,0.032,-0.164,,,,,0.164,,1,-1,0.767,0.233,27,26,27,27,1,3,2.0,1.0,2.0,1.0,1.87,1.5,1.5,34.9,,,,,
CH,2026-08-10,92.3,2.77,5.93,"Morejon, Adrian",694192,670970,,swinging_strike,,,,,7.0,,R,R,L,SD,MIL,S,,,0,0,2026,0.76,-0.63,-0.6600961579080075,1.7823571620192018,,,,1,8,Top,,,,,,,-10.196484144155152,-133.92659740850613,-2.969404069493324,11.501972030591393,31.827328424493743,-39.23203144533184,3.237557415,1.63390748,,,,91.1,1120.0,5.9,823265,666023,664034,630105,592518,823550,687749,701538,665487,54.55,,,,,,,,57,1,Changeup,3,2,2,3,2,3,2,3,Standard,Standard,109.0,0.006,-0.041,77.8,7.1,0.924427164,,0.041,,1,-1,0.799,0.201,27,22,27,22,1,3,2.0,1.0,2.0,1.0,3.35,0.76,-0.76,39.3,3.939515773610167,9.285258040182708,35.46850320561961,32.36676414707725,25.69891392475136
SI,2026-08-10,99.5,2.57,5.9,"Morejon, Adrian",694192,670970,,foul,,,,,12.0,,R,R,L,SD,MIL,S,,,0,1,2026,1.49,0.79,0.8659494728457282,2.9450784375993697,,,,1,8,Top,,,,,,,-8.116186291787672,-144.5280631868111,-4.304605652656789,22.816886584808493,37.06422145702444,-20.245187376596935,3.237557415,1.63390748,203.0,82.0,17.0,98.3,2442.0,6.0,823265,666023,664034,630105,592518,823550,687749,701538,665487,54.53,,,,,,,,57,2,Sinker,3,2,2,3,2,3,2,3,Standard,Standard,141.0,0.01,-0.057,73.0,6.8,,,0.057,88.0,1,-1,0.805,0.195,27,22,27,22,1,3,2.0,1.0,2.0,1.0,1.54,1.49,-1.49,36.4,6.519583299360052,21.544274122299257,23.100394400795757,50.98780828780558,21.734073154208417
CH,2026-08-10,91.8,2.67,5.92,"Morejon, Adrian",694192,670970,single,hit_into_play,,,,,7.0,Jackson Chourio singles on a line drive to left fielder Jase Bowen.,R,R,L,SD,MIL,X,7.0,line_drive,0,2,2026,0.79,0.01,-0.6395420098439296,1.7532607222619991,,,,1,8,Top,70.22,102.53,,,,,-9.917251086689015,-133.34047008150785,-4.3984786261945645,11.572454521356184,30.088533052971684,-31.28364204644931,3.237557415,1.63390748,143.0,105.0,7.0,91.0,883.0,6.0,823265,666023,664034,630105,592518,823550,687749,701538,665487,54.5,0.629,0.581,0.9,1.0,1.0,0.0,4.0,57,3,Changeup,3,2,2,3,2,3,2,3,Standard,Standard,83.0,-0.078,0.517,,,,0.7,-0.517,105.0,1,-1,0.815,0.185,27,22,27,22,1,3,2.0,1.0,2.0,1.0,2.72,0.79,-0.79,40.1,,,,,
SI,2026-08-10,100.2,2.54,5.88,"Morejon, Adrian",641343,670970,,called_strike,,,,,5.0,,R,L,L,SD,MIL,S,,,0,0,2026,1.49,0.63,-0.2105628476857044,2.5849868253453185,,,694192.0,1,8,Top,,,,,,,-11.000524857418776,-145.3585552420848,-4.9548093663242,23.79906143156964,37.26529076817233,-22.166764534505813,3.217372047,1.623720472,,,,99.2,2271.0,6.1,823265,666023,664034,630105,592518,823550,687749,701538,665487,54.41,,,,,,,,58,1,Sinker,3,2,2,3,2,3,2,3,Infield shade,Standard,133.0,0.011,-0.037,,,,,0.037,,1,-1,0.737,0.263,27,30,27,31,1,3,2.0,1.0,2.0,1.0,1.67,1.49,1.49,42.6,,,,,
SI,2026-08-10,99.7,2.57,5.88,"Morejon, Adrian",641343,670970,grounded_into_double_play,hit_into_play,,,,,6.0,"Jake Bauers grounds into a double play, second baseman Jake Cronenworth to shortstop Sung-Mun Song to first baseman Ty France. Jackson Chourio out at 2nd. Jake Bauers out at 1st.",R,L,L,SD,MIL,X,4.0,ground_ball,0,1,2026,1.41,0.63,0.305637738580665,2.1641403638796772,,,694192.0,1,8,Top,154.34,155.74,,,,,-9.457039712249282,-144.79901863266744,-6.026798293513815,22.1192117602123,36.37341278320746,-22.00280229613834,3.217372047,1.623720472,28.0,97.9,-3.0,98.8,2376.0,6.1,823265,666023,664034,630105,592518,823550,687749,701538,665487,54.45,0.315,0.293,0.0,1.0,0.0,0.0,2.0,58,2,Sinker,3,2,2,3,2,3,2,3,Infield shade,Standard,141.0,0.119,-0.283,78.1,7.5,,0.357,0.283,97.9,1,-1,0.748,0.252,27,30,27,31,1,3,2.0,1.0,2.0,1.0,1.69,1.41,1.41,38.3,9.725494187074723,4.792919397672328,36.6402761437385,33.16197249847489,27.28076587047974
FF,2026-08-12,98.6,2.3,5.98,"Morejon, Adrian",800325,670970,,ball,,,,,11.0,,R,R,L,SD,MIL,B,,,0,0,2026,0.35,1.15,-0.5897721769573473,3.924249404163376,,668930.0,,0,10,Top,,,,,,,-8.552135519686603,-143.4790101126002,-2.7348629743454858,6.709747228658884,30.926582773803105,-15.7289963722783,3.004986877,1.516535433,,,,98.7,2440.0,6.2,823263,669134,664034,630105,592518,593428,650859,701538,665487,54.29,,,,,,,,73,1,4-Seam Fastball,2,2,2,2,2,2,2,2,Strategic,Standard,145.0,-0.005,0.033,,,,,-0.033,,0,0,0.5,0.5,27,21,27,22,1,0,2.0,1.0,4.0,2.0,1.18,0.35,-0.35,45.3,,,,,
FF,2026-08-12,97.5,2.18,5.91,"Morejon, Adrian",800325,670970,,foul_tip,,,,,11.0,,R,R,L,SD,MIL,S,,,1,0,2026,0.6,1.18,-0.2008374237609206,3.356553877674864,,668930.0,,0,10,Top,,,,,,,-7.716691914118544,-141.8195071273143,-3.952692991395116,9.85334145903852,31.1537739739037,-15.542202558574395,3.004986877,1.516535433,,,,97.7,2392.0,6.3,823263,669134,664034,630105,592518,593428,650859,701538,665487,54.16,,,,,,,,73,2,4-Seam Fastball,2,2,2,2,2,2,2,2,Strategic,Standard,145.0,0.01,-0.058,65.2,5.5,,,0.058,,0,0,0.495,0.505,27,21,27,22,1,0,2.0,1.0,4.0,2.0,1.21,0.6,-0.6,43.7,-4.961040599416165,32.582796569498555,19.09257141829693,32.96976094683064,15.326752460739025
,2026-08-12,,,,"Morejon, Adrian",800325,670970,,automatic_strike,,,,,,,R,R,L,SD,MIL,S,,,1,1,2026,,,,,,668930.0,,0,10,Top,,,,,,,,,,,,,,,,,,,,,823263,669134,664034,630105,592518,593428,650859,701538,665487,,,,,,,,,73,3,,2,2,2,2,2,2,2,2,,,,0.028,,,,,,,,0,0,0.505,0.495,27,21,27,22,1,0,2.0,1.0,4.0,2.0,,,,,,,,,
CH,2026-08-12,91.1,2.4,5.87,"Morejon, Adrian",800325,670970,,foul,,,,,8.0,,R,R,L,SD,MIL,S,,,1,2,2026,0.62,-0.66,0.1090989097143396,1.8707530540726056,,668930.0,,0,10,Top,,,,,,,-7.014547442706133,-132.42723861743525,-2.391903710354714,8.900367722111325,30.966686961592693,-39.57140807777123,3.004986877,1.516535433,,,,90.4,937.0,6.1,823263,669134,664034,630105,592518,593428,650859,701538,665487,54.38,,,,,,,,73,4,Changeup,2,2,2,2,2,2,2,2,Standard,Standard,101.0,0.0,0.0,69.8,6.4,,,0.0,,0,0,0.533,0.467,27,21,27,22,1,0,2.0,1.0,4.0,2.0,3.44,0.62,-0.62,42.5,-4.78614854024177,21.5619138369012,23.61854725649027,36.23233791974053,21.81916984374457
FF,2026-08-12,100.1,2.39,5.89,"Morejon, Adrian",800325,670970,,foul,,,,,2.0,,R,R,L,SD,MIL,S,,,1,2,2026,0.56,1.16,0.047586519783982,2.6988412458660314,,668930.0,,0,10,Top,,,,,,,-7.732927084421414,-145.55679755184377,-6.007895531961498,9.821356926155016,34.69032001240357,-14.497240235076628,3.004986877,1.516535433,296.0,87.3,34.0,100.1,2445.0,6.4,823263,669134,664034,630105,592518,593428,650859,701538,665487,54.13,,,,,,,,73,5,4-Seam Fastball,2,2,2,2,2,2,2,2,Standard,Standard,143.0,0.0,0.0,62.3,5.6,,,0.0,88.0,0,0,0.533,0.467,27,21,27,22,1,0,2.0,1.0,4.0,2.0,1.12,0.56,-0.56,43.4,-1.5440717033455358,30.831983784708495,20.240064320021656,33.330271915139676,18.219659809093656
FF,2026-08-12,100.0,2.21,5.87,"Morejon, Adrian",800325,670970,,foul,,,,,1.0,,R,R,L,SD,MIL,S,,,1,2,2026,0.64,1.08,-0.2816518484315439,2.5509791778348254,,668930.0,,0,10,Top,,,,,,,-8.31147177417446,-145.23465384135363,-6.086691313837447,11.119936366623826,36.86257187278634,-15.67830172287622,3.004986877,1.516535433,253.0,85.5,23.0,99.6,2418.0,6.3,823263,669134,664034,630105,592518,593428,650859,701538,665487,54.16,,,,,,,,73,6,4-Seam Fastball,2,2,2,2,2,2,2,2,Standard,Standard,146.0,0.0,0.0,69.8,5.3,,,0.0,88.0,0,0,0.533,0.467,27,21,27,22,1,0,2.0,1.0,4.0,2.0,1.23,0.64,-0.64,43.4,-13.374915915143427,35.59998532653154,28.457020194389273,31.45477061064955,16.633538544745154
FF,2026-08-12,99.1,2.17,5.92,"Morejon, Adrian",800325,670970,,ball,,,,,12.0,,R,R,L,SD,MIL,B,,,1,2,2026,0.61,1.33,0.480739323971358,4.07249140640544,,668930.0,,0,10,Top,,,,,,,-6.003563307714257,-144.0866840364564,-2.5729045003072337,9.960470657715572,36.27606392316152,-13.347062829993265,3.004986877,1.516535433,,,,98.7,2305.0,6.3,823263,669134,664034,630105,592518,593428,650859,701538,665487,54.18,,,,,,,,73,7,4-Seam Fastball,2,2,2,2,2,2,2,2,Standard,Strategic,141.0,0.201,0.028,,,,,-0.028,,0,0,0.533,0.467,27,21,27,22,1,0,2.0,1.0,4.0,2.0,1.01,0.61,-0.61,41.7,,,,,
CH,2026-08-12,92.9,2.54,5.87,"Morejon, Adrian",800325,670970,,ball,,,,,14.0,,R,R,L,SD,MIL,B,,,2,2,2026,0.85,-0.61,1.2571108943091605,1.8406848569022565,,,,1,10,Top,,,,,,,-5.104698875423178,-135.14177080207622,-2.876699465761533,11.517643858605208,32.63157178492556,-39.08101588623358,3.004986877,1.516535433,,,,92.2,993.0,6.1,823263,669134,664034,630105,592518,593428,650859,701538,665487,54.36,,,,,,,,73,8,Changeup,2,2,2,2,2,2,2,2,Standard,Strategic,100.0,-0.017,0.112,,,,,-0.112,,0,0,0.734,0.266,27,21,27,22,1,0,2.0,1.0,4.0,2.0,3.27,0.85,-0.85,41.8,,,,,
SI,2026-08-12,99.8,2.53,5.82,"Morejon, Adrian",800325,670970,strikeout,called_strike,,,,,5.0,Luis Lara called out on strikes.,R,R,L,SD,MIL,S,2.0,,3,2,2026,1.3,0.63,-0.2159991342422398,2.4881731332547163,,,,1,10,Top,,,,,,,-10.52844239825168,-144.84255597713326,-5.0069196566440715,20.845556786161023,36.5333883920753,-22.217683861497193,3.004986877,1.516535433,,,,99.1,2346.0,6.2,823263,669134,664034,630105,592518,593428,650859,701538,665487,54.26,,0.0,0.0,1.0,0.0,0.0,,73,9,Sinker,2,2,2,2,2,2,2,2,Standard,Strategic,143.0,0.056,-0.345,,,,,0.345,,0,0,0.717,0.283,27,21,27,22,1,0,2.0,1.0,4.0,2.0,1.68,1.3,-1.3,40.1,,,,,
SI,2026-08-12,100.3,2.51,5.79,"Morejon, Adrian",641343,670970,single,hit_into_play,,,,,5.0,Jake Bauers singles on a ground ball to third baseman Manny Machado.,R,L,L,SD,MIL,X,5.0,ground_ball,0,0,2026,1.36,0.73,0.2114873959265402,2.4971905991698113,,,,2,10,Top,100.2,167.75,,,,,-9.533362685494078,-145.6925504004995,-5.2809841724170035,21.550495861969377,33.838276544299944,-20.637747626576704,3.217372047,1.623720472,3.0,93.8,-38.0,100.3,2408.0,6.3,823263,669134,664034,630105,592518,593428,650859,701538,665487,54.15,0.047,0.042,0.9,1.0,1.0,0.0,2.0,74,1,Sinker,2,2,2,2,2,2,2,2,Infield shade,Standard,132.0,-0.033,0.328,65.7,5.9,,0.052,-0.328,93.8,0,0,0.773,0.227,27,30,27,31,1,4,2.0,1.0,4.0,1.0,1.54,1.36,1.36,38.0,-10.889022860283289,36.47588466850181,34.40154079087748,34.766575285260956,6.517559254844211
SI,2026-08-12,100.2,2.53,5.77,"Morejon, Adrian",661388,670970,,foul,,,,,4.0,,R,R,L,SD,MIL,S,,,0,0,2026,1.27,0.43,-0.4411763208475672,2.584372909902867,,,641343.0,2,10,Top,,,,,,,-11.147404149590184,-145.51321844184437,-4.2315771271159335,20.65577550353255,35.13589285553936,-25.270097570810535,3.133120079,1.581200787,233.0,79.5,51.0,100.0,2291.0,6.4,823263,669134,664034,630105,592518,593428,650859,701538,665487,54.12,,,,,,,,75,1,Sinker,2,2,2,2,2,2,2,2,Standard,Standard,135.0,-0.015,-0.041,72.8,6.6,,,0.041,88.0,0,0,0.74,0.26,27,28,27,29,1,4,2.0,1.0,4.0,1.0,1.86,1.27,-1.27,39.5,-0.7125316398771737,13.287009118142723,28.844446951350623,33.46103948554011,24.331337157781935
FF,2026-08-12,100.0,2.2,5.9,"Morejon, Adrian",661388,670970,field_out,hit_into_play,,,,,1.0,William Contreras flies out to center fielder Jackson Merrill.,R,R,L,SD,MIL,X,8.0,fly_ball,0,1,2026,0.69,0.98,-0.4839220668030558,2.8931677698523055,,,641343.0,2,10,Top,114.18,77.78,,,,,-8.943657818839121,-145.26997581342584,-5.0541628146356725,11.84106857979594,33.782434398926064,-17.255993395106984,3.133120079,1.581200787,303.0,89.6,45.0,100.0,2391.0,6.4,823263,669134,664034,630105,592518,593428,650859,701538,665487,54.14,0.003,0.003,0.0,1.0,0.0,0.0,3.0,75,2,4-Seam Fastball,2,2,2,2,2,2,2,2,Standard,Standard,143.0,0.08,-0.234,74.3,7.1,,0.005,0.234,89.6,0,0,0.725,0.275,27,28,27,29,1,4,2.0,1.0,4.0,1.0,1.3,0.69,-0.69,47.5,9.851719259947728,2.297346973930705,25.07232605358567,33.32602916514861,31.184903004931087
SI,2026-08-12,100.1,2.34,5.81,"Morejon, Adrian",596142,670970,,ball,,,,,11.0,,R,R,L,SD,MIL,B,,,0,0,2026,1.3,0.77,-1.3220897207055808,2.787548572402892,,678225.0,,0,11,Top,,,,,,,-13.083727253180696,-145.14899688737776,-4.56971181575344,21.439865815711276,34.31443258417777,-20.378804497628455,3.311277887,1.671112205,,,,100.0,2305.0,6.4,823263,669134,664034,630105,592518,593428,650859,701538,665487,54.06,,,,,,,,80,1,Sinker,2,2,2,2,2,2,2,2,Standard,Standard,138.0,-0.005,0.033,,,,,-0.033,,0,0,0.5,0.5,27,33,27,34,1,4,2.0,1.0,4.0,1.0,1.53,1.3,-1.3,41.7,,,,,
SI,2026-08-12,101.2,2.41,5.81,"Morejon, Adrian",596142,670970,,ball,,,,,11.0,,R,R,L,SD,MIL,B,,,1,0,2026,1.33,0.78,-0.7888388123511745,3.615473740757764,,678225.0,,0,11,Top,,,,,,,-12.033118221379809,-146.86876089092925,-2.5199840835936773,22.08838759673616,34.63157992806622,-20.4044522908743,3.311277887,1.671112205,,,,101.1,2456.0,6.4,823263,669134,664034,630105,592518,593428,650859,701538,665487,54.11,,,,,,,,80,2,Sinker,2,2,2,2,2,2,2,2,Standard,Standard,137.0,-0.01,0.049,,,,,-0.049,,0,0,0.495,0.505,27,33,27,34,1,4,2.0,1.0,4.0,1.0,1.45,1.33,-1.33,40.4,,,,,
SI,2026-08-12,98.3,2.36,5.73,"Morejon, Adrian",596142,670970,double,hit_into_play,,,,,7.0,Gary Sánchez doubles (8) on a sharp ground ball to left fielder Luis Rengifo. Jihwan Bae scores.,R,R,L,SD,MIL,X,7.0,ground_ball,2,0,2026,1.38,0.76,-0.6749958722564486,1.7974710412648407,,678225.0,,0,11,Top,75.17,154.38,,,,,-11.351000207596492,-142.58158456926276,-6.71518327902642,21.45583857552673,32.893319166163415,-20.390184805934773,3.311277887,1.671112205,89.0,112.3,4.0,98.1,2328.0,6.4,823263,669134,664034,630105,592518,593428,650859,701538,665487,54.15,0.691,0.661,1.25,1.0,1.0,1.0,4.0,80,3,Sinker,2,2,2,2,3,2,3,2,Standard,Standard,135.0,-0.223,0.65,82.4,7.7,,0.802,-0.65,112.3,0,0,0.485,0.515,27,33,27,34,1,4,2.0,1.0,4.0,1.0,1.62,1.38,-1.38,41.0,17.89755567537303,-17.657149106539425,37.037302140986746,30.810803903119112,39.295970010802634
SI,2026-08-12,97.8,2.39,5.74,"Morejon, Adrian",669003,670970,,ball,,,,,13.0,,R,L,L,SD,MIL,B,,,0,0,2026,1.36,0.84,-0.9372775715281094,1.9984648124768936,,596142.0,,0,11,Top,,,,,,,-12.035081867866769,-141.81418484414056,-6.256432787816038,21.272329475081303,35.02129778521958,-19.47542209683521,3.292847769,1.661811024,,,,97.3,2314.0,6.4,823263,669134,664034,630105,592518,593428,650859,701538,665487,54.14,,,,,,,,81,1,Sinker,2,3,3,2,3,2,3,2,Strategic,Standard,138.0,-0.002,0.033,,,,,-0.033,,-1,1,0.262,0.738,27,27,27,28,1,2,2.0,1.0,4.0,1.0,1.58,1.36,1.36,39.3,,,,,
CH,2026-08-12,92.8,2.06,5.7,"Morejon, Adrian",669003,670970,,ball,,,,,13.0,,R,L,L,SD,MIL,B,,,1,0,2026,1.35,0.82,-0.2523323567757607,-0.2169714701432195,,596142.0,,0,11,Top,,,,,,,-8.819897387722033,-134.48189686113176,-10.778657692329816,18.395406752874617,31.545319671186633,-19.81653940925105,3.292847769,1.661811024,,,,92.3,2150.0,6.4,823263,669134,664034,630105,592518,593428,650859,701538,665487,54.12,,,,,,,,81,2,Changeup,2,3,3,2,3,2,3,2,Strategic,Standard,135.0,-0.06,0.049,,,,,-0.049,,-1,1,0.26,0.74,27,27,27,28,1,2,2.0,1.0,4.0,1.0,1.86,1.35,1.35,40.0,,,,,
SI,2026-08-12,98.6,2.95,5.88,"Morejon, Adrian",669003,670970,,ball,,,,,12.0,,R,L,L,SD,MIL,B,,,2,0,2026,1.47,0.55,1.7443369203282828,3.4347768010468256,596142.0,,,0,11,Top,,,,,,,-6.68301578632149,-143.38968687889383,-2.2116381234599265,21.7736376802312,38.39725485401467,-24.31228463389009,3.292847769,1.661811024,,,,97.6,2248.0,6.1,823263,669134,664034,630105,592518,593428,650859,701538,665487,54.37,,,,,,,,81,3,Sinker,2,3,3,2,3,2,3,2,Strategic,Standard,137.0,-0.01,0.16,,,,,-0.16,,-1,1,0.2,0.8,27,27,27,28,1,2,2.0,1.0,4.0,1.0,1.83,1.47,1.47,38.7,,,,,
FF,2026-08-12,99.8,2.32,5.84,"Morejon, Adrian",669003,670970,,called_strike,,,,,2.0,,R,L,L,SD,MIL,S,,,3,0,2026,0.51,1.19,0.0856669482059824,3.1048429131019932,596142.0,,,0,11,Top,,,,,,,-7.295100074918394,-145.14818269500944,-4.766821066336885,8.950180390821474,36.063997594011134,-14.50362676271254,3.292847769,1.661811024,,,,99.9,2414.0,6.5,823263,669134,664034,630105,592518,593428,650859,701538,665487,54.01,,,,,,,,81,4,4-Seam Fastball,2,3,3,2,3,2,3,2,Strategic,Standard,145.0,0.007,-0.077,,,,,0.077,,-1,1,0.19,0.81,27,27,27,28,1,2,2.0,1.0,4.0,1.0,1.12,0.51,0.51,45.8,,,,,
SI,2026-08-12,98.4,2.4,5.73,"Morejon, Adrian",669003,670970,,foul_tip,,,,,9.0,,R,L,L,SD,MIL,S,,,3,1,2026,1.33,0.57,0.7672098919071912,2.159253231790762,596142.0,,,0,11,Top,,,,,,,-7.506128616266607,-142.94816866973653,-5.291140384062971,20.051824363248542,36.240068119851344,-23.229413376841233,3.292847769,1.661811024,,,,97.9,2218.0,6.3,823263,669134,664034,630105,592518,593428,650859,701538,665487,54.17,,,,,,,,81,5,Sinker,2,3,3,2,3,2,3,2,Strategic,Standard,137.0,0.007,-0.126,80.2,7.0,,,0.126,,-1,1,0.197,0.803,27,27,27,28,1,2,2.0,1.0,4.0,1.0,1.81,1.33,1.33,39.1,3.165954716074188,6.580706412687939,30.003422215825346,29.0635913811565,25.08015087245365
SI,2026-08-12,99.6,2.45,5.76,"Morejon, Adrian",669003,670970,walk,ball,,,,,12.0,Garrett Mitchell walks.,R,L,L,SD,MIL,B,,,3,2,2026,1.43,0.75,1.573766381804296,3.5644059447309284,596142.0,,,0,11,Top,,,,,,,-5.795591533060986,-144.8703126343239,-2.1803613675173468,21.499282724057583,37.4113943551181,-21.40684034240386,3.292847769,1.661811024,,,,99.2,2342.0,6.3,823263,669134,664034,630105,592518,593428,650859,701538,665487,54.19,,0.698418,0.7,1.0,0.0,0.0,,81,6,Sinker,2,3,3,2,3,2,3,2,Strategic,Standard,135.0,-0.026,0.27,,,,,-0.27,,-1,1,0.204,0.796,27,27,27,28,1,2,2.0,1.0,4.0,1.0,1.57,1.43,1.43,39.4,,,,,
SI,2026-08-12,99.8,2.31,5.75,"Morejon, Adrian",666152,670970,,foul_tip,,,,,12.0,,R,L,L,SD,MIL,S,,,0,0,2026,1.46,0.67,0.9793726696155722,3.2736425973810106,596142.0,,669003.0,0,11,Top,,,,,,,-7.116059088858007,-145.12658223491107,-2.8307336035033837,22.292538946687092,35.21371778903296,-22.224129655182047,3.134875328,1.582086614,,,,99.7,2261.0,6.4,823263,669134,664034,630105,592518,593428,650859,701538,665487,54.14,,,,,,,,82,1,Sinker,2,3,3,2,3,2,3,2,Strategic,Standard,138.0,0.011,-0.041,58.6,4.7,,,0.041,,-1,1,0.178,0.822,27,28,27,29,1,4,2.0,1.0,4.0,1.0,1.63,1.46,1.46,41.4,-17.845014585431542,43.07262346680169,33.1461910091919,28.495252624182005,7.697821534813128
SI,2026-08-12,100.1,2.46,5.75,"Morejon, Adrian",666152,670970,,foul,,,,,12.0,,R,L,L,SD,MIL,S,,,0,1,2026,1.51,0.78,1.2859832453723117,3.165399275438685,596142.0,,669003.0,0,11,Top,,,,,,,-6.833928441220665,-145.6227848440651,-3.400466787724964,23.131988734397197,36.956718300791934,-20.476090707508845,3.134875328,1.582086614,200.0,77.4,19.0,99.8,2300.0,6.3,823263,669134,664034,630105,592518,593428,650859,701538,665487,54.15,,,,,,,,82,2,Sinker,2,3,3,2,3,2,3,2,Strategic,Standard,137.0,0.019,-0.057,61.2,5.2,,,0.057,88.0,-1,1,0.189,0.811,27,28,27,29,1,4,2.0,1.0,4.0,1.0,1.51,1.51,1.51,41.3,-13.679808124973698,24.989931355676458,34.53862996431193,25.28828451302494,15.121870072362391
SL,2026-08-12,90.0,2.63,5.72,"Morejon, Adrian",666152,670970,strikeout,swinging_strike,,,,,2.0,David Hamilton strikes out swinging.,R,L,L,SD,MIL,S,2.0,,0,2,2026,-0.52,-0.15,0.0289024716737228,2.835518830178754,596142.0,,669003.0,0,11,Top,,,,,,,-5.250736947361001,-131.12887259203364,-0.7518927974300385,-5.10637638880783,24.664794090187605,-33.967179460446076,3.134875328,1.582086614,,,,90.6,2771.0,6.3,823263,669134,664034,630105,592518,593428,650859,701538,665487,54.18,,0.0,0.0,1.0,0.0,0.0,,82,3,Slider,2,3,3,2,3,2,3,2,Strategic,Standard,284.0,0.044,-0.218,66.6,6.0,0.1,,0.218,,-1,1,0.208,0.792,27,28,27,29,1,4,2.0,1.0,4.0,1.0,2.93,-0.52,-0.52,40.7,-8.689531021581,26.575501281741214,27.46912670446351,39.76927425682488,13.07919835539959
SI,2026-08-12,98.8,2.36,5.8,"Morejon, Adrian",687401,670970,,ball,,,,,12.0,,R,R,L,SD,MIL,B,,,0,0,2026,1.29,0.85,0.5354291228940347,3.3849968866992803,596142.0,,669003.0,1,11,Top,,,,,,,-7.958402768878165,-143.76340334718225,-2.99294756424524,19.70203640793359,31.945259071226456,-19.876282055176723,3.136630577,1.582972441,,,,99.1,2370.0,6.3,823263,669134,664034,630105,592518,593428,650859,701538,665487,54.15,,,,,,,,83,1,Sinker,2,3,3,2,3,2,3,2,Strategic,Standard,142.0,-0.025,0.021,,,,,-0.021,,-1,1,0.252,0.748,27,27,27,28,1,4,2.0,4.0,4.0,1.0,1.48,1.29,-1.29,40.8,,,,,
SI,2026-08-12,100.0,2.28,5.77,"Morejon, Adrian",687401,670970,,foul,,,,,12.0,,R,R,L,SD,MIL,S,,,1,0,2026,1.18,0.96,0.7660427944787882,3.744140987809749,596142.0,669003.0,,1,11,Top,,,,,,,-6.953541131766221,-145.58739560954385,-2.3610050103839857,18.41393430503215,33.488137901654206,-18.21752856114544,3.136630577,1.582972441,,,,100.3,2392.0,6.4,823263,669134,664034,630105,592518,593428,650859,701538,665487,54.11,,,,,,,,83,2,Sinker,2,3,3,2,3,2,3,2,Strategic,Standard,141.0,0.006,-0.062,74.6,7.0,,,0.062,,-1,1,0.227,0.773,27,27,27,28,1,4,2.0,4.0,4.0,1.0,1.32,1.18,-1.18,39.7,10.43451879342316,20.075288256317112,13.03246890746836,43.476174367092405,19.241580908432677
FF,2026-08-12,99.4,2.39,5.89,"Morejon, Adrian",687401,670970,,foul,,,,,12.0,,R,R,L,SD,MIL,S,,,1,1,2026,0.4,0.9,0.2581727927472611,3.743814658009688,596142.0,669003.0,,1,11,Top,,,,,,,-6.755147047013228,-144.6793154983695,-2.49047400017498,7.103012889963171,31.39481636587205,-19.085387872839853,3.136630577,1.582972441,276.0,101.7,16.0,100.1,2214.0,6.5,823263,669134,664034,630105,592518,593428,650859,701538,665487,54.0,,,,,,,,83,3,4-Seam Fastball,2,3,3,2,3,2,3,2,Strategic,Standard,145.0,0.033,-0.075,66.3,6.1,,,0.075,101.7,-1,1,0.233,0.767,27,27,27,28,1,4,2.0,4.0,4.0,1.0,1.39,0.4,-0.4,44.6,-3.615173980465649,35.97305367397457,16.8985233380805,36.93129174900143,12.937884501002024
SI,2026-08-12,98.9,2.47,5.78,"Morejon, Adrian",687401,670970,,foul,,,,,12.0,,R,R,L,SD,MIL,S,,,1,2,2026,1.52,0.46,0.0009858966223443,3.3759163226755744,596142.0,669003.0,,1,11,Top,,,,,,,-10.234366878751398,-143.70036757401735,-1.9835985251126504,23.42030926560747,34.26130983342739,-25.586796171891397,3.136630577,1.582972441,194.0,77.6,64.0,98.7,2223.0,6.3,823263,669134,664034,630105,592518,593428,650859,701538,665487,54.18,,,,,,,,83,4,Sinker,2,3,3,2,3,2,3,2,Strategic,Standard,140.0,0.0,0.0,68.1,6.6,,,0.0,88.0,-1,1,0.266,0.734,27,27,27,28,1,4,2.0,4.0,4.0,1.0,1.89,1.52,-1.52,42.2,-5.039130351103121,7.288326044067559,21.539430206243715,34.156716878377026,21.87600366646383
CH,2026-08-12,93.5,2.52,5.8,"Morejon, Adrian",687401,670970,,foul,,,,,13.0,,R,R,L,SD,MIL,S,,,1,2,2026,0.61,0.55,-0.7186642326792739,1.1448509926171582,596142.0,669003.0,,1,11,Top,,,,,,,-9.574482077522422,-135.59098577208795,-7.117836488743179,9.742821599163529,31.991801851315472,-23.93546969017336,3.136630577,1.582972441,,,,92.9,939.0,6.3,823263,669134,664034,630105,592518,593428,650859,701538,665487,54.17,,,,,,,,83,5,Changeup,2,3,3,2,3,2,3,2,Strategic,Standard,107.0,0.0,0.0,71.0,8.4,,,0.0,,-1,1,0.266,0.734,27,27,27,28,1,4,2.0,4.0,4.0,1.0,2.1,0.61,-0.61,49.5,13.84743166558554,-22.659997288152443,37.3975584839515,25.972731140498603,33.3294899506074
CH,2026-08-12,93.2,2.44,5.81,"Morejon, Adrian",687401,670970,strikeout,swinging_strike,,,,,13.0,Joey Ortiz strikes out swinging.,R,R,L,SD,MIL,S,2.0,,1,2,2026,0.7,-0.41,-0.0463394557212825,1.0815228743172418,596142.0,669003.0,,1,11,Top,,,,,,,-7.861682586327635,-135.49139018707348,-5.241620193922627,10.322371767589692,27.547769931157926,-36.33913836593757,3.136630577,1.582972441,,,,93.4,983.0,6.3,823263,669134,664034,630105,592518,593428,650859,701538,665487,54.18,,0.0,0.0,1.0,0.0,0.0,,83,6,Changeup,2,3,3,2,3,2,3,2,Strategic,Standard,99.0,0.09,-0.366,71.8,8.1,2.04741378,,0.366,,-1,1,0.266,0.734,27,27,27,28,1,4,2.0,4.0,4.0,1.0,3.02,0.7,-0.7,48.1,12.198128494443235,-11.855141444898262,30.652102378367893,33.773899441424135,34.137086592897916
,2026-08-12,,,,"Morejon, Adrian",694192,670970,,automatic_ball,,,,,,,R,R,L,SD,MIL,B,,,0,0,2026,,,,,596142.0,669003.0,,2,11,Top,,,,,,,,,,,,,,,,,,,,,823263,669134,664034,630105,592518,593428,650859,701538,665487,,,,,,,,,84,1,,2,3,3,2,3,2,3,2,,,,-0.002,,,,,,,,-1,1,0.356,0.644,27,22,27,22,1,5,2.0,1.0,4.0,1.0,,,,,,,,,
,2026-08-12,,,,"Morejon, Adrian",694192,670970,,automatic_ball,,,,,,,R,R,L,SD,MIL,B,,,1,0,2026,,,,,596142.0,669003.0,,2,11,Top,,,,,,,,,,,,,,,,,,,,,823263,669134,664034,630105,592518,593428,650859,701538,665487,,,,,,,,,84,2,,2,3,3,2,3,2,3,2,,,,-0.004,,,,,,,,-1,1,0.354,0.646,27,22,27,22,1,5,2.0,1.0,4.0,1.0,,,,,,,,,
,2026-08-12,,,,"Morejon, Adrian",694192,670970,,automatic_ball,,,,,,,R,R,L,SD,MIL,B,,,2,0,2026,,,,,596142.0,669003.0,,2,11,Top,,,,,,,,,,,,,,,,,,,,,823263,669134,664034,630105,592518,593428,650859,701538,665487,,,,,,,,,84,3,,2,3,3,2,3,2,3,2,,,,-0.007,,,,,,,,-1,1,0.35,0.65,27,22,27,22,1,5,2.0,1.0,4.0,1.0,,,,,,,,,
,2026-08-12,,,,"Morejon, Adrian",694192,670970,intent_walk,automatic_ball,,,,,,Adrian Morejon intentionally walks Jackson Chourio.,R,R,L,SD,MIL,B,,,3,0,2026,,,,,596142.0,669003.0,,2,11,Top,,,,,,,,,,,,,,,,,,,,,823263,669134,664034,630105,592518,593428,650859,701538,665487,,,,0.4,,0.0,0.0,,84,4,,2,3,3,2,3,2,3,2,,,,-0.008,,,,,,,,-1,1,0.343,0.657,27,22,27,22,1,5,2.0,1.0,4.0,1.0,,,,,,,,,
SI,2026-08-12,100.3,2.41,5.73,"Morejon, Adrian",668930,670970,,swinging_strike,,,,,3.0,,R,L,L,SD,MIL,S,,,0,0,2026,1.35,0.58,0.4298126251612844,3.1952128546825156,596142.0,669003.0,694192.0,2,11,Top,,,,,,,-8.618690672684604,-145.79166361684983,-2.8453557268604404,21.24676385630995,35.436073147233685,-23.43758224398505,3.21035105,1.620177165,,,,100.1,2434.0,6.3,823263,669134,664034,630105,592518,593428,650859,701538,665487,54.21,,,,,,,,85,1,Sinker,2,3,3,2,3,2,3,2,Strategic,Standard,141.0,-0.02,-0.04,61.0,5.5,0.932908464,,0.04,,-1,1,0.335,0.665,27,26,27,27,1,5,2.0,1.0,4.0,6.0,1.7,1.35,1.35,39.0,-9.73528837257276,37.54373399619625,30.926949633691304,32.0766247378251,13.179098531104298
SI,2026-08-12,99.8,2.45,5.77,"Morejon, Adrian",668930,670970,,ball,,,,,12.0,,R,L,L,SD,MIL,B,,,0,1,2026,1.35,0.36,0.6431176927382136,3.434939457034538,596142.0,669003.0,694192.0,2,11,Top,,,,,,,-8.128452348039037,-145.00289151042048,-1.6738760984415435,21.03371822021793,36.774763783454446,-26.905529888023235,3.21035105,1.620177165,,,,99.4,2459.0,6.3,823263,669134,664034,630105,592518,593428,650859,701538,665487,54.17,,,,,,,,85,2,Sinker,2,3,3,2,3,2,3,2,Strategic,Standard,141.0,0.013,0.028,,,,,-0.028,,-1,1,0.315,0.685,27,26,27,27,1,5,2.0,1.0,4.0,6.0,1.95,1.35,1.35,41.1,,,,,
SI,2026-08-12,100.2,2.48,5.74,"Morejon, Adrian",668930,670970,,foul,,,,,3.0,,R,L,L,SD,MIL,S,,,1,1,2026,1.42,0.41,0.7345099488151343,3.23563652899138,596142.0,669003.0,694192.0,2,11,Top,,,,,,,-8.178133930262717,-145.58159899169812,-2.300298258238163,22.168950863139106,37.04061538899207,-25.969453775688663,3.21035105,1.620177165,150.0,83.3,10.0,99.9,2505.0,6.4,823263,669134,664034,630105,592518,593428,650859,701538,665487,54.12,,,,,,,,85,3,Sinker,2,3,3,2,3,2,3,2,Standard,Standard,138.0,-0.032,-0.064,63.0,5.6,,,0.064,88.0,-1,1,0.328,0.672,27,26,27,27,1,5,2.0,1.0,4.0,6.0,1.88,1.42,1.42,39.9,-2.3373261096723397,26.43809582100534,33.07227521117256,27.517226796428883,20.220487817739045
FF,2026-08-12,100.1,2.35,5.88,"Morejon, Adrian",668930,670970,,ball,,,,,12.0,,R,L,L,SD,MIL,B,,,1,2,2026,0.54,1.28,0.3100833841736825,4.113873619309605,596142.0,669003.0,694192.0,2,11,Top,,,,,,,-6.867569230364182,-145.58469217326984,-2.402920587442157,9.388385308711944,36.55729424999186,-13.640899950312502,3.21035105,1.620177165,,,,99.9,2501.0,6.4,823263,669134,664034,630105,592518,593428,650859,701538,665487,54.12,,,,,,,,85,4,4-Seam Fastball,2,3,3,2,3,2,3,2,Strategic,Standard,148.0,0.019,0.027,,,,,-0.027,,-1,1,0.296,0.704,27,26,27,27,1,5,2.0,1.0,4.0,6.0,1.01,0.54,0.54,43.9,,,,,
FF,2026-08-12,99.4,2.21,5.8,"Morejon, Adrian",668930,670970,,foul,,,,,3.0,,R,L,L,SD,MIL,S,,,2,2,2026,0.41,1.3,0.6947571727844684,2.870419090652194,596142.0,669003.0,694192.0,2,11,Top,,,,,,,-5.082337766256072,-144.66241317202622,-5.529786134828469,6.931161393414481,34.61616062772019,-12.80504940130636,3.21035105,1.620177165,265.0,78.6,47.0,99.5,2477.0,6.4,823263,669134,664034,630105,592518,593428,650859,701538,665487,54.08,,,,,,,,85,5,4-Seam Fastball,2,3,3,2,3,2,3,2,Strategic,Strategic,153.0,0.0,0.0,68.9,6.9,,,0.0,88.0,-1,1,0.315,0.685,27,26,27,27,1,5,2.0,1.0,4.0,6.0,1.01,0.41,0.41,42.4,11.655162847902988,0.7279033123995425,37.0954789032309,27.24096027204142,32.83197431915664
SL,2026-08-12,90.2,2.57,5.69,"Morejon, Adrian",668930,670970,strikeout,swinging_strike,,,,,4.0,Brice Turang strikes out swinging.,R,L,L,SD,MIL,S,2.0,,2,2,2026,-0.63,-0.39,-0.6611178173807389,2.627336398101974,596142.0,669003.0,694192.0,2,11,Top,,,,,,,-6.555467334748247,-131.1643483436138,-0.5795072735730711,-5.81721905107696,29.12666187456321,-36.71050533208826,3.21035105,1.620177165,,,,90.0,2912.0,6.3,823263,669134,664034,630105,592518,593428,650859,701538,665487,54.18,,0.0,0.0,1.0,0.0,0.0,,85,6,Slider,2,3,3,2,3,2,3,2,Strategic,Strategic,295.0,0.133,-0.2,63.5,6.7,0.10982616,,0.2,,-1,1,0.315,0.685,27,26,27,27,1,5,2.0,1.0,4.0,6.0,3.2,-0.63,-0.63,43.9,4.293100586012519,23.09046731165287,25.02785582437758,44.37663913904563,22.03221230979021
SI,2026-08-16,99.0,2.7,5.98,"Morejon, Adrian",595978,670970,field_out,hit_into_play,,,,,6.0,Austin Hedges lines out to second baseman Jake Cronenworth.,R,R,L,CLE,SD,X,4.0,line_drive,0,0,2026,1.29,0.77,0.7012740011646974,2.6617507555531272,,,,0,8,Bot,136.39,140.76,,,,,-8.409945069169797,-144.00628418973906,-5.281975094323177,19.894768372532273,30.513802152778236,-20.42689437331681,3.206840551,1.618405512,154.0,81.1,10.0,99.1,2479.0,6.2,824397,666023,664034,630105,823550,593428,687749,701538,665487,54.35,0.383,0.345,0.0,1.0,0.0,0.0,4.0,63,1,Sinker,0,4,0,4,4,0,0,4,Standard,Standard,139.0,-0.016,-0.259,67.2,7.1,,0.405,0.259,88.0,-4,-4,0.044,0.044,27,33,27,34,1,2,4.0,3.0,2.0,3.0,1.54,1.29,-1.29,39.7,8.302928298960545,11.34607975378405,22.48084004948409,44.63211850677936,27.56272566374504
SI,2026-08-16,99.9,2.72,5.86,"Morejon, Adrian",677587,670970,,ball,,,,,14.0,,R,R,L,CLE,SD,B,,,0,0,2026,1.22,0.68,1.3106284198539782,1.772146065090911,,,,1,8,Bot,,,,,,,-6.724571988136915,-145.28310068174727,-7.285263724985149,18.784139588515185,31.68505871933046,-21.0416204961176,3.068175853,1.548425197,,,,100.1,2536.0,6.3,824397,666023,664034,630105,823550,593428,687749,701538,665487,54.24,,,,,,,,64,1,Sinker,0,4,0,4,4,0,0,4,Standard,Standard,135.0,0.002,0.041,,,,,-0.041,,-4,-4,0.028,0.028,27,25,27,25,1,2,4.0,2.0,2.0,2.0,1.59,1.22,-1.22,36.9,,,,,
SI,2026-08-16,100.1,2.63,5.9,"Morejon, Adrian",677587,670970,,called_strike,,,,,2.0,,R,R,L,CLE,SD,S,,,1,0,2026,1.28,0.6,0.0479425027880555,3.1490550990055937,,,,1,8,Bot,,,,,,,-10.041054352919398,-145.5257435275976,-3.4745382646141656,20.439754184673543,31.788742833862123,-23.02566662828478,3.068175853,1.548425197,,,,99.9,2507.0,6.1,824397,666023,664034,630105,823550,593428,687749,701538,665487,54.42,,,,,,,,64,2,Sinker,0,4,0,4,4,0,0,4,Standard,Standard,148.0,-0.002,-0.05,,,,,0.05,,-4,-4,0.03,0.03,27,25,27,25,1,2,4.0,2.0,2.0,2.0,1.67,1.28,-1.28,38.2,,,,,
CH,2026-08-16,91.9,2.8,5.89,"Morejon, Adrian",677587,670970,,ball,,,,,14.0,,R,R,L,CLE,SD,B,,,1,1,2026,0.87,-0.46,1.028390539198334,0.5780087755528198,,,,1,8,Bot,,,,,,,-6.316105001385992,-133.7435350988768,-6.3564728144344596,11.731526216185612,26.250996142509617,-36.69062901347465,3.068175853,1.548425197,,,,91.9,1093.0,6.1,824397,666023,664034,630105,823550,593428,687749,701538,665487,54.42,,,,,,,,64,3,Changeup,0,4,0,4,4,0,0,4,Standard,Standard,100.0,0.002,0.056,,,,,-0.056,,-4,-4,0.028,0.028,27,25,27,25,1,2,4.0,2.0,2.0,2.0,3.14,0.87,-0.87,38.5,,,,,
SI,2026-08-16,100.8,2.57,5.84,"Morejon, Adrian",677587,670970,,ball,,,,,13.0,,R,R,L,CLE,SD,B,,,2,1,2026,1.32,0.63,-0.7754143048545985,1.329992975433648,,,,1,8,Bot,,,,,,,-12.31611760681622,-146.0469357779642,-8.425616209568926,21.780535782257058,33.780729122502144,-21.197067950046858,3.068175853,1.548425197,,,,100.5,2449.0,6.3,824397,666023,664034,630105,823550,593428,687749,701538,665487,54.18,,,,,,,,64,4,Sinker,0,4,0,4,4,0,0,4,Standard,Standard,137.0,0.005,0.128,,,,,-0.128,,-4,-4,0.03,0.03,27,25,27,25,1,2,4.0,2.0,2.0,2.0,1.63,1.32,-1.32,38.0,,,,,
SI,2026-08-16,99.5,2.4,5.93,"Morejon, Adrian",677587,670970,field_out,hit_into_play,,,,,3.0,Brayan Rocchio flies out to center fielder Jackson Merrill.,R,R,L,CLE,SD,X,8.0,fly_ball,3,1,2026,1.39,0.88,0.3923935232027578,2.738475511782198,,,,1,8,Bot,155.43,59.17,,,,,-8.718447319178953,-144.55942780518413,-5.221967309761767,21.48971336763779,33.11468407501584,-18.7886717772784,3.068175853,1.548425197,354.0,92.7,31.0,99.2,2474.0,6.2,824397,666023,664034,630105,823550,593428,687749,701538,665487,54.35,0.1,0.165,0.0,1.0,0.0,0.0,3.0,64,5,Sinker,0,4,0,4,4,0,0,4,Standard,Standard,143.0,-0.016,-0.436,68.7,6.9,,0.302,0.436,92.7,-4,-4,0.035,0.035,27,25,27,25,1,2,4.0,2.0,2.0,2.0,1.43,1.39,-1.39,42.2,6.384149601187647,3.672427929303979,27.836163200275195,38.94839510305544,27.93594015869369
SI,2026-08-16,100.0,2.51,5.82,"Morejon, Adrian",680757,670970,,called_strike,,,,,8.0,,R,L,L,CLE,SD,S,,,0,0,2026,1.26,0.66,-0.0612982030131505,1.691772373175094,,,,2,8,Bot,,,,,,,-9.995937724156562,-145.20329131168833,-7.296421079116775,20.168607927636945,34.90132251169084,-21.273638037006833,3.02253937,1.525393701,,,,99.6,2602.0,6.3,824397,666023,664034,630105,823550,593428,687749,701538,665487,54.23,,,,,,,,65,1,Sinker,0,4,0,4,4,0,0,4,Standard,Standard,140.0,-0.001,-0.045,,,,,0.045,,-4,-4,0.019,0.019,27,28,27,29,1,3,4.0,1.0,2.0,2.0,1.64,1.26,1.26,36.2,,,,,
SL,2026-08-16,91.6,2.78,5.84,"Morejon, Adrian",680757,670970,,ball,,,,,4.0,,R,L,L,CLE,SD,B,,,0,1,2026,-0.66,-0.22,-0.8079290182916534,2.3150570463807876,,,,2,8,Bot,,,,,,,-7.479772831446296,-133.25053060231005,-2.2966024721547225,-6.181998019803704,29.178984510549405,-34.55153164481986,3.02253937,1.525393701,,,,91.4,2988.0,6.2,824397,666023,664034,630105,823550,593428,687749,701538,665487,54.26,,,,,,,,65,2,Slider,0,4,0,4,4,0,0,4,Standard,Standard,284.0,0.001,0.03,,,,,-0.03,,-4,-4,0.018,0.018,27,28,27,29,1,3,4.0,1.0,2.0,2.0,2.95,-0.66,-0.66,39.2,,,,,
SI,2026-08-16,99.1,2.53,5.85,"Morejon, Adrian",680757,670970,field_out,hit_into_play,,,,,9.0,Steven Kwan lines out to left fielder Jase Bowen.,R,L,L,CLE,SD,X,7.0,line_drive,1,1,2026,1.31,0.74,0.6737876403670606,1.8794310295021144,,,,2,8,Bot,84.62,108.28,,,,,-8.10541723881125,-143.99780008558983,-6.866601347705373,20.17613763685141,35.887185914780495,-20.46077811842698,3.02253937,1.525393701,251.0,78.7,26.0,98.6,2478.0,6.2,824397,666023,664034,630105,823550,593428,687749,701538,665487,54.26,0.329,0.299,0.0,1.0,0.0,0.0,3.0,65,3,Sinker,0,4,0,4,4,0,0,4,Standard,Standard,131.0,-0.004,-0.247,60.2,6.1,,0.379,0.247,88.0,-4,-4,0.019,0.019,27,28,27,29,1,3,4.0,1.0,2.0,2.0,1.61,1.31,1.31,37.9,-0.6520412536505885,-0.8329917229257238,45.113963106390486,25.13005609388598,25.29981848017674
SL,2026-08-18,89.2,2.99,5.98,"Morejon, Adrian",596019,670970,,called_strike,,,,,3.0,,R,R,L,NYM,SD,S,,,0,0,2026,-0.5,-0.02,0.3304034837975996,3.0603306656433897,,543760.0,620443.0,1,7,Bot,,,,,,,-5.37886512640973,-129.72563088124392,-0.8426797327808077,-4.364151162412161,29.19651383731729,-32.4878183358991,3.107668963,1.568356299,,,,88.7,2851.0,6.2,823586,666023,664034,630105,592518,593428,687749,701538,665487,54.35,,,,,,,,61,1,Slider,1,4,1,4,4,1,1,4,Standard,Standard,260.0,-0.01,-0.041,,,,,0.041,,-3,-3,0.19,0.19,27,32,27,33,1,3,2.0,1.0,4.0,1.0,2.91,-0.5,0.5,39.6,,,,,
SI,2026-08-18,98.6,2.55,6.01,"Morejon, Adrian",596019,670970,,ball,,,,,11.0,,R,R,L,NYM,SD,B,,,0,1,2026,1.18,1.14,-1.0690777386333288,2.7964410041303216,,543760.0,620443.0,1,7,Bot,,,,,,,-12.432932521484192,-142.98366911222988,-5.724203304816233,19.10070475664265,33.93801905428909,-15.305412609256468,3.107668963,1.568356299,,,,98.1,2387.0,6.2,823586,666023,664034,630105,592518,593428,687749,701538,665487,54.25,,,,,,,,61,2,Sinker,1,4,1,4,4,1,1,4,Standard,Standard,148.0,0.007,0.027,,,,,-0.027,,-3,-3,0.18,0.18,27,32,27,33,1,3,2.0,1.0,4.0,1.0,1.23,1.18,-1.18,38.8,,,,,
SI,2026-08-18,98.9,2.73,5.95,"Morejon, Adrian",596019,670970,,swinging_strike,,,,,6.0,,R,R,L,NYM,SD,S,,,1,1,2026,1.29,0.98,0.3068220101507957,2.4161777845603103,,543760.0,620443.0,1,7,Bot,,,,,,,-9.551870360075853,-143.65440498077731,-6.260339464726414,20.058009976961404,33.83676612587953,-17.271882084667098,3.107668963,1.568356299,,,,98.6,2426.0,6.2,823586,666023,664034,630105,592518,593428,687749,701538,665487,54.27,,,,,,,,61,3,Sinker,1,4,1,4,4,1,1,4,Standard,Standard,144.0,-0.017,-0.064,72.6,7.3,0.399714588,,0.064,,-3,-3,0.187,0.187,27,32,27,33,1,3,2.0,1.0,4.0,1.0,1.36,1.29,-1.29,42.5,5.049171989588594,12.895569650347053,36.695141783541246,36.90728564673442,19.13651656061232
SI,2026-08-18,98.9,2.46,6.01,"Morejon, Adrian",596019,670970,field_out,hit_into_play,,,,,11.0,Francisco Lindor pops out to second baseman Jake Cronenworth on the infield fly rule.,R,R,L,NYM,SD,X,4.0,popup,1,2,2026,1.26,0.99,-0.2519896067385512,3.349313223013331,,543760.0,620443.0,1,7,Bot,145.18,123.76,,,,,-10.292763237909654,-143.68790073551145,-3.947885258233868,19.901483547234395,33.42962769888319,-17.774027621329868,3.107668963,1.568356299,198.0,83.0,57.0,98.8,2425.0,6.4,823586,666023,664034,630105,592518,593428,687749,701538,665487,54.15,0.026,0.025,0.0,1.0,0.0,0.0,3.0,61,4,Sinker,1,4,1,4,4,1,1,4,Standard,Standard,147.0,-0.045,-0.162,67.1,6.7,,0.033,0.162,88.0,-3,-3,0.17,0.17,27,32,27,33,1,3,2.0,1.0,4.0,1.0,1.35,1.26,-1.26,42.8,11.753205836660502,1.4635479744007764,25.889116458479428,29.747983880122774,23.99582087085457
CH,2026-08-18,92.2,2.57,6.0,"Morejon, Adrian",666182,670970,,swinging_strike,,,,,13.0,,R,R,L,NYM,SD,S,,,0,0,2026,0.83,-0.53,-0.7818573432626614,1.4796859803235791,,543760.0,620443.0,2,7,Bot,,,,,,,-10.2282075206219,-133.7607115552522,-4.165960682293983,12.287548353583396,30.61354023673434,-37.70000716345338,3.162081693,1.595816929,,,,91.7,913.0,6.3,823586,666023,664034,630105,592518,593428,687749,701538,665487,54.2,,,,,,,,62,1,Changeup,1,4,1,4,4,1,1,4,Standard,Strategic,105.0,-0.005,-0.032,75.7,7.8,0.676348812,,0.032,,-3,-3,0.125,0.125,27,28,27,28,1,3,2.0,1.0,4.0,1.0,3.24,0.83,-0.83,43.7,14.375374980749624,-13.987738191210038,41.928835681226005,27.594887060397287,35.01140388318373
CH,2026-08-18,92.7,2.69,6.0,"Morejon, Adrian",666182,670970,,swinging_strike,,,,,14.0,,R,R,L,NYM,SD,S,,,0,1,2026,0.96,-0.42,0.8339503399347923,0.9841544838457472,543760.0,,620443.0,2,7,Bot,,,,,,,-6.826947041939036,-134.67373388171387,-5.7758790128136654,13.234444740093458,30.926260650753356,-36.117299027483355,3.162081693,1.595816929,,,,92.4,966.0,6.3,823586,666023,664034,630105,592518,593428,687749,701538,665487,54.17,,,,,,,,62,2,Changeup,1,4,1,4,4,1,1,4,Standard,Standard,108.0,-0.014,-0.052,51.0,7.2,4.8971853,,0.052,,-3,-3,0.12,0.12,27,28,27,28,1,3,2.0,1.0,4.0,1.0,3.09,0.96,-0.96,42.7,-8.948151297600502,18.35637698015638,39.96619001334371,45.878713219925665,9.195992004466277
CH,2026-08-18,93.3,2.61,5.95,"Morejon, Adrian",666182,670970,,foul,,,,,14.0,,R,R,L,NYM,SD,S,,,0,2,2026,0.8,-0.47,0.1961749119903704,1.358922083838474,543760.0,,620443.0,2,7,Bot,,,,,,,-7.88433712889918,-135.60173081267013,-4.700579844778114,11.62021846833748,31.231937411340915,-37.06124515758305,3.162081693,1.595816929,1.0,37.1,-49.0,92.9,943.0,6.2,823586,666023,664034,630105,592518,593428,687749,701538,665487,54.28,,,,,,,,62,3,Changeup,1,4,1,4,4,1,1,4,Standard,Standard,101.0,0.0,0.0,66.4,7.1,,,0.0,88.0,-3,-3,0.106,0.106,27,28,27,28,1,3,2.0,1.0,4.0,1.0,3.11,0.8,-0.8,42.2,-7.370279128048038,21.62105762040543,43.47443637312236,38.30470982640971,9.73697674721797
SI,2026-08-18,100.4,2.68,5.93,"Morejon, Adrian",666182,670970,strikeout,swinging_strike,,,,,12.0,Bo Bichette strikes out swinging.,R,R,L,NYM,SD,S,2.0,,0,2,2026,1.53,0.89,0.4529187503454492,3.3095758004704026,543760.0,,620443.0,2,7,Bot,,,,,,,-9.77766730444868,-145.84774036800627,-3.797967344820967,24.152340207065503,36.98674223979226,-18.81967237220389,3.162081693,1.595816929,,,,100.1,2246.0,6.4,823586,666023,664034,630105,592518,593428,687749,701538,665487,54.12,,0.0,0.0,1.0,0.0,0.0,,62,4,Sinker,1,4,1,4,4,1,1,4,Standard,Standard,144.0,-0.034,-0.205,63.3,5.4,1.407855384,,0.205,,-3,-3,0.106,0.106,27,28,27,28,1,3,2.0,1.0,4.0,1.0,1.4,1.53,-1.53,41.1,-22.86703247896965,38.864331566408914,43.46032226155669,40.986490381472265,-1.2899689963463137
SI,2026-08-18,99.5,3.03,6.01,"Morejon, Adrian",673357,670970,home_run,hit_into_play,,,,,6.0,Luis Robert Jr. homers (7) on a line drive to center field.,R,R,L,NYM,SD,X,,line_drive,0,0,2026,1.41,0.88,0.5535248301822788,2.4740711074956376,,,,0,8,Bot,156.88,38.17,,,,,-10.03300339267545,-144.3741162414982,-6.09044319206803,22.10492833089454,35.541215105080965,-18.596016909986343,3.310400263,1.670669291,390.0,107.7,21.0,98.8,2444.0,6.2,823586,666023,664034,630105,592518,593428,687749,701538,665487,54.3,0.877,1.42,2.0,1.0,0.0,3.0,6.0,66,1,Sinker,1,4,1,4,4,2,2,4,Standard,Standard,148.0,0.08,1.114,82.3,7.6,,2.534,-1.114,107.7,-3,-3,0.087,0.087,27,28,27,29,1,3,2.0,1.0,4.0,1.0,1.45,1.41,-1.41,46.9,5.63337029830966,7.834898008583169,35.742209110367575,41.94715347020437,23.887400287143237
SI,2026-08-18,99.3,2.93,6.01,"Morejon, Adrian",701807,670970,,called_strike,,,,,3.0,,R,L,L,NYM,SD,S,,,0,0,2026,1.39,0.87,0.6782444353281845,2.809379727837504,,,,0,8,Bot,,,,,,,-9.35044678515896,-144.29726147986082,-5.231951715600386,21.528441735991912,32.75081066842762,-18.90063555194559,3.259498032,1.644980315,,,,99.2,2364.0,6.3,823586,666023,664034,630105,592518,593428,687749,701538,665487,54.23,,,,,,,,67,1,Sinker,2,4,2,4,4,2,2,4,Standard,Standard,143.0,-0.007,-0.041,,,,,0.041,,-2,-2,0.167,0.167,27,23,27,23,1,3,2.0,1.0,4.0,1.0,1.44,1.39,1.39,40.7,,,,,
SI,2026-08-18,98.3,2.74,5.92,"Morejon, Adrian",701807,670970,,ball,,,,,14.0,,R,L,L,NYM,SD,B,,,0,1,2026,1.48,0.88,1.075924990380256,1.2896344301626126,,,,0,8,Bot,,,,,,,-7.925056949894135,-142.6467174072497,-8.867229490475228,21.999003900724325,33.231534985766146,-18.24207412479969,3.259498032,1.644980315,,,,98.1,2462.0,6.4,823586,666023,664034,630105,592518,593428,687749,701538,665487,54.13,,,,,,,,67,2,Sinker,2,4,2,4,4,2,2,4,Standard,Standard,151.0,0.005,0.029,,,,,-0.029,,-2,-2,0.16,0.16,27,23,27,23,1,3,2.0,1.0,4.0,1.0,1.49,1.48,1.48,40.0,,,,,
FF,2026-08-18,98.7,2.8,6.1,"Morejon, Adrian",701807,670970,,foul,,,,,6.0,,R,L,L,NYM,SD,S,,,1,1,2026,0.49,1.26,0.590208620123608,2.5243236845743167,,,,0,8,Bot,,,,,,,-7.075416165707864,-143.45192624621723,-7.021775448128664,8.404101868451482,32.16567825043371,-13.261982620619552,3.259498032,1.644980315,175.0,72.8,63.0,98.4,2372.0,6.1,823586,666023,664034,630105,592518,593428,687749,701538,665487,54.39,,,,,,,,67,3,4-Seam Fastball,2,4,2,4,4,2,2,4,Standard,Standard,136.0,-0.011,-0.06,68.5,7.0,,,0.06,88.0,-2,-2,0.165,0.165,27,23,27,23,1,3,2.0,1.0,4.0,1.0,1.08,0.49,0.49,43.2,9.744884650909166,-3.916876253549442,40.26190130778452,29.5616378332902,35.7372207236358
SL,2026-08-18,90.9,2.95,5.98,"Morejon, Adrian",701807,670970,,foul,,,,,5.0,,R,L,L,NYM,SD,S,,,1,2,2026,-0.27,0.06,0.2156866225140784,2.415164284307731,,,,0,8,Bot,,,,,,,-6.14791332917014,-132.33367650201953,-2.921061324099594,-1.8994321607220064,28.373720720975772,-31.06745381510013,3.259498032,1.644980315,265.0,82.3,40.0,90.8,2851.0,6.2,823586,666023,664034,630105,592518,593428,687749,701538,665487,54.29,,,,,,,,67,4,Slider,2,4,2,4,4,2,2,4,Infield shade,Standard,269.0,0.0,0.0,69.1,5.6,,,0.0,88.0,-2,-2,0.154,0.154,27,23,27,23,1,3,2.0,1.0,4.0,1.0,2.7,-0.27,-0.27,41.0,-0.829624067340414,20.8681295609176,30.646099443911663,33.41566908508538,34.31387526653175
SI,2026-08-18,99.2,2.79,5.9,"Morejon, Adrian",701807,670970,strikeout,swinging_strike,,,,,12.0,Carson Benge strikes out swinging.,R,L,L,NYM,SD,S,2.0,,1,2,2026,1.61,0.71,1.6114288353700772,2.8773270256088845,,,,0,8,Bot,,,,,,,-7.012754202340549,-144.26137234168215,-4.294754536889885,24.14267048576304,35.73857066304128,-21.48924321046779,3.259498032,1.644980315,,,,98.7,2383.0,6.2,823586,666023,664034,630105,592518,593428,687749,701538,665487,54.3,,0.0,0.0,1.0,0.0,0.0,,67,5,Sinker,2,4,2,4,4,2,2,4,Infield shade,Standard,143.0,-0.031,-0.187,63.2,5.4,0.40144932,,0.187,,-2,-2,0.154,0.154,27,23,27,23,1,3,2.0,1.0,4.0,1.0,1.62,1.61,1.61,39.1,4.631539648670697,6.557068217436012,36.23975914062855,16.28482311519062,26.352584859986464
SI,2026-08-18,98.8,2.43,5.94,"Morejon, Adrian",682626,670970,,ball,,,,,11.0,,R,R,L,NYM,SD,B,,,0,0,2026,1.5,0.93,-1.7653933512982387,2.680188738411733,,,,1,8,Bot,,,,,,,-14.79883694273714,-142.99318115490624,-5.39234743212254,23.92677094918187,32.61175060161582,-18.193730730540366,3.120833333,1.575,,,,98.7,2435.0,6.5,823586,666023,664034,630105,592518,593428,687749,701538,665487,53.99,,,,,,,,68,1,Sinker,2,4,2,4,4,2,2,4,Standard,Standard,145.0,0.006,0.041,,,,,-0.041,,-2,-2,0.123,0.123,27,24,27,25,1,3,2.0,1.0,4.0,1.0,1.42,1.5,-1.5,42.8,,,,,
CH,2026-08-18,91.7,2.77,5.91,"Morejon, Adrian",682626,670970,,called_strike,,,,,5.0,,R,R,L,NYM,SD,S,,,1,0,2026,0.39,0.55,-0.1895883211619627,2.1306652931535432,,,,1,8,Bot,,,,,,,-8.205533033238282,-133.177416749627,-4.609762010931817,6.480923646983273,30.831864590033835,-24.780563798281182,3.120833333,1.575,,,,91.2,832.0,6.3,823586,666023,664034,630105,592518,593428,687749,701538,665487,54.21,,,,,,,,68,2,Changeup,2,4,2,4,4,2,2,4,Standard,Standard,114.0,-0.008,-0.05,,,,,0.05,,-2,-2,0.129,0.129,27,24,27,25,1,3,2.0,1.0,4.0,1.0,2.19,0.39,-0.39,45.3,,,,,
CH,2026-08-18,91.6,2.87,6.06,"Morejon, Adrian",682626,670970,,swinging_strike,,,,,13.0,,R,R,L,NYM,SD,S,,,1,1,2026,0.66,-0.21,-0.1868116467546082,1.0028320279844103,,,,1,8,Bot,,,,,,,-9.060114394631572,-133.09636501662163,-6.153985743283367,9.778525316841131,28.633711474225272,-33.511461285350286,3.120833333,1.575,,,,91.5,987.0,6.3,823586,666023,664034,630105,592518,593428,687749,701538,665487,54.16,,,,,,,,68,3,Changeup,2,4,2,4,4,2,2,4,Strategic,Standard,104.0,-0.007,-0.07,79.5,7.7,1.501527324,,0.07,,-2,-2,0.121,0.121,27,24,27,25,1,3,2.0,1.0,4.0,1.0,2.94,0.66,-0.66,45.0,9.33030958959267,1.5454510570189317,36.1650110801498,34.64187459308624,25.63586540875936
CH,2026-08-18,91.5,2.84,5.94,"Morejon, Adrian",682626,670970,,ball,,,,,14.0,,R,R,L,NYM,SD,B,,,1,2,2026,0.72,-0.19,0.1163282305726808,1.0354289390701523,,,,1,8,Bot,,,,,,,-8.343881864553278,-132.85087478305417,-5.747604543180193,10.376478477365064,30.290434413709235,-33.244090772498936,3.120833333,1.575,,,,91.1,1119.0,6.3,823586,666023,664034,630105,592518,593428,687749,701538,665487,54.19,,,,,,,,68,4,Changeup,2,4,2,4,4,2,2,4,Strategic,Standard,111.0,0.004,0.051,,,,,-0.051,,-2,-2,0.114,0.114,27,24,27,25,1,3,2.0,1.0,4.0,1.0,2.94,0.72,-0.72,44.3,,,,,
SI,2026-08-18,99.2,2.56,5.95,"Morejon, Adrian",682626,670970,,ball,,,,,11.0,,R,R,L,NYM,SD,B,,,2,2,2026,1.31,0.69,-0.3783805090280645,3.614058602996165,,,,1,8,Bot,,,,,,,-11.02972012339542,-144.06535300745372,-2.412409695991252,20.822671062238925,32.989099573207234,-22.153161172540997,3.120833333,1.575,,,,99.1,2233.0,6.3,823586,666023,664034,630105,592518,593428,687749,701538,665487,54.18,,,,,,,,68,5,Sinker,2,4,2,4,4,2,2,4,Strategic,Standard,146.0,0.013,0.112,,,,,-0.112,,-2,-2,0.118,0.118,27,24,27,25,1,3,2.0,1.0,4.0,1.0,1.63,1.31,-1.31,42.6,,,,,
SI,2026-08-18,99.6,2.36,5.91,"Morejon, Adrian",682626,670970,,foul,,,,,4.0,,R,R,L,NYM,SD,S,,,3,2,2026,1.38,0.7,-0.2997541859595816,2.4318475835400992,,,,1,8,Bot,,,,,,,-10.487888545893885,-144.53748040506093,-5.58415561801799,21.78961233243471,33.8483794725911,-21.241791922073546,3.120833333,1.575,274.0,86.0,41.0,99.5,2299.0,6.4,823586,666023,664034,630105,592518,593428,687749,701538,665487,54.11,,,,,,,,68,6,Sinker,2,4,2,4,4,2,2,4,Strategic,Standard,141.0,0.0,0.0,73.4,6.4,,,0.0,88.0,-2,-2,0.131,0.131,27,24,27,25,1,3,2.0,1.0,4.0,1.0,1.61,1.38,-1.38,42.0,-1.9639850617633745,22.32264606581572,32.59119433564972,32.453614489266286,16.530191214796233
SI,2026-08-18,99.9,2.42,5.9,"Morejon, Adrian",682626,670970,field_out,hit_into_play,,,,,1.0,Francisco Alvarez flies out to right fielder Fernando Tatis Jr.,R,R,L,NYM,SD,X,9.0,fly_ball,3,2,2026,1.55,0.75,-0.4581273638156167,3.040007709884277,,,,1,8,Bot,200.14,102.45,,,,,-11.532499166819662,-144.9341655045407,-4.0086142720943645,24.620120813833932,38.34797917858277,-20.85794656508669,3.120833333,1.575,301.0,94.4,40.0,99.3,2340.0,6.4,823586,666023,664034,630105,592518,593428,687749,701538,665487,54.07,0.029,0.03,0.0,1.0,0.0,0.0,3.0,68,7,Sinker,2,4,2,4,4,2,2,4,Strategic,Standard,147.0,-0.038,-0.345,72.0,6.4,,0.056,0.345,94.4,-2,-2,0.131,0.131,27,24,27,25,1,3,2.0,1.0,4.0,1.0,1.57,1.55,-1.55,43.7,6.883388115471989,10.440423954212292,23.90689031824972,31.64596003918872,18.92315381900608
SI,2026-08-18,100.1,2.39,5.83,"Morejon, Adrian",666624,670970,,ball,,,,,13.0,,R,R,L,NYM,SD,B,,,0,0,2026,1.63,0.56,-1.0433938039126185,2.2623846621849912,,,,2,8,Bot,,,,,,,-13.274269071746255,-145.02167963447602,-5.501812168400672,26.265281982289594,38.68984968517793,-23.03362397492627,3.227903543,1.629035433,,,,99.6,2359.0,6.6,823586,666023,664034,630105,592518,593428,687749,701538,665487,53.92,,,,,,,,69,1,Sinker,2,4,2,4,4,2,2,4,Standard,Standard,145.0,0.003,0.041,,,,,-0.041,,-2,-2,0.093,0.093,27,27,27,27,1,3,2.0,69.0,4.0,5.0,1.76,1.63,-1.63,43.3,,,,,
SI,2026-08-18,100.0,2.45,5.96,"Morejon, Adrian",666624,670970,,ball,,,,,11.0,,R,R,L,NYM,SD,B,,,1,0,2026,1.54,0.77,-1.24242832817495,2.821740614609787,,,,2,8,Bot,,,,,,,-13.722495685905388,-144.86699892874103,-4.804210958503582,25.13386513973023,38.53635395379733,-20.24996373775015,3.227903543,1.629035433,,,,99.3,2393.0,6.5,823586,666023,664034,630105,592518,593428,687749,701538,665487,54.04,,,,,,,,69,2,Sinker,2,4,2,4,4,2,2,4,Standard,Standard,148.0,0.005,0.064,,,,,-0.064,,-2,-2,0.096,0.096,27,27,27,27,1,3,2.0,69.0,4.0,5.0,1.55,1.54,-1.54,43.2,,,,,
SI,2026-08-18,99.2,2.51,5.85,"Morejon, Adrian",666624,670970,single,hit_into_play,,,,,11.0,Christopher Morel singles on a ground ball to third baseman Manny Machado.,R,R,L,NYM,SD,X,5.0,ground_ball,2,0,2026,1.38,0.63,-0.92235150278682,3.088108371969206,,,,2,8,Bot,95.05,171.45,,,,,-12.506343931464624,-143.78580267048122,-3.342386873437821,22.129791759152297,36.50248900402963,-22.893575872853155,3.227903543,1.629035433,33.0,94.1,-4.0,98.6,2460.0,6.4,823586,666023,664034,630105,592518,593428,687749,701538,665487,54.12,0.252,0.23,0.9,1.0,1.0,0.0,2.0,69,3,Sinker,2,4,2,4,4,2,2,4,Standard,Standard,143.0,0.018,0.223,80.7,7.8,,0.281,-0.223,94.1,-2,-2,0.101,0.101,27,27,27,27,1,3,2.0,69.0,4.0,5.0,1.73,1.38,-1.38,39.9,19.88241157803601,-7.952983312824522,20.287325980460672,25.16473558016587,33.64824002273494
CH,2026-08-18,93.5,2.61,5.94,"Morejon, Adrian",543760,670970,,swinging_strike,,,,,7.0,,R,R,L,NYM,SD,S,,,0,0,2026,0.6,-0.3,-0.6389208783825534,1.5901613082484176,,,666624.0,2,8,Bot,,,,,,,-9.631508658110798,-135.88335874455538,-4.519115203447616,9.52357748461843,30.174814786129897,-35.10476446786207,3.212106299,1.621062992,,,,93.7,880.0,6.5,823586,666023,664034,630105,592518,593428,687749,701538,665487,54.02,,,,,,,,70,1,Changeup,2,4,2,4,4,2,2,4,Standard,Standard,105.0,-0.006,-0.041,73.3,7.3,0.828043164,,0.041,,-2,-2,0.119,0.119,27,35,27,36,1,3,2.0,1.0,4.0,1.0,2.92,0.6,-0.6,43.8,8.250725531308785,8.823709923461639,42.553235756456665,24.70420324813489,23.34469174301049
CH,2026-08-18,92.5,2.7,5.9,"Morejon, Adrian",543760,670970,,ball,,,,,14.0,,R,R,L,NYM,SD,B,,,0,1,2026,0.65,-0.33,0.4071566782595943,1.048399404563452,,,666624.0,2,8,Bot,,,,,,,-7.199661913021422,-134.4568576658799,-5.545291614213346,9.509669279161322,29.45665648448455,-35.130029794851964,3.212106299,1.621062992,,,,92.2,971.0,6.2,823586,666023,664034,630105,592518,593428,687749,701538,665487,54.28,,,,,,,,70,2,Changeup,2,4,2,4,4,2,2,4,Standard,Standard,107.0,0.004,0.028,,,,,-0.028,,-2,-2,0.113,0.113,27,35,27,36,1,3,2.0,1.0,4.0,1.0,3.0,0.65,-0.65,40.8,,,,,
SI,2026-08-18,99.6,2.55,5.92,"Morejon, Adrian",543760,670970,,foul,,,,,2.0,,R,R,L,NYM,SD,S,,,1,1,2026,1.48,0.76,-0.1719382232539277,2.875991110220511,,,666624.0,2,8,Bot,,,,,,,-10.923718894672058,-144.6121262715095,-4.554534739730714,23.394252741103863,34.41903064331081,-20.594779429456576,3.212106299,1.621062992,177.0,80.5,15.0,99.5,2332.0,6.4,823586,666023,664034,630105,592518,593428,687749,701538,665487,54.08,,,,,,,,70,3,Sinker,2,4,2,4,4,2,2,4,Standard,Standard,148.0,-0.011,-0.069,68.7,6.6,,,0.069,88.0,-2,-2,0.117,0.117,27,35,27,36,1,3,2.0,1.0,4.0,1.0,1.55,1.48,-1.48,43.0,6.526920774644,22.4938558477572,36.63877660097516,30.350147949019203,15.789720405451954
FF,2026-08-18,98.0,2.2,5.79,"Morejon, Adrian",543760,670970,,ball,,,,,13.0,,R,R,L,NYM,SD,B,,,1,2,2026,0.74,1.25,-1.0520085798157337,1.036042253508998,,,666624.0,2,8,Bot,,,,,,,-10.400535503187283,-142.07607747200095,-10.028693555279553,12.341497704186168,32.07850972535945,-13.029886060432435,3.212106299,1.621062992,,,,98.0,2306.0,6.5,823586,666023,664034,630105,592518,593428,687749,701538,665487,54.02,,,,,,,,70,4,4-Seam Fastball,2,4,2,4,4,2,2,4,Strategic,Standard,154.0,0.007,0.052,,,,,-0.052,,-2,-2,0.106,0.106,27,35,27,36,1,3,2.0,1.0,4.0,1.0,1.14,0.74,-0.74,50.8,,,,,
SI,2026-08-18,99.3,2.21,5.84,"Morejon, Adrian",543760,670970,,ball,,,,,11.0,,R,R,L,NYM,SD,B,,,2,2,2026,1.41,0.86,-1.4522334903940433,2.5465291732510895,,,666624.0,2,8,Bot,,,,,,,-13.25558938293226,-143.86575415344836,-5.383047352591265,22.67164325104391,34.41852295548792,-19.133846924933376,3.212106299,1.621062992,,,,99.3,2344.0,6.6,823586,666023,664034,630105,592518,593428,687749,701538,665487,53.9,,,,,,,,70,5,Sinker,2,4,2,4,4,2,2,4,Strategic,Standard,170.0,0.013,0.081,,,,,-0.081,,-2,-2,0.113,0.113,27,35,27,36,1,3,2.0,1.0,4.0,1.0,1.48,1.41,-1.41,42.2,,,,,
CH,2026-08-18,92.1,2.53,5.94,"Morejon, Adrian",543760,670970,,foul,,,,,6.0,,R,R,L,NYM,SD,S,,,3,2,2026,0.92,0.06,0.4725185118945878,2.2578535342409127,,,666624.0,2,8,Bot,,,,,,,-7.1902715052057475,-133.90626044785043,-3.417080258726088,12.622910065524971,29.053679926455175,-30.934988366035217,3.212106299,1.621062992,4.0,53.9,-33.0,92.1,853.0,6.3,823586,666023,664034,630105,592518,593428,687749,701538,665487,54.17,,,,,,,,70,6,Changeup,2,4,2,4,4,2,2,4,Strategic,Standard,106.0,0.0,0.0,68.1,7.7,,,0.0,88.0,-2,-2,0.126,0.126,27,35,27,36,1,3,2.0,1.0,4.0,1.0,2.63,0.92,-0.92,42.9,15.704734992774007,6.580314749249511,29.88088283205936,37.73814541917916,26.06232534281696
SI,2026-08-18,99.2,2.57,5.89,"Morejon, Adrian",543760,670970,walk,ball,,,,,11.0,Marcus Semien walks. Christopher Morel to 2nd.,R,R,L,NYM,SD,B,,,3,2,2026,1.37,0.97,-0.018861256639848,3.9934672662798656,,,666624.0,2,8,Bot,,,,,,,-10.283765387098835,-143.95926389720807,-1.8336673004268669,21.53085788649921,36.550057586602854,-18.50801786111277,3.212106299,1.621062992,,,,99.0,2409.0,6.6,823586,666023,664034,630105,592518,593428,687749,701538,665487,53.94,,0.698418,0.7,1.0,0.0,0.0,,70,7,Sinker,2,4,2,4,4,2,2,4,Standard,Standard,153.0,0.038,0.215,,,,,-0.215,,-2,-2,0.126,0.126,27,35,27,36,1,3,2.0,1.0,4.0,1.0,1.38,1.37,-1.37,41.5,,,,,
SI,2026-08-18,99.5,2.59,5.79,"Morejon, Adrian",805999,670970,,called_strike,,,,,1.0,,R,L,L,NYM,SD,S,,,0,0,2026,1.41,0.97,-0.2901976438003781,2.98598547765659,,666624.0,543760.0,2,8,Bot,,,,,,,-11.20098214030304,-144.42021299010258,-4.364307104271232,22.48090327405569,35.77287977641994,-17.782287354046236,3.136630577,1.582972441,,,,99.4,2350.0,6.5,823586,666023,664034,630105,592518,593428,687749,701538,665487,53.96,,,,,,,,71,1,Sinker,2,4,2,4,4,2,2,4,Standard,Standard,140.0,-0.013,-0.032,,,,,0.032,,-2,-2,0.164,0.164,27,21,27,22,1,3,2.0,1.0,4.0,1.0,1.36,1.41,1.41,38.6,,,,,
SI,2026-08-18,99.7,2.46,5.8,"Morejon, Adrian",805999,670970,,ball,,,,,11.0,,R,L,L,NYM,SD,B,,,0,1,2026,1.4,0.96,-0.9372286465384798,3.0669722380725557,,666624.0,543760.0,2,8,Bot,,,,,,,-12.572764776947515,-144.62080531449928,-4.173012674044715,22.63530740461406,35.56772187565412,-17.87689969946483,3.136630577,1.582972441,,,,99.7,2360.0,6.6,823586,666023,664034,630105,592518,593428,687749,701538,665487,53.94,,,,,,,,71,2,Sinker,2,4,2,4,4,2,2,4,Standard,Standard,149.0,0.009,0.017,,,,,-0.017,,-2,-2,0.151,0.151,27,21,27,22,1,3,2.0,1.0,4.0,1.0,1.36,1.4,1.4,41.7,,,,,
SI,2026-08-18,98.9,2.43,5.87,"Morejon, Adrian",805999,670970,,ball,,,,,11.0,,R,L,L,NYM,SD,B,,,1,1,2026,1.41,0.95,-0.4875694293709844,3.674338568273444,,666624.0,543760.0,2,8,Bot,,,,,,,-11.223121409669387,-143.46729950122926,-2.5740251188251997,22.20306741952273,36.15770672653627,-18.66290647765217,3.136630577,1.582972441,,,,98.7,2353.0,6.6,823586,666023,664034,630105,592518,593428,687749,701538,665487,53.92,,,,,,,,71,3,Sinker,2,4,2,4,4,2,2,4,Standard,Standard,146.0,0.011,0.038,,,,,-0.038,,-2,-2,0.16,0.16,27,21,27,22,1,3,2.0,1.0,4.0,1.0,1.41,1.41,1.41,40.9,,,,,
SI,2026-08-18,98.5,2.6,5.7,"Morejon, Adrian",805999,670970,,called_strike,,,,,9.0,,R,L,L,NYM,SD,S,,,2,1,2026,1.43,0.97,0.2769609029377027,1.8696987358701689,,666624.0,543760.0,2,8,Bot,,,,,,,-9.600619202446278,-142.88168413340986,-6.954073759547771,21.88525414220733,35.711849547142855,-17.371944848434214,3.136630577,1.582972441,,,,98.2,2234.0,6.5,823586,666023,664034,630105,592518,593428,687749,701538,665487,54.03,,,,,,,,71,4,Sinker,2,4,2,4,4,2,2,4,Standard,Standard,163.0,-0.02,-0.074,,,,,0.074,,-2,-2,0.171,0.171,27,21,27,22,1,3,2.0,1.0,4.0,1.0,1.41,1.43,1.43,38.7,,,,,
SI,2026-08-18,98.9,2.5,5.75,"Morejon, Adrian",805999,670970,,foul,,,,,5.0,,R,L,L,NYM,SD,S,,,2,2,2026,1.35,1.06,0.1011134834410143,2.43619868198536,,666624.0,543760.0,2,8,Bot,,,,,,,-9.70950521601483,-143.6014307324179,-5.872925316998118,21.054987490821848,35.92463279659704,-16.306026703847174,3.136630577,1.582972441,6.0,99.5,-21.0,98.8,2386.0,6.6,823586,666023,664034,630105,592518,593428,687749,701538,665487,53.94,,,,,,,,71,5,Sinker,2,4,2,4,4,2,2,4,Standard,Standard,164.0,0.0,0.0,55.3,4.7,,,0.0,99.5,-2,-2,0.151,0.151,27,21,27,22,1,3,2.0,1.0,4.0,1.0,1.3,1.35,1.35,45.8,-24.237749673808683,43.228240731111576,40.51383594786342,33.52499826979199,5.452984449766908
FF,2026-08-18,98.5,2.4,5.85,"Morejon, Adrian",805999,670970,,ball,,,,,13.0,,R,L,L,NYM,SD,B,,,2,2,2026,0.41,1.34,-0.996740497598298,1.660947735649792,,666624.0,543760.0,2,8,Bot,,,,,,,-10.077010546396284,-142.8473254453312,-8.844140004241359,7.93250578696523,32.18991588665688,-11.861077403913448,3.136630577,1.582972441,,,,98.7,2330.0,6.5,823586,666023,664034,630105,592518,593428,687749,701538,665487,53.96,,,,,,,,71,6,4-Seam Fastball,2,4,2,4,4,2,2,4,Standard,Standard,145.0,0.023,0.055,,,,,-0.055,,-2,-2,0.151,0.151,27,21,27,22,1,3,2.0,1.0,4.0,1.0,1.02,0.41,0.41,47.3,,,,,
SI,2026-08-18,99.7,2.53,5.85,"Morejon, Adrian",805999,670970,strikeout,swinging_strike,,,,,12.0,A.J. Ewing strikes out swinging.,R,L,L,NYM,SD,S,2.0,,3,2,2026,1.36,0.64,1.3973826841962338,3.78440836533314,,666624.0,543760.0,2,8,Bot,,,,,,,-6.370843683557464,-145.09425268469948,-1.6161528370604183,20.732106571608877,36.01989652399603,-23.03773328944178,3.136630577,1.582972441,,,,99.9,2319.0,6.5,823586,666023,664034,630105,592518,593428,687749,701538,665487,53.97,,0.0,0.0,1.0,0.0,0.0,,71,7,Sinker,2,4,2,4,4,2,2,4,Standard,Standard,147.0,-0.098,-0.288,37.0,2.9,0.30545046,,0.288,,-2,-2,0.174,0.174,27,21,27,22,1,3,2.0,1.0,4.0,1.0,1.67,1.36,1.36,44.0,-32.203047970981046,75.53042921560426,41.21746735189276,17.17040838157886,4.893402203967514
SI,2026-08-22,99.1,2.71,5.98,"Morejon, Adrian",686797,670970,,foul,,,,,2.0,,R,R,L,SD,MIN,S,,,0,0,2026,1.41,0.89,0.0743851411327514,2.863650429309845,,,,0,8,Top,,,,,,,-10.360942247389511,-143.84408344617643,-4.902393973983142,22.091713563512148,36.30358220856397,-18.77197751762775,3.208595801,1.619291339,220.0,84.4,63.0,97.9,2383.0,6.0,823261,666023,664034,630105,592518,593428,650859,701538,665487,54.55,,,,,,,,68,1,Sinker,6,5,5,6,5,6,5,6,Standard,Standard,144.0,0.008,-0.041,61.6,6.2,,,0.041,88.0,1,-1,0.745,0.255,27,25,27,25,1,3,4.0,1.0,2.0,1.0,1.46,1.41,-1.41,45.0,10.58795395336795,-4.389348576699679,30.52212260391482,38.30646283576869,28.52039276614598
CH,2026-08-22,91.3,2.81,5.99,"Morejon, Adrian",686797,670970,,foul,,,,,14.0,,R,R,L,SD,MIN,S,,,0,1,2026,0.96,0.3,0.4868428746593267,1.2928923619780432,,,,0,8,Top,,,,,,,-7.811422818354327,-132.557897084327,-6.156245492394767,13.168909229717151,32.73824762098696,-27.406326247975432,3.208595801,1.619291339,3.0,71.8,-27.0,89.9,941.0,5.9,823261,666023,664034,630105,592518,593428,650859,701538,665487,54.6,,,,,,,,68,2,Changeup,6,5,5,6,5,6,5,6,Standard,Standard,112.0,0.014,-0.054,56.0,7.0,,,0.054,88.0,1,-1,0.753,0.247,27,25,27,25,1,3,4.0,1.0,2.0,1.0,2.49,0.96,-0.96,41.2,18.319984970832984,-6.752134726634373,36.766846888335245,43.789354993289706,32.20312296960054
CH,2026-08-22,91.6,2.8,6.01,"Morejon, Adrian",686797,670970,strikeout,swinging_strike,,,,,14.0,Brooks Lee strikes out swinging.,R,R,L,SD,MIN,S,2.0,,0,2,2026,0.73,-0.18,0.8484918016261456,1.4677111652485992,,,,0,8,Top,,,,,,,-6.395186407884555,-133.22582396524857,-4.8553658907767705,10.170202752270772,30.681487876184345,-33.392825724672484,3.208595801,1.619291339,,,,90.3,959.0,5.7,823261,666023,664034,630105,592518,593428,650859,701538,665487,54.81,,0.0,0.0,1.0,0.0,0.0,,68,3,Changeup,6,5,5,6,5,6,5,6,Standard,Strategic,105.0,0.032,-0.164,53.2,6.5,1.114029588,,0.164,,1,-1,0.767,0.233,27,25,27,25,1,3,4.0,1.0,2.0,1.0,2.92,0.73,-0.73,45.7,5.427221640770617,11.15159498462056,27.207428605334265,47.53030300524175,19.59732059913824
SI,2026-08-22,99.9,2.59,5.94,"Morejon, Adrian",701785,670970,,ball,,,,,12.0,,R,R,L,SD,MIN,B,,,0,0,2026,1.37,0.74,0.9798554053936284,4.203687258855011,,,,1,8,Top,,,,,,,-7.564595007780847,-145.2197206734122,-0.9227098955782892,21.204799887374744,40.05919510895104,-21.827265657485075,3.131364829,1.580314961,,,,98.0,2286.0,5.7,823261,666023,664034,630105,592518,593428,650859,701538,665487,54.8,,,,,,,,69,1,Sinker,6,5,5,6,5,6,5,6,Standard,Standard,146.0,-0.006,0.041,,,,,-0.041,,1,-1,0.799,0.201,27,23,27,24,1,3,4.0,1.0,2.0,1.0,1.58,1.37,-1.37,40.3,,,,,
CH,2026-08-22,91.7,2.71,5.97,"Morejon, Adrian",701785,670970,,swinging_strike,,,,,13.0,,R,R,L,SD,MIN,S,,,1,0,2026,0.89,-0.34,-0.1909290249630286,1.236124509323954,,,,1,8,Top,,,,,,,-9.071316177904349,-133.03019865602369,-4.917918496452067,12.680621966259974,33.20337485128493,-35.12313608816216,3.131364829,1.580314961,,,,89.8,985.0,5.7,823261,666023,664034,630105,592518,593428,650859,701538,665487,54.81,,,,,,,,69,2,Changeup,6,5,5,6,5,6,5,6,Standard,Standard,105.0,0.008,-0.05,75.6,8.1,8.710422192,,0.05,,1,-1,0.793,0.207,27,23,27,24,1,3,4.0,1.0,2.0,1.0,3.1,0.89,-0.89,41.2,22.076163126405472,-38.4181835257415,33.19896323981922,32.611154105952295,53.88783967222037
SI,2026-08-22,99.3,2.67,5.89,"Morejon, Adrian",701785,670970,field_out,hit_into_play,,,,,5.0,Kaelen Culpepper flies out to center fielder Jackson Merrill.,R,R,L,SD,MIN,X,8.0,fly_ball,1,1,2026,1.55,0.81,0.0191695929673774,2.4024205024300236,,,,1,8,Top,149.79,93.12,,,,,-10.789986312200067,-144.0475942084138,-5.707031339814872,24.18142404425965,38.46878462266445,-19.716209564671953,3.131364829,1.580314961,271.0,92.7,51.0,98.2,2367.0,6.2,823261,666023,664034,630105,592518,593428,650859,701538,665487,54.32,0.009,0.013,0.0,1.0,0.0,0.0,3.0,69,3,Sinker,6,5,5,6,5,6,5,6,Standard,Standard,146.0,0.039,-0.252,70.4,6.6,,0.02,0.252,92.7,1,-1,0.801,0.199,27,23,27,24,1,3,4.0,1.0,2.0,1.0,1.55,1.55,-1.55,39.4,8.175877986683467,-3.0941722639718923,31.984610155983916,34.219985926385306,32.48251114900053
SI,2026-08-22,100.5,2.65,5.85,"Morejon, Adrian",807712,670970,,foul,,,,,5.0,,R,R,L,SD,MIN,S,,,0,0,2026,1.47,0.86,0.1078968593209011,2.2317636086187624,,,,2,8,Top,,,,,,,-10.371442130930498,-145.7048579642795,-6.356176270972916,23.471952821425056,38.75939033430531,-18.5035909168243,3.213861549,1.621948819,191.0,75.2,57.0,98.9,2390.0,5.9,823261,666023,664034,630105,592518,593428,650859,701538,665487,54.61,,,,,,,,70,1,Sinker,6,5,5,6,5,6,5,6,Standard,Standard,138.0,0.004,-0.045,,,,,0.045,88.0,1,-1,0.84,0.16,27,23,27,24,1,4,4.0,1.0,2.0,1.0,1.44,1.47,-1.47,37.7,,,,,
SI,2026-08-22,100.5,2.59,5.88,"Morejon, Adrian",807712,670970,,ball,,,,,12.0,,R,R,L,SD,MIN,B,,,0,1,2026,1.31,0.83,1.100104840465843,2.67873151152363,,,,2,8,Top,,,,,,,-7.189708222879839,-146.05561595882403,-5.229615916346395,20.44595977883179,37.211623647892345,-19.2165619706143,3.213861549,1.621948819,,,,99.5,2376.0,6.0,823261,666023,664034,630105,592518,593428,650859,701538,665487,54.51,,,,,,,,70,2,Sinker,6,5,5,6,5,6,5,6,Standard,Standard,137.0,-0.003,0.03,,,,,-0.03,,1,-1,0.844,0.156,27,23,27,24,1,4,4.0,1.0,2.0,1.0,1.45,1.31,-1.31,42.5,,,,,
SI,2026-08-22,99.6,2.58,5.85,"Morejon, Adrian",807712,670970,,ball,,,,,12.0,,R,R,L,SD,MIN,B,,,1,1,2026,1.32,0.81,0.2901880871525315,3.515405990148163,,,,2,8,Top,,,,,,,-9.319426303682222,-144.66415119504043,-2.7214077576971913,20.789305479360415,36.26484394318002,-20.369505551217788,3.213861549,1.621948819,,,,98.9,2373.0,6.2,823261,666023,664034,630105,592518,593428,650859,701538,665487,54.32,,,,,,,,70,3,Sinker,6,5,5,6,5,6,5,6,Standard,Standard,143.0,-0.004,0.055,,,,,-0.055,,1,-1,0.841,0.159,27,23,27,24,1,4,4.0,1.0,2.0,1.0,1.51,1.32,-1.32,38.6,,,,,
SI,2026-08-22,99.7,2.44,5.88,"Morejon, Adrian",807712,670970,field_out,hit_into_play,,,,,5.0,Luke Keaschall flies out sharply to center fielder Jackson Merrill.,R,R,L,SD,MIN,X,8.0,fly_ball,2,1,2026,1.36,0.92,0.1029124133593704,2.1562109751317715,,,,2,8,Top,177.94,58.87,,,,,-9.559295196138,-144.77268618808748,-6.761536990353333,21.393798936400387,34.91722539506488,-17.729672626528835,3.213861549,1.621948819,369.0,100.1,25.0,99.2,2411.0,6.2,823261,666023,664034,630105,592518,593428,650859,701538,665487,54.31,0.474,0.733,0.0,1.0,0.0,0.0,6.0,70,4,Sinker,6,5,5,6,5,6,5,6,Standard,Standard,142.0,0.03,-0.302,,,,1.316,0.302,100.1,1,-1,0.837,0.163,27,23,27,24,1,4,4.0,1.0,2.0,1.0,1.39,1.36,-1.36,38.7,,,,,
SI,2026-08-24,99.1,2.73,5.85,"Morejon, Adrian",668804,670970,,swinging_strike,,,,,2.0,,R,R,L,SD,PIT,S,,,0,0,2026,1.42,0.85,0.1350887653420114,3.0385645024162153,,663968.0,,0,10,Top,,,,,,,-10.32974051127243,-143.83265955879065,-4.042589714966372,22.14877526028151,35.162573042631394,-19.556104674075787,3.284071522,1.65738189,,,,98.5,2474.0,6.2,823260,669134,664034,630105,592518,593428,687957,701538,665487,54.25,,,,,,,,74,1,Sinker,2,2,2,2,2,2,2,2,Standard,Standard,142.0,0.016,-0.035,74.7,5.9,0.464523096,,0.035,,0,0,0.5,0.5,27,31,27,31,1,4,2.0,1.0,1.0,1.0,1.49,1.42,-1.42,39.1,-5.568782783484048,24.758764620435898,40.246151928521186,37.668703277425806,12.80424008318973
CH,2026-08-24,91.2,2.69,5.93,"Morejon, Adrian",668804,670970,,swinging_strike,,,,,7.0,,R,R,L,SD,PIT,S,,,0,1,2026,0.62,-0.05,-0.494202495727192,1.729356660797703,,663968.0,,0,10,Top,,,,,,,-9.206515384730404,-132.51958170856184,-4.26444504433128,9.310831909072103,29.51801362212242,-31.961357284698657,3.284071522,1.65738189,,,,90.6,1034.0,6.1,823260,669134,664034,630105,592518,593428,687957,701538,665487,54.39,,,,,,,,74,2,Changeup,2,2,2,2,2,2,2,2,Standard,Strategic,100.0,0.028,-0.064,80.7,7.0,2.597175072,,0.064,,0,0,0.516,0.484,27,31,27,31,1,4,2.0,1.0,1.0,1.0,2.8,0.62,-0.62,42.0,12.472776270799846,-8.674856126109429,36.52756125356846,31.225417956891384,35.28066548450813
CH,2026-08-24,89.0,2.66,5.71,"Morejon, Adrian",668804,670970,,ball,,,,,13.0,,R,R,L,SD,PIT,B,,,0,2,2026,0.77,-0.15,-0.4204584544991177,-1.0433871821761795,,663968.0,,0,10,Top,,,,,,,-9.106481721227857,-129.0773680276042,-9.836437973891584,10.53748639680979,27.563864374455537,-31.885429667608587,3.284071522,1.65738189,,,,88.9,1016.0,6.4,823260,669134,664034,630105,592518,593428,687957,701538,665487,54.06,,,,,,,,74,3,Changeup,2,2,2,2,2,2,2,2,Standard,Strategic,103.0,-0.097,0.019,,,,,-0.019,,0,0,0.544,0.456,27,31,27,31,1,4,2.0,1.0,1.0,1.0,3.06,0.77,-0.77,40.6,,,,,
CH,2026-08-24,89.6,2.6,5.91,"Morejon, Adrian",668804,670970,strikeout,swinging_strike,,,,,14.0,Bryan Reynolds strikes out swinging.,R,R,L,SD,PIT,S,2.0,,1,2,2026,0.95,-0.39,0.1709455582583294,1.4505072581023986,663968.0,,,0,10,Top,,,,,,,-7.931425425112212,-130.19659416086492,-3.899929106091091,12.460035640209552,27.47566668117522,-35.92443220301693,3.284071522,1.65738189,,,,89.2,1065.0,6.1,823260,669134,664034,630105,592518,593428,687957,701538,665487,54.38,,0.0,0.0,1.0,0.0,0.0,,74,4,Changeup,2,2,2,2,2,2,2,2,Strategic,Standard,103.0,0.066,-0.228,77.2,7.9,2.426924448,,0.228,,0,0,0.447,0.553,27,31,27,31,1,4,2.0,1.0,1.0,1.0,3.23,0.95,-0.95,47.0,21.52882569320365,-15.888480682493912,36.885525987207274,38.84841301268722,40.92598434061726
SL,2026-08-24,89.9,2.82,5.69,"Morejon, Adrian",665833,670970,,foul,,,,,13.0,,R,L,L,SD,PIT,S,,,0,0,2026,-0.64,-0.28,-0.0553113074281956,1.2977917862446815,663968.0,,,1,10,Top,,,,,,,-5.672296429636166,-130.91797813926942,-4.097622053821871,-6.196966715801327,26.878624221492867,-34.76960720339024,3.515764436,1.774311024,3.0,58.7,-29.0,90.3,2965.0,6.4,823260,669134,664034,630105,592518,593428,687957,701538,665487,54.05,,,,,,,,75,1,Slider,2,2,2,2,2,2,2,2,Strategic,Standard,287.0,0.027,-0.05,67.8,8.6,,,0.05,88.0,0,0,0.513,0.487,27,27,27,28,1,4,2.0,1.0,1.0,1.0,3.09,-0.64,-0.64,41.6,20.894358507731656,-30.89281841506302,36.40250221990683,37.37050864582086,49.98567613222388
SL,2026-08-24,89.7,2.69,5.75,"Morejon, Adrian",665833,670970,,foul,,,,,7.0,,R,L,L,SD,PIT,S,,,0,1,2026,-0.52,-0.18,-0.6840642719873062,1.8018995675753016,663968.0,,,1,10,Top,,,,,,,-7.096502004160817,-130.43158259375107,-3.1351135240710803,-4.351816912749116,28.112141152355132,-33.720460750765476,3.515764436,1.774311024,4.0,77.0,-26.0,89.3,3022.0,6.1,823260,669134,664034,630105,592518,593428,687957,701538,665487,54.38,,,,,,,,75,2,Slider,2,2,2,2,2,2,2,2,Strategic,Standard,287.0,0.044,-0.085,66.2,8.1,,,0.085,88.0,0,0,0.54,0.46,27,27,27,28,1,4,2.0,1.0,1.0,1.0,3.02,-0.52,-0.52,39.6,13.07660605790975,-13.09893524378576,27.555087132996817,43.06433150215744,31.215068055680092
SL,2026-08-24,90.7,2.81,5.73,"Morejon, Adrian",665833,670970,fielders_choice_out,hit_into_play,,,,,13.0,"Oneil Cruz reaches on a fielder's choice out, pitcher Adrian Morejon to catcher Luis Campusano to third baseman Manny Machado to second baseman Jake Cronenworth. Jake Mangum out at home. Oneil Cruz to 2nd.",R,L,L,SD,PIT,X,1.0,ground_ball,0,2,2026,-0.4,0.15,-1.01972000945144,1.9201088961159296,663968.0,,,1,10,Top,130.39,185.29,,,,,-8.56521512038671,-131.8745816488951,-3.7377358630498296,-3.0328239200064084,25.44888913687643,-29.863472063594557,3.515764436,1.774311024,1.0,63.6,-65.0,90.9,2906.0,6.3,823260,669134,664034,630105,592518,593428,687957,701538,665487,54.24,0.285,0.256,0.0,1.0,0.0,0.0,2.0,75,3,Slider,2,2,2,2,2,2,2,2,Strategic,Standard,292.0,0.121,-0.136,61.8,6.8,,0.288,0.136,88.0,0,0,0.584,0.416,27,27,27,28,1,4,2.0,1.0,1.0,1.0,2.6,-0.4,-0.4,36.9,-7.127847101646154,17.730450057959384,28.866980659016413,47.618224158898656,16.908542399384725
,2026-08-24,,,,"Morejon, Adrian",804668,670970,,automatic_ball,,,,,,,R,R,L,SD,PIT,B,,,0,0,2026,,,,,,665833.0,,2,10,Top,,,,,,,,,,,,,,,,,,,,,823260,669134,664034,630105,592518,593428,687957,701538,665487,,,,,,,,,76,1,,2,2,2,2,2,2,2,2,,,,-0.002,,,,,,,,0,0,0.705,0.295,27,25,27,26,1,4,2.0,1.0,1.0,1.0,,,,,,,,,
,2026-08-24,,,,"Morejon, Adrian",804668,670970,,automatic_ball,,,,,,,R,R,L,SD,PIT,B,,,1,0,2026,,,,,,665833.0,,2,10,Top,,,,,,,,,,,,,,,,,,,,,823260,669134,664034,630105,592518,593428,687957,701538,665487,,,,,,,,,76,2,,2,2,2,2,2,2,2,2,,,,-0.004,,,,,,,,0,0,0.703,0.297,27,25,27,26,1,4,2.0,1.0,1.0,1.0,,,,,,,,,
,2026-08-24,,,,"Morejon, Adrian",804668,670970,,automatic_ball,,,,,,,R,R,L,SD,PIT,B,,,2,0,2026,,,,,,665833.0,,2,10,Top,,,,,,,,,,,,,,,,,,,,,823260,669134,664034,630105,592518,593428,687957,701538,665487,,,,,,,,,76,3,,2,2,2,2,2,2,2,2,,,,-0.006,,,,,,,,0,0,0.699,0.301,27,25,27,26,1,4,2.0,1.0,1.0,1.0,,,,,,,,,
,2026-08-24,,,,"Morejon, Adrian",804668,670970,intent_walk,automatic_ball,,,,,,Adrian Morejon intentionally walks Rafael Flores Jr.,R,R,L,SD,PIT,B,,,3,0,2026,,,,,,665833.0,,2,10,Top,,,,,,,,,,,,,,,,,,,,,823260,669134,664034,630105,592518,593428,687957,701538,665487,,,,0.4,,0.0,0.0,,76,4,,2,2,2,2,2,2,2,2,,,,-0.008,,,,,,,,0,0,0.693,0.307,27,25,27,26,1,4,2.0,1.0,1.0,1.0,,,,,,,,,
SI,2026-08-24,95.8,2.37,5.66,"Morejon, Adrian",664040,670970,field_out,hit_into_play,,,,,7.0,"Brandon Lowe grounds out, shortstop Xander Bogaerts to first baseman Ty France.",R,L,L,SD,PIT,X,6.0,ground_ball,0,0,2026,1.19,0.87,-0.2782347558777531,1.9605834005422924,,665833.0,804668.0,2,10,Top,131.04,142.96,,,,,-9.631706736012536,-139.114961692404,-5.927540725969399,17.542749113217067,30.93181134381086,-19.637700349981987,3.088361221,1.558612205,7.0,92.4,-16.0,95.9,2288.0,6.4,823260,669134,664034,630105,592518,593428,687957,701538,665487,54.06,0.176,0.158,0.0,1.0,0.0,0.0,2.0,77,1,Sinker,2,2,2,2,2,2,2,2,Strategic,Standard,139.0,0.12,-0.285,68.9,6.9,,0.189,0.285,92.4,0,0,0.685,0.315,27,31,27,32,1,4,2.0,1.0,1.0,1.0,1.62,1.19,1.19,42.2,9.093871346142535,17.62453714861122,31.505328667677443,36.14641295045584,22.943365139801173
FF,2026-08-24,94.4,2.37,5.78,"Morejon, Adrian",694378,670970,,foul_bunt,,,,,6.0,,R,L,L,SD,PIT,S,,,0,0,2026,0.66,1.41,0.6947415064420015,2.2071575960247736,,664040.0,,0,11,Top,,,,,,,-5.787094051005787,-137.26779647106574,-6.530500717400327,9.660255137795842,32.63171536588082,-13.123147206162333,3.285826772,1.658267717,,,,94.2,2242.0,6.4,823260,669134,664034,630105,592518,593428,687957,701538,665487,54.13,,,,,,,,80,1,4-Seam Fastball,2,2,2,2,2,2,2,2,Infield shade,Standard,141.0,0.016,-0.035,2.8,1.4,,,0.035,88.0,0,0,0.5,0.5,27,24,27,24,1,2,2.0,1.0,1.0,1.0,1.17,0.66,0.66,42.0,-44.050323007808586,-153.83998459716295,59.28535781687415,38.15414290839163,23.94312369214976
FF,2026-08-24,98.4,2.38,5.99,"Morejon, Adrian",694378,670970,,called_strike,,,,,5.0,,R,L,L,SD,PIT,S,,,0,1,2026,0.66,1.2,-0.2656620354802621,2.4760579653138217,,664040.0,,0,11,Top,,,,,,,-8.628809694411368,-142.99072937489478,-6.661654921814053,11.039936669365424,33.35334009309193,-14.283389227264664,3.285826772,1.658267717,,,,98.2,2462.0,6.3,823260,669134,664034,630105,592518,593428,687957,701538,665487,54.23,,,,,,,,80,2,4-Seam Fastball,2,2,2,2,2,2,2,2,Strategic,Standard,138.0,0.028,-0.064,,,,,0.064,,0,0,0.516,0.484,27,24,27,24,1,2,2.0,1.0,1.0,1.0,1.16,0.66,0.66,41.8,,,,,
SI,2026-08-24,99.7,2.57,5.81,"Morejon, Adrian",694378,670970,,foul,,,,,12.0,,R,L,L,SD,PIT,S,,,0,2,2026,1.31,0.88,0.2713386133930244,3.738321486153134,,664040.0,,0,11,Top,,,,,,,-9.35262525467947,-144.86980867581855,-2.152586680073762,20.73166073543709,38.01530319341629,-19.518302758069648,3.285826772,1.658267717,252.0,86.8,21.0,98.9,2389.0,6.2,823260,669134,664034,630105,592518,593428,687957,701538,665487,54.27,,,,,,,,80,3,Sinker,2,2,2,2,2,2,2,2,Infield shade,Standard,137.0,0.0,0.0,45.3,4.2,,,0.0,88.0,0,0,0.544,0.456,27,24,27,24,1,2,2.0,1.0,1.0,1.0,1.44,1.31,1.31,36.5,-14.940673388304058,57.140821173044614,25.108576133304464,33.093371343821204,4.108746574187605
SL,2026-08-24,90.4,2.73,5.72,"Morejon, Adrian",694378,670970,,ball,,,,,13.0,,R,L,L,SD,PIT,B,,,0,2,2026,-0.39,-0.04,-1.5266532604018104,1.3503964542173863,,664040.0,,0,11,Top,,,,,,,-9.644427567404326,-131.26940221139373,-4.569447189053905,-2.4167533515588526,28.46706603786789,-31.87234514080566,3.285826772,1.658267717,,,,90.4,2870.0,6.5,823260,669134,664034,630105,592518,593428,687957,701538,665487,54.01,,,,,,,,80,4,Slider,2,2,2,2,2,2,2,2,Standard,Standard,289.0,-0.011,0.019,,,,,-0.019,,0,0,0.544,0.456,27,24,27,24,1,2,2.0,1.0,1.0,1.0,2.85,-0.39,-0.39,41.5,,,,,
SL,2026-08-24,89.0,2.97,5.7,"Morejon, Adrian",694378,670970,,foul,,,,,7.0,,R,L,L,SD,PIT,S,,,1,2,2026,-0.6,-0.19,-0.3834897863861602,1.936336136402014,,664040.0,,0,11,Top,,,,,,,-6.823964760893104,-129.40584709211615,-2.5196805568145724,-5.220419808463274,28.2655953544959,-33.998413173243705,3.285826772,1.658267717,224.0,79.0,49.0,88.6,2938.0,6.2,823260,669134,664034,630105,592518,593428,687957,701538,665487,54.29,,,,,,,,80,5,Slider,2,2,2,2,2,2,2,2,Standard,Standard,287.0,0.0,0.0,64.3,6.5,,,0.0,88.0,0,0,0.533,0.467,27,24,27,24,1,2,2.0,1.0,1.0,1.0,3.09,-0.6,-0.6,39.2,-2.841056591978911,13.71022582675278,24.665798442154458,41.645766419926865,25.466664947991276
SI,2026-08-24,98.6,2.54,5.76,"Morejon, Adrian",694378,670970,strikeout,foul_tip,,,,,5.0,Jacob Gonzalez strikes out on a foul tip.,R,L,L,SD,PIT,S,2.0,,1,2,2026,1.44,0.34,-0.0341006524097662,2.2832088520664464,,664040.0,,0,11,Top,,,,,,,-10.304978970449326,-143.01979351379464,-4.47985252011951,22.30597205110975,36.98285882201139,-26.573543014857652,3.285826772,1.658267717,,,,97.9,2385.0,6.4,823260,669134,664034,630105,592518,593428,687957,701538,665487,54.14,,0.0,0.0,1.0,0.0,0.0,,80,6,Sinker,2,2,2,2,2,2,2,2,Standard,Standard,145.0,0.076,-0.254,67.1,6.5,,,0.254,,0,0,0.533,0.467,27,24,27,24,1,2,2.0,1.0,1.0,1.0,2.04,1.44,1.44,38.6,-4.044638251061735,19.46628869592349,20.05220998723425,37.10496826501821,18.114692466752917
SI,2026-08-24,96.8,2.41,5.76,"Morejon, Adrian",687462,670970,,called_strike,,,,,1.0,,R,L,L,SD,PIT,S,,,0,0,2026,1.31,0.72,-0.7389610836241118,2.6903939552567833,,664040.0,,1,11,Top,,,,,,,-11.333068460481636,-140.4833040919858,-4.03106726118379,20.0549858151981,33.95070722563897,-21.91737190958115,3.133120079,1.581200787,,,,96.4,2346.0,6.3,823260,669134,664034,630105,592518,593428,687957,701538,665487,54.16,,,,,,,,81,1,Sinker,2,2,2,2,2,2,2,2,Standard,Standard,137.0,0.014,-0.045,,,,,0.045,,0,0,0.609,0.391,27,28,27,29,1,4,2.0,1.0,1.0,1.0,1.74,1.31,1.31,37.9,,,,,
SI,2026-08-24,98.4,2.58,5.74,"Morejon, Adrian",687462,670970,field_out,hit_into_play,,,,,5.0,"Spencer Horwitz grounds out, second baseman Jake Cronenworth to first baseman Ty France. Brandon Lowe to 3rd.",R,L,L,SD,PIT,X,4.0,ground_ball,0,1,2026,1.45,0.55,0.1316206133360797,2.07303508956754,,664040.0,,1,11,Top,138.74,168.57,,,,,-9.961363386953431,-142.77201592938596,-5.468956832312153,22.219873111418053,36.48020606843587,-23.460510738625377,3.133120079,1.581200787,1.0,61.2,-57.0,97.8,2415.0,6.3,823260,669134,664034,630105,592518,593428,687957,701538,665487,54.16,0.223,0.201,0.0,1.0,0.0,0.0,2.0,81,2,Sinker,2,2,2,2,2,2,2,2,Strategic,Standard,140.0,0.067,-0.205,54.3,6.4,,0.223,0.205,88.0,0,0,0.623,0.377,27,28,27,29,1,4,2.0,1.0,1.0,1.0,1.84,1.45,1.45,45.1,4.232816094108608,23.865178534188516,33.03820287512672,32.679302550666634,16.534345399762557
CH,2026-08-24,92.1,2.7,5.84,"Morejon, Adrian",669707,670970,,ball,,,,,14.0,,R,R,L,SD,PIT,B,,,0,0,2026,0.48,-0.13,0.6461862038021433,1.1106395585555506,664040.0,,,2,11,Top,,,,,,,-6.212499223469782,-133.87296417521117,-5.595416133310632,7.196116412344375,30.452564180380783,-32.61642449936975,3.342872375,1.687057087,,,,92.0,880.0,6.4,823260,669134,664034,630105,592518,593428,687957,701538,665487,54.09,,,,,,,,82,1,Changeup,2,2,2,2,2,2,2,2,Standard,Standard,92.0,-0.002,0.03,,,,,-0.03,,0,0,0.69,0.31,27,28,27,28,1,4,2.0,1.0,1.0,1.0,2.83,0.48,-0.48,40.2,,,,,
CH,2026-08-24,92.7,2.61,5.81,"Morejon, Adrian",669707,670970,,swinging_strike,,,,,13.0,,R,R,L,SD,PIT,S,,,1,0,2026,0.4,-0.2,-0.2493608194038195,0.9653080332806409,664040.0,,,2,11,Top,,,,,,,-8.068564587626826,-134.7358511238926,-5.827813837705516,6.60990105458689,30.09391285734959,-33.52496790594483,3.342872375,1.687057087,,,,92.4,931.0,6.3,823260,669134,664034,630105,592518,593428,687957,701538,665487,54.23,,,,,,,,82,2,Changeup,2,2,2,2,2,2,2,2,Standard,Standard,97.0,-0.001,-0.034,66.1,8.9,3.470519016,,0.034,,0,0,0.688,0.312,27,28,27,28,1,4,2.0,1.0,1.0,1.0,2.87,0.4,-0.4,45.0,18.73374645670878,-20.80804721089731,44.73883070199657,32.743795940948374,38.01356892618945
SI,2026-08-24,98.7,2.63,5.86,"Morejon, Adrian",669707,670970,,called_strike,,,,,4.0,,R,R,L,SD,PIT,S,,,1,1,2026,1.13,0.75,-0.5370748299806489,2.5383539151605645,664040.0,,,2,11,Top,,,,,,,-11.195170542599142,-143.2655615728476,-5.118146290527446,18.22180179261736,33.21621687201581,-20.840567397084502,3.342872375,1.687057087,,,,98.7,2426.0,6.4,823260,669134,664034,630105,592518,593428,687957,701538,665487,54.07,,,,,,,,82,3,Sinker,2,2,2,2,2,2,2,2,Standard,Standard,142.0,-0.012,-0.061,,,,,0.061,,0,0,0.687,0.313,27,28,27,28,1,4,2.0,1.0,1.0,1.0,1.6,1.13,-1.13,41.3,,,,,
CH,2026-08-24,92.0,2.76,5.88,"Morejon, Adrian",669707,670970,field_out,hit_into_play,,,,,6.0,Jared Triolo grounds out to first baseman Ty France.,R,R,L,SD,PIT,X,3.0,ground_ball,1,2,2026,0.39,-0.37,0.7963994298321243,2.4154606427213494,664040.0,,,2,11,Top,158.9,165.87,,,,,-5.736946792904462,-133.91479194314115,-1.912105137105892,5.99042476834034,29.375130213495,-36.39345033542616,3.342872375,1.687057087,4.0,86.5,-27.0,91.4,931.0,5.9,823260,669134,664034,630105,592518,593428,687957,701538,665487,54.56,0.056,0.05,0.0,1.0,0.0,0.0,2.0,82,4,Changeup,2,2,2,2,2,2,2,2,Standard,Standard,99.0,0.13,-0.24,65.4,6.6,,0.065,0.24,88.0,0,0,0.675,0.325,27,28,27,28,1,4,2.0,1.0,1.0,1.0,3.06,0.39,-0.39,42.9,-16.750271722276665,32.84249857118016,39.28042019386651,44.3624285585023,0.5878037051444611
SI,2026-08-25,98.7,2.59,5.97,"Morejon, Adrian",804668,670970,field_out,hit_into_play,,,,,9.0,"Rafael Flores Jr. grounds out, shortstop Xander Bogaerts to first baseman Ty France.",R,R,L,SD,PIT,X,6.0,ground_ball,0,0,2026,1.28,0.85,0.6231577575270633,2.024240114121247,,,,0,8,Top,108.23,150.16,,,,,-8.251036249845793,-143.3850592350336,-7.008355204745459,19.552286135132505,34.52630099208221,-18.99621289377008,3.349015748,1.69015748,48.0,93.3,1.0,98.1,2374.0,6.1,823259,669134,664034,630105,592518,593428,687957,701538,665487,54.39,0.396,0.356,0.0,1.0,0.0,0.0,2.0,52,1,Sinker,0,0,0,0,0,0,0,0,Standard,Standard,140.0,0.046,-0.259,86.7,8.0,,0.435,0.259,93.3,0,0,0.5,0.5,27,25,27,26,1,0,1.0,1.0,4.0,1.0,1.51,1.28,-1.28,40.5,10.506555334543211,-13.76659972828131,48.20540303081203,44.07467657830824,32.87105638054432
SI,2026-08-25,98.8,2.67,6.0,"Morejon, Adrian",687462,670970,,foul,,,,,6.0,,R,L,L,SD,PIT,S,,,0,0,2026,1.13,0.7,0.3890166999040523,2.280272497784068,,,,1,8,Top,,,,,,,-8.780399319161635,-143.62816030872622,-6.126233724759972,17.68189122838084,32.3925799853486,-21.209945209811018,3.133120079,1.581200787,253.0,90.3,17.0,98.5,2413.0,6.1,823259,669134,664034,630105,592518,593428,687957,701538,665487,54.4,,,,,,,,53,1,Sinker,0,0,0,0,0,0,0,0,Infield shade,Standard,139.0,0.005,-0.041,59.3,5.4,,,0.041,90.3,0,0,0.546,0.454,27,28,27,29,1,3,1.0,1.0,4.0,1.0,1.63,1.13,1.13,40.6,-35.20286333711359,36.28370901368782,44.39082498493925,29.58065546948852,14.50186034561932
FF,2026-08-25,97.4,2.43,6.13,"Morejon, Adrian",687462,670970,field_out,hit_into_play,,,,,12.0,Spencer Horwitz flies out to right fielder Fernando Tatis Jr.,R,L,L,SD,PIT,X,9.0,fly_ball,0,1,2026,0.47,1.42,0.8804754387861404,3.026674705983064,,,,1,8,Top,158.03,103.57,,,,,-5.165911039483915,-141.70045123993978,-5.89226817895756,7.472462237447088,33.28393832339953,-11.878050779476672,3.133120079,1.581200787,252.0,78.2,44.0,96.9,2457.0,6.1,823259,669134,664034,630105,592518,593428,687957,701538,665487,54.43,0.063,0.057,0.0,1.0,0.0,0.0,3.0,53,2,4-Seam Fastball,0,0,0,0,0,0,0,0,Infield shade,Standard,151.0,0.031,-0.22,62.9,6.4,,0.074,0.22,88.0,0,0,0.551,0.449,27,28,27,29,1,3,1.0,1.0,4.0,1.0,0.99,0.47,0.47,41.0,6.321509413841494,-10.53100350448602,31.657831708508983,23.061048040147867,32.460523882846296
SI,2026-08-25,98.3,2.74,6.05,"Morejon, Adrian",664040,670970,,foul,,,,,12.0,,R,L,L,SD,PIT,S,,,0,0,2026,1.34,0.93,1.1109278416850608,3.469564593346804,,,,2,8,Top,,,,,,,-7.452257778826622,-142.8721942468364,-3.479891285773638,20.03853346234557,35.682847674791326,-18.79127463646128,3.088361221,1.558612205,174.0,65.0,42.0,97.2,2324.0,5.9,823259,669134,664034,630105,592518,593428,687957,701538,665487,54.56,,,,,,,,54,1,Sinker,0,0,0,0,0,0,0,0,Infield shade,Standard,144.0,0.004,-0.045,69.6,5.5,,,0.045,88.0,0,0,0.582,0.418,27,31,27,32,1,3,1.0,1.0,4.0,1.0,1.45,1.34,1.34,39.9,6.485370439644601,8.330666732912164,28.773460510774772,19.760973045731475,25.837772257739385
FF,2026-08-25,98.1,2.38,6.01,"Morejon, Adrian",664040,670970,,called_strike,,,,,8.0,,R,L,L,SD,PIT,S,,,0,1,2026,0.51,1.31,-0.1389145605061433,1.6842794348267764,,,,2,8,Top,,,,,,,-7.904094628882447,-142.5091281174206,-9.043448127356566,8.712968034501447,31.889749181976423,-12.368054350822796,3.088361221,1.558612205,,,,98.0,2425.0,6.3,823259,669134,664034,630105,592518,593428,687957,701538,665487,54.22,,,,,,,,54,2,4-Seam Fastball,0,0,0,0,0,0,0,0,Infield shade,Standard,146.0,0.006,-0.062,,,,,0.062,,0,0,0.586,0.414,27,31,27,32,1,3,1.0,1.0,4.0,1.0,1.06,0.51,0.51,45.1,,,,,
CH,2026-08-25,91.1,2.53,6.09,"Morejon, Adrian",664040,670970,strikeout,swinging_strike,,,,,14.0,Brandon Lowe strikes out swinging.,R,L,L,SD,PIT,S,2.0,,0,2,2026,0.66,-0.01,0.2527490730289774,1.3141329194107798,,,,2,8,Top,,,,,,,-7.055141848239347,-132.5008966334771,-5.797048170828356,9.245850568928478,27.72461015532301,-31.290494738132075,3.088361221,1.558612205,,,,90.9,795.0,6.1,823259,669134,664034,630105,592518,593428,687957,701538,665487,54.36,,0.0,0.0,1.0,0.0,0.0,,54,3,Changeup,0,0,0,0,0,0,0,0,Infield shade,Standard,105.0,0.016,-0.155,70.9,7.8,0.70785912,,0.155,,0,0,0.592,0.408,27,31,27,32,1,3,1.0,1.0,4.0,1.0,2.76,0.66,0.66,46.9,19.488373672130734,-17.80166889100217,34.472185546300864,28.96348550328113,41.83890432854625
SI,2026-08-29,98.1,2.58,6.04,"Morejon, Adrian",666018,670970,,called_strike,,,,,5.0,,R,L,L,TB,SD,S,,,0,0,2026,1.45,0.81,-0.2204003383395174,2.288463752900552,650490.0,,,0,7,Bot,,,,,,,-10.827607665841388,-142.3586944190068,-6.263857365801378,22.32465221273057,34.7117946645814,-19.80954190101498,3.189288058,1.609547244,,,,97.3,2285.0,6.2,822936,669134,664034,630105,592518,593428,687957,701538,665487,54.35,,,,,,,,63,1,Sinker,6,6,6,6,6,6,6,6,Strategic,Standard,135.0,-0.009,-0.061,,,,,0.061,,0,0,0.751,0.751,27,28,27,28,1,3,4.0,1.0,1.0,1.0,1.58,1.45,1.45,38.6,,,,,
SI,2026-08-29,99.1,2.7,6.02,"Morejon, Adrian",666018,670970,,foul,,,,,12.0,,R,L,L,TB,SD,S,,,0,1,2026,1.53,0.93,0.9577738565659486,3.077019093210735,650490.0,,,0,7,Bot,,,,,,,-8.292286328386014,-143.94446855179464,-4.550907638435615,23.232872419013756,36.24202399269076,-18.305210665194068,3.189288058,1.609547244,164.0,61.5,49.0,98.2,2308.0,6.1,822936,669134,664034,630105,592518,593428,687957,701538,665487,54.44,,,,,,,,63,2,Sinker,6,6,6,6,6,6,6,6,Strategic,Standard,139.0,-0.015,-0.093,61.9,5.9,,,0.093,88.0,0,0,0.742,0.742,27,28,27,28,1,3,4.0,1.0,1.0,1.0,1.41,1.53,1.53,36.6,1.878083108324653,26.257349206963937,29.75021973205262,31.137118211874395,19.617016082868727
SL,2026-08-29,90.9,2.83,5.96,"Morejon, Adrian",666018,670970,field_out,hit_into_play,,,,,13.0,"Jonathan Aranda grounds out, first baseman Ty France to second baseman Jake Cronenworth.",R,L,L,TB,SD,X,3.0,ground_ball,0,2,2026,-0.51,0.12,-1.139743833626016,1.6094401924871269,650490.0,,,0,7,Bot,142.16,168.79,,,,,-8.666919867578208,-132.11198579236913,-4.998463632874202,-4.183722029911261,27.43603772081081,-29.83962002791723,3.189288058,1.609547244,2.0,49.7,-46.0,90.7,2890.0,6.2,822936,669134,664034,630105,592518,593428,687957,701538,665487,54.3,0.195,0.176,0.0,1.0,0.0,0.0,1.0,63,3,Slider,6,6,6,6,6,6,6,6,Strategic,Standard,263.0,-0.036,-0.121,57.3,7.7,,0.195,0.121,88.0,0,0,0.727,0.727,27,28,27,28,1,3,4.0,1.0,1.0,1.0,2.63,-0.51,-0.51,38.3,14.631787185540094,-5.768005620578078,33.67774725038911,53.78208158128268,40.10456580296979
,2026-08-29,,,,"Morejon, Adrian",691406,670970,,automatic_ball,,,,,,,R,R,L,TB,SD,B,,,0,0,2026,,,,,622761.0,,,1,7,Bot,,,,,,,,,,,,,,,,,,,,,822936,669134,664034,630105,592518,593428,687957,701538,665487,,,,,,,,,64,1,,6,6,6,6,6,6,6,6,,,,0.002,,,,,,,,0,0,0.691,0.691,27,22,27,23,1,3,4.0,1.0,1.0,1.0,,,,,,,,,
,2026-08-29,,,,"Morejon, Adrian",691406,670970,,automatic_ball,,,,,,,R,R,L,TB,SD,B,,,1,0,2026,,,,,622761.0,,,1,7,Bot,,,,,,,,,,,,,,,,,,,,,822936,669134,664034,630105,592518,593428,687957,701538,665487,,,,,,,,,64,2,,6,6,6,6,6,6,6,6,,,,0.002,,,,,,,,0,0,0.693,0.693,27,22,27,23,1,3,4.0,1.0,1.0,1.0,,,,,,,,,
,2026-08-29,,,,"Morejon, Adrian",691406,670970,,automatic_ball,,,,,,,R,R,L,TB,SD,B,,,2,0,2026,,,,,622761.0,,,1,7,Bot,,,,,,,,,,,,,,,,,,,,,822936,669134,664034,630105,592518,593428,687957,701538,665487,,,,,,,,,64,3,,6,6,6,6,6,6,6,6,,,,0.005,,,,,,,,0,0,0.695,0.695,27,22,27,23,1,3,4.0,1.0,1.0,1.0,,,,,,,,,
,2026-08-29,,,,"Morejon, Adrian",691406,670970,intent_walk,automatic_ball,,,,,,Adrian Morejon intentionally walks Junior Caminero.,R,R,L,TB,SD,B,,,3,0,2026,,,,,622761.0,,,1,7,Bot,,,,,,,,,,,,,,,,,,,,,822936,669134,664034,630105,592518,593428,687957,701538,665487,,,,0.4,,0.0,0.0,,64,4,,6,6,6,6,6,6,6,6,,,,0.006,,,,,,,,0,0,0.7,0.7,27,22,27,23,1,3,4.0,1.0,1.0,1.0,,,,,,,,,
CH,2026-08-29,91.1,2.46,6.16,"Morejon, Adrian",668723,670970,,foul_bunt,,,,,14.0,,R,R,L,TB,SD,S,,,0,0,2026,0.63,-0.3,0.7613760906480465,1.4799187560046412,622761.0,,691406.0,1,7,Bot,,,,,,,-5.584886155828454,-132.49894394186165,-4.881573307286182,8.684920023741785,30.78705519844671,-34.76708994694031,3.275295276,1.652952756,,,,90.6,922.0,6.2,822936,669134,664034,630105,592518,593428,687957,701538,665487,54.29,,,,,,,,65,1,Changeup,6,6,6,6,6,6,6,6,Strategic,Standard,110.0,-0.018,-0.049,16.2,2.0,,,0.049,,0,0,0.706,0.706,27,27,27,27,1,0,4.0,1.0,1.0,1.0,3.07,0.63,-0.63,42.4,-32.22859999759744,0.949944331161278,40.805767297641545,48.61189684470384,18.501093795299504
SI,2026-08-29,100.1,2.53,6.05,"Morejon, Adrian",668723,670970,,foul,,,,,2.0,,R,R,L,TB,SD,S,,,0,1,2026,1.44,0.69,-0.2286175578029274,2.9375945458993065,622761.0,,691406.0,1,7,Bot,,,,,,,-10.932772267951536,-145.25826701259447,-4.622708948832256,22.956116329560174,34.84208501570569,-21.51878249981049,3.275295276,1.652952756,252.0,81.9,34.0,99.6,2314.0,6.2,822936,669134,664034,630105,592518,593428,687957,701538,665487,54.26,,,,,,,,65,2,Sinker,6,6,6,6,6,6,6,6,Strategic,Standard,144.0,-0.029,-0.064,62.6,5.7,,,0.064,88.0,0,0,0.688,0.688,27,27,27,27,1,0,4.0,1.0,1.0,1.0,1.61,1.44,-1.44,40.1,-11.786878422217384,28.2112567591198,28.410547695162496,31.82496760773479,12.023715398512932
CH,2026-08-29,91.7,2.57,6.07,"Morejon, Adrian",668723,670970,,blocked_ball,,,,,14.0,,R,R,L,TB,SD,B,,,0,2,2026,1.04,-0.39,0.2894438341106549,0.1694908129899337,622761.0,,691406.0,1,7,Bot,,,,,,,-7.935473651334687,-133.0880140277369,-7.813034825088545,14.111846781791249,31.006234392867164,-35.09157668109623,3.275295276,1.652952756,,,,91.1,999.0,6.2,822936,669134,664034,630105,592518,593428,687957,701538,665487,54.26,,,,,,,,65,3,Changeup,6,6,6,6,6,6,6,6,Strategic,Standard,113.0,0.012,0.0,,,,,0.0,,0,0,0.659,0.659,27,27,27,27,1,0,4.0,1.0,1.0,1.0,3.13,1.04,-1.04,43.0,,,,,
FF,2026-08-29,99.8,2.34,6.09,"Morejon, Adrian",668723,670970,strikeout,swinging_strike,,,,,5.0,Ryan Vilade strikes out swinging.,R,R,L,TB,SD,S,2.0,,1,2,2026,0.94,1.25,0.1327361583411387,2.7256818160325,622761.0,,691406.0,1,7,Bot,,,,,,,-8.206391825065944,-144.93099086728057,-6.6029636283586415,15.14762203600262,35.298523741053025,-13.182737266347296,3.275295276,1.652952756,,,,99.5,2387.0,6.3,822936,669134,664034,630105,592518,593428,687957,701538,665487,54.19,,0.0,0.0,1.0,0.0,0.0,,65,4,4-Seam Fastball,6,6,6,6,6,6,6,6,Strategic,Standard,137.0,-0.083,-0.266,80.4,7.4,1.343687892,,0.266,,0,0,0.671,0.671,27,27,27,27,1,0,4.0,1.0,1.0,1.0,1.06,0.94,-0.94,43.0,7.008693876526637,-7.160255684885221,29.909844060594136,36.6204435735464,33.42278593951913
SI,2026-08-29,100.3,2.49,5.93,"Morejon, Adrian",802415,670970,,blocked_ball,,,,,13.0,,R,L,L,TB,SD,B,,,0,0,2026,1.57,0.86,-0.9627968703001653,1.547303153453031,622761.0,,691406.0,2,7,Bot,,,,,,,-13.14283752524476,-145.28460461402022,-8.472682742656824,25.346708990658453,35.94004495808882,-18.06328710822025,3.177878937,1.60378937,,,,99.7,2357.0,6.3,822936,669134,664034,630105,592518,593428,687957,701538,665487,54.17,,,,,,,,66,1,Sinker,6,6,6,6,6,6,6,6,Strategic,Standard,142.0,0.003,0.016,,,,,-0.016,,0,0,0.588,0.588,27,25,27,26,1,3,4.0,1.0,1.0,1.0,1.44,1.57,1.57,39.1,,,,,
SI,2026-08-29,99.9,2.61,5.87,"Morejon, Adrian",802415,670970,,foul,,,,,6.0,,R,L,L,TB,SD,S,,,1,0,2026,1.42,0.78,0.744677174270512,2.405112012378467,622761.0,,691406.0,2,7,Bot,,,,,,,-8.482584466158034,-145.18998743578084,-5.759805544082624,22.129911710652145,35.54328505465199,-20.004945458798407,3.177878937,1.60378937,,,,99.6,2326.0,6.3,822936,669134,664034,630105,592518,593428,687957,701538,665487,54.18,,,,,,,,66,2,Sinker,6,6,6,6,6,6,6,6,Strategic,Standard,142.0,-0.007,-0.029,69.1,6.8,,,0.029,,0,0,0.591,0.591,27,25,27,26,1,3,4.0,1.0,1.0,1.0,1.52,1.42,1.42,45.3,5.209002949907211,2.46913242480282,28.89315926387486,34.149007753018246,19.35255423717259
FF,2026-08-29,99.7,2.45,6.05,"Morejon, Adrian",802415,670970,single,hit_into_play,,,,,1.0,Chandler Simpson singles on a ground ball to left fielder Dustin Harris. Jorge Mateo scores. Junior Caminero to 2nd.,R,L,L,TB,SD,X,7.0,ground_ball,1,1,2026,0.51,1.32,-0.4633348315332417,2.832246188413807,622761.0,,691406.0,2,7,Bot,82.59,132.37,,,,,-9.113504484845972,-144.78905847519044,-6.363346192727819,9.399111214625988,35.95644667706426,-12.254676419242386,3.177878937,1.60378937,101.0,65.4,9.0,99.4,2425.0,6.4,822936,669134,664034,630105,592518,593428,687957,701538,665487,54.11,0.276,0.263,0.9,1.0,1.0,0.0,2.0,66,3,4-Seam Fastball,6,6,6,6,6,7,7,6,Strategic,Standard,134.0,0.199,0.63,62.1,6.6,,0.313,-0.63,88.0,0,0,0.584,0.584,27,25,27,26,1,3,4.0,1.0,1.0,1.0,0.99,0.51,0.51,45.3,4.622477454635922,14.724243165274064,25.536747220783056,47.96817971297017,15.993864736886202
CH,2026-08-29,91.9,2.65,6.01,"Morejon, Adrian",676356,670970,,called_strike,,,,,4.0,,R,R,L,TB,SD,S,,,0,0,2026,1.3,0.14,-0.4472135563047206,2.240787341350232,,691406.0,802415.0,2,7,Bot,,,,,,,-10.592318876414216,-133.3907739698004,-3.734738387371767,17.871267718076563,29.563683122110657,-29.79631153642455,3.133120079,1.581200787,,,,91.5,985.0,6.3,822936,669134,664034,630105,592518,593428,687957,701538,665487,54.22,,,,,,,,67,1,Changeup,7,6,7,6,6,7,7,6,Standard,Standard,102.0,-0.006,-0.032,,,,,0.032,,1,1,0.783,0.783,27,27,27,28,1,3,4.0,1.0,1.0,1.0,2.57,1.3,-1.3,41.3,,,,,
CH,2026-08-29,92.1,2.6,6.01,"Morejon, Adrian",676356,670970,,swinging_strike,,,,,14.0,,R,R,L,TB,SD,S,,,0,1,2026,0.91,0.0,0.3332396571613193,0.8598068997484356,,691406.0,802415.0,2,7,Bot,,,,,,,-7.643699780967386,-133.73096571215183,-6.90351596525045,12.57515030093723,30.136832114620237,-30.756415786382902,3.133120079,1.581200787,,,,91.6,992.0,6.2,822936,669134,664034,630105,592518,593428,687957,701538,665487,54.31,,,,,,,,67,2,Changeup,7,6,7,6,6,7,7,6,Standard,Standard,110.0,-0.009,-0.056,74.1,8.6,3.285809292,,0.056,,1,1,0.777,0.777,27,27,27,28,1,3,4.0,1.0,1.0,1.0,2.71,0.91,-0.91,41.0,10.977793521633968,-21.27455792103926,23.51195507135051,40.23020534578291,42.14575070283835
CH,2026-08-29,91.8,2.8,6.02,"Morejon, Adrian",676356,670970,strikeout,swinging_strike,,,,,14.0,Jonny DeLuca strikes out swinging.,R,R,L,TB,SD,S,2.0,,0,2,2026,0.83,0.0,0.9937260817361953,1.6753669437955248,,691406.0,802415.0,2,7,Bot,,,,,,,-6.29790170689027,-133.45627205827049,-4.845796956649134,11.331269333642553,29.06078938576703,-31.322417027866415,3.133120079,1.581200787,,,,91.2,961.0,6.0,822936,669134,664034,630105,592518,593428,687957,701538,665487,54.47,,0.0,0.0,1.0,0.0,0.0,,67,3,Changeup,7,6,7,6,6,7,7,6,Standard,Standard,111.0,-0.023,-0.195,71.2,8.6,1.411295496,,0.195,,1,1,0.768,0.768,27,27,27,28,1,3,4.0,1.0,1.0,1.0,2.71,0.83,-0.83,40.8,10.6807049639944,-10.851420954752864,18.32398709863052,48.542184282556555,35.53303739162012
SI,2026-08-30,98.4,2.51,6.03,"Morejon, Adrian",663743,670970,field_out,hit_into_play,,,,,5.0,Nick Fortes flies out to center fielder Jackson Merrill.,R,R,L,TB,SD,X,8.0,fly_ball,0,0,2026,1.41,0.87,-0.0332340074127759,2.5828929376982552,,,,0,8,Bot,130.79,96.79,,,,,-10.085380866461897,-142.79550235065454,-5.6723396656425455,21.59492521749478,33.76790446753728,-19.061419530160983,3.161204068,1.595374016,258.0,79.1,42.0,97.9,2385.0,6.2,822933,666023,664034,630105,823550,593428,669392,701538,687749,54.3,0.051,0.062,0.0,1.0,0.0,0.0,3.0,60,1,Sinker,1,3,1,3,3,1,1,3,Standard,Standard,146.0,-0.044,-0.259,73.8,7.8,,0.091,0.259,88.0,-2,-2,0.167,0.167,27,29,27,30,1,2,1.0,6.0,2.0,2.0,1.5,1.41,-1.41,40.9,4.195663247356384,-5.61530778322907,21.663389050549792,35.493151120925816,24.710738008305203
SI,2026-08-30,98.0,2.48,6.01,"Morejon, Adrian",670764,670970,,foul,,,,,4.0,,R,R,L,TB,SD,S,,,0,0,2026,1.53,0.83,-0.324492574316906,2.132515019597466,,,,1,8,Bot,,,,,,,-11.043269616753042,-142.1561782388715,-6.633262773264513,23.288960656236544,33.79389018912275,-19.558337315997576,3.055889108,1.542224409,,,,97.5,2334.0,6.3,822933,666023,664034,630105,823550,593428,669392,701538,687749,54.22,,,,,,,,61,1,Sinker,1,3,1,3,3,1,1,3,Standard,Standard,146.0,-0.005,-0.041,61.9,6.7,,,0.041,,-2,-2,0.123,0.123,27,29,27,30,1,2,1.0,1.0,2.0,1.0,1.57,1.53,-1.53,40.2,5.457666614932615,5.167680647761511,33.01362381229056,29.63697604326351,26.757933816140596
SI,2026-08-30,99.2,2.52,5.96,"Morejon, Adrian",670764,670970,,ball,,,,,13.0,,R,R,L,TB,SD,B,,,0,1,2026,1.4,0.84,-1.2897660974211758,2.1446613568340904,,,,1,8,Bot,,,,,,,-13.550086677095765,-143.74312312565655,-6.756576265200306,22.563152254855193,32.52161124851174,-18.989327479840643,3.055889108,1.542224409,,,,98.8,2360.0,6.2,822933,666023,664034,630105,823550,593428,669392,701538,687749,54.27,,,,,,,,61,2,Sinker,1,3,1,3,3,1,1,3,Standard,Standard,140.0,0.003,0.032,,,,,-0.032,,-2,-2,0.118,0.118,27,29,27,30,1,2,1.0,1.0,2.0,1.0,1.49,1.4,-1.4,39.2,,,,,
CH,2026-08-30,92.1,2.81,5.99,"Morejon, Adrian",670764,670970,,ball,,,,,12.0,,R,R,L,TB,SD,B,,,1,1,2026,1.15,0.25,1.229406779073744,2.4820377343925335,,,,1,8,Bot,,,,,,,-6.4765116892452514,-133.92414080235875,-3.388569032269432,15.283352466104423,29.152742936372693,-28.62677954626118,3.055889108,1.542224409,,,,91.7,965.0,6.1,822933,666023,664034,630105,823550,593428,669392,701538,687749,54.39,,,,,,,,61,3,Changeup,1,3,1,3,3,1,1,3,Standard,Standard,101.0,0.008,0.056,,,,,-0.056,,-2,-2,0.121,0.121,27,29,27,30,1,2,1.0,1.0,2.0,1.0,2.44,1.15,-1.15,39.1,,,,,
SI,2026-08-30,99.7,2.67,5.94,"Morejon, Adrian",670764,670970,,foul,,,,,6.0,,R,R,L,TB,SD,S,,,2,1,2026,1.47,0.96,0.7674298219674709,2.042786979705488,,,,1,8,Bot,,,,,,,-8.61975145207343,-144.790216052274,-7.331833549105245,22.697602843365388,34.51922925126123,-17.07788985375846,3.055889108,1.542224409,260.0,84.8,46.0,99.2,2358.0,6.2,822933,666023,664034,630105,823550,593428,669392,701538,687749,54.35,,,,,,,,61,4,Sinker,1,3,1,3,3,1,1,3,Standard,Standard,140.0,-0.011,-0.075,68.0,7.3,,,0.075,88.0,-2,-2,0.129,0.129,27,29,27,30,1,2,1.0,1.0,2.0,1.0,1.35,1.47,-1.47,37.1,6.178282442127743,12.754043783750236,35.25327085092538,42.67365888881241,19.540810157988716
SI,2026-08-30,98.3,2.41,5.97,"Morejon, Adrian",670764,670970,hit_by_pitch,hit_by_pitch,,,,,11.0,Taylor Walls hit by pitch.,R,R,L,TB,SD,B,,,2,2,2026,1.21,1.02,-1.772156127082094,3.953234311207216,,,,1,8,Bot,,,,,,,-13.954202872387722,-142.4802451563494,-2.1878152996024705,19.676833956584264,32.329180435411715,-17.992433884717386,3.055889108,1.542224409,,,,97.9,2427.0,6.2,822933,666023,664034,630105,823550,593428,669392,701538,687749,54.27,,0.729366,0.7,1.0,0.0,0.0,,61,5,Sinker,1,3,1,3,3,1,1,3,Standard,Standard,142.0,0.06,0.45,,,,,-0.45,,-2,-2,0.118,0.118,27,29,27,30,1,2,1.0,1.0,2.0,1.0,1.36,1.21,-1.21,41.5,,,,,
SI,2026-08-30,98.9,2.58,5.93,"Morejon, Adrian",650490,670970,,called_strike,,,,,11.0,,R,R,L,TB,SD,S,,,0,0,2026,1.46,0.76,-0.2358803528759159,3.4190681075146703,,,670764.0,1,8,Bot,,,,,,,-10.993827237938593,-143.6365927177078,-2.9716867322618277,22.847337007103924,34.469366976257874,-21.1770817268042,3.227903543,1.629035433,,,,98.4,2308.0,6.2,822933,666023,664034,630105,823550,593428,669392,701538,687749,54.33,,,,,,,,62,1,Sinker,1,3,1,3,3,1,1,3,Standard,Strategic,144.0,-0.009,-0.037,,,,,0.037,,-2,-2,0.178,0.178,27,34,27,35,1,3,1.0,1.0,2.0,1.0,1.59,1.46,-1.46,40.0,,,,,
SI,2026-08-30,98.1,2.37,5.88,"Morejon, Adrian",650490,670970,,ball,,,,,11.0,,R,R,L,TB,SD,B,,,0,1,2026,1.44,0.85,-1.043174385688206,3.674861517943154,,,670764.0,1,8,Bot,,,,,,,-12.438890010163476,-142.2385303740055,-2.2554699413658086,22.46772283271516,33.347634409701314,-20.338839618295314,3.227903543,1.629035433,,,,97.6,2314.0,6.2,822933,666023,664034,630105,823550,593428,669392,701538,687749,54.26,,,,,,,,62,2,Sinker,1,3,1,3,3,1,1,3,Standard,Strategic,143.0,0.006,0.026,,,,,-0.026,,-2,-2,0.169,0.169,27,34,27,35,1,3,1.0,1.0,2.0,1.0,1.54,1.44,-1.44,44.4,,,,,
CH,2026-08-30,91.7,2.74,5.88,"Morejon, Adrian",650490,670970,,swinging_strike,,,,,14.0,,R,R,L,TB,SD,S,,,1,1,2026,0.74,-0.08,0.1091223217048088,1.3206647360719792,,,670764.0,1,8,Bot,,,,,,,-8.135361555528593,-133.2344178951493,-5.175801096987336,10.54722892591074,29.430307006631857,-32.19512730987622,3.227903543,1.629035433,,,,91.1,968.0,6.1,822933,666023,664034,630105,823550,593428,669392,701538,687749,54.43,,,,,,,,62,3,Changeup,1,3,1,3,3,1,1,3,Standard,Strategic,97.0,-0.015,-0.067,80.4,8.3,1.355819076,,0.067,,-2,-2,0.175,0.175,27,34,27,35,1,3,1.0,1.0,2.0,1.0,2.81,0.74,-0.74,37.3,4.5137024242446655,2.0721549450253978,28.525411744900712,39.89002328689449,28.26754058083012
CH,2026-08-30,92.3,2.65,5.87,"Morejon, Adrian",650490,670970,,foul,,,,,13.0,,R,R,L,TB,SD,S,,,1,2,2026,0.98,-0.09,-0.5201941443709441,1.3405535974095732,,,670764.0,1,8,Bot,,,,,,,-10.073227236946572,-134.02795515158624,-5.202263522100041,14.005892070650852,30.235803288377372,-32.20426485270826,3.227903543,1.629035433,,,,91.8,1134.0,6.2,822933,666023,664034,630105,823550,593428,669392,701538,687749,54.31,,,,,,,,62,4,Changeup,1,3,1,3,3,1,1,3,Standard,Strategic,105.0,0.0,0.0,75.0,8.2,,,0.0,,-2,-2,0.16,0.16,27,34,27,35,1,3,1.0,1.0,2.0,1.0,2.78,0.98,-0.98,39.9,9.400674123013218,-13.963446498346704,28.675655267527883,32.55662596305382,36.91096311847664
CH,2026-08-30,92.4,2.72,5.86,"Morejon, Adrian",650490,670970,,blocked_ball,,,,,13.0,,R,R,L,TB,SD,B,,,1,2,2026,1.36,0.04,-0.2007014412119685,-0.1216271491316498,,,670764.0,1,8,Bot,,,,,,,-10.28411692233713,-133.83166576219222,-9.075325954704976,18.64255441990512,30.48278459145304,-29.77254402305423,3.227903543,1.629035433,,,,91.5,1135.0,6.1,822933,666023,664034,630105,823550,593428,669392,701538,687749,54.35,,,,,,,,62,5,Changeup,1,3,1,3,3,1,1,3,Standard,Strategic,106.0,0.009,0.052,,,,,-0.052,,-2,-2,0.16,0.16,27,34,27,35,1,3,1.0,1.0,2.0,1.0,2.67,1.36,-1.36,37.7,,,,,
SI,2026-08-30,100.4,2.51,5.89,"Morejon, Adrian",650490,670970,,ball,,,,,11.0,,R,R,L,TB,SD,B,,,2,2,2026,1.43,0.62,-0.952185408773326,3.374146547742498,,,670764.0,1,8,Bot,,,,,,,-12.886102411772068,-145.66306899837096,-2.9389200865716156,23.278615027721187,32.23593799455089,-22.740508073215793,3.227903543,1.629035433,,,,100.5,2190.0,6.4,822933,666023,664034,630105,823550,593428,669392,701538,687749,54.1,,,,,,,,62,6,Sinker,1,3,1,3,3,1,1,3,Standard,Strategic,144.0,0.022,0.072,,,,,-0.072,,-2,-2,0.169,0.169,27,34,27,35,1,3,1.0,1.0,2.0,1.0,1.64,1.43,-1.43,39.5,,,,,
SI,2026-08-30,99.7,2.58,5.84,"Morejon, Adrian",650490,670970,field_out,hit_into_play,,,,,5.0,"Yandy Díaz grounds out, pitcher Adrian Morejon to first baseman Ty France. Taylor Walls to 2nd.",R,R,L,TB,SD,X,1.0,ground_ball,3,2,2026,1.45,0.6,0.1881116508390057,2.5150910585444493,,,670764.0,1,8,Bot,127.49,186.65,,,,,-9.942512467361432,-144.88322364695617,-4.981409227438956,22.776079986734032,32.468528881212414,-22.68201187057461,3.227903543,1.629035433,1.0,86.0,-64.0,99.7,2162.0,6.2,822933,666023,664034,630105,823550,593428,669392,701538,687749,54.25,0.32,0.288,0.0,1.0,0.0,0.0,2.0,62,7,Sinker,1,3,1,3,3,1,1,3,Standard,Strategic,140.0,-0.061,-0.365,67.0,7.1,,0.322,0.365,88.0,-2,-2,0.191,0.191,27,34,27,35,1,3,1.0,1.0,2.0,1.0,1.69,1.45,-1.45,38.9,7.413164750602152,22.71418574671751,20.242853093131227,40.70640751158114,21.54405164099296
SI,2026-08-30,100.0,2.58,5.87,"Morejon, Adrian",666018,670970,,called_strike,,,,,4.0,,R,L,L,TB,SD,S,,,0,0,2026,1.51,0.73,-0.4664082224719101,2.222783787737561,,670764.0,,2,8,Bot,,,,,,,-11.85933294937614,-145.08422719423817,-6.181494550103819,24.023760206701855,33.47862052308232,-20.541090476536095,3.189288058,1.609547244,,,,99.8,2371.0,6.3,822933,666023,664034,630105,823550,593428,669392,701538,687749,54.17,,,,,,,,63,1,Sinker,1,3,1,3,3,1,1,3,Strategic,Standard,140.0,-0.008,-0.04,,,,,0.04,,-2,-2,0.13,0.13,27,28,27,28,1,3,1.0,1.0,2.0,1.0,1.56,1.51,1.51,40.9,,,,,
SI,2026-08-30,99.6,2.5,5.83,"Morejon, Adrian",666018,670970,,called_strike,,,,,1.0,,R,L,L,TB,SD,S,,,0,1,2026,1.56,0.77,-0.282444510241465,2.9795051070687437,,670764.0,,2,8,Bot,,,,,,,-11.243591324408772,-144.5363835973721,-4.058199786713028,24.457072921468846,32.9639964834793,-20.602991299566717,3.189288058,1.609547244,,,,99.6,2397.0,6.4,822933,666023,664034,630105,823550,593428,669392,701538,687749,54.1,,,,,,,,63,2,Sinker,1,3,1,3,3,1,1,3,Strategic,Standard,142.0,-0.014,-0.063,,,,,0.063,,-2,-2,0.122,0.122,27,28,27,28,1,3,1.0,1.0,2.0,1.0,1.54,1.56,1.56,37.4,,,,,
SI,2026-08-30,99.4,2.63,5.86,"Morejon, Adrian",666018,670970,,foul,,,,,5.0,,R,L,L,TB,SD,S,,,0,2,2026,1.58,0.73,-0.0087724333509806,2.4175015180110973,,670764.0,,2,8,Bot,,,,,,,-10.878067901782874,-144.31395650882797,-5.50526870469365,24.658232869021887,33.93995504781794,-20.877982307405265,3.189288058,1.609547244,226.0,78.6,20.0,99.2,2387.0,6.3,822933,666023,664034,630105,823550,593428,669392,701538,687749,54.17,,,,,,,,63,3,Sinker,1,3,1,3,3,1,1,3,Strategic,Standard,142.0,0.0,0.0,67.0,6.6,,,0.0,88.0,-2,-2,0.108,0.108,27,28,27,28,1,3,1.0,1.0,2.0,1.0,1.59,1.58,1.58,37.9,0.2485120222320873,28.894038528541376,30.989005485862144,40.68261549246154,16.606692444414627
SI,2026-08-30,99.2,2.67,5.87,"Morejon, Adrian",666018,670970,,foul,,,,,4.0,,R,L,L,TB,SD,S,,,0,2,2026,1.43,0.78,-0.3947794876839163,2.2986950575962553,,670764.0,,2,8,Bot,,,,,,,-11.67999694022553,-143.84569741167024,-5.930392603958444,22.659064543355825,34.77614069875124,-20.085367400411172,3.189288058,1.609547244,274.0,88.7,19.0,98.9,2364.0,6.4,822933,666023,664034,630105,823550,593428,669392,701538,687749,54.08,,,,,,,,63,4,Sinker,1,3,1,3,3,1,1,3,Standard,Standard,140.0,0.0,0.0,64.0,6.6,,,0.0,88.7,-2,-2,0.108,0.108,27,28,27,28,1,3,1.0,1.0,2.0,1.0,1.56,1.43,1.43,41.0,-2.037074000134567,29.308362309073654,29.205135387234595,45.02919587360158,18.24071070628073
SL,2026-08-30,91.0,2.64,5.8,"Morejon, Adrian",666018,670970,,ball,,,,,11.0,,R,L,L,TB,SD,B,,,0,2,2026,-0.3,0.1,-1.2754114604121305,2.588938165145094,,670764.0,,2,8,Bot,,,,,,,-9.068102625813973,-132.37752536957672,-2.2047443760674175,-1.6976635162908047,26.623855918645052,-30.68809480681222,3.189288058,1.609547244,,,,91.4,2814.0,6.4,822933,666023,664034,630105,823550,593428,669392,701538,687749,54.1,,,,,,,,63,5,Slider,1,3,1,3,3,1,1,3,Strategic,Standard,279.0,0.006,0.01,,,,,-0.01,,-2,-2,0.108,0.108,27,28,27,28,1,3,1.0,1.0,2.0,1.0,2.64,-0.3,-0.3,38.9,,,,,
SI,2026-08-30,99.5,2.35,5.83,"Morejon, Adrian",666018,670970,,ball,,,,,11.0,,R,L,L,TB,SD,B,,,1,2,2026,1.45,0.79,-1.4652718323747165,2.7395724804337935,,670764.0,,2,8,Bot,,,,,,,-13.755352575770312,-144.15435222796668,-4.686738004433973,23.422976240664283,34.553199169705394,-20.21740504336849,3.189288058,1.609547244,,,,99.1,2391.0,6.4,822933,666023,664034,630105,823550,593428,669392,701538,687749,54.11,,,,,,,,63,6,Sinker,1,3,1,3,3,1,1,3,Standard,Standard,139.0,0.011,0.028,,,,,-0.028,,-2,-2,0.114,0.114,27,28,27,28,1,3,1.0,1.0,2.0,1.0,1.54,1.45,1.45,38.9,,,,,
FF,2026-08-30,98.7,2.38,5.96,"Morejon, Adrian",666018,670970,strikeout,swinging_strike,,,,,12.0,Jonathan Aranda strikes out swinging.,R,L,L,TB,SD,S,2.0,,2,2,2026,0.66,1.3,0.2600806480233135,3.722485082277446,670764.0,,,2,8,Bot,,,,,,,-7.281652849905898,-143.65491029492793,-3.5601861184465697,10.822021095393298,32.757629089068445,-13.508165925323093,3.189288058,1.609547244,,,,99.1,2377.0,6.5,822933,666023,664034,630105,823550,593428,669392,701538,687749,54.05,,0.0,0.0,1.0,0.0,0.0,,63,7,4-Seam Fastball,1,3,1,3,3,1,1,3,Strategic,Standard,146.0,-0.049,-0.273,33.8,5.2,2.4355875,,0.273,,-2,-2,0.125,0.125,27,28,27,28,1,3,1.0,1.0,2.0,1.0,1.03,0.66,0.66,42.5,5.6612067197331415,38.385186411755235,34.242667809658265,37.5319904990203,7.744786924416903
SI,2026-09-01,99.5,2.64,5.88,"Morejon, Adrian",682829,670970,,swinging_strike,,,,,6.0,,R,R,L,CIN,SD,S,,,0,0,2026,1.52,0.93,0.6506778917686593,2.7629752465055226,,,,0,8,Bot,,,,,,,-8.987236393187429,-144.4736192967742,-5.079555635763073,23.41093850687333,37.08944217381919,-18.13461628980995,3.460474081,1.74640748,,,,98.7,2539.0,6.2,824472,666023,664034,665487,592518,593428,669392,701538,687749,54.28,,,,,,,,64,1,Sinker,2,2,2,2,2,2,2,2,Standard,Standard,144.0,-0.007,-0.041,84.1,6.9,0.713199912,,0.041,,0,0,0.608,0.608,27,24,27,24,1,3,2.0,1.0,3.0,1.0,1.4,1.52,-1.52,41.1,3.9903707460733218,11.413675950564572,29.285341820417543,47.02215955636744,33.07363298546224
CH,2026-09-01,92.2,2.76,5.92,"Morejon, Adrian",682829,670970,,called_strike,,,,,14.0,,R,R,L,CIN,SD,S,,,0,1,2026,0.95,-0.07,0.1644784089227441,1.5707855491504985,,,,0,8,Bot,,,,,,,-8.561492449855544,-133.93183943907934,-4.788277927429142,13.293757545812191,29.443483562640807,-32.13006421208329,3.460474081,1.74640748,,,,91.7,895.0,6.1,824472,666023,664034,665487,592518,593428,669392,701538,687749,54.37,,,,,,,,64,2,Changeup,2,2,2,2,2,2,2,2,Standard,Standard,114.0,-0.011,-0.054,,,,,0.054,,0,0,0.601,0.601,27,24,27,24,1,3,2.0,1.0,3.0,1.0,2.76,0.95,-0.95,42.4,,,,,
CH,2026-09-01,92.3,2.68,5.92,"Morejon, Adrian",682829,670970,,ball,,,,,14.0,,R,R,L,CIN,SD,B,,,0,2,2026,0.99,0.32,1.5024835071101612,0.1562435496099767,,,,0,8,Bot,,,,,,,-5.120793494838794,-134.12355619407313,-9.218352825215876,13.014969789869223,30.405689888235717,-26.369024687379692,3.460474081,1.74640748,,,,91.9,1075.0,6.2,824472,666023,664034,665487,592518,593428,669392,701538,687749,54.27,,,,,,,,64,3,Changeup,2,2,2,2,2,2,2,2,Standard,Standard,113.0,0.004,0.022,,,,,-0.022,,0,0,0.59,0.59,27,24,27,24,1,3,2.0,1.0,3.0,1.0,2.37,0.99,-0.99,42.2,,,,,
CH,2026-09-01,92.0,2.72,5.94,"Morejon, Adrian",682829,670970,,ball,,,,,14.0,,R,R,L,CIN,SD,B,,,1,2,2026,1.22,-0.08,1.4187695875991275,1.8066784687320188,,,,0,8,Bot,,,,,,,-5.932944754027831,-133.75249084647064,-4.179008028063953,15.929779092465212,29.94978394958331,-32.39266835799718,3.460474081,1.74640748,,,,91.7,1094.0,6.2,824472,666023,664034,665487,592518,593428,669392,701538,687749,54.27,,,,,,,,64,4,Changeup,2,2,2,2,2,2,2,2,Standard,Standard,107.0,0.007,0.046,,,,,-0.046,,0,0,0.594,0.594,27,24,27,24,1,3,2.0,1.0,3.0,1.0,2.79,1.22,-1.22,42.3,,,,,
SI,2026-09-01,99.4,2.48,5.88,"Morejon, Adrian",682829,670970,,ball,,,,,12.0,,R,R,L,CIN,SD,B,,,2,2,2026,1.13,1.24,0.1132065278973588,4.293883876768807,,,,0,8,Bot,,,,,,,-9.066283720802288,-144.4496912620616,-1.6589506530646632,18.07293578379186,37.247373642650075,-14.796056019384066,3.460474081,1.74640748,,,,98.7,2524.0,6.2,824472,666023,664034,665487,592518,593428,669392,701538,687749,54.29,,,,,,,,64,5,Sinker,2,2,2,2,2,2,2,2,Standard,Standard,139.0,0.016,0.113,,,,,-0.113,,0,0,0.601,0.601,27,24,27,24,1,3,2.0,1.0,3.0,1.0,1.1,1.13,-1.13,39.1,,,,,
FF,2026-09-01,99.6,2.74,5.8,"Morejon, Adrian",682829,670970,,foul,,,,,3.0,,R,R,L,CIN,SD,S,,,3,2,2026,1.05,1.29,0.3680492734591802,3.290037507841334,,,,0,8,Bot,,,,,,,-8.894222746170913,-144.6500500974338,-4.322667598562093,16.857604073070046,36.99797264502512,-13.3460183969187,3.460474081,1.74640748,222.0,78.8,23.0,99.0,2459.0,6.3,824472,666023,664034,665487,592518,593428,669392,701538,687749,54.23,,,,,,,,64,6,4-Seam Fastball,2,2,2,2,2,2,2,2,Standard,Strategic,155.0,0.0,0.0,79.3,6.9,,,0.0,88.0,0,0,0.617,0.617,27,24,27,24,1,3,2.0,1.0,3.0,1.0,1.04,1.05,-1.05,38.9,2.6623537870312712,8.585526004278078,27.29715171188247,42.06235301957531,31.3186823141786
FF,2026-09-01,99.3,2.36,5.91,"Morejon, Adrian",682829,670970,walk,ball,,,,,11.0,Elly De La Cruz walks.,R,R,L,CIN,SD,B,,,3,2,2026,0.53,1.44,-1.05777902869291,2.6684088171568594,,,,0,8,Bot,,,,,,,-10.47451430634134,-144.1134420148032,-6.610462373144403,9.99085959867241,36.47426016064635,-10.771719118051266,3.460474081,1.74640748,,,,98.9,2523.0,6.4,824472,666023,664034,665487,592518,593428,669392,701538,687749,54.11,,0.698418,0.7,1.0,0.0,0.0,,64,7,4-Seam Fastball,2,2,2,2,2,2,2,2,Standard,Strategic,146.0,0.053,0.36,,,,,-0.36,,0,0,0.617,0.617,27,24,27,24,1,3,2.0,1.0,3.0,1.0,0.91,0.53,-0.53,43.5,,,,,
SI,2026-09-01,100.0,2.4,5.82,"Morejon, Adrian",701398,670970,,ball,,,,,13.0,,R,R,L,CIN,SD,B,,,0,0,2026,1.49,0.77,-1.3894903946072363,1.870395947196448,,,682829.0,0,8,Bot,,,,,,,-13.857037922683483,-144.7685671025236,-7.029717818999732,24.32288819746737,37.237034402486415,-19.711006856914697,3.239312664,1.634793307,,,,99.4,2433.0,6.5,824472,666023,664034,665487,592518,593428,669392,701538,687749,54.04,,,,,,,,65,1,Sinker,2,2,2,2,2,2,2,2,Standard,Standard,143.0,0.009,0.037,,,,,-0.037,,0,0,0.67,0.67,27,22,27,23,1,3,2.0,1.0,3.0,1.0,1.55,1.49,-1.49,41.0,,,,,
SI,2026-09-01,99.3,2.44,5.84,"Morejon, Adrian",701398,670970,single,hit_into_play,,,,,5.0,Sal Stewart singles on a sharp line drive to center fielder Jackson Merrill. Elly De La Cruz to 3rd.,R,R,L,CIN,SD,X,8.0,line_drive,1,0,2026,1.46,0.85,-0.1713720880848368,2.609233490142304,,,682829.0,0,8,Bot,158.17,79.79,,,,,-10.514029755564987,-144.05756301836263,-5.13567451293955,22.9343468562642,37.60618319248327,-19.335324387238185,3.239312664,1.634793307,239.0,107.4,11.0,98.6,2425.0,6.3,824472,666023,664034,665487,592518,593428,669392,701538,687749,54.17,0.931,0.944,0.9,1.0,1.0,0.0,4.0,65,2,Sinker,2,2,2,2,2,2,2,2,Standard,Standard,145.0,0.161,0.431,,,,1.256,-0.431,107.4,0,0,0.679,0.679,27,22,27,23,1,3,2.0,1.0,3.0,1.0,1.5,1.46,-1.46,43.2,,,,,
SI,2026-09-01,100.2,2.45,5.77,"Morejon, Adrian",668709,670970,,ball,,,,,13.0,,R,L,L,CIN,SD,B,,,0,0,2026,1.4,0.88,-0.9171215255686678,1.8648659504439904,682829.0,,701398.0,0,8,Bot,,,,,,,-12.504592659833266,-145.2277586323754,-7.230004887127608,22.75170460456593,35.76738538613208,-18.09082918741363,3.286704396,1.65871063,,,,99.7,2527.0,6.4,824472,666023,664034,665487,592518,593428,669392,701538,687749,54.13,,,,,,,,66,1,Sinker,2,2,2,2,2,2,2,2,Strategic,Standard,145.0,0.002,0.016,,,,,-0.016,,0,0,0.84,0.84,27,28,27,29,1,3,2.0,1.0,3.0,1.0,1.42,1.4,1.4,39.3,,,,,
SI,2026-09-01,100.1,2.41,5.75,"Morejon, Adrian",668709,670970,,called_strike,,,,,1.0,,R,L,L,CIN,SD,S,,,1,0,2026,1.42,0.83,-0.481375138555338,3.0231393546209677,682829.0,,701398.0,0,8,Bot,,,,,,,-11.23403579397332,-145.22736170023848,-3.854971701336585,22.7834426444582,37.16569947098081,-19.72299484191874,3.286704396,1.65871063,,,,99.3,2491.0,6.2,824472,666023,664034,665487,592518,593428,669392,701538,687749,54.29,,,,,,,,66,2,Sinker,2,2,2,2,2,2,2,2,Strategic,Standard,135.0,-0.006,-0.024,,,,,0.024,,0,0,0.842,0.842,27,28,27,29,1,3,2.0,1.0,3.0,1.0,1.48,1.42,1.42,43.0,,,,,
SI,2026-09-01,99.3,2.48,5.79,"Morejon, Adrian",668709,670970,field_out,hit_into_play,,,,,6.0,"JJ Bleday grounds out, second baseman Fernando Tatis Jr. to first baseman Ty France. Sal Stewart to 2nd.",R,L,L,CIN,SD,X,4.0,ground_ball,1,1,2026,1.42,0.86,0.4576684220034361,2.603149380977798,682829.0,,701398.0,0,8,Bot,138.63,167.9,,,,,-8.842216967465248,-144.31854143921274,-5.1071261568995725,21.989879425806286,34.92285832871005,-19.17728000769505,3.286704396,1.65871063,12.0,67.2,-11.0,99.0,2476.0,6.3,824472,666023,664034,665487,592518,593428,669392,701538,687749,54.24,0.064,0.058,0.0,1.0,0.0,0.0,2.0,66,3,Sinker,2,2,2,2,2,2,2,2,Strategic,Standard,141.0,-0.06,-0.276,71.6,6.0,,0.064,0.276,88.0,0,0,0.836,0.836,27,28,27,29,1,3,2.0,1.0,3.0,1.0,1.47,1.42,1.42,41.8,2.6584462018561816,16.727610814298973,34.939022290383015,32.25646951521711,20.665244969633765
,2026-09-01,,,,"Morejon, Adrian",680574,670970,,automatic_ball,,,,,,,R,R,L,CIN,SD,B,,,0,0,2026,,,,,682829.0,701398.0,,1,8,Bot,,,,,,,,,,,,,,,,,,,,,824472,666023,664034,665487,592518,593428,669392,701538,687749,,,,,,,,,67,1,,2,2,2,2,2,2,2,2,,,,0.0,,,,,,,,0,0,0.776,0.776,27,26,27,27,1,3,2.0,1.0,3.0,1.0,,,,,,,,,
,2026-09-01,,,,"Morejon, Adrian",680574,670970,,automatic_ball,,,,,,,R,R,L,CIN,SD,B,,,1,0,2026,,,,,682829.0,701398.0,,1,8,Bot,,,,,,,,,,,,,,,,,,,,,824472,666023,664034,665487,592518,593428,669392,701538,687749,,,,,,,,,67,2,,2,2,2,2,2,2,2,2,,,,0.0,,,,,,,,0,0,0.776,0.776,27,26,27,27,1,3,2.0,1.0,3.0,1.0,,,,,,,,,
,2026-09-01,,,,"Morejon, Adrian",680574,670970,,automatic_ball,,,,,,,R,R,L,CIN,SD,B,,,2,0,2026,,,,,682829.0,701398.0,,1,8,Bot,,,,,,,,,,,,,,,,,,,,,824472,666023,664034,665487,592518,593428,669392,701538,687749,,,,,,,,,67,3,,2,2,2,2,2,2,2,2,,,,0.001,,,,,,,,0,0,0.776,0.776,27,26,27,27,1,3,2.0,1.0,3.0,1.0,,,,,,,,,
,2026-09-01,,,,"Morejon, Adrian",680574,670970,intent_walk,automatic_ball,,,,,,Adrian Morejon intentionally walks Matt McLain.,R,R,L,CIN,SD,B,,,3,0,2026,,,,,682829.0,701398.0,,1,8,Bot,,,,,,,,,,,,,,,,,,,,,824472,666023,664034,665487,592518,593428,669392,701538,687749,,,,0.4,,0.0,0.0,,67,4,,2,2,2,2,2,2,2,2,,,,0.0,,,,,,,,0,0,0.777,0.777,27,26,27,27,1,3,2.0,1.0,3.0,1.0,,,,,,,,,
CH,2026-09-01,92.3,2.82,5.89,"Morejon, Adrian",624431,670970,,ball,,,,,12.0,,R,R,L,CIN,SD,B,,,0,0,2026,0.46,-0.02,1.6036843742661335,3.3240275028092525,682829.0,701398.0,680574.0,1,8,Bot,,,,,,,-4.054772124556589,-134.4231095985198,-0.4794967219763894,6.438136858373137,29.84113651838563,-32.50723705239084,3.061154856,1.54488189,,,,92.2,891.0,6.3,824472,666023,664034,665487,592518,593428,669392,701538,687749,54.24,,,,,,,,68,1,Changeup,2,2,2,2,2,2,2,2,Strategic,Standard,102.0,0.014,0.028,,,,,-0.028,,0,0,0.777,0.777,27,33,27,34,1,3,2.0,3.0,3.0,4.0,2.69,0.46,-0.46,40.0,,,,,
CH,2026-09-01,93.0,2.5,5.79,"Morejon, Adrian",624431,670970,,blocked_ball,,,,,14.0,,R,R,L,CIN,SD,B,,,1,0,2026,0.79,-0.23,0.1568529724678177,0.3602334704665502,682829.0,701398.0,680574.0,1,8,Bot,,,,,,,-7.677392367570935,-135.1486302752967,-7.3181577018455055,11.420714931590917,29.79409548591719,-33.54863809115671,3.061154856,1.54488189,,,,92.8,1053.0,6.3,824472,666023,664034,665487,592518,593428,669392,701538,687749,54.21,,,,,,,,68,2,Changeup,2,2,2,2,2,2,2,2,Strategic,Standard,108.0,0.029,0.054,,,,,-0.054,,0,0,0.791,0.791,27,33,27,34,1,3,2.0,3.0,3.0,4.0,2.88,0.79,-0.79,39.2,,,,,
SI,2026-09-01,99.6,2.42,5.78,"Morejon, Adrian",624431,670970,,ball,,,,,11.0,,R,R,L,CIN,SD,B,,,2,0,2026,1.43,0.77,-0.9500398494172172,2.3977687047524174,682829.0,701398.0,680574.0,1,8,Bot,,,,,,,-12.526250020359882,-144.34606904171903,-5.418088806094868,23.13199721818734,37.540138601606365,-20.19629122128048,3.061154856,1.54488189,,,,98.8,2353.0,6.4,824472,666023,664034,665487,592518,593428,669392,701538,687749,54.15,,,,,,,,68,3,Sinker,2,2,2,2,2,2,2,2,Standard,Standard,142.0,0.042,0.135,,,,,-0.135,,0,0,0.82,0.82,27,33,27,34,1,3,2.0,3.0,3.0,4.0,1.57,1.43,-1.43,41.7,,,,,
SI,2026-09-01,100.1,2.48,5.81,"Morejon, Adrian",624431,670970,,called_strike,,,,,3.0,,R,R,L,CIN,SD,S,,,3,0,2026,1.49,0.68,0.4616353945565266,2.663901070909167,682829.0,701398.0,680574.0,1,8,Bot,,,,,,,-9.05773969393018,-145.31751346386548,-4.62948325727448,23.30790652935945,39.07048765881026,-21.555377564054343,3.061154856,1.54488189,,,,99.2,2423.0,6.3,824472,666023,664034,665487,592518,593428,669392,701538,687749,54.25,,,,,,,,68,4,Sinker,2,2,2,2,2,2,2,2,Standard,Standard,139.0,-0.028,-0.1,,,,,0.1,,0,0,0.862,0.862,27,33,27,34,1,3,2.0,3.0,3.0,4.0,1.63,1.49,-1.49,39.3,,,,,
SI,2026-09-01,98.9,2.4,5.79,"Morejon, Adrian",624431,670970,,foul,,,,,2.0,,R,R,L,CIN,SD,S,,,3,1,2026,1.42,0.65,-0.1756583259665498,2.7895654071833995,682829.0,701398.0,680574.0,1,8,Bot,,,,,,,-10.280971719018533,-143.56600010334142,-3.9750575419038254,22.21865157816376,38.263287331775935,-22.39348846243043,3.061154856,1.54488189,176.0,78.6,69.0,98.0,2371.0,6.3,824472,666023,664034,665487,592518,593428,669392,701538,687749,54.22,,,,,,,,68,5,Sinker,2,2,2,2,2,2,2,2,Standard,Standard,143.0,-0.036,-0.066,65.6,6.8,,,0.066,88.0,0,0,0.834,0.834,27,33,27,34,1,3,2.0,3.0,3.0,4.0,1.72,1.42,-1.42,43.7,5.896908417225958,8.159970381471169,24.343823869307144,41.00976091100937,24.460186132879635
SI,2026-09-01,99.8,2.46,5.78,"Morejon, Adrian",624431,670970,,foul,,,,,5.0,,R,R,L,CIN,SD,S,,,3,2,2026,1.5,0.94,-0.1912118879512148,2.172478942609687,682829.0,701398.0,680574.0,1,8,Bot,,,,,,,-10.754504746285766,-144.86245384062124,-6.533546137932249,23.588667003743108,33.80842013916707,-17.502569686334052,3.061154856,1.54488189,150.0,81.4,12.0,99.6,2405.0,6.3,824472,666023,664034,665487,592518,593428,669392,701538,687749,54.2,,,,,,,,68,6,Sinker,2,2,2,2,2,2,2,2,Standard,Standard,137.0,0.0,0.0,69.5,6.3,,,0.0,88.0,0,0,0.798,0.798,27,33,27,34,1,3,2.0,3.0,3.0,4.0,1.36,1.5,-1.5,40.1,-4.691214046770922,21.804038438874112,33.014322013315905,39.628373074459134,15.012034666380636
SI,2026-09-01,99.3,2.39,5.79,"Morejon, Adrian",624431,670970,single,hit_into_play,,,,,3.0,Jose Trevino singles on a line drive to center fielder Jackson Merrill. Elly De La Cruz scores. Sal Stewart to 3rd. Matt McLain to 2nd.,R,R,L,CIN,SD,X,8.0,line_drive,3,2,2026,1.47,0.6,0.3124062078671015,2.6102605992140937,682829.0,701398.0,680574.0,1,8,Bot,131.24,95.47,,,,,-9.112378504153348,-144.2131187095799,-4.444225582892613,22.704745312577096,35.40810357869917,-22.96390661985915,3.061154856,1.54488189,187.0,97.6,8.0,98.9,2414.0,6.3,824472,666023,664034,665487,592518,593428,669392,701538,687749,54.2,0.68,0.639,0.9,1.0,1.0,0.0,4.0,68,7,Sinker,2,2,2,2,2,3,3,2,Standard,Standard,136.0,0.121,0.395,66.5,6.7,,0.76,-0.395,97.6,0,0,0.798,0.798,27,33,27,34,1,3,2.0,3.0,3.0,4.0,1.73,1.47,-1.47,39.1,8.682754931248686,11.95198669963791,21.700374082608295,43.83542383131005,26.33665989295345
CH,2026-09-01,93.0,2.5,5.87,"Morejon, Adrian",682877,670970,,ball,,,,,12.0,,R,R,L,CIN,SD,B,,,0,0,2026,1.14,-0.61,1.4829816428442997,2.870036429999945,701398.0,680574.0,624431.0,1,8,Bot,,,,,,,-5.099255451346702,-135.3251297313463,-0.3348292905552497,15.0853553858404,30.469876985537244,-39.76594482886883,3.220882546,1.625492126,,,,92.8,1017.0,6.2,824472,666023,664034,665487,592518,593428,669392,701538,687749,54.27,,,,,,,,69,1,Changeup,3,2,3,2,2,3,3,2,Strategic,Standard,105.0,0.004,0.028,,,,,-0.028,,1,1,0.919,0.919,27,24,27,25,1,3,2.0,128.0,3.0,1.0,3.25,1.14,-1.14,39.9,,,,,
SI,2026-09-01,99.7,2.34,5.8,"Morejon, Adrian",682877,670970,,ball,,,,,11.0,,R,R,L,CIN,SD,B,,,1,0,2026,1.49,0.66,-1.3408708493462256,2.748955889952727,701398.0,680574.0,624431.0,1,8,Bot,,,,,,,-13.51986435272178,-144.48598115548114,-4.277399959948624,24.182271954169806,35.593403234047855,-22.113394773486203,3.220882546,1.625492126,,,,99.2,2334.0,6.4,824472,666023,664034,665487,592518,593428,669392,701538,687749,54.13,,,,,,,,69,2,Sinker,3,2,3,2,2,3,3,2,Strategic,Standard,139.0,0.009,0.054,,,,,-0.054,,1,1,0.923,0.923,27,24,27,25,1,3,2.0,128.0,3.0,1.0,1.67,1.49,-1.49,40.6,,,,,
SI,2026-09-01,98.9,2.48,5.79,"Morejon, Adrian",682877,670970,,foul,,,,,5.0,,R,R,L,CIN,SD,S,,,2,0,2026,1.49,0.52,0.1238396290698768,2.5729636005957053,701398.0,680574.0,624431.0,1,8,Bot,,,,,,,-9.837992579715577,-143.66120689702356,-4.294908950699211,22.93943866384616,35.643184861648635,-24.15950222775793,3.220882546,1.625492126,198.0,76.8,57.0,98.4,2326.0,6.3,824472,666023,664034,665487,592518,593428,669392,701538,687749,54.24,,,,,,,,69,3,Sinker,3,2,3,2,2,3,3,2,Strategic,Standard,155.0,-0.009,-0.051,70.9,7.4,,,0.051,88.0,1,1,0.932,0.932,27,24,27,25,1,3,2.0,128.0,3.0,1.0,1.83,1.49,-1.49,40.8,2.464927585948689,0.3766744114385923,31.37926984885285,40.604739218654245,24.01944778808365
CH,2026-09-01,92.2,2.47,5.83,"Morejon, Adrian",682877,670970,,foul,,,,,13.0,,R,R,L,CIN,SD,S,,,2,1,2026,0.83,-0.1,-0.5922735755729924,1.4307697883777912,701398.0,680574.0,624431.0,1,8,Bot,,,,,,,-9.471522505391032,-133.9538763525645,-4.843786873102243,12.073702791475055,30.169049304072477,-32.47586611450446,3.220882546,1.625492126,,,,91.7,889.0,6.2,824472,666023,664034,665487,592518,593428,669392,701538,687749,54.3,,,,,,,,69,4,Changeup,3,2,3,2,2,3,3,2,Strategic,Standard,98.0,-0.01,-0.081,83.2,8.3,,,0.081,,1,1,0.923,0.923,27,24,27,25,1,3,2.0,128.0,3.0,1.0,2.8,0.83,-0.83,46.2,8.666204569262641,-3.366694315780613,36.060705993054746,31.724745519048007,33.41106537428307
CH,2026-09-01,92.7,2.6,5.84,"Morejon, Adrian",682877,670970,,ball,,,,,13.0,,R,R,L,CIN,SD,B,,,2,2,2026,0.88,0.02,-0.0929029418982012,0.9335750589385235,701398.0,680574.0,624431.0,1,8,Bot,,,,,,,-8.704123690144874,-134.5233035459753,-6.4403634802436285,12.600141975180769,31.27517164765799,-30.645372526437196,3.220882546,1.625492126,,,,92.1,907.0,6.3,824472,666023,664034,665487,592518,593428,669392,701538,687749,54.24,,,,,,,,69,5,Changeup,3,2,3,2,2,3,3,2,Strategic,Standard,96.0,0.013,0.101,,,,,-0.101,,1,1,0.913,0.913,27,24,27,25,1,3,2.0,128.0,3.0,1.0,2.67,0.88,-0.88,45.7,,,,,
FF,2026-09-01,99.8,2.21,5.87,"Morejon, Adrian",682877,670970,,foul,,,,,2.0,,R,R,L,CIN,SD,S,,,3,2,2026,0.74,1.23,0.1845657172867141,3.090321616884947,701398.0,680574.0,624431.0,1,8,Bot,,,,,,,-7.266982716093358,-145.03772983021966,-4.996260645671909,12.14601522272847,35.02135160615608,-13.767731398682605,3.220882546,1.625492126,231.0,84.8,56.0,99.6,2432.0,6.3,824472,666023,664034,665487,592518,593428,669392,701538,687749,54.18,,,,,,,,69,6,4-Seam Fastball,3,2,3,2,2,3,3,2,Strategic,Standard,145.0,0.0,0.0,70.7,6.9,,,0.0,88.0,1,1,0.926,0.926,27,24,27,25,1,3,2.0,128.0,3.0,1.0,1.07,0.74,-0.74,42.7,5.45155306557425,13.821337895007034,25.607357548635868,39.246968115425254,21.43518856626804
CH,2026-09-01,92.9,2.3,5.91,"Morejon, Adrian",682877,670970,,foul,,,,,3.0,,R,R,L,CIN,SD,S,,,3,2,2026,1.07,0.19,0.6312265850164758,3.2568474435428523,701398.0,680574.0,624431.0,1,8,Bot,,,,,,,-6.59297274701548,-135.10292294189887,-1.1985703468517757,14.639999728591569,32.14875045278166,-29.750385315284824,3.220882546,1.625492126,288.0,88.0,37.0,92.3,930.0,6.1,824472,666023,664034,665487,592518,593428,669392,701538,687749,54.36,,,,,,,,69,7,Changeup,3,2,3,2,2,3,3,2,Strategic,Standard,106.0,0.0,0.0,61.4,6.4,,,0.0,88.0,1,1,0.926,0.926,27,24,27,25,1,3,2.0,128.0,3.0,1.0,2.47,1.07,-1.07,42.2,8.480604847206068,27.576843812463594,26.304454295562618,45.91045643166317,12.643000610966734
SI,2026-09-01,99.6,2.35,5.77,"Morejon, Adrian",682877,670970,sac_fly,hit_into_play,,,,,4.0,Juan Brito out on a sacrifice fly to left fielder Samad Taylor. Sal Stewart scores.,R,R,L,CIN,SD,X,7.0,line_drive,3,2,2026,1.27,0.61,-0.7498702668505508,2.668435344249974,701398.0,680574.0,624431.0,1,8,Bot,78.17,92.35,,,,,-11.36770269766823,-144.4802126151352,-4.314162154467444,20.44992717066257,34.82469245123032,-22.803205676156036,3.220882546,1.625492126,291.0,83.4,25.0,99.1,2371.0,6.2,824472,666023,664034,665487,592518,593428,669392,701538,687749,54.25,,0.188,0.0,1.0,0.0,0.0,3.0,69,8,Sinker,3,2,3,2,2,4,4,2,Strategic,Standard,156.0,0.01,-0.223,82.1,7.2,,,0.223,88.0,1,1,0.926,0.926,27,24,27,25,1,3,2.0,128.0,3.0,1.0,1.71,1.27,-1.27,40.1,8.510426175616804,0.100985833132186,35.292393430210964,29.109572656391915,27.425598617584395
SI,2026-09-04,98.8,2.47,6.02,"Morejon, Adrian",806146,670970,,called_strike,,,,,4.0,,R,R,L,SD,NYY,S,,,0,0,2026,1.26,1.07,-0.3626763765270226,2.756810188055201,,,,0,8,Top,,,,,,,-10.507599145680183,-143.3373424610894,-5.669998891404519,19.902486822493433,35.1529222431888,-16.281360066223115,3.298991142,1.664911417,,,,97.8,2379.0,6.0,823256,669134,664034,630105,592518,593428,669392,701538,665487,54.48,,,,,,,,52,1,Sinker,1,1,1,1,1,1,1,1,Standard,Standard,142.0,0.007,-0.041,,,,,0.041,,0,0,0.5,0.5,27,21,27,21,1,2,3.0,6.0,2.0,1.0,1.29,1.26,-1.26,40.1,,,,,
SI,2026-09-04,98.8,2.65,5.93,"Morejon, Adrian",806146,670970,,foul,,,,,9.0,,R,R,L,SD,NYY,S,,,0,1,2026,1.35,1.07,0.3760509297257364,1.5996121323221018,,,,0,8,Top,,,,,,,-9.252060564806154,-143.28125073609644,-8.516880584989861,20.836527135361976,36.26346426155727,-15.457536190610035,3.298991142,1.664911417,3.0,89.3,-36.0,97.8,2433.0,6.1,823256,669134,664034,630105,592518,593428,669392,701538,665487,54.37,,,,,,,,52,2,Sinker,1,1,1,1,1,1,1,1,Standard,Standard,139.0,0.011,-0.054,72.8,8.2,,,0.054,89.3,0,0,0.507,0.493,27,21,27,21,1,2,3.0,6.0,2.0,1.0,1.29,1.35,-1.35,37.4,14.683918153677116,-2.946173418152132,36.923391498828224,43.93493232627909,33.13004652360053
CH,2026-09-04,91.9,2.62,6.03,"Morejon, Adrian",806146,670970,,ball,,,,,13.0,,R,R,L,SD,NYY,B,,,0,2,2026,1.04,-0.02,-0.1470500066480775,-0.3883574152898688,,,,0,8,Top,,,,,,,-9.1390808219774,-133.17386649316626,-9.887645566599236,14.451825042270976,31.25037197142784,-30.237796622304153,3.298991142,1.664911417,,,,90.9,940.0,6.1,823256,669134,664034,630105,592518,593428,669392,701538,665487,54.4,,,,,,,,52,3,Changeup,1,1,1,1,1,1,1,1,Standard,Standard,108.0,-0.004,0.022,,,,,-0.022,,0,0,0.518,0.482,27,21,27,21,1,2,3.0,6.0,2.0,1.0,2.76,1.04,-1.04,43.0,,,,,
CH,2026-09-04,92.7,2.67,5.94,"Morejon, Adrian",806146,670970,,ball,,,,,14.0,,R,R,L,SD,NYY,B,,,1,2,2026,0.89,-0.59,1.7325922546202257,0.5498943446613223,,,,0,8,Top,,,,,,,-4.308730365422757,-134.79860690775465,-6.287047488012169,11.758956033742926,31.477494257823132,-38.09960127047903,3.298991142,1.664911417,,,,91.9,853.0,6.0,823256,669134,664034,630105,592518,593428,669392,701538,665487,54.49,,,,,,,,52,4,Changeup,1,1,1,1,1,1,1,1,Standard,Standard,102.0,-0.007,0.046,,,,,-0.046,,0,0,0.514,0.486,27,21,27,21,1,2,3.0,6.0,2.0,1.0,3.26,0.89,-0.89,39.0,,,,,
CH,2026-09-04,93.1,2.42,5.97,"Morejon, Adrian",806146,670970,strikeout,swinging_strike_blocked,,,,,13.0,George Lombard Jr. strikes out swinging.,R,R,L,SD,NYY,S,2.0,,2,2,2026,0.83,-0.33,-0.858362226151449,0.116919264944975,,,,0,8,Top,,,,,,,-10.072235365929863,-134.95883345583115,-8.05610718329004,12.502451262743248,31.951184744614693,-34.40798819795908,3.298991142,1.664911417,,,,91.9,985.0,6.0,823256,669134,664034,630105,592518,593428,669392,701538,665487,54.5,,0.0,0.0,1.0,0.0,0.0,,52,5,Changeup,1,1,1,1,1,1,1,1,Standard,Standard,103.0,0.039,-0.232,40.0,7.0,13.740936516,,0.232,,0,0,0.507,0.493,27,21,27,21,1,2,3.0,6.0,2.0,1.0,3.0,0.83,-0.83,44.7,12.47099143047334,2.1668978447068987,41.49680664842675,29.36635858425484,34.26137001513594
CH,2026-09-04,93.0,2.5,6.03,"Morejon, Adrian",502671,670970,,swinging_strike,,,,,8.0,,R,R,L,SD,NYY,S,,,0,0,2026,0.79,-0.11,-0.254762046696643,1.5942896484023206,,,,1,8,Top,,,,,,,-8.669428773240268,-135.09162206447516,-5.046515852110507,11.567063826783752,29.37170150179608,-32.628480994982624,3.30250164,1.666683071,,,,92.5,966.0,6.1,823256,669134,664034,630105,592518,593428,669392,701538,665487,54.44,,,,,,,,53,1,Changeup,1,1,1,1,1,1,1,1,Standard,Strategic,105.0,0.005,-0.041,73.7,8.3,4.692279528,,0.041,,0,0,0.546,0.454,27,38,27,39,1,0,3.0,2.0,2.0,1.0,2.76,0.79,-0.79,43.4,28.068593962168304,-27.40710454653422,34.86110628485818,38.61401007919687,41.16151653810215
SI,2026-09-04,99.8,2.32,5.99,"Morejon, Adrian",502671,670970,,foul,,,,,5.0,,R,R,L,SD,NYY,S,,,0,1,2026,1.21,0.97,-0.1673873150889504,2.5768906122440547,,,,1,8,Top,,,,,,,-9.622946896125498,-145.01608597851626,-6.092046670275021,19.364809429027897,32.85541961428045,-17.166635885212205,3.30250164,1.666683071,262.0,77.8,36.0,99.5,2381.0,6.1,823256,669134,664034,630105,592518,593428,669392,701538,665487,54.37,,,,,,,,53,2,Sinker,1,1,1,1,1,1,1,1,Standard,Strategic,147.0,0.009,-0.057,68.5,6.7,,,0.057,88.0,0,0,0.551,0.449,27,38,27,39,1,0,3.0,2.0,2.0,1.0,1.32,1.21,-1.21,40.3,0.5890724680915745,8.51848929288675,36.74301267352334,40.07611608684891,13.03116867305804
FF,2026-09-04,99.4,2.21,6.05,"Morejon, Adrian",502671,670970,,foul,,,,,11.0,,R,R,L,SD,NYY,S,,,0,2,2026,0.55,1.38,-0.4852705689079946,3.489990745389272,,,,1,8,Top,,,,,,,-8.57798550361326,-144.48839412667536,-4.701758858491963,9.762563345086532,33.63278058780392,-11.91772880619724,3.30250164,1.666683071,232.0,71.7,33.0,99.0,2492.0,6.1,823256,669134,664034,630105,592518,593428,669392,701538,665487,54.36,,,,,,,,53,3,4-Seam Fastball,1,1,1,1,1,1,1,1,Standard,Strategic,144.0,0.0,0.0,42.9,5.0,,,0.0,88.0,0,0,0.56,0.44,27,38,27,39,1,0,3.0,2.0,2.0,1.0,0.93,0.55,-0.55,45.7,-5.49381063422915,38.98879946209086,26.793869481974227,34.08802383868297,4.39541572455357
CH,2026-09-04,92.6,2.39,6.02,"Morejon, Adrian",502671,670970,strikeout,swinging_strike,,,,,14.0,Paul Goldschmidt strikes out swinging.,R,R,L,SD,NYY,S,2.0,,0,2,2026,1.12,-0.09,1.0259014408052776,1.5042291339604712,,,,1,8,Top,,,,,,,-5.888591552347646,-134.58064218594586,-5.195553885577583,14.952973975710892,31.646449032858392,-32.24340803284369,3.30250164,1.666683071,,,,91.8,954.0,6.1,823256,669134,664034,630105,592518,593428,669392,701538,665487,54.45,,0.0,0.0,1.0,0.0,0.0,,53,4,Changeup,1,1,1,1,1,1,1,1,Standard,Strategic,105.0,0.022,-0.163,72.5,7.8,2.093969196,,0.163,,0,0,0.56,0.44,27,38,27,39,1,0,3.0,2.0,2.0,1.0,2.77,1.12,-1.12,42.0,11.342354615049588,5.073263696153874,28.050502465609274,52.8673544409226,15.765925318897375
SI,2026-09-04,100.3,2.41,5.91,"Morejon, Adrian",669224,670970,,foul,,,,,12.0,,R,L,L,SD,NYY,S,,,0,0,2026,1.39,0.95,0.8954751487968655,3.4499981024983555,,,,2,8,Top,,,,,,,-7.465035686499442,-145.7501574529456,-3.476139642151484,21.653327932669892,37.87184181682502,-18.030060706750906,3.254232283,1.642322835,252.0,90.7,56.0,99.4,2282.0,6.1,823256,669134,664034,630105,592518,593428,669392,701538,665487,54.37,,,,,,,,54,1,Sinker,1,1,1,1,1,1,1,1,Infield shade,Standard,139.0,0.004,-0.045,81.3,7.7,,,0.045,90.7,0,0,0.582,0.418,27,26,27,27,1,2,3.0,2.0,2.0,1.0,1.34,1.39,1.39,37.1,29.263112639038223,-20.15760333978848,28.180464096028512,24.789533377084915,30.838369919028143
SL,2026-09-04,90.5,2.59,5.85,"Morejon, Adrian",669224,670970,,called_strike,,,,,7.0,,R,L,L,SD,NYY,S,,,0,1,2026,-0.43,-0.08,-0.6225546692364508,1.8157890139562136,,,,2,8,Top,,,,,,,-6.964070495692078,-131.6337260667258,-3.68175454452316,-3.4219127501471656,28.675430869629096,-32.50446654092523,3.254232283,1.642322835,,,,90.2,2787.0,6.2,823256,669134,664034,630105,592518,593428,669392,701538,665487,54.3,,,,,,,,54,2,Slider,1,1,1,1,1,1,1,1,Infield shade,Standard,268.0,0.006,-0.062,,,,,0.062,,0,0,0.586,0.414,27,26,27,27,1,2,3.0,2.0,2.0,1.0,2.87,-0.43,-0.43,40.2,,,,,
FF,2026-09-04,100.1,2.26,6.03,"Morejon, Adrian",669224,670970,,foul,,,,,3.0,,R,L,L,SD,NYY,S,,,0,2,2026,0.45,1.35,0.4383170295215067,2.914463192106433,,,,2,8,Top,,,,,,,-6.039575801358884,-145.54361301756327,-6.252810208207955,7.895204123546874,34.94183412337639,-11.67541926361408,3.254232283,1.642322835,66.0,96.5,2.0,99.9,2375.0,6.3,823256,669134,664034,630105,592518,593428,669392,701538,665487,54.24,,,,,,,,54,3,4-Seam Fastball,1,1,1,1,1,1,1,1,Infield shade,Standard,145.0,0.0,0.0,74.0,7.4,,,0.0,96.5,0,0,0.592,0.408,27,26,27,27,1,2,3.0,2.0,2.0,1.0,0.93,0.45,0.45,49.8,21.401399632197705,-18.01076446541698,32.55138772503146,29.41852511168556,37.1811076706304
CH,2026-09-04,92.0,2.3,6.01,"Morejon, Adrian",669224,670970,,foul,,,,,6.0,,R,L,L,SD,NYY,S,,,0,2,2026,0.56,0.4,0.2859184436353833,2.189655375995433,,,,2,8,Top,,,,,,,-6.2171675453811055,-133.87767135864303,-4.503793863893185,8.027065170692435,28.509021723528452,-26.5668146311967,3.254232283,1.642322835,282.0,88.4,39.0,91.5,921.0,6.0,823256,669134,664034,630105,592518,593428,669392,701538,665487,54.53,,,,,,,,54,4,Changeup,1,1,1,1,1,1,1,1,Infield shade,Standard,109.0,0.0,0.0,67.5,6.5,,,0.0,88.4,0,0,0.592,0.408,27,26,27,27,1,2,3.0,2.0,2.0,1.0,2.29,0.56,0.56,49.2,5.699568230071112,16.277114541633114,40.513685349212416,31.145503258861673,19.81611669266689
SL,2026-09-04,90.9,2.7,5.74,"Morejon, Adrian",669224,670970,strikeout,called_strike,,,,,9.0,Austin Wells called out on strikes.,R,L,L,SD,NYY,S,2.0,,0,2,2026,-0.33,0.06,0.2999891460843021,1.729233632009091,,,,2,8,Top,,,,,,,-5.201659263569264,-132.28192146268395,-4.029266256602559,-2.7413353745186666,28.675411134897033,-30.761636239880655,3.254232283,1.642322835,,,,90.5,2721.0,6.1,823256,669134,664034,630105,592518,593428,669392,701538,665487,54.4,,0.0,0.0,1.0,0.0,0.0,,54,5,Slider,1,1,1,1,1,1,1,1,Infield shade,Standard,295.0,0.016,-0.155,,,,,0.155,,0,0,0.592,0.408,27,26,27,27,1,2,3.0,2.0,2.0,1.0,2.7,-0.33,-0.33,37.6,,,,,
SI,2026-09-06,99.3,2.52,5.95,"Morejon, Adrian",700250,670970,,called_strike,,,,,8.0,,R,L,L,SD,NYY,S,,,0,0,2026,1.29,0.7,0.2030944192979973,1.794198185327163,,,,0,8,Top,,,,,,,-9.292309298369451,-144.11412641715123,-7.299195346104504,20.255637165691592,35.79306939180655,-20.74692641588552,3.280561024,1.655610236,,,,98.4,2332.0,6.1,823253,669134,664034,630105,592518,593428,687749,701538,665487,54.4,,,,,,,,55,1,Sinker,4,0,0,4,0,4,0,4,Infield shade,Standard,140.0,0.002,-0.041,,,,,0.041,,4,-4,0.964,0.036,27,27,27,27,1,3,2.0,1.0,1.0,2.0,1.63,1.29,1.29,38.7,,,,,
SI,2026-09-06,99.6,2.56,6.09,"Morejon, Adrian",700250,670970,,ball,,,,,12.0,,R,L,L,SD,NYY,B,,,0,1,2026,1.41,0.76,1.2419091577606396,3.927204860407172,,,,0,8,Top,,,,,,,-6.861213498914133,-144.8134886917736,-2.088688102892953,21.407924845586404,38.00115971400675,-21.26798413862641,3.280561024,1.655610236,,,,98.2,2353.0,5.8,823253,669134,664034,630105,592518,593428,687749,701538,665487,54.68,,,,,,,,55,2,Sinker,4,0,0,4,0,4,0,4,Infield shade,Standard,139.0,-0.001,0.029,,,,,-0.029,,4,-4,0.966,0.034,27,27,27,27,1,3,2.0,1.0,1.0,2.0,1.57,1.41,1.41,38.8,,,,,
FF,2026-09-06,99.7,2.58,6.05,"Morejon, Adrian",700250,670970,,swinging_strike,,,,,12.0,,R,L,L,SD,NYY,S,,,1,1,2026,0.44,1.34,0.0909958061909022,3.492758401914362,,,,0,8,Top,,,,,,,-7.740375378065238,-144.9994004077842,-4.618685454305176,8.063857369998724,35.451201641719734,-12.379863902932826,3.280561024,1.655610236,,,,98.9,2479.0,6.0,823253,669134,664034,630105,592518,593428,687749,701538,665487,54.5,,,,,,,,55,3,4-Seam Fastball,4,0,0,4,0,4,0,4,Infield shade,Standard,153.0,0.003,-0.06,66.5,5.7,2.542560372,,0.06,,4,-4,0.965,0.035,27,27,27,27,1,3,2.0,1.0,1.0,2.0,0.96,0.44,0.44,45.3,-7.131723419515478,29.931449007202264,32.77102618919117,36.91220150990644,5.54918141327763
SL,2026-09-06,89.3,2.91,5.87,"Morejon, Adrian",700250,670970,strikeout,called_strike,,,,,9.0,Ben Rice called out on strikes.,R,L,L,SD,NYY,S,2.0,,1,2,2026,-0.55,-0.26,0.6760662137505784,2.0616880718989408,,,,0,8,Top,,,,,,,-4.223144897349651,-130.04947226836623,-2.55015694273326,-5.27871179682792,28.684145004882996,-34.764366633698195,3.280561024,1.655610236,,,,88.7,2820.0,6.0,823253,669134,664034,630105,592518,593428,687749,701538,665487,54.54,,0.0,0.0,1.0,0.0,0.0,,55,4,Slider,4,0,0,4,0,4,0,4,Infield shade,Standard,287.0,0.009,-0.187,,,,,0.187,,4,-4,0.968,0.032,27,27,27,27,1,3,2.0,1.0,1.0,2.0,3.12,-0.55,-0.55,38.5,,,,,
SI,2026-09-06,100.3,2.56,5.93,"Morejon, Adrian",641355,670970,single,hit_into_play,,,,,8.0,Cody Bellinger singles on a ground ball to second baseman Jake Cronenworth.,R,L,L,SD,NYY,X,4.0,ground_ball,0,0,2026,1.34,0.83,-0.1864835528702972,2.1462749413824405,,,,1,8,Top,139.06,140.44,,,,,-10.64850945384153,-145.51109392951807,-6.7769026233006215,21.60839260705206,36.28672849386947,-18.888974696038225,3.344627625,1.687942913,14.0,98.5,-8.0,99.4,2430.0,6.1,823253,669134,664034,630105,592518,593428,687749,701538,665487,54.38,0.255,0.23,0.9,1.0,1.0,0.0,2.0,56,1,Sinker,4,0,0,4,0,4,0,4,Infield shade,Standard,142.0,-0.014,0.419,68.7,8.0,,0.284,-0.419,98.5,4,-4,0.977,0.023,27,30,27,31,1,3,2.0,1.0,1.0,2.0,1.46,1.34,1.34,43.6,19.06669769042236,14.10793928718093,35.164619154255966,32.97802844888531,23.88291566016487
SI,2026-09-06,100.7,2.42,5.93,"Morejon, Adrian",502671,670970,,ball,,,,,11.0,,R,R,L,SD,NYY,B,,,0,0,2026,1.3,0.79,-1.093527866271731,3.1604591136356417,,,641355.0,1,8,Top,,,,,,,-12.696472007699793,-146.03266041870526,-4.014003364686859,21.594664629450975,34.624651046566164,-20.04688321017111,3.30250164,1.666683071,,,,100.1,2391.0,6.2,823253,669134,664034,630105,592518,593428,687749,701538,665487,54.34,,,,,,,,57,1,Sinker,4,0,0,4,0,4,0,4,Standard,Standard,145.0,-0.003,0.034,,,,,-0.034,,4,-4,0.963,0.037,27,38,27,39,1,0,2.0,1.0,1.0,6.0,1.47,1.3,-1.3,42.5,,,,,
SI,2026-09-06,101.0,2.67,5.88,"Morejon, Adrian",502671,670970,,ball,,,,,14.0,,R,R,L,SD,NYY,B,,,1,0,2026,1.28,0.97,1.1084758805447057,2.3064289060165635,,,641355.0,1,8,Top,,,,,,,-7.355813596221753,-146.84523234477857,-6.736528406736829,20.296615820063327,33.976114673251914,-16.7322573836739,3.30250164,1.666683071,,,,100.7,2465.0,6.1,823253,669134,664034,630105,592518,593428,687749,701538,665487,54.4,,,,,,,,57,2,Sinker,4,0,0,4,0,4,0,4,Standard,Standard,142.0,-0.006,0.066,,,,,-0.066,,4,-4,0.96,0.04,27,38,27,39,1,0,2.0,1.0,1.0,6.0,1.27,1.28,-1.28,40.8,,,,,
SI,2026-09-06,100.8,2.48,5.85,"Morejon, Adrian",502671,670970,,blocked_ball,,,,,13.0,,R,R,L,SD,NYY,B,,,2,0,2026,1.25,0.97,-0.7506408378524119,1.0880735834820667,,,641355.0,1,8,Top,,,,,,,-11.81330844007249,-145.99490225554328,-9.911912852908682,20.66924910801308,33.95147027328132,-15.9859133607124,3.30250164,1.666683071,,,,100.4,2478.0,6.3,823253,669134,664034,630105,592518,593428,687749,701538,665487,54.21,,,,,,,,57,3,Sinker,4,0,0,4,0,4,0,4,Standard,Standard,137.0,-0.008,0.096,,,,,-0.096,,4,-4,0.954,0.046,27,38,27,39,1,0,2.0,1.0,1.0,6.0,1.29,1.25,-1.25,38.2,,,,,
SI,2026-09-06,100.9,2.53,5.92,"Morejon, Adrian",502671,670970,walk,ball,,,,,13.0,Paul Goldschmidt walks. Cody Bellinger to 2nd.,R,R,L,SD,NYY,B,,,3,0,2026,1.4,0.72,-1.3750064487839406,2.3624021537597684,,,641355.0,1,8,Top,,,,,,,-14.028379772565756,-146.15427783846826,-5.970867289986151,23.55651019510911,37.20291477259694,-20.5082373881131,3.30250164,1.666683071,,,,100.0,2393.0,6.2,823253,669134,664034,630105,592518,593428,687749,701538,665487,54.29,,0.698418,0.7,1.0,0.0,0.0,,57,4,Sinker,4,0,0,4,0,4,0,4,Standard,Standard,133.0,-0.012,0.117,,,,,-0.117,,4,-4,0.946,0.054,27,38,27,39,1,0,2.0,1.0,1.0,6.0,1.56,1.4,-1.4,39.2,,,,,
SI,2026-09-06,100.4,2.38,5.88,"Morejon, Adrian",682987,670970,,ball,,,,,14.0,,R,L,L,SD,NYY,B,,,0,0,2026,1.43,0.83,0.1576148873265572,1.3078991673161469,,641355.0,502671.0,1,8,Top,,,,,,,-9.478304915674984,-145.6456217076086,-8.932718362515962,22.622671091827392,37.61804614888049,-18.28416730050477,3.499967192,1.766338583,,,,99.7,2455.0,6.3,823253,669134,664034,630105,592518,593428,687749,701538,665487,54.21,,,,,,,,58,1,Sinker,4,0,0,4,0,4,0,4,Infield shade,Standard,145.0,-0.006,0.04,,,,,-0.04,,4,-4,0.934,0.066,27,25,27,25,1,3,2.0,1.0,1.0,2.0,1.46,1.43,1.43,40.0,,,,,
FF,2026-09-06,99.6,2.5,6.02,"Morejon, Adrian",682987,670970,,foul,,,,,5.0,,R,L,L,SD,NYY,S,,,1,0,2026,0.58,1.19,0.2068381626836685,2.7271310151911607,,641355.0,502671.0,1,8,Top,,,,,,,-7.583304375666508,-144.78382830125557,-6.208383277168858,9.972907904697488,36.23800243776415,-14.181758038150551,3.499967192,1.766338583,235.0,86.0,54.0,99.1,2382.0,6.3,823253,669134,664034,630105,592518,593428,687749,701538,665487,54.25,,,,,,,,58,2,4-Seam Fastball,4,0,0,4,0,4,0,4,Infield shade,Standard,144.0,0.008,-0.054,76.6,7.1,,,0.054,88.0,4,-4,0.928,0.072,27,25,27,25,1,3,2.0,1.0,1.0,2.0,1.13,0.58,0.58,43.3,4.011359337605161,1.936806795021524,42.9502051119979,34.905039646364855,16.20073773194995
FF,2026-09-06,100.3,2.32,5.99,"Morejon, Adrian",682987,670970,double,hit_into_play,,,,,7.0,Spencer Jones doubles (11) on a ground ball to left fielder Jase Bowen. Cody Bellinger scores. Paul Goldschmidt to 3rd.,R,L,L,SD,NYY,X,7.0,ground_ball,1,1,2026,0.57,1.09,-0.4917133619054765,1.9678827795115936,,641355.0,502671.0,1,8,Top,64.1,143.41,,,,,-9.019990116418604,-145.6915018737909,-8.157620212852938,10.112229591502684,31.645232284624875,-14.865834191564256,3.499967192,1.766338583,76.0,83.4,4.0,100.4,2526.0,6.3,823253,669134,664034,630105,592518,593428,687749,701538,665487,54.24,0.295,0.28,1.25,1.0,1.0,1.0,2.0,58,3,4-Seam Fastball,4,0,0,4,1,4,1,4,Infield shade,Strategic,145.0,-0.098,0.821,79.6,6.9,,0.354,-0.821,88.0,4,-4,0.936,0.064,27,25,27,25,1,3,2.0,1.0,1.0,2.0,1.17,0.57,0.57,43.5,-8.985419915188626,21.41390345030239,45.56198216734118,43.869773658464304,5.117479190776602
SI,2026-09-06,101.4,2.34,5.87,"Morejon, Adrian",642708,670970,,foul,,,,,8.0,,R,R,L,SD,NYY,S,,,0,0,2026,1.49,0.78,-0.208425714380203,1.7988169065502366,502671.0,682987.0,,1,8,Top,,,,,,,-10.636571565303017,-147.202668038651,-7.6968577344522116,24.161425520214475,35.25730206563489,-19.150111722705205,3.270907152,1.650738189,107.0,69.5,32.0,101.2,2450.0,6.4,823253,669134,664034,630105,592518,593428,687749,701538,665487,54.15,,,,,,,,59,1,Sinker,4,1,1,4,1,4,1,4,Standard,Standard,143.0,0.012,-0.058,66.0,6.9,,,0.058,88.0,3,-3,0.838,0.162,27,30,27,31,1,0,2.0,1.0,1.0,6.0,1.45,1.49,-1.49,39.4,-5.5393518116649645,5.7098361486509965,47.232542446685365,29.131849068658884,22.37816489728251
CH,2026-09-06,92.9,2.54,5.98,"Morejon, Adrian",642708,670970,single,hit_into_play,,,,,3.0,Amed Rosario singles on a ground ball to pitcher Adrian Morejon. Paul Goldschmidt scores. Spencer Jones scores. Throwing error by pitcher Adrian Morejon.,R,R,L,SD,NYY,X,1.0,ground_ball,0,1,2026,0.53,0.06,0.303711052208413,2.9821785866691246,502671.0,682987.0,,1,8,Top,112.78,180.93,,,,,-6.818914712106025,-135.1421797361706,-1.7998211648592437,8.012360441437504,30.16798960432243,-31.232300410876302,3.270907152,1.650738189,1.0,72.5,-73.0,92.8,825.0,6.3,823253,669134,664034,630105,592518,593428,687749,701538,665487,54.23,0.295,0.266,0.9,1.0,1.0,0.0,2.0,59,2,Changeup,4,1,1,4,3,4,3,4,Standard,Strategic,108.0,-0.113,0.564,66.7,6.4,,0.298,-0.564,88.0,3,-3,0.85,0.15,27,30,27,31,1,0,2.0,1.0,1.0,6.0,2.59,0.53,-0.53,43.0,3.0496748852395137,20.32984647092129,23.62784947187682,36.30218652383857,17.482764406637678
CH,2026-09-06,93.1,2.61,6.0,"Morejon, Adrian",691176,670970,,foul,,,,,8.0,,R,R,L,SD,NYY,S,,,0,0,2026,0.32,0.52,0.2385803898467351,1.973826777988608,,,676609.0,1,8,Top,,,,,,,-6.668515603405055,-135.37613070362303,-5.406602767870972,5.445846239418678,31.15304189249772,-24.81555994318512,3.083095472,1.555954724,2.0,92.8,-49.0,92.3,860.0,6.0,823253,669134,664034,630105,592518,593428,687749,701538,665487,54.55,,,,,,,,60,1,Changeup,4,3,3,4,3,4,3,4,Standard,Standard,108.0,0.011,-0.037,68.5,7.8,,,0.037,92.8,1,-1,0.737,0.263,27,23,27,23,1,3,2.0,1.0,1.0,4.0,2.13,0.32,-0.32,42.9,3.5364736520099216,5.118803515559902,30.28296496984459,37.97055246553069,22.137950451911543
CH,2026-09-06,91.4,2.7,5.99,"Morejon, Adrian",691176,670970,,ball,,,,,12.0,,R,R,L,SD,NYY,B,,,0,1,2026,0.48,-0.33,1.703075593667039,2.4850527636683624,,,676609.0,1,8,Top,,,,,,,-3.5334606596622664,-133.06305488305208,-1.996717673014644,6.487626347038804,28.76385492628347,-35.905370533965026,3.083095472,1.555954724,,,,91.2,883.0,6.2,823253,669134,664034,630105,592518,593428,687749,701538,665487,54.33,,,,,,,,60,2,Changeup,4,3,3,4,3,4,3,4,Standard,Standard,111.0,0.093,0.026,,,,,-0.026,,1,-1,0.748,0.252,27,23,27,23,1,3,2.0,1.0,1.0,4.0,3.06,0.48,-0.48,40.0,,,,,
CH,2026-09-06,93.7,2.45,6.04,"Morejon, Adrian",691176,670970,,ball,,,,,14.0,,R,R,L,SD,NYY,B,,,1,1,2026,0.63,-0.16,1.1283297967693726,2.181010548443146,,,,2,8,Top,,,,,,,-4.763880027296186,-136.3054934093577,-3.620202273318544,8.927228412586018,31.271848583329085,-33.49975822235702,3.083095472,1.555954724,,,,93.1,902.0,6.0,823253,669134,664034,630105,592518,593428,687749,701538,665487,54.47,,,,,,,,60,3,Changeup,4,3,3,4,3,4,3,4,Standard,Standard,113.0,-0.004,0.055,,,,,-0.055,,1,-1,0.841,0.159,27,23,27,23,1,3,2.0,1.0,1.0,4.0,2.76,0.63,-0.63,46.1,,,,,
FF,2026-09-06,100.5,2.43,5.94,"Morejon, Adrian",691176,670970,,swinging_strike,,,,,11.0,,R,R,L,SD,NYY,S,,,2,1,2026,0.47,1.38,-0.5310844454285266,3.353538046960046,,,,2,8,Top,,,,,,,-9.188054770910211,-146.0295770822148,-4.899905441479645,8.91527897494916,35.87552749740319,-11.52811026909644,3.083095472,1.555954724,,,,100.1,2460.0,6.2,823253,669134,664034,630105,592518,593428,687749,701538,665487,54.25,,,,,,,,60,4,4-Seam Fastball,4,3,3,4,3,4,3,4,Standard,Standard,146.0,0.007,-0.079,73.9,6.9,0.316198044,,0.079,,1,-1,0.837,0.163,27,23,27,23,1,3,2.0,1.0,1.0,4.0,0.9,0.47,-0.47,42.4,6.627269975693373,7.7642421525357,29.4691836142672,29.463768298498294,20.606591225802404
FF,2026-09-06,100.5,2.46,5.92,"Morejon, Adrian",691176,670970,field_out,hit_into_play,,,,,5.0,Jasson Domínguez lines out to center fielder Jackson Merrill.,R,R,L,SD,NYY,X,8.0,line_drive,2,2,2026,0.58,1.36,-0.2196656041422759,2.351598090024496,,,,2,8,Top,158.92,78.5,,,,,-8.700281411534394,-145.9983577133385,-7.581843693985111,10.313625510057118,34.475304443484276,-11.134174539028272,3.083095472,1.555954724,338.0,93.0,24.0,100.4,2466.0,6.4,823253,669134,664034,630105,592518,593428,687749,701538,665487,54.15,0.126,0.14,0.0,1.0,0.0,0.0,3.0,60,5,4-Seam Fastball,4,3,3,4,3,4,3,4,Standard,Standard,142.0,0.023,-0.223,74.2,7.3,,0.226,0.223,93.0,1,-1,0.844,0.156,27,23,27,23,1,3,2.0,1.0,1.0,4.0,0.91,0.58,-0.58,40.1,-5.240620730210182,0.3239224767832359,34.18075120025491,32.302937013373864,23.41632030531467
SI,2026-09-07,100.7,2.82,5.99,"Morejon, Adrian",691002,670970,,swinging_strike,,,,,6.0,,R,R,L,SD,WSH,S,,,0,0,2026,1.26,1.09,0.8198379945104772,2.7474484808946453,,,,0,8,Top,,,,,,,-8.488495245020701,-146.29471337828303,-6.032232469942488,20.10322303746207,35.762112747910436,-15.292668831104464,3.348138123,1.689714567,,,,100.3,2394.0,6.3,823254,666023,664034,630105,592518,593428,687749,701538,665487,54.23,,,,,,,,56,1,Sinker,3,2,2,3,2,3,2,3,Strategic,Strategic,140.0,0.008,-0.041,77.3,7.7,1.522122228,,0.041,,1,-1,0.745,0.255,27,24,27,25,1,0,1.0,2.0,1.0,1.0,1.17,1.26,-1.26,40.3,16.0935783148373,15.397678216311247,34.96580955685564,45.69413820913113,20.076472118326947
SI,2026-09-07,99.9,2.62,5.96,"Morejon, Adrian",691002,670970,,called_strike,,,,,5.0,,R,R,L,SD,WSH,S,,,0,1,2026,1.36,0.95,-0.1329433152799617,2.310723404350182,,,,0,8,Top,,,,,,,-10.68788252381625,-144.91727476462893,-6.638540527546078,21.713367119207145,36.34897188416448,-17.294665732703482,3.348138123,1.689714567,,,,99.2,2459.0,6.2,823254,666023,664034,630105,592518,593428,687749,701538,665487,54.28,,,,,,,,56,2,Sinker,3,2,2,3,2,3,2,3,Strategic,Strategic,141.0,0.014,-0.054,,,,,0.054,,1,-1,0.753,0.247,27,24,27,25,1,0,1.0,2.0,1.0,1.0,1.36,1.36,-1.36,40.2,,,,,
SI,2026-09-07,100.8,2.52,6.02,"Morejon, Adrian",691002,670970,strikeout,swinging_strike,,,,,12.0,Yohandy Morales strikes out swinging.,R,R,L,SD,WSH,S,2.0,,0,2,2026,1.25,0.95,0.2573005379951378,3.635734476973072,,,,0,8,Top,,,,,,,-9.231083367262316,-146.4555154426805,-3.3940821811357025,20.168046267724552,35.29252163904312,-17.828347816582184,3.348138123,1.689714567,,,,100.7,2469.0,6.4,823254,666023,664034,630105,592518,593428,687749,701538,665487,54.13,,0.0,0.0,1.0,0.0,0.0,,56,3,Sinker,3,2,2,3,2,3,2,3,Strategic,Strategic,145.0,0.032,-0.164,68.7,6.1,2.1278976,,0.164,,1,-1,0.767,0.233,27,24,27,25,1,0,1.0,2.0,1.0,1.0,1.3,1.25,-1.25,43.3,8.016567360989303,37.063770695811094,29.708228974496993,38.1592947763278,16.596662780977432
SL,2026-09-07,89.9,3.05,5.92,"Morejon, Adrian",696285,670970,,ball,,,,,12.0,,R,R,L,SD,WSH,B,,,0,0,2026,-0.63,-0.24,1.462650894017168,2.844768944881559,,,,1,8,Top,,,,,,,-2.5326113541288477,-131.11261403865353,-1.019753979111042,-6.818532145270372,24.902297950125327,-34.98907990103791,3.187532808,1.608661417,,,,90.3,2916.0,6.2,823254,666023,664034,630105,592518,593428,687749,701538,665487,54.34,,,,,,,,57,1,Slider,3,2,2,3,2,3,2,3,Standard,Strategic,288.0,-0.006,0.041,,,,,-0.041,,1,-1,0.799,0.201,27,26,27,27,1,2,1.0,1.0,1.0,1.0,3.03,-0.63,0.63,40.1,,,,,
CH,2026-09-07,93.3,2.71,5.98,"Morejon, Adrian",696285,670970,,swinging_strike,,,,,14.0,,R,R,L,SD,WSH,S,,,1,0,2026,0.86,-0.25,0.3966914141224342,1.0114082168313092,,,,1,8,Top,,,,,,,-7.770781028159697,-135.55578091566466,-6.1920096912560725,12.238420747364428,29.142365547748938,-34.03490126275351,3.187532808,1.608661417,,,,93.2,922.0,6.3,823254,666023,664034,630105,592518,593428,687749,701538,665487,54.24,,,,,,,,57,2,Changeup,3,2,2,3,2,3,2,3,Standard,Strategic,95.0,0.008,-0.05,71.7,8.4,5.543322444,,0.05,,1,-1,0.793,0.207,27,26,27,27,1,2,1.0,1.0,1.0,1.0,2.87,0.86,-0.86,42.9,23.70026567892252,-24.312796872016047,32.96915633327495,43.0019604719818,43.74155397861312
SI,2026-09-07,100.9,2.67,5.9,"Morejon, Adrian",696285,670970,field_out,hit_into_play,,,,,6.0,Jacob Young flies out to right fielder Fernando Tatis Jr. in foul territory.,R,R,L,SD,WSH,X,9.0,fly_ball,1,1,2026,1.27,0.99,0.5898038149434142,2.1709109011301333,,,,1,8,Top,199.93,132.76,,,,,-8.740940233504507,-146.44306781114577,-7.122065102532785,20.382088309230745,37.661836955326706,-16.398767784129177,3.187532808,1.608661417,246.0,80.0,46.0,100.1,2481.0,6.2,823254,666023,664034,630105,592518,593428,687749,701538,665487,54.29,0.017,0.015,0.0,1.0,0.0,0.0,3.0,57,3,Sinker,3,2,2,3,2,3,2,3,Standard,Strategic,138.0,0.039,-0.252,73.2,7.1,,0.017,0.252,88.0,1,-1,0.801,0.199,27,26,27,27,1,2,1.0,1.0,1.0,1.0,1.28,1.27,-1.27,39.0,9.42511785958629,6.901852545738111,32.41129646150139,44.937207103499034,23.85040248937908
SI,2026-09-07,100.1,2.54,5.93,"Morejon, Adrian",695578,670970,,ball,,,,,11.0,,R,L,L,SD,WSH,B,,,0,0,2026,1.2,0.4,-0.2901096691045908,3.7650803132470583,,,,2,8,Top,,,,,,,-10.583405188366214,-145.4048551064135,-1.3672497540580628,19.524786921520928,34.320600500712125,-26.406876092592515,3.488558071,1.760580709,,,,100.1,2325.0,6.4,823254,666023,664034,630105,592518,593428,687749,701538,665487,54.07,,,,,,,,58,1,Sinker,3,2,2,3,2,3,2,3,Infield shade,Strategic,137.0,-0.003,0.041,,,,,-0.041,,1,-1,0.84,0.16,27,23,27,24,1,3,1.0,1.0,1.0,1.0,1.89,1.2,1.2,45.2,,,,,
SL,2026-09-07,91.0,2.92,5.9,"Morejon, Adrian",695578,670970,,called_strike,,,,,2.0,,R,L,L,SD,WSH,S,,,1,0,2026,-0.63,-0.19,0.0901971690390947,3.463667030073252,,,,2,8,Top,,,,,,,-5.64071408566338,-132.52794532358354,0.3210075831752383,-6.398996871471485,25.76005883570345,-34.727711724081885,3.488558071,1.760580709,,,,91.4,2825.0,6.3,823254,666023,664034,630105,592518,593428,687749,701538,665487,54.24,,,,,,,,58,2,Slider,3,2,2,3,2,3,2,3,Strategic,Strategic,294.0,0.004,-0.056,,,,,0.056,,1,-1,0.837,0.163,27,23,27,24,1,3,1.0,1.0,1.0,1.0,2.92,-0.63,-0.63,39.4,,,,,
SI,2026-09-07,99.9,2.62,5.83,"Morejon, Adrian",695578,670970,field_out,hit_into_play,,,,,9.0,"James Wood grounds out, second baseman Jake Cronenworth to first baseman Ty France.",R,L,L,SD,WSH,X,4.0,ground_ball,1,1,2026,1.39,0.68,0.575192468976431,2.2695830715040883,,,,2,8,Top,150.76,139.57,,,,,-8.877097555336828,-145.21984750766072,-5.828625608027664,21.705544914534027,34.18260066179573,-21.333030822647732,3.488558071,1.760580709,5.0,107.2,-23.0,100.0,2441.0,6.4,823254,666023,664034,630105,592518,593428,687749,701538,665487,54.09,0.14,0.126,0.0,1.0,0.0,0.0,2.0,58,3,Sinker,3,2,2,3,2,3,2,3,Strategic,Strategic,140.0,0.026,-0.247,78.0,7.0,,0.147,0.247,107.2,1,-1,0.841,0.159,27,23,27,24,1,3,1.0,1.0,1.0,1.0,1.61,1.39,1.39,40.9,2.0435847485670595,2.456764093332739,44.86823116367465,31.080876570573267,27.5650007382556
SI,2026-09-08,99.3,2.51,5.93,"Morejon, Adrian",695734,670970,,called_strike,,,,,8.0,,R,L,L,SD,WSH,S,,,0,0,2026,1.36,0.86,-0.2607986465135334,1.9332509511792868,,,,0,9,Top,,,,,,,-10.664907859556068,-144.00158538052645,-7.236069525108699,21.50734136519337,35.96572616145367,-18.583829270911497,3.180511811,1.60511811,,,,98.3,2424.0,6.1,823250,666023,664034,823550,592518,593428,687749,701538,665487,54.39,,,,,,,,67,1,Sinker,5,4,4,5,4,5,4,5,Standard,Standard,143.0,0.011,-0.041,,,,,0.041,,1,-1,0.835,0.165,27,23,27,24,1,3,1.0,1.0,3.0,1.0,1.48,1.36,1.36,38.8,,,,,
SI,2026-09-08,100.4,2.68,5.95,"Morejon, Adrian",695734,670970,field_out,hit_into_play,,,,,12.0,"Daylen Lile grounds out, second baseman Sung-Mun Song to first baseman Ty France.",R,L,L,SD,WSH,X,4.0,ground_ball,0,1,2026,1.38,0.93,0.9807031473453516,3.071335383720453,,,,0,9,Top,137.29,149.09,,,,,-7.888808197355848,-145.87924848090483,-4.555291642025688,21.626934948210195,37.30212324698624,-18.006548929702944,3.180511811,1.60511811,38.0,61.9,0.0,99.2,2465.0,5.9,823250,666023,664034,823550,592518,593428,687749,701538,665487,54.58,0.101,0.091,0.0,1.0,0.0,0.0,2.0,67,2,Sinker,5,4,4,5,4,5,4,5,Standard,Standard,141.0,0.062,-0.218,62.4,6.1,,0.116,0.218,88.0,1,-1,0.846,0.154,27,23,27,24,1,3,1.0,1.0,3.0,1.0,1.35,1.38,1.38,36.6,7.416980780947735,10.096231512986218,35.24416626017582,23.150585830229463,18.161388312857586
SI,2026-09-08,99.8,2.68,5.89,"Morejon, Adrian",691002,670970,,swinging_strike,,,,,12.0,,R,R,L,SD,WSH,S,,,0,0,2026,1.44,0.77,1.7340319346391553,2.7056589668711784,,,,1,9,Top,,,,,,,-6.009762665880975,-145.17993133088598,-4.976939092047786,21.80247395194603,35.111549734341914,-20.35808547865448,3.348138123,1.689714567,,,,99.3,2496.0,6.1,823250,666023,664034,823550,592518,593428,687749,701538,665487,54.38,,,,,,,,68,1,Sinker,5,4,4,5,4,5,4,5,Standard,Strategic,141.0,0.008,-0.041,48.2,7.0,6.69939036,,0.041,,1,-1,0.908,0.092,27,24,27,25,1,3,1.0,1.0,3.0,1.0,1.53,1.44,-1.44,36.2,5.410303008006853,29.26783984698581,30.23446714425187,56.05999016074732,15.465350825111818
CH,2026-09-08,92.0,2.64,6.02,"Morejon, Adrian",691002,670970,,swinging_strike,,,,,14.0,,R,R,L,SD,WSH,S,,,0,1,2026,0.18,-0.46,0.486048393344353,1.4616364349487307,,,,1,9,Top,,,,,,,-5.734854630314111,-133.84205373781802,-4.430389937244717,3.4120255403911885,29.48244239462779,-36.900670402960145,3.348138123,1.689714567,,,,91.3,826.0,5.9,823250,666023,664034,823550,592518,593428,687749,701538,665487,54.6,,,,,,,,68,2,Changeup,5,4,4,5,4,5,4,5,Standard,Strategic,105.0,0.014,-0.057,74.5,8.2,4.04215356,,0.057,,1,-1,0.916,0.084,27,24,27,25,1,3,1.0,1.0,3.0,1.0,3.16,0.18,-0.18,41.5,24.246719884366467,-9.343702186790876,32.953577637806966,42.38421033247563,44.61323177838816
CH,2026-09-08,93.3,2.61,5.96,"Morejon, Adrian",691002,670970,strikeout,swinging_strike,,,,,14.0,Yohandy Morales strikes out swinging.,R,R,L,SD,WSH,S,2.0,,0,2,2026,0.5,-0.19,0.3593362176933864,1.0889983394824876,,,,1,9,Top,,,,,,,-6.78981014161424,-135.6192572514785,-6.041638729131687,7.65115788882979,29.08539263556727,-33.43476683303391,3.348138123,1.689714567,,,,92.8,927.0,6.0,823250,666023,664034,823550,592518,593428,687749,701538,665487,54.47,,0.0,0.0,1.0,0.0,0.0,,68,3,Changeup,5,4,4,5,4,5,4,5,Standard,Strategic,113.0,0.033,-0.163,77.8,8.0,6.599942196,,0.163,,1,-1,0.93,0.07,27,24,27,25,1,3,1.0,1.0,3.0,1.0,2.81,0.5,-0.5,41.3,21.094728866164083,-12.318959665926725,33.20656769349816,42.230707203145165,48.19470703887756
SI,2026-09-08,100.3,2.55,5.82,"Morejon, Adrian",696285,670970,,called_strike,,,,,12.0,,R,R,L,SD,WSH,S,,,0,0,2026,1.42,0.75,0.9102580472788864,2.979711141025976,,,,2,9,Top,,,,,,,-7.849471683130576,-145.6871692806874,-3.99061660250076,22.090668819918395,38.234780256735654,-20.80399338923311,3.187532808,1.608661417,,,,99.3,2370.0,6.1,823250,666023,664034,823550,592518,593428,687749,701538,665487,54.4,,,,,,,,69,1,Sinker,5,4,4,5,4,5,4,5,Standard,Strategic,141.0,0.006,-0.045,,,,,0.045,,1,-1,0.963,0.037,27,26,27,27,1,0,1.0,1.0,3.0,1.0,1.55,1.42,-1.42,38.5,,,,,
SI,2026-09-08,99.6,2.55,5.85,"Morejon, Adrian",696285,670970,field_out,hit_into_play,,,,,12.0,Jacob Young flies out to right fielder Fernando Tatis Jr.,R,R,L,SD,WSH,X,9.0,fly_ball,0,1,2026,1.35,0.88,0.8378175528364267,2.793779665189528,,,,2,9,Top,203.14,112.9,,,,,-7.856985515616541,-144.77694924974054,-4.818632454756464,20.93493571430811,37.26458273688734,-18.81593380936673,3.187532808,1.608661417,286.0,85.4,30.0,98.8,2377.0,6.1,823250,666023,664034,823550,592518,593428,687749,701538,665487,54.39,0.04,0.04,0.0,1.0,0.0,0.0,3.0,69,2,Sinker,5,4,4,5,4,5,4,5,Standard,Strategic,140.0,0.031,-0.217,71.3,6.4,,0.064,0.217,88.0,1,-1,0.969,0.031,27,26,27,27,1,0,1.0,1.0,3.0,1.0,1.44,1.35,-1.35,37.2,8.329704595424012,17.399346239365475,22.465664410897197,48.36167464894538,18.469235384917617
SI,2026-09-11,99.3,2.41,6.08,"Morejon, Adrian",683766,670970,,called_strike,,,,,3.0,,R,R,L,SF,SD,S,,,0,0,2026,1.53,0.96,0.3354919015107249,2.831175880315218,,,,0,7,Bot,,,,,,,-9.175320238449755,-144.19854539484172,-5.464815365678646,23.51663578325683,35.731972285734685,-17.726091169112284,3.254232283,1.642322835,,,,98.4,2493.0,6.0,823173,666023,630105,665487,592518,593428,687749,701538,687957,54.48,,,,,,,,63,1,Sinker,5,7,5,7,7,5,5,7,Standard,Standard,145.0,-0.006,-0.041,,,,,0.041,,-2,-2,0.221,0.221,27,28,27,28,1,2,3.0,2.0,1.0,1.0,1.38,1.53,-1.53,40.6,,,,,
CH,2026-09-11,91.4,2.61,6.17,"Morejon, Adrian",683766,670970,,ball,,,,,14.0,,R,R,L,SF,SD,B,,,0,1,2026,0.92,-0.39,1.4094925650179466,2.008437620841518,,,,0,7,Bot,,,,,,,-4.972631875036863,-133.02857224463577,-3.5160857848406253,12.040567759574532,27.855340801172986,-36.29403943100081,3.254232283,1.642322835,,,,90.8,928.0,5.9,823173,666023,630105,665487,592518,593428,687749,701538,687957,54.63,,,,,,,,63,2,Changeup,5,7,5,7,7,5,5,7,Standard,Standard,108.0,0.004,0.029,,,,,-0.029,,-2,-2,0.215,0.215,27,28,27,28,1,2,3.0,2.0,1.0,1.0,3.11,0.92,-0.92,40.0,,,,,
SI,2026-09-11,98.2,2.4,6.13,"Morejon, Adrian",683766,670970,,ball,,,,,1.0,,R,R,L,SF,SD,B,,,1,1,2026,1.55,0.81,-0.76954444043748,3.282856351074006,,,,0,7,Bot,,,,,,,-12.013712644203478,-142.4831086038226,-3.860283656010929,23.904677220017582,34.29513869316274,-20.464073982046397,3.254232283,1.642322835,,,,97.2,2490.0,6.0,823173,666023,630105,665487,592518,593428,687749,701538,687957,54.48,,,,,,,,63,3,Sinker,5,7,5,7,7,5,5,7,Standard,Standard,144.0,0.009,0.063,,,,,-0.063,,-2,-2,0.219,0.219,27,28,27,28,1,2,3.0,2.0,1.0,1.0,1.58,1.55,-1.55,39.8,,,,,
SI,2026-09-11,99.2,2.48,6.0,"Morejon, Adrian",683766,670970,field_out,hit_into_play,,,,,2.0,Christian Koss lines out to left fielder Jase Bowen.,R,R,L,SF,SD,X,7.0,line_drive,2,1,2026,1.53,0.89,0.247501013233055,2.954851621269227,,,,0,7,Bot,77.02,85.5,,,,,-9.610644582192498,-144.1698717906258,-4.789215902905411,23.554235805074807,33.9589047115042,-18.83075524873664,3.254232283,1.642322835,306.0,98.4,19.0,98.8,2574.0,6.2,823173,666023,630105,665487,592518,593428,687749,701538,687957,54.35,0.323,0.38,0.0,1.0,0.0,0.0,4.0,63,4,Sinker,5,7,5,7,7,5,5,7,Standard,Standard,141.0,-0.047,-0.31,71.3,7.2,,0.593,0.31,98.4,-2,-2,0.228,0.228,27,28,27,28,1,2,3.0,2.0,1.0,1.0,1.44,1.53,-1.53,42.1,14.322899395803155,-11.428306627842789,17.196355142123444,40.57033399867246,29.2722943916742
SI,2026-09-11,99.0,2.66,5.91,"Morejon, Adrian",813841,670970,,called_strike,,,,,8.0,,R,R,L,SF,SD,S,,,0,0,2026,1.45,0.85,-0.0319834786175525,2.080029899601127,,,,1,7,Bot,,,,,,,-10.6204856404585,-143.61234130212867,-6.773333826413669,22.48068648838783,33.04417260437074,-18.95308121362448,3.29109252,1.660925197,,,,98.6,2446.0,6.2,823173,666023,630105,665487,592518,593428,687749,701538,687957,54.3,,,,,,,,64,1,Sinker,5,7,5,7,7,5,5,7,Standard,Strategic,140.0,-0.004,-0.041,,,,,0.041,,-2,-2,0.181,0.181,27,24,27,25,1,3,3.0,2.0,1.0,1.0,1.49,1.45,-1.45,41.1,,,,,
CH,2026-09-11,91.5,2.66,6.1,"Morejon, Adrian",813841,670970,,swinging_strike,,,,,7.0,,R,R,L,SF,SD,S,,,0,1,2026,0.89,-0.42,-0.3681776650245033,1.6591565000119557,,,,1,7,Bot,,,,,,,-9.43680549769212,-132.98611893300316,-4.134817982137593,12.55434664196923,28.54870200164091,-36.464156497136386,3.29109252,1.660925197,,,,91.0,990.0,6.0,823173,666023,630105,665487,592518,593428,687749,701538,687957,54.46,,,,,,,,64,2,Changeup,5,7,5,7,7,5,5,7,Standard,Strategic,110.0,-0.007,-0.057,69.4,7.4,3.425298732,,0.057,,-2,-2,0.177,0.177,27,24,27,25,1,3,3.0,2.0,1.0,1.0,3.15,0.89,-0.89,41.3,24.32555209559239,-18.634353005170293,33.764692384619494,29.193006406803335,43.33152140322524
CH,2026-09-11,91.9,2.81,6.05,"Morejon, Adrian",813841,670970,,ball,,,,,14.0,,R,R,L,SF,SD,B,,,0,2,2026,1.05,-0.6,2.1732257615936734,2.418022181160968,,,,1,7,Bot,,,,,,,-3.8851148791009633,-133.87019068096677,-1.8212706684325448,13.42850833931703,29.574759236327857,-39.13267010984103,3.29109252,1.660925197,,,,91.4,972.0,6.0,823173,666023,630105,665487,592518,593428,687749,701538,687957,54.51,,,,,,,,64,3,Changeup,5,7,5,7,7,5,5,7,Standard,Strategic,105.0,0.003,0.019,,,,,-0.019,,-2,-2,0.17,0.17,27,24,27,25,1,3,3.0,2.0,1.0,1.0,3.29,1.05,-1.05,40.4,,,,,
FF,2026-09-11,98.3,2.48,6.13,"Morejon, Adrian",813841,670970,strikeout,swinging_strike,,,,,12.0,Jonah Cox strikes out swinging.,R,R,L,SF,SD,S,2.0,,1,2,2026,0.77,1.3,0.1229631850628164,4.043925767211006,,,,1,7,Bot,,,,,,,-8.098533235226364,-142.96093408585227,-3.081999899479828,12.466328936305874,32.857806735862646,-13.80238151755578,3.29109252,1.660925197,,,,98.0,2371.0,6.1,823173,666023,630105,665487,592518,593428,687749,701538,687957,54.38,,0.0,0.0,1.0,0.0,0.0,,64,4,4-Seam Fastball,5,7,5,7,7,5,5,7,Standard,Strategic,152.0,-0.019,-0.182,51.2,4.3,1.360031424,,0.182,,-2,-2,0.173,0.173,27,24,27,25,1,3,3.0,2.0,1.0,1.0,1.06,0.77,-0.77,47.4,-0.9946514362126122,48.233985398959746,21.275470157596725,33.6115093465327,3.7621535658916
SI,2026-09-11,99.1,2.42,5.97,"Morejon, Adrian",646240,670970,,called_strike,,,,,5.0,,R,L,L,SF,SD,S,,,0,0,2026,1.41,0.82,0.1799483807751474,2.522171471576434,,,,2,7,Bot,,,,,,,-9.358452867746298,-143.94329001601363,-5.688081575098265,21.813559283872493,33.07752640734579,-19.668705364906764,3.217372047,1.623720472,,,,98.8,2399.0,6.2,823173,666023,630105,665487,592518,593428,687749,701538,687957,54.31,,,,,,,,65,1,Sinker,5,7,5,7,7,5,5,7,Strategic,Standard,140.0,-0.002,-0.045,,,,,0.045,,-2,-2,0.154,0.154,27,29,27,30,1,3,3.0,3.0,1.0,1.0,1.51,1.41,1.41,35.9,,,,,
FF,2026-09-11,98.4,2.47,6.04,"Morejon, Adrian",646240,670970,,ball,,,,,11.0,,R,L,L,SF,SD,B,,,0,1,2026,0.75,1.34,-0.1817349677375753,3.828236933165417,,,,2,7,Bot,,,,,,,-8.83173635206065,-143.12134499863632,-3.5426574280627734,12.331296328182887,31.94887715139844,-13.02677206392698,3.217372047,1.623720472,,,,98.3,2373.0,6.2,823173,666023,630105,665487,592518,593428,687749,701538,687957,54.34,,,,,,,,65,2,4-Seam Fastball,5,7,5,7,7,5,5,7,Strategic,Standard,142.0,0.001,0.03,,,,,-0.03,,-2,-2,0.152,0.152,27,29,27,30,1,3,3.0,3.0,1.0,1.0,1.01,0.75,0.75,40.4,,,,,
SI,2026-09-11,98.6,2.6,5.83,"Morejon, Adrian",646240,670970,,called_strike,,,,,5.0,,R,L,L,SF,SD,S,,,1,1,2026,1.58,0.82,-0.2453744100323978,2.526431499489858,,,,2,7,Bot,,,,,,,-11.318107969462742,-142.98460022274438,-5.186221338654541,24.401301493502302,34.792736208888506,-19.896724490773117,3.217372047,1.623720472,,,,98.0,2436.0,6.2,823173,666023,630105,665487,592518,593428,687749,701538,687957,54.26,,,,,,,,65,3,Sinker,5,7,5,7,7,5,5,7,Strategic,Standard,149.0,-0.004,-0.064,,,,,0.064,,-2,-2,0.153,0.153,27,29,27,30,1,3,3.0,3.0,1.0,1.0,1.55,1.58,1.58,35.1,,,,,
FF,2026-09-11,98.4,2.37,6.05,"Morejon, Adrian",646240,670970,strikeout,swinging_strike,,,,,12.0,Rafael Devers strikes out swinging.,R,L,L,SF,SD,S,2.0,,1,2,2026,0.76,1.36,0.617128715374421,3.4900674488558003,,,,2,7,Bot,,,,,,,-6.4444187445081935,-143.0997216126299,-4.491247611595599,11.883297548582249,32.85911586169034,-12.627422599927485,3.217372047,1.623720472,,,,98.0,2385.0,6.1,823173,666023,630105,665487,592518,593428,687749,701538,687957,54.4,,0.0,0.0,1.0,0.0,0.0,,65,4,4-Seam Fastball,5,7,5,7,7,5,5,7,Strategic,Standard,147.0,-0.011,-0.183,66.9,6.8,2.296695636,,0.183,,-2,-2,0.149,0.149,27,29,27,30,1,3,3.0,3.0,1.0,1.0,1.0,0.76,0.76,42.6,13.53413319568065,13.013734425348222,27.662072693554997,28.16508941320106,23.19845969841642
SI,2026-09-12,98.9,2.58,6.01,"Morejon, Adrian",646240,670970,,called_strike,,,,,4.0,,R,L,L,SF,SD,S,,,0,0,2026,1.31,0.6,-0.4286143497887258,2.1161847623237304,,,,0,8,Bot,,,,,,,-11.147547146763497,-143.50273510998034,-6.278892026386965,20.81925312476395,35.69267302649614,-22.51118773058449,3.217372047,1.623720472,,,,98.0,2359.0,6.1,823170,669134,630105,823550,592518,593428,687749,701538,665487,54.39,,,,,,,,71,1,Sinker,6,7,6,7,7,6,6,7,Infield shade,Standard,142.0,-0.009,-0.041,,,,,0.041,,-1,-1,0.308,0.308,27,29,27,30,1,3,1.0,1.0,2.0,,1.76,1.31,1.31,40.0,,,,,
SI,2026-09-12,98.4,2.46,6.07,"Morejon, Adrian",646240,670970,,ball,,,,,11.0,,R,L,L,SF,SD,B,,,0,1,2026,1.14,0.75,-1.004488304540448,2.732737500390097,,,,0,8,Bot,,,,,,,-11.901349163054048,-142.77021826356506,-5.116095078718967,18.288922242103336,31.018381145770988,-20.94247340956551,3.217372047,1.623720472,,,,98.1,2244.0,6.1,823170,669134,630105,823550,592518,593428,687749,701538,665487,54.35,,,,,,,,71,2,Sinker,6,7,6,7,7,6,6,7,Infield shade,Standard,153.0,0.006,0.029,,,,,-0.029,,-1,-1,0.299,0.299,27,29,27,30,1,3,1.0,1.0,2.0,,1.61,1.14,1.14,40.5,,,,,
SI,2026-09-12,98.2,2.65,6.09,"Morejon, Adrian",646240,670970,,swinging_strike,,,,,2.0,,R,L,L,SF,SD,S,,,1,1,2026,1.37,0.79,0.2089359782475401,3.2541855791821295,,,,0,8,Bot,,,,,,,-9.68582226506278,-142.7168075406375,-3.889390807172086,20.90228565224457,30.12215752781436,-20.575458665776985,3.217372047,1.623720472,,,,97.9,2335.0,6.0,823170,669134,630105,823550,592518,593428,687749,701538,665487,54.47,,,,,,,,71,3,Sinker,6,7,6,7,7,6,6,7,Infield shade,Standard,146.0,-0.016,-0.06,68.5,6.5,0.738309084,,0.06,,-1,-1,0.305,0.305,27,29,27,30,1,3,1.0,1.0,2.0,,1.56,1.37,1.37,40.4,0.6536319362660835,40.72085301122885,22.663118746235373,35.035149612182906,10.415705979465422
FF,2026-09-12,98.4,2.53,6.11,"Morejon, Adrian",646240,670970,,ball,,,,,12.0,,R,L,L,SF,SD,B,,,1,2,2026,0.66,1.42,0.4368126126531719,4.0636051108886475,,,,0,8,Bot,,,,,,,-7.129776818631402,-143.18506521596137,-3.257712991116817,10.692937997354514,32.91591817364372,-12.07865205876473,3.217372047,1.623720472,,,,98.1,2428.0,6.1,823170,669134,630105,823550,592518,593428,687749,701538,665487,54.36,,,,,,,,71,4,4-Seam Fastball,6,7,6,7,7,6,6,7,Infield shade,Standard,141.0,0.01,0.046,,,,,-0.046,,-1,-1,0.289,0.289,27,29,27,30,1,3,1.0,1.0,2.0,,0.93,0.66,0.66,42.0,,,,,
FF,2026-09-12,98.6,2.35,6.11,"Morejon, Adrian",646240,670970,,foul,,,,,2.0,,R,L,L,SF,SD,S,,,2,2,2026,0.67,1.41,-0.0467512973084426,2.870224571285384,,,,0,8,Bot,,,,,,,-8.001141036230381,-143.41994099581262,-6.509449916062685,11.008170408085492,30.50747446343634,-11.372058508173511,3.217372047,1.623720472,284.0,82.0,43.0,98.8,2439.0,6.2,823170,669134,630105,823550,592518,593428,687749,701538,665487,54.26,,,,,,,,71,5,4-Seam Fastball,6,7,6,7,7,6,6,7,Infield shade,Standard,168.0,0.0,0.0,68.5,7.1,,,0.0,88.0,-1,-1,0.299,0.299,27,29,27,30,1,3,1.0,1.0,2.0,,0.92,0.67,0.67,41.7,1.3853997980932633,18.38568699279805,24.656059132760035,38.53996925615247,22.739227922390754
FF,2026-09-12,98.7,2.31,6.03,"Morejon, Adrian",646240,670970,,foul,,,,,4.0,,R,L,L,SF,SD,S,,,2,2,2026,0.52,1.14,-0.5156415890206651,2.2563258444446883,,,,0,8,Bot,,,,,,,-8.790702564385036,-143.38410296096353,-7.3117808493475485,9.062872461329864,31.269854432553693,-14.91097747452219,3.217372047,1.623720472,318.0,95.6,33.0,98.8,2492.0,6.3,823170,669134,630105,823550,592518,593428,687749,701538,665487,54.21,,,,,,,,71,6,4-Seam Fastball,6,7,6,7,7,6,6,7,Infield shade,Standard,149.0,0.0,0.0,76.1,7.4,,,0.0,95.6,-1,-1,0.299,0.299,27,29,27,30,1,3,1.0,1.0,2.0,,1.2,0.52,0.52,45.6,1.8607514149485191,16.86048478639246,23.644990359693736,44.14565757744996,23.229613259549932
CH,2026-09-12,93.6,2.57,6.05,"Morejon, Adrian",646240,670970,,foul,,,,,14.0,,R,L,L,SF,SD,S,,,2,2,2026,1.1,0.08,0.7060959996578615,1.164156038947172,,,,0,8,Bot,,,,,,,-7.192044185851474,-136.1687432468657,-6.835481996458236,15.21432186201196,27.54456025961716,-29.91128528407942,3.217372047,1.623720472,,,,93.8,1074.0,6.2,823170,669134,630105,823550,592518,593428,687749,701538,665487,54.28,,,,,,,,71,7,Changeup,6,7,6,7,7,6,6,7,Infield shade,Standard,112.0,0.0,0.0,60.8,7.7,,,0.0,,-1,-1,0.299,0.299,27,29,27,30,1,3,1.0,1.0,2.0,,2.5,1.1,1.1,40.5,9.594906603023324,10.707957421972102,30.70121836231326,29.934959373979375,29.73484879833264
FF,2026-09-12,99.9,2.41,6.05,"Morejon, Adrian",646240,670970,strikeout,swinging_strike,,,,,3.0,Rafael Devers strikes out swinging.,R,L,L,SF,SD,S,2.0,,2,2,2026,0.24,1.29,0.6744606812662282,3.1143004633340023,,,,0,8,Bot,,,,,,,-5.286397324892093,-145.39729863036712,-5.628792606836715,4.592516994132135,31.18317968765969,-12.796992561748509,3.217372047,1.623720472,,,,100.2,2357.0,6.3,823170,669134,630105,823550,592518,593428,687749,701538,665487,54.23,,0.0,0.0,1.0,0.0,0.0,,71,8,4-Seam Fastball,6,7,6,7,7,6,6,7,Infield shade,Standard,154.0,-0.054,-0.232,68.8,6.4,1.242157488,,0.232,,-1,-1,0.299,0.299,27,29,27,30,1,3,1.0,1.0,2.0,,0.98,0.24,0.24,40.8,10.650919881187296,19.160334918453124,30.06847930761164,30.19211744705107,23.532778635932733
SI,2026-09-12,98.9,2.4,5.96,"Morejon, Adrian",805811,670970,,foul,,,,,5.0,,R,L,L,SF,SD,S,,,0,0,2026,1.34,0.77,-0.0490379201129596,2.620185465256467,,,,1,8,Bot,,,,,,,-9.735150223107954,-143.76684420165225,-5.327338164926696,20.73059767231037,29.906513215903065,-20.392798381952463,3.541215551,1.787155512,241.0,90.1,56.0,99.1,2312.0,6.2,823170,669134,630105,823550,592518,593428,687749,701538,665487,54.29,,,,,,,,72,1,Sinker,6,7,6,7,7,6,6,7,Infield shade,Standard,138.0,-0.007,-0.041,71.9,7.4,,,0.041,90.1,-1,-1,0.245,0.245,27,21,27,22,1,3,1.0,1.0,2.0,1.0,1.54,1.34,1.34,38.1,6.7048000352356905,5.259741714953097,36.67977543611402,41.958484072290425,23.305528795517603
SI,2026-09-12,99.1,2.38,5.96,"Morejon, Adrian",805811,670970,,swinging_strike,,,,,8.0,,R,L,L,SF,SD,S,,,0,1,2026,1.35,0.62,0.221254028088047,2.326431111917196,,,,1,8,Bot,,,,,,,-8.98212525981705,-143.99281665052618,-5.761676388304009,20.854388232455335,30.656865289397143,-22.468847229049537,3.541215551,1.787155512,,,,99.0,2358.0,6.1,823170,669134,630105,823550,592518,593428,687749,701538,665487,54.37,,,,,,,,72,2,Sinker,6,7,6,7,7,6,6,7,Infield shade,Standard,154.0,-0.012,-0.057,51.3,5.6,0.512601156,,0.057,,-1,-1,0.238,0.238,27,21,27,22,1,3,1.0,1.0,2.0,1.0,1.7,1.35,1.35,37.8,-16.534990674561,34.5085023049942,34.23190994457587,35.65485461562904,5.772596154020033
SL,2026-09-12,90.8,2.93,5.81,"Morejon, Adrian",805811,670970,,ball,,,,,14.0,,R,L,L,SF,SD,B,,,0,2,2026,-0.67,0.07,0.2226388756565089,0.886080974985318,,,,1,8,Bot,,,,,,,-5.237064203561885,-132.16504104987845,-6.356051239613296,-6.889112344570837,24.94050448383273,-30.292545140601327,3.541215551,1.787155512,,,,91.0,2945.0,6.2,823170,669134,630105,823550,592518,593428,687749,701538,665487,54.34,,,,,,,,72,3,Slider,6,7,6,7,7,6,6,7,Infield shade,Standard,280.0,0.005,0.019,,,,,-0.019,,-1,-1,0.226,0.226,27,21,27,22,1,3,1.0,1.0,2.0,1.0,2.67,-0.67,-0.67,35.4,,,,,
SL,2026-09-12,90.4,2.92,5.87,"Morejon, Adrian",805811,670970,strikeout,swinging_strike,,,,,14.0,Bryce Eldridge strikes out swinging.,R,L,L,SF,SD,S,2.0,,1,2,2026,-0.92,-0.19,0.719641235803153,1.629125232353882,,,,1,8,Bot,,,,,,,-3.4301081613544167,-131.8347479027071,-4.090246076123028,-10.207205893616058,23.848883967771258,-33.81858876898115,3.541215551,1.787155512,,,,90.9,2903.0,6.1,823170,669134,630105,823550,592518,593428,687749,701538,665487,54.37,,0.0,0.0,1.0,0.0,0.0,,72,4,Slider,6,7,6,7,7,6,6,7,Infield shade,Standard,295.0,-0.034,-0.182,73.9,8.7,0.956010036,,0.182,,-1,-1,0.231,0.231,27,21,27,22,1,3,1.0,1.0,2.0,1.0,2.93,-0.92,-0.92,36.8,31.49232529494275,-28.00853181206263,43.41391030208922,28.359907645427167,42.99550188781993
SI,2026-09-12,99.6,2.45,5.92,"Morejon, Adrian",813841,670970,,ball,,,,,11.0,,R,R,L,SF,SD,B,,,0,0,2026,1.32,0.69,-1.0439863077024003,2.737202190137225,,,,2,8,Bot,,,,,,,-12.56093913936816,-144.49019718533,-4.803592300244422,21.21998468966359,30.424133827020466,-21.54009744246805,3.29109252,1.660925197,,,,99.6,2430.0,6.2,823170,669134,630105,823550,592518,593428,687749,701538,665487,54.25,,,,,,,,73,1,Sinker,6,7,6,7,7,6,6,7,Standard,Strategic,150.0,0.004,0.041,,,,,-0.041,,-1,-1,0.197,0.197,27,24,27,25,1,3,1.0,1.0,2.0,1.0,1.6,1.32,-1.32,38.7,,,,,
CH,2026-09-12,92.5,2.66,6.01,"Morejon, Adrian",813841,670970,field_out,hit_into_play,,,,,14.0,"Jonah Cox grounds out softly, pitcher Adrian Morejon to first baseman Jake Cronenworth.",R,R,L,SF,SD,X,1.0,ground_ball,1,0,2026,1.04,-0.13,0.6130658585218227,0.8920967965196773,,,,2,8,Bot,127.21,196.73,,,,,-7.432013063905363,-134.52253401344854,-6.739003495086408,14.164072336180135,26.36812135247101,-32.559336251536315,3.29109252,1.660925197,1.0,18.5,-56.0,92.7,949.0,6.2,823170,669134,630105,823550,592518,593428,687749,701538,665487,54.26,0.369,0.332,0.0,1.0,0.0,0.0,1.0,73,2,Changeup,6,7,6,7,7,6,6,7,Standard,Strategic,108.0,-0.036,-0.303,67.7,7.5,,0.374,0.303,88.0,-1,-1,0.201,0.201,27,24,27,25,1,3,1.0,1.0,2.0,1.0,2.77,1.04,-1.04,39.1,9.379202430304307,5.952145175222791,40.65854221489506,40.89750755797769,31.044921365874877
SI,2026-09-14,98.8,2.64,5.93,"Morejon, Adrian",678662,670970,,ball,,,,,13.0,,R,R,L,COL,SD,B,,,0,0,2026,1.01,0.39,-1.1916449448382338,1.5238322269823157,,,,0,8,Bot,,,,,,,-12.614809655127608,-143.54445880363446,-7.322941521012048,16.346959340653267,24.08456843764226,-25.515622469993755,3.219127297,1.624606299,,,,99.4,2308.0,6.1,824308,666023,664034,630105,592518,593428,687749,701538,665487,54.4,,,,,,,,75,1,Sinker,6,8,6,8,8,6,6,8,Standard,Standard,161.0,0.008,0.042,,,,,-0.042,,-2,-2,0.167,0.167,27,24,27,25,1,3,2.0,2.0,4.0,2.0,1.91,1.01,-1.01,36.6,,,,,
SI,2026-09-14,98.9,2.64,5.92,"Morejon, Adrian",678662,670970,single,hit_into_play,,,,,8.0,Ezequiel Tovar singles on a ground ball to center fielder Jackson Merrill.,R,R,L,COL,SD,X,8.0,ground_ball,1,0,2026,0.99,0.51,0.2405887088096943,1.9969441606295304,,,,0,8,Bot,164.98,94.42,,,,,-8.745730781707731,-143.96200660742582,-6.342209679195698,15.563466003634137,24.75480574272833,-23.954102952540925,3.219127297,1.624606299,54.0,106.7,0.0,99.3,2409.0,5.9,824308,666023,664034,630105,592518,593428,687749,701538,665487,54.57,0.491,0.451,0.9,1.0,1.0,0.0,4.0,75,2,Sinker,6,8,6,8,8,6,6,8,Standard,Standard,143.0,0.074,0.402,69.4,6.8,,0.537,-0.402,106.7,-2,-2,0.175,0.175,27,24,27,25,1,3,2.0,2.0,4.0,2.0,1.77,0.99,-0.99,37.2,0.9177160025537412,21.436675382450307,38.50034394231123,36.30858576757231,16.02574856672791
SI,2026-09-14,99.1,2.52,5.91,"Morejon, Adrian",664983,670970,,ball,,,,,11.0,,R,L,L,COL,SD,B,,,0,0,2026,1.08,0.58,-1.0451561532786906,3.1396834583863527,,,678662.0,0,8,Bot,,,,,,,-12.128349983572097,-144.0626574635325,-3.4122755301693246,17.58665620050199,26.748729990095303,-23.489318310724308,3.228781168,1.629478347,,,,99.6,2310.0,6.2,824308,666023,664034,630105,592518,593428,687749,701538,665487,54.33,,,,,,,,76,1,Sinker,6,8,6,8,8,6,6,8,Strategic,Standard,89.0,0.012,0.037,,,,,-0.037,,-2,-2,0.249,0.249,27,28,27,29,1,4,2.0,1.0,4.0,1.0,1.71,1.08,1.08,40.8,,,,,
SI,2026-09-14,98.6,2.46,5.88,"Morejon, Adrian",664983,670970,field_out,hit_into_play,,,,,5.0,Jake McCarthy lines out to center fielder Jackson Merrill.,R,L,L,COL,SD,X,8.0,line_drive,1,0,2026,1.11,0.62,0.1666874157834448,2.722822711223422,,,678662.0,0,8,Bot,119.67,65.52,,,,,-8.731363657890089,-143.50831620201112,-4.4801916273210765,17.183592105834855,26.368063963842893,-22.812522592190795,3.228781168,1.629478347,333.0,96.4,18.0,99.1,2298.0,6.1,824308,666023,664034,630105,592518,593428,687749,701538,665487,54.42,0.426,0.449,0.0,1.0,0.0,0.0,4.0,76,2,Sinker,6,8,6,8,8,6,6,8,Strategic,Standard,142.0,-0.083,-0.283,78.3,6.9,,0.641,0.283,96.4,-2,-2,0.261,0.261,27,28,27,29,1,4,2.0,1.0,4.0,1.0,1.69,1.11,1.11,36.9,6.62723634328196,3.9915545589869574,26.090544145892235,36.737968122357046,22.74374063682132
SI,2026-09-14,99.1,2.44,5.89,"Morejon, Adrian",681393,670970,,foul,,,,,5.0,,R,R,L,COL,SD,S,,,0,0,2026,1.19,0.56,-0.1919318238517384,2.106812079386252,,,678662.0,1,8,Bot,,,,,,,-9.863606073443744,-144.14051578177242,-6.104236720048346,18.63709678204649,26.349407105528694,-23.24272181015187,3.112934711,1.57101378,246.0,93.2,16.0,99.6,2347.0,6.1,824308,666023,664034,630105,592518,593428,687749,701538,665487,54.39,,,,,,,,77,1,Sinker,6,8,6,8,8,6,6,8,Standard,Standard,143.0,-0.009,-0.037,70.9,6.1,,,0.037,93.2,-2,-2,0.178,0.178,27,26,27,26,1,4,2.0,2.0,4.0,2.0,1.72,1.19,-1.19,37.4,-5.301428382750001,20.580021187702823,45.82041693653081,31.86327700148974,19.837197263047017
SI,2026-09-14,98.8,2.35,5.92,"Morejon, Adrian",681393,670970,double,hit_into_play,,,,,5.0,Connor Norby doubles (21) on a fly ball to right fielder Fernando Tatis Jr. Ezequiel Tovar scores.,R,R,L,COL,SD,X,9.0,fly_ball,0,1,2026,1.15,0.67,0.0888447931656102,2.3139641280183216,,,678662.0,1,8,Bot,229.35,102.35,,,,,-8.749289169800136,-143.70530392823218,-5.77824467357126,17.849045471972715,30.314530929683265,-21.7673210284171,3.112934711,1.57101378,353.0,95.3,38.0,98.8,2388.0,6.1,824308,666023,664034,630105,592518,593428,687749,701538,665487,54.4,0.066,0.118,1.25,1.0,1.0,1.0,3.0,77,2,Sinker,6,8,6,8,8,7,7,8,Standard,Standard,136.0,0.199,0.83,75.0,6.6,,0.234,-0.83,95.3,-2,-2,0.169,0.169,27,26,27,26,1,4,2.0,2.0,4.0,2.0,1.65,1.15,-1.15,37.7,14.598558775429618,17.59094238805869,40.082644389936426,34.9789343047545,25.481189688009703
SI,2026-09-14,100.5,2.46,5.88,"Morejon, Adrian",664954,670970,,called_strike,,,,,2.0,,R,L,L,COL,SD,S,,,0,0,2026,1.19,0.38,-0.0504884069630369,2.9736510685632664,,681393.0,,1,8,Bot,,,,,,,-9.686518166835562,-146.17041184068776,-3.4427677567784305,19.238662586919236,31.69750831901113,-26.137650875630975,3.174368438,1.602017717,,,,100.6,2163.0,6.2,824308,666023,664034,630105,592518,593428,687749,701538,665487,54.31,,,,,,,,78,1,Sinker,7,8,7,8,8,7,7,8,Strategic,Standard,141.0,-0.015,-0.045,,,,,0.045,,-1,-1,0.368,0.368,27,32,27,32,1,0,2.0,1.0,4.0,1.0,1.87,1.19,1.19,38.7,,,,,
SI,2026-09-14,99.4,2.4,5.92,"Morejon, Adrian",664954,670970,field_out,hit_into_play,,,,,4.0,"Brett Sullivan grounds out, second baseman Jake Cronenworth to first baseman Ty France. Connor Norby to 3rd.",R,L,L,COL,SD,X,4.0,ground_ball,0,1,2026,1.15,0.5,-0.3615362882633066,2.192507211251381,,681393.0,,1,8,Bot,144.71,159.79,,,,,-10.162960384094788,-144.42430857984664,-5.79020942270869,18.370541601352617,30.07946332303925,-24.05935423871656,3.174368438,1.602017717,4.0,77.8,-27.0,99.4,2277.0,6.1,824308,666023,664034,630105,592518,593428,687749,701538,665487,54.37,0.044,0.04,0.0,1.0,0.0,0.0,2.0,78,2,Sinker,7,8,7,8,8,7,7,8,Strategic,Standard,139.0,-0.072,-0.205,58.1,7.1,,0.045,0.205,88.0,-1,-1,0.353,0.353,27,32,27,32,1,0,2.0,1.0,4.0,1.0,1.8,1.15,1.15,38.9,-1.4473172278253894,4.827386941661314,28.55112610431129,42.360348638584746,23.405254003828183
SI,2026-09-14,100.1,2.53,5.86,"Morejon, Adrian",681198,670970,field_out,hit_into_play,,,,,14.0,"TJ Rumfield grounds out softly, pitcher Adrian Morejon to first baseman Ty France.",R,L,L,COL,SD,X,1.0,ground_ball,0,0,2026,1.05,0.59,1.0908909899985078,2.506356675145059,681393.0,,,2,8,Bot,126.0,204.5,,,,,-6.401240949709772,-145.84035631319057,-5.178081126103505,16.407468922271402,28.82993616736332,-22.806288109486356,3.422736221,1.727362205,2.0,53.9,-49.0,100.6,2279.0,6.1,824308,666023,664034,630105,592518,593428,687749,701538,665487,54.38,0.231,0.212,0.0,1.0,0.0,0.0,1.0,79,1,Sinker,7,8,7,8,8,7,7,8,Strategic,Standard,138.0,-0.116,-0.305,54.6,4.4,,0.231,0.305,88.0,-1,-1,0.281,0.281,27,26,27,26,1,4,2.0,1.0,4.0,1.0,1.65,1.05,1.05,42.2,-18.66276772464306,30.5231774452036,40.18321466958279,22.60824490613954,15.765274907764605
SI,2026-09-18,98.7,2.63,5.88,"Morejon, Adrian",805300,670970,,ball,,,,,12.0,,R,L,L,SD,MIA,B,,,0,0,2026,1.4,0.77,1.468799232148907,2.5320054723972927,,,691594.0,2,8,Top,,,,,,,-6.389738652767206,-143.47752232268144,-5.243860041231063,20.775383465204968,34.05239299042283,-20.443344680677207,3.212106299,1.621062992,,,,98.0,2410.0,6.0,823252,806956,664034,665487,630105,593428,669392,701538,687957,54.52,,,,,,,,64,1,Sinker,6,2,2,6,2,6,2,6,Standard,Standard,138.0,-0.001,0.038,,,,,-0.038,,4,-4,0.979,0.021,27,25,27,25,1,3,4.0,2.0,1.0,1.0,1.58,1.4,1.4,37.0,,,,,
SI,2026-09-18,98.5,2.57,5.92,"Morejon, Adrian",805300,670970,,called_strike,,,,,9.0,,R,L,L,SD,MIA,S,,,1,0,2026,1.37,0.85,0.5176530748470058,1.775563916907339,,,691594.0,2,8,Top,,,,,,,-8.687258029330176,-143.03365881133792,-7.498945564389441,20.795361366327437,34.45578674684048,-18.842899137218463,3.212106299,1.621062992,,,,97.8,2446.0,6.1,823252,806956,664034,665487,630105,593428,669392,701538,687957,54.38,,,,,,,,64,2,Sinker,6,2,2,6,2,6,2,6,Standard,Standard,141.0,0.001,-0.05,,,,,0.05,,4,-4,0.978,0.022,27,25,27,25,1,3,4.0,2.0,1.0,1.0,1.51,1.37,1.37,39.6,,,,,
FF,2026-09-18,98.7,2.48,5.99,"Morejon, Adrian",805300,670970,,foul,,,,,2.0,,R,L,L,SD,MIA,S,,,1,1,2026,0.69,1.09,-0.2514921400393072,3.045480738835872,,,691594.0,2,8,Top,,,,,,,-8.924825891859191,-143.494186896869,-4.929023742133278,11.587762486807716,33.337827661019205,-16.16852673565004,3.212106299,1.621062992,206.0,81.7,18.0,98.3,2607.0,6.1,823252,806956,664034,665487,630105,593428,669392,701538,687957,54.35,,,,,,,,64,3,4-Seam Fastball,6,2,2,6,2,6,2,6,Standard,Standard,147.0,0.003,-0.069,64.1,5.1,,,0.069,88.0,4,-4,0.979,0.021,27,25,27,25,1,3,4.0,2.0,1.0,1.0,1.26,0.69,0.69,41.1,-10.239635440621011,26.670924970416188,32.444031003473214,39.418110269410064,11.786550327062235
CH,2026-09-18,92.0,2.53,5.98,"Morejon, Adrian",805300,670970,strikeout,called_strike,,,,,8.0,Jakob Marsee called out on strikes.,R,L,L,SD,MIA,S,2.0,,1,2,2026,0.76,-0.14,-0.2543978482876832,1.7922489443358751,,,691594.0,2,8,Top,,,,,,,-8.5975337014615,-133.7806288950051,-4.232154979775068,10.916581098503135,27.01356671686247,-33.22636862254359,3.212106299,1.621062992,,,,91.8,990.0,6.0,823252,806956,664034,665487,630105,593428,669392,701538,687957,54.46,,0.0,0.0,1.0,0.0,0.0,,64,4,Changeup,6,2,2,6,2,6,2,6,Infield shade,Standard,108.0,0.006,-0.194,,,,,0.194,,4,-4,0.982,0.018,27,25,27,25,1,3,4.0,2.0,1.0,1.0,2.83,0.76,0.76,44.7,,,,,
CH,2026-09-19,91.7,2.65,6.08,"Morejon, Adrian",682663,670970,,swinging_strike,,,,,13.0,,R,R,L,SD,MIA,S,,,0,0,2026,0.48,0.01,-0.3107121655222099,0.795546557828589,669364.0,,805300.0,2,7,Top,,,,,,,-8.358299685896382,-133.1406686827253,-7.189993812391127,7.502223942429281,27.83764693109369,-30.656784015879495,3.256865158,1.643651575,,,,91.0,917.0,5.9,823249,666023,664034,665487,592518,630105,669392,701538,687957,54.56,,,,,,,,67,1,Changeup,6,5,5,6,5,6,5,6,Standard,Standard,108.0,0.015,-0.029,80.3,8.9,5.087893068,,0.029,,1,-1,0.692,0.308,27,24,27,25,1,3,1.0,1.0,,1.0,2.7,0.48,-0.48,40.6,21.819747130598603,-26.412336331757015,30.85195403840797,39.50926965136041,50.24744278883135
CH,2026-09-19,92.8,2.69,5.97,"Morejon, Adrian",682663,670970,,blocked_ball,,,,,14.0,,R,R,L,SD,MIA,B,,,0,1,2026,0.86,-0.14,0.1063910286635838,-0.0484664398784775,669364.0,,805300.0,2,7,Top,,,,,,,-8.369792679998051,-134.74986057306478,-8.950545391546681,12.23536916744744,27.97351471955704,-32.1701769067281,3.256865158,1.643651575,,,,92.4,1016.0,6.1,823249,666023,664034,665487,592518,630105,669392,701538,687957,54.42,,,,,,,,67,2,Changeup,6,5,5,6,5,6,5,6,Standard,Standard,101.0,-0.01,0.017,,,,,-0.017,,1,-1,0.707,0.293,27,24,27,25,1,3,1.0,1.0,,1.0,2.79,0.86,-0.86,40.9,,,,,
CH,2026-09-19,91.4,2.66,6.04,"Morejon, Adrian",682663,670970,,swinging_strike,,,,,14.0,,R,R,L,SD,MIA,S,,,1,1,2026,0.88,-0.01,0.8078461022428536,1.2995482192650054,669364.0,,805300.0,2,7,Top,,,,,,,-6.4955819571257445,-132.97747935462473,-5.762256651455645,11.875489728180392,27.95285549968975,-31.22490756765707,3.256865158,1.643651575,,,,90.9,1049.0,5.9,823249,666023,664034,665487,592518,630105,669392,701538,687957,54.55,,,,,,,,67,3,Changeup,6,5,5,6,5,6,5,6,Standard,Standard,107.0,0.024,-0.076,72.6,8.0,1.890607176,,0.076,,1,-1,0.697,0.303,27,24,27,25,1,3,1.0,1.0,,1.0,2.73,0.88,-0.88,40.5,11.16879877794647,-0.5950584139233583,25.69026131983815,51.75373066374659,34.47706220525658
SI,2026-09-19,99.6,2.44,5.94,"Morejon, Adrian",682663,670970,,foul,,,,,2.0,,R,R,L,SD,MIA,S,,,1,2,2026,1.3,0.75,0.0251877545813825,2.9718751769186458,669364.0,,805300.0,2,7,Top,,,,,,,-9.610868795129775,-144.7208774920621,-4.3238851878804105,20.54540175061354,35.04033407515236,-20.72212859514048,3.256865158,1.643651575,222.0,79.5,57.0,99.1,2325.0,6.2,823249,666023,664034,665487,592518,630105,669392,701538,687957,54.3,,,,,,,,67,4,Sinker,6,5,5,6,5,6,5,6,Standard,Standard,138.0,0.0,0.0,74.4,7.0,,,0.0,88.0,1,-1,0.721,0.279,27,24,27,25,1,3,1.0,1.0,,1.0,1.56,1.3,-1.3,36.8,4.878718338884882,8.502677479967343,22.204456459604152,41.17640891003207,26.580307234069835
FF,2026-09-19,99.5,2.41,5.98,"Morejon, Adrian",682663,670970,strikeout,swinging_strike,,,,,2.0,Agustín Ramírez strikes out swinging.,R,R,L,SD,MIA,S,2.0,,1,2,2026,0.62,1.36,-0.0732449154777018,2.834306767074797,669364.0,,805300.0,2,7,Top,,,,,,,-8.172513663931282,-144.5651936432297,-6.232535057312376,10.576373219626982,34.778336190504746,-11.782796171849288,3.256865158,1.643651575,,,,99.2,2473.0,6.3,823249,666023,664034,665487,592518,630105,669392,701538,687957,54.22,,0.0,0.0,1.0,0.0,0.0,,67,5,4-Seam Fastball,6,5,5,6,5,6,5,6,Standard,Standard,134.0,0.068,-0.197,79.4,7.0,1.105920792,,0.197,,1,-1,0.721,0.279,27,24,27,25,1,3,1.0,1.0,,1.0,0.95,0.62,-0.62,45.1,6.959224857884512,6.937965832269466,25.319163897007876,40.11704665122314,29.727898750939353
CH,2026-09-19,91.2,2.68,6.11,"Morejon, Adrian",691277,670970,,ball,,,,,14.0,,R,R,L,SD,MIA,B,,,0,0,2026,0.75,-0.71,0.212782454328974,-0.2651096835248707,,,,0,8,Top,,,,,,,-7.684447137607544,-132.2924877129687,-8.047891679711583,10.6051000536422,33.02802308284768,-38.63600518258216,3.257742782,1.644094488,,,,89.7,998.0,6.0,823249,666023,664034,630105,592518,823550,687957,701538,665487,54.54,,,,,,,,72,1,Changeup,6,5,5,6,5,6,5,6,Standard,Standard,104.0,-0.009,0.042,,,,,-0.042,,1,-1,0.745,0.255,27,23,27,23,1,0,1.0,1.0,,1.0,3.51,0.75,-0.75,40.4,,,,,
CH,2026-09-19,90.6,2.69,6.09,"Morejon, Adrian",691277,670970,,swinging_strike,,,,,14.0,,R,R,L,SD,MIA,S,,,1,0,2026,0.5,0.42,0.5338542885149989,1.5024885582431682,,,,0,8,Top,,,,,,,-6.349148431072536,-131.65596890838012,-6.026658558764506,7.339475018716753,32.95113265387537,-26.10791276066608,3.257742782,1.644094488,,,,89.2,930.0,5.9,823249,666023,664034,630105,592518,823550,687957,701538,665487,54.57,,,,,,,,72,2,Changeup,6,5,5,6,5,6,5,6,Standard,Standard,109.0,0.012,-0.055,79.7,8.6,6.089829528,,0.055,,1,-1,0.736,0.264,27,23,27,23,1,0,1.0,1.0,,1.0,2.41,0.5,-0.5,37.8,18.432905963337788,-26.595019966216263,25.16456676154211,47.678298611932426,43.922197933219906
FF,2026-09-19,98.3,2.45,6.02,"Morejon, Adrian",691277,670970,,called_strike,,,,,9.0,,R,R,L,SD,MIA,S,,,1,1,2026,0.65,1.32,0.3666011175581025,1.809116455142868,,,,0,8,Top,,,,,,,-7.0651957366407,-142.61432331077685,-8.678407425360602,10.636192591927871,36.75684531970588,-12.30788394517132,3.257742782,1.644094488,,,,97.2,2227.0,6.1,823249,666023,664034,630105,592518,823550,687957,701538,665487,54.38,,,,,,,,72,3,4-Seam Fastball,6,5,5,6,5,6,5,6,Standard,Standard,138.0,0.013,-0.06,,,,,0.06,,1,-1,0.748,0.252,27,23,27,23,1,0,1.0,1.0,,1.0,1.08,0.65,-0.65,44.0,,,,,
CH,2026-09-19,91.7,2.63,6.05,"Morejon, Adrian",691277,670970,strikeout,swinging_strike,,,,,13.0,Deyvison De Los Santos strikes out swinging.,R,R,L,SD,MIA,S,2.0,,1,2,2026,0.96,-0.37,-0.0757063621587426,0.7644113479269583,,,,0,8,Top,,,,,,,-8.792213098407272,-133.08524559651937,-6.252643621871815,13.403689489734566,32.224773116945435,-35.21369859042194,3.257742782,1.644094488,,,,90.5,965.0,6.0,823249,666023,664034,630105,592518,823550,687957,701538,665487,54.52,,0.0,0.0,1.0,0.0,0.0,,72,4,Changeup,6,5,5,6,5,6,5,6,Standard,Standard,110.0,0.038,-0.187,73.8,8.6,4.642454652,,0.187,,1,-1,0.761,0.239,27,23,27,23,1,0,1.0,1.0,,1.0,3.12,0.96,-0.96,40.7,18.27643740984629,-29.68792295641167,38.9231183649761,40.13849175693343,40.60639492898409
SI,2026-09-19,99.1,2.54,5.97,"Morejon, Adrian",665923,670970,,ball,,,,,12.0,,R,R,L,SD,MIA,B,,,0,0,2026,1.57,0.83,0.8298494927601936,3.2136354043298656,,,,1,8,Top,,,,,,,-8.324927769630527,-143.92534937212366,-3.765683850063312,23.835724734951935,38.971677324215975,-19.952252300274267,3.165592192,1.597588583,,,,98.0,2130.0,6.1,823249,666023,664034,630105,592518,823550,687957,701538,665487,54.35,,,,,,,,73,1,Sinker,6,5,5,6,5,6,5,6,Standard,Standard,140.0,-0.006,0.041,,,,,-0.041,,1,-1,0.799,0.201,27,27,27,27,1,3,1.0,3.0,,1.0,1.53,1.57,-1.57,39.9,,,,,
CH,2026-09-19,91.6,2.49,6.06,"Morejon, Adrian",665923,670970,,ball,,,,,13.0,,R,R,L,SD,MIA,B,,,1,0,2026,1.15,-0.59,-0.4522498556325864,-0.5373281237089702,,,,1,8,Top,,,,,,,-9.761836168512689,-132.6892701003626,-8.915604011824149,15.91621263948774,34.217351605141005,-36.90148371179455,3.165592192,1.597588583,,,,89.9,1087.0,6.0,823249,666023,664034,630105,592518,823550,687957,701538,665487,54.53,,,,,,,,73,2,Changeup,6,5,5,6,5,6,5,6,Standard,Standard,101.0,-0.013,0.075,,,,,-0.075,,1,-1,0.793,0.207,27,27,27,27,1,3,1.0,3.0,,1.0,3.38,1.15,-1.15,40.0,,,,,
SI,2026-09-19,98.4,2.58,5.95,"Morejon, Adrian",665923,670970,,foul,,,,,14.0,,R,R,L,SD,MIA,S,,,2,0,2026,1.5,0.76,1.2620623038514642,1.8124115798617768,,,,1,8,Top,,,,,,,-7.033800490346918,-142.96823661826832,-7.252563430041316,22.13531528369375,34.67220794141188,-20.17051410485816,3.165592192,1.597588583,170.0,66.7,58.0,97.8,2232.0,6.2,823249,666023,664034,630105,592518,823550,687957,701538,665487,54.34,,,,,,,,73,3,Sinker,6,5,5,6,5,6,5,6,Standard,Standard,139.0,0.013,-0.069,81.9,7.8,,,0.069,88.0,1,-1,0.78,0.22,27,27,27,27,1,3,1.0,3.0,,1.0,1.61,1.5,-1.5,45.2,14.990050798704075,-1.178031374295486,32.30233770003146,51.34133714173435,29.30222191406431
SI,2026-09-19,99.7,2.37,5.95,"Morejon, Adrian",665923,670970,,called_strike,,,,,4.0,,R,R,L,SD,MIA,S,,,2,1,2026,1.35,0.97,-0.3510991860405572,2.179260106884495,,,,1,8,Top,,,,,,,-10.541716019593316,-144.46885563890496,-6.897914448496006,21.616999131896844,39.78526672760316,-16.996922106946815,3.165592192,1.597588583,,,,98.2,2432.0,6.1,823249,666023,664034,630105,592518,823550,687957,701538,665487,54.41,,,,,,,,73,4,Sinker,6,5,5,6,5,6,5,6,Standard,Standard,137.0,0.012,-0.075,,,,,0.075,,1,-1,0.793,0.207,27,27,27,27,1,3,1.0,3.0,,1.0,1.37,1.35,-1.35,42.5,,,,,
FF,2026-09-19,99.1,2.41,6.01,"Morejon, Adrian",665923,670970,,ball,,,,,12.0,,R,R,L,SD,MIA,B,,,2,2,2026,0.7,1.41,0.5811541303137759,3.9078755080019696,,,,1,8,Top,,,,,,,-6.584850829148168,-144.0155021380917,-3.399848474303556,11.350059830034752,38.078198768746496,-12.126111011190726,3.165592192,1.597588583,,,,98.3,2488.0,6.3,823249,666023,664034,630105,592518,823550,687957,701538,665487,54.24,,,,,,,,73,5,4-Seam Fastball,6,5,5,6,5,6,5,6,Standard,Strategic,145.0,-0.015,0.112,,,,,-0.112,,1,-1,0.805,0.195,27,27,27,27,1,3,1.0,3.0,,1.0,0.95,0.7,-0.7,41.8,,,,,
SI,2026-09-19,99.2,2.27,5.98,"Morejon, Adrian",665923,670970,,foul,,,,,5.0,,R,R,L,SD,MIA,S,,,3,2,2026,1.37,0.94,0.1436377373700903,2.550775646487361,,,,1,8,Top,,,,,,,-8.948201634109177,-144.00842834718767,-5.88562000648701,21.152234963623027,36.36158035472693,-17.89072154315555,3.165592192,1.597588583,172.0,65.8,39.0,98.4,2408.0,6.2,823249,666023,664034,630105,592518,823550,687957,701538,665487,54.35,,,,,,,,73,6,Sinker,6,5,5,6,5,6,5,6,Standard,Strategic,141.0,0.0,0.0,64.5,6.3,,,0.0,88.0,1,-1,0.79,0.21,27,27,27,27,1,3,1.0,3.0,,1.0,1.41,1.37,-1.37,41.2,-8.399264564153636,8.780508332079059,37.21882104035603,37.331409639863104,18.63831281514647
SI,2026-09-19,99.5,2.39,5.96,"Morejon, Adrian",665923,670970,walk,ball,,,,,13.0,Esteury Ruiz walks.,R,R,L,SD,MIA,B,,,3,2,2026,1.4,0.84,-1.537009527601118,1.8562470624047984,,,,1,8,Top,,,,,,,-13.895506054367766,-143.9463351289951,-7.452436136779721,22.948284770237343,37.31520221051755,-18.76408676937447,3.165592192,1.597588583,,,,98.3,2370.0,6.2,823249,666023,664034,630105,592518,823550,687957,701538,665487,54.27,,0.698418,0.7,1.0,0.0,0.0,,73,7,Sinker,6,5,5,6,5,6,5,6,Standard,Strategic,139.0,-0.053,0.339,,,,,-0.339,,1,-1,0.79,0.21,27,27,27,27,1,3,1.0,3.0,,1.0,1.51,1.4,-1.4,39.9,,,,,
CH,2026-09-19,92.3,2.63,5.93,"Morejon, Adrian",672640,670970,,blocked_ball,,,,,14.0,,R,R,L,SD,MIA,B,,,0,0,2026,0.88,-0.1,0.6410952807250092,0.5948418767776533,,,665923.0,1,8,Top,,,,,,,-6.922631246637426,-134.0814976473931,-7.137051552012779,12.19514910020902,32.861287669693816,-31.85434293946925,3.136630577,1.582972441,,,,91.5,976.0,6.2,823249,666023,664034,630105,592518,823550,687957,701538,665487,54.27,,,,,,,,74,1,Changeup,6,5,5,6,5,6,5,6,Standard,Standard,105.0,-0.009,0.034,,,,,-0.034,,1,-1,0.737,0.263,27,27,27,28,1,4,1.0,1.0,,1.0,2.82,0.88,-0.88,45.6,,,,,
SI,2026-09-19,98.3,2.45,5.93,"Morejon, Adrian",672640,670970,,ball,,,,,12.0,,R,R,L,SD,MIA,B,,,1,0,2026,1.33,0.91,1.0117275573850042,2.621466032968927,,,665923.0,1,8,Top,,,,,,,-6.955902078864907,-142.81418470134813,-5.365597696553309,19.82686219355129,35.61274248156022,-18.599252704768887,3.136630577,1.582972441,,,,97.4,2300.0,6.1,823249,666023,664034,630105,592518,823550,687957,701538,665487,54.43,,,,,,,,74,2,Sinker,6,5,5,6,5,6,5,6,Standard,Standard,141.0,-0.046,0.066,,,,,-0.066,,1,-1,0.728,0.272,27,27,27,28,1,4,1.0,1.0,,1.0,1.47,1.33,-1.33,36.8,,,,,
SI,2026-09-19,100.2,2.43,5.87,"Morejon, Adrian",672640,670970,,called_strike,,,,,7.0,,R,R,L,SD,MIA,S,,,2,0,2026,1.43,0.96,-0.2994344415466794,1.835804064756262,,665923.0,,1,8,Top,,,,,,,-10.83476845992198,-145.23262889200618,-7.746662533259592,22.921852810072476,36.7861028571435,-16.84506774239008,3.136630577,1.582972441,,,,99.4,2388.0,6.3,823249,666023,664034,630105,592518,823550,687957,701538,665487,54.23,,,,,,,,74,3,Sinker,6,5,5,6,5,6,5,6,Standard,Standard,141.0,-0.061,-0.04,,,,,0.04,,1,-1,0.682,0.318,27,27,27,28,1,4,1.0,1.0,,1.0,1.34,1.43,-1.43,38.8,,,,,
CH,2026-09-19,93.5,2.51,6.02,"Morejon, Adrian",672640,670970,,ball,,,,,14.0,,R,R,L,SD,MIA,B,,,2,1,2026,0.9,-0.47,0.3257909742113873,0.5445077170294907,665923.0,,,1,8,Top,,,,,,,-7.546429535675654,-135.7503975659143,-6.8905113528041575,12.851546110504554,33.39336517113246,-36.44908336146344,3.136630577,1.582972441,,,,92.6,908.0,6.2,823249,666023,664034,630105,592518,823550,687957,701538,665487,54.32,,,,,,,,74,4,Changeup,6,5,5,6,5,6,5,6,Strategic,Standard,104.0,-0.012,0.076,,,,,-0.076,,1,-1,0.621,0.379,27,27,27,28,1,4,1.0,1.0,,1.0,3.12,0.9,-0.9,41.5,,,,,
SI,2026-09-19,99.5,2.56,5.89,"Morejon, Adrian",672640,670970,walk,ball,,,,,12.0,Otto Lopez walks.,R,R,L,SD,MIA,B,,,3,1,2026,1.31,0.69,1.4304623622149852,3.09854528555429,665923.0,,,1,8,Top,,,,,,,-6.168750525835883,-144.6976927372627,-3.672275236621746,19.912412021187496,35.593668122375064,-21.761399640236434,3.136630577,1.582972441,,,,99.0,2294.0,6.2,823249,666023,664034,630105,592518,823550,687957,701538,665487,54.31,,0.698418,0.7,1.0,0.0,0.0,,74,5,Sinker,6,5,5,6,5,6,5,6,Strategic,Standard,142.0,-0.025,0.135,,,,,-0.135,,1,-1,0.609,0.391,27,27,27,28,1,4,1.0,1.0,,1.0,1.62,1.31,-1.31,37.7,,,,,
SI,2026-09-23,99.7,2.67,6.04,"Morejon, Adrian",663656,670970,field_out,hit_into_play,,,,,12.0,Kyle Tucker pops out to third baseman Manny Machado.,R,L,L,LAD,SD,X,5.0,popup,0,0,2026,1.28,0.73,0.8877998501901863,3.0893782850337237,,,,0,8,Bot,103.71,153.76,,,,,-7.842956236098568,-145.02605054245458,-4.2854920017219476,19.802209335038317,31.916346405206692,-21.019057470068816,3.350770997,1.691043307,132.0,63.8,61.0,99.5,2408.0,6.1,823894,666023,664034,630105,592518,593428,687957,701538,665487,54.42,0.003,0.003,0.0,1.0,0.0,0.0,3.0,66,1,Sinker,1,4,1,4,4,1,1,4,Infield shade,Standard,137.0,-0.027,-0.259,74.3,6.5,,0.003,0.259,88.0,-3,-3,0.087,0.087,27,29,27,29,1,3,,,,,1.55,1.28,1.28,,8.424617898616958,-0.7567898386903807,36.92532935862156,25.959031907280664,25.04020575756808
SI,2026-09-23,100.5,2.58,6.05,"Morejon, Adrian",681624,670970,,ball,,,,,12.0,,R,R,L,LAD,SD,B,,,0,0,2026,1.13,1.09,0.4031968127202536,3.9276741126501378,,,,1,8,Bot,,,,,,,-8.650339234759501,-146.06694871729815,-2.980000332432481,18.232092178173893,34.09808396444672,-15.99974219761795,3.23667979,1.633464567,,,,100.2,2490.0,6.2,823894,666023,664034,630105,592518,593428,687957,701538,665487,54.34,,,,,,,,67,1,Sinker,1,4,1,4,4,1,1,4,Standard,Standard,145.0,0.003,0.041,,,,,-0.041,,-3,-3,0.06,0.06,27,25,27,26,1,3,,,,,1.17,1.13,-1.13,,,,,,
SI,2026-09-23,100.3,2.68,5.92,"Morejon, Adrian",681624,670970,,ball,,,,,12.0,,R,R,L,LAD,SD,B,,,1,0,2026,1.23,0.93,1.8070039215743725,2.648484237996405,,,,1,8,Bot,,,,,,,-5.330888149847949,-145.9528034102607,-5.692703141562204,18.866701002845755,34.217859411825295,-17.72064662226395,3.23667979,1.633464567,,,,100.0,2499.0,6.1,823894,666023,664034,630105,592518,593428,687957,701538,665487,54.4,,,,,,,,67,2,Sinker,1,4,1,4,4,1,1,4,Standard,Standard,146.0,0.007,0.075,,,,,-0.075,,-3,-3,0.063,0.063,27,25,27,26,1,3,,,,,1.33,1.23,-1.23,,,,,,
SI,2026-09-23,100.4,2.65,5.95,"Morejon, Adrian",681624,670970,single,hit_into_play,,,,,5.0,Andy Pages singles on a line drive to center fielder Jackson Merrill.,R,R,L,LAD,SD,X,8.0,line_drive,2,0,2026,1.21,0.75,0.1561913678235149,2.3288300768337384,,,,1,8,Bot,171.69,79.95,,,,,-9.7035544919437,-145.87812069000637,-6.2517736269814765,19.593149113698907,34.18245470769171,-20.08558652982756,3.23667979,1.633464567,303.0,92.8,20.0,100.1,2441.0,6.2,823894,666023,664034,630105,592518,593428,687957,701538,665487,54.29,0.291,0.287,0.9,1.0,1.0,0.0,4.0,67,3,Sinker,1,4,1,4,4,1,1,4,Standard,Standard,145.0,0.022,0.303,76.8,7.7,,0.428,-0.303,92.8,-3,-3,0.07,0.07,27,25,27,26,1,3,,,,,1.51,1.21,-1.21,,-3.067757291392676,6.822787465406417,42.39513064098701,36.835240037736874,24.026244772263095
SI,2026-09-23,100.7,2.63,5.92,"Morejon, Adrian",500743,670970,field_out,hit_into_play,,,,,12.0,Miguel Rojas lines out to right fielder Fernando Tatis Jr.,R,R,L,LAD,SD,X,9.0,line_drive,0,0,2026,1.3,0.61,0.850984819245062,2.388528186420447,,,681624.0,1,8,Bot,188.16,105.16,,,,,-7.991904085786386,-146.4960934374211,-5.753595094978705,20.512499036857584,32.32753251691258,-22.162129195105145,3.141018701,1.585187008,279.0,84.2,24.0,101.0,2427.0,6.3,823894,666023,664034,630105,592518,593428,687957,701538,665487,54.2,0.263,0.246,0.0,1.0,0.0,0.0,3.0,68,1,Sinker,1,4,1,4,4,1,1,4,Standard,Standard,143.0,-0.036,-0.261,70.9,7.0,,0.328,0.261,88.0,-3,-3,0.092,0.092,27,37,27,37,1,0,,,,,1.62,1.3,-1.3,,5.186377909087188,18.2151558530282,24.380990300851806,47.29196224527817,24.8724703220372
SI,2026-09-23,101.3,2.54,5.92,"Morejon, Adrian",669242,670970,field_out,hit_into_play,,,,,12.0,"Tommy Edman grounds out, second baseman Jake Cronenworth to first baseman Ty France.",R,R,L,LAD,SD,X,4.0,ground_ball,0,0,2026,1.34,0.75,0.8640970617956827,2.587373486217682,,,681624.0,2,8,Bot,136.79,159.71,,,,,-7.847763462221144,-147.25128807677547,-5.594211505716715,21.29008122396039,34.45776418459973,-20.119811515105106,3.102403215,1.565698819,37.0,99.5,-2.0,101.3,2468.0,6.3,823894,666023,664034,630105,592518,593428,687957,701538,665487,54.2,0.366,0.343,0.0,1.0,0.0,0.0,2.0,69,1,Sinker,1,4,1,4,4,1,1,4,Standard,Standard,140.0,-0.022,-0.275,74.0,7.0,,0.416,0.275,99.5,-3,-3,0.056,0.056,27,31,27,31,1,3,,,,,1.47,1.34,-1.34,,6.319510384911401,12.578509021963509,20.20314134036441,46.84375693980427,15.073303625090444
