pitch_type,game_date,release_speed,release_pos_x,release_pos_z,player_name,batter,pitcher,events,description,spin_dir,spin_rate_deprecated,break_angle_deprecated,break_length_deprecated,zone,des,game_type,stand,p_throws,home_team,away_team,type,hit_location,bb_type,balls,strikes,game_year,pfx_x,pfx_z,plate_x,plate_z,on_3b,on_2b,on_1b,outs_when_up,inning,inning_topbot,hc_x,hc_y,tfs_deprecated,tfs_zulu_deprecated,umpire,sv_id,vx0,vy0,vz0,ax,ay,az,sz_top,sz_bot,hit_distance_sc,launch_speed,launch_angle,effective_speed,release_spin_rate,release_extension,game_pk,fielder_2,fielder_3,fielder_4,fielder_5,fielder_6,fielder_7,fielder_8,fielder_9,release_pos_y,estimated_ba_using_speedangle,estimated_woba_using_speedangle,woba_value,woba_denom,babip_value,iso_value,launch_speed_angle,at_bat_number,pitch_number,pitch_name,home_score,away_score,bat_score,fld_score,post_away_score,post_home_score,post_bat_score,post_fld_score,if_fielding_alignment,of_fielding_alignment,spin_axis,delta_home_win_exp,delta_run_exp,bat_speed,swing_length,miss_distance,estimated_slg_using_speedangle,delta_pitcher_run_exp,hyper_speed,home_score_diff,bat_score_diff,home_win_exp,bat_win_exp,age_pit_legacy,age_bat_legacy,age_pit,age_bat,n_thruorder_pitcher,n_priorpa_thisgame_player_at_bat,pitcher_days_since_prev_game,batter_days_since_prev_game,pitcher_days_until_next_game,batter_days_until_next_game,api_break_z_with_gravity,api_break_x_arm,api_break_x_batter_in,arm_angle,attack_angle,attack_direction,swing_path_tilt,intercept_ball_minus_batter_pos_x_inches,intercept_ball_minus_batter_pos_y_inches,bucket,is_pa
SI,2026-09-23,101.3,2.54,5.92,"Morejon, Adrian",669242,670970,field_out,hit_into_play,,,,,12.0,"Tommy Edman grounds out, second baseman Jake Cronenworth to first baseman Ty France.",R,R,L,LAD,SD,X,4.0,ground_ball,0,0,2026,1.34,0.75,0.8640970617956827,2.587373486217682,,,681624.0,2,8,Bot,136.79,159.71,,,,,-7.847763462221144,-147.25128807677547,-5.594211505716715,21.29008122396039,34.45776418459973,-20.119811515105106,3.102403215,1.565698819,37.0,99.5,-2.0,101.3,2468.0,6.3,823894,666023,664034,630105,592518,593428,687957,701538,665487,54.2,0.366,0.343,0.0,1.0,0.0,0.0,2.0,69,1,Sinker,1,4,1,4,4,1,1,4,Standard,Standard,140.0,-0.022,-0.275,74.0,7.0,,0.416,0.275,99.5,-3,-3,0.056,0.056,27,31,27,31,1,3,,,,,1.47,1.34,-1.34,,6.319510384911401,12.578509021963509,20.20314134036441,46.84375693980427,15.073303625090444,Sinker,True
SI,2026-09-23,100.7,2.63,5.92,"Morejon, Adrian",500743,670970,field_out,hit_into_play,,,,,12.0,Miguel Rojas lines out to right fielder Fernando Tatis Jr.,R,R,L,LAD,SD,X,9.0,line_drive,0,0,2026,1.3,0.61,0.850984819245062,2.388528186420447,,,681624.0,1,8,Bot,188.16,105.16,,,,,-7.991904085786386,-146.4960934374211,-5.753595094978705,20.512499036857584,32.32753251691258,-22.162129195105145,3.141018701,1.585187008,279.0,84.2,24.0,101.0,2427.0,6.3,823894,666023,664034,630105,592518,593428,687957,701538,665487,54.2,0.263,0.246,0.0,1.0,0.0,0.0,3.0,68,1,Sinker,1,4,1,4,4,1,1,4,Standard,Standard,143.0,-0.036,-0.261,70.9,7.0,,0.328,0.261,88.0,-3,-3,0.092,0.092,27,37,27,37,1,0,,,,,1.62,1.3,-1.3,,5.186377909087188,18.2151558530282,24.380990300851806,47.29196224527817,24.8724703220372,Sinker,True
SI,2026-09-23,100.4,2.65,5.95,"Morejon, Adrian",681624,670970,single,hit_into_play,,,,,5.0,Andy Pages singles on a line drive to center fielder Jackson Merrill.,R,R,L,LAD,SD,X,8.0,line_drive,2,0,2026,1.21,0.75,0.1561913678235149,2.3288300768337384,,,,1,8,Bot,171.69,79.95,,,,,-9.7035544919437,-145.87812069000637,-6.2517736269814765,19.593149113698907,34.18245470769171,-20.08558652982756,3.23667979,1.633464567,303.0,92.8,20.0,100.1,2441.0,6.2,823894,666023,664034,630105,592518,593428,687957,701538,665487,54.29,0.291,0.287,0.9,1.0,1.0,0.0,4.0,67,3,Sinker,1,4,1,4,4,1,1,4,Standard,Standard,145.0,0.022,0.303,76.8,7.7,,0.428,-0.303,92.8,-3,-3,0.07,0.07,27,25,27,26,1,3,,,,,1.51,1.21,-1.21,,-3.067757291392676,6.822787465406417,42.39513064098701,36.835240037736874,24.026244772263095,Sinker,True
SI,2026-09-23,100.3,2.68,5.92,"Morejon, Adrian",681624,670970,,ball,,,,,12.0,,R,R,L,LAD,SD,B,,,1,0,2026,1.23,0.93,1.8070039215743725,2.648484237996405,,,,1,8,Bot,,,,,,,-5.330888149847949,-145.9528034102607,-5.692703141562204,18.866701002845755,34.217859411825295,-17.72064662226395,3.23667979,1.633464567,,,,100.0,2499.0,6.1,823894,666023,664034,630105,592518,593428,687957,701538,665487,54.4,,,,,,,,67,2,Sinker,1,4,1,4,4,1,1,4,Standard,Standard,146.0,0.007,0.075,,,,,-0.075,,-3,-3,0.063,0.063,27,25,27,26,1,3,,,,,1.33,1.23,-1.23,,,,,,,Sinker,False
SI,2026-09-23,100.5,2.58,6.05,"Morejon, Adrian",681624,670970,,ball,,,,,12.0,,R,R,L,LAD,SD,B,,,0,0,2026,1.13,1.09,0.4031968127202536,3.9276741126501378,,,,1,8,Bot,,,,,,,-8.650339234759501,-146.06694871729815,-2.980000332432481,18.232092178173893,34.09808396444672,-15.99974219761795,3.23667979,1.633464567,,,,100.2,2490.0,6.2,823894,666023,664034,630105,592518,593428,687957,701538,665487,54.34,,,,,,,,67,1,Sinker,1,4,1,4,4,1,1,4,Standard,Standard,145.0,0.003,0.041,,,,,-0.041,,-3,-3,0.06,0.06,27,25,27,26,1,3,,,,,1.17,1.13,-1.13,,,,,,,Sinker,False
SI,2026-09-23,99.7,2.67,6.04,"Morejon, Adrian",663656,670970,field_out,hit_into_play,,,,,12.0,Kyle Tucker pops out to third baseman Manny Machado.,R,L,L,LAD,SD,X,5.0,popup,0,0,2026,1.28,0.73,0.8877998501901863,3.0893782850337237,,,,0,8,Bot,103.71,153.76,,,,,-7.842956236098568,-145.02605054245458,-4.2854920017219476,19.802209335038317,31.916346405206692,-21.019057470068816,3.350770997,1.691043307,132.0,63.8,61.0,99.5,2408.0,6.1,823894,666023,664034,630105,592518,593428,687957,701538,665487,54.42,0.003,0.003,0.0,1.0,0.0,0.0,3.0,66,1,Sinker,1,4,1,4,4,1,1,4,Infield shade,Standard,137.0,-0.027,-0.259,74.3,6.5,,0.003,0.259,88.0,-3,-3,0.087,0.087,27,29,27,29,1,3,,,,,1.55,1.28,1.28,,8.424617898616958,-0.7567898386903807,36.92532935862156,25.959031907280664,25.04020575756808,Sinker,True
SI,2026-09-19,99.5,2.56,5.89,"Morejon, Adrian",672640,670970,walk,ball,,,,,12.0,Otto Lopez walks.,R,R,L,SD,MIA,B,,,3,1,2026,1.31,0.69,1.4304623622149852,3.09854528555429,665923.0,,,1,8,Top,,,,,,,-6.168750525835883,-144.6976927372627,-3.672275236621746,19.912412021187496,35.593668122375064,-21.761399640236434,3.136630577,1.582972441,,,,99.0,2294.0,6.2,823249,666023,664034,630105,592518,823550,687957,701538,665487,54.31,,0.698418,0.7,1.0,0.0,0.0,,74,5,Sinker,6,5,5,6,5,6,5,6,Strategic,Standard,142.0,-0.025,0.135,,,,,-0.135,,1,-1,0.609,0.391,27,27,27,28,1,4,1.0,1.0,,1.0,1.62,1.31,-1.31,37.7,,,,,,Sinker,True
CH,2026-09-19,93.5,2.51,6.02,"Morejon, Adrian",672640,670970,,ball,,,,,14.0,,R,R,L,SD,MIA,B,,,2,1,2026,0.9,-0.47,0.3257909742113873,0.5445077170294907,665923.0,,,1,8,Top,,,,,,,-7.546429535675654,-135.7503975659143,-6.8905113528041575,12.851546110504554,33.39336517113246,-36.44908336146344,3.136630577,1.582972441,,,,92.6,908.0,6.2,823249,666023,664034,630105,592518,823550,687957,701538,665487,54.32,,,,,,,,74,4,Changeup,6,5,5,6,5,6,5,6,Strategic,Standard,104.0,-0.012,0.076,,,,,-0.076,,1,-1,0.621,0.379,27,27,27,28,1,4,1.0,1.0,,1.0,3.12,0.9,-0.9,41.5,,,,,,Changeup,False
SI,2026-09-19,100.2,2.43,5.87,"Morejon, Adrian",672640,670970,,called_strike,,,,,7.0,,R,R,L,SD,MIA,S,,,2,0,2026,1.43,0.96,-0.2994344415466794,1.835804064756262,,665923.0,,1,8,Top,,,,,,,-10.83476845992198,-145.23262889200618,-7.746662533259592,22.921852810072476,36.7861028571435,-16.84506774239008,3.136630577,1.582972441,,,,99.4,2388.0,6.3,823249,666023,664034,630105,592518,823550,687957,701538,665487,54.23,,,,,,,,74,3,Sinker,6,5,5,6,5,6,5,6,Standard,Standard,141.0,-0.061,-0.04,,,,,0.04,,1,-1,0.682,0.318,27,27,27,28,1,4,1.0,1.0,,1.0,1.34,1.43,-1.43,38.8,,,,,,Sinker,False
SI,2026-09-19,98.3,2.45,5.93,"Morejon, Adrian",672640,670970,,ball,,,,,12.0,,R,R,L,SD,MIA,B,,,1,0,2026,1.33,0.91,1.0117275573850042,2.621466032968927,,,665923.0,1,8,Top,,,,,,,-6.955902078864907,-142.81418470134813,-5.365597696553309,19.82686219355129,35.61274248156022,-18.599252704768887,3.136630577,1.582972441,,,,97.4,2300.0,6.1,823249,666023,664034,630105,592518,823550,687957,701538,665487,54.43,,,,,,,,74,2,Sinker,6,5,5,6,5,6,5,6,Standard,Standard,141.0,-0.046,0.066,,,,,-0.066,,1,-1,0.728,0.272,27,27,27,28,1,4,1.0,1.0,,1.0,1.47,1.33,-1.33,36.8,,,,,,Sinker,False
CH,2026-09-19,92.3,2.63,5.93,"Morejon, Adrian",672640,670970,,blocked_ball,,,,,14.0,,R,R,L,SD,MIA,B,,,0,0,2026,0.88,-0.1,0.6410952807250092,0.5948418767776533,,,665923.0,1,8,Top,,,,,,,-6.922631246637426,-134.0814976473931,-7.137051552012779,12.19514910020902,32.861287669693816,-31.85434293946925,3.136630577,1.582972441,,,,91.5,976.0,6.2,823249,666023,664034,630105,592518,823550,687957,701538,665487,54.27,,,,,,,,74,1,Changeup,6,5,5,6,5,6,5,6,Standard,Standard,105.0,-0.009,0.034,,,,,-0.034,,1,-1,0.737,0.263,27,27,27,28,1,4,1.0,1.0,,1.0,2.82,0.88,-0.88,45.6,,,,,,Changeup,False
SI,2026-09-19,99.5,2.39,5.96,"Morejon, Adrian",665923,670970,walk,ball,,,,,13.0,Esteury Ruiz walks.,R,R,L,SD,MIA,B,,,3,2,2026,1.4,0.84,-1.537009527601118,1.8562470624047984,,,,1,8,Top,,,,,,,-13.895506054367766,-143.9463351289951,-7.452436136779721,22.948284770237343,37.31520221051755,-18.76408676937447,3.165592192,1.597588583,,,,98.3,2370.0,6.2,823249,666023,664034,630105,592518,823550,687957,701538,665487,54.27,,0.698418,0.7,1.0,0.0,0.0,,73,7,Sinker,6,5,5,6,5,6,5,6,Standard,Strategic,139.0,-0.053,0.339,,,,,-0.339,,1,-1,0.79,0.21,27,27,27,27,1,3,1.0,3.0,,1.0,1.51,1.4,-1.4,39.9,,,,,,Sinker,True
SI,2026-09-19,99.2,2.27,5.98,"Morejon, Adrian",665923,670970,,foul,,,,,5.0,,R,R,L,SD,MIA,S,,,3,2,2026,1.37,0.94,0.1436377373700903,2.550775646487361,,,,1,8,Top,,,,,,,-8.948201634109177,-144.00842834718767,-5.88562000648701,21.152234963623027,36.36158035472693,-17.89072154315555,3.165592192,1.597588583,172.0,65.8,39.0,98.4,2408.0,6.2,823249,666023,664034,630105,592518,823550,687957,701538,665487,54.35,,,,,,,,73,6,Sinker,6,5,5,6,5,6,5,6,Standard,Strategic,141.0,0.0,0.0,64.5,6.3,,,0.0,88.0,1,-1,0.79,0.21,27,27,27,27,1,3,1.0,3.0,,1.0,1.41,1.37,-1.37,41.2,-8.399264564153636,8.780508332079059,37.21882104035603,37.331409639863104,18.63831281514647,Sinker,False
FF,2026-09-19,99.1,2.41,6.01,"Morejon, Adrian",665923,670970,,ball,,,,,12.0,,R,R,L,SD,MIA,B,,,2,2,2026,0.7,1.41,0.5811541303137759,3.9078755080019696,,,,1,8,Top,,,,,,,-6.584850829148168,-144.0155021380917,-3.399848474303556,11.350059830034752,38.078198768746496,-12.126111011190726,3.165592192,1.597588583,,,,98.3,2488.0,6.3,823249,666023,664034,630105,592518,823550,687957,701538,665487,54.24,,,,,,,,73,5,4-Seam Fastball,6,5,5,6,5,6,5,6,Standard,Strategic,145.0,-0.015,0.112,,,,,-0.112,,1,-1,0.805,0.195,27,27,27,27,1,3,1.0,3.0,,1.0,0.95,0.7,-0.7,41.8,,,,,,Four-seam,False
SI,2026-09-19,99.7,2.37,5.95,"Morejon, Adrian",665923,670970,,called_strike,,,,,4.0,,R,R,L,SD,MIA,S,,,2,1,2026,1.35,0.97,-0.3510991860405572,2.179260106884495,,,,1,8,Top,,,,,,,-10.541716019593316,-144.46885563890496,-6.897914448496006,21.616999131896844,39.78526672760316,-16.996922106946815,3.165592192,1.597588583,,,,98.2,2432.0,6.1,823249,666023,664034,630105,592518,823550,687957,701538,665487,54.41,,,,,,,,73,4,Sinker,6,5,5,6,5,6,5,6,Standard,Standard,137.0,0.012,-0.075,,,,,0.075,,1,-1,0.793,0.207,27,27,27,27,1,3,1.0,3.0,,1.0,1.37,1.35,-1.35,42.5,,,,,,Sinker,False
SI,2026-09-19,98.4,2.58,5.95,"Morejon, Adrian",665923,670970,,foul,,,,,14.0,,R,R,L,SD,MIA,S,,,2,0,2026,1.5,0.76,1.2620623038514642,1.8124115798617768,,,,1,8,Top,,,,,,,-7.033800490346918,-142.96823661826832,-7.252563430041316,22.13531528369375,34.67220794141188,-20.17051410485816,3.165592192,1.597588583,170.0,66.7,58.0,97.8,2232.0,6.2,823249,666023,664034,630105,592518,823550,687957,701538,665487,54.34,,,,,,,,73,3,Sinker,6,5,5,6,5,6,5,6,Standard,Standard,139.0,0.013,-0.069,81.9,7.8,,,0.069,88.0,1,-1,0.78,0.22,27,27,27,27,1,3,1.0,3.0,,1.0,1.61,1.5,-1.5,45.2,14.990050798704075,-1.178031374295486,32.30233770003146,51.34133714173435,29.30222191406431,Sinker,False
CH,2026-09-19,91.6,2.49,6.06,"Morejon, Adrian",665923,670970,,ball,,,,,13.0,,R,R,L,SD,MIA,B,,,1,0,2026,1.15,-0.59,-0.4522498556325864,-0.5373281237089702,,,,1,8,Top,,,,,,,-9.761836168512689,-132.6892701003626,-8.915604011824149,15.91621263948774,34.217351605141005,-36.90148371179455,3.165592192,1.597588583,,,,89.9,1087.0,6.0,823249,666023,664034,630105,592518,823550,687957,701538,665487,54.53,,,,,,,,73,2,Changeup,6,5,5,6,5,6,5,6,Standard,Standard,101.0,-0.013,0.075,,,,,-0.075,,1,-1,0.793,0.207,27,27,27,27,1,3,1.0,3.0,,1.0,3.38,1.15,-1.15,40.0,,,,,,Changeup,False
SI,2026-09-19,99.1,2.54,5.97,"Morejon, Adrian",665923,670970,,ball,,,,,12.0,,R,R,L,SD,MIA,B,,,0,0,2026,1.57,0.83,0.8298494927601936,3.2136354043298656,,,,1,8,Top,,,,,,,-8.324927769630527,-143.92534937212366,-3.765683850063312,23.835724734951935,38.971677324215975,-19.952252300274267,3.165592192,1.597588583,,,,98.0,2130.0,6.1,823249,666023,664034,630105,592518,823550,687957,701538,665487,54.35,,,,,,,,73,1,Sinker,6,5,5,6,5,6,5,6,Standard,Standard,140.0,-0.006,0.041,,,,,-0.041,,1,-1,0.799,0.201,27,27,27,27,1,3,1.0,3.0,,1.0,1.53,1.57,-1.57,39.9,,,,,,Sinker,False
CH,2026-09-19,91.7,2.63,6.05,"Morejon, Adrian",691277,670970,strikeout,swinging_strike,,,,,13.0,Deyvison De Los Santos strikes out swinging.,R,R,L,SD,MIA,S,2.0,,1,2,2026,0.96,-0.37,-0.0757063621587426,0.7644113479269583,,,,0,8,Top,,,,,,,-8.792213098407272,-133.08524559651937,-6.252643621871815,13.403689489734566,32.224773116945435,-35.21369859042194,3.257742782,1.644094488,,,,90.5,965.0,6.0,823249,666023,664034,630105,592518,823550,687957,701538,665487,54.52,,0.0,0.0,1.0,0.0,0.0,,72,4,Changeup,6,5,5,6,5,6,5,6,Standard,Standard,110.0,0.038,-0.187,73.8,8.6,4.642454652,,0.187,,1,-1,0.761,0.239,27,23,27,23,1,0,1.0,1.0,,1.0,3.12,0.96,-0.96,40.7,18.27643740984629,-29.68792295641167,38.9231183649761,40.13849175693343,40.60639492898409,Changeup,True
FF,2026-09-19,98.3,2.45,6.02,"Morejon, Adrian",691277,670970,,called_strike,,,,,9.0,,R,R,L,SD,MIA,S,,,1,1,2026,0.65,1.32,0.3666011175581025,1.809116455142868,,,,0,8,Top,,,,,,,-7.0651957366407,-142.61432331077685,-8.678407425360602,10.636192591927871,36.75684531970588,-12.30788394517132,3.257742782,1.644094488,,,,97.2,2227.0,6.1,823249,666023,664034,630105,592518,823550,687957,701538,665487,54.38,,,,,,,,72,3,4-Seam Fastball,6,5,5,6,5,6,5,6,Standard,Standard,138.0,0.013,-0.06,,,,,0.06,,1,-1,0.748,0.252,27,23,27,23,1,0,1.0,1.0,,1.0,1.08,0.65,-0.65,44.0,,,,,,Four-seam,False
CH,2026-09-19,90.6,2.69,6.09,"Morejon, Adrian",691277,670970,,swinging_strike,,,,,14.0,,R,R,L,SD,MIA,S,,,1,0,2026,0.5,0.42,0.5338542885149989,1.5024885582431682,,,,0,8,Top,,,,,,,-6.349148431072536,-131.65596890838012,-6.026658558764506,7.339475018716753,32.95113265387537,-26.10791276066608,3.257742782,1.644094488,,,,89.2,930.0,5.9,823249,666023,664034,630105,592518,823550,687957,701538,665487,54.57,,,,,,,,72,2,Changeup,6,5,5,6,5,6,5,6,Standard,Standard,109.0,0.012,-0.055,79.7,8.6,6.089829528,,0.055,,1,-1,0.736,0.264,27,23,27,23,1,0,1.0,1.0,,1.0,2.41,0.5,-0.5,37.8,18.432905963337788,-26.595019966216263,25.16456676154211,47.678298611932426,43.922197933219906,Changeup,False
CH,2026-09-19,91.2,2.68,6.11,"Morejon, Adrian",691277,670970,,ball,,,,,14.0,,R,R,L,SD,MIA,B,,,0,0,2026,0.75,-0.71,0.212782454328974,-0.2651096835248707,,,,0,8,Top,,,,,,,-7.684447137607544,-132.2924877129687,-8.047891679711583,10.6051000536422,33.02802308284768,-38.63600518258216,3.257742782,1.644094488,,,,89.7,998.0,6.0,823249,666023,664034,630105,592518,823550,687957,701538,665487,54.54,,,,,,,,72,1,Changeup,6,5,5,6,5,6,5,6,Standard,Standard,104.0,-0.009,0.042,,,,,-0.042,,1,-1,0.745,0.255,27,23,27,23,1,0,1.0,1.0,,1.0,3.51,0.75,-0.75,40.4,,,,,,Changeup,False
FF,2026-09-19,99.5,2.41,5.98,"Morejon, Adrian",682663,670970,strikeout,swinging_strike,,,,,2.0,Agustín Ramírez strikes out swinging.,R,R,L,SD,MIA,S,2.0,,1,2,2026,0.62,1.36,-0.0732449154777018,2.834306767074797,669364.0,,805300.0,2,7,Top,,,,,,,-8.172513663931282,-144.5651936432297,-6.232535057312376,10.576373219626982,34.778336190504746,-11.782796171849288,3.256865158,1.643651575,,,,99.2,2473.0,6.3,823249,666023,664034,665487,592518,630105,669392,701538,687957,54.22,,0.0,0.0,1.0,0.0,0.0,,67,5,4-Seam Fastball,6,5,5,6,5,6,5,6,Standard,Standard,134.0,0.068,-0.197,79.4,7.0,1.105920792,,0.197,,1,-1,0.721,0.279,27,24,27,25,1,3,1.0,1.0,,1.0,0.95,0.62,-0.62,45.1,6.959224857884512,6.937965832269466,25.319163897007876,40.11704665122314,29.727898750939353,Four-seam,True
SI,2026-09-19,99.6,2.44,5.94,"Morejon, Adrian",682663,670970,,foul,,,,,2.0,,R,R,L,SD,MIA,S,,,1,2,2026,1.3,0.75,0.0251877545813825,2.9718751769186458,669364.0,,805300.0,2,7,Top,,,,,,,-9.610868795129775,-144.7208774920621,-4.3238851878804105,20.54540175061354,35.04033407515236,-20.72212859514048,3.256865158,1.643651575,222.0,79.5,57.0,99.1,2325.0,6.2,823249,666023,664034,665487,592518,630105,669392,701538,687957,54.3,,,,,,,,67,4,Sinker,6,5,5,6,5,6,5,6,Standard,Standard,138.0,0.0,0.0,74.4,7.0,,,0.0,88.0,1,-1,0.721,0.279,27,24,27,25,1,3,1.0,1.0,,1.0,1.56,1.3,-1.3,36.8,4.878718338884882,8.502677479967343,22.204456459604152,41.17640891003207,26.580307234069835,Sinker,False
CH,2026-09-19,91.4,2.66,6.04,"Morejon, Adrian",682663,670970,,swinging_strike,,,,,14.0,,R,R,L,SD,MIA,S,,,1,1,2026,0.88,-0.01,0.8078461022428536,1.2995482192650054,669364.0,,805300.0,2,7,Top,,,,,,,-6.4955819571257445,-132.97747935462473,-5.762256651455645,11.875489728180392,27.95285549968975,-31.22490756765707,3.256865158,1.643651575,,,,90.9,1049.0,5.9,823249,666023,664034,665487,592518,630105,669392,701538,687957,54.55,,,,,,,,67,3,Changeup,6,5,5,6,5,6,5,6,Standard,Standard,107.0,0.024,-0.076,72.6,8.0,1.890607176,,0.076,,1,-1,0.697,0.303,27,24,27,25,1,3,1.0,1.0,,1.0,2.73,0.88,-0.88,40.5,11.16879877794647,-0.5950584139233583,25.69026131983815,51.75373066374659,34.47706220525658,Changeup,False
CH,2026-09-19,92.8,2.69,5.97,"Morejon, Adrian",682663,670970,,blocked_ball,,,,,14.0,,R,R,L,SD,MIA,B,,,0,1,2026,0.86,-0.14,0.1063910286635838,-0.0484664398784775,669364.0,,805300.0,2,7,Top,,,,,,,-8.369792679998051,-134.74986057306478,-8.950545391546681,12.23536916744744,27.97351471955704,-32.1701769067281,3.256865158,1.643651575,,,,92.4,1016.0,6.1,823249,666023,664034,665487,592518,630105,669392,701538,687957,54.42,,,,,,,,67,2,Changeup,6,5,5,6,5,6,5,6,Standard,Standard,101.0,-0.01,0.017,,,,,-0.017,,1,-1,0.707,0.293,27,24,27,25,1,3,1.0,1.0,,1.0,2.79,0.86,-0.86,40.9,,,,,,Changeup,False
CH,2026-09-19,91.7,2.65,6.08,"Morejon, Adrian",682663,670970,,swinging_strike,,,,,13.0,,R,R,L,SD,MIA,S,,,0,0,2026,0.48,0.01,-0.3107121655222099,0.795546557828589,669364.0,,805300.0,2,7,Top,,,,,,,-8.358299685896382,-133.1406686827253,-7.189993812391127,7.502223942429281,27.83764693109369,-30.656784015879495,3.256865158,1.643651575,,,,91.0,917.0,5.9,823249,666023,664034,665487,592518,630105,669392,701538,687957,54.56,,,,,,,,67,1,Changeup,6,5,5,6,5,6,5,6,Standard,Standard,108.0,0.015,-0.029,80.3,8.9,5.087893068,,0.029,,1,-1,0.692,0.308,27,24,27,25,1,3,1.0,1.0,,1.0,2.7,0.48,-0.48,40.6,21.819747130598603,-26.412336331757015,30.85195403840797,39.50926965136041,50.24744278883135,Changeup,False
CH,2026-09-18,92.0,2.53,5.98,"Morejon, Adrian",805300,670970,strikeout,called_strike,,,,,8.0,Jakob Marsee called out on strikes.,R,L,L,SD,MIA,S,2.0,,1,2,2026,0.76,-0.14,-0.2543978482876832,1.7922489443358751,,,691594.0,2,8,Top,,,,,,,-8.5975337014615,-133.7806288950051,-4.232154979775068,10.916581098503135,27.01356671686247,-33.22636862254359,3.212106299,1.621062992,,,,91.8,990.0,6.0,823252,806956,664034,665487,630105,593428,669392,701538,687957,54.46,,0.0,0.0,1.0,0.0,0.0,,64,4,Changeup,6,2,2,6,2,6,2,6,Infield shade,Standard,108.0,0.006,-0.194,,,,,0.194,,4,-4,0.982,0.018,27,25,27,25,1,3,4.0,2.0,1.0,1.0,2.83,0.76,0.76,44.7,,,,,,Changeup,True
FF,2026-09-18,98.7,2.48,5.99,"Morejon, Adrian",805300,670970,,foul,,,,,2.0,,R,L,L,SD,MIA,S,,,1,1,2026,0.69,1.09,-0.2514921400393072,3.045480738835872,,,691594.0,2,8,Top,,,,,,,-8.924825891859191,-143.494186896869,-4.929023742133278,11.587762486807716,33.337827661019205,-16.16852673565004,3.212106299,1.621062992,206.0,81.7,18.0,98.3,2607.0,6.1,823252,806956,664034,665487,630105,593428,669392,701538,687957,54.35,,,,,,,,64,3,4-Seam Fastball,6,2,2,6,2,6,2,6,Standard,Standard,147.0,0.003,-0.069,64.1,5.1,,,0.069,88.0,4,-4,0.979,0.021,27,25,27,25,1,3,4.0,2.0,1.0,1.0,1.26,0.69,0.69,41.1,-10.239635440621011,26.670924970416188,32.444031003473214,39.418110269410064,11.786550327062235,Four-seam,False
SI,2026-09-18,98.5,2.57,5.92,"Morejon, Adrian",805300,670970,,called_strike,,,,,9.0,,R,L,L,SD,MIA,S,,,1,0,2026,1.37,0.85,0.5176530748470058,1.775563916907339,,,691594.0,2,8,Top,,,,,,,-8.687258029330176,-143.03365881133792,-7.498945564389441,20.795361366327437,34.45578674684048,-18.842899137218463,3.212106299,1.621062992,,,,97.8,2446.0,6.1,823252,806956,664034,665487,630105,593428,669392,701538,687957,54.38,,,,,,,,64,2,Sinker,6,2,2,6,2,6,2,6,Standard,Standard,141.0,0.001,-0.05,,,,,0.05,,4,-4,0.978,0.022,27,25,27,25,1,3,4.0,2.0,1.0,1.0,1.51,1.37,1.37,39.6,,,,,,Sinker,False
SI,2026-09-18,98.7,2.63,5.88,"Morejon, Adrian",805300,670970,,ball,,,,,12.0,,R,L,L,SD,MIA,B,,,0,0,2026,1.4,0.77,1.468799232148907,2.5320054723972927,,,691594.0,2,8,Top,,,,,,,-6.389738652767206,-143.47752232268144,-5.243860041231063,20.775383465204968,34.05239299042283,-20.443344680677207,3.212106299,1.621062992,,,,98.0,2410.0,6.0,823252,806956,664034,665487,630105,593428,669392,701538,687957,54.52,,,,,,,,64,1,Sinker,6,2,2,6,2,6,2,6,Standard,Standard,138.0,-0.001,0.038,,,,,-0.038,,4,-4,0.979,0.021,27,25,27,25,1,3,4.0,2.0,1.0,1.0,1.58,1.4,1.4,37.0,,,,,,Sinker,False
SI,2026-09-14,100.1,2.53,5.86,"Morejon, Adrian",681198,670970,field_out,hit_into_play,,,,,14.0,"TJ Rumfield grounds out softly, pitcher Adrian Morejon to first baseman Ty France.",R,L,L,COL,SD,X,1.0,ground_ball,0,0,2026,1.05,0.59,1.0908909899985078,2.506356675145059,681393.0,,,2,8,Bot,126.0,204.5,,,,,-6.401240949709772,-145.84035631319057,-5.178081126103505,16.407468922271402,28.82993616736332,-22.806288109486356,3.422736221,1.727362205,2.0,53.9,-49.0,100.6,2279.0,6.1,824308,666023,664034,630105,592518,593428,687749,701538,665487,54.38,0.231,0.212,0.0,1.0,0.0,0.0,1.0,79,1,Sinker,7,8,7,8,8,7,7,8,Strategic,Standard,138.0,-0.116,-0.305,54.6,4.4,,0.231,0.305,88.0,-1,-1,0.281,0.281,27,26,27,26,1,4,2.0,1.0,4.0,1.0,1.65,1.05,1.05,42.2,-18.66276772464306,30.5231774452036,40.18321466958279,22.60824490613954,15.765274907764605,Sinker,True
SI,2026-09-14,99.4,2.4,5.92,"Morejon, Adrian",664954,670970,field_out,hit_into_play,,,,,4.0,"Brett Sullivan grounds out, second baseman Jake Cronenworth to first baseman Ty France. Connor Norby to 3rd.",R,L,L,COL,SD,X,4.0,ground_ball,0,1,2026,1.15,0.5,-0.3615362882633066,2.192507211251381,,681393.0,,1,8,Bot,144.71,159.79,,,,,-10.162960384094788,-144.42430857984664,-5.79020942270869,18.370541601352617,30.07946332303925,-24.05935423871656,3.174368438,1.602017717,4.0,77.8,-27.0,99.4,2277.0,6.1,824308,666023,664034,630105,592518,593428,687749,701538,665487,54.37,0.044,0.04,0.0,1.0,0.0,0.0,2.0,78,2,Sinker,7,8,7,8,8,7,7,8,Strategic,Standard,139.0,-0.072,-0.205,58.1,7.1,,0.045,0.205,88.0,-1,-1,0.353,0.353,27,32,27,32,1,0,2.0,1.0,4.0,1.0,1.8,1.15,1.15,38.9,-1.4473172278253894,4.827386941661314,28.55112610431129,42.360348638584746,23.405254003828183,Sinker,True
SI,2026-09-14,100.5,2.46,5.88,"Morejon, Adrian",664954,670970,,called_strike,,,,,2.0,,R,L,L,COL,SD,S,,,0,0,2026,1.19,0.38,-0.0504884069630369,2.9736510685632664,,681393.0,,1,8,Bot,,,,,,,-9.686518166835562,-146.17041184068776,-3.4427677567784305,19.238662586919236,31.69750831901113,-26.137650875630975,3.174368438,1.602017717,,,,100.6,2163.0,6.2,824308,666023,664034,630105,592518,593428,687749,701538,665487,54.31,,,,,,,,78,1,Sinker,7,8,7,8,8,7,7,8,Strategic,Standard,141.0,-0.015,-0.045,,,,,0.045,,-1,-1,0.368,0.368,27,32,27,32,1,0,2.0,1.0,4.0,1.0,1.87,1.19,1.19,38.7,,,,,,Sinker,False
SI,2026-09-14,98.8,2.35,5.92,"Morejon, Adrian",681393,670970,double,hit_into_play,,,,,5.0,Connor Norby doubles (21) on a fly ball to right fielder Fernando Tatis Jr. Ezequiel Tovar scores.,R,R,L,COL,SD,X,9.0,fly_ball,0,1,2026,1.15,0.67,0.0888447931656102,2.3139641280183216,,,678662.0,1,8,Bot,229.35,102.35,,,,,-8.749289169800136,-143.70530392823218,-5.77824467357126,17.849045471972715,30.314530929683265,-21.7673210284171,3.112934711,1.57101378,353.0,95.3,38.0,98.8,2388.0,6.1,824308,666023,664034,630105,592518,593428,687749,701538,665487,54.4,0.066,0.118,1.25,1.0,1.0,1.0,3.0,77,2,Sinker,6,8,6,8,8,7,7,8,Standard,Standard,136.0,0.199,0.83,75.0,6.6,,0.234,-0.83,95.3,-2,-2,0.169,0.169,27,26,27,26,1,4,2.0,2.0,4.0,2.0,1.65,1.15,-1.15,37.7,14.598558775429618,17.59094238805869,40.082644389936426,34.9789343047545,25.481189688009703,Sinker,True
SI,2026-09-14,99.1,2.44,5.89,"Morejon, Adrian",681393,670970,,foul,,,,,5.0,,R,R,L,COL,SD,S,,,0,0,2026,1.19,0.56,-0.1919318238517384,2.106812079386252,,,678662.0,1,8,Bot,,,,,,,-9.863606073443744,-144.14051578177242,-6.104236720048346,18.63709678204649,26.349407105528694,-23.24272181015187,3.112934711,1.57101378,246.0,93.2,16.0,99.6,2347.0,6.1,824308,666023,664034,630105,592518,593428,687749,701538,665487,54.39,,,,,,,,77,1,Sinker,6,8,6,8,8,6,6,8,Standard,Standard,143.0,-0.009,-0.037,70.9,6.1,,,0.037,93.2,-2,-2,0.178,0.178,27,26,27,26,1,4,2.0,2.0,4.0,2.0,1.72,1.19,-1.19,37.4,-5.301428382750001,20.580021187702823,45.82041693653081,31.86327700148974,19.837197263047017,Sinker,False
SI,2026-09-14,98.6,2.46,5.88,"Morejon, Adrian",664983,670970,field_out,hit_into_play,,,,,5.0,Jake McCarthy lines out to center fielder Jackson Merrill.,R,L,L,COL,SD,X,8.0,line_drive,1,0,2026,1.11,0.62,0.1666874157834448,2.722822711223422,,,678662.0,0,8,Bot,119.67,65.52,,,,,-8.731363657890089,-143.50831620201112,-4.4801916273210765,17.183592105834855,26.368063963842893,-22.812522592190795,3.228781168,1.629478347,333.0,96.4,18.0,99.1,2298.0,6.1,824308,666023,664034,630105,592518,593428,687749,701538,665487,54.42,0.426,0.449,0.0,1.0,0.0,0.0,4.0,76,2,Sinker,6,8,6,8,8,6,6,8,Strategic,Standard,142.0,-0.083,-0.283,78.3,6.9,,0.641,0.283,96.4,-2,-2,0.261,0.261,27,28,27,29,1,4,2.0,1.0,4.0,1.0,1.69,1.11,1.11,36.9,6.62723634328196,3.9915545589869574,26.090544145892235,36.737968122357046,22.74374063682132,Sinker,True
SI,2026-09-14,99.1,2.52,5.91,"Morejon, Adrian",664983,670970,,ball,,,,,11.0,,R,L,L,COL,SD,B,,,0,0,2026,1.08,0.58,-1.0451561532786906,3.1396834583863527,,,678662.0,0,8,Bot,,,,,,,-12.128349983572097,-144.0626574635325,-3.4122755301693246,17.58665620050199,26.748729990095303,-23.489318310724308,3.228781168,1.629478347,,,,99.6,2310.0,6.2,824308,666023,664034,630105,592518,593428,687749,701538,665487,54.33,,,,,,,,76,1,Sinker,6,8,6,8,8,6,6,8,Strategic,Standard,89.0,0.012,0.037,,,,,-0.037,,-2,-2,0.249,0.249,27,28,27,29,1,4,2.0,1.0,4.0,1.0,1.71,1.08,1.08,40.8,,,,,,Sinker,False
SI,2026-09-14,98.9,2.64,5.92,"Morejon, Adrian",678662,670970,single,hit_into_play,,,,,8.0,Ezequiel Tovar singles on a ground ball to center fielder Jackson Merrill.,R,R,L,COL,SD,X,8.0,ground_ball,1,0,2026,0.99,0.51,0.2405887088096943,1.9969441606295304,,,,0,8,Bot,164.98,94.42,,,,,-8.745730781707731,-143.96200660742582,-6.342209679195698,15.563466003634137,24.75480574272833,-23.954102952540925,3.219127297,1.624606299,54.0,106.7,0.0,99.3,2409.0,5.9,824308,666023,664034,630105,592518,593428,687749,701538,665487,54.57,0.491,0.451,0.9,1.0,1.0,0.0,4.0,75,2,Sinker,6,8,6,8,8,6,6,8,Standard,Standard,143.0,0.074,0.402,69.4,6.8,,0.537,-0.402,106.7,-2,-2,0.175,0.175,27,24,27,25,1,3,2.0,2.0,4.0,2.0,1.77,0.99,-0.99,37.2,0.9177160025537412,21.436675382450307,38.50034394231123,36.30858576757231,16.02574856672791,Sinker,True
SI,2026-09-14,98.8,2.64,5.93,"Morejon, Adrian",678662,670970,,ball,,,,,13.0,,R,R,L,COL,SD,B,,,0,0,2026,1.01,0.39,-1.1916449448382338,1.5238322269823157,,,,0,8,Bot,,,,,,,-12.614809655127608,-143.54445880363446,-7.322941521012048,16.346959340653267,24.08456843764226,-25.515622469993755,3.219127297,1.624606299,,,,99.4,2308.0,6.1,824308,666023,664034,630105,592518,593428,687749,701538,665487,54.4,,,,,,,,75,1,Sinker,6,8,6,8,8,6,6,8,Standard,Standard,161.0,0.008,0.042,,,,,-0.042,,-2,-2,0.167,0.167,27,24,27,25,1,3,2.0,2.0,4.0,2.0,1.91,1.01,-1.01,36.6,,,,,,Sinker,False
CH,2026-09-12,92.5,2.66,6.01,"Morejon, Adrian",813841,670970,field_out,hit_into_play,,,,,14.0,"Jonah Cox grounds out softly, pitcher Adrian Morejon to first baseman Jake Cronenworth.",R,R,L,SF,SD,X,1.0,ground_ball,1,0,2026,1.04,-0.13,0.6130658585218227,0.8920967965196773,,,,2,8,Bot,127.21,196.73,,,,,-7.432013063905363,-134.52253401344854,-6.739003495086408,14.164072336180135,26.36812135247101,-32.559336251536315,3.29109252,1.660925197,1.0,18.5,-56.0,92.7,949.0,6.2,823170,669134,630105,823550,592518,593428,687749,701538,665487,54.26,0.369,0.332,0.0,1.0,0.0,0.0,1.0,73,2,Changeup,6,7,6,7,7,6,6,7,Standard,Strategic,108.0,-0.036,-0.303,67.7,7.5,,0.374,0.303,88.0,-1,-1,0.201,0.201,27,24,27,25,1,3,1.0,1.0,2.0,1.0,2.77,1.04,-1.04,39.1,9.379202430304307,5.952145175222791,40.65854221489506,40.89750755797769,31.044921365874877,Changeup,True
SI,2026-09-12,99.6,2.45,5.92,"Morejon, Adrian",813841,670970,,ball,,,,,11.0,,R,R,L,SF,SD,B,,,0,0,2026,1.32,0.69,-1.0439863077024003,2.737202190137225,,,,2,8,Bot,,,,,,,-12.56093913936816,-144.49019718533,-4.803592300244422,21.21998468966359,30.424133827020466,-21.54009744246805,3.29109252,1.660925197,,,,99.6,2430.0,6.2,823170,669134,630105,823550,592518,593428,687749,701538,665487,54.25,,,,,,,,73,1,Sinker,6,7,6,7,7,6,6,7,Standard,Strategic,150.0,0.004,0.041,,,,,-0.041,,-1,-1,0.197,0.197,27,24,27,25,1,3,1.0,1.0,2.0,1.0,1.6,1.32,-1.32,38.7,,,,,,Sinker,False
SL,2026-09-12,90.4,2.92,5.87,"Morejon, Adrian",805811,670970,strikeout,swinging_strike,,,,,14.0,Bryce Eldridge strikes out swinging.,R,L,L,SF,SD,S,2.0,,1,2,2026,-0.92,-0.19,0.719641235803153,1.629125232353882,,,,1,8,Bot,,,,,,,-3.4301081613544167,-131.8347479027071,-4.090246076123028,-10.207205893616058,23.848883967771258,-33.81858876898115,3.541215551,1.787155512,,,,90.9,2903.0,6.1,823170,669134,630105,823550,592518,593428,687749,701538,665487,54.37,,0.0,0.0,1.0,0.0,0.0,,72,4,Slider,6,7,6,7,7,6,6,7,Infield shade,Standard,295.0,-0.034,-0.182,73.9,8.7,0.956010036,,0.182,,-1,-1,0.231,0.231,27,21,27,22,1,3,1.0,1.0,2.0,1.0,2.93,-0.92,-0.92,36.8,31.49232529494275,-28.00853181206263,43.41391030208922,28.359907645427167,42.99550188781993,Slider,True
SL,2026-09-12,90.8,2.93,5.81,"Morejon, Adrian",805811,670970,,ball,,,,,14.0,,R,L,L,SF,SD,B,,,0,2,2026,-0.67,0.07,0.2226388756565089,0.886080974985318,,,,1,8,Bot,,,,,,,-5.237064203561885,-132.16504104987845,-6.356051239613296,-6.889112344570837,24.94050448383273,-30.292545140601327,3.541215551,1.787155512,,,,91.0,2945.0,6.2,823170,669134,630105,823550,592518,593428,687749,701538,665487,54.34,,,,,,,,72,3,Slider,6,7,6,7,7,6,6,7,Infield shade,Standard,280.0,0.005,0.019,,,,,-0.019,,-1,-1,0.226,0.226,27,21,27,22,1,3,1.0,1.0,2.0,1.0,2.67,-0.67,-0.67,35.4,,,,,,Slider,False
SI,2026-09-12,99.1,2.38,5.96,"Morejon, Adrian",805811,670970,,swinging_strike,,,,,8.0,,R,L,L,SF,SD,S,,,0,1,2026,1.35,0.62,0.221254028088047,2.326431111917196,,,,1,8,Bot,,,,,,,-8.98212525981705,-143.99281665052618,-5.761676388304009,20.854388232455335,30.656865289397143,-22.468847229049537,3.541215551,1.787155512,,,,99.0,2358.0,6.1,823170,669134,630105,823550,592518,593428,687749,701538,665487,54.37,,,,,,,,72,2,Sinker,6,7,6,7,7,6,6,7,Infield shade,Standard,154.0,-0.012,-0.057,51.3,5.6,0.512601156,,0.057,,-1,-1,0.238,0.238,27,21,27,22,1,3,1.0,1.0,2.0,1.0,1.7,1.35,1.35,37.8,-16.534990674561,34.5085023049942,34.23190994457587,35.65485461562904,5.772596154020033,Sinker,False
SI,2026-09-12,98.9,2.4,5.96,"Morejon, Adrian",805811,670970,,foul,,,,,5.0,,R,L,L,SF,SD,S,,,0,0,2026,1.34,0.77,-0.0490379201129596,2.620185465256467,,,,1,8,Bot,,,,,,,-9.735150223107954,-143.76684420165225,-5.327338164926696,20.73059767231037,29.906513215903065,-20.392798381952463,3.541215551,1.787155512,241.0,90.1,56.0,99.1,2312.0,6.2,823170,669134,630105,823550,592518,593428,687749,701538,665487,54.29,,,,,,,,72,1,Sinker,6,7,6,7,7,6,6,7,Infield shade,Standard,138.0,-0.007,-0.041,71.9,7.4,,,0.041,90.1,-1,-1,0.245,0.245,27,21,27,22,1,3,1.0,1.0,2.0,1.0,1.54,1.34,1.34,38.1,6.7048000352356905,5.259741714953097,36.67977543611402,41.958484072290425,23.305528795517603,Sinker,False
FF,2026-09-12,99.9,2.41,6.05,"Morejon, Adrian",646240,670970,strikeout,swinging_strike,,,,,3.0,Rafael Devers strikes out swinging.,R,L,L,SF,SD,S,2.0,,2,2,2026,0.24,1.29,0.6744606812662282,3.1143004633340023,,,,0,8,Bot,,,,,,,-5.286397324892093,-145.39729863036712,-5.628792606836715,4.592516994132135,31.18317968765969,-12.796992561748509,3.217372047,1.623720472,,,,100.2,2357.0,6.3,823170,669134,630105,823550,592518,593428,687749,701538,665487,54.23,,0.0,0.0,1.0,0.0,0.0,,71,8,4-Seam Fastball,6,7,6,7,7,6,6,7,Infield shade,Standard,154.0,-0.054,-0.232,68.8,6.4,1.242157488,,0.232,,-1,-1,0.299,0.299,27,29,27,30,1,3,1.0,1.0,2.0,,0.98,0.24,0.24,40.8,10.650919881187296,19.160334918453124,30.06847930761164,30.19211744705107,23.532778635932733,Four-seam,True
CH,2026-09-12,93.6,2.57,6.05,"Morejon, Adrian",646240,670970,,foul,,,,,14.0,,R,L,L,SF,SD,S,,,2,2,2026,1.1,0.08,0.7060959996578615,1.164156038947172,,,,0,8,Bot,,,,,,,-7.192044185851474,-136.1687432468657,-6.835481996458236,15.21432186201196,27.54456025961716,-29.91128528407942,3.217372047,1.623720472,,,,93.8,1074.0,6.2,823170,669134,630105,823550,592518,593428,687749,701538,665487,54.28,,,,,,,,71,7,Changeup,6,7,6,7,7,6,6,7,Infield shade,Standard,112.0,0.0,0.0,60.8,7.7,,,0.0,,-1,-1,0.299,0.299,27,29,27,30,1,3,1.0,1.0,2.0,,2.5,1.1,1.1,40.5,9.594906603023324,10.707957421972102,30.70121836231326,29.934959373979375,29.73484879833264,Changeup,False
FF,2026-09-12,98.7,2.31,6.03,"Morejon, Adrian",646240,670970,,foul,,,,,4.0,,R,L,L,SF,SD,S,,,2,2,2026,0.52,1.14,-0.5156415890206651,2.2563258444446883,,,,0,8,Bot,,,,,,,-8.790702564385036,-143.38410296096353,-7.3117808493475485,9.062872461329864,31.269854432553693,-14.91097747452219,3.217372047,1.623720472,318.0,95.6,33.0,98.8,2492.0,6.3,823170,669134,630105,823550,592518,593428,687749,701538,665487,54.21,,,,,,,,71,6,4-Seam Fastball,6,7,6,7,7,6,6,7,Infield shade,Standard,149.0,0.0,0.0,76.1,7.4,,,0.0,95.6,-1,-1,0.299,0.299,27,29,27,30,1,3,1.0,1.0,2.0,,1.2,0.52,0.52,45.6,1.8607514149485191,16.86048478639246,23.644990359693736,44.14565757744996,23.229613259549932,Four-seam,False
FF,2026-09-12,98.6,2.35,6.11,"Morejon, Adrian",646240,670970,,foul,,,,,2.0,,R,L,L,SF,SD,S,,,2,2,2026,0.67,1.41,-0.0467512973084426,2.870224571285384,,,,0,8,Bot,,,,,,,-8.001141036230381,-143.41994099581262,-6.509449916062685,11.008170408085492,30.50747446343634,-11.372058508173511,3.217372047,1.623720472,284.0,82.0,43.0,98.8,2439.0,6.2,823170,669134,630105,823550,592518,593428,687749,701538,665487,54.26,,,,,,,,71,5,4-Seam Fastball,6,7,6,7,7,6,6,7,Infield shade,Standard,168.0,0.0,0.0,68.5,7.1,,,0.0,88.0,-1,-1,0.299,0.299,27,29,27,30,1,3,1.0,1.0,2.0,,0.92,0.67,0.67,41.7,1.3853997980932633,18.38568699279805,24.656059132760035,38.53996925615247,22.739227922390754,Four-seam,False
FF,2026-09-12,98.4,2.53,6.11,"Morejon, Adrian",646240,670970,,ball,,,,,12.0,,R,L,L,SF,SD,B,,,1,2,2026,0.66,1.42,0.4368126126531719,4.0636051108886475,,,,0,8,Bot,,,,,,,-7.129776818631402,-143.18506521596137,-3.257712991116817,10.692937997354514,32.91591817364372,-12.07865205876473,3.217372047,1.623720472,,,,98.1,2428.0,6.1,823170,669134,630105,823550,592518,593428,687749,701538,665487,54.36,,,,,,,,71,4,4-Seam Fastball,6,7,6,7,7,6,6,7,Infield shade,Standard,141.0,0.01,0.046,,,,,-0.046,,-1,-1,0.289,0.289,27,29,27,30,1,3,1.0,1.0,2.0,,0.93,0.66,0.66,42.0,,,,,,Four-seam,False
SI,2026-09-12,98.2,2.65,6.09,"Morejon, Adrian",646240,670970,,swinging_strike,,,,,2.0,,R,L,L,SF,SD,S,,,1,1,2026,1.37,0.79,0.2089359782475401,3.2541855791821295,,,,0,8,Bot,,,,,,,-9.68582226506278,-142.7168075406375,-3.889390807172086,20.90228565224457,30.12215752781436,-20.575458665776985,3.217372047,1.623720472,,,,97.9,2335.0,6.0,823170,669134,630105,823550,592518,593428,687749,701538,665487,54.47,,,,,,,,71,3,Sinker,6,7,6,7,7,6,6,7,Infield shade,Standard,146.0,-0.016,-0.06,68.5,6.5,0.738309084,,0.06,,-1,-1,0.305,0.305,27,29,27,30,1,3,1.0,1.0,2.0,,1.56,1.37,1.37,40.4,0.6536319362660835,40.72085301122885,22.663118746235373,35.035149612182906,10.415705979465422,Sinker,False
SI,2026-09-12,98.4,2.46,6.07,"Morejon, Adrian",646240,670970,,ball,,,,,11.0,,R,L,L,SF,SD,B,,,0,1,2026,1.14,0.75,-1.004488304540448,2.732737500390097,,,,0,8,Bot,,,,,,,-11.901349163054048,-142.77021826356506,-5.116095078718967,18.288922242103336,31.018381145770988,-20.94247340956551,3.217372047,1.623720472,,,,98.1,2244.0,6.1,823170,669134,630105,823550,592518,593428,687749,701538,665487,54.35,,,,,,,,71,2,Sinker,6,7,6,7,7,6,6,7,Infield shade,Standard,153.0,0.006,0.029,,,,,-0.029,,-1,-1,0.299,0.299,27,29,27,30,1,3,1.0,1.0,2.0,,1.61,1.14,1.14,40.5,,,,,,Sinker,False
SI,2026-09-12,98.9,2.58,6.01,"Morejon, Adrian",646240,670970,,called_strike,,,,,4.0,,R,L,L,SF,SD,S,,,0,0,2026,1.31,0.6,-0.4286143497887258,2.1161847623237304,,,,0,8,Bot,,,,,,,-11.147547146763497,-143.50273510998034,-6.278892026386965,20.81925312476395,35.69267302649614,-22.51118773058449,3.217372047,1.623720472,,,,98.0,2359.0,6.1,823170,669134,630105,823550,592518,593428,687749,701538,665487,54.39,,,,,,,,71,1,Sinker,6,7,6,7,7,6,6,7,Infield shade,Standard,142.0,-0.009,-0.041,,,,,0.041,,-1,-1,0.308,0.308,27,29,27,30,1,3,1.0,1.0,2.0,,1.76,1.31,1.31,40.0,,,,,,Sinker,False
FF,2026-09-11,98.4,2.37,6.05,"Morejon, Adrian",646240,670970,strikeout,swinging_strike,,,,,12.0,Rafael Devers strikes out swinging.,R,L,L,SF,SD,S,2.0,,1,2,2026,0.76,1.36,0.617128715374421,3.4900674488558003,,,,2,7,Bot,,,,,,,-6.4444187445081935,-143.0997216126299,-4.491247611595599,11.883297548582249,32.85911586169034,-12.627422599927485,3.217372047,1.623720472,,,,98.0,2385.0,6.1,823173,666023,630105,665487,592518,593428,687749,701538,687957,54.4,,0.0,0.0,1.0,0.0,0.0,,65,4,4-Seam Fastball,5,7,5,7,7,5,5,7,Strategic,Standard,147.0,-0.011,-0.183,66.9,6.8,2.296695636,,0.183,,-2,-2,0.149,0.149,27,29,27,30,1,3,3.0,3.0,1.0,1.0,1.0,0.76,0.76,42.6,13.53413319568065,13.013734425348222,27.662072693554997,28.16508941320106,23.19845969841642,Four-seam,True
SI,2026-09-11,98.6,2.6,5.83,"Morejon, Adrian",646240,670970,,called_strike,,,,,5.0,,R,L,L,SF,SD,S,,,1,1,2026,1.58,0.82,-0.2453744100323978,2.526431499489858,,,,2,7,Bot,,,,,,,-11.318107969462742,-142.98460022274438,-5.186221338654541,24.401301493502302,34.792736208888506,-19.896724490773117,3.217372047,1.623720472,,,,98.0,2436.0,6.2,823173,666023,630105,665487,592518,593428,687749,701538,687957,54.26,,,,,,,,65,3,Sinker,5,7,5,7,7,5,5,7,Strategic,Standard,149.0,-0.004,-0.064,,,,,0.064,,-2,-2,0.153,0.153,27,29,27,30,1,3,3.0,3.0,1.0,1.0,1.55,1.58,1.58,35.1,,,,,,Sinker,False
FF,2026-09-11,98.4,2.47,6.04,"Morejon, Adrian",646240,670970,,ball,,,,,11.0,,R,L,L,SF,SD,B,,,0,1,2026,0.75,1.34,-0.1817349677375753,3.828236933165417,,,,2,7,Bot,,,,,,,-8.83173635206065,-143.12134499863632,-3.5426574280627734,12.331296328182887,31.94887715139844,-13.02677206392698,3.217372047,1.623720472,,,,98.3,2373.0,6.2,823173,666023,630105,665487,592518,593428,687749,701538,687957,54.34,,,,,,,,65,2,4-Seam Fastball,5,7,5,7,7,5,5,7,Strategic,Standard,142.0,0.001,0.03,,,,,-0.03,,-2,-2,0.152,0.152,27,29,27,30,1,3,3.0,3.0,1.0,1.0,1.01,0.75,0.75,40.4,,,,,,Four-seam,False
SI,2026-09-11,99.1,2.42,5.97,"Morejon, Adrian",646240,670970,,called_strike,,,,,5.0,,R,L,L,SF,SD,S,,,0,0,2026,1.41,0.82,0.1799483807751474,2.522171471576434,,,,2,7,Bot,,,,,,,-9.358452867746298,-143.94329001601363,-5.688081575098265,21.813559283872493,33.07752640734579,-19.668705364906764,3.217372047,1.623720472,,,,98.8,2399.0,6.2,823173,666023,630105,665487,592518,593428,687749,701538,687957,54.31,,,,,,,,65,1,Sinker,5,7,5,7,7,5,5,7,Strategic,Standard,140.0,-0.002,-0.045,,,,,0.045,,-2,-2,0.154,0.154,27,29,27,30,1,3,3.0,3.0,1.0,1.0,1.51,1.41,1.41,35.9,,,,,,Sinker,False
FF,2026-09-11,98.3,2.48,6.13,"Morejon, Adrian",813841,670970,strikeout,swinging_strike,,,,,12.0,Jonah Cox strikes out swinging.,R,R,L,SF,SD,S,2.0,,1,2,2026,0.77,1.3,0.1229631850628164,4.043925767211006,,,,1,7,Bot,,,,,,,-8.098533235226364,-142.96093408585227,-3.081999899479828,12.466328936305874,32.857806735862646,-13.80238151755578,3.29109252,1.660925197,,,,98.0,2371.0,6.1,823173,666023,630105,665487,592518,593428,687749,701538,687957,54.38,,0.0,0.0,1.0,0.0,0.0,,64,4,4-Seam Fastball,5,7,5,7,7,5,5,7,Standard,Strategic,152.0,-0.019,-0.182,51.2,4.3,1.360031424,,0.182,,-2,-2,0.173,0.173,27,24,27,25,1,3,3.0,2.0,1.0,1.0,1.06,0.77,-0.77,47.4,-0.9946514362126122,48.233985398959746,21.275470157596725,33.6115093465327,3.7621535658916,Four-seam,True
CH,2026-09-11,91.9,2.81,6.05,"Morejon, Adrian",813841,670970,,ball,,,,,14.0,,R,R,L,SF,SD,B,,,0,2,2026,1.05,-0.6,2.1732257615936734,2.418022181160968,,,,1,7,Bot,,,,,,,-3.8851148791009633,-133.87019068096677,-1.8212706684325448,13.42850833931703,29.574759236327857,-39.13267010984103,3.29109252,1.660925197,,,,91.4,972.0,6.0,823173,666023,630105,665487,592518,593428,687749,701538,687957,54.51,,,,,,,,64,3,Changeup,5,7,5,7,7,5,5,7,Standard,Strategic,105.0,0.003,0.019,,,,,-0.019,,-2,-2,0.17,0.17,27,24,27,25,1,3,3.0,2.0,1.0,1.0,3.29,1.05,-1.05,40.4,,,,,,Changeup,False
CH,2026-09-11,91.5,2.66,6.1,"Morejon, Adrian",813841,670970,,swinging_strike,,,,,7.0,,R,R,L,SF,SD,S,,,0,1,2026,0.89,-0.42,-0.3681776650245033,1.6591565000119557,,,,1,7,Bot,,,,,,,-9.43680549769212,-132.98611893300316,-4.134817982137593,12.55434664196923,28.54870200164091,-36.464156497136386,3.29109252,1.660925197,,,,91.0,990.0,6.0,823173,666023,630105,665487,592518,593428,687749,701538,687957,54.46,,,,,,,,64,2,Changeup,5,7,5,7,7,5,5,7,Standard,Strategic,110.0,-0.007,-0.057,69.4,7.4,3.425298732,,0.057,,-2,-2,0.177,0.177,27,24,27,25,1,3,3.0,2.0,1.0,1.0,3.15,0.89,-0.89,41.3,24.32555209559239,-18.634353005170293,33.764692384619494,29.193006406803335,43.33152140322524,Changeup,False
SI,2026-09-11,99.0,2.66,5.91,"Morejon, Adrian",813841,670970,,called_strike,,,,,8.0,,R,R,L,SF,SD,S,,,0,0,2026,1.45,0.85,-0.0319834786175525,2.080029899601127,,,,1,7,Bot,,,,,,,-10.6204856404585,-143.61234130212867,-6.773333826413669,22.48068648838783,33.04417260437074,-18.95308121362448,3.29109252,1.660925197,,,,98.6,2446.0,6.2,823173,666023,630105,665487,592518,593428,687749,701538,687957,54.3,,,,,,,,64,1,Sinker,5,7,5,7,7,5,5,7,Standard,Strategic,140.0,-0.004,-0.041,,,,,0.041,,-2,-2,0.181,0.181,27,24,27,25,1,3,3.0,2.0,1.0,1.0,1.49,1.45,-1.45,41.1,,,,,,Sinker,False
SI,2026-09-11,99.2,2.48,6.0,"Morejon, Adrian",683766,670970,field_out,hit_into_play,,,,,2.0,Christian Koss lines out to left fielder Jase Bowen.,R,R,L,SF,SD,X,7.0,line_drive,2,1,2026,1.53,0.89,0.247501013233055,2.954851621269227,,,,0,7,Bot,77.02,85.5,,,,,-9.610644582192498,-144.1698717906258,-4.789215902905411,23.554235805074807,33.9589047115042,-18.83075524873664,3.254232283,1.642322835,306.0,98.4,19.0,98.8,2574.0,6.2,823173,666023,630105,665487,592518,593428,687749,701538,687957,54.35,0.323,0.38,0.0,1.0,0.0,0.0,4.0,63,4,Sinker,5,7,5,7,7,5,5,7,Standard,Standard,141.0,-0.047,-0.31,71.3,7.2,,0.593,0.31,98.4,-2,-2,0.228,0.228,27,28,27,28,1,2,3.0,2.0,1.0,1.0,1.44,1.53,-1.53,42.1,14.322899395803155,-11.428306627842789,17.196355142123444,40.57033399867246,29.2722943916742,Sinker,True
SI,2026-09-11,98.2,2.4,6.13,"Morejon, Adrian",683766,670970,,ball,,,,,1.0,,R,R,L,SF,SD,B,,,1,1,2026,1.55,0.81,-0.76954444043748,3.282856351074006,,,,0,7,Bot,,,,,,,-12.013712644203478,-142.4831086038226,-3.860283656010929,23.904677220017582,34.29513869316274,-20.464073982046397,3.254232283,1.642322835,,,,97.2,2490.0,6.0,823173,666023,630105,665487,592518,593428,687749,701538,687957,54.48,,,,,,,,63,3,Sinker,5,7,5,7,7,5,5,7,Standard,Standard,144.0,0.009,0.063,,,,,-0.063,,-2,-2,0.219,0.219,27,28,27,28,1,2,3.0,2.0,1.0,1.0,1.58,1.55,-1.55,39.8,,,,,,Sinker,False
CH,2026-09-11,91.4,2.61,6.17,"Morejon, Adrian",683766,670970,,ball,,,,,14.0,,R,R,L,SF,SD,B,,,0,1,2026,0.92,-0.39,1.4094925650179466,2.008437620841518,,,,0,7,Bot,,,,,,,-4.972631875036863,-133.02857224463577,-3.5160857848406253,12.040567759574532,27.855340801172986,-36.29403943100081,3.254232283,1.642322835,,,,90.8,928.0,5.9,823173,666023,630105,665487,592518,593428,687749,701538,687957,54.63,,,,,,,,63,2,Changeup,5,7,5,7,7,5,5,7,Standard,Standard,108.0,0.004,0.029,,,,,-0.029,,-2,-2,0.215,0.215,27,28,27,28,1,2,3.0,2.0,1.0,1.0,3.11,0.92,-0.92,40.0,,,,,,Changeup,False
SI,2026-09-11,99.3,2.41,6.08,"Morejon, Adrian",683766,670970,,called_strike,,,,,3.0,,R,R,L,SF,SD,S,,,0,0,2026,1.53,0.96,0.3354919015107249,2.831175880315218,,,,0,7,Bot,,,,,,,-9.175320238449755,-144.19854539484172,-5.464815365678646,23.51663578325683,35.731972285734685,-17.726091169112284,3.254232283,1.642322835,,,,98.4,2493.0,6.0,823173,666023,630105,665487,592518,593428,687749,701538,687957,54.48,,,,,,,,63,1,Sinker,5,7,5,7,7,5,5,7,Standard,Standard,145.0,-0.006,-0.041,,,,,0.041,,-2,-2,0.221,0.221,27,28,27,28,1,2,3.0,2.0,1.0,1.0,1.38,1.53,-1.53,40.6,,,,,,Sinker,False
SI,2026-09-08,99.6,2.55,5.85,"Morejon, Adrian",696285,670970,field_out,hit_into_play,,,,,12.0,Jacob Young flies out to right fielder Fernando Tatis Jr.,R,R,L,SD,WSH,X,9.0,fly_ball,0,1,2026,1.35,0.88,0.8378175528364267,2.793779665189528,,,,2,9,Top,203.14,112.9,,,,,-7.856985515616541,-144.77694924974054,-4.818632454756464,20.93493571430811,37.26458273688734,-18.81593380936673,3.187532808,1.608661417,286.0,85.4,30.0,98.8,2377.0,6.1,823250,666023,664034,823550,592518,593428,687749,701538,665487,54.39,0.04,0.04,0.0,1.0,0.0,0.0,3.0,69,2,Sinker,5,4,4,5,4,5,4,5,Standard,Strategic,140.0,0.031,-0.217,71.3,6.4,,0.064,0.217,88.0,1,-1,0.969,0.031,27,26,27,27,1,0,1.0,1.0,3.0,1.0,1.44,1.35,-1.35,37.2,8.329704595424012,17.399346239365475,22.465664410897197,48.36167464894538,18.469235384917617,Sinker,True
SI,2026-09-08,100.3,2.55,5.82,"Morejon, Adrian",696285,670970,,called_strike,,,,,12.0,,R,R,L,SD,WSH,S,,,0,0,2026,1.42,0.75,0.9102580472788864,2.979711141025976,,,,2,9,Top,,,,,,,-7.849471683130576,-145.6871692806874,-3.99061660250076,22.090668819918395,38.234780256735654,-20.80399338923311,3.187532808,1.608661417,,,,99.3,2370.0,6.1,823250,666023,664034,823550,592518,593428,687749,701538,665487,54.4,,,,,,,,69,1,Sinker,5,4,4,5,4,5,4,5,Standard,Strategic,141.0,0.006,-0.045,,,,,0.045,,1,-1,0.963,0.037,27,26,27,27,1,0,1.0,1.0,3.0,1.0,1.55,1.42,-1.42,38.5,,,,,,Sinker,False
CH,2026-09-08,93.3,2.61,5.96,"Morejon, Adrian",691002,670970,strikeout,swinging_strike,,,,,14.0,Yohandy Morales strikes out swinging.,R,R,L,SD,WSH,S,2.0,,0,2,2026,0.5,-0.19,0.3593362176933864,1.0889983394824876,,,,1,9,Top,,,,,,,-6.78981014161424,-135.6192572514785,-6.041638729131687,7.65115788882979,29.08539263556727,-33.43476683303391,3.348138123,1.689714567,,,,92.8,927.0,6.0,823250,666023,664034,823550,592518,593428,687749,701538,665487,54.47,,0.0,0.0,1.0,0.0,0.0,,68,3,Changeup,5,4,4,5,4,5,4,5,Standard,Strategic,113.0,0.033,-0.163,77.8,8.0,6.599942196,,0.163,,1,-1,0.93,0.07,27,24,27,25,1,3,1.0,1.0,3.0,1.0,2.81,0.5,-0.5,41.3,21.094728866164083,-12.318959665926725,33.20656769349816,42.230707203145165,48.19470703887756,Changeup,True
CH,2026-09-08,92.0,2.64,6.02,"Morejon, Adrian",691002,670970,,swinging_strike,,,,,14.0,,R,R,L,SD,WSH,S,,,0,1,2026,0.18,-0.46,0.486048393344353,1.4616364349487307,,,,1,9,Top,,,,,,,-5.734854630314111,-133.84205373781802,-4.430389937244717,3.4120255403911885,29.48244239462779,-36.900670402960145,3.348138123,1.689714567,,,,91.3,826.0,5.9,823250,666023,664034,823550,592518,593428,687749,701538,665487,54.6,,,,,,,,68,2,Changeup,5,4,4,5,4,5,4,5,Standard,Strategic,105.0,0.014,-0.057,74.5,8.2,4.04215356,,0.057,,1,-1,0.916,0.084,27,24,27,25,1,3,1.0,1.0,3.0,1.0,3.16,0.18,-0.18,41.5,24.246719884366467,-9.343702186790876,32.953577637806966,42.38421033247563,44.61323177838816,Changeup,False
SI,2026-09-08,99.8,2.68,5.89,"Morejon, Adrian",691002,670970,,swinging_strike,,,,,12.0,,R,R,L,SD,WSH,S,,,0,0,2026,1.44,0.77,1.7340319346391553,2.7056589668711784,,,,1,9,Top,,,,,,,-6.009762665880975,-145.17993133088598,-4.976939092047786,21.80247395194603,35.111549734341914,-20.35808547865448,3.348138123,1.689714567,,,,99.3,2496.0,6.1,823250,666023,664034,823550,592518,593428,687749,701538,665487,54.38,,,,,,,,68,1,Sinker,5,4,4,5,4,5,4,5,Standard,Strategic,141.0,0.008,-0.041,48.2,7.0,6.69939036,,0.041,,1,-1,0.908,0.092,27,24,27,25,1,3,1.0,1.0,3.0,1.0,1.53,1.44,-1.44,36.2,5.410303008006853,29.26783984698581,30.23446714425187,56.05999016074732,15.465350825111818,Sinker,False
SI,2026-09-08,100.4,2.68,5.95,"Morejon, Adrian",695734,670970,field_out,hit_into_play,,,,,12.0,"Daylen Lile grounds out, second baseman Sung-Mun Song to first baseman Ty France.",R,L,L,SD,WSH,X,4.0,ground_ball,0,1,2026,1.38,0.93,0.9807031473453516,3.071335383720453,,,,0,9,Top,137.29,149.09,,,,,-7.888808197355848,-145.87924848090483,-4.555291642025688,21.626934948210195,37.30212324698624,-18.006548929702944,3.180511811,1.60511811,38.0,61.9,0.0,99.2,2465.0,5.9,823250,666023,664034,823550,592518,593428,687749,701538,665487,54.58,0.101,0.091,0.0,1.0,0.0,0.0,2.0,67,2,Sinker,5,4,4,5,4,5,4,5,Standard,Standard,141.0,0.062,-0.218,62.4,6.1,,0.116,0.218,88.0,1,-1,0.846,0.154,27,23,27,24,1,3,1.0,1.0,3.0,1.0,1.35,1.38,1.38,36.6,7.416980780947735,10.096231512986218,35.24416626017582,23.150585830229463,18.161388312857586,Sinker,True
SI,2026-09-08,99.3,2.51,5.93,"Morejon, Adrian",695734,670970,,called_strike,,,,,8.0,,R,L,L,SD,WSH,S,,,0,0,2026,1.36,0.86,-0.2607986465135334,1.9332509511792868,,,,0,9,Top,,,,,,,-10.664907859556068,-144.00158538052645,-7.236069525108699,21.50734136519337,35.96572616145367,-18.583829270911497,3.180511811,1.60511811,,,,98.3,2424.0,6.1,823250,666023,664034,823550,592518,593428,687749,701538,665487,54.39,,,,,,,,67,1,Sinker,5,4,4,5,4,5,4,5,Standard,Standard,143.0,0.011,-0.041,,,,,0.041,,1,-1,0.835,0.165,27,23,27,24,1,3,1.0,1.0,3.0,1.0,1.48,1.36,1.36,38.8,,,,,,Sinker,False
SI,2026-09-07,99.9,2.62,5.83,"Morejon, Adrian",695578,670970,field_out,hit_into_play,,,,,9.0,"James Wood grounds out, second baseman Jake Cronenworth to first baseman Ty France.",R,L,L,SD,WSH,X,4.0,ground_ball,1,1,2026,1.39,0.68,0.575192468976431,2.2695830715040883,,,,2,8,Top,150.76,139.57,,,,,-8.877097555336828,-145.21984750766072,-5.828625608027664,21.705544914534027,34.18260066179573,-21.333030822647732,3.488558071,1.760580709,5.0,107.2,-23.0,100.0,2441.0,6.4,823254,666023,664034,630105,592518,593428,687749,701538,665487,54.09,0.14,0.126,0.0,1.0,0.0,0.0,2.0,58,3,Sinker,3,2,2,3,2,3,2,3,Strategic,Strategic,140.0,0.026,-0.247,78.0,7.0,,0.147,0.247,107.2,1,-1,0.841,0.159,27,23,27,24,1,3,1.0,1.0,1.0,1.0,1.61,1.39,1.39,40.9,2.0435847485670595,2.456764093332739,44.86823116367465,31.080876570573267,27.5650007382556,Sinker,True
SL,2026-09-07,91.0,2.92,5.9,"Morejon, Adrian",695578,670970,,called_strike,,,,,2.0,,R,L,L,SD,WSH,S,,,1,0,2026,-0.63,-0.19,0.0901971690390947,3.463667030073252,,,,2,8,Top,,,,,,,-5.64071408566338,-132.52794532358354,0.3210075831752383,-6.398996871471485,25.76005883570345,-34.727711724081885,3.488558071,1.760580709,,,,91.4,2825.0,6.3,823254,666023,664034,630105,592518,593428,687749,701538,665487,54.24,,,,,,,,58,2,Slider,3,2,2,3,2,3,2,3,Strategic,Strategic,294.0,0.004,-0.056,,,,,0.056,,1,-1,0.837,0.163,27,23,27,24,1,3,1.0,1.0,1.0,1.0,2.92,-0.63,-0.63,39.4,,,,,,Slider,False
SI,2026-09-07,100.1,2.54,5.93,"Morejon, Adrian",695578,670970,,ball,,,,,11.0,,R,L,L,SD,WSH,B,,,0,0,2026,1.2,0.4,-0.2901096691045908,3.7650803132470583,,,,2,8,Top,,,,,,,-10.583405188366214,-145.4048551064135,-1.3672497540580628,19.524786921520928,34.320600500712125,-26.406876092592515,3.488558071,1.760580709,,,,100.1,2325.0,6.4,823254,666023,664034,630105,592518,593428,687749,701538,665487,54.07,,,,,,,,58,1,Sinker,3,2,2,3,2,3,2,3,Infield shade,Strategic,137.0,-0.003,0.041,,,,,-0.041,,1,-1,0.84,0.16,27,23,27,24,1,3,1.0,1.0,1.0,1.0,1.89,1.2,1.2,45.2,,,,,,Sinker,False
SI,2026-09-07,100.9,2.67,5.9,"Morejon, Adrian",696285,670970,field_out,hit_into_play,,,,,6.0,Jacob Young flies out to right fielder Fernando Tatis Jr. in foul territory.,R,R,L,SD,WSH,X,9.0,fly_ball,1,1,2026,1.27,0.99,0.5898038149434142,2.1709109011301333,,,,1,8,Top,199.93,132.76,,,,,-8.740940233504507,-146.44306781114577,-7.122065102532785,20.382088309230745,37.661836955326706,-16.398767784129177,3.187532808,1.608661417,246.0,80.0,46.0,100.1,2481.0,6.2,823254,666023,664034,630105,592518,593428,687749,701538,665487,54.29,0.017,0.015,0.0,1.0,0.0,0.0,3.0,57,3,Sinker,3,2,2,3,2,3,2,3,Standard,Strategic,138.0,0.039,-0.252,73.2,7.1,,0.017,0.252,88.0,1,-1,0.801,0.199,27,26,27,27,1,2,1.0,1.0,1.0,1.0,1.28,1.27,-1.27,39.0,9.42511785958629,6.901852545738111,32.41129646150139,44.937207103499034,23.85040248937908,Sinker,True
CH,2026-09-07,93.3,2.71,5.98,"Morejon, Adrian",696285,670970,,swinging_strike,,,,,14.0,,R,R,L,SD,WSH,S,,,1,0,2026,0.86,-0.25,0.3966914141224342,1.0114082168313092,,,,1,8,Top,,,,,,,-7.770781028159697,-135.55578091566466,-6.1920096912560725,12.238420747364428,29.142365547748938,-34.03490126275351,3.187532808,1.608661417,,,,93.2,922.0,6.3,823254,666023,664034,630105,592518,593428,687749,701538,665487,54.24,,,,,,,,57,2,Changeup,3,2,2,3,2,3,2,3,Standard,Strategic,95.0,0.008,-0.05,71.7,8.4,5.543322444,,0.05,,1,-1,0.793,0.207,27,26,27,27,1,2,1.0,1.0,1.0,1.0,2.87,0.86,-0.86,42.9,23.70026567892252,-24.312796872016047,32.96915633327495,43.0019604719818,43.74155397861312,Changeup,False
SL,2026-09-07,89.9,3.05,5.92,"Morejon, Adrian",696285,670970,,ball,,,,,12.0,,R,R,L,SD,WSH,B,,,0,0,2026,-0.63,-0.24,1.462650894017168,2.844768944881559,,,,1,8,Top,,,,,,,-2.5326113541288477,-131.11261403865353,-1.019753979111042,-6.818532145270372,24.902297950125327,-34.98907990103791,3.187532808,1.608661417,,,,90.3,2916.0,6.2,823254,666023,664034,630105,592518,593428,687749,701538,665487,54.34,,,,,,,,57,1,Slider,3,2,2,3,2,3,2,3,Standard,Strategic,288.0,-0.006,0.041,,,,,-0.041,,1,-1,0.799,0.201,27,26,27,27,1,2,1.0,1.0,1.0,1.0,3.03,-0.63,0.63,40.1,,,,,,Slider,False
SI,2026-09-07,100.8,2.52,6.02,"Morejon, Adrian",691002,670970,strikeout,swinging_strike,,,,,12.0,Yohandy Morales strikes out swinging.,R,R,L,SD,WSH,S,2.0,,0,2,2026,1.25,0.95,0.2573005379951378,3.635734476973072,,,,0,8,Top,,,,,,,-9.231083367262316,-146.4555154426805,-3.3940821811357025,20.168046267724552,35.29252163904312,-17.828347816582184,3.348138123,1.689714567,,,,100.7,2469.0,6.4,823254,666023,664034,630105,592518,593428,687749,701538,665487,54.13,,0.0,0.0,1.0,0.0,0.0,,56,3,Sinker,3,2,2,3,2,3,2,3,Strategic,Strategic,145.0,0.032,-0.164,68.7,6.1,2.1278976,,0.164,,1,-1,0.767,0.233,27,24,27,25,1,0,1.0,2.0,1.0,1.0,1.3,1.25,-1.25,43.3,8.016567360989303,37.063770695811094,29.708228974496993,38.1592947763278,16.596662780977432,Sinker,True
SI,2026-09-07,99.9,2.62,5.96,"Morejon, Adrian",691002,670970,,called_strike,,,,,5.0,,R,R,L,SD,WSH,S,,,0,1,2026,1.36,0.95,-0.1329433152799617,2.310723404350182,,,,0,8,Top,,,,,,,-10.68788252381625,-144.91727476462893,-6.638540527546078,21.713367119207145,36.34897188416448,-17.294665732703482,3.348138123,1.689714567,,,,99.2,2459.0,6.2,823254,666023,664034,630105,592518,593428,687749,701538,665487,54.28,,,,,,,,56,2,Sinker,3,2,2,3,2,3,2,3,Strategic,Strategic,141.0,0.014,-0.054,,,,,0.054,,1,-1,0.753,0.247,27,24,27,25,1,0,1.0,2.0,1.0,1.0,1.36,1.36,-1.36,40.2,,,,,,Sinker,False
SI,2026-09-07,100.7,2.82,5.99,"Morejon, Adrian",691002,670970,,swinging_strike,,,,,6.0,,R,R,L,SD,WSH,S,,,0,0,2026,1.26,1.09,0.8198379945104772,2.7474484808946453,,,,0,8,Top,,,,,,,-8.488495245020701,-146.29471337828303,-6.032232469942488,20.10322303746207,35.762112747910436,-15.292668831104464,3.348138123,1.689714567,,,,100.3,2394.0,6.3,823254,666023,664034,630105,592518,593428,687749,701538,665487,54.23,,,,,,,,56,1,Sinker,3,2,2,3,2,3,2,3,Strategic,Strategic,140.0,0.008,-0.041,77.3,7.7,1.522122228,,0.041,,1,-1,0.745,0.255,27,24,27,25,1,0,1.0,2.0,1.0,1.0,1.17,1.26,-1.26,40.3,16.0935783148373,15.397678216311247,34.96580955685564,45.69413820913113,20.076472118326947,Sinker,False
FF,2026-09-06,100.5,2.46,5.92,"Morejon, Adrian",691176,670970,field_out,hit_into_play,,,,,5.0,Jasson Domínguez lines out to center fielder Jackson Merrill.,R,R,L,SD,NYY,X,8.0,line_drive,2,2,2026,0.58,1.36,-0.2196656041422759,2.351598090024496,,,,2,8,Top,158.92,78.5,,,,,-8.700281411534394,-145.9983577133385,-7.581843693985111,10.313625510057118,34.475304443484276,-11.134174539028272,3.083095472,1.555954724,338.0,93.0,24.0,100.4,2466.0,6.4,823253,669134,664034,630105,592518,593428,687749,701538,665487,54.15,0.126,0.14,0.0,1.0,0.0,0.0,3.0,60,5,4-Seam Fastball,4,3,3,4,3,4,3,4,Standard,Standard,142.0,0.023,-0.223,74.2,7.3,,0.226,0.223,93.0,1,-1,0.844,0.156,27,23,27,23,1,3,2.0,1.0,1.0,4.0,0.91,0.58,-0.58,40.1,-5.240620730210182,0.3239224767832359,34.18075120025491,32.302937013373864,23.41632030531467,Four-seam,True
FF,2026-09-06,100.5,2.43,5.94,"Morejon, Adrian",691176,670970,,swinging_strike,,,,,11.0,,R,R,L,SD,NYY,S,,,2,1,2026,0.47,1.38,-0.5310844454285266,3.353538046960046,,,,2,8,Top,,,,,,,-9.188054770910211,-146.0295770822148,-4.899905441479645,8.91527897494916,35.87552749740319,-11.52811026909644,3.083095472,1.555954724,,,,100.1,2460.0,6.2,823253,669134,664034,630105,592518,593428,687749,701538,665487,54.25,,,,,,,,60,4,4-Seam Fastball,4,3,3,4,3,4,3,4,Standard,Standard,146.0,0.007,-0.079,73.9,6.9,0.316198044,,0.079,,1,-1,0.837,0.163,27,23,27,23,1,3,2.0,1.0,1.0,4.0,0.9,0.47,-0.47,42.4,6.627269975693373,7.7642421525357,29.4691836142672,29.463768298498294,20.606591225802404,Four-seam,False
CH,2026-09-06,93.7,2.45,6.04,"Morejon, Adrian",691176,670970,,ball,,,,,14.0,,R,R,L,SD,NYY,B,,,1,1,2026,0.63,-0.16,1.1283297967693726,2.181010548443146,,,,2,8,Top,,,,,,,-4.763880027296186,-136.3054934093577,-3.620202273318544,8.927228412586018,31.271848583329085,-33.49975822235702,3.083095472,1.555954724,,,,93.1,902.0,6.0,823253,669134,664034,630105,592518,593428,687749,701538,665487,54.47,,,,,,,,60,3,Changeup,4,3,3,4,3,4,3,4,Standard,Standard,113.0,-0.004,0.055,,,,,-0.055,,1,-1,0.841,0.159,27,23,27,23,1,3,2.0,1.0,1.0,4.0,2.76,0.63,-0.63,46.1,,,,,,Changeup,False
CH,2026-09-06,91.4,2.7,5.99,"Morejon, Adrian",691176,670970,,ball,,,,,12.0,,R,R,L,SD,NYY,B,,,0,1,2026,0.48,-0.33,1.703075593667039,2.4850527636683624,,,676609.0,1,8,Top,,,,,,,-3.5334606596622664,-133.06305488305208,-1.996717673014644,6.487626347038804,28.76385492628347,-35.905370533965026,3.083095472,1.555954724,,,,91.2,883.0,6.2,823253,669134,664034,630105,592518,593428,687749,701538,665487,54.33,,,,,,,,60,2,Changeup,4,3,3,4,3,4,3,4,Standard,Standard,111.0,0.093,0.026,,,,,-0.026,,1,-1,0.748,0.252,27,23,27,23,1,3,2.0,1.0,1.0,4.0,3.06,0.48,-0.48,40.0,,,,,,Changeup,False
CH,2026-09-06,93.1,2.61,6.0,"Morejon, Adrian",691176,670970,,foul,,,,,8.0,,R,R,L,SD,NYY,S,,,0,0,2026,0.32,0.52,0.2385803898467351,1.973826777988608,,,676609.0,1,8,Top,,,,,,,-6.668515603405055,-135.37613070362303,-5.406602767870972,5.445846239418678,31.15304189249772,-24.81555994318512,3.083095472,1.555954724,2.0,92.8,-49.0,92.3,860.0,6.0,823253,669134,664034,630105,592518,593428,687749,701538,665487,54.55,,,,,,,,60,1,Changeup,4,3,3,4,3,4,3,4,Standard,Standard,108.0,0.011,-0.037,68.5,7.8,,,0.037,92.8,1,-1,0.737,0.263,27,23,27,23,1,3,2.0,1.0,1.0,4.0,2.13,0.32,-0.32,42.9,3.5364736520099216,5.118803515559902,30.28296496984459,37.97055246553069,22.137950451911543,Changeup,False
CH,2026-09-06,92.9,2.54,5.98,"Morejon, Adrian",642708,670970,single,hit_into_play,,,,,3.0,Amed Rosario singles on a ground ball to pitcher Adrian Morejon. Paul Goldschmidt scores. Spencer Jones scores. Throwing error by pitcher Adrian Morejon.,R,R,L,SD,NYY,X,1.0,ground_ball,0,1,2026,0.53,0.06,0.303711052208413,2.9821785866691246,502671.0,682987.0,,1,8,Top,112.78,180.93,,,,,-6.818914712106025,-135.1421797361706,-1.7998211648592437,8.012360441437504,30.16798960432243,-31.232300410876302,3.270907152,1.650738189,1.0,72.5,-73.0,92.8,825.0,6.3,823253,669134,664034,630105,592518,593428,687749,701538,665487,54.23,0.295,0.266,0.9,1.0,1.0,0.0,2.0,59,2,Changeup,4,1,1,4,3,4,3,4,Standard,Strategic,108.0,-0.113,0.564,66.7,6.4,,0.298,-0.564,88.0,3,-3,0.85,0.15,27,30,27,31,1,0,2.0,1.0,1.0,6.0,2.59,0.53,-0.53,43.0,3.0496748852395137,20.32984647092129,23.62784947187682,36.30218652383857,17.482764406637678,Changeup,True
SI,2026-09-06,101.4,2.34,5.87,"Morejon, Adrian",642708,670970,,foul,,,,,8.0,,R,R,L,SD,NYY,S,,,0,0,2026,1.49,0.78,-0.208425714380203,1.7988169065502366,502671.0,682987.0,,1,8,Top,,,,,,,-10.636571565303017,-147.202668038651,-7.6968577344522116,24.161425520214475,35.25730206563489,-19.150111722705205,3.270907152,1.650738189,107.0,69.5,32.0,101.2,2450.0,6.4,823253,669134,664034,630105,592518,593428,687749,701538,665487,54.15,,,,,,,,59,1,Sinker,4,1,1,4,1,4,1,4,Standard,Standard,143.0,0.012,-0.058,66.0,6.9,,,0.058,88.0,3,-3,0.838,0.162,27,30,27,31,1,0,2.0,1.0,1.0,6.0,1.45,1.49,-1.49,39.4,-5.5393518116649645,5.7098361486509965,47.232542446685365,29.131849068658884,22.37816489728251,Sinker,False
FF,2026-09-06,100.3,2.32,5.99,"Morejon, Adrian",682987,670970,double,hit_into_play,,,,,7.0,Spencer Jones doubles (11) on a ground ball to left fielder Jase Bowen. Cody Bellinger scores. Paul Goldschmidt to 3rd.,R,L,L,SD,NYY,X,7.0,ground_ball,1,1,2026,0.57,1.09,-0.4917133619054765,1.9678827795115936,,641355.0,502671.0,1,8,Top,64.1,143.41,,,,,-9.019990116418604,-145.6915018737909,-8.157620212852938,10.112229591502684,31.645232284624875,-14.865834191564256,3.499967192,1.766338583,76.0,83.4,4.0,100.4,2526.0,6.3,823253,669134,664034,630105,592518,593428,687749,701538,665487,54.24,0.295,0.28,1.25,1.0,1.0,1.0,2.0,58,3,4-Seam Fastball,4,0,0,4,1,4,1,4,Infield shade,Strategic,145.0,-0.098,0.821,79.6,6.9,,0.354,-0.821,88.0,4,-4,0.936,0.064,27,25,27,25,1,3,2.0,1.0,1.0,2.0,1.17,0.57,0.57,43.5,-8.985419915188626,21.41390345030239,45.56198216734118,43.869773658464304,5.117479190776602,Four-seam,True
FF,2026-09-06,99.6,2.5,6.02,"Morejon, Adrian",682987,670970,,foul,,,,,5.0,,R,L,L,SD,NYY,S,,,1,0,2026,0.58,1.19,0.2068381626836685,2.7271310151911607,,641355.0,502671.0,1,8,Top,,,,,,,-7.583304375666508,-144.78382830125557,-6.208383277168858,9.972907904697488,36.23800243776415,-14.181758038150551,3.499967192,1.766338583,235.0,86.0,54.0,99.1,2382.0,6.3,823253,669134,664034,630105,592518,593428,687749,701538,665487,54.25,,,,,,,,58,2,4-Seam Fastball,4,0,0,4,0,4,0,4,Infield shade,Standard,144.0,0.008,-0.054,76.6,7.1,,,0.054,88.0,4,-4,0.928,0.072,27,25,27,25,1,3,2.0,1.0,1.0,2.0,1.13,0.58,0.58,43.3,4.011359337605161,1.936806795021524,42.9502051119979,34.905039646364855,16.20073773194995,Four-seam,False
SI,2026-09-06,100.4,2.38,5.88,"Morejon, Adrian",682987,670970,,ball,,,,,14.0,,R,L,L,SD,NYY,B,,,0,0,2026,1.43,0.83,0.1576148873265572,1.3078991673161469,,641355.0,502671.0,1,8,Top,,,,,,,-9.478304915674984,-145.6456217076086,-8.932718362515962,22.622671091827392,37.61804614888049,-18.28416730050477,3.499967192,1.766338583,,,,99.7,2455.0,6.3,823253,669134,664034,630105,592518,593428,687749,701538,665487,54.21,,,,,,,,58,1,Sinker,4,0,0,4,0,4,0,4,Infield shade,Standard,145.0,-0.006,0.04,,,,,-0.04,,4,-4,0.934,0.066,27,25,27,25,1,3,2.0,1.0,1.0,2.0,1.46,1.43,1.43,40.0,,,,,,Sinker,False
SI,2026-09-06,100.9,2.53,5.92,"Morejon, Adrian",502671,670970,walk,ball,,,,,13.0,Paul Goldschmidt walks. Cody Bellinger to 2nd.,R,R,L,SD,NYY,B,,,3,0,2026,1.4,0.72,-1.3750064487839406,2.3624021537597684,,,641355.0,1,8,Top,,,,,,,-14.028379772565756,-146.15427783846826,-5.970867289986151,23.55651019510911,37.20291477259694,-20.5082373881131,3.30250164,1.666683071,,,,100.0,2393.0,6.2,823253,669134,664034,630105,592518,593428,687749,701538,665487,54.29,,0.698418,0.7,1.0,0.0,0.0,,57,4,Sinker,4,0,0,4,0,4,0,4,Standard,Standard,133.0,-0.012,0.117,,,,,-0.117,,4,-4,0.946,0.054,27,38,27,39,1,0,2.0,1.0,1.0,6.0,1.56,1.4,-1.4,39.2,,,,,,Sinker,True
SI,2026-09-06,100.8,2.48,5.85,"Morejon, Adrian",502671,670970,,blocked_ball,,,,,13.0,,R,R,L,SD,NYY,B,,,2,0,2026,1.25,0.97,-0.7506408378524119,1.0880735834820667,,,641355.0,1,8,Top,,,,,,,-11.81330844007249,-145.99490225554328,-9.911912852908682,20.66924910801308,33.95147027328132,-15.9859133607124,3.30250164,1.666683071,,,,100.4,2478.0,6.3,823253,669134,664034,630105,592518,593428,687749,701538,665487,54.21,,,,,,,,57,3,Sinker,4,0,0,4,0,4,0,4,Standard,Standard,137.0,-0.008,0.096,,,,,-0.096,,4,-4,0.954,0.046,27,38,27,39,1,0,2.0,1.0,1.0,6.0,1.29,1.25,-1.25,38.2,,,,,,Sinker,False
SI,2026-09-06,101.0,2.67,5.88,"Morejon, Adrian",502671,670970,,ball,,,,,14.0,,R,R,L,SD,NYY,B,,,1,0,2026,1.28,0.97,1.1084758805447057,2.3064289060165635,,,641355.0,1,8,Top,,,,,,,-7.355813596221753,-146.84523234477857,-6.736528406736829,20.296615820063327,33.976114673251914,-16.7322573836739,3.30250164,1.666683071,,,,100.7,2465.0,6.1,823253,669134,664034,630105,592518,593428,687749,701538,665487,54.4,,,,,,,,57,2,Sinker,4,0,0,4,0,4,0,4,Standard,Standard,142.0,-0.006,0.066,,,,,-0.066,,4,-4,0.96,0.04,27,38,27,39,1,0,2.0,1.0,1.0,6.0,1.27,1.28,-1.28,40.8,,,,,,Sinker,False
SI,2026-09-06,100.7,2.42,5.93,"Morejon, Adrian",502671,670970,,ball,,,,,11.0,,R,R,L,SD,NYY,B,,,0,0,2026,1.3,0.79,-1.093527866271731,3.1604591136356417,,,641355.0,1,8,Top,,,,,,,-12.696472007699793,-146.03266041870526,-4.014003364686859,21.594664629450975,34.624651046566164,-20.04688321017111,3.30250164,1.666683071,,,,100.1,2391.0,6.2,823253,669134,664034,630105,592518,593428,687749,701538,665487,54.34,,,,,,,,57,1,Sinker,4,0,0,4,0,4,0,4,Standard,Standard,145.0,-0.003,0.034,,,,,-0.034,,4,-4,0.963,0.037,27,38,27,39,1,0,2.0,1.0,1.0,6.0,1.47,1.3,-1.3,42.5,,,,,,Sinker,False
SI,2026-09-06,100.3,2.56,5.93,"Morejon, Adrian",641355,670970,single,hit_into_play,,,,,8.0,Cody Bellinger singles on a ground ball to second baseman Jake Cronenworth.,R,L,L,SD,NYY,X,4.0,ground_ball,0,0,2026,1.34,0.83,-0.1864835528702972,2.1462749413824405,,,,1,8,Top,139.06,140.44,,,,,-10.64850945384153,-145.51109392951807,-6.7769026233006215,21.60839260705206,36.28672849386947,-18.888974696038225,3.344627625,1.687942913,14.0,98.5,-8.0,99.4,2430.0,6.1,823253,669134,664034,630105,592518,593428,687749,701538,665487,54.38,0.255,0.23,0.9,1.0,1.0,0.0,2.0,56,1,Sinker,4,0,0,4,0,4,0,4,Infield shade,Standard,142.0,-0.014,0.419,68.7,8.0,,0.284,-0.419,98.5,4,-4,0.977,0.023,27,30,27,31,1,3,2.0,1.0,1.0,2.0,1.46,1.34,1.34,43.6,19.06669769042236,14.10793928718093,35.164619154255966,32.97802844888531,23.88291566016487,Sinker,True
SL,2026-09-06,89.3,2.91,5.87,"Morejon, Adrian",700250,670970,strikeout,called_strike,,,,,9.0,Ben Rice called out on strikes.,R,L,L,SD,NYY,S,2.0,,1,2,2026,-0.55,-0.26,0.6760662137505784,2.0616880718989408,,,,0,8,Top,,,,,,,-4.223144897349651,-130.04947226836623,-2.55015694273326,-5.27871179682792,28.684145004882996,-34.764366633698195,3.280561024,1.655610236,,,,88.7,2820.0,6.0,823253,669134,664034,630105,592518,593428,687749,701538,665487,54.54,,0.0,0.0,1.0,0.0,0.0,,55,4,Slider,4,0,0,4,0,4,0,4,Infield shade,Standard,287.0,0.009,-0.187,,,,,0.187,,4,-4,0.968,0.032,27,27,27,27,1,3,2.0,1.0,1.0,2.0,3.12,-0.55,-0.55,38.5,,,,,,Slider,True
FF,2026-09-06,99.7,2.58,6.05,"Morejon, Adrian",700250,670970,,swinging_strike,,,,,12.0,,R,L,L,SD,NYY,S,,,1,1,2026,0.44,1.34,0.0909958061909022,3.492758401914362,,,,0,8,Top,,,,,,,-7.740375378065238,-144.9994004077842,-4.618685454305176,8.063857369998724,35.451201641719734,-12.379863902932826,3.280561024,1.655610236,,,,98.9,2479.0,6.0,823253,669134,664034,630105,592518,593428,687749,701538,665487,54.5,,,,,,,,55,3,4-Seam Fastball,4,0,0,4,0,4,0,4,Infield shade,Standard,153.0,0.003,-0.06,66.5,5.7,2.542560372,,0.06,,4,-4,0.965,0.035,27,27,27,27,1,3,2.0,1.0,1.0,2.0,0.96,0.44,0.44,45.3,-7.131723419515478,29.931449007202264,32.77102618919117,36.91220150990644,5.54918141327763,Four-seam,False
SI,2026-09-06,99.6,2.56,6.09,"Morejon, Adrian",700250,670970,,ball,,,,,12.0,,R,L,L,SD,NYY,B,,,0,1,2026,1.41,0.76,1.2419091577606396,3.927204860407172,,,,0,8,Top,,,,,,,-6.861213498914133,-144.8134886917736,-2.088688102892953,21.407924845586404,38.00115971400675,-21.26798413862641,3.280561024,1.655610236,,,,98.2,2353.0,5.8,823253,669134,664034,630105,592518,593428,687749,701538,665487,54.68,,,,,,,,55,2,Sinker,4,0,0,4,0,4,0,4,Infield shade,Standard,139.0,-0.001,0.029,,,,,-0.029,,4,-4,0.966,0.034,27,27,27,27,1,3,2.0,1.0,1.0,2.0,1.57,1.41,1.41,38.8,,,,,,Sinker,False
SI,2026-09-06,99.3,2.52,5.95,"Morejon, Adrian",700250,670970,,called_strike,,,,,8.0,,R,L,L,SD,NYY,S,,,0,0,2026,1.29,0.7,0.2030944192979973,1.794198185327163,,,,0,8,Top,,,,,,,-9.292309298369451,-144.11412641715123,-7.299195346104504,20.255637165691592,35.79306939180655,-20.74692641588552,3.280561024,1.655610236,,,,98.4,2332.0,6.1,823253,669134,664034,630105,592518,593428,687749,701538,665487,54.4,,,,,,,,55,1,Sinker,4,0,0,4,0,4,0,4,Infield shade,Standard,140.0,0.002,-0.041,,,,,0.041,,4,-4,0.964,0.036,27,27,27,27,1,3,2.0,1.0,1.0,2.0,1.63,1.29,1.29,38.7,,,,,,Sinker,False
SL,2026-09-04,90.9,2.7,5.74,"Morejon, Adrian",669224,670970,strikeout,called_strike,,,,,9.0,Austin Wells called out on strikes.,R,L,L,SD,NYY,S,2.0,,0,2,2026,-0.33,0.06,0.2999891460843021,1.729233632009091,,,,2,8,Top,,,,,,,-5.201659263569264,-132.28192146268395,-4.029266256602559,-2.7413353745186666,28.675411134897033,-30.761636239880655,3.254232283,1.642322835,,,,90.5,2721.0,6.1,823256,669134,664034,630105,592518,593428,669392,701538,665487,54.4,,0.0,0.0,1.0,0.0,0.0,,54,5,Slider,1,1,1,1,1,1,1,1,Infield shade,Standard,295.0,0.016,-0.155,,,,,0.155,,0,0,0.592,0.408,27,26,27,27,1,2,3.0,2.0,2.0,1.0,2.7,-0.33,-0.33,37.6,,,,,,Slider,True
CH,2026-09-04,92.0,2.3,6.01,"Morejon, Adrian",669224,670970,,foul,,,,,6.0,,R,L,L,SD,NYY,S,,,0,2,2026,0.56,0.4,0.2859184436353833,2.189655375995433,,,,2,8,Top,,,,,,,-6.2171675453811055,-133.87767135864303,-4.503793863893185,8.027065170692435,28.509021723528452,-26.5668146311967,3.254232283,1.642322835,282.0,88.4,39.0,91.5,921.0,6.0,823256,669134,664034,630105,592518,593428,669392,701538,665487,54.53,,,,,,,,54,4,Changeup,1,1,1,1,1,1,1,1,Infield shade,Standard,109.0,0.0,0.0,67.5,6.5,,,0.0,88.4,0,0,0.592,0.408,27,26,27,27,1,2,3.0,2.0,2.0,1.0,2.29,0.56,0.56,49.2,5.699568230071112,16.277114541633114,40.513685349212416,31.145503258861673,19.81611669266689,Changeup,False
FF,2026-09-04,100.1,2.26,6.03,"Morejon, Adrian",669224,670970,,foul,,,,,3.0,,R,L,L,SD,NYY,S,,,0,2,2026,0.45,1.35,0.4383170295215067,2.914463192106433,,,,2,8,Top,,,,,,,-6.039575801358884,-145.54361301756327,-6.252810208207955,7.895204123546874,34.94183412337639,-11.67541926361408,3.254232283,1.642322835,66.0,96.5,2.0,99.9,2375.0,6.3,823256,669134,664034,630105,592518,593428,669392,701538,665487,54.24,,,,,,,,54,3,4-Seam Fastball,1,1,1,1,1,1,1,1,Infield shade,Standard,145.0,0.0,0.0,74.0,7.4,,,0.0,96.5,0,0,0.592,0.408,27,26,27,27,1,2,3.0,2.0,2.0,1.0,0.93,0.45,0.45,49.8,21.401399632197705,-18.01076446541698,32.55138772503146,29.41852511168556,37.1811076706304,Four-seam,False
SL,2026-09-04,90.5,2.59,5.85,"Morejon, Adrian",669224,670970,,called_strike,,,,,7.0,,R,L,L,SD,NYY,S,,,0,1,2026,-0.43,-0.08,-0.6225546692364508,1.8157890139562136,,,,2,8,Top,,,,,,,-6.964070495692078,-131.6337260667258,-3.68175454452316,-3.4219127501471656,28.675430869629096,-32.50446654092523,3.254232283,1.642322835,,,,90.2,2787.0,6.2,823256,669134,664034,630105,592518,593428,669392,701538,665487,54.3,,,,,,,,54,2,Slider,1,1,1,1,1,1,1,1,Infield shade,Standard,268.0,0.006,-0.062,,,,,0.062,,0,0,0.586,0.414,27,26,27,27,1,2,3.0,2.0,2.0,1.0,2.87,-0.43,-0.43,40.2,,,,,,Slider,False
SI,2026-09-04,100.3,2.41,5.91,"Morejon, Adrian",669224,670970,,foul,,,,,12.0,,R,L,L,SD,NYY,S,,,0,0,2026,1.39,0.95,0.8954751487968655,3.4499981024983555,,,,2,8,Top,,,,,,,-7.465035686499442,-145.7501574529456,-3.476139642151484,21.653327932669892,37.87184181682502,-18.030060706750906,3.254232283,1.642322835,252.0,90.7,56.0,99.4,2282.0,6.1,823256,669134,664034,630105,592518,593428,669392,701538,665487,54.37,,,,,,,,54,1,Sinker,1,1,1,1,1,1,1,1,Infield shade,Standard,139.0,0.004,-0.045,81.3,7.7,,,0.045,90.7,0,0,0.582,0.418,27,26,27,27,1,2,3.0,2.0,2.0,1.0,1.34,1.39,1.39,37.1,29.263112639038223,-20.15760333978848,28.180464096028512,24.789533377084915,30.838369919028143,Sinker,False
CH,2026-09-04,92.6,2.39,6.02,"Morejon, Adrian",502671,670970,strikeout,swinging_strike,,,,,14.0,Paul Goldschmidt strikes out swinging.,R,R,L,SD,NYY,S,2.0,,0,2,2026,1.12,-0.09,1.0259014408052776,1.5042291339604712,,,,1,8,Top,,,,,,,-5.888591552347646,-134.58064218594586,-5.195553885577583,14.952973975710892,31.646449032858392,-32.24340803284369,3.30250164,1.666683071,,,,91.8,954.0,6.1,823256,669134,664034,630105,592518,593428,669392,701538,665487,54.45,,0.0,0.0,1.0,0.0,0.0,,53,4,Changeup,1,1,1,1,1,1,1,1,Standard,Strategic,105.0,0.022,-0.163,72.5,7.8,2.093969196,,0.163,,0,0,0.56,0.44,27,38,27,39,1,0,3.0,2.0,2.0,1.0,2.77,1.12,-1.12,42.0,11.342354615049588,5.073263696153874,28.050502465609274,52.8673544409226,15.765925318897375,Changeup,True
FF,2026-09-04,99.4,2.21,6.05,"Morejon, Adrian",502671,670970,,foul,,,,,11.0,,R,R,L,SD,NYY,S,,,0,2,2026,0.55,1.38,-0.4852705689079946,3.489990745389272,,,,1,8,Top,,,,,,,-8.57798550361326,-144.48839412667536,-4.701758858491963,9.762563345086532,33.63278058780392,-11.91772880619724,3.30250164,1.666683071,232.0,71.7,33.0,99.0,2492.0,6.1,823256,669134,664034,630105,592518,593428,669392,701538,665487,54.36,,,,,,,,53,3,4-Seam Fastball,1,1,1,1,1,1,1,1,Standard,Strategic,144.0,0.0,0.0,42.9,5.0,,,0.0,88.0,0,0,0.56,0.44,27,38,27,39,1,0,3.0,2.0,2.0,1.0,0.93,0.55,-0.55,45.7,-5.49381063422915,38.98879946209086,26.793869481974227,34.08802383868297,4.39541572455357,Four-seam,False
SI,2026-09-04,99.8,2.32,5.99,"Morejon, Adrian",502671,670970,,foul,,,,,5.0,,R,R,L,SD,NYY,S,,,0,1,2026,1.21,0.97,-0.1673873150889504,2.5768906122440547,,,,1,8,Top,,,,,,,-9.622946896125498,-145.01608597851626,-6.092046670275021,19.364809429027897,32.85541961428045,-17.166635885212205,3.30250164,1.666683071,262.0,77.8,36.0,99.5,2381.0,6.1,823256,669134,664034,630105,592518,593428,669392,701538,665487,54.37,,,,,,,,53,2,Sinker,1,1,1,1,1,1,1,1,Standard,Strategic,147.0,0.009,-0.057,68.5,6.7,,,0.057,88.0,0,0,0.551,0.449,27,38,27,39,1,0,3.0,2.0,2.0,1.0,1.32,1.21,-1.21,40.3,0.5890724680915745,8.51848929288675,36.74301267352334,40.07611608684891,13.03116867305804,Sinker,False
CH,2026-09-04,93.0,2.5,6.03,"Morejon, Adrian",502671,670970,,swinging_strike,,,,,8.0,,R,R,L,SD,NYY,S,,,0,0,2026,0.79,-0.11,-0.254762046696643,1.5942896484023206,,,,1,8,Top,,,,,,,-8.669428773240268,-135.09162206447516,-5.046515852110507,11.567063826783752,29.37170150179608,-32.628480994982624,3.30250164,1.666683071,,,,92.5,966.0,6.1,823256,669134,664034,630105,592518,593428,669392,701538,665487,54.44,,,,,,,,53,1,Changeup,1,1,1,1,1,1,1,1,Standard,Strategic,105.0,0.005,-0.041,73.7,8.3,4.692279528,,0.041,,0,0,0.546,0.454,27,38,27,39,1,0,3.0,2.0,2.0,1.0,2.76,0.79,-0.79,43.4,28.068593962168304,-27.40710454653422,34.86110628485818,38.61401007919687,41.16151653810215,Changeup,False
CH,2026-09-04,93.1,2.42,5.97,"Morejon, Adrian",806146,670970,strikeout,swinging_strike_blocked,,,,,13.0,George Lombard Jr. strikes out swinging.,R,R,L,SD,NYY,S,2.0,,2,2,2026,0.83,-0.33,-0.858362226151449,0.116919264944975,,,,0,8,Top,,,,,,,-10.072235365929863,-134.95883345583115,-8.05610718329004,12.502451262743248,31.951184744614693,-34.40798819795908,3.298991142,1.664911417,,,,91.9,985.0,6.0,823256,669134,664034,630105,592518,593428,669392,701538,665487,54.5,,0.0,0.0,1.0,0.0,0.0,,52,5,Changeup,1,1,1,1,1,1,1,1,Standard,Standard,103.0,0.039,-0.232,40.0,7.0,13.740936516,,0.232,,0,0,0.507,0.493,27,21,27,21,1,2,3.0,6.0,2.0,1.0,3.0,0.83,-0.83,44.7,12.47099143047334,2.1668978447068987,41.49680664842675,29.36635858425484,34.26137001513594,Changeup,True
CH,2026-09-04,92.7,2.67,5.94,"Morejon, Adrian",806146,670970,,ball,,,,,14.0,,R,R,L,SD,NYY,B,,,1,2,2026,0.89,-0.59,1.7325922546202257,0.5498943446613223,,,,0,8,Top,,,,,,,-4.308730365422757,-134.79860690775465,-6.287047488012169,11.758956033742926,31.477494257823132,-38.09960127047903,3.298991142,1.664911417,,,,91.9,853.0,6.0,823256,669134,664034,630105,592518,593428,669392,701538,665487,54.49,,,,,,,,52,4,Changeup,1,1,1,1,1,1,1,1,Standard,Standard,102.0,-0.007,0.046,,,,,-0.046,,0,0,0.514,0.486,27,21,27,21,1,2,3.0,6.0,2.0,1.0,3.26,0.89,-0.89,39.0,,,,,,Changeup,False
CH,2026-09-04,91.9,2.62,6.03,"Morejon, Adrian",806146,670970,,ball,,,,,13.0,,R,R,L,SD,NYY,B,,,0,2,2026,1.04,-0.02,-0.1470500066480775,-0.3883574152898688,,,,0,8,Top,,,,,,,-9.1390808219774,-133.17386649316626,-9.887645566599236,14.451825042270976,31.25037197142784,-30.237796622304153,3.298991142,1.664911417,,,,90.9,940.0,6.1,823256,669134,664034,630105,592518,593428,669392,701538,665487,54.4,,,,,,,,52,3,Changeup,1,1,1,1,1,1,1,1,Standard,Standard,108.0,-0.004,0.022,,,,,-0.022,,0,0,0.518,0.482,27,21,27,21,1,2,3.0,6.0,2.0,1.0,2.76,1.04,-1.04,43.0,,,,,,Changeup,False
SI,2026-09-04,98.8,2.65,5.93,"Morejon, Adrian",806146,670970,,foul,,,,,9.0,,R,R,L,SD,NYY,S,,,0,1,2026,1.35,1.07,0.3760509297257364,1.5996121323221018,,,,0,8,Top,,,,,,,-9.252060564806154,-143.28125073609644,-8.516880584989861,20.836527135361976,36.26346426155727,-15.457536190610035,3.298991142,1.664911417,3.0,89.3,-36.0,97.8,2433.0,6.1,823256,669134,664034,630105,592518,593428,669392,701538,665487,54.37,,,,,,,,52,2,Sinker,1,1,1,1,1,1,1,1,Standard,Standard,139.0,0.011,-0.054,72.8,8.2,,,0.054,89.3,0,0,0.507,0.493,27,21,27,21,1,2,3.0,6.0,2.0,1.0,1.29,1.35,-1.35,37.4,14.683918153677116,-2.946173418152132,36.923391498828224,43.93493232627909,33.13004652360053,Sinker,False
SI,2026-09-04,98.8,2.47,6.02,"Morejon, Adrian",806146,670970,,called_strike,,,,,4.0,,R,R,L,SD,NYY,S,,,0,0,2026,1.26,1.07,-0.3626763765270226,2.756810188055201,,,,0,8,Top,,,,,,,-10.507599145680183,-143.3373424610894,-5.669998891404519,19.902486822493433,35.1529222431888,-16.281360066223115,3.298991142,1.664911417,,,,97.8,2379.0,6.0,823256,669134,664034,630105,592518,593428,669392,701538,665487,54.48,,,,,,,,52,1,Sinker,1,1,1,1,1,1,1,1,Standard,Standard,142.0,0.007,-0.041,,,,,0.041,,0,0,0.5,0.5,27,21,27,21,1,2,3.0,6.0,2.0,1.0,1.29,1.26,-1.26,40.1,,,,,,Sinker,False
SI,2026-09-01,99.6,2.35,5.77,"Morejon, Adrian",682877,670970,sac_fly,hit_into_play,,,,,4.0,Juan Brito out on a sacrifice fly to left fielder Samad Taylor. Sal Stewart scores.,R,R,L,CIN,SD,X,7.0,line_drive,3,2,2026,1.27,0.61,-0.7498702668505508,2.668435344249974,701398.0,680574.0,624431.0,1,8,Bot,78.17,92.35,,,,,-11.36770269766823,-144.4802126151352,-4.314162154467444,20.44992717066257,34.82469245123032,-22.803205676156036,3.220882546,1.625492126,291.0,83.4,25.0,99.1,2371.0,6.2,824472,666023,664034,665487,592518,593428,669392,701538,687749,54.25,,0.188,0.0,1.0,0.0,0.0,3.0,69,8,Sinker,3,2,3,2,2,4,4,2,Strategic,Standard,156.0,0.01,-0.223,82.1,7.2,,,0.223,88.0,1,1,0.926,0.926,27,24,27,25,1,3,2.0,128.0,3.0,1.0,1.71,1.27,-1.27,40.1,8.510426175616804,0.100985833132186,35.292393430210964,29.109572656391915,27.425598617584395,Sinker,True
CH,2026-09-01,92.9,2.3,5.91,"Morejon, Adrian",682877,670970,,foul,,,,,3.0,,R,R,L,CIN,SD,S,,,3,2,2026,1.07,0.19,0.6312265850164758,3.2568474435428523,701398.0,680574.0,624431.0,1,8,Bot,,,,,,,-6.59297274701548,-135.10292294189887,-1.1985703468517757,14.639999728591569,32.14875045278166,-29.750385315284824,3.220882546,1.625492126,288.0,88.0,37.0,92.3,930.0,6.1,824472,666023,664034,665487,592518,593428,669392,701538,687749,54.36,,,,,,,,69,7,Changeup,3,2,3,2,2,3,3,2,Strategic,Standard,106.0,0.0,0.0,61.4,6.4,,,0.0,88.0,1,1,0.926,0.926,27,24,27,25,1,3,2.0,128.0,3.0,1.0,2.47,1.07,-1.07,42.2,8.480604847206068,27.576843812463594,26.304454295562618,45.91045643166317,12.643000610966734,Changeup,False
FF,2026-09-01,99.8,2.21,5.87,"Morejon, Adrian",682877,670970,,foul,,,,,2.0,,R,R,L,CIN,SD,S,,,3,2,2026,0.74,1.23,0.1845657172867141,3.090321616884947,701398.0,680574.0,624431.0,1,8,Bot,,,,,,,-7.266982716093358,-145.03772983021966,-4.996260645671909,12.14601522272847,35.02135160615608,-13.767731398682605,3.220882546,1.625492126,231.0,84.8,56.0,99.6,2432.0,6.3,824472,666023,664034,665487,592518,593428,669392,701538,687749,54.18,,,,,,,,69,6,4-Seam Fastball,3,2,3,2,2,3,3,2,Strategic,Standard,145.0,0.0,0.0,70.7,6.9,,,0.0,88.0,1,1,0.926,0.926,27,24,27,25,1,3,2.0,128.0,3.0,1.0,1.07,0.74,-0.74,42.7,5.45155306557425,13.821337895007034,25.607357548635868,39.246968115425254,21.43518856626804,Four-seam,False
CH,2026-09-01,92.7,2.6,5.84,"Morejon, Adrian",682877,670970,,ball,,,,,13.0,,R,R,L,CIN,SD,B,,,2,2,2026,0.88,0.02,-0.0929029418982012,0.9335750589385235,701398.0,680574.0,624431.0,1,8,Bot,,,,,,,-8.704123690144874,-134.5233035459753,-6.4403634802436285,12.600141975180769,31.27517164765799,-30.645372526437196,3.220882546,1.625492126,,,,92.1,907.0,6.3,824472,666023,664034,665487,592518,593428,669392,701538,687749,54.24,,,,,,,,69,5,Changeup,3,2,3,2,2,3,3,2,Strategic,Standard,96.0,0.013,0.101,,,,,-0.101,,1,1,0.913,0.913,27,24,27,25,1,3,2.0,128.0,3.0,1.0,2.67,0.88,-0.88,45.7,,,,,,Changeup,False
CH,2026-09-01,92.2,2.47,5.83,"Morejon, Adrian",682877,670970,,foul,,,,,13.0,,R,R,L,CIN,SD,S,,,2,1,2026,0.83,-0.1,-0.5922735755729924,1.4307697883777912,701398.0,680574.0,624431.0,1,8,Bot,,,,,,,-9.471522505391032,-133.9538763525645,-4.843786873102243,12.073702791475055,30.169049304072477,-32.47586611450446,3.220882546,1.625492126,,,,91.7,889.0,6.2,824472,666023,664034,665487,592518,593428,669392,701538,687749,54.3,,,,,,,,69,4,Changeup,3,2,3,2,2,3,3,2,Strategic,Standard,98.0,-0.01,-0.081,83.2,8.3,,,0.081,,1,1,0.923,0.923,27,24,27,25,1,3,2.0,128.0,3.0,1.0,2.8,0.83,-0.83,46.2,8.666204569262641,-3.366694315780613,36.060705993054746,31.724745519048007,33.41106537428307,Changeup,False
SI,2026-09-01,98.9,2.48,5.79,"Morejon, Adrian",682877,670970,,foul,,,,,5.0,,R,R,L,CIN,SD,S,,,2,0,2026,1.49,0.52,0.1238396290698768,2.5729636005957053,701398.0,680574.0,624431.0,1,8,Bot,,,,,,,-9.837992579715577,-143.66120689702356,-4.294908950699211,22.93943866384616,35.643184861648635,-24.15950222775793,3.220882546,1.625492126,198.0,76.8,57.0,98.4,2326.0,6.3,824472,666023,664034,665487,592518,593428,669392,701538,687749,54.24,,,,,,,,69,3,Sinker,3,2,3,2,2,3,3,2,Strategic,Standard,155.0,-0.009,-0.051,70.9,7.4,,,0.051,88.0,1,1,0.932,0.932,27,24,27,25,1,3,2.0,128.0,3.0,1.0,1.83,1.49,-1.49,40.8,2.464927585948689,0.3766744114385923,31.37926984885285,40.604739218654245,24.01944778808365,Sinker,False
SI,2026-09-01,99.7,2.34,5.8,"Morejon, Adrian",682877,670970,,ball,,,,,11.0,,R,R,L,CIN,SD,B,,,1,0,2026,1.49,0.66,-1.3408708493462256,2.748955889952727,701398.0,680574.0,624431.0,1,8,Bot,,,,,,,-13.51986435272178,-144.48598115548114,-4.277399959948624,24.182271954169806,35.593403234047855,-22.113394773486203,3.220882546,1.625492126,,,,99.2,2334.0,6.4,824472,666023,664034,665487,592518,593428,669392,701538,687749,54.13,,,,,,,,69,2,Sinker,3,2,3,2,2,3,3,2,Strategic,Standard,139.0,0.009,0.054,,,,,-0.054,,1,1,0.923,0.923,27,24,27,25,1,3,2.0,128.0,3.0,1.0,1.67,1.49,-1.49,40.6,,,,,,Sinker,False
CH,2026-09-01,93.0,2.5,5.87,"Morejon, Adrian",682877,670970,,ball,,,,,12.0,,R,R,L,CIN,SD,B,,,0,0,2026,1.14,-0.61,1.4829816428442997,2.870036429999945,701398.0,680574.0,624431.0,1,8,Bot,,,,,,,-5.099255451346702,-135.3251297313463,-0.3348292905552497,15.0853553858404,30.469876985537244,-39.76594482886883,3.220882546,1.625492126,,,,92.8,1017.0,6.2,824472,666023,664034,665487,592518,593428,669392,701538,687749,54.27,,,,,,,,69,1,Changeup,3,2,3,2,2,3,3,2,Strategic,Standard,105.0,0.004,0.028,,,,,-0.028,,1,1,0.919,0.919,27,24,27,25,1,3,2.0,128.0,3.0,1.0,3.25,1.14,-1.14,39.9,,,,,,Changeup,False
SI,2026-09-01,99.3,2.39,5.79,"Morejon, Adrian",624431,670970,single,hit_into_play,,,,,3.0,Jose Trevino singles on a line drive to center fielder Jackson Merrill. Elly De La Cruz scores. Sal Stewart to 3rd. Matt McLain to 2nd.,R,R,L,CIN,SD,X,8.0,line_drive,3,2,2026,1.47,0.6,0.3124062078671015,2.6102605992140937,682829.0,701398.0,680574.0,1,8,Bot,131.24,95.47,,,,,-9.112378504153348,-144.2131187095799,-4.444225582892613,22.704745312577096,35.40810357869917,-22.96390661985915,3.061154856,1.54488189,187.0,97.6,8.0,98.9,2414.0,6.3,824472,666023,664034,665487,592518,593428,669392,701538,687749,54.2,0.68,0.639,0.9,1.0,1.0,0.0,4.0,68,7,Sinker,2,2,2,2,2,3,3,2,Standard,Standard,136.0,0.121,0.395,66.5,6.7,,0.76,-0.395,97.6,0,0,0.798,0.798,27,33,27,34,1,3,2.0,3.0,3.0,4.0,1.73,1.47,-1.47,39.1,8.682754931248686,11.95198669963791,21.700374082608295,43.83542383131005,26.33665989295345,Sinker,True
SI,2026-09-01,99.8,2.46,5.78,"Morejon, Adrian",624431,670970,,foul,,,,,5.0,,R,R,L,CIN,SD,S,,,3,2,2026,1.5,0.94,-0.1912118879512148,2.172478942609687,682829.0,701398.0,680574.0,1,8,Bot,,,,,,,-10.754504746285766,-144.86245384062124,-6.533546137932249,23.588667003743108,33.80842013916707,-17.502569686334052,3.061154856,1.54488189,150.0,81.4,12.0,99.6,2405.0,6.3,824472,666023,664034,665487,592518,593428,669392,701538,687749,54.2,,,,,,,,68,6,Sinker,2,2,2,2,2,2,2,2,Standard,Standard,137.0,0.0,0.0,69.5,6.3,,,0.0,88.0,0,0,0.798,0.798,27,33,27,34,1,3,2.0,3.0,3.0,4.0,1.36,1.5,-1.5,40.1,-4.691214046770922,21.804038438874112,33.014322013315905,39.628373074459134,15.012034666380636,Sinker,False
SI,2026-09-01,98.9,2.4,5.79,"Morejon, Adrian",624431,670970,,foul,,,,,2.0,,R,R,L,CIN,SD,S,,,3,1,2026,1.42,0.65,-0.1756583259665498,2.7895654071833995,682829.0,701398.0,680574.0,1,8,Bot,,,,,,,-10.280971719018533,-143.56600010334142,-3.9750575419038254,22.21865157816376,38.263287331775935,-22.39348846243043,3.061154856,1.54488189,176.0,78.6,69.0,98.0,2371.0,6.3,824472,666023,664034,665487,592518,593428,669392,701538,687749,54.22,,,,,,,,68,5,Sinker,2,2,2,2,2,2,2,2,Standard,Standard,143.0,-0.036,-0.066,65.6,6.8,,,0.066,88.0,0,0,0.834,0.834,27,33,27,34,1,3,2.0,3.0,3.0,4.0,1.72,1.42,-1.42,43.7,5.896908417225958,8.159970381471169,24.343823869307144,41.00976091100937,24.460186132879635,Sinker,False
SI,2026-09-01,100.1,2.48,5.81,"Morejon, Adrian",624431,670970,,called_strike,,,,,3.0,,R,R,L,CIN,SD,S,,,3,0,2026,1.49,0.68,0.4616353945565266,2.663901070909167,682829.0,701398.0,680574.0,1,8,Bot,,,,,,,-9.05773969393018,-145.31751346386548,-4.62948325727448,23.30790652935945,39.07048765881026,-21.555377564054343,3.061154856,1.54488189,,,,99.2,2423.0,6.3,824472,666023,664034,665487,592518,593428,669392,701538,687749,54.25,,,,,,,,68,4,Sinker,2,2,2,2,2,2,2,2,Standard,Standard,139.0,-0.028,-0.1,,,,,0.1,,0,0,0.862,0.862,27,33,27,34,1,3,2.0,3.0,3.0,4.0,1.63,1.49,-1.49,39.3,,,,,,Sinker,False
SI,2026-09-01,99.6,2.42,5.78,"Morejon, Adrian",624431,670970,,ball,,,,,11.0,,R,R,L,CIN,SD,B,,,2,0,2026,1.43,0.77,-0.9500398494172172,2.3977687047524174,682829.0,701398.0,680574.0,1,8,Bot,,,,,,,-12.526250020359882,-144.34606904171903,-5.418088806094868,23.13199721818734,37.540138601606365,-20.19629122128048,3.061154856,1.54488189,,,,98.8,2353.0,6.4,824472,666023,664034,665487,592518,593428,669392,701538,687749,54.15,,,,,,,,68,3,Sinker,2,2,2,2,2,2,2,2,Standard,Standard,142.0,0.042,0.135,,,,,-0.135,,0,0,0.82,0.82,27,33,27,34,1,3,2.0,3.0,3.0,4.0,1.57,1.43,-1.43,41.7,,,,,,Sinker,False
CH,2026-09-01,93.0,2.5,5.79,"Morejon, Adrian",624431,670970,,blocked_ball,,,,,14.0,,R,R,L,CIN,SD,B,,,1,0,2026,0.79,-0.23,0.1568529724678177,0.3602334704665502,682829.0,701398.0,680574.0,1,8,Bot,,,,,,,-7.677392367570935,-135.1486302752967,-7.3181577018455055,11.420714931590917,29.79409548591719,-33.54863809115671,3.061154856,1.54488189,,,,92.8,1053.0,6.3,824472,666023,664034,665487,592518,593428,669392,701538,687749,54.21,,,,,,,,68,2,Changeup,2,2,2,2,2,2,2,2,Strategic,Standard,108.0,0.029,0.054,,,,,-0.054,,0,0,0.791,0.791,27,33,27,34,1,3,2.0,3.0,3.0,4.0,2.88,0.79,-0.79,39.2,,,,,,Changeup,False
CH,2026-09-01,92.3,2.82,5.89,"Morejon, Adrian",624431,670970,,ball,,,,,12.0,,R,R,L,CIN,SD,B,,,0,0,2026,0.46,-0.02,1.6036843742661335,3.3240275028092525,682829.0,701398.0,680574.0,1,8,Bot,,,,,,,-4.054772124556589,-134.4231095985198,-0.4794967219763894,6.438136858373137,29.84113651838563,-32.50723705239084,3.061154856,1.54488189,,,,92.2,891.0,6.3,824472,666023,664034,665487,592518,593428,669392,701538,687749,54.24,,,,,,,,68,1,Changeup,2,2,2,2,2,2,2,2,Strategic,Standard,102.0,0.014,0.028,,,,,-0.028,,0,0,0.777,0.777,27,33,27,34,1,3,2.0,3.0,3.0,4.0,2.69,0.46,-0.46,40.0,,,,,,Changeup,False
SI,2026-09-01,99.3,2.48,5.79,"Morejon, Adrian",668709,670970,field_out,hit_into_play,,,,,6.0,"JJ Bleday grounds out, second baseman Fernando Tatis Jr. to first baseman Ty France. Sal Stewart to 2nd.",R,L,L,CIN,SD,X,4.0,ground_ball,1,1,2026,1.42,0.86,0.4576684220034361,2.603149380977798,682829.0,,701398.0,0,8,Bot,138.63,167.9,,,,,-8.842216967465248,-144.31854143921274,-5.1071261568995725,21.989879425806286,34.92285832871005,-19.17728000769505,3.286704396,1.65871063,12.0,67.2,-11.0,99.0,2476.0,6.3,824472,666023,664034,665487,592518,593428,669392,701538,687749,54.24,0.064,0.058,0.0,1.0,0.0,0.0,2.0,66,3,Sinker,2,2,2,2,2,2,2,2,Strategic,Standard,141.0,-0.06,-0.276,71.6,6.0,,0.064,0.276,88.0,0,0,0.836,0.836,27,28,27,29,1,3,2.0,1.0,3.0,1.0,1.47,1.42,1.42,41.8,2.6584462018561816,16.727610814298973,34.939022290383015,32.25646951521711,20.665244969633765,Sinker,True
SI,2026-09-01,100.1,2.41,5.75,"Morejon, Adrian",668709,670970,,called_strike,,,,,1.0,,R,L,L,CIN,SD,S,,,1,0,2026,1.42,0.83,-0.481375138555338,3.0231393546209677,682829.0,,701398.0,0,8,Bot,,,,,,,-11.23403579397332,-145.22736170023848,-3.854971701336585,22.7834426444582,37.16569947098081,-19.72299484191874,3.286704396,1.65871063,,,,99.3,2491.0,6.2,824472,666023,664034,665487,592518,593428,669392,701538,687749,54.29,,,,,,,,66,2,Sinker,2,2,2,2,2,2,2,2,Strategic,Standard,135.0,-0.006,-0.024,,,,,0.024,,0,0,0.842,0.842,27,28,27,29,1,3,2.0,1.0,3.0,1.0,1.48,1.42,1.42,43.0,,,,,,Sinker,False
SI,2026-09-01,100.2,2.45,5.77,"Morejon, Adrian",668709,670970,,ball,,,,,13.0,,R,L,L,CIN,SD,B,,,0,0,2026,1.4,0.88,-0.9171215255686678,1.8648659504439904,682829.0,,701398.0,0,8,Bot,,,,,,,-12.504592659833266,-145.2277586323754,-7.230004887127608,22.75170460456593,35.76738538613208,-18.09082918741363,3.286704396,1.65871063,,,,99.7,2527.0,6.4,824472,666023,664034,665487,592518,593428,669392,701538,687749,54.13,,,,,,,,66,1,Sinker,2,2,2,2,2,2,2,2,Strategic,Standard,145.0,0.002,0.016,,,,,-0.016,,0,0,0.84,0.84,27,28,27,29,1,3,2.0,1.0,3.0,1.0,1.42,1.4,1.4,39.3,,,,,,Sinker,False
SI,2026-09-01,99.3,2.44,5.84,"Morejon, Adrian",701398,670970,single,hit_into_play,,,,,5.0,Sal Stewart singles on a sharp line drive to center fielder Jackson Merrill. Elly De La Cruz to 3rd.,R,R,L,CIN,SD,X,8.0,line_drive,1,0,2026,1.46,0.85,-0.1713720880848368,2.609233490142304,,,682829.0,0,8,Bot,158.17,79.79,,,,,-10.514029755564987,-144.05756301836263,-5.13567451293955,22.9343468562642,37.60618319248327,-19.335324387238185,3.239312664,1.634793307,239.0,107.4,11.0,98.6,2425.0,6.3,824472,666023,664034,665487,592518,593428,669392,701538,687749,54.17,0.931,0.944,0.9,1.0,1.0,0.0,4.0,65,2,Sinker,2,2,2,2,2,2,2,2,Standard,Standard,145.0,0.161,0.431,,,,1.256,-0.431,107.4,0,0,0.679,0.679,27,22,27,23,1,3,2.0,1.0,3.0,1.0,1.5,1.46,-1.46,43.2,,,,,,Sinker,True
SI,2026-09-01,100.0,2.4,5.82,"Morejon, Adrian",701398,670970,,ball,,,,,13.0,,R,R,L,CIN,SD,B,,,0,0,2026,1.49,0.77,-1.3894903946072363,1.870395947196448,,,682829.0,0,8,Bot,,,,,,,-13.857037922683483,-144.7685671025236,-7.029717818999732,24.32288819746737,37.237034402486415,-19.711006856914697,3.239312664,1.634793307,,,,99.4,2433.0,6.5,824472,666023,664034,665487,592518,593428,669392,701538,687749,54.04,,,,,,,,65,1,Sinker,2,2,2,2,2,2,2,2,Standard,Standard,143.0,0.009,0.037,,,,,-0.037,,0,0,0.67,0.67,27,22,27,23,1,3,2.0,1.0,3.0,1.0,1.55,1.49,-1.49,41.0,,,,,,Sinker,False
FF,2026-09-01,99.3,2.36,5.91,"Morejon, Adrian",682829,670970,walk,ball,,,,,11.0,Elly De La Cruz walks.,R,R,L,CIN,SD,B,,,3,2,2026,0.53,1.44,-1.05777902869291,2.6684088171568594,,,,0,8,Bot,,,,,,,-10.47451430634134,-144.1134420148032,-6.610462373144403,9.99085959867241,36.47426016064635,-10.771719118051266,3.460474081,1.74640748,,,,98.9,2523.0,6.4,824472,666023,664034,665487,592518,593428,669392,701538,687749,54.11,,0.698418,0.7,1.0,0.0,0.0,,64,7,4-Seam Fastball,2,2,2,2,2,2,2,2,Standard,Strategic,146.0,0.053,0.36,,,,,-0.36,,0,0,0.617,0.617,27,24,27,24,1,3,2.0,1.0,3.0,1.0,0.91,0.53,-0.53,43.5,,,,,,Four-seam,True
FF,2026-09-01,99.6,2.74,5.8,"Morejon, Adrian",682829,670970,,foul,,,,,3.0,,R,R,L,CIN,SD,S,,,3,2,2026,1.05,1.29,0.3680492734591802,3.290037507841334,,,,0,8,Bot,,,,,,,-8.894222746170913,-144.6500500974338,-4.322667598562093,16.857604073070046,36.99797264502512,-13.3460183969187,3.460474081,1.74640748,222.0,78.8,23.0,99.0,2459.0,6.3,824472,666023,664034,665487,592518,593428,669392,701538,687749,54.23,,,,,,,,64,6,4-Seam Fastball,2,2,2,2,2,2,2,2,Standard,Strategic,155.0,0.0,0.0,79.3,6.9,,,0.0,88.0,0,0,0.617,0.617,27,24,27,24,1,3,2.0,1.0,3.0,1.0,1.04,1.05,-1.05,38.9,2.6623537870312712,8.585526004278078,27.29715171188247,42.06235301957531,31.3186823141786,Four-seam,False
SI,2026-09-01,99.4,2.48,5.88,"Morejon, Adrian",682829,670970,,ball,,,,,12.0,,R,R,L,CIN,SD,B,,,2,2,2026,1.13,1.24,0.1132065278973588,4.293883876768807,,,,0,8,Bot,,,,,,,-9.066283720802288,-144.4496912620616,-1.6589506530646632,18.07293578379186,37.247373642650075,-14.796056019384066,3.460474081,1.74640748,,,,98.7,2524.0,6.2,824472,666023,664034,665487,592518,593428,669392,701538,687749,54.29,,,,,,,,64,5,Sinker,2,2,2,2,2,2,2,2,Standard,Standard,139.0,0.016,0.113,,,,,-0.113,,0,0,0.601,0.601,27,24,27,24,1,3,2.0,1.0,3.0,1.0,1.1,1.13,-1.13,39.1,,,,,,Sinker,False
CH,2026-09-01,92.0,2.72,5.94,"Morejon, Adrian",682829,670970,,ball,,,,,14.0,,R,R,L,CIN,SD,B,,,1,2,2026,1.22,-0.08,1.4187695875991275,1.8066784687320188,,,,0,8,Bot,,,,,,,-5.932944754027831,-133.75249084647064,-4.179008028063953,15.929779092465212,29.94978394958331,-32.39266835799718,3.460474081,1.74640748,,,,91.7,1094.0,6.2,824472,666023,664034,665487,592518,593428,669392,701538,687749,54.27,,,,,,,,64,4,Changeup,2,2,2,2,2,2,2,2,Standard,Standard,107.0,0.007,0.046,,,,,-0.046,,0,0,0.594,0.594,27,24,27,24,1,3,2.0,1.0,3.0,1.0,2.79,1.22,-1.22,42.3,,,,,,Changeup,False
CH,2026-09-01,92.3,2.68,5.92,"Morejon, Adrian",682829,670970,,ball,,,,,14.0,,R,R,L,CIN,SD,B,,,0,2,2026,0.99,0.32,1.5024835071101612,0.1562435496099767,,,,0,8,Bot,,,,,,,-5.120793494838794,-134.12355619407313,-9.218352825215876,13.014969789869223,30.405689888235717,-26.369024687379692,3.460474081,1.74640748,,,,91.9,1075.0,6.2,824472,666023,664034,665487,592518,593428,669392,701538,687749,54.27,,,,,,,,64,3,Changeup,2,2,2,2,2,2,2,2,Standard,Standard,113.0,0.004,0.022,,,,,-0.022,,0,0,0.59,0.59,27,24,27,24,1,3,2.0,1.0,3.0,1.0,2.37,0.99,-0.99,42.2,,,,,,Changeup,False
CH,2026-09-01,92.2,2.76,5.92,"Morejon, Adrian",682829,670970,,called_strike,,,,,14.0,,R,R,L,CIN,SD,S,,,0,1,2026,0.95,-0.07,0.1644784089227441,1.5707855491504985,,,,0,8,Bot,,,,,,,-8.561492449855544,-133.93183943907934,-4.788277927429142,13.293757545812191,29.443483562640807,-32.13006421208329,3.460474081,1.74640748,,,,91.7,895.0,6.1,824472,666023,664034,665487,592518,593428,669392,701538,687749,54.37,,,,,,,,64,2,Changeup,2,2,2,2,2,2,2,2,Standard,Standard,114.0,-0.011,-0.054,,,,,0.054,,0,0,0.601,0.601,27,24,27,24,1,3,2.0,1.0,3.0,1.0,2.76,0.95,-0.95,42.4,,,,,,Changeup,False
SI,2026-09-01,99.5,2.64,5.88,"Morejon, Adrian",682829,670970,,swinging_strike,,,,,6.0,,R,R,L,CIN,SD,S,,,0,0,2026,1.52,0.93,0.6506778917686593,2.7629752465055226,,,,0,8,Bot,,,,,,,-8.987236393187429,-144.4736192967742,-5.079555635763073,23.41093850687333,37.08944217381919,-18.13461628980995,3.460474081,1.74640748,,,,98.7,2539.0,6.2,824472,666023,664034,665487,592518,593428,669392,701538,687749,54.28,,,,,,,,64,1,Sinker,2,2,2,2,2,2,2,2,Standard,Standard,144.0,-0.007,-0.041,84.1,6.9,0.713199912,,0.041,,0,0,0.608,0.608,27,24,27,24,1,3,2.0,1.0,3.0,1.0,1.4,1.52,-1.52,41.1,3.9903707460733218,11.413675950564572,29.285341820417543,47.02215955636744,33.07363298546224,Sinker,False
,2026-09-01,,,,"Morejon, Adrian",680574,670970,,automatic_ball,,,,,,,R,R,L,CIN,SD,B,,,2,0,2026,,,,,682829.0,701398.0,,1,8,Bot,,,,,,,,,,,,,,,,,,,,,824472,666023,664034,665487,592518,593428,669392,701538,687749,,,,,,,,,67,3,,2,2,2,2,2,2,2,2,,,,0.001,,,,,,,,0,0,0.776,0.776,27,26,27,27,1,3,2.0,1.0,3.0,1.0,,,,,,,,,,,False
,2026-09-01,,,,"Morejon, Adrian",680574,670970,,automatic_ball,,,,,,,R,R,L,CIN,SD,B,,,1,0,2026,,,,,682829.0,701398.0,,1,8,Bot,,,,,,,,,,,,,,,,,,,,,824472,666023,664034,665487,592518,593428,669392,701538,687749,,,,,,,,,67,2,,2,2,2,2,2,2,2,2,,,,0.0,,,,,,,,0,0,0.776,0.776,27,26,27,27,1,3,2.0,1.0,3.0,1.0,,,,,,,,,,,False
,2026-09-01,,,,"Morejon, Adrian",680574,670970,intent_walk,automatic_ball,,,,,,Adrian Morejon intentionally walks Matt McLain.,R,R,L,CIN,SD,B,,,3,0,2026,,,,,682829.0,701398.0,,1,8,Bot,,,,,,,,,,,,,,,,,,,,,824472,666023,664034,665487,592518,593428,669392,701538,687749,,,,0.4,,0.0,0.0,,67,4,,2,2,2,2,2,2,2,2,,,,0.0,,,,,,,,0,0,0.777,0.777,27,26,27,27,1,3,2.0,1.0,3.0,1.0,,,,,,,,,,,True
,2026-09-01,,,,"Morejon, Adrian",680574,670970,,automatic_ball,,,,,,,R,R,L,CIN,SD,B,,,0,0,2026,,,,,682829.0,701398.0,,1,8,Bot,,,,,,,,,,,,,,,,,,,,,824472,666023,664034,665487,592518,593428,669392,701538,687749,,,,,,,,,67,1,,2,2,2,2,2,2,2,2,,,,0.0,,,,,,,,0,0,0.776,0.776,27,26,27,27,1,3,2.0,1.0,3.0,1.0,,,,,,,,,,,False
FF,2026-08-30,98.7,2.38,5.96,"Morejon, Adrian",666018,670970,strikeout,swinging_strike,,,,,12.0,Jonathan Aranda strikes out swinging.,R,L,L,TB,SD,S,2.0,,2,2,2026,0.66,1.3,0.2600806480233135,3.722485082277446,670764.0,,,2,8,Bot,,,,,,,-7.281652849905898,-143.65491029492793,-3.5601861184465697,10.822021095393298,32.757629089068445,-13.508165925323093,3.189288058,1.609547244,,,,99.1,2377.0,6.5,822933,666023,664034,630105,823550,593428,669392,701538,687749,54.05,,0.0,0.0,1.0,0.0,0.0,,63,7,4-Seam Fastball,1,3,1,3,3,1,1,3,Strategic,Standard,146.0,-0.049,-0.273,33.8,5.2,2.4355875,,0.273,,-2,-2,0.125,0.125,27,28,27,28,1,3,1.0,1.0,2.0,1.0,1.03,0.66,0.66,42.5,5.6612067197331415,38.385186411755235,34.242667809658265,37.5319904990203,7.744786924416903,Four-seam,True
SI,2026-08-30,99.5,2.35,5.83,"Morejon, Adrian",666018,670970,,ball,,,,,11.0,,R,L,L,TB,SD,B,,,1,2,2026,1.45,0.79,-1.4652718323747165,2.7395724804337935,,670764.0,,2,8,Bot,,,,,,,-13.755352575770312,-144.15435222796668,-4.686738004433973,23.422976240664283,34.553199169705394,-20.21740504336849,3.189288058,1.609547244,,,,99.1,2391.0,6.4,822933,666023,664034,630105,823550,593428,669392,701538,687749,54.11,,,,,,,,63,6,Sinker,1,3,1,3,3,1,1,3,Standard,Standard,139.0,0.011,0.028,,,,,-0.028,,-2,-2,0.114,0.114,27,28,27,28,1,3,1.0,1.0,2.0,1.0,1.54,1.45,1.45,38.9,,,,,,Sinker,False
SL,2026-08-30,91.0,2.64,5.8,"Morejon, Adrian",666018,670970,,ball,,,,,11.0,,R,L,L,TB,SD,B,,,0,2,2026,-0.3,0.1,-1.2754114604121305,2.588938165145094,,670764.0,,2,8,Bot,,,,,,,-9.068102625813973,-132.37752536957672,-2.2047443760674175,-1.6976635162908047,26.623855918645052,-30.68809480681222,3.189288058,1.609547244,,,,91.4,2814.0,6.4,822933,666023,664034,630105,823550,593428,669392,701538,687749,54.1,,,,,,,,63,5,Slider,1,3,1,3,3,1,1,3,Strategic,Standard,279.0,0.006,0.01,,,,,-0.01,,-2,-2,0.108,0.108,27,28,27,28,1,3,1.0,1.0,2.0,1.0,2.64,-0.3,-0.3,38.9,,,,,,Slider,False
SI,2026-08-30,99.2,2.67,5.87,"Morejon, Adrian",666018,670970,,foul,,,,,4.0,,R,L,L,TB,SD,S,,,0,2,2026,1.43,0.78,-0.3947794876839163,2.2986950575962553,,670764.0,,2,8,Bot,,,,,,,-11.67999694022553,-143.84569741167024,-5.930392603958444,22.659064543355825,34.77614069875124,-20.085367400411172,3.189288058,1.609547244,274.0,88.7,19.0,98.9,2364.0,6.4,822933,666023,664034,630105,823550,593428,669392,701538,687749,54.08,,,,,,,,63,4,Sinker,1,3,1,3,3,1,1,3,Standard,Standard,140.0,0.0,0.0,64.0,6.6,,,0.0,88.7,-2,-2,0.108,0.108,27,28,27,28,1,3,1.0,1.0,2.0,1.0,1.56,1.43,1.43,41.0,-2.037074000134567,29.308362309073654,29.205135387234595,45.02919587360158,18.24071070628073,Sinker,False
SI,2026-08-30,99.4,2.63,5.86,"Morejon, Adrian",666018,670970,,foul,,,,,5.0,,R,L,L,TB,SD,S,,,0,2,2026,1.58,0.73,-0.0087724333509806,2.4175015180110973,,670764.0,,2,8,Bot,,,,,,,-10.878067901782874,-144.31395650882797,-5.50526870469365,24.658232869021887,33.93995504781794,-20.877982307405265,3.189288058,1.609547244,226.0,78.6,20.0,99.2,2387.0,6.3,822933,666023,664034,630105,823550,593428,669392,701538,687749,54.17,,,,,,,,63,3,Sinker,1,3,1,3,3,1,1,3,Strategic,Standard,142.0,0.0,0.0,67.0,6.6,,,0.0,88.0,-2,-2,0.108,0.108,27,28,27,28,1,3,1.0,1.0,2.0,1.0,1.59,1.58,1.58,37.9,0.2485120222320873,28.894038528541376,30.989005485862144,40.68261549246154,16.606692444414627,Sinker,False
SI,2026-08-30,99.6,2.5,5.83,"Morejon, Adrian",666018,670970,,called_strike,,,,,1.0,,R,L,L,TB,SD,S,,,0,1,2026,1.56,0.77,-0.282444510241465,2.9795051070687437,,670764.0,,2,8,Bot,,,,,,,-11.243591324408772,-144.5363835973721,-4.058199786713028,24.457072921468846,32.9639964834793,-20.602991299566717,3.189288058,1.609547244,,,,99.6,2397.0,6.4,822933,666023,664034,630105,823550,593428,669392,701538,687749,54.1,,,,,,,,63,2,Sinker,1,3,1,3,3,1,1,3,Strategic,Standard,142.0,-0.014,-0.063,,,,,0.063,,-2,-2,0.122,0.122,27,28,27,28,1,3,1.0,1.0,2.0,1.0,1.54,1.56,1.56,37.4,,,,,,Sinker,False
SI,2026-08-30,100.0,2.58,5.87,"Morejon, Adrian",666018,670970,,called_strike,,,,,4.0,,R,L,L,TB,SD,S,,,0,0,2026,1.51,0.73,-0.4664082224719101,2.222783787737561,,670764.0,,2,8,Bot,,,,,,,-11.85933294937614,-145.08422719423817,-6.181494550103819,24.023760206701855,33.47862052308232,-20.541090476536095,3.189288058,1.609547244,,,,99.8,2371.0,6.3,822933,666023,664034,630105,823550,593428,669392,701538,687749,54.17,,,,,,,,63,1,Sinker,1,3,1,3,3,1,1,3,Strategic,Standard,140.0,-0.008,-0.04,,,,,0.04,,-2,-2,0.13,0.13,27,28,27,28,1,3,1.0,1.0,2.0,1.0,1.56,1.51,1.51,40.9,,,,,,Sinker,False
SI,2026-08-30,99.7,2.58,5.84,"Morejon, Adrian",650490,670970,field_out,hit_into_play,,,,,5.0,"Yandy Díaz grounds out, pitcher Adrian Morejon to first baseman Ty France. Taylor Walls to 2nd.",R,R,L,TB,SD,X,1.0,ground_ball,3,2,2026,1.45,0.6,0.1881116508390057,2.5150910585444493,,,670764.0,1,8,Bot,127.49,186.65,,,,,-9.942512467361432,-144.88322364695617,-4.981409227438956,22.776079986734032,32.468528881212414,-22.68201187057461,3.227903543,1.629035433,1.0,86.0,-64.0,99.7,2162.0,6.2,822933,666023,664034,630105,823550,593428,669392,701538,687749,54.25,0.32,0.288,0.0,1.0,0.0,0.0,2.0,62,7,Sinker,1,3,1,3,3,1,1,3,Standard,Strategic,140.0,-0.061,-0.365,67.0,7.1,,0.322,0.365,88.0,-2,-2,0.191,0.191,27,34,27,35,1,3,1.0,1.0,2.0,1.0,1.69,1.45,-1.45,38.9,7.413164750602152,22.71418574671751,20.242853093131227,40.70640751158114,21.54405164099296,Sinker,True
SI,2026-08-30,100.4,2.51,5.89,"Morejon, Adrian",650490,670970,,ball,,,,,11.0,,R,R,L,TB,SD,B,,,2,2,2026,1.43,0.62,-0.952185408773326,3.374146547742498,,,670764.0,1,8,Bot,,,,,,,-12.886102411772068,-145.66306899837096,-2.9389200865716156,23.278615027721187,32.23593799455089,-22.740508073215793,3.227903543,1.629035433,,,,100.5,2190.0,6.4,822933,666023,664034,630105,823550,593428,669392,701538,687749,54.1,,,,,,,,62,6,Sinker,1,3,1,3,3,1,1,3,Standard,Strategic,144.0,0.022,0.072,,,,,-0.072,,-2,-2,0.169,0.169,27,34,27,35,1,3,1.0,1.0,2.0,1.0,1.64,1.43,-1.43,39.5,,,,,,Sinker,False
CH,2026-08-30,92.4,2.72,5.86,"Morejon, Adrian",650490,670970,,blocked_ball,,,,,13.0,,R,R,L,TB,SD,B,,,1,2,2026,1.36,0.04,-0.2007014412119685,-0.1216271491316498,,,670764.0,1,8,Bot,,,,,,,-10.28411692233713,-133.83166576219222,-9.075325954704976,18.64255441990512,30.48278459145304,-29.77254402305423,3.227903543,1.629035433,,,,91.5,1135.0,6.1,822933,666023,664034,630105,823550,593428,669392,701538,687749,54.35,,,,,,,,62,5,Changeup,1,3,1,3,3,1,1,3,Standard,Strategic,106.0,0.009,0.052,,,,,-0.052,,-2,-2,0.16,0.16,27,34,27,35,1,3,1.0,1.0,2.0,1.0,2.67,1.36,-1.36,37.7,,,,,,Changeup,False
CH,2026-08-30,92.3,2.65,5.87,"Morejon, Adrian",650490,670970,,foul,,,,,13.0,,R,R,L,TB,SD,S,,,1,2,2026,0.98,-0.09,-0.5201941443709441,1.3405535974095732,,,670764.0,1,8,Bot,,,,,,,-10.073227236946572,-134.02795515158624,-5.202263522100041,14.005892070650852,30.235803288377372,-32.20426485270826,3.227903543,1.629035433,,,,91.8,1134.0,6.2,822933,666023,664034,630105,823550,593428,669392,701538,687749,54.31,,,,,,,,62,4,Changeup,1,3,1,3,3,1,1,3,Standard,Strategic,105.0,0.0,0.0,75.0,8.2,,,0.0,,-2,-2,0.16,0.16,27,34,27,35,1,3,1.0,1.0,2.0,1.0,2.78,0.98,-0.98,39.9,9.400674123013218,-13.963446498346704,28.675655267527883,32.55662596305382,36.91096311847664,Changeup,False
CH,2026-08-30,91.7,2.74,5.88,"Morejon, Adrian",650490,670970,,swinging_strike,,,,,14.0,,R,R,L,TB,SD,S,,,1,1,2026,0.74,-0.08,0.1091223217048088,1.3206647360719792,,,670764.0,1,8,Bot,,,,,,,-8.135361555528593,-133.2344178951493,-5.175801096987336,10.54722892591074,29.430307006631857,-32.19512730987622,3.227903543,1.629035433,,,,91.1,968.0,6.1,822933,666023,664034,630105,823550,593428,669392,701538,687749,54.43,,,,,,,,62,3,Changeup,1,3,1,3,3,1,1,3,Standard,Strategic,97.0,-0.015,-0.067,80.4,8.3,1.355819076,,0.067,,-2,-2,0.175,0.175,27,34,27,35,1,3,1.0,1.0,2.0,1.0,2.81,0.74,-0.74,37.3,4.5137024242446655,2.0721549450253978,28.525411744900712,39.89002328689449,28.26754058083012,Changeup,False
SI,2026-08-30,98.1,2.37,5.88,"Morejon, Adrian",650490,670970,,ball,,,,,11.0,,R,R,L,TB,SD,B,,,0,1,2026,1.44,0.85,-1.043174385688206,3.674861517943154,,,670764.0,1,8,Bot,,,,,,,-12.438890010163476,-142.2385303740055,-2.2554699413658086,22.46772283271516,33.347634409701314,-20.338839618295314,3.227903543,1.629035433,,,,97.6,2314.0,6.2,822933,666023,664034,630105,823550,593428,669392,701538,687749,54.26,,,,,,,,62,2,Sinker,1,3,1,3,3,1,1,3,Standard,Strategic,143.0,0.006,0.026,,,,,-0.026,,-2,-2,0.169,0.169,27,34,27,35,1,3,1.0,1.0,2.0,1.0,1.54,1.44,-1.44,44.4,,,,,,Sinker,False
SI,2026-08-30,98.9,2.58,5.93,"Morejon, Adrian",650490,670970,,called_strike,,,,,11.0,,R,R,L,TB,SD,S,,,0,0,2026,1.46,0.76,-0.2358803528759159,3.4190681075146703,,,670764.0,1,8,Bot,,,,,,,-10.993827237938593,-143.6365927177078,-2.9716867322618277,22.847337007103924,34.469366976257874,-21.1770817268042,3.227903543,1.629035433,,,,98.4,2308.0,6.2,822933,666023,664034,630105,823550,593428,669392,701538,687749,54.33,,,,,,,,62,1,Sinker,1,3,1,3,3,1,1,3,Standard,Strategic,144.0,-0.009,-0.037,,,,,0.037,,-2,-2,0.178,0.178,27,34,27,35,1,3,1.0,1.0,2.0,1.0,1.59,1.46,-1.46,40.0,,,,,,Sinker,False
SI,2026-08-30,98.3,2.41,5.97,"Morejon, Adrian",670764,670970,hit_by_pitch,hit_by_pitch,,,,,11.0,Taylor Walls hit by pitch.,R,R,L,TB,SD,B,,,2,2,2026,1.21,1.02,-1.772156127082094,3.953234311207216,,,,1,8,Bot,,,,,,,-13.954202872387722,-142.4802451563494,-2.1878152996024705,19.676833956584264,32.329180435411715,-17.992433884717386,3.055889108,1.542224409,,,,97.9,2427.0,6.2,822933,666023,664034,630105,823550,593428,669392,701538,687749,54.27,,0.729366,0.7,1.0,0.0,0.0,,61,5,Sinker,1,3,1,3,3,1,1,3,Standard,Standard,142.0,0.06,0.45,,,,,-0.45,,-2,-2,0.118,0.118,27,29,27,30,1,2,1.0,1.0,2.0,1.0,1.36,1.21,-1.21,41.5,,,,,,Sinker,True
SI,2026-08-30,99.7,2.67,5.94,"Morejon, Adrian",670764,670970,,foul,,,,,6.0,,R,R,L,TB,SD,S,,,2,1,2026,1.47,0.96,0.7674298219674709,2.042786979705488,,,,1,8,Bot,,,,,,,-8.61975145207343,-144.790216052274,-7.331833549105245,22.697602843365388,34.51922925126123,-17.07788985375846,3.055889108,1.542224409,260.0,84.8,46.0,99.2,2358.0,6.2,822933,666023,664034,630105,823550,593428,669392,701538,687749,54.35,,,,,,,,61,4,Sinker,1,3,1,3,3,1,1,3,Standard,Standard,140.0,-0.011,-0.075,68.0,7.3,,,0.075,88.0,-2,-2,0.129,0.129,27,29,27,30,1,2,1.0,1.0,2.0,1.0,1.35,1.47,-1.47,37.1,6.178282442127743,12.754043783750236,35.25327085092538,42.67365888881241,19.540810157988716,Sinker,False
CH,2026-08-30,92.1,2.81,5.99,"Morejon, Adrian",670764,670970,,ball,,,,,12.0,,R,R,L,TB,SD,B,,,1,1,2026,1.15,0.25,1.229406779073744,2.4820377343925335,,,,1,8,Bot,,,,,,,-6.4765116892452514,-133.92414080235875,-3.388569032269432,15.283352466104423,29.152742936372693,-28.62677954626118,3.055889108,1.542224409,,,,91.7,965.0,6.1,822933,666023,664034,630105,823550,593428,669392,701538,687749,54.39,,,,,,,,61,3,Changeup,1,3,1,3,3,1,1,3,Standard,Standard,101.0,0.008,0.056,,,,,-0.056,,-2,-2,0.121,0.121,27,29,27,30,1,2,1.0,1.0,2.0,1.0,2.44,1.15,-1.15,39.1,,,,,,Changeup,False
SI,2026-08-30,99.2,2.52,5.96,"Morejon, Adrian",670764,670970,,ball,,,,,13.0,,R,R,L,TB,SD,B,,,0,1,2026,1.4,0.84,-1.2897660974211758,2.1446613568340904,,,,1,8,Bot,,,,,,,-13.550086677095765,-143.74312312565655,-6.756576265200306,22.563152254855193,32.52161124851174,-18.989327479840643,3.055889108,1.542224409,,,,98.8,2360.0,6.2,822933,666023,664034,630105,823550,593428,669392,701538,687749,54.27,,,,,,,,61,2,Sinker,1,3,1,3,3,1,1,3,Standard,Standard,140.0,0.003,0.032,,,,,-0.032,,-2,-2,0.118,0.118,27,29,27,30,1,2,1.0,1.0,2.0,1.0,1.49,1.4,-1.4,39.2,,,,,,Sinker,False
SI,2026-08-30,98.0,2.48,6.01,"Morejon, Adrian",670764,670970,,foul,,,,,4.0,,R,R,L,TB,SD,S,,,0,0,2026,1.53,0.83,-0.324492574316906,2.132515019597466,,,,1,8,Bot,,,,,,,-11.043269616753042,-142.1561782388715,-6.633262773264513,23.288960656236544,33.79389018912275,-19.558337315997576,3.055889108,1.542224409,,,,97.5,2334.0,6.3,822933,666023,664034,630105,823550,593428,669392,701538,687749,54.22,,,,,,,,61,1,Sinker,1,3,1,3,3,1,1,3,Standard,Standard,146.0,-0.005,-0.041,61.9,6.7,,,0.041,,-2,-2,0.123,0.123,27,29,27,30,1,2,1.0,1.0,2.0,1.0,1.57,1.53,-1.53,40.2,5.457666614932615,5.167680647761511,33.01362381229056,29.63697604326351,26.757933816140596,Sinker,False
SI,2026-08-30,98.4,2.51,6.03,"Morejon, Adrian",663743,670970,field_out,hit_into_play,,,,,5.0,Nick Fortes flies out to center fielder Jackson Merrill.,R,R,L,TB,SD,X,8.0,fly_ball,0,0,2026,1.41,0.87,-0.0332340074127759,2.5828929376982552,,,,0,8,Bot,130.79,96.79,,,,,-10.085380866461897,-142.79550235065454,-5.6723396656425455,21.59492521749478,33.76790446753728,-19.061419530160983,3.161204068,1.595374016,258.0,79.1,42.0,97.9,2385.0,6.2,822933,666023,664034,630105,823550,593428,669392,701538,687749,54.3,0.051,0.062,0.0,1.0,0.0,0.0,3.0,60,1,Sinker,1,3,1,3,3,1,1,3,Standard,Standard,146.0,-0.044,-0.259,73.8,7.8,,0.091,0.259,88.0,-2,-2,0.167,0.167,27,29,27,30,1,2,1.0,6.0,2.0,2.0,1.5,1.41,-1.41,40.9,4.195663247356384,-5.61530778322907,21.663389050549792,35.493151120925816,24.710738008305203,Sinker,True
CH,2026-08-29,91.8,2.8,6.02,"Morejon, Adrian",676356,670970,strikeout,swinging_strike,,,,,14.0,Jonny DeLuca strikes out swinging.,R,R,L,TB,SD,S,2.0,,0,2,2026,0.83,0.0,0.9937260817361953,1.6753669437955248,,691406.0,802415.0,2,7,Bot,,,,,,,-6.29790170689027,-133.45627205827049,-4.845796956649134,11.331269333642553,29.06078938576703,-31.322417027866415,3.133120079,1.581200787,,,,91.2,961.0,6.0,822936,669134,664034,630105,592518,593428,687957,701538,665487,54.47,,0.0,0.0,1.0,0.0,0.0,,67,3,Changeup,7,6,7,6,6,7,7,6,Standard,Standard,111.0,-0.023,-0.195,71.2,8.6,1.411295496,,0.195,,1,1,0.768,0.768,27,27,27,28,1,3,4.0,1.0,1.0,1.0,2.71,0.83,-0.83,40.8,10.6807049639944,-10.851420954752864,18.32398709863052,48.542184282556555,35.53303739162012,Changeup,True
CH,2026-08-29,92.1,2.6,6.01,"Morejon, Adrian",676356,670970,,swinging_strike,,,,,14.0,,R,R,L,TB,SD,S,,,0,1,2026,0.91,0.0,0.3332396571613193,0.8598068997484356,,691406.0,802415.0,2,7,Bot,,,,,,,-7.643699780967386,-133.73096571215183,-6.90351596525045,12.57515030093723,30.136832114620237,-30.756415786382902,3.133120079,1.581200787,,,,91.6,992.0,6.2,822936,669134,664034,630105,592518,593428,687957,701538,665487,54.31,,,,,,,,67,2,Changeup,7,6,7,6,6,7,7,6,Standard,Standard,110.0,-0.009,-0.056,74.1,8.6,3.285809292,,0.056,,1,1,0.777,0.777,27,27,27,28,1,3,4.0,1.0,1.0,1.0,2.71,0.91,-0.91,41.0,10.977793521633968,-21.27455792103926,23.51195507135051,40.23020534578291,42.14575070283835,Changeup,False
CH,2026-08-29,91.9,2.65,6.01,"Morejon, Adrian",676356,670970,,called_strike,,,,,4.0,,R,R,L,TB,SD,S,,,0,0,2026,1.3,0.14,-0.4472135563047206,2.240787341350232,,691406.0,802415.0,2,7,Bot,,,,,,,-10.592318876414216,-133.3907739698004,-3.734738387371767,17.871267718076563,29.563683122110657,-29.79631153642455,3.133120079,1.581200787,,,,91.5,985.0,6.3,822936,669134,664034,630105,592518,593428,687957,701538,665487,54.22,,,,,,,,67,1,Changeup,7,6,7,6,6,7,7,6,Standard,Standard,102.0,-0.006,-0.032,,,,,0.032,,1,1,0.783,0.783,27,27,27,28,1,3,4.0,1.0,1.0,1.0,2.57,1.3,-1.3,41.3,,,,,,Changeup,False
FF,2026-08-29,99.7,2.45,6.05,"Morejon, Adrian",802415,670970,single,hit_into_play,,,,,1.0,Chandler Simpson singles on a ground ball to left fielder Dustin Harris. Jorge Mateo scores. Junior Caminero to 2nd.,R,L,L,TB,SD,X,7.0,ground_ball,1,1,2026,0.51,1.32,-0.4633348315332417,2.832246188413807,622761.0,,691406.0,2,7,Bot,82.59,132.37,,,,,-9.113504484845972,-144.78905847519044,-6.363346192727819,9.399111214625988,35.95644667706426,-12.254676419242386,3.177878937,1.60378937,101.0,65.4,9.0,99.4,2425.0,6.4,822936,669134,664034,630105,592518,593428,687957,701538,665487,54.11,0.276,0.263,0.9,1.0,1.0,0.0,2.0,66,3,4-Seam Fastball,6,6,6,6,6,7,7,6,Strategic,Standard,134.0,0.199,0.63,62.1,6.6,,0.313,-0.63,88.0,0,0,0.584,0.584,27,25,27,26,1,3,4.0,1.0,1.0,1.0,0.99,0.51,0.51,45.3,4.622477454635922,14.724243165274064,25.536747220783056,47.96817971297017,15.993864736886202,Four-seam,True
SI,2026-08-29,99.9,2.61,5.87,"Morejon, Adrian",802415,670970,,foul,,,,,6.0,,R,L,L,TB,SD,S,,,1,0,2026,1.42,0.78,0.744677174270512,2.405112012378467,622761.0,,691406.0,2,7,Bot,,,,,,,-8.482584466158034,-145.18998743578084,-5.759805544082624,22.129911710652145,35.54328505465199,-20.004945458798407,3.177878937,1.60378937,,,,99.6,2326.0,6.3,822936,669134,664034,630105,592518,593428,687957,701538,665487,54.18,,,,,,,,66,2,Sinker,6,6,6,6,6,6,6,6,Strategic,Standard,142.0,-0.007,-0.029,69.1,6.8,,,0.029,,0,0,0.591,0.591,27,25,27,26,1,3,4.0,1.0,1.0,1.0,1.52,1.42,1.42,45.3,5.209002949907211,2.46913242480282,28.89315926387486,34.149007753018246,19.35255423717259,Sinker,False
SI,2026-08-29,100.3,2.49,5.93,"Morejon, Adrian",802415,670970,,blocked_ball,,,,,13.0,,R,L,L,TB,SD,B,,,0,0,2026,1.57,0.86,-0.9627968703001653,1.547303153453031,622761.0,,691406.0,2,7,Bot,,,,,,,-13.14283752524476,-145.28460461402022,-8.472682742656824,25.346708990658453,35.94004495808882,-18.06328710822025,3.177878937,1.60378937,,,,99.7,2357.0,6.3,822936,669134,664034,630105,592518,593428,687957,701538,665487,54.17,,,,,,,,66,1,Sinker,6,6,6,6,6,6,6,6,Strategic,Standard,142.0,0.003,0.016,,,,,-0.016,,0,0,0.588,0.588,27,25,27,26,1,3,4.0,1.0,1.0,1.0,1.44,1.57,1.57,39.1,,,,,,Sinker,False
FF,2026-08-29,99.8,2.34,6.09,"Morejon, Adrian",668723,670970,strikeout,swinging_strike,,,,,5.0,Ryan Vilade strikes out swinging.,R,R,L,TB,SD,S,2.0,,1,2,2026,0.94,1.25,0.1327361583411387,2.7256818160325,622761.0,,691406.0,1,7,Bot,,,,,,,-8.206391825065944,-144.93099086728057,-6.6029636283586415,15.14762203600262,35.298523741053025,-13.182737266347296,3.275295276,1.652952756,,,,99.5,2387.0,6.3,822936,669134,664034,630105,592518,593428,687957,701538,665487,54.19,,0.0,0.0,1.0,0.0,0.0,,65,4,4-Seam Fastball,6,6,6,6,6,6,6,6,Strategic,Standard,137.0,-0.083,-0.266,80.4,7.4,1.343687892,,0.266,,0,0,0.671,0.671,27,27,27,27,1,0,4.0,1.0,1.0,1.0,1.06,0.94,-0.94,43.0,7.008693876526637,-7.160255684885221,29.909844060594136,36.6204435735464,33.42278593951913,Four-seam,True
CH,2026-08-29,91.7,2.57,6.07,"Morejon, Adrian",668723,670970,,blocked_ball,,,,,14.0,,R,R,L,TB,SD,B,,,0,2,2026,1.04,-0.39,0.2894438341106549,0.1694908129899337,622761.0,,691406.0,1,7,Bot,,,,,,,-7.935473651334687,-133.0880140277369,-7.813034825088545,14.111846781791249,31.006234392867164,-35.09157668109623,3.275295276,1.652952756,,,,91.1,999.0,6.2,822936,669134,664034,630105,592518,593428,687957,701538,665487,54.26,,,,,,,,65,3,Changeup,6,6,6,6,6,6,6,6,Strategic,Standard,113.0,0.012,0.0,,,,,0.0,,0,0,0.659,0.659,27,27,27,27,1,0,4.0,1.0,1.0,1.0,3.13,1.04,-1.04,43.0,,,,,,Changeup,False
SI,2026-08-29,100.1,2.53,6.05,"Morejon, Adrian",668723,670970,,foul,,,,,2.0,,R,R,L,TB,SD,S,,,0,1,2026,1.44,0.69,-0.2286175578029274,2.9375945458993065,622761.0,,691406.0,1,7,Bot,,,,,,,-10.932772267951536,-145.25826701259447,-4.622708948832256,22.956116329560174,34.84208501570569,-21.51878249981049,3.275295276,1.652952756,252.0,81.9,34.0,99.6,2314.0,6.2,822936,669134,664034,630105,592518,593428,687957,701538,665487,54.26,,,,,,,,65,2,Sinker,6,6,6,6,6,6,6,6,Strategic,Standard,144.0,-0.029,-0.064,62.6,5.7,,,0.064,88.0,0,0,0.688,0.688,27,27,27,27,1,0,4.0,1.0,1.0,1.0,1.61,1.44,-1.44,40.1,-11.786878422217384,28.2112567591198,28.410547695162496,31.82496760773479,12.023715398512932,Sinker,False
CH,2026-08-29,91.1,2.46,6.16,"Morejon, Adrian",668723,670970,,foul_bunt,,,,,14.0,,R,R,L,TB,SD,S,,,0,0,2026,0.63,-0.3,0.7613760906480465,1.4799187560046412,622761.0,,691406.0,1,7,Bot,,,,,,,-5.584886155828454,-132.49894394186165,-4.881573307286182,8.684920023741785,30.78705519844671,-34.76708994694031,3.275295276,1.652952756,,,,90.6,922.0,6.2,822936,669134,664034,630105,592518,593428,687957,701538,665487,54.29,,,,,,,,65,1,Changeup,6,6,6,6,6,6,6,6,Strategic,Standard,110.0,-0.018,-0.049,16.2,2.0,,,0.049,,0,0,0.706,0.706,27,27,27,27,1,0,4.0,1.0,1.0,1.0,3.07,0.63,-0.63,42.4,-32.22859999759744,0.949944331161278,40.805767297641545,48.61189684470384,18.501093795299504,Changeup,False
SL,2026-08-29,90.9,2.83,5.96,"Morejon, Adrian",666018,670970,field_out,hit_into_play,,,,,13.0,"Jonathan Aranda grounds out, first baseman Ty France to second baseman Jake Cronenworth.",R,L,L,TB,SD,X,3.0,ground_ball,0,2,2026,-0.51,0.12,-1.139743833626016,1.6094401924871269,650490.0,,,0,7,Bot,142.16,168.79,,,,,-8.666919867578208,-132.11198579236913,-4.998463632874202,-4.183722029911261,27.43603772081081,-29.83962002791723,3.189288058,1.609547244,2.0,49.7,-46.0,90.7,2890.0,6.2,822936,669134,664034,630105,592518,593428,687957,701538,665487,54.3,0.195,0.176,0.0,1.0,0.0,0.0,1.0,63,3,Slider,6,6,6,6,6,6,6,6,Strategic,Standard,263.0,-0.036,-0.121,57.3,7.7,,0.195,0.121,88.0,0,0,0.727,0.727,27,28,27,28,1,3,4.0,1.0,1.0,1.0,2.63,-0.51,-0.51,38.3,14.631787185540094,-5.768005620578078,33.67774725038911,53.78208158128268,40.10456580296979,Slider,True
SI,2026-08-29,99.1,2.7,6.02,"Morejon, Adrian",666018,670970,,foul,,,,,12.0,,R,L,L,TB,SD,S,,,0,1,2026,1.53,0.93,0.9577738565659486,3.077019093210735,650490.0,,,0,7,Bot,,,,,,,-8.292286328386014,-143.94446855179464,-4.550907638435615,23.232872419013756,36.24202399269076,-18.305210665194068,3.189288058,1.609547244,164.0,61.5,49.0,98.2,2308.0,6.1,822936,669134,664034,630105,592518,593428,687957,701538,665487,54.44,,,,,,,,63,2,Sinker,6,6,6,6,6,6,6,6,Strategic,Standard,139.0,-0.015,-0.093,61.9,5.9,,,0.093,88.0,0,0,0.742,0.742,27,28,27,28,1,3,4.0,1.0,1.0,1.0,1.41,1.53,1.53,36.6,1.878083108324653,26.257349206963937,29.75021973205262,31.137118211874395,19.617016082868727,Sinker,False
SI,2026-08-29,98.1,2.58,6.04,"Morejon, Adrian",666018,670970,,called_strike,,,,,5.0,,R,L,L,TB,SD,S,,,0,0,2026,1.45,0.81,-0.2204003383395174,2.288463752900552,650490.0,,,0,7,Bot,,,,,,,-10.827607665841388,-142.3586944190068,-6.263857365801378,22.32465221273057,34.7117946645814,-19.80954190101498,3.189288058,1.609547244,,,,97.3,2285.0,6.2,822936,669134,664034,630105,592518,593428,687957,701538,665487,54.35,,,,,,,,63,1,Sinker,6,6,6,6,6,6,6,6,Strategic,Standard,135.0,-0.009,-0.061,,,,,0.061,,0,0,0.751,0.751,27,28,27,28,1,3,4.0,1.0,1.0,1.0,1.58,1.45,1.45,38.6,,,,,,Sinker,False
,2026-08-29,,,,"Morejon, Adrian",691406,670970,intent_walk,automatic_ball,,,,,,Adrian Morejon intentionally walks Junior Caminero.,R,R,L,TB,SD,B,,,3,0,2026,,,,,622761.0,,,1,7,Bot,,,,,,,,,,,,,,,,,,,,,822936,669134,664034,630105,592518,593428,687957,701538,665487,,,,0.4,,0.0,0.0,,64,4,,6,6,6,6,6,6,6,6,,,,0.006,,,,,,,,0,0,0.7,0.7,27,22,27,23,1,3,4.0,1.0,1.0,1.0,,,,,,,,,,,True
,2026-08-29,,,,"Morejon, Adrian",691406,670970,,automatic_ball,,,,,,,R,R,L,TB,SD,B,,,2,0,2026,,,,,622761.0,,,1,7,Bot,,,,,,,,,,,,,,,,,,,,,822936,669134,664034,630105,592518,593428,687957,701538,665487,,,,,,,,,64,3,,6,6,6,6,6,6,6,6,,,,0.005,,,,,,,,0,0,0.695,0.695,27,22,27,23,1,3,4.0,1.0,1.0,1.0,,,,,,,,,,,False
,2026-08-29,,,,"Morejon, Adrian",691406,670970,,automatic_ball,,,,,,,R,R,L,TB,SD,B,,,1,0,2026,,,,,622761.0,,,1,7,Bot,,,,,,,,,,,,,,,,,,,,,822936,669134,664034,630105,592518,593428,687957,701538,665487,,,,,,,,,64,2,,6,6,6,6,6,6,6,6,,,,0.002,,,,,,,,0,0,0.693,0.693,27,22,27,23,1,3,4.0,1.0,1.0,1.0,,,,,,,,,,,False
,2026-08-29,,,,"Morejon, Adrian",691406,670970,,automatic_ball,,,,,,,R,R,L,TB,SD,B,,,0,0,2026,,,,,622761.0,,,1,7,Bot,,,,,,,,,,,,,,,,,,,,,822936,669134,664034,630105,592518,593428,687957,701538,665487,,,,,,,,,64,1,,6,6,6,6,6,6,6,6,,,,0.002,,,,,,,,0,0,0.691,0.691,27,22,27,23,1,3,4.0,1.0,1.0,1.0,,,,,,,,,,,False
CH,2026-08-25,91.1,2.53,6.09,"Morejon, Adrian",664040,670970,strikeout,swinging_strike,,,,,14.0,Brandon Lowe strikes out swinging.,R,L,L,SD,PIT,S,2.0,,0,2,2026,0.66,-0.01,0.2527490730289774,1.3141329194107798,,,,2,8,Top,,,,,,,-7.055141848239347,-132.5008966334771,-5.797048170828356,9.245850568928478,27.72461015532301,-31.290494738132075,3.088361221,1.558612205,,,,90.9,795.0,6.1,823259,669134,664034,630105,592518,593428,687957,701538,665487,54.36,,0.0,0.0,1.0,0.0,0.0,,54,3,Changeup,0,0,0,0,0,0,0,0,Infield shade,Standard,105.0,0.016,-0.155,70.9,7.8,0.70785912,,0.155,,0,0,0.592,0.408,27,31,27,32,1,3,1.0,1.0,4.0,1.0,2.76,0.66,0.66,46.9,19.488373672130734,-17.80166889100217,34.472185546300864,28.96348550328113,41.83890432854625,Changeup,True
FF,2026-08-25,98.1,2.38,6.01,"Morejon, Adrian",664040,670970,,called_strike,,,,,8.0,,R,L,L,SD,PIT,S,,,0,1,2026,0.51,1.31,-0.1389145605061433,1.6842794348267764,,,,2,8,Top,,,,,,,-7.904094628882447,-142.5091281174206,-9.043448127356566,8.712968034501447,31.889749181976423,-12.368054350822796,3.088361221,1.558612205,,,,98.0,2425.0,6.3,823259,669134,664034,630105,592518,593428,687957,701538,665487,54.22,,,,,,,,54,2,4-Seam Fastball,0,0,0,0,0,0,0,0,Infield shade,Standard,146.0,0.006,-0.062,,,,,0.062,,0,0,0.586,0.414,27,31,27,32,1,3,1.0,1.0,4.0,1.0,1.06,0.51,0.51,45.1,,,,,,Four-seam,False
SI,2026-08-25,98.3,2.74,6.05,"Morejon, Adrian",664040,670970,,foul,,,,,12.0,,R,L,L,SD,PIT,S,,,0,0,2026,1.34,0.93,1.1109278416850608,3.469564593346804,,,,2,8,Top,,,,,,,-7.452257778826622,-142.8721942468364,-3.479891285773638,20.03853346234557,35.682847674791326,-18.79127463646128,3.088361221,1.558612205,174.0,65.0,42.0,97.2,2324.0,5.9,823259,669134,664034,630105,592518,593428,687957,701538,665487,54.56,,,,,,,,54,1,Sinker,0,0,0,0,0,0,0,0,Infield shade,Standard,144.0,0.004,-0.045,69.6,5.5,,,0.045,88.0,0,0,0.582,0.418,27,31,27,32,1,3,1.0,1.0,4.0,1.0,1.45,1.34,1.34,39.9,6.485370439644601,8.330666732912164,28.773460510774772,19.760973045731475,25.837772257739385,Sinker,False
FF,2026-08-25,97.4,2.43,6.13,"Morejon, Adrian",687462,670970,field_out,hit_into_play,,,,,12.0,Spencer Horwitz flies out to right fielder Fernando Tatis Jr.,R,L,L,SD,PIT,X,9.0,fly_ball,0,1,2026,0.47,1.42,0.8804754387861404,3.026674705983064,,,,1,8,Top,158.03,103.57,,,,,-5.165911039483915,-141.70045123993978,-5.89226817895756,7.472462237447088,33.28393832339953,-11.878050779476672,3.133120079,1.581200787,252.0,78.2,44.0,96.9,2457.0,6.1,823259,669134,664034,630105,592518,593428,687957,701538,665487,54.43,0.063,0.057,0.0,1.0,0.0,0.0,3.0,53,2,4-Seam Fastball,0,0,0,0,0,0,0,0,Infield shade,Standard,151.0,0.031,-0.22,62.9,6.4,,0.074,0.22,88.0,0,0,0.551,0.449,27,28,27,29,1,3,1.0,1.0,4.0,1.0,0.99,0.47,0.47,41.0,6.321509413841494,-10.53100350448602,31.657831708508983,23.061048040147867,32.460523882846296,Four-seam,True
SI,2026-08-25,98.8,2.67,6.0,"Morejon, Adrian",687462,670970,,foul,,,,,6.0,,R,L,L,SD,PIT,S,,,0,0,2026,1.13,0.7,0.3890166999040523,2.280272497784068,,,,1,8,Top,,,,,,,-8.780399319161635,-143.62816030872622,-6.126233724759972,17.68189122838084,32.3925799853486,-21.209945209811018,3.133120079,1.581200787,253.0,90.3,17.0,98.5,2413.0,6.1,823259,669134,664034,630105,592518,593428,687957,701538,665487,54.4,,,,,,,,53,1,Sinker,0,0,0,0,0,0,0,0,Infield shade,Standard,139.0,0.005,-0.041,59.3,5.4,,,0.041,90.3,0,0,0.546,0.454,27,28,27,29,1,3,1.0,1.0,4.0,1.0,1.63,1.13,1.13,40.6,-35.20286333711359,36.28370901368782,44.39082498493925,29.58065546948852,14.50186034561932,Sinker,False
SI,2026-08-25,98.7,2.59,5.97,"Morejon, Adrian",804668,670970,field_out,hit_into_play,,,,,9.0,"Rafael Flores Jr. grounds out, shortstop Xander Bogaerts to first baseman Ty France.",R,R,L,SD,PIT,X,6.0,ground_ball,0,0,2026,1.28,0.85,0.6231577575270633,2.024240114121247,,,,0,8,Top,108.23,150.16,,,,,-8.251036249845793,-143.3850592350336,-7.008355204745459,19.552286135132505,34.52630099208221,-18.99621289377008,3.349015748,1.69015748,48.0,93.3,1.0,98.1,2374.0,6.1,823259,669134,664034,630105,592518,593428,687957,701538,665487,54.39,0.396,0.356,0.0,1.0,0.0,0.0,2.0,52,1,Sinker,0,0,0,0,0,0,0,0,Standard,Standard,140.0,0.046,-0.259,86.7,8.0,,0.435,0.259,93.3,0,0,0.5,0.5,27,25,27,26,1,0,1.0,1.0,4.0,1.0,1.51,1.28,-1.28,40.5,10.506555334543211,-13.76659972828131,48.20540303081203,44.07467657830824,32.87105638054432,Sinker,True
CH,2026-08-24,92.0,2.76,5.88,"Morejon, Adrian",669707,670970,field_out,hit_into_play,,,,,6.0,Jared Triolo grounds out to first baseman Ty France.,R,R,L,SD,PIT,X,3.0,ground_ball,1,2,2026,0.39,-0.37,0.7963994298321243,2.4154606427213494,664040.0,,,2,11,Top,158.9,165.87,,,,,-5.736946792904462,-133.91479194314115,-1.912105137105892,5.99042476834034,29.375130213495,-36.39345033542616,3.342872375,1.687057087,4.0,86.5,-27.0,91.4,931.0,5.9,823260,669134,664034,630105,592518,593428,687957,701538,665487,54.56,0.056,0.05,0.0,1.0,0.0,0.0,2.0,82,4,Changeup,2,2,2,2,2,2,2,2,Standard,Standard,99.0,0.13,-0.24,65.4,6.6,,0.065,0.24,88.0,0,0,0.675,0.325,27,28,27,28,1,4,2.0,1.0,1.0,1.0,3.06,0.39,-0.39,42.9,-16.750271722276665,32.84249857118016,39.28042019386651,44.3624285585023,0.5878037051444611,Changeup,True
SI,2026-08-24,98.7,2.63,5.86,"Morejon, Adrian",669707,670970,,called_strike,,,,,4.0,,R,R,L,SD,PIT,S,,,1,1,2026,1.13,0.75,-0.5370748299806489,2.5383539151605645,664040.0,,,2,11,Top,,,,,,,-11.195170542599142,-143.2655615728476,-5.118146290527446,18.22180179261736,33.21621687201581,-20.840567397084502,3.342872375,1.687057087,,,,98.7,2426.0,6.4,823260,669134,664034,630105,592518,593428,687957,701538,665487,54.07,,,,,,,,82,3,Sinker,2,2,2,2,2,2,2,2,Standard,Standard,142.0,-0.012,-0.061,,,,,0.061,,0,0,0.687,0.313,27,28,27,28,1,4,2.0,1.0,1.0,1.0,1.6,1.13,-1.13,41.3,,,,,,Sinker,False
CH,2026-08-24,92.7,2.61,5.81,"Morejon, Adrian",669707,670970,,swinging_strike,,,,,13.0,,R,R,L,SD,PIT,S,,,1,0,2026,0.4,-0.2,-0.2493608194038195,0.9653080332806409,664040.0,,,2,11,Top,,,,,,,-8.068564587626826,-134.7358511238926,-5.827813837705516,6.60990105458689,30.09391285734959,-33.52496790594483,3.342872375,1.687057087,,,,92.4,931.0,6.3,823260,669134,664034,630105,592518,593428,687957,701538,665487,54.23,,,,,,,,82,2,Changeup,2,2,2,2,2,2,2,2,Standard,Standard,97.0,-0.001,-0.034,66.1,8.9,3.470519016,,0.034,,0,0,0.688,0.312,27,28,27,28,1,4,2.0,1.0,1.0,1.0,2.87,0.4,-0.4,45.0,18.73374645670878,-20.80804721089731,44.73883070199657,32.743795940948374,38.01356892618945,Changeup,False
CH,2026-08-24,92.1,2.7,5.84,"Morejon, Adrian",669707,670970,,ball,,,,,14.0,,R,R,L,SD,PIT,B,,,0,0,2026,0.48,-0.13,0.6461862038021433,1.1106395585555506,664040.0,,,2,11,Top,,,,,,,-6.212499223469782,-133.87296417521117,-5.595416133310632,7.196116412344375,30.452564180380783,-32.61642449936975,3.342872375,1.687057087,,,,92.0,880.0,6.4,823260,669134,664034,630105,592518,593428,687957,701538,665487,54.09,,,,,,,,82,1,Changeup,2,2,2,2,2,2,2,2,Standard,Standard,92.0,-0.002,0.03,,,,,-0.03,,0,0,0.69,0.31,27,28,27,28,1,4,2.0,1.0,1.0,1.0,2.83,0.48,-0.48,40.2,,,,,,Changeup,False
SI,2026-08-24,98.4,2.58,5.74,"Morejon, Adrian",687462,670970,field_out,hit_into_play,,,,,5.0,"Spencer Horwitz grounds out, second baseman Jake Cronenworth to first baseman Ty France. Brandon Lowe to 3rd.",R,L,L,SD,PIT,X,4.0,ground_ball,0,1,2026,1.45,0.55,0.1316206133360797,2.07303508956754,,664040.0,,1,11,Top,138.74,168.57,,,,,-9.961363386953431,-142.77201592938596,-5.468956832312153,22.219873111418053,36.48020606843587,-23.460510738625377,3.133120079,1.581200787,1.0,61.2,-57.0,97.8,2415.0,6.3,823260,669134,664034,630105,592518,593428,687957,701538,665487,54.16,0.223,0.201,0.0,1.0,0.0,0.0,2.0,81,2,Sinker,2,2,2,2,2,2,2,2,Strategic,Standard,140.0,0.067,-0.205,54.3,6.4,,0.223,0.205,88.0,0,0,0.623,0.377,27,28,27,29,1,4,2.0,1.0,1.0,1.0,1.84,1.45,1.45,45.1,4.232816094108608,23.865178534188516,33.03820287512672,32.679302550666634,16.534345399762557,Sinker,True
SI,2026-08-24,96.8,2.41,5.76,"Morejon, Adrian",687462,670970,,called_strike,,,,,1.0,,R,L,L,SD,PIT,S,,,0,0,2026,1.31,0.72,-0.7389610836241118,2.6903939552567833,,664040.0,,1,11,Top,,,,,,,-11.333068460481636,-140.4833040919858,-4.03106726118379,20.0549858151981,33.95070722563897,-21.91737190958115,3.133120079,1.581200787,,,,96.4,2346.0,6.3,823260,669134,664034,630105,592518,593428,687957,701538,665487,54.16,,,,,,,,81,1,Sinker,2,2,2,2,2,2,2,2,Standard,Standard,137.0,0.014,-0.045,,,,,0.045,,0,0,0.609,0.391,27,28,27,29,1,4,2.0,1.0,1.0,1.0,1.74,1.31,1.31,37.9,,,,,,Sinker,False
SI,2026-08-24,98.6,2.54,5.76,"Morejon, Adrian",694378,670970,strikeout,foul_tip,,,,,5.0,Jacob Gonzalez strikes out on a foul tip.,R,L,L,SD,PIT,S,2.0,,1,2,2026,1.44,0.34,-0.0341006524097662,2.2832088520664464,,664040.0,,0,11,Top,,,,,,,-10.304978970449326,-143.01979351379464,-4.47985252011951,22.30597205110975,36.98285882201139,-26.573543014857652,3.285826772,1.658267717,,,,97.9,2385.0,6.4,823260,669134,664034,630105,592518,593428,687957,701538,665487,54.14,,0.0,0.0,1.0,0.0,0.0,,80,6,Sinker,2,2,2,2,2,2,2,2,Standard,Standard,145.0,0.076,-0.254,67.1,6.5,,,0.254,,0,0,0.533,0.467,27,24,27,24,1,2,2.0,1.0,1.0,1.0,2.04,1.44,1.44,38.6,-4.044638251061735,19.46628869592349,20.05220998723425,37.10496826501821,18.114692466752917,Sinker,True
SL,2026-08-24,89.0,2.97,5.7,"Morejon, Adrian",694378,670970,,foul,,,,,7.0,,R,L,L,SD,PIT,S,,,1,2,2026,-0.6,-0.19,-0.3834897863861602,1.936336136402014,,664040.0,,0,11,Top,,,,,,,-6.823964760893104,-129.40584709211615,-2.5196805568145724,-5.220419808463274,28.2655953544959,-33.998413173243705,3.285826772,1.658267717,224.0,79.0,49.0,88.6,2938.0,6.2,823260,669134,664034,630105,592518,593428,687957,701538,665487,54.29,,,,,,,,80,5,Slider,2,2,2,2,2,2,2,2,Standard,Standard,287.0,0.0,0.0,64.3,6.5,,,0.0,88.0,0,0,0.533,0.467,27,24,27,24,1,2,2.0,1.0,1.0,1.0,3.09,-0.6,-0.6,39.2,-2.841056591978911,13.71022582675278,24.665798442154458,41.645766419926865,25.466664947991276,Slider,False
SL,2026-08-24,90.4,2.73,5.72,"Morejon, Adrian",694378,670970,,ball,,,,,13.0,,R,L,L,SD,PIT,B,,,0,2,2026,-0.39,-0.04,-1.5266532604018104,1.3503964542173863,,664040.0,,0,11,Top,,,,,,,-9.644427567404326,-131.26940221139373,-4.569447189053905,-2.4167533515588526,28.46706603786789,-31.87234514080566,3.285826772,1.658267717,,,,90.4,2870.0,6.5,823260,669134,664034,630105,592518,593428,687957,701538,665487,54.01,,,,,,,,80,4,Slider,2,2,2,2,2,2,2,2,Standard,Standard,289.0,-0.011,0.019,,,,,-0.019,,0,0,0.544,0.456,27,24,27,24,1,2,2.0,1.0,1.0,1.0,2.85,-0.39,-0.39,41.5,,,,,,Slider,False
SI,2026-08-24,99.7,2.57,5.81,"Morejon, Adrian",694378,670970,,foul,,,,,12.0,,R,L,L,SD,PIT,S,,,0,2,2026,1.31,0.88,0.2713386133930244,3.738321486153134,,664040.0,,0,11,Top,,,,,,,-9.35262525467947,-144.86980867581855,-2.152586680073762,20.73166073543709,38.01530319341629,-19.518302758069648,3.285826772,1.658267717,252.0,86.8,21.0,98.9,2389.0,6.2,823260,669134,664034,630105,592518,593428,687957,701538,665487,54.27,,,,,,,,80,3,Sinker,2,2,2,2,2,2,2,2,Infield shade,Standard,137.0,0.0,0.0,45.3,4.2,,,0.0,88.0,0,0,0.544,0.456,27,24,27,24,1,2,2.0,1.0,1.0,1.0,1.44,1.31,1.31,36.5,-14.940673388304058,57.140821173044614,25.108576133304464,33.093371343821204,4.108746574187605,Sinker,False
FF,2026-08-24,98.4,2.38,5.99,"Morejon, Adrian",694378,670970,,called_strike,,,,,5.0,,R,L,L,SD,PIT,S,,,0,1,2026,0.66,1.2,-0.2656620354802621,2.4760579653138217,,664040.0,,0,11,Top,,,,,,,-8.628809694411368,-142.99072937489478,-6.661654921814053,11.039936669365424,33.35334009309193,-14.283389227264664,3.285826772,1.658267717,,,,98.2,2462.0,6.3,823260,669134,664034,630105,592518,593428,687957,701538,665487,54.23,,,,,,,,80,2,4-Seam Fastball,2,2,2,2,2,2,2,2,Strategic,Standard,138.0,0.028,-0.064,,,,,0.064,,0,0,0.516,0.484,27,24,27,24,1,2,2.0,1.0,1.0,1.0,1.16,0.66,0.66,41.8,,,,,,Four-seam,False
FF,2026-08-24,94.4,2.37,5.78,"Morejon, Adrian",694378,670970,,foul_bunt,,,,,6.0,,R,L,L,SD,PIT,S,,,0,0,2026,0.66,1.41,0.6947415064420015,2.2071575960247736,,664040.0,,0,11,Top,,,,,,,-5.787094051005787,-137.26779647106574,-6.530500717400327,9.660255137795842,32.63171536588082,-13.123147206162333,3.285826772,1.658267717,,,,94.2,2242.0,6.4,823260,669134,664034,630105,592518,593428,687957,701538,665487,54.13,,,,,,,,80,1,4-Seam Fastball,2,2,2,2,2,2,2,2,Infield shade,Standard,141.0,0.016,-0.035,2.8,1.4,,,0.035,88.0,0,0,0.5,0.5,27,24,27,24,1,2,2.0,1.0,1.0,1.0,1.17,0.66,0.66,42.0,-44.050323007808586,-153.83998459716295,59.28535781687415,38.15414290839163,23.94312369214976,Four-seam,False
SI,2026-08-24,95.8,2.37,5.66,"Morejon, Adrian",664040,670970,field_out,hit_into_play,,,,,7.0,"Brandon Lowe grounds out, shortstop Xander Bogaerts to first baseman Ty France.",R,L,L,SD,PIT,X,6.0,ground_ball,0,0,2026,1.19,0.87,-0.2782347558777531,1.9605834005422924,,665833.0,804668.0,2,10,Top,131.04,142.96,,,,,-9.631706736012536,-139.114961692404,-5.927540725969399,17.542749113217067,30.93181134381086,-19.637700349981987,3.088361221,1.558612205,7.0,92.4,-16.0,95.9,2288.0,6.4,823260,669134,664034,630105,592518,593428,687957,701538,665487,54.06,0.176,0.158,0.0,1.0,0.0,0.0,2.0,77,1,Sinker,2,2,2,2,2,2,2,2,Strategic,Standard,139.0,0.12,-0.285,68.9,6.9,,0.189,0.285,92.4,0,0,0.685,0.315,27,31,27,32,1,4,2.0,1.0,1.0,1.0,1.62,1.19,1.19,42.2,9.093871346142535,17.62453714861122,31.505328667677443,36.14641295045584,22.943365139801173,Sinker,True
SL,2026-08-24,90.7,2.81,5.73,"Morejon, Adrian",665833,670970,fielders_choice_out,hit_into_play,,,,,13.0,"Oneil Cruz reaches on a fielder's choice out, pitcher Adrian Morejon to catcher Luis Campusano to third baseman Manny Machado to second baseman Jake Cronenworth. Jake Mangum out at home. Oneil Cruz to 2nd.",R,L,L,SD,PIT,X,1.0,ground_ball,0,2,2026,-0.4,0.15,-1.01972000945144,1.9201088961159296,663968.0,,,1,10,Top,130.39,185.29,,,,,-8.56521512038671,-131.8745816488951,-3.7377358630498296,-3.0328239200064084,25.44888913687643,-29.863472063594557,3.515764436,1.774311024,1.0,63.6,-65.0,90.9,2906.0,6.3,823260,669134,664034,630105,592518,593428,687957,701538,665487,54.24,0.285,0.256,0.0,1.0,0.0,0.0,2.0,75,3,Slider,2,2,2,2,2,2,2,2,Strategic,Standard,292.0,0.121,-0.136,61.8,6.8,,0.288,0.136,88.0,0,0,0.584,0.416,27,27,27,28,1,4,2.0,1.0,1.0,1.0,2.6,-0.4,-0.4,36.9,-7.127847101646154,17.730450057959384,28.866980659016413,47.618224158898656,16.908542399384725,Slider,True
SL,2026-08-24,89.7,2.69,5.75,"Morejon, Adrian",665833,670970,,foul,,,,,7.0,,R,L,L,SD,PIT,S,,,0,1,2026,-0.52,-0.18,-0.6840642719873062,1.8018995675753016,663968.0,,,1,10,Top,,,,,,,-7.096502004160817,-130.43158259375107,-3.1351135240710803,-4.351816912749116,28.112141152355132,-33.720460750765476,3.515764436,1.774311024,4.0,77.0,-26.0,89.3,3022.0,6.1,823260,669134,664034,630105,592518,593428,687957,701538,665487,54.38,,,,,,,,75,2,Slider,2,2,2,2,2,2,2,2,Strategic,Standard,287.0,0.044,-0.085,66.2,8.1,,,0.085,88.0,0,0,0.54,0.46,27,27,27,28,1,4,2.0,1.0,1.0,1.0,3.02,-0.52,-0.52,39.6,13.07660605790975,-13.09893524378576,27.555087132996817,43.06433150215744,31.215068055680092,Slider,False
SL,2026-08-24,89.9,2.82,5.69,"Morejon, Adrian",665833,670970,,foul,,,,,13.0,,R,L,L,SD,PIT,S,,,0,0,2026,-0.64,-0.28,-0.0553113074281956,1.2977917862446815,663968.0,,,1,10,Top,,,,,,,-5.672296429636166,-130.91797813926942,-4.097622053821871,-6.196966715801327,26.878624221492867,-34.76960720339024,3.515764436,1.774311024,3.0,58.7,-29.0,90.3,2965.0,6.4,823260,669134,664034,630105,592518,593428,687957,701538,665487,54.05,,,,,,,,75,1,Slider,2,2,2,2,2,2,2,2,Strategic,Standard,287.0,0.027,-0.05,67.8,8.6,,,0.05,88.0,0,0,0.513,0.487,27,27,27,28,1,4,2.0,1.0,1.0,1.0,3.09,-0.64,-0.64,41.6,20.894358507731656,-30.89281841506302,36.40250221990683,37.37050864582086,49.98567613222388,Slider,False
CH,2026-08-24,89.6,2.6,5.91,"Morejon, Adrian",668804,670970,strikeout,swinging_strike,,,,,14.0,Bryan Reynolds strikes out swinging.,R,R,L,SD,PIT,S,2.0,,1,2,2026,0.95,-0.39,0.1709455582583294,1.4505072581023986,663968.0,,,0,10,Top,,,,,,,-7.931425425112212,-130.19659416086492,-3.899929106091091,12.460035640209552,27.47566668117522,-35.92443220301693,3.284071522,1.65738189,,,,89.2,1065.0,6.1,823260,669134,664034,630105,592518,593428,687957,701538,665487,54.38,,0.0,0.0,1.0,0.0,0.0,,74,4,Changeup,2,2,2,2,2,2,2,2,Strategic,Standard,103.0,0.066,-0.228,77.2,7.9,2.426924448,,0.228,,0,0,0.447,0.553,27,31,27,31,1,4,2.0,1.0,1.0,1.0,3.23,0.95,-0.95,47.0,21.52882569320365,-15.888480682493912,36.885525987207274,38.84841301268722,40.92598434061726,Changeup,True
CH,2026-08-24,89.0,2.66,5.71,"Morejon, Adrian",668804,670970,,ball,,,,,13.0,,R,R,L,SD,PIT,B,,,0,2,2026,0.77,-0.15,-0.4204584544991177,-1.0433871821761795,,663968.0,,0,10,Top,,,,,,,-9.106481721227857,-129.0773680276042,-9.836437973891584,10.53748639680979,27.563864374455537,-31.885429667608587,3.284071522,1.65738189,,,,88.9,1016.0,6.4,823260,669134,664034,630105,592518,593428,687957,701538,665487,54.06,,,,,,,,74,3,Changeup,2,2,2,2,2,2,2,2,Standard,Strategic,103.0,-0.097,0.019,,,,,-0.019,,0,0,0.544,0.456,27,31,27,31,1,4,2.0,1.0,1.0,1.0,3.06,0.77,-0.77,40.6,,,,,,Changeup,False
CH,2026-08-24,91.2,2.69,5.93,"Morejon, Adrian",668804,670970,,swinging_strike,,,,,7.0,,R,R,L,SD,PIT,S,,,0,1,2026,0.62,-0.05,-0.494202495727192,1.729356660797703,,663968.0,,0,10,Top,,,,,,,-9.206515384730404,-132.51958170856184,-4.26444504433128,9.310831909072103,29.51801362212242,-31.961357284698657,3.284071522,1.65738189,,,,90.6,1034.0,6.1,823260,669134,664034,630105,592518,593428,687957,701538,665487,54.39,,,,,,,,74,2,Changeup,2,2,2,2,2,2,2,2,Standard,Strategic,100.0,0.028,-0.064,80.7,7.0,2.597175072,,0.064,,0,0,0.516,0.484,27,31,27,31,1,4,2.0,1.0,1.0,1.0,2.8,0.62,-0.62,42.0,12.472776270799846,-8.674856126109429,36.52756125356846,31.225417956891384,35.28066548450813,Changeup,False
SI,2026-08-24,99.1,2.73,5.85,"Morejon, Adrian",668804,670970,,swinging_strike,,,,,2.0,,R,R,L,SD,PIT,S,,,0,0,2026,1.42,0.85,0.1350887653420114,3.0385645024162153,,663968.0,,0,10,Top,,,,,,,-10.32974051127243,-143.83265955879065,-4.042589714966372,22.14877526028151,35.162573042631394,-19.556104674075787,3.284071522,1.65738189,,,,98.5,2474.0,6.2,823260,669134,664034,630105,592518,593428,687957,701538,665487,54.25,,,,,,,,74,1,Sinker,2,2,2,2,2,2,2,2,Standard,Standard,142.0,0.016,-0.035,74.7,5.9,0.464523096,,0.035,,0,0,0.5,0.5,27,31,27,31,1,4,2.0,1.0,1.0,1.0,1.49,1.42,-1.42,39.1,-5.568782783484048,24.758764620435898,40.246151928521186,37.668703277425806,12.80424008318973,Sinker,False
,2026-08-24,,,,"Morejon, Adrian",804668,670970,intent_walk,automatic_ball,,,,,,Adrian Morejon intentionally walks Rafael Flores Jr.,R,R,L,SD,PIT,B,,,3,0,2026,,,,,,665833.0,,2,10,Top,,,,,,,,,,,,,,,,,,,,,823260,669134,664034,630105,592518,593428,687957,701538,665487,,,,0.4,,0.0,0.0,,76,4,,2,2,2,2,2,2,2,2,,,,-0.008,,,,,,,,0,0,0.693,0.307,27,25,27,26,1,4,2.0,1.0,1.0,1.0,,,,,,,,,,,True
,2026-08-24,,,,"Morejon, Adrian",804668,670970,,automatic_ball,,,,,,,R,R,L,SD,PIT,B,,,1,0,2026,,,,,,665833.0,,2,10,Top,,,,,,,,,,,,,,,,,,,,,823260,669134,664034,630105,592518,593428,687957,701538,665487,,,,,,,,,76,2,,2,2,2,2,2,2,2,2,,,,-0.004,,,,,,,,0,0,0.703,0.297,27,25,27,26,1,4,2.0,1.0,1.0,1.0,,,,,,,,,,,False
,2026-08-24,,,,"Morejon, Adrian",804668,670970,,automatic_ball,,,,,,,R,R,L,SD,PIT,B,,,0,0,2026,,,,,,665833.0,,2,10,Top,,,,,,,,,,,,,,,,,,,,,823260,669134,664034,630105,592518,593428,687957,701538,665487,,,,,,,,,76,1,,2,2,2,2,2,2,2,2,,,,-0.002,,,,,,,,0,0,0.705,0.295,27,25,27,26,1,4,2.0,1.0,1.0,1.0,,,,,,,,,,,False
,2026-08-24,,,,"Morejon, Adrian",804668,670970,,automatic_ball,,,,,,,R,R,L,SD,PIT,B,,,2,0,2026,,,,,,665833.0,,2,10,Top,,,,,,,,,,,,,,,,,,,,,823260,669134,664034,630105,592518,593428,687957,701538,665487,,,,,,,,,76,3,,2,2,2,2,2,2,2,2,,,,-0.006,,,,,,,,0,0,0.699,0.301,27,25,27,26,1,4,2.0,1.0,1.0,1.0,,,,,,,,,,,False
SI,2026-08-22,99.7,2.44,5.88,"Morejon, Adrian",807712,670970,field_out,hit_into_play,,,,,5.0,Luke Keaschall flies out sharply to center fielder Jackson Merrill.,R,R,L,SD,MIN,X,8.0,fly_ball,2,1,2026,1.36,0.92,0.1029124133593704,2.1562109751317715,,,,2,8,Top,177.94,58.87,,,,,-9.559295196138,-144.77268618808748,-6.761536990353333,21.393798936400387,34.91722539506488,-17.729672626528835,3.213861549,1.621948819,369.0,100.1,25.0,99.2,2411.0,6.2,823261,666023,664034,630105,592518,593428,650859,701538,665487,54.31,0.474,0.733,0.0,1.0,0.0,0.0,6.0,70,4,Sinker,6,5,5,6,5,6,5,6,Standard,Standard,142.0,0.03,-0.302,,,,1.316,0.302,100.1,1,-1,0.837,0.163,27,23,27,24,1,4,4.0,1.0,2.0,1.0,1.39,1.36,-1.36,38.7,,,,,,Sinker,True
SI,2026-08-22,99.6,2.58,5.85,"Morejon, Adrian",807712,670970,,ball,,,,,12.0,,R,R,L,SD,MIN,B,,,1,1,2026,1.32,0.81,0.2901880871525315,3.515405990148163,,,,2,8,Top,,,,,,,-9.319426303682222,-144.66415119504043,-2.7214077576971913,20.789305479360415,36.26484394318002,-20.369505551217788,3.213861549,1.621948819,,,,98.9,2373.0,6.2,823261,666023,664034,630105,592518,593428,650859,701538,665487,54.32,,,,,,,,70,3,Sinker,6,5,5,6,5,6,5,6,Standard,Standard,143.0,-0.004,0.055,,,,,-0.055,,1,-1,0.841,0.159,27,23,27,24,1,4,4.0,1.0,2.0,1.0,1.51,1.32,-1.32,38.6,,,,,,Sinker,False
SI,2026-08-22,100.5,2.59,5.88,"Morejon, Adrian",807712,670970,,ball,,,,,12.0,,R,R,L,SD,MIN,B,,,0,1,2026,1.31,0.83,1.100104840465843,2.67873151152363,,,,2,8,Top,,,,,,,-7.189708222879839,-146.05561595882403,-5.229615916346395,20.44595977883179,37.211623647892345,-19.2165619706143,3.213861549,1.621948819,,,,99.5,2376.0,6.0,823261,666023,664034,630105,592518,593428,650859,701538,665487,54.51,,,,,,,,70,2,Sinker,6,5,5,6,5,6,5,6,Standard,Standard,137.0,-0.003,0.03,,,,,-0.03,,1,-1,0.844,0.156,27,23,27,24,1,4,4.0,1.0,2.0,1.0,1.45,1.31,-1.31,42.5,,,,,,Sinker,False
SI,2026-08-22,100.5,2.65,5.85,"Morejon, Adrian",807712,670970,,foul,,,,,5.0,,R,R,L,SD,MIN,S,,,0,0,2026,1.47,0.86,0.1078968593209011,2.2317636086187624,,,,2,8,Top,,,,,,,-10.371442130930498,-145.7048579642795,-6.356176270972916,23.471952821425056,38.75939033430531,-18.5035909168243,3.213861549,1.621948819,191.0,75.2,57.0,98.9,2390.0,5.9,823261,666023,664034,630105,592518,593428,650859,701538,665487,54.61,,,,,,,,70,1,Sinker,6,5,5,6,5,6,5,6,Standard,Standard,138.0,0.004,-0.045,,,,,0.045,88.0,1,-1,0.84,0.16,27,23,27,24,1,4,4.0,1.0,2.0,1.0,1.44,1.47,-1.47,37.7,,,,,,Sinker,False
SI,2026-08-22,99.3,2.67,5.89,"Morejon, Adrian",701785,670970,field_out,hit_into_play,,,,,5.0,Kaelen Culpepper flies out to center fielder Jackson Merrill.,R,R,L,SD,MIN,X,8.0,fly_ball,1,1,2026,1.55,0.81,0.0191695929673774,2.4024205024300236,,,,1,8,Top,149.79,93.12,,,,,-10.789986312200067,-144.0475942084138,-5.707031339814872,24.18142404425965,38.46878462266445,-19.716209564671953,3.131364829,1.580314961,271.0,92.7,51.0,98.2,2367.0,6.2,823261,666023,664034,630105,592518,593428,650859,701538,665487,54.32,0.009,0.013,0.0,1.0,0.0,0.0,3.0,69,3,Sinker,6,5,5,6,5,6,5,6,Standard,Standard,146.0,0.039,-0.252,70.4,6.6,,0.02,0.252,92.7,1,-1,0.801,0.199,27,23,27,24,1,3,4.0,1.0,2.0,1.0,1.55,1.55,-1.55,39.4,8.175877986683467,-3.0941722639718923,31.984610155983916,34.219985926385306,32.48251114900053,Sinker,True
CH,2026-08-22,91.7,2.71,5.97,"Morejon, Adrian",701785,670970,,swinging_strike,,,,,13.0,,R,R,L,SD,MIN,S,,,1,0,2026,0.89,-0.34,-0.1909290249630286,1.236124509323954,,,,1,8,Top,,,,,,,-9.071316177904349,-133.03019865602369,-4.917918496452067,12.680621966259974,33.20337485128493,-35.12313608816216,3.131364829,1.580314961,,,,89.8,985.0,5.7,823261,666023,664034,630105,592518,593428,650859,701538,665487,54.81,,,,,,,,69,2,Changeup,6,5,5,6,5,6,5,6,Standard,Standard,105.0,0.008,-0.05,75.6,8.1,8.710422192,,0.05,,1,-1,0.793,0.207,27,23,27,24,1,3,4.0,1.0,2.0,1.0,3.1,0.89,-0.89,41.2,22.076163126405472,-38.4181835257415,33.19896323981922,32.611154105952295,53.88783967222037,Changeup,False
SI,2026-08-22,99.9,2.59,5.94,"Morejon, Adrian",701785,670970,,ball,,,,,12.0,,R,R,L,SD,MIN,B,,,0,0,2026,1.37,0.74,0.9798554053936284,4.203687258855011,,,,1,8,Top,,,,,,,-7.564595007780847,-145.2197206734122,-0.9227098955782892,21.204799887374744,40.05919510895104,-21.827265657485075,3.131364829,1.580314961,,,,98.0,2286.0,5.7,823261,666023,664034,630105,592518,593428,650859,701538,665487,54.8,,,,,,,,69,1,Sinker,6,5,5,6,5,6,5,6,Standard,Standard,146.0,-0.006,0.041,,,,,-0.041,,1,-1,0.799,0.201,27,23,27,24,1,3,4.0,1.0,2.0,1.0,1.58,1.37,-1.37,40.3,,,,,,Sinker,False
CH,2026-08-22,91.6,2.8,6.01,"Morejon, Adrian",686797,670970,strikeout,swinging_strike,,,,,14.0,Brooks Lee strikes out swinging.,R,R,L,SD,MIN,S,2.0,,0,2,2026,0.73,-0.18,0.8484918016261456,1.4677111652485992,,,,0,8,Top,,,,,,,-6.395186407884555,-133.22582396524857,-4.8553658907767705,10.170202752270772,30.681487876184345,-33.392825724672484,3.208595801,1.619291339,,,,90.3,959.0,5.7,823261,666023,664034,630105,592518,593428,650859,701538,665487,54.81,,0.0,0.0,1.0,0.0,0.0,,68,3,Changeup,6,5,5,6,5,6,5,6,Standard,Strategic,105.0,0.032,-0.164,53.2,6.5,1.114029588,,0.164,,1,-1,0.767,0.233,27,25,27,25,1,3,4.0,1.0,2.0,1.0,2.92,0.73,-0.73,45.7,5.427221640770617,11.15159498462056,27.207428605334265,47.53030300524175,19.59732059913824,Changeup,True
CH,2026-08-22,91.3,2.81,5.99,"Morejon, Adrian",686797,670970,,foul,,,,,14.0,,R,R,L,SD,MIN,S,,,0,1,2026,0.96,0.3,0.4868428746593267,1.2928923619780432,,,,0,8,Top,,,,,,,-7.811422818354327,-132.557897084327,-6.156245492394767,13.168909229717151,32.73824762098696,-27.406326247975432,3.208595801,1.619291339,3.0,71.8,-27.0,89.9,941.0,5.9,823261,666023,664034,630105,592518,593428,650859,701538,665487,54.6,,,,,,,,68,2,Changeup,6,5,5,6,5,6,5,6,Standard,Standard,112.0,0.014,-0.054,56.0,7.0,,,0.054,88.0,1,-1,0.753,0.247,27,25,27,25,1,3,4.0,1.0,2.0,1.0,2.49,0.96,-0.96,41.2,18.319984970832984,-6.752134726634373,36.766846888335245,43.789354993289706,32.20312296960054,Changeup,False
SI,2026-08-22,99.1,2.71,5.98,"Morejon, Adrian",686797,670970,,foul,,,,,2.0,,R,R,L,SD,MIN,S,,,0,0,2026,1.41,0.89,0.0743851411327514,2.863650429309845,,,,0,8,Top,,,,,,,-10.360942247389511,-143.84408344617643,-4.902393973983142,22.091713563512148,36.30358220856397,-18.77197751762775,3.208595801,1.619291339,220.0,84.4,63.0,97.9,2383.0,6.0,823261,666023,664034,630105,592518,593428,650859,701538,665487,54.55,,,,,,,,68,1,Sinker,6,5,5,6,5,6,5,6,Standard,Standard,144.0,0.008,-0.041,61.6,6.2,,,0.041,88.0,1,-1,0.745,0.255,27,25,27,25,1,3,4.0,1.0,2.0,1.0,1.46,1.41,-1.41,45.0,10.58795395336795,-4.389348576699679,30.52212260391482,38.30646283576869,28.52039276614598,Sinker,False
SI,2026-08-18,99.7,2.53,5.85,"Morejon, Adrian",805999,670970,strikeout,swinging_strike,,,,,12.0,A.J. Ewing strikes out swinging.,R,L,L,NYM,SD,S,2.0,,3,2,2026,1.36,0.64,1.3973826841962338,3.78440836533314,,666624.0,543760.0,2,8,Bot,,,,,,,-6.370843683557464,-145.09425268469948,-1.6161528370604183,20.732106571608877,36.01989652399603,-23.03773328944178,3.136630577,1.582972441,,,,99.9,2319.0,6.5,823586,666023,664034,630105,592518,593428,687749,701538,665487,53.97,,0.0,0.0,1.0,0.0,0.0,,71,7,Sinker,2,4,2,4,4,2,2,4,Standard,Standard,147.0,-0.098,-0.288,37.0,2.9,0.30545046,,0.288,,-2,-2,0.174,0.174,27,21,27,22,1,3,2.0,1.0,4.0,1.0,1.67,1.36,1.36,44.0,-32.203047970981046,75.53042921560426,41.21746735189276,17.17040838157886,4.893402203967514,Sinker,True
FF,2026-08-18,98.5,2.4,5.85,"Morejon, Adrian",805999,670970,,ball,,,,,13.0,,R,L,L,NYM,SD,B,,,2,2,2026,0.41,1.34,-0.996740497598298,1.660947735649792,,666624.0,543760.0,2,8,Bot,,,,,,,-10.077010546396284,-142.8473254453312,-8.844140004241359,7.93250578696523,32.18991588665688,-11.861077403913448,3.136630577,1.582972441,,,,98.7,2330.0,6.5,823586,666023,664034,630105,592518,593428,687749,701538,665487,53.96,,,,,,,,71,6,4-Seam Fastball,2,4,2,4,4,2,2,4,Standard,Standard,145.0,0.023,0.055,,,,,-0.055,,-2,-2,0.151,0.151,27,21,27,22,1,3,2.0,1.0,4.0,1.0,1.02,0.41,0.41,47.3,,,,,,Four-seam,False
SI,2026-08-18,98.9,2.5,5.75,"Morejon, Adrian",805999,670970,,foul,,,,,5.0,,R,L,L,NYM,SD,S,,,2,2,2026,1.35,1.06,0.1011134834410143,2.43619868198536,,666624.0,543760.0,2,8,Bot,,,,,,,-9.70950521601483,-143.6014307324179,-5.872925316998118,21.054987490821848,35.92463279659704,-16.306026703847174,3.136630577,1.582972441,6.0,99.5,-21.0,98.8,2386.0,6.6,823586,666023,664034,630105,592518,593428,687749,701538,665487,53.94,,,,,,,,71,5,Sinker,2,4,2,4,4,2,2,4,Standard,Standard,164.0,0.0,0.0,55.3,4.7,,,0.0,99.5,-2,-2,0.151,0.151,27,21,27,22,1,3,2.0,1.0,4.0,1.0,1.3,1.35,1.35,45.8,-24.237749673808683,43.228240731111576,40.51383594786342,33.52499826979199,5.452984449766908,Sinker,False
SI,2026-08-18,98.5,2.6,5.7,"Morejon, Adrian",805999,670970,,called_strike,,,,,9.0,,R,L,L,NYM,SD,S,,,2,1,2026,1.43,0.97,0.2769609029377027,1.8696987358701689,,666624.0,543760.0,2,8,Bot,,,,,,,-9.600619202446278,-142.88168413340986,-6.954073759547771,21.88525414220733,35.711849547142855,-17.371944848434214,3.136630577,1.582972441,,,,98.2,2234.0,6.5,823586,666023,664034,630105,592518,593428,687749,701538,665487,54.03,,,,,,,,71,4,Sinker,2,4,2,4,4,2,2,4,Standard,Standard,163.0,-0.02,-0.074,,,,,0.074,,-2,-2,0.171,0.171,27,21,27,22,1,3,2.0,1.0,4.0,1.0,1.41,1.43,1.43,38.7,,,,,,Sinker,False
SI,2026-08-18,98.9,2.43,5.87,"Morejon, Adrian",805999,670970,,ball,,,,,11.0,,R,L,L,NYM,SD,B,,,1,1,2026,1.41,0.95,-0.4875694293709844,3.674338568273444,,666624.0,543760.0,2,8,Bot,,,,,,,-11.223121409669387,-143.46729950122926,-2.5740251188251997,22.20306741952273,36.15770672653627,-18.66290647765217,3.136630577,1.582972441,,,,98.7,2353.0,6.6,823586,666023,664034,630105,592518,593428,687749,701538,665487,53.92,,,,,,,,71,3,Sinker,2,4,2,4,4,2,2,4,Standard,Standard,146.0,0.011,0.038,,,,,-0.038,,-2,-2,0.16,0.16,27,21,27,22,1,3,2.0,1.0,4.0,1.0,1.41,1.41,1.41,40.9,,,,,,Sinker,False
SI,2026-08-18,99.7,2.46,5.8,"Morejon, Adrian",805999,670970,,ball,,,,,11.0,,R,L,L,NYM,SD,B,,,0,1,2026,1.4,0.96,-0.9372286465384798,3.0669722380725557,,666624.0,543760.0,2,8,Bot,,,,,,,-12.572764776947515,-144.62080531449928,-4.173012674044715,22.63530740461406,35.56772187565412,-17.87689969946483,3.136630577,1.582972441,,,,99.7,2360.0,6.6,823586,666023,664034,630105,592518,593428,687749,701538,665487,53.94,,,,,,,,71,2,Sinker,2,4,2,4,4,2,2,4,Standard,Standard,149.0,0.009,0.017,,,,,-0.017,,-2,-2,0.151,0.151,27,21,27,22,1,3,2.0,1.0,4.0,1.0,1.36,1.4,1.4,41.7,,,,,,Sinker,False
SI,2026-08-18,99.5,2.59,5.79,"Morejon, Adrian",805999,670970,,called_strike,,,,,1.0,,R,L,L,NYM,SD,S,,,0,0,2026,1.41,0.97,-0.2901976438003781,2.98598547765659,,666624.0,543760.0,2,8,Bot,,,,,,,-11.20098214030304,-144.42021299010258,-4.364307104271232,22.48090327405569,35.77287977641994,-17.782287354046236,3.136630577,1.582972441,,,,99.4,2350.0,6.5,823586,666023,664034,630105,592518,593428,687749,701538,665487,53.96,,,,,,,,71,1,Sinker,2,4,2,4,4,2,2,4,Standard,Standard,140.0,-0.013,-0.032,,,,,0.032,,-2,-2,0.164,0.164,27,21,27,22,1,3,2.0,1.0,4.0,1.0,1.36,1.41,1.41,38.6,,,,,,Sinker,False
SI,2026-08-18,99.2,2.57,5.89,"Morejon, Adrian",543760,670970,walk,ball,,,,,11.0,Marcus Semien walks. Christopher Morel to 2nd.,R,R,L,NYM,SD,B,,,3,2,2026,1.37,0.97,-0.018861256639848,3.9934672662798656,,,666624.0,2,8,Bot,,,,,,,-10.283765387098835,-143.95926389720807,-1.8336673004268669,21.53085788649921,36.550057586602854,-18.50801786111277,3.212106299,1.621062992,,,,99.0,2409.0,6.6,823586,666023,664034,630105,592518,593428,687749,701538,665487,53.94,,0.698418,0.7,1.0,0.0,0.0,,70,7,Sinker,2,4,2,4,4,2,2,4,Standard,Standard,153.0,0.038,0.215,,,,,-0.215,,-2,-2,0.126,0.126,27,35,27,36,1,3,2.0,1.0,4.0,1.0,1.38,1.37,-1.37,41.5,,,,,,Sinker,True
CH,2026-08-18,92.1,2.53,5.94,"Morejon, Adrian",543760,670970,,foul,,,,,6.0,,R,R,L,NYM,SD,S,,,3,2,2026,0.92,0.06,0.4725185118945878,2.2578535342409127,,,666624.0,2,8,Bot,,,,,,,-7.1902715052057475,-133.90626044785043,-3.417080258726088,12.622910065524971,29.053679926455175,-30.934988366035217,3.212106299,1.621062992,4.0,53.9,-33.0,92.1,853.0,6.3,823586,666023,664034,630105,592518,593428,687749,701538,665487,54.17,,,,,,,,70,6,Changeup,2,4,2,4,4,2,2,4,Strategic,Standard,106.0,0.0,0.0,68.1,7.7,,,0.0,88.0,-2,-2,0.126,0.126,27,35,27,36,1,3,2.0,1.0,4.0,1.0,2.63,0.92,-0.92,42.9,15.704734992774007,6.580314749249511,29.88088283205936,37.73814541917916,26.06232534281696,Changeup,False
SI,2026-08-18,99.3,2.21,5.84,"Morejon, Adrian",543760,670970,,ball,,,,,11.0,,R,R,L,NYM,SD,B,,,2,2,2026,1.41,0.86,-1.4522334903940433,2.5465291732510895,,,666624.0,2,8,Bot,,,,,,,-13.25558938293226,-143.86575415344836,-5.383047352591265,22.67164325104391,34.41852295548792,-19.133846924933376,3.212106299,1.621062992,,,,99.3,2344.0,6.6,823586,666023,664034,630105,592518,593428,687749,701538,665487,53.9,,,,,,,,70,5,Sinker,2,4,2,4,4,2,2,4,Strategic,Standard,170.0,0.013,0.081,,,,,-0.081,,-2,-2,0.113,0.113,27,35,27,36,1,3,2.0,1.0,4.0,1.0,1.48,1.41,-1.41,42.2,,,,,,Sinker,False
FF,2026-08-18,98.0,2.2,5.79,"Morejon, Adrian",543760,670970,,ball,,,,,13.0,,R,R,L,NYM,SD,B,,,1,2,2026,0.74,1.25,-1.0520085798157337,1.036042253508998,,,666624.0,2,8,Bot,,,,,,,-10.400535503187283,-142.07607747200095,-10.028693555279553,12.341497704186168,32.07850972535945,-13.029886060432435,3.212106299,1.621062992,,,,98.0,2306.0,6.5,823586,666023,664034,630105,592518,593428,687749,701538,665487,54.02,,,,,,,,70,4,4-Seam Fastball,2,4,2,4,4,2,2,4,Strategic,Standard,154.0,0.007,0.052,,,,,-0.052,,-2,-2,0.106,0.106,27,35,27,36,1,3,2.0,1.0,4.0,1.0,1.14,0.74,-0.74,50.8,,,,,,Four-seam,False
SI,2026-08-18,99.6,2.55,5.92,"Morejon, Adrian",543760,670970,,foul,,,,,2.0,,R,R,L,NYM,SD,S,,,1,1,2026,1.48,0.76,-0.1719382232539277,2.875991110220511,,,666624.0,2,8,Bot,,,,,,,-10.923718894672058,-144.6121262715095,-4.554534739730714,23.394252741103863,34.41903064331081,-20.594779429456576,3.212106299,1.621062992,177.0,80.5,15.0,99.5,2332.0,6.4,823586,666023,664034,630105,592518,593428,687749,701538,665487,54.08,,,,,,,,70,3,Sinker,2,4,2,4,4,2,2,4,Standard,Standard,148.0,-0.011,-0.069,68.7,6.6,,,0.069,88.0,-2,-2,0.117,0.117,27,35,27,36,1,3,2.0,1.0,4.0,1.0,1.55,1.48,-1.48,43.0,6.526920774644,22.4938558477572,36.63877660097516,30.350147949019203,15.789720405451954,Sinker,False
CH,2026-08-18,92.5,2.7,5.9,"Morejon, Adrian",543760,670970,,ball,,,,,14.0,,R,R,L,NYM,SD,B,,,0,1,2026,0.65,-0.33,0.4071566782595943,1.048399404563452,,,666624.0,2,8,Bot,,,,,,,-7.199661913021422,-134.4568576658799,-5.545291614213346,9.509669279161322,29.45665648448455,-35.130029794851964,3.212106299,1.621062992,,,,92.2,971.0,6.2,823586,666023,664034,630105,592518,593428,687749,701538,665487,54.28,,,,,,,,70,2,Changeup,2,4,2,4,4,2,2,4,Standard,Standard,107.0,0.004,0.028,,,,,-0.028,,-2,-2,0.113,0.113,27,35,27,36,1,3,2.0,1.0,4.0,1.0,3.0,0.65,-0.65,40.8,,,,,,Changeup,False
CH,2026-08-18,93.5,2.61,5.94,"Morejon, Adrian",543760,670970,,swinging_strike,,,,,7.0,,R,R,L,NYM,SD,S,,,0,0,2026,0.6,-0.3,-0.6389208783825534,1.5901613082484176,,,666624.0,2,8,Bot,,,,,,,-9.631508658110798,-135.88335874455538,-4.519115203447616,9.52357748461843,30.174814786129897,-35.10476446786207,3.212106299,1.621062992,,,,93.7,880.0,6.5,823586,666023,664034,630105,592518,593428,687749,701538,665487,54.02,,,,,,,,70,1,Changeup,2,4,2,4,4,2,2,4,Standard,Standard,105.0,-0.006,-0.041,73.3,7.3,0.828043164,,0.041,,-2,-2,0.119,0.119,27,35,27,36,1,3,2.0,1.0,4.0,1.0,2.92,0.6,-0.6,43.8,8.250725531308785,8.823709923461639,42.553235756456665,24.70420324813489,23.34469174301049,Changeup,False
SI,2026-08-18,99.2,2.51,5.85,"Morejon, Adrian",666624,670970,single,hit_into_play,,,,,11.0,Christopher Morel singles on a ground ball to third baseman Manny Machado.,R,R,L,NYM,SD,X,5.0,ground_ball,2,0,2026,1.38,0.63,-0.92235150278682,3.088108371969206,,,,2,8,Bot,95.05,171.45,,,,,-12.506343931464624,-143.78580267048122,-3.342386873437821,22.129791759152297,36.50248900402963,-22.893575872853155,3.227903543,1.629035433,33.0,94.1,-4.0,98.6,2460.0,6.4,823586,666023,664034,630105,592518,593428,687749,701538,665487,54.12,0.252,0.23,0.9,1.0,1.0,0.0,2.0,69,3,Sinker,2,4,2,4,4,2,2,4,Standard,Standard,143.0,0.018,0.223,80.7,7.8,,0.281,-0.223,94.1,-2,-2,0.101,0.101,27,27,27,27,1,3,2.0,69.0,4.0,5.0,1.73,1.38,-1.38,39.9,19.88241157803601,-7.952983312824522,20.287325980460672,25.16473558016587,33.64824002273494,Sinker,True
SI,2026-08-18,100.0,2.45,5.96,"Morejon, Adrian",666624,670970,,ball,,,,,11.0,,R,R,L,NYM,SD,B,,,1,0,2026,1.54,0.77,-1.24242832817495,2.821740614609787,,,,2,8,Bot,,,,,,,-13.722495685905388,-144.86699892874103,-4.804210958503582,25.13386513973023,38.53635395379733,-20.24996373775015,3.227903543,1.629035433,,,,99.3,2393.0,6.5,823586,666023,664034,630105,592518,593428,687749,701538,665487,54.04,,,,,,,,69,2,Sinker,2,4,2,4,4,2,2,4,Standard,Standard,148.0,0.005,0.064,,,,,-0.064,,-2,-2,0.096,0.096,27,27,27,27,1,3,2.0,69.0,4.0,5.0,1.55,1.54,-1.54,43.2,,,,,,Sinker,False
SI,2026-08-18,100.1,2.39,5.83,"Morejon, Adrian",666624,670970,,ball,,,,,13.0,,R,R,L,NYM,SD,B,,,0,0,2026,1.63,0.56,-1.0433938039126185,2.2623846621849912,,,,2,8,Bot,,,,,,,-13.274269071746255,-145.02167963447602,-5.501812168400672,26.265281982289594,38.68984968517793,-23.03362397492627,3.227903543,1.629035433,,,,99.6,2359.0,6.6,823586,666023,664034,630105,592518,593428,687749,701538,665487,53.92,,,,,,,,69,1,Sinker,2,4,2,4,4,2,2,4,Standard,Standard,145.0,0.003,0.041,,,,,-0.041,,-2,-2,0.093,0.093,27,27,27,27,1,3,2.0,69.0,4.0,5.0,1.76,1.63,-1.63,43.3,,,,,,Sinker,False
SI,2026-08-18,99.9,2.42,5.9,"Morejon, Adrian",682626,670970,field_out,hit_into_play,,,,,1.0,Francisco Alvarez flies out to right fielder Fernando Tatis Jr.,R,R,L,NYM,SD,X,9.0,fly_ball,3,2,2026,1.55,0.75,-0.4581273638156167,3.040007709884277,,,,1,8,Bot,200.14,102.45,,,,,-11.532499166819662,-144.9341655045407,-4.0086142720943645,24.620120813833932,38.34797917858277,-20.85794656508669,3.120833333,1.575,301.0,94.4,40.0,99.3,2340.0,6.4,823586,666023,664034,630105,592518,593428,687749,701538,665487,54.07,0.029,0.03,0.0,1.0,0.0,0.0,3.0,68,7,Sinker,2,4,2,4,4,2,2,4,Strategic,Standard,147.0,-0.038,-0.345,72.0,6.4,,0.056,0.345,94.4,-2,-2,0.131,0.131,27,24,27,25,1,3,2.0,1.0,4.0,1.0,1.57,1.55,-1.55,43.7,6.883388115471989,10.440423954212292,23.90689031824972,31.64596003918872,18.92315381900608,Sinker,True
SI,2026-08-18,99.6,2.36,5.91,"Morejon, Adrian",682626,670970,,foul,,,,,4.0,,R,R,L,NYM,SD,S,,,3,2,2026,1.38,0.7,-0.2997541859595816,2.4318475835400992,,,,1,8,Bot,,,,,,,-10.487888545893885,-144.53748040506093,-5.58415561801799,21.78961233243471,33.8483794725911,-21.241791922073546,3.120833333,1.575,274.0,86.0,41.0,99.5,2299.0,6.4,823586,666023,664034,630105,592518,593428,687749,701538,665487,54.11,,,,,,,,68,6,Sinker,2,4,2,4,4,2,2,4,Strategic,Standard,141.0,0.0,0.0,73.4,6.4,,,0.0,88.0,-2,-2,0.131,0.131,27,24,27,25,1,3,2.0,1.0,4.0,1.0,1.61,1.38,-1.38,42.0,-1.9639850617633745,22.32264606581572,32.59119433564972,32.453614489266286,16.530191214796233,Sinker,False
SI,2026-08-18,99.2,2.56,5.95,"Morejon, Adrian",682626,670970,,ball,,,,,11.0,,R,R,L,NYM,SD,B,,,2,2,2026,1.31,0.69,-0.3783805090280645,3.614058602996165,,,,1,8,Bot,,,,,,,-11.02972012339542,-144.06535300745372,-2.412409695991252,20.822671062238925,32.989099573207234,-22.153161172540997,3.120833333,1.575,,,,99.1,2233.0,6.3,823586,666023,664034,630105,592518,593428,687749,701538,665487,54.18,,,,,,,,68,5,Sinker,2,4,2,4,4,2,2,4,Strategic,Standard,146.0,0.013,0.112,,,,,-0.112,,-2,-2,0.118,0.118,27,24,27,25,1,3,2.0,1.0,4.0,1.0,1.63,1.31,-1.31,42.6,,,,,,Sinker,False
CH,2026-08-18,91.5,2.84,5.94,"Morejon, Adrian",682626,670970,,ball,,,,,14.0,,R,R,L,NYM,SD,B,,,1,2,2026,0.72,-0.19,0.1163282305726808,1.0354289390701523,,,,1,8,Bot,,,,,,,-8.343881864553278,-132.85087478305417,-5.747604543180193,10.376478477365064,30.290434413709235,-33.244090772498936,3.120833333,1.575,,,,91.1,1119.0,6.3,823586,666023,664034,630105,592518,593428,687749,701538,665487,54.19,,,,,,,,68,4,Changeup,2,4,2,4,4,2,2,4,Strategic,Standard,111.0,0.004,0.051,,,,,-0.051,,-2,-2,0.114,0.114,27,24,27,25,1,3,2.0,1.0,4.0,1.0,2.94,0.72,-0.72,44.3,,,,,,Changeup,False
CH,2026-08-18,91.6,2.87,6.06,"Morejon, Adrian",682626,670970,,swinging_strike,,,,,13.0,,R,R,L,NYM,SD,S,,,1,1,2026,0.66,-0.21,-0.1868116467546082,1.0028320279844103,,,,1,8,Bot,,,,,,,-9.060114394631572,-133.09636501662163,-6.153985743283367,9.778525316841131,28.633711474225272,-33.511461285350286,3.120833333,1.575,,,,91.5,987.0,6.3,823586,666023,664034,630105,592518,593428,687749,701538,665487,54.16,,,,,,,,68,3,Changeup,2,4,2,4,4,2,2,4,Strategic,Standard,104.0,-0.007,-0.07,79.5,7.7,1.501527324,,0.07,,-2,-2,0.121,0.121,27,24,27,25,1,3,2.0,1.0,4.0,1.0,2.94,0.66,-0.66,45.0,9.33030958959267,1.5454510570189317,36.1650110801498,34.64187459308624,25.63586540875936,Changeup,False
CH,2026-08-18,91.7,2.77,5.91,"Morejon, Adrian",682626,670970,,called_strike,,,,,5.0,,R,R,L,NYM,SD,S,,,1,0,2026,0.39,0.55,-0.1895883211619627,2.1306652931535432,,,,1,8,Bot,,,,,,,-8.205533033238282,-133.177416749627,-4.609762010931817,6.480923646983273,30.831864590033835,-24.780563798281182,3.120833333,1.575,,,,91.2,832.0,6.3,823586,666023,664034,630105,592518,593428,687749,701538,665487,54.21,,,,,,,,68,2,Changeup,2,4,2,4,4,2,2,4,Standard,Standard,114.0,-0.008,-0.05,,,,,0.05,,-2,-2,0.129,0.129,27,24,27,25,1,3,2.0,1.0,4.0,1.0,2.19,0.39,-0.39,45.3,,,,,,Changeup,False
SI,2026-08-18,98.8,2.43,5.94,"Morejon, Adrian",682626,670970,,ball,,,,,11.0,,R,R,L,NYM,SD,B,,,0,0,2026,1.5,0.93,-1.7653933512982387,2.680188738411733,,,,1,8,Bot,,,,,,,-14.79883694273714,-142.99318115490624,-5.39234743212254,23.92677094918187,32.61175060161582,-18.193730730540366,3.120833333,1.575,,,,98.7,2435.0,6.5,823586,666023,664034,630105,592518,593428,687749,701538,665487,53.99,,,,,,,,68,1,Sinker,2,4,2,4,4,2,2,4,Standard,Standard,145.0,0.006,0.041,,,,,-0.041,,-2,-2,0.123,0.123,27,24,27,25,1,3,2.0,1.0,4.0,1.0,1.42,1.5,-1.5,42.8,,,,,,Sinker,False
SI,2026-08-18,99.2,2.79,5.9,"Morejon, Adrian",701807,670970,strikeout,swinging_strike,,,,,12.0,Carson Benge strikes out swinging.,R,L,L,NYM,SD,S,2.0,,1,2,2026,1.61,0.71,1.6114288353700772,2.8773270256088845,,,,0,8,Bot,,,,,,,-7.012754202340549,-144.26137234168215,-4.294754536889885,24.14267048576304,35.73857066304128,-21.48924321046779,3.259498032,1.644980315,,,,98.7,2383.0,6.2,823586,666023,664034,630105,592518,593428,687749,701538,665487,54.3,,0.0,0.0,1.0,0.0,0.0,,67,5,Sinker,2,4,2,4,4,2,2,4,Infield shade,Standard,143.0,-0.031,-0.187,63.2,5.4,0.40144932,,0.187,,-2,-2,0.154,0.154,27,23,27,23,1,3,2.0,1.0,4.0,1.0,1.62,1.61,1.61,39.1,4.631539648670697,6.557068217436012,36.23975914062855,16.28482311519062,26.352584859986464,Sinker,True
SL,2026-08-18,90.9,2.95,5.98,"Morejon, Adrian",701807,670970,,foul,,,,,5.0,,R,L,L,NYM,SD,S,,,1,2,2026,-0.27,0.06,0.2156866225140784,2.415164284307731,,,,0,8,Bot,,,,,,,-6.14791332917014,-132.33367650201953,-2.921061324099594,-1.8994321607220064,28.373720720975772,-31.06745381510013,3.259498032,1.644980315,265.0,82.3,40.0,90.8,2851.0,6.2,823586,666023,664034,630105,592518,593428,687749,701538,665487,54.29,,,,,,,,67,4,Slider,2,4,2,4,4,2,2,4,Infield shade,Standard,269.0,0.0,0.0,69.1,5.6,,,0.0,88.0,-2,-2,0.154,0.154,27,23,27,23,1,3,2.0,1.0,4.0,1.0,2.7,-0.27,-0.27,41.0,-0.829624067340414,20.8681295609176,30.646099443911663,33.41566908508538,34.31387526653175,Slider,False
FF,2026-08-18,98.7,2.8,6.1,"Morejon, Adrian",701807,670970,,foul,,,,,6.0,,R,L,L,NYM,SD,S,,,1,1,2026,0.49,1.26,0.590208620123608,2.5243236845743167,,,,0,8,Bot,,,,,,,-7.075416165707864,-143.45192624621723,-7.021775448128664,8.404101868451482,32.16567825043371,-13.261982620619552,3.259498032,1.644980315,175.0,72.8,63.0,98.4,2372.0,6.1,823586,666023,664034,630105,592518,593428,687749,701538,665487,54.39,,,,,,,,67,3,4-Seam Fastball,2,4,2,4,4,2,2,4,Standard,Standard,136.0,-0.011,-0.06,68.5,7.0,,,0.06,88.0,-2,-2,0.165,0.165,27,23,27,23,1,3,2.0,1.0,4.0,1.0,1.08,0.49,0.49,43.2,9.744884650909166,-3.916876253549442,40.26190130778452,29.5616378332902,35.7372207236358,Four-seam,False
SI,2026-08-18,98.3,2.74,5.92,"Morejon, Adrian",701807,670970,,ball,,,,,14.0,,R,L,L,NYM,SD,B,,,0,1,2026,1.48,0.88,1.075924990380256,1.2896344301626126,,,,0,8,Bot,,,,,,,-7.925056949894135,-142.6467174072497,-8.867229490475228,21.999003900724325,33.231534985766146,-18.24207412479969,3.259498032,1.644980315,,,,98.1,2462.0,6.4,823586,666023,664034,630105,592518,593428,687749,701538,665487,54.13,,,,,,,,67,2,Sinker,2,4,2,4,4,2,2,4,Standard,Standard,151.0,0.005,0.029,,,,,-0.029,,-2,-2,0.16,0.16,27,23,27,23,1,3,2.0,1.0,4.0,1.0,1.49,1.48,1.48,40.0,,,,,,Sinker,False
SI,2026-08-18,99.3,2.93,6.01,"Morejon, Adrian",701807,670970,,called_strike,,,,,3.0,,R,L,L,NYM,SD,S,,,0,0,2026,1.39,0.87,0.6782444353281845,2.809379727837504,,,,0,8,Bot,,,,,,,-9.35044678515896,-144.29726147986082,-5.231951715600386,21.528441735991912,32.75081066842762,-18.90063555194559,3.259498032,1.644980315,,,,99.2,2364.0,6.3,823586,666023,664034,630105,592518,593428,687749,701538,665487,54.23,,,,,,,,67,1,Sinker,2,4,2,4,4,2,2,4,Standard,Standard,143.0,-0.007,-0.041,,,,,0.041,,-2,-2,0.167,0.167,27,23,27,23,1,3,2.0,1.0,4.0,1.0,1.44,1.39,1.39,40.7,,,,,,Sinker,False
SI,2026-08-18,99.5,3.03,6.01,"Morejon, Adrian",673357,670970,home_run,hit_into_play,,,,,6.0,Luis Robert Jr. homers (7) on a line drive to center field.,R,R,L,NYM,SD,X,,line_drive,0,0,2026,1.41,0.88,0.5535248301822788,2.4740711074956376,,,,0,8,Bot,156.88,38.17,,,,,-10.03300339267545,-144.3741162414982,-6.09044319206803,22.10492833089454,35.541215105080965,-18.596016909986343,3.310400263,1.670669291,390.0,107.7,21.0,98.8,2444.0,6.2,823586,666023,664034,630105,592518,593428,687749,701538,665487,54.3,0.877,1.42,2.0,1.0,0.0,3.0,6.0,66,1,Sinker,1,4,1,4,4,2,2,4,Standard,Standard,148.0,0.08,1.114,82.3,7.6,,2.534,-1.114,107.7,-3,-3,0.087,0.087,27,28,27,29,1,3,2.0,1.0,4.0,1.0,1.45,1.41,-1.41,46.9,5.63337029830966,7.834898008583169,35.742209110367575,41.94715347020437,23.887400287143237,Sinker,True
SI,2026-08-18,100.4,2.68,5.93,"Morejon, Adrian",666182,670970,strikeout,swinging_strike,,,,,12.0,Bo Bichette strikes out swinging.,R,R,L,NYM,SD,S,2.0,,0,2,2026,1.53,0.89,0.4529187503454492,3.3095758004704026,543760.0,,620443.0,2,7,Bot,,,,,,,-9.77766730444868,-145.84774036800627,-3.797967344820967,24.152340207065503,36.98674223979226,-18.81967237220389,3.162081693,1.595816929,,,,100.1,2246.0,6.4,823586,666023,664034,630105,592518,593428,687749,701538,665487,54.12,,0.0,0.0,1.0,0.0,0.0,,62,4,Sinker,1,4,1,4,4,1,1,4,Standard,Standard,144.0,-0.034,-0.205,63.3,5.4,1.407855384,,0.205,,-3,-3,0.106,0.106,27,28,27,28,1,3,2.0,1.0,4.0,1.0,1.4,1.53,-1.53,41.1,-22.86703247896965,38.864331566408914,43.46032226155669,40.986490381472265,-1.2899689963463137,Sinker,True
CH,2026-08-18,93.3,2.61,5.95,"Morejon, Adrian",666182,670970,,foul,,,,,14.0,,R,R,L,NYM,SD,S,,,0,2,2026,0.8,-0.47,0.1961749119903704,1.358922083838474,543760.0,,620443.0,2,7,Bot,,,,,,,-7.88433712889918,-135.60173081267013,-4.700579844778114,11.62021846833748,31.231937411340915,-37.06124515758305,3.162081693,1.595816929,1.0,37.1,-49.0,92.9,943.0,6.2,823586,666023,664034,630105,592518,593428,687749,701538,665487,54.28,,,,,,,,62,3,Changeup,1,4,1,4,4,1,1,4,Standard,Standard,101.0,0.0,0.0,66.4,7.1,,,0.0,88.0,-3,-3,0.106,0.106,27,28,27,28,1,3,2.0,1.0,4.0,1.0,3.11,0.8,-0.8,42.2,-7.370279128048038,21.62105762040543,43.47443637312236,38.30470982640971,9.73697674721797,Changeup,False
CH,2026-08-18,92.7,2.69,6.0,"Morejon, Adrian",666182,670970,,swinging_strike,,,,,14.0,,R,R,L,NYM,SD,S,,,0,1,2026,0.96,-0.42,0.8339503399347923,0.9841544838457472,543760.0,,620443.0,2,7,Bot,,,,,,,-6.826947041939036,-134.67373388171387,-5.7758790128136654,13.234444740093458,30.926260650753356,-36.117299027483355,3.162081693,1.595816929,,,,92.4,966.0,6.3,823586,666023,664034,630105,592518,593428,687749,701538,665487,54.17,,,,,,,,62,2,Changeup,1,4,1,4,4,1,1,4,Standard,Standard,108.0,-0.014,-0.052,51.0,7.2,4.8971853,,0.052,,-3,-3,0.12,0.12,27,28,27,28,1,3,2.0,1.0,4.0,1.0,3.09,0.96,-0.96,42.7,-8.948151297600502,18.35637698015638,39.96619001334371,45.878713219925665,9.195992004466277,Changeup,False
CH,2026-08-18,92.2,2.57,6.0,"Morejon, Adrian",666182,670970,,swinging_strike,,,,,13.0,,R,R,L,NYM,SD,S,,,0,0,2026,0.83,-0.53,-0.7818573432626614,1.4796859803235791,,543760.0,620443.0,2,7,Bot,,,,,,,-10.2282075206219,-133.7607115552522,-4.165960682293983,12.287548353583396,30.61354023673434,-37.70000716345338,3.162081693,1.595816929,,,,91.7,913.0,6.3,823586,666023,664034,630105,592518,593428,687749,701538,665487,54.2,,,,,,,,62,1,Changeup,1,4,1,4,4,1,1,4,Standard,Strategic,105.0,-0.005,-0.032,75.7,7.8,0.676348812,,0.032,,-3,-3,0.125,0.125,27,28,27,28,1,3,2.0,1.0,4.0,1.0,3.24,0.83,-0.83,43.7,14.375374980749624,-13.987738191210038,41.928835681226005,27.594887060397287,35.01140388318373,Changeup,False
SI,2026-08-18,98.9,2.46,6.01,"Morejon, Adrian",596019,670970,field_out,hit_into_play,,,,,11.0,Francisco Lindor pops out to second baseman Jake Cronenworth on the infield fly rule.,R,R,L,NYM,SD,X,4.0,popup,1,2,2026,1.26,0.99,-0.2519896067385512,3.349313223013331,,543760.0,620443.0,1,7,Bot,145.18,123.76,,,,,-10.292763237909654,-143.68790073551145,-3.947885258233868,19.901483547234395,33.42962769888319,-17.774027621329868,3.107668963,1.568356299,198.0,83.0,57.0,98.8,2425.0,6.4,823586,666023,664034,630105,592518,593428,687749,701538,665487,54.15,0.026,0.025,0.0,1.0,0.0,0.0,3.0,61,4,Sinker,1,4,1,4,4,1,1,4,Standard,Standard,147.0,-0.045,-0.162,67.1,6.7,,0.033,0.162,88.0,-3,-3,0.17,0.17,27,32,27,33,1,3,2.0,1.0,4.0,1.0,1.35,1.26,-1.26,42.8,11.753205836660502,1.4635479744007764,25.889116458479428,29.747983880122774,23.99582087085457,Sinker,True
SI,2026-08-18,98.9,2.73,5.95,"Morejon, Adrian",596019,670970,,swinging_strike,,,,,6.0,,R,R,L,NYM,SD,S,,,1,1,2026,1.29,0.98,0.3068220101507957,2.4161777845603103,,543760.0,620443.0,1,7,Bot,,,,,,,-9.551870360075853,-143.65440498077731,-6.260339464726414,20.058009976961404,33.83676612587953,-17.271882084667098,3.107668963,1.568356299,,,,98.6,2426.0,6.2,823586,666023,664034,630105,592518,593428,687749,701538,665487,54.27,,,,,,,,61,3,Sinker,1,4,1,4,4,1,1,4,Standard,Standard,144.0,-0.017,-0.064,72.6,7.3,0.399714588,,0.064,,-3,-3,0.187,0.187,27,32,27,33,1,3,2.0,1.0,4.0,1.0,1.36,1.29,-1.29,42.5,5.049171989588594,12.895569650347053,36.695141783541246,36.90728564673442,19.13651656061232,Sinker,False
SI,2026-08-18,98.6,2.55,6.01,"Morejon, Adrian",596019,670970,,ball,,,,,11.0,,R,R,L,NYM,SD,B,,,0,1,2026,1.18,1.14,-1.0690777386333288,2.7964410041303216,,543760.0,620443.0,1,7,Bot,,,,,,,-12.432932521484192,-142.98366911222988,-5.724203304816233,19.10070475664265,33.93801905428909,-15.305412609256468,3.107668963,1.568356299,,,,98.1,2387.0,6.2,823586,666023,664034,630105,592518,593428,687749,701538,665487,54.25,,,,,,,,61,2,Sinker,1,4,1,4,4,1,1,4,Standard,Standard,148.0,0.007,0.027,,,,,-0.027,,-3,-3,0.18,0.18,27,32,27,33,1,3,2.0,1.0,4.0,1.0,1.23,1.18,-1.18,38.8,,,,,,Sinker,False
SL,2026-08-18,89.2,2.99,5.98,"Morejon, Adrian",596019,670970,,called_strike,,,,,3.0,,R,R,L,NYM,SD,S,,,0,0,2026,-0.5,-0.02,0.3304034837975996,3.0603306656433897,,543760.0,620443.0,1,7,Bot,,,,,,,-5.37886512640973,-129.72563088124392,-0.8426797327808077,-4.364151162412161,29.19651383731729,-32.4878183358991,3.107668963,1.568356299,,,,88.7,2851.0,6.2,823586,666023,664034,630105,592518,593428,687749,701538,665487,54.35,,,,,,,,61,1,Slider,1,4,1,4,4,1,1,4,Standard,Standard,260.0,-0.01,-0.041,,,,,0.041,,-3,-3,0.19,0.19,27,32,27,33,1,3,2.0,1.0,4.0,1.0,2.91,-0.5,0.5,39.6,,,,,,Slider,False
SI,2026-08-16,99.1,2.53,5.85,"Morejon, Adrian",680757,670970,field_out,hit_into_play,,,,,9.0,Steven Kwan lines out to left fielder Jase Bowen.,R,L,L,CLE,SD,X,7.0,line_drive,1,1,2026,1.31,0.74,0.6737876403670606,1.8794310295021144,,,,2,8,Bot,84.62,108.28,,,,,-8.10541723881125,-143.99780008558983,-6.866601347705373,20.17613763685141,35.887185914780495,-20.46077811842698,3.02253937,1.525393701,251.0,78.7,26.0,98.6,2478.0,6.2,824397,666023,664034,630105,823550,593428,687749,701538,665487,54.26,0.329,0.299,0.0,1.0,0.0,0.0,3.0,65,3,Sinker,0,4,0,4,4,0,0,4,Standard,Standard,131.0,-0.004,-0.247,60.2,6.1,,0.379,0.247,88.0,-4,-4,0.019,0.019,27,28,27,29,1,3,4.0,1.0,2.0,2.0,1.61,1.31,1.31,37.9,-0.6520412536505885,-0.8329917229257238,45.113963106390486,25.13005609388598,25.29981848017674,Sinker,True
SL,2026-08-16,91.6,2.78,5.84,"Morejon, Adrian",680757,670970,,ball,,,,,4.0,,R,L,L,CLE,SD,B,,,0,1,2026,-0.66,-0.22,-0.8079290182916534,2.3150570463807876,,,,2,8,Bot,,,,,,,-7.479772831446296,-133.25053060231005,-2.2966024721547225,-6.181998019803704,29.178984510549405,-34.55153164481986,3.02253937,1.525393701,,,,91.4,2988.0,6.2,824397,666023,664034,630105,823550,593428,687749,701538,665487,54.26,,,,,,,,65,2,Slider,0,4,0,4,4,0,0,4,Standard,Standard,284.0,0.001,0.03,,,,,-0.03,,-4,-4,0.018,0.018,27,28,27,29,1,3,4.0,1.0,2.0,2.0,2.95,-0.66,-0.66,39.2,,,,,,Slider,False
SI,2026-08-16,100.0,2.51,5.82,"Morejon, Adrian",680757,670970,,called_strike,,,,,8.0,,R,L,L,CLE,SD,S,,,0,0,2026,1.26,0.66,-0.0612982030131505,1.691772373175094,,,,2,8,Bot,,,,,,,-9.995937724156562,-145.20329131168833,-7.296421079116775,20.168607927636945,34.90132251169084,-21.273638037006833,3.02253937,1.525393701,,,,99.6,2602.0,6.3,824397,666023,664034,630105,823550,593428,687749,701538,665487,54.23,,,,,,,,65,1,Sinker,0,4,0,4,4,0,0,4,Standard,Standard,140.0,-0.001,-0.045,,,,,0.045,,-4,-4,0.019,0.019,27,28,27,29,1,3,4.0,1.0,2.0,2.0,1.64,1.26,1.26,36.2,,,,,,Sinker,False
SI,2026-08-16,99.5,2.4,5.93,"Morejon, Adrian",677587,670970,field_out,hit_into_play,,,,,3.0,Brayan Rocchio flies out to center fielder Jackson Merrill.,R,R,L,CLE,SD,X,8.0,fly_ball,3,1,2026,1.39,0.88,0.3923935232027578,2.738475511782198,,,,1,8,Bot,155.43,59.17,,,,,-8.718447319178953,-144.55942780518413,-5.221967309761767,21.48971336763779,33.11468407501584,-18.7886717772784,3.068175853,1.548425197,354.0,92.7,31.0,99.2,2474.0,6.2,824397,666023,664034,630105,823550,593428,687749,701538,665487,54.35,0.1,0.165,0.0,1.0,0.0,0.0,3.0,64,5,Sinker,0,4,0,4,4,0,0,4,Standard,Standard,143.0,-0.016,-0.436,68.7,6.9,,0.302,0.436,92.7,-4,-4,0.035,0.035,27,25,27,25,1,2,4.0,2.0,2.0,2.0,1.43,1.39,-1.39,42.2,6.384149601187647,3.672427929303979,27.836163200275195,38.94839510305544,27.93594015869369,Sinker,True
SI,2026-08-16,100.8,2.57,5.84,"Morejon, Adrian",677587,670970,,ball,,,,,13.0,,R,R,L,CLE,SD,B,,,2,1,2026,1.32,0.63,-0.7754143048545985,1.329992975433648,,,,1,8,Bot,,,,,,,-12.31611760681622,-146.0469357779642,-8.425616209568926,21.780535782257058,33.780729122502144,-21.197067950046858,3.068175853,1.548425197,,,,100.5,2449.0,6.3,824397,666023,664034,630105,823550,593428,687749,701538,665487,54.18,,,,,,,,64,4,Sinker,0,4,0,4,4,0,0,4,Standard,Standard,137.0,0.005,0.128,,,,,-0.128,,-4,-4,0.03,0.03,27,25,27,25,1,2,4.0,2.0,2.0,2.0,1.63,1.32,-1.32,38.0,,,,,,Sinker,False
CH,2026-08-16,91.9,2.8,5.89,"Morejon, Adrian",677587,670970,,ball,,,,,14.0,,R,R,L,CLE,SD,B,,,1,1,2026,0.87,-0.46,1.028390539198334,0.5780087755528198,,,,1,8,Bot,,,,,,,-6.316105001385992,-133.7435350988768,-6.3564728144344596,11.731526216185612,26.250996142509617,-36.69062901347465,3.068175853,1.548425197,,,,91.9,1093.0,6.1,824397,666023,664034,630105,823550,593428,687749,701538,665487,54.42,,,,,,,,64,3,Changeup,0,4,0,4,4,0,0,4,Standard,Standard,100.0,0.002,0.056,,,,,-0.056,,-4,-4,0.028,0.028,27,25,27,25,1,2,4.0,2.0,2.0,2.0,3.14,0.87,-0.87,38.5,,,,,,Changeup,False
SI,2026-08-16,100.1,2.63,5.9,"Morejon, Adrian",677587,670970,,called_strike,,,,,2.0,,R,R,L,CLE,SD,S,,,1,0,2026,1.28,0.6,0.0479425027880555,3.1490550990055937,,,,1,8,Bot,,,,,,,-10.041054352919398,-145.5257435275976,-3.4745382646141656,20.439754184673543,31.788742833862123,-23.02566662828478,3.068175853,1.548425197,,,,99.9,2507.0,6.1,824397,666023,664034,630105,823550,593428,687749,701538,665487,54.42,,,,,,,,64,2,Sinker,0,4,0,4,4,0,0,4,Standard,Standard,148.0,-0.002,-0.05,,,,,0.05,,-4,-4,0.03,0.03,27,25,27,25,1,2,4.0,2.0,2.0,2.0,1.67,1.28,-1.28,38.2,,,,,,Sinker,False
SI,2026-08-16,99.9,2.72,5.86,"Morejon, Adrian",677587,670970,,ball,,,,,14.0,,R,R,L,CLE,SD,B,,,0,0,2026,1.22,0.68,1.3106284198539782,1.772146065090911,,,,1,8,Bot,,,,,,,-6.724571988136915,-145.28310068174727,-7.285263724985149,18.784139588515185,31.68505871933046,-21.0416204961176,3.068175853,1.548425197,,,,100.1,2536.0,6.3,824397,666023,664034,630105,823550,593428,687749,701538,665487,54.24,,,,,,,,64,1,Sinker,0,4,0,4,4,0,0,4,Standard,Standard,135.0,0.002,0.041,,,,,-0.041,,-4,-4,0.028,0.028,27,25,27,25,1,2,4.0,2.0,2.0,2.0,1.59,1.22,-1.22,36.9,,,,,,Sinker,False
SI,2026-08-16,99.0,2.7,5.98,"Morejon, Adrian",595978,670970,field_out,hit_into_play,,,,,6.0,Austin Hedges lines out to second baseman Jake Cronenworth.,R,R,L,CLE,SD,X,4.0,line_drive,0,0,2026,1.29,0.77,0.7012740011646974,2.6617507555531272,,,,0,8,Bot,136.39,140.76,,,,,-8.409945069169797,-144.00628418973906,-5.281975094323177,19.894768372532273,30.513802152778236,-20.42689437331681,3.206840551,1.618405512,154.0,81.1,10.0,99.1,2479.0,6.2,824397,666023,664034,630105,823550,593428,687749,701538,665487,54.35,0.383,0.345,0.0,1.0,0.0,0.0,4.0,63,1,Sinker,0,4,0,4,4,0,0,4,Standard,Standard,139.0,-0.016,-0.259,67.2,7.1,,0.405,0.259,88.0,-4,-4,0.044,0.044,27,33,27,34,1,2,4.0,3.0,2.0,3.0,1.54,1.29,-1.29,39.7,8.302928298960545,11.34607975378405,22.48084004948409,44.63211850677936,27.56272566374504,Sinker,True
SL,2026-08-12,90.2,2.57,5.69,"Morejon, Adrian",668930,670970,strikeout,swinging_strike,,,,,4.0,Brice Turang strikes out swinging.,R,L,L,SD,MIL,S,2.0,,2,2,2026,-0.63,-0.39,-0.6611178173807389,2.627336398101974,596142.0,669003.0,694192.0,2,11,Top,,,,,,,-6.555467334748247,-131.1643483436138,-0.5795072735730711,-5.81721905107696,29.12666187456321,-36.71050533208826,3.21035105,1.620177165,,,,90.0,2912.0,6.3,823263,669134,664034,630105,592518,593428,650859,701538,665487,54.18,,0.0,0.0,1.0,0.0,0.0,,85,6,Slider,2,3,3,2,3,2,3,2,Strategic,Strategic,295.0,0.133,-0.2,63.5,6.7,0.10982616,,0.2,,-1,1,0.315,0.685,27,26,27,27,1,5,2.0,1.0,4.0,6.0,3.2,-0.63,-0.63,43.9,4.293100586012519,23.09046731165287,25.02785582437758,44.37663913904563,22.03221230979021,Slider,True
FF,2026-08-12,99.4,2.21,5.8,"Morejon, Adrian",668930,670970,,foul,,,,,3.0,,R,L,L,SD,MIL,S,,,2,2,2026,0.41,1.3,0.6947571727844684,2.870419090652194,596142.0,669003.0,694192.0,2,11,Top,,,,,,,-5.082337766256072,-144.66241317202622,-5.529786134828469,6.931161393414481,34.61616062772019,-12.80504940130636,3.21035105,1.620177165,265.0,78.6,47.0,99.5,2477.0,6.4,823263,669134,664034,630105,592518,593428,650859,701538,665487,54.08,,,,,,,,85,5,4-Seam Fastball,2,3,3,2,3,2,3,2,Strategic,Strategic,153.0,0.0,0.0,68.9,6.9,,,0.0,88.0,-1,1,0.315,0.685,27,26,27,27,1,5,2.0,1.0,4.0,6.0,1.01,0.41,0.41,42.4,11.655162847902988,0.7279033123995425,37.0954789032309,27.24096027204142,32.83197431915664,Four-seam,False
FF,2026-08-12,100.1,2.35,5.88,"Morejon, Adrian",668930,670970,,ball,,,,,12.0,,R,L,L,SD,MIL,B,,,1,2,2026,0.54,1.28,0.3100833841736825,4.113873619309605,596142.0,669003.0,694192.0,2,11,Top,,,,,,,-6.867569230364182,-145.58469217326984,-2.402920587442157,9.388385308711944,36.55729424999186,-13.640899950312502,3.21035105,1.620177165,,,,99.9,2501.0,6.4,823263,669134,664034,630105,592518,593428,650859,701538,665487,54.12,,,,,,,,85,4,4-Seam Fastball,2,3,3,2,3,2,3,2,Strategic,Standard,148.0,0.019,0.027,,,,,-0.027,,-1,1,0.296,0.704,27,26,27,27,1,5,2.0,1.0,4.0,6.0,1.01,0.54,0.54,43.9,,,,,,Four-seam,False
SI,2026-08-12,100.2,2.48,5.74,"Morejon, Adrian",668930,670970,,foul,,,,,3.0,,R,L,L,SD,MIL,S,,,1,1,2026,1.42,0.41,0.7345099488151343,3.23563652899138,596142.0,669003.0,694192.0,2,11,Top,,,,,,,-8.178133930262717,-145.58159899169812,-2.300298258238163,22.168950863139106,37.04061538899207,-25.969453775688663,3.21035105,1.620177165,150.0,83.3,10.0,99.9,2505.0,6.4,823263,669134,664034,630105,592518,593428,650859,701538,665487,54.12,,,,,,,,85,3,Sinker,2,3,3,2,3,2,3,2,Standard,Standard,138.0,-0.032,-0.064,63.0,5.6,,,0.064,88.0,-1,1,0.328,0.672,27,26,27,27,1,5,2.0,1.0,4.0,6.0,1.88,1.42,1.42,39.9,-2.3373261096723397,26.43809582100534,33.07227521117256,27.517226796428883,20.220487817739045,Sinker,False
SI,2026-08-12,99.8,2.45,5.77,"Morejon, Adrian",668930,670970,,ball,,,,,12.0,,R,L,L,SD,MIL,B,,,0,1,2026,1.35,0.36,0.6431176927382136,3.434939457034538,596142.0,669003.0,694192.0,2,11,Top,,,,,,,-8.128452348039037,-145.00289151042048,-1.6738760984415435,21.03371822021793,36.774763783454446,-26.905529888023235,3.21035105,1.620177165,,,,99.4,2459.0,6.3,823263,669134,664034,630105,592518,593428,650859,701538,665487,54.17,,,,,,,,85,2,Sinker,2,3,3,2,3,2,3,2,Strategic,Standard,141.0,0.013,0.028,,,,,-0.028,,-1,1,0.315,0.685,27,26,27,27,1,5,2.0,1.0,4.0,6.0,1.95,1.35,1.35,41.1,,,,,,Sinker,False
SI,2026-08-12,100.3,2.41,5.73,"Morejon, Adrian",668930,670970,,swinging_strike,,,,,3.0,,R,L,L,SD,MIL,S,,,0,0,2026,1.35,0.58,0.4298126251612844,3.1952128546825156,596142.0,669003.0,694192.0,2,11,Top,,,,,,,-8.618690672684604,-145.79166361684983,-2.8453557268604404,21.24676385630995,35.436073147233685,-23.43758224398505,3.21035105,1.620177165,,,,100.1,2434.0,6.3,823263,669134,664034,630105,592518,593428,650859,701538,665487,54.21,,,,,,,,85,1,Sinker,2,3,3,2,3,2,3,2,Strategic,Standard,141.0,-0.02,-0.04,61.0,5.5,0.932908464,,0.04,,-1,1,0.335,0.665,27,26,27,27,1,5,2.0,1.0,4.0,6.0,1.7,1.35,1.35,39.0,-9.73528837257276,37.54373399619625,30.926949633691304,32.0766247378251,13.179098531104298,Sinker,False
CH,2026-08-12,93.2,2.44,5.81,"Morejon, Adrian",687401,670970,strikeout,swinging_strike,,,,,13.0,Joey Ortiz strikes out swinging.,R,R,L,SD,MIL,S,2.0,,1,2,2026,0.7,-0.41,-0.0463394557212825,1.0815228743172418,596142.0,669003.0,,1,11,Top,,,,,,,-7.861682586327635,-135.49139018707348,-5.241620193922627,10.322371767589692,27.547769931157926,-36.33913836593757,3.136630577,1.582972441,,,,93.4,983.0,6.3,823263,669134,664034,630105,592518,593428,650859,701538,665487,54.18,,0.0,0.0,1.0,0.0,0.0,,83,6,Changeup,2,3,3,2,3,2,3,2,Strategic,Standard,99.0,0.09,-0.366,71.8,8.1,2.04741378,,0.366,,-1,1,0.266,0.734,27,27,27,28,1,4,2.0,4.0,4.0,1.0,3.02,0.7,-0.7,48.1,12.198128494443235,-11.855141444898262,30.652102378367893,33.773899441424135,34.137086592897916,Changeup,True
CH,2026-08-12,93.5,2.52,5.8,"Morejon, Adrian",687401,670970,,foul,,,,,13.0,,R,R,L,SD,MIL,S,,,1,2,2026,0.61,0.55,-0.7186642326792739,1.1448509926171582,596142.0,669003.0,,1,11,Top,,,,,,,-9.574482077522422,-135.59098577208795,-7.117836488743179,9.742821599163529,31.991801851315472,-23.93546969017336,3.136630577,1.582972441,,,,92.9,939.0,6.3,823263,669134,664034,630105,592518,593428,650859,701538,665487,54.17,,,,,,,,83,5,Changeup,2,3,3,2,3,2,3,2,Strategic,Standard,107.0,0.0,0.0,71.0,8.4,,,0.0,,-1,1,0.266,0.734,27,27,27,28,1,4,2.0,4.0,4.0,1.0,2.1,0.61,-0.61,49.5,13.84743166558554,-22.659997288152443,37.3975584839515,25.972731140498603,33.3294899506074,Changeup,False
SI,2026-08-12,98.9,2.47,5.78,"Morejon, Adrian",687401,670970,,foul,,,,,12.0,,R,R,L,SD,MIL,S,,,1,2,2026,1.52,0.46,0.0009858966223443,3.3759163226755744,596142.0,669003.0,,1,11,Top,,,,,,,-10.234366878751398,-143.70036757401735,-1.9835985251126504,23.42030926560747,34.26130983342739,-25.586796171891397,3.136630577,1.582972441,194.0,77.6,64.0,98.7,2223.0,6.3,823263,669134,664034,630105,592518,593428,650859,701538,665487,54.18,,,,,,,,83,4,Sinker,2,3,3,2,3,2,3,2,Strategic,Standard,140.0,0.0,0.0,68.1,6.6,,,0.0,88.0,-1,1,0.266,0.734,27,27,27,28,1,4,2.0,4.0,4.0,1.0,1.89,1.52,-1.52,42.2,-5.039130351103121,7.288326044067559,21.539430206243715,34.156716878377026,21.87600366646383,Sinker,False
FF,2026-08-12,99.4,2.39,5.89,"Morejon, Adrian",687401,670970,,foul,,,,,12.0,,R,R,L,SD,MIL,S,,,1,1,2026,0.4,0.9,0.2581727927472611,3.743814658009688,596142.0,669003.0,,1,11,Top,,,,,,,-6.755147047013228,-144.6793154983695,-2.49047400017498,7.103012889963171,31.39481636587205,-19.085387872839853,3.136630577,1.582972441,276.0,101.7,16.0,100.1,2214.0,6.5,823263,669134,664034,630105,592518,593428,650859,701538,665487,54.0,,,,,,,,83,3,4-Seam Fastball,2,3,3,2,3,2,3,2,Strategic,Standard,145.0,0.033,-0.075,66.3,6.1,,,0.075,101.7,-1,1,0.233,0.767,27,27,27,28,1,4,2.0,4.0,4.0,1.0,1.39,0.4,-0.4,44.6,-3.615173980465649,35.97305367397457,16.8985233380805,36.93129174900143,12.937884501002024,Four-seam,False
SI,2026-08-12,100.0,2.28,5.77,"Morejon, Adrian",687401,670970,,foul,,,,,12.0,,R,R,L,SD,MIL,S,,,1,0,2026,1.18,0.96,0.7660427944787882,3.744140987809749,596142.0,669003.0,,1,11,Top,,,,,,,-6.953541131766221,-145.58739560954385,-2.3610050103839857,18.41393430503215,33.488137901654206,-18.21752856114544,3.136630577,1.582972441,,,,100.3,2392.0,6.4,823263,669134,664034,630105,592518,593428,650859,701538,665487,54.11,,,,,,,,83,2,Sinker,2,3,3,2,3,2,3,2,Strategic,Standard,141.0,0.006,-0.062,74.6,7.0,,,0.062,,-1,1,0.227,0.773,27,27,27,28,1,4,2.0,4.0,4.0,1.0,1.32,1.18,-1.18,39.7,10.43451879342316,20.075288256317112,13.03246890746836,43.476174367092405,19.241580908432677,Sinker,False
SI,2026-08-12,98.8,2.36,5.8,"Morejon, Adrian",687401,670970,,ball,,,,,12.0,,R,R,L,SD,MIL,B,,,0,0,2026,1.29,0.85,0.5354291228940347,3.3849968866992803,596142.0,,669003.0,1,11,Top,,,,,,,-7.958402768878165,-143.76340334718225,-2.99294756424524,19.70203640793359,31.945259071226456,-19.876282055176723,3.136630577,1.582972441,,,,99.1,2370.0,6.3,823263,669134,664034,630105,592518,593428,650859,701538,665487,54.15,,,,,,,,83,1,Sinker,2,3,3,2,3,2,3,2,Strategic,Standard,142.0,-0.025,0.021,,,,,-0.021,,-1,1,0.252,0.748,27,27,27,28,1,4,2.0,4.0,4.0,1.0,1.48,1.29,-1.29,40.8,,,,,,Sinker,False
SL,2026-08-12,90.0,2.63,5.72,"Morejon, Adrian",666152,670970,strikeout,swinging_strike,,,,,2.0,David Hamilton strikes out swinging.,R,L,L,SD,MIL,S,2.0,,0,2,2026,-0.52,-0.15,0.0289024716737228,2.835518830178754,596142.0,,669003.0,0,11,Top,,,,,,,-5.250736947361001,-131.12887259203364,-0.7518927974300385,-5.10637638880783,24.664794090187605,-33.967179460446076,3.134875328,1.582086614,,,,90.6,2771.0,6.3,823263,669134,664034,630105,592518,593428,650859,701538,665487,54.18,,0.0,0.0,1.0,0.0,0.0,,82,3,Slider,2,3,3,2,3,2,3,2,Strategic,Standard,284.0,0.044,-0.218,66.6,6.0,0.1,,0.218,,-1,1,0.208,0.792,27,28,27,29,1,4,2.0,1.0,4.0,1.0,2.93,-0.52,-0.52,40.7,-8.689531021581,26.575501281741214,27.46912670446351,39.76927425682488,13.07919835539959,Slider,True
SI,2026-08-12,100.1,2.46,5.75,"Morejon, Adrian",666152,670970,,foul,,,,,12.0,,R,L,L,SD,MIL,S,,,0,1,2026,1.51,0.78,1.2859832453723117,3.165399275438685,596142.0,,669003.0,0,11,Top,,,,,,,-6.833928441220665,-145.6227848440651,-3.400466787724964,23.131988734397197,36.956718300791934,-20.476090707508845,3.134875328,1.582086614,200.0,77.4,19.0,99.8,2300.0,6.3,823263,669134,664034,630105,592518,593428,650859,701538,665487,54.15,,,,,,,,82,2,Sinker,2,3,3,2,3,2,3,2,Strategic,Standard,137.0,0.019,-0.057,61.2,5.2,,,0.057,88.0,-1,1,0.189,0.811,27,28,27,29,1,4,2.0,1.0,4.0,1.0,1.51,1.51,1.51,41.3,-13.679808124973698,24.989931355676458,34.53862996431193,25.28828451302494,15.121870072362391,Sinker,False
SI,2026-08-12,99.8,2.31,5.75,"Morejon, Adrian",666152,670970,,foul_tip,,,,,12.0,,R,L,L,SD,MIL,S,,,0,0,2026,1.46,0.67,0.9793726696155722,3.2736425973810106,596142.0,,669003.0,0,11,Top,,,,,,,-7.116059088858007,-145.12658223491107,-2.8307336035033837,22.292538946687092,35.21371778903296,-22.224129655182047,3.134875328,1.582086614,,,,99.7,2261.0,6.4,823263,669134,664034,630105,592518,593428,650859,701538,665487,54.14,,,,,,,,82,1,Sinker,2,3,3,2,3,2,3,2,Strategic,Standard,138.0,0.011,-0.041,58.6,4.7,,,0.041,,-1,1,0.178,0.822,27,28,27,29,1,4,2.0,1.0,4.0,1.0,1.63,1.46,1.46,41.4,-17.845014585431542,43.07262346680169,33.1461910091919,28.495252624182005,7.697821534813128,Sinker,False
SI,2026-08-12,99.6,2.45,5.76,"Morejon, Adrian",669003,670970,walk,ball,,,,,12.0,Garrett Mitchell walks.,R,L,L,SD,MIL,B,,,3,2,2026,1.43,0.75,1.573766381804296,3.5644059447309284,596142.0,,,0,11,Top,,,,,,,-5.795591533060986,-144.8703126343239,-2.1803613675173468,21.499282724057583,37.4113943551181,-21.40684034240386,3.292847769,1.661811024,,,,99.2,2342.0,6.3,823263,669134,664034,630105,592518,593428,650859,701538,665487,54.19,,0.698418,0.7,1.0,0.0,0.0,,81,6,Sinker,2,3,3,2,3,2,3,2,Strategic,Standard,135.0,-0.026,0.27,,,,,-0.27,,-1,1,0.204,0.796,27,27,27,28,1,2,2.0,1.0,4.0,1.0,1.57,1.43,1.43,39.4,,,,,,Sinker,True
SI,2026-08-12,98.4,2.4,5.73,"Morejon, Adrian",669003,670970,,foul_tip,,,,,9.0,,R,L,L,SD,MIL,S,,,3,1,2026,1.33,0.57,0.7672098919071912,2.159253231790762,596142.0,,,0,11,Top,,,,,,,-7.506128616266607,-142.94816866973653,-5.291140384062971,20.051824363248542,36.240068119851344,-23.229413376841233,3.292847769,1.661811024,,,,97.9,2218.0,6.3,823263,669134,664034,630105,592518,593428,650859,701538,665487,54.17,,,,,,,,81,5,Sinker,2,3,3,2,3,2,3,2,Strategic,Standard,137.0,0.007,-0.126,80.2,7.0,,,0.126,,-1,1,0.197,0.803,27,27,27,28,1,2,2.0,1.0,4.0,1.0,1.81,1.33,1.33,39.1,3.165954716074188,6.580706412687939,30.003422215825346,29.0635913811565,25.08015087245365,Sinker,False
FF,2026-08-12,99.8,2.32,5.84,"Morejon, Adrian",669003,670970,,called_strike,,,,,2.0,,R,L,L,SD,MIL,S,,,3,0,2026,0.51,1.19,0.0856669482059824,3.1048429131019932,596142.0,,,0,11,Top,,,,,,,-7.295100074918394,-145.14818269500944,-4.766821066336885,8.950180390821474,36.063997594011134,-14.50362676271254,3.292847769,1.661811024,,,,99.9,2414.0,6.5,823263,669134,664034,630105,592518,593428,650859,701538,665487,54.01,,,,,,,,81,4,4-Seam Fastball,2,3,3,2,3,2,3,2,Strategic,Standard,145.0,0.007,-0.077,,,,,0.077,,-1,1,0.19,0.81,27,27,27,28,1,2,2.0,1.0,4.0,1.0,1.12,0.51,0.51,45.8,,,,,,Four-seam,False
SI,2026-08-12,98.6,2.95,5.88,"Morejon, Adrian",669003,670970,,ball,,,,,12.0,,R,L,L,SD,MIL,B,,,2,0,2026,1.47,0.55,1.7443369203282828,3.4347768010468256,596142.0,,,0,11,Top,,,,,,,-6.68301578632149,-143.38968687889383,-2.2116381234599265,21.7736376802312,38.39725485401467,-24.31228463389009,3.292847769,1.661811024,,,,97.6,2248.0,6.1,823263,669134,664034,630105,592518,593428,650859,701538,665487,54.37,,,,,,,,81,3,Sinker,2,3,3,2,3,2,3,2,Strategic,Standard,137.0,-0.01,0.16,,,,,-0.16,,-1,1,0.2,0.8,27,27,27,28,1,2,2.0,1.0,4.0,1.0,1.83,1.47,1.47,38.7,,,,,,Sinker,False
CH,2026-08-12,92.8,2.06,5.7,"Morejon, Adrian",669003,670970,,ball,,,,,13.0,,R,L,L,SD,MIL,B,,,1,0,2026,1.35,0.82,-0.2523323567757607,-0.2169714701432195,,596142.0,,0,11,Top,,,,,,,-8.819897387722033,-134.48189686113176,-10.778657692329816,18.395406752874617,31.545319671186633,-19.81653940925105,3.292847769,1.661811024,,,,92.3,2150.0,6.4,823263,669134,664034,630105,592518,593428,650859,701538,665487,54.12,,,,,,,,81,2,Changeup,2,3,3,2,3,2,3,2,Strategic,Standard,135.0,-0.06,0.049,,,,,-0.049,,-1,1,0.26,0.74,27,27,27,28,1,2,2.0,1.0,4.0,1.0,1.86,1.35,1.35,40.0,,,,,,Changeup,False
SI,2026-08-12,97.8,2.39,5.74,"Morejon, Adrian",669003,670970,,ball,,,,,13.0,,R,L,L,SD,MIL,B,,,0,0,2026,1.36,0.84,-0.9372775715281094,1.9984648124768936,,596142.0,,0,11,Top,,,,,,,-12.035081867866769,-141.81418484414056,-6.256432787816038,21.272329475081303,35.02129778521958,-19.47542209683521,3.292847769,1.661811024,,,,97.3,2314.0,6.4,823263,669134,664034,630105,592518,593428,650859,701538,665487,54.14,,,,,,,,81,1,Sinker,2,3,3,2,3,2,3,2,Strategic,Standard,138.0,-0.002,0.033,,,,,-0.033,,-1,1,0.262,0.738,27,27,27,28,1,2,2.0,1.0,4.0,1.0,1.58,1.36,1.36,39.3,,,,,,Sinker,False
SI,2026-08-12,98.3,2.36,5.73,"Morejon, Adrian",596142,670970,double,hit_into_play,,,,,7.0,Gary Sánchez doubles (8) on a sharp ground ball to left fielder Luis Rengifo. Jihwan Bae scores.,R,R,L,SD,MIL,X,7.0,ground_ball,2,0,2026,1.38,0.76,-0.6749958722564486,1.7974710412648407,,678225.0,,0,11,Top,75.17,154.38,,,,,-11.351000207596492,-142.58158456926276,-6.71518327902642,21.45583857552673,32.893319166163415,-20.390184805934773,3.311277887,1.671112205,89.0,112.3,4.0,98.1,2328.0,6.4,823263,669134,664034,630105,592518,593428,650859,701538,665487,54.15,0.691,0.661,1.25,1.0,1.0,1.0,4.0,80,3,Sinker,2,2,2,2,3,2,3,2,Standard,Standard,135.0,-0.223,0.65,82.4,7.7,,0.802,-0.65,112.3,0,0,0.485,0.515,27,33,27,34,1,4,2.0,1.0,4.0,1.0,1.62,1.38,-1.38,41.0,17.89755567537303,-17.657149106539425,37.037302140986746,30.810803903119112,39.295970010802634,Sinker,True
SI,2026-08-12,101.2,2.41,5.81,"Morejon, Adrian",596142,670970,,ball,,,,,11.0,,R,R,L,SD,MIL,B,,,1,0,2026,1.33,0.78,-0.7888388123511745,3.615473740757764,,678225.0,,0,11,Top,,,,,,,-12.033118221379809,-146.86876089092925,-2.5199840835936773,22.08838759673616,34.63157992806622,-20.4044522908743,3.311277887,1.671112205,,,,101.1,2456.0,6.4,823263,669134,664034,630105,592518,593428,650859,701538,665487,54.11,,,,,,,,80,2,Sinker,2,2,2,2,2,2,2,2,Standard,Standard,137.0,-0.01,0.049,,,,,-0.049,,0,0,0.495,0.505,27,33,27,34,1,4,2.0,1.0,4.0,1.0,1.45,1.33,-1.33,40.4,,,,,,Sinker,False
SI,2026-08-12,100.1,2.34,5.81,"Morejon, Adrian",596142,670970,,ball,,,,,11.0,,R,R,L,SD,MIL,B,,,0,0,2026,1.3,0.77,-1.3220897207055808,2.787548572402892,,678225.0,,0,11,Top,,,,,,,-13.083727253180696,-145.14899688737776,-4.56971181575344,21.439865815711276,34.31443258417777,-20.378804497628455,3.311277887,1.671112205,,,,100.0,2305.0,6.4,823263,669134,664034,630105,592518,593428,650859,701538,665487,54.06,,,,,,,,80,1,Sinker,2,2,2,2,2,2,2,2,Standard,Standard,138.0,-0.005,0.033,,,,,-0.033,,0,0,0.5,0.5,27,33,27,34,1,4,2.0,1.0,4.0,1.0,1.53,1.3,-1.3,41.7,,,,,,Sinker,False
FF,2026-08-12,100.0,2.2,5.9,"Morejon, Adrian",661388,670970,field_out,hit_into_play,,,,,1.0,William Contreras flies out to center fielder Jackson Merrill.,R,R,L,SD,MIL,X,8.0,fly_ball,0,1,2026,0.69,0.98,-0.4839220668030558,2.8931677698523055,,,641343.0,2,10,Top,114.18,77.78,,,,,-8.943657818839121,-145.26997581342584,-5.0541628146356725,11.84106857979594,33.782434398926064,-17.255993395106984,3.133120079,1.581200787,303.0,89.6,45.0,100.0,2391.0,6.4,823263,669134,664034,630105,592518,593428,650859,701538,665487,54.14,0.003,0.003,0.0,1.0,0.0,0.0,3.0,75,2,4-Seam Fastball,2,2,2,2,2,2,2,2,Standard,Standard,143.0,0.08,-0.234,74.3,7.1,,0.005,0.234,89.6,0,0,0.725,0.275,27,28,27,29,1,4,2.0,1.0,4.0,1.0,1.3,0.69,-0.69,47.5,9.851719259947728,2.297346973930705,25.07232605358567,33.32602916514861,31.184903004931087,Four-seam,True
SI,2026-08-12,100.2,2.53,5.77,"Morejon, Adrian",661388,670970,,foul,,,,,4.0,,R,R,L,SD,MIL,S,,,0,0,2026,1.27,0.43,-0.4411763208475672,2.584372909902867,,,641343.0,2,10,Top,,,,,,,-11.147404149590184,-145.51321844184437,-4.2315771271159335,20.65577550353255,35.13589285553936,-25.270097570810535,3.133120079,1.581200787,233.0,79.5,51.0,100.0,2291.0,6.4,823263,669134,664034,630105,592518,593428,650859,701538,665487,54.12,,,,,,,,75,1,Sinker,2,2,2,2,2,2,2,2,Standard,Standard,135.0,-0.015,-0.041,72.8,6.6,,,0.041,88.0,0,0,0.74,0.26,27,28,27,29,1,4,2.0,1.0,4.0,1.0,1.86,1.27,-1.27,39.5,-0.7125316398771737,13.287009118142723,28.844446951350623,33.46103948554011,24.331337157781935,Sinker,False
SI,2026-08-12,100.3,2.51,5.79,"Morejon, Adrian",641343,670970,single,hit_into_play,,,,,5.0,Jake Bauers singles on a ground ball to third baseman Manny Machado.,R,L,L,SD,MIL,X,5.0,ground_ball,0,0,2026,1.36,0.73,0.2114873959265402,2.4971905991698113,,,,2,10,Top,100.2,167.75,,,,,-9.533362685494078,-145.6925504004995,-5.2809841724170035,21.550495861969377,33.838276544299944,-20.637747626576704,3.217372047,1.623720472,3.0,93.8,-38.0,100.3,2408.0,6.3,823263,669134,664034,630105,592518,593428,650859,701538,665487,54.15,0.047,0.042,0.9,1.0,1.0,0.0,2.0,74,1,Sinker,2,2,2,2,2,2,2,2,Infield shade,Standard,132.0,-0.033,0.328,65.7,5.9,,0.052,-0.328,93.8,0,0,0.773,0.227,27,30,27,31,1,4,2.0,1.0,4.0,1.0,1.54,1.36,1.36,38.0,-10.889022860283289,36.47588466850181,34.40154079087748,34.766575285260956,6.517559254844211,Sinker,True
SI,2026-08-12,99.8,2.53,5.82,"Morejon, Adrian",800325,670970,strikeout,called_strike,,,,,5.0,Luis Lara called out on strikes.,R,R,L,SD,MIL,S,2.0,,3,2,2026,1.3,0.63,-0.2159991342422398,2.4881731332547163,,,,1,10,Top,,,,,,,-10.52844239825168,-144.84255597713326,-5.0069196566440715,20.845556786161023,36.5333883920753,-22.217683861497193,3.004986877,1.516535433,,,,99.1,2346.0,6.2,823263,669134,664034,630105,592518,593428,650859,701538,665487,54.26,,0.0,0.0,1.0,0.0,0.0,,73,9,Sinker,2,2,2,2,2,2,2,2,Standard,Strategic,143.0,0.056,-0.345,,,,,0.345,,0,0,0.717,0.283,27,21,27,22,1,0,2.0,1.0,4.0,2.0,1.68,1.3,-1.3,40.1,,,,,,Sinker,True
CH,2026-08-12,92.9,2.54,5.87,"Morejon, Adrian",800325,670970,,ball,,,,,14.0,,R,R,L,SD,MIL,B,,,2,2,2026,0.85,-0.61,1.2571108943091605,1.8406848569022565,,,,1,10,Top,,,,,,,-5.104698875423178,-135.14177080207622,-2.876699465761533,11.517643858605208,32.63157178492556,-39.08101588623358,3.004986877,1.516535433,,,,92.2,993.0,6.1,823263,669134,664034,630105,592518,593428,650859,701538,665487,54.36,,,,,,,,73,8,Changeup,2,2,2,2,2,2,2,2,Standard,Strategic,100.0,-0.017,0.112,,,,,-0.112,,0,0,0.734,0.266,27,21,27,22,1,0,2.0,1.0,4.0,2.0,3.27,0.85,-0.85,41.8,,,,,,Changeup,False
FF,2026-08-12,99.1,2.17,5.92,"Morejon, Adrian",800325,670970,,ball,,,,,12.0,,R,R,L,SD,MIL,B,,,1,2,2026,0.61,1.33,0.480739323971358,4.07249140640544,,668930.0,,0,10,Top,,,,,,,-6.003563307714257,-144.0866840364564,-2.5729045003072337,9.960470657715572,36.27606392316152,-13.347062829993265,3.004986877,1.516535433,,,,98.7,2305.0,6.3,823263,669134,664034,630105,592518,593428,650859,701538,665487,54.18,,,,,,,,73,7,4-Seam Fastball,2,2,2,2,2,2,2,2,Standard,Strategic,141.0,0.201,0.028,,,,,-0.028,,0,0,0.533,0.467,27,21,27,22,1,0,2.0,1.0,4.0,2.0,1.01,0.61,-0.61,41.7,,,,,,Four-seam,False
FF,2026-08-12,100.0,2.21,5.87,"Morejon, Adrian",800325,670970,,foul,,,,,1.0,,R,R,L,SD,MIL,S,,,1,2,2026,0.64,1.08,-0.2816518484315439,2.5509791778348254,,668930.0,,0,10,Top,,,,,,,-8.31147177417446,-145.23465384135363,-6.086691313837447,11.119936366623826,36.86257187278634,-15.67830172287622,3.004986877,1.516535433,253.0,85.5,23.0,99.6,2418.0,6.3,823263,669134,664034,630105,592518,593428,650859,701538,665487,54.16,,,,,,,,73,6,4-Seam Fastball,2,2,2,2,2,2,2,2,Standard,Standard,146.0,0.0,0.0,69.8,5.3,,,0.0,88.0,0,0,0.533,0.467,27,21,27,22,1,0,2.0,1.0,4.0,2.0,1.23,0.64,-0.64,43.4,-13.374915915143427,35.59998532653154,28.457020194389273,31.45477061064955,16.633538544745154,Four-seam,False
FF,2026-08-12,100.1,2.39,5.89,"Morejon, Adrian",800325,670970,,foul,,,,,2.0,,R,R,L,SD,MIL,S,,,1,2,2026,0.56,1.16,0.047586519783982,2.6988412458660314,,668930.0,,0,10,Top,,,,,,,-7.732927084421414,-145.55679755184377,-6.007895531961498,9.821356926155016,34.69032001240357,-14.497240235076628,3.004986877,1.516535433,296.0,87.3,34.0,100.1,2445.0,6.4,823263,669134,664034,630105,592518,593428,650859,701538,665487,54.13,,,,,,,,73,5,4-Seam Fastball,2,2,2,2,2,2,2,2,Standard,Standard,143.0,0.0,0.0,62.3,5.6,,,0.0,88.0,0,0,0.533,0.467,27,21,27,22,1,0,2.0,1.0,4.0,2.0,1.12,0.56,-0.56,43.4,-1.5440717033455358,30.831983784708495,20.240064320021656,33.330271915139676,18.219659809093656,Four-seam,False
CH,2026-08-12,91.1,2.4,5.87,"Morejon, Adrian",800325,670970,,foul,,,,,8.0,,R,R,L,SD,MIL,S,,,1,2,2026,0.62,-0.66,0.1090989097143396,1.8707530540726056,,668930.0,,0,10,Top,,,,,,,-7.014547442706133,-132.42723861743525,-2.391903710354714,8.900367722111325,30.966686961592693,-39.57140807777123,3.004986877,1.516535433,,,,90.4,937.0,6.1,823263,669134,664034,630105,592518,593428,650859,701538,665487,54.38,,,,,,,,73,4,Changeup,2,2,2,2,2,2,2,2,Standard,Standard,101.0,0.0,0.0,69.8,6.4,,,0.0,,0,0,0.533,0.467,27,21,27,22,1,0,2.0,1.0,4.0,2.0,3.44,0.62,-0.62,42.5,-4.78614854024177,21.5619138369012,23.61854725649027,36.23233791974053,21.81916984374457,Changeup,False
FF,2026-08-12,97.5,2.18,5.91,"Morejon, Adrian",800325,670970,,foul_tip,,,,,11.0,,R,R,L,SD,MIL,S,,,1,0,2026,0.6,1.18,-0.2008374237609206,3.356553877674864,,668930.0,,0,10,Top,,,,,,,-7.716691914118544,-141.8195071273143,-3.952692991395116,9.85334145903852,31.1537739739037,-15.542202558574395,3.004986877,1.516535433,,,,97.7,2392.0,6.3,823263,669134,664034,630105,592518,593428,650859,701538,665487,54.16,,,,,,,,73,2,4-Seam Fastball,2,2,2,2,2,2,2,2,Strategic,Standard,145.0,0.01,-0.058,65.2,5.5,,,0.058,,0,0,0.495,0.505,27,21,27,22,1,0,2.0,1.0,4.0,2.0,1.21,0.6,-0.6,43.7,-4.961040599416165,32.582796569498555,19.09257141829693,32.96976094683064,15.326752460739025,Four-seam,False
FF,2026-08-12,98.6,2.3,5.98,"Morejon, Adrian",800325,670970,,ball,,,,,11.0,,R,R,L,SD,MIL,B,,,0,0,2026,0.35,1.15,-0.5897721769573473,3.924249404163376,,668930.0,,0,10,Top,,,,,,,-8.552135519686603,-143.4790101126002,-2.7348629743454858,6.709747228658884,30.926582773803105,-15.7289963722783,3.004986877,1.516535433,,,,98.7,2440.0,6.2,823263,669134,664034,630105,592518,593428,650859,701538,665487,54.29,,,,,,,,73,1,4-Seam Fastball,2,2,2,2,2,2,2,2,Strategic,Standard,145.0,-0.005,0.033,,,,,-0.033,,0,0,0.5,0.5,27,21,27,22,1,0,2.0,1.0,4.0,2.0,1.18,0.35,-0.35,45.3,,,,,,Four-seam,False
,2026-08-12,,,,"Morejon, Adrian",694192,670970,,automatic_ball,,,,,,,R,R,L,SD,MIL,B,,,1,0,2026,,,,,596142.0,669003.0,,2,11,Top,,,,,,,,,,,,,,,,,,,,,823263,669134,664034,630105,592518,593428,650859,701538,665487,,,,,,,,,84,2,,2,3,3,2,3,2,3,2,,,,-0.004,,,,,,,,-1,1,0.354,0.646,27,22,27,22,1,5,2.0,1.0,4.0,1.0,,,,,,,,,,,False
,2026-08-12,,,,"Morejon, Adrian",800325,670970,,automatic_strike,,,,,,,R,R,L,SD,MIL,S,,,1,1,2026,,,,,,668930.0,,0,10,Top,,,,,,,,,,,,,,,,,,,,,823263,669134,664034,630105,592518,593428,650859,701538,665487,,,,,,,,,73,3,,2,2,2,2,2,2,2,2,,,,0.028,,,,,,,,0,0,0.505,0.495,27,21,27,22,1,0,2.0,1.0,4.0,2.0,,,,,,,,,,,False
,2026-08-12,,,,"Morejon, Adrian",694192,670970,intent_walk,automatic_ball,,,,,,Adrian Morejon intentionally walks Jackson Chourio.,R,R,L,SD,MIL,B,,,3,0,2026,,,,,596142.0,669003.0,,2,11,Top,,,,,,,,,,,,,,,,,,,,,823263,669134,664034,630105,592518,593428,650859,701538,665487,,,,0.4,,0.0,0.0,,84,4,,2,3,3,2,3,2,3,2,,,,-0.008,,,,,,,,-1,1,0.343,0.657,27,22,27,22,1,5,2.0,1.0,4.0,1.0,,,,,,,,,,,True
,2026-08-12,,,,"Morejon, Adrian",694192,670970,,automatic_ball,,,,,,,R,R,L,SD,MIL,B,,,0,0,2026,,,,,596142.0,669003.0,,2,11,Top,,,,,,,,,,,,,,,,,,,,,823263,669134,664034,630105,592518,593428,650859,701538,665487,,,,,,,,,84,1,,2,3,3,2,3,2,3,2,,,,-0.002,,,,,,,,-1,1,0.356,0.644,27,22,27,22,1,5,2.0,1.0,4.0,1.0,,,,,,,,,,,False
,2026-08-12,,,,"Morejon, Adrian",694192,670970,,automatic_ball,,,,,,,R,R,L,SD,MIL,B,,,2,0,2026,,,,,596142.0,669003.0,,2,11,Top,,,,,,,,,,,,,,,,,,,,,823263,669134,664034,630105,592518,593428,650859,701538,665487,,,,,,,,,84,3,,2,3,3,2,3,2,3,2,,,,-0.007,,,,,,,,-1,1,0.35,0.65,27,22,27,22,1,5,2.0,1.0,4.0,1.0,,,,,,,,,,,False
SI,2026-08-10,99.7,2.57,5.88,"Morejon, Adrian",641343,670970,grounded_into_double_play,hit_into_play,,,,,6.0,"Jake Bauers grounds into a double play, second baseman Jake Cronenworth to shortstop Sung-Mun Song to first baseman Ty France. Jackson Chourio out at 2nd. Jake Bauers out at 1st.",R,L,L,SD,MIL,X,4.0,ground_ball,0,1,2026,1.41,0.63,0.305637738580665,2.1641403638796772,,,694192.0,1,8,Top,154.34,155.74,,,,,-9.457039712249282,-144.79901863266744,-6.026798293513815,22.1192117602123,36.37341278320746,-22.00280229613834,3.217372047,1.623720472,28.0,97.9,-3.0,98.8,2376.0,6.1,823265,666023,664034,630105,592518,823550,687749,701538,665487,54.45,0.315,0.293,0.0,1.0,0.0,0.0,2.0,58,2,Sinker,3,2,2,3,2,3,2,3,Infield shade,Standard,141.0,0.119,-0.283,78.1,7.5,,0.357,0.283,97.9,1,-1,0.748,0.252,27,30,27,31,1,3,2.0,1.0,2.0,1.0,1.69,1.41,1.41,38.3,9.725494187074723,4.792919397672328,36.6402761437385,33.16197249847489,27.28076587047974,Sinker,True
SI,2026-08-10,100.2,2.54,5.88,"Morejon, Adrian",641343,670970,,called_strike,,,,,5.0,,R,L,L,SD,MIL,S,,,0,0,2026,1.49,0.63,-0.2105628476857044,2.5849868253453185,,,694192.0,1,8,Top,,,,,,,-11.000524857418776,-145.3585552420848,-4.9548093663242,23.79906143156964,37.26529076817233,-22.166764534505813,3.217372047,1.623720472,,,,99.2,2271.0,6.1,823265,666023,664034,630105,592518,823550,687749,701538,665487,54.41,,,,,,,,58,1,Sinker,3,2,2,3,2,3,2,3,Infield shade,Standard,133.0,0.011,-0.037,,,,,0.037,,1,-1,0.737,0.263,27,30,27,31,1,3,2.0,1.0,2.0,1.0,1.67,1.49,1.49,42.6,,,,,,Sinker,False
CH,2026-08-10,91.8,2.67,5.92,"Morejon, Adrian",694192,670970,single,hit_into_play,,,,,7.0,Jackson Chourio singles on a line drive to left fielder Jase Bowen.,R,R,L,SD,MIL,X,7.0,line_drive,0,2,2026,0.79,0.01,-0.6395420098439296,1.7532607222619991,,,,1,8,Top,70.22,102.53,,,,,-9.917251086689015,-133.34047008150785,-4.3984786261945645,11.572454521356184,30.088533052971684,-31.28364204644931,3.237557415,1.63390748,143.0,105.0,7.0,91.0,883.0,6.0,823265,666023,664034,630105,592518,823550,687749,701538,665487,54.5,0.629,0.581,0.9,1.0,1.0,0.0,4.0,57,3,Changeup,3,2,2,3,2,3,2,3,Standard,Standard,83.0,-0.078,0.517,,,,0.7,-0.517,105.0,1,-1,0.815,0.185,27,22,27,22,1,3,2.0,1.0,2.0,1.0,2.72,0.79,-0.79,40.1,,,,,,Changeup,True
SI,2026-08-10,99.5,2.57,5.9,"Morejon, Adrian",694192,670970,,foul,,,,,12.0,,R,R,L,SD,MIL,S,,,0,1,2026,1.49,0.79,0.8659494728457282,2.9450784375993697,,,,1,8,Top,,,,,,,-8.116186291787672,-144.5280631868111,-4.304605652656789,22.816886584808493,37.06422145702444,-20.245187376596935,3.237557415,1.63390748,203.0,82.0,17.0,98.3,2442.0,6.0,823265,666023,664034,630105,592518,823550,687749,701538,665487,54.53,,,,,,,,57,2,Sinker,3,2,2,3,2,3,2,3,Standard,Standard,141.0,0.01,-0.057,73.0,6.8,,,0.057,88.0,1,-1,0.805,0.195,27,22,27,22,1,3,2.0,1.0,2.0,1.0,1.54,1.49,-1.49,36.4,6.519583299360052,21.544274122299257,23.100394400795757,50.98780828780558,21.734073154208417,Sinker,False
CH,2026-08-10,92.3,2.77,5.93,"Morejon, Adrian",694192,670970,,swinging_strike,,,,,7.0,,R,R,L,SD,MIL,S,,,0,0,2026,0.76,-0.63,-0.6600961579080075,1.7823571620192018,,,,1,8,Top,,,,,,,-10.196484144155152,-133.92659740850613,-2.969404069493324,11.501972030591393,31.827328424493743,-39.23203144533184,3.237557415,1.63390748,,,,91.1,1120.0,5.9,823265,666023,664034,630105,592518,823550,687749,701538,665487,54.55,,,,,,,,57,1,Changeup,3,2,2,3,2,3,2,3,Standard,Standard,109.0,0.006,-0.041,77.8,7.1,0.924427164,,0.041,,1,-1,0.799,0.201,27,22,27,22,1,3,2.0,1.0,2.0,1.0,3.35,0.76,-0.76,39.3,3.939515773610167,9.285258040182708,35.46850320561961,32.36676414707725,25.69891392475136,Changeup,False
SI,2026-08-10,99.2,2.58,5.86,"Morejon, Adrian",668930,670970,strikeout,called_strike,,,,,4.0,"Freddy Fermin challenged (pitch result), call on the field was overturned: Brice Turang called out on strikes.",R,L,L,SD,MIL,S,2.0,,0,2,2026,1.5,0.49,-0.7156570213189364,2.189096028384131,,,,0,8,Top,,,,,,,-12.36177549626217,-143.72968258504224,-5.417264321714125,23.818922791179073,38.493664552633035,-24.13562919683348,3.21035105,1.620177165,,,,97.8,2395.0,6.1,823265,666023,664034,630105,592518,823550,687749,701538,665487,54.41,,0.0,0.0,1.0,0.0,0.0,,56,3,Sinker,3,2,2,3,2,3,2,3,Strategic,Standard,141.0,0.032,-0.164,,,,,0.164,,1,-1,0.767,0.233,27,26,27,27,1,3,2.0,1.0,2.0,1.0,1.87,1.5,1.5,34.9,,,,,,Sinker,True
SI,2026-08-10,98.0,2.73,5.93,"Morejon, Adrian",668930,670970,,foul,,,,,3.0,,R,L,L,SD,MIL,S,,,0,1,2026,1.47,0.8,0.5865925458046395,3.15578083234906,,,,0,8,Top,,,,,,,-9.089735743536435,-142.33156941751793,-3.573656661562837,22.143923132808233,37.82020939116995,-20.71196347510301,3.21035105,1.620177165,199.0,66.0,34.0,96.6,2442.0,5.9,823265,666023,664034,630105,592518,823550,687749,701538,665487,54.56,,,,,,,,56,2,Sinker,3,2,2,3,2,3,2,3,Strategic,Standard,137.0,0.014,-0.054,60.5,5.7,,,0.054,88.0,1,-1,0.753,0.247,27,26,27,27,1,3,2.0,1.0,2.0,1.0,1.62,1.47,1.47,36.5,-6.124675272864747,28.349139867112314,26.99285684003498,26.941190218839697,22.88033859224757,Sinker,False
SL,2026-08-10,87.6,2.96,5.9,"Morejon, Adrian",668930,670970,,called_strike,,,,,14.0,,R,L,L,SD,MIL,S,,,0,0,2026,-0.72,-0.35,0.6205218615866703,1.4670209303818431,,,,0,8,Top,,,,,,,-4.031095301682374,-127.56953253984184,-3.554188148266473,-7.028317366506767,27.127648591308528,-35.499392454294174,3.21035105,1.620177165,,,,87.0,2928.0,5.9,823265,666023,664034,630105,592518,823550,687749,701538,665487,54.56,,,,,,,,56,1,Slider,3,2,2,3,2,3,2,3,Standard,Standard,288.0,0.008,-0.041,,,,,0.041,,1,-1,0.745,0.255,27,26,27,27,1,3,2.0,1.0,2.0,1.0,3.33,-0.72,-0.72,37.7,,,,,,Slider,False
SI,2026-08-08,99.7,2.39,5.76,"Morejon, Adrian",514888,670970,force_out,hit_into_play,,,,,5.0,"Jose Altuve grounds into a force out, shortstop Xander Bogaerts to second baseman Jake Cronenworth. Isaac Paredes out at 2nd.",R,R,L,SD,HOU,X,6.0,ground_ball,3,1,2026,1.34,0.52,0.0055442020807452,2.3279798493741533,,,670623.0,2,8,Top,110.53,153.55,,,,,-9.645303182377289,-144.82872568725435,-5.004123714942287,21.126653274817176,36.64840980610202,-23.781688689096644,2.926000656,1.476673228,3.0,89.9,-38.0,99.2,2345.0,6.3,823267,669134,664034,630105,592518,593428,687749,701538,665487,54.19,0.055,0.05,0.0,1.0,0.0,0.0,2.0,61,5,Sinker,3,1,1,3,1,3,1,3,Standard,Standard,136.0,0.05,-0.415,,,,0.056,0.415,89.9,2,-2,0.888,0.112,27,36,27,36,1,3,2.0,1.0,2.0,1.0,1.79,1.34,-1.34,39.4,,,,,,Sinker,True
CH,2026-08-08,92.1,2.65,5.83,"Morejon, Adrian",514888,670970,,blocked_ball,,,,,14.0,,R,R,L,SD,HOU,B,,,2,1,2026,0.85,0.47,0.7197722040575742,1.1471881655703842,,,670623.0,2,8,Top,,,,,,,-6.690579249936312,-133.79277724260507,-6.755096007927003,11.676448109558688,30.82188222711292,-25.23592160884501,2.926000656,1.476673228,,,,91.6,1057.0,6.2,823267,669134,664034,630105,592518,593428,687749,701538,665487,54.26,,,,,,,,61,4,Changeup,3,1,1,3,1,3,1,3,Standard,Standard,99.0,-0.011,0.098,,,,,-0.098,,2,-2,0.899,0.101,27,36,27,36,1,3,2.0,1.0,2.0,1.0,2.24,0.85,-0.85,38.8,,,,,,Changeup,False
CH,2026-08-08,91.3,2.68,5.81,"Morejon, Adrian",514888,670970,,ball,,,,,14.0,,R,R,L,SD,HOU,B,,,1,1,2026,1.07,-0.18,0.3216340684304828,0.627447225641681,,,670623.0,2,8,Top,,,,,,,-8.183769661243028,-132.57378153634804,-6.420293695394191,14.454882562817945,29.521464512830267,-33.059845432398156,2.926000656,1.476673228,,,,90.8,1053.0,6.2,823267,669134,664034,630105,592518,593428,687749,701538,665487,54.33,,,,,,,,61,3,Changeup,3,1,1,3,1,3,1,3,Standard,Standard,95.0,-0.006,0.054,,,,,-0.054,,2,-2,0.905,0.095,27,36,27,36,1,3,2.0,1.0,2.0,1.0,2.94,1.07,-1.07,44.1,,,,,,Changeup,False
CH,2026-08-08,91.4,2.64,5.87,"Morejon, Adrian",514888,670970,,swinging_strike,,,,,13.0,,R,R,L,SD,HOU,S,,,1,0,2026,0.81,-0.31,-0.1665151486957352,1.1454086362174625,,,670623.0,2,8,Top,,,,,,,-8.737899745842164,-132.76077606637412,-5.006626187965661,11.575081969471714,31.24715265235695,-34.81290154080053,2.926000656,1.476673228,,,,90.7,961.0,6.2,823267,669134,664034,630105,592518,593428,687749,701538,665487,54.29,,,,,,,,61,2,Changeup,3,1,1,3,1,3,1,3,Standard,Standard,96.0,0.006,-0.05,76.3,8.2,1.801903296,,0.05,,2,-2,0.899,0.101,27,36,27,36,1,3,2.0,1.0,2.0,1.0,3.07,0.81,-0.81,44.3,17.46507427949641,-13.06416583835671,26.742802945082097,40.370687102614994,36.376328968442294,Changeup,False
SI,2026-08-08,100.5,2.43,5.78,"Morejon, Adrian",514888,670970,,ball,,,,,13.0,,R,R,L,SD,HOU,B,,,0,0,2026,1.48,0.92,-0.5937968852167077,1.349081900865597,,,670623.0,2,8,Top,,,,,,,-11.80942446290412,-145.5567455174154,-8.764168384653818,23.953936240459154,37.56737475842148,-17.03964095721121,2.926000656,1.476673228,,,,99.7,2386.0,6.3,823267,669134,664034,630105,592518,593428,687749,701538,665487,54.16,,,,,,,,61,1,Sinker,3,1,1,3,1,3,1,3,Standard,Standard,140.0,-0.004,0.038,,,,,-0.038,,2,-2,0.903,0.097,27,36,27,36,1,3,2.0,1.0,2.0,1.0,1.38,1.48,-1.48,39.2,,,,,,Sinker,False
CH,2026-08-08,90.0,2.69,5.89,"Morejon, Adrian",670623,670970,force_out,hit_into_play,,,,,14.0,"Isaac Paredes grounds into a force out, second baseman Jake Cronenworth to shortstop Xander Bogaerts. Yordan Alvarez out at 2nd. Isaac Paredes to 1st.",R,R,L,SD,HOU,X,4.0,ground_ball,1,2,2026,0.96,0.02,0.8040881733591396,1.2796593857279617,,,670541.0,1,8,Top,142.61,140.12,,,,,-6.657399580153699,-130.89539814128517,-5.231962939622376,12.466823292696608,28.42115695446795,-30.954035814216383,3.180511811,1.60511811,3.0,109.5,-18.0,89.6,1148.0,6.1,823267,669134,664034,630105,592518,593428,687749,701538,665487,54.36,0.129,0.116,0.0,1.0,0.0,0.0,2.0,60,4,Changeup,3,1,1,3,1,3,1,3,Standard,Standard,100.0,0.035,-0.242,,,,0.14,0.242,109.5,2,-2,0.868,0.132,27,27,27,27,1,3,2.0,1.0,2.0,1.0,2.8,0.96,-0.96,40.8,,,,,,Changeup,True
CH,2026-08-08,90.3,2.62,5.88,"Morejon, Adrian",670623,670970,,ball,,,,,14.0,,R,R,L,SD,HOU,B,,,0,2,2026,0.97,0.13,1.6558644704582812,2.2277380311817145,,,670541.0,1,8,Top,,,,,,,-4.458310642624518,-131.42852127841343,-3.2095371596875184,12.197839462281207,27.46046058303014,-30.17408884311438,3.180511811,1.60511811,,,,90.0,1041.0,6.0,823267,669134,664034,630105,592518,593428,687749,701538,665487,54.45,,,,,,,,60,3,Changeup,3,1,1,3,1,3,1,3,Standard,Standard,107.0,-0.005,0.018,,,,,-0.018,,2,-2,0.873,0.127,27,27,27,27,1,3,2.0,1.0,2.0,1.0,2.66,0.97,-0.97,39.8,,,,,,Changeup,False
FF,2026-08-08,99.1,2.31,5.87,"Morejon, Adrian",670623,670970,,foul,,,,,9.0,,R,R,L,SD,HOU,S,,,0,1,2026,0.57,1.29,0.3427343717665247,2.089341032450912,,,670541.0,1,8,Top,,,,,,,-6.648714825153318,-144.08146714020972,-7.724252078815299,9.483937585293395,33.31769711219672,-12.618029675737755,3.180511811,1.60511811,246.0,84.4,23.0,99.0,2426.0,6.3,823267,669134,664034,630105,592518,593428,687749,701538,665487,54.21,,,,,,,,60,2,4-Seam Fastball,3,1,1,3,1,3,1,3,Standard,Standard,141.0,0.013,-0.058,63.7,6.7,,,0.058,88.0,2,-2,0.86,0.14,27,27,27,27,1,3,2.0,1.0,2.0,1.0,1.04,0.57,-0.57,41.2,-8.666262673209467,27.796656623763113,36.73503109396582,37.683998239792714,16.738637842124405,Four-seam,False
SI,2026-08-08,99.5,2.53,5.79,"Morejon, Adrian",670623,670970,,called_strike,,,,,9.0,,R,R,L,SD,HOU,S,,,0,0,2026,1.23,0.75,0.3762881593359808,1.8885616213429195,,,670541.0,1,8,Top,,,,,,,-8.715784892508786,-144.42832690497727,-6.781075163438395,19.272493210262866,35.58026806400253,-20.169265100994036,3.180511811,1.60511811,,,,98.8,2268.0,6.2,823267,669134,664034,630105,592518,593428,687749,701538,665487,54.32,,,,,,,,60,1,Sinker,3,1,1,3,1,3,1,3,Standard,Standard,137.0,0.007,-0.037,,,,,0.037,,2,-2,0.853,0.147,27,27,27,27,1,3,2.0,1.0,2.0,1.0,1.57,1.23,-1.23,38.1,,,,,,Sinker,False
SI,2026-08-08,100.3,2.53,5.8,"Morejon, Adrian",670541,670970,field_error,hit_into_play,,,,,5.0,Yordan Alvarez reaches on a fielding error by second baseman Jake Cronenworth.,R,L,L,SD,HOU,X,4.0,ground_ball,0,0,2026,1.17,0.77,0.0925701159550091,2.684066881857779,,,,1,8,Top,146.3,145.43,,,,,-9.425456282705994,-145.8160801038729,-4.935266776380514,18.836240887810614,31.43954264323616,-20.203803869791606,3.392019357,1.711860236,9.0,96.0,-18.0,100.3,2321.0,6.2,823267,669134,664034,630105,592518,593428,687749,701538,665487,54.33,0.129,0.116,0.9,1.0,0.0,0.0,2.0,59,1,Sinker,3,1,1,3,1,3,1,3,Infield shade,Standard,133.0,-0.047,0.461,76.9,7.2,,0.138,-0.461,96.0,2,-2,0.9,0.1,27,29,27,29,1,3,2.0,1.0,2.0,1.0,1.48,1.17,1.17,36.1,1.1658188498788618,5.516194613874859,33.95142821351732,34.63794291718823,24.32576904923942,Sinker,True
CH,2026-08-08,91.0,2.56,5.97,"Morejon, Adrian",665161,670970,strikeout,swinging_strike,,,,,14.0,Jeremy Peña strikes out swinging.,R,R,L,SD,HOU,S,2.0,,1,2,2026,0.67,-0.21,1.1546225728418094,1.1373450561007408,,,,0,8,Top,,,,,,,-4.910318186150972,-132.47662978804772,-5.482494022110683,8.983065764488593,27.38900738084188,-33.75355967145956,3.19718668,1.613533465,,,,90.6,912.0,5.9,823267,669134,664034,630105,592518,593428,687749,701538,665487,54.58,,0.0,0.0,1.0,0.0,0.0,,58,4,Changeup,3,1,1,3,1,3,1,3,Standard,Standard,100.0,0.027,-0.187,70.2,8.6,5.638890348,,0.187,,2,-2,0.873,0.127,27,28,27,29,1,3,2.0,1.0,2.0,1.0,2.96,0.67,-0.67,40.1,17.803191472914097,-15.922301613960771,29.235786535129233,49.17881669933226,39.79701752205288,Changeup,True
CH,2026-08-08,91.5,2.71,5.91,"Morejon, Adrian",665161,670970,,ball,,,,,14.0,,R,R,L,SD,HOU,B,,,0,2,2026,0.74,-0.2,1.932061223394968,1.7538427354870438,,,,0,8,Top,,,,,,,-3.546059199119517,-133.22384027102373,-3.9256435924926136,9.572456912268716,29.409894290651,-33.861995779468614,3.19718668,1.613533465,,,,91.0,951.0,6.0,823267,669134,664034,630105,592518,593428,687749,701538,665487,54.51,,,,,,,,58,3,Changeup,3,1,1,3,1,3,1,3,Standard,Standard,98.0,-0.004,0.022,,,,,-0.022,,2,-2,0.877,0.123,27,28,27,29,1,3,2.0,1.0,2.0,1.0,2.92,0.74,-0.74,39.4,,,,,,Changeup,False
SI,2026-08-08,98.5,2.62,5.84,"Morejon, Adrian",665161,670970,,foul,,,,,6.0,,R,R,L,SD,HOU,S,,,0,1,2026,1.55,0.63,0.6389193906775508,2.3769254470811667,,,,0,8,Top,,,,,,,-8.937270299058508,-142.9976353086848,-5.113344951552189,23.38218615843015,37.52941825847405,-22.482179771801857,3.19718668,1.613533465,92.0,77.4,7.0,97.5,2354.0,6.2,823267,669134,664034,630105,592518,593428,687749,701538,665487,54.34,,,,,,,,58,2,Sinker,3,1,1,3,1,3,1,3,Standard,Standard,141.0,0.009,-0.054,67.3,6.3,,,0.054,88.0,2,-2,0.868,0.132,27,28,27,29,1,3,2.0,1.0,2.0,1.0,1.76,1.55,-1.55,36.5,-7.234140427251548,27.44017149636753,32.33174766802947,43.6383476550085,10.25652245720889,Sinker,False
SI,2026-08-08,99.5,2.52,5.89,"Morejon, Adrian",665161,670970,,called_strike,,,,,5.0,,R,R,L,SD,HOU,S,,,0,0,2026,1.35,0.84,-0.0163596597085526,2.406505485336851,,,,0,8,Top,,,,,,,-10.028690888152898,-144.3381125219747,-5.8417375925018575,21.32697438898367,36.68359932410358,-19.13363077142315,3.19718668,1.613533465,,,,98.4,2367.0,6.1,823267,669134,664034,630105,592518,593428,687749,701538,665487,54.43,,,,,,,,58,1,Sinker,3,1,1,3,1,3,1,3,Standard,Standard,138.0,0.006,-0.041,,,,,0.041,,2,-2,0.862,0.138,27,28,27,29,1,3,2.0,1.0,2.0,1.0,1.49,1.35,-1.35,39.4,,,,,,Sinker,False
CH,2026-08-08,91.7,2.72,5.97,"Morejon, Adrian",676694,670970,strikeout,swinging_strike,,,,,6.0,Jake Meyers strikes out swinging.,R,R,L,SD,HOU,S,2.0,,0,2,2026,0.71,0.34,0.319590601104553,2.2751557595530074,572233.0,701358.0,673237.0,2,7,Top,,,,,,,-7.54378828230929,-133.43763216561027,-4.023732851854283,10.071154596778587,27.46412549257852,-27.425074759914786,3.21035105,1.620177165,,,,91.7,1006.0,6.2,823267,669134,664034,630105,592518,593428,650859,701538,665487,54.32,,0.0,0.0,1.0,0.0,0.0,,54,4,Changeup,3,1,1,3,1,3,1,3,Standard,Strategic,105.0,0.073,-0.157,66.4,7.4,0.780165528,,0.157,,2,-2,0.814,0.186,27,30,27,30,1,0,2.0,1.0,2.0,,2.36,0.71,-0.71,43.0,10.957173069790962,-1.6288400130641254,32.31618236138493,42.580858617294766,29.177969450817027,Changeup,True
CH,2026-08-08,91.9,2.62,5.98,"Morejon, Adrian",676694,670970,,foul,,,,,5.0,,R,R,L,SD,HOU,S,,,0,2,2026,0.77,-0.2,-0.0430209484097414,2.3198889338626634,572233.0,701358.0,673237.0,2,7,Top,,,,,,,-8.321159634388911,-133.71876252134527,-2.7915234796072195,10.952473875049655,27.141124188638862,-34.182295373969225,3.21035105,1.620177165,,,,91.9,991.0,6.1,823267,669134,664034,630105,592518,593428,650859,701538,665487,54.37,,,,,,,,54,3,Changeup,3,1,1,3,1,3,1,3,Standard,Standard,103.0,0.0,0.0,59.8,7.1,,,0.0,,2,-2,0.814,0.186,27,30,27,30,1,0,2.0,1.0,2.0,,2.88,0.77,-0.77,42.4,8.073129559562664,-8.613789193833664,28.22333454149887,38.79654850448582,30.882970399360023,Changeup,False
CH,2026-08-08,92.1,2.48,5.93,"Morejon, Adrian",676694,670970,,swinging_strike,,,,,14.0,,R,R,L,SD,HOU,S,,,0,1,2026,0.79,-0.37,0.3608576763696355,1.317078592452388,572233.0,701358.0,673237.0,2,7,Top,,,,,,,-7.05040980357013,-134.03934024418282,-4.825586642389084,11.02512773008947,27.108867909491583,-35.90948483252684,3.21035105,1.620177165,,,,92.2,1026.0,6.2,823267,669134,664034,630105,592518,593428,650859,701538,665487,54.31,,,,,,,,54,2,Changeup,3,1,1,3,1,3,1,3,Standard,Standard,106.0,0.03,-0.052,63.4,7.7,1.539218196,,0.052,,2,-2,0.784,0.216,27,30,27,30,1,0,2.0,1.0,2.0,,3.05,0.79,-0.79,40.8,15.513898543814983,-10.891267002766172,32.93156731765835,43.55567347636912,35.19582219584917,Changeup,False
SI,2026-08-08,100.0,2.49,5.86,"Morejon, Adrian",676694,670970,,foul,,,,,5.0,,R,R,L,SD,HOU,S,,,0,0,2026,1.27,0.93,-0.1346171929108806,2.555304695618692,572233.0,701358.0,673237.0,2,7,Top,,,,,,,-10.135547533981155,-145.21849736265685,-5.726514848862845,20.305945184611623,33.432119941804686,-17.789563548367088,3.21035105,1.620177165,215.0,74.5,43.0,99.8,2304.0,6.2,823267,669134,664034,630105,592518,593428,650859,701538,665487,54.27,,,,,,,,54,1,Sinker,3,1,1,3,1,3,1,3,Standard,Standard,139.0,0.018,-0.04,64.6,6.5,,,0.04,88.0,2,-2,0.766,0.234,27,30,27,30,1,0,2.0,1.0,2.0,,1.35,1.27,-1.27,40.4,1.0741763098821162,1.0819345959474462,32.509380007716125,36.302052522651785,22.562156003684343,Sinker,False
SI,2026-08-08,99.8,2.56,5.88,"Morejon, Adrian",673237,670970,walk,ball,,,,,12.0,Yainer Diaz walks. Christian Walker to 3rd. Cam Smith to 2nd.,R,R,L,SD,HOU,B,,,3,1,2026,1.25,0.97,1.1680446070608006,3.1816922077249563,,572233.0,701358.0,2,7,Top,,,,,,,-6.791373458334504,-145.135710762437,-4.152717038282752,19.332619484386253,35.85268671905856,-17.662734211667004,3.161204068,1.595374016,,,,99.5,2279.0,6.3,823267,669134,664034,630105,592518,593428,650859,701538,665487,54.2,,0.698418,0.7,1.0,0.0,0.0,,53,5,Sinker,3,1,1,3,1,3,1,3,Standard,Strategic,135.0,-0.032,0.11,,,,,-0.11,,2,-2,0.798,0.202,27,27,27,28,1,0,2.0,1.0,2.0,1.0,1.33,1.25,-1.25,37.9,,,,,,Sinker,True
FF,2026-08-08,99.4,2.32,5.99,"Morejon, Adrian",673237,670970,,ball,,,,,11.0,,R,R,L,SD,HOU,B,,,2,1,2026,0.56,1.29,-1.1653568789631814,2.657389215721841,,572233.0,701358.0,2,7,Top,,,,,,,-10.777787828035086,-144.31604398104062,-6.558173339947144,10.429459469272755,34.07748448459755,-12.79428794533411,3.161204068,1.595374016,,,,99.3,2387.0,6.4,823267,669134,664034,630105,592518,593428,650859,701538,665487,54.1,,,,,,,,53,4,4-Seam Fastball,3,1,1,3,1,3,1,3,Standard,Strategic,140.0,-0.017,0.051,,,,,-0.051,,2,-2,0.815,0.185,27,27,27,28,1,0,2.0,1.0,2.0,1.0,1.03,0.56,-0.56,43.9,,,,,,Four-seam,False
SI,2026-08-08,100.1,2.47,5.86,"Morejon, Adrian",673237,670970,,called_strike,,,,,2.0,,R,R,L,SD,HOU,S,,,2,0,2026,1.28,0.94,0.1260946522049144,2.8226930925584757,,572233.0,701358.0,2,7,Top,,,,,,,-9.44836499082378,-145.35260835557418,-5.029192643360132,20.3996034570171,34.64914034361132,-17.898312454961427,3.161204068,1.595374016,,,,100.0,2252.0,6.4,823267,669134,664034,630105,592518,593428,650859,701538,665487,54.12,,,,,,,,53,3,Sinker,3,1,1,3,1,3,1,3,Standard,Strategic,139.0,0.011,-0.04,,,,,0.04,,2,-2,0.804,0.196,27,27,27,28,1,0,2.0,1.0,2.0,1.0,1.35,1.28,-1.28,38.7,,,,,,Sinker,False
CH,2026-08-08,91.4,2.69,5.95,"Morejon, Adrian",673237,670970,,blocked_ball,,,,,13.0,,R,R,L,SD,HOU,B,,,1,0,2026,1.09,-0.19,-0.8742167161458876,0.7642776317517184,,572233.0,701358.0,2,7,Top,,,,,,,-11.15294414803824,-132.50083493596964,-6.3782220482108745,15.285447574828789,29.53603448596772,-33.160703980006836,3.161204068,1.595374016,,,,90.6,1095.0,6.1,823267,669134,664034,630105,592518,593428,650859,701538,665487,54.42,,,,,,,,53,2,Changeup,3,1,1,3,1,3,1,3,Standard,Strategic,105.0,-0.011,0.033,,,,,-0.033,,2,-2,0.815,0.185,27,27,27,28,1,0,2.0,1.0,2.0,1.0,2.95,1.09,-1.09,40.8,,,,,,Changeup,False
CH,2026-08-08,91.0,2.72,6.05,"Morejon, Adrian",673237,670970,,ball,,,,,14.0,,R,R,L,SD,HOU,B,,,0,0,2026,0.76,-0.14,0.1332882191766191,1.1105159246984069,,572233.0,701358.0,2,7,Top,,,,,,,-8.021302830631443,-132.18135632107325,-5.854653955088214,10.703966080434617,29.06792644943743,-32.67624737073271,3.161204068,1.595374016,,,,90.5,867.0,6.1,823267,669134,664034,630105,592518,593428,650859,701538,665487,54.36,,,,,,,,53,1,Changeup,3,1,1,3,1,3,1,3,Standard,Standard,95.0,-0.005,0.029,,,,,-0.029,,2,-2,0.82,0.18,27,27,27,28,1,0,2.0,1.0,2.0,1.0,2.91,0.76,-0.76,45.5,,,,,,Changeup,False
FF,2026-08-06,101.0,2.36,6.02,"Morejon, Adrian",606466,670970,strikeout,swinging_strike,,,,,12.0,Ketel Marte strikes out swinging.,R,R,L,AZ,SD,S,2.0,,1,2,2026,0.8,1.27,0.365512760735234,3.847882338861753,,,672515.0,2,8,Bot,,,,,,,-7.403519714573473,-146.87680706135745,-3.6085239062516767,13.30383178614696,36.052507351264325,-13.098706938251851,3.218249672,1.624163386,,,,100.8,2499.0,6.3,825053,666023,664034,630105,592518,593428,650859,701538,665487,54.21,,0.0,0.0,1.0,0.0,0.0,,68,4,4-Seam Fastball,1,5,1,5,5,1,1,5,Standard,Standard,146.0,-0.008,-0.194,74.6,7.2,1.049566476,,0.194,,-4,-4,0.023,0.023,27,32,27,33,1,3,4.0,2.0,2.0,1.0,0.97,0.8,-0.8,43.1,4.287358237120313,11.122768422515678,21.749859753359424,37.88606298800491,21.932874500129152,Four-seam,True
CH,2026-08-06,91.9,2.49,6.0,"Morejon, Adrian",606466,670970,,foul,,,,,5.0,,R,R,L,AZ,SD,S,,,1,1,2026,0.82,-0.12,0.0532243031804614,2.191983956218655,,,672515.0,2,8,Bot,,,,,,,-7.872859447373647,-133.62445920041097,-3.2860226730016113,11.59408443894468,29.764180264638487,-33.05609098588671,3.218249672,1.624163386,,,,91.4,921.0,6.1,825053,666023,664034,630105,592518,593428,650859,701538,665487,54.39,,,,,,,,68,3,Changeup,1,5,1,5,5,1,1,5,Standard,Standard,98.0,-0.002,-0.069,78.7,7.6,,,0.069,,-4,-4,0.025,0.025,27,32,27,33,1,3,4.0,2.0,2.0,1.0,2.83,0.82,-0.82,40.4,-0.8004515667547877,1.514116162838057,30.32871710943187,34.19738874880447,33.154615594436606,Changeup,False
CH,2026-08-06,92.6,2.38,5.95,"Morejon, Adrian",606466,670970,,swinging_strike_blocked,,,,,13.0,,R,R,L,AZ,SD,S,,,1,0,2026,1.01,-0.57,-0.6784886985917049,0.288166301873999,,,672515.0,2,8,Bot,,,,,,,-9.902891197371083,-134.30806062345312,-6.995316298215528,14.42541493439244,31.361117605279507,-37.547704483198416,3.218249672,1.624163386,,,,91.9,1064.0,6.2,825053,666023,664034,630105,592518,593428,650859,701538,665487,54.26,,,,,,,,68,2,Changeup,1,5,1,5,5,1,1,5,Standard,Standard,104.0,-0.003,-0.05,81.6,9.2,6.100609968,,0.05,,-4,-4,0.028,0.028,27,32,27,33,1,3,4.0,2.0,2.0,1.0,3.26,1.01,-1.01,41.5,16.9974442852071,-30.91017121632415,38.56702725142728,25.853905901331935,45.5321037921903,Changeup,False
SI,2026-08-06,99.6,2.22,5.8,"Morejon, Adrian",606466,670970,,ball,,,,,13.0,,R,R,L,AZ,SD,B,,,0,0,2026,1.35,0.81,-1.1883170474048743,1.9379131900940263,,,672515.0,2,8,Bot,,,,,,,-12.471087973958245,-144.39640506258706,-6.865810894649454,21.93510711307598,35.831937822399944,-19.23199737792679,3.218249672,1.624163386,,,,99.3,2369.0,6.5,825053,666023,664034,630105,592518,593428,650859,701538,665487,54.05,,,,,,,,68,1,Sinker,1,5,1,5,5,1,1,5,Standard,Standard,138.0,0.002,0.038,,,,,-0.038,,-4,-4,0.026,0.026,27,32,27,33,1,3,4.0,2.0,2.0,1.0,1.51,1.35,-1.35,37.0,,,,,,Sinker,False
SI,2026-08-06,100.5,2.4,5.87,"Morejon, Adrian",672515,670970,single,hit_into_play,,,,,3.0,Gabriel Moreno singles on a sharp line drive to left fielder Luis Rengifo.,R,R,L,AZ,SD,X,7.0,line_drive,0,1,2026,1.43,0.56,0.3293453666318542,2.8373014470587177,,,,2,8,Bot,86.59,75.36,,,,,-9.082028493853656,-145.94779829427037,-4.156780432142014,22.538191283636273,36.00037120735738,-23.29533381106431,3.071686352,1.55019685,269.0,106.3,14.0,100.2,2332.0,6.4,825053,666023,664034,630105,592518,593428,650859,701538,665487,54.14,0.709,0.74,0.9,1.0,1.0,0.0,5.0,67,2,Sinker,1,5,1,5,5,1,1,5,Standard,Strategic,144.0,0.008,0.374,75.6,7.4,,1.043,-0.374,106.3,-4,-4,0.018,0.018,27,26,27,26,1,3,4.0,1.0,2.0,1.0,1.71,1.43,-1.43,38.9,14.867317175728427,-1.912435034127426,26.447601211145056,38.42180670435144,34.937610070408084,Sinker,True
SI,2026-08-06,100.7,2.54,5.94,"Morejon, Adrian",672515,670970,,foul,,,,,2.0,,R,R,L,AZ,SD,S,,,0,0,2026,1.4,0.64,0.1146952773394118,2.6173014304633697,,,,2,8,Bot,,,,,,,-10.031598390410917,-146.1952180609817,-5.188644155248182,22.508557459317824,34.384255539392804,-21.90744888802421,3.071686352,1.55019685,101.0,85.5,6.0,100.6,2361.0,6.3,825053,666023,664034,630105,592518,593428,650859,701538,665487,54.15,,,,,,,,67,1,Sinker,1,5,1,5,5,1,1,5,Standard,Strategic,159.0,-0.001,-0.045,69.5,6.1,,,0.045,88.0,-4,-4,0.019,0.019,27,26,27,26,1,3,4.0,1.0,2.0,1.0,1.62,1.4,-1.4,38.5,-9.739350543281926,26.51039611151226,38.738112495604646,35.4656292152619,17.77737595625783,Sinker,False
SI,2026-08-06,100.5,2.38,5.9,"Morejon, Adrian",682998,670970,strikeout,called_strike,,,,,7.0,Corbin Carroll called out on strikes.,R,L,L,AZ,SD,S,2.0,,2,2,2026,1.32,0.69,-0.4553847836268281,1.81775032875023,,,,1,8,Bot,,,,,,,-10.936452234865513,-145.84244867819598,-7.357078105293125,21.420262406276503,33.51282039177938,-20.790033713917627,3.10328084,1.566141732,,,,100.5,2347.0,6.4,825053,666023,664034,630105,592518,593428,650859,701538,665487,54.12,,0.0,0.0,1.0,0.0,0.0,,66,5,Sinker,1,5,1,5,5,1,1,5,Infield shade,Standard,144.0,-0.008,-0.233,,,,,0.233,,-4,-4,0.027,0.027,27,25,27,26,1,3,4.0,1.0,2.0,1.0,1.58,1.32,1.32,37.6,,,,,,Sinker,True
SI,2026-08-06,100.6,2.63,5.86,"Morejon, Adrian",682998,670970,,foul,,,,,9.0,,R,L,L,AZ,SD,S,,,2,1,2026,1.42,0.66,0.7921397709641902,1.9873437073177216,,,,1,8,Bot,,,,,,,-8.427116653072032,-146.21550720437452,-6.72754438456197,22.3006680920156,35.09307593919185,-21.193215626998207,3.10328084,1.566141732,231.0,77.4,26.0,100.2,2475.0,6.2,825053,666023,664034,630105,592518,593428,650859,701538,665487,54.3,,,,,,,,66,4,Sinker,1,5,1,5,5,1,1,5,Infield shade,Standard,138.0,-0.003,-0.075,75.3,7.0,,,0.075,88.0,-4,-4,0.03,0.03,27,25,27,26,1,3,4.0,1.0,2.0,1.0,1.6,1.42,1.42,36.0,-1.2118915302621756,9.54281967065559,33.56643186933994,33.0620365335811,25.63768398396442,Sinker,False
SL,2026-08-06,89.4,2.71,5.89,"Morejon, Adrian",682998,670970,,ball,,,,,12.0,,R,L,L,AZ,SD,B,,,1,1,2026,-0.51,-0.19,0.7868103054005313,3.201517761233031,,,,1,8,Bot,,,,,,,-3.575186116459762,-130.17090786789834,-0.0121997019619808,-4.982716928333779,27.896001229574875,-34.49547255065554,3.10328084,1.566141732,,,,89.1,2927.0,6.1,825053,666023,664034,630105,592518,593428,650859,701538,665487,54.36,,,,,,,,66,3,Slider,1,5,1,5,5,1,1,5,Infield shade,Standard,296.0,0.002,0.056,,,,,-0.056,,-4,-4,0.028,0.028,27,25,27,26,1,3,4.0,1.0,2.0,1.0,3.04,-0.51,-0.51,39.0,,,,,,Slider,False
SI,2026-08-06,100.4,2.53,5.96,"Morejon, Adrian",682998,670970,,ball,,,,,12.0,,R,L,L,AZ,SD,B,,,0,1,2026,1.38,0.86,2.119221148208994,2.8241746516810164,,,,1,8,Bot,,,,,,,-4.451008480735516,-146.08075283911862,-5.173027551506054,20.87266616440048,34.941140690228885,-18.84885407990511,3.10328084,1.566141732,,,,100.0,2470.0,6.1,825053,666023,664034,630105,592518,593428,650859,701538,665487,54.39,,,,,,,,66,2,Sinker,1,5,1,5,5,1,1,5,Infield shade,Standard,139.0,0.001,0.032,,,,,-0.032,,-4,-4,0.027,0.027,27,25,27,26,1,3,4.0,1.0,2.0,1.0,1.41,1.38,1.38,39.5,,,,,,Sinker,False
SI,2026-08-06,99.3,2.32,5.89,"Morejon, Adrian",682998,670970,,foul,,,,,12.0,,R,L,L,AZ,SD,S,,,0,0,2026,1.3,0.81,1.0273866987654805,3.004374181744053,,,,1,8,Bot,,,,,,,-6.602687816569411,-144.52544747895564,-4.239093387849347,19.784934244034936,33.58745053514283,-19.96042513920023,3.10328084,1.566141732,165.0,62.8,54.0,99.3,2308.0,6.3,825053,666023,664034,630105,592518,593428,650859,701538,665487,54.21,,,,,,,,66,1,Sinker,1,5,1,5,5,1,1,5,Standard,Standard,140.0,-0.001,-0.041,67.0,6.0,,,0.041,88.0,-4,-4,0.028,0.028,27,25,27,26,1,3,4.0,1.0,2.0,1.0,1.5,1.3,1.3,41.8,-0.9752674408985156,20.4938117732764,21.874259268300197,28.20376075908358,21.170933755953225,Sinker,False
CH,2026-08-06,91.9,2.68,6.03,"Morejon, Adrian",672695,670970,strikeout,swinging_strike,,,,,14.0,"Geraldo Perdomo strikes out swinging, catcher Freddy Fermin to first baseman Ty France.",R,R,L,AZ,SD,S,2.0,,2,2,2026,1.0,-0.45,0.6828922983725056,1.3086441795307535,,,,0,8,Bot,,,,,,,-7.175686029085712,-133.6643248959877,-4.851666384027213,13.54009694677518,29.653970714668052,-36.62638058648324,3.31742126,1.674212598,,,,91.6,914.0,6.2,825053,666023,664034,630105,592518,593428,650859,701538,665487,54.31,,0.0,0.0,1.0,0.0,0.0,,65,5,Changeup,1,5,1,5,5,1,1,5,Standard,Strategic,96.0,-0.014,-0.232,69.6,7.3,0.614175492,,0.232,,-4,-4,0.042,0.042,27,26,27,27,1,3,4.0,1.0,2.0,1.0,3.15,1.0,-1.0,39.2,3.472793398461314,0.4906195481611434,35.855071626128726,41.354208751079796,30.710080228578725,Changeup,True
SI,2026-08-06,100.5,2.36,5.91,"Morejon, Adrian",672695,670970,,ball,,,,,13.0,,R,R,L,AZ,SD,B,,,1,2,2026,1.38,0.84,-1.0867711461982466,2.1930145291066157,,,,0,8,Bot,,,,,,,-12.70652499985705,-145.666789177208,-6.710519486734531,22.563364735848012,34.12696355720029,-18.78329200228221,3.31742126,1.674212598,,,,100.3,2472.0,6.4,825053,666023,664034,630105,592518,593428,650859,701538,665487,54.11,,,,,,,,65,4,Sinker,1,5,1,5,5,1,1,5,Standard,Strategic,139.0,0.003,0.046,,,,,-0.046,,-4,-4,0.039,0.039,27,26,27,27,1,3,4.0,1.0,2.0,1.0,1.44,1.38,-1.38,39.9,,,,,,Sinker,False
SI,2026-08-06,101.6,2.66,5.99,"Morejon, Adrian",672695,670970,,ball,,,,,12.0,,R,R,L,AZ,SD,B,,,0,2,2026,1.26,0.86,0.6443281411556698,3.943727473859399,,,,0,8,Bot,,,,,,,-8.608647528759569,-147.71108642301184,-2.340018549785689,20.5151690080237,35.62595118390529,-19.241066136192725,3.31742126,1.674212598,,,,101.3,2476.0,6.2,825053,666023,664034,630105,592518,593428,650859,701538,665487,54.29,,,,,,,,65,3,Sinker,1,5,1,5,5,1,1,5,Standard,Strategic,142.0,0.001,0.022,,,,,-0.022,,-4,-4,0.038,0.038,27,26,27,27,1,3,4.0,1.0,2.0,1.0,1.36,1.26,-1.26,39.9,,,,,,Sinker,False
SI,2026-08-06,100.2,2.48,6.0,"Morejon, Adrian",672695,670970,,swinging_strike,,,,,2.0,,R,R,L,AZ,SD,S,,,0,1,2026,1.35,0.79,-0.0753708991298884,2.817699395869515,,,,0,8,Bot,,,,,,,-10.177404413859298,-145.55043152055725,-5.075073033873146,21.53789684220707,34.689181972146834,-19.948279577608695,3.31742126,1.674212598,,,,100.0,2502.0,6.3,825053,666023,664034,630105,592518,593428,650859,701538,665487,54.21,,,,,,,,65,2,Sinker,1,5,1,5,5,1,1,5,Standard,Strategic,141.0,-0.004,-0.054,66.3,6.2,0.501559992,,0.054,,-4,-4,0.042,0.042,27,26,27,27,1,3,4.0,1.0,2.0,1.0,1.49,1.35,-1.35,39.0,-5.65157115095396,11.834251697899097,44.45532339502501,32.506833726342045,19.89163431734049,Sinker,False
SI,2026-08-06,100.3,2.59,5.95,"Morejon, Adrian",672695,670970,,swinging_strike,,,,,9.0,,R,R,L,AZ,SD,S,,,0,0,2026,1.22,0.85,0.7371966645497521,1.9998687820158725,,,,0,8,Bot,,,,,,,-7.982429135112831,-145.76203000575146,-7.353616807407493,19.311820387420408,35.24867952480372,-18.449347014525515,3.31742126,1.674212598,,,,100.0,2450.0,6.3,825053,666023,664034,630105,592518,593428,650859,701538,665487,54.24,,,,,,,,65,1,Sinker,1,5,1,5,5,1,1,5,Standard,Strategic,146.0,-0.002,-0.041,70.3,6.7,1.156552668,,0.041,,-4,-4,0.044,0.044,27,26,27,27,1,3,4.0,1.0,2.0,1.0,1.43,1.22,-1.22,38.2,-8.61137402687264,19.521118146402696,41.85232766931238,43.10832560076908,16.78335162534613,Sinker,False
FF,2026-08-02,100.1,2.5,5.92,"Morejon, Adrian",650333,670970,field_out,hit_into_play,,,,,2.0,Luis Arraez flies out to center fielder Jackson Merrill.,R,L,L,SD,SF,X,8.0,fly_ball,0,2,2026,0.76,1.21,0.1616382238202579,2.988685600907359,,,687529.0,2,9,Top,79.9,76.33,,,,,-8.183395067167396,-145.51032700604682,-5.42948226762638,12.65655435316065,33.900519829171316,-13.844093496235557,3.124343832,1.576771654,325.0,90.5,32.0,100.1,2431.0,6.3,823270,669134,664034,630105,823550,593428,650859,701538,687749,54.18,0.051,0.074,0.0,1.0,0.0,0.0,3.0,76,3,4-Seam Fastball,5,4,4,5,4,5,4,5,Standard,Standard,140.0,0.047,-0.173,61.3,5.1,,0.127,0.173,90.5,1,-1,0.953,0.047,27,29,27,29,1,4,1.0,2.0,4.0,2.0,1.07,0.76,0.76,42.0,7.981719536563332,4.088848048187613,26.43937071569503,31.85496851778681,31.88007841463899,Four-seam,True
FF,2026-08-02,100.0,2.4,5.84,"Morejon, Adrian",650333,670970,,foul,,,,,6.0,,R,L,L,SD,SF,S,,,0,1,2026,0.66,1.1,0.3164658221856357,2.5035332395292658,,,687529.0,2,9,Top,,,,,,,-7.237246367285229,-145.4788498347009,-6.299664444735918,10.94794721818991,31.4295066858965,-15.250229483795236,3.124343832,1.576771654,245.0,77.6,31.0,100.3,2425.0,6.3,823270,669134,664034,630105,823550,593428,650859,701538,687749,54.21,,,,,,,,76,2,4-Seam Fastball,5,4,4,5,4,5,4,5,Standard,Standard,138.0,0.02,-0.061,61.4,5.1,,,0.061,88.0,1,-1,0.933,0.067,27,29,27,29,1,4,1.0,2.0,4.0,2.0,1.17,0.66,0.66,43.1,-2.985098642120044,14.991571992425165,38.59581414760202,30.67177850163957,23.421235063285884,Four-seam,False
SI,2026-08-02,99.9,2.47,5.84,"Morejon, Adrian",650333,670970,,foul,,,,,5.0,,R,L,L,SD,SF,S,,,0,0,2026,1.29,0.79,-0.0791320004341324,2.546429507665869,,,687529.0,2,9,Top,,,,,,,-9.992094451409924,-145.11529862557276,-5.343350147330338,20.562437708173025,35.24114919591406,-19.90427990975555,3.124343832,1.576771654,132.0,87.1,8.0,99.6,2522.0,6.3,823270,669134,664034,630105,823550,593428,650859,701538,687749,54.21,,,,,,,,76,1,Sinker,5,4,4,5,4,5,4,5,Standard,Standard,142.0,0.012,-0.041,62.5,5.3,,,0.041,88.0,1,-1,0.921,0.079,27,29,27,29,1,4,1.0,2.0,4.0,2.0,1.51,1.29,1.29,39.4,-0.3855682336224543,18.30920471822772,35.99233316063997,34.67584212046031,21.876529781116457,Sinker,False
SI,2026-08-02,100.8,2.43,5.88,"Morejon, Adrian",678545,670970,hit_by_pitch,hit_by_pitch,,,,,11.0,Osleivis Basabe hit by pitch.,R,R,L,SD,SF,B,,,0,0,2026,1.47,0.83,-1.6870580906571937,3.956933268764693,,,,2,9,Top,,,,,,,-14.795432142236251,-146.01965086842938,-1.7669533464474556,24.696187567239168,36.94508602628078,-20.067844765636018,3.18402231,1.606889764,,,,100.1,2405.0,6.3,823270,669134,664034,630105,823550,593428,650859,701538,687749,54.15,,0.729366,0.7,1.0,0.0,0.0,,75,1,Sinker,5,4,4,5,4,5,4,5,Standard,Standard,140.0,-0.042,0.333,,,,,-0.333,,1,-1,0.963,0.037,27,25,27,26,1,3,1.0,1.0,4.0,1.0,1.44,1.47,-1.47,41.1,,,,,,Sinker,True
CH,2026-08-02,92.7,2.52,5.89,"Morejon, Adrian",691740,670970,strikeout,swinging_strike,,,,,14.0,Daniel Susac strikes out swinging.,R,R,L,SD,SF,S,2.0,,2,2,2026,0.94,-0.62,0.5810876647176345,1.0403429934727373,,,,1,9,Top,,,,,,,-6.972718447319851,-134.76401064354258,-4.914759512184471,13.063566102259744,30.722576863817604,-38.766637155606325,3.418348097,1.725147638,,,,92.3,962.0,6.2,823270,669134,664034,630105,823550,593428,650859,701538,687749,54.31,,0.0,0.0,1.0,0.0,0.0,,74,7,Changeup,5,4,4,5,4,5,4,5,Standard,Standard,103.0,0.047,-0.233,66.7,8.7,5.40786396,,0.233,,1,-1,0.916,0.084,27,25,27,25,1,0,1.0,1.0,4.0,1.0,3.29,0.94,-0.94,42.2,27.688753786174207,-23.353199723032937,38.1671087196803,42.86408284282831,50.66718464119194,Changeup,True
CH,2026-08-02,92.0,2.61,5.92,"Morejon, Adrian",691740,670970,,foul,,,,,12.0,,R,R,L,SD,SF,S,,,2,2,2026,0.85,-0.3,1.183367012002155,2.617605869828538,,,,1,9,Top,,,,,,,-5.430360487582664,-134.01286594747077,-1.707594963543619,11.438606052068913,27.021356235310527,-35.68624477458769,3.418348097,1.725147638,,,,91.9,964.0,6.0,823270,669134,664034,630105,823550,593428,650859,701538,687749,54.48,,,,,,,,74,6,Changeup,5,4,4,5,4,5,4,5,Standard,Standard,104.0,0.0,0.0,67.4,7.1,,,0.0,,1,-1,0.916,0.084,27,25,27,25,1,0,1.0,1.0,4.0,1.0,2.97,0.85,-0.85,40.6,9.41586158739171,13.617212749832838,28.97750072121094,50.93544247455994,28.486136215085775,Changeup,False
FF,2026-08-02,100.6,2.44,5.86,"Morejon, Adrian",691740,670970,,foul,,,,,6.0,,R,R,L,SD,SF,S,,,2,2,2026,0.96,1.09,0.7190604120969981,2.3469802709354295,,,,1,9,Top,,,,,,,-7.015373387068203,-146.26319586126888,-6.788786370528075,15.44565341822572,36.040888579110344,-15.025768287303285,3.418348097,1.725147638,228.0,83.7,53.0,100.3,2402.0,6.3,823270,669134,664034,630105,823550,593428,650859,701538,687749,54.23,,,,,,,,74,5,4-Seam Fastball,5,4,4,5,4,5,4,5,Standard,Standard,141.0,0.0,0.0,62.9,7.3,,,0.0,88.0,1,-1,0.916,0.084,27,25,27,25,1,0,1.0,1.0,4.0,1.0,1.17,0.96,-0.96,48.3,25.63649035593813,21.525613337696644,31.81090582059213,45.08001132063055,27.95094393767164,Four-seam,False
CH,2026-08-02,92.3,2.57,5.91,"Morejon, Adrian",691740,670970,,ball,,,,,14.0,,R,R,L,SD,SF,B,,,1,2,2026,0.92,-0.24,1.51127725693555,1.9900829932019837,,,,1,9,Top,,,,,,,-4.672251559823266,-134.30172429082458,-3.385867584677413,12.126190788096238,29.90020102430056,-34.490051338749126,3.418348097,1.725147638,,,,92.0,827.0,6.1,823270,669134,664034,630105,823550,593428,650859,701538,687749,54.35,,,,,,,,74,4,Changeup,5,4,4,5,4,5,4,5,Standard,Standard,101.0,-0.008,0.051,,,,,-0.051,,1,-1,0.924,0.076,27,25,27,25,1,0,1.0,1.0,4.0,1.0,2.92,0.92,-0.92,41.3,,,,,,Changeup,False
CH,2026-08-02,93.3,2.57,5.87,"Morejon, Adrian",691740,670970,,foul,,,,,8.0,,R,R,L,SD,SF,S,,,1,1,2026,1.11,-0.23,0.0340169950381741,1.9765356912210992,,,,1,9,Top,,,,,,,-8.886436222867157,-135.5869352619427,-3.478444755638628,15.666027165410808,30.592875939596787,-34.402766284840546,3.418348097,1.725147638,5.0,79.3,-24.0,92.8,923.0,6.1,823270,669134,664034,630105,823550,593428,650859,701538,687749,54.38,,,,,,,,74,3,Changeup,5,4,4,5,4,5,4,5,Standard,Strategic,101.0,0.013,-0.07,73.2,7.8,,,0.07,88.0,1,-1,0.911,0.089,27,25,27,25,1,0,1.0,1.0,4.0,1.0,2.86,1.11,-1.11,38.8,19.743234879005097,-7.9011271964401955,39.936578440975424,37.89525427727516,41.221556942878536,Changeup,False
SI,2026-08-02,100.7,2.61,5.81,"Morejon, Adrian",691740,670970,,swinging_strike,,,,,12.0,,R,R,L,SD,SF,S,,,1,0,2026,1.48,0.81,0.9364465319628869,3.207621588701808,,,,1,9,Top,,,,,,,-8.153600037654229,-146.37683254426597,-3.5957180534057276,23.267473059748923,38.756483652161734,-19.859682807973066,3.418348097,1.725147638,,,,99.9,2527.0,6.2,823270,669134,664034,630105,823550,593428,650859,701538,687749,54.3,,,,,,,,74,2,Sinker,5,4,4,5,4,5,4,5,Standard,Strategic,140.0,0.011,-0.05,35.0,5.6,2.739692004,,0.05,,1,-1,0.9,0.1,27,25,27,25,1,0,1.0,1.0,4.0,1.0,1.46,1.48,-1.48,37.8,-2.212201743400103,27.24763497332079,36.52603306112306,48.09711734942068,14.51524646389081,Sinker,False
CH,2026-08-02,92.9,2.58,5.93,"Morejon, Adrian",691740,670970,,ball,,,,,14.0,,R,R,L,SD,SF,B,,,0,0,2026,0.8,-0.27,0.6044815486000878,0.918792549781292,,,,1,9,Top,,,,,,,-6.723332987230205,-134.99248369560982,-6.125489378416917,11.269051948648723,30.822262889144135,-34.2318753133375,3.418348097,1.725147638,,,,92.2,1042.0,6.1,823270,669134,664034,630105,823550,593428,650859,701538,687749,54.43,,,,,,,,74,1,Changeup,5,4,4,5,4,5,4,5,Standard,Standard,108.0,-0.008,0.041,,,,,-0.041,,1,-1,0.908,0.092,27,25,27,25,1,0,1.0,1.0,4.0,1.0,2.93,0.8,-0.8,40.0,,,,,,Changeup,False
CH,2026-08-02,92.6,2.6,5.91,"Morejon, Adrian",683766,670970,strikeout,swinging_strike,,,,,14.0,Christian Koss strikes out swinging.,R,R,L,SD,SF,S,2.0,,2,2,2026,0.73,-0.05,0.5035805060913303,0.9711048871630004,,,,0,9,Top,,,,,,,-6.85394215093371,-134.6056115199297,-6.390678007405845,10.3403570614824,28.91371807142288,-31.58875744480566,3.254232283,1.642322835,,,,92.1,1032.0,6.0,823270,669134,664034,630105,823550,593428,650859,701538,687749,54.47,,0.0,0.0,1.0,0.0,0.0,,73,6,Changeup,5,4,4,5,4,5,4,5,Standard,Standard,99.0,0.062,-0.232,49.8,7.3,3.161341104,,0.232,,1,-1,0.846,0.154,27,28,27,28,1,0,1.0,1.0,4.0,1.0,2.71,0.73,-0.73,41.0,11.848827905546072,10.16661728564402,32.37288624406061,44.01144059441256,23.67027595939872,Changeup,True
CH,2026-08-02,92.4,2.67,5.87,"Morejon, Adrian",683766,670970,,ball,,,,,14.0,,R,R,L,SD,SF,B,,,1,2,2026,1.1,0.09,0.8230539444725102,1.0243690367934568,,,,0,9,Top,,,,,,,-7.024096676708598,-134.37064854103852,-6.415846327314153,14.867912751917888,28.986499504334844,-29.90418198159748,3.254232283,1.642322835,,,,91.9,972.0,6.0,823270,669134,664034,630105,823550,593428,650859,701538,687749,54.51,,,,,,,,73,5,Changeup,5,4,4,5,4,5,4,5,Standard,Standard,107.0,-0.011,0.046,,,,,-0.046,,1,-1,0.857,0.143,27,28,27,28,1,0,1.0,1.0,4.0,1.0,2.58,1.1,-1.1,39.2,,,,,,Changeup,False
FF,2026-08-02,100.2,2.42,5.96,"Morejon, Adrian",683766,670970,,foul,,,,,2.0,,R,R,L,SD,SF,S,,,1,2,2026,0.41,1.15,0.0311043601715036,2.9870564497114622,,,,0,9,Top,,,,,,,-7.48951293618209,-145.76584088225928,-5.433264497165782,7.5792174164684205,31.98740620271334,-14.676017138216972,3.254232283,1.642322835,239.0,75.6,31.0,100.3,2427.0,6.2,823270,669134,664034,630105,823550,593428,650859,701538,687749,54.32,,,,,,,,73,4,4-Seam Fastball,5,4,4,5,4,5,4,5,Standard,Standard,141.0,0.0,0.0,64.0,5.6,,,0.0,88.0,1,-1,0.857,0.143,27,28,27,28,1,0,1.0,1.0,4.0,1.0,1.11,0.41,-0.41,44.7,-3.8853424130703873,32.3770989788543,26.650891065006096,38.00432612714141,13.711225122545551,Four-seam,False
CH,2026-08-02,92.1,2.61,5.92,"Morejon, Adrian",683766,670970,,ball,,,,,14.0,,R,R,L,SD,SF,B,,,0,2,2026,0.79,-0.32,1.9251130503820388,0.7987788546822747,,,,0,9,Top,,,,,,,-3.449374846243314,-134.02008024449302,-6.176044386401199,10.31081077693006,28.858285867869625,-34.85947525270943,3.254232283,1.642322835,,,,91.5,905.0,5.9,823270,669134,664034,630105,823550,593428,650859,701538,687749,54.57,,,,,,,,73,3,Changeup,5,4,4,5,4,5,4,5,Standard,Standard,106.0,-0.007,0.022,,,,,-0.022,,1,-1,0.864,0.136,27,28,27,28,1,0,1.0,1.0,4.0,1.0,3.0,0.79,-0.79,41.8,,,,,,Changeup,False
CH,2026-08-02,91.6,2.76,5.97,"Morejon, Adrian",683766,670970,,swinging_strike,,,,,14.0,,R,R,L,SD,SF,S,,,0,1,2026,0.92,-0.15,0.5759761044440055,0.426131077168784,,,,0,9,Top,,,,,,,-7.390070745121769,-133.04281679110858,-7.392780984611139,12.558503703706188,31.41445838029111,-32.33155636166566,3.254232283,1.642322835,,,,90.5,904.0,6.0,823270,669134,664034,630105,823550,593428,650859,701538,687749,54.54,,,,,,,,73,2,Changeup,5,4,4,5,4,5,4,5,Standard,Standard,104.0,0.018,-0.054,70.2,7.5,6.060817608,,0.054,,1,-1,0.846,0.154,27,28,27,28,1,0,1.0,1.0,4.0,1.0,2.89,0.92,-0.92,39.8,12.339212181552604,1.3540068640777785,36.05444087517568,44.83804271452705,26.54706569723551,Changeup,False
CH,2026-08-02,91.8,2.81,5.93,"Morejon, Adrian",683766,670970,,called_strike,,,,,14.0,,R,R,L,SD,SF,S,,,0,0,2026,0.8,-0.12,0.961975617396514,1.525158048277356,,,,0,9,Top,,,,,,,-6.3344001562224035,-133.4828453368537,-4.707010619117195,10.96988894607014,31.00561267407038,-32.69485016898006,3.254232283,1.642322835,,,,91.0,943.0,6.0,823270,669134,664034,630105,823550,593428,650859,701538,687749,54.51,,,,,,,,73,1,Changeup,5,4,4,5,4,5,4,5,Standard,Standard,106.0,0.011,-0.041,,,,,0.041,,1,-1,0.835,0.165,27,28,27,28,1,0,1.0,1.0,4.0,1.0,2.84,0.8,-0.8,40.4,,,,,,Changeup,False
CH,2026-08-02,91.6,2.64,5.94,"Morejon, Adrian",642715,670970,strikeout,swinging_strike,,,,,14.0,Willy Adames strikes out swinging.,R,R,L,SD,SF,S,2.0,,2,2,2026,0.79,-0.56,0.4672552965789729,1.1015105231032618,808982.0,,,2,8,Top,,,,,,,-7.1139976939642295,-133.21420207269352,-4.855528632378957,10.945004349357427,27.812365206166888,-38.0661200967203,3.22351542,1.626820866,,,,91.4,974.0,6.1,823270,669134,664034,630105,823550,593428,650859,701538,687749,54.38,,0.0,0.0,1.0,0.0,0.0,,67,5,Changeup,5,4,4,5,4,5,4,5,Standard,Standard,103.0,0.082,-0.273,74.5,9.0,4.348295532,,0.273,,1,-1,0.785,0.215,27,30,27,31,1,3,1.0,1.0,4.0,1.0,3.28,0.79,-0.79,44.1,25.695100985555847,-13.674334178034885,34.81227729628744,42.50172534656398,38.91261142687439,Changeup,True
FF,2026-08-02,99.4,2.43,6.0,"Morejon, Adrian",642715,670970,,swinging_strike,,,,,12.0,,R,R,L,SD,SF,S,,,2,1,2026,0.69,1.3,0.6077331383244864,3.662692886540315,808982.0,,,2,8,Top,,,,,,,-6.529538452625143,-144.66044922197634,-3.912860021327672,11.166527569047584,33.92895651512804,-13.20790637461507,3.22351542,1.626820866,,,,99.0,2495.0,6.1,823270,669134,664034,630105,823550,593428,650859,701538,687749,54.41,,,,,,,,67,4,4-Seam Fastball,5,4,4,5,4,5,4,5,Standard,Standard,145.0,0.017,-0.056,72.7,7.6,2.707913196,,0.056,,1,-1,0.768,0.232,27,30,27,31,1,3,1.0,1.0,4.0,1.0,1.01,0.69,-0.69,42.1,12.36650308803928,16.718854139421605,24.65340774595079,44.327453988813865,16.69399012014128,Four-seam,False
SI,2026-08-02,99.9,2.56,5.91,"Morejon, Adrian",642715,670970,,called_strike,,,,,5.0,,R,R,L,SD,SF,S,,,2,0,2026,1.33,0.7,-0.1110422064177227,2.5246303392659377,808982.0,,,2,8,Top,,,,,,,-10.38785198047097,-145.12042612040992,-5.38607828450383,21.1358926378125,32.73316570144145,-21.209328227443,3.22351542,1.626820866,,,,99.6,2422.0,6.1,823270,669134,664034,630105,823550,593428,650859,701538,687749,54.37,,,,,,,,67,3,Sinker,5,4,4,5,4,5,4,5,Standard,Standard,140.0,0.005,-0.024,,,,,0.024,,1,-1,0.763,0.237,27,30,27,31,1,3,1.0,1.0,4.0,1.0,1.59,1.33,-1.33,38.8,,,,,,Sinker,False
CH,2026-08-02,90.4,2.61,6.01,"Morejon, Adrian",642715,670970,,ball,,,,,14.0,,R,R,L,SD,SF,B,,,1,0,2026,0.58,-0.64,1.3070073438210752,2.0190263375128104,808982.0,,,2,8,Top,,,,,,,-4.439731543428908,-131.71135167730253,-2.41499179649857,7.658453397314706,26.27841503911497,-39.38354549178774,3.22351542,1.626820866,,,,90.1,953.0,5.9,823270,669134,664034,630105,823550,593428,650859,701538,687749,54.57,,,,,,,,67,2,Changeup,5,4,4,5,4,5,4,5,Standard,Standard,103.0,-0.005,0.021,,,,,-0.021,,1,-1,0.768,0.232,27,30,27,31,1,3,1.0,1.0,4.0,1.0,3.41,0.58,-0.58,39.9,,,,,,Changeup,False
CH,2026-08-02,92.0,2.73,5.94,"Morejon, Adrian",642715,670970,,blocked_ball,,,,,14.0,,R,R,L,SD,SF,B,,,0,0,2026,0.68,0.32,0.0438998496618452,-0.4576319423714277,808982.0,,,2,8,Top,,,,,,,-8.15096928936562,-133.4844847144527,-10.729129451147774,9.73655760450517,25.449778876878725,-26.38949445647513,3.22351542,1.626820866,,,,91.7,912.0,6.0,823270,669134,664034,630105,823550,593428,650859,701538,687749,54.49,,,,,,,,67,1,Changeup,5,4,4,5,4,5,4,5,Standard,Standard,106.0,-0.003,0.03,,,,,-0.03,,1,-1,0.771,0.229,27,30,27,31,1,3,1.0,1.0,4.0,1.0,2.37,0.68,-0.68,39.9,,,,,,Changeup,False
FF,2026-08-01,100.0,2.3,5.92,"Morejon, Adrian",671218,670970,strikeout,swinging_strike,,,,,1.0,Heliot Ramos strikes out swinging.,R,R,L,SD,SF,S,2.0,,1,2,2026,0.61,1.35,-0.3789965864139211,3.080339627656972,,,,2,7,Top,,,,,,,-8.746770212779595,-145.26024387705058,-5.468363567923746,10.768175650618002,35.159521565689765,-11.923823419822249,3.18402231,1.606889764,,,,99.7,2502.0,6.3,823269,666023,664034,630105,592518,593428,687749,701538,665487,54.23,,0.0,0.0,1.0,0.0,0.0,,56,4,4-Seam Fastball,5,3,3,5,3,5,3,5,Standard,Standard,143.0,0.01,-0.183,67.1,5.8,0.650388156,,0.183,,2,-2,0.877,0.123,27,26,27,27,1,3,4.0,1.0,1.0,1.0,0.94,0.61,-0.61,41.6,0.6650168568503997,24.59103572252498,30.95544550925997,31.808809991043415,17.11281321198086,Four-seam,True
SI,2026-08-01,100.1,2.44,5.85,"Morejon, Adrian",671218,670970,,ball,,,,,11.0,,R,R,L,SD,SF,B,,,0,2,2026,1.32,0.88,-0.9284263986124736,2.8163065198338777,,,,2,7,Top,,,,,,,-12.278980270758794,-145.20288561270286,-4.842567672878859,21.55155939207821,35.21990038384705,-18.75497955877315,3.18402231,1.606889764,,,,99.6,2492.0,6.3,823269,666023,664034,630105,592518,593428,687749,701538,665487,54.21,,,,,,,,56,3,Sinker,5,3,3,5,3,5,3,5,Standard,Standard,137.0,-0.002,0.028,,,,,-0.028,,2,-2,0.879,0.121,27,26,27,27,1,3,4.0,1.0,1.0,1.0,1.42,1.32,-1.32,41.9,,,,,,Sinker,False
SI,2026-08-01,99.5,2.67,5.85,"Morejon, Adrian",671218,670970,,swinging_strike,,,,,2.0,,R,R,L,SD,SF,S,,,0,1,2026,1.38,0.95,0.0677408423333638,2.9651152248635464,,,,2,7,Top,,,,,,,-10.258487824185703,-144.49028740915696,-4.50019402366747,21.81127173925421,36.62266065122737,-17.955617714199327,3.18402231,1.606889764,,,,98.5,2524.0,6.0,823269,666023,664034,630105,592518,593428,687749,701538,665487,54.45,,,,,,,,56,2,Sinker,5,3,3,5,3,5,3,5,Standard,Standard,140.0,0.004,-0.062,70.1,6.1,0.1,,0.062,,2,-2,0.875,0.125,27,26,27,27,1,3,4.0,1.0,1.0,1.0,1.38,1.38,-1.38,34.5,6.788395666815395,19.98097661741883,31.54156452467228,38.63469764929166,15.5558214075197,Sinker,False
SI,2026-08-01,99.5,2.39,5.84,"Morejon, Adrian",671218,670970,,called_strike,,,,,8.0,,R,R,L,SD,SF,S,,,0,0,2026,1.32,0.94,-0.0549338716310294,2.0545678631558006,,,,2,7,Top,,,,,,,-9.725414636584,-144.4162417551681,-6.920905082494407,20.820202967176595,36.204498386837635,-17.497009416059413,3.18402231,1.606889764,,,,98.8,2467.0,6.2,823269,666023,664034,630105,592518,593428,687749,701538,665487,54.3,,,,,,,,56,1,Sinker,5,3,3,5,3,5,3,5,Standard,Standard,141.0,0.002,-0.045,,,,,0.045,,2,-2,0.873,0.127,27,26,27,27,1,3,4.0,1.0,1.0,1.0,1.39,1.32,-1.32,42.9,,,,,,Sinker,False
SI,2026-08-01,99.3,2.5,5.81,"Morejon, Adrian",808982,670970,strikeout,called_strike,,,,,1.0,Jung Hoo Lee called out on strikes.,R,L,L,SD,SF,S,2.0,,0,2,2026,1.33,0.95,-0.387678291592201,2.8404779543606997,,,,1,7,Top,,,,,,,-10.879180358426524,-144.05466784156124,-4.6688958570360395,21.140347503567867,37.28890975023252,-17.968010368124965,3.22351542,1.626820866,,,,98.1,2502.0,6.0,823269,666023,664034,630105,592518,593428,687749,701538,665487,54.46,,0.0,0.0,1.0,0.0,0.0,,55,3,Sinker,5,3,3,5,3,5,3,5,Infield shade,Standard,138.0,0.014,-0.163,,,,,0.163,,2,-2,0.859,0.141,27,27,27,28,1,3,4.0,1.0,1.0,1.0,1.39,1.33,1.33,38.6,,,,,,Sinker,True
SI,2026-08-01,99.7,2.39,5.84,"Morejon, Adrian",808982,670970,,called_strike,,,,,8.0,,R,L,L,SD,SF,S,,,0,1,2026,1.33,0.98,0.0699286959533551,1.962543440752202,,,,1,7,Top,,,,,,,-9.44578978246627,-144.69093444150562,-7.259109368345776,21.03975753288858,37.80804446482927,-16.809290190524834,3.22351542,1.626820866,,,,98.8,2477.0,6.2,823269,666023,664034,630105,592518,593428,687749,701538,665487,54.29,,,,,,,,55,2,Sinker,5,3,3,5,3,5,3,5,Standard,Standard,139.0,0.006,-0.057,,,,,0.057,,2,-2,0.853,0.147,27,27,27,28,1,3,4.0,1.0,1.0,1.0,1.35,1.33,1.33,35.6,,,,,,Sinker,False
SL,2026-08-01,87.8,2.64,5.83,"Morejon, Adrian",808982,670970,,called_strike,,,,,8.0,,R,L,L,SD,SF,S,,,0,0,2026,-0.5,0.02,0.0873263730325121,1.6750963668040169,,,,1,7,Top,,,,,,,-5.0438308381789145,-127.81962273561162,-3.6935717101284697,-4.3186872901241165,27.999251715813,-31.411506918751726,3.22351542,1.626820866,,,,87.3,3017.0,6.1,823269,666023,664034,630105,592518,593428,687749,701538,665487,54.4,,,,,,,,55,1,Slider,5,3,3,5,3,5,3,5,Strategic,Standard,281.0,0.004,-0.041,,,,,0.041,,2,-2,0.849,0.151,27,27,27,28,1,3,4.0,1.0,1.0,1.0,2.95,-0.5,-0.5,37.2,,,,,,Slider,False
SL,2026-08-01,88.5,2.59,5.79,"Morejon, Adrian",805811,670970,strikeout,swinging_strike,,,,,13.0,Bryce Eldridge strikes out swinging.,R,L,L,SD,SF,S,2.0,,1,2,2026,-0.57,0.1,-0.4847077533621165,1.6506639218920478,,,,0,7,Top,,,,,,,-6.148801791040315,-128.7459860298143,-3.9977730330231456,-5.126667723800437,26.013382985982517,-30.42123749910527,3.541215551,1.787155512,,,,88.1,2947.0,6.0,823269,666023,664034,630105,592518,593428,687749,701538,665487,54.48,,0.0,0.0,1.0,0.0,0.0,,54,5,Slider,5,3,3,5,3,5,3,5,Infield shade,Standard,280.0,0.024,-0.187,73.8,8.1,8.713448784,,0.187,,2,-2,0.825,0.175,27,21,27,22,1,3,4.0,1.0,1.0,1.0,2.8,-0.57,-0.57,34.4,25.50082097016036,-28.2848213302957,35.18487838958003,40.52454714554605,51.430758133730706,Slider,True
SL,2026-08-01,91.4,2.54,5.8,"Morejon, Adrian",805811,670970,,ball,,,,,13.0,,R,L,L,SD,SF,B,,,0,2,2026,-0.27,0.15,-1.1937846756580597,1.2646866001191173,,,,0,7,Top,,,,,,,-8.674082037052143,-132.893661704996,-5.651325175085172,-1.452751216319189,27.289468822494964,-29.38356471229646,3.541215551,1.787155512,,,,91.5,2895.0,6.3,823269,666023,664034,630105,592518,593428,687749,701538,665487,54.22,,,,,,,,54,4,Slider,5,3,3,5,3,5,3,5,Infield shade,Standard,258.0,-0.004,0.022,,,,,-0.022,,2,-2,0.829,0.171,27,21,27,22,1,3,4.0,1.0,1.0,1.0,2.57,-0.27,-0.27,37.2,,,,,,Slider,False
SI,2026-08-01,98.7,2.44,5.86,"Morejon, Adrian",805811,670970,,foul,,,,,6.0,,R,L,L,SD,SF,S,,,0,2,2026,1.35,0.75,0.7701464766359187,2.567776801383315,,,,0,7,Top,,,,,,,-7.627020669073522,-143.5252047762704,-5.051365283699669,20.42645255513956,34.512260360151956,-20.76318318972748,3.541215551,1.787155512,6.0,93.0,-23.0,98.1,2494.0,6.1,823269,666023,664034,630105,592518,593428,687749,701538,665487,54.43,,,,,,,,54,3,Sinker,5,3,3,5,3,5,3,5,Infield shade,Standard,138.0,0.0,0.0,73.2,7.3,,,0.0,93.0,2,-2,0.829,0.171,27,21,27,22,1,3,4.0,1.0,1.0,1.0,1.6,1.35,1.35,35.6,16.2665334192206,-15.24215943700453,34.56071137076333,26.546200973082087,35.938664331865255,Sinker,False
SI,2026-08-01,98.2,2.46,5.91,"Morejon, Adrian",805811,670970,,swinging_strike,,,,,12.0,,R,L,L,SD,SF,S,,,0,1,2026,1.43,0.89,1.2278322562337598,2.90998828756813,,,,0,7,Top,,,,,,,-6.618314101945615,-142.7255580416476,-4.47444735787551,21.118904808816364,34.769048614208906,-19.17328403208645,3.541215551,1.787155512,,,,97.3,2429.0,6.0,823269,666023,664034,630105,592518,593428,687749,701538,665487,54.54,,,,,,,,54,2,Sinker,5,3,3,5,3,5,3,5,Infield shade,Standard,142.0,0.009,-0.054,53.6,6.2,1.643897772,,0.054,,2,-2,0.82,0.18,27,21,27,22,1,3,4.0,1.0,1.0,1.0,1.49,1.43,1.43,36.9,4.760433620934074,-12.229305588298573,29.542172109602333,20.709375836151295,23.921642921327425,Sinker,False
SI,2026-08-01,99.0,2.59,5.91,"Morejon, Adrian",805811,670970,,called_strike,,,,,5.0,,R,L,L,SD,SF,S,,,0,0,2026,1.31,0.89,-0.0922973395402841,2.610722493546658,,,,0,7,Top,,,,,,,-10.248103008435695,-143.70267072346573,-5.405297744238479,20.551870450199303,33.713113148229326,-18.76049197425784,3.541215551,1.787155512,,,,98.2,2443.0,6.0,823269,666023,664034,630105,592518,593428,687749,701538,665487,54.47,,,,,,,,54,1,Sinker,5,3,3,5,3,5,3,5,Infield shade,Standard,137.0,0.005,-0.041,,,,,0.041,,2,-2,0.815,0.185,27,21,27,22,1,3,4.0,1.0,1.0,1.0,1.45,1.31,1.31,36.1,,,,,,Sinker,False
CH,2026-08-01,92.0,2.63,5.9,"Morejon, Adrian",678545,670970,field_out,hit_into_play,,,,,6.0,"Osleivis Basabe grounds out, shortstop Xander Bogaerts to first baseman Ty France.",R,R,L,SD,SF,X,6.0,ground_ball,0,2,2026,-0.04,0.23,0.5689356982119471,2.2014102059435143,691740.0,,,2,6,Top,113.39,150.33,,,,,-5.047692455227388,-133.87461198261968,-3.765034935526902,0.6772930437685734,31.05720790472347,-28.729834253754543,3.18402231,1.606889764,15.0,103.0,-8.0,91.3,883.0,6.0,823269,666023,664034,630105,592518,593428,687749,701538,665487,54.46,0.351,0.335,0.0,1.0,0.0,0.0,2.0,49,4,Changeup,4,3,3,4,3,4,3,4,Standard,Standard,112.0,0.037,-0.211,74.1,7.3,,0.364,0.211,103.0,1,-1,0.703,0.297,27,25,27,26,1,2,4.0,1.0,1.0,1.0,2.48,-0.04,0.04,41.3,6.781843662438077,6.561209683494677,22.62554155221759,45.58358032626092,27.683286683497872,Changeup,True
FF,2026-08-01,98.3,2.33,6.03,"Morejon, Adrian",678545,670970,,foul,,,,,12.0,,R,R,L,SD,SF,S,,,0,2,2026,0.53,1.26,0.2550499774057803,3.6035121037736744,691740.0,,,2,6,Top,,,,,,,-6.797208899981182,-143.0502662844297,-3.8963909433521513,8.880476093838157,33.59050332189212,-14.203819871673112,3.18402231,1.606889764,259.0,77.2,37.0,98.1,2505.0,6.2,823269,666023,664034,630105,592518,593428,687749,701538,665487,54.27,,,,,,,,49,3,4-Seam Fastball,4,3,3,4,3,4,3,4,Standard,Standard,142.0,0.0,0.0,71.3,6.5,,,0.0,88.0,1,-1,0.703,0.297,27,25,27,26,1,2,4.0,1.0,1.0,1.0,1.1,0.53,-0.53,48.3,8.644203217173752,13.050722954886444,14.85317840582085,40.19112713650938,23.95924773315157,Four-seam,False
FF,2026-08-01,98.4,2.45,5.98,"Morejon, Adrian",678545,670970,,foul,,,,,3.0,,R,R,L,SD,SF,S,,,0,1,2026,0.33,1.28,0.4834819786273261,2.7993650118158553,691740.0,,,2,6,Top,,,,,,,-6.0036457965608845,-143.15381515904684,-5.937706633830283,5.958883948961625,34.73494989355303,-13.43994958561058,3.18402231,1.606889764,213.0,74.8,52.0,97.8,2517.0,6.1,823269,666023,664034,630105,592518,593428,687749,701538,665487,54.42,,,,,,,,49,2,4-Seam Fastball,4,3,3,4,3,4,3,4,Standard,Standard,138.0,0.015,-0.06,73.5,6.9,,,0.06,88.0,1,-1,0.688,0.312,27,25,27,26,1,2,4.0,1.0,1.0,1.0,1.09,0.33,-0.33,46.8,2.5462185596590716,14.588579906304377,24.16778417824223,43.50254283092649,21.252085175558776,Four-seam,False
SI,2026-08-01,99.0,2.45,5.91,"Morejon, Adrian",678545,670970,,foul,,,,,13.0,,R,R,L,SD,SF,S,,,0,0,2026,1.28,0.73,-0.1912137304015126,1.2659156369688274,691740.0,,,2,6,Top,,,,,,,-10.097582923216343,-143.66353234827125,-8.664439596442538,20.08142977864695,33.200390705694836,-20.09891767751572,3.18402231,1.606889764,1.0,59.2,-43.0,98.5,2511.0,6.2,823269,666023,664034,630105,592518,593428,687749,701538,665487,54.32,,,,,,,,49,1,Sinker,4,3,3,4,3,4,3,4,Standard,Standard,146.0,0.009,-0.034,,,,,0.034,88.0,1,-1,0.679,0.321,27,25,27,26,1,2,4.0,1.0,1.0,1.0,1.6,1.28,-1.28,39.7,,,,,,Sinker,False
SI,2026-07-28,100.3,2.46,5.74,"Morejon, Adrian",664983,670970,field_out,hit_into_play,,,,,12.0,"Jake McCarthy grounds out softly, pitcher Adrian Morejon to first baseman Ty France.",R,L,L,SD,COL,X,1.0,ground_ball,0,2,2026,1.56,0.47,0.6271039118076369,3.581380691565491,687859.0,671289.0,678662.0,2,8,Top,128.63,188.43,,,,,-8.739052450977791,-145.81306263670518,-1.5371084232666536,24.377106715597023,36.20375646817619,-25.36520606420978,3.228781168,1.629478347,0.0,41.4,-88.0,100.0,2354.0,6.3,823275,669134,664034,630105,592518,593428,650859,701538,665487,54.22,0.186,0.167,0.0,1.0,0.0,0.0,1.0,73,6,Sinker,6,7,7,6,7,6,7,6,Strategic,Standard,140.0,0.044,-0.158,64.9,5.1,,0.194,0.158,88.0,-1,1,0.264,0.736,27,28,27,29,1,4,2.0,2.0,4.0,1.0,1.81,1.56,1.56,35.7,-8.831422222207802,24.868434112880625,18.320909802169464,28.457448306654328,19.964375148221293,Sinker,True
SL,2026-07-28,92.2,2.62,5.69,"Morejon, Adrian",664983,670970,,foul,,,,,4.0,,R,L,L,SD,COL,S,,,0,2,2026,-0.5,-0.01,-0.405164100365493,2.159237713753077,687859.0,671289.0,678662.0,2,8,Top,,,,,,,-6.494753281858976,-134.2032405066992,-2.8976615519320337,-4.537922241590745,29.877082167826945,-31.907796329463164,3.228781168,1.629478347,272.0,84.2,23.0,92.3,2812.0,6.4,823275,669134,664034,630105,592518,593428,650859,701538,665487,54.12,,,,,,,,73,5,Slider,6,7,7,6,7,6,7,6,Strategic,Standard,269.0,0.0,0.0,,,,,0.0,88.0,-1,1,0.264,0.736,27,28,27,29,1,4,2.0,2.0,4.0,1.0,2.7,-0.5,-0.5,36.8,,,,,,Slider,False
FF,2026-07-28,99.0,2.32,5.88,"Morejon, Adrian",664983,670970,,foul,,,,,12.0,,R,L,L,SD,COL,S,,,0,2,2026,0.5,1.33,0.5844242519215477,3.437449393290267,687859.0,671289.0,678662.0,2,8,Top,,,,,,,-5.8593507657598725,-144.02131639302686,-4.170562165514467,8.418998055549393,35.70232068476242,-12.974178686832522,3.228781168,1.629478347,194.0,69.7,52.0,98.7,2587.0,6.3,823275,669134,664034,630105,592518,593428,650859,701538,665487,54.21,,,,,,,,73,4,4-Seam Fastball,6,7,7,6,7,6,7,6,Standard,Standard,149.0,0.0,0.0,69.3,5.8,,,0.0,88.0,-1,1,0.264,0.736,27,28,27,29,1,4,2.0,2.0,4.0,1.0,1.01,0.5,0.5,42.3,-2.862840494170794,2.794536770779636,25.658135947512942,30.14938377975386,24.905001595999384,Four-seam,False
FF,2026-07-28,99.7,2.36,5.8,"Morejon, Adrian",664983,670970,,foul,,,,,12.0,,R,L,L,SD,COL,S,,,0,2,2026,0.52,1.26,0.2246100643242818,3.376256160482132,687859.0,671289.0,678662.0,2,8,Top,,,,,,,-7.047953921827531,-145.05062815122096,-4.106612914445059,9.006063504042336,32.97808942140516,-13.615033400867858,3.228781168,1.629478347,145.0,64.2,60.0,99.8,2501.0,6.3,823275,669134,664034,630105,592518,593428,650859,701538,665487,54.22,,,,,,,,73,3,4-Seam Fastball,6,7,7,6,7,6,7,6,Standard,Standard,147.0,0.0,0.0,62.0,5.9,,,0.0,88.0,-1,1,0.264,0.736,27,28,27,29,1,4,2.0,2.0,4.0,1.0,1.03,0.52,0.52,42.8,-0.8881088859900803,13.964530551788243,24.818273724734567,34.232079363252694,22.01504755236035,Four-seam,False
SI,2026-07-28,100.5,2.33,5.73,"Morejon, Adrian",664983,670970,,foul,,,,,2.0,,R,L,L,SD,COL,S,,,0,1,2026,1.41,0.81,-0.1588410917738028,2.9124048291402738,687859.0,671289.0,678662.0,2,8,Top,,,,,,,-10.177924597997112,-145.96758828394974,-4.179627742797179,22.529151200599983,35.178969247065595,-19.820726516680537,3.228781168,1.629478347,3.0,79.6,-45.0,100.2,2503.0,6.3,823275,669134,664034,630105,592518,593428,650859,701538,665487,54.22,,,,,,,,73,2,Sinker,6,7,7,6,7,6,7,6,Standard,Standard,137.0,0.018,-0.052,50.3,4.6,,,0.052,88.0,-1,1,0.246,0.754,27,28,27,29,1,4,2.0,2.0,4.0,1.0,1.46,1.41,1.41,34.9,-21.256261986130035,54.94494410127751,28.882418782707138,38.05490750676012,1.3344638670156757,Sinker,False
SI,2026-07-28,100.8,2.38,5.7,"Morejon, Adrian",664983,670970,,foul_bunt,,,,,3.0,,R,L,L,SD,COL,S,,,0,0,2026,1.52,0.57,0.6019208520889601,3.055216145483486,687859.0,671289.0,678662.0,2,8,Top,,,,,,,-8.530221899725124,-146.45982197263345,-3.1550467118783363,23.87964127934259,36.82769147504525,-23.357078467126037,3.228781168,1.629478347,,,,100.4,2377.0,6.3,823275,669134,664034,630105,592518,593428,650859,701538,665487,54.22,,,,,,,,73,1,Sinker,6,7,7,6,7,6,7,6,Standard,Standard,142.0,0.011,-0.04,17.5,2.2,,,0.04,,-1,1,0.235,0.765,27,28,27,29,1,4,2.0,2.0,4.0,1.0,1.69,1.52,1.52,43.2,-16.28620010272028,-1.1094202785371683,16.022574017775334,25.77546113300397,47.72412774879956,Sinker,False
FF,2026-07-28,99.9,2.26,5.84,"Morejon, Adrian",678662,670970,walk,ball,,,,,11.0,Ezequiel Tovar walks. Cole Carrigg scores. Troy Johnston to 3rd. Tyler Freeman to 2nd.,R,R,L,SD,COL,B,,,3,2,2026,0.42,1.33,-0.0915097544048098,4.203371225193399,694249.0,687859.0,671289.0,2,8,Top,,,,,,,-7.413714201784028,-145.31166194616534,-2.1641970874714795,7.703380689455492,33.299225393724484,-13.045596860619082,3.219127297,1.624606299,,,,100.0,2381.0,6.3,823275,669134,664034,630105,592518,593428,650859,701538,665487,54.19,,0.698418,0.7,1.0,0.0,0.0,,72,6,4-Seam Fastball,6,6,6,6,7,6,7,6,Standard,Strategic,144.0,-0.193,0.317,,,,,-0.317,,0,0,0.428,0.572,27,24,27,25,1,3,2.0,3.0,4.0,1.0,0.95,0.42,-0.42,43.1,,,,,,Four-seam,True
FF,2026-07-28,100.0,2.24,5.83,"Morejon, Adrian",678662,670970,,foul,,,,,2.0,,R,R,L,SD,COL,S,,,3,1,2026,0.61,1.07,-0.2519571977291475,3.102129645116593,694249.0,687859.0,671289.0,2,8,Top,,,,,,,-8.243541168308365,-145.45356460612388,-4.550413890164751,10.596028885400033,33.13721226850352,-16.025531199044913,3.219127297,1.624606299,179.0,84.0,13.0,100.2,2435.0,6.4,823275,669134,664034,630105,592518,593428,650859,701538,665487,54.14,,,,,,,,72,5,4-Seam Fastball,6,6,6,6,6,6,6,6,Standard,Standard,141.0,0.057,-0.126,54.4,5.4,,,0.126,88.0,0,0,0.371,0.629,27,24,27,25,1,3,2.0,3.0,4.0,1.0,1.2,0.61,-0.61,40.7,-12.432701794498785,30.79915988483189,31.765761503114444,30.27064640126686,7.091278864596477,Four-seam,False
SI,2026-07-28,99.7,2.49,5.74,"Morejon, Adrian",678662,670970,,ball,,,,,2.0,,R,R,L,SD,COL,B,,,2,1,2026,1.28,0.71,-0.11111243795819,3.3315303300214216,694249.0,687859.0,671289.0,2,8,Top,,,,,,,-10.10114453740119,-144.80851188970104,-2.7463274157666246,20.41399657784683,32.99549491031851,-21.76248477825786,3.219127297,1.624606299,,,,99.7,2420.0,6.3,823275,669134,664034,630105,592518,593428,650859,701538,665487,54.16,,,,,,,,72,4,Sinker,6,6,6,6,6,6,6,6,Standard,Standard,141.0,-0.068,0.121,,,,,-0.121,,0,0,0.439,0.561,27,24,27,25,1,3,2.0,3.0,4.0,1.0,1.59,1.28,-1.28,37.3,,,,,,Sinker,False
FF,2026-07-28,100.5,2.2,5.88,"Morejon, Adrian",678662,670970,,ball,,,,,12.0,,R,R,L,SD,COL,B,,,1,1,2026,0.6,1.15,1.3562467039086326,3.031890685844133,694249.0,687859.0,671289.0,2,8,Top,,,,,,,-3.763280481664906,-146.27597272498627,-5.121436927045574,9.54572766991998,33.7687682952321,-14.662614487468163,3.219127297,1.624606299,,,,100.6,2462.0,6.3,823275,669134,664034,630105,592518,593428,650859,701538,665487,54.19,,,,,,,,72,3,4-Seam Fastball,6,6,6,6,6,6,6,6,Standard,Standard,140.0,-0.03,0.05,,,,,-0.05,,0,0,0.469,0.531,27,24,27,25,1,3,2.0,3.0,4.0,1.0,1.1,0.6,-0.6,42.8,,,,,,Four-seam,False
FF,2026-07-28,100.5,2.2,5.8,"Morejon, Adrian",678662,670970,,swinging_strike,,,,,1.0,,R,R,L,SD,COL,S,,,1,0,2026,0.64,1.2,-0.6891728255090236,2.826382031633183,694249.0,687859.0,671289.0,2,8,Top,,,,,,,-9.4388779712982,-146.08288643036263,-5.603218576346477,11.297748294982426,33.59638552956655,-13.805382561761904,3.219127297,1.624606299,,,,100.7,2384.0,6.4,823275,669134,664034,630105,592518,593428,650859,701538,665487,54.07,,,,,,,,72,2,4-Seam Fastball,6,6,6,6,6,6,6,6,Standard,Standard,141.0,0.03,-0.041,67.6,5.9,0.466930008,,0.041,,0,0,0.439,0.561,27,24,27,25,1,3,2.0,3.0,4.0,1.0,1.06,0.64,-0.64,47.6,-10.157948052213207,24.14061772669679,40.16677696889179,24.77365906504526,11.06015945063424,Four-seam,False
SI,2026-07-28,101.0,2.35,5.81,"Morejon, Adrian",678662,670970,,ball,,,,,12.0,,R,R,L,SD,COL,B,,,0,0,2026,1.19,0.86,0.3856809390739713,3.436914960238181,694249.0,687859.0,671289.0,2,8,Top,,,,,,,-8.285799509029195,-146.88522147969803,-3.2067229961830113,19.137594751042716,33.71883954826043,-19.116559921474128,3.219127297,1.624606299,,,,101.1,2497.0,6.3,823275,669134,664034,630105,592518,593428,650859,701538,665487,54.17,,,,,,,,72,1,Sinker,6,6,6,6,6,6,6,6,Standard,Standard,145.0,-0.023,0.029,,,,,-0.029,,0,0,0.462,0.538,27,24,27,25,1,3,2.0,3.0,4.0,1.0,1.37,1.19,-1.19,41.7,,,,,,Sinker,False
CH,2026-07-28,92.6,2.37,5.88,"Morejon, Adrian",671289,670970,field_error,hit_into_play,,,,,9.0,Tyler Freeman reaches on a fielding error by shortstop Xander Bogaerts. Cole Carrigg to 3rd. Troy Johnston to 2nd.,R,R,L,SD,COL,X,6.0,ground_ball,2,2,2026,1.21,-0.3,0.5330030212257579,1.7124380984336258,,694249.0,687859.0,2,8,Top,115.32,148.14,,,,,-7.297227529985005,-134.6402395290308,-3.90971872225847,16.26965958957698,29.79085450347819,-35.17649053727163,3.150672572,1.590059055,12.0,92.2,-8.0,92.5,1056.0,6.3,823275,669134,664034,630105,592518,593428,650859,701538,665487,54.18,0.234,0.212,0.9,1.0,0.0,0.0,2.0,71,5,Changeup,6,6,6,6,6,6,6,6,Standard,Strategic,106.0,-0.067,0.432,68.5,7.0,,0.249,-0.432,92.2,0,0,0.529,0.471,27,27,27,27,1,0,2.0,3.0,4.0,1.0,2.97,1.21,-1.21,43.2,-2.618471055055609,9.925528139162171,35.21079357870945,42.545637647463025,27.985332105133654,Changeup,True
CH,2026-07-28,92.2,2.5,5.91,"Morejon, Adrian",671289,670970,,ball,,,,,12.0,,R,R,L,SD,COL,B,,,1,2,2026,0.95,-0.22,2.412669010373314,2.760921020098661,,694249.0,687859.0,2,8,Top,,,,,,,-2.304965180781054,-134.2582233554737,-1.4341268155566795,11.956686622791851,31.15638306748829,-34.773164809290826,3.150672572,1.590059055,,,,91.6,1039.0,6.0,823275,669134,664034,630105,592518,593428,650859,701538,665487,54.47,,,,,,,,71,4,Changeup,6,6,6,6,6,6,6,6,Standard,Strategic,105.0,-0.014,0.025,,,,,-0.025,,0,0,0.543,0.457,27,27,27,27,1,0,2.0,3.0,4.0,1.0,2.92,0.95,-0.95,39.2,,,,,,Changeup,False
CH,2026-07-28,93.1,2.54,5.77,"Morejon, Adrian",671289,670970,,blocked_ball,,,,,13.0,,R,R,L,SD,COL,B,,,0,2,2026,0.64,-0.29,-0.3950078147274741,0.365885706509891,,694249.0,687859.0,2,8,Top,,,,,,,-8.841469646950847,-135.1624217167555,-7.105253955748486,9.817431891235405,31.20758225451326,-34.18324081044422,3.150672572,1.590059055,,,,92.7,916.0,6.3,823275,669134,664034,630105,592518,593428,650859,701538,665487,54.18,,,,,,,,71,3,Changeup,6,6,6,6,6,6,6,6,Standard,Strategic,101.0,-0.009,0.012,,,,,-0.012,,0,0,0.552,0.448,27,27,27,27,1,0,2.0,3.0,4.0,1.0,2.94,0.64,-0.64,40.3,,,,,,Changeup,False
CH,2026-07-28,92.0,2.48,5.87,"Morejon, Adrian",671289,670970,,swinging_strike,,,,,8.0,,R,R,L,SD,COL,S,,,0,1,2026,0.79,-0.2,0.1607474904347172,1.5313148499082887,,694249.0,687859.0,2,8,Top,,,,,,,-7.50483201021253,-133.72147256037462,-4.40565416777164,11.116881638865348,31.1100165789092,-33.78195897809104,3.150672572,1.590059055,,,,91.3,925.0,6.1,823275,669134,664034,630105,592518,593428,650859,701538,665487,54.38,,,,,,,,71,2,Changeup,6,6,6,6,6,6,6,6,Standard,Standard,100.0,0.023,-0.056,75.4,7.9,0.122077932,,0.056,,0,0,0.529,0.471,27,27,27,27,1,0,2.0,3.0,4.0,1.0,2.92,0.79,-0.79,39.1,14.341631503881857,-11.9237000384055,35.97005401246455,38.599236776017634,35.797998310411295,Changeup,False
CH,2026-07-28,92.8,2.47,5.9,"Morejon, Adrian",671289,670970,,foul,,,,,5.0,,R,R,L,SD,COL,S,,,0,0,2026,0.83,-0.32,-0.0082006269603978,2.126643649256341,,694249.0,687859.0,2,8,Top,,,,,,,-8.090313712399777,-134.97616837137988,-2.961455943734622,11.849567655934374,27.91870610426833,-35.6389761822162,3.150672572,1.590059055,,,,92.8,909.0,6.2,823275,669134,664034,630105,592518,593428,650859,701538,665487,54.31,,,,,,,,71,1,Changeup,6,6,6,6,6,6,6,6,Standard,Standard,104.0,0.014,-0.032,74.8,7.3,,,0.032,,0,0,0.515,0.485,27,27,27,27,1,0,2.0,3.0,4.0,1.0,2.96,0.83,-0.83,40.4,8.410359895097793,-9.506649953739304,31.24518547664223,36.3158192639361,34.24830098023548,Changeup,False
CH,2026-07-28,91.9,2.59,5.82,"Morejon, Adrian",650489,670970,strikeout,swinging_strike,,,,,14.0,Willi Castro strikes out swinging.,R,R,L,SD,COL,S,2.0,,0,2,2026,1.0,-0.36,1.2805625617801466,0.944649503371704,,694249.0,687859.0,1,8,Top,,,,,,,-5.464060420437315,-133.7656070719271,-5.474135675852776,13.220042743730248,27.53031075629882,-35.61575258625414,3.203330053,1.616633858,,,,91.9,1088.0,6.2,823275,669134,664034,630105,592518,593428,650859,701538,665487,54.31,,0.0,0.0,1.0,0.0,0.0,,70,4,Changeup,6,6,6,6,6,6,6,6,Standard,Standard,101.0,0.052,-0.139,70.9,7.9,0.631182768,,0.139,,0,0,0.463,0.537,27,29,27,29,1,3,2.0,2.0,4.0,1.0,3.05,1.0,-1.0,39.5,-0.662438248797125,0.8095105172726412,32.32642736438174,50.108783521250395,24.399894822312405,Changeup,True
CH,2026-07-28,92.6,2.42,5.89,"Morejon, Adrian",650489,670970,,foul,,,,,5.0,,R,R,L,SD,COL,S,,,0,2,2026,0.86,-0.14,-0.229265872227679,2.166543668953014,,694249.0,687859.0,1,8,Top,,,,,,,-8.543497363913348,-134.52116328370596,-3.1106117762711936,12.32751251019221,30.33557454345412,-33.41011131559189,3.203330053,1.616633858,73.0,100.4,3.0,92.0,1106.0,6.1,823275,669134,664034,630105,592518,593428,650859,701538,665487,54.39,,,,,,,,70,3,Changeup,6,6,6,6,6,6,6,6,Standard,Standard,100.0,0.0,0.0,80.2,7.7,,,0.0,100.4,0,0,0.463,0.537,27,29,27,29,1,3,2.0,2.0,4.0,1.0,2.82,0.86,-0.86,38.9,12.069900466021862,-19.272970958102285,34.46269716933937,32.36187828778474,39.88382279616468,Changeup,False
CH,2026-07-28,91.5,2.4,5.87,"Morejon, Adrian",650489,670970,,swinging_strike,,,,,14.0,,R,R,L,SD,COL,S,,,0,1,2026,0.79,-0.22,0.0843265837706973,1.4153692752455105,,694249.0,687859.0,1,8,Top,,,,,,,-7.471539332021308,-132.96575395431216,-4.6020449664781555,10.935303451238102,28.69262095400724,-33.94134293588948,3.203330053,1.616633858,,,,91.3,1029.0,6.2,823275,669134,664034,630105,592518,593428,650859,701538,665487,54.25,,,,,,,,70,2,Changeup,6,6,6,6,6,6,6,6,Standard,Standard,101.0,0.022,-0.062,78.0,8.1,1.123627536,,0.062,,0,0,0.441,0.559,27,29,27,29,1,3,2.0,2.0,4.0,1.0,2.95,0.79,-0.79,40.4,14.457844457342024,-16.748370076023104,37.38204327881287,36.779312779779815,41.828472877975685,Changeup,False
CH,2026-07-28,92.1,2.38,5.83,"Morejon, Adrian",650489,670970,,swinging_strike,,,,,13.0,,R,R,L,SD,COL,S,,,0,0,2026,0.66,-0.33,-0.2943329754671218,1.3019534699793152,,694249.0,687859.0,1,8,Top,,,,,,,-8.116318871275025,-133.8517919338596,-4.647712980080352,9.68470278475976,30.28832174476569,-35.24201970253454,3.203330053,1.616633858,,,,91.7,962.0,6.2,823275,669134,664034,630105,592518,593428,650859,701538,665487,54.27,,,,,,,,70,1,Changeup,6,6,6,6,6,6,6,6,Standard,Strategic,101.0,0.013,-0.041,73.8,8.3,1.388908416,,0.041,,0,0,0.428,0.572,27,29,27,29,1,3,2.0,2.0,4.0,1.0,3.03,0.66,-0.66,40.0,15.219077767062409,-23.81401164303125,39.53782178839814,31.61648646957718,39.036017185778505,Changeup,False
FF,2026-07-28,100.3,2.19,5.83,"Morejon, Adrian",687859,670970,single,hit_into_play,,,,,6.0,Troy Johnston singles on a ground ball to third baseman Manny Machado. Cole Carrigg to 2nd.,R,L,L,SD,COL,X,5.0,ground_ball,1,2,2026,0.72,1.23,0.3031103279100648,2.478578613887511,,,694249.0,1,8,Top,107.22,157.26,,,,,-6.876492561602748,-145.80257661771256,-6.617823036659247,11.88508756092772,36.55895883596201,-13.221978669476368,3.159448819,1.594488189,129.0,66.7,14.0,100.2,2427.0,6.4,823275,669134,664034,630105,592518,593428,650859,701538,665487,54.06,0.349,0.329,0.9,1.0,1.0,0.0,2.0,69,5,4-Seam Fastball,6,6,6,6,6,6,6,6,Infield shade,Standard,132.0,-0.088,0.487,67.5,5.5,,0.389,-0.487,88.0,0,0,0.516,0.484,27,29,27,29,1,3,2.0,2.0,4.0,1.0,1.05,0.72,0.72,39.4,-6.736499950606353,22.21550883481926,38.84339659326571,31.22912921400423,25.3933218245697,Four-seam,True
FF,2026-07-28,99.9,2.32,5.87,"Morejon, Adrian",687859,670970,,foul,,,,,2.0,,R,L,L,SD,COL,S,,,1,2,2026,0.41,1.5,-0.2222755176171735,3.1436064860591535,,,694249.0,1,8,Top,,,,,,,-7.912450381511277,-145.20460659802796,-5.508101417435743,7.69178802684138,33.916820199024926,-9.885895818706366,3.159448819,1.594488189,160.0,85.4,10.0,100.0,2558.0,6.4,823275,669134,664034,630105,592518,593428,650859,701538,665487,54.12,,,,,,,,69,4,4-Seam Fastball,6,6,6,6,6,6,6,6,Infield shade,Standard,148.0,0.0,0.0,69.1,5.6,,,0.0,88.0,0,0,0.516,0.484,27,29,27,29,1,3,2.0,2.0,4.0,1.0,0.79,0.41,0.41,39.8,-1.7252750230863114,18.700577623338447,29.437552401530965,37.07989089632903,21.60543071734842,Four-seam,False
SL,2026-07-28,90.9,2.84,5.64,"Morejon, Adrian",687859,670970,,foul_tip,,,,,12.0,,R,L,L,SD,COL,S,,,1,1,2026,-0.32,0.25,0.9547832658959454,3.395962074766919,,,694249.0,1,8,Top,,,,,,,-3.975163982013128,-132.45892967745715,-0.1211165598749209,-2.9080021092559005,27.665104676491374,-29.4150299886409,3.159448819,1.594488189,,,,91.1,2854.0,6.3,823275,669134,664034,630105,592518,593428,650859,701538,665487,54.21,,,,,,,,69,3,Slider,6,6,6,6,6,6,6,6,Infield shade,Standard,254.0,0.015,-0.067,65.2,5.4,,,0.067,,0,0,0.501,0.499,27,29,27,29,1,3,2.0,2.0,4.0,1.0,2.5,-0.32,-0.32,34.1,4.694588969906449,10.48704460282084,28.48595254845968,23.62846420877602,28.070300318434576,Slider,False
SL,2026-07-28,91.5,2.59,5.62,"Morejon, Adrian",687859,670970,,foul,,,,,7.0,,R,L,L,SD,COL,S,,,1,0,2026,-0.42,0.33,-0.7248651824552834,1.875252051389864,,,694249.0,1,8,Top,,,,,,,-7.339438143799065,-133.1424532801445,-4.1210353098904475,-3.5487922794477824,26.804374372448375,-27.54118129269494,3.159448819,1.594488189,129.0,71.3,71.0,91.9,2840.0,6.4,823275,669134,664034,630105,592518,593428,650859,701538,665487,54.09,,,,,,,,69,2,Slider,6,6,6,6,6,6,6,6,Standard,Standard,265.0,0.01,-0.045,73.0,7.3,,,0.045,88.0,0,0,0.491,0.509,27,29,27,29,1,3,2.0,2.0,4.0,1.0,2.38,-0.42,-0.42,34.3,13.385690825855429,-6.187631956878162,30.361786096569883,42.17049264525131,40.504566106890195,Slider,False
SI,2026-07-28,100.2,2.34,5.74,"Morejon, Adrian",687859,670970,,ball,,,,,11.0,,R,L,L,SD,COL,B,,,0,0,2026,1.44,0.48,-0.9967411897212716,2.537438477943959,,,694249.0,1,8,Top,,,,,,,-12.56257186152365,-145.37461570261033,-4.413831272280166,23.348827119040592,33.36243784282659,-24.494770995151228,3.159448819,1.594488189,,,,100.3,2370.0,6.4,823275,669134,664034,630105,592518,593428,650859,701538,665487,54.06,,,,,,,,69,1,Sinker,6,6,6,6,6,6,6,6,Standard,Standard,139.0,-0.007,0.034,,,,,-0.034,,0,0,0.498,0.502,27,29,27,29,1,3,2.0,2.0,4.0,1.0,1.8,1.44,1.44,35.3,,,,,,Sinker,False
SI,2026-07-28,100.1,2.64,5.74,"Morejon, Adrian",694249,670970,single,hit_into_play,,,,,6.0,Cole Carrigg singles on a line drive to right fielder Fernando Tatis Jr.,R,R,L,SD,COL,X,9.0,line_drive,0,0,2026,1.43,0.75,0.5116410283403765,2.169408991701588,,,,1,8,Top,167.71,113.3,,,,,-9.22003483114868,-145.405647374526,-6.032968321772457,22.534257345576226,35.372620123434,-20.278118277651444,3.284949147,1.657824803,145.0,94.0,8.0,99.9,2428.0,6.3,823275,669134,664034,630105,592518,593428,650859,701538,665487,54.16,0.509,0.46,0.9,1.0,1.0,0.0,4.0,68,1,Sinker,6,6,6,6,6,6,6,6,Standard,Standard,141.0,-0.048,0.419,76.5,7.1,,0.56,-0.419,94.0,0,0,0.546,0.454,27,24,27,24,1,3,2.0,2.0,4.0,1.0,1.54,1.43,-1.43,38.6,1.56021162903303,21.45254707258085,33.931988555076295,43.79234140280534,24.02089013181031,Sinker,True
SL,2026-07-28,91.9,2.77,5.68,"Morejon, Adrian",681198,670970,field_out,hit_into_play,,,,,5.0,TJ Rumfield lines out to center fielder Jackson Merrill.,R,L,L,SD,COL,X,8.0,line_drive,2,2,2026,-0.38,0.07,-0.1761483365551692,2.6172471645946533,,,,0,8,Top,108.93,85.31,,,,,-6.54320359796758,-133.80924581903236,-1.8965843733240044,-3.192777051399484,27.723217978226486,-31.08446865762384,3.422736221,1.727362205,287.0,81.8,29.0,92.2,2828.0,6.3,823275,669134,664034,630105,592518,593428,650859,701538,665487,54.16,0.091,0.094,0.0,1.0,0.0,0.0,3.0,67,5,Slider,6,6,6,6,6,6,6,6,Infield shade,Standard,251.0,0.039,-0.232,67.4,5.9,,0.142,0.232,88.0,0,0,0.507,0.493,27,26,27,26,1,3,2.0,2.0,4.0,1.0,2.61,-0.38,-0.38,36.2,4.597832638002026,9.919830594771414,29.914076879585743,33.967865804266594,31.578524821717593,Slider,True
CH,2026-07-28,91.6,2.55,5.84,"Morejon, Adrian",681198,670970,,ball,,,,,13.0,,R,L,L,SD,COL,B,,,1,2,2026,0.93,-0.53,-0.4188050915501475,0.2699274592287497,,,,0,8,Top,,,,,,,-9.41605473199252,-132.9943194974054,-6.676042571736718,13.132522311977144,30.69866916481845,-37.02338415464152,3.422736221,1.727362205,,,,91.1,1031.0,6.3,823275,669134,664034,630105,592518,593428,650859,701538,665487,54.22,,,,,,,,67,4,Changeup,6,6,6,6,6,6,6,6,Infield shade,Standard,93.0,-0.007,0.046,,,,,-0.046,,0,0,0.514,0.486,27,26,27,26,1,3,2.0,2.0,4.0,1.0,3.27,0.93,0.93,38.9,,,,,,Changeup,False
SI,2026-07-28,99.1,2.55,5.79,"Morejon, Adrian",681198,670970,,foul,,,,,6.0,,R,L,L,SD,COL,S,,,1,1,2026,1.5,0.92,0.5347929265341183,2.6947857894653815,,,,0,8,Top,,,,,,,-8.993575253886148,-143.93602037455918,-4.9591889983339685,23.019404401217074,35.214429716631415,-18.38353950697328,3.422736221,1.727362205,,,,98.7,2445.0,6.3,823275,669134,664034,630105,592518,593428,650859,701538,665487,54.2,,,,,,,,67,3,Sinker,6,6,6,6,6,6,6,6,Infield shade,Standard,139.0,0.012,-0.06,61.6,4.7,,,0.06,,0,0,0.502,0.498,27,26,27,26,1,3,2.0,2.0,4.0,1.0,1.42,1.5,1.5,35.5,-15.165967041897368,41.61668376533278,39.65908879679124,24.66621978682524,14.78019825186232,Sinker,False
SI,2026-07-28,99.1,2.58,5.78,"Morejon, Adrian",681198,670970,,called_strike,,,,,5.0,,R,L,L,SD,COL,S,,,1,0,2026,1.43,0.83,0.0154507650231034,2.5631352585871294,,,,0,8,Top,,,,,,,-10.271051878889724,-143.8597279783658,-5.086097546180334,22.191895544181417,34.043104270905275,-19.549207313783217,3.422736221,1.727362205,,,,98.7,2398.0,6.2,823275,669134,664034,630105,592518,593428,650859,701538,665487,54.28,,,,,,,,67,2,Sinker,6,6,6,6,6,6,6,6,Infield shade,Standard,140.0,0.009,-0.055,,,,,0.055,,0,0,0.493,0.507,27,26,27,26,1,3,2.0,2.0,4.0,1.0,1.5,1.43,1.43,34.1,,,,,,Sinker,False
SI,2026-07-28,99.4,2.61,5.83,"Morejon, Adrian",681198,670970,,ball,,,,,14.0,,R,L,L,SD,COL,B,,,0,0,2026,1.25,0.94,1.0223443781173591,2.4511276019199126,,,,0,8,Top,,,,,,,-7.243843380923604,-144.55558199508698,-5.868523160507318,19.15170597702227,33.55098411932074,-17.768588649633,3.422736221,1.727362205,,,,99.2,2383.0,6.2,823275,669134,664034,630105,592518,593428,650859,701538,665487,54.31,,,,,,,,67,1,Sinker,6,6,6,6,6,6,6,6,Infield shade,Standard,140.0,-0.007,0.042,,,,,-0.042,,0,0,0.5,0.5,27,26,27,26,1,3,2.0,2.0,4.0,1.0,1.37,1.25,1.25,35.8,,,,,,Sinker,False
SI,2026-07-26,98.6,2.48,5.77,"Morejon, Adrian",677870,670970,field_out,hit_into_play,,,,,6.0,Leo Jiménez lines out to right fielder Fernando Tatis Jr.,R,R,L,MIA,SD,X,9.0,line_drive,2,1,2026,1.52,0.86,0.5709095023153667,2.405360762448029,,,689414.0,2,8,Bot,181.9,99.18,,,,,-8.666907027082836,-143.20981055354508,-5.433337955511933,23.00024350033212,36.1239013034344,-19.234814805520504,3.118200459,1.57367126,284.0,96.1,17.0,97.6,2395.0,6.0,823840,660710,664034,630105,650859,823550,687749,701538,665487,54.46,0.523,0.504,0.0,1.0,0.0,0.0,4.0,69,4,Sinker,3,5,3,5,5,3,3,5,Standard,Standard,137.0,-0.047,-0.317,69.8,6.8,,0.69,0.317,96.1,-2,-2,0.123,0.123,27,25,27,25,1,0,2.0,2.0,2.0,6.0,1.51,1.52,-1.52,37.5,-2.2306489674102803,14.21862857209623,29.767025737277375,44.133881452749534,21.9630504625623,Sinker,True
SI,2026-07-26,98.5,2.44,5.73,"Morejon, Adrian",677870,670970,,ball,,,,,12.0,,R,R,L,MIA,SD,B,,,1,1,2026,1.43,0.93,1.872946152730506,2.3538948931912835,,,689414.0,2,8,Bot,,,,,,,-4.871135684968252,-143.22841838214674,-5.622057146543592,20.832764406946357,36.57984159159025,-18.213416442127414,3.118200459,1.57367126,,,,97.6,2336.0,6.0,823840,660710,664034,630105,650859,823550,687749,701538,665487,54.45,,,,,,,,69,3,Sinker,3,5,3,5,5,3,3,5,Standard,Standard,137.0,0.006,0.054,,,,,-0.054,,-2,-2,0.117,0.117,27,25,27,25,1,0,2.0,2.0,2.0,6.0,1.44,1.43,-1.43,37.9,,,,,,Sinker,False
CH,2026-07-26,91.4,2.34,5.8,"Morejon, Adrian",677870,670970,,blocked_ball,,,,,13.0,,R,R,L,MIA,SD,B,,,0,1,2026,1.3,-0.46,-1.3144956952938558,0.3047257712365265,,,689414.0,2,8,Bot,,,,,,,-11.81814958431567,-132.28959052658675,-6.490248866210695,17.94126365397789,32.5569668513738,-36.012034740156444,3.118200459,1.57367126,,,,90.0,1289.0,6.1,823840,660710,664034,630105,650859,823550,687749,701538,665487,54.4,,,,,,,,69,2,Changeup,3,5,3,5,5,3,3,5,Standard,Standard,97.0,0.004,0.028,,,,,-0.028,,-2,-2,0.113,0.113,27,25,27,25,1,0,2.0,2.0,2.0,6.0,3.25,1.3,-1.3,39.0,,,,,,Changeup,False
CH,2026-07-26,90.2,2.52,5.85,"Morejon, Adrian",677870,670970,,called_strike,,,,,14.0,,R,R,L,MIA,SD,S,,,0,0,2026,0.96,-0.26,0.4659136174697007,1.349730895341053,,,689414.0,2,8,Bot,,,,,,,-7.073476272357945,-131.0411701444399,-4.288505630895856,12.678971562016825,31.069437261102657,-34.37216253831994,3.118200459,1.57367126,,,,89.1,1228.0,6.0,823840,660710,664034,630105,650859,823550,687749,701538,665487,54.52,,,,,,,,69,1,Changeup,3,5,3,5,5,3,3,5,Standard,Standard,100.0,-0.006,-0.041,,,,,0.041,,-2,-2,0.119,0.119,27,25,27,25,1,0,2.0,2.0,2.0,6.0,3.1,0.96,-0.96,42.7,,,,,,Changeup,False
SL,2026-07-26,88.6,2.84,5.68,"Morejon, Adrian",689414,670970,hit_by_pitch,hit_by_pitch,,,,,14.0,Liam Hicks hit by pitch.,R,L,L,MIA,SD,B,,,0,1,2026,-0.36,0.02,2.743191649315877,1.2715801541580114,,,,2,8,Bot,,,,,,,0.5466726966724502,-129.012029929925,-4.4448623553505735,-4.164963103967314,28.389575475142575,-31.186425676118382,3.085728346,1.557283465,,,,87.8,2742.0,5.9,823840,660710,664034,630105,650859,823550,687749,701538,665487,54.63,,0.729366,0.7,1.0,0.0,0.0,,68,2,Slider,3,5,3,5,5,3,3,5,Infield shade,Standard,287.0,0.029,0.378,,,,,-0.378,,-2,-2,0.09,0.09,27,27,27,27,1,3,2.0,1.0,2.0,1.0,2.89,-0.36,-0.36,35.8,,,,,,Slider,True
SI,2026-07-26,99.3,2.33,5.79,"Morejon, Adrian",689414,670970,,called_strike,,,,,7.0,,R,L,L,MIA,SD,S,,,0,0,2026,1.33,0.89,-0.6188247452288294,1.5712281130966088,,,,2,8,Bot,,,,,,,-11.050144065002314,-143.9701230202563,-7.91615340322571,21.165625917390525,34.43310449741625,-18.086950420258027,3.085728346,1.557283465,,,,98.4,2357.0,6.1,823840,660710,664034,630105,650859,823550,687749,701538,665487,54.43,,,,,,,,68,1,Sinker,3,5,3,5,5,3,3,5,Infield shade,Standard,143.0,-0.003,-0.045,,,,,0.045,,-2,-2,0.093,0.093,27,27,27,27,1,3,2.0,1.0,2.0,1.0,1.45,1.33,1.33,40.0,,,,,,Sinker,False
SI,2026-07-26,99.3,2.36,5.82,"Morejon, Adrian",669364,670970,field_out,hit_into_play,,,,,3.0,"Xavier Edwards grounds out, second baseman Jake Cronenworth to first baseman Ty France.",R,R,L,MIA,SD,X,4.0,ground_ball,0,0,2026,1.51,0.88,0.3305981015155728,2.6609837830911145,,,,1,8,Bot,145.8,151.42,,,,,-9.008767952165678,-144.06636067314216,-4.978710885952015,23.221320798673965,38.89015413165911,-18.97743389622375,3.055011483,1.541781496,99.0,86.0,4.0,97.8,2342.0,6.0,823840,660710,664034,630105,650859,823550,687749,701538,665487,54.52,0.357,0.345,0.0,1.0,0.0,0.0,4.0,67,1,Sinker,3,5,3,5,5,3,3,5,Standard,Standard,141.0,-0.03,-0.261,65.3,5.7,,0.422,0.261,88.0,-2,-2,0.123,0.123,27,26,27,27,1,3,2.0,1.0,2.0,1.0,1.48,1.51,-1.51,38.8,1.7293027139349075,12.077156792545257,25.146832624143777,33.93087362222846,29.36135204932408,Sinker,True
SI,2026-07-26,97.7,2.37,5.82,"Morejon, Adrian",681715,670970,field_out,hit_into_play,,,,,6.0,Heriberto Hernández pops out to first baseman Ty France in foul territory.,R,R,L,MIA,SD,X,3.0,popup,1,0,2026,1.44,0.87,0.4888769456076076,2.329457896594874,,,,0,8,Bot,176.28,169.24,,,,,-8.302362861978196,-141.90891692848203,-5.653639942695243,21.32096733827206,34.22022663525578,-19.226712354159872,3.178756562,1.604232283,172.0,85.5,65.0,96.8,2359.0,6.0,823840,660710,664034,630105,650859,823550,687749,701538,665487,54.53,0.006,0.006,0.0,1.0,0.0,0.0,3.0,66,2,Sinker,3,5,3,5,5,3,3,5,Standard,Standard,134.0,-0.052,-0.302,75.6,7.8,,0.008,0.302,88.0,-2,-2,0.175,0.175,27,26,27,27,1,3,2.0,1.0,2.0,1.0,1.53,1.44,-1.44,36.4,12.78380095815522,3.9463104805980223,30.22669020041471,43.018459637417415,31.74500369620999,Sinker,True
SI,2026-07-26,98.7,2.37,5.86,"Morejon, Adrian",681715,670970,,ball,,,,,12.0,,R,R,L,MIA,SD,B,,,0,0,2026,1.4,0.88,0.5655653191690069,3.792444556104951,,,,0,8,Bot,,,,,,,-8.10478481467862,-143.4978949916861,-2.0603791157533218,21.242208927167887,35.32414992209611,-19.739204654101055,3.178756562,1.604232283,,,,97.9,2363.0,6.0,823840,660710,664034,630105,650859,823550,687749,701538,665487,54.49,,,,,,,,66,1,Sinker,3,5,3,5,5,3,3,5,Standard,Standard,143.0,0.008,0.042,,,,,-0.042,,-2,-2,0.167,0.167,27,26,27,27,1,3,2.0,1.0,2.0,1.0,1.47,1.4,-1.4,40.9,,,,,,Sinker,False
SI,2026-07-24,99.6,2.31,5.77,"Morejon, Adrian",691594,670970,field_out,hit_into_play,,,,,3.0,Javier Sanoja flies out to center fielder Jackson Merrill.,R,R,L,MIA,SD,X,8.0,fly_ball,1,2,2026,1.62,0.77,0.2890084100275412,2.5610166551267,,,677870.0,2,8,Bot,123.43,92.34,,,,,-9.320262743327229,-144.53633330335893,-4.908246256999232,25.01177235754036,39.14918191929543,-20.37084987702069,2.995333005,1.511663386,275.0,86.9,44.0,98.5,2423.0,6.2,823843,666023,657757,630105,823550,593428,687749,701538,665487,54.32,0.001,0.0,0.0,1.0,0.0,0.0,3.0,73,5,Sinker,2,4,2,4,4,2,2,4,Standard,Standard,142.0,-0.03,-0.194,71.8,6.9,,0.001,0.194,88.0,-2,-2,0.106,0.106,27,23,27,24,1,3,2.0,2.0,2.0,1.0,1.57,1.62,-1.62,37.8,6.758318193644041,0.3016145478789702,17.50906729410479,37.958933655793146,32.50733524172682,Sinker,True
CH,2026-07-24,92.5,2.47,5.85,"Morejon, Adrian",691594,670970,,foul,,,,,14.0,,R,R,L,MIA,SD,S,,,1,2,2026,0.75,-0.44,0.6510623268443481,1.1343916996720838,,,677870.0,2,8,Bot,,,,,,,-6.223910333869487,-134.45858250387877,-4.860744887502172,10.56636731689867,33.71697001725402,-36.40686341398143,2.995333005,1.511663386,57.0,33.7,38.0,91.6,965.0,6.2,823843,666023,657757,630105,823550,593428,687749,701538,665487,54.33,,,,,,,,73,4,Changeup,2,4,2,4,4,2,2,4,Standard,Standard,100.0,0.0,0.0,64.8,7.2,,,0.0,88.0,-2,-2,0.106,0.106,27,23,27,24,1,3,2.0,2.0,2.0,1.0,3.14,0.75,-0.75,40.3,-6.226823091014704,16.589511830149984,24.607574072317412,43.148050143496555,22.13343456175231,Changeup,False
SI,2026-07-24,99.8,2.32,5.71,"Morejon, Adrian",691594,670970,,foul,,,,,2.0,,R,R,L,MIA,SD,S,,,1,1,2026,1.49,1.02,-0.1373705111467162,2.5533435170290257,,,677870.0,2,8,Bot,,,,,,,-10.19142549493049,-144.83904622907056,-5.448013933573233,23.43524624628356,36.231873945543256,-16.679218553629052,2.995333005,1.511663386,182.0,68.4,43.0,98.9,2410.0,6.1,823843,666023,657757,630105,823550,593428,687749,701538,665487,54.39,,,,,,,,73,3,Sinker,2,4,2,4,4,2,2,4,Standard,Standard,140.0,-0.011,-0.069,70.3,6.5,,,0.069,88.0,-2,-2,0.117,0.117,27,23,27,24,1,3,2.0,2.0,2.0,1.0,1.29,1.49,-1.49,35.2,-6.589209358387269,10.027206013770556,25.540693702670353,32.92814195415185,22.79570191305926,Sinker,False
SI,2026-07-24,101.3,2.33,5.75,"Morejon, Adrian",691594,670970,,ball,,,,,11.0,,R,R,L,MIA,SD,B,,,0,1,2026,1.43,1.15,-0.7667140927853999,3.3380907824396777,,,677870.0,2,8,Bot,,,,,,,-11.910200659026897,-146.8902134934394,-3.941801682274268,23.644656642432047,37.8341577752193,-14.76756018418669,2.995333005,1.511663386,,,,100.2,2515.0,6.1,823843,666023,657757,630105,823550,593428,687749,701538,665487,54.41,,,,,,,,73,2,Sinker,2,4,2,4,4,2,2,4,Standard,Standard,144.0,0.004,0.028,,,,,-0.028,,-2,-2,0.113,0.113,27,23,27,24,1,3,2.0,2.0,2.0,1.0,1.1,1.43,-1.43,37.2,,,,,,Sinker,False
CH,2026-07-24,92.3,2.44,5.86,"Morejon, Adrian",691594,670970,,foul,,,,,14.0,,R,R,L,MIA,SD,S,,,0,0,2026,0.88,-0.07,0.1150018684826473,1.1792746379331276,,,677870.0,2,8,Bot,,,,,,,-7.754415822156043,-134.1205584941064,-5.590392341763751,12.324857116325742,31.59831263104282,-31.874723766116233,2.995333005,1.511663386,,,,91.6,1158.0,6.1,823843,666023,657757,630105,823550,593428,687749,701538,665487,54.36,,,,,,,,73,1,Changeup,2,4,2,4,4,2,2,4,Standard,Standard,101.0,-0.006,-0.041,75.5,7.7,,,0.041,,-2,-2,0.119,0.119,27,23,27,24,1,3,2.0,2.0,2.0,1.0,2.77,0.88,-0.88,42.6,5.2929198633964685,-4.749626161367811,26.779914314114016,37.633447887246305,27.73622211995503,Changeup,False
SI,2026-07-24,99.6,2.27,5.73,"Morejon, Adrian",665923,670970,strikeout,called_strike,,,,,2.0,"Esteury Ruiz challenged (pitch result), call on the field was confirmed: Esteury Ruiz called out on strikes.",R,R,L,MIA,SD,S,2.0,,3,2,2026,1.59,0.71,-0.0926020712632149,3.0999737668547183,,,677870.0,1,8,Bot,,,,,,,-10.144758672730315,-144.6366813661513,-3.2563510235538824,24.71008460048439,37.566697608690795,-21.58608280872212,3.165592192,1.597588583,,,,98.8,2411.0,6.2,823843,666023,657757,630105,823550,593428,687749,701538,665487,54.3,,0.0,0.0,1.0,0.0,0.0,,72,6,Sinker,2,4,2,4,4,2,2,4,Standard,Standard,149.0,-0.072,-0.302,,,,,0.302,,-2,-2,0.191,0.191,27,27,27,27,1,0,2.0,2.0,2.0,1.0,1.61,1.59,-1.59,37.2,,,,,,Sinker,True
FF,2026-07-24,99.9,2.23,5.83,"Morejon, Adrian",665923,670970,,ball,,,,,11.0,,R,R,L,MIA,SD,B,,,2,2,2026,0.65,1.41,-0.5384384708271054,3.706103155034531,,,677870.0,1,8,Bot,,,,,,,-9.032222840622472,-145.11891090490846,-3.600202335560993,11.3994415792171,37.07811149843099,-11.671898773310003,3.165592192,1.597588583,,,,99.1,2478.0,6.2,823843,666023,657757,630105,823550,593428,687749,701538,665487,54.33,,,,,,,,72,5,4-Seam Fastball,2,4,2,4,4,2,2,4,Standard,Standard,146.0,0.022,0.072,,,,,-0.072,,-2,-2,0.169,0.169,27,27,27,27,1,0,2.0,2.0,2.0,1.0,0.9,0.65,-0.65,39.6,,,,,,Four-seam,False
CH,2026-07-24,92.6,2.53,5.82,"Morejon, Adrian",665923,670970,,blocked_ball,,,,,13.0,,R,R,L,MIA,SD,B,,,1,2,2026,1.04,-0.47,-0.3213911724579277,0.158727920030619,,,677870.0,1,8,Bot,,,,,,,-9.432133054328355,-134.36585469394774,-7.17570687756146,14.814651541611775,32.10932227762194,-36.271516906025184,3.165592192,1.597588583,,,,91.5,1108.0,6.0,823843,666023,657757,630105,823550,593428,687749,701538,665487,54.47,,,,,,,,72,4,Changeup,2,4,2,4,4,2,2,4,Standard,Standard,101.0,0.009,0.052,,,,,-0.052,,-2,-2,0.16,0.16,27,27,27,27,1,0,2.0,2.0,2.0,1.0,3.17,1.04,-1.04,39.1,,,,,,Changeup,False
SI,2026-07-24,99.4,2.51,5.75,"Morejon, Adrian",665923,670970,,called_strike,,,,,4.0,,R,R,L,MIA,SD,S,,,1,1,2026,1.52,0.64,-0.355875164271316,2.366278942975996,,,677870.0,1,8,Bot,,,,,,,-11.319401198153296,-144.12364637869874,-5.06986822936829,23.97451854919232,37.05029125487905,-22.156409717962095,3.165592192,1.597588583,,,,98.4,2395.0,6.1,823843,666023,657757,630105,823550,593428,687749,701538,665487,54.35,,,,,,,,72,3,Sinker,2,4,2,4,4,2,2,4,Standard,Standard,139.0,-0.015,-0.067,,,,,0.067,,-2,-2,0.175,0.175,27,27,27,27,1,0,2.0,2.0,2.0,1.0,1.7,1.52,-1.52,35.1,,,,,,Sinker,False
SI,2026-07-24,99.2,2.29,5.84,"Morejon, Adrian",665923,670970,,called_strike,,,,,7.0,,R,R,L,MIA,SD,S,,,1,0,2026,1.59,0.6,-0.4001155882846117,1.962198443307926,,,677870.0,1,8,Bot,,,,,,,-10.98154545186151,-143.83736855902507,-6.260249398008397,24.679591959877538,37.57888307671073,-22.467846660708343,3.165592192,1.597588583,,,,98.1,2406.0,6.2,823843,666023,657757,630105,823550,593428,687749,701538,665487,54.34,,,,,,,,72,2,Sinker,2,4,2,4,4,2,2,4,Standard,Standard,141.0,-0.011,-0.045,,,,,0.045,,-2,-2,0.186,0.186,27,27,27,27,1,0,2.0,2.0,2.0,1.0,1.76,1.59,-1.59,38.1,,,,,,Sinker,False
CH,2026-07-24,92.3,2.5,5.81,"Morejon, Adrian",665923,670970,,ball,,,,,13.0,,R,R,L,MIA,SD,B,,,0,0,2026,1.02,-0.45,-0.0745525222027538,1.1633030191400473,,,677870.0,1,8,Bot,,,,,,,-8.694096371566145,-134.03917439520754,-4.645999663167297,14.310531917537071,31.91882329788744,-36.658375244823254,3.165592192,1.597588583,,,,91.5,1128.0,6.1,823843,666023,657757,630105,823550,593428,687749,701538,665487,54.37,,,,,,,,72,1,Changeup,2,4,2,4,4,2,2,4,Standard,Standard,103.0,0.008,0.034,,,,,-0.034,,-2,-2,0.178,0.178,27,27,27,27,1,0,2.0,2.0,2.0,1.0,3.16,1.02,-1.02,42.3,,,,,,Changeup,False
SI,2026-07-24,98.6,2.6,5.79,"Morejon, Adrian",677870,670970,walk,ball,,,,,12.0,Leo Jiménez walks.,R,R,L,MIA,SD,B,,,3,0,2026,1.53,0.59,1.0860453567485164,3.6445605264929055,,,,1,8,Bot,,,,,,,-7.629228771268165,-143.22978515567553,-1.5112495287053478,22.801732061046778,37.58189742376394,-23.98850246325584,3.118200459,1.57367126,,,,97.5,2460.0,6.1,823843,666023,657757,630105,823550,593428,687749,701538,665487,54.45,,0.698418,0.7,1.0,0.0,0.0,,71,4,Sinker,2,4,2,4,4,2,2,4,Standard,Standard,149.0,0.022,0.169,,,,,-0.169,,-2,-2,0.156,0.156,27,25,27,25,1,0,2.0,3.0,2.0,2.0,1.79,1.53,-1.53,36.5,,,,,,Sinker,True
SI,2026-07-24,99.0,2.67,5.81,"Morejon, Adrian",677870,670970,,ball,,,,,12.0,,R,R,L,MIA,SD,B,,,2,0,2026,1.52,0.73,1.0878623166385086,3.170109188533344,,,,1,8,Bot,,,,,,,-7.79933909786707,-143.8247766545512,-3.2078749610516692,22.942722232050688,37.1528856013377,-21.562289096620713,3.118200459,1.57367126,,,,97.7,2427.0,5.9,823843,666023,657757,630105,823550,593428,687749,701538,665487,54.57,,,,,,,,71,3,Sinker,2,4,2,4,4,2,2,4,Standard,Standard,143.0,0.017,0.138,,,,,-0.138,,-2,-2,0.139,0.139,27,25,27,25,1,0,2.0,3.0,2.0,2.0,1.63,1.52,-1.52,34.6,,,,,,Sinker,False
SI,2026-07-24,99.0,2.37,5.8,"Morejon, Adrian",677870,670970,,ball,,,,,12.0,,R,R,L,MIA,SD,B,,,1,0,2026,1.56,0.52,0.6316473759339176,3.4795544252160555,,,,1,8,Bot,,,,,,,-8.315219513956437,-143.8024167890403,-1.8697915463352732,23.638536138037537,37.237798908176536,-24.803203752143897,3.118200459,1.57367126,,,,97.8,2402.0,6.0,823843,666023,657757,630105,823550,593428,687749,701538,665487,54.52,,,,,,,,71,2,Sinker,2,4,2,4,4,2,2,4,Standard,Standard,145.0,0.01,0.075,,,,,-0.075,,-2,-2,0.129,0.129,27,25,27,25,1,0,2.0,3.0,2.0,2.0,1.84,1.56,-1.56,38.9,,,,,,Sinker,False
SI,2026-07-24,100.0,2.56,5.8,"Morejon, Adrian",677870,670970,,ball,,,,,12.0,,R,R,L,MIA,SD,B,,,0,0,2026,1.47,0.74,1.4095584068300375,3.026055217932187,,,,1,8,Bot,,,,,,,-6.62286372142988,-145.3774220562062,-3.779614081488903,22.347760916399896,37.38233840552888,-21.006225244560937,3.118200459,1.57367126,,,,99.1,2394.0,6.0,823843,666023,657757,630105,823550,593428,687749,701538,665487,54.45,,,,,,,,71,1,Sinker,2,4,2,4,4,2,2,4,Standard,Standard,141.0,0.006,0.041,,,,,-0.041,,-2,-2,0.123,0.123,27,25,27,25,1,0,2.0,3.0,2.0,2.0,1.56,1.47,-1.47,37.3,,,,,,Sinker,False
SI,2026-07-24,99.3,2.5,5.75,"Morejon, Adrian",689414,670970,field_out,hit_into_play,,,,,5.0,Liam Hicks grounds out to pitcher Adrian Morejon.,R,L,L,MIA,SD,X,1.0,ground_ball,1,2,2026,1.49,0.84,-0.1308365705577632,2.1576581507677957,,,,0,8,Bot,135.53,187.95,,,,,-10.561773178186517,-144.08352265787687,-6.121881026826645,23.290761085592845,34.744904280762015,-19.13209218567654,3.085728346,1.557283465,1.0,71.2,-67.0,98.3,2369.0,6.0,823843,666023,657757,630105,823550,593428,687749,701538,665487,54.52,0.221,0.199,0.0,1.0,0.0,0.0,2.0,70,4,Sinker,2,4,2,4,4,2,2,4,Infield shade,Standard,137.0,-0.031,-0.187,61.2,6.3,,0.221,0.187,88.0,-2,-2,0.154,0.154,27,27,27,27,1,3,2.0,2.0,2.0,1.0,1.49,1.49,1.49,34.9,-3.1699831749656764,19.50309724516794,30.569088685495604,36.91892086552081,22.281850210096295,Sinker,True
SI,2026-07-24,99.1,2.31,5.77,"Morejon, Adrian",689414,670970,,ball,,,,,13.0,,R,L,L,MIA,SD,B,,,0,2,2026,1.48,0.91,-1.1929871852455085,2.198029967116754,,,,0,8,Bot,,,,,,,-12.853281621128104,-143.58399563703398,-6.189300767005371,23.535671711516972,34.10402252925775,-18.249031297619897,3.085728346,1.557283465,,,,98.2,2351.0,6.1,823843,666023,657757,630105,823550,593428,687749,701538,665487,54.45,,,,,,,,70,3,Sinker,2,4,2,4,4,2,2,4,Infield shade,Standard,139.0,0.005,0.022,,,,,-0.022,,-2,-2,0.149,0.149,27,27,27,27,1,3,2.0,2.0,2.0,1.0,1.44,1.48,1.48,36.5,,,,,,Sinker,False
SL,2026-07-24,90.4,2.87,5.7,"Morejon, Adrian",689414,670970,,foul,,,,,9.0,,R,L,L,MIA,SD,S,,,0,1,2026,-0.66,-0.11,0.6650327736496026,1.787417261608943,,,,0,8,Bot,,,,,,,-3.9657387728149063,-131.56360850260745,-3.3113963054439486,-6.766816120769158,28.477167448164874,-32.895884311208306,3.085728346,1.557283465,,,,89.7,2886.0,5.9,823843,666023,657757,630105,823550,593428,687749,701538,665487,54.62,,,,,,,,70,2,Slider,2,4,2,4,4,2,2,4,Infield shade,Standard,268.0,-0.011,-0.054,65.7,6.3,,,0.054,,-2,-2,0.16,0.16,27,27,27,27,1,3,2.0,2.0,2.0,1.0,2.9,-0.66,-0.66,36.2,-4.067998377240581,0.1313383976824045,37.540414952200855,28.18268280579543,22.844648174060083,Slider,False
SI,2026-07-24,99.2,2.54,5.86,"Morejon, Adrian",689414,670970,,called_strike,,,,,4.0,,R,L,L,MIA,SD,S,,,0,0,2026,1.51,0.72,-0.4393394216869162,2.520767353027309,,,,0,8,Bot,,,,,,,-11.54055363131756,-143.90055281176006,-5.1364084345622985,23.66336379440503,35.10733884492986,-21.16041331430735,3.085728346,1.557283465,,,,98.4,2420.0,6.1,823843,666023,657757,630105,823550,593428,687749,701538,665487,54.39,,,,,,,,70,1,Sinker,2,4,2,4,4,2,2,4,Infield shade,Standard,139.0,-0.007,-0.041,,,,,0.041,,-2,-2,0.167,0.167,27,27,27,27,1,3,2.0,2.0,2.0,1.0,1.62,1.51,1.51,37.3,,,,,,Sinker,False
FF,2026-07-24,100.8,2.21,5.92,"Morejon, Adrian",669364,670970,strikeout,swinging_strike,,,,,12.0,Xavier Edwards strikes out swinging.,R,R,L,MIA,SD,S,2.0,,2,2,2026,0.65,1.39,0.0170766611390412,3.581964629648624,669065.0,681715.0,,2,7,Bot,,,,,,,-7.554438251525642,-146.60683512070744,-4.324328227210758,11.218075462263805,36.43537824739394,-11.275496433313537,3.055011483,1.541781496,,,,100.3,2355.0,6.2,823843,669134,664034,630105,823550,593428,657757,701538,665487,54.34,,0.0,0.0,1.0,0.0,0.0,,62,5,4-Seam Fastball,2,2,2,2,2,2,2,2,Standard,Strategic,146.0,-0.082,-0.192,66.3,5.6,0.600213672,,0.192,,0,0,0.582,0.582,27,26,27,27,1,3,2.0,2.0,2.0,1.0,0.86,0.65,-0.65,42.4,2.009422473769947,11.729210067164516,16.1997568252712,31.3193171204134,27.257691535468688,Four-seam,True
CH,2026-07-24,93.3,2.51,5.84,"Morejon, Adrian",669364,670970,,ball,,,,,14.0,,R,R,L,MIA,SD,B,,,1,2,2026,1.21,-0.15,0.9862371432388912,0.6347164110575063,669065.0,681715.0,,2,7,Bot,,,,,,,-6.547143131126134,-135.64674356944937,-6.997816250537852,16.357081548383945,29.856428049578582,-32.64543215750398,3.055011483,1.541781496,,,,92.9,1215.0,6.1,823843,669134,664034,630105,823550,593428,657757,701538,665487,54.36,,,,,,,,62,4,Changeup,2,2,2,2,2,2,2,2,Standard,Strategic,104.0,0.014,0.009,,,,,-0.009,,0,0,0.568,0.568,27,26,27,27,1,3,2.0,2.0,2.0,1.0,2.77,1.21,-1.21,41.8,,,,,,Changeup,False
CH,2026-07-24,92.0,2.56,5.91,"Morejon, Adrian",669364,670970,,foul,,,,,14.0,,R,R,L,MIA,SD,S,,,1,1,2026,1.19,0.02,0.9221384264718318,2.264753824129214,669065.0,681715.0,,2,7,Bot,,,,,,,-6.660374415480305,-133.85358489353413,-3.182600453569069,15.750131885716833,30.639567483058556,-31.40755840066111,3.055011483,1.541781496,184.0,66.6,54.0,91.2,1086.0,5.9,823843,669134,664034,630105,823550,593428,657757,701538,665487,54.58,,,,,,,,62,3,Changeup,2,2,2,2,2,2,2,2,Standard,Strategic,98.0,-0.024,-0.07,60.3,7.0,,,0.07,88.0,0,0,0.592,0.592,27,26,27,27,1,3,2.0,2.0,2.0,1.0,2.69,1.19,-1.19,43.3,-4.720245427199646,-0.2350755570269,23.527715029872017,42.210187332925045,30.23072410679404,Changeup,False
CH,2026-07-24,92.1,2.64,5.83,"Morejon, Adrian",669364,670970,,blocked_ball,,,,,14.0,,R,R,L,MIA,SD,B,,,0,1,2026,1.12,-0.49,0.4790641109287701,-0.0888719697603304,669065.0,681715.0,,2,7,Bot,,,,,,,-7.830809388990032,-133.737016307792,-7.688809571617456,15.209726365010637,31.97773604205398,-36.371653733757455,3.055011483,1.541781496,,,,91.1,1127.0,6.1,823843,669134,664034,630105,823550,593428,657757,701538,665487,54.42,,,,,,,,62,2,Changeup,2,2,2,2,2,2,2,2,Standard,Strategic,104.0,0.01,0.023,,,,,-0.023,,0,0,0.582,0.582,27,26,27,27,1,3,2.0,2.0,2.0,1.0,3.21,1.12,-1.12,43.8,,,,,,Changeup,False
SI,2026-07-24,100.1,2.44,5.86,"Morejon, Adrian",669364,670970,,foul,,,,,6.0,,R,R,L,MIA,SD,S,,,0,0,2026,1.46,0.87,0.6106634639011088,2.2813830644937054,669065.0,681715.0,,2,7,Bot,,,,,,,-8.445106212982598,-145.42285305582772,-6.32159538305106,22.77415465820905,34.852861369532214,-18.55562218555544,3.055011483,1.541781496,260.0,81.3,33.0,99.6,2280.0,6.1,823843,669134,664034,630105,823550,593428,657757,701538,665487,54.35,,,,,,,,62,1,Sinker,2,2,2,2,2,2,2,2,Infield shade,Standard,140.0,-0.015,-0.03,69.4,6.0,,,0.03,88.0,0,0,0.597,0.597,27,26,27,27,1,3,2.0,2.0,2.0,1.0,1.42,1.46,-1.46,37.2,-12.024706872894663,14.091234426698437,30.147222623355297,38.187169769201475,21.985759583072525,Sinker,False
CH,2026-07-22,92.9,2.48,5.83,"Morejon, Adrian",663586,670970,strikeout,called_strike,,,,,7.0,"Austin Riley challenged (pitch result), call on the field was confirmed: Austin Riley called out on strikes.",R,R,L,ATL,SD,S,2.0,,3,2,2026,0.97,-0.5,-0.6351393451885907,2.101160258452048,686948.0,,671739.0,2,7,Bot,,,,,,,-10.041263308007174,-134.8899126937921,-2.3842215114769147,14.06112949517422,30.252816854110197,-37.96131453421025,3.273540026,1.652066929,,,,93.0,1066.0,6.5,824896,669134,664034,630105,592518,593428,657757,701538,665487,53.98,,0.0,0.0,1.0,0.0,0.0,,61,6,Changeup,1,1,1,1,1,1,1,1,Standard,Standard,101.0,-0.093,-0.281,,,,,0.281,,0,0,0.593,0.593,27,29,27,29,1,3,1.0,1.0,2.0,1.0,3.16,0.97,-0.97,42.7,,,,,,Changeup,True
CH,2026-07-22,92.9,2.62,5.81,"Morejon, Adrian",663586,670970,,swinging_strike,,,,,13.0,,R,R,L,ATL,SD,S,,,3,1,2026,1.24,-0.34,-0.1545025737386365,0.5670356122433367,686948.0,,671739.0,2,7,Bot,,,,,,,-9.773366446539208,-134.91103685595473,-6.607097676674645,17.22900434926817,29.09837017619676,-35.033440584001895,3.273540026,1.652066929,,,,92.9,1106.0,6.4,824896,669134,664034,630105,592518,593428,657757,701538,665487,54.12,,,,,,,,61,5,Changeup,1,1,1,1,1,1,1,1,Standard,Standard,104.0,-0.008,-0.093,79.3,8.3,3.448851468,,0.093,,0,0,0.601,0.601,27,29,27,29,1,3,1.0,1.0,2.0,1.0,2.99,1.24,-1.24,40.0,17.78989526085212,-13.731697889998042,42.059432454491365,36.96011906617464,45.1276018420597,Changeup,False
SI,2026-07-22,99.9,2.4,5.82,"Morejon, Adrian",663586,670970,,called_strike,,,,,5.0,,R,R,L,ATL,SD,S,,,3,0,2026,1.41,0.82,0.2697580545232849,2.708449042109456,686948.0,,671739.0,2,7,Bot,,,,,,,-9.189849438263922,-145.1828866170472,-4.943046165176089,22.140574397675216,34.27439722460905,-19.61223932570039,3.273540026,1.652066929,,,,99.9,2530.0,6.4,824896,669134,664034,630105,592518,593428,657757,701538,665487,54.12,,,,,,,,61,4,Sinker,1,1,1,1,1,1,1,1,Standard,Standard,141.0,-0.006,-0.042,,,,,0.042,,0,0,0.607,0.607,27,29,27,29,1,3,1.0,1.0,2.0,1.0,1.47,1.41,-1.41,38.8,,,,,,Sinker,False
SL,2026-07-22,90.9,2.91,5.73,"Morejon, Adrian",663586,670970,,ball,,,,,14.0,,R,R,L,ATL,SD,B,,,2,0,2026,-0.61,-0.17,0.0951590530532144,1.1339326883929697,686948.0,,671739.0,2,7,Bot,,,,,,,-5.62534689751055,-132.30997121307547,-5.019864041290493,-6.029783020169033,26.55346614617345,-33.38834209332301,3.273540026,1.652066929,,,,91.0,2838.0,6.2,824896,669134,664034,630105,592518,593428,657757,701538,665487,54.27,,,,,,,,61,3,Slider,1,1,1,1,1,1,1,1,Standard,Standard,284.0,0.009,0.073,,,,,-0.073,,0,0,0.598,0.598,27,29,27,29,1,3,1.0,1.0,2.0,1.0,2.92,-0.61,0.61,33.9,,,,,,Slider,False
CH,2026-07-22,91.7,2.64,5.85,"Morejon, Adrian",663586,670970,,blocked_ball,,,,,14.0,,R,R,L,ATL,SD,B,,,1,0,2026,1.08,-0.21,0.2365776640357806,0.6428094774331417,686948.0,,671739.0,2,7,Bot,,,,,,,-8.363553418029005,-133.13134338670153,-6.445734033930091,14.787936454341358,31.946838396108983,-33.33432685528944,3.273540026,1.652066929,,,,91.1,1201.0,6.3,824896,669134,664034,630105,592518,593428,657757,701538,665487,54.18,,,,,,,,61,2,Changeup,1,1,1,1,1,1,1,1,Standard,Standard,100.0,0.007,0.041,,,,,-0.041,,0,0,0.591,0.591,27,29,27,29,1,3,1.0,1.0,2.0,1.0,2.96,1.08,-1.08,43.7,,,,,,Changeup,False
CH,2026-07-22,92.9,2.67,5.87,"Morejon, Adrian",663586,670970,,ball,,,,,14.0,,R,R,L,ATL,SD,B,,,0,0,2026,0.87,-0.3,0.4098089271840099,0.6497219727008785,686948.0,,671739.0,2,7,Bot,,,,,,,-7.601751099557702,-134.92060690357624,-6.545433556982012,12.313193264419196,32.08559680710155,-34.39923024143498,3.273540026,1.652066929,,,,92.2,1044.0,6.2,824896,669134,664034,630105,592518,593428,657757,701538,665487,54.3,,,,,,,,61,1,Changeup,1,1,1,1,1,1,1,1,Standard,Standard,98.0,0.003,0.016,,,,,-0.016,,0,0,0.588,0.588,27,29,27,29,1,3,1.0,1.0,2.0,1.0,2.97,0.87,-0.87,38.3,,,,,,Changeup,False
SI,2026-07-22,99.5,2.52,5.81,"Morejon, Adrian",671739,670970,force_out,hit_into_play,,,,,6.0,"Michael Harris II grounds into a force out, second baseman Jake Cronenworth to shortstop Xander Bogaerts. Drake Baldwin to 3rd. Matt Olson out at 2nd. Michael Harris II to 1st.",R,L,L,ATL,SD,X,4.0,ground_ball,1,1,2026,1.44,0.99,0.8227418219444469,2.3193545352484684,,686948.0,621566.0,1,7,Bot,136.14,146.8,,,,,-8.024345010255562,-144.51132588545678,-6.249145238963498,22.021027362342025,36.42709307241337,-17.03560958668699,3.181389436,1.605561024,4.0,90.6,-32.0,99.1,2386.0,6.4,824896,669134,664034,630105,592518,593428,657757,701538,665487,54.13,0.061,0.055,0.0,1.0,0.0,0.0,2.0,60,3,Sinker,1,1,1,1,1,1,1,1,Standard,Standard,147.0,-0.056,-0.297,72.5,7.1,,0.076,0.297,90.6,0,0,0.644,0.644,27,25,27,25,1,3,1.0,1.0,2.0,1.0,1.34,1.44,1.44,37.5,-6.651588613306266,9.636932448282064,30.088504105367857,26.573529842201697,22.686607918189985,Sinker,True
SL,2026-07-22,87.7,2.8,5.74,"Morejon, Adrian",671739,670970,,called_strike,,,,,5.0,,R,L,L,ATL,SD,S,,,1,0,2026,-0.6,-0.16,-0.1151187194579526,2.64407810547224,,686948.0,621566.0,1,7,Bot,,,,,,,-5.701968542590782,-127.56874053168823,-0.7668926580568154,-5.206397001334157,28.300700295356098,-33.93568067903772,3.181389436,1.605561024,,,,87.3,2782.0,6.2,824896,669134,664034,630105,592518,593428,657757,701538,665487,54.26,,,,,,,,60,2,Slider,1,1,1,1,1,1,1,1,Standard,Standard,279.0,-0.013,-0.054,,,,,0.054,,0,0,0.657,0.657,27,25,27,25,1,3,1.0,1.0,2.0,1.0,3.14,-0.6,-0.6,36.6,,,,,,Slider,False
SI,2026-07-22,100.3,2.58,5.87,"Morejon, Adrian",671739,670970,,ball,,,,,14.0,,R,L,L,ATL,SD,B,,,0,0,2026,1.16,0.94,1.289951942802129,1.765183149786009,,686948.0,621566.0,1,7,Bot,,,,,,,-6.317452470613971,-145.82621665095144,-8.010415932878036,17.997220037978746,35.01870831597695,-17.042149360556913,3.181389436,1.605561024,,,,100.4,2372.0,6.4,824896,669134,664034,630105,592518,593428,657757,701538,665487,54.06,,,,,,,,60,1,Sinker,1,1,1,1,1,1,1,1,Standard,Standard,145.0,0.009,0.04,,,,,-0.04,,0,0,0.648,0.648,27,25,27,25,1,3,1.0,1.0,2.0,1.0,1.33,1.16,1.16,37.1,,,,,,Sinker,False
SI,2026-07-22,100.0,2.44,5.75,"Morejon, Adrian",621566,670970,single,hit_into_play,,,,,9.0,Matt Olson singles on a sharp line drive to center fielder Jackson Merrill. Drake Baldwin to 2nd.,R,L,L,ATL,SD,X,8.0,line_drive,0,0,2026,1.52,0.75,0.4618471833190278,2.1040593364301055,,,686948.0,1,7,Bot,133.59,62.44,,,,,-9.01466563221044,-145.12425074616834,-6.191626715941671,23.56514353213609,36.8051635861301,-20.17286005792431,3.37183399,1.701673228,269.0,108.3,12.0,99.5,2470.0,6.4,824896,669134,664034,630105,592518,593428,657757,701538,665487,54.15,0.926,0.963,0.9,1.0,1.0,0.0,5.0,59,1,Sinker,1,1,1,1,1,1,1,1,Infield shade,Standard,139.0,0.058,0.409,79.8,7.6,,1.323,-0.409,108.3,0,0,0.59,0.59,27,32,27,32,1,3,1.0,1.0,2.0,1.0,1.55,1.52,1.52,35.5,8.649577027941715,-1.0962254230624624,35.89947186468336,34.68008319765138,32.7315913713514,Sinker,True
CH,2026-07-22,91.6,2.7,5.86,"Morejon, Adrian",645277,670970,strikeout,swinging_strike,,,,,14.0,Ozzie Albies strikes out swinging.,R,R,L,ATL,SD,S,2.0,,0,2,2026,1.09,-0.29,0.7566887912361717,0.9323378049669198,,,686948.0,0,7,Bot,,,,,,,-7.231574211890076,-133.19764605565436,-5.690325495424197,14.565669117423628,28.10814544889928,-34.55438629290471,2.984801509,1.506348425,,,,91.5,1035.0,6.3,824896,669134,664034,630105,592518,593428,657757,701538,665487,54.25,,0.0,0.0,1.0,0.0,0.0,,58,3,Changeup,1,1,1,1,1,1,1,1,Standard,Standard,103.0,-0.032,-0.152,60.0,7.6,2.009276508,,0.152,,0,0,0.622,0.622,27,29,27,29,1,3,1.0,1.0,2.0,1.0,3.0,1.09,-1.09,39.5,11.72444670585278,-6.0595701782601745,36.06170155496977,34.14514761385936,38.30412588232511,Changeup,True
SI,2026-07-22,100.2,2.55,5.8,"Morejon, Adrian",645277,670970,,swinging_strike,,,,,12.0,,R,R,L,ATL,SD,S,,,0,1,2026,1.68,1.03,0.8442309949039495,2.3285033349125843,,,686948.0,0,7,Bot,,,,,,,-8.661515604622775,-145.5686764435695,-6.432084880264824,25.890087287905477,35.808590502844254,-16.180512669596613,2.984801509,1.506348425,,,,99.9,2469.0,6.3,824896,669134,664034,630105,592518,593428,657757,701538,665487,54.17,,,,,,,,58,2,Sinker,1,1,1,1,1,1,1,1,Standard,Standard,141.0,-0.014,-0.05,74.1,6.9,0.269222652,,0.05,,0,0,0.636,0.636,27,29,27,29,1,3,1.0,1.0,2.0,1.0,1.26,1.68,-1.68,36.5,10.728426915342268,-1.2643521292919582,28.310338782976757,36.73107695358409,36.05309173835624,Sinker,False
CH,2026-07-22,91.5,2.69,5.84,"Morejon, Adrian",645277,670970,,swinging_strike,,,,,13.0,,R,R,L,ATL,SD,S,,,0,0,2026,1.34,-0.28,-0.2702336085050116,1.151803162118032,,,686948.0,0,7,Bot,,,,,,,-10.301691616002405,-132.78886730795838,-5.020282955975361,18.091077416273706,30.211571077715917,-34.523327948245885,2.984801509,1.506348425,,,,91.3,978.0,6.4,824896,669134,664034,630105,592518,593428,657757,701538,665487,54.06,,,,,,,,58,1,Changeup,1,1,1,1,1,1,1,1,Standard,Standard,100.0,-0.008,-0.04,78.1,7.3,2.171758836,,0.04,,0,0,0.644,0.644,27,29,27,29,1,3,1.0,1.0,2.0,1.0,3.03,1.34,-1.34,42.4,10.395509653394017,-18.433148630068978,37.706060189295926,23.98350773551752,40.84896239024653,Changeup,False
FF,2026-07-22,99.4,2.35,5.84,"Morejon, Adrian",686948,670970,single,hit_into_play,,,,,5.0,Drake Baldwin singles on a line drive to left fielder Gavin Sheets.,R,L,L,ATL,SD,X,7.0,line_drive,3,2,2026,0.52,1.33,-0.1768652577838608,2.447615430969504,,,,0,7,Bot,62.31,117.76,,,,,-8.067284936269292,-144.4818533870596,-6.842199518761629,9.193965736852553,33.4094244543734,-12.091679148050265,3.205962927,1.617962598,180.0,105.1,8.0,99.4,2535.0,6.3,824896,669134,664034,630105,592518,593428,657757,701538,665487,54.19,0.686,0.642,0.9,1.0,1.0,0.0,4.0,57,7,4-Seam Fastball,1,1,1,1,1,1,1,1,Infield shade,Standard,149.0,0.048,0.358,70.4,6.1,,0.792,-0.358,105.1,0,0,0.596,0.596,27,25,27,25,1,3,1.0,1.0,2.0,1.0,0.98,0.52,0.52,39.7,-1.738140542204047,28.89493643576338,34.01061224616501,40.34422971848097,15.004394045062542,Four-seam,True
SI,2026-07-22,99.8,2.67,5.8,"Morejon, Adrian",686948,670970,,foul,,,,,5.0,,R,L,L,ATL,SD,S,,,3,2,2026,1.28,0.95,0.2737648975956124,2.429290991841607,,,,0,7,Bot,,,,,,,-9.539560769010222,-144.98069753928547,-5.918815104257393,20.326790529039677,35.341051055403796,-17.508489962692714,3.205962927,1.617962598,31.0,99.6,-3.0,99.4,2479.0,6.3,824896,669134,664034,630105,592518,593428,657757,701538,665487,54.22,,,,,,,,57,6,Sinker,1,1,1,1,1,1,1,1,Infield shade,Strategic,140.0,0.0,0.0,75.7,5.7,,,0.0,99.6,0,0,0.596,0.596,27,25,27,25,1,3,1.0,1.0,2.0,1.0,1.35,1.28,1.28,35.8,-12.306049436957183,35.18833853382985,38.83882332021527,35.76840538649787,12.21626918949374,Sinker,False
SI,2026-07-22,99.9,2.64,5.82,"Morejon, Adrian",686948,670970,,ball,,,,,12.0,,R,L,L,ATL,SD,B,,,2,2,2026,1.31,1.05,0.5805159541920797,4.06110814179939,,,,0,7,Bot,,,,,,,-8.721436556706191,-145.225622774061,-1.803767490193035,20.645076361024177,36.27384910771546,-17.081145604069125,3.205962927,1.617962598,,,,99.6,2460.0,6.3,824896,669134,664034,630105,592518,593428,657757,701538,665487,54.19,,,,,,,,57,5,Sinker,1,1,1,1,1,1,1,1,Infield shade,Strategic,142.0,0.014,0.113,,,,,-0.113,,0,0,0.582,0.582,27,25,27,25,1,3,1.0,1.0,2.0,1.0,1.25,1.31,1.31,41.4,,,,,,Sinker,False
SI,2026-07-22,99.2,2.62,5.84,"Morejon, Adrian",686948,670970,,foul_tip,,,,,5.0,,R,L,L,ATL,SD,S,,,2,1,2026,1.33,0.96,0.0635947489554924,2.466187593105857,,,,0,7,Bot,,,,,,,-9.999376106287798,-144.08985643218725,-5.832198062998456,20.819871748068977,34.20192543099376,-17.532221148837927,3.205962927,1.617962598,,,,98.7,2474.0,6.2,824896,669134,664034,630105,592518,593428,657757,701538,665487,54.34,,,,,,,,57,4,Sinker,1,1,1,1,1,1,1,1,Infield shade,Standard,138.0,-0.012,-0.078,77.0,6.4,,,0.078,,0,0,0.594,0.594,27,25,27,25,1,3,1.0,1.0,2.0,1.0,1.37,1.33,1.33,34.9,2.5201253935327963,25.070258195374656,32.0864140344928,39.15374336240508,20.155121487592204,Sinker,False
SI,2026-07-22,99.7,2.69,5.82,"Morejon, Adrian",686948,670970,,called_strike,,,,,2.0,,R,L,L,ATL,SD,S,,,2,0,2026,1.35,0.98,0.044633910111006,2.9936633540965505,,,,0,7,Bot,,,,,,,-10.374515952408377,-144.82641755012824,-4.514253865696703,21.429891819835472,33.12668418748544,-17.48086481884214,3.205962927,1.617962598,,,,99.5,2476.0,6.2,824896,669134,664034,630105,592518,593428,657757,701538,665487,54.29,,,,,,,,57,3,Sinker,1,1,1,1,1,1,1,1,Infield shade,Standard,144.0,-0.011,-0.073,,,,,0.073,,0,0,0.605,0.605,27,25,27,25,1,3,1.0,1.0,2.0,1.0,1.32,1.35,1.35,39.7,,,,,,Sinker,False
SI,2026-07-22,99.0,2.57,5.79,"Morejon, Adrian",686948,670970,,ball,,,,,4.0,,R,L,L,ATL,SD,B,,,1,0,2026,1.35,0.83,-0.7963898467713388,2.6450237018861698,,,,0,7,Bot,,,,,,,-12.243208457287752,-143.67141067488146,-4.894200097180025,21.530915293085197,31.88340512857627,-19.712339791585496,3.205962927,1.617962598,,,,98.8,2505.0,6.2,824896,669134,664034,630105,592518,593428,657757,701538,665487,54.26,,,,,,,,57,2,Sinker,1,1,1,1,1,1,1,1,Infield shade,Standard,140.0,0.011,0.082,,,,,-0.082,,0,0,0.594,0.594,27,25,27,25,1,3,1.0,1.0,2.0,1.0,1.5,1.35,1.35,36.6,,,,,,Sinker,False
SL,2026-07-22,90.6,2.95,5.87,"Morejon, Adrian",686948,670970,,ball,,,,,12.0,,R,L,L,ATL,SD,B,,,0,0,2026,-0.47,0.03,0.5612237387278904,3.4743582240506132,,,,0,7,Bot,,,,,,,-4.837810904599085,-132.05873333493437,-0.0046261959375074,-4.654539234255592,25.61946733634597,-32.05282937885832,3.205962927,1.617962598,,,,90.6,2885.0,6.0,824896,669134,664034,630105,592518,593428,657757,701538,665487,54.49,,,,,,,,57,1,Slider,1,1,1,1,1,1,1,1,Infield shade,Standard,238.0,0.006,0.042,,,,,-0.042,,0,0,0.588,0.588,27,25,27,25,1,3,1.0,1.0,2.0,1.0,2.72,-0.47,-0.47,36.7,,,,,,Slider,False
CH,2026-07-21,92.0,2.81,5.89,"Morejon, Adrian",663698,670970,field_out,hit_into_play,,,,,5.0,Joey Bart flies out to left fielder Jase Bowen.,R,R,L,ATL,SD,X,7.0,fly_ball,3,2,2026,0.77,0.37,-0.0670408185542522,2.7842860713742055,,,,2,8,Bot,90.96,81.43,,,,,-8.901105357720844,-133.81441817322144,-2.7016342803520335,11.126828997865188,26.42762765187299,-27.322418684291385,3.299868766,1.665354331,305.0,87.1,40.0,92.3,1029.0,6.3,824895,669134,664034,630105,592518,593428,687749,701538,665487,54.17,0.006,0.005,0.0,1.0,0.0,0.0,3.0,73,6,Changeup,3,8,3,8,8,3,3,8,Standard,Standard,103.0,-0.002,-0.306,,,,0.006,0.306,88.0,-5,-5,0.008,0.008,27,29,27,30,1,1,4.0,1.0,1.0,3.0,2.31,0.77,-0.77,39.9,,,,,,Changeup,True
SI,2026-07-21,98.9,2.54,5.83,"Morejon, Adrian",663698,670970,,called_strike,,,,,8.0,,R,R,L,ATL,SD,S,,,3,1,2026,1.1,0.85,-0.0111760888588106,1.6527792530786265,,,,2,8,Bot,,,,,,,-9.463656437124149,-143.51393745420128,-7.701763527058831,17.40315278372578,33.10742956840521,-18.837500300692007,3.299868766,1.665354331,,,,98.8,2467.0,6.4,824895,669134,664034,630105,592518,593428,687749,701538,665487,54.12,,,,,,,,73,5,Sinker,3,8,3,8,8,3,3,8,Standard,Standard,138.0,-0.001,-0.097,,,,,0.097,,-5,-5,0.009,0.009,27,29,27,30,1,1,4.0,1.0,1.0,3.0,1.5,1.1,-1.1,38.2,,,,,,Sinker,False
SI,2026-07-21,99.9,2.57,5.84,"Morejon, Adrian",663698,670970,,ball,,,,,11.0,,R,R,L,ATL,SD,B,,,2,1,2026,1.29,0.74,-0.42632329960492,4.004989325426453,,,,2,8,Bot,,,,,,,-11.242242109886512,-145.078646530664,-1.2319621148779605,20.95745410119967,36.04517128060486,-21.67369034950475,3.299868766,1.665354331,,,,99.6,2449.0,6.4,824895,669134,664034,630105,592518,593428,687749,701538,665487,54.11,,,,,,,,73,4,Sinker,3,8,3,8,8,3,3,8,Standard,Standard,143.0,0.001,0.101,,,,,-0.101,,-5,-5,0.008,0.008,27,29,27,30,1,1,4.0,1.0,1.0,3.0,1.56,1.29,-1.29,44.3,,,,,,Sinker,False
CH,2026-07-21,92.5,2.74,5.91,"Morejon, Adrian",663698,670970,,ball,,,,,13.0,,R,R,L,ATL,SD,B,,,1,1,2026,0.72,0.06,-1.0383946209420585,1.128200045835606,,,,2,8,Bot,,,,,,,-11.063922296884774,-134.18618168401517,-6.2235873110459226,11.105399644311609,29.569725383536152,-30.186424280029595,3.299868766,1.665354331,,,,92.2,1011.0,6.3,824895,669134,664034,630105,592518,593428,687749,701538,665487,54.16,,,,,,,,73,3,Changeup,3,8,3,8,8,3,3,8,Standard,Standard,105.0,0.0,0.055,,,,,-0.055,,-5,-5,0.008,0.008,27,29,27,30,1,1,4.0,1.0,1.0,3.0,2.62,0.72,-0.72,45.2,,,,,,Changeup,False
CH,2026-07-21,92.4,2.64,5.89,"Morejon, Adrian",663698,670970,,swinging_strike,,,,,13.0,,R,R,L,ATL,SD,S,,,1,0,2026,0.98,-0.09,-0.0322261220200319,0.7478676584319759,,,,2,8,Bot,,,,,,,-8.871073461946573,-134.2604448783512,-6.801010522531413,13.79483655688184,28.287447562487976,-31.973377360146326,3.299868766,1.665354331,,,,92.3,1058.0,6.3,824895,669134,664034,630105,592518,593428,687749,701538,665487,54.23,,,,,,,,73,2,Changeup,3,8,3,8,8,3,3,8,Standard,Standard,103.0,0.0,-0.056,78.5,8.2,4.207289076,,0.056,,-5,-5,0.008,0.008,27,29,27,30,1,1,4.0,1.0,1.0,3.0,2.76,0.98,-0.98,39.7,19.256131644921016,-15.673794833428769,41.16954813215334,37.02615860564537,44.39013581004073,Changeup,False
SI,2026-07-21,99.6,2.56,5.79,"Morejon, Adrian",663698,670970,,ball,,,,,13.0,,R,R,L,ATL,SD,B,,,0,0,2026,1.18,0.88,-0.8519946886085732,1.8252586567212004,,,,2,8,Bot,,,,,,,-12.045883175223707,-144.39576588230432,-7.307165180960538,19.383348746525687,34.016388500264625,-18.214283450894687,3.299868766,1.665354331,,,,99.3,2517.0,6.4,824895,669134,664034,630105,592518,593428,687749,701538,665487,54.14,,,,,,,,73,1,Sinker,3,8,3,8,8,3,3,8,Standard,Standard,140.0,0.0,0.041,,,,,-0.041,,-5,-5,0.008,0.008,27,29,27,30,1,1,4.0,1.0,1.0,3.0,1.44,1.18,-1.18,37.4,,,,,,Sinker,False
SI,2026-07-21,99.2,2.53,5.85,"Morejon, Adrian",643289,670970,field_out,hit_into_play,,,,,2.0,Mauricio Dubón lines out to right fielder Fernando Tatis Jr.,R,R,L,ATL,SD,X,9.0,line_drive,1,0,2026,1.56,0.68,0.2339011376039665,3.261083895088543,,,,1,8,Bot,205.19,109.24,,,,,-9.896169379901265,-144.1615470477248,-3.0767535125056864,24.00925368928383,34.420391902407445,-22.13878457526147,3.17085794,1.600246063,296.0,99.9,16.0,99.0,2434.0,6.3,824895,669134,664034,630105,592518,593428,687749,701538,665487,54.19,0.54,0.558,0.0,1.0,0.0,0.0,4.0,72,2,Sinker,3,8,3,8,8,3,3,8,Standard,Standard,145.0,-0.006,-0.302,73.5,7.0,,0.779,0.302,99.9,-5,-5,0.014,0.014,27,31,27,32,1,3,4.0,1.0,1.0,1.0,1.65,1.56,-1.56,36.9,-11.725029782562656,14.735461790825152,18.84782110030999,38.58994139437817,18.625790191781338,Sinker,True
SI,2026-07-21,99.6,2.43,5.91,"Morejon, Adrian",643289,670970,,ball,,,,,11.0,,R,R,L,ATL,SD,B,,,0,0,2026,1.42,0.62,-1.1584513210589569,2.7825521761409937,,,,1,8,Bot,,,,,,,-13.076715109499036,-144.46289885957844,-4.461003207354655,22.856267981121285,31.892421618154877,-22.551520596807148,3.17085794,1.600246063,,,,99.6,2433.0,6.4,824895,669134,664034,630105,592518,593428,687749,701538,665487,54.15,,,,,,,,72,1,Sinker,3,8,3,8,8,3,3,8,Standard,Standard,143.0,0.001,0.041,,,,,-0.041,,-5,-5,0.013,0.013,27,31,27,32,1,3,4.0,1.0,1.0,1.0,1.68,1.42,-1.42,39.4,,,,,,Sinker,False
SI,2026-07-21,99.2,2.61,5.91,"Morejon, Adrian",671739,670970,field_out,hit_into_play,,,,,14.0,Michael Harris II lines out to second baseman Jake Cronenworth.,R,L,L,ATL,SD,X,4.0,line_drive,0,1,2026,1.56,0.92,0.9942334589228164,2.130762638713927,,,,0,8,Bot,142.77,133.06,,,,,-8.055003245094955,-144.0452285628232,-6.7756713809598015,23.595937993143092,38.50489690638495,-17.914381576094698,3.181389436,1.605561024,174.0,66.6,18.0,98.4,2468.0,6.3,824895,669134,664034,630105,592518,593428,687749,701538,665487,54.17,0.494,0.445,0.0,1.0,0.0,0.0,4.0,71,2,Sinker,3,8,3,8,8,3,3,8,Infield shade,Standard,142.0,-0.008,-0.218,74.0,8.0,,0.506,0.218,88.0,-5,-5,0.021,0.021,27,25,27,25,1,3,4.0,1.0,1.0,1.0,1.44,1.56,1.56,37.1,6.4003369514831885,-2.875784691941514,36.41428743672006,25.090189750327987,30.10852816326321,Sinker,True
SI,2026-07-21,99.2,2.6,5.91,"Morejon, Adrian",671739,670970,,swinging_strike,,,,,12.0,,R,L,L,ATL,SD,S,,,0,0,2026,1.41,0.85,1.084098015378124,3.059911135411344,,,,0,8,Bot,,,,,,,-7.453423124282716,-144.16482522670677,-4.13678553888068,21.481624969737982,36.85174807862308,-19.52406689516267,3.181389436,1.605561024,,,,98.7,2365.0,6.3,824895,669134,664034,630105,592518,593428,687749,701538,665487,54.18,,,,,,,,71,1,Sinker,3,8,3,8,8,3,3,8,Infield shade,Standard,143.0,-0.001,-0.041,75.9,7.5,0.363535176,,0.041,,-5,-5,0.022,0.022,27,25,27,25,1,3,4.0,1.0,1.0,1.0,1.49,1.41,1.41,35.7,3.1156391589426677,1.4499175384457226,28.18336367113303,24.38726806043493,25.536407961818064,Sinker,False
SI,2026-07-17,100.8,2.44,5.8,"Morejon, Adrian",679845,670970,field_out,hit_into_play,,,,,8.0,"Nick Loftin grounds out, shortstop Xander Bogaerts to first baseman Ty France.",R,R,L,KC,SD,X,6.0,ground_ball,0,0,2026,1.21,0.6,-0.1612156301099085,2.0810890556100663,521692.0,686681.0,,2,8,Bot,107.26,160.06,,,,,-10.06656283272494,-146.46167132351218,-6.268800823457475,19.64533995283106,31.478637876713226,-22.31035599112745,3.18226706,1.606003937,5.0,71.1,-22.0,101.3,2465.0,6.4,824090,669134,664034,630105,592518,593428,657757,701538,665487,54.06,0.044,0.04,0.0,1.0,0.0,0.0,2.0,65,1,Sinker,3,2,3,2,2,3,3,2,Standard,Standard,134.0,-0.035,-0.26,69.4,6.6,,0.045,0.26,88.0,1,1,0.87,0.87,27,27,27,28,1,3,5.0,6.0,4.0,1.0,1.64,1.21,-1.21,41.8,-9.724213424939158,8.982750673891964,40.68518260410633,35.18110729138471,22.272223640938037,Sinker,True
FF,2026-07-17,100.2,2.42,5.89,"Morejon, Adrian",686681,670970,single,hit_into_play,,,,,5.0,"Michael Massey singles on a sharp line drive to center fielder Jackson Merrill. Vinnie Pasquantino scores. Salvador Perez to 3rd. Michael Massey to 2nd. Michael Massey advances to 2nd, on a throwing error by center fielder Jackson Merrill.",R,L,L,KC,SD,X,8.0,line_drive,0,2,2026,0.54,1.22,-0.1234280756902063,2.558117177639718,,686469.0,521692.0,2,8,Bot,105.74,89.17,,,,,-8.252816174750224,-145.77656730389518,-6.651318387079842,9.49653642838108,29.627521963654463,-13.32030528671414,3.199819554,1.614862205,236.0,101.2,14.0,101.0,2382.0,6.4,824090,669134,664034,630105,592518,593428,657757,701538,665487,54.07,0.809,0.811,0.9,1.0,1.0,0.0,4.0,64,3,4-Seam Fastball,2,2,2,2,2,3,3,2,Standard,Standard,142.0,0.315,0.639,69.5,6.4,,1.074,-0.639,101.2,0,0,0.555,0.555,27,28,27,28,1,3,5.0,5.0,4.0,1.0,1.02,0.54,0.54,38.9,11.351194029871564,11.160009120586931,31.733490040460133,40.21584576665059,23.191186694494064,Four-seam,True
SI,2026-07-17,100.7,2.44,5.8,"Morejon, Adrian",686681,670970,,called_strike,,,,,4.0,,R,L,L,KC,SD,S,,,0,1,2026,1.32,0.6,-0.4383624642739103,2.2770678386758045,,686469.0,521692.0,2,8,Bot,,,,,,,-11.068186731892508,-146.3141412704778,-5.711280619820661,21.48500301751527,30.443315570696196,-22.448179549501948,3.199819554,1.614862205,,,,101.2,2389.0,6.4,824090,669134,664034,630105,592518,593428,657757,701538,665487,54.12,,,,,,,,64,2,Sinker,2,2,2,2,2,2,2,2,Standard,Standard,153.0,-0.022,-0.056,,,,,0.056,,0,0,0.577,0.577,27,28,27,28,1,3,5.0,5.0,4.0,1.0,1.64,1.32,1.32,37.2,,,,,,Sinker,False
SI,2026-07-17,100.6,2.54,5.78,"Morejon, Adrian",686681,670970,,called_strike,,,,,6.0,,R,L,L,KC,SD,S,,,0,0,2026,1.35,0.55,0.3876549345236229,2.5946784763653667,,686469.0,521692.0,2,8,Bot,,,,,,,-9.169043999874866,-146.32538696630115,-4.686751144579766,21.522845693332663,31.073054841321444,-23.31514740245175,3.199819554,1.614862205,,,,101.2,2296.0,6.4,824090,669134,664034,630105,592518,593428,657757,701538,665487,54.08,,,,,,,,64,1,Sinker,2,2,2,2,2,2,2,2,Standard,Standard,148.0,-0.014,-0.032,,,,,0.032,,0,0,0.591,0.591,27,28,27,28,1,3,5.0,5.0,4.0,1.0,1.68,1.35,1.35,34.7,,,,,,Sinker,False
SI,2026-07-17,98.7,2.55,5.82,"Morejon, Adrian",521692,670970,,called_strike,,,,,8.0,,R,R,L,KC,SD,S,,,0,0,2026,1.28,0.46,0.127940222352374,1.9537481056133077,,,686469.0,2,8,Bot,,,,,,,-9.557092326206188,-143.43911235732406,-5.984970319537697,19.794901724278372,30.748344505603413,-24.650763547253938,3.312155512,1.671555118,,,,99.2,2325.0,6.5,824090,669134,664034,630105,592518,593428,657757,701538,665487,54.04,,,,,,,,63,1,Sinker,2,2,2,2,2,2,2,2,Standard,Standard,142.0,0.02,-0.041,,,,,0.041,,0,0,0.55,0.55,27,36,27,36,1,3,5.0,5.0,4.0,1.0,1.87,1.28,-1.28,38.1,,,,,,Sinker,False
SI,2026-07-17,100.2,2.62,5.79,"Morejon, Adrian",686469,670970,fielders_choice_out,hit_into_play,,,,,12.0,"Vinnie Pasquantino reaches on a fielder's choice out, pitcher Adrian Morejon to catcher Luis Campusano. Tyler Tolbert out at home.",R,L,L,KC,SD,X,1.0,ground_ball,2,1,2026,1.39,0.72,1.0220732841442912,2.712740417937776,686475.0,,,1,8,Bot,125.32,176.88,,,,,-7.691988026546984,-145.7180211752784,-4.698692151836669,21.630883316602933,32.26050608727799,-20.98024731854687,3.363057743,1.697244095,9.0,44.2,-13.0,100.3,2456.0,6.2,824090,669134,664034,630105,592518,593428,657757,701538,665487,54.26,0.166,0.149,0.0,1.0,0.0,0.0,1.0,62,4,Sinker,2,2,2,2,2,2,2,2,Strategic,Standard,141.0,-0.194,-0.263,71.7,6.7,,0.172,0.263,88.0,0,0,0.744,0.744,27,28,27,29,1,3,5.0,5.0,4.0,1.0,1.54,1.39,1.39,36.4,-1.1834616956210384,15.384947474719706,32.50569150104626,30.01213848706095,17.735065660282395,Sinker,True
SI,2026-07-17,100.1,2.66,5.8,"Morejon, Adrian",686469,670970,,foul_tip,,,,,14.0,,R,L,L,KC,SD,S,,,2,0,2026,1.42,0.78,1.477727629613261,1.9763645121101576,686475.0,,,1,8,Bot,,,,,,,-6.6125314674410625,-145.59190175379783,-6.8395593400842944,21.691591806555667,31.291586958108343,-19.739262526287533,3.363057743,1.697244095,,,,100.3,2402.0,6.2,824090,669134,664034,630105,592518,593428,657757,701538,665487,54.26,,,,,,,,62,3,Sinker,2,2,2,2,2,2,2,2,Strategic,Standard,138.0,-0.001,-0.064,77.7,7.5,,,0.064,,0,0,0.745,0.745,27,28,27,29,1,3,5.0,5.0,4.0,1.0,1.48,1.42,1.42,36.9,3.673705791736424,-0.7285289671627041,39.07870320875504,24.574789493374077,20.56859969659138,Sinker,False
SI,2026-07-17,99.9,2.6,5.76,"Morejon, Adrian",686469,670970,,ball,,,,,14.0,,R,L,L,KC,SD,B,,,1,0,2026,1.41,0.76,2.023241292912245,1.8791938694650017,686475.0,,,1,8,Bot,,,,,,,-4.927857569070203,-145.33146929888844,-6.936287950255062,21.16508022201185,31.113370242716485,-19.9509789112248,3.363057743,1.697244095,,,,100.2,2398.0,6.3,824090,669134,664034,630105,592518,593428,657757,701538,665487,54.2,,,,,,,,62,2,Sinker,2,2,2,2,2,2,2,2,Strategic,Standard,163.0,0.001,0.032,,,,,-0.032,,0,0,0.744,0.744,27,28,27,29,1,3,5.0,5.0,4.0,1.0,1.5,1.41,1.41,36.5,,,,,,Sinker,False
SI,2026-07-17,99.8,2.46,5.88,"Morejon, Adrian",686469,670970,,ball,,,,,12.0,,R,L,L,KC,SD,B,,,0,0,2026,1.37,0.73,1.8257430996242416,4.458725016724731,686475.0,,,1,8,Bot,,,,,,,-4.989738742169638,-145.39719469406398,-0.1753360961771928,20.557170701786504,32.15055800432009,-21.910326062339443,3.363057743,1.697244095,,,,99.9,2423.0,6.2,824090,669134,664034,630105,592518,593428,657757,701538,665487,54.34,,,,,,,,62,1,Sinker,2,2,2,2,2,2,2,2,Strategic,Standard,134.0,0.001,0.023,,,,,-0.023,,0,0,0.743,0.743,27,28,27,29,1,3,5.0,5.0,4.0,1.0,1.54,1.37,1.37,35.8,,,,,,Sinker,False
CH,2026-07-17,91.7,2.51,5.94,"Morejon, Adrian",657041,670970,field_out,hit_into_play,,,,,5.0,"Lane Thomas grounds out, second baseman Jake Cronenworth to first baseman Ty France. Tyler Tolbert to 3rd.",R,R,L,KC,SD,X,4.0,ground_ball,2,1,2026,0.92,-0.16,-0.0025114256275874,2.4505301111317475,,686475.0,,0,8,Bot,143.74,151.95,,,,,-8.284520871981139,-133.31872953125696,-2.4308551442335387,12.641252725864494,26.534197483740112,-33.82452766199222,3.146284449,1.587844488,15.0,99.4,-9.0,91.9,920.0,6.3,824090,669134,664034,630105,592518,593428,657757,701538,665487,54.2,0.295,0.291,0.0,1.0,0.0,0.0,2.0,61,4,Changeup,2,2,2,2,2,2,2,2,Standard,Standard,102.0,0.004,-0.216,71.7,6.1,,0.318,0.216,99.4,0,0,0.739,0.739,27,30,27,31,1,3,5.0,5.0,4.0,1.0,2.86,0.92,-0.92,39.7,-2.4682330850798873,20.335287308553006,26.078050529322155,37.38271071279259,17.165269166731296,Changeup,True
CH,2026-07-17,92.0,2.74,5.96,"Morejon, Adrian",657041,670970,,ball,,,,,14.0,,R,R,L,KC,SD,B,,,1,1,2026,1.32,0.15,0.9341553709842576,2.036210296303859,,,686475.0,0,8,Bot,,,,,,,-7.408713044835714,-133.81879375752365,-4.198255503600604,17.508050982765695,28.95425781918659,-29.59438333578584,3.146284449,1.587844488,,,,91.8,1195.0,6.2,824090,669134,664034,630105,592518,593428,657757,701538,665487,54.33,,,,,,,,61,3,Changeup,2,2,2,2,2,2,2,2,Standard,Standard,107.0,0.072,0.059,,,,,-0.059,,0,0,0.667,0.667,27,30,27,31,1,3,5.0,5.0,4.0,1.0,2.54,1.32,-1.32,41.4,,,,,,Changeup,False
CH,2026-07-17,92.0,2.59,5.88,"Morejon, Adrian",657041,670970,,ball,,,,,14.0,,R,R,L,KC,SD,B,,,0,1,2026,1.19,0.28,0.3842547084593615,0.6867406364571904,,,686475.0,0,8,Bot,,,,,,,-8.16116173033521,-133.6149775260956,-7.673146324099829,16.05703745508508,28.775005411697503,-27.25485757111468,3.146284449,1.587844488,,,,92.0,1173.0,6.4,824090,669134,664034,630105,592518,593428,657757,701538,665487,54.08,,,,,,,,61,2,Changeup,2,2,2,2,2,2,2,2,Standard,Standard,115.0,0.006,0.026,,,,,-0.026,,0,0,0.661,0.661,27,30,27,31,1,3,5.0,5.0,4.0,1.0,2.42,1.19,-1.19,39.0,,,,,,Changeup,False
CH,2026-07-17,91.7,2.69,5.97,"Morejon, Adrian",657041,670970,,foul,,,,,4.0,,R,R,L,KC,SD,S,,,0,0,2026,0.59,0.49,-0.3504912891327782,2.223118313351754,,,686475.0,0,8,Bot,,,,,,,-8.886120105817358,-133.21836489517955,-4.449438967275019,8.940661454516643,28.011350143744657,-25.538282724643913,3.146284449,1.587844488,3.0,,-39.0,91.7,1039.0,6.3,824090,669134,664034,630105,592518,593428,657757,701538,665487,54.18,,,,,,,,61,1,Changeup,2,2,2,2,2,2,2,2,Standard,Standard,109.0,-0.009,-0.04,71.9,6.7,,,0.04,,0,0,0.67,0.67,27,30,27,31,1,3,5.0,5.0,4.0,1.0,2.22,0.59,-0.59,40.3,8.829959425796318,4.3623214120997496,26.652831115356385,34.362428174703965,20.537336439050456,Changeup,False
SL,2026-07-17,90.5,3.1,5.84,"Morejon, Adrian",695506,670970,single,hit_into_play,,,,,14.0,Jac Caglianone singles on a ground ball to right fielder Fernando Tatis Jr.,R,L,L,KC,SD,X,9.0,ground_ball,0,1,2026,-0.56,-0.22,0.2970152295952463,1.4726694384055603,,,,0,8,Bot,180.74,95.19,,,,,-5.6773592686159695,-131.69862871538962,-4.276558990633078,-5.339958021852168,26.71825867615177,-34.02129169480703,3.401673228,1.716732283,15.0,112.2,-6.0,90.6,2849.0,6.2,824090,669134,664034,630105,592518,593428,657757,701538,665487,54.27,0.424,0.388,0.9,1.0,1.0,0.0,2.0,60,2,Slider,2,2,2,2,2,2,2,2,Infield shade,Strategic,279.0,0.069,0.486,79.6,8.0,,0.44,-0.486,112.2,0,0,0.601,0.601,27,23,27,23,1,3,5.0,5.0,4.0,1.0,2.99,-0.56,-0.56,34.4,9.99412199925643,-4.674702101180084,40.001917378884094,34.1087019302784,30.33235234679011,Slider,True
SI,2026-07-17,99.4,2.49,5.94,"Morejon, Adrian",695506,670970,,called_strike,,,,,2.0,,R,L,L,KC,SD,S,,,0,0,2026,1.28,0.95,-0.0835670420878273,3.4168403133110146,,,,0,8,Bot,,,,,,,-9.983819771113852,-144.38129311701985,-3.57669998658582,20.166905989700695,32.12903094904723,-18.229900862612915,3.401673228,1.716732283,,,,99.4,2617.0,6.3,824090,669134,664034,630105,592518,593428,657757,701538,665487,54.18,,,,,,,,60,1,Sinker,2,2,2,2,2,2,2,2,Standard,Strategic,171.0,-0.007,-0.041,,,,,0.041,,0,0,0.608,0.608,27,23,27,23,1,3,5.0,5.0,4.0,1.0,1.36,1.28,1.28,37.5,,,,,,Sinker,False
CH,2026-07-17,92.6,2.63,5.91,"Morejon, Adrian",677951,670970,strikeout,swinging_strike,,,,,14.0,Bobby Witt Jr. strikes out swinging.,R,R,L,KC,SD,S,2.0,,1,2,2026,1.1,-0.24,0.3923986265715866,0.8667640019841909,,,,2,7,Bot,,,,,,,-8.06819282302561,-134.59890578923438,-6.310839367869892,15.038429292813351,26.152343573125822,-34.07988609045304,3.238435039,1.634350394,,,,92.9,1150.0,6.3,824090,669134,664034,630105,592518,593428,657757,701538,665487,54.21,,0.0,0.0,1.0,0.0,0.0,,56,4,Changeup,2,2,2,2,2,2,2,2,Standard,Standard,107.0,-0.015,-0.183,74.4,7.8,3.627188676,,0.183,,0,0,0.515,0.515,27,26,27,26,1,3,5.0,5.0,4.0,1.0,2.89,1.1,-1.1,40.3,12.961041348628298,-14.410132172344138,30.897869456830048,39.55495336136168,34.42942992579305,Changeup,True
CH,2026-07-17,92.7,2.68,5.95,"Morejon, Adrian",677951,670970,,swinging_strike,,,,,14.0,,R,R,L,KC,SD,S,,,1,1,2026,0.98,-0.24,0.1877175429386625,1.2174074686210257,,,,2,7,Bot,,,,,,,-8.436006819997585,-134.84496062166846,-5.557554499852222,13.69675520996827,26.37708090230747,-34.19721986875455,3.238435039,1.634350394,,,,92.9,1107.0,6.2,824090,669134,664034,630105,592518,593428,657757,701538,665487,54.3,,,,,,,,56,3,Changeup,2,2,2,2,2,2,2,2,Standard,Standard,107.0,-0.005,-0.064,77.7,7.7,0.1,,0.064,,0,0,0.52,0.52,27,26,27,26,1,3,5.0,5.0,4.0,1.0,2.87,0.98,-0.98,40.3,4.483486218597282,-10.259429018941734,29.81627847370002,38.1273581206368,33.501896503616706,Changeup,False
CH,2026-07-17,91.5,2.75,5.95,"Morejon, Adrian",677951,670970,,ball,,,,,14.0,,R,R,L,KC,SD,B,,,0,1,2026,0.85,-0.14,1.478644306454501,1.4981148832371645,,,,2,7,Bot,,,,,,,-5.002084321564931,-133.27493798309578,-4.860891135789132,11.132830689520626,25.527432797413475,-33.14409081078505,3.238435039,1.634350394,,,,91.7,1080.0,6.1,824090,669134,664034,630105,592518,593428,657757,701538,665487,54.37,,,,,,,,56,2,Changeup,2,2,2,2,2,2,2,2,Standard,Standard,108.0,0.002,0.03,,,,,-0.03,,0,0,0.518,0.518,27,26,27,26,1,3,5.0,5.0,4.0,1.0,2.84,0.85,-0.85,40.1,,,,,,Changeup,False
CH,2026-07-17,93.0,2.56,6.05,"Morejon, Adrian",677951,670970,,called_strike,,,,,7.0,,R,R,L,KC,SD,S,,,0,0,2026,0.7,-0.21,-0.3342939599546368,2.0776055514387317,,,,2,7,Bot,,,,,,,-8.873585811056808,-135.29272418645775,-3.773419781345431,10.375346711379734,25.875587150563135,-34.2154918047228,3.238435039,1.634350394,,,,93.4,1048.0,6.3,824090,669134,664034,630105,592518,593428,657757,701538,665487,54.23,,,,,,,,56,1,Changeup,2,2,2,2,2,2,2,2,Standard,Standard,112.0,-0.003,-0.045,,,,,0.045,,0,0,0.521,0.521,27,26,27,26,1,3,5.0,5.0,4.0,1.0,2.82,0.7,-0.7,44.7,,,,,,Changeup,False
SL,2026-07-17,92.3,2.98,5.86,"Morejon, Adrian",695600,670970,field_out,hit_into_play,,,,,5.0,Carter Jensen flies out to left fielder Gavin Sheets.,R,L,L,KC,SD,X,7.0,fly_ball,0,0,2026,-0.41,0.01,-0.1337682825436481,2.628654934354385,,,,1,7,Bot,83.75,122.85,,,,,-6.888755854394837,-134.32654929086613,-2.279692361720699,-3.6660426812886047,26.56853474059353,-31.731603095886573,3.191043307,1.610433071,218.0,94.3,59.0,92.5,2886.0,6.2,824090,669134,664034,630105,592518,593428,657757,701538,665487,54.3,0.02,0.022,0.0,1.0,0.0,0.0,3.0,55,1,Slider,2,2,2,2,2,2,2,2,Standard,Standard,274.0,-0.029,-0.261,76.2,7.2,,0.031,0.261,94.3,0,0,0.55,0.55,27,22,27,23,1,3,5.0,5.0,4.0,1.0,2.64,-0.41,-0.41,40.0,16.348709493586764,-6.597363030367049,25.303995843905717,35.31340987801222,34.75095502434324,Slider,True
CH,2026-07-17,92.4,2.76,6.06,"Morejon, Adrian",686555,670970,field_out,hit_into_play,,,,,5.0,Isaac Collins flies out to left fielder Gavin Sheets.,R,R,L,KC,SD,X,7.0,fly_ball,0,2,2026,0.95,0.46,-0.1562529265262168,2.4438673777355575,,,,0,7,Bot,78.98,63.86,,,,,-9.381561234740406,-134.23693806767153,-4.20953520682229,13.393880655540658,27.423066120313234,-25.879433408899285,3.012885499,1.520521654,353.0,92.5,35.0,92.3,1069.0,6.2,824090,669134,664034,630105,592518,593428,657757,701538,665487,54.3,0.037,0.063,0.0,1.0,0.0,0.0,3.0,54,3,Changeup,2,2,2,2,2,2,2,2,Standard,Standard,108.0,-0.023,-0.164,75.4,7.0,,0.118,0.164,92.5,0,0,0.573,0.573,27,28,27,29,1,2,5.0,5.0,4.0,1.0,2.21,0.95,-0.95,42.5,0.9180221715054356,-8.534998734874424,26.26121076376895,35.80158300414895,37.64516554366357,Changeup,True
CH,2026-07-17,92.0,3.04,6.05,"Morejon, Adrian",686555,670970,,swinging_strike,,,,,14.0,,R,R,L,KC,SD,S,,,0,1,2026,1.13,-0.07,1.2274937222618991,0.6870795822813558,,,,0,7,Bot,,,,,,,-7.00296378524792,-133.7707115188273,-7.332948281534544,15.11477291494038,27.751845550211865,-31.630640018861904,3.012885499,1.520521654,,,,91.8,976.0,6.1,824090,669134,664034,630105,592518,593428,657757,701538,665487,54.38,,,,,,,,54,2,Changeup,2,2,2,2,2,2,2,2,Standard,Standard,111.0,-0.009,-0.054,44.9,7.1,11.401794996,,0.054,,0,0,0.582,0.582,27,28,27,29,1,2,5.0,5.0,4.0,1.0,2.76,1.13,-1.13,40.6,1.754688559996384,0.5581751863086006,26.019320672402685,52.50749159843296,28.654214091097614,Changeup,False
SI,2026-07-17,99.6,2.61,6.01,"Morejon, Adrian",686555,670970,,foul,,,,,3.0,,R,R,L,KC,SD,S,,,0,0,2026,1.51,0.92,0.3839964943755363,3.0240209898433044,,,,0,7,Bot,,,,,,,-9.597112974683007,-144.65113992607093,-4.758165118429297,23.518516003294938,34.21279410100825,-18.297409303146782,3.012885499,1.520521654,199.0,77.9,19.0,99.2,2550.0,6.2,824090,669134,664034,630105,592518,593428,657757,701538,665487,54.31,,,,,,,,54,1,Sinker,2,2,2,2,2,2,2,2,Standard,Standard,145.0,-0.006,-0.041,70.0,5.6,,,0.041,88.0,0,0,0.588,0.588,27,28,27,29,1,2,5.0,5.0,4.0,1.0,1.39,1.51,-1.51,39.8,-11.197736358881928,21.332987541313816,22.691840588125675,41.4474549111041,23.08444736873257,Sinker,False
,2026-07-17,,,,"Morejon, Adrian",521692,670970,,automatic_ball,,,,,,,R,R,L,KC,SD,B,,,2,1,2026,,,,,,686469.0,,2,8,Bot,,,,,,,,,,,,,,,,,,,,,824090,669134,664034,630105,592518,593428,657757,701538,665487,,,,,,,,,63,4,,2,2,2,2,2,2,2,2,,,,0.003,,,,,,,,0,0,0.583,0.583,27,36,27,36,1,3,5.0,5.0,4.0,1.0,,,,,,,,,,,False
,2026-07-17,,,,"Morejon, Adrian",521692,670970,,automatic_ball,,,,,,,R,R,L,KC,SD,B,,,1,1,2026,,,,,,686469.0,,2,8,Bot,,,,,,,,,,,,,,,,,,,,,824090,669134,664034,630105,592518,593428,657757,701538,665487,,,,,,,,,63,3,,2,2,2,2,2,2,2,2,,,,0.005,,,,,,,,0,0,0.578,0.578,27,36,27,36,1,3,5.0,5.0,4.0,1.0,,,,,,,,,,,False
,2026-07-17,,,,"Morejon, Adrian",521692,670970,intent_walk,automatic_ball,,,,,,Adrian Morejon intentionally walks Salvador Perez.,R,R,L,KC,SD,B,,,3,1,2026,,,,,,686469.0,,2,8,Bot,,,,,,,,,,,,,,,,,,,,,824090,669134,664034,630105,592518,593428,657757,701538,665487,,,,0.4,,0.0,0.0,,63,5,,2,2,2,2,2,2,2,2,,,,0.005,,,,,,,,0,0,0.586,0.586,27,36,27,36,1,3,5.0,5.0,4.0,1.0,,,,,,,,,,,True
,2026-07-17,,,,"Morejon, Adrian",521692,670970,,automatic_ball,,,,,,,R,R,L,KC,SD,B,,,0,1,2026,,,,,,686469.0,,2,8,Bot,,,,,,,,,,,,,,,,,,,,,824090,669134,664034,630105,592518,593428,657757,701538,665487,,,,,,,,,63,2,,2,2,2,2,2,2,2,2,,,,0.008,,,,,,,,0,0,0.57,0.57,27,36,27,36,1,3,5.0,5.0,4.0,1.0,,,,,,,,,,,False
SI,2026-07-12,98.8,2.38,5.8,"Morejon, Adrian",665926,670970,field_out,hit_into_play,,,,,6.0,"Andrés Giménez grounds out, second baseman Jake Cronenworth to first baseman Ty France.",R,L,L,SD,TOR,X,4.0,ground_ball,2,1,2026,1.36,0.71,0.3640572985255521,2.168415364720697,,672386.0,682729.0,2,8,Top,147.37,150.51,,,,,-8.640706178323034,-143.47411243914158,-5.8500025499152635,20.868140426233236,36.98014728472956,-21.07482060275268,3.164714567,1.597145669,5.0,86.0,-22.0,98.3,2393.0,6.4,823274,660710,664034,630105,823550,593428,657757,701538,665487,54.11,0.101,0.093,0.0,1.0,0.0,0.0,2.0,65,4,Sinker,3,4,4,3,4,3,4,3,Standard,Standard,140.0,0.049,-0.307,64.8,6.2,,0.116,0.307,88.0,-1,1,0.259,0.741,27,27,27,28,1,3,1.0,1.0,5.0,6.0,1.65,1.36,1.36,38.3,1.2786651387564325,19.868892413628817,34.39208602553634,31.339650458336763,23.413910896489355,Sinker,True
SL,2026-07-12,90.0,2.88,5.78,"Morejon, Adrian",665926,670970,,ball,,,,,14.0,,R,L,L,SD,TOR,B,,,1,1,2026,-0.39,0.12,0.930567087255675,2.0140717862178645,,672386.0,682729.0,2,8,Top,,,,,,,-3.9248158038385057,-131.01577972181508,-3.3523516518069676,-3.602233436316227,29.612779029079594,-30.30821401034743,3.164714567,1.597145669,,,,89.5,2915.0,6.1,823274,660710,664034,630105,823550,593428,657757,701538,665487,54.36,,,,,,,,65,3,Slider,3,4,4,3,4,3,4,3,Standard,Standard,258.0,-0.005,0.038,,,,,-0.038,,-1,1,0.264,0.736,27,27,27,28,1,3,1.0,1.0,5.0,6.0,2.71,-0.39,-0.39,36.6,,,,,,Slider,False
SI,2026-07-12,98.5,2.39,5.78,"Morejon, Adrian",665926,670970,,foul,,,,,8.0,,R,L,L,SD,TOR,S,,,1,0,2026,1.43,0.46,-0.0632908283268027,1.8847244573663475,,672386.0,682729.0,2,8,Top,,,,,,,-9.967672932211713,-142.99595970661505,-5.962170975507356,21.956351889272067,33.38979216132101,-24.61340886300108,3.164714567,1.597145669,,,,98.4,2419.0,6.4,823274,660710,664034,630105,823550,593428,657757,701538,665487,54.09,,,,,,,,65,2,Sinker,3,4,4,3,4,3,4,3,Standard,Standard,140.0,0.005,-0.044,74.1,7.6,,,0.044,,-1,1,0.259,0.741,27,27,27,28,1,3,1.0,1.0,5.0,6.0,1.9,1.43,1.43,41.8,16.351977868193945,-1.063136504047958,33.76542666969413,36.61398907504404,27.493345458715403,Sinker,False
SL,2026-07-12,91.4,2.83,5.82,"Morejon, Adrian",665926,670970,,ball,,,,,12.0,,R,L,L,SD,TOR,B,,,0,0,2026,-0.13,0.26,0.8877996773956444,2.461340795582029,,672386.0,682729.0,2,8,Top,,,,,,,-4.541110035181216,-133.14856779732372,-3.0085241654623784,-0.6862137933249833,26.517063767016783,-28.626931949394287,3.164714567,1.597145669,,,,91.6,2785.0,6.2,823274,660710,664034,630105,823550,593428,657757,701538,665487,54.31,,,,,,,,65,1,Slider,3,4,4,3,4,3,4,3,Standard,Standard,250.0,-0.003,0.029,,,,,-0.029,,-1,1,0.262,0.738,27,27,27,28,1,3,1.0,1.0,5.0,6.0,2.44,-0.13,-0.13,35.7,,,,,,Slider,False
SI,2026-07-12,99.8,2.4,5.84,"Morejon, Adrian",682729,670970,single,hit_into_play,,,,,4.0,Jonatan Clase singles on a line drive to center fielder Jackson Merrill. Daulton Varsho scores. Alejandro Kirk to 2nd.,R,R,L,SD,TOR,X,8.0,line_drive,1,0,2026,1.46,0.57,-0.3614423566788241,2.2294786075146193,,662139.0,672386.0,2,8,Top,142.19,93.35,,,,,-10.966013241160123,-144.68782024371117,-5.583212092074804,23.165395171840597,38.07507758854292,-22.9662767109268,3.120833333,1.575,268.0,95.2,15.0,99.0,2353.0,6.4,823274,660710,664034,630105,823550,593428,657757,701538,665487,54.14,0.874,0.838,0.9,1.0,1.0,0.0,4.0,64,2,Sinker,3,3,3,3,4,3,4,3,Standard,Standard,142.0,-0.248,0.522,71.9,6.8,,1.072,-0.522,95.2,0,0,0.51,0.49,27,24,27,24,1,3,1.0,1.0,5.0,5.0,1.76,1.46,-1.46,43.3,1.3487385332197213,3.9276379619444626,39.659817928334085,30.602236012014572,25.85071871900364,Sinker,True
CH,2026-07-12,93.4,2.69,5.91,"Morejon, Adrian",682729,670970,,ball,,,,,14.0,,R,R,L,SD,TOR,B,,,0,0,2026,0.68,0.13,1.0079847996169409,1.5029972527585245,,662139.0,672386.0,2,8,Top,,,,,,,-5.797713045886909,-135.877376266035,-5.624664445690003,9.730957254391209,30.49407075273259,-29.45691210913575,3.120833333,1.575,,,,93.2,981.0,6.3,823274,660710,664034,630105,823550,593428,657757,701538,665487,54.25,,,,,,,,64,1,Changeup,3,3,3,3,3,3,3,3,Standard,Standard,115.0,-0.005,0.029,,,,,-0.029,,0,0,0.515,0.485,27,24,27,24,1,3,1.0,1.0,5.0,5.0,2.49,0.68,-0.68,45.1,,,,,,Changeup,False
SI,2026-07-12,99.3,2.43,5.85,"Morejon, Adrian",678218,670970,field_out,hit_into_play,,,,,12.0,"Brandon Valenzuela grounds out, second baseman Jake Cronenworth to first baseman Ty France. Daulton Varsho to 2nd.",R,R,L,SD,TOR,X,4.0,ground_ball,0,0,2026,1.3,0.65,0.8315172808287228,2.5512517705912807,,,662139.0,1,8,Top,137.3,155.5,,,,,-7.419350801865612,-144.38851108755506,-4.944477897277782,19.896788128034363,33.01549447257249,-22.178172739681493,3.219127297,1.624606299,7.0,77.1,-21.0,99.4,2261.0,6.4,823274,660710,664034,630105,823550,593428,657757,701538,665487,54.14,0.043,0.044,0.0,1.0,0.0,0.0,2.0,62,1,Sinker,3,3,3,3,3,3,3,3,Standard,Standard,137.0,0.03,-0.32,70.7,7.0,,0.052,0.32,88.0,0,0,0.498,0.502,27,25,27,26,1,3,1.0,5.0,5.0,5.0,1.67,1.3,-1.3,42.2,-4.796904373223737,17.614535012558406,25.31520716217952,48.42805525763511,17.971937723397602,Sinker,True
SI,2026-07-12,99.5,2.52,5.75,"Morejon, Adrian",662139,670970,force_out,hit_into_play,,,,,9.0,"Daulton Varsho grounds into a force out, second baseman Jake Cronenworth to shortstop Xander Bogaerts. Kazuma Okamoto out at 2nd. Daulton Varsho to 1st.",R,L,L,SD,TOR,X,4.0,ground_ball,3,2,2026,1.24,0.63,0.3543716551269993,1.8326521929229296,,,672960.0,0,8,Top,159.67,156.08,,,,,-8.825630674665799,-144.6326085154102,-6.618385498475633,19.47444634223652,32.64305922686246,-21.979370594833163,3.036581365,1.532480315,3.0,83.4,-27.0,99.5,2320.0,6.3,823274,660710,664034,630105,823550,593428,657757,701538,665487,54.2,0.057,0.053,0.0,1.0,0.0,0.0,2.0,61,8,Sinker,3,3,3,3,3,3,3,3,Infield shade,Standard,139.0,0.08,-0.411,75.5,7.5,,0.058,0.411,88.0,0,0,0.418,0.582,27,29,27,30,1,3,1.0,1.0,5.0,5.0,1.67,1.24,1.24,38.7,2.2339053503281177,1.6766655476495118,35.93517329246082,30.505426287379784,22.494615975235593,Sinker,True
SI,2026-07-12,99.4,2.39,5.83,"Morejon, Adrian",662139,670970,,ball,,,,,12.0,,R,L,L,SD,TOR,B,,,2,2,2026,1.02,0.61,0.494032292379934,3.48403872869733,,,672960.0,0,8,Top,,,,,,,-7.548650884264871,-144.54301922599828,-2.287247819868507,16.102404299038078,33.15343255399332,-23.30449352188584,3.036581365,1.532480315,,,,99.4,2243.0,6.3,823274,660710,664034,630105,823550,593428,657757,701538,665487,54.21,,,,,,,,61,7,Sinker,3,3,3,3,3,3,3,3,Infield shade,Standard,139.0,-0.024,0.093,,,,,-0.093,,0,0,0.442,0.558,27,29,27,30,1,3,1.0,1.0,5.0,5.0,1.7,1.02,1.02,39.0,,,,,,Sinker,False
CH,2026-07-12,92.0,2.4,5.88,"Morejon, Adrian",662139,670970,,foul,,,,,13.0,,R,L,L,SD,TOR,S,,,2,2,2026,0.51,-0.3,-0.6518548004689384,0.8825085069501064,,,672960.0,0,8,Top,,,,,,,-8.759094891856888,-133.59059900324692,-5.84414539787574,8.0276248770631,30.59349785084076,-34.62595450233772,3.036581365,1.532480315,1.0,80.6,-40.0,91.7,971.0,6.4,823274,660710,664034,630105,823550,593428,657757,701538,665487,54.11,,,,,,,,61,6,Changeup,3,3,3,3,3,3,3,3,Infield shade,Standard,107.0,0.0,0.0,67.1,8.4,,,0.0,88.0,0,0,0.442,0.558,27,29,27,30,1,3,1.0,1.0,5.0,5.0,3.02,0.51,0.51,43.8,11.99104553906399,-5.210922836682807,32.145875349627055,42.33482779853212,31.669779008876844,Changeup,False
SL,2026-07-12,89.8,2.96,5.77,"Morejon, Adrian",662139,670970,,foul,,,,,5.0,,R,L,L,SD,TOR,S,,,2,2,2026,-0.56,-0.15,0.1697643126286284,2.188116233242474,,,672960.0,0,8,Top,,,,,,,-5.608319132019293,-130.76993491390925,-2.3840708186064523,-5.318966571750716,26.225661404088733,-33.645672148838294,3.036581365,1.532480315,,,,89.8,2789.0,6.2,823274,660710,664034,630105,823550,593428,657757,701538,665487,54.35,,,,,,,,61,5,Slider,3,3,3,3,3,3,3,3,Infield shade,Standard,273.0,0.0,0.0,,,,,0.0,,0,0,0.442,0.558,27,29,27,30,1,3,1.0,1.0,5.0,5.0,2.96,-0.56,-0.56,41.1,,,,,,Slider,False
FF,2026-07-12,99.3,2.31,6.01,"Morejon, Adrian",662139,670970,,ball,,,,,11.0,,R,L,L,SD,TOR,B,,,1,2,2026,0.39,1.19,-0.1305286006376609,4.167294329485473,,,672960.0,0,8,Top,,,,,,,-7.512035635002046,-144.43669434568366,-2.3008099971894245,7.268027687285305,34.91579022850925,-15.155678636827057,3.036581365,1.532480315,,,,99.2,2363.0,6.3,823274,660710,664034,630105,823550,593428,657757,701538,665487,54.18,,,,,,,,61,4,4-Seam Fastball,3,3,3,3,3,3,3,3,Infield shade,Standard,150.0,-0.01,0.043,,,,,-0.043,,0,0,0.452,0.548,27,29,27,30,1,3,1.0,1.0,5.0,5.0,1.13,0.39,0.39,43.0,,,,,,Four-seam,False
SL,2026-07-12,90.7,2.62,5.8,"Morejon, Adrian",662139,670970,,foul,,,,,4.0,,R,L,L,SD,TOR,S,,,1,1,2026,-0.38,0.11,-0.7265050306184129,2.033277101003479,,,672960.0,0,8,Top,,,,,,,-7.426050934584207,-131.98169798381403,-3.5413867456857533,-2.9396809063601497,27.0776040047896,-30.335436669668148,3.036581365,1.532480315,229.0,70.5,42.0,90.9,2957.0,6.3,823274,660710,664034,630105,823550,593428,657757,701538,665487,54.19,,,,,,,,61,3,Slider,3,3,3,3,3,3,3,3,Standard,Standard,269.0,0.017,-0.054,65.1,7.8,,,0.054,88.0,0,0,0.435,0.565,27,29,27,30,1,3,1.0,1.0,5.0,5.0,2.65,-0.38,-0.38,40.9,5.462887845456568,6.852468666299977,25.552004558906827,44.722576246093126,20.31233863599671,Slider,False
SI,2026-07-12,99.1,2.34,5.88,"Morejon, Adrian",662139,670970,,called_strike,,,,,4.0,,R,L,L,SD,TOR,S,,,1,0,2026,1.22,0.83,-0.2843951134389242,2.02382617617351,,,672960.0,0,8,Top,,,,,,,-9.979216929633964,-143.90485327760285,-6.795414733061592,19.37763986148684,34.86239270933101,-19.192045361591784,3.036581365,1.532480315,,,,98.8,2370.0,6.3,823274,660710,664034,630105,823550,593428,657757,701538,665487,54.17,,,,,,,,61,2,Sinker,3,3,3,3,3,3,3,3,Standard,Standard,147.0,0.013,-0.052,,,,,0.052,,0,0,0.422,0.578,27,29,27,30,1,3,1.0,1.0,5.0,5.0,1.51,1.22,1.22,39.1,,,,,,Sinker,False
SI,2026-07-12,100.1,2.25,5.88,"Morejon, Adrian",662139,670970,,ball,,,,,11.0,,R,L,L,SD,TOR,B,,,0,0,2026,1.21,0.8,-1.7027944747838843,2.393142006976075,,,672960.0,0,8,Top,,,,,,,-13.641376817865012,-145.0938026555988,-5.894580649145435,20.38093325560592,35.32469831016086,-19.535012890161337,3.036581365,1.532480315,,,,99.7,2335.0,6.4,823274,660710,664034,630105,823550,593428,657757,701538,665487,54.13,,,,,,,,61,1,Sinker,3,3,3,3,3,3,3,3,Standard,Standard,143.0,-0.01,0.037,,,,,-0.037,,0,0,0.432,0.568,27,29,27,30,1,3,1.0,1.0,5.0,5.0,1.5,1.21,1.21,38.3,,,,,,Sinker,False
FF,2026-07-12,99.6,2.56,6.05,"Morejon, Adrian",672960,670970,single,hit_into_play,,,,,2.0,Kazuma Okamoto singles on a ground ball to left fielder Gavin Sheets.,R,R,L,SD,TOR,X,7.0,ground_ball,0,2,2026,0.48,1.16,0.0825859941656083,2.947536143198077,,,,0,8,Top,84.81,113.49,,,,,-7.845173216733797,-144.8773717511499,-5.713046681028143,8.578500647949518,32.36286474201081,-14.678464865374083,3.255987533,1.643208661,31.0,103.4,-4.0,99.6,2490.0,6.2,823274,660710,664034,630105,823550,593428,657757,701538,665487,54.27,0.335,0.302,0.9,1.0,1.0,0.0,2.0,60,3,4-Seam Fastball,3,3,3,3,3,3,3,3,Standard,Standard,149.0,-0.086,0.54,74.2,8.1,,0.372,-0.54,103.4,0,0,0.518,0.482,27,30,27,30,1,3,1.0,1.0,5.0,5.0,1.13,0.48,-0.48,43.9,17.486081303899674,-7.623108612903305,25.01908822046349,38.49203875636459,29.177875757386264,Four-seam,True
CH,2026-07-12,92.1,2.57,6.06,"Morejon, Adrian",672960,670970,,foul,,,,,9.0,,R,R,L,SD,TOR,S,,,0,1,2026,0.8,-0.24,0.7433161877591395,2.135346004405557,,,,0,8,Top,,,,,,,-6.336804615952145,-134.00788286915304,-3.3413231198898607,11.014629873740322,29.422838756512927,-34.57122727270796,3.255987533,1.643208661,153.0,77.3,72.0,91.8,1057.0,6.2,823274,660710,664034,630105,823550,593428,657757,701538,665487,54.33,,,,,,,,60,2,Changeup,3,3,3,3,3,3,3,3,Standard,Standard,107.0,0.011,-0.054,74.1,8.6,,,0.054,88.0,0,0,0.507,0.493,27,30,27,30,1,3,1.0,1.0,5.0,5.0,2.93,0.8,-0.8,41.0,19.769032606208473,-2.0179158078274706,33.914981627079825,46.57883626475581,25.855148565863853,Changeup,False
SI,2026-07-12,99.6,2.63,5.95,"Morejon, Adrian",672960,670970,,foul,,,,,3.0,,R,R,L,SD,TOR,S,,,0,0,2026,1.19,0.76,0.4956341542874343,2.836361333417206,,,,0,8,Top,,,,,,,-8.612365542481395,-144.76162231277178,-4.765879443073239,18.668367531468824,32.959220959356564,-20.617788820741445,3.255987533,1.643208661,182.0,82.6,14.0,99.7,2496.0,6.4,823274,660710,664034,630105,823550,593428,657757,701538,665487,54.15,,,,,,,,60,1,Sinker,3,3,3,3,3,3,3,3,Standard,Standard,144.0,0.007,-0.041,74.7,8.1,,,0.041,88.0,0,0,0.5,0.5,27,30,27,30,1,3,1.0,1.0,5.0,5.0,1.54,1.19,-1.19,39.2,16.339197536652534,1.3405365487505196,29.148680296207992,45.10491076134025,25.85255404560379,Sinker,False
SI,2026-07-12,99.3,2.45,5.91,"Morejon, Adrian",665489,670970,field_out,hit_into_play,,,,,4.0,Vladimir Guerrero Jr. lines out sharply to center fielder Jackson Merrill.,R,R,L,SD,TOR,X,8.0,line_drive,3,1,2026,1.32,0.8,-0.4133720538130534,2.5655606807316422,,,,2,7,Top,152.63,60.9,,,,,-10.848254850754868,-144.24740762342526,-5.435581482595678,20.82232737639145,31.36465561842716,-19.913323627087703,3.208595801,1.619291339,348.0,101.0,19.0,99.3,2436.0,6.3,823274,660710,664034,630105,823550,593428,657757,701538,665487,54.25,0.389,0.468,0.0,1.0,0.0,0.0,5.0,55,5,Sinker,3,3,3,3,3,3,3,3,Standard,Standard,140.0,0.028,-0.403,76.8,7.3,,0.729,0.403,101.0,0,0,0.56,0.44,27,27,27,27,1,3,1.0,1.0,5.0,5.0,1.51,1.32,-1.32,39.3,-3.965219134163953,-4.079251753714784,30.39387566016067,35.32904633233184,29.22398072587965,Sinker,True
SI,2026-07-12,99.5,2.87,5.91,"Morejon, Adrian",665489,670970,,ball,,,,,14.0,,R,R,L,SD,TOR,B,,,2,1,2026,1.24,0.87,1.480561599450296,2.3378974868001223,,,,2,7,Top,,,,,,,-6.678236620026023,-144.73984914524706,-6.257238941488953,18.94189725713729,31.82835373060264,-18.692645197702703,3.208595801,1.619291339,,,,99.3,2406.0,6.1,823274,660710,664034,630105,823550,593428,657757,701538,665487,54.43,,,,,,,,55,4,Sinker,3,3,3,3,3,3,3,3,Standard,Standard,141.0,-0.006,0.101,,,,,-0.101,,0,0,0.566,0.434,27,27,27,27,1,3,1.0,1.0,5.0,5.0,1.42,1.24,-1.24,37.4,,,,,,Sinker,False
CH,2026-07-12,90.9,2.66,5.96,"Morejon, Adrian",665489,670970,,ball,,,,,12.0,,R,R,L,SD,TOR,B,,,1,1,2026,0.64,-0.1,1.235599616670624,2.420149437754756,,,,2,7,Top,,,,,,,-4.901530898250147,-132.3121484053373,-2.5307447494845614,8.59379331019716,27.53845700189472,-33.07878915528587,3.208595801,1.619291339,,,,90.6,1021.0,6.0,823274,660710,664034,630105,823550,593428,657757,701538,665487,54.46,,,,,,,,55,3,Changeup,3,3,3,3,3,3,3,3,Standard,Standard,112.0,-0.003,0.055,,,,,-0.055,,0,0,0.569,0.431,27,27,27,27,1,3,1.0,1.0,5.0,5.0,2.86,0.64,-0.64,41.3,,,,,,Changeup,False
SI,2026-07-12,99.6,2.54,5.91,"Morejon, Adrian",665489,670970,,called_strike,,,,,2.0,,R,R,L,SD,TOR,S,,,1,0,2026,1.35,0.72,-0.1863555829008485,2.7298253472920138,,,,2,7,Top,,,,,,,-10.560208532990575,-144.72816228361177,-4.868438225995474,21.30382501504083,31.550757225869695,-21.116329848281953,3.208595801,1.619291339,,,,99.6,2376.0,6.2,823274,660710,664034,630105,823550,593428,657757,701538,665487,54.26,,,,,,,,55,2,Sinker,3,3,3,3,3,3,3,3,Standard,Standard,142.0,0.003,-0.056,,,,,0.056,,0,0,0.566,0.434,27,27,27,27,1,3,1.0,1.0,5.0,5.0,1.57,1.35,-1.35,37.0,,,,,,Sinker,False
SL,2026-07-12,90.3,2.93,5.98,"Morejon, Adrian",665489,670970,,ball,,,,,14.0,,R,R,L,SD,TOR,B,,,0,0,2026,-0.37,0.35,1.0537469478522563,2.314699915046976,,,,2,7,Top,,,,,,,-3.792939610900594,-131.64977695472282,-3.777475600832976,-3.6239184155259423,24.720377920105893,-27.541419539992596,3.208595801,1.619291339,,,,90.4,2741.0,6.0,823274,660710,664034,630105,823550,593428,657757,701538,665487,54.51,,,,,,,,55,1,Slider,3,3,3,3,3,3,3,3,Standard,Standard,291.0,-0.002,0.041,,,,,-0.041,,0,0,0.568,0.432,27,27,27,27,1,3,1.0,1.0,5.0,5.0,2.41,-0.37,0.37,38.8,,,,,,Slider,False
CH,2026-07-12,91.3,2.7,6.03,"Morejon, Adrian",664702,670970,field_out,hit_into_play,,,,,6.0,"Myles Straw grounds out, third baseman Sung-Mun Song to first baseman Ty France.",R,R,L,SD,TOR,X,5.0,ground_ball,0,1,2026,0.68,0.0,0.2984370908740184,2.0258106651444683,,,,1,7,Top,97.37,168.74,,,,,-7.412334533674967,-132.72375585462478,-3.914754390252231,9.628508595260994,28.613834194979823,-31.57061443729187,3.073441601,1.551082677,11.0,88.4,-11.0,90.9,949.0,6.1,823274,660710,664034,630105,823550,593428,657757,701538,665487,54.41,0.177,0.16,0.0,1.0,0.0,0.0,2.0,54,2,Changeup,3,3,3,3,3,3,3,3,Standard,Standard,114.0,0.025,-0.22,67.3,7.7,,0.204,0.22,88.4,0,0,0.543,0.457,27,31,27,32,1,0,1.0,2.0,5.0,5.0,2.75,0.68,-0.68,40.3,13.87813007296285,-13.534188412722049,29.99071629531016,37.576437656798085,36.96773598532724,Changeup,True
SI,2026-07-12,99.5,2.69,5.95,"Morejon, Adrian",664702,670970,,called_strike,,,,,4.0,,R,R,L,SD,TOR,S,,,0,0,2026,1.32,0.58,-0.535265931596651,2.0492341644636314,,,,1,7,Top,,,,,,,-11.815901685272404,-144.35866284498826,-6.395253811510487,21.22711064045416,34.13147213939585,-22.70175030272682,3.073441601,1.551082677,,,,98.9,2335.0,6.1,823274,660710,664034,630105,823550,593428,657757,701538,665487,54.36,,,,,,,,54,1,Sinker,3,3,3,3,3,3,3,3,Standard,Standard,146.0,0.004,-0.041,,,,,0.041,,0,0,0.539,0.461,27,31,27,32,1,0,1.0,2.0,5.0,5.0,1.74,1.32,-1.32,38.6,,,,,,Sinker,False
CH,2026-07-12,90.6,2.72,6.07,"Morejon, Adrian",676391,670970,strikeout,swinging_strike_blocked,,,,,14.0,Ernie Clement strikes out swinging.,R,R,L,SD,TOR,S,2.0,,1,2,2026,1.09,-0.55,0.1459935459585595,-0.7522357301735751,,,,0,7,Top,,,,,,,-8.650397973325596,-131.34327621156874,-9.415224940855712,14.584364585588084,31.126789807773545,-36.41652560707238,3.191043307,1.610433071,,,,89.5,1176.0,6.1,823274,660710,664034,630105,823550,593428,657757,701538,665487,54.41,,0.0,0.0,1.0,0.0,0.0,,53,4,Changeup,3,3,3,3,3,3,3,3,Standard,Standard,109.0,0.027,-0.187,54.4,8.3,7.531530744,,0.187,,0,0,0.512,0.488,27,30,27,30,1,3,1.0,1.0,5.0,5.0,3.38,1.09,-1.09,46.3,15.371242719491155,-12.795705253753034,45.239063394789554,38.6978394093141,33.80634410685437,Changeup,True
CH,2026-07-12,90.9,2.78,6.0,"Morejon, Adrian",676391,670970,,swinging_strike,,,,,14.0,,R,R,L,SD,TOR,S,,,1,1,2026,0.96,-0.02,0.0615582695859396,0.0032515225594829,,,,0,7,Top,,,,,,,-8.751238276148136,-131.88567255029156,-8.721138412974584,12.99137869248808,26.966525813490637,-30.769049034863407,3.191043307,1.610433071,,,,90.5,1121.0,6.1,823274,660710,664034,630105,823550,593428,657757,701538,665487,54.39,,,,,,,,53,3,Changeup,3,3,3,3,3,3,3,3,Standard,Standard,95.0,0.01,-0.06,52.3,8.2,4.855984188,,0.06,,0,0,0.502,0.498,27,30,27,30,1,3,1.0,1.0,5.0,5.0,2.79,0.96,-0.96,39.3,19.19581126650943,-10.342548862719775,42.88301510868185,38.00858561285352,35.01065539916213,Changeup,False
FF,2026-07-12,97.3,2.45,6.12,"Morejon, Adrian",676391,670970,,ball,,,,,12.0,,R,R,L,SD,TOR,B,,,0,1,2026,0.45,1.52,0.7456118789666899,4.033258703842613,,,,0,7,Top,,,,,,,-5.533981713211315,-141.66019946701334,-3.463519533208464,7.300851036310751,30.92161981514627,-11.05854371824642,3.191043307,1.610433071,,,,97.2,2415.0,6.1,823274,660710,664034,630105,823550,593428,657757,701538,665487,54.39,,,,,,,,53,2,4-Seam Fastball,3,3,3,3,3,3,3,3,Standard,Standard,150.0,-0.004,0.029,,,,,-0.029,,0,0,0.506,0.494,27,30,27,30,1,3,1.0,1.0,5.0,5.0,0.88,0.45,-0.45,46.4,,,,,,Four-seam,False
SI,2026-07-12,98.3,2.64,5.99,"Morejon, Adrian",676391,670970,,foul,,,,,3.0,,R,R,L,SD,TOR,S,,,0,0,2026,1.23,0.81,0.5727618537015351,2.9562809950572184,,,,0,7,Top,,,,,,,-8.374760633722763,-142.93663431202447,-4.505010885287358,18.784823787446033,29.48268269481184,-20.157423144026023,3.191043307,1.610433071,225.0,79.8,56.0,98.2,2510.0,6.0,823274,660710,664034,630105,823550,593428,657757,701538,665487,54.45,,,,,,,,53,1,Sinker,3,3,3,3,3,3,3,3,Standard,Standard,144.0,0.006,-0.041,64.8,6.6,,,0.041,88.0,0,0,0.5,0.5,27,30,27,30,1,3,1.0,1.0,5.0,5.0,1.53,1.23,-1.23,37.8,5.044107043927715,19.884448258416537,24.399274206506647,43.92824750707095,16.21227043906222,Sinker,False
,2026-07-12,,,,"Morejon, Adrian",672386,670970,intent_walk,automatic_ball,,,,,,Adrian Morejon intentionally walks Alejandro Kirk.,R,R,L,SD,TOR,B,,,3,0,2026,,,,,,662139.0,,2,8,Top,,,,,,,,,,,,,,,,,,,,,823274,660710,664034,630105,823550,593428,657757,701538,665487,,,,0.4,,0.0,0.0,,63,4,,3,3,3,3,3,3,3,3,,,,-0.005,,,,,,,,0,0,0.52,0.48,27,27,27,28,1,0,1.0,1.0,5.0,5.0,,,,,,,,,,,True
,2026-07-12,,,,"Morejon, Adrian",672386,670970,,automatic_ball,,,,,,,R,R,L,SD,TOR,B,,,1,0,2026,,,,,,662139.0,,2,8,Top,,,,,,,,,,,,,,,,,,,,,823274,660710,664034,630105,823550,593428,657757,701538,665487,,,,,,,,,63,2,,3,3,3,3,3,3,3,3,,,,-0.003,,,,,,,,0,0,0.527,0.473,27,27,27,28,1,0,1.0,1.0,5.0,5.0,,,,,,,,,,,False
,2026-07-12,,,,"Morejon, Adrian",672386,670970,,automatic_ball,,,,,,,R,R,L,SD,TOR,B,,,0,0,2026,,,,,,662139.0,,2,8,Top,,,,,,,,,,,,,,,,,,,,,823274,660710,664034,630105,823550,593428,657757,701538,665487,,,,,,,,,63,1,,3,3,3,3,3,3,3,3,,,,-0.001,,,,,,,,0,0,0.528,0.472,27,27,27,28,1,0,1.0,1.0,5.0,5.0,,,,,,,,,,,False
,2026-07-12,,,,"Morejon, Adrian",672386,670970,,automatic_ball,,,,,,,R,R,L,SD,TOR,B,,,2,0,2026,,,,,,662139.0,,2,8,Top,,,,,,,,,,,,,,,,,,,,,823274,660710,664034,630105,823550,593428,657757,701538,665487,,,,,,,,,63,3,,3,3,3,3,3,3,3,3,,,,-0.004,,,,,,,,0,0,0.524,0.476,27,27,27,28,1,0,1.0,1.0,5.0,5.0,,,,,,,,,,,False
SI,2026-07-11,99.8,2.59,5.78,"Morejon, Adrian",676391,670970,grounded_into_double_play,hit_into_play,,,,,8.0,"Ernie Clement grounds into a double play, shortstop Xander Bogaerts to second baseman Jake Cronenworth to first baseman Ty France. Luis Urías out at 2nd. Ernie Clement out at 1st.",R,R,L,SD,TOR,X,6.0,ground_ball,0,0,2026,1.39,0.54,0.2014422283769537,1.933230115498244,,,649966.0,1,8,Top,112.28,155.23,,,,,-9.795221798783132,-144.93030444913762,-6.191437585826123,21.995736433064,36.58080023530977,-23.16949128257624,3.191043307,1.610433071,10.0,94.0,-12.0,99.2,2358.0,6.3,823276,669134,664034,630105,823550,593428,657757,701538,665487,54.23,0.152,0.146,0.0,1.0,0.0,0.0,2.0,75,1,Sinker,8,7,7,8,7,8,7,8,Standard,Standard,146.0,0.13,-0.32,75.6,6.7,,0.17,0.32,94.0,1,-1,0.737,0.263,27,30,27,30,1,4,2.0,1.0,1.0,1.0,1.77,1.39,-1.39,38.0,-1.4921064576913754,3.7513934702408096,33.948737016539845,37.9114465635001,24.309250494356917,Sinker,True
CH,2026-07-11,92.4,2.7,5.85,"Morejon, Adrian",682729,670970,strikeout,swinging_strike,,,,,14.0,Jonatan Clase strikes out swinging.,R,R,L,SD,TOR,S,2.0,,1,2,2026,1.01,-0.4,0.1630371253621825,0.820859047568784,,,649966.0,0,8,Top,,,,,,,-8.60647818314806,-134.12499643563802,-5.754333776313124,14.128939626399298,30.77322432049728,-35.896347777762024,3.120833333,1.575,,,,91.9,1043.0,6.3,823276,669134,664034,630105,823550,593428,657757,701538,665487,54.23,,0.0,0.0,1.0,0.0,0.0,,74,5,Changeup,8,7,7,8,7,8,7,8,Standard,Standard,100.0,0.056,-0.173,75.6,8.0,2.635353624,,0.173,,1,-1,0.681,0.319,27,24,27,24,1,3,2.0,1.0,1.0,1.0,3.1,1.01,-1.01,39.7,29.582090655365835,-32.24595867070386,31.20447847876957,36.67155049628573,38.34601906049125,Changeup,True
FF,2026-07-11,99.4,2.52,5.91,"Morejon, Adrian",682729,670970,,foul,,,,,6.0,,R,R,L,SD,TOR,S,,,1,2,2026,0.58,1.4,0.3982774809085256,2.5653549080115505,,,649966.0,0,8,Top,,,,,,,-7.118094641969832,-144.34896500188938,-6.799093853358032,9.938294569590314,37.47202532129643,-11.215220203318784,3.120833333,1.575,224.0,73.6,28.0,98.7,2534.0,6.3,823276,669134,664034,630105,823550,593428,657757,701538,665487,54.24,,,,,,,,74,4,4-Seam Fastball,8,7,7,8,7,8,7,8,Standard,Standard,147.0,0.0,0.0,76.2,6.3,,,0.0,88.0,1,-1,0.681,0.319,27,24,27,24,1,3,2.0,1.0,1.0,1.0,0.94,0.58,-0.58,43.3,-36.25784380656511,3.99542199060771,36.29113045547358,37.39623539276032,23.2029072407143,Four-seam,False
FF,2026-07-11,98.4,2.57,5.96,"Morejon, Adrian",682729,670970,,foul_bunt,,,,,1.0,,R,R,L,SD,TOR,S,,,1,1,2026,0.41,1.32,-0.5437231280764095,3.170405044998783,,,649966.0,0,8,Top,,,,,,,-9.274976686751504,-142.84806446577173,-4.952774650170923,7.869085254873443,35.370254809734874,-13.188326134634297,3.120833333,1.575,,,,97.9,2381.0,6.3,823276,669134,664034,630105,823550,593428,657757,701538,665487,54.17,,,,,,,,74,3,4-Seam Fastball,8,7,7,8,7,8,7,8,Standard,Standard,138.0,0.02,-0.054,9.8,0.8,,,0.054,88.0,1,-1,0.661,0.339,27,24,27,24,1,3,2.0,1.0,1.0,1.0,1.06,0.41,-0.41,41.8,-20.750912127385835,178.75302926536273,89.48469974450242,26.995788407542427,20.292614332848174,Four-seam,False
FF,2026-07-11,99.2,2.49,5.88,"Morejon, Adrian",682729,670970,,foul_bunt,,,,,2.0,,R,R,L,SD,TOR,S,,,1,0,2026,0.62,1.34,-0.142327697934585,2.8767470290821286,,,649966.0,0,8,Top,,,,,,,-8.567481510776233,-144.10971771933666,-5.727405588335121,10.788661814364389,36.77209197722092,-12.307125553998036,3.120833333,1.575,,,,98.7,2480.0,6.3,823276,669134,664034,630105,823550,593428,657757,701538,665487,54.17,,,,,,,,74,2,4-Seam Fastball,8,7,7,8,7,8,7,8,Standard,Standard,143.0,0.016,-0.052,13.2,1.1,,,0.052,88.0,1,-1,0.645,0.355,27,24,27,24,1,3,2.0,1.0,1.0,1.0,1.0,0.62,-0.62,42.5,-42.54259685390176,-175.63343767863168,41.190074695561705,33.18955466332801,21.826171103064752,Four-seam,False
SI,2026-07-11,99.8,2.7,5.88,"Morejon, Adrian",682729,670970,,ball,,,,,11.0,,R,R,L,SD,TOR,B,,,0,0,2026,1.49,0.8,-0.422474970421981,3.509109804995475,,,649966.0,0,8,Top,,,,,,,-11.99045995572131,-144.7375196050142,-2.7803278263867917,23.82165292943724,37.50147781285509,-20.547909673826073,3.120833333,1.575,,,,99.0,2635.0,6.3,823276,669134,664034,630105,823550,593428,657757,701538,665487,54.22,,,,,,,,74,1,Sinker,8,7,7,8,7,8,7,8,Standard,Standard,259.0,-0.012,0.037,,,,,-0.037,,1,-1,0.657,0.343,27,24,27,24,1,3,2.0,1.0,1.0,1.0,1.53,1.49,-1.49,38.5,,,,,,Sinker,False
CH,2026-07-11,92.1,2.85,5.99,"Morejon, Adrian",649966,670970,single,hit_into_play,,,,,9.0,Luis Urías singles on a ground ball to left fielder Gavin Sheets.,R,R,L,SD,TOR,X,7.0,ground_ball,1,2,2026,0.73,-0.44,0.6277571157156963,1.6396098891507211,,,,0,8,Top,106.92,169.67,,,,,-7.144771542839786,-133.89613776349273,-3.9533681596175505,10.376591607700362,30.818591337362573,-36.68855721449353,3.090994095,1.559940945,27.0,96.8,-3.0,91.4,927.0,6.1,823276,669134,664034,630105,823550,593428,657757,701538,665487,54.41,0.317,0.29,0.9,1.0,1.0,0.0,2.0,73,5,Changeup,8,7,7,8,7,8,7,8,Standard,Standard,106.0,-0.104,0.517,70.4,8.1,,0.359,-0.517,96.8,1,-1,0.761,0.239,27,29,27,29,1,0,2.0,1.0,1.0,6.0,3.14,0.73,-0.73,42.3,3.1439554091181896,-13.637356114689773,26.58400385834127,43.98121184839289,35.02281624451069,Changeup,True
FF,2026-07-11,99.9,2.62,5.95,"Morejon, Adrian",649966,670970,,foul,,,,,2.0,,R,R,L,SD,TOR,S,,,1,2,2026,0.6,1.52,0.0121807130127996,2.7232174106825076,,,,0,8,Top,,,,,,,-8.490160993247006,-145.12612602729078,-6.879933825719553,10.533187247249948,36.08328131313284,-9.26942298417904,3.090994095,1.559940945,264.0,81.2,29.0,99.2,2551.0,6.1,823276,669134,664034,630105,823550,593428,657757,701538,665487,54.35,,,,,,,,73,4,4-Seam Fastball,8,7,7,8,7,8,7,8,Standard,Standard,147.0,0.0,0.0,74.5,8.1,,,0.0,88.0,1,-1,0.761,0.239,27,29,27,29,1,0,2.0,1.0,1.0,6.0,0.78,0.6,-0.6,44.6,12.379010032969388,-19.27376884374351,26.14674527358699,37.049136863780525,40.75634338726589,Four-seam,False
CH,2026-07-11,91.4,2.7,5.9,"Morejon, Adrian",649966,670970,,ball,,,,,13.0,,R,R,L,SD,TOR,B,,,0,2,2026,0.72,-0.04,-0.3372360860465272,0.895630570841381,,,,0,8,Top,,,,,,,-9.124137446175258,-132.76717446099082,-6.332211721377682,10.499923857333677,29.542413631011044,-31.428834948485672,3.090994095,1.559940945,,,,91.2,962.0,6.3,823276,669134,664034,630105,823550,593428,657757,701538,665487,54.17,,,,,,,,73,3,Changeup,8,7,7,8,7,8,7,8,Standard,Standard,117.0,-0.006,0.022,,,,,-0.022,,1,-1,0.767,0.233,27,29,27,29,1,0,2.0,1.0,1.0,6.0,2.79,0.72,-0.72,42.8,,,,,,Changeup,False
CH,2026-07-11,92.4,2.7,5.95,"Morejon, Adrian",649966,670970,,swinging_strike,,,,,13.0,,R,R,L,SD,TOR,S,,,0,1,2026,0.65,-0.24,-0.1362141177227117,0.7846588808640904,,,,0,8,Top,,,,,,,-8.525298756648759,-134.15922783777916,-6.493756755237939,9.67565012705397,29.332207123393108,-33.826203663660195,3.090994095,1.559940945,,,,92.0,916.0,6.2,823276,669134,664034,630105,823550,593428,657757,701538,665487,54.33,,,,,,,,73,2,Changeup,8,7,7,8,7,8,7,8,Standard,Standard,107.0,0.014,-0.054,63.8,7.7,1.217354892,,0.054,,1,-1,0.753,0.247,27,29,27,29,1,0,2.0,1.0,1.0,6.0,2.93,0.65,-0.65,44.5,3.0436241499936094,-9.18897208974282,30.882809528615415,36.68349149138217,30.8328594066361,Changeup,False
SI,2026-07-11,99.9,2.63,5.88,"Morejon, Adrian",649966,670970,,called_strike,,,,,2.0,,R,R,L,SD,TOR,S,,,0,0,2026,1.28,0.86,-0.1712444715493581,3.1142183981833065,,,,0,8,Top,,,,,,,-10.65271591333182,-145.0010020898428,-4.038087704095729,20.664629970326423,37.06852480516213,-19.240387558592843,3.090994095,1.559940945,,,,99.1,2411.0,6.2,823276,669134,664034,630105,823550,593428,657757,701538,665487,54.28,,,,,,,,73,1,Sinker,8,7,7,8,7,8,7,8,Standard,Standard,143.0,0.008,-0.041,,,,,0.041,,1,-1,0.745,0.255,27,29,27,29,1,0,2.0,1.0,1.0,6.0,1.45,1.28,-1.28,37.2,,,,,,Sinker,False
SI,2026-07-09,99.2,2.52,5.82,"Morejon, Adrian",545121,670970,field_out,hit_into_play,,,,,8.0,"Ildemaro Vargas grounds out, third baseman Manny Machado to first baseman Jake Cronenworth.",R,R,L,SD,AZ,X,5.0,ground_ball,2,0,2026,1.23,0.74,0.1818462242127261,1.6101535531818796,,,,2,9,Top,99.01,168.25,,,,,-9.197002132155678,-144.16699286470504,-7.603672513229803,19.20359987128479,31.53673859774444,-20.31909024047707,3.161204068,1.595374016,2.0,93.4,-47.0,99.1,2315.0,6.2,823277,669134,630105,823550,592518,593428,657757,701538,665487,54.34,0.104,0.094,0.0,1.0,0.0,0.0,2.0,64,3,Sinker,1,3,3,1,3,1,3,1,Standard,Standard,138.0,0.006,-0.367,71.3,7.2,,0.109,0.367,93.4,-2,2,0.089,0.911,27,34,27,35,1,0,4.0,1.0,2.0,1.0,1.57,1.23,-1.23,44.4,-2.065266070513433,4.512740730161586,34.281051414809696,36.52890244736385,23.545199867826163,Sinker,True
SL,2026-07-09,91.2,2.99,5.8,"Morejon, Adrian",545121,670970,,ball,,,,,12.0,,R,R,L,SD,AZ,B,,,1,0,2026,-0.35,0.07,1.4935943359732828,2.7805844799246815,,,,2,9,Top,,,,,,,-2.95074786590336,-132.8408152914473,-1.6881541891023966,-3.5228608712487235,27.657814334678765,-31.17905953809341,3.161204068,1.595374016,,,,91.0,2739.0,6.1,823277,669134,630105,823550,592518,593428,657757,701538,665487,54.42,,,,,,,,64,2,Slider,1,3,3,1,3,1,3,1,Standard,Standard,272.0,-0.001,0.064,,,,,-0.064,,-2,2,0.09,0.91,27,34,27,35,1,0,4.0,1.0,2.0,1.0,2.66,-0.35,0.35,39.4,,,,,,Slider,False
CH,2026-07-09,92.5,2.54,5.96,"Morejon, Adrian",545121,670970,,ball,,,,,2.0,,R,R,L,SD,AZ,B,,,0,0,2026,0.78,0.0,0.0782726165317649,3.19303826940581,,,,2,9,Top,,,,,,,-7.895550006749241,-134.5382012760295,-1.0494973733793782,11.132012128377706,28.38295343143932,-32.217660088488145,3.161204068,1.595374016,,,,92.3,928.0,6.1,823277,669134,630105,823550,592518,593428,657757,701538,665487,54.35,,,,,,,,64,1,Changeup,1,3,3,1,3,1,3,1,Standard,Standard,105.0,0.0,0.041,,,,,-0.041,,-2,2,0.09,0.91,27,34,27,35,1,0,4.0,1.0,2.0,1.0,2.67,0.78,-0.78,43.4,,,,,,Changeup,False
FF,2026-07-09,99.8,2.48,5.95,"Morejon, Adrian",694371,670970,strikeout,called_strike,,,,,5.0,Tommy Troy called out on strikes.,R,R,L,SD,AZ,S,2.0,,0,2,2026,0.32,1.42,-0.2662372654996096,2.3676282738800336,,,,1,9,Top,,,,,,,-8.207976829744524,-145.01827614644242,-7.61560454462797,6.477741590411619,34.55635361168688,-10.502036616757977,3.068175853,1.548425197,,,,99.7,2372.0,6.3,823277,669134,630105,823550,592518,593428,657757,701538,665487,54.16,,0.0,0.0,1.0,0.0,0.0,,63,3,4-Seam Fastball,1,3,3,1,3,1,3,1,Standard,Standard,143.0,0.004,-0.163,,,,,0.163,,-2,2,0.086,0.914,27,24,27,24,1,3,4.0,1.0,2.0,2.0,0.88,0.32,-0.32,41.3,,,,,,Four-seam,True
CH,2026-07-09,93.3,2.66,5.95,"Morejon, Adrian",694371,670970,,swinging_strike,,,,,5.0,,R,R,L,SD,AZ,S,,,0,1,2026,0.61,-0.18,0.1435889743143422,2.097133367204771,,,,1,9,Top,,,,,,,-7.731944554939353,-135.651504859181,-3.496872925889776,9.222772258673924,30.5082025183657,-33.80430018664102,3.068175853,1.548425197,,,,93.0,899.0,6.2,823277,669134,630105,823550,592518,593428,657757,701538,665487,54.27,,,,,,,,63,2,Changeup,1,3,3,1,3,1,3,1,Standard,Standard,105.0,0.001,-0.057,74.8,7.0,1.226353716,,0.057,,-2,2,0.085,0.915,27,24,27,24,1,3,4.0,1.0,2.0,2.0,2.81,0.61,-0.61,43.4,12.226950051644838,-3.191112384467031,28.48143858052096,39.7848277388492,31.457880087918735,Changeup,False
SI,2026-07-09,99.7,2.56,5.87,"Morejon, Adrian",694371,670970,,foul,,,,,6.0,,R,R,L,SD,AZ,S,,,0,0,2026,1.46,0.7,0.7975257782635543,2.259242104892368,,,,1,9,Top,,,,,,,-8.271996049619895,-144.94465929650897,-5.9946678600608685,22.548646807850456,33.58852305115363,-21.01804795425545,3.068175853,1.548425197,4.0,72.8,-26.0,99.6,2401.0,6.2,823277,669134,630105,823550,592518,593428,657757,701538,665487,54.26,,,,,,,,63,1,Sinker,1,3,3,1,3,1,3,1,Standard,Standard,139.0,0.001,-0.041,67.2,6.1,,,0.041,88.0,-2,2,0.084,0.916,27,24,27,24,1,3,4.0,1.0,2.0,2.0,1.59,1.46,-1.46,37.9,-5.622003120083508,31.14573345552295,27.535130463735197,47.39044171148498,11.987589774692267,Sinker,False
CH,2026-07-09,92.4,2.59,5.96,"Morejon, Adrian",571448,670970,strikeout,swinging_strike,,,,,13.0,Nolan Arenado strikes out swinging.,R,R,L,SD,AZ,S,2.0,,2,2,2026,0.73,-0.16,-1.12706111333559,0.8325686611613725,,,,0,9,Top,,,,,,,-10.906722740888306,-134.11290159769877,-6.635783006596822,11.05727580942315,27.327778394933457,-32.813926439954116,3.277050525,1.653838583,,,,92.3,974.0,6.3,823277,669134,630105,823550,592518,593428,657757,701538,665487,54.24,,0.0,0.0,1.0,0.0,0.0,,62,5,Changeup,1,3,3,1,3,1,3,1,Standard,Standard,107.0,0.007,-0.232,59.9,8.6,7.764025704,,0.232,,-2,2,0.077,0.923,27,35,27,35,1,3,4.0,1.0,2.0,1.0,2.83,0.73,-0.73,42.6,20.290704783656505,-23.729112020845363,38.67720683134132,26.452490013459123,45.041564396343176,Changeup,True
CH,2026-07-09,92.0,2.6,5.94,"Morejon, Adrian",571448,670970,,ball,,,,,14.0,,R,R,L,SD,AZ,B,,,1,2,2026,0.71,-0.64,0.2480264434282806,-0.1299416181306014,,,,0,9,Top,,,,,,,-7.418182218261712,-133.7304915140234,-7.815134597497026,10.06888126265661,28.09731165836156,-38.38874665368404,3.277050525,1.653838583,,,,91.7,1179.0,6.1,823277,669134,630105,823550,592518,593428,657757,701538,665487,54.38,,,,,,,,62,4,Changeup,1,3,3,1,3,1,3,1,Standard,Standard,105.0,-0.001,0.046,,,,,-0.046,,-2,2,0.078,0.922,27,35,27,35,1,3,4.0,1.0,2.0,1.0,3.33,0.71,-0.71,41.0,,,,,,Changeup,False
CH,2026-07-09,91.3,2.72,6.01,"Morejon, Adrian",571448,670970,,called_strike,,,,,6.0,,R,R,L,SD,AZ,S,,,1,1,2026,0.68,-0.5,0.7881751233251351,2.488364540386959,,,,0,9,Top,,,,,,,-6.27710813112128,-132.9450540150827,-1.7043210697091953,9.3740385481364,27.051263628419793,-38.03244126542858,3.277050525,1.653838583,,,,91.3,886.0,6.1,823277,669134,630105,823550,592518,593428,657757,701538,665487,54.38,,,,,,,,62,3,Changeup,1,3,3,1,3,1,3,1,Standard,Standard,108.0,0.002,-0.06,,,,,0.06,,-2,2,0.076,0.924,27,35,27,35,1,3,4.0,1.0,2.0,1.0,3.22,0.68,-0.68,41.0,,,,,,Changeup,False
SL,2026-07-09,91.0,2.84,5.89,"Morejon, Adrian",571448,670970,,ball,,,,,13.0,,R,R,L,SD,AZ,B,,,0,1,2026,-0.43,0.21,-0.4906830116817396,0.8548667384373267,,,,0,9,Top,,,,,,,-7.302042950202823,-132.37339485769257,-6.977777091234551,-3.737997634677369,24.6631667130124,-28.548507598874163,3.277050525,1.653838583,,,,91.2,2878.0,6.2,823277,669134,630105,823550,592518,593428,657757,701538,665487,54.33,,,,,,,,62,2,Slider,1,3,3,1,3,1,3,1,Standard,Standard,280.0,-0.001,0.029,,,,,-0.029,,-2,2,0.077,0.923,27,35,27,35,1,3,4.0,1.0,2.0,1.0,2.52,-0.43,0.43,39.6,,,,,,Slider,False
SI,2026-07-09,99.0,2.61,5.94,"Morejon, Adrian",571448,670970,,foul,,,,,6.0,,R,R,L,SD,AZ,S,,,0,0,2026,1.36,0.95,0.7542610104620402,2.4217696910506774,,,,0,9,Top,,,,,,,-8.171202260049,-143.95481855393817,-6.2030383616210365,20.73116471101947,32.314704048864854,-17.63303289588094,3.277050525,1.653838583,209.0,75.7,50.0,98.7,2378.0,6.1,823277,669134,630105,823550,592518,593428,657757,701538,665487,54.4,,,,,,,,62,1,Sinker,1,3,3,1,3,1,3,1,Standard,Standard,141.0,0.001,-0.041,,,,,0.041,88.0,-2,2,0.076,0.924,27,35,27,35,1,3,4.0,1.0,2.0,1.0,1.37,1.36,-1.36,38.8,,,,,,Sinker,False
FF,2026-07-05,99.6,2.26,5.99,"Morejon, Adrian",571970,670970,strikeout,swinging_strike,,,,,11.0,Max Muncy strikes out swinging.,R,L,L,LAD,SD,S,2.0,,0,2,2026,0.31,1.2,-0.0056536852638012,3.4925482830170265,,,605141.0,2,8,Bot,,,,,,,-6.885130699868961,-144.93592165193968,-4.167373541007382,5.927487147232044,33.4731024844602,-14.430913600843478,3.127854331,1.578543307,,,,100.0,2431.0,6.5,823931,669134,664034,823550,592518,593428,657757,701538,665487,54.03,,0.0,0.0,1.0,0.0,0.0,,69,3,4-Seam Fastball,2,5,2,5,5,2,2,5,Infield shade,Standard,150.0,-0.013,-0.173,69.2,6.1,0.825808248,,0.173,,-3,-3,0.047,0.047,27,35,27,36,1,0,2.0,1.0,4.0,1.0,1.09,0.31,0.31,45.7,11.250942198796746,4.598626506628172,24.64052201304404,37.95855863567215,28.91817297736148,Four-seam,True
FF,2026-07-05,99.4,2.21,6.0,"Morejon, Adrian",571970,670970,,swinging_strike,,,,,12.0,,R,L,L,LAD,SD,S,,,0,1,2026,0.31,1.37,0.3250126400029069,3.4061862153205396,,,605141.0,2,8,Bot,,,,,,,-5.864898861259526,-144.59630370985423,-4.794032591558675,5.784776632319336,33.97607062962676,-11.981917364805517,3.127854331,1.578543307,,,,99.5,2424.0,6.4,823931,669134,664034,823550,592518,593428,657757,701538,665487,54.13,,,,,,,,69,2,4-Seam Fastball,2,5,2,5,5,2,2,5,Infield shade,Standard,151.0,-0.006,-0.061,71.9,6.3,0.45224142,,0.061,,-3,-3,0.053,0.053,27,35,27,36,1,0,2.0,1.0,4.0,1.0,0.94,0.31,0.31,44.1,13.608076832956067,3.204941685280833,27.21604027600187,34.964669938710756,31.566155888319138,Four-seam,False
SL,2026-07-05,89.9,2.55,5.89,"Morejon, Adrian",571970,670970,,called_strike,,,,,2.0,,R,L,L,LAD,SD,S,,,0,0,2026,-0.5,-0.35,-0.1282538150781036,2.769610871083194,,,605141.0,2,8,Bot,,,,,,,-5.474104487182582,-130.8849897941241,-0.8286608383353088,-4.7007801549830734,26.670635986371448,-36.1933333377148,3.127854331,1.578543307,,,,90.2,2881.0,6.3,823931,669134,664034,823550,592518,593428,657757,701538,665487,54.15,,,,,,,,69,1,Slider,2,5,2,5,5,2,2,5,Infield shade,Standard,282.0,-0.003,-0.041,,,,,0.041,,-3,-3,0.056,0.056,27,35,27,36,1,0,2.0,1.0,4.0,1.0,3.15,-0.5,-0.5,42.6,,,,,,Slider,False
FF,2026-07-05,99.1,2.37,6.03,"Morejon, Adrian",606192,670970,field_out,hit_into_play,,,,,11.0,Teoscar Hernández flies out to right fielder Fernando Tatis Jr.,R,R,L,LAD,SD,X,9.0,fly_ball,2,2,2026,0.41,1.38,-0.6578184471860721,3.65744554751448,,,605141.0,1,8,Bot,162.24,118.35,,,,,-9.15075211356432,-144.1280181817572,-4.23553966291568,7.5620601252604125,29.220103549976383,-12.048946427355972,3.199819554,1.614862205,224.0,79.7,52.0,99.8,2353.0,6.4,823931,669134,664034,823550,592518,593428,657757,701538,665487,54.08,0.051,0.049,0.0,1.0,0.0,0.0,3.0,68,5,4-Seam Fastball,2,5,2,5,5,2,2,5,Standard,Standard,151.0,-0.031,-0.235,62.1,5.9,,0.066,0.235,88.0,-3,-3,0.087,0.087,27,33,27,34,1,3,2.0,1.0,4.0,1.0,0.92,0.41,-0.41,48.3,3.946535336836281,9.181092106391803,22.20464789678007,29.957603739668404,22.720656017856307,Four-seam,True
CH,2026-07-05,92.8,2.4,5.93,"Morejon, Adrian",606192,670970,,blocked_ball,,,,,13.0,,R,R,L,LAD,SD,B,,,1,2,2026,0.54,-0.47,-0.4374637897670371,-0.2362246850095308,,,605141.0,1,8,Bot,,,,,,,-8.345202099525421,-134.6700038707833,-8.590163978058095,8.366562880903006,29.607205573370234,-36.11715763200434,3.199819554,1.614862205,,,,92.7,887.0,6.4,823931,669134,664034,823550,592518,593428,657757,701538,665487,54.1,,,,,,,,68,4,Changeup,2,5,2,5,5,2,2,5,Standard,Standard,102.0,0.006,0.052,,,,,-0.052,,-3,-3,0.081,0.081,27,33,27,34,1,3,2.0,1.0,4.0,1.0,3.13,0.54,-0.54,47.5,,,,,,Changeup,False
CH,2026-07-05,92.0,2.58,5.98,"Morejon, Adrian",606192,670970,,blocked_ball,,,,,13.0,,R,R,L,LAD,SD,B,,,0,2,2026,0.53,0.72,-1.145350483738936,1.6014027340823491,,,605141.0,1,8,Bot,,,,,,,-10.483174834585263,-133.5547074590833,-6.622287255294596,8.519826929076347,27.422714217571727,-22.23635939892759,3.199819554,1.614862205,,,,92.0,1009.0,6.3,823931,669134,664034,823550,592518,593428,657757,701538,665487,54.17,,,,,,,,68,3,Changeup,2,5,2,5,5,2,2,5,Standard,Standard,100.0,0.003,0.018,,,,,-0.018,,-3,-3,0.078,0.078,27,33,27,34,1,3,2.0,1.0,4.0,1.0,1.97,0.53,-0.53,46.0,,,,,,Changeup,False
SI,2026-07-05,99.6,2.53,5.99,"Morejon, Adrian",606192,670970,,swinging_strike,,,,,12.0,,R,R,L,LAD,SD,S,,,0,1,2026,1.32,0.63,0.808523354393281,3.7072771417646218,,,605141.0,1,8,Bot,,,,,,,-7.79032049897039,-144.83956709373115,-2.208177574451919,20.341732606887007,32.40201684568787,-23.00526813339299,3.199819554,1.614862205,,,,99.7,2416.0,6.3,823931,669134,664034,823550,592518,593428,657757,701538,665487,54.2,,,,,,,,68,2,Sinker,2,5,2,5,5,2,2,5,Standard,Standard,142.0,-0.009,-0.058,67.1,6.6,1.525720128,,0.058,,-3,-3,0.087,0.087,27,33,27,34,1,3,2.0,1.0,4.0,1.0,1.66,1.32,-1.32,41.9,2.5331967259872763,28.611959377652383,22.524562067185784,47.92137657980136,10.83646238022012,Sinker,False
CH,2026-07-05,93.0,2.47,5.98,"Morejon, Adrian",606192,670970,,called_strike,,,,,8.0,,R,R,L,LAD,SD,S,,,0,0,2026,0.68,0.4,-0.1015282432057442,1.8914678402861056,,,605141.0,1,8,Bot,,,,,,,-8.016153375313271,-135.1255322049173,-5.360660305629363,10.093070408000314,28.779532690077076,-26.264172511121384,3.199819554,1.614862205,,,,93.0,968.0,6.3,823931,669134,664034,823550,592518,593428,657757,701538,665487,54.17,,,,,,,,68,1,Changeup,2,5,2,5,5,2,2,5,Standard,Standard,103.0,-0.005,-0.037,,,,,0.037,,-3,-3,0.092,0.092,27,33,27,34,1,3,2.0,1.0,4.0,1.0,2.24,0.68,-0.68,44.8,,,,,,Changeup,False
CH,2026-07-05,91.7,2.63,6.01,"Morejon, Adrian",605141,670970,walk,blocked_ball,,,,,13.0,Mookie Betts walks.,R,R,L,LAD,SD,B,,,3,2,2026,0.95,-0.05,-1.487487018818779,-0.4883365186850068,,,,1,8,Bot,,,,,,,-12.33136834232984,-132.719984424378,-10.154438839603326,13.684033442164958,25.253504661730684,-30.824190715658997,3.096259843,1.562598425,,,,91.8,936.0,6.4,823931,669134,664034,823550,592518,593428,657757,701538,665487,54.09,,0.698418,0.7,1.0,0.0,0.0,,67,6,Changeup,2,5,2,5,5,2,2,5,Strategic,Standard,106.0,0.027,0.339,,,,,-0.339,,-3,-3,0.065,0.065,27,33,27,34,1,3,2.0,1.0,4.0,1.0,2.76,0.95,-0.95,49.3,,,,,,Changeup,True
SI,2026-07-05,98.7,2.55,5.96,"Morejon, Adrian",605141,670970,,called_strike,,,,,2.0,,R,R,L,LAD,SD,S,,,3,1,2026,1.23,0.78,-0.168805509373259,3.0980046304715536,,,,1,8,Bot,,,,,,,-10.193478341226024,-143.4803158044333,-4.034916788373991,19.299254665388432,29.49395912746697,-20.632382067236176,3.096259843,1.562598425,,,,99.0,2303.0,6.3,823931,669134,664034,823550,592518,593428,657757,701538,665487,54.23,,,,,,,,67,5,Sinker,2,5,2,5,5,2,2,5,Strategic,Standard,146.0,-0.008,-0.092,,,,,0.092,,-3,-3,0.073,0.073,27,33,27,34,1,3,2.0,1.0,4.0,1.0,1.54,1.23,-1.23,41.5,,,,,,Sinker,False
FF,2026-07-05,98.6,2.48,6.04,"Morejon, Adrian",605141,670970,,called_strike,,,,,1.0,,R,R,L,LAD,SD,S,,,3,0,2026,0.54,1.16,-0.5695905354159959,3.015923982800569,,,,1,8,Bot,,,,,,,-9.466626059732551,-143.31418668470104,-5.338801575072753,9.527633772786972,30.30442659630815,-15.125619953887902,3.096259843,1.562598425,,,,99.0,2412.0,6.4,823931,669134,664034,823550,592518,593428,657757,701538,665487,54.14,,,,,,,,67,4,4-Seam Fastball,2,5,2,5,5,2,2,5,Strategic,Standard,147.0,-0.006,-0.078,,,,,0.078,,-3,-3,0.079,0.079,27,33,27,34,1,3,2.0,1.0,4.0,1.0,1.18,0.54,-0.54,51.7,,,,,,Four-seam,False
SL,2026-07-05,89.0,3.07,5.97,"Morejon, Adrian",605141,670970,,ball,,,,,12.0,,R,R,L,LAD,SD,B,,,2,0,2026,-0.55,-0.28,1.4767584597675265,3.263042842190298,,,,1,8,Bot,,,,,,,-2.6739449276933067,-129.7865052672859,0.0799381581613591,-5.832076443540637,23.5449777675544,-35.546659522751,3.096259843,1.562598425,,,,89.2,2833.0,6.0,823931,669134,664034,823550,592518,593428,657757,701538,665487,54.47,,,,,,,,67,3,Slider,2,5,2,5,5,2,2,5,Strategic,Standard,282.0,0.009,0.138,,,,,-0.138,,-3,-3,0.07,0.07,27,33,27,34,1,3,2.0,1.0,4.0,1.0,3.11,-0.55,0.55,39.5,,,,,,Slider,False
SI,2026-07-05,99.4,2.55,5.94,"Morejon, Adrian",605141,670970,,ball,,,,,14.0,,R,R,L,LAD,SD,B,,,1,0,2026,1.22,0.53,1.0463192180663137,2.269823609240286,,,,1,8,Bot,,,,,,,-6.979859935727931,-144.56654070133342,-5.736115155477873,18.665650768199416,30.647454405263503,-23.691043942696165,3.096259843,1.562598425,,,,99.9,2297.0,6.4,823931,669134,664034,823550,592518,593428,657757,701538,665487,54.11,,,,,,,,67,2,Sinker,2,5,2,5,5,2,2,5,Strategic,Standard,141.0,0.007,0.075,,,,,-0.075,,-3,-3,0.063,0.063,27,33,27,34,1,3,2.0,1.0,4.0,1.0,1.77,1.22,-1.22,41.3,,,,,,Sinker,False
FF,2026-07-05,99.1,2.38,6.04,"Morejon, Adrian",605141,670970,,ball,,,,,12.0,,R,R,L,LAD,SD,B,,,0,0,2026,0.4,0.97,1.0253482485826295,3.046693682548672,,,,1,8,Bot,,,,,,,-4.623512090370357,-144.30765841561268,-4.925994687087099,6.674186355094087,30.717927994869463,-17.651253428585694,3.096259843,1.562598425,,,,99.6,2335.0,6.3,823931,669134,664034,823550,592518,593428,657757,701538,665487,54.18,,,,,,,,67,1,4-Seam Fastball,2,5,2,5,5,2,2,5,Strategic,Standard,149.0,0.003,0.041,,,,,-0.041,,-3,-3,0.06,0.06,27,33,27,34,1,3,2.0,1.0,4.0,1.0,1.33,0.4,-0.4,45.1,,,,,,Four-seam,False
FF,2026-07-05,98.6,2.44,6.1,"Morejon, Adrian",518692,670970,field_out,hit_into_play,,,,,12.0,"Freddie Freeman grounds out, second baseman Sung-Mun Song to first baseman Ty France.",R,L,L,LAD,SD,X,4.0,ground_ball,0,2,2026,0.4,0.98,0.0280538784817278,3.829343446037418,,,,0,8,Bot,133.85,151.29,,,,,-7.41166427288836,-143.50402723564042,-2.9014698054764683,7.131305232767941,30.076146829907252,-18.13911160468374,3.382365486,1.706988189,68.0,69.8,5.0,99.1,2445.0,6.4,823931,669134,664034,823550,592518,593428,657757,701538,665487,54.15,0.155,0.14,0.0,1.0,0.0,0.0,2.0,66,3,4-Seam Fastball,2,5,2,5,5,2,2,5,Infield shade,Standard,148.0,-0.016,-0.164,65.0,6.1,,0.184,0.164,88.0,-3,-3,0.076,0.076,27,36,27,37,1,3,2.0,1.0,4.0,1.0,1.35,0.4,0.4,45.8,9.57000562478301,10.957202397914727,26.22352891750929,41.25150824699254,22.901465733481253,Four-seam,True
FF,2026-07-05,98.8,2.52,6.07,"Morejon, Adrian",518692,670970,,foul,,,,,5.0,,R,L,L,LAD,SD,S,,,0,1,2026,0.43,1.16,-0.1244797806985391,2.798829407272856,,,,0,8,Bot,,,,,,,-8.093861826561316,-143.68324545619967,-6.039396381313711,7.678610496992784,29.847299615594096,-14.860043378668305,3.382365486,1.706988189,207.0,79.0,20.0,98.9,2433.0,6.2,823931,669134,664034,823550,592518,593428,657757,701538,665487,54.33,,,,,,,,66,2,4-Seam Fastball,2,5,2,5,5,2,2,5,Infield shade,Standard,147.0,-0.007,-0.054,68.7,6.3,,,0.054,88.0,-3,-3,0.083,0.083,27,36,27,37,1,3,2.0,1.0,4.0,1.0,1.16,0.43,0.43,43.5,-2.80023900383018,14.896598023006067,36.18314374729982,43.63492963243331,18.526939084313288,Four-seam,False
SL,2026-07-05,89.4,2.83,5.96,"Morejon, Adrian",518692,670970,,swinging_strike,,,,,3.0,,R,L,L,LAD,SD,S,,,0,0,2026,-0.57,-0.03,0.3749003936618786,3.2517753770390594,,,,0,8,Bot,,,,,,,-4.748197000112641,-130.27590090512547,-0.4706585898875649,-5.634196987184062,25.071359924446853,-32.644178486922144,3.382365486,1.706988189,,,,89.8,2813.0,6.2,823931,669134,664034,823550,592518,593428,657757,701538,665487,54.25,,,,,,,,66,1,Slider,2,5,2,5,5,2,2,5,Infield shade,Standard,279.0,-0.004,-0.041,53.9,4.6,1.293634848,,0.041,,-3,-3,0.087,0.087,27,36,27,37,1,3,2.0,1.0,4.0,1.0,2.86,-0.57,-0.57,40.5,-28.681243447435403,60.11707643424358,38.577837256680674,38.378381744218686,-11.108050801223168,Slider,False
FF,2026-07-05,98.9,2.32,6.04,"Morejon, Adrian",681624,670970,strikeout,foul_tip,,,,,11.0,Andy Pages strikes out on a foul tip.,R,R,L,LAD,SD,S,2.0,,0,2,2026,0.43,1.17,-0.4526555788362439,3.386594932107287,690976.0,,660271.0,2,7,Bot,,,,,,,-8.486646484713877,-143.82479470467965,-4.419047677929243,7.9046671660802446,31.42712667434746,-15.050895950689812,3.23667979,1.633464567,,,,99.2,2382.0,6.4,823931,669134,664034,823550,592518,593428,657757,701538,665487,54.15,,0.0,0.0,1.0,0.0,0.0,,61,3,4-Seam Fastball,2,5,2,5,5,2,2,5,Standard,Standard,151.0,-0.034,-0.205,65.7,5.4,,,0.205,,-3,-3,0.106,0.106,27,25,27,26,1,3,2.0,1.0,4.0,1.0,1.15,0.43,-0.43,45.8,-19.190982905024164,26.124990755323484,41.06336810202238,28.591499341349873,10.067484860654767,Four-seam,True
SL,2026-07-05,89.6,2.76,5.85,"Morejon, Adrian",681624,670970,,called_strike,,,,,8.0,,R,R,L,LAD,SD,S,,,0,1,2026,-0.56,-0.24,-0.1609997454142482,1.9543531611829184,690976.0,,660271.0,2,7,Bot,,,,,,,-5.916342249679938,-130.36902267371894,-2.8747287192954394,-5.114494795185329,27.737260555953164,-34.476703290218644,3.23667979,1.633464567,,,,89.5,2823.0,6.3,823931,669134,664034,823550,592518,593428,657757,701538,665487,54.22,,,,,,,,61,2,Slider,2,5,2,5,5,2,2,5,Standard,Standard,283.0,-0.014,-0.052,,,,,0.052,,-3,-3,0.12,0.12,27,25,27,26,1,3,2.0,1.0,4.0,1.0,3.08,-0.56,0.56,42.2,,,,,,Slider,False
SI,2026-07-05,100.2,2.33,5.93,"Morejon, Adrian",681624,670970,,foul,,,,,7.0,,R,R,L,LAD,SD,S,,,0,0,2026,1.06,0.9,-0.5041478156674941,1.9642412235317637,690976.0,,660271.0,2,7,Bot,,,,,,,-10.231069747901984,-145.5764619442619,-7.586216068380264,17.19933080520683,28.32781634205831,-17.881779812095257,3.23667979,1.633464567,3.0,78.3,-30.0,100.8,2427.0,6.3,823931,669134,664034,823550,592518,593428,657757,701538,665487,54.19,,,,,,,,61,1,Sinker,2,5,2,5,5,2,2,5,Standard,Standard,144.0,-0.009,-0.029,50.6,6.7,,,0.029,88.0,-3,-3,0.129,0.129,27,25,27,26,1,3,2.0,1.0,4.0,1.0,1.35,1.06,-1.06,48.3,-3.860154097362138,13.322678933670849,44.84719859091338,28.837923017246325,18.400344911778497,Sinker,False
SI,2026-07-05,100.4,2.26,5.96,"Morejon, Adrian",660271,670970,single,hit_into_play,,,,,2.0,Shohei Ohtani singles on a line drive to center fielder Jackson Merrill. Kyle Tucker scores. Alex Freeland to 3rd.,R,L,L,LAD,SD,X,8.0,line_drive,3,2,2026,1.21,1.04,0.2731647244284041,2.9884625438307784,,663656.0,690976.0,2,7,Bot,117.9,102.06,,,,,-8.360346175079098,-146.00643282302718,-5.2141449420958725,19.188237856653497,32.910773035365345,-16.22376082896125,3.369201116,1.700344488,208.0,75.4,20.0,100.9,2443.0,6.5,823931,669134,664034,823550,592518,593428,657757,701538,665487,54.0,0.986,0.887,0.9,1.0,1.0,0.0,4.0,60,6,Sinker,1,5,1,5,5,2,2,5,Strategic,Standard,142.0,0.056,0.546,77.8,7.6,,1.016,-0.546,88.0,-4,-4,0.073,0.073,27,31,27,32,1,3,2.0,2.0,4.0,1.0,1.22,1.21,1.21,43.7,9.734387710494191,9.632809275668327,35.349818345378345,36.794513484659575,18.9658121354561,Sinker,True
SI,2026-07-05,99.7,2.32,5.95,"Morejon, Adrian",660271,670970,,called_strike,,,,,8.0,,R,L,L,LAD,SD,S,,,3,1,2026,1.3,1.11,-0.2632127039697858,2.0456859077644447,,663656.0,690976.0,2,7,Bot,,,,,,,-10.096981395310335,-144.69257310899178,-7.762504285535032,20.61318331280716,32.6776805199668,-14.839198236483062,3.369201116,1.700344488,,,,99.6,2438.0,6.3,823931,669134,664034,823550,592518,593428,657757,701538,665487,54.18,,,,,,,,60,5,Sinker,1,5,1,5,5,1,1,5,Standard,Standard,144.0,-0.009,-0.07,,,,,0.07,,-4,-4,0.082,0.082,27,31,27,32,1,3,2.0,2.0,4.0,1.0,1.19,1.3,1.3,42.4,,,,,,Sinker,False
FF,2026-07-05,99.5,2.18,6.04,"Morejon, Adrian",660271,670970,,ball,,,,,11.0,,R,L,L,LAD,SD,B,,,2,1,2026,0.57,1.43,-1.3071124852365616,2.658649062618674,,663656.0,690976.0,2,7,Bot,,,,,,,-10.805282438294672,-144.37493224000272,-7.067303268195412,10.513233386531525,33.76642460116972,-10.638922990390553,3.369201116,1.700344488,,,,99.5,2457.0,6.5,823931,669134,664034,823550,592518,593428,657757,701538,665487,54.02,,,,,,,,60,4,4-Seam Fastball,1,5,1,5,5,1,1,5,Standard,Standard,143.0,0.011,0.051,,,,,-0.051,,-4,-4,0.071,0.071,27,31,27,32,1,3,2.0,2.0,4.0,1.0,0.89,0.57,0.57,46.8,,,,,,Four-seam,False
SL,2026-07-05,90.6,2.79,5.94,"Morejon, Adrian",660271,670970,,ball,,,,,13.0,,R,L,L,LAD,SD,B,,,1,1,2026,-0.49,-0.24,-0.3292230590427685,1.2840606282641418,,663656.0,690976.0,2,7,Bot,,,,,,,-6.614717508068622,-131.9119861426004,-4.971610110558282,-4.5159223532235675,25.813189161636792,-34.20167160873799,3.369201116,1.700344488,,,,90.8,2861.0,6.2,823931,669134,664034,823550,592518,593428,657757,701538,665487,54.29,,,,,,,,60,3,Slider,1,5,1,5,5,1,1,5,Standard,Standard,282.0,0.005,0.038,,,,,-0.038,,-4,-4,0.066,0.066,27,31,27,32,1,3,2.0,2.0,4.0,1.0,3.0,-0.49,-0.49,43.3,,,,,,Slider,False
FF,2026-07-05,99.1,2.13,6.08,"Morejon, Adrian",660271,670970,,called_strike,,,,,13.0,,R,L,L,LAD,SD,S,,,1,0,2026,0.38,1.33,-0.8875853687794304,2.203975595280754,,663656.0,690976.0,2,7,Bot,,,,,,,-9.052086950015918,-143.9337239014378,-8.102299257357005,7.374736711898309,32.5651437538761,-11.913672780198526,3.369201116,1.700344488,,,,99.2,2435.0,6.4,823931,669134,664034,823550,592518,593428,657757,701538,665487,54.1,,,,,,,,60,2,4-Seam Fastball,1,5,1,5,5,1,1,5,Standard,Standard,151.0,-0.005,-0.044,,,,,0.044,,-4,-4,0.071,0.071,27,31,27,32,1,3,2.0,2.0,4.0,1.0,0.99,0.38,0.38,46.2,,,,,,Four-seam,False
FF,2026-07-05,100.0,2.22,5.99,"Morejon, Adrian",660271,670970,,ball,,,,,4.0,,R,L,L,LAD,SD,B,,,0,0,2026,0.46,1.29,-0.791562383846786,2.5352231814425967,,663656.0,690976.0,2,7,Bot,,,,,,,-9.327859453960498,-145.3664830235133,-7.093336688002109,8.646446704120118,31.58854737749046,-12.305386207289889,3.369201116,1.700344488,,,,100.5,2457.0,6.4,823931,669134,664034,823550,592518,593428,657757,701538,665487,54.07,,,,,,,,60,1,4-Seam Fastball,1,5,1,5,5,1,1,5,Standard,Standard,148.0,0.003,0.029,,,,,-0.029,,-4,-4,0.068,0.068,27,31,27,32,1,3,2.0,2.0,4.0,1.0,0.98,0.46,0.46,45.8,,,,,,Four-seam,False
FF,2026-07-05,99.4,2.09,6.1,"Morejon, Adrian",669242,670970,strikeout,swinging_strike,,,,,1.0,Tommy Edman strikes out swinging.,R,R,L,LAD,SD,S,2.0,,1,2,2026,0.52,1.39,-0.6496902513892286,3.115641147314802,,663656.0,690976.0,1,7,Bot,,,,,,,-8.642488002028022,-144.469992991094,-5.914406671611402,9.182833260260942,30.979243582897553,-11.40224550125384,3.102403215,1.565698819,,,,99.6,2405.0,6.3,823931,669134,664034,823550,592518,593428,657757,701538,665487,54.19,,0.0,0.0,1.0,0.0,0.0,,59,4,4-Seam Fastball,1,5,1,5,5,1,1,5,Standard,Standard,148.0,-0.031,-0.164,72.2,6.3,1.077886428,,0.164,,-4,-4,0.099,0.099,27,31,27,31,1,0,2.0,1.0,4.0,1.0,0.9,0.52,-0.52,48.2,5.93860951177404,17.88605485557137,23.09825933895704,30.693664162647423,16.467185083059583,Four-seam,True
FF,2026-07-05,98.7,2.23,6.08,"Morejon, Adrian",669242,670970,,swinging_strike,,,,,11.0,,R,R,L,LAD,SD,S,,,1,1,2026,0.65,1.4,-0.8931238901092667,3.5541224658454573,,663656.0,690976.0,1,7,Bot,,,,,,,-9.90964951949462,-143.35462697516414,-4.536646715982618,11.244021284746289,31.90288093957974,-12.016507955214909,3.102403215,1.565698819,,,,98.6,2386.0,6.3,823931,669134,664034,823550,592518,593428,657757,701538,665487,54.25,,,,,,,,59,3,4-Seam Fastball,1,5,1,5,5,1,1,5,Standard,Standard,146.0,-0.011,-0.064,70.0,6.0,1.061976336,,0.064,,-4,-4,0.11,0.11,27,31,27,31,1,0,2.0,1.0,4.0,1.0,0.95,0.65,-0.65,47.8,6.223611978006515,17.60939893430201,20.57481757387679,29.15460810557026,20.26814901465569,Four-seam,False
FF,2026-07-05,99.0,2.15,6.05,"Morejon, Adrian",669242,670970,,foul_tip,,,,,11.0,,R,R,L,LAD,SD,S,,,1,0,2026,0.5,1.38,-0.86704683655228,2.9242655132788595,,663656.0,690976.0,1,7,Bot,,,,,,,-9.305207823599806,-143.86979187148268,-6.215786353603397,8.948353741252138,31.35168188022538,-11.667640635668036,3.102403215,1.565698819,,,,99.4,2466.0,6.4,823931,669134,664034,823550,592518,593428,657757,701538,665487,54.08,,,,,,,,59,2,4-Seam Fastball,1,5,1,5,5,1,1,5,Standard,Standard,150.0,-0.009,-0.054,73.7,6.6,,,0.054,,-4,-4,0.119,0.119,27,31,27,31,1,0,2.0,1.0,4.0,1.0,0.94,0.5,-0.5,45.5,9.61234846750568,13.999593716042853,27.394801788604305,29.212037923228,23.288195927358423,Four-seam,False
SI,2026-07-05,100.7,2.19,6.0,"Morejon, Adrian",669242,670970,,ball,,,,,11.0,,R,R,L,LAD,SD,B,,,0,0,2026,1.25,0.86,-2.1059786577638153,2.658596108973199,,663656.0,690976.0,1,7,Bot,,,,,,,-14.800489544014765,-145.84787710395707,-5.821809876145272,21.18103036993395,32.25606130659216,-18.57187604069187,3.102403215,1.565698819,,,,101.0,2439.0,6.6,823931,669134,664034,823550,592518,593428,657757,701538,665487,53.94,,,,,,,,59,1,Sinker,1,5,1,5,5,1,1,5,Standard,Standard,144.0,0.007,0.04,,,,,-0.04,,-4,-4,0.112,0.112,27,31,27,31,1,0,2.0,1.0,4.0,1.0,1.4,1.25,-1.25,42.6,,,,,,Sinker,False
SI,2026-07-05,99.4,2.34,6.01,"Morejon, Adrian",690976,670970,single,hit_into_play,,,,,6.0,Alex Freeland singles on a line drive to center fielder Jackson Merrill. Teoscar Hernández scores. Kyle Tucker to 2nd.,R,R,L,LAD,SD,X,8.0,line_drive,2,0,2026,1.18,0.81,0.3598812549933263,2.3161762456310218,,606192.0,663656.0,1,7,Bot,112.55,96.42,,,,,-8.141596652654805,-144.52533635220345,-6.4774132481631215,18.32131691952245,29.285823222175935,-19.572245290200375,3.184899934,1.607332677,184.0,80.8,13.0,99.7,2288.0,6.2,823931,669134,664034,823550,592518,593428,657757,701538,665487,54.28,0.569,0.527,0.9,1.0,1.0,0.0,4.0,58,3,Sinker,0,5,0,5,5,1,1,5,Standard,Standard,148.0,0.036,0.37,72.1,6.7,,0.642,-0.37,88.0,-5,-5,0.076,0.076,27,24,27,25,1,2,2.0,1.0,4.0,2.0,1.48,1.18,-1.18,43.1,9.76207373711956,1.1120119497075995,29.92587872582896,39.88588821004187,35.113360426567326,Sinker,True
SI,2026-07-05,99.3,2.51,5.92,"Morejon, Adrian",690976,670970,,blocked_ball,,,,,13.0,,R,R,L,LAD,SD,B,,,1,0,2026,1.28,0.74,-0.5383632450795506,0.5833872655314254,,606192.0,663656.0,1,7,Bot,,,,,,,-11.278632278501362,-144.01212548203463,-10.722399524604596,20.242028501407475,29.565494626923577,-19.64508721542524,3.184899934,1.607332677,,,,99.7,2435.0,6.5,823931,669134,664034,823550,592518,593428,657757,701538,665487,54.04,,,,,,,,58,2,Sinker,0,5,0,5,5,0,0,5,Standard,Standard,145.0,0.009,0.067,,,,,-0.067,,-5,-5,0.067,0.067,27,24,27,25,1,2,2.0,1.0,4.0,2.0,1.57,1.28,-1.28,42.7,,,,,,Sinker,False
SI,2026-07-05,100.0,2.45,6.01,"Morejon, Adrian",690976,670970,,ball,,,,,13.0,,R,R,L,LAD,SD,B,,,0,0,2026,1.34,0.99,-0.831722780289115,1.4230158549863583,,606192.0,663656.0,1,7,Bot,,,,,,,-12.106638065801343,-145.00643078122374,-9.403672542187714,21.683738437030247,31.03359779480854,-16.07295201278264,3.184899934,1.607332677,,,,100.1,2470.0,6.4,823931,669134,664034,823550,592518,593428,657757,701538,665487,54.15,,,,,,,,58,1,Sinker,0,5,0,5,5,0,0,5,Standard,Standard,143.0,0.004,0.04,,,,,-0.04,,-5,-5,0.063,0.063,27,24,27,25,1,2,2.0,1.0,4.0,2.0,1.29,1.34,-1.34,47.2,,,,,,Sinker,False
SL,2026-07-05,86.8,2.75,5.82,"Morejon, Adrian",663656,670970,single,hit_into_play,,,,,5.0,Kyle Tucker singles on a ground ball to right fielder Fernando Tatis Jr. Teoscar Hernández to 2nd.,R,L,L,LAD,SD,X,9.0,ground_ball,2,2,2026,-0.58,-0.06,0.0214631650185851,2.5733955122278327,,,606192.0,1,7,Bot,186.35,119.63,,,,,-5.233907929518223,-126.51290273206352,-1.3338072580112423,-5.343922773197134,23.218276004365585,-32.728765414702146,3.350770997,1.691043307,62.0,91.6,2.0,87.1,2718.0,6.2,823931,669134,664034,823550,592518,593428,657757,701538,665487,54.31,0.396,0.387,0.9,1.0,1.0,0.0,2.0,57,5,Slider,0,5,0,5,5,0,0,5,Infield shade,Standard,279.0,0.026,0.436,71.9,7.2,,0.451,-0.436,91.6,-5,-5,0.037,0.037,27,29,27,29,1,0,2.0,1.0,4.0,1.0,3.05,-0.58,-0.58,40.1,5.7016111403036325,-6.790722505576383,37.09610562130379,37.02323826318224,29.948975362317064,Slider,True
FF,2026-07-05,99.1,2.36,6.11,"Morejon, Adrian",663656,670970,,ball,,,,,12.0,,R,L,L,LAD,SD,B,,,1,2,2026,0.45,1.29,0.872821005830632,3.606447010556126,,,606192.0,1,7,Bot,,,,,,,-5.076083084670523,-144.2768795223119,-4.340170136587011,7.459690475294006,31.861054553045005,-13.312502502781587,3.350770997,1.691043307,,,,99.3,2411.0,6.3,823931,669134,664034,823550,592518,593428,657757,701538,665487,54.24,,,,,,,,57,4,4-Seam Fastball,0,5,0,5,5,0,0,5,Infield shade,Standard,142.0,0.002,0.052,,,,,-0.052,,-5,-5,0.035,0.035,27,29,27,29,1,0,2.0,1.0,4.0,1.0,1.02,0.45,0.45,47.3,,,,,,Four-seam,False
FF,2026-07-05,98.6,2.32,6.1,"Morejon, Adrian",663656,670970,,swinging_strike,,,,,1.0,,R,L,L,LAD,SD,S,,,1,1,2026,0.35,1.34,-0.4372822073926908,3.16224402937393,,,606192.0,1,7,Bot,,,,,,,-8.207625847202383,-143.4016529686159,-5.506724871792995,6.655489726053953,31.72041777950069,-12.62126022434004,3.350770997,1.691043307,,,,98.6,2431.0,6.2,823931,669134,664034,823550,592518,593428,657757,701538,665487,54.3,,,,,,,,57,3,4-Seam Fastball,0,5,0,5,5,0,0,5,Infield shade,Standard,151.0,-0.003,-0.067,71.9,6.7,0.1,,0.067,,-5,-5,0.038,0.038,27,29,27,29,1,0,2.0,1.0,4.0,1.0,1.0,0.35,0.35,44.8,-0.761594449075163,9.531184606267685,31.634750638993346,43.308631914431146,17.05905694950026,Four-seam,False
FF,2026-07-05,99.0,2.35,6.04,"Morejon, Adrian",663656,670970,,ball,,,,,11.0,,R,L,L,LAD,SD,B,,,0,1,2026,0.55,1.36,-0.6195037443379561,4.269437553487688,,,606192.0,1,7,Bot,,,,,,,-9.302229665177553,-143.85251531615253,-2.450746448857504,9.821940334010296,33.563479171816255,-12.957717547721428,3.350770997,1.691043307,,,,98.9,2472.0,6.3,823931,669134,664034,823550,592518,593428,657757,701538,665487,54.17,,,,,,,,57,2,4-Seam Fastball,0,5,0,5,5,0,0,5,Infield shade,Standard,146.0,0.001,0.026,,,,,-0.026,,-5,-5,0.037,0.037,27,29,27,29,1,0,2.0,1.0,4.0,1.0,0.98,0.55,0.55,44.0,,,,,,Four-seam,False
SI,2026-07-05,98.9,2.54,6.09,"Morejon, Adrian",663656,670970,,foul,,,,,6.0,,R,L,L,LAD,SD,S,,,0,0,2026,1.42,0.83,0.4925930436655317,2.379818060381445,,,606192.0,1,7,Bot,,,,,,,-8.8452231414877,-143.65275723635455,-6.393849214339837,21.716344165073473,32.49358510175354,-19.36608544502377,3.350770997,1.691043307,6.0,113.6,-24.0,98.6,2411.0,6.1,823931,669134,664034,823550,592518,593428,657757,701538,665487,54.35,,,,,,,,57,1,Sinker,0,5,0,5,5,0,0,5,Infield shade,Standard,141.0,-0.002,-0.037,73.6,7.6,,,0.037,113.6,-5,-5,0.039,0.039,27,29,27,29,1,0,2.0,1.0,4.0,1.0,1.5,1.42,1.42,41.4,15.9338731445173,-5.319748110143048,38.302371686180706,31.851532377189702,20.497625124037658,Sinker,False
SI,2026-07-03,98.8,2.46,5.87,"Morejon, Adrian",518692,670970,field_out,hit_into_play,,,,,9.0,"Freddie Freeman grounds out, first baseman Ty France to pitcher Adrian Morejon.",R,L,L,LAD,SD,X,3.0,ground_ball,2,1,2026,1.52,0.6,0.5045499914090015,2.1102161390750585,,500743.0,681624.0,2,7,Bot,155.77,165.36,,,,,-8.839775935995666,-143.58794715148258,-5.995027969642786,23.13833536254047,32.72182710125263,-22.687602320715904,3.382365486,1.706988189,5.0,77.3,-21.0,98.7,2373.0,6.3,823933,660710,664034,630105,823550,593428,657757,701538,665487,54.22,0.043,0.044,0.0,1.0,0.0,0.0,2.0,61,4,Sinker,4,3,4,3,3,4,4,3,Strategic,Standard,139.0,-0.04,-0.307,73.3,6.7,,0.052,0.307,88.0,1,1,0.785,0.785,27,36,27,37,1,3,4.0,1.0,2.0,1.0,1.74,1.52,1.52,41.9,-0.6289595316758294,13.950496567348448,45.34291966521414,35.677310694170274,22.09219105267869,Sinker,True
SI,2026-07-03,99.0,2.48,5.85,"Morejon, Adrian",518692,670970,,swinging_strike,,,,,14.0,,R,L,L,LAD,SD,S,,,2,0,2026,1.51,0.58,0.8816184533613769,1.891205018752037,,500743.0,681624.0,2,7,Bot,,,,,,,-7.88608687058418,-143.94578422556768,-6.529066854927887,22.783950802615287,33.04428871994208,-22.74941557965422,3.382365486,1.706988189,,,,99.0,2386.0,6.3,823933,660710,664034,630105,823550,593428,657757,701538,665487,54.19,,,,,,,,61,3,Sinker,4,3,4,3,3,4,4,3,Strategic,Standard,139.0,-0.005,-0.04,74.6,7.1,1.40224848,,0.04,,1,1,0.79,0.79,27,36,27,37,1,3,4.0,1.0,2.0,1.0,1.75,1.51,1.51,42.9,12.078846576431046,-0.184435023211096,47.987983355215995,30.385180340221137,25.035321424845392,Sinker,False
SL,2026-07-03,90.7,2.75,5.84,"Morejon, Adrian",518692,670970,,ball,,,,,13.0,,R,L,L,LAD,SD,B,,,1,0,2026,-0.63,-0.01,-1.2975467890839756,1.8090152508148416,,500743.0,681624.0,2,7,Bot,,,,,,,-8.609606970095397,-131.88619207454988,-3.906358515265623,-5.662727271073652,26.273785483102113,-31.71771922203475,3.382365486,1.706988189,,,,90.7,2867.0,6.2,823933,660710,664034,630105,823550,593428,657757,701538,665487,54.3,,,,,,,,61,2,Slider,4,3,4,3,3,4,4,3,Strategic,Standard,282.0,0.005,0.033,,,,,-0.033,,1,1,0.785,0.785,27,36,27,37,1,3,4.0,1.0,2.0,1.0,2.77,-0.63,-0.63,36.2,,,,,,Slider,False
SI,2026-07-03,99.9,2.29,5.89,"Morejon, Adrian",518692,670970,,ball,,,,,13.0,,R,L,L,LAD,SD,B,,,0,0,2026,1.46,0.57,-0.8355291983398472,2.244413231477732,,500743.0,681624.0,2,7,Bot,,,,,,,-11.959053902385644,-144.94009120286188,-5.7918929404220485,23.376348984527763,32.033524257310965,-22.971179331026153,3.382365486,1.706988189,,,,99.8,2467.0,6.3,823933,660710,664034,630105,823550,593428,657757,701538,665487,54.22,,,,,,,,61,1,Sinker,4,3,4,3,3,4,4,3,Strategic,Standard,140.0,0.002,0.029,,,,,-0.029,,1,1,0.783,0.783,27,36,27,37,1,3,4.0,1.0,2.0,1.0,1.72,1.46,1.46,43.7,,,,,,Sinker,False
SI,2026-07-03,99.7,2.22,5.97,"Morejon, Adrian",681624,670970,,ball,,,,,11.0,,R,R,L,LAD,SD,B,,,2,0,2026,1.36,0.58,-0.9895659296932128,2.7828187271757576,,500743.0,,2,7,Bot,,,,,,,-11.912335619206646,-144.7181081734369,-4.537186132266597,21.85713970852067,31.408513812660743,-23.119626250529528,3.23667979,1.633464567,,,,99.5,2377.0,6.2,823933,660710,664034,630105,823550,593428,657757,701538,665487,54.33,,,,,,,,60,3,Sinker,4,3,4,3,3,4,4,3,Standard,Standard,143.0,0.002,0.042,,,,,-0.042,,1,1,0.779,0.779,27,25,27,26,1,3,4.0,1.0,2.0,1.0,1.71,1.36,-1.36,39.2,,,,,,Sinker,False
CH,2026-07-03,92.7,2.45,5.97,"Morejon, Adrian",681624,670970,,blocked_ball,,,,,13.0,,R,R,L,LAD,SD,B,,,1,0,2026,0.58,-0.43,-0.957168038599414,0.5226718210211447,,500743.0,,2,7,Bot,,,,,,,-9.824303954264789,-134.58182959899963,-6.839041178120207,9.200315079147323,29.01756898901159,-36.04698594310767,3.23667979,1.633464567,,,,92.3,1041.0,6.1,823933,660710,664034,630105,823550,593428,657757,701538,665487,54.35,,,,,,,,60,2,Changeup,4,3,4,3,3,4,4,3,Standard,Standard,102.0,0.001,0.021,,,,,-0.021,,1,1,0.778,0.778,27,25,27,26,1,3,4.0,1.0,2.0,1.0,3.09,0.58,-0.58,45.4,,,,,,Changeup,False
SI,2026-07-03,100.2,2.28,5.97,"Morejon, Adrian",681624,670970,,ball,,,,,13.0,,R,R,L,LAD,SD,B,,,0,0,2026,1.19,0.67,-1.2832374355320737,2.291628250552537,,500743.0,,2,7,Bot,,,,,,,-12.5339453584618,-145.38845612723284,-6.203190195670702,19.66995287204675,30.431979773311685,-21.432540310199045,3.23667979,1.633464567,,,,100.4,2450.0,6.3,823933,660710,664034,630105,823550,593428,657757,701538,665487,54.17,,,,,,,,60,1,Sinker,4,3,4,3,3,4,4,3,Standard,Standard,140.0,0.001,0.021,,,,,-0.021,,1,1,0.777,0.777,27,25,27,26,1,3,4.0,1.0,2.0,1.0,1.6,1.19,-1.19,40.9,,,,,,Sinker,False
CH,2026-07-03,92.1,2.43,6.08,"Morejon, Adrian",500743,670970,double,hit_into_play,,,,,1.0,Miguel Rojas doubles (8) on a sharp ground ball to left fielder Gavin Sheets.,R,R,L,LAD,SD,X,7.0,ground_ball,1,2,2026,0.63,0.94,-0.3988898391081595,2.718680791465226,,,,2,7,Bot,74.0,142.95,,,,,-8.43408100692514,-133.95020767295347,-4.593094484846802,9.283316435463956,26.555166759698263,-20.018002483721,3.141018701,1.585187008,44.0,101.7,-1.0,92.1,1016.0,6.2,823933,660710,664034,630105,823550,593428,657757,701538,665487,54.35,0.46,0.428,1.25,1.0,1.0,1.0,4.0,59,5,Changeup,4,3,4,3,3,4,4,3,Standard,Standard,118.0,0.025,0.646,71.4,7.2,,0.508,-0.646,101.7,1,1,0.752,0.752,27,37,27,37,1,0,4.0,2.0,2.0,2.0,1.73,0.63,-0.63,44.9,-3.606860619540206,-25.29186016261939,31.706176076146622,33.356395433758316,40.57345206776308,Changeup,True
FF,2026-07-03,100.0,2.32,6.05,"Morejon, Adrian",500743,670970,,foul,,,,,11.0,,R,R,L,LAD,SD,S,,,1,2,2026,0.55,1.1,-0.3471629351655985,3.650567584219736,,,,2,7,Bot,,,,,,,-8.5682686268936,-145.469699337453,-3.7144305228932057,9.790873601161056,32.81699765694488,-15.911146466604484,3.141018701,1.585187008,226.0,75.9,46.0,100.1,2322.0,6.3,823933,660710,664034,630105,823550,593428,657757,701538,665487,54.25,,,,,,,,59,4,4-Seam Fastball,4,3,4,3,3,4,4,3,Standard,Standard,141.0,0.0,0.0,56.2,5.0,,,0.0,88.0,1,1,0.752,0.752,27,37,27,37,1,0,4.0,2.0,2.0,2.0,1.18,0.55,-0.55,41.9,-8.583801654766292,30.18051113338768,22.357099670439087,33.867433487745906,18.590030521655656,Four-seam,False
CH,2026-07-03,92.8,2.47,6.04,"Morejon, Adrian",500743,670970,,ball,,,,,13.0,,R,R,L,LAD,SD,B,,,0,2,2026,1.05,-0.38,-0.3103473874415925,0.5856056458865391,,,,2,7,Bot,,,,,,,-9.315597329318932,-134.791040936014,-6.993324349097167,14.86311137120658,29.071759788584274,-35.423074372506264,3.141018701,1.585187008,,,,92.3,1102.0,6.1,823933,660710,664034,630105,823550,593428,657757,701538,665487,54.41,,,,,,,,59,3,Changeup,4,3,4,3,3,4,4,3,Standard,Standard,112.0,0.001,0.028,,,,,-0.028,,1,1,0.751,0.751,27,37,27,37,1,0,4.0,2.0,2.0,2.0,3.03,1.05,-1.05,42.5,,,,,,Changeup,False
CH,2026-07-03,92.7,2.67,5.97,"Morejon, Adrian",500743,670970,,called_strike,,,,,9.0,,R,R,L,LAD,SD,S,,,0,1,2026,0.68,-0.38,0.8074654403386705,1.8359912332453416,,,,2,7,Bot,,,,,,,-6.183018386513685,-134.9634354594416,-3.7049556696497774,9.58556650907594,28.23972893014532,-36.23220809074123,3.141018701,1.585187008,,,,92.5,1026.0,6.1,823933,660710,664034,630105,823550,593428,657757,701538,665487,54.45,,,,,,,,59,2,Changeup,4,3,4,3,3,4,4,3,Standard,Standard,108.0,-0.002,-0.062,,,,,0.062,,1,1,0.753,0.753,27,37,27,37,1,0,4.0,2.0,2.0,2.0,3.02,0.68,-0.68,39.4,,,,,,Changeup,False
SI,2026-07-03,100.5,2.46,5.89,"Morejon, Adrian",500743,670970,,foul,,,,,3.0,,R,R,L,LAD,SD,S,,,0,0,2026,1.51,0.57,0.3755961736672979,2.9468778491931484,,,,2,7,Bot,,,,,,,-9.306170304760686,-146.1454358322552,-4.006604718412717,23.84080759712523,31.755250712558865,-23.302860737451393,3.141018701,1.585187008,195.0,74.6,60.0,100.6,2410.0,6.2,823933,660710,664034,630105,823550,593428,657757,701538,665487,54.29,,,,,,,,59,1,Sinker,4,3,4,3,3,4,4,3,Standard,Standard,142.0,-0.002,-0.045,68.0,7.0,,,0.045,88.0,1,1,0.755,0.755,27,37,27,37,1,0,4.0,2.0,2.0,2.0,1.68,1.51,-1.51,38.4,-0.4132238833620265,-2.6825587750282103,24.985208843726134,43.34195281260047,30.817957393078007,Sinker,False
SI,2026-07-03,99.3,2.53,5.98,"Morejon, Adrian",669242,670970,walk,ball,,,,,1.0,Tommy Edman walks.,R,R,L,LAD,SD,B,,,3,0,2026,1.18,0.61,-0.8213753578876313,2.971392003215159,,,,1,7,Bot,,,,,,,-11.79143952555924,-144.18017555478377,-4.070760587952033,19.08945624953504,31.41814462569151,-22.886113832929915,3.102403215,1.565698819,,,,99.1,2350.0,6.2,823933,660710,664034,630105,823550,593428,657757,701538,665487,54.33,,0.698418,0.7,1.0,0.0,0.0,,58,4,Sinker,4,3,4,3,3,4,4,3,Standard,Standard,144.0,0.008,0.169,,,,,-0.169,,1,1,0.782,0.782,27,31,27,31,1,0,4.0,1.0,2.0,1.0,1.7,1.18,-1.18,38.1,,,,,,Sinker,True
SI,2026-07-03,99.2,2.57,6.0,"Morejon, Adrian",669242,670970,,ball,,,,,11.0,,R,R,L,LAD,SD,B,,,2,0,2026,1.17,0.56,-0.2504324256257548,3.3425725487476328,,,,1,7,Bot,,,,,,,-10.35572190771581,-144.16742841421456,-3.004884840621811,18.64903132982587,31.49962622936611,-23.846651832312777,3.102403215,1.565698819,,,,99.0,2406.0,6.1,823933,660710,664034,630105,823550,593428,657757,701538,665487,54.37,,,,,,,,58,3,Sinker,4,3,4,3,3,4,4,3,Standard,Standard,143.0,0.006,0.138,,,,,-0.138,,1,1,0.776,0.776,27,31,27,31,1,0,4.0,1.0,2.0,1.0,1.75,1.17,-1.17,40.2,,,,,,Sinker,False
SL,2026-07-03,88.9,2.85,5.84,"Morejon, Adrian",669242,670970,,ball,,,,,14.0,,R,R,L,LAD,SD,B,,,1,0,2026,-0.64,-0.47,0.2801737347694863,0.3476711817818261,,,,1,7,Bot,,,,,,,-4.839610110018993,-129.35376597131355,-6.070474240111358,-6.033105684832818,28.909446974199295,-36.23667419329284,3.102403215,1.565698819,,,,88.3,2988.0,6.1,823933,660710,664034,630105,823550,593428,657757,701538,665487,54.41,,,,,,,,58,2,Slider,4,3,4,3,3,4,4,3,Standard,Standard,295.0,0.004,0.075,,,,,-0.075,,1,1,0.772,0.772,27,31,27,31,1,0,4.0,1.0,2.0,1.0,3.37,-0.64,0.64,36.6,,,,,,Slider,False
SI,2026-07-03,100.2,2.35,5.9,"Morejon, Adrian",669242,670970,,ball,,,,,13.0,,R,R,L,LAD,SD,B,,,0,0,2026,1.24,0.74,-1.3512824831404038,1.2574327962370355,,,,1,7,Bot,,,,,,,-13.009952822390003,-145.13003505733735,-8.901854858619757,20.639223772327895,34.76526208720881,-19.69153111250849,3.102403215,1.565698819,,,,99.7,2474.0,6.3,823933,660710,664034,630105,823550,593428,657757,701538,665487,54.17,,,,,,,,58,1,Sinker,4,3,4,3,3,4,4,3,Standard,Standard,140.0,0.002,0.041,,,,,-0.041,,1,1,0.77,0.77,27,31,27,31,1,0,4.0,1.0,2.0,1.0,1.56,1.24,-1.24,38.7,,,,,,Sinker,False
SL,2026-07-03,89.6,2.82,5.8,"Morejon, Adrian",687221,670970,field_out,hit_into_play,,,,,8.0,"Dalton Rushing grounds out, first baseman Ty France to pitcher Adrian Morejon.",R,L,L,LAD,SD,X,3.0,ground_ball,1,2,2026,-0.5,-0.29,0.0918819010647419,1.6547785564809605,,,,0,7,Bot,162.14,153.4,,,,,-5.572810669597083,-130.40804165788566,-3.420046277432075,-4.662989379705181,25.63890333946412,-35.07397654999131,3.191920932,1.610875984,7.0,95.2,-14.0,89.9,2907.0,6.3,823933,660710,664034,630105,823550,593428,657757,701538,665487,54.19,0.195,0.176,0.0,1.0,0.0,0.0,2.0,57,4,Slider,4,3,4,3,3,4,4,3,Infield shade,Standard,290.0,-0.013,-0.187,70.9,7.7,,0.205,0.187,95.2,1,1,0.783,0.783,27,25,27,25,1,2,4.0,1.0,2.0,1.0,3.12,-0.5,-0.5,37.3,12.128845004775936,-6.450868077836283,38.15317843067055,36.99201874442852,30.110261866826843,Slider,True
FF,2026-07-03,101.2,2.51,6.02,"Morejon, Adrian",687221,670970,,ball,,,,,12.0,,R,L,L,LAD,SD,B,,,0,2,2026,0.49,1.05,0.6947392062055722,3.916983085215696,,,,0,7,Bot,,,,,,,-6.179048528398429,-147.307738156342,-2.9694812571725597,8.560364620996854,32.98631479988517,-16.31409055614768,3.191920932,1.610875984,,,,101.2,2425.0,6.1,823933,660710,664034,630105,823550,593428,657757,701538,665487,54.38,,,,,,,,57,3,4-Seam Fastball,4,3,4,3,3,4,4,3,Infield shade,Standard,146.0,0.002,0.022,,,,,-0.022,,1,1,0.781,0.781,27,25,27,25,1,2,4.0,1.0,2.0,1.0,1.16,0.49,0.49,41.8,,,,,,Four-seam,False
SL,2026-07-03,89.7,2.89,5.8,"Morejon, Adrian",687221,670970,,foul,,,,,14.0,,R,L,L,LAD,SD,S,,,0,1,2026,-0.5,-0.28,0.1036490589011956,1.3800604931578833,,,,0,7,Bot,,,,,,,-5.694236617984458,-130.60553322014707,-4.159143399156882,-4.76177654935774,23.734926267998425,-34.842877387228924,3.191920932,1.610875984,,,,89.8,2848.0,6.0,823933,660710,664034,630105,823550,593428,657757,701538,665487,54.49,,,,,,,,57,2,Slider,4,3,4,3,3,4,4,3,Infield shade,Standard,285.0,-0.005,-0.054,67.9,7.9,,,0.054,,1,1,0.786,0.786,27,25,27,25,1,2,4.0,1.0,2.0,1.0,3.08,-0.5,-0.5,35.0,16.67135822533402,-14.887616853118182,34.58905976891347,36.78897430376002,36.5528364403057,Slider,False
SI,2026-07-03,101.4,2.5,5.88,"Morejon, Adrian",687221,670970,,called_strike,,,,,8.0,,R,L,L,LAD,SD,S,,,0,0,2026,1.33,0.78,-0.1745574637290095,2.0670504808024255,,,,0,7,Bot,,,,,,,-10.600919720197588,-147.21832054960544,-7.032199142559764,21.82424886998817,31.49325029560033,-19.40391528570385,3.191920932,1.610875984,,,,101.5,2381.0,6.3,823933,660710,664034,630105,823550,593428,657757,701538,665487,54.23,,,,,,,,57,1,Sinker,4,3,4,3,3,4,4,3,Infield shade,Standard,140.0,-0.003,-0.041,,,,,0.041,,1,1,0.789,0.789,27,25,27,25,1,2,4.0,1.0,2.0,1.0,1.43,1.33,1.33,35.2,,,,,,Sinker,False
SL,2026-07-03,90.6,2.98,5.84,"Morejon, Adrian",606192,670970,home_run,hit_into_play,,,,,8.0,Teoscar Hernández hits a grand slam (8) to center field. Mookie Betts scores. Max Muncy scores. Kyle Tucker scores.,R,R,L,LAD,SD,X,,fly_ball,0,0,2026,-0.46,-0.01,0.0348397861419559,1.9283558685954811,605141.0,571970.0,663656.0,0,7,Bot,84.27,34.47,,,,,-6.238594897338082,-131.92418752815274,-3.5933079358502455,-4.06077496703887,27.491709343673023,-31.793753967447913,3.199819554,1.614862205,419.0,106.6,26.0,90.3,2869.0,6.0,823933,660710,664034,630105,823550,593428,657757,701538,665487,54.49,0.957,1.916,2.0,1.0,0.0,3.0,6.0,56,1,Slider,0,3,0,3,3,4,4,3,Standard,Standard,281.0,0.407,0.816,73.8,8.2,,3.722,-0.816,106.6,-3,-3,0.382,0.382,27,33,27,34,1,2,4.0,1.0,2.0,1.0,2.78,-0.46,0.46,34.1,15.365731211373964,-1.2239847536292316,38.77873802761715,39.77233742502065,33.678623807481344,Slider,True
FF,2026-07-03,100.6,2.54,6.01,"Morejon, Adrian",663656,670970,fielders_choice,hit_into_play,,,,,5.0,"Kyle Tucker reaches on a fielder's choice, fielded by second baseman Jake Cronenworth. Mookie Betts to 3rd. Max Muncy to 2nd. Fielding error by second baseman Jake Cronenworth.",R,L,L,LAD,SD,X,4.0,ground_ball,2,0,2026,0.76,1.21,-0.0987612939984438,2.2903323096172,,605141.0,571970.0,0,7,Bot,147.9,152.64,,,,,-8.99514376273478,-146.12485674637026,-7.684221676616395,12.888257751122548,31.45469981601815,-13.137818495240635,3.350770997,1.691043307,20.0,102.6,-6.0,100.5,2453.0,6.1,823933,660710,664034,630105,823550,593428,657757,701538,665487,54.37,0.254,0.229,0.9,1.0,0.0,0.0,2.0,55,3,4-Seam Fastball,0,3,0,3,3,0,0,3,Infield shade,Standard,143.0,0.082,0.337,73.1,7.1,,0.289,-0.337,102.6,-3,-3,0.3,0.3,27,29,27,29,1,2,4.0,1.0,2.0,1.0,1.03,0.76,0.76,41.4,-0.267120631518101,-2.766110920197121,38.50857738245586,39.882574100891155,20.44845907399072,Four-seam,True
SI,2026-07-03,99.7,2.5,5.93,"Morejon, Adrian",663656,670970,,ball,,,,,14.0,,R,L,L,LAD,SD,B,,,1,0,2026,1.37,0.82,0.0200047925593334,1.5557224807690695,,605141.0,571970.0,0,7,Bot,,,,,,,-9.95947028659583,-144.76445466777866,-8.305261533434782,21.60329897076576,33.18664138175161,-18.893442265163284,3.350770997,1.691043307,,,,99.3,2405.0,6.2,823933,660710,664034,630105,823550,593428,657757,701538,665487,54.33,,,,,,,,55,2,Sinker,0,3,0,3,3,0,0,3,Infield shade,Standard,139.0,0.023,0.078,,,,,-0.078,,-3,-3,0.277,0.277,27,29,27,29,1,2,4.0,1.0,2.0,1.0,1.48,1.37,1.37,40.6,,,,,,Sinker,False
SI,2026-07-03,99.3,2.37,5.83,"Morejon, Adrian",663656,670970,,ball,,,,,13.0,,R,L,L,LAD,SD,B,,,0,0,2026,1.41,0.81,-0.9979965274879667,1.826881835743842,,605141.0,571970.0,0,7,Bot,,,,,,,-12.410656552126794,-143.9264839619359,-7.189996916609048,22.45930150390584,32.54720617081262,-19.396704080095635,3.350770997,1.691043307,,,,99.1,2386.0,6.3,823933,660710,664034,630105,823550,593428,657757,701538,665487,54.17,,,,,,,,55,1,Sinker,0,3,0,3,3,0,0,3,Infield shade,Standard,137.0,0.012,0.051,,,,,-0.051,,-3,-3,0.265,0.265,27,29,27,29,1,2,4.0,1.0,2.0,1.0,1.52,1.41,1.41,36.0,,,,,,Sinker,False
,2026-07-03,,,,"Morejon, Adrian",681624,670970,intent_walk,automatic_ball,,,,,,Adrian Morejon intentionally walks Andy Pages.,R,R,L,LAD,SD,B,,,3,0,2026,,,,,,500743.0,,2,7,Bot,,,,,,,,,,,,,,,,,,,,,823933,660710,664034,630105,823550,593428,657757,701538,665487,,,,0.4,,0.0,0.0,,60,4,,4,3,4,3,3,4,4,3,,,,0.002,,,,,,,,1,1,0.781,0.781,27,25,27,26,1,3,4.0,1.0,2.0,1.0,,,,,,,,,,,True
CH,2026-06-29,92.6,2.83,5.91,"Morejon, Adrian",664023,670970,field_out,hit_into_play,,,,,12.0,"Ian Happ grounds out, first baseman Ty France to pitcher Adrian Morejon.",R,R,L,CHC,SD,X,3.0,ground_ball,1,2,2026,0.84,-0.31,0.9724022148796224,2.370082517056032,,,,2,7,Bot,148.06,158.07,,,,,-6.5099976459053295,-134.8897960622849,-2.392512622319553,11.57845018973953,26.528004899411503,-35.668715347383504,3.136630577,1.582972441,3.0,73.1,-36.0,92.8,1115.0,6.1,824662,666023,664034,630105,592518,593428,669392,701538,665487,54.38,0.082,0.074,0.0,1.0,0.0,0.0,2.0,61,4,Changeup,2,2,2,2,2,2,2,2,Standard,Standard,102.0,-0.015,-0.183,68.5,6.0,,0.083,0.183,88.0,0,0,0.515,0.515,27,31,27,32,1,3,3.0,1.0,4.0,1.0,2.94,0.84,-0.84,41.0,-5.6953191901862175,32.55404723459898,27.30742899590704,50.36176261627397,11.661544031028033,Changeup,True
CH,2026-06-29,92.5,2.86,5.81,"Morejon, Adrian",664023,670970,,swinging_strike,,,,,13.0,,R,R,L,CHC,SD,S,,,1,1,2026,0.73,-0.11,-0.2302163482937751,0.6442228968403074,,,,2,7,Bot,,,,,,,-9.352997067418126,-134.25254008040358,-6.798696433059678,10.858200335238902,28.88235454042976,-32.1487730508894,3.136630577,1.582972441,,,,92.1,1053.0,6.2,824662,666023,664034,630105,592518,593428,669392,701538,665487,54.29,,,,,,,,61,3,Changeup,2,2,2,2,2,2,2,2,Standard,Standard,106.0,-0.005,-0.064,77.5,8.1,4.45903614,,0.064,,0,0,0.52,0.52,27,31,27,32,1,3,3.0,1.0,4.0,1.0,2.78,0.73,-0.73,37.6,23.49951028450551,-13.853160310257126,38.63302116049138,36.39317477223088,39.30446672192264,Changeup,False
CH,2026-06-29,91.3,2.85,5.93,"Morejon, Adrian",664023,670970,,called_strike,,,,,3.0,,R,R,L,CHC,SD,S,,,1,0,2026,0.76,-0.21,0.3725407529919156,3.0288196280492135,,,,2,7,Bot,,,,,,,-7.7752949895518,-132.73231689055987,-0.7528000631551504,10.645489584864906,27.72886968809069,-34.722107663836645,3.136630577,1.582972441,,,,90.9,987.0,6.0,824662,666023,664034,630105,592518,593428,669392,701538,665487,54.47,,,,,,,,61,2,Changeup,2,2,2,2,2,2,2,2,Standard,Standard,100.0,-0.003,-0.056,,,,,0.056,,0,0,0.523,0.523,27,31,27,32,1,3,3.0,1.0,4.0,1.0,2.94,0.76,-0.76,40.4,,,,,,Changeup,False
SI,2026-06-29,99.7,2.74,5.85,"Morejon, Adrian",664023,670970,,ball,,,,,12.0,,R,R,L,CHC,SD,B,,,0,0,2026,1.32,0.73,0.8916188510520437,3.504029543735771,,,,2,7,Bot,,,,,,,-8.121064832358527,-144.9504827140224,-2.6032768825435824,20.489625429641748,34.350649304140006,-21.40895417378731,3.136630577,1.582972441,,,,99.3,2502.0,6.2,824662,666023,664034,630105,592518,593428,669392,701538,665487,54.35,,,,,,,,61,1,Sinker,2,2,2,2,2,2,2,2,Standard,Standard,139.0,0.002,0.041,,,,,-0.041,,0,0,0.521,0.521,27,31,27,32,1,3,3.0,1.0,4.0,1.0,1.57,1.32,-1.32,35.0,,,,,,Sinker,False
SI,2026-06-29,100.3,2.63,5.86,"Morejon, Adrian",673548,670970,strikeout,swinging_strike,,,,,3.0,Seiya Suzuki strikes out swinging.,R,R,L,CHC,SD,S,2.0,,3,2,2026,1.41,0.68,0.7196210018568934,3.1423857599786924,,,,1,7,Bot,,,,,,,-8.587278390462634,-145.81605405374822,-3.5809193223475595,22.21046485531772,35.06975917601352,-21.751887667112083,3.177878937,1.60378937,,,,99.9,2507.0,6.2,824662,666023,664034,630105,592518,593428,669392,701538,665487,54.32,,0.0,0.0,1.0,0.0,0.0,,60,6,Sinker,2,2,2,2,2,2,2,2,Standard,Standard,140.0,-0.035,-0.345,72.6,6.7,1.912065936,,0.345,,0,0,0.556,0.556,27,31,27,32,1,3,3.0,1.0,4.0,1.0,1.59,1.41,-1.41,38.2,5.833426223237805,12.506016578208612,27.72825922209742,45.22901185434473,23.405136843300603,Sinker,True
CH,2026-06-29,92.3,2.83,5.93,"Morejon, Adrian",673548,670970,,ball,,,,,12.0,,R,R,L,CHC,SD,B,,,2,2,2026,0.62,-0.16,1.353398105866735,2.8551841080299623,,,,1,7,Bot,,,,,,,-5.063434017082052,-134.33922489940142,-1.4480005289998104,8.626539606453344,29.321351197888564,-33.95561612733699,3.177878937,1.60378937,,,,91.9,907.0,6.1,824662,666023,664034,630105,592518,593428,669392,701538,665487,54.44,,,,,,,,60,5,Changeup,2,2,2,2,2,2,2,2,Standard,Standard,98.0,0.01,0.112,,,,,-0.112,,0,0,0.546,0.546,27,31,27,32,1,3,3.0,1.0,4.0,1.0,2.83,0.62,-0.62,40.1,,,,,,Changeup,False
CH,2026-06-29,92.6,2.77,5.87,"Morejon, Adrian",673548,670970,,foul,,,,,7.0,,R,R,L,CHC,SD,S,,,2,1,2026,0.74,0.12,-0.353217326003466,1.8673509324500484,,,,1,7,Bot,,,,,,,-9.45545648208349,-134.6237099683331,-4.433901825020716,10.98051896760888,28.219066622188084,-29.976363471126007,3.177878937,1.60378937,,,,92.3,1069.0,6.1,824662,666023,664034,630105,592518,593428,669392,701538,665487,54.41,,,,,,,,60,4,Changeup,2,2,2,2,2,2,2,2,Standard,Standard,115.0,-0.008,-0.075,,,,,0.075,,0,0,0.554,0.554,27,31,27,32,1,3,3.0,1.0,4.0,1.0,2.54,0.74,-0.74,40.4,,,,,,Changeup,False
CH,2026-06-29,93.0,2.76,5.98,"Morejon, Adrian",673548,670970,,ball,,,,,1.0,,R,R,L,CHC,SD,B,,,1,1,2026,0.44,0.08,-0.6233389749502581,2.9991560708560216,,,,1,7,Bot,,,,,,,-9.51371563951116,-135.13574551905862,-1.866785708047621,7.415581158031872,27.522341912597064,-30.935701103279825,3.177878937,1.60378937,,,,92.9,998.0,6.2,824662,666023,664034,630105,592518,593428,669392,701538,665487,54.33,,,,,,,,60,3,Changeup,2,2,2,2,2,2,2,2,Standard,Standard,112.0,0.005,0.056,,,,,-0.056,,0,0,0.549,0.549,27,31,27,32,1,3,3.0,1.0,4.0,1.0,2.54,0.44,-0.44,40.2,,,,,,Changeup,False
CH,2026-06-29,91.3,2.95,5.92,"Morejon, Adrian",673548,670970,,ball,,,,,14.0,,R,R,L,CHC,SD,B,,,0,1,2026,0.51,-0.38,1.7352243095991953,1.390348891445869,,,,1,7,Bot,,,,,,,-4.115246766488583,-132.99686232283946,-4.443856878418918,6.970619576402922,28.012815328572092,-35.98455927068768,3.177878937,1.60378937,,,,91.1,897.0,6.1,824662,666023,664034,630105,592518,593428,669392,701538,665487,54.44,,,,,,,,60,2,Changeup,2,2,2,2,2,2,2,2,Standard,Standard,107.0,0.003,0.032,,,,,-0.032,,0,0,0.546,0.546,27,31,27,32,1,3,3.0,1.0,4.0,1.0,3.11,0.51,-0.51,36.5,,,,,,Changeup,False
SI,2026-06-29,99.3,2.65,5.91,"Morejon, Adrian",673548,670970,,called_strike,,,,,4.0,,R,R,L,CHC,SD,S,,,0,0,2026,1.36,0.73,-0.380898351111383,2.291111357285229,,,,1,7,Bot,,,,,,,-11.387402156291248,-144.1427578714951,-5.98734252874426,21.543818520017577,32.04497033517369,-20.801861858359608,3.177878937,1.60378937,,,,99.2,2512.0,6.3,824662,666023,664034,630105,592518,593428,669392,701538,665487,54.24,,,,,,,,60,1,Sinker,2,2,2,2,2,2,2,2,Standard,Standard,142.0,-0.004,-0.041,,,,,0.041,,0,0,0.55,0.55,27,31,27,32,1,3,3.0,1.0,4.0,1.0,1.59,1.36,-1.36,37.7,,,,,,Sinker,False
SL,2026-06-29,89.6,3.0,5.8,"Morejon, Adrian",683737,670970,strikeout,called_strike,,,,,8.0,Michael Busch called out on strikes.,R,L,L,CHC,SD,S,2.0,,0,2,2026,-0.42,-0.43,-0.1747741454908483,1.8262907573918912,,,,0,7,Bot,,,,,,,-6.8159360411683565,-130.3105151755605,-2.6655210483718283,-3.33036501426138,27.02329552670858,-36.75155979072696,3.166469816,1.598031496,,,,89.4,2903.0,6.1,824662,666023,664034,630105,592518,593428,669392,701538,665487,54.37,,0.0,0.0,1.0,0.0,0.0,,59,3,Slider,2,2,2,2,2,2,2,2,Infield shade,Standard,266.0,-0.023,-0.164,,,,,0.164,,0,0,0.573,0.573,27,28,27,29,1,3,3.0,1.0,4.0,1.0,3.27,-0.42,-0.42,35.3,,,,,,Slider,True
SI,2026-06-29,99.0,2.71,5.92,"Morejon, Adrian",683737,670970,,foul,,,,,3.0,,R,L,L,CHC,SD,S,,,0,1,2026,1.43,0.7,0.6998237308369111,2.8496720300906233,,,,0,7,Bot,,,,,,,-8.774097414238947,-143.899672956041,-4.377021196724045,21.94562724066895,33.99896479260553,-21.6481444675212,3.166469816,1.598031496,228.0,74.5,49.0,98.6,2496.0,6.2,824662,666023,664034,630105,592518,593428,669392,701538,665487,54.35,,,,,,,,59,2,Sinker,2,2,2,2,2,2,2,2,Infield shade,Standard,140.0,-0.009,-0.054,57.5,5.8,,,0.054,88.0,0,0,0.582,0.582,27,28,27,29,1,3,3.0,1.0,4.0,1.0,1.64,1.43,1.43,37.5,2.3006703595766407,17.893980877643255,33.09341078443442,30.120604453234332,19.545133324134422,Sinker,False
SI,2026-06-29,99.0,2.59,5.95,"Morejon, Adrian",683737,670970,,called_strike,,,,,1.0,,R,L,L,CHC,SD,S,,,0,0,2026,1.42,0.84,-0.3745943614636811,3.2346850847731208,,,,0,7,Bot,,,,,,,-11.303326566829826,-143.70653917504922,-3.762445643188686,22.234266263596744,33.27620622718322,-19.79653404990268,3.166469816,1.598031496,,,,98.6,2410.0,6.2,824662,666023,664034,630105,592518,593428,669392,701538,665487,54.3,,,,,,,,59,1,Sinker,2,2,2,2,2,2,2,2,Infield shade,Standard,136.0,-0.006,-0.041,,,,,0.041,,0,0,0.588,0.588,27,28,27,29,1,3,3.0,1.0,4.0,1.0,1.5,1.42,1.42,37.1,,,,,,Sinker,False
SI,2026-06-29,100.4,2.52,5.91,"Morejon, Adrian",608324,670970,field_out,hit_into_play,,,,,5.0,Alex Bregman flies out to right fielder Fernando Tatis Jr.,R,R,L,CHC,SD,X,9.0,fly_ball,0,1,2026,1.42,0.73,-0.191512363518582,2.540540321425251,663538.0,624424.0,691718.0,2,6,Bot,200.5,93.25,,,,,-10.803114149796496,-145.77800794692018,-5.491481016700066,22.798969147121817,34.333407854792476,-20.628881675738693,3.126099081,1.57765748,320.0,89.7,35.0,100.3,2514.0,6.3,824662,666023,664034,630105,592518,593428,669392,701538,665487,54.17,0.017,0.017,0.0,1.0,0.0,0.0,3.0,55,2,Sinker,2,2,2,2,2,2,2,2,Standard,Standard,138.0,-0.09,-0.211,67.2,5.9,,0.03,0.211,89.7,0,0,0.59,0.59,27,32,27,32,1,3,3.0,1.0,4.0,1.0,1.54,1.42,-1.42,40.7,3.933753135094077,11.041836854213848,30.564597335877497,33.235450898910166,22.90495809280702,Sinker,True
SL,2026-06-29,91.3,3.16,5.76,"Morejon, Adrian",608324,670970,,called_strike,,,,,8.0,,R,R,L,CHC,SD,S,,,0,0,2026,-0.47,-0.21,0.1147985505890837,1.647060006563783,663538.0,624424.0,691718.0,2,6,Bot,,,,,,,-6.52592276735406,-132.8316656598616,-3.743736495628303,-4.085867232500715,29.900214814375545,-33.980799380438725,3.126099081,1.57765748,,,,91.0,2939.0,6.2,824662,666023,664034,630105,592518,593428,669392,701538,665487,54.26,,,,,,,,55,1,Slider,2,2,2,2,2,2,2,2,Standard,Standard,281.0,-0.016,-0.04,,,,,0.04,,0,0,0.606,0.606,27,32,27,32,1,3,3.0,1.0,4.0,1.0,2.95,-0.47,0.47,34.8,,,,,,Slider,False
SL,2026-06-29,90.4,2.91,5.78,"Morejon, Adrian",691718,670970,walk,ball,,,,,13.0,Pete Crow-Armstrong walks. Nico Hoerner to 3rd. Michael Conforto to 2nd.,R,L,L,CHC,SD,B,,,3,2,2026,-0.46,-0.24,-1.463131088239227,1.2331179691679246,,663538.0,624424.0,2,6,Bot,,,,,,,-9.754519029740417,-131.3153688670479,-4.566503029403954,-3.191968705408404,28.563530858719783,-34.153856242353505,3.202452428,1.616190945,,,,90.2,2880.0,6.3,824662,666023,664034,630105,592518,593428,669392,701538,665487,54.16,,0.698418,0.7,1.0,0.0,0.0,,54,7,Slider,2,2,2,2,2,2,2,2,Strategic,Standard,295.0,0.034,0.179,,,,,-0.179,,0,0,0.572,0.572,27,24,27,24,1,3,3.0,1.0,4.0,1.0,3.05,-0.46,-0.46,37.8,,,,,,Slider,True
SI,2026-06-29,99.7,2.63,5.91,"Morejon, Adrian",691718,670970,,foul,,,,,2.0,,R,L,L,CHC,SD,S,,,3,2,2026,1.42,0.92,0.2386280199029822,3.069415658201744,,663538.0,624424.0,2,6,Bot,,,,,,,-9.889558061240644,-144.87010734976647,-4.417290961162436,22.3554230738954,32.86948673103524,-18.355475766813065,3.202452428,1.616190945,197.0,70.0,60.0,99.8,2611.0,6.4,824662,666023,664034,630105,592518,593428,669392,701538,665487,54.14,,,,,,,,54,6,Sinker,2,2,2,2,2,2,2,2,Strategic,Standard,145.0,0.0,0.0,76.2,7.4,,,0.0,88.0,0,0,0.572,0.572,27,24,27,24,1,3,3.0,1.0,4.0,1.0,1.38,1.42,1.42,38.1,14.424535787820904,-9.818555710540709,28.076716329473623,28.660748708026684,38.36479632865887,Sinker,False
SL,2026-06-29,89.4,3.03,5.77,"Morejon, Adrian",691718,670970,,ball,,,,,14.0,,R,L,L,CHC,SD,B,,,2,2,2026,-0.55,-0.16,0.31449477198087,1.3933836242427915,,663538.0,624424.0,2,6,Bot,,,,,,,-5.426361568735822,-130.18759291650804,-4.268455319411816,-5.3112725357929325,24.39538841962241,-33.36794885389852,3.202452428,1.616190945,,,,89.7,2926.0,6.2,824662,666023,664034,630105,592518,593428,669392,701538,665487,54.33,,,,,,,,54,5,Slider,2,2,2,2,2,2,2,2,Strategic,Standard,283.0,0.016,0.055,,,,,-0.055,,0,0,0.556,0.556,27,24,27,24,1,3,3.0,1.0,4.0,1.0,2.98,-0.55,-0.55,34.1,,,,,,Slider,False
SI,2026-06-29,99.4,2.61,5.9,"Morejon, Adrian",691718,670970,,ball,,,,,11.0,,R,L,L,CHC,SD,B,,,1,2,2026,1.43,0.94,-0.2543267293128943,3.6773429409493663,,663538.0,624424.0,2,6,Bot,,,,,,,-11.084991393477765,-144.39308183652332,-2.754932573494103,22.531618913359782,33.32300950940579,-18.49871382656758,3.202452428,1.616190945,,,,99.0,2479.0,6.2,824662,666023,664034,630105,592518,593428,669392,701538,665487,54.35,,,,,,,,54,4,Sinker,2,2,2,2,2,2,2,2,Strategic,Standard,140.0,0.01,0.025,,,,,-0.025,,0,0,0.546,0.546,27,24,27,24,1,3,3.0,1.0,4.0,1.0,1.37,1.43,1.43,36.4,,,,,,Sinker,False
SI,2026-06-29,100.5,2.66,5.94,"Morejon, Adrian",691718,670970,,called_strike,,,,,2.0,,R,L,L,CHC,SD,S,,,1,1,2026,1.5,0.8,0.0967614951372453,3.0613134551987637,,663538.0,624424.0,2,6,Bot,,,,,,,-10.60216689862279,-146.00993179807605,-4.349729709633487,23.992048325999622,34.109015770515164,-19.884652960450108,3.202452428,1.616190945,,,,100.2,2514.0,6.2,824662,666023,664034,630105,592518,593428,669392,701538,665487,54.31,,,,,,,,54,3,Sinker,2,2,2,2,2,2,2,2,Strategic,Standard,133.0,-0.017,-0.061,,,,,0.061,,0,0,0.563,0.563,27,24,27,24,1,3,3.0,1.0,4.0,1.0,1.46,1.5,1.5,37.9,,,,,,Sinker,False
SL,2026-06-29,89.4,3.0,5.78,"Morejon, Adrian",691718,670970,,foul,,,,,7.0,,R,L,L,CHC,SD,S,,,1,0,2026,-0.44,-0.07,-0.5161236585655609,1.5704143153664472,,663538.0,624424.0,2,6,Bot,,,,,,,-7.58855755804653,-129.95617797931155,-3.93206460429842,-3.3302245069510494,27.98477613235666,-32.339937475224836,3.202452428,1.616190945,10.0,67.2,-9.0,89.1,2801.0,6.2,824662,666023,664034,630105,592518,593428,669392,701538,665487,54.31,,,,,,,,54,2,Slider,2,2,2,2,2,2,2,2,Strategic,Standard,285.0,-0.007,-0.044,62.8,8.7,,,0.044,88.0,0,0,0.57,0.57,27,24,27,24,1,3,3.0,1.0,4.0,1.0,2.94,-0.44,-0.44,34.6,30.552741896320295,-33.03253875910303,33.47912062707855,36.140666928644016,54.982531982138966,Slider,False
SI,2026-06-29,99.9,2.47,6.01,"Morejon, Adrian",691718,670970,,ball,,,,,11.0,,R,L,L,CHC,SD,B,,,0,0,2026,1.3,0.84,-1.013343243746174,3.7405803058952367,,663538.0,624424.0,2,6,Bot,,,,,,,-12.526401582925915,-144.96631275677225,-2.6725200425125455,21.26632833900156,34.36058027252249,-19.870408974207702,3.202452428,1.616190945,,,,99.6,2397.0,6.3,824662,666023,664034,630105,592518,593428,669392,701538,665487,54.22,,,,,,,,54,1,Sinker,2,2,2,2,2,2,2,2,Standard,Standard,141.0,0.004,0.029,,,,,-0.029,,0,0,0.566,0.566,27,24,27,24,1,3,3.0,1.0,4.0,1.0,1.46,1.3,1.3,38.1,,,,,,Sinker,False
CH,2026-06-26,93.0,2.7,5.87,"Morejon, Adrian",605141,670970,grounded_into_double_play,hit_into_play,,,,,8.0,"Mookie Betts grounds into a double play, second baseman Sung-Mun Song to first baseman Ty France. Freddie Freeman out at 2nd. Mookie Betts out at 1st.",R,R,L,SD,LAD,X,4.0,ground_ball,0,1,2026,0.68,-0.19,-0.1201854910904088,2.017026643834748,,681624.0,518692.0,1,8,Top,140.35,154.62,,,,,-8.672516428376284,-135.25317386482203,-3.442296024490628,10.302260826477244,29.593668275423855,-33.93192958543549,3.096259843,1.562598425,113.0,85.4,6.0,93.1,1077.0,6.4,823285,660710,664034,823550,592518,593428,669392,701538,665487,54.12,0.406,0.374,0.0,1.0,0.0,0.0,4.0,61,2,Changeup,3,1,1,3,1,3,1,3,Standard,Standard,106.0,0.145,-0.27,57.4,6.7,,0.445,0.27,88.0,2,-2,0.793,0.207,27,33,27,34,1,3,3.0,2.0,3.0,1.0,2.83,0.68,-0.68,38.1,-5.258488393107693,9.784459579292346,35.11658224543259,38.191842218928954,24.012268174437057,Changeup,True
SI,2026-06-26,100.8,2.71,5.89,"Morejon, Adrian",605141,670970,,called_strike,,,,,2.0,,R,R,L,SD,LAD,S,,,0,0,2026,1.4,0.65,0.0910828289579919,2.8977854763128965,,681624.0,518692.0,1,8,Top,,,,,,,-10.552579647305912,-146.39975882224775,-4.321337535294627,22.633606189612195,35.995401117668614,-21.922417267008154,3.096259843,1.562598425,,,,100.6,2470.0,6.4,823285,660710,664034,823550,592518,593428,669392,701538,665487,54.14,,,,,,,,61,1,Sinker,3,1,1,3,1,3,1,3,Infield shade,Standard,142.0,0.013,-0.041,,,,,0.041,,2,-2,0.78,0.22,27,33,27,34,1,3,3.0,2.0,3.0,1.0,1.61,1.4,-1.4,37.2,,,,,,Sinker,False
SI,2026-06-26,99.8,2.58,5.84,"Morejon, Adrian",518692,670970,single,hit_into_play,,,,,5.0,Freddie Freeman singles on a ground ball to left fielder Samad Taylor. Andy Pages to 2nd.,R,L,L,SD,LAD,X,7.0,ground_ball,1,2,2026,1.4,0.64,0.142771277059768,2.320599763011984,,,681624.0,1,8,Top,84.58,111.53,,,,,-9.968849355238572,-144.97223282349324,-5.6039438493179015,22.111260618444454,33.578742518108406,-22.01628669171167,3.382365486,1.706988189,21.0,103.9,-5.0,99.8,2486.0,6.4,823285,660710,664034,823550,592518,593428,669392,701538,665487,54.11,0.335,0.319,0.9,1.0,1.0,0.0,2.0,60,4,Sinker,3,1,1,3,1,3,1,3,Infield shade,Standard,140.0,-0.088,0.487,69.0,6.2,,0.382,-0.487,103.9,2,-2,0.868,0.132,27,36,27,37,1,3,3.0,2.0,3.0,1.0,1.66,1.4,1.4,38.4,-9.616297516786194,17.21537089833719,41.23600502927845,39.23020098366067,12.782765015704683,Sinker,True
FF,2026-06-26,99.6,2.59,5.91,"Morejon, Adrian",518692,670970,,ball,,,,,11.0,,R,L,L,SD,LAD,B,,,0,2,2026,0.58,1.24,-0.3768006964685636,3.782430676591984,,,681624.0,1,8,Top,,,,,,,-9.441257955570808,-144.8181073984956,-3.227404337382919,10.357798115446718,33.43316107926343,-14.182678256514988,3.382365486,1.706988189,,,,99.9,2559.0,6.5,823285,660710,664034,823550,592518,593428,669392,701538,665487,54.03,,,,,,,,60,3,4-Seam Fastball,3,1,1,3,1,3,1,3,Infield shade,Standard,148.0,-0.005,0.018,,,,,-0.018,,2,-2,0.873,0.127,27,36,27,37,1,3,3.0,2.0,3.0,1.0,1.06,0.58,0.58,42.5,,,,,,Four-seam,False
SL,2026-06-26,89.2,2.88,5.71,"Morejon, Adrian",518692,670970,,called_strike,,,,,9.0,,R,L,L,SD,LAD,S,,,0,1,2026,-0.61,-0.29,0.3737765889466043,2.1531527767672634,,,681624.0,1,8,Top,,,,,,,-4.784562639437281,-129.92017830323883,-1.8880026540961132,-5.823595033389007,28.035375249995333,-35.21503724912155,3.382365486,1.706988189,,,,89.3,2945.0,6.4,823285,660710,664034,823550,592518,593428,669392,701538,665487,54.11,,,,,,,,60,2,Slider,3,1,1,3,1,3,1,3,Infield shade,Standard,277.0,0.013,-0.058,,,,,0.058,,2,-2,0.86,0.14,27,36,27,37,1,3,3.0,2.0,3.0,1.0,3.15,-0.61,-0.61,35.4,,,,,,Slider,False
SL,2026-06-26,91.9,2.95,5.7,"Morejon, Adrian",518692,670970,,called_strike,,,,,4.0,,R,L,L,SD,LAD,S,,,0,0,2026,-0.74,-0.03,-0.400170388493173,2.524082550440673,,,681624.0,1,8,Top,,,,,,,-6.768916259004461,-133.70669810033607,-1.9331963491911004,-7.377568336046852,28.67462813214228,-32.30600148594307,3.382365486,1.706988189,,,,92.0,2887.0,6.3,823285,660710,664034,823550,592518,593428,669392,701538,665487,54.16,,,,,,,,60,1,Slider,3,1,1,3,1,3,1,3,Infield shade,Standard,251.0,0.007,-0.037,,,,,0.037,,2,-2,0.853,0.147,27,36,27,37,1,3,3.0,2.0,3.0,1.0,2.73,-0.74,-0.74,33.6,,,,,,Slider,False
SI,2026-06-26,99.7,2.7,5.84,"Morejon, Adrian",681624,670970,single,hit_into_play,,,,,4.0,Andy Pages singles on a ground ball to left fielder Samad Taylor.,R,R,L,SD,LAD,X,7.0,ground_ball,1,0,2026,1.2,0.75,-0.3639987143221392,2.2869166933474108,,,,1,8,Top,117.84,150.52,,,,,-11.177712767229576,-144.79783725053693,-5.954540280231475,19.494087351274167,32.39781083125158,-20.359616049300076,3.23667979,1.633464567,22.0,94.7,-5.0,99.9,2502.0,6.4,823285,660710,664034,823550,592518,593428,669392,701538,665487,54.11,0.287,0.258,0.9,1.0,1.0,0.0,2.0,59,2,Sinker,3,1,1,3,1,3,1,3,Standard,Standard,138.0,-0.042,0.378,73.9,7.0,,0.322,-0.378,94.7,2,-2,0.895,0.105,27,25,27,26,1,3,3.0,2.0,3.0,1.0,1.54,1.2,-1.2,36.8,-2.048285805719156,7.99348340065098,46.45245900261213,30.61239901166173,21.65161347889811,Sinker,True
SI,2026-06-26,100.9,2.7,5.83,"Morejon, Adrian",681624,670970,,ball,,,,,12.0,,R,R,L,SD,LAD,B,,,0,0,2026,1.3,0.85,0.2497160125744195,3.4970229221547706,,,,1,8,Top,,,,,,,-9.872948603706307,-146.60970319466244,-3.034061546358516,21.111137738346947,35.7410526676376,-19.36673248523483,3.23667979,1.633464567,,,,100.8,2539.0,6.4,823285,660710,664034,823550,592518,593428,669392,701538,665487,54.12,,,,,,,,59,1,Sinker,3,1,1,3,1,3,1,3,Standard,Standard,143.0,-0.005,0.041,,,,,-0.041,,2,-2,0.9,0.1,27,25,27,26,1,3,3.0,2.0,3.0,1.0,1.4,1.3,-1.3,36.6,,,,,,Sinker,False
SI,2026-06-26,100.2,2.61,5.85,"Morejon, Adrian",660271,670970,field_out,hit_into_play,,,,,7.0,"Shohei Ohtani grounds out, pitcher Adrian Morejon to first baseman Ty France.",R,L,L,SD,LAD,X,1.0,ground_ball,0,0,2026,1.35,0.72,-0.4544116448004318,2.0429011303619653,,,,0,8,Top,125.14,174.9,,,,,-11.57203487199466,-145.27843842599415,-6.570513440394562,21.94092511775387,35.87737461812337,-20.53600884396788,3.369201116,1.700344488,6.0,98.6,-18.0,99.7,2355.0,6.3,823285,660710,664034,823550,592518,593428,669392,701538,665487,54.15,0.198,0.178,0.0,1.0,0.0,0.0,2.0,58,1,Sinker,3,1,1,3,1,3,1,3,Infield shade,Standard,142.0,0.038,-0.259,72.8,7.8,,0.202,0.259,98.6,2,-2,0.862,0.138,27,31,27,32,1,3,3.0,2.0,3.0,1.0,1.58,1.35,1.35,38.0,5.157420179377814,17.98400338939673,36.25342525004234,45.4971843799821,13.347069808009572,Sinker,True
SL,2026-06-23,90.2,2.79,5.72,"Morejon, Adrian",621566,670970,field_out,hit_into_play,,,,,14.0,Matt Olson pops out to third baseman Manny Machado in foul territory.,R,L,L,SD,ATL,X,5.0,popup,1,1,2026,-0.52,0.09,1.051655711784417,2.4984046318423463,671739.0,,,2,8,Top,96.49,179.9,,,,,-3.1184874788673085,-131.40254440537296,-2.0099345629854426,-5.34886086784249,29.567464500919648,-30.91646181001135,3.37183399,1.701673228,92.0,53.2,64.0,89.9,2874.0,6.2,823286,660710,664034,823550,592518,593428,669392,701538,665487,54.32,0.001,0.0,0.0,1.0,0.0,0.0,1.0,71,3,Slider,6,6,6,6,6,6,6,6,Strategic,Standard,275.0,0.087,-0.295,71.9,6.9,,0.001,0.295,88.0,0,0,0.521,0.479,27,32,27,32,1,4,1.0,1.0,3.0,1.0,2.72,-0.52,-0.52,37.0,2.55220232915599,-0.6965255401937143,39.05816912520598,24.256786395703095,34.899633218427226,Slider,True
SL,2026-06-23,90.8,2.8,5.69,"Morejon, Adrian",621566,670970,,called_strike,,,,,6.0,,R,L,L,SD,ATL,S,,,1,0,2026,-0.5,0.16,0.4742920657323372,2.739747062973866,671739.0,,,2,8,Top,,,,,,,-4.654437295522595,-132.1097692837002,-1.5758050573404965,-4.715047574533356,29.92659691404753,-30.202357074316808,3.37183399,1.701673228,,,,90.4,2818.0,6.2,823286,660710,664034,823550,592518,593428,669392,701538,665487,54.31,,,,,,,,71,2,Slider,6,6,6,6,6,6,6,6,Strategic,Standard,254.0,0.007,-0.034,,,,,0.034,,0,0,0.514,0.486,27,32,27,32,1,4,1.0,1.0,3.0,1.0,2.62,-0.5,-0.5,34.3,,,,,,Slider,False
CH,2026-06-23,92.9,2.52,5.89,"Morejon, Adrian",621566,670970,,ball,,,,,12.0,,R,L,L,SD,ATL,B,,,0,0,2026,0.85,-0.04,1.0681160783637815,2.6936012010915613,671739.0,,,2,8,Top,,,,,,,-5.555047573644983,-135.2352569223399,-2.090139255914826,11.67355476947807,31.043591660065175,-32.35125170722919,3.37183399,1.701673228,,,,92.6,1029.0,6.2,823286,660710,664034,823550,592518,593428,669392,701538,665487,54.29,,,,,,,,71,1,Changeup,6,6,6,6,6,6,6,6,Strategic,Standard,108.0,-0.002,0.03,,,,,-0.03,,0,0,0.516,0.484,27,32,27,32,1,4,1.0,1.0,3.0,1.0,2.69,0.85,0.85,41.1,,,,,,Changeup,False
SI,2026-06-23,100.9,2.59,5.86,"Morejon, Adrian",645277,670970,field_out,hit_into_play,,,,,1.0,"Ozzie Albies grounds out, second baseman Sung-Mun Song to first baseman Ty France. Michael Harris II to 3rd.",R,R,L,SD,ATL,X,4.0,ground_ball,1,1,2026,1.61,0.94,-0.5076837700996826,3.0761110927093984,,671739.0,,1,8,Top,127.62,153.75,,,,,-12.35494744354652,-146.34084314891888,-4.451564347629978,26.13324353427054,35.671007269366314,-17.717555385975874,2.984801509,1.506348425,27.0,56.5,-3.0,100.3,2369.0,6.2,823286,660710,664034,823550,592518,593428,669392,701538,665487,54.26,0.092,0.09,0.0,1.0,0.0,0.0,1.0,70,3,Sinker,6,6,6,6,6,6,6,6,Standard,Standard,148.0,0.058,-0.237,23.8,4.9,,0.117,0.237,88.0,0,0,0.458,0.542,27,29,27,29,1,4,1.0,1.0,3.0,1.0,1.32,1.61,-1.61,40.4,5.977349989803261,27.379783823785104,29.978126225909623,18.816621641698504,23.027583652402097,Sinker,True
CH,2026-06-23,92.0,2.66,5.92,"Morejon, Adrian",645277,670970,,blocked_ball,,,,,14.0,,R,R,L,SD,ATL,B,,,0,1,2026,1.21,-0.08,0.4830039458027768,0.2974012779925541,,671739.0,,1,8,Top,,,,,,,-8.084832326126271,-133.58762822709087,-7.892241984300929,16.31604059826041,29.87110755728688,-31.46676494890948,2.984801509,1.506348425,,,,91.4,1059.0,6.1,823286,660710,664034,823550,592518,593428,669392,701538,665487,54.36,,,,,,,,70,2,Changeup,6,6,6,6,6,6,6,6,Standard,Standard,108.0,-0.007,0.032,,,,,-0.032,,0,0,0.465,0.535,27,29,27,29,1,4,1.0,1.0,3.0,1.0,2.79,1.21,-1.21,43.1,,,,,,Changeup,False
SI,2026-06-23,100.6,2.54,5.94,"Morejon, Adrian",645277,670970,,called_strike,,,,,4.0,,R,R,L,SD,ATL,S,,,0,0,2026,1.35,0.83,-0.5794763601560156,2.3780638505567513,,671739.0,,1,8,Top,,,,,,,-11.779170383427244,-145.86375740167114,-6.228283767733057,22.217916027439585,37.46547862696735,-18.981420063911603,2.984801509,1.506348425,,,,100.0,2455.0,6.3,823286,660710,664034,823550,592518,593428,669392,701538,665487,54.16,,,,,,,,70,1,Sinker,6,6,6,6,6,6,6,6,Standard,Standard,145.0,0.011,-0.045,,,,,0.045,,0,0,0.454,0.546,27,29,27,29,1,4,1.0,1.0,3.0,1.0,1.46,1.35,-1.35,41.0,,,,,,Sinker,False
SL,2026-06-23,90.0,2.81,5.86,"Morejon, Adrian",671739,670970,field_error,hit_into_play,,,,,12.0,Michael Harris II reaches on a fielding error by right fielder Fernando Tatis Jr. Michael Harris II to 2nd.,R,L,L,SD,ATL,X,9.0,fly_ball,0,0,2026,-0.41,0.31,0.8917046152669166,2.9683876993169065,,,,1,8,Top,178.46,142.87,,,,,-3.803291302755956,-131.02057915406215,-1.6458967074736537,-3.80415711338179,29.09797028275633,-28.45277202583705,3.181389436,1.605561024,220.0,78.4,51.0,89.5,2892.0,6.0,823286,660710,664034,823550,592518,593428,669392,701538,665487,54.46,0.031,0.028,0.9,1.0,0.0,0.0,3.0,69,1,Slider,6,6,6,6,6,6,6,6,Standard,Standard,274.0,-0.092,0.461,84.2,8.0,,0.031,-0.461,88.0,0,0,0.546,0.454,27,25,27,25,1,4,1.0,1.0,3.0,1.0,2.51,-0.41,-0.41,39.8,11.670879114585334,-10.057642428734429,24.66372610027423,26.929645086237397,34.938938539949035,Slider,True
FF,2026-06-23,98.5,2.59,6.05,"Morejon, Adrian",642201,670970,strikeout,swinging_strike,,,,,11.0,Eli White strikes out swinging.,R,R,L,SD,ATL,S,2.0,,0,2,2026,0.46,1.58,-0.1038047425783441,3.5392157699037323,,,,0,8,Top,,,,,,,-8.29224903880208,-143.15366307273507,-4.845455180014542,8.379070521321161,36.35117011025122,-9.638287300797174,3.315666011,1.673326772,,,,97.9,2462.0,6.2,823286,660710,664034,823550,592518,593428,669392,701538,665487,54.26,,0.0,0.0,1.0,0.0,0.0,,68,3,4-Seam Fastball,6,6,6,6,6,6,6,6,Standard,Standard,143.0,0.028,-0.164,70.5,5.6,0.512929356,,0.164,,0,0,0.518,0.482,27,32,27,32,1,1,1.0,2.0,3.0,1.0,0.8,0.46,-0.46,41.8,0.7990137003070903,28.22023970877099,26.99243330045612,35.993065540550695,18.180887149519805,Four-seam,True
CH,2026-06-23,91.7,2.75,5.98,"Morejon, Adrian",642201,670970,,swinging_strike,,,,,9.0,,R,R,L,SD,ATL,S,,,0,1,2026,0.93,-0.06,0.555987408431338,1.633168757885601,,,,0,8,Top,,,,,,,-7.489253728925098,-133.22185414831262,-4.6542584634177375,12.797241415440936,31.12882517511944,-32.00190984031064,3.315666011,1.673326772,,,,90.9,1088.0,6.1,823286,660710,664034,823550,592518,593428,669392,701538,665487,54.44,,,,,,,,68,2,Changeup,6,6,6,6,6,6,6,6,Standard,Standard,108.0,0.011,-0.054,75.1,7.4,0.68324808,,0.054,,0,0,0.507,0.493,27,32,27,32,1,1,1.0,2.0,3.0,1.0,2.8,0.93,-0.93,39.6,9.073144226007958,3.243621325930519,35.376316918067076,44.16943076339659,30.53122359269606,Changeup,False
SI,2026-06-23,99.1,2.5,5.98,"Morejon, Adrian",642201,670970,,called_strike,,,,,7.0,,R,R,L,SD,ATL,S,,,0,0,2026,1.44,0.72,-0.3303850661553342,2.174613467615524,,,,0,8,Top,,,,,,,-10.97858601924427,-143.67966770044043,-6.339661288344898,22.562746870400616,35.874288785610204,-20.804083368373256,3.315666011,1.673326772,,,,98.0,2255.0,6.1,823286,660710,664034,823550,592518,593428,669392,701538,665487,54.43,,,,,,,,68,1,Sinker,6,6,6,6,6,6,6,6,Standard,Standard,140.0,0.007,-0.041,,,,,0.041,,0,0,0.5,0.5,27,32,27,32,1,1,1.0,2.0,3.0,1.0,1.63,1.44,-1.44,41.5,,,,,,Sinker,False
SI,2026-06-22,100.1,2.48,5.9,"Morejon, Adrian",621566,670970,field_out,hit_into_play,,,,,6.0,"Matt Olson grounds out, first baseman Ty France to pitcher Adrian Morejon.",R,L,L,SD,ATL,X,3.0,ground_ball,2,0,2026,1.53,0.83,0.3491743097063957,2.508330861977729,,,,2,8,Top,157.89,161.82,,,,,-9.460803840977016,-145.24920959331604,-5.685015199447953,23.96076908044422,38.30773153035281,-19.14980820588269,3.37183399,1.701673228,18.0,84.3,-8.0,99.3,2438.0,6.3,823288,660710,664034,823550,592518,593428,669392,701538,665487,54.23,0.099,0.089,0.0,1.0,0.0,0.0,2.0,59,3,Sinker,1,0,0,1,0,1,0,1,Infield shade,Standard,146.0,0.036,-0.367,79.9,7.6,,0.124,0.367,88.0,1,-1,0.831,0.169,27,32,27,32,1,3,2.0,1.0,1.0,1.0,1.48,1.53,1.53,38.8,8.836577536097286,-2.502926336415573,32.955939958968685,32.12182361152135,34.622231532854,Sinker,True
SL,2026-06-22,89.6,3.03,5.75,"Morejon, Adrian",621566,670970,,ball,,,,,14.0,,R,L,L,SD,ATL,B,,,1,0,2026,-0.48,0.08,1.099151859953097,2.505927320021002,,,,2,8,Top,,,,,,,-3.6732902577901783,-130.49584209598373,-2.0068585517855477,-4.721325151440158,27.30569568019775,-31.012624168167303,3.37183399,1.701673228,,,,89.8,2945.0,6.3,823288,660710,664034,823550,592518,593428,669392,701538,665487,54.17,,,,,,,,59,2,Slider,1,0,0,1,0,1,0,1,Infield shade,Standard,279.0,-0.006,0.064,,,,,-0.064,,1,-1,0.837,0.163,27,32,27,32,1,3,2.0,1.0,1.0,1.0,2.75,-0.48,-0.48,36.1,,,,,,Slider,False
FF,2026-06-22,100.4,2.35,6.02,"Morejon, Adrian",621566,670970,,ball,,,,,11.0,,R,L,L,SD,ATL,B,,,0,0,2026,0.46,1.5,-0.9514194112483793,3.949934388600309,,,,2,8,Top,,,,,,,-10.106336530303237,-145.85238608289782,-3.780935670966075,9.039014563329191,37.12471516688775,-10.112865721912057,3.37183399,1.701673228,,,,100.0,2565.0,6.3,823288,660710,664034,823550,592518,593428,669392,701538,665487,54.15,,,,,,,,59,1,4-Seam Fastball,1,0,0,1,0,1,0,1,Infield shade,Standard,145.0,-0.003,0.041,,,,,-0.041,,1,-1,0.84,0.16,27,32,27,32,1,3,2.0,1.0,1.0,1.0,0.78,0.46,0.46,43.8,,,,,,Four-seam,False
SI,2026-06-22,99.7,2.39,5.91,"Morejon, Adrian",686948,670970,strikeout,called_strike,,,,,4.0,Drake Baldwin called out on strikes.,R,L,L,SD,ATL,S,2.0,,2,2,2026,1.34,0.75,-0.4925827592334129,2.6334920988834325,,,,1,8,Top,,,,,,,-10.957316606960406,-144.66705149976093,-5.145981116826874,21.403832367101412,35.02791283177192,-20.547651426102483,3.205962927,1.617962598,,,,99.0,2364.0,6.1,823288,660710,664034,823550,592518,593428,669392,701538,665487,54.35,,0.0,0.0,1.0,0.0,0.0,,58,6,Sinker,1,0,0,1,0,1,0,1,Infield shade,Standard,144.0,0.035,-0.233,,,,,0.233,,1,-1,0.805,0.195,27,25,27,25,1,3,2.0,1.0,1.0,1.0,1.56,1.34,1.34,37.1,,,,,,Sinker,True
SL,2026-06-22,89.6,2.97,5.74,"Morejon, Adrian",686948,670970,,foul,,,,,14.0,,R,L,L,SD,ATL,S,,,2,2,2026,-0.46,0.08,0.9791883356165352,2.06364297534618,,,,1,8,Top,,,,,,,-3.8679051680751946,-130.51401300511836,-3.050492876777255,-4.415449741244821,27.34150386262645,-30.806235652183062,3.205962927,1.617962598,,,,89.7,2986.0,6.3,823288,660710,664034,823550,592518,593428,669392,701538,665487,54.23,,,,,,,,58,5,Slider,1,0,0,1,0,1,0,1,Infield shade,Standard,278.0,0.0,0.0,73.6,6.0,,,0.0,,1,-1,0.805,0.195,27,25,27,25,1,3,2.0,1.0,1.0,1.0,2.75,-0.46,-0.46,36.4,-17.782535947893933,31.146386974651055,50.22620872065419,26.898784542567185,12.798313297821286,Slider,False
FF,2026-06-22,98.4,2.56,5.99,"Morejon, Adrian",686948,670970,,ball,,,,,12.0,,R,L,L,SD,ATL,B,,,1,2,2026,0.75,1.25,1.4423269272104062,4.165123458464613,,,,1,8,Top,,,,,,,-4.747031970913817,-143.2775902022185,-2.264393099084886,11.37800073191564,34.21216181522364,-14.669917588748584,3.205962927,1.617962598,,,,98.1,2463.0,6.2,823288,660710,664034,823550,592518,593428,669392,701538,665487,54.33,,,,,,,,58,4,4-Seam Fastball,1,0,0,1,0,1,0,1,Infield shade,Standard,149.0,-0.006,0.051,,,,,-0.051,,1,-1,0.811,0.189,27,25,27,25,1,3,2.0,1.0,1.0,1.0,1.11,0.75,0.75,43.0,,,,,,Four-seam,False
SI,2026-06-22,100.1,2.43,5.87,"Morejon, Adrian",686948,670970,,called_strike,,,,,1.0,,R,L,L,SD,ATL,S,,,1,1,2026,1.44,0.58,-0.4183779316791209,2.7901667369011864,,,,1,8,Top,,,,,,,-11.176328823419414,-145.32446778557943,-4.251116774873532,23.055187890202745,36.13633237250083,-23.107529703483696,3.205962927,1.617962598,,,,99.5,2560.0,6.2,823288,660710,664034,823550,592518,593428,669392,701538,665487,54.25,,,,,,,,58,3,Sinker,1,0,0,1,0,1,0,1,Infield shade,Standard,140.0,0.01,-0.07,,,,,0.07,,1,-1,0.801,0.199,27,25,27,25,1,3,2.0,1.0,1.0,1.0,1.72,1.44,1.44,38.7,,,,,,Sinker,False
SL,2026-06-22,91.4,2.87,5.93,"Morejon, Adrian",686948,670970,,ball,,,,,13.0,,R,L,L,SD,ATL,B,,,0,1,2026,-0.32,0.21,-0.9920413896272234,1.685222659373251,,,,1,8,Top,,,,,,,-8.893411128013643,-132.92145826034127,-5.066297619459956,-1.978949644807486,26.803887100598896,-28.751036992599943,3.205962927,1.617962598,,,,91.5,3062.0,6.2,823288,660710,664034,823550,592518,593428,669392,701538,665487,54.27,,,,,,,,58,2,Slider,1,0,0,1,0,1,0,1,Infield shade,Standard,280.0,-0.004,0.032,,,,,-0.032,,1,-1,0.805,0.195,27,25,27,25,1,3,2.0,1.0,1.0,1.0,2.5,-0.32,-0.32,38.5,,,,,,Slider,False
SL,2026-06-22,92.1,2.98,5.94,"Morejon, Adrian",686948,670970,,called_strike,,,,,2.0,,R,L,L,SD,ATL,S,,,0,0,2026,-0.17,0.21,-0.0763544589435831,2.9889096111206577,,,,1,8,Top,,,,,,,-7.257403113390417,-133.97995266339976,-1.935731869211324,-0.5120116797964318,27.941013761869,-29.410873637681725,3.205962927,1.617962598,,,,92.0,2971.0,6.2,823288,660710,664034,823550,592518,593428,669392,701538,665487,54.32,,,,,,,,58,1,Slider,1,0,0,1,0,1,0,1,Infield shade,Standard,269.0,0.006,-0.041,,,,,0.041,,1,-1,0.799,0.201,27,25,27,25,1,3,2.0,1.0,1.0,1.0,2.47,-0.17,-0.17,40.6,,,,,,Slider,False
CH,2026-06-22,92.7,2.7,6.02,"Morejon, Adrian",643289,670970,strikeout,swinging_strike,,,,,14.0,Mauricio Dubón strikes out swinging.,R,R,L,SD,ATL,S,2.0,,0,2,2026,0.94,0.0,0.465737650392003,0.8418273961436316,,,,0,8,Top,,,,,,,-7.705032071535943,-134.65706495393192,-7.133311186712499,13.15333118786924,30.01288689644077,-30.709817349612035,3.17085794,1.600246063,,,,92.3,1040.0,6.2,823288,660710,664034,823550,592518,593428,669392,701538,665487,54.27,,0.0,0.0,1.0,0.0,0.0,,57,3,Changeup,1,0,0,1,0,1,0,1,Standard,Standard,101.0,0.032,-0.164,66.3,8.2,0.325525356,,0.164,,1,-1,0.767,0.233,27,31,27,32,1,3,2.0,1.0,1.0,1.0,2.66,0.94,-0.94,43.3,9.163012241535856,-6.742800957572551,32.1210421376074,42.081914311683335,23.92831936378873,Changeup,True
CH,2026-06-22,93.0,2.74,6.0,"Morejon, Adrian",643289,670970,,swinging_strike,,,,,13.0,,R,R,L,SD,ATL,S,,,0,1,2026,0.93,-0.11,-0.6788443980720593,0.878868037284593,,,,0,8,Top,,,,,,,-10.6862594942299,-134.8478302032502,-6.7570199639870285,13.779528300368474,30.46179224964597,-32.16217551619872,3.17085794,1.600246063,,,,92.5,995.0,6.3,823288,660710,664034,823550,592518,593428,669392,701538,665487,54.24,,,,,,,,57,2,Changeup,1,0,0,1,0,1,0,1,Standard,Standard,110.0,0.014,-0.054,,,,,0.054,,1,-1,0.753,0.247,27,31,27,32,1,3,2.0,1.0,1.0,1.0,2.78,0.93,-0.93,40.7,,,,,,Changeup,False
SL,2026-06-22,89.3,3.04,5.93,"Morejon, Adrian",643289,670970,,called_strike,,,,,4.0,,R,R,L,SD,ATL,S,,,0,0,2026,-0.42,0.01,-0.4738933437173697,2.4267906401364665,,,,0,8,Top,,,,,,,-7.624736058649209,-129.83314823685276,-2.4022434760115328,-3.1191998400899235,27.323692224085296,-31.70692344702285,3.17085794,1.600246063,,,,89.1,2917.0,6.2,823288,660710,664034,823550,592518,593428,669392,701538,665487,54.26,,,,,,,,57,1,Slider,1,0,0,1,0,1,0,1,Standard,Standard,291.0,0.008,-0.041,,,,,0.041,,1,-1,0.745,0.255,27,31,27,32,1,3,2.0,1.0,1.0,1.0,2.85,-0.42,0.42,37.8,,,,,,Slider,False
SI,2026-06-20,99.7,2.48,6.0,"Morejon, Adrian",543309,670970,strikeout,called_strike,,,,,1.0,Kyle Higashioka called out on strikes.,R,R,L,TEX,SD,S,2.0,,2,2,2026,1.56,0.94,-0.3225880549965592,2.9912791167666595,,,669394.0,2,9,Bot,,,,,,,-11.311879380847738,-144.6526826119437,-4.874721617233809,24.58214381415834,34.963920094133655,-18.048223816708777,3.245456037,1.637893701,,,,99.4,2395.0,6.4,822885,660710,664034,665487,592518,593428,657757,701538,669392,54.11,,0.0,0.0,1.0,0.0,0.0,,73,6,Sinker,3,3,3,3,3,3,3,3,Standard,Standard,145.0,-0.054,-0.247,,,,,0.247,,0,0,0.554,0.554,27,36,27,36,1,3,3.0,2.0,2.0,1.0,1.38,1.56,-1.56,40.3,,,,,,Sinker,True
SI,2026-06-20,99.6,2.48,6.02,"Morejon, Adrian",543309,670970,,foul,,,,,3.0,,R,R,L,TEX,SD,S,,,2,2,2026,1.39,0.68,0.5747512754444897,3.1914490432156937,,,669394.0,2,9,Bot,,,,,,,-8.486625309531773,-144.73844222871978,-3.7995205509504615,21.577010973178066,33.37641322259675,-21.91943320481935,3.245456037,1.637893701,306.0,91.1,39.0,99.7,2413.0,6.4,822885,660710,664034,665487,592518,593428,657757,701538,669392,54.12,,,,,,,,73,5,Sinker,3,3,3,3,3,3,3,3,Standard,Standard,146.0,0.0,0.0,72.0,6.5,,,0.0,91.1,0,0,0.554,0.554,27,36,27,36,1,3,3.0,2.0,2.0,1.0,1.62,1.39,-1.39,41.9,9.619030776428534,14.19904942498411,23.998975121808954,40.87132070039844,19.44228010926972,Sinker,False
CH,2026-06-20,92.4,2.53,6.09,"Morejon, Adrian",543309,670970,,ball,,,,,13.0,,R,R,L,TEX,SD,B,,,1,2,2026,0.72,-0.03,-0.5315519246033847,1.0912118481118736,,,669394.0,2,9,Bot,,,,,,,-9.306820102566943,-134.17142567764108,-6.573738383817722,10.720614185796084,28.237663869767793,-31.307483522644052,3.245456037,1.637893701,,,,92.5,929.0,6.4,822885,660710,664034,665487,592518,593428,657757,701538,669392,54.11,,,,,,,,73,4,Changeup,3,3,3,3,3,3,3,3,Standard,Standard,113.0,0.01,0.052,,,,,-0.052,,0,0,0.544,0.544,27,36,27,36,1,3,3.0,2.0,2.0,1.0,2.71,0.72,-0.72,43.6,,,,,,Changeup,False
CH,2026-06-20,92.6,2.63,6.07,"Morejon, Adrian",543309,670970,,ball,,,,,14.0,,R,R,L,TEX,SD,B,,,0,2,2026,1.1,-0.04,0.982977797698348,1.0749955214749845,,,669394.0,2,9,Bot,,,,,,,-6.569960493039878,-134.612216786447,-6.580680455519953,14.79860893216654,29.105287264809498,-31.35617210433307,3.245456037,1.637893701,,,,92.4,1028.0,6.2,822885,660710,664034,665487,592518,593428,657757,701538,669392,54.26,,,,,,,,73,3,Changeup,3,3,3,3,3,3,3,3,Standard,Standard,110.0,0.006,0.021,,,,,-0.021,,0,0,0.538,0.538,27,36,27,36,1,3,3.0,2.0,2.0,1.0,2.7,1.1,-1.1,42.9,,,,,,Changeup,False
SI,2026-06-20,97.9,2.6,5.95,"Morejon, Adrian",543309,670970,,foul,,,,,5.0,,R,R,L,TEX,SD,S,,,0,1,2026,1.39,0.73,0.2257886494459045,2.633209376342212,,,669394.0,2,9,Bot,,,,,,,-9.566632968801011,-142.21963412687603,-4.934466777645689,21.108632535746363,32.911832559125926,-21.281735649645533,3.245456037,1.637893701,94.0,76.6,18.0,97.7,2294.0,6.3,822885,660710,664034,665487,592518,593428,657757,701538,669392,54.2,,,,,,,,73,2,Sinker,3,3,3,3,3,3,3,3,Standard,Standard,141.0,-0.016,-0.061,69.7,6.2,,,0.061,88.0,0,0,0.554,0.554,27,36,27,36,1,3,3.0,2.0,2.0,1.0,1.66,1.39,-1.39,37.7,-2.586286406021895,19.601219397227684,37.22586110614086,35.225393882519,16.459728376958815,Sinker,False
SL,2026-06-20,87.1,2.96,5.93,"Morejon, Adrian",543309,670970,,called_strike,,,,,3.0,,R,R,L,TEX,SD,S,,,0,0,2026,-0.62,-0.06,0.3914190669489877,2.8698942731191024,,,669394.0,2,9,Bot,,,,,,,-4.805317896795517,-126.89161905753168,-0.9147682696852668,-5.836792793710457,23.905796618775657,-32.90383324895804,3.245456037,1.637893701,,,,87.5,2869.0,6.3,822885,660710,664034,665487,592518,593428,657757,701538,669392,54.18,,,,,,,,73,1,Slider,3,3,3,3,3,3,3,3,Standard,Standard,292.0,-0.009,-0.041,,,,,0.041,,0,0,0.563,0.563,27,36,27,36,1,3,3.0,2.0,2.0,1.0,3.04,-0.62,0.62,39.5,,,,,,Slider,False
SI,2026-06-20,99.5,2.6,6.02,"Morejon, Adrian",683227,670970,field_out,hit_into_play,,,,,5.0,Cody Freeman flies out to second baseman Fernando Tatis Jr.,R,R,L,TEX,SD,X,4.0,fly_ball,0,2,2026,1.41,0.73,-0.0213716944967039,2.317921471388502,,,669394.0,1,9,Bot,170.77,128.26,,,,,-10.43123069045028,-144.3211053842175,-6.1864844121411675,22.18524674672676,36.50810182755013,-20.647998115630337,3.057644357,1.543110236,183.0,85.5,63.0,98.9,2384.0,6.3,822885,660710,664034,665487,592518,593428,657757,701538,669392,54.19,0.009,0.008,0.0,1.0,0.0,0.0,3.0,72,4,Sinker,3,3,3,3,3,3,3,3,Standard,Standard,147.0,-0.043,-0.165,67.8,6.7,,0.012,0.165,88.0,0,0,0.606,0.606,27,25,27,25,1,0,3.0,2.0,2.0,55.0,1.61,1.41,-1.41,43.8,7.808112175708834,2.2937122739243287,23.62211497394268,35.87550149551527,36.8191313976441,Sinker,True
CH,2026-06-20,92.5,2.64,6.05,"Morejon, Adrian",683227,670970,,foul,,,,,7.0,,R,R,L,TEX,SD,S,,,0,2,2026,0.8,0.49,-0.3750633117740534,1.6966897363026678,,,669394.0,1,9,Bot,,,,,,,-9.33784229290965,-134.29476394891535,-6.09085478823841,11.70819541363183,28.171074725474092,-25.148541423700237,3.057644357,1.543110236,109.0,57.2,18.0,92.2,1057.0,6.2,822885,660710,664034,665487,592518,593428,657757,701538,669392,54.31,,,,,,,,72,3,Changeup,3,3,3,3,3,3,3,3,Standard,Standard,111.0,0.0,0.0,49.5,5.5,,,0.0,88.0,0,0,0.606,0.606,27,25,27,25,1,0,3.0,2.0,2.0,55.0,2.18,0.8,-0.8,41.2,-14.526682428747174,23.006942931515336,36.724181452329525,30.289909112848267,20.10816569634405,Changeup,False
CH,2026-06-20,90.8,2.55,5.98,"Morejon, Adrian",683227,670970,,swinging_strike,,,,,14.0,,R,R,L,TEX,SD,S,,,0,1,2026,0.96,0.11,0.4804862080472192,1.0645982795394553,,,669394.0,1,9,Bot,,,,,,,-7.195768173093541,-132.0074749329801,-6.4053304385311485,12.706485412787451,25.915065725401515,-29.725393379948283,3.057644357,1.543110236,,,,90.9,1042.0,6.2,822885,660710,664034,665487,592518,593428,657757,701538,669392,54.26,,,,,,,,72,2,Changeup,3,3,3,3,3,3,3,3,Standard,Standard,106.0,-0.018,-0.058,43.1,6.4,2.710267356,,0.058,,0,0,0.624,0.624,27,25,27,25,1,0,3.0,2.0,2.0,55.0,2.64,0.96,-0.96,39.3,-1.298446332377745,27.309979268463145,28.754821495837582,42.09852843803184,16.155396767560998,Changeup,False
SL,2026-06-20,90.4,2.95,5.91,"Morejon, Adrian",683227,670970,,called_strike,,,,,6.0,,R,R,L,TEX,SD,S,,,0,0,2026,-0.2,0.09,0.4654853819237995,2.5040770348828874,,,669394.0,1,9,Bot,,,,,,,-5.657765644955973,-131.59321267270644,-2.5638037992304445,-1.2250728866179164,26.61512483107805,-30.807039605003336,3.057644357,1.543110236,,,,90.5,2601.0,6.2,822885,660710,664034,665487,592518,593428,657757,701538,669392,54.28,,,,,,,,72,1,Slider,3,3,3,3,3,3,3,3,Standard,Standard,265.0,-0.011,-0.037,,,,,0.037,,0,0,0.635,0.635,27,25,27,25,1,0,3.0,2.0,2.0,55.0,2.69,-0.2,0.2,37.3,,,,,,Slider,False
FF,2026-06-20,99.5,2.31,6.14,"Morejon, Adrian",669394,670970,hit_by_pitch,hit_by_pitch,,,,,11.0,Jake Burger hit by pitch.,R,R,L,TEX,SD,B,,,1,2,2026,0.49,1.42,-1.996133301197339,4.476318543383715,,,,1,9,Bot,,,,,,,-12.815999316564191,-144.3241216259518,-2.3718921261717725,9.837546085004092,33.43545547228674,-11.927934669134054,3.229658793,1.62992126,,,,99.4,2508.0,6.4,822885,660710,664034,665487,592518,593428,657757,701538,669392,54.13,,0.729366,0.7,1.0,0.0,0.0,,71,5,4-Seam Fastball,3,3,3,3,3,3,3,3,Standard,Standard,149.0,0.067,0.502,,,,,-0.502,,0,0,0.568,0.568,27,30,27,30,1,3,3.0,1.0,2.0,1.0,0.9,0.49,-0.49,44.6,,,,,,Four-seam,True
CH,2026-06-20,92.6,2.71,6.19,"Morejon, Adrian",669394,670970,,ball,,,,,12.0,,R,R,L,TEX,SD,B,,,0,2,2026,0.99,0.12,0.8938294432914752,2.8081338548623807,,,,1,9,Bot,,,,,,,-6.748028784355787,-134.77417452295134,-2.8882981944871804,13.5609846321876,29.21957570653028,-30.24167550652959,3.229658793,1.62992126,,,,92.4,1009.0,6.1,822885,660710,664034,665487,592518,593428,657757,701538,669392,54.37,,,,,,,,71,4,Changeup,3,3,3,3,3,3,3,3,Standard,Standard,119.0,0.004,0.019,,,,,-0.019,,0,0,0.564,0.564,27,30,27,30,1,3,3.0,1.0,2.0,1.0,2.53,0.99,-0.99,44.2,,,,,,Changeup,False
FF,2026-06-20,99.9,2.34,6.11,"Morejon, Adrian",669394,670970,,foul,,,,,1.0,,R,R,L,TEX,SD,S,,,0,2,2026,0.74,1.27,-0.3847067325349623,3.300923770135864,,,,1,9,Bot,,,,,,,-9.14975047208521,-145.28271728894575,-5.235830538769376,12.504964594765292,32.407662627065484,-13.077330634885476,3.229658793,1.62992126,,,,100.0,2441.0,6.3,822885,660710,664034,665487,592518,593428,657757,701538,669392,54.22,,,,,,,,71,3,4-Seam Fastball,3,3,3,3,3,3,3,3,Standard,Standard,148.0,0.0,0.0,72.2,6.1,,,0.0,,0,0,0.564,0.564,27,30,27,30,1,3,3.0,1.0,2.0,1.0,1.01,0.74,-0.74,42.4,-5.75397243331552,24.9329611966975,21.988853563077058,34.10905405053456,13.581981576450223,Four-seam,False
FF,2026-06-20,99.7,2.57,6.14,"Morejon, Adrian",669394,670970,,swinging_strike,,,,,11.0,,R,R,L,TEX,SD,S,,,0,1,2026,0.74,1.28,-0.3884491739081196,4.04728732611361,,,,1,9,Bot,,,,,,,-9.773314019396402,-144.86819648746143,-3.2372729951469084,12.722707812975148,32.91033750583086,-13.594846775173163,3.229658793,1.62992126,,,,99.4,2431.0,6.2,822885,660710,664034,665487,592518,593428,657757,701538,669392,54.34,,,,,,,,71,2,4-Seam Fastball,3,3,3,3,3,3,3,3,Standard,Standard,146.0,-0.011,-0.057,57.5,4.9,2.123393676,,0.057,,0,0,0.575,0.575,27,30,27,30,1,3,3.0,1.0,2.0,1.0,1.02,0.74,-0.74,43.0,-8.14366105973313,53.708839136418426,18.502602626160936,34.497372933405785,0.668206457902667,Four-seam,False
FF,2026-06-20,99.7,2.46,6.15,"Morejon, Adrian",669394,670970,,swinging_strike,,,,,11.0,,R,R,L,TEX,SD,S,,,0,0,2026,0.65,1.32,-0.5353549414948536,3.519935075349912,,,,1,9,Bot,,,,,,,-9.66508017344617,-144.909976212334,-4.808722450175443,11.402207853014303,32.06656501043076,-12.61878737593737,3.229658793,1.62992126,,,,99.7,2447.0,6.2,822885,660710,664034,665487,592518,593428,657757,701538,669392,54.26,,,,,,,,71,1,4-Seam Fastball,3,3,3,3,3,3,3,3,Standard,Standard,153.0,-0.007,-0.041,68.6,5.6,0.313820892,,0.041,,0,0,0.582,0.582,27,30,27,30,1,3,3.0,1.0,2.0,1.0,0.97,0.65,-0.65,47.2,-6.715168005210696,28.734499233973473,22.951875054811623,33.1169055243542,9.190868693846216,Four-seam,False
SI,2026-06-20,98.7,2.45,6.08,"Morejon, Adrian",679822,670970,strikeout,swinging_strike,,,,,5.0,Justin Foscue strikes out swinging.,R,R,L,TEX,SD,S,2.0,,0,2,2026,1.38,1.01,-0.188276431369821,2.620208217055544,,,,0,9,Bot,,,,,,,-10.323962099579006,-143.32273046407337,-6.145392774915502,21.415951538985304,31.5904092935814,-16.98762418833253,3.150672572,1.590059055,,,,98.6,2385.0,6.3,822885,660710,664034,665487,592518,593428,657757,701538,669392,54.24,,0.0,0.0,1.0,0.0,0.0,,70,4,Sinker,3,3,3,3,3,3,3,3,Standard,Standard,147.0,-0.034,-0.164,68.5,6.1,0.511114008,,0.164,,0,0,0.616,0.616,27,27,27,27,1,0,3.0,1.0,2.0,1.0,1.33,1.38,-1.38,46.6,6.417846553266103,6.444730572476639,29.485638280040693,35.27101943218225,25.423916093797963,Sinker,True
CH,2026-06-20,91.7,2.66,6.12,"Morejon, Adrian",679822,670970,,foul,,,,,14.0,,R,R,L,TEX,SD,S,,,0,2,2026,0.95,0.12,0.0851058985758108,0.831135040954194,,,,0,9,Bot,,,,,,,-8.498170828775656,-133.1836666913632,-7.448282757103114,13.15082238152368,29.3520612231454,-29.28229146707255,3.150672572,1.590059055,2.0,79.5,-28.0,91.4,1130.0,6.2,822885,660710,664034,665487,592518,593428,657757,701538,669392,54.25,,,,,,,,70,3,Changeup,3,3,3,3,3,3,3,3,Standard,Standard,113.0,0.0,0.0,69.7,7.6,,,0.0,88.0,0,0,0.616,0.616,27,27,27,27,1,0,3.0,1.0,2.0,1.0,2.61,0.95,-0.95,42.8,3.2564962754142197,-10.063205061247416,41.96090018683138,38.629645730952305,31.551198436497792,Changeup,False
CH,2026-06-20,91.0,2.76,6.08,"Morejon, Adrian",679822,670970,,swinging_strike_blocked,,,,,13.0,,R,R,L,TEX,SD,S,,,0,1,2026,0.78,-0.31,-0.4294911871527298,0.954208732288778,,,,0,9,Bot,,,,,,,-9.552625853371024,-132.07023990641207,-5.93789402458134,11.219436242490218,28.263111222990723,-34.71397772350925,3.150672572,1.590059055,,,,90.5,983.0,6.1,822885,660710,664034,665487,592518,593428,657757,701538,669392,54.36,,,,,,,,70,2,Changeup,3,3,3,3,3,3,3,3,Standard,Standard,103.0,-0.014,-0.054,70.0,7.5,0.86202768,,0.054,,0,0,0.63,0.63,27,27,27,27,1,0,3.0,1.0,2.0,1.0,3.08,0.78,-0.78,42.0,8.538390751542286,-13.059893205837014,36.9218913797675,33.2786720231266,34.17071480255792,Changeup,False
SI,2026-06-20,99.6,2.59,6.1,"Morejon, Adrian",679822,670970,,called_strike,,,,,4.0,,R,R,L,TEX,SD,S,,,0,0,2026,1.4,0.75,-0.585696577636434,2.6222313546606513,,,,0,9,Bot,,,,,,,-11.876968246228904,-144.44189484657477,-5.696650575004452,22.318916704908084,33.31380773884869,-20.41942767712981,3.150672572,1.590059055,,,,99.2,2459.0,6.2,822885,660710,664034,665487,592518,593428,657757,701538,669392,54.3,,,,,,,,70,1,Sinker,3,3,3,3,3,3,3,3,Standard,Standard,147.0,-0.009,-0.041,,,,,0.041,,0,0,0.639,0.639,27,27,27,27,1,0,3.0,1.0,2.0,1.0,1.56,1.4,-1.4,44.2,,,,,,Sinker,False
FF,2026-06-20,100.5,2.36,6.03,"Morejon, Adrian",677649,670970,strikeout,swinging_strike,,,,,13.0,Ezequiel Duran strikes out swinging.,R,R,L,TEX,SD,S,2.0,,1,2,2026,0.74,1.34,-0.9894776034945822,2.08549130888384,,,607043.0,2,8,Bot,,,,,,,-10.94507746015854,-145.8691606992011,-8.603846601804221,13.08618161356048,32.30565139454496,-11.059974520450078,3.126099081,1.57765748,,,,100.7,2466.0,6.4,822885,675448,664034,665487,592518,593428,657757,701538,669392,54.11,,0.0,0.0,1.0,0.0,0.0,,66,4,4-Seam Fastball,3,3,3,3,3,3,3,3,Standard,Standard,142.0,-0.035,-0.194,72.7,6.6,0.400412088,,0.194,,0,0,0.535,0.535,27,27,27,27,1,3,3.0,1.0,2.0,1.0,0.91,0.74,-0.74,42.5,-10.470105119342714,18.120664326655735,43.161833811971654,24.300084676151315,17.596585441358958,Four-seam,True
CH,2026-06-20,92.1,2.85,5.96,"Morejon, Adrian",677649,670970,,swinging_strike,,,,,13.0,,R,R,L,TEX,SD,S,,,1,1,2026,1.15,-0.07,-0.0339015456569773,1.456004658882367,,,607043.0,2,8,Bot,,,,,,,-9.781324056045197,-133.79399320157214,-5.239151356495329,15.874947311546112,26.206411142062738,-32.166118808572264,3.126099081,1.57765748,,,,92.5,1089.0,6.4,822885,675448,664034,665487,592518,593428,657757,701538,669392,54.09,,,,,,,,66,3,Changeup,3,3,3,3,3,3,3,3,Standard,Standard,109.0,-0.012,-0.069,77.2,8.0,0.14266308,,0.069,,0,0,0.547,0.547,27,27,27,27,1,3,3.0,1.0,2.0,1.0,2.75,1.15,-1.15,38.7,16.813187963684616,-8.50681388048141,34.82670813785379,36.41661886388628,33.641921006584184,Changeup,False
CH,2026-06-20,90.6,2.65,6.01,"Morejon, Adrian",677649,670970,,ball,,,,,7.0,,R,R,L,TEX,SD,B,,,0,1,2026,0.99,-0.17,-0.7144796372446258,1.5104609287668147,,,607043.0,2,8,Bot,,,,,,,-10.408610195047144,-131.65373251342965,-4.740464853168687,13.566972435434684,25.65708174711254,-33.34675028032288,3.126099081,1.57765748,,,,90.8,959.0,6.3,822885,675448,664034,665487,592518,593428,657757,701538,669392,54.19,,,,,,,,66,2,Changeup,3,3,3,3,3,3,3,3,Standard,Standard,110.0,0.005,0.028,,,,,-0.028,,0,0,0.542,0.542,27,27,27,27,1,3,3.0,1.0,2.0,1.0,2.93,0.99,-0.99,42.5,,,,,,Changeup,False
SL,2026-06-20,88.8,2.92,5.88,"Morejon, Adrian",677649,670970,,called_strike,,,,,6.0,,R,R,L,TEX,SD,S,,,0,0,2026,-0.37,0.08,0.573233142883754,2.427089245804433,,,607043.0,2,8,Bot,,,,,,,-4.906405317591387,-129.32696687843688,-2.4258498484883457,-3.2625442899737216,24.626646046858244,-31.01871103959924,3.126099081,1.57765748,,,,89.5,2829.0,6.5,822885,675448,664034,665487,592518,593428,657757,701538,669392,54.03,,,,,,,,66,1,Slider,3,3,3,3,3,3,3,3,Standard,Standard,276.0,-0.008,-0.041,,,,,0.041,,0,0,0.55,0.55,27,27,27,27,1,3,3.0,1.0,2.0,1.0,2.79,-0.37,0.37,35.8,,,,,,Slider,False
SI,2026-06-20,99.3,2.69,5.95,"Morejon, Adrian",607043,670970,single,hit_into_play,,,,,6.0,Brandon Nimmo singles on a fly ball to center fielder Jackson Merrill.,R,L,L,TEX,SD,X,8.0,fly_ball,2,0,2026,1.35,0.74,0.4905788529371919,2.336093541882882,,,,2,8,Bot,107.08,96.1,,,,,-9.144306430038178,-144.2428441331559,-5.99140412549562,21.016540400336893,34.25198443983571,-20.546062831739,3.270029528,1.650295276,239.0,70.2,29.0,99.0,2354.0,6.3,822885,675448,664034,665487,592518,593428,657757,701538,669392,54.23,0.917,0.825,0.9,1.0,1.0,0.0,4.0,65,3,Sinker,3,3,3,3,3,3,3,3,Strategic,Standard,139.0,0.017,0.223,73.8,7.0,,0.946,-0.223,88.0,0,0,0.533,0.533,27,33,27,33,1,3,3.0,1.0,2.0,1.0,1.58,1.35,1.35,38.0,-0.1311493393244827,4.748017175750711,33.36345953088762,33.31960435917837,25.046830747632363,Sinker,True
SI,2026-06-20,99.7,2.57,5.96,"Morejon, Adrian",607043,670970,,ball,,,,,11.0,,R,L,L,TEX,SD,B,,,1,0,2026,1.42,0.53,-0.5636767909418534,3.4919938433976982,,,,2,8,Bot,,,,,,,-11.87527166566679,-144.71409360158506,-2.45553833810414,22.81578882890182,34.412493944691946,-24.306732658726645,3.270029528,1.650295276,,,,99.4,2314.0,6.3,822885,675448,664034,665487,592518,593428,657757,701538,669392,54.21,,,,,,,,65,2,Sinker,3,3,3,3,3,3,3,3,Strategic,Standard,142.0,0.005,0.064,,,,,-0.064,,0,0,0.528,0.528,27,33,27,33,1,3,3.0,1.0,2.0,1.0,1.78,1.42,1.42,39.3,,,,,,Sinker,False
SL,2026-06-20,90.9,2.83,5.95,"Morejon, Adrian",607043,670970,,ball,,,,,12.0,,R,L,L,TEX,SD,B,,,0,0,2026,-0.33,-0.04,0.2675324626198297,4.295593419192513,,,,2,8,Bot,,,,,,,-5.611077237665148,-132.35575871680942,1.97981217186932,-2.8100886154495535,26.28147370267285,-33.30207172763795,3.270029528,1.650295276,,,,91.1,2823.0,6.2,822885,675448,664034,665487,592518,593428,657757,701538,669392,54.28,,,,,,,,65,1,Slider,3,3,3,3,3,3,3,3,Strategic,Standard,270.0,0.002,0.041,,,,,-0.041,,0,0,0.526,0.526,27,33,27,33,1,3,3.0,1.0,2.0,1.0,2.78,-0.33,-0.33,37.4,,,,,,Slider,False
CH,2026-06-20,91.6,2.61,6.05,"Morejon, Adrian",694671,670970,strikeout,swinging_strike_blocked,,,,,14.0,Wyatt Langford strikes out swinging.,R,R,L,TEX,SD,S,2.0,,0,2,2026,0.86,-0.37,0.4001212540770252,0.4986682797519974,,,,1,8,Bot,,,,,,,-7.382492603743519,-133.14489689335682,-7.079563280675788,11.778442918726236,25.9677550536757,-35.333106398339595,3.196309055,1.613090551,,,,91.6,1104.0,6.2,822885,675448,664034,665487,592518,593428,657757,701538,669392,54.34,,0.0,0.0,1.0,0.0,0.0,,64,3,Changeup,3,3,3,3,3,3,3,3,Standard,Standard,110.0,-0.022,-0.163,72.7,8.0,3.005639232,,0.163,,0,0,0.548,0.548,27,24,27,25,1,3,3.0,1.0,2.0,1.0,3.07,0.86,-0.86,40.1,16.718985424076404,-18.34954732058136,36.53920136978614,38.93149561429787,36.88787100511112,Changeup,True
CH,2026-06-20,92.2,2.88,6.05,"Morejon, Adrian",694671,670970,,swinging_strike,,,,,14.0,,R,R,L,TEX,SD,S,,,0,1,2026,0.86,-0.33,0.0243550938237138,1.434661350898264,,,,1,8,Bot,,,,,,,-9.034293494568532,-133.98052105344186,-4.94253494053502,12.226736601149904,26.087741109836923,-35.38349411126289,3.196309055,1.613090551,,,,92.3,1059.0,6.2,822885,675448,664034,665487,592518,593428,657757,701538,669392,54.32,,,,,,,,64,2,Changeup,3,3,3,3,3,3,3,3,Standard,Standard,107.0,-0.009,-0.057,74.8,7.5,0.878971632,,0.057,,0,0,0.557,0.557,27,24,27,25,1,3,3.0,1.0,2.0,1.0,3.0,0.86,-0.86,42.2,19.284356892522503,-15.966827488129317,34.54569609979777,36.13570955565421,38.69623410026863,Changeup,False
SL,2026-06-20,88.5,2.95,5.9,"Morejon, Adrian",694671,670970,,called_strike,,,,,8.0,,R,R,L,TEX,SD,S,,,0,0,2026,-0.41,-0.01,-0.0974973090025252,1.5802660294253918,,,,1,8,Bot,,,,,,,-6.48631762696429,-128.83197880530366,-4.258897161806633,-3.300535733371919,24.70560040064494,-31.698955171456188,3.196309055,1.613090551,,,,89.0,2917.0,6.4,822885,675448,664034,665487,592518,593428,657757,701538,669392,54.1,,,,,,,,64,1,Slider,3,3,3,3,3,3,3,3,Standard,Standard,289.0,-0.005,-0.041,,,,,0.041,,0,0,0.562,0.562,27,24,27,25,1,3,3.0,1.0,2.0,1.0,2.9,-0.41,0.41,37.5,,,,,,Slider,False
CH,2026-06-20,92.3,2.8,6.12,"Morejon, Adrian",673962,670970,strikeout,swinging_strike,,,,,14.0,Josh Jung strikes out swinging.,R,R,L,TEX,SD,S,2.0,,2,2,2026,1.04,-0.16,0.021044155720215,1.4337526398567824,,,,0,8,Bot,,,,,,,-9.250943672534948,-134.10237123664655,-5.524848931041165,14.499938087092833,26.064428879451427,-33.152757881954486,3.26300853,1.646751969,,,,92.4,1121.0,6.2,822885,675448,664034,665487,592518,593428,657757,701538,669392,54.3,,0.0,0.0,1.0,0.0,0.0,,63,6,Changeup,3,3,3,3,3,3,3,3,Standard,Standard,107.0,-0.039,-0.232,70.2,7.4,1.500303012,,0.232,,0,0,0.601,0.601,27,28,27,28,1,3,3.0,1.0,2.0,1.0,2.82,1.04,-1.04,44.2,17.28086082020002,-1.871385234706079,42.89977223593161,32.96228923551483,33.6868767085624,Changeup,True
CH,2026-06-20,91.3,2.79,6.04,"Morejon, Adrian",673962,670970,,foul,,,,,14.0,,R,R,L,TEX,SD,S,,,2,2,2026,1.22,0.01,0.5165410476806975,1.2128246319640943,,,,0,8,Bot,,,,,,,-8.277607439612021,-132.66927698280358,-6.013717987317309,16.203003305684597,27.501339005493303,-30.9501349577666,3.26300853,1.646751969,3.0,63.9,-30.0,91.1,1032.0,6.1,822885,675448,664034,665487,592518,593428,657757,701538,669392,54.35,,,,,,,,63,5,Changeup,3,3,3,3,3,3,3,3,Standard,Standard,103.0,0.0,0.0,65.1,7.9,,,0.0,88.0,0,0,0.601,0.601,27,28,27,28,1,3,3.0,1.0,2.0,1.0,2.72,1.22,-1.22,43.6,21.177836565098723,0.662266528879979,38.88674988106906,39.3398455722633,33.19887458549368,Changeup,False
FF,2026-06-20,100.0,2.5,6.06,"Morejon, Adrian",673962,670970,,ball,,,,,13.0,,R,R,L,TEX,SD,B,,,1,2,2026,0.56,1.3,-0.94533695449574,2.2910104486775076,,,,0,8,Bot,,,,,,,-10.688590164916077,-145.18967656909592,-7.888325839986865,10.35059894839751,32.530496132122394,-12.099037310822926,3.26300853,1.646751969,,,,99.9,2338.0,6.3,822885,675448,664034,665487,592518,593428,657757,701538,669392,54.23,,,,,,,,63,4,4-Seam Fastball,3,3,3,3,3,3,3,3,Standard,Standard,146.0,0.007,0.046,,,,,-0.046,,0,0,0.594,0.594,27,28,27,28,1,3,3.0,1.0,2.0,1.0,0.98,0.56,-0.56,43.6,,,,,,Four-seam,False
CH,2026-06-20,90.9,2.91,6.09,"Morejon, Adrian",673962,670970,,swinging_strike,,,,,14.0,,R,R,L,TEX,SD,S,,,1,1,2026,0.81,-0.04,0.054896837982013,0.9996123424766732,,,,0,8,Bot,,,,,,,-8.779926394324468,-132.10219462697833,-6.486679892370011,11.284586947826607,27.20940945217696,-31.482857494488396,3.26300853,1.646751969,,,,90.7,1010.0,6.2,822885,675448,664034,665487,592518,593428,657757,701538,669392,54.32,,,,,,,,63,3,Changeup,3,3,3,3,3,3,3,3,Standard,Standard,103.0,-0.012,-0.06,69.1,7.8,2.384987736,,0.06,,0,0,0.606,0.606,27,28,27,28,1,3,3.0,1.0,2.0,1.0,2.8,0.81,-0.81,39.5,18.03971094720139,-8.71114758766583,41.42537907982234,35.78190646654118,33.82421714291454,Changeup,False
SI,2026-06-20,97.6,2.66,6.01,"Morejon, Adrian",673962,670970,,foul,,,,,9.0,,R,R,L,TEX,SD,S,,,1,0,2026,1.31,0.73,0.3228791021838841,2.020154072766381,,,,0,8,Bot,,,,,,,-9.25370116826695,-141.83282894992607,-6.706610677236292,19.81980660324815,30.854684711451632,-20.961216577527797,3.26300853,1.646751969,237.0,79.0,38.0,97.6,2331.0,6.2,822885,675448,664034,665487,592518,593428,657757,701538,669392,54.25,,,,,,,,63,2,Sinker,3,3,3,3,3,3,3,3,Standard,Standard,141.0,-0.008,-0.055,66.3,6.7,,,0.055,88.0,0,0,0.614,0.614,27,28,27,28,1,3,3.0,1.0,2.0,1.0,1.66,1.31,-1.31,40.1,-0.9590860792069986,19.53721104107754,41.66882216525773,39.69552833221596,18.30233034164729,Sinker,False
SI,2026-06-20,98.9,2.68,6.09,"Morejon, Adrian",673962,670970,,ball,,,,,11.0,,R,R,L,TEX,SD,B,,,0,0,2026,1.32,0.6,-0.1121676539487508,3.7948275105430658,,,,0,8,Bot,,,,,,,-10.61120930036688,-143.74907572855324,-2.08082660917242,20.640870023975257,31.264713853823885,-23.556278853055225,3.26300853,1.646751969,,,,99.1,2309.0,6.3,822885,675448,664034,665487,592518,593428,657757,701538,669392,54.18,,,,,,,,63,1,Sinker,3,3,3,3,3,3,3,3,Standard,Standard,143.0,0.006,0.042,,,,,-0.042,,0,0,0.608,0.608,27,28,27,28,1,3,3.0,1.0,2.0,1.0,1.72,1.32,-1.32,39.1,,,,,,Sinker,False
SI,2026-06-17,100.9,2.4,5.78,"Morejon, Adrian",686780,670970,field_out,hit_into_play,,,,,8.0,"Pedro Pagés grounds out, shortstop Xander Bogaerts to first baseman Ty France.",R,R,L,STL,SD,X,6.0,ground_ball,1,1,2026,1.47,0.56,0.2642636675194367,1.657267605620183,,,,2,9,Bot,109.24,157.76,,,,,-9.369180635331174,-146.60166697779584,-7.2675985874357005,23.37079390199322,33.03474896779354,-22.493646772318264,3.174368438,1.602017717,13.0,74.1,-7.0,100.7,2562.0,6.2,823044,660710,664034,823550,592518,593428,669392,701538,665487,54.32,0.057,0.051,0.0,1.0,0.0,0.0,2.0,77,3,Sinker,1,6,1,6,6,1,1,6,Standard,Standard,77.0,-0.001,-0.247,70.8,7.0,,0.057,0.247,88.0,-5,-5,0.001,0.001,27,27,27,28,1,0,3.0,4.0,3.0,1.0,1.67,1.47,-1.47,39.5,5.031539945193651,4.008280094349088,38.46256198182392,40.99202052799264,33.147980671042795,Sinker,True
FF,2026-06-17,100.6,2.2,5.88,"Morejon, Adrian",686780,670970,,ball,,,,,11.0,,R,R,L,STL,SD,B,,,0,1,2026,0.38,1.06,-0.6873282916046303,4.139450872713137,,,,2,9,Bot,,,,,,,-8.798668513846662,-146.3751238150395,-1.9004023689220644,7.500806085314832,32.97282148216064,-16.619285477128937,3.174368438,1.602017717,,,,100.6,2435.0,6.2,823044,660710,664034,823550,592518,593428,669392,701538,665487,54.31,,,,,,,,77,2,4-Seam Fastball,1,6,1,6,6,1,1,6,Standard,Standard,146.0,0.0,0.03,,,,,-0.03,,-5,-5,0.001,0.001,27,27,27,28,1,0,3.0,4.0,3.0,1.0,1.18,0.38,-0.38,46.0,,,,,,Four-seam,False
SI,2026-06-17,101.6,2.39,5.84,"Morejon, Adrian",686780,670970,,swinging_strike,,,,,5.0,,R,R,L,STL,SD,S,,,0,0,2026,1.28,0.53,0.0515189689065187,2.680344913337643,,,,2,9,Bot,,,,,,,-9.529376226884455,-147.69830626207104,-4.651559945305644,20.900079844324527,33.37883902974037,-23.465532034203147,3.174368438,1.602017717,,,,101.5,2463.0,6.2,823044,660710,664034,823550,592518,593428,669392,701538,665487,54.32,,,,,,,,77,1,Sinker,1,6,1,6,6,1,1,6,Standard,Standard,146.0,0.0,-0.045,73.9,5.8,0.34155588,,0.045,,-5,-5,0.001,0.001,27,27,27,28,1,0,3.0,4.0,3.0,1.0,1.67,1.28,-1.28,42.7,-12.98257374006402,20.809241421947643,35.486039090415794,39.33199161582437,13.387354106532287,Sinker,False
CH,2026-06-17,92.1,2.67,5.81,"Morejon, Adrian",691026,670970,grounded_into_double_play,hit_into_play,,,,,5.0,"Masyn Winn grounds into a double play, shortstop Xander Bogaerts to first baseman Ty France. Lars Nootbaar out at 2nd. Masyn Winn out at 1st.",R,R,L,STL,SD,X,6.0,ground_ball,0,1,2026,0.44,0.33,-0.1535465999978861,2.5104129379967524,,,663457.0,0,9,Bot,116.34,147.12,,,,,-7.995061973407521,-133.99595148120767,-3.1271304060463674,6.808133819874347,25.397786261959936,-27.70066393719812,3.081340223,1.555068898,7.0,93.7,-19.0,92.3,1014.0,6.1,823044,660710,664034,823550,592518,593428,669392,701538,665487,54.38,0.163,0.149,0.0,1.0,0.0,0.0,2.0,76,2,Changeup,1,6,1,6,6,1,1,6,Standard,Standard,96.0,-0.016,-0.303,66.4,6.5,,0.183,0.303,93.7,-5,-5,0.017,0.017,27,24,27,24,1,3,3.0,1.0,3.0,1.0,2.33,0.44,-0.44,44.0,0.4203652761786032,11.88598727247256,25.763029750315972,29.506568210312757,27.34766773472819,Changeup,True
SI,2026-06-17,101.0,2.4,5.83,"Morejon, Adrian",691026,670970,,called_strike,,,,,2.0,,R,R,L,STL,SD,S,,,0,0,2026,1.1,0.71,-0.0703147660999208,2.93263559834085,,,663457.0,0,9,Bot,,,,,,,-9.436354440781722,-146.90329145287524,-4.321788818019271,17.99600018359281,30.04181145779184,-21.075856051274343,3.081340223,1.555068898,,,,101.4,2348.0,6.2,823044,660710,664034,823550,592518,593428,669392,701538,665487,54.26,,,,,,,,76,1,Sinker,1,6,1,6,6,1,1,6,Standard,Standard,139.0,-0.002,-0.04,,,,,0.04,,-5,-5,0.019,0.019,27,24,27,24,1,3,3.0,1.0,3.0,1.0,1.5,1.1,-1.1,40.8,,,,,,Sinker,False
SI,2026-06-17,100.3,2.62,5.84,"Morejon, Adrian",663457,670970,single,hit_into_play,,,,,6.0,Lars Nootbaar singles on a ground ball to left fielder Samad Taylor.,R,L,L,STL,SD,X,7.0,ground_ball,3,2,2026,1.15,0.52,0.3972714218500301,2.4896485727990147,,,,0,9,Bot,107.99,177.77,,,,,-8.786743774883641,-145.95421549886248,-4.98540814050184,18.396868341999213,29.36040984059453,-23.84030141474025,3.259498032,1.644980315,25.0,98.8,-5.0,100.5,2463.0,6.1,823044,660710,664034,823550,592518,593428,669392,701538,665487,54.41,0.29,0.272,0.9,1.0,1.0,0.0,2.0,75,7,Sinker,1,6,1,6,6,1,1,6,Infield shade,Standard,129.0,0.009,0.358,68.3,5.5,,0.311,-0.358,98.8,-5,-5,0.01,0.01,27,28,27,29,1,3,3.0,1.0,3.0,2.0,1.72,1.15,1.15,38.3,-3.9508658396853313,32.69519854007693,26.377048438753903,36.24130822675587,16.451022400864506,Sinker,True
SL,2026-06-17,91.2,2.86,5.72,"Morejon, Adrian",663457,670970,,ball,,,,,13.0,,R,L,L,STL,SD,B,,,2,2,2026,-0.49,0.1,-1.3799426645863853,2.3049738649948655,,,,0,9,Bot,,,,,,,-9.42542101754674,-132.7501852944592,-2.774812094051261,-4.167204750254891,23.61552682514267,-30.694554517627044,3.259498032,1.644980315,,,,91.5,2844.0,6.1,823044,660710,664034,823550,592518,593428,669392,701538,665487,54.45,,,,,,,,75,6,Slider,1,6,1,6,6,1,1,6,Infield shade,Standard,269.0,0.003,0.113,,,,,-0.113,,-5,-5,0.007,0.007,27,28,27,29,1,3,3.0,1.0,3.0,2.0,2.61,-0.49,-0.49,39.4,,,,,,Slider,False
FF,2026-06-17,99.1,2.33,5.95,"Morejon, Adrian",663457,670970,,foul,,,,,1.0,,R,L,L,STL,SD,S,,,2,2,2026,0.43,1.27,-0.601330428745477,3.2757514757786224,,,,0,9,Bot,,,,,,,-8.892650176569662,-144.0377478878639,-4.68079657078053,7.993558430215663,32.53163419768701,-13.62186598425627,3.259498032,1.644980315,213.0,80.5,19.0,98.8,2494.0,6.1,823044,660710,664034,823550,592518,593428,669392,701538,665487,54.36,,,,,,,,75,5,4-Seam Fastball,1,6,1,6,6,1,1,6,Infield shade,Standard,147.0,0.0,0.0,63.1,5.6,,,0.0,88.0,-5,-5,0.007,0.007,27,28,27,29,1,3,3.0,1.0,3.0,2.0,1.06,0.43,0.43,43.0,-6.900416802228372,30.4572778137382,19.625858440140856,48.746212270563085,11.38038760151226,Four-seam,False
SL,2026-06-17,91.7,2.69,5.73,"Morejon, Adrian",663457,670970,,ball,,,,,13.0,,R,L,L,STL,SD,B,,,1,2,2026,-0.34,0.09,-1.4010589737270882,1.3544585174254895,,,,0,9,Bot,,,,,,,-9.444066227348896,-133.2357384661959,-5.18354273617382,-2.210385697319331,26.271718779081905,-30.230364361206735,3.259498032,1.644980315,,,,91.8,2965.0,6.2,823044,660710,664034,823550,592518,593428,669392,701538,665487,54.27,,,,,,,,75,4,Slider,1,6,1,6,6,1,1,6,Infield shade,Standard,285.0,0.001,0.046,,,,,-0.046,,-5,-5,0.006,0.006,27,28,27,29,1,3,3.0,1.0,3.0,2.0,2.61,-0.34,-0.34,40.3,,,,,,Slider,False
FF,2026-06-17,99.1,2.46,5.96,"Morejon, Adrian",663457,670970,,swinging_strike,,,,,12.0,,R,L,L,STL,SD,S,,,1,1,2026,0.52,1.13,0.99419752163722,3.0792359505741036,,,,0,9,Bot,,,,,,,-5.157966195244858,-144.2844170842856,-4.9987976014218525,8.351806128275447,29.473538851248055,-15.327683713206245,3.259498032,1.644980315,,,,99.3,2487.0,6.1,823044,660710,664034,823550,592518,593428,669392,701538,665487,54.41,,,,,,,,75,3,4-Seam Fastball,1,6,1,6,6,1,1,6,Infield shade,Standard,150.0,-0.002,-0.06,65.9,4.7,0.49771914,,0.06,,-5,-5,0.008,0.008,27,28,27,29,1,3,3.0,1.0,3.0,2.0,1.16,0.52,0.52,44.4,-7.054231808841082,31.104242358041873,30.29932249555025,29.74731912019194,17.45148135734906,Four-seam,False
SI,2026-06-17,99.4,2.45,5.87,"Morejon, Adrian",663457,670970,,ball,,,,,11.0,,R,L,L,STL,SD,B,,,0,1,2026,1.25,0.69,-0.9346415463084072,3.174285131319727,,,,0,9,Bot,,,,,,,-12.06945552453827,-144.25329018055396,-3.442616928687801,20.16965860751805,30.931617249854344,-21.919478338662874,3.259498032,1.644980315,,,,99.2,2414.0,6.1,823044,660710,664034,823550,592518,593428,669392,701538,665487,54.38,,,,,,,,75,2,Sinker,1,6,1,6,6,1,1,6,Infield shade,Standard,137.0,0.001,0.029,,,,,-0.029,,-5,-5,0.007,0.007,27,28,27,29,1,3,3.0,1.0,3.0,2.0,1.62,1.25,1.25,40.0,,,,,,Sinker,False
SI,2026-06-17,99.6,2.48,5.89,"Morejon, Adrian",663457,670970,,called_strike,,,,,2.0,,R,L,L,STL,SD,S,,,0,0,2026,1.38,0.6,0.1915861297205257,2.8403692644118923,,,,0,9,Bot,,,,,,,-9.463685459529524,-144.7807622509333,-4.203774592067756,21.5740663399487,31.78988542569521,-22.99129851385493,3.259498032,1.644980315,,,,99.5,2428.0,6.1,823044,660710,664034,823550,592518,593428,669392,701538,665487,54.35,,,,,,,,75,1,Sinker,1,6,1,6,6,1,1,6,Infield shade,Standard,133.0,-0.001,-0.041,,,,,0.041,,-5,-5,0.008,0.008,27,28,27,29,1,3,3.0,1.0,3.0,2.0,1.7,1.38,1.38,39.9,,,,,,Sinker,False
CH,2026-06-14,93.0,2.7,5.91,"Morejon, Adrian",665750,670970,single,hit_into_play,,,,,13.0,Leody Taveras singles on a soft ground ball to third baseman Manny Machado.,R,R,L,BAL,SD,X,5.0,ground_ball,0,1,2026,0.78,-0.42,-0.3582769318840823,1.4108741865694323,,,,2,8,Bot,115.43,188.56,,,,,-9.45437393784312,-135.2452113509038,-4.621178305260312,11.525678505586711,26.455482294890068,-36.55833343718232,3.286704396,1.65871063,1.0,66.8,-46.0,93.2,1124.0,6.2,824823,660710,657757,665487,592518,593428,669392,701538,687749,54.3,0.261,0.243,0.9,1.0,1.0,0.0,2.0,66,2,Changeup,2,4,2,4,4,2,2,4,Standard,Standard,107.0,0.029,0.374,68.3,7.3,,0.267,-0.374,88.0,-2,-2,0.09,0.09,27,27,27,28,1,3,1.0,1.0,3.0,2.0,3.03,0.78,-0.78,41.8,-11.781059544008,2.1292016122950357,42.94670606131202,35.46083981349152,22.51215756384258,Changeup,True
SI,2026-06-14,100.6,2.52,5.92,"Morejon, Adrian",665750,670970,,foul_bunt,,,,,11.0,,R,R,L,BAL,SD,S,,,0,0,2026,1.2,1.07,-0.2928227338180211,3.859031708017792,,,,2,8,Bot,,,,,,,-10.55028779490873,-146.27562480708656,-2.8208806657758014,19.560913155942128,31.366678266748217,-16.245658228701345,3.286704396,1.65871063,,,,100.7,2479.0,6.2,824823,660710,657757,665487,592518,593428,669392,701538,687749,54.33,,,,,,,,66,1,Sinker,2,4,2,4,4,2,2,4,Standard,Standard,140.0,-0.003,-0.045,11.3,1.7,,,0.045,88.0,-2,-2,0.093,0.093,27,27,27,28,1,3,1.0,1.0,3.0,2.0,1.17,1.2,-1.2,42.1,-87.4335557986661,-18.66706010648737,8.696116199144967,42.10581237714243,28.214539348936313,Sinker,False
SI,2026-06-14,99.5,2.57,5.86,"Morejon, Adrian",694212,670970,field_out,hit_into_play,,,,,5.0,"Samuel Basallo grounds out, third baseman Manny Machado to first baseman Gavin Sheets.",R,L,L,BAL,SD,X,5.0,ground_ball,2,1,2026,1.36,0.87,0.1754113862088953,2.2552810213949366,,,,1,8,Bot,107.5,161.82,,,,,-9.667623512417189,-144.6055901939859,-6.3793610721340235,21.17396326672824,29.17307467126463,-18.69828737523722,3.393774606,1.712746063,7.0,83.5,-16.0,99.6,2495.0,6.1,824823,660710,657757,665487,592518,593428,669392,701538,687749,54.38,0.078,0.076,0.0,1.0,0.0,0.0,2.0,65,4,Sinker,2,4,2,4,4,2,2,4,Infield shade,Standard,118.0,-0.036,-0.308,70.5,6.5,,0.087,0.308,88.0,-2,-2,0.129,0.129,27,21,27,22,1,3,1.0,1.0,3.0,2.0,1.42,1.36,1.36,37.4,-11.869111004269106,24.521787301229793,41.33362128768596,33.289442191521616,16.521232440535066,Sinker,True
SI,2026-06-14,99.4,2.51,5.89,"Morejon, Adrian",694212,670970,,ball,,,,,4.0,,R,L,L,BAL,SD,B,,,1,1,2026,1.34,0.77,-0.7612747021384076,2.4843326070623593,,,,1,8,Bot,,,,,,,-11.974205203036078,-144.2670289370657,-5.538150038845064,21.3993920327416,31.707305872303348,-20.229003518418743,3.393774606,1.712746063,,,,99.2,2498.0,6.2,824823,660710,657757,665487,592518,593428,669392,701538,687749,54.33,,,,,,,,65,3,Sinker,2,4,2,4,4,2,2,4,Infield shade,Standard,135.0,0.008,0.056,,,,,-0.056,,-2,-2,0.121,0.121,27,21,27,22,1,3,1.0,1.0,3.0,2.0,1.54,1.34,1.34,37.7,,,,,,Sinker,False
SL,2026-06-14,89.7,2.81,5.81,"Morejon, Adrian",694212,670970,,called_strike,,,,,6.0,,R,L,L,BAL,SD,S,,,1,0,2026,-0.5,0.0,0.7863027606280868,2.7897995869466556,,,,1,8,Bot,,,,,,,-3.8706998968658177,-130.77620577792217,-1.3605350668580196,-5.008563022779554,25.076408112214637,-32.09001035647608,3.393774606,1.712746063,,,,89.8,3086.0,6.1,824823,660710,657757,665487,592518,593428,669392,701538,687749,54.45,,,,,,,,65,2,Slider,2,4,2,4,4,2,2,4,Infield shade,Standard,288.0,-0.008,-0.05,,,,,0.05,,-2,-2,0.129,0.129,27,21,27,22,1,3,1.0,1.0,3.0,2.0,2.8,-0.5,-0.5,37.2,,,,,,Slider,False
SL,2026-06-14,90.2,2.8,5.8,"Morejon, Adrian",694212,670970,,ball,,,,,14.0,,R,L,L,BAL,SD,B,,,0,0,2026,-0.37,0.1,0.3329541493835122,1.49706246462251,,,,1,8,Bot,,,,,,,-5.246182671896967,-131.39090986216448,-4.8107242120310225,-3.3292825796789547,24.005627517978414,-30.262744615054643,3.393774606,1.712746063,,,,90.6,2984.0,6.2,824823,660710,657757,665487,592518,593428,669392,701538,687749,54.33,,,,,,,,65,1,Slider,2,4,2,4,4,2,2,4,Infield shade,Standard,310.0,0.006,0.041,,,,,-0.041,,-2,-2,0.123,0.123,27,21,27,22,1,3,1.0,1.0,3.0,2.0,2.66,-0.37,-0.37,35.1,,,,,,Slider,False
CH,2026-06-14,92.2,2.54,5.98,"Morejon, Adrian",624413,670970,field_out,hit_into_play,,,,,8.0,"Pete Alonso grounds out, third baseman Manny Machado to first baseman Gavin Sheets.",R,R,L,BAL,SD,X,5.0,ground_ball,1,2,2026,1.02,-0.02,0.0450016787691072,1.8861414435984156,,,,0,8,Bot,97.87,173.98,,,,,-8.475214632824354,-134.19354488961216,-4.390016717907537,13.983590124763118,24.51596960510362,-31.71921236812189,3.323564633,1.677312992,3.0,85.2,-34.0,92.6,983.0,6.2,824823,660710,657757,665487,592518,593428,669392,701538,687749,54.34,0.043,0.039,0.0,1.0,0.0,0.0,2.0,64,4,Changeup,2,4,2,4,4,2,2,4,Standard,Standard,103.0,-0.031,-0.187,76.3,7.3,,0.043,0.187,88.0,-2,-2,0.154,0.154,27,31,27,32,1,3,1.0,1.0,3.0,2.0,2.66,1.02,-1.02,44.2,9.292898516735727,-3.490748911213483,36.104721184964575,36.82435525829536,32.90988279515736,Changeup,True
SI,2026-06-14,99.0,2.5,6.0,"Morejon, Adrian",624413,670970,,foul,,,,,4.0,,R,R,L,BAL,SD,S,,,1,1,2026,1.33,0.93,-0.5347537132727753,2.5597000252191413,,,,0,8,Bot,,,,,,,-11.269912657360672,-143.76995392574574,-6.001832025139273,20.80035774107377,27.348075423991535,-18.02038442793214,3.323564633,1.677312992,201.0,87.6,56.0,99.3,2479.0,6.2,824823,660710,657757,665487,592518,593428,669392,701538,687749,54.32,,,,,,,,64,3,Sinker,2,4,2,4,4,2,2,4,Standard,Standard,144.0,-0.011,-0.06,74.8,6.7,,,0.06,88.0,-2,-2,0.165,0.165,27,31,27,32,1,3,1.0,1.0,3.0,2.0,1.37,1.33,-1.33,43.4,3.442791306343727,2.9429295235011206,35.04157716817025,31.119073557493817,26.273574205033796,Sinker,False
SL,2026-06-14,89.9,2.85,6.0,"Morejon, Adrian",624413,670970,,called_strike,,,,,3.0,,R,R,L,BAL,SD,S,,,1,0,2026,-0.11,0.27,0.6674531771458531,3.0336328466500007,,,,0,8,Bot,,,,,,,-5.085478681007292,-130.92054266175745,-1.830542115348632,-0.3028746126992275,24.60641509667675,-28.883091660867592,3.323564633,1.677312992,,,,89.9,2996.0,6.0,824823,660710,657757,665487,592518,593428,669392,701538,687749,54.49,,,,,,,,64,2,Slider,2,4,2,4,4,2,2,4,Standard,Standard,271.0,-0.01,-0.055,,,,,0.055,,-2,-2,0.175,0.175,27,31,27,32,1,3,1.0,1.0,3.0,2.0,2.52,-0.11,0.11,40.2,,,,,,Slider,False
SL,2026-06-14,88.6,2.96,5.92,"Morejon, Adrian",624413,670970,,ball,,,,,14.0,,R,R,L,BAL,SD,B,,,0,0,2026,-0.05,0.3,1.22355991218795,2.462641277758324,,,,0,8,Bot,,,,,,,-4.061936814017945,-129.17915411092804,-2.901343869457681,0.1932222392115696,23.487696160054657,-28.43480765735313,3.323564633,1.677312992,,,,88.9,2911.0,6.1,824823,660710,657757,665487,592518,593428,669392,701538,687749,54.44,,,,,,,,64,1,Slider,2,4,2,4,4,2,2,4,Standard,Standard,266.0,0.008,0.042,,,,,-0.042,,-2,-2,0.167,0.167,27,31,27,32,1,3,1.0,1.0,3.0,2.0,2.56,-0.05,0.05,37.9,,,,,,Slider,False
CH,2026-06-14,91.4,2.85,5.9,"Morejon, Adrian",668939,670970,grounded_into_double_play,hit_into_play,,,,,12.0,"Adley Rutschman grounds into a double play, second baseman Fernando Tatis Jr. to first baseman Gavin Sheets. Gunnar Henderson out at 2nd. Adley Rutschman out at 1st.",R,R,L,BAL,SD,X,4.0,ground_ball,0,2,2026,1.04,0.18,0.9599000210888156,2.702949235300981,,,683002.0,1,7,Bot,137.4,148.14,,,,,-6.96512602293978,-133.07614424273234,-2.426377928126451,13.79865144027472,25.83556477849452,-29.76312466834518,3.253354659,1.641879921,112.0,76.2,7.0,91.6,910.0,6.2,824823,660710,657757,665487,592518,593428,669392,701538,687749,54.31,0.271,0.244,0.0,1.0,0.0,0.0,2.0,59,3,Changeup,2,4,2,4,4,2,2,4,Standard,Standard,115.0,-0.069,-0.224,69.2,6.9,,0.3,0.224,88.0,-2,-2,0.207,0.207,27,28,27,28,1,3,1.0,2.0,3.0,2.0,2.53,1.04,-1.04,40.6,-1.0413609472626884,5.637791459864621,28.52197899864423,48.6695281382219,23.39354240601961,Changeup,True
SI,2026-06-14,98.7,2.49,6.0,"Morejon, Adrian",668939,670970,,swinging_strike,,,,,5.0,,R,R,L,BAL,SD,S,,,0,1,2026,1.42,0.87,0.1766822486835526,2.452452489090948,,,683002.0,1,7,Bot,,,,,,,-9.517246975090035,-143.39477830911162,-6.027884196550039,21.73743145401361,31.750048243542416,-18.885383481952097,3.253354659,1.641879921,,,,98.4,2482.0,6.1,824823,660710,657757,665487,592518,593428,669392,701538,687749,54.41,,,,,,,,59,2,Sinker,2,4,2,4,4,2,2,4,Standard,Standard,150.0,-0.013,-0.058,73.4,6.9,1.247032752,,0.058,,-2,-2,0.22,0.22,27,28,27,28,1,3,1.0,2.0,3.0,2.0,1.47,1.42,-1.42,38.8,6.063019351311766,0.8739567494992676,41.37967017932482,39.08967504514865,23.277350648730945,Sinker,False
SI,2026-06-14,99.3,2.67,6.02,"Morejon, Adrian",668939,670970,,called_strike,,,,,6.0,,R,R,L,BAL,SD,S,,,0,0,2026,1.37,0.79,0.5238852492185362,2.5817518132768007,,,683002.0,1,7,Bot,,,,,,,-9.030252374616634,-144.30548668584257,-5.700319043651539,21.24517374276448,31.002898979422135,-19.923028137589473,3.253354659,1.641879921,,,,99.3,2392.0,6.2,824823,660710,657757,665487,592518,593428,669392,701538,687749,54.32,,,,,,,,59,1,Sinker,2,4,2,4,4,2,2,4,Standard,Standard,142.0,-0.008,-0.037,,,,,0.037,,-2,-2,0.228,0.228,27,28,27,28,1,3,1.0,2.0,3.0,2.0,1.51,1.37,-1.37,40.2,,,,,,Sinker,False
SI,2026-06-13,97.8,2.38,6.03,"Morejon, Adrian",624413,670970,field_out,hit_into_play,,,,,2.0,"Pete Alonso grounds out, second baseman Fernando Tatis Jr. to first baseman Gavin Sheets.",R,R,L,BAL,SD,X,4.0,ground_ball,0,1,2026,1.55,0.91,0.2208903392020893,2.9072260527221943,,683002.0,,2,9,Bot,144.71,149.15,,,,,-9.324587442532776,-141.99001441055395,-4.776871061826055,23.154704402581213,35.21988140235786,-18.87471020452284,3.323564633,1.677312992,71.0,108.8,2.0,97.0,2468.0,6.2,824828,660710,657757,665487,592518,823550,669392,701538,687749,54.34,0.509,0.458,0.0,1.0,0.0,0.0,4.0,83,2,Sinker,3,9,3,9,9,3,3,9,Standard,Standard,145.0,-0.001,-0.245,77.6,6.7,,0.526,0.245,108.8,-6,-6,0.001,0.001,27,31,27,32,1,4,4.0,1.0,1.0,1.0,1.5,1.55,-1.55,48.1,8.847442504941446,18.788814962249983,24.21589774534539,40.0054476248184,21.518923323483467,Sinker,True
SI,2026-06-13,99.0,2.39,5.97,"Morejon, Adrian",624413,670970,,called_strike,,,,,8.0,,R,R,L,BAL,SD,S,,,0,0,2026,1.41,0.83,0.0307925406033635,1.915992948910781,,,683002.0,2,9,Bot,,,,,,,-9.635467215022272,-143.78897705281744,-7.325626376714664,21.752098991252236,33.37352798239939,-19.052752134328976,3.323564633,1.677312992,,,,98.6,2460.0,6.2,824828,660710,657757,665487,592518,823550,669392,701538,687749,54.35,,,,,,,,83,1,Sinker,3,9,3,9,9,3,3,9,Standard,Standard,139.0,0.0,-0.041,,,,,0.041,,-6,-6,0.001,0.001,27,31,27,32,1,4,4.0,1.0,1.0,1.0,1.5,1.41,-1.41,39.7,,,,,,Sinker,False
SI,2026-06-09,99.0,2.46,5.71,"Morejon, Adrian",553993,670970,strikeout,called_strike,,,,,7.0,"Eugenio Suárez challenged (pitch result), call on the field was confirmed: Eugenio Suárez called out on strikes.",R,R,L,SD,CIN,S,2.0,,3,2,2026,1.38,0.74,-0.6362006944402756,1.8468569479350192,,667472.0,,2,7,Top,,,,,,,-11.59195808471757,-143.5036046327417,-6.546008611284939,21.93741940740879,36.8967770772656,-20.50375546609043,3.17085794,1.600246063,,,,98.3,2401.0,6.4,823290,666023,657757,665487,592518,823550,669392,701538,687749,54.13,,0.0,0.0,1.0,0.0,0.0,,59,7,Sinker,2,2,2,2,2,2,2,2,Standard,Standard,141.0,0.065,-0.276,,,,,0.276,,0,0,0.523,0.477,27,34,27,35,1,3,1.0,1.0,4.0,1.0,1.63,1.38,-1.38,38.9,,,,,,Sinker,True
FF,2026-06-09,98.3,2.49,5.85,"Morejon, Adrian",553993,670970,,ball,,,,,12.0,,R,R,L,SD,CIN,B,,,2,2,2026,0.51,1.34,1.1215063756464538,3.690096415720894,,,667472.0,2,7,Top,,,,,,,-4.858459387123393,-143.0173733453597,-3.3327318310704963,8.224582771967475,35.48729976376089,-13.226003046388902,3.17085794,1.600246063,,,,97.8,2402.0,6.2,823290,666023,657757,665487,592518,823550,669392,701538,687749,54.3,,,,,,,,59,6,4-Seam Fastball,2,2,2,2,2,2,2,2,Standard,Standard,138.0,-0.03,0.081,,,,,-0.081,,0,0,0.553,0.447,27,34,27,35,1,3,1.0,1.0,4.0,1.0,1.03,0.51,-0.51,43.5,,,,,,Four-seam,False
FF,2026-06-09,98.9,2.42,5.84,"Morejon, Adrian",553993,670970,,ball,,,,,11.0,,R,R,L,SD,CIN,B,,,1,2,2026,0.35,1.18,-0.926701096630308,3.801019357448533,,,667472.0,2,7,Top,,,,,,,-9.807989044423223,-143.66353488993886,-2.735905232797451,7.1646349475643865,34.074135702792,-15.33794773890411,3.17085794,1.600246063,,,,98.6,2433.0,6.3,823290,666023,657757,665487,592518,823550,669392,701538,687749,54.21,,,,,,,,59,5,4-Seam Fastball,2,2,2,2,2,2,2,2,Standard,Standard,138.0,-0.006,0.052,,,,,-0.052,,0,0,0.559,0.441,27,34,27,35,1,3,1.0,1.0,4.0,1.0,1.16,0.35,-0.35,41.1,,,,,,Four-seam,False
SI,2026-06-09,99.0,2.45,5.83,"Morejon, Adrian",553993,670970,,foul,,,,,12.0,,R,R,L,SD,CIN,S,,,1,2,2026,1.09,0.73,0.0947335589884494,3.7012759959236736,,,667472.0,2,7,Top,,,,,,,-8.889040040486908,-143.99279826629305,-1.947215965814728,17.158639977130246,32.92062378015431,-21.754432576558045,3.17085794,1.600246063,262.0,77.1,37.0,98.9,2367.0,6.2,823290,666023,657757,665487,592518,823550,669392,701538,687749,54.3,,,,,,,,59,4,Sinker,2,2,2,2,2,2,2,2,Standard,Standard,144.0,0.0,0.0,44.9,5.6,,,0.0,88.0,0,0,0.559,0.441,27,34,27,35,1,3,1.0,1.0,4.0,1.0,1.59,1.09,-1.09,41.7,3.2067668290825138,33.513548493098156,28.671328463738966,34.1688530824687,12.11063605003827,Sinker,False
FF,2026-06-09,99.4,2.34,5.87,"Morejon, Adrian",553993,670970,,ball,,,,,11.0,,R,R,L,SD,CIN,B,,,0,2,2026,0.34,1.3,-0.7627794128228287,3.534947799511766,,,667472.0,2,7,Top,,,,,,,-9.196601837761794,-144.49403479296834,-3.877889843551716,7.062303326663394,35.46830207010465,-13.327640027089828,3.17085794,1.600246063,,,,99.1,2341.0,6.3,823290,666023,657757,665487,592518,823550,669392,701538,687749,54.19,,,,,,,,59,3,4-Seam Fastball,2,2,2,2,2,2,2,2,Standard,Standard,147.0,-0.004,0.021,,,,,-0.021,,0,0,0.563,0.437,27,34,27,35,1,3,1.0,1.0,4.0,1.0,1.03,0.34,-0.34,50.1,,,,,,Four-seam,False
SI,2026-06-09,99.0,2.49,5.8,"Morejon, Adrian",553993,670970,,foul,,,,,3.0,,R,R,L,SD,CIN,S,,,0,1,2026,1.32,0.47,0.516651094023707,2.741264077319264,,,667472.0,2,7,Top,,,,,,,-8.438502981809297,-143.71266134735,-3.7292691670019753,20.386728488147277,38.94521524085313,-24.898874433054235,3.17085794,1.600246063,256.0,77.2,33.0,98.0,2481.0,6.2,823290,666023,657757,665487,592518,823550,669392,701538,687749,54.27,,,,,,,,59,2,Sinker,2,2,2,2,2,2,2,2,Standard,Standard,148.0,0.01,-0.061,69.9,6.9,,,0.061,88.0,0,0,0.553,0.447,27,34,27,35,1,3,1.0,1.0,4.0,1.0,1.9,1.32,-1.32,37.7,4.653454890090439,14.053557710294308,36.35467911512815,38.24639479063062,21.80653322670603,Sinker,False
SL,2026-06-09,88.7,2.97,5.71,"Morejon, Adrian",553993,670970,,called_strike,,,,,6.0,,R,R,L,SD,CIN,S,,,0,0,2026,-0.61,-0.26,0.4529409356475424,2.458015458887899,,,667472.0,2,7,Top,,,,,,,-4.757331061257567,-129.04569135024005,-1.047148974114507,-5.554824523335465,30.74743555489116,-35.0642836972255,3.17085794,1.600246063,,,,87.9,2939.0,6.1,823290,666023,657757,665487,592518,823550,669392,701538,687749,54.38,,,,,,,,59,1,Slider,2,2,2,2,2,2,2,2,Standard,Standard,290.0,0.006,-0.041,,,,,0.041,,0,0,0.547,0.453,27,34,27,35,1,3,1.0,1.0,4.0,1.0,3.19,-0.61,0.61,36.8,,,,,,Slider,False
CH,2026-06-09,91.1,2.55,5.82,"Morejon, Adrian",668715,670970,strikeout,swinging_strike,,,,,13.0,Spencer Steer strikes out swinging.,R,R,L,SD,CIN,S,2.0,,2,2,2026,0.72,-0.31,-0.019013253406844,1.4387235700227952,,,667472.0,1,7,Top,,,,,,,-7.920774280095597,-132.4315493885294,-4.1401792132153,10.266904760297589,30.183806243208785,-35.0528462644985,3.096259843,1.562598425,,,,90.7,1062.0,6.3,823290,666023,657757,665487,592518,823550,669392,701538,687749,54.24,,0.0,0.0,1.0,0.0,0.0,,58,6,Changeup,2,2,2,2,2,2,2,2,Standard,Standard,103.0,0.043,-0.23,73.4,7.6,0.5160174,,0.23,,0,0,0.504,0.496,27,28,27,29,1,3,1.0,1.0,4.0,1.0,3.08,0.72,-0.72,39.2,12.649600363578903,-3.8865286120764977,28.825623335168416,34.38567326672643,30.502341858426576,Changeup,True
SL,2026-06-09,89.1,2.74,5.72,"Morejon, Adrian",668715,670970,,ball,,,,,13.0,,R,R,L,SD,CIN,B,,,1,2,2026,-0.71,-0.22,-0.334342367691578,1.114495708104123,,,667472.0,1,7,Top,,,,,,,-5.934736056924351,-129.6001586704838,-4.491262459117771,-6.532732415033994,29.799628580042143,-33.78648779112348,3.096259843,1.562598425,,,,88.6,2878.0,6.2,823290,666023,657757,665487,592518,823550,669392,701538,687749,54.26,,,,,,,,58,5,Slider,2,2,2,2,2,2,2,2,Standard,Standard,286.0,-0.008,0.052,,,,,-0.052,,0,0,0.512,0.488,27,28,27,29,1,3,1.0,1.0,4.0,1.0,3.11,-0.71,0.71,37.2,,,,,,Slider,False
SI,2026-06-09,99.1,2.28,5.9,"Morejon, Adrian",668715,670970,,ball,,,,,11.0,,R,R,L,SD,CIN,B,,,0,2,2026,1.41,0.79,-0.4557648614409566,3.3107483980642423,,,667472.0,1,7,Top,,,,,,,-10.723952554346756,-143.72438664495127,-3.211782445071063,22.241948555325227,38.43715140977392,-20.72564825898106,3.096259843,1.562598425,,,,98.2,2378.0,6.3,823290,666023,657757,665487,592518,823550,669392,701538,687749,54.15,,,,,,,,58,4,Sinker,2,2,2,2,2,2,2,2,Standard,Standard,145.0,-0.005,0.018,,,,,-0.018,,0,0,0.517,0.483,27,28,27,29,1,3,1.0,1.0,4.0,1.0,1.58,1.41,-1.41,41.7,,,,,,Sinker,False
FF,2026-06-09,99.3,2.45,5.91,"Morejon, Adrian",668715,670970,,foul,,,,,2.0,,R,R,L,SD,CIN,S,,,0,2,2026,0.59,1.38,-0.1741804046427315,3.1400165502880872,,,667472.0,1,7,Top,,,,,,,-8.477925665939068,-144.22508510975982,-5.1793085817342925,10.452914436002995,38.179534942894385,-11.91811386176036,3.096259843,1.562598425,167.0,73.6,62.0,98.4,2453.0,6.2,823290,666023,657757,665487,592518,823550,669392,701538,687749,54.28,,,,,,,,58,3,4-Seam Fastball,2,2,2,2,2,2,2,2,Standard,Standard,146.0,0.0,0.0,63.7,6.5,,,0.0,88.0,0,0,0.517,0.483,27,28,27,29,1,3,1.0,1.0,4.0,1.0,0.97,0.59,-0.59,45.9,7.517768008632072,15.233306518460036,21.174638555947663,32.22590425316429,19.571175178506724,Four-seam,False
CH,2026-06-09,90.5,2.6,5.87,"Morejon, Adrian",668715,670970,,foul,,,,,4.0,,R,R,L,SD,CIN,S,,,0,1,2026,0.58,0.45,-0.6484731836604111,2.596771659548795,,,667472.0,1,7,Top,,,,,,,-9.231940052833616,-131.33490846844654,-2.8850925636415714,8.865975818222642,31.347428612629987,-26.595931818629573,3.096259843,1.562598425,124.0,68.1,68.0,89.7,904.0,6.3,823290,666023,657757,665487,592518,823550,669392,701538,687749,54.24,,,,,,,,58,2,Changeup,2,2,2,2,2,2,2,2,Standard,Standard,106.0,0.013,-0.058,69.2,6.5,,,0.058,88.0,0,0,0.504,0.496,27,28,27,29,1,3,1.0,1.0,4.0,1.0,2.38,0.58,-0.58,40.2,16.418124934511997,25.15078400184172,32.159661431661334,26.76446931565662,25.273104729067043,Changeup,False
SI,2026-06-09,98.3,2.39,5.94,"Morejon, Adrian",668715,670970,,called_strike,,,,,1.0,,R,R,L,SD,CIN,S,,,0,0,2026,1.4,0.86,-0.4758055159458745,3.193020183446425,,,667472.0,1,7,Top,,,,,,,-10.933759245462104,-142.63369836585127,-3.688822015974385,21.841099739732048,38.17231766015569,-19.855634723168123,3.096259843,1.562598425,,,,97.3,2362.0,6.2,823290,666023,657757,665487,592518,823550,669392,701538,687749,54.26,,,,,,,,58,1,Sinker,2,2,2,2,2,2,2,2,Standard,Standard,146.0,0.007,-0.037,,,,,0.037,,0,0,0.497,0.503,27,28,27,29,1,3,1.0,1.0,4.0,1.0,1.55,1.4,-1.4,41.3,,,,,,Sinker,False
SI,2026-06-09,99.3,2.44,5.88,"Morejon, Adrian",667472,670970,single,hit_into_play,,,,,5.0,Dane Myers singles on a sharp line drive to center fielder Jackson Merrill.,R,R,L,SD,CIN,X,8.0,line_drive,3,2,2026,1.52,0.59,0.1527527144794955,2.49090564590621,,,,1,7,Top,118.21,112.0,,,,,-9.77386046318787,-144.05548032342193,-4.919424852763094,23.58432686139821,39.65199014146514,-22.90044209731841,3.213861549,1.621948819,221.0,110.0,11.0,98.1,2383.0,6.2,823290,666023,657757,665487,592518,823550,669392,701538,687749,54.3,0.917,0.947,0.9,1.0,1.0,0.0,5.0,57,6,Sinker,2,2,2,2,2,2,2,2,Standard,Standard,144.0,-0.036,0.335,,,,1.267,-0.335,110.0,0,0,0.533,0.467,27,30,27,30,1,0,1.0,2.0,4.0,1.0,1.77,1.52,-1.52,42.3,,,,,,Sinker,True
CH,2026-06-09,91.5,2.7,5.88,"Morejon, Adrian",667472,670970,,ball,,,,,13.0,,R,R,L,SD,CIN,B,,,2,2,2026,0.67,-0.01,-0.0624852092249302,0.827700333678115,,,,1,7,Top,,,,,,,-8.334624046895321,-132.8690905425531,-6.466106900502238,9.926011441980862,32.17275464922323,-30.943102098426955,3.213861549,1.621948819,,,,90.8,897.0,6.3,823290,666023,657757,665487,592518,823550,669392,701538,687749,54.2,,,,,,,,57,5,Changeup,2,2,2,2,2,2,2,2,Standard,Standard,103.0,-0.01,0.112,,,,,-0.112,,0,0,0.543,0.457,27,30,27,30,1,0,1.0,2.0,4.0,1.0,2.78,0.67,-0.67,42.0,,,,,,Changeup,False
CH,2026-06-09,92.1,2.65,5.93,"Morejon, Adrian",667472,670970,,ball,,,,,14.0,,R,R,L,SD,CIN,B,,,1,2,2026,0.52,0.05,0.984134479005358,1.5589411158632624,,,,1,7,Top,,,,,,,-5.305692132564985,-133.94490922014228,-5.042833417496973,7.482389910983989,31.86235350439009,-30.627550903762447,3.213861549,1.621948819,,,,91.5,866.0,6.2,823290,666023,657757,665487,592518,823550,669392,701538,687749,54.32,,,,,,,,57,4,Changeup,2,2,2,2,2,2,2,2,Standard,Standard,105.0,-0.005,0.051,,,,,-0.051,,0,0,0.548,0.452,27,30,27,30,1,0,1.0,2.0,4.0,1.0,2.67,0.52,-0.52,42.4,,,,,,Changeup,False
CH,2026-06-09,91.9,2.58,5.94,"Morejon, Adrian",667472,670970,,swinging_strike,,,,,6.0,,R,R,L,SD,CIN,S,,,1,1,2026,0.63,0.35,0.3033818420377355,2.299315146423263,,,,1,7,Top,,,,,,,-7.075927402784219,-133.56289479823195,-3.830308999513246,9.239869175263909,32.647410074634415,-27.337962852115982,3.213861549,1.621948819,,,,91.1,910.0,6.2,823290,666023,657757,665487,592518,823550,669392,701538,687749,54.31,,,,,,,,57,3,Changeup,2,2,2,2,2,2,2,2,Standard,Standard,109.0,0.008,-0.07,,,,,0.07,,0,0,0.54,0.46,27,30,27,30,1,0,1.0,2.0,4.0,1.0,2.39,0.63,-0.63,42.2,,,,,,Changeup,False
FF,2026-06-09,98.9,2.25,6.0,"Morejon, Adrian",667472,670970,,ball,,,,,13.0,,R,R,L,SD,CIN,B,,,0,1,2026,0.62,1.21,-1.215825685295906,2.314596638149644,,,,1,7,Top,,,,,,,-10.726447059985,-143.4372541764198,-7.137754325004465,11.265418577185194,38.1352086313191,-13.867313997601084,3.213861549,1.621948819,,,,97.8,2449.0,6.2,823290,666023,657757,665487,592518,823550,669392,701538,687749,54.29,,,,,,,,57,2,4-Seam Fastball,2,2,2,2,2,2,2,2,Standard,Standard,145.0,-0.003,0.032,,,,,-0.032,,0,0,0.543,0.457,27,30,27,30,1,0,1.0,2.0,4.0,1.0,1.16,0.62,-0.62,52.1,,,,,,Four-seam,False
SI,2026-06-09,99.7,2.38,5.94,"Morejon, Adrian",667472,670970,,called_strike,,,,,4.0,,R,R,L,SD,CIN,S,,,0,0,2026,1.61,0.76,-0.358743130907442,2.412086375068201,,,,1,7,Top,,,,,,,-11.21139636582408,-144.39752225375594,-5.706317975225576,25.37139233787391,42.06817850688755,-20.230863968477504,3.213861549,1.621948819,,,,98.1,2291.0,6.2,823290,666023,657757,665487,592518,823550,669392,701538,687749,54.27,,,,,,,,57,1,Sinker,2,2,2,2,2,2,2,2,Standard,Standard,149.0,0.004,-0.041,,,,,0.041,,0,0,0.539,0.461,27,30,27,30,1,0,1.0,2.0,4.0,1.0,1.6,1.61,-1.61,45.7,,,,,,Sinker,False
SI,2026-06-09,99.1,2.37,5.85,"Morejon, Adrian",701398,670970,field_out,hit_into_play,,,,,6.0,"Sal Stewart grounds out, first baseman Gavin Sheets to pitcher Adrian Morejon.",R,R,L,SD,CIN,X,3.0,ground_ball,3,2,2026,1.39,0.51,0.3946729446555959,2.139135585931544,,,,0,7,Top,150.45,167.79,,,,,-8.617992411178655,-143.95404129933175,-5.624680595502236,21.33937705708017,36.20222910235576,-23.901241689540235,3.239312664,1.634793307,19.0,89.9,-5.0,98.6,2464.0,6.3,823290,666023,657757,665487,592518,823550,669392,701538,687749,54.22,0.196,0.182,0.0,1.0,0.0,0.0,2.0,56,6,Sinker,2,2,2,2,2,2,2,2,Standard,Standard,147.0,0.048,-0.346,72.0,7.2,,0.219,0.346,89.9,0,0,0.491,0.509,27,22,27,23,1,3,1.0,1.0,4.0,1.0,1.84,1.39,-1.39,40.0,2.489802821246627,28.889079671243465,33.03719225166348,44.68621999190948,15.979699160192986,Sinker,True
FF,2026-06-09,98.7,2.44,5.95,"Morejon, Adrian",701398,670970,,swinging_strike,,,,,4.0,,R,R,L,SD,CIN,S,,,3,1,2026,0.4,1.24,-0.3368028631718443,2.4983732021821963,,,,0,7,Top,,,,,,,-8.376267269150627,-143.45071940774096,-6.662821509669533,7.398661983300588,33.300365743587854,-13.602463544353348,3.239312664,1.634793307,,,,98.6,2347.0,6.3,823290,666023,657757,665487,592518,823550,669392,701538,687749,54.19,,,,,,,,56,5,4-Seam Fastball,2,2,2,2,2,2,2,2,Standard,Standard,147.0,0.015,-0.101,76.2,7.7,0.278845608,,0.101,,0,0,0.476,0.524,27,22,27,23,1,3,1.0,1.0,4.0,1.0,1.1,0.4,-0.4,47.2,7.699059560649651,17.077772225230497,35.4090007126385,37.9653027597472,21.22886622981412,Four-seam,False
CH,2026-06-09,92.7,2.75,5.86,"Morejon, Adrian",701398,670970,,ball,,,,,14.0,,R,R,L,SD,CIN,B,,,2,1,2026,0.75,-0.43,0.4234719583055132,0.0279897654378205,,,,0,7,Top,,,,,,,-7.503942851356263,-134.70478304956885,-7.816776086527868,10.79290763710514,29.17724032824844,-35.8941962228711,3.239312664,1.634793307,,,,92.4,981.0,6.2,823290,666023,657757,665487,592518,823550,669392,701538,687749,54.29,,,,,,,,56,4,Changeup,2,2,2,2,2,2,2,2,Standard,Standard,107.0,-0.018,0.137,,,,,-0.137,,0,0,0.494,0.506,27,22,27,23,1,3,1.0,1.0,4.0,1.0,3.09,0.75,-0.75,40.6,,,,,,Changeup,False
SI,2026-06-09,98.8,2.51,5.94,"Morejon, Adrian",701398,670970,,ball,,,,,11.0,,R,R,L,SD,CIN,B,,,1,1,2026,1.34,0.63,-0.9038811991707332,2.4503254977407507,,,,0,7,Top,,,,,,,-12.26585555564276,-143.25113806201247,-5.290801609614472,21.302136404173087,33.43192399691272,-22.350529544152117,3.239312664,1.634793307,,,,98.2,2410.0,6.2,823290,666023,657757,665487,592518,823550,669392,701538,687749,54.32,,,,,,,,56,3,Sinker,2,2,2,2,2,2,2,2,Standard,Standard,143.0,-0.008,0.063,,,,,-0.063,,0,0,0.502,0.498,27,22,27,23,1,3,1.0,1.0,4.0,1.0,1.72,1.34,-1.34,41.6,,,,,,Sinker,False
CH,2026-06-09,91.9,2.69,6.0,"Morejon, Adrian",701398,670970,,ball,,,,,14.0,,R,R,L,SD,CIN,B,,,0,1,2026,1.26,-0.3,0.1849721135964528,0.3072418709258206,,,,0,7,Top,,,,,,,-8.98274953526906,-133.42028637673425,-7.545856655452467,17.064987994270012,29.4507205952537,-34.19900682329036,3.239312664,1.634793307,,,,91.2,1075.0,6.0,823290,666023,657757,665487,592518,823550,669392,701538,687749,54.45,,,,,,,,56,2,Changeup,2,2,2,2,2,2,2,2,Standard,Standard,105.0,-0.004,0.029,,,,,-0.029,,0,0,0.506,0.494,27,22,27,23,1,3,1.0,1.0,4.0,1.0,3.01,1.26,-1.26,48.2,,,,,,Changeup,False
CH,2026-06-09,91.0,2.69,6.0,"Morejon, Adrian",701398,670970,,called_strike,,,,,8.0,,R,R,L,SD,CIN,S,,,0,0,2026,0.99,-0.4,0.2546217311805203,1.5982952449411516,,,,0,7,Top,,,,,,,-8.151272582234657,-132.2670682186512,-4.016598706974658,13.312875571323357,27.891465504401825,-36.20578342816821,3.239312664,1.634793307,,,,90.8,920.0,6.2,823290,666023,657757,665487,592518,823550,669392,701538,687749,54.29,,,,,,,,56,1,Changeup,2,2,2,2,2,2,2,2,Standard,Standard,100.0,0.006,-0.041,,,,,0.041,,0,0,0.5,0.5,27,22,27,23,1,3,1.0,1.0,4.0,1.0,3.16,0.99,-0.99,47.5,,,,,,Changeup,False
FF,2026-06-09,98.8,2.33,5.96,"Morejon, Adrian",668709,670970,strikeout,foul_tip,,,,,11.0,JJ Bleday strikes out on a foul tip.,R,L,L,SD,CIN,S,2.0,,2,2,2026,0.39,1.43,-0.9022372102494316,3.056366477334734,695490.0,694362.0,,2,6,Top,,,,,,,-9.597814828068726,-143.55085737231985,-5.6047492460384545,7.671802994828311,34.82300872425928,-11.32818974449197,3.286704396,1.65871063,,,,98.4,2488.0,6.3,823290,666023,657757,665487,592518,823550,669392,701538,669369,54.24,,0.0,0.0,1.0,0.0,0.0,,50,9,4-Seam Fastball,2,2,2,2,2,2,2,2,Infield shade,Standard,144.0,0.074,-0.192,64.8,5.9,,,0.192,,0,0,0.502,0.498,27,28,27,29,1,3,1.0,1.0,4.0,1.0,0.93,0.39,0.39,42.0,-0.6551701532722488,20.92494227690139,22.326698226692045,51.57660257269673,11.253461244603582,Four-seam,True
SI,2026-06-09,99.3,2.64,5.82,"Morejon, Adrian",668709,670970,,foul,,,,,5.0,,R,L,L,SD,CIN,S,,,2,2,2026,1.16,0.86,0.1089765875463537,2.7249042462308912,695490.0,694362.0,,2,6,Top,,,,,,,-9.570709307232754,-144.22930219561596,-4.88102189731924,18.45686390235438,34.56919003764929,-19.14472932829079,3.286704396,1.65871063,267.0,79.5,35.0,99.0,2285.0,6.3,823290,666023,657757,665487,592518,823550,669392,701538,669369,54.2,,,,,,,,50,8,Sinker,2,2,2,2,2,2,2,2,Infield shade,Standard,145.0,0.0,0.0,62.6,5.5,,,0.0,88.0,0,0,0.502,0.498,27,28,27,29,1,3,1.0,1.0,4.0,1.0,1.46,1.16,1.16,35.8,-12.25132435303563,25.631156049517404,33.492560349865705,38.78077432229611,11.640578809122411,Sinker,False
SL,2026-06-09,90.6,2.85,5.8,"Morejon, Adrian",668709,670970,,ball,,,,,13.0,,R,L,L,SD,CIN,B,,,1,2,2026,-0.41,0.33,-0.430164489858013,0.9711964701300628,695490.0,,694362.0,2,6,Top,,,,,,,-7.188479900756825,-131.7616439857299,-6.587791123560597,-3.2485450160699822,27.937583600774197,-27.077597702372337,3.286704396,1.65871063,,,,90.5,2838.0,6.2,823290,666023,657757,665487,592518,823550,669392,701538,669369,54.25,,,,,,,,50,7,Slider,2,2,2,2,2,2,2,2,Infield shade,Standard,274.0,-0.021,0.043,,,,,-0.043,,0,0,0.523,0.477,27,28,27,29,1,3,1.0,1.0,4.0,1.0,2.45,-0.41,-0.41,39.2,,,,,,Slider,False
SI,2026-06-09,98.8,2.47,5.91,"Morejon, Adrian",668709,670970,,foul,,,,,6.0,,R,L,L,SD,CIN,S,,,1,2,2026,1.2,0.61,0.4387297332559607,2.4193087115323797,695490.0,,694362.0,2,6,Top,,,,,,,-8.269548882946802,-143.6490675871166,-5.278432553850878,18.53976889585143,34.433119358013954,-22.642680717012933,3.286704396,1.65871063,,,,98.5,2309.0,6.2,823290,666023,657757,665487,592518,823550,669392,701538,669369,54.28,,,,,,,,50,6,Sinker,2,2,2,2,2,2,2,2,Infield shade,Standard,142.0,0.0,0.0,70.2,6.6,,,0.0,,0,0,0.523,0.477,27,28,27,29,1,3,1.0,1.0,4.0,1.0,1.73,1.2,1.2,39.2,8.803439539739154,3.9212956245287582,29.924896920047427,34.4695964335556,23.48906339820531,Sinker,False
FF,2026-06-09,99.0,2.51,5.89,"Morejon, Adrian",668709,670970,,foul,,,,,5.0,,R,L,L,SD,CIN,S,,,1,2,2026,0.37,1.15,-0.2479578016587454,2.517464485281043,695490.0,,694362.0,2,6,Top,,,,,,,-8.29139079448527,-143.94641317459707,-6.318169099923318,6.971723774734261,31.674373434534168,-14.924138067669068,3.286704396,1.65871063,120.0,85.7,7.0,99.2,2385.0,6.3,823290,666023,657757,665487,592518,823550,669392,701538,669369,54.2,,,,,,,,50,5,4-Seam Fastball,2,2,2,2,2,2,2,2,Infield shade,Standard,144.0,0.0,0.0,70.1,6.1,,,0.0,88.0,0,0,0.523,0.477,27,28,27,29,1,3,1.0,1.0,4.0,1.0,1.17,0.37,0.37,41.9,-1.340358570035573,18.427476448450182,31.353951307495773,43.15858356461611,19.472598817725945,Four-seam,False
SI,2026-06-09,98.3,2.57,5.95,"Morejon, Adrian",668709,670970,,foul,,,,,2.0,,R,L,L,SD,CIN,S,,,1,2,2026,0.98,0.78,-0.2451881343595476,2.784546165260045,695490.0,,694362.0,2,6,Top,,,,,,,-9.79088906281972,-142.84695824431054,-4.729523042254224,15.627645629261748,33.41508174339304,-20.501099644865093,3.286704396,1.65871063,282.0,85.6,30.0,97.8,2382.0,6.1,823290,666023,657757,665487,592518,823550,669392,701538,669369,54.35,,,,,,,,50,4,Sinker,2,2,2,2,2,2,2,2,Infield shade,Standard,145.0,0.0,0.0,61.6,5.2,,,0.0,88.0,0,0,0.523,0.477,27,28,27,29,1,3,1.0,1.0,4.0,1.0,1.58,0.98,0.98,40.8,-17.962689134529192,35.32933187506507,31.035312714186073,43.36932019008776,6.969318766604449,Sinker,False
SI,2026-06-09,97.9,2.46,5.94,"Morejon, Adrian",668709,670970,,called_strike,,,,,7.0,,R,L,L,SD,CIN,S,,,1,1,2026,0.86,0.79,-0.3964602405967919,1.7756167729813568,695490.0,,694362.0,2,6,Top,,,,,,,-9.58874454901855,-142.07773913206896,-7.310910170926188,13.809820055760245,32.2956701341264,-19.947323541257585,3.286704396,1.65871063,,,,97.5,2348.0,6.2,823290,666023,657757,665487,592518,823550,669392,701538,669369,54.29,,,,,,,,50,3,Sinker,2,2,2,2,2,2,2,2,Infield shade,Standard,147.0,0.019,-0.076,,,,,0.076,,0,0,0.504,0.496,27,28,27,29,1,3,1.0,1.0,4.0,1.0,1.6,0.86,0.86,41.6,,,,,,Sinker,False
SL,2026-06-09,89.0,2.75,5.78,"Morejon, Adrian",668709,670970,,ball,,,,,13.0,,R,L,L,SD,CIN,B,,,0,1,2026,-0.85,0.03,-0.8162930047338179,1.2302624506935094,695490.0,,694362.0,2,6,Top,,,,,,,-6.810168080267018,-129.40698206782636,-4.940536519669557,-8.213984383541167,26.01437124861319,-31.015006012682175,3.286704396,1.65871063,,,,88.9,2940.0,6.2,823290,666023,657757,665487,592518,823550,669392,701538,669369,54.32,,,,,,,,50,2,Slider,2,2,2,2,2,2,2,2,Infield shade,Standard,280.0,-0.007,0.017,,,,,-0.017,,0,0,0.511,0.489,27,28,27,29,1,3,1.0,1.0,4.0,1.0,2.84,-0.85,-0.85,38.7,,,,,,Slider,False
SL,2026-06-09,90.5,2.93,5.72,"Morejon, Adrian",668709,670970,,swinging_strike,,,,,13.0,,R,L,L,SD,CIN,S,,,0,0,2026,-0.54,0.01,-0.8048435534487398,1.279774082098884,695490.0,,694362.0,2,6,Top,,,,,,,-8.01397887099131,-131.5060271211142,-4.8899614966557765,-4.527208166592248,28.235427716653927,-31.20854205609942,3.286704396,1.65871063,,,,90.3,2861.0,6.3,823290,666023,657757,665487,592518,823550,669392,701538,669369,54.23,,,,,,,,50,1,Slider,2,2,2,2,2,2,2,2,Infield shade,Standard,268.0,0.011,-0.029,75.1,7.8,3.724207992,,0.029,,0,0,0.5,0.5,27,28,27,29,1,3,1.0,1.0,4.0,1.0,2.78,-0.54,-0.54,34.4,15.43944071148123,-9.49207947318916,34.90345406376546,47.51696641698595,37.757088616944706,Slider,False
CH,2026-06-08,91.4,2.73,5.9,"Morejon, Adrian",668715,670970,strikeout,swinging_strike,,,,,13.0,Spencer Steer strikes out swinging.,R,R,L,SD,CIN,S,2.0,,2,2,2026,0.66,-0.08,-0.1330500477417476,0.541893559307618,,,,2,7,Top,,,,,,,-8.540370279601772,-132.6938920724218,-7.0995635922287335,9.659008711649,29.736723079795308,-31.685271600231246,3.096259843,1.562598425,,,,90.9,881.0,6.2,823289,666023,664034,665487,592518,593428,669392,701538,687749,54.27,,0.0,0.0,1.0,0.0,0.0,,53,5,Changeup,1,2,2,1,2,1,2,1,Standard,Standard,116.0,0.011,-0.223,68.9,8.6,6.947133816,,0.223,,-1,1,0.353,0.647,27,28,27,29,1,0,2.0,1.0,1.0,1.0,2.83,0.66,-0.66,49.8,24.928755915418336,-30.30106395292284,34.94624454259866,32.04087690753708,48.18413591566109,Changeup,True
CH,2026-06-08,92.0,2.74,5.97,"Morejon, Adrian",668715,670970,,ball,,,,,12.0,,R,R,L,SD,CIN,B,,,1,2,2026,1.04,0.17,0.9873866174734812,2.611610240506212,,,,2,7,Top,,,,,,,-6.661505626635231,-133.80556251747063,-2.809457223328844,13.897310219701636,30.03925706448599,-29.692052870412223,3.096259843,1.562598425,,,,91.7,994.0,6.2,823289,666023,664034,665487,592518,593428,669392,701538,687749,54.25,,,,,,,,53,4,Changeup,1,2,2,1,2,1,2,1,Standard,Standard,111.0,-0.002,0.041,,,,,-0.041,,-1,1,0.355,0.645,27,28,27,29,1,0,2.0,1.0,1.0,1.0,2.53,1.04,-1.04,46.9,,,,,,Changeup,False
FF,2026-06-08,99.2,2.53,5.97,"Morejon, Adrian",668715,670970,,ball,,,,,11.0,,R,R,L,SD,CIN,B,,,0,2,2026,0.22,1.0,-1.6123872853806764,2.5191615810209607,,,,2,7,Top,,,,,,,-11.656930332384864,-143.9692630832667,-6.107259632410055,5.900079589246092,34.68581862688945,-17.005401424930362,3.096259843,1.562598425,,,,98.7,2344.0,6.2,823289,666023,664034,665487,592518,593428,669392,701538,687749,54.25,,,,,,,,53,3,4-Seam Fastball,1,2,2,1,2,1,2,1,Standard,Standard,144.0,-0.001,0.028,,,,,-0.028,,-1,1,0.356,0.644,27,28,27,29,1,0,2.0,1.0,1.0,1.0,1.34,0.22,-0.22,48.0,,,,,,Four-seam,False
CH,2026-06-08,91.9,2.81,5.93,"Morejon, Adrian",668715,670970,,foul,,,,,14.0,,R,R,L,SD,CIN,S,,,0,1,2026,1.01,-0.01,1.0775947643690469,1.6697047180645348,,,,2,7,Top,,,,,,,-6.522161125910841,-133.6638766925328,-4.684995226064371,13.499129975438803,27.84885595710991,-31.451047677484244,3.096259843,1.562598425,101.0,68.7,11.0,91.6,983.0,6.1,823289,666023,664034,665487,592518,593428,669392,701538,687749,54.43,,,,,,,,53,2,Changeup,1,2,2,1,2,1,2,1,Standard,Standard,110.0,0.003,-0.062,67.3,7.8,,,0.062,88.0,-1,1,0.353,0.647,27,28,27,29,1,0,2.0,1.0,1.0,1.0,2.7,1.01,-1.01,42.4,10.888312231322727,4.056007046337453,26.2030454211774,47.148872744291985,26.713573846260168,Changeup,False
SI,2026-06-08,99.4,2.58,5.9,"Morejon, Adrian",668715,670970,,foul,,,,,5.0,,R,R,L,SD,CIN,S,,,0,0,2026,1.19,0.88,0.1165239333775209,2.4148914505548698,,,,2,7,Top,,,,,,,-9.466210917177266,-144.46417051789294,-6.015890376157822,18.86990496654142,33.05932280861878,-18.551384643620505,3.096259843,1.562598425,274.0,79.7,37.0,99.2,2321.0,6.2,823289,666023,664034,665487,592518,593428,669392,701538,687749,54.31,,,,,,,,53,1,Sinker,1,2,2,1,2,1,2,1,Standard,Standard,147.0,0.002,-0.045,69.4,6.8,,,0.045,88.0,-1,1,0.351,0.649,27,28,27,29,1,0,2.0,1.0,1.0,1.0,1.43,1.19,-1.19,38.7,4.590646862802468,22.79261231145278,30.03302687865106,34.744043427305115,17.805989305071627,Sinker,False
CH,2026-06-08,91.9,2.88,5.95,"Morejon, Adrian",701398,670970,field_out,hit_into_play,,,,,6.0,"Sal Stewart grounds out, pitcher Adrian Morejon to first baseman Ty France.",R,R,L,SD,CIN,X,1.0,ground_ball,1,1,2026,0.8,-0.07,0.6377423102232982,2.3376044093919144,,,,1,7,Top,127.49,181.07,,,,,-7.361282453508431,-133.63685089695153,-2.9568018841477635,11.18116403573659,27.6789406882773,-32.54829984371139,3.239312664,1.634793307,10.0,81.7,-14.0,91.8,994.0,6.2,823289,666023,664034,665487,592518,593428,669392,701538,687749,54.34,0.08,0.072,0.0,1.0,0.0,0.0,2.0,52,3,Changeup,1,2,2,1,2,1,2,1,Standard,Standard,113.0,0.018,-0.252,72.4,7.7,,0.085,0.252,88.0,-1,1,0.333,0.667,27,22,27,23,1,3,2.0,1.0,1.0,1.0,2.76,0.8,-0.8,42.0,10.858221012488318,15.45552662892054,31.74581283879051,44.96125222607502,26.391631494458068,Changeup,True
CH,2026-06-08,90.6,2.74,5.94,"Morejon, Adrian",701398,670970,,foul,,,,,9.0,,R,R,L,SD,CIN,S,,,1,0,2026,0.85,0.13,0.5154551513617389,2.077651171205161,,,,1,7,Top,,,,,,,-7.3047181518864175,-131.79902870640504,-3.8239489902223966,11.374628206655574,25.43236379533735,-30.08586463089644,3.239312664,1.634793307,229.0,77.7,42.0,90.8,926.0,6.2,823289,666023,664034,665487,592518,593428,669392,701538,687749,54.26,,,,,,,,52,2,Changeup,1,2,2,1,2,1,2,1,Standard,Standard,111.0,0.004,-0.05,72.5,7.8,,,0.05,88.0,-1,1,0.329,0.671,27,22,27,23,1,3,2.0,1.0,1.0,1.0,2.63,0.85,-0.85,47.1,9.981923689309028,20.22990501170476,36.83607235530806,44.302939247411885,18.886121581245273,Changeup,False
SL,2026-06-08,90.1,3.07,5.9,"Morejon, Adrian",701398,670970,,ball,,,,,14.0,,R,R,L,SD,CIN,B,,,0,0,2026,-0.29,0.22,1.877353630152984,2.284152554255848,,,,1,7,Top,,,,,,,-2.2718596508290783,-131.23650138519014,-3.3211991265910212,-2.971450918694124,25.751451614372954,-29.180978198635454,3.239312664,1.634793307,,,,90.1,2735.0,6.1,823289,666023,664034,665487,592518,593428,669392,701538,687749,54.45,,,,,,,,52,1,Slider,1,2,2,1,2,1,2,1,Standard,Standard,258.0,-0.003,0.041,,,,,-0.041,,-1,1,0.332,0.668,27,22,27,23,1,3,2.0,1.0,1.0,1.0,2.57,-0.29,0.29,36.4,,,,,,Slider,False
SL,2026-06-08,89.0,2.99,5.78,"Morejon, Adrian",668709,670970,field_out,hit_into_play,,,,,12.0,JJ Bleday flies out to right fielder Jase Bowen.,R,L,L,SD,CIN,X,9.0,fly_ball,0,0,2026,-0.34,0.19,1.1139875727346846,2.5270820536892895,,,,0,7,Top,180.33,86.98,,,,,-3.813964918869192,-129.68946971814418,-2.1980652992114607,-3.116766001436953,25.970481829685568,-29.74971270309602,3.286704396,1.65871063,308.0,82.9,33.0,89.0,2708.0,6.1,823289,666023,664034,665487,592518,593428,669392,701538,687749,54.37,0.034,0.046,0.0,1.0,0.0,0.0,3.0,51,1,Slider,1,2,2,1,2,1,2,1,Infield shade,Standard,258.0,0.024,-0.259,68.6,6.7,,0.07,0.259,88.0,-1,1,0.308,0.692,27,28,27,29,1,3,2.0,1.0,1.0,1.0,2.67,-0.34,-0.34,38.1,7.842289186038567,-5.152417430878989,35.814900842360764,27.70068386176922,29.628638724430353,Slider,True
SI,2026-06-08,98.8,2.67,5.85,"Morejon, Adrian",694362,670970,force_out,hit_into_play,,,,,8.0,"Blake Dunn grounds into a force out, shortstop Xander Bogaerts to second baseman Fernando Tatis Jr. Tyler Stephenson out at 2nd.",R,R,L,SD,CIN,X,6.0,ground_ball,2,0,2026,1.38,0.64,-0.2403922079741596,1.47297183300321,,,663886.0,2,6,Top,113.3,151.68,,,,,-11.038586842866744,-143.30224762787952,-7.685361238794355,21.620058739154153,34.58525462530382,-21.615336031976604,3.09011647,1.559498032,4.0,104.6,-20.0,98.1,2363.0,6.2,823289,666023,664034,665487,592518,593428,669392,701538,687749,54.32,0.259,0.238,0.0,1.0,0.0,0.0,2.0,47,3,Sinker,1,2,2,1,2,1,2,1,Standard,Standard,137.0,0.033,-0.369,75.2,6.1,,0.279,0.369,104.6,-1,1,0.363,0.637,27,27,27,28,1,3,2.0,1.0,1.0,1.0,1.72,1.38,-1.38,39.3,-4.956385602084551,-2.2145458690230884,42.12697946945179,36.169716146514446,27.443857987515894,Sinker,True
SI,2026-06-08,99.3,2.76,5.79,"Morejon, Adrian",694362,670970,,ball,,,,,14.0,,R,R,L,SD,CIN,B,,,1,0,2026,1.36,0.78,0.8108046762657717,1.1200232074828218,,,663886.0,2,6,Top,,,,,,,-8.475857797221297,-144.14866913016257,-8.915455019928116,20.945078320350213,34.35597567538696,-19.26790725989316,3.09011647,1.559498032,,,,98.8,2230.0,6.2,823289,666023,664034,665487,592518,593428,669392,701538,687749,54.29,,,,,,,,47,2,Sinker,1,2,2,1,2,1,2,1,Standard,Standard,140.0,-0.005,0.056,,,,,-0.056,,-1,1,0.368,0.632,27,27,27,28,1,3,2.0,1.0,1.0,1.0,1.54,1.36,-1.36,36.5,,,,,,Sinker,False
SL,2026-06-08,84.9,2.99,5.72,"Morejon, Adrian",694362,670970,,blocked_ball,,,,,13.0,,R,R,L,SD,CIN,B,,,0,0,2026,-0.56,-0.04,-0.27914260968129,0.2541851321109249,,,663886.0,2,6,Top,,,,,,,-6.388824187023477,-123.42235377828987,-6.0141064968491875,-4.335787451743921,26.712822020996803,-31.489874541270115,3.09011647,1.559498032,,,,84.4,2814.0,6.2,823289,666023,664034,665487,592518,593428,669392,701538,687749,54.31,,,,,,,,47,1,Slider,1,2,2,1,2,1,2,1,Standard,Standard,291.0,-0.002,0.038,,,,,-0.038,,-1,1,0.37,0.63,27,27,27,28,1,3,2.0,1.0,1.0,1.0,3.23,-0.56,0.56,39.8,,,,,,Slider,False
SI,2026-06-08,98.5,2.48,5.87,"Morejon, Adrian",695490,670970,sac_fly,hit_into_play,,,,,4.0,Edwin Arroyo out on a sacrifice fly to center fielder Jackson Merrill. Noelvi Marte scores.,R,R,L,SD,CIN,X,8.0,fly_ball,0,0,2026,1.15,0.94,-0.8138454321198549,2.2963830562834415,682622.0,,663886.0,1,6,Top,137.94,65.69,,,,,-11.493738848962414,-142.8976550306359,-6.218269174152614,18.45316217470638,33.504314945010805,-17.91294630227934,3.163836942,1.596702756,332.0,95.3,34.0,98.0,2417.0,6.2,823289,666023,664034,665487,592518,593428,669392,701538,687749,54.27,,0.149,0.0,1.0,0.0,0.0,3.0,46,1,Sinker,1,1,1,1,2,1,2,1,Strategic,Standard,145.0,-0.029,-0.149,71.3,6.6,,,0.149,95.3,0,0,0.399,0.601,27,22,27,23,1,2,2.0,1.0,1.0,1.0,1.42,1.15,-1.15,41.4,7.32030465305854,-7.931082378761828,36.86745040736238,28.358489464558012,29.825844912423435,Sinker,True
SI,2026-06-06,99.9,2.51,5.9,"Morejon, Adrian",676724,670970,strikeout,swinging_strike,,,,,12.0,Jared Young strikes out swinging.,R,L,L,SD,NYM,S,2.0,,0,2,2026,1.32,0.58,0.9449288277138874,3.481286980569788,,,,2,6,Top,,,,,,,-7.363837521966527,-145.3634256947741,-2.4727695258109907,20.388932921838,35.14895225899195,-23.551807057744114,3.280561024,1.655610236,,,,99.4,2521.0,6.1,823292,666023,664034,823550,592518,593428,657757,701538,665487,54.42,,0.0,0.0,1.0,0.0,0.0,,43,3,Sinker,1,1,1,1,1,1,1,1,Infield shade,Standard,145.0,0.01,-0.155,69.3,5.9,0.43414434,,0.155,,0,0,0.566,0.434,27,30,27,31,1,2,2.0,1.0,2.0,1.0,1.71,1.32,1.32,36.6,10.25965938353571,15.938148544656508,23.25817794979631,27.157976147285893,19.12571246685976,Sinker,True
SI,2026-06-06,99.6,2.56,5.88,"Morejon, Adrian",676724,670970,,foul,,,,,3.0,,R,L,L,SD,NYM,S,,,0,1,2026,1.24,0.77,0.3574137744541481,3.064136552890332,,,,2,6,Top,,,,,,,-8.884777625481775,-144.7528436084437,-3.9695047527087017,19.44653708667462,34.06193785154987,-20.599663411164233,3.280561024,1.655610236,244.0,74.1,32.0,99.3,2428.0,6.2,823292,666023,664034,823550,592518,593428,657757,701538,665487,54.29,,,,,,,,43,2,Sinker,1,1,1,1,1,1,1,1,Infield shade,Standard,135.0,0.004,-0.062,65.6,5.6,,,0.062,88.0,0,0,0.562,0.438,27,30,27,31,1,2,2.0,1.0,2.0,1.0,1.53,1.24,1.24,39.4,-4.677880929005271,36.72630550301634,26.749037385633688,34.48559698072336,14.319927693812376,Sinker,False
SI,2026-06-06,100.6,2.62,5.87,"Morejon, Adrian",676724,670970,,foul,,,,,2.0,,R,L,L,SD,NYM,S,,,0,0,2026,1.28,0.77,0.230628261096786,2.9098142484029332,,,,2,6,Top,,,,,,,-9.60915165263503,-146.12510646571351,-4.500469994193972,20.69348599746955,35.21758290837954,-20.230638698203197,3.280561024,1.655610236,233.0,77.8,42.0,100.2,2530.0,6.2,823292,666023,664034,823550,592518,593428,657757,701538,665487,54.26,,,,,,,,43,1,Sinker,1,1,1,1,1,1,1,1,Infield shade,Standard,140.0,0.003,-0.045,68.1,6.1,,,0.045,88.0,0,0,0.559,0.441,27,30,27,31,1,2,2.0,1.0,2.0,1.0,1.49,1.28,1.28,42.4,-2.1442849652867197,26.702293488243587,24.402872136406845,36.07991568825109,14.635246800989464,Sinker,False
SL,2026-06-06,90.3,2.85,5.78,"Morejon, Adrian",665742,670970,strikeout,swinging_strike,,,,,13.0,Juan Soto strikes out swinging.,R,L,L,SD,NYM,S,2.0,,1,2,2026,-0.47,-0.18,-1.2369134503304289,1.7259989409456464,,,,1,6,Top,,,,,,,-8.972296608766381,-131.11466896111187,-3.43687816709786,-3.346740764631291,30.118858656092495,-33.6300876778188,3.259498032,1.644980315,,,,89.6,3113.0,6.2,823292,666023,664034,823550,592518,593428,657757,701538,665487,54.34,,0.0,0.0,1.0,0.0,0.0,,42,4,Slider,1,1,1,1,1,1,1,1,Infield shade,Standard,295.0,0.017,-0.182,48.0,7.2,4.878777912,,0.182,,0,0,0.542,0.458,27,27,27,28,1,2,2.0,1.0,2.0,1.0,3.01,-0.47,-0.47,38.4,16.88303837810801,0.0863262888357949,23.843317166533353,53.55632940911642,23.930360726464457,Slider,True
SI,2026-06-06,99.9,2.54,5.9,"Morejon, Adrian",665742,670970,,swinging_strike,,,,,12.0,,R,L,L,SD,NYM,S,,,1,1,2026,1.31,0.75,1.0754449647604638,3.3485485914083357,,,,1,6,Top,,,,,,,-7.085682067067126,-145.34200973809163,-3.25614363584964,20.219681418958015,34.14758462885,-20.906236451341904,3.259498032,1.644980315,,,,99.6,2471.0,6.2,823292,666023,664034,823550,592518,593428,657757,701538,665487,54.34,,,,,,,,42,3,Sinker,1,1,1,1,1,1,1,1,Infield shade,Standard,145.0,0.007,-0.07,71.0,6.4,0.693042036,,0.07,,0,0,0.535,0.465,27,27,27,28,1,2,2.0,1.0,2.0,1.0,1.53,1.31,1.31,40.5,14.97954917981616,1.7992847436963824,24.47533273426618,26.353886353379043,17.429001472801495,Sinker,False
SL,2026-06-06,89.3,2.85,5.82,"Morejon, Adrian",665742,670970,,ball,,,,,14.0,,R,L,L,SD,NYM,B,,,0,1,2026,-0.52,-0.24,0.5553336048237245,1.3242022203452204,,,,1,6,Top,,,,,,,-4.446770799498447,-129.96409203713185,-4.261021364187493,-4.899611682261133,28.137533057879253,-34.228912985410574,3.259498032,1.644980315,,,,89.0,3028.0,6.2,823292,666023,664034,823550,592518,593428,657757,701538,665487,54.32,,,,,,,,42,2,Slider,1,1,1,1,1,1,1,1,Infield shade,Standard,291.0,-0.003,0.032,,,,,-0.032,,0,0,0.538,0.462,27,27,27,28,1,2,2.0,1.0,2.0,1.0,3.11,-0.52,-0.52,38.0,,,,,,Slider,False
SL,2026-06-06,90.4,2.85,5.79,"Morejon, Adrian",665742,670970,,called_strike,,,,,4.0,,R,L,L,SD,NYM,S,,,0,0,2026,-0.5,-0.06,-0.2815036369486115,2.1705590775803043,,,,1,6,Top,,,,,,,-6.609980684904704,-131.60038221905606,-2.75007247790362,-4.439148929876329,27.957515086596636,-32.444154114685425,3.259498032,1.644980315,,,,90.3,3005.0,6.2,823292,666023,664034,823550,592518,593428,657757,701538,665487,54.29,,,,,,,,42,1,Slider,1,1,1,1,1,1,1,1,Infield shade,Standard,282.0,0.004,-0.041,,,,,0.041,,0,0,0.534,0.466,27,27,27,28,1,2,2.0,1.0,2.0,1.0,2.84,-0.5,-0.5,36.9,,,,,,Slider,False
SL,2026-06-06,89.9,2.93,5.89,"Morejon, Adrian",666182,670970,field_out,hit_into_play,,,,,6.0,"Bo Bichette grounds out, shortstop Xander Bogaerts to first baseman Ty France.",R,R,L,SD,NYM,X,6.0,ground_ball,2,2,2026,-0.57,-0.4,0.5376643781296577,2.08675389828637,,,,0,6,Top,114.54,156.08,,,,,-4.618035754608729,-130.92677230953663,-2.346665406237224,-5.535844322111716,28.164414827780583,-36.49000842537787,3.162081693,1.595816929,2.0,91.1,-39.0,89.6,3043.0,6.1,823292,666023,664034,823550,592518,593428,657757,701538,665487,54.39,0.049,0.044,0.0,1.0,0.0,0.0,2.0,41,6,Slider,1,1,1,1,1,1,1,1,Strategic,Standard,278.0,0.029,-0.232,65.0,7.4,,0.051,0.232,91.1,0,0,0.505,0.495,27,28,27,28,1,2,2.0,1.0,2.0,1.0,3.22,-0.57,0.57,36.2,-2.2292462262199395,15.39955735813722,37.85185935130562,38.75532600511366,17.096597445662958,Slider,True
SI,2026-06-06,99.5,2.58,5.98,"Morejon, Adrian",666182,670970,,foul,,,,,12.0,,R,R,L,SD,NYM,S,,,2,2,2026,1.26,0.89,1.044514754301375,3.721691839461954,,,,0,6,Top,,,,,,,-7.119385021320876,-144.67748903639497,-2.6878875426626694,19.388827887720108,36.51618005616211,-19.26798226488365,3.162081693,1.595816929,123.0,85.5,7.0,98.6,2301.0,6.0,823292,666023,664034,823550,592518,593428,657757,701538,665487,54.49,,,,,,,,41,5,Sinker,1,1,1,1,1,1,1,1,Standard,Standard,138.0,0.0,0.0,60.5,5.9,,,0.0,88.0,0,0,0.505,0.495,27,28,27,28,1,2,2.0,1.0,2.0,1.0,1.43,1.26,-1.26,38.3,-17.13420352691166,45.80867424339034,26.12039561677027,45.78388870069327,-2.041501629359303,Sinker,False
CH,2026-06-06,92.4,2.82,5.96,"Morejon, Adrian",666182,670970,,ball,,,,,14.0,,R,R,L,SD,NYM,B,,,1,2,2026,1.02,-0.13,0.1403240469259901,0.9582956934313138,,,,0,6,Top,,,,,,,-8.946599740402029,-134.1388711716892,-6.2856164270458175,14.245374276794326,30.25029821918687,-32.53658023354747,3.162081693,1.595816929,,,,91.8,1117.0,6.2,823292,666023,664034,823550,592518,593428,657757,701538,665487,54.34,,,,,,,,41,4,Changeup,1,1,1,1,1,1,1,1,Standard,Standard,109.0,-0.005,0.046,,,,,-0.046,,0,0,0.51,0.49,27,28,27,28,1,2,2.0,1.0,2.0,1.0,2.83,1.02,-1.02,43.1,,,,,,Changeup,False
CH,2026-06-06,91.8,2.84,6.01,"Morejon, Adrian",666182,670970,,swinging_strike,,,,,14.0,,R,R,L,SD,NYM,S,,,1,1,2026,0.6,-0.57,0.6373778366398828,0.9811554810403949,,,,0,6,Top,,,,,,,-6.796507687508893,-133.4311744013805,-5.324320740210718,8.704727828892311,29.43913318505965,-37.94475966827768,3.162081693,1.595816929,,,,91.4,1098.0,6.2,823292,666023,664034,823550,592518,593428,657757,701538,665487,54.34,,,,,,,,41,3,Changeup,1,1,1,1,1,1,1,1,Standard,Strategic,109.0,0.008,-0.06,70.3,7.9,0.450792384,,0.06,,0,0,0.502,0.498,27,28,27,28,1,2,2.0,1.0,2.0,1.0,3.28,0.6,-0.6,42.7,-1.4585399840601792,8.368545502648367,39.96305502779177,40.96871452214982,19.773410444194013,Changeup,False
SI,2026-06-06,99.3,2.69,6.0,"Morejon, Adrian",666182,670970,,called_strike,,,,,1.0,,R,R,L,SD,NYM,S,,,1,0,2026,1.31,0.67,-0.5173577175805362,3.172327033679675,,,,0,6,Top,,,,,,,-11.70666273333542,-144.11771389055687,-3.6727120150660855,21.024079357041373,35.13631130579583,-22.118521526371808,3.162081693,1.595816929,,,,98.5,2176.0,6.1,823292,666023,664034,823550,592518,593428,657757,701538,665487,54.38,,,,,,,,41,2,Sinker,1,1,1,1,1,1,1,1,Standard,Strategic,137.0,0.007,-0.055,,,,,0.055,,0,0,0.495,0.505,27,28,27,28,1,2,2.0,1.0,2.0,1.0,1.66,1.31,-1.31,39.8,,,,,,Sinker,False
SI,2026-06-06,99.3,2.5,5.98,"Morejon, Adrian",666182,670970,,ball,,,,,11.0,,R,R,L,SD,NYM,B,,,0,0,2026,1.34,0.57,-0.92301870363731,3.1475494476881187,,,,0,6,Top,,,,,,,-12.366562101193288,-143.94645048062011,-3.4291258781785583,21.59942211442375,36.327252598771096,-23.5453457358568,3.162081693,1.595816929,,,,98.4,2299.0,6.2,823292,666023,664034,823550,592518,593428,657757,701538,665487,54.31,,,,,,,,41,1,Sinker,1,1,1,1,1,1,1,1,Standard,Strategic,146.0,-0.005,0.042,,,,,-0.042,,0,0,0.5,0.5,27,28,27,28,1,2,2.0,1.0,2.0,1.0,1.77,1.34,-1.34,41.3,,,,,,Sinker,False
SI,2026-06-04,99.1,2.38,6.12,"Morejon, Adrian",664761,670970,single,hit_into_play,,,,,7.0,Alec Bohm singles on a ground ball to center fielder Jackson Merrill. Bryce Harper scores. Brandon Marsh to 2nd.,R,R,L,PHI,SD,X,8.0,ground_ball,3,2,2026,1.25,0.8,-0.4933404446300036,2.1383219274877865,,547180.0,669016.0,1,7,Bot,118.24,86.61,,,,,-10.678207310354916,-143.91703004845937,-7.127820922393301,19.7438572172843,31.76005443975243,-19.531405138806026,3.406938976,1.719389764,137.0,87.2,8.0,99.0,2441.0,6.2,823457,666023,664034,665487,592518,593428,657757,701538,669369,54.26,0.477,0.451,0.9,1.0,1.0,0.0,4.0,57,8,Sinker,5,2,5,2,2,6,6,2,Standard,Standard,138.0,0.023,0.403,69.3,7.1,,0.542,-0.403,88.0,3,3,0.952,0.952,27,29,27,30,1,3,4.0,1.0,2.0,1.0,1.52,1.25,-1.25,43.4,-1.4006967872081324,2.1963312146432874,39.38044857788183,32.062199116156535,21.69882186932189,Sinker,True
SI,2026-06-04,99.5,2.5,6.16,"Morejon, Adrian",664761,670970,,foul,,,,,2.0,,R,R,L,PHI,SD,S,,,3,2,2026,0.98,0.6,-0.1555704989762555,3.2209916642294143,,547180.0,669016.0,1,7,Bot,,,,,,,-9.480200066543844,-144.62379403018755,-3.908019943572558,15.904403988542253,31.205864669134428,-23.05574414360037,3.406938976,1.719389764,243.0,79.2,27.0,99.2,2391.0,6.0,823457,666023,664034,665487,592518,593428,657757,701538,669369,54.46,,,,,,,,57,7,Sinker,5,2,5,2,2,5,5,2,Standard,Standard,139.0,0.0,0.0,65.7,5.5,,,0.0,88.0,3,3,0.952,0.952,27,29,27,30,1,3,4.0,1.0,2.0,1.0,1.7,0.98,-0.98,40.9,-10.124754971401096,45.506584584614714,27.658246227097848,35.56060014841292,8.618876529667068,Sinker,False
SI,2026-06-04,100.2,2.5,6.16,"Morejon, Adrian",664761,670970,,ball,,,,,11.0,,R,R,L,PHI,SD,B,,,2,2,2026,1.26,0.57,-0.948703690564782,2.668928801991663,,547180.0,669016.0,1,7,Bot,,,,,,,-12.363859165439006,-145.3548052194526,-5.388085980685386,20.632959226660788,32.69736403200017,-23.031501507255697,3.406938976,1.719389764,,,,100.0,2328.0,6.2,823457,666023,664034,665487,592518,593428,657757,701538,669369,54.25,,,,,,,,57,6,Sinker,5,2,5,2,2,5,5,2,Standard,Standard,139.0,0.003,0.093,,,,,-0.093,,3,3,0.949,0.949,27,29,27,30,1,3,4.0,1.0,2.0,1.0,1.71,1.26,-1.26,40.9,,,,,,Sinker,False
FF,2026-06-04,99.6,2.38,6.19,"Morejon, Adrian",664761,670970,,foul,,,,,11.0,,R,R,L,PHI,SD,S,,,2,2,2026,0.31,1.14,-1.5268221790655907,3.529020735594608,,547180.0,669016.0,1,7,Bot,,,,,,,-11.293194261310395,-144.61247447078537,-4.432094471269666,6.898940713737703,32.531442104375145,-15.330938579343014,3.406938976,1.719389764,,,,99.5,2481.0,6.3,823457,666023,664034,665487,592518,593428,657757,701538,669369,54.23,,,,,,,,57,5,4-Seam Fastball,5,2,5,2,2,5,5,2,Standard,Standard,153.0,0.0,0.0,,,,,0.0,,3,3,0.949,0.949,27,29,27,30,1,3,4.0,1.0,2.0,1.0,1.16,0.31,-0.31,46.2,,,,,,Four-seam,False
SI,2026-06-04,99.4,2.46,6.15,"Morejon, Adrian",664761,670970,,foul,,,,,4.0,,R,R,L,PHI,SD,S,,,2,1,2026,1.2,0.76,-0.5428924190278004,2.7788339853184185,,547180.0,669016.0,1,7,Bot,,,,,,,-10.940656912493427,-144.37667387884656,-5.409940144850373,19.282125847689777,31.90700063197916,-20.48618882523061,3.406938976,1.719389764,156.0,73.2,63.0,99.2,2414.0,6.2,823457,666023,664034,665487,592518,593428,657757,701538,669369,54.32,,,,,,,,57,4,Sinker,5,2,5,2,2,5,5,2,Standard,Standard,135.0,-0.002,-0.067,67.4,6.7,,,0.067,88.0,3,3,0.951,0.951,27,29,27,30,1,3,4.0,1.0,2.0,1.0,1.55,1.2,-1.2,41.1,-2.855325387532214,2.8622458021803916,29.770698728105216,31.855910866469152,22.813259715077265,Sinker,False
CH,2026-06-04,92.2,2.66,6.13,"Morejon, Adrian",664761,670970,,blocked_ball,,,,,13.0,,R,R,L,PHI,SD,B,,,1,1,2026,0.97,0.01,-1.2338428257595708,1.0587653619645825,,547180.0,669016.0,1,7,Bot,,,,,,,-11.852411392430447,-133.66810921574293,-6.752358374974522,14.225385802872928,28.56647279774577,-30.75119001223571,3.406938976,1.719389764,,,,91.8,990.0,6.2,823457,666023,664034,665487,592518,593428,657757,701538,669369,54.27,,,,,,,,57,3,Changeup,5,2,5,2,2,5,5,2,Standard,Standard,108.0,0.001,0.061,,,,,-0.061,,3,3,0.95,0.95,27,29,27,30,1,3,4.0,1.0,2.0,1.0,2.69,0.97,-0.97,42.8,,,,,,Changeup,False
SI,2026-06-04,99.6,2.41,6.17,"Morejon, Adrian",664761,670970,,ball,,,,,11.0,,R,R,L,PHI,SD,B,,,0,1,2026,1.35,0.79,-1.0804138370271752,2.574156615071422,,547180.0,669016.0,1,7,Bot,,,,,,,-12.621133577525011,-144.52110813709132,-6.112738976151686,21.77817224044411,32.405849654202854,-19.82718714667192,3.406938976,1.719389764,,,,99.4,2399.0,6.3,823457,666023,664034,665487,592518,593428,657757,701538,669369,54.23,,,,,,,,57,2,Sinker,5,2,5,2,2,5,5,2,Standard,Standard,137.0,0.001,0.027,,,,,-0.027,,3,3,0.949,0.949,27,29,27,30,1,3,4.0,1.0,2.0,1.0,1.52,1.35,-1.35,40.0,,,,,,Sinker,False
SI,2026-06-04,99.2,2.58,6.22,"Morejon, Adrian",664761,670970,,foul,,,,,2.0,,R,R,L,PHI,SD,S,,,0,0,2026,1.41,0.59,0.1008266439607759,3.069353756690626,,547180.0,669016.0,1,7,Bot,,,,,,,-10.037746493591683,-144.12695040797513,-4.373658218508816,22.030898809595175,33.184856369532106,-23.138721788397163,3.406938976,1.719389764,257.0,92.0,18.0,99.1,2404.0,6.3,823457,666023,664034,665487,592518,593428,657757,701538,669369,54.21,,,,,,,,57,1,Sinker,5,2,5,2,2,5,5,2,Standard,Standard,144.0,-0.001,-0.041,69.1,5.9,,,0.041,92.0,3,3,0.95,0.95,27,29,27,30,1,3,4.0,1.0,2.0,1.0,1.73,1.41,-1.41,42.4,0.9077224650969492,35.56089001011427,27.535400932163384,40.17257592351861,10.79874049074488,Sinker,False
SI,2026-06-04,100.0,2.48,6.1,"Morejon, Adrian",669016,670970,fielders_choice,hit_into_play,,,,,6.0,"Brandon Marsh reaches on a fielder's choice, fielded by first baseman Ty France. Trea Turner scores. Bryce Harper to 2nd.",R,L,L,PHI,SD,X,3.0,ground_ball,0,0,2026,1.47,0.63,0.743094486146697,2.702366218553955,607208.0,,547180.0,1,7,Bot,144.4,176.37,,,,,-8.228742394034894,-145.2792419882989,-5.212436127999361,22.802234247064497,37.2297498736243,-22.13134202394981,3.312155512,1.671555118,2.0,78.4,-48.0,99.4,2506.0,6.3,823457,666023,664034,665487,592518,593428,657757,701538,669369,54.25,0.136,0.122,0.9,1.0,0.0,0.0,2.0,56,1,Sinker,4,2,4,2,2,5,5,2,Strategic,Standard,151.0,0.031,0.437,70.1,6.3,,0.139,-0.437,88.0,2,2,0.919,0.919,27,28,27,29,1,3,4.0,1.0,2.0,1.0,1.67,1.47,1.47,41.0,-3.0010936420538528,12.87986416909086,36.716213223596114,33.71804640860678,15.860320183305747,Sinker,True
SL,2026-06-04,87.6,2.84,5.97,"Morejon, Adrian",547180,670970,single,hit_into_play,,,,,8.0,"Bryce Harper singles on a line drive to catcher Freddy Fermin, deflected by pitcher Adrian Morejon. Trea Turner to 3rd.",R,L,L,PHI,SD,X,1.0,line_drive,1,2,2026,-0.64,-0.4,0.0571782740160005,1.8231988686164728,,607208.0,,1,7,Bot,124.24,177.89,,,,,-5.279208626960977,-127.55279221938842,-2.786623530226803,-5.86628461789672,27.11625179105809,-36.13681338205499,3.26476378,1.647637795,79.0,102.4,3.0,87.2,2883.0,6.1,823457,666023,664034,665487,592518,593428,657757,701538,669369,54.39,0.54,0.503,0.9,1.0,1.0,0.0,4.0,55,4,Slider,4,2,4,2,2,4,4,2,Strategic,Standard,288.0,0.027,0.632,75.1,6.8,,0.611,-0.632,102.4,2,2,0.892,0.892,27,33,27,34,1,3,4.0,1.0,2.0,1.0,3.37,-0.64,-0.64,37.6,2.1564955544253976,6.443242201578422,40.40124337704411,37.175696287154736,30.728752887134156,Slider,True
SL,2026-06-04,88.6,2.64,5.96,"Morejon, Adrian",547180,670970,,swinging_strike,,,,,8.0,,R,L,L,PHI,SD,S,,,1,1,2026,-0.54,-0.45,0.0754662259391789,1.837935822802149,,607208.0,,1,7,Bot,,,,,,,-5.032880205456545,-129.0172701612214,-2.883034815610901,-5.093582746393269,24.12240789802067,-36.89222316882077,3.26476378,1.647637795,,,,88.9,2891.0,6.2,823457,666023,664034,665487,592518,593428,657757,701538,669369,54.31,,,,,,,,55,3,Slider,4,2,4,2,2,4,4,2,Strategic,Standard,295.0,-0.004,-0.071,72.8,8.4,1.831772952,,0.071,,2,2,0.896,0.896,27,33,27,34,1,3,4.0,1.0,2.0,1.0,3.33,-0.54,-0.54,36.8,28.6974797737232,-30.260560904296614,32.298673529345095,37.5113527542872,48.41821187751216,Slider,False
SI,2026-06-04,99.3,2.41,6.15,"Morejon, Adrian",547180,670970,,ball,,,,,12.0,,R,L,L,PHI,SD,B,,,0,1,2026,1.25,0.5,0.2317836536857045,4.284190212268505,,,607208.0,1,7,Bot,,,,,,,-8.839204499716644,-144.334358122035,-0.7285460352598763,19.52239392577274,32.565056804991116,-25.202804739643742,3.26476378,1.647637795,,,,99.1,2446.0,6.2,823457,666023,664034,665487,592518,593428,657757,701538,669369,54.33,,,,,,,,55,2,Sinker,4,2,4,2,2,4,4,2,Infield shade,Standard,143.0,0.011,0.026,,,,,-0.026,,2,2,0.885,0.885,27,33,27,34,1,3,4.0,1.0,2.0,1.0,1.81,1.25,1.25,37.5,,,,,,Sinker,False
SI,2026-06-04,100.1,2.56,6.07,"Morejon, Adrian",547180,670970,,swinging_strike,,,,,5.0,,R,L,L,PHI,SD,S,,,0,0,2026,1.33,0.69,-0.0570562452113325,2.752123072179938,,,607208.0,1,7,Bot,,,,,,,-10.262462230943758,-145.35607296167186,-5.219110630146972,21.18080848925677,32.494436659257175,-21.320837348184934,3.26476378,1.647637795,,,,100.0,2393.0,6.2,823457,666023,664034,665487,592518,593428,657757,701538,669369,54.28,,,,,,,,55,1,Sinker,4,2,4,2,2,4,4,2,Infield shade,Standard,143.0,-0.002,-0.037,70.7,5.7,0.716910564,,0.037,,2,2,0.887,0.887,27,33,27,34,1,3,4.0,1.0,2.0,1.0,1.59,1.33,1.33,39.3,-14.381606233763964,40.28247278289498,39.57732927377956,40.78086670645179,6.967870125606735,Sinker,False
FF,2026-06-04,99.4,2.44,6.15,"Morejon, Adrian",607208,670970,single,hit_into_play,,,,,5.0,Trea Turner singles on a line drive to right fielder Bryce Johnson. Justin Crawford scores.,R,R,L,PHI,SD,X,9.0,line_drive,2,2,2026,0.28,1.07,-0.0055091475258551,2.520411066894244,702222.0,,,1,7,Bot,197.63,117.66,,,,,-7.272092541113486,-144.57837067758024,-6.88891264314859,5.506052058460339,31.883517384527774,-15.792139471577766,3.244578412,1.637450787,228.0,98.0,11.0,99.5,2505.0,6.2,823457,666023,664034,665487,592518,593428,657757,701538,669369,54.26,0.834,0.821,0.9,1.0,1.0,0.0,4.0,54,5,4-Seam Fastball,3,2,3,2,2,4,4,2,Strategic,Standard,150.0,0.057,0.563,66.8,6.6,,1.03,-0.563,98.0,1,1,0.83,0.83,27,33,27,33,1,3,4.0,1.0,2.0,1.0,1.23,0.28,-0.28,43.2,-3.11269721318767,25.2604286822809,28.143040166814288,38.07200566418982,11.837671269652876,Four-seam,True
CH,2026-06-04,92.2,2.69,6.1,"Morejon, Adrian",607208,670970,,called_strike,,,,,3.0,,R,R,L,PHI,SD,S,,,2,1,2026,0.16,0.2,0.5979010096105171,3.0893163897068856,702222.0,,,1,7,Bot,,,,,,,-5.581241339066987,-134.16511478698587,-2.0545959734201444,3.1194137162553415,29.515886111006353,-29.577759758735027,3.244578412,1.637450787,,,,91.9,901.0,6.2,823457,666023,664034,665487,592518,593428,657757,701538,669369,54.33,,,,,,,,54,4,Changeup,3,2,3,2,2,3,3,2,Strategic,Standard,111.0,-0.01,-0.114,,,,,0.114,,1,1,0.84,0.84,27,33,27,33,1,3,4.0,1.0,2.0,1.0,2.49,0.16,-0.16,41.1,,,,,,Changeup,False
CH,2026-06-04,92.4,2.72,6.2,"Morejon, Adrian",607208,670970,,called_strike,,,,,3.0,,R,R,L,PHI,SD,S,,,2,0,2026,0.44,0.16,0.7472394533772704,2.811772057569216,702222.0,,,1,7,Bot,,,,,,,-5.919386785882667,-134.51863879453134,-2.9829792720722734,6.559851705197603,28.21234168084958,-29.76343197108085,3.244578412,1.637450787,,,,92.4,1069.0,6.2,823457,666023,664034,665487,592518,593428,657757,701538,669369,54.33,,,,,,,,54,3,Changeup,3,2,3,2,2,3,3,2,Strategic,Standard,110.0,-0.001,-0.064,,,,,0.064,,1,1,0.841,0.841,27,33,27,33,1,3,4.0,1.0,2.0,1.0,2.5,0.44,-0.44,40.0,,,,,,Changeup,False
CH,2026-06-04,91.6,2.67,6.1,"Morejon, Adrian",607208,670970,,ball,,,,,12.0,,R,R,L,PHI,SD,B,,,1,0,2026,0.37,-0.38,0.4154583004230334,4.364989230368486,702222.0,,,1,7,Bot,,,,,,,-6.410353436983454,-133.20006861520315,2.44831605253197,5.773931393669379,27.92494589176432,-37.4161502065338,3.244578412,1.637450787,,,,91.3,916.0,6.1,823457,666023,664034,665487,592518,593428,657757,701538,669369,54.38,,,,,,,,54,2,Changeup,3,2,3,2,2,3,3,2,Strategic,Standard,111.0,0.001,0.032,,,,,-0.032,,1,1,0.84,0.84,27,33,27,33,1,3,4.0,1.0,2.0,1.0,3.09,0.37,-0.37,42.2,,,,,,Changeup,False
SI,2026-06-04,100.2,2.52,6.14,"Morejon, Adrian",607208,670970,,ball,,,,,11.0,,R,R,L,PHI,SD,B,,,0,0,2026,1.19,0.77,-0.3327123817241517,4.829284542091944,702222.0,,,1,7,Bot,,,,,,,-10.5789416585856,-145.65976411410762,0.0041591362671307,19.37801977432123,32.33330326163866,-21.331596915135776,3.244578412,1.637450787,,,,100.0,2431.0,6.1,823457,666023,664034,665487,592518,593428,657757,701538,669369,54.36,,,,,,,,54,1,Sinker,3,2,3,2,2,3,3,2,Strategic,Standard,137.0,0.001,0.023,,,,,-0.023,,1,1,0.839,0.839,27,33,27,33,1,3,4.0,1.0,2.0,1.0,1.49,1.19,-1.19,39.0,,,,,,Sinker,False
SI,2026-06-04,100.2,2.43,6.01,"Morejon, Adrian",656941,670970,field_out,hit_into_play,,,,,7.0,"Kyle Schwarber grounds out, shortstop Xander Bogaerts to first baseman Ty France.",R,L,L,PHI,SD,X,6.0,ground_ball,2,2,2026,1.17,0.42,-0.3253455434904533,2.0690696753411535,702222.0,,,0,7,Bot,118.24,155.07,,,,,-10.265802697507237,-145.5422906056412,-6.302427307736613,18.8940975425271,31.63488025850939,-24.924184125076646,3.180511811,1.60511811,5.0,106.4,-24.0,100.2,2308.0,6.2,823457,666023,664034,665487,592518,593428,657757,701538,669369,54.25,0.124,0.112,0.0,1.0,0.0,0.0,2.0,53,5,Sinker,3,2,3,2,2,3,3,2,Strategic,Standard,139.0,-0.025,-0.228,70.7,6.5,,0.133,0.228,106.4,1,1,0.864,0.864,27,33,27,33,1,3,4.0,1.0,2.0,1.0,1.85,1.17,1.17,37.1,2.3441819599942257,18.306348475235332,23.460424110315856,39.70913336299888,19.44806722028433,Sinker,True
SL,2026-06-04,90.1,3.03,5.96,"Morejon, Adrian",656941,670970,,foul,,,,,2.0,,R,L,L,PHI,SD,S,,,2,1,2026,-0.46,0.01,0.2160813915940909,2.714840782064553,702222.0,,,0,7,Bot,,,,,,,-5.886962430978871,-131.15390902054355,-1.878243026383971,-4.049041117057884,28.89210961279872,-31.859691832649865,3.180511811,1.60511811,200.0,72.7,49.0,89.9,2993.0,6.2,823457,666023,664034,665487,592518,593428,657757,701538,669369,54.29,,,,,,,,53,4,Slider,3,2,3,2,2,3,3,2,Strategic,Standard,275.0,-0.006,-0.11,77.4,7.1,,,0.11,88.0,1,1,0.87,0.87,27,33,27,33,1,3,4.0,1.0,2.0,1.0,2.8,-0.46,-0.46,35.8,9.77208676035003,-0.6407045644208926,28.29154098135452,34.636084057115255,30.946312596703628,Slider,False
SI,2026-06-04,100.3,2.52,6.16,"Morejon, Adrian",656941,670970,,ball,,,,,11.0,,R,L,L,PHI,SD,B,,,1,1,2026,1.36,0.64,-0.6567946163774896,3.496689518653975,702222.0,,,0,7,Bot,,,,,,,-11.874545876289089,-145.4965316226687,-3.278952584609864,22.252491149473865,36.57924830084543,-22.487989471511483,3.180511811,1.60511811,,,,99.5,2531.0,6.2,823457,666023,664034,665487,592518,593428,657757,701538,669369,54.31,,,,,,,,53,3,Sinker,3,2,3,2,2,3,3,2,Strategic,Standard,143.0,0.003,0.059,,,,,-0.059,,1,1,0.867,0.867,27,33,27,33,1,3,4.0,1.0,2.0,1.0,1.65,1.36,1.36,43.7,,,,,,Sinker,False
SI,2026-06-04,100.0,2.57,6.05,"Morejon, Adrian",656941,670970,,foul_tip,,,,,5.0,,R,L,L,PHI,SD,S,,,1,0,2026,1.45,0.65,0.0544580615363712,2.4974986015874885,702222.0,,,0,7,Bot,,,,,,,-10.295375089678188,-145.0467308527039,-5.655600166480385,22.967644633884714,37.2994251798002,-21.791356029750748,3.180511811,1.60511811,,,,99.3,2547.0,6.3,823457,666023,664034,665487,592518,593428,657757,701538,669369,54.22,,,,,,,,53,2,Sinker,3,2,3,2,2,3,3,2,Strategic,Standard,145.0,-0.003,-0.025,76.5,6.9,,,0.025,,1,1,0.87,0.87,27,33,27,33,1,3,4.0,1.0,2.0,1.0,1.66,1.45,1.45,41.0,4.20285910613,17.747494616472753,30.506671058060473,37.28626058498384,19.83200865887866,Sinker,False
SL,2026-06-04,87.7,2.92,6.04,"Morejon, Adrian",656941,670970,,ball,,,,,3.0,,R,L,L,PHI,SD,B,,,0,0,2026,-0.39,-0.08,0.7074346765065815,3.023407339463386,,,702222.0,0,7,Bot,,,,,,,-4.459896299881524,-127.6321660471579,-0.7776401225230329,-3.274832558138002,26.866110992031594,-33.117004870221145,3.180511811,1.60511811,,,,87.4,2729.0,6.2,823457,666023,664034,665487,592518,593428,657757,701538,669369,54.34,,,,,,,,53,1,Slider,3,2,3,2,2,3,3,2,Infield shade,Standard,283.0,0.053,0.037,,,,,-0.037,,1,1,0.817,0.817,27,33,27,33,1,3,4.0,1.0,2.0,1.0,3.05,-0.39,-0.39,35.7,,,,,,Slider,False
SI,2026-06-04,98.9,2.83,6.07,"Morejon, Adrian",702222,670970,walk,ball,,,,,14.0,Justin Crawford walks.,R,L,L,PHI,SD,B,,,3,1,2026,1.34,0.53,0.2097144999415923,1.07530027393363,,,,0,7,Bot,,,,,,,-10.197986911118967,-143.36475400823184,-9.076687491876283,20.93437250124278,34.5136576326309,-22.796060423246267,3.278805774,1.654724409,,,,98.3,2434.0,6.3,823457,666023,664034,665487,592518,593428,657757,701538,669369,54.25,,0.698418,0.7,1.0,0.0,0.0,,52,5,Sinker,3,2,3,2,2,3,3,2,Standard,Standard,142.0,0.017,0.258,,,,,-0.258,,1,1,0.8,0.8,27,22,27,22,1,2,4.0,1.0,2.0,2.0,1.83,1.34,1.34,42.5,,,,,,Sinker,True
SI,2026-06-04,99.2,2.73,6.12,"Morejon, Adrian",702222,670970,,called_strike,,,,,8.0,,R,L,L,PHI,SD,S,,,3,0,2026,1.28,0.61,-0.209150158631713,1.842843728590587,,,,0,7,Bot,,,,,,,-10.910572421701657,-143.9392714898302,-7.455362181707005,20.23748238145705,31.85067281986515,-22.140291255832025,3.278805774,1.654724409,,,,98.8,2377.0,6.1,823457,666023,664034,665487,592518,593428,657757,701538,669369,54.36,,,,,,,,52,4,Sinker,3,2,3,2,2,3,3,2,Standard,Standard,146.0,-0.006,-0.084,,,,,0.084,,1,1,0.806,0.806,27,22,27,22,1,2,4.0,1.0,2.0,2.0,1.71,1.28,1.28,42.6,,,,,,Sinker,False
SI,2026-06-04,98.3,2.92,6.12,"Morejon, Adrian",702222,670970,,ball,,,,,14.0,,R,L,L,PHI,SD,B,,,2,0,2026,1.35,0.84,1.254436896759513,0.6379045744302438,,,,0,7,Bot,,,,,,,-7.581074761867288,-142.55823325010425,-10.96174255561758,20.122640390738272,33.774366737853846,-18.301442439585177,3.278805774,1.654724409,,,,97.5,2330.0,6.1,823457,666023,664034,665487,592518,593428,657757,701538,669369,54.4,,,,,,,,52,3,Sinker,3,2,3,2,2,3,3,2,Standard,Standard,137.0,0.009,0.148,,,,,-0.148,,1,1,0.797,0.797,27,22,27,22,1,2,4.0,1.0,2.0,2.0,1.54,1.35,1.35,38.9,,,,,,Sinker,False
SI,2026-06-04,97.7,2.81,6.09,"Morejon, Adrian",702222,670970,,ball,,,,,3.0,,R,L,L,PHI,SD,B,,,1,0,2026,1.16,0.7,0.6474737622827009,3.330894793932619,,,,0,7,Bot,,,,,,,-8.433030868550507,-141.9011252892587,-3.2841666921117816,17.643411052944405,35.951011039949314,-22.17595195250554,3.278805774,1.654724409,,,,96.8,2371.0,6.1,823457,666023,664034,665487,592518,593428,657757,701538,669369,54.36,,,,,,,,52,2,Sinker,3,2,3,2,2,3,3,2,Standard,Standard,141.0,0.005,0.082,,,,,-0.082,,1,1,0.792,0.792,27,22,27,22,1,2,4.0,1.0,2.0,2.0,1.72,1.16,1.16,36.3,,,,,,Sinker,False
SI,2026-06-04,99.3,2.83,6.14,"Morejon, Adrian",702222,670970,,ball,,,,,1.0,,R,L,L,PHI,SD,B,,,0,0,2026,1.09,0.72,-0.6116651517228686,2.859823649927403,,,,0,7,Bot,,,,,,,-11.833581093543096,-144.04530980804736,-4.990361871567225,18.021480787958687,35.98451299891889,-21.17186699847443,3.278805774,1.654724409,,,,98.6,2361.0,6.2,823457,666023,664034,665487,592518,593428,657757,701538,669369,54.27,,,,,,,,52,1,Sinker,3,2,3,2,2,3,3,2,Standard,Standard,145.0,0.003,0.042,,,,,-0.042,,1,1,0.789,0.789,27,22,27,22,1,2,4.0,1.0,2.0,2.0,1.62,1.09,1.09,39.2,,,,,,Sinker,False
SI,2026-05-31,99.7,2.85,5.99,"Morejon, Adrian",678554,670970,field_out,hit_into_play,,,,,8.0,Curtis Mead flies out to right fielder Fernando Tatis Jr.,R,R,L,WSH,SD,X,9.0,fly_ball,1,1,2026,1.16,0.9,-0.1274575042841776,1.8460329658690664,695578.0,665953.0,,2,7,Bot,200.46,99.1,,,,,-10.80263857636923,-144.71319518012135,-7.955486560104352,18.678774500770473,28.75676649901055,-17.86346819415605,3.247211286,1.638779528,308.0,91.8,32.0,100.0,2306.0,6.3,822729,660710,664034,823550,592518,593428,592206,701538,665487,54.25,0.054,0.08,0.0,1.0,0.0,0.0,3.0,58,3,Sinker,4,2,4,2,2,4,4,2,Standard,Standard,118.0,-0.026,-0.251,,,,0.151,0.251,91.8,2,2,0.888,0.888,27,25,27,26,1,3,2.0,1.0,4.0,1.0,1.38,1.16,-1.16,39.6,,,,,,Sinker,True
FF,2026-05-31,100.6,2.67,6.13,"Morejon, Adrian",678554,670970,,ball,,,,,12.0,,R,R,L,WSH,SD,B,,,0,1,2026,0.84,1.25,1.1445072674751355,3.887779033500519,695578.0,665953.0,,2,7,Bot,,,,,,,-6.206089983669474,-146.5301176570621,-3.780574140715836,13.487766408066358,30.136032264455757,-13.406170898540354,3.247211286,1.638779528,,,,101.2,2526.0,6.3,822729,660710,664034,823550,592518,593428,592206,701538,665487,54.24,,,,,,,,58,2,4-Seam Fastball,4,2,4,2,2,4,4,2,Standard,Standard,136.0,0.003,0.023,,,,,-0.023,,2,2,0.885,0.885,27,25,27,26,1,3,2.0,1.0,4.0,1.0,0.98,0.84,-0.84,41.4,,,,,,Four-seam,False
SI,2026-05-31,101.3,2.57,6.12,"Morejon, Adrian",678554,670970,,called_strike,,,,,1.0,,R,R,L,WSH,SD,S,,,0,0,2026,1.19,0.98,-0.6223724271323336,2.9037608770063836,695578.0,665953.0,,2,7,Bot,,,,,,,-11.684035289473512,-147.20263835494427,-5.950477065363238,19.86757001927061,28.76230939995344,-16.59150854991195,3.247211286,1.638779528,,,,102.1,2382.0,6.4,822729,660710,664034,823550,592518,593428,592206,701538,665487,54.1,,,,,,,,58,1,Sinker,4,2,4,2,2,4,4,2,Standard,Standard,121.0,-0.004,-0.03,,,,,0.03,,2,2,0.889,0.889,27,25,27,26,1,3,2.0,1.0,4.0,1.0,1.21,1.19,-1.19,42.7,,,,,,Sinker,False
CH,2026-05-31,92.8,2.75,6.12,"Morejon, Adrian",665953,670970,double,hit_into_play,,,,,13.0,Andrés Chaparro doubles (2) on a ground ball to left fielder Nick Castellanos. Nasim Nuñez scores. James Wood to 3rd.,R,R,L,WSH,SD,X,7.0,ground_ball,0,1,2026,0.98,0.26,-0.1564979238015373,1.4129752463690148,683083.0,,695578.0,2,7,Bot,67.35,137.39,,,,,-9.483174898915273,-134.80869260793912,-6.610456169920508,13.867259842055724,25.71625737724179,-27.858017854223583,3.205085302,1.617519685,53.0,86.4,2.0,93.1,1062.0,6.3,822729,660710,664034,823550,592518,593428,592206,701538,665487,54.23,0.256,0.234,1.25,1.0,1.0,1.0,2.0,57,2,Changeup,3,2,3,2,2,4,4,2,Standard,Standard,110.0,0.107,0.902,76.7,7.8,,0.298,-0.902,88.0,1,1,0.782,0.782,27,27,27,27,1,0,2.0,1.0,4.0,6.0,2.37,0.98,-0.98,40.7,14.676854479191425,-21.00338593998751,35.363954574268874,35.76853748216882,35.245857581623945,Changeup,True
SI,2026-05-31,100.0,2.69,6.04,"Morejon, Adrian",665953,670970,,called_strike,,,,,1.0,,R,R,L,WSH,SD,S,,,0,0,2026,1.13,0.72,-0.5729472501738688,3.1037696434720914,683083.0,,695578.0,2,7,Bot,,,,,,,-11.5784072518804,-145.32952376228425,-4.2912640293166335,18.535463231075237,30.020635967541132,-21.1514473473494,3.205085302,1.617519685,,,,100.5,2438.0,6.3,822729,660710,664034,823550,592518,593428,592206,701538,665487,54.15,,,,,,,,57,1,Sinker,3,2,3,2,2,3,3,2,Standard,Standard,136.0,-0.007,-0.029,,,,,0.029,,1,1,0.789,0.789,27,27,27,27,1,0,2.0,1.0,4.0,6.0,1.55,1.13,-1.13,39.0,,,,,,Sinker,False
SI,2026-05-31,100.0,2.66,6.07,"Morejon, Adrian",695578,670970,force_out,hit_into_play,,,,,6.0,"James Wood grounds into a force out, third baseman Manny Machado to shortstop Xander Bogaerts. Nasim Nuñez to 3rd. Keibert Ruiz out at 2nd. James Wood to 1st.",R,L,L,WSH,SD,X,5.0,ground_ball,2,2,2026,1.21,0.92,0.3307907211973213,2.7507457496392047,,683083.0,660688.0,1,7,Bot,107.21,170.07,,,,,-9.221432707777568,-145.307875724483,-5.780138076782741,19.208411355501195,30.770485323614167,-18.021824123987123,3.488558071,1.760580709,94.0,66.5,8.0,100.2,2468.0,6.3,822729,660710,664034,823550,592518,593428,592206,701538,665487,54.24,0.219,0.204,0.0,1.0,0.0,0.0,2.0,56,8,Sinker,3,2,3,2,2,3,3,2,Standard,Standard,142.0,-0.025,-0.292,68.3,6.7,,0.244,0.292,88.0,1,1,0.814,0.814,27,23,27,24,1,3,2.0,1.0,4.0,1.0,1.35,1.21,1.21,39.0,-9.748700349111797,19.92712589731464,41.15179199836773,32.581877960275875,21.99517853786114,Sinker,True
SI,2026-05-31,100.2,2.59,6.09,"Morejon, Adrian",695578,670970,,foul,,,,,3.0,,R,L,L,WSH,SD,S,,,2,2,2026,1.22,0.7,0.4504710361457646,3.325598785375468,,683083.0,660688.0,1,7,Bot,,,,,,,-8.775439129555265,-145.71575658416,-3.794829914854436,19.43210425889705,31.66824280515748,-21.50398711954055,3.488558071,1.760580709,,,,100.5,2388.0,6.3,822729,660710,664034,823550,592518,593428,592206,701538,665487,54.19,,,,,,,,56,7,Sinker,3,2,3,2,2,3,3,2,Standard,Standard,136.0,0.0,0.0,75.0,6.5,,,0.0,,1,1,0.814,0.814,27,23,27,24,1,3,2.0,1.0,4.0,1.0,1.56,1.22,1.22,39.9,6.0526661050740405,9.27626006938891,31.995377262599497,31.62839454435123,27.66604914012941,Sinker,False
SL,2026-05-31,89.0,3.07,5.94,"Morejon, Adrian",695578,670970,,foul,,,,,14.0,,R,L,L,WSH,SD,S,,,2,2,2026,-0.41,-0.12,0.1405468912610603,1.5093374246428928,,683083.0,660688.0,1,7,Bot,,,,,,,-6.228581220570772,-129.56642197636452,-4.404661253175493,-3.4492329839858176,24.269665615946785,-32.83765111173832,3.488558071,1.760580709,1.0,66.8,-48.0,89.3,3065.0,6.2,822729,660710,664034,823550,592518,593428,592206,701538,665487,54.25,,,,,,,,56,6,Slider,3,2,3,2,2,3,3,2,Standard,Standard,291.0,0.0,0.0,63.0,7.8,,,0.0,88.0,1,1,0.814,0.814,27,23,27,24,1,3,2.0,1.0,4.0,1.0,2.97,-0.41,-0.41,38.4,10.91026722050098,1.515481721770327,41.45290320172078,33.86492626469594,32.07002211947396,Slider,False
FF,2026-05-31,99.5,2.58,6.22,"Morejon, Adrian",695578,670970,,ball,,,,,11.0,,R,L,L,WSH,SD,B,,,1,2,2026,0.55,1.34,-0.4038689907525253,4.116305872153243,,683083.0,660688.0,1,7,Bot,,,,,,,-9.393958741001088,-144.75677552247984,-3.4602318445290994,9.811960218125868,30.533062631063288,-12.565460958757196,3.488558071,1.760580709,,,,99.8,2529.0,6.2,822729,660710,664034,823550,592518,593428,592206,701538,665487,54.26,,,,,,,,56,5,4-Seam Fastball,3,2,3,2,2,3,3,2,Standard,Standard,146.0,0.006,0.059,,,,,-0.059,,1,1,0.808,0.808,27,23,27,24,1,3,2.0,1.0,4.0,1.0,0.94,0.55,0.55,48.1,,,,,,Four-seam,False
FF,2026-05-31,99.0,2.65,6.21,"Morejon, Adrian",695578,670970,,foul,,,,,12.0,,R,L,L,WSH,SD,S,,,1,2,2026,0.56,1.21,0.4603036371830632,3.76369517728299,,683083.0,660688.0,1,7,Bot,,,,,,,-7.242955727733915,-144.194313506939,-4.046767017846933,9.359895648079576,28.2886801285948,-14.4204209997613,3.488558071,1.760580709,,,,99.7,2424.0,6.3,822729,660710,664034,823550,592518,593428,592206,701538,665487,54.2,,,,,,,,56,4,4-Seam Fastball,3,2,3,2,2,3,3,2,Standard,Standard,155.0,0.0,0.0,66.6,5.6,,,0.0,,1,1,0.808,0.808,27,23,27,24,1,3,2.0,1.0,4.0,1.0,1.08,0.56,0.56,42.4,-6.393892025706481,22.985509007890833,38.99797308062844,30.37225358794584,20.84708120515076,Four-seam,False
SI,2026-05-31,98.6,2.63,6.13,"Morejon, Adrian",695578,670970,,foul,,,,,3.0,,R,L,L,WSH,SD,S,,,1,1,2026,1.48,0.66,0.6367676976341057,3.2791981458316597,,683083.0,660688.0,1,7,Bot,,,,,,,-8.81305544482543,-143.37449356233572,-3.6680144020915098,22.399174810946807,31.983822119571624,-22.399074601915046,3.488558071,1.760580709,15.0,68.2,-11.0,98.6,2353.0,6.3,822729,660710,664034,823550,592518,593428,592206,701538,665487,54.23,,,,,,,,56,3,Sinker,3,2,3,2,2,3,3,2,Standard,Standard,120.0,-0.009,-0.064,65.7,5.4,,,0.064,88.0,1,1,0.817,0.817,27,23,27,24,1,3,2.0,1.0,4.0,1.0,1.68,1.48,1.48,39.8,-20.32179873883396,38.27127665856075,46.50945974611638,29.315355046220855,14.838517051828797,Sinker,False
SI,2026-05-31,99.3,2.58,6.12,"Morejon, Adrian",695578,670970,,swinging_strike,,,,,9.0,,R,L,L,WSH,SD,S,,,1,0,2026,1.44,0.75,0.4155996582633041,1.8795967921155297,,683083.0,660688.0,1,7,Bot,,,,,,,-9.254131862972008,-144.1863891326057,-7.7336801241465984,22.15070014482274,31.86362129241633,-20.07635262072819,3.488558071,1.760580709,,,,99.4,2096.0,6.3,822729,660710,664034,823550,592518,593428,592206,701538,665487,54.17,,,,,,,,56,2,Sinker,3,2,3,2,2,3,3,2,Standard,Standard,37.0,-0.007,-0.054,80.3,8.0,0.90922932,,0.054,,1,1,0.824,0.824,27,23,27,24,1,3,2.0,1.0,4.0,1.0,1.56,1.44,1.44,38.9,14.681788652693388,-1.703855342789359,41.82168643350579,31.53490859510208,35.038313524145444,Sinker,False
SL,2026-05-31,88.1,3.11,5.96,"Morejon, Adrian",695578,670970,,ball,,,,,14.0,,R,L,L,WSH,SD,B,,,0,0,2026,-0.1,0.02,0.5848296385715549,1.1649731719898573,,683083.0,660688.0,1,7,Bot,,,,,,,-5.834246316584165,-128.2213527171581,-5.3891452176467975,-0.0196154964128156,24.523398726779924,-31.08001646738899,3.488558071,1.760580709,,,,88.4,2829.0,6.3,822729,660710,664034,823550,592518,593428,592206,701538,665487,54.22,,,,,,,,56,1,Slider,3,2,3,2,2,3,3,2,Standard,Standard,288.0,0.005,0.04,,,,,-0.04,,1,1,0.819,0.819,27,23,27,24,1,3,2.0,1.0,4.0,1.0,2.9,-0.1,-0.1,36.8,,,,,,Slider,False
SI,2026-05-29,98.7,2.55,6.11,"Morejon, Adrian",695734,670970,field_out,hit_into_play,,,,,3.0,"Daylen Lile grounds out, pitcher Adrian Morejon to first baseman Ty France.",R,L,L,WSH,SD,X,1.0,ground_ball,1,0,2026,1.26,0.73,0.4935011627595136,2.8174996642766637,,,,0,8,Bot,129.2,179.97,,,,,-8.485596374847708,-143.4326880457551,-5.047990347782827,19.369941058698615,32.057204738985334,-21.04124538212433,3.180511811,1.60511811,10.0,86.2,-14.0,98.6,2451.0,6.2,822732,666023,664034,823550,592518,593428,657656,701538,665487,54.29,0.091,0.082,0.0,1.0,0.0,0.0,2.0,72,2,Sinker,5,7,5,7,7,5,5,7,Standard,Standard,144.0,-0.052,-0.302,66.2,6.1,,0.097,0.302,88.0,-2,-2,0.175,0.175,27,23,27,24,1,3,2.0,2.0,2.0,1.0,1.6,1.26,1.26,42.5,-9.475394952968273,12.79437668575782,38.0469090060812,29.681450312981372,21.744816802429597,Sinker,True
SI,2026-05-29,98.2,2.58,6.11,"Morejon, Adrian",695734,670970,,ball,,,,,13.0,,R,L,L,WSH,SD,B,,,0,0,2026,0.99,0.59,-1.445654804303161,2.302384966436576,,,,0,8,Bot,,,,,,,-13.04899898832921,-142.32623998315347,-5.969765585126195,16.395065324494805,30.812013174705793,-22.90279762115978,3.180511811,1.60511811,,,,98.1,2388.0,6.3,822732,666023,664034,823550,592518,593428,657656,701538,665487,54.19,,,,,,,,72,1,Sinker,5,7,5,7,7,5,5,7,Standard,Standard,145.0,0.008,0.042,,,,,-0.042,,-2,-2,0.167,0.167,27,23,27,24,1,3,2.0,2.0,2.0,1.0,1.78,0.99,0.99,39.7,,,,,,Sinker,False
SI,2026-05-29,100.3,2.41,6.04,"Morejon, Adrian",686611,670970,field_out,hit_into_play,,,,,4.0,"Dylan Crews grounds out, second baseman Fernando Tatis Jr. to first baseman Ty France.",R,R,L,WSH,SD,X,4.0,ground_ball,0,2,2026,1.42,0.55,-0.4519022679658036,2.292436887525053,,,,2,7,Bot,136.96,133.23,,,,,-11.226858095074896,-145.57734760594192,-6.063090088680334,22.808458843096325,34.686743097494634,-23.03945717134166,3.165592192,1.597588583,13.0,102.9,-9.0,100.2,2263.0,6.4,822732,666023,664034,665487,592518,593428,657757,701538,657656,54.08,0.332,0.305,0.0,1.0,0.0,0.0,2.0,65,3,Sinker,5,7,5,7,7,5,5,7,Standard,Standard,145.0,-0.01,-0.155,,,,0.344,0.155,102.9,-2,-2,0.148,0.148,27,24,27,24,1,3,2.0,3.0,2.0,1.0,1.73,1.42,-1.42,40.9,,,,,,Sinker,True
FF,2026-05-29,99.7,2.39,6.16,"Morejon, Adrian",686611,670970,,swinging_strike,,,,,1.0,,R,R,L,WSH,SD,S,,,0,1,2026,0.61,1.27,-0.7872510104112829,2.9566685336824245,,,,2,7,Bot,,,,,,,-10.080286392557364,-144.74849233262466,-6.240107846729517,10.913227501375289,33.312163289321425,-13.001404460434973,3.165592192,1.597588583,,,,99.7,2375.0,6.4,822732,666023,664034,665487,592518,593428,657757,701538,657656,54.12,,,,,,,,65,2,4-Seam Fastball,5,7,5,7,7,5,5,7,Standard,Standard,152.0,-0.004,-0.062,73.9,6.7,0.1,,0.062,,-2,-2,0.152,0.152,27,24,27,24,1,3,2.0,3.0,2.0,1.0,1.03,0.61,-0.61,43.2,6.390487639683884,7.593433707918904,31.05517407770375,26.77856704756661,20.41911374790385,Four-seam,False
SI,2026-05-29,101.1,2.43,6.07,"Morejon, Adrian",686611,670970,,called_strike,,,,,5.0,,R,R,L,WSH,SD,S,,,0,0,2026,1.4,0.73,-0.2151941688455052,2.374435795226346,,,,2,7,Bot,,,,,,,-10.674927185215726,-146.7255823545593,-6.515327655757796,22.767555131512328,35.06279329791088,-20.137681369156333,3.165592192,1.597588583,,,,101.0,2305.0,6.4,822732,666023,664034,665487,592518,593428,657757,701538,657656,54.08,,,,,,,,65,1,Sinker,5,7,5,7,7,5,5,7,Standard,Standard,145.0,-0.002,-0.045,,,,,0.045,,-2,-2,0.154,0.154,27,24,27,24,1,3,2.0,3.0,2.0,1.0,1.51,1.4,-1.4,39.1,,,,,,Sinker,False
SL,2026-05-29,90.0,3.07,5.93,"Morejon, Adrian",682928,670970,strikeout,called_strike,,,,,4.0,"Freddy Fermin challenged (pitch result), call on the field was overturned: CJ Abrams called out on strikes.",R,L,L,WSH,SD,S,2.0,,1,2,2026,-0.6,-0.24,-0.7382903005197837,2.3565007617087748,,,,1,7,Bot,,,,,,,-8.029069133986079,-130.9430128950496,-2.179280291067899,-5.253055935238651,26.631610605414014,-34.696948883791784,3.222637795,1.626377953,,,,90.2,2881.0,6.3,822732,666023,664034,665487,592518,593428,657757,701538,657656,54.19,,0.0,0.0,1.0,0.0,0.0,,64,4,Slider,5,7,5,7,7,5,5,7,Infield shade,Standard,290.0,-0.019,-0.182,,,,,0.182,,-2,-2,0.173,0.173,27,25,27,26,1,3,2.0,2.0,2.0,1.0,3.05,-0.6,-0.6,33.8,,,,,,Slider,True
SI,2026-05-29,99.9,2.61,6.06,"Morejon, Adrian",682928,670970,,called_strike,,,,,4.0,,R,L,L,WSH,SD,S,,,1,1,2026,1.42,0.99,-0.4041101132894538,2.347318445511353,,,,1,7,Bot,,,,,,,-11.548528350663265,-144.83576709412569,-6.950094364740402,22.6450216402682,33.8422261334634,-16.643307741325675,3.222637795,1.626377953,,,,99.7,2495.0,6.4,822732,666023,664034,665487,592518,593428,657757,701538,657656,54.14,,,,,,,,64,3,Sinker,5,7,5,7,7,5,5,7,Infield shade,Standard,142.0,-0.007,-0.07,,,,,0.07,,-2,-2,0.18,0.18,27,25,27,26,1,3,2.0,2.0,2.0,1.0,1.31,1.42,1.42,39.5,,,,,,Sinker,False
SL,2026-05-29,90.9,3.09,5.94,"Morejon, Adrian",682928,670970,,ball,,,,,14.0,,R,L,L,WSH,SD,B,,,0,1,2026,-0.5,-0.17,0.6714062301951775,1.4270513317560671,,,,1,7,Bot,,,,,,,-4.918590320570431,-132.43815144590505,-4.839820580271054,-4.9163496492197165,25.73183354686039,-33.470638020677434,3.222637795,1.626377953,,,,91.4,2895.0,6.3,822732,666023,664034,665487,592518,593428,657757,701538,657656,54.15,,,,,,,,64,2,Slider,5,7,5,7,7,5,5,7,Infield shade,Standard,285.0,0.003,0.032,,,,,-0.032,,-2,-2,0.177,0.177,27,25,27,26,1,3,2.0,2.0,2.0,1.0,2.9,-0.5,-0.5,37.2,,,,,,Slider,False
SI,2026-05-29,99.4,2.63,6.03,"Morejon, Adrian",682928,670970,,foul,,,,,2.0,,R,L,L,WSH,SD,S,,,0,0,2026,1.33,0.69,-0.152814431394699,2.744928053384265,,,,1,7,Bot,,,,,,,-10.70534039464878,-144.36955733681674,-5.041825846281977,21.09407428603652,32.09823810546383,-21.530326397773543,3.222637795,1.626377953,220.0,96.3,12.0,99.6,2433.0,6.4,822732,666023,664034,665487,592518,593428,657757,701538,657656,54.09,,,,,,,,64,1,Sinker,5,7,5,7,7,5,5,7,Infield shade,Standard,141.0,-0.004,-0.041,70.9,6.3,,,0.041,96.3,-2,-2,0.181,0.181,27,25,27,26,1,3,2.0,2.0,2.0,1.0,1.62,1.33,1.33,38.3,-2.9451742861592836,32.751930539271356,23.551258810776194,42.338475504332294,10.07034020841814,Sinker,False
CH,2026-05-29,92.7,2.91,6.02,"Morejon, Adrian",678554,670970,strikeout,swinging_strike,,,,,14.0,Curtis Mead strikes out swinging.,R,R,L,WSH,SD,S,2.0,,1,2,2026,1.02,0.27,0.6245295944767197,1.0406711955009094,,,,0,7,Bot,,,,,,,-8.012648946775322,-134.70305529402495,-7.289921095949792,14.09384345863432,27.283043755371008,-27.557661487153393,3.247211286,1.638779528,,,,92.9,1067.0,6.3,822732,666023,664034,665487,592518,593428,657757,701538,657656,54.19,,0.0,0.0,1.0,0.0,0.0,,63,4,Changeup,5,7,5,7,7,5,5,7,Standard,Standard,114.0,-0.028,-0.187,74.7,7.9,2.462115492,,0.187,,-2,-2,0.209,0.209,27,25,27,26,1,3,2.0,2.0,2.0,1.0,2.38,1.02,-1.02,38.2,12.700308788377184,-10.87949851013527,36.03387552795843,42.689810809686534,37.565172539417624,Changeup,True
FF,2026-05-29,99.0,2.67,6.2,"Morejon, Adrian",678554,670970,,ball,,,,,11.0,,R,R,L,WSH,SD,B,,,0,2,2026,0.51,1.03,-1.2195693343029037,3.14790424491231,,,,0,7,Bot,,,,,,,-11.673070301589291,-143.72053210136082,-5.156226563632607,9.64650239050868,30.551433339485577,-16.8458630727733,3.247211286,1.638779528,,,,99.1,2505.0,6.3,822732,666023,664034,665487,592518,593428,657757,701538,657656,54.22,,,,,,,,63,3,4-Seam Fastball,5,7,5,7,7,5,5,7,Standard,Standard,146.0,0.004,0.022,,,,,-0.022,,-2,-2,0.205,0.205,27,25,27,26,1,3,2.0,2.0,2.0,1.0,1.29,0.51,-0.51,42.2,,,,,,Four-seam,False
SI,2026-05-29,99.9,2.67,6.11,"Morejon, Adrian",678554,670970,,swinging_strike,,,,,5.0,,R,R,L,WSH,SD,S,,,0,1,2026,1.34,0.89,-0.2223882701353019,2.539132066235946,,,,0,7,Bot,,,,,,,-11.04988310799267,-144.9815507175786,-6.363253152910025,21.43060544842028,31.887900545753126,-18.216198649875057,3.247211286,1.638779528,,,,99.9,2296.0,6.3,822732,666023,664034,665487,592518,593428,657757,701538,657656,54.18,,,,,,,,63,2,Sinker,5,7,5,7,7,5,5,7,Standard,Standard,145.0,-0.01,-0.054,67.4,5.7,1.163875968,,0.054,,-2,-2,0.215,0.215,27,25,27,26,1,3,2.0,2.0,2.0,1.0,1.39,1.34,-1.34,39.7,-16.160123567831672,14.493399203002287,42.37678176163973,32.512742211087364,12.701496193974846,Sinker,False
SL,2026-05-29,89.2,3.16,6.03,"Morejon, Adrian",678554,670970,,called_strike,,,,,6.0,,R,R,L,WSH,SD,S,,,0,0,2026,-0.51,-0.09,0.6797479781878302,2.5617689135760298,,,,0,7,Bot,,,,,,,-4.919312827439308,-129.9674226244115,-2.176498010890132,-4.911733939948392,25.04383713794463,-32.95226559212266,3.247211286,1.638779528,,,,89.5,2890.0,6.2,822732,666023,664034,665487,592518,593428,657757,701538,657656,54.27,,,,,,,,63,1,Slider,5,7,5,7,7,5,5,7,Standard,Standard,285.0,-0.006,-0.041,,,,,0.041,,-2,-2,0.221,0.221,27,25,27,26,1,3,2.0,2.0,2.0,1.0,2.93,-0.51,0.51,39.0,,,,,,Slider,False
FF,2026-05-27,98.8,2.64,5.98,"Morejon, Adrian",547180,670970,field_out,hit_into_play,,,,,6.0,Bryce Harper lines out sharply to pitcher Adrian Morejon.,R,L,L,SD,PHI,X,1.0,line_drive,2,2,2026,0.75,1.19,0.2993751090043326,2.6423136497988264,,607208.0,,2,6,Top,125.14,173.83,,,,,-8.076127959808794,-143.66275509194736,-6.267506636348781,12.24170169883272,32.05315608994588,-14.430099592170915,3.26476378,1.647637795,94.0,99.3,5.0,99.1,2405.0,6.4,823295,666023,657757,665487,609280,593428,657656,701538,592206,54.09,0.574,0.54,0.0,1.0,0.0,0.0,4.0,41,5,4-Seam Fastball,0,2,2,0,2,0,2,0,Standard,Standard,146.0,0.024,-0.221,70.6,6.3,,0.641,0.221,99.3,-2,2,0.236,0.764,27,33,27,34,1,2,1.0,1.0,2.0,2.0,1.14,0.75,0.75,42.7,3.4902776683963443,10.416841066053289,35.845219825713244,34.34935363045845,26.611963663979903,Four-seam,True
SI,2026-05-27,99.4,2.75,5.87,"Morejon, Adrian",547180,670970,,called_strike,,,,,8.0,,R,L,L,SD,PHI,S,,,2,1,2026,1.19,1.14,-0.1771892300439201,1.8532647614789948,,607208.0,,2,6,Top,,,,,,,-10.72751583106908,-144.2107222130871,-8.068453994591309,19.06273005781424,32.798851761761995,-14.470098082680083,3.26476378,1.647637795,,,,99.4,2396.0,6.4,823295,666023,657757,665487,609280,593428,657656,701538,592206,54.09,,,,,,,,41,4,Sinker,0,2,2,0,2,0,2,0,Standard,Standard,141.0,0.005,-0.074,,,,,0.074,,-2,2,0.231,0.769,27,33,27,34,1,2,1.0,1.0,2.0,2.0,1.17,1.19,1.19,41.7,,,,,,Sinker,False
SL,2026-05-27,89.6,2.91,5.76,"Morejon, Adrian",547180,670970,,called_strike,,,,,2.0,,R,L,L,SD,PHI,S,,,2,0,2026,-0.51,0.07,0.0456230536232493,2.9845818627907517,,607208.0,,2,6,Top,,,,,,,-5.911737073331631,-130.53441841568107,-0.8964382534728348,-4.745166759116111,24.05950543753288,-31.42447184967104,3.26476378,1.647637795,,,,90.2,2955.0,6.3,823295,666023,657757,665487,609280,593428,657656,701538,592206,54.2,,,,,,,,41,3,Slider,0,2,2,0,2,0,2,0,Standard,Standard,283.0,0.001,-0.031,,,,,0.031,,-2,2,0.23,0.77,27,33,27,34,1,2,1.0,1.0,2.0,2.0,2.74,-0.51,-0.51,36.6,,,,,,Slider,False
SI,2026-05-27,100.1,2.64,5.88,"Morejon, Adrian",547180,670970,,ball,,,,,12.0,,R,L,L,SD,PHI,B,,,1,0,2026,1.15,1.14,0.3609320054184939,4.15948418044233,,,607208.0,2,6,Top,,,,,,,-8.96773994596088,-145.57265638446975,-1.9823355956659217,18.449200336602697,33.45773957060142,-15.63797321005959,3.26476378,1.647637795,,,,100.1,2480.0,6.3,823295,666023,657757,665487,609280,593428,657656,701538,592206,54.23,,,,,,,,41,2,Sinker,0,2,2,0,2,0,2,0,Infield shade,Standard,143.0,-0.01,0.056,,,,,-0.056,,-2,2,0.24,0.76,27,33,27,34,1,2,1.0,1.0,2.0,2.0,1.13,1.15,1.15,38.4,,,,,,Sinker,False
SI,2026-05-27,100.5,2.63,5.91,"Morejon, Adrian",547180,670970,,ball,,,,,12.0,,R,L,L,SD,PHI,B,,,0,0,2026,1.17,1.07,0.018802644797532,3.50670887886771,,,607208.0,2,6,Top,,,,,,,-9.948873991962635,-145.96610132584814,-3.700303730817291,19.073660608298677,33.969232452308006,-16.2158666115303,3.26476378,1.647637795,,,,100.5,2421.0,6.4,823295,666023,657757,665487,609280,593428,657656,701538,592206,54.15,,,,,,,,41,1,Sinker,0,2,2,0,2,0,2,0,Infield shade,Standard,145.0,-0.002,0.038,,,,,-0.038,,-2,2,0.242,0.758,27,33,27,34,1,2,1.0,1.0,2.0,2.0,1.2,1.17,1.17,43.0,,,,,,Sinker,False
CH,2026-05-27,92.3,2.77,5.98,"Morejon, Adrian",607208,670970,force_out,hit_into_play,,,,,9.0,"Trea Turner grounds into a force out, shortstop Xander Bogaerts to second baseman Fernando Tatis Jr. Edmundo Sosa scores. Kyle Schwarber out at 2nd. Trea Turner to 1st.",R,R,L,SD,PHI,X,6.0,ground_ball,0,0,2026,1.19,0.16,0.8133963312513053,2.1045076364980906,624641.0,,656941.0,1,6,Top,113.52,153.55,,,,,-7.5390887370258675,-134.24756033957877,-4.182869733651024,16.020409808847322,28.44984608712117,-29.509452155941915,3.244578412,1.637450787,3.0,77.2,-33.0,92.3,1146.0,6.3,823295,666023,657757,665487,609280,593428,657656,701538,592206,54.25,0.059,0.053,0.0,1.0,0.0,0.0,2.0,40,1,Changeup,0,1,1,0,2,0,2,0,Strategic,Standard,108.0,-0.024,-0.306,69.5,7.6,,0.064,0.306,88.0,-1,1,0.266,0.734,27,33,27,33,1,2,1.0,1.0,2.0,2.0,2.51,1.19,-1.19,45.0,5.660517668246851,8.590766448601274,22.16281247854063,49.404674741880314,23.636756040371868,Changeup,True
SI,2026-05-27,100.2,2.6,5.92,"Morejon, Adrian",656941,670970,single,hit_into_play,,,,,6.0,Kyle Schwarber singles on a ground ball to right fielder Nick Castellanos. Justin Crawford scores. Edmundo Sosa to 3rd.,R,L,L,SD,PHI,X,9.0,ground_ball,3,2,2026,1.25,0.85,0.4198691729928121,2.093910562824381,,702222.0,624641.0,1,6,Top,189.32,124.64,,,,,-8.9332116262539,-145.5363232634812,-7.000435934101099,19.851265776200417,33.224575784719114,-18.6068913952284,3.180511811,1.60511811,41.0,98.1,-1.0,100.2,2434.0,6.3,823295,666023,657757,665487,609280,593428,657656,701538,592206,54.16,0.38,0.342,0.9,1.0,1.0,0.0,2.0,39,7,Sinker,0,0,0,0,1,0,1,0,Standard,Standard,147.0,-0.164,0.403,82.7,7.6,,0.417,-0.403,98.1,0,0,0.43,0.57,27,33,27,33,1,2,1.0,1.0,2.0,2.0,1.42,1.25,1.25,46.8,12.930194527119616,-9.275852024738056,29.70090628068956,30.14747329721457,30.758079665780595,Sinker,True
SI,2026-05-27,99.9,2.54,5.86,"Morejon, Adrian",656941,670970,,ball,,,,,13.0,,R,L,L,SD,PHI,B,,,2,2,2026,1.29,0.93,-1.1769405099548536,2.2384122963446234,,702222.0,624641.0,1,6,Top,,,,,,,-13.181019398146631,-144.86363433472994,-6.633239050806495,21.099789235993043,30.776887332786146,-17.608183201928572,3.180511811,1.60511811,,,,100.2,2446.0,6.5,823295,666023,657757,665487,609280,593428,657656,701538,592206,54.03,,,,,,,,39,6,Sinker,0,0,0,0,0,0,0,0,Standard,Standard,146.0,-0.023,0.093,,,,,-0.093,,0,0,0.453,0.547,27,33,27,33,1,2,1.0,1.0,2.0,2.0,1.35,1.29,1.29,41.0,,,,,,Sinker,False
SL,2026-05-27,88.5,2.87,5.76,"Morejon, Adrian",656941,670970,,ball,,,,,13.0,,R,L,L,SD,PHI,B,,,1,2,2026,-0.52,-0.02,-1.102372791760288,2.048812352870746,,702222.0,624641.0,1,6,Top,,,,,,,-8.48219478248682,-128.79442708790597,-2.770751321749886,-4.193878310544578,24.856813142488875,-32.06619708703744,3.180511811,1.60511811,,,,89.0,2839.0,6.5,823295,666023,657757,665487,609280,593428,657656,701538,592206,54.04,,,,,,,,39,5,Slider,0,0,0,0,0,0,0,0,Standard,Standard,289.0,-0.01,0.059,,,,,-0.059,,0,0,0.463,0.537,27,33,27,33,1,2,1.0,1.0,2.0,2.0,2.91,-0.52,-0.52,42.0,,,,,,Slider,False
SI,2026-05-27,99.7,2.68,5.98,"Morejon, Adrian",656941,670970,,foul,,,,,12.0,,R,L,L,SD,PHI,S,,,1,2,2026,1.44,0.67,1.236684929854832,2.9098274923652268,,702222.0,624641.0,1,6,Top,,,,,,,-7.350196691620135,-145.01644399802197,-4.404500565940544,22.090612223441248,35.585141004592415,-21.90530452011626,3.180511811,1.60511811,164.0,66.7,64.0,99.5,2376.0,6.3,823295,666023,657757,665487,609280,593428,657656,701538,592206,54.2,,,,,,,,39,4,Sinker,0,0,0,0,0,0,0,0,Standard,Standard,142.0,0.0,0.0,76.4,7.4,,,0.0,88.0,0,0,0.463,0.537,27,33,27,33,1,2,1.0,1.0,2.0,2.0,1.64,1.44,1.44,40.8,13.213661027003807,-22.859214619345483,25.215924058150293,19.44070473981292,33.48798622305799,Sinker,False
FF,2026-05-27,99.4,2.38,6.08,"Morejon, Adrian",656941,670970,,ball,,,,,13.0,,R,L,L,SD,PHI,B,,,0,2,2026,0.27,1.05,-1.9305944736320064,2.1844476593911413,,702222.0,624641.0,1,6,Top,,,,,,,-12.27942987918315,-144.1816934719702,-7.520129766180591,6.554544953169997,32.281136539932874,-15.940792016887633,3.180511811,1.60511811,,,,99.4,2404.0,6.4,823295,666023,657757,665487,609280,593428,657656,701538,592206,54.12,,,,,,,,39,3,4-Seam Fastball,0,0,0,0,0,0,0,0,Standard,Standard,149.0,-0.006,0.025,,,,,-0.025,,0,0,0.469,0.531,27,33,27,33,1,2,1.0,1.0,2.0,2.0,1.27,0.27,0.27,49.3,,,,,,Four-seam,False
SI,2026-05-27,99.5,2.67,5.96,"Morejon, Adrian",656941,670970,,foul,,,,,5.0,,R,L,L,SD,PHI,S,,,0,1,2026,1.23,0.89,-0.26187479621262,2.319174556338177,,702222.0,624641.0,1,6,Top,,,,,,,-10.84556983886234,-144.42214974343585,-6.458641600233629,19.697500048588577,32.76245434626665,-18.33126098968955,3.180511811,1.60511811,206.0,78.5,58.0,99.3,2264.0,6.3,823295,666023,657757,665487,609280,593428,657656,701538,592206,54.22,,,,,,,,39,2,Sinker,0,0,0,0,0,0,0,0,Standard,Standard,145.0,0.016,-0.062,73.7,7.1,,,0.062,88.0,0,0,0.453,0.547,27,33,27,33,1,2,1.0,1.0,2.0,2.0,1.42,1.23,1.23,39.9,5.485184411146344,6.6592072642166125,27.59301023683165,38.414317841932984,27.15424299509603,Sinker,False
SL,2026-05-27,87.2,3.03,5.76,"Morejon, Adrian",656941,670970,,foul,,,,,2.0,,R,L,L,SD,PHI,S,,,0,0,2026,-0.31,0.05,0.0972906207983462,3.067813939023836,,702222.0,624641.0,1,6,Top,,,,,,,-6.316551644363784,-126.9491647812068,-0.2274771017553414,-2.0662944857082537,25.984647159334777,-31.839079805567913,3.180511811,1.60511811,131.0,76.2,11.0,87.4,2823.0,6.4,823295,666023,657757,665487,609280,593428,657656,701538,592206,54.09,,,,,,,,39,1,Slider,0,0,0,0,0,0,0,0,Standard,Standard,284.0,0.01,-0.041,73.1,7.4,,,0.041,88.0,0,0,0.443,0.557,27,33,27,33,1,2,1.0,1.0,2.0,2.0,2.95,-0.31,-0.31,38.6,18.022371444872896,-13.293816484177537,28.68440630981944,32.901848286836426,34.925322810328375,Slider,False
FF,2026-05-26,100.3,2.42,5.89,"Morejon, Adrian",607208,670970,double_play,hit_into_play,,,,,11.0,"Trea Turner lines into a double play, second baseman Fernando Tatis Jr. to first baseman Ty France. Kyle Schwarber out at 1st.",R,R,L,SD,PHI,X,4.0,line_drive,1,1,2026,0.37,1.35,-0.8612118346443198,2.6268077579143476,,,656941.0,1,9,Top,137.85,144.02,,,,,-9.861121538657509,-145.70023957568543,-6.6985674216196145,7.621152237419511,35.03711486738652,-11.524932235992678,3.244578412,1.637450787,147.0,67.9,16.0,100.4,2270.0,6.5,823294,660710,664034,665487,592518,593428,669369,701538,657656,54.02,0.451,0.411,0.0,1.0,0.0,0.0,2.0,70,3,4-Seam Fastball,3,4,4,3,4,3,4,3,Standard,Standard,145.0,0.039,-0.25,78.9,6.4,,0.487,0.25,88.0,-1,1,0.165,0.835,27,33,27,33,1,4,3.0,1.0,1.0,1.0,0.93,0.37,-0.37,49.6,0.969355573168077,16.605334982897663,28.007625230442468,29.388092047231197,21.260794761844775,Four-seam,True
SI,2026-05-26,100.4,2.63,5.88,"Morejon, Adrian",607208,670970,,foul,,,,,3.0,,R,R,L,SD,PHI,S,,,1,0,2026,1.36,0.95,0.6120080459281427,2.949059829366193,,,656941.0,1,9,Top,,,,,,,-8.771104640878141,-145.8588820629206,-4.805472023598378,21.462279313983643,36.56637426506656,-17.697960956872528,3.244578412,1.637450787,280.0,88.8,27.0,100.2,2482.0,6.4,823294,660710,664034,665487,592518,593428,669369,701538,657656,54.11,,,,,,,,70,2,Sinker,3,4,4,3,4,3,4,3,Standard,Standard,142.0,0.003,-0.045,69.2,6.6,,,0.045,88.8,-1,1,0.162,0.838,27,33,27,33,1,4,3.0,1.0,1.0,1.0,1.33,1.36,-1.36,42.3,-5.922078327804636,39.47836487539931,20.443213869689146,46.74281208531504,7.71367350320515,Sinker,False
CH,2026-05-26,92.4,2.75,5.94,"Morejon, Adrian",607208,670970,,ball,,,,,12.0,,R,R,L,SD,PHI,B,,,0,0,2026,0.92,0.59,2.002132528103397,3.146194095681306,,,656941.0,1,9,Top,,,,,,,-3.914020090407115,-134.52780668330726,-2.4049599379943234,12.040283220663818,29.806620178709807,-24.741147560601537,3.244578412,1.637450787,,,,92.4,1101.0,6.3,823294,660710,664034,665487,592518,593428,669369,701538,657656,54.19,,,,,,,,70,1,Changeup,3,4,4,3,4,3,4,3,Standard,Standard,117.0,-0.002,0.034,,,,,-0.034,,-1,1,0.164,0.836,27,33,27,33,1,4,3.0,1.0,1.0,1.0,2.08,0.92,-0.92,43.0,,,,,,Changeup,False
SI,2026-05-26,101.2,2.55,5.88,"Morejon, Adrian",656941,670970,single,hit_into_play,,,,,8.0,Kyle Schwarber singles on a line drive to left fielder Bryce Johnson.,R,L,L,SD,PHI,X,7.0,line_drive,0,1,2026,1.56,1.0,0.2302847326269557,2.0620732146134015,,,,1,9,Top,67.47,132.72,,,,,-10.18262968203285,-146.82580997162293,-7.460293779927453,25.072982125855933,38.090895971987315,-16.067141908679908,3.180511811,1.60511811,221.0,79.7,19.0,100.9,2544.0,6.5,823294,660710,664034,665487,592518,593428,669369,701538,657656,54.0,0.983,0.901,0.9,1.0,1.0,0.0,4.0,69,2,Sinker,3,4,4,3,4,3,4,3,Infield shade,Standard,146.0,-0.019,0.46,75.1,6.7,,1.078,-0.46,88.0,-1,1,0.183,0.817,27,33,27,33,1,4,3.0,1.0,1.0,1.0,1.26,1.56,1.56,39.3,-1.7091354214365126,19.98320894600923,30.30048271168717,32.50253214480693,19.520407946655695,Sinker,True
SL,2026-05-26,89.8,2.95,5.81,"Morejon, Adrian",656941,670970,,foul,,,,,5.0,,R,L,L,SD,PHI,S,,,0,0,2026,-0.53,-0.02,0.0045053575063309,2.5508787582243064,,,,1,9,Top,,,,,,,-6.054651988687747,-130.65978212429116,-1.830203928948197,-4.80807717695178,27.26015009646416,-32.28454761754981,3.180511811,1.60511811,7.0,64.9,-21.0,90.0,3032.0,6.4,823294,660710,664034,665487,592518,593428,669369,701538,657656,54.13,,,,,,,,69,1,Slider,3,4,4,3,4,3,4,3,Infield shade,Standard,283.0,0.002,-0.041,75.7,7.8,,,0.041,88.0,-1,1,0.181,0.819,27,33,27,33,1,4,3.0,1.0,1.0,1.0,2.85,-0.53,-0.53,37.4,20.35927409323752,-25.299317083510868,27.987179041972546,33.6834996494221,47.25600969412084,Slider,False
FF,2026-05-26,99.5,2.52,6.01,"Morejon, Adrian",624641,670970,strikeout,swinging_strike,,,,,12.0,Edmundo Sosa strikes out swinging.,R,R,L,SD,PHI,S,2.0,,0,2,2026,0.5,1.35,0.0506804968350342,3.3616849545367553,,,,0,9,Top,,,,,,,-7.888893706424754,-144.54893186986624,-4.849128682073002,8.978730804691452,36.57294733752034,-12.326148622721009,3.186655184,1.608218504,,,,99.2,2565.0,6.4,823294,660710,664034,665487,592518,593428,669369,701538,657656,54.09,,0.0,0.0,1.0,0.0,0.0,,68,4,4-Seam Fastball,3,4,4,3,4,3,4,3,Standard,Standard,148.0,0.01,-0.164,71.1,7.7,0.1,,0.164,,-1,1,0.171,0.829,27,30,27,30,1,3,3.0,2.0,1.0,1.0,0.98,0.5,-0.5,43.8,9.33463887462945,10.8644628505964,29.840871275903147,35.65772796339675,24.36464593518449,Four-seam,True
CH,2026-05-26,93.4,2.73,5.96,"Morejon, Adrian",624641,670970,,foul,,,,,13.0,,R,R,L,SD,PHI,S,,,0,2,2026,1.16,-0.16,-0.2773735985585741,0.9152368920184792,,,,0,9,Top,,,,,,,-10.20989809746844,-135.53460699563152,-6.608741724465272,16.46986737396685,28.909156278592143,-32.85276447701143,3.186655184,1.608218504,,,,93.4,1005.0,6.4,823294,660710,664034,665487,592518,593428,669369,701538,657656,54.12,,,,,,,,68,3,Changeup,3,4,4,3,4,3,4,3,Standard,Standard,113.0,0.0,0.0,68.1,8.5,,,0.0,,-1,1,0.171,0.829,27,30,27,30,1,3,3.0,2.0,1.0,1.0,2.78,1.16,-1.16,40.9,7.072202123618211,-8.52905144513745,39.01866260953025,32.09171127700513,30.661767093420984,Changeup,False
CH,2026-05-26,92.8,2.78,5.92,"Morejon, Adrian",624641,670970,,swinging_strike,,,,,14.0,,R,R,L,SD,PHI,S,,,0,1,2026,1.05,0.0,0.6839858402295835,0.882949379471544,,,,0,9,Top,,,,,,,-7.633970253322474,-134.92254584603205,-6.8534956622141845,14.451153031865616,28.998625366011392,-30.806515922410593,3.186655184,1.608218504,,,,92.9,988.0,6.4,823294,660710,664034,665487,592518,593428,669369,701538,657656,54.15,,,,,,,,68,2,Changeup,3,4,4,3,4,3,4,3,Standard,Standard,109.0,0.004,-0.054,72.6,9.4,3.961547208,,0.054,,-1,1,0.167,0.833,27,30,27,30,1,3,3.0,2.0,1.0,1.0,2.64,1.05,-1.05,40.1,18.066701959400863,-17.938956186014973,35.19912136716578,44.234629900892145,40.83751250585735,Changeup,False
SI,2026-05-26,100.3,2.54,5.94,"Morejon, Adrian",624641,670970,,foul,,,,,6.0,,R,R,L,SD,PHI,S,,,0,0,2026,1.41,0.94,0.3883737013210586,2.6909318476748068,,,,0,9,Top,,,,,,,-9.268023828001512,-145.62931485394722,-5.608469172982503,22.344611351448975,36.369807147866815,-17.679500302019832,3.186655184,1.608218504,178.0,81.2,14.0,99.9,2592.0,6.3,823294,660710,664034,665487,592518,593428,669369,701538,657656,54.15,,,,,,,,68,1,Sinker,3,4,4,3,4,3,4,3,Standard,Standard,146.0,0.002,-0.041,74.9,8.0,,,0.041,88.0,-1,1,0.165,0.835,27,30,27,30,1,3,3.0,2.0,1.0,1.0,1.35,1.41,-1.41,47.9,7.101827297216295,3.151357580323257,32.76159632388224,41.80334569719733,27.261012055619307,Sinker,False
FF,2026-05-23,98.1,2.6,6.06,"Morejon, Adrian",666126,670970,field_out,hit_into_play,,,,,11.0,Carlos Cortes pops out to third baseman Manny Machado in foul territory.,R,L,L,SD,ATH,X,5.0,popup,0,2,2026,0.54,1.43,-0.2273344249098559,3.7516977448640625,,,,2,7,Top,85.81,188.23,,,,,-8.82108122236196,-142.5499083027136,-3.895950764705076,9.604436994279308,36.278911053159895,-12.048012245467268,2.990067257,1.509005906,103.0,82.3,70.0,97.6,2348.0,6.3,823300,666023,664034,665487,592518,823550,657757,701538,592206,54.18,0.003,0.003,0.0,1.0,0.0,0.0,3.0,55,3,4-Seam Fastball,2,0,0,2,0,2,0,2,Strategic,Standard,137.0,0.008,-0.155,67.8,6.2,,0.003,0.155,88.0,2,-2,0.879,0.121,27,29,27,29,1,3,1.0,1.0,3.0,1.0,0.97,0.54,0.54,42.7,1.47570739316252,6.732536741778701,10.797719329801124,43.32218978821844,21.966779667343907,Four-seam,True
SI,2026-05-23,99.0,2.64,5.88,"Morejon, Adrian",666126,670970,,swinging_strike,,,,,9.0,,R,L,L,SD,ATH,S,,,0,1,2026,1.47,0.57,0.539361189508974,1.8129345474188965,,,,2,7,Top,,,,,,,-9.12921438874038,-143.6229591174836,-6.664037612312382,22.493965659892115,37.485753833904106,-22.85861087209981,2.990067257,1.509005906,,,,98.2,2160.0,6.3,823300,666023,664034,665487,592518,823550,657757,701538,592206,54.18,,,,,,,,55,2,Sinker,2,0,0,2,0,2,0,2,Infield shade,Standard,138.0,0.004,-0.062,75.0,7.1,1.2938964,,0.062,,2,-2,0.875,0.125,27,29,27,29,1,3,1.0,1.0,3.0,1.0,1.8,1.47,1.47,38.5,1.9386818852641017,1.7075919307442655,24.42943986353986,34.33330599218536,26.95664765806008,Sinker,False
SI,2026-05-23,98.8,2.59,5.93,"Morejon, Adrian",666126,670970,,foul,,,,,12.0,,R,L,L,SD,ATH,S,,,0,0,2026,1.32,0.7,0.3743045026557072,3.292772686712156,,,,2,7,Top,,,,,,,-9.070797976803718,-143.54134881981935,-3.1616214679941104,20.353598470619097,35.881738347508936,-21.97204994340173,2.990067257,1.509005906,264.0,78.7,37.0,98.5,2376.0,6.4,823300,666023,664034,665487,592518,823550,657757,701538,592206,54.13,,,,,,,,55,1,Sinker,2,0,0,2,0,2,0,2,Strategic,Standard,147.0,0.002,-0.045,61.7,5.6,,,0.045,88.0,2,-2,0.873,0.127,27,29,27,29,1,3,1.0,1.0,3.0,1.0,1.66,1.32,1.32,39.5,-10.166447263227193,36.06914849444224,18.562641044607503,35.55844483911254,12.252935117289164,Sinker,False
CH,2026-05-23,91.2,2.8,5.94,"Morejon, Adrian",687231,670970,field_out,hit_into_play,,,,,5.0,Darell Hernaiz lines out to center fielder Jackson Merrill.,R,R,L,SD,ATH,X,8.0,line_drive,1,1,2026,0.96,0.14,-0.2532682582069285,2.1287961577542673,,,,1,7,Top,146.06,59.03,,,,,-9.669707834845417,-132.49046782255812,-3.724239482222704,13.42364681250927,29.763370502210716,-29.901605558176858,3.185777559,1.607775591,351.0,98.2,20.0,90.9,1068.0,6.3,823300,666023,664034,665487,592518,823550,657757,701538,592206,54.16,0.297,0.358,0.0,1.0,0.0,0.0,4.0,54,3,Changeup,2,0,0,2,0,2,0,2,Standard,Standard,105.0,0.023,-0.252,70.2,6.9,,0.553,0.252,98.2,2,-2,0.85,0.15,27,24,27,25,1,2,1.0,1.0,3.0,2.0,2.62,0.96,-0.96,39.8,-2.2208424167133805,1.818185098221205,41.7688150873203,33.5006063961018,27.519659004823698,Changeup,True
CH,2026-05-23,91.8,2.83,5.91,"Morejon, Adrian",687231,670970,,swinging_strike,,,,,13.0,,R,R,L,SD,ATH,S,,,1,0,2026,1.19,-0.14,-0.4406478770444895,0.6537713145710771,,,,1,7,Top,,,,,,,-10.742625038764746,-133.0616444350072,-6.7350499080554025,16.575197863904265,31.850471622096556,-32.37684007761863,3.185777559,1.607775591,,,,91.1,1103.0,6.3,823300,666023,664034,665487,592518,823550,657757,701538,592206,54.17,,,,,,,,54,2,Changeup,2,0,0,2,0,2,0,2,Standard,Standard,115.0,0.005,-0.05,69.4,8.2,3.745677336,,0.05,,2,-2,0.845,0.155,27,24,27,25,1,2,1.0,1.0,3.0,2.0,2.89,1.19,-1.19,42.0,20.951426141990417,-19.756670525834743,41.91930585947872,32.37726826120583,39.603265750821365,Changeup,False
CH,2026-05-23,90.8,2.79,5.95,"Morejon, Adrian",687231,670970,,ball,,,,,14.0,,R,R,L,SD,ATH,B,,,0,0,2026,1.16,-0.44,1.2511831018506394,1.4400284078530454,,,,1,7,Top,,,,,,,-6.328999931168131,-131.89313795757025,-4.027505199991934,14.963943749934298,32.81872513656626,-36.4594393136422,3.185777559,1.607775591,,,,90.0,1046.0,6.3,823300,666023,664034,665487,592518,823550,657757,701538,592206,54.24,,,,,,,,54,1,Changeup,2,0,0,2,0,2,0,2,Standard,Standard,114.0,-0.004,0.041,,,,,-0.041,,2,-2,0.849,0.151,27,24,27,25,1,2,1.0,1.0,3.0,2.0,3.25,1.16,-1.16,38.0,,,,,,Changeup,False
SI,2026-05-23,98.8,2.71,5.93,"Morejon, Adrian",643446,670970,field_out,hit_into_play,,,,,6.0,"Jeff McNeil grounds out, second baseman Fernando Tatis Jr. to first baseman Ty France.",R,L,L,SD,ATH,X,4.0,ground_ball,2,1,2026,1.16,0.8,0.3886313809815855,2.526340845908678,,,,0,7,Top,139.84,153.61,,,,,-8.946932618027136,-143.48986377391438,-5.441644711551451,18.118294334254973,36.35624405535262,-20.02500882389232,3.213861549,1.621948819,8.0,88.8,-18.0,98.1,2425.0,6.2,823300,666023,664034,665487,592518,823550,657757,701538,592206,54.27,0.072,0.065,0.0,1.0,0.0,0.0,2.0,53,4,Sinker,2,0,0,2,0,2,0,2,Standard,Standard,144.0,0.04,-0.31,67.6,6.3,,0.074,0.31,88.8,2,-2,0.809,0.191,27,34,27,34,1,2,1.0,1.0,3.0,1.0,1.56,1.16,1.16,39.9,0.8073983523569928,9.52101521971266,33.73889520195673,30.112962595855393,22.01712650126122,Sinker,True
SL,2026-05-23,89.1,2.91,5.81,"Morejon, Adrian",643446,670970,,ball,,,,,13.0,,R,L,L,SD,ATH,B,,,1,1,2026,-0.62,-0.16,-0.8543086208293362,2.1068803279260817,,,,0,7,Top,,,,,,,-7.79915231726254,-129.53779358301253,-2.4730912643677723,-5.286416675543152,28.35860066851227,-33.60897432913997,3.213861549,1.621948819,,,,88.9,2855.0,6.3,823300,666023,664034,665487,592518,823550,657757,701538,592206,54.16,,,,,,,,53,3,Slider,2,0,0,2,0,2,0,2,Infield shade,Standard,281.0,-0.008,0.063,,,,,-0.063,,2,-2,0.817,0.183,27,34,27,34,1,2,1.0,1.0,3.0,1.0,3.04,-0.62,-0.62,42.2,,,,,,Slider,False
SI,2026-05-23,98.2,2.71,5.93,"Morejon, Adrian",643446,670970,,called_strike,,,,,8.0,,R,L,L,SD,ATH,S,,,1,0,2026,1.23,0.79,0.2604948085085576,1.5209370492711711,,,,0,7,Top,,,,,,,-9.42328845441434,-142.47369112606182,-7.95580461576553,19.089604570232662,37.05719522908155,-19.549791866743917,3.213861549,1.621948819,,,,97.3,2328.0,6.2,823300,666023,664034,665487,592518,823550,657757,701538,592206,54.27,,,,,,,,53,2,Sinker,2,0,0,2,0,2,0,2,Infield shade,Standard,142.0,0.008,-0.055,,,,,0.055,,2,-2,0.809,0.191,27,34,27,34,1,2,1.0,1.0,3.0,1.0,1.61,1.23,1.23,39.5,,,,,,Sinker,False
SI,2026-05-23,98.1,2.46,6.02,"Morejon, Adrian",643446,670970,,ball,,,,,13.0,,R,L,L,SD,ATH,B,,,0,0,2026,1.14,0.83,-1.668454435266292,2.1539525185593753,,,,0,7,Top,,,,,,,-13.618691863460596,-141.99863835528387,-6.588053164259736,18.696223320497936,35.98087337868708,-19.39586937778774,3.213861549,1.621948819,,,,97.2,2360.0,6.3,823300,666023,664034,665487,592518,823550,657757,701538,592206,54.18,,,,,,,,53,1,Sinker,2,0,0,2,0,2,0,2,Strategic,Standard,148.0,-0.006,0.042,,,,,-0.042,,2,-2,0.815,0.185,27,34,27,34,1,2,1.0,1.0,3.0,1.0,1.58,1.14,1.14,42.3,,,,,,Sinker,False
CH,2026-05-22,92.7,2.75,5.8,"Morejon, Adrian",667670,670970,strikeout,swinging_strike,,,,,8.0,Brent Rooker strikes out swinging.,R,R,L,SD,ATH,S,2.0,,2,2,2026,1.23,0.07,0.0991268510325587,1.7216602483407757,,,,2,7,Top,,,,,,,-9.392868331824452,-134.5891700985587,-4.49507920000519,16.962096569958316,29.841500039716916,-30.532750106359657,3.363935368,1.697687008,,,,92.5,1086.0,6.4,823298,660710,657757,665487,592518,593428,657656,669369,592206,54.13,,0.0,0.0,1.0,0.0,0.0,,54,6,Changeup,3,3,3,3,3,3,3,3,Standard,Standard,102.0,0.017,-0.223,78.2,7.6,2.553260208,,0.223,,0,0,0.571,0.429,27,31,27,32,1,3,3.0,1.0,1.0,1.0,2.6,1.23,-1.23,39.8,22.66220595029089,-22.06755747759507,38.14784948779032,35.29929829376875,42.01097499466474,Changeup,True
CH,2026-05-22,92.9,3.1,5.8,"Morejon, Adrian",667670,670970,,foul,,,,,14.0,,R,R,L,SD,ATH,S,,,2,2,2026,1.4,0.29,0.098252165989692,1.0880593643273788,,,,2,7,Top,,,,,,,-10.662604194048264,-134.68900692574096,-6.571302904805948,19.46993576206683,31.895108411681868,-27.25340661055087,3.363935368,1.697687008,,,,92.1,1249.0,6.2,823298,660710,657757,665487,592518,593428,657656,669369,592206,54.28,,,,,,,,54,5,Changeup,3,3,3,3,3,3,3,3,Standard,Standard,111.0,0.0,0.0,76.1,7.5,,,0.0,,0,0,0.571,0.429,27,31,27,32,1,3,3.0,1.0,1.0,1.0,2.39,1.4,-1.4,43.3,15.628858206255344,-4.181866866636993,46.997827391401984,35.34283863702658,33.50737347704765,Changeup,False
SI,2026-05-22,99.5,2.55,5.83,"Morejon, Adrian",667670,670970,,called_strike,,,,,6.0,,R,R,L,SD,ATH,S,,,2,1,2026,1.22,1.0,0.3451086716249951,2.5947229376443035,,,,2,7,Top,,,,,,,-8.853034518736086,-144.440351819772,-5.565148243335477,19.27439028422378,37.63384113899784,-16.966698279862268,3.363935368,1.697687008,,,,98.7,2500.0,6.2,823298,660710,657757,665487,592518,593428,657656,669369,592206,54.27,,,,,,,,54,4,Sinker,3,3,3,3,3,3,3,3,Standard,Standard,143.0,0.005,-0.079,,,,,0.079,,0,0,0.566,0.434,27,31,27,32,1,3,3.0,1.0,1.0,1.0,1.33,1.22,-1.22,40.9,,,,,,Sinker,False
SI,2026-05-22,99.8,2.71,5.8,"Morejon, Adrian",667670,670970,,swinging_strike,,,,,3.0,,R,R,L,SD,ATH,S,,,2,0,2026,1.17,1.01,0.4158073584345036,3.466612548998725,,,,2,7,Top,,,,,,,-8.991089728081926,-145.01634153046354,-3.202672965862445,18.661902913243193,37.63510352972604,-17.463097191102623,3.363935368,1.697687008,,,,99.1,2557.0,6.2,823298,660710,657757,665487,592518,593428,657656,669369,592206,54.29,,,,,,,,54,3,Sinker,3,3,3,3,3,3,3,3,Standard,Standard,145.0,0.004,-0.065,75.2,6.1,1.844490984,,0.065,,0,0,0.562,0.438,27,31,27,32,1,3,3.0,1.0,1.0,1.0,1.31,1.17,-1.17,39.0,2.960024174124192,16.815669789293942,31.051268163780065,41.03967285510033,20.283501300926407,Sinker,False
SI,2026-05-22,100.9,2.77,5.79,"Morejon, Adrian",667670,670970,,ball,,,,,12.0,,R,R,L,SD,ATH,B,,,1,0,2026,1.24,0.8,1.1044970557967198,3.136152945567799,,,,2,7,Top,,,,,,,-7.57170598283804,-146.7025642577548,-3.735037016559408,19.74626137383095,38.51771914522168,-19.969100812657008,3.363935368,1.697687008,,,,100.4,2381.0,6.3,823298,660710,657757,665487,592518,593428,657656,669369,592206,54.17,,,,,,,,54,2,Sinker,3,3,3,3,3,3,3,3,Standard,Standard,140.0,-0.004,0.064,,,,,-0.064,,0,0,0.566,0.434,27,31,27,32,1,3,3.0,1.0,1.0,1.0,1.46,1.24,-1.24,38.2,,,,,,Sinker,False
SL,2026-05-22,89.6,3.22,5.71,"Morejon, Adrian",667670,670970,,ball,,,,,13.0,,R,R,L,SD,ATH,B,,,0,0,2026,-0.61,-0.07,-0.0388139456101308,1.4035137490230958,,,,2,7,Top,,,,,,,-6.587501679035157,-130.25222792561715,-4.123305471603798,-5.251394131653313,31.90393551612194,-32.216506625168634,3.363935368,1.697687008,,,,88.6,3003.0,6.1,823298,660710,657757,665487,592518,593428,657656,669369,592206,54.4,,,,,,,,54,1,Slider,3,3,3,3,3,3,3,3,Standard,Standard,287.0,-0.002,0.041,,,,,-0.041,,0,0,0.568,0.432,27,31,27,32,1,3,3.0,1.0,1.0,1.0,2.96,-0.61,0.61,36.1,,,,,,Slider,False
CH,2026-05-22,93.3,2.9,5.87,"Morejon, Adrian",669127,670970,field_out,hit_into_play,,,,,5.0,"Shea Langeliers grounds out, shortstop Xander Bogaerts to first baseman Gavin Sheets.",R,R,L,SD,ATH,X,6.0,ground_ball,0,2,2026,1.06,0.62,0.0745916056763515,2.210730430758561,,,,1,7,Top,109.75,159.79,,,,,-9.517985526111351,-135.44825641435528,-4.73716047219663,15.259957023259002,32.20916826126937,-23.67864938257979,3.18226706,1.606003937,3.0,88.8,-35.0,92.7,1193.0,6.3,823298,660710,657757,665487,592518,593428,657656,669369,592206,54.23,0.046,0.041,0.0,1.0,0.0,0.0,2.0,53,3,Changeup,3,3,3,3,3,3,3,3,Standard,Standard,115.0,0.017,-0.163,73.9,6.5,,0.05,0.163,88.8,0,0,0.551,0.449,27,28,27,29,1,3,3.0,1.0,1.0,1.0,2.03,1.06,-1.06,39.6,3.010070348704969,14.446762940976171,32.8069990180589,40.3846085282037,27.29194916338355,Changeup,True
SI,2026-05-22,99.3,2.86,5.84,"Morejon, Adrian",669127,670970,,foul,,,,,3.0,,R,R,L,SD,ATH,S,,,0,1,2026,1.3,0.41,0.6851087962554507,3.1876702005841073,,,,1,7,Top,,,,,,,-8.92758141823106,-144.20967759236572,-2.559576987716304,20.295699760653463,36.49932637884284,-26.02583926776172,3.18226706,1.606003937,250.0,90.3,53.0,98.4,2482.0,6.1,823298,660710,657757,665487,592518,593428,657656,669369,592206,54.4,,,,,,,,53,2,Sinker,3,3,3,3,3,3,3,3,Standard,Standard,142.0,0.008,-0.057,71.7,6.3,,,0.057,90.3,0,0,0.543,0.457,27,28,27,29,1,3,3.0,1.0,1.0,1.0,1.93,1.3,-1.3,36.7,9.096237004431318,27.09483583565447,20.56982931658133,47.270966685461325,20.974457912063595,Sinker,False
SL,2026-05-22,89.2,3.29,5.79,"Morejon, Adrian",669127,670970,,called_strike,,,,,9.0,,R,R,L,SD,ATH,S,,,0,0,2026,-0.86,-0.29,0.7137939290412395,1.978802730976334,,,,1,7,Top,,,,,,,-4.389738071815953,-129.77137610806778,-2.423572429635085,-8.622184519483737,30.043354031951345,-35.04801785287645,3.18226706,1.606003937,,,,88.4,3111.0,6.0,823298,660710,657757,665487,592518,593428,657656,669369,592206,54.47,,,,,,,,53,1,Slider,3,3,3,3,3,3,3,3,Standard,Standard,287.0,0.004,-0.041,,,,,0.041,,0,0,0.539,0.461,27,28,27,29,1,3,3.0,1.0,1.0,1.0,3.18,-0.86,0.86,36.4,,,,,,Slider,False
FF,2026-05-22,100.3,2.73,5.91,"Morejon, Adrian",701762,670970,strikeout,swinging_strike,,,,,3.0,Nick Kurtz strikes out swinging.,R,L,L,SD,ATH,S,2.0,,1,2,2026,0.73,1.0,0.3577583399225802,3.486239697465698,,,,0,7,Top,,,,,,,-8.208616117826885,-145.80423647810807,-3.526894375777087,12.382256242793307,35.98118299024605,-17.3444322961275,3.413082349,1.722490158,,,,100.0,2634.0,6.3,823298,660710,657757,665487,592518,593428,657656,669369,592206,54.22,,0.0,0.0,1.0,0.0,0.0,,52,4,4-Seam Fastball,3,3,3,3,3,3,3,3,Infield shade,Standard,150.0,0.027,-0.187,69.5,6.1,0.586145784,,0.187,,0,0,0.512,0.488,27,23,27,23,1,3,3.0,1.0,1.0,1.0,1.28,0.73,0.73,41.1,-4.058982423297393,33.780711449534294,34.3862834862853,33.54820565652659,9.39440657230641,Four-seam,True
SL,2026-05-22,91.9,3.0,5.67,"Morejon, Adrian",701762,670970,,ball,,,,,13.0,,R,L,L,SD,ATH,B,,,0,2,2026,-0.8,-0.03,-0.9308042092982328,1.4070879198312505,,,,0,7,Top,,,,,,,-8.081275825812773,-133.64055034058595,-4.644718878209798,-7.807258354437473,28.87695423833943,-31.687829020517125,3.413082349,1.722490158,,,,92.0,3037.0,6.4,823298,660710,657757,665487,592518,593428,657656,669369,592206,54.13,,,,,,,,52,3,Slider,3,3,3,3,3,3,3,3,Infield shade,Standard,283.0,-0.004,0.022,,,,,-0.022,,0,0,0.516,0.484,27,23,27,23,1,3,3.0,1.0,1.0,1.0,2.73,-0.8,-0.8,40.3,,,,,,Slider,False
SI,2026-05-22,99.7,2.62,5.87,"Morejon, Adrian",701762,670970,,swinging_strike,,,,,12.0,,R,L,L,SD,ATH,S,,,0,1,2026,1.2,0.63,0.8304980202505929,3.341532617518866,,,,0,7,Top,,,,,,,-7.7037619049797215,-144.88979378640633,-2.837795461923359,18.806502625056595,35.9575822643706,-22.795742434100877,3.413082349,1.722490158,,,,99.1,2501.0,6.2,823298,660710,657757,665487,592518,593428,657656,669369,592206,54.32,,,,,,,,52,2,Sinker,3,3,3,3,3,3,3,3,Infield shade,Standard,148.0,0.01,-0.054,68.0,5.7,0.919428852,,0.054,,0,0,0.506,0.494,27,23,27,23,1,3,3.0,1.0,1.0,1.0,1.68,1.2,1.2,39.3,-15.12386621901312,42.39777279521119,39.65657632492292,27.446507657846965,7.831926791665497,Sinker,False
SI,2026-05-22,100.2,2.4,5.88,"Morejon, Adrian",701762,670970,,called_strike,,,,,5.0,,R,L,L,SD,ATH,S,,,0,0,2026,1.14,0.58,-0.2444686756778213,2.644680539215515,,,,0,7,Top,,,,,,,-9.922763922362504,-145.54387231658498,-4.711283763906881,18.57739953483867,35.604843251059265,-22.96752649005417,3.413082349,1.722490158,,,,99.8,2481.0,6.3,823298,660710,657757,665487,592518,593428,657656,669369,592206,54.24,,,,,,,,52,1,Sinker,3,3,3,3,3,3,3,3,Infield shade,Standard,149.0,0.006,-0.041,,,,,0.041,,0,0,0.5,0.5,27,23,27,23,1,3,3.0,1.0,1.0,1.0,1.71,1.14,1.14,39.6,,,,,,Sinker,False
CH,2026-05-22,93.2,2.89,5.81,"Morejon, Adrian",687515,670970,strikeout,swinging_strike,,,,,13.0,Colby Thomas strikes out swinging.,R,R,L,SD,ATH,S,2.0,,2,2,2026,0.92,0.09,-0.3390675195773786,1.339645767948049,703607.0,643446.0,687231.0,2,6,Top,,,,,,,-10.218160676268807,-135.33039182672488,-5.69041016198493,13.40387402720269,27.875786631519528,-30.012896375769017,3.121710958,1.575442913,,,,93.3,1080.0,6.4,823298,660710,657757,665487,592518,593428,657656,669369,592206,54.14,,0.0,0.0,1.0,0.0,0.0,,48,5,Changeup,3,3,3,3,3,3,3,3,Standard,Standard,111.0,0.094,-0.2,78.2,7.7,1.310103828,,0.2,,0,0,0.482,0.518,27,25,27,25,1,0,3.0,3.0,1.0,4.0,2.53,0.92,-0.92,39.5,8.09048647314244,-4.144568060750633,35.07984052512628,35.80297960610999,27.143218268260277,Changeup,True
FF,2026-05-22,100.3,2.67,5.99,"Morejon, Adrian",687515,670970,,ball,,,,,11.0,,R,R,L,SD,ATH,B,,,1,2,2026,0.5,1.28,-0.958679832679774,3.452535065670527,703607.0,643446.0,687231.0,2,6,Top,,,,,,,-11.079179634526277,-145.65352100119523,-4.527480214271384,9.751196461078642,34.453819693510845,-13.02557225964871,3.121710958,1.575442913,,,,100.0,2595.0,6.3,823298,660710,657757,665487,592518,593428,657656,669369,592206,54.25,,,,,,,,48,4,4-Seam Fastball,3,3,3,3,3,3,3,3,Standard,Standard,134.0,-0.017,0.027,,,,,-0.027,,0,0,0.499,0.501,27,25,27,25,1,0,3.0,3.0,1.0,4.0,1.0,0.5,-0.5,50.0,,,,,,Four-seam,False
SI,2026-05-22,99.8,2.69,5.95,"Morejon, Adrian",687515,670970,,foul,,,,,2.0,,R,R,L,SD,ATH,S,,,1,1,2026,1.13,0.44,0.1543582093594864,2.7037120925052935,703607.0,643446.0,687231.0,2,6,Top,,,,,,,-9.556665914686324,-144.99528202611992,-4.369148126616306,18.13379759368334,34.049470824144294,-25.158867313678535,3.121710958,1.575442913,268.0,99.0,15.0,99.5,2282.0,6.2,823298,660710,657757,665487,592518,593428,657656,669369,592206,54.26,,,,,,,,48,3,Sinker,3,3,3,3,3,3,3,3,Standard,Standard,141.0,0.028,-0.064,71.5,6.2,,,0.064,99.0,0,0,0.471,0.529,27,25,27,25,1,0,3.0,3.0,1.0,4.0,1.86,1.13,-1.13,41.2,-11.170746539045693,29.92285455302148,27.47686584710511,41.1261130995383,11.399544795118448,Sinker,False
CH,2026-05-22,92.2,3.02,5.89,"Morejon, Adrian",687515,670970,,foul,,,,,5.0,,R,R,L,SD,ATH,S,,,1,0,2026,0.88,0.32,0.0331902654200904,2.2458451889537594,703607.0,643446.0,687231.0,2,6,Top,,,,,,,-9.403795380426006,-133.85924328271744,-3.8577824226003417,12.717025922850848,30.44794358956993,-27.6525673822958,3.121710958,1.575442913,189.0,81.0,58.0,91.7,1014.0,6.2,823298,660710,657757,665487,592518,593428,657656,669369,592206,54.25,,,,,,,,48,2,Changeup,3,3,3,3,3,3,3,3,Standard,Standard,107.0,0.02,-0.041,77.1,7.2,,,0.041,88.0,0,0,0.451,0.549,27,25,27,25,1,0,3.0,3.0,1.0,4.0,2.39,0.88,-0.88,38.6,6.701235381555872,9.676966534292337,30.592516500027795,39.39522837624259,24.777474070446058,Changeup,False
SI,2026-05-22,99.5,2.69,5.96,"Morejon, Adrian",687515,670970,,ball,,,,,11.0,,R,R,L,SD,ATH,B,,,0,0,2026,1.32,0.68,-0.4496496763950974,3.5447040087202035,703607.0,643446.0,687231.0,2,6,Top,,,,,,,-11.593444898590144,-144.27033068327023,-2.5714823715332766,21.306363109682337,37.604036182764474,-22.288298199602373,3.121710958,1.575442913,,,,98.6,2374.0,6.3,823298,660710,657757,665487,592518,593428,657656,669369,592206,54.24,,,,,,,,48,1,Sinker,3,3,3,3,3,3,3,3,Standard,Standard,142.0,-0.015,0.029,,,,,-0.029,,0,0,0.466,0.534,27,25,27,25,1,0,3.0,3.0,1.0,4.0,1.66,1.32,-1.32,41.4,,,,,,Sinker,False
SI,2026-05-19,100.6,2.51,5.71,"Morejon, Adrian",663656,670970,field_out,hit_into_play,,,,,2.0,"Kyle Tucker grounds out, pitcher Adrian Morejon to first baseman Ty France.",R,L,L,SD,LAD,X,1.0,ground_ball,0,2,2026,1.37,0.9,0.1452096439680028,3.4195274494162797,660271.0,,,2,8,Top,126.64,173.32,,,,,-9.79690108191734,-146.0146328610349,-2.933174925520659,22.04326701662705,39.002084670596965,-18.79446309462688,3.350770997,1.691043307,26.0,69.7,-5.0,100.2,2376.0,6.5,823302,666023,664034,665487,592518,593428,657656,701538,592206,53.97,0.072,0.065,0.0,1.0,0.0,0.0,2.0,61,3,Sinker,4,4,4,4,4,4,4,4,Infield shade,Standard,141.0,0.055,-0.211,68.8,6.0,,0.077,0.211,88.0,0,0,0.553,0.447,27,29,27,29,1,3,3.0,1.0,3.0,1.0,1.38,1.37,1.37,37.3,-6.381407372985721,11.78910622907707,28.0659840238131,33.14199183451905,18.725181010316177,Sinker,True
FF,2026-05-19,99.4,2.54,5.92,"Morejon, Adrian",663656,670970,,swinging_strike,,,,,4.0,,R,L,L,SD,LAD,S,,,0,1,2026,0.33,1.29,-0.5442933755361633,2.696956694355061,660271.0,,,2,8,Top,,,,,,,-9.119806635739469,-144.313547612854,-6.20559326698558,6.992497369377518,37.281577009556,-12.901980023152705,3.350770997,1.691043307,,,,98.9,2479.0,6.4,823302,666023,664034,665487,592518,593428,657656,701538,592206,54.14,,,,,,,,61,2,4-Seam Fastball,4,4,4,4,4,4,4,4,Infield shade,Standard,143.0,0.023,-0.06,65.3,7.1,2.506513188,,0.06,,0,0,0.53,0.47,27,29,27,29,1,3,3.0,1.0,3.0,1.0,1.05,0.33,0.33,45.1,4.271685142695228,7.718676118419273,35.8933728567829,42.83327011212475,17.781965749730404,Four-seam,False
FF,2026-05-19,99.8,2.6,5.85,"Morejon, Adrian",663656,670970,,swinging_strike,,,,,11.0,,R,L,L,SD,LAD,S,,,0,0,2026,0.36,1.33,-1.022169887780737,2.67301438062699,660271.0,,,2,8,Top,,,,,,,-10.705006176343348,-144.8152192721744,-6.248122976411352,7.847993241522713,37.76498103898718,-12.192344594761485,3.350770997,1.691043307,,,,99.3,2458.0,6.4,823302,666023,664034,665487,592518,593428,657656,701538,592206,54.07,,,,,,,,61,1,4-Seam Fastball,4,4,4,4,4,4,4,4,Infield shade,Standard,142.0,0.014,-0.034,67.9,6.7,1.996071252,,0.034,,0,0,0.516,0.484,27,29,27,29,1,3,3.0,1.0,3.0,1.0,1.0,0.36,0.36,42.5,2.563978225656625,16.311773237436018,32.75667924695439,49.28950428916667,11.480541923642429,Four-seam,False
FF,2026-05-19,99.7,2.48,5.85,"Morejon, Adrian",518692,670970,strikeout,swinging_strike,,,,,4.0,Freddie Freeman strikes out swinging.,R,L,L,SD,LAD,S,2.0,,3,2,2026,0.15,1.4,-0.5418400742178333,2.33363228153049,660271.0,,,1,8,Top,,,,,,,-8.559991705470491,-144.77760427848622,-7.344252991324645,4.339373415608907,37.13384847610106,-10.948126545978674,3.382365486,1.706988189,,,,99.3,2453.0,6.4,823302,666023,664034,665487,592518,593428,657656,701538,592206,54.1,,0.0,0.0,1.0,0.0,0.0,,60,6,4-Seam Fastball,4,4,4,4,4,4,4,4,Strategic,Standard,149.0,0.145,-0.408,68.1,6.2,1.804625352,,0.408,,0,0,0.371,0.629,27,36,27,37,1,3,3.0,1.0,3.0,1.0,0.92,0.15,0.15,43.2,-10.623072292402991,21.556569253675853,42.13715812118145,47.04075571658968,10.321054852862297,Four-seam,True
FF,2026-05-19,100.2,2.59,5.87,"Morejon, Adrian",518692,670970,,swinging_strike,,,,,11.0,,R,L,L,SD,LAD,S,,,3,1,2026,0.32,1.35,-0.1964373718949932,3.773007061265039,660271.0,,,1,8,Top,,,,,,,-8.398433428894288,-145.671216019901,-3.458151820274292,6.7274095931113544,37.91232375739197,-12.453670033923824,3.382365486,1.706988189,,,,100.0,2472.0,6.5,823302,666023,664034,665487,592518,593428,657656,701538,592206,54.05,,,,,,,,60,5,4-Seam Fastball,4,4,4,4,4,4,4,4,Strategic,Standard,144.0,0.004,-0.098,64.8,5.5,1.714394268,,0.098,,0,0,0.367,0.633,27,36,27,37,1,3,3.0,1.0,3.0,1.0,0.95,0.32,0.32,41.4,-1.794444409017382,25.33977018622844,31.53861947237385,43.36901343657952,12.15585798398016,Four-seam,False
SL,2026-05-19,91.5,2.95,5.74,"Morejon, Adrian",518692,670970,,blocked_ball,,,,,13.0,,R,L,L,SD,LAD,B,,,2,1,2026,-0.37,-0.03,-1.6609373090488893,0.2652535833776834,660271.0,,,1,8,Top,,,,,,,-10.6565798074554,-132.67970211922645,-7.535180604039345,-2.0116634679743086,28.91192709134369,-31.008442946965275,3.382365486,1.706988189,,,,91.2,2948.0,6.4,823302,666023,664034,665487,592518,593428,657656,701538,592206,54.13,,,,,,,,60,4,Slider,4,4,4,4,4,4,4,4,Strategic,Standard,288.0,-0.005,0.076,,,,,-0.076,,0,0,0.372,0.628,27,36,27,37,1,3,3.0,1.0,3.0,1.0,2.78,-0.37,-0.37,37.9,,,,,,Slider,False
SL,2026-05-19,91.2,2.95,5.66,"Morejon, Adrian",518692,670970,,ball,,,,,13.0,,R,L,L,SD,LAD,B,,,1,1,2026,-0.35,0.1,-0.2054791594010529,1.3825313721096704,660271.0,,,1,8,Top,,,,,,,-7.071212227950176,-132.57307839206112,-4.81892878105112,-2.6248595793766776,28.12990291597156,-30.21521473848176,3.382365486,1.706988189,,,,91.2,3028.0,6.3,823302,666023,664034,665487,592518,593428,657656,701538,592206,54.17,,,,,,,,60,3,Slider,4,4,4,4,4,4,4,4,Strategic,Standard,277.0,-0.009,0.019,,,,,-0.019,,0,0,0.381,0.619,27,36,27,37,1,3,3.0,1.0,3.0,1.0,2.65,-0.35,-0.35,43.0,,,,,,Slider,False
FF,2026-05-19,100.8,2.45,5.87,"Morejon, Adrian",518692,670970,,ball,,,,,11.0,,R,L,L,SD,LAD,B,,,0,1,2026,0.43,1.39,-1.1291352897623397,2.7793415656319223,660271.0,,,1,8,Top,,,,,,,-10.852029073258686,-146.28832441237458,-6.378044197387581,8.93232206607305,37.042873131969394,-10.777897814737855,3.382365486,1.706988189,,,,100.4,2554.0,6.4,823302,666023,664034,665487,592518,593428,657656,701538,592206,54.12,,,,,,,,60,2,4-Seam Fastball,4,4,4,4,4,4,4,4,Strategic,Standard,145.0,-0.014,0.023,,,,,-0.023,,0,0,0.395,0.605,27,36,27,37,1,3,3.0,1.0,3.0,1.0,0.87,0.43,0.43,42.6,,,,,,Four-seam,False
SL,2026-05-19,90.8,3.05,5.71,"Morejon, Adrian",518692,670970,,foul,,,,,5.0,,R,L,L,SD,LAD,S,,,0,0,2026,-0.3,0.09,0.2390381732470648,2.3053600176009517,660271.0,,,1,8,Top,,,,,,,-6.308423852009458,-132.0694685177531,-2.5847849920371995,-2.1185347474072507,28.475497362900654,-30.74233642818377,3.382365486,1.706988189,241.0,80.0,49.0,90.8,2868.0,6.3,823302,666023,664034,665487,592518,593428,657656,701538,592206,54.17,,,,,,,,60,1,Slider,4,4,4,4,4,4,4,4,Strategic,Standard,276.0,0.021,-0.05,72.3,6.5,,,0.05,88.0,0,0,0.374,0.626,27,36,27,37,1,3,3.0,1.0,3.0,1.0,2.68,-0.3,-0.3,37.3,1.5774999108907886,3.55724790940283,44.653168443959046,38.290183186222585,23.409981356340698,Slider,False
SI,2026-05-19,100.1,2.57,5.86,"Morejon, Adrian",605141,670970,field_out,hit_into_play,,,,,4.0,Mookie Betts flies out to center fielder Jackson Merrill. Shohei Ohtani to 3rd.,R,R,L,SD,LAD,X,8.0,fly_ball,2,2,2026,1.35,0.77,-0.6034996267321453,2.1835359824299347,,660271.0,,0,8,Top,163.46,100.81,,,,,-11.85884622044654,-145.16393138680507,-6.323086810650977,21.90790893494078,35.89580970067017,-19.94560741978803,3.096259843,1.562598425,321.0,93.7,29.0,99.7,2447.0,6.4,823302,666023,664034,665487,592518,593428,657656,701538,592206,54.09,0.137,0.201,0.0,1.0,0.0,0.0,3.0,59,7,Sinker,4,4,4,4,4,4,4,4,Standard,Standard,139.0,-0.009,-0.234,75.6,6.5,,0.355,0.234,93.7,0,0,0.383,0.617,27,33,27,34,1,3,3.0,1.0,3.0,1.0,1.53,1.35,-1.35,39.8,-4.46726328758167,-12.451596795540429,41.97583879844254,31.363375584868884,27.066462460905996,Sinker,True
FF,2026-05-19,99.7,2.44,5.9,"Morejon, Adrian",605141,670970,,foul,,,,,12.0,,R,R,L,SD,LAD,S,,,2,2,2026,0.55,1.26,0.1651218492637164,3.42602917415872,,660271.0,,0,8,Top,,,,,,,-7.499505478626588,-144.98917313261452,-4.224949826433177,9.642275361016535,35.663874849006866,-13.662325686385396,3.096259843,1.562598425,256.0,77.1,36.0,99.6,2485.0,6.4,823302,666023,664034,665487,592518,593428,657656,701538,592206,54.09,,,,,,,,59,6,4-Seam Fastball,4,4,4,4,4,4,4,4,Standard,Standard,143.0,0.0,0.0,62.0,5.9,,,0.0,88.0,0,0,0.383,0.617,27,33,27,34,1,3,3.0,1.0,3.0,1.0,1.05,0.55,-0.55,43.6,-5.697578127407091,10.452239124002416,20.755794745936107,40.48462516707366,19.329198315673064,Four-seam,False
SI,2026-05-19,100.1,2.51,5.86,"Morejon, Adrian",605141,670970,,ball,,,,,13.0,,R,R,L,SD,LAD,B,,,1,2,2026,1.3,0.77,-1.5314561860307767,1.6628426998378991,,660271.0,,0,8,Top,,,,,,,-14.102368691643736,-144.85405640968884,-7.712500199463802,21.837824446903923,37.541347867986225,-19.529801207487125,3.096259843,1.562598425,,,,99.4,2526.0,6.5,823302,666023,664034,665487,592518,593428,657656,701538,592206,54.03,,,,,,,,59,5,Sinker,4,4,4,4,4,4,4,4,Standard,Standard,140.0,-0.012,0.028,,,,,-0.028,,0,0,0.395,0.605,27,33,27,34,1,3,3.0,1.0,3.0,1.0,1.55,1.3,-1.3,43.9,,,,,,Sinker,False
CH,2026-05-19,91.5,2.84,5.87,"Morejon, Adrian",605141,670970,,foul,,,,,14.0,,R,R,L,SD,LAD,S,,,1,2,2026,0.83,-0.35,0.9292224717916864,1.3618026537343484,,660271.0,,0,8,Top,,,,,,,-6.5750747527652145,-133.00189766995666,-4.424012906614828,11.287965070082766,31.02736039013083,-35.42873822815249,3.096259843,1.562598425,16.0,16.2,56.0,91.1,962.0,6.3,823302,666023,664034,665487,592518,593428,657656,701538,592206,54.2,,,,,,,,59,4,Changeup,4,4,4,4,4,4,4,4,Standard,Standard,101.0,0.0,0.0,,,,,0.0,88.0,0,0,0.395,0.605,27,33,27,34,1,3,3.0,1.0,3.0,1.0,3.09,0.83,-0.83,42.2,,,,,,Changeup,False
CH,2026-05-19,90.8,2.74,5.84,"Morejon, Adrian",605141,670970,,swinging_strike_blocked,,,,,13.0,,R,R,L,SD,LAD,S,,,1,1,2026,1.22,-0.53,-0.1392133031616944,0.5474275285264185,,660271.0,,0,8,Top,,,,,,,-9.75368745555128,-131.78179159966933,-5.777617547443715,16.43296027187628,31.31420800676114,-37.13383044850313,3.096259843,1.562598425,,,,90.1,1106.0,6.3,823302,666023,664034,665487,592518,593428,657656,701538,592206,54.21,,,,,,,,59,3,Changeup,4,4,4,4,4,4,4,4,Standard,Standard,103.0,0.021,-0.055,68.6,7.7,0.57412416,,0.055,,0,0,0.374,0.626,27,33,27,34,1,3,3.0,1.0,3.0,1.0,3.34,1.22,-1.22,39.1,9.9984208547308,-3.3187801175606206,47.29623181192895,37.62344664814036,34.18719393179763,Changeup,False
CH,2026-05-19,91.9,2.65,5.82,"Morejon, Adrian",605141,670970,,ball,,,,,13.0,,R,R,L,SD,LAD,B,,,0,1,2026,1.19,-0.25,-1.037859003308264,1.8005294186806995,,660271.0,,0,8,Top,,,,,,,-11.818123840827305,-133.1350918341026,-3.4118890902978936,16.89268336305623,32.932198102141015,-34.416651631016144,3.096259843,1.562598425,,,,91.1,1217.0,6.4,823302,666023,664034,665487,592518,593428,657656,701538,592206,54.09,,,,,,,,59,2,Changeup,4,4,4,4,4,4,4,4,Infield shade,Standard,109.0,-0.009,0.01,,,,,-0.01,,0,0,0.383,0.617,27,33,27,34,1,3,3.0,1.0,3.0,1.0,3.0,1.19,-1.19,45.8,,,,,,Changeup,False
CH,2026-05-19,91.8,2.74,5.85,"Morejon, Adrian",605141,670970,,swinging_strike_blocked,,,,,14.0,,R,R,L,SD,LAD,S,,,0,0,2026,1.43,-0.09,0.2836360985022617,0.5612155577679285,,660271.0,,0,8,Top,,,,,,,-9.27177220350456,-133.2349004968864,-7.004640094476051,19.008244327385572,29.877697845350337,-31.813524202626017,3.096259843,1.562598425,,,,91.6,1329.0,6.4,823302,666023,664034,665487,592518,593428,657656,701538,592206,54.07,,,,,,,,59,1,Changeup,4,4,4,4,4,4,4,4,Standard,Standard,104.0,0.013,-0.035,,,,,0.035,,0,0,0.37,0.63,27,33,27,34,1,3,3.0,1.0,3.0,1.0,2.82,1.43,-1.43,39.2,,,,,,Changeup,False
SL,2026-05-19,87.4,3.01,5.71,"Morejon, Adrian",660271,670970,double,hit_into_play,,,,,8.0,Shohei Ohtani doubles (11) on a line drive to right fielder Nick Castellanos.,R,L,L,SD,LAD,X,9.0,line_drive,1,1,2026,-0.61,-0.06,0.2427437692828247,1.971998915235026,,,,0,8,Top,164.33,151.55,,,,,-5.295645679985588,-127.14845465564612,-2.4423674113635516,-5.329824286651003,28.686633292649052,-32.47219454818129,3.369201116,1.700344488,155.0,95.7,11.0,87.1,2800.0,6.3,823302,666023,664034,665487,592518,593428,657656,701538,592206,54.19,0.851,0.804,1.25,1.0,1.0,1.0,4.0,58,3,Slider,4,4,4,4,4,4,4,4,Infield shade,Standard,280.0,-0.132,0.726,74.8,7.9,,0.987,-0.726,95.7,0,0,0.502,0.498,27,31,27,32,1,3,3.0,1.0,3.0,1.0,3.07,-0.61,-0.61,37.1,14.752705482460774,-9.48218606971021,40.70488814948897,35.97101496862068,36.99895816227625,Slider,True
SI,2026-05-19,98.5,2.68,5.87,"Morejon, Adrian",660271,670970,,ball,,,,,11.0,,R,L,L,SD,LAD,B,,,0,1,2026,1.22,0.66,-0.8748046426854534,3.0310819015561723,,,,0,8,Top,,,,,,,-12.36622062477482,-142.8238017806758,-3.5382385073770957,19.67198464959715,35.845067668011204,-22.48379737801232,3.369201116,1.700344488,,,,97.8,2348.0,6.3,823302,666023,664034,665487,592518,593428,657656,701538,592206,54.19,,,,,,,,58,2,Sinker,4,4,4,4,4,4,4,4,Infield shade,Standard,138.0,-0.005,0.029,,,,,-0.029,,0,0,0.507,0.493,27,31,27,32,1,3,3.0,1.0,3.0,1.0,1.72,1.22,1.22,37.8,,,,,,Sinker,False
SL,2026-05-19,90.2,2.93,5.79,"Morejon, Adrian",660271,670970,,foul,,,,,8.0,,R,L,L,SD,LAD,S,,,0,0,2026,-0.21,0.17,0.2527825507760218,2.056782542796804,,,,0,8,Top,,,,,,,-6.120678299783746,-131.24550634847623,-3.477002216013924,-1.196629841039281,26.92302662433224,-29.68072485900591,3.369201116,1.700344488,3.0,76.4,-33.0,90.3,2759.0,6.3,823302,666023,664034,665487,592518,593428,657656,701538,592206,54.21,,,,,,,,58,1,Slider,4,4,4,4,4,4,4,4,Infield shade,Standard,273.0,0.007,-0.041,71.5,8.0,,,0.041,88.0,0,0,0.5,0.5,27,31,27,32,1,3,3.0,1.0,3.0,1.0,2.62,-0.21,-0.21,37.5,35.13034259305106,2.9351998354192377,33.35958080031828,34.88554294495633,28.129322704766142,Slider,False
CH,2026-05-16,90.6,2.75,5.93,"Morejon, Adrian",608701,670970,force_out,hit_into_play,,,,,9.0,"Rob Refsnyder grounds into a force out, shortstop Xander Bogaerts to second baseman Sung-Mun Song. Cole Young out at 2nd.",R,R,L,SEA,SD,X,6.0,ground_ball,2,2,2026,1.0,-0.02,0.4876683746796706,1.50929273883271,,,702284.0,2,8,Bot,103.85,152.09,,,,,-7.724389078179718,-131.75447136489927,-4.813953916678667,13.251618358475309,27.765843747825738,-31.59767367196116,3.186655184,1.608218504,5.0,87.3,-16.0,90.6,900.0,6.3,823139,660710,657757,823550,609280,593428,657656,701538,665487,54.21,0.08,0.076,0.0,1.0,0.0,0.0,2.0,66,7,Changeup,4,7,4,7,7,4,4,7,Standard,Standard,112.0,-0.019,-0.246,63.4,8.3,,0.088,0.246,88.0,-3,-3,0.053,0.053,27,35,27,35,1,0,1.0,1.0,3.0,1.0,2.8,1.0,-1.0,38.8,13.994219390697085,-0.4319413054302013,37.02021846338423,43.25375300893561,26.374726346372896,Changeup,True
SI,2026-05-16,99.8,2.6,5.95,"Morejon, Adrian",608701,670970,,foul,,,,,5.0,,R,R,L,SEA,SD,S,,,2,2,2026,1.31,0.88,-0.0375986566828563,2.1522502036030486,,,702284.0,2,8,Bot,,,,,,,-10.288729610227566,-144.86599525574712,-6.935565252626738,20.82398910994541,32.544540210204325,-18.307616202104725,3.186655184,1.608218504,151.0,81.0,12.0,99.9,2368.0,6.4,823139,660710,657757,823550,609280,593428,657656,701538,665487,54.13,,,,,,,,66,6,Sinker,4,7,4,7,7,4,4,7,Standard,Standard,145.0,0.0,0.0,70.7,6.7,,,0.0,88.0,-3,-3,0.053,0.053,27,35,27,35,1,0,1.0,1.0,3.0,1.0,1.41,1.31,-1.31,41.5,-9.495417391339048,30.594604673572377,41.041512903801085,37.02257961159929,10.148686406698612,Sinker,False
SI,2026-05-16,98.8,2.7,6.04,"Morejon, Adrian",608701,670970,,foul,,,,,11.0,,R,R,L,SEA,SD,S,,,2,2,2026,1.29,0.89,-0.842773473023237,3.0573391754686075,,,702284.0,2,8,Bot,,,,,,,-12.544182001965376,-143.35668614224383,-4.592419283380121,20.664264500018863,31.21809434434611,-18.971031599858016,3.186655184,1.608218504,,,,98.7,2257.0,6.3,823139,660710,657757,823550,609280,593428,657656,701538,665487,54.23,,,,,,,,66,5,Sinker,4,7,4,7,7,4,4,7,Standard,Standard,135.0,0.0,0.0,32.6,5.1,,,0.0,,-3,-3,0.053,0.053,27,35,27,35,1,0,1.0,1.0,3.0,1.0,1.45,1.29,-1.29,41.6,-19.997306371206772,62.7034003276684,33.210458977277455,25.681968842543533,-1.299333550644548,Sinker,False
CH,2026-05-16,91.5,2.9,5.97,"Morejon, Adrian",608701,670970,,blocked_ball,,,,,14.0,,R,R,L,SEA,SD,B,,,1,2,2026,1.08,0.18,0.7838705028544339,0.1372982088278664,,,702284.0,2,8,Bot,,,,,,,-7.618942404259917,-132.85361212330818,-8.903380550570681,14.442696156916924,27.562572910676387,-28.37312197409446,3.186655184,1.608218504,,,,91.3,1134.0,6.2,823139,660710,657757,823550,609280,593428,657656,701538,665487,54.25,,,,,,,,66,4,Changeup,4,7,4,7,7,4,4,7,Standard,Standard,110.0,0.004,0.052,,,,,-0.052,,-3,-3,0.049,0.049,27,35,27,35,1,0,1.0,1.0,3.0,1.0,2.55,1.08,-1.08,41.5,,,,,,Changeup,False
FF,2026-05-16,97.9,2.37,6.09,"Morejon, Adrian",608701,670970,,ball,,,,,11.0,,R,R,L,SEA,SD,B,,,0,2,2026,0.51,1.33,-1.1484867748160972,3.6689093145130194,,,702284.0,2,8,Bot,,,,,,,-10.538701737113996,-142.318661647844,-4.008062202392491,9.19994636055734,30.484401846027303,-13.340563472459609,3.186655184,1.608218504,,,,97.9,2493.0,6.2,823139,660710,657757,823550,609280,593428,657656,701538,665487,54.28,,,,,,,,66,3,4-Seam Fastball,4,7,4,7,7,4,4,7,Standard,Standard,153.0,0.002,0.021,,,,,-0.021,,-3,-3,0.047,0.047,27,35,27,35,1,0,1.0,1.0,3.0,1.0,1.04,0.51,-0.51,46.0,,,,,,Four-seam,False
SI,2026-05-16,99.2,2.49,6.03,"Morejon, Adrian",608701,670970,,foul_tip,,,,,1.0,,R,R,L,SEA,SD,S,,,0,1,2026,1.27,0.72,-0.4118934725767424,3.031720522408854,,,702284.0,2,8,Bot,,,,,,,-10.81918446264707,-144.13824156076544,-4.306602148955626,20.125010787010517,31.098953879952823,-21.318726135036343,3.186655184,1.608218504,,,,99.4,2455.0,6.3,823139,660710,657757,823550,609280,593428,657656,701538,665487,54.2,,,,,,,,66,2,Sinker,4,7,4,7,7,4,4,7,Standard,Standard,139.0,-0.006,-0.061,67.7,5.8,,,0.061,,-3,-3,0.053,0.053,27,35,27,35,1,0,1.0,1.0,3.0,1.0,1.59,1.27,-1.27,41.1,-8.580314157841471,39.47296238365404,40.330130959377065,32.28782827130606,10.39134912090498,Sinker,False
SI,2026-05-16,99.2,2.5,5.99,"Morejon, Adrian",608701,670970,,swinging_strike,,,,,2.0,,R,R,L,SEA,SD,S,,,0,0,2026,1.42,0.85,-0.1968380565211109,2.9072150489979807,,,702284.0,2,8,Bot,,,,,,,-10.633876403597316,-144.07229915385693,-4.834672531505876,22.20174140385664,31.786635034228816,-19.391242338586476,3.186655184,1.608218504,,,,99.2,2412.0,6.3,823139,660710,657757,823550,609280,593428,657656,701538,665487,54.22,,,,,,,,66,1,Sinker,4,7,4,7,7,4,4,7,Standard,Standard,145.0,-0.003,-0.041,72.4,6.4,0.790546572,,0.041,,-3,-3,0.056,0.056,27,35,27,35,1,0,1.0,1.0,3.0,1.0,1.47,1.42,-1.42,42.4,3.230639204360306,22.778932469525714,39.074812364704336,34.611905208445584,16.495314563232625,Sinker,False
SI,2026-05-16,98.5,2.57,5.93,"Morejon, Adrian",702284,670970,force_out,hit_into_play,,,,,7.0,"Cole Young grounds into a force out, shortstop Xander Bogaerts to second baseman Sung-Mun Song. Josh Naylor scores. Randy Arozarena out at 2nd. Cole Young to 1st.",R,L,L,SEA,SD,X,6.0,ground_ball,1,1,2026,1.15,0.34,-0.4961456493967302,1.7954129711568831,647304.0,,668227.0,1,8,Bot,117.63,154.69,,,,,-10.923229458765563,-143.02303650500184,-6.329771537671086,18.309650762521645,31.50359398628118,-26.15811137913544,3.133120079,1.581200787,1.0,51.3,-52.0,98.5,2280.0,6.3,823139,660710,657757,823550,609280,593428,657656,701538,665487,54.21,0.284,0.256,0.0,1.0,0.0,0.0,1.0,65,3,Sinker,3,7,3,7,7,4,4,7,Standard,Standard,141.0,-0.032,-0.266,64.2,6.8,,0.285,0.266,88.0,-4,-4,0.088,0.088,27,22,27,23,1,3,1.0,1.0,3.0,1.0,2.01,1.15,1.15,39.0,-6.5992819820605115,20.00000091488788,28.233596861614352,39.793358179512225,14.570467129935889,Sinker,True
SL,2026-05-16,87.5,2.82,5.83,"Morejon, Adrian",702284,670970,,ball,,,,,13.0,,R,L,L,SEA,SD,B,,,0,1,2026,-0.34,0.35,-1.0104890590316593,2.075575948374612,647304.0,,668227.0,1,8,Bot,,,,,,,-8.406028651457136,-127.21388135082624,-3.4613752710201915,-2.1516999309403744,23.613607512029997,-27.914703010938037,3.133120079,1.581200787,,,,87.9,2820.0,6.3,823139,660710,657757,823550,609280,593428,657656,701538,665487,54.15,,,,,,,,65,2,Slider,3,7,3,7,7,3,3,7,Standard,Standard,292.0,0.005,0.009,,,,,-0.009,,-4,-4,0.083,0.083,27,22,27,23,1,3,1.0,1.0,3.0,1.0,2.61,-0.34,-0.34,37.4,,,,,,Slider,False
SI,2026-05-16,99.0,2.54,5.91,"Morejon, Adrian",702284,670970,,called_strike,,,,,4.0,,R,L,L,SEA,SD,S,,,0,0,2026,1.2,0.55,-0.3390207785394608,2.2954097350317726,647304.0,,668227.0,1,8,Bot,,,,,,,-10.576559148872594,-143.78454647314095,-5.505833562798494,19.029485405876432,31.992206922509027,-23.49264027917855,3.133120079,1.581200787,,,,99.0,2324.0,6.3,823139,660710,657757,823550,609280,593428,657656,701538,665487,54.22,,,,,,,,65,1,Sinker,3,7,3,7,7,3,3,7,Standard,Standard,138.0,-0.007,-0.049,,,,,0.049,,-4,-4,0.09,0.09,27,22,27,23,1,3,1.0,1.0,3.0,1.0,1.78,1.2,1.2,43.1,,,,,,Sinker,False
FF,2026-05-16,97.9,2.47,6.04,"Morejon, Adrian",670042,670970,strikeout,swinging_strike,,,,,11.0,Luke Raley strikes out swinging.,R,L,L,SEA,SD,S,2.0,,0,2,2026,0.39,1.5,-0.3950764779397215,3.836539789010171,647304.0,,668227.0,0,8,Bot,,,,,,,-8.515071909695855,-142.32393063232462,-3.8042431837490898,7.164564610500099,31.33449776969544,-11.075030343044988,3.340239501,1.685728347,,,,97.8,2458.0,6.2,823139,660710,657757,823550,609280,593428,657656,701538,665487,54.31,,0.0,0.0,1.0,0.0,0.0,,64,3,4-Seam Fastball,3,7,3,7,7,3,3,7,Standard,Standard,148.0,-0.031,-0.218,71.2,6.0,3.224994984,,0.218,,-4,-4,0.121,0.121,27,31,27,32,1,3,1.0,1.0,3.0,1.0,0.88,0.39,0.39,42.5,6.92123417998036,18.214019182716207,22.96788269490346,42.140730151330615,19.1865332936166,Four-seam,True
SL,2026-05-16,88.7,2.93,5.91,"Morejon, Adrian",670042,670970,,swinging_strike,,,,,5.0,,R,L,L,SEA,SD,S,,,0,1,2026,-0.28,0.37,-0.2265530916320119,2.8261483376958494,647304.0,,668227.0,0,8,Bot,,,,,,,-7.0176030777843845,-129.04764647799468,-2.122942008957066,-1.7856778754481488,24.562637588083938,-27.77449838109518,3.340239501,1.685728347,,,,88.8,2776.0,6.2,823139,660710,657757,823550,609280,593428,657656,701538,665487,54.31,,,,,,,,64,2,Slider,3,7,3,7,7,3,3,7,Standard,Standard,295.0,-0.013,-0.057,77.7,7.2,0.70829112,,0.057,,-4,-4,0.134,0.134,27,31,27,32,1,3,1.0,1.0,3.0,1.0,2.51,-0.28,-0.28,38.3,14.4602670201172,-5.121835800403327,29.13296943187963,38.68125186525636,31.849349661824967,Slider,False
SL,2026-05-16,88.2,2.81,5.84,"Morejon, Adrian",670042,670970,,swinging_strike,,,,,13.0,,R,L,L,SEA,SD,S,,,0,0,2026,-0.34,0.44,-1.1247155364569457,1.7190439742953054,647304.0,,668227.0,0,8,Bot,,,,,,,-8.70866797553995,-128.21606213221412,-4.649575512730456,-2.166331412633213,24.12199153181127,-26.607212693445444,3.340239501,1.685728347,,,,88.5,2813.0,6.3,823139,660710,657757,823550,609280,593428,657656,701538,665487,54.2,,,,,,,,64,1,Slider,3,7,3,7,7,3,3,7,Standard,Standard,284.0,-0.008,-0.041,65.8,7.6,1.320993,,0.041,,-4,-4,0.142,0.142,27,31,27,32,1,3,1.0,1.0,3.0,1.0,2.48,-0.34,-0.34,36.7,18.333992942745763,-1.5718903841820069,31.257133048762658,51.22147235520291,34.737540838529725,Slider,False
SI,2026-05-15,100.1,2.52,5.96,"Morejon, Adrian",702284,670970,field_out,hit_into_play,,,,,9.0,Cole Young grounds out to first baseman Gavin Sheets.,R,L,L,SEA,SD,X,3.0,ground_ball,0,0,2026,1.62,0.6,0.3660694945378995,1.7649728905601123,,,656582.0,2,7,Bot,144.91,177.44,,,,,-9.713378463326782,-145.2548420599641,-7.312481992779564,25.286397750316965,37.67805759798796,-22.00200882892168,3.133120079,1.581200787,2.0,85.3,-43.0,99.2,2347.0,6.2,823140,666023,657757,823550,592518,593428,657656,701538,665487,54.29,0.06,0.054,0.0,1.0,0.0,0.0,2.0,53,1,Sinker,0,2,0,2,2,0,0,2,Standard,Standard,141.0,-0.038,-0.275,70.2,7.0,,0.07,0.275,88.0,-2,-2,0.176,0.176,27,22,27,23,1,2,5.0,1.0,1.0,1.0,1.71,1.62,1.62,40.7,1.7437012782817325,1.2597012794206075,30.297396947426975,29.63854140011611,28.755863262527864,Sinker,True
CH,2026-05-15,92.3,2.64,5.97,"Morejon, Adrian",608701,670970,strikeout,swinging_strike,,,,,13.0,Rob Refsnyder strikes out swinging.,R,R,L,SEA,SD,S,2.0,,1,2,2026,1.08,-0.19,-0.9584167167504092,1.12484837896005,,,656582.0,1,7,Bot,,,,,,,-11.38633852177941,-133.86732330780794,-5.741543204473617,15.510769286198782,30.53804397335795,-33.31131886735295,3.186655184,1.608218504,,,,91.8,1109.0,6.3,823140,666023,657757,823550,592518,593428,657656,701538,665487,54.22,,0.0,0.0,1.0,0.0,0.0,,52,5,Changeup,0,2,0,2,2,0,0,2,Standard,Standard,115.0,-0.036,-0.179,72.9,7.9,2.283674892,,0.179,,-2,-2,0.212,0.212,27,35,27,35,1,0,5.0,2.0,1.0,1.0,2.9,1.08,-1.08,46.2,17.353539424568876,-13.057613468368132,43.615077180578965,26.091675874519836,34.16319433044265,Changeup,True
SI,2026-05-15,99.7,2.48,5.97,"Morejon, Adrian",608701,670970,,ball,,,,,13.0,,R,R,L,SEA,SD,B,,,0,2,2026,1.47,0.42,-1.3450243207070476,2.217097369387454,,,656582.0,1,7,Bot,,,,,,,-13.821699591153546,-144.33646488214404,-5.580894929079329,23.895793653475355,36.78425493929963,-25.02297457782089,3.186655184,1.608218504,,,,98.8,2265.0,6.3,823140,666023,657757,823550,592518,593428,657656,701538,665487,54.22,,,,,,,,52,4,Sinker,0,2,0,2,2,0,0,2,Standard,Standard,139.0,0.005,0.018,,,,,-0.018,,-2,-2,0.207,0.207,27,35,27,35,1,0,5.0,2.0,1.0,1.0,1.91,1.47,-1.47,45.4,,,,,,Sinker,False
FF,2026-05-15,98.4,2.53,6.03,"Morejon, Adrian",608701,670970,,foul,,,,,4.0,,R,R,L,SEA,SD,S,,,0,2,2026,0.72,1.1,-0.4321988718057479,2.5837735890412015,,,656582.0,1,7,Bot,,,,,,,-9.607155071961357,-142.8659319689959,-6.223238563278736,12.156562981869714,33.99325497355635,-15.7523512003582,3.186655184,1.608218504,219.0,69.6,33.0,98.0,2347.0,6.3,823140,666023,657757,823550,592518,593428,657656,701538,665487,54.25,,,,,,,,52,3,4-Seam Fastball,0,2,0,2,2,0,0,2,Standard,Standard,141.0,0.0,0.0,70.7,6.4,,,0.0,88.0,-2,-2,0.207,0.207,27,35,27,35,1,0,5.0,2.0,1.0,1.0,1.27,0.72,-0.72,43.2,-0.9655770618222548,27.200529246771136,39.376997463794794,30.83005833806542,18.071069540521215,Four-seam,False
SI,2026-05-15,99.7,2.51,5.95,"Morejon, Adrian",608701,670970,,called_strike,,,,,7.0,,R,R,L,SEA,SD,S,,,0,1,2026,1.52,0.63,-0.5550073975320646,1.5319277050894355,,,656582.0,1,7,Bot,,,,,,,-11.88752318764198,-144.48776591004608,-7.906967473894373,24.22534072578276,36.96465063091517,-21.485393088803495,3.186655184,1.608218504,,,,98.8,2378.0,6.2,823140,666023,657757,823550,592518,593428,657656,701538,665487,54.25,,,,,,,,52,2,Sinker,0,2,0,2,2,0,0,2,Standard,Standard,140.0,-0.013,-0.058,,,,,0.058,,-2,-2,0.22,0.22,27,35,27,35,1,0,5.0,2.0,1.0,1.0,1.7,1.52,-1.52,40.8,,,,,,Sinker,False
CH,2026-05-15,92.6,2.55,6.0,"Morejon, Adrian",608701,670970,,foul,,,,,8.0,,R,R,L,SEA,SD,S,,,0,0,2026,1.19,0.32,-0.0134292589181632,1.7688548712661822,,,656582.0,1,7,Bot,,,,,,,-9.096324837300918,-134.4717134725449,-5.429403869613305,16.486871603511442,30.536806432159704,-27.198429371770715,3.186655184,1.608218504,2.0,65.1,-40.0,92.2,1138.0,6.3,823140,666023,657757,823550,592518,593428,657656,701538,665487,54.21,,,,,,,,52,1,Changeup,0,2,0,2,2,0,0,2,Standard,Standard,113.0,-0.008,-0.037,70.6,7.9,,,0.037,88.0,-2,-2,0.228,0.228,27,35,27,35,1,0,5.0,2.0,1.0,1.0,2.36,1.19,-1.19,41.8,21.63075974574674,-4.921918585174052,37.26909335849376,35.51076229981565,32.80614063980772,Changeup,False
SI,2026-05-15,98.9,2.46,5.95,"Morejon, Adrian",641487,670970,field_out,hit_into_play,,,,,6.0,J.P. Crawford pops out to second baseman Sung-Mun Song.,R,L,L,SEA,SD,X,4.0,popup,1,1,2026,1.35,0.96,0.3558210634141314,2.246727653270178,,,656582.0,0,7,Bot,137.25,161.24,,,,,-8.829499515409069,-143.60152873977606,-6.644407730408861,20.79713380843317,34.84873876293214,-17.542551285170134,3.219127297,1.624606299,105.0,64.6,68.0,98.2,2455.0,6.1,823140,666023,657757,823550,592518,593428,657656,701538,665487,54.35,0.001,0.0,0.0,1.0,0.0,0.0,3.0,51,3,Sinker,0,2,0,2,2,0,0,2,Standard,Standard,146.0,-0.059,-0.231,74.2,7.8,,0.001,0.231,88.0,-2,-2,0.287,0.287,27,31,27,31,1,2,5.0,1.0,1.0,1.0,1.39,1.35,1.35,40.5,9.643360736580709,-5.335014310996328,30.75222134498054,33.22899359832235,40.78398832663073,Sinker,True
SI,2026-05-15,98.6,2.55,5.9,"Morejon, Adrian",641487,670970,,called_strike,,,,,2.0,,R,L,L,SEA,SD,S,,,1,0,2026,1.26,0.89,-0.2178070483105505,3.028480650828953,,,656582.0,0,7,Bot,,,,,,,-10.4052109896972,-143.132474788025,-4.211074050019464,19.819959756348684,34.78665280062158,-19.16256641426554,3.219127297,1.624606299,,,,98.2,2454.0,6.3,823140,666023,657757,823550,592518,593428,657656,701538,665487,54.17,,,,,,,,51,2,Sinker,0,2,0,2,2,0,0,2,Standard,Standard,143.0,-0.013,-0.052,,,,,0.052,,-2,-2,0.3,0.3,27,31,27,31,1,2,5.0,1.0,1.0,1.0,1.48,1.26,1.26,42.9,,,,,,Sinker,False
SL,2026-05-15,91.8,2.97,6.0,"Morejon, Adrian",641487,670970,,ball,,,,,12.0,,R,L,L,SEA,SD,B,,,0,0,2026,-0.25,0.31,0.0572063672281697,3.5467085838833428,,,656582.0,0,7,Bot,,,,,,,-6.694235612650845,-133.6741428266177,-0.8837385110102818,-1.6686973982577682,27.65967154826902,-28.518666713214756,3.219127297,1.624606299,,,,91.8,2833.0,6.2,823140,666023,657757,823550,592518,593428,657656,701538,665487,54.33,,,,,,,,51,1,Slider,0,2,0,2,2,0,0,2,Standard,Standard,247.0,0.01,0.037,,,,,-0.037,,-2,-2,0.29,0.29,27,31,27,31,1,2,5.0,1.0,1.0,1.0,2.39,-0.25,-0.25,44.2,,,,,,Slider,False
FF,2026-05-15,99.1,2.57,6.11,"Morejon, Adrian",656582,670970,walk,ball,,,,,11.0,Connor Joe walks.,R,R,L,SEA,SD,B,,,3,2,2026,0.69,1.22,-0.7507463365450864,3.5709088161601494,,,,0,7,Bot,,,,,,,-10.540935379840976,-143.95667623194,-4.1856470902389535,12.13192097084482,34.44722902408384,-14.3642328257425,3.173490814,1.601574803,,,,98.6,2402.0,6.2,823140,666023,657757,823550,592518,593428,657656,701538,665487,54.34,,0.698418,0.7,1.0,0.0,0.0,,50,7,4-Seam Fastball,0,2,0,2,2,0,0,2,Standard,Standard,145.0,0.059,0.36,,,,,-0.36,,-2,-2,0.231,0.231,27,33,27,34,1,0,5.0,2.0,1.0,1.0,1.11,0.69,-0.69,44.6,,,,,,Four-seam,True
SI,2026-05-15,100.1,2.52,6.01,"Morejon, Adrian",656582,670970,,foul,,,,,4.0,,R,R,L,SEA,SD,S,,,3,2,2026,1.46,0.81,-0.4069365452156726,2.192744688681352,,,,0,7,Bot,,,,,,,-11.434237601649656,-145.27799130253632,-6.852171235017687,23.37637268171073,33.152920611220544,-19.197956645554378,3.173490814,1.601574803,196.0,79.0,19.0,99.8,2374.0,6.2,823140,666023,657757,823550,592518,593428,657656,701538,665487,54.28,,,,,,,,50,6,Sinker,0,2,0,2,2,0,0,2,Standard,Standard,146.0,0.0,0.0,77.4,7.6,,,0.0,88.0,-2,-2,0.231,0.231,27,33,27,34,1,0,5.0,2.0,1.0,1.0,1.47,1.46,-1.46,42.8,6.664965209071328,-8.63073304828196,36.39116269932605,36.89354556511212,29.059635369141255,Sinker,False
CH,2026-05-15,92.9,2.71,5.99,"Morejon, Adrian",656582,670970,,ball,,,,,14.0,,R,R,L,SEA,SD,B,,,2,2,2026,1.22,0.02,0.7947104846617241,1.2452235438457824,,,,0,7,Bot,,,,,,,-7.520513391140421,-134.9526134881611,-6.109166602180321,16.574881317707394,29.64589332726759,-30.746581003162376,3.173490814,1.601574803,,,,92.5,1031.0,6.1,823140,666023,657757,823550,592518,593428,657656,701538,665487,54.36,,,,,,,,50,5,Changeup,0,2,0,2,2,0,0,2,Standard,Standard,114.0,0.016,0.113,,,,,-0.113,,-2,-2,0.215,0.215,27,33,27,34,1,0,5.0,2.0,1.0,1.0,2.63,1.22,-1.22,39.6,,,,,,Changeup,False
FF,2026-05-15,98.9,2.56,6.06,"Morejon, Adrian",656582,670970,,foul,,,,,7.0,,R,R,L,SEA,SD,S,,,2,1,2026,0.61,1.26,-0.5051346631364817,2.017546245261705,,,,0,7,Bot,,,,,,,-9.646675718089687,-143.50928314349682,-8.237542547739567,10.868099650272985,36.14749475466972,-12.991091859395302,3.173490814,1.601574803,177.0,81.8,15.0,98.0,2489.0,6.2,823140,666023,657757,823550,592518,593428,657656,701538,665487,54.34,,,,,,,,50,4,4-Seam Fastball,0,2,0,2,2,0,0,2,Standard,Standard,145.0,-0.013,-0.078,79.3,8.5,,,0.078,88.0,-2,-2,0.228,0.228,27,33,27,34,1,0,5.0,2.0,1.0,1.0,1.1,0.61,-0.61,46.8,14.498865041638588,-21.245826585232862,33.52060772925834,36.18020106557544,38.53928811674655,Four-seam,False
SI,2026-05-15,98.5,2.46,6.06,"Morejon, Adrian",656582,670970,,ball,,,,,13.0,,R,R,L,SEA,SD,B,,,1,1,2026,1.53,0.91,-1.413873953079039,2.132991205048512,,,,0,7,Bot,,,,,,,-13.886053776517146,-142.47996722117315,-6.970048631293156,24.261838673286935,36.48463025584785,-18.172336579348244,3.173490814,1.601574803,,,,97.3,2448.0,6.2,823140,666023,657757,823550,592518,593428,657656,701538,665487,54.33,,,,,,,,50,3,Sinker,0,2,0,2,2,0,0,2,Standard,Standard,145.0,0.009,0.063,,,,,-0.063,,-2,-2,0.219,0.219,27,33,27,34,1,0,5.0,2.0,1.0,1.0,1.49,1.53,-1.53,46.9,,,,,,Sinker,False
CH,2026-05-15,92.2,2.71,6.07,"Morejon, Adrian",656582,670970,,called_strike,,,,,6.0,,R,R,L,SEA,SD,S,,,1,0,2026,1.1,-0.15,0.8222168489269341,2.3907175656385053,,,,0,7,Bot,,,,,,,-7.133286195187304,-134.11237779491887,-2.9399068951014034,14.909701818518386,30.76796561524854,-33.46971274159675,3.173490814,1.601574803,,,,91.5,1107.0,6.0,823140,666023,657757,823550,592518,593428,657656,701538,665487,54.46,,,,,,,,50,2,Changeup,0,2,0,2,2,0,0,2,Standard,Standard,115.0,-0.009,-0.055,,,,,0.055,,-2,-2,0.228,0.228,27,33,27,34,1,0,5.0,2.0,1.0,1.0,2.84,1.1,-1.1,40.8,,,,,,Changeup,False
CH,2026-05-15,91.4,2.74,6.05,"Morejon, Adrian",656582,670970,,ball,,,,,12.0,,R,R,L,SEA,SD,B,,,0,0,2026,1.04,0.36,1.242346611750112,3.17579203354233,,,,0,7,Bot,,,,,,,-5.972804276050126,-133.00013435289264,-1.9449433115632584,13.614901933288245,28.95026526533989,-27.6570323478904,3.173490814,1.601574803,,,,91.1,981.0,6.1,823140,666023,657757,823550,592518,593428,657656,701538,665487,54.36,,,,,,,,50,1,Changeup,0,2,0,2,2,0,0,2,Standard,Standard,115.0,0.007,0.042,,,,,-0.042,,-2,-2,0.221,0.221,27,33,27,34,1,0,5.0,2.0,1.0,1.0,2.37,1.04,-1.04,40.4,,,,,,Changeup,False
SI,2026-05-10,98.8,2.75,6.0,"Morejon, Adrian",665877,670970,field_out,hit_into_play,,,,,3.0,José Fermín pops out to first baseman Ty France.,R,R,L,SD,STL,X,3.0,popup,0,0,2026,1.35,0.78,0.3612236084963196,2.935811616010743,,676475.0,691026.0,2,10,Top,167.42,148.98,,,,,-9.597793673930294,-143.50132753036965,-4.532440183646504,20.936579778181923,33.190057620413015,-20.527848455738663,3.137508202,1.583415354,136.0,83.5,70.0,98.5,2479.0,6.2,823305,666023,664034,665487,592518,593428,657757,701538,657656,54.27,0.003,0.003,0.0,1.0,0.0,0.0,3.0,70,1,Sinker,2,2,2,2,2,2,2,2,Standard,Standard,143.0,0.12,-0.285,67.8,7.2,,0.003,0.285,88.0,0,0,0.685,0.315,27,27,27,27,1,0,1.0,1.0,5.0,2.0,1.56,1.35,-1.35,40.5,13.90270082566798,-3.274118308211755,22.469002404582348,44.481702989417094,25.95855181508076,Sinker,True
SI,2026-05-09,99.7,2.46,5.9,"Morejon, Adrian",676475,670970,field_out,hit_into_play,,,,,2.0,"Alec Burleson grounds out, shortstop Xander Bogaerts to first baseman Ty France.",R,L,L,SD,STL,X,6.0,ground_ball,0,1,2026,1.32,0.7,0.1329520893996321,2.7924148462635685,,671056.0,,1,8,Top,131.54,150.16,,,,,-9.429452332286152,-144.80239522266484,-4.581534511480182,20.769920869552088,34.53156983876257,-21.482745213648258,3.215616798,1.622834646,85.0,69.6,7.0,99.3,2412.0,6.2,823304,666023,664034,823550,592518,593428,657656,701538,665487,54.26,0.206,0.185,0.0,1.0,0.0,0.0,2.0,58,2,Sinker,3,2,2,3,2,3,2,3,Strategic,Standard,145.0,0.074,-0.205,70.5,6.8,,0.22,0.205,88.0,1,-1,0.709,0.291,27,27,27,28,1,3,3.0,1.0,1.0,1.0,1.61,1.32,1.32,41.1,6.322864741077078,14.01933603001995,29.487726131803612,28.35735310913033,24.62189994946484,Sinker,True
SI,2026-05-09,99.6,2.49,5.85,"Morejon, Adrian",676475,670970,,swinging_strike,,,,,13.0,,R,L,L,SD,STL,S,,,0,0,2026,1.37,0.64,-0.3090676298907566,1.394294589280418,,671056.0,,1,8,Top,,,,,,,-10.841986942073005,-144.4010155676484,-8.048401016366533,21.82966916065246,35.706969952880634,-21.355066749046543,3.215616798,1.622834646,,,,99.2,2382.0,6.4,823304,666023,664034,823550,592518,593428,657656,701538,665487,54.1,,,,,,,,58,1,Sinker,3,2,2,3,2,3,2,3,Strategic,Standard,144.0,0.013,-0.045,60.2,7.2,3.063953772,,0.045,,1,-1,0.696,0.304,27,27,27,28,1,3,3.0,1.0,1.0,1.0,1.68,1.37,1.37,40.9,-0.2858914364191985,29.84060756809509,34.24369855860697,36.41188723936765,14.776034801545324,Sinker,False
SI,2026-05-09,100.1,2.48,5.88,"Morejon, Adrian",671056,670970,double,hit_into_play,,,,,1.0,Iván Herrera doubles (11) on a line drive to left fielder Ramón Laureano. JJ Wetherholt scores.,R,R,L,SD,STL,X,7.0,line_drive,3,0,2026,1.12,0.6,-0.8007913935846687,2.962509450020361,,,802139.0,1,8,Top,38.0,100.0,,,,,-11.602543496294672,-145.2871941628026,-3.8911461006008503,18.59818508135081,33.44102407825717,-22.968888204455293,3.173490814,1.601574803,197.0,89.8,15.0,100.0,2315.0,6.4,823304,666023,664034,823550,592518,593428,657656,701538,665487,54.14,0.989,0.916,1.25,1.0,1.0,1.0,4.0,57,4,Sinker,3,1,1,3,2,3,2,3,Standard,Standard,148.0,-0.113,0.596,72.2,7.3,,1.099,-0.596,89.8,2,-2,0.809,0.191,27,26,27,26,1,3,3.0,1.0,1.0,1.0,1.69,1.12,-1.12,45.4,7.838505691863784,-10.195116750317382,24.453232972585447,26.774425636719236,37.2968939818913,Sinker,True
FF,2026-05-09,98.7,2.48,5.96,"Morejon, Adrian",671056,670970,,ball,,,,,11.0,,R,R,L,SD,STL,B,,,2,0,2026,0.45,1.33,-1.5931640844289472,3.120930138684294,,,802139.0,1,8,Top,,,,,,,-12.00349184661074,-143.2683752599368,-5.231509407398124,8.911320880048123,32.43835179318292,-12.749746888720562,3.173490814,1.601574803,,,,98.8,2397.0,6.4,823304,666023,664034,823550,592518,593428,657656,701538,665487,54.07,,,,,,,,57,3,4-Seam Fastball,3,1,1,3,1,3,1,3,Standard,Standard,151.0,-0.022,0.096,,,,,-0.096,,2,-2,0.831,0.169,27,26,27,26,1,3,3.0,1.0,1.0,1.0,1.02,0.45,-0.45,44.2,,,,,,Four-seam,False
CH,2026-05-09,90.9,2.73,5.99,"Morejon, Adrian",671056,670970,,ball,,,,,12.0,,R,R,L,SD,STL,B,,,1,0,2026,0.94,-0.11,0.7185326257011981,3.760958317590115,,,802139.0,1,8,Top,,,,,,,-7.009893640041557,-132.19733041276376,0.737624183985087,12.53924370498926,27.596013149391496,-33.785498387260844,3.173490814,1.601574803,,,,90.9,1020.0,6.3,823304,666023,664034,823550,592518,593428,657656,701538,665487,54.22,,,,,,,,57,2,Changeup,3,1,1,3,1,3,1,3,Standard,Standard,99.0,-0.015,0.066,,,,,-0.066,,2,-2,0.846,0.154,27,26,27,26,1,3,3.0,1.0,1.0,1.0,2.86,0.94,-0.94,44.8,,,,,,Changeup,False
CH,2026-05-09,90.5,2.8,5.93,"Morejon, Adrian",671056,670970,,ball,,,,,12.0,,R,R,L,SD,STL,B,,,0,0,2026,0.73,-0.1,1.016907495952564,2.5322403754492524,,,802139.0,1,8,Top,,,,,,,-5.951648878154595,-131.6977828367791,-2.121991108521893,9.716721705788965,27.54312344267418,-33.0778447269863,3.173490814,1.601574803,,,,90.5,1011.0,6.2,823304,666023,664034,823550,592518,593428,657656,701538,665487,54.27,,,,,,,,57,1,Changeup,3,1,1,3,1,3,1,3,Standard,Standard,101.0,-0.007,0.034,,,,,-0.034,,2,-2,0.853,0.147,27,26,27,26,1,3,3.0,1.0,1.0,1.0,2.88,0.73,-0.73,43.8,,,,,,Changeup,False
SI,2026-05-09,100.3,2.61,5.81,"Morejon, Adrian",802139,670970,hit_by_pitch,hit_by_pitch,,,,,12.0,JJ Wetherholt hit by pitch.,R,L,L,SD,STL,B,,,1,2,2026,1.28,0.7,1.3800309337810337,3.6634367324918817,,,,1,8,Top,,,,,,,-6.420645452759633,-145.82515856436353,-2.016860331348408,19.833252298720147,37.73433752847054,-22.000146964027454,3.096259843,1.562598425,,,,99.7,2346.0,6.2,823304,666023,664034,823550,592518,593428,657656,701538,665487,54.27,,0.729366,0.7,1.0,0.0,0.0,,56,4,Sinker,3,1,1,3,1,3,1,3,Infield shade,Standard,149.0,-0.054,0.502,,,,,-0.502,,2,-2,0.907,0.093,27,23,27,24,1,3,3.0,1.0,1.0,1.0,1.59,1.28,1.28,39.6,,,,,,Sinker,True
SL,2026-05-09,91.5,2.97,5.75,"Morejon, Adrian",802139,670970,,ball,,,,,13.0,,R,L,L,SD,STL,B,,,0,2,2026,-0.09,0.05,-0.2132683609120989,1.1967763722587246,,,,1,8,Top,,,,,,,-7.713647092178048,-133.0463157121979,-5.4600551657582335,0.5862508181033194,28.63989909513773,-30.62442936882995,3.096259843,1.562598425,,,,91.3,2756.0,6.2,823304,666023,664034,823550,592518,593428,657656,701538,665487,54.27,,,,,,,,56,3,Slider,3,1,1,3,1,3,1,3,Infield shade,Standard,282.0,-0.003,0.019,,,,,-0.019,,2,-2,0.91,0.09,27,23,27,24,1,3,3.0,1.0,1.0,1.0,2.68,-0.09,-0.09,37.9,,,,,,Slider,False
SI,2026-05-09,100.3,2.67,5.87,"Morejon, Adrian",802139,670970,,foul,,,,,5.0,,R,L,L,SD,STL,S,,,0,1,2026,1.32,0.87,-0.1138103549305955,2.238247570981911,,,,1,8,Top,,,,,,,-10.73062870669785,-145.570342550921,-6.538496738897264,21.30095848738592,34.28688256886809,-18.31737576197249,3.096259843,1.562598425,234.0,86.6,54.0,100.0,2535.0,6.3,823304,666023,664034,823550,592518,593428,657656,701538,665487,54.2,,,,,,,,56,2,Sinker,3,1,1,3,1,3,1,3,Strategic,Standard,141.0,0.006,-0.057,72.3,7.5,,,0.057,88.0,2,-2,0.904,0.096,27,23,27,24,1,3,3.0,1.0,1.0,1.0,1.4,1.32,1.32,46.8,14.29107622076601,16.0015419232554,30.21086367856029,38.24639292744087,26.62822758303496,Sinker,False
SI,2026-05-09,100.8,2.62,5.84,"Morejon, Adrian",802139,670970,,called_strike,,,,,7.0,,R,L,L,SD,STL,S,,,0,0,2026,1.35,0.97,-0.288019803618551,1.7848794827911687,,,,1,8,Top,,,,,,,-11.222763850748905,-146.24669642691163,-8.021912288529672,22.02147560184259,34.2995102845096,-16.425463209290644,3.096259843,1.562598425,,,,100.7,2515.0,6.4,823304,666023,664034,823550,592518,593428,657656,701538,665487,54.1,,,,,,,,56,1,Sinker,3,1,1,3,1,3,1,3,Strategic,Standard,143.0,0.004,-0.041,,,,,0.041,,2,-2,0.9,0.1,27,23,27,24,1,3,3.0,1.0,1.0,1.0,1.28,1.35,1.35,39.5,,,,,,Sinker,False
SI,2026-05-09,100.2,2.49,5.98,"Morejon, Adrian",665877,670970,strikeout,swinging_strike,,,,,1.0,José Fermín strikes out swinging.,R,R,L,SD,STL,S,2.0,,1,2,2026,1.4,0.97,-0.6643915688225039,2.94035455640734,,,,0,8,Top,,,,,,,-11.88405512451746,-145.35177204171495,-5.129829729815126,22.655950301904166,33.27360812042901,-17.374377580258315,3.137508202,1.583415354,,,,99.7,2456.0,6.1,823304,666023,664034,823550,592518,593428,657656,701538,665487,54.38,,0.0,0.0,1.0,0.0,0.0,,55,4,Sinker,3,1,1,3,1,3,1,3,Standard,Standard,142.0,0.027,-0.187,52.1,5.9,0.708246528,,0.187,,2,-2,0.873,0.127,27,27,27,27,1,0,3.0,3.0,1.0,1.0,1.31,1.4,-1.4,40.6,3.573158422129983,0.8960364180778058,33.83116552787898,30.697064111509135,15.4390078350704,Sinker,True
CH,2026-05-09,92.4,2.77,5.89,"Morejon, Adrian",665877,670970,,ball,,,,,14.0,,R,R,L,SD,STL,B,,,0,2,2026,1.33,0.07,1.7182305592401077,0.8294610231792539,,,,0,8,Top,,,,,,,-5.573308766613606,-134.32579807878207,-6.953870415884394,17.29727112630816,29.006857963768542,-29.983277088087263,3.137508202,1.583415354,,,,92.3,1301.0,6.3,823304,666023,664034,823550,592518,593428,657656,701538,665487,54.2,,,,,,,,55,3,Changeup,3,1,1,3,1,3,1,3,Standard,Standard,117.0,-0.004,0.022,,,,,-0.022,,2,-2,0.877,0.123,27,27,27,27,1,0,3.0,3.0,1.0,1.0,2.6,1.33,-1.33,39.9,,,,,,Changeup,False
CH,2026-05-09,93.5,2.86,5.88,"Morejon, Adrian",665877,670970,,swinging_strike,,,,,14.0,,R,R,L,SD,STL,S,,,0,1,2026,0.91,-0.14,0.6193240032832843,1.252260704124056,,,,0,8,Top,,,,,,,-7.741829181224737,-136.0142888381999,-5.6370212672526145,12.985679962485234,28.019899791936933,-32.927712682483104,3.137508202,1.583415354,,,,93.6,1055.0,6.3,823304,666023,664034,823550,592518,593428,657656,701538,665487,54.25,,,,,,,,55,2,Changeup,3,1,1,3,1,3,1,3,Standard,Standard,108.0,0.009,-0.054,66.2,8.3,2.987220816,,0.054,,2,-2,0.868,0.132,27,27,27,27,1,0,3.0,3.0,1.0,1.0,2.74,0.91,-0.91,42.4,13.96678646991913,-16.092460159859368,34.538266136531334,48.85884372038588,39.02153439945753,Changeup,False
SI,2026-05-09,100.1,2.65,5.89,"Morejon, Adrian",665877,670970,,called_strike,,,,,5.0,,R,R,L,SD,STL,S,,,0,0,2026,1.38,0.86,-0.116744019256723,2.481442186889134,,,,0,8,Top,,,,,,,-10.811128712928,-145.22789676412145,-5.853435430074819,22.119877496898216,34.30898010315097,-18.731963919752015,3.137508202,1.583415354,,,,99.8,2535.0,6.3,823304,666023,664034,823550,592518,593428,657656,701538,665487,54.21,,,,,,,,55,1,Sinker,3,1,1,3,1,3,1,3,Standard,Standard,139.0,0.006,-0.041,,,,,0.041,,2,-2,0.862,0.138,27,27,27,27,1,0,3.0,3.0,1.0,1.0,1.43,1.38,-1.38,44.7,,,,,,Sinker,False
FF,2026-05-06,98.0,2.19,6.01,"Morejon, Adrian",672275,670970,strikeout,swinging_strike,,,,,11.0,Patrick Bailey strikes out swinging.,R,R,L,SF,SD,S,2.0,,1,2,2026,0.4,1.35,-0.7594401057314403,3.7776715598876858,,,683679.0,2,8,Bot,,,,,,,-8.785455209910351,-142.67518548409038,-3.655786132704313,7.202955918444689,26.90995260049635,-12.875187533888116,3.22351542,1.626820866,,,,98.6,2488.0,6.2,823226,666023,664034,665487,592518,593428,657656,701538,592206,54.3,,0.0,0.0,1.0,0.0,0.0,,62,4,4-Seam Fastball,1,5,1,5,5,1,1,5,Standard,Strategic,150.0,-0.008,-0.194,62.7,5.6,1.934111652,,0.194,,-4,-4,0.023,0.023,27,27,27,27,1,2,3.0,4.0,3.0,4.0,0.98,0.4,-0.4,48.5,-7.867742615003206,33.89208422749529,26.510247187076033,28.197827710869056,11.780610018369469,Four-seam,True
SI,2026-05-06,98.8,2.49,5.92,"Morejon, Adrian",672275,670970,,called_strike,,,,,4.0,,R,R,L,SF,SD,S,,,1,1,2026,1.35,0.68,-0.673568656185143,2.5582734007358217,,,683679.0,2,8,Bot,,,,,,,-11.664414943656432,-143.51128551014332,-5.173538322688581,21.238068338177825,28.807912096508375,-21.68307176704356,3.22351542,1.626820866,,,,99.1,2404.0,6.2,823226,666023,664034,665487,592518,593428,657656,701538,592206,54.25,,,,,,,,62,3,Sinker,1,5,1,5,5,1,1,5,Standard,Strategic,137.0,-0.002,-0.069,,,,,0.069,,-4,-4,0.025,0.025,27,27,27,27,1,2,3.0,4.0,3.0,4.0,1.63,1.35,-1.35,41.8,,,,,,Sinker,False
SI,2026-05-06,99.6,2.34,5.97,"Morejon, Adrian",672275,670970,,ball,,,,,11.0,,R,R,L,SF,SD,B,,,0,1,2026,1.63,0.8,-0.9898717973380182,2.63004602705542,,,683679.0,2,8,Bot,,,,,,,-12.857569913753617,-144.5876393252819,-5.511202358799078,25.737049552545592,29.593365076544153,-19.79212155262634,3.22351542,1.626820866,,,,99.7,2491.0,6.2,823226,666023,664034,665487,592518,593428,657656,701538,592206,54.28,,,,,,,,62,2,Sinker,1,5,1,5,5,1,1,5,Standard,Strategic,141.0,0.001,0.028,,,,,-0.028,,-4,-4,0.024,0.024,27,27,27,27,1,2,3.0,4.0,3.0,4.0,1.49,1.63,-1.63,42.1,,,,,,Sinker,False
SL,2026-05-06,87.1,3.0,5.86,"Morejon, Adrian",672275,670970,,called_strike,,,,,14.0,,R,R,L,SF,SD,S,,,0,0,2026,-0.35,0.14,0.9745235406097807,2.1433471686010703,,,683679.0,2,8,Bot,,,,,,,-4.061463188859441,-126.9150071507082,-2.908678270004977,-3.0653484603209296,23.29968689875593,-30.30145268738886,3.22351542,1.626820866,,,,87.3,2903.0,6.1,823226,666023,664034,665487,592518,593428,657656,701538,592206,54.42,,,,,,,,62,1,Slider,1,5,1,5,5,1,1,5,Standard,Strategic,266.0,-0.002,-0.041,,,,,0.041,,-4,-4,0.026,0.026,27,27,27,27,1,2,3.0,4.0,3.0,4.0,2.83,-0.35,0.35,36.6,,,,,,Slider,False
CH,2026-05-06,91.1,2.49,6.0,"Morejon, Adrian",683679,670970,single,hit_into_play,,,,,3.0,Jesus Rodriguez singles on a line drive to center fielder Jackson Merrill.,R,R,L,SF,SD,X,8.0,line_drive,1,2,2026,0.75,0.12,0.7811938727138137,3.0043193084446354,,,,2,8,Bot,153.44,77.12,,,,,-5.856298588295795,-132.79679503660282,-1.8974617809699736,9.955019687170228,19.578482678100073,-30.526702995817267,3.115567585,1.57234252,243.0,97.8,11.0,92.2,1045.0,6.2,823226,666023,664034,665487,592518,593428,657656,701538,592206,54.3,0.834,0.821,0.9,1.0,1.0,0.0,4.0,61,4,Changeup,1,5,1,5,5,1,1,5,Standard,Standard,117.0,0.008,0.407,64.3,7.1,,1.03,-0.407,97.8,-4,-4,0.018,0.018,27,24,27,24,1,2,3.0,1.0,3.0,2.0,2.54,0.75,-0.75,44.3,-0.2402673858353526,6.175204774586589,27.530950006957184,42.931114467049454,25.45878329307094,Changeup,True
FF,2026-05-06,98.7,2.43,6.02,"Morejon, Adrian",683679,670970,,ball,,,,,11.0,,R,R,L,SF,SD,B,,,0,2,2026,0.35,1.11,-0.5244684674095998,4.339436711076843,,,,2,8,Bot,,,,,,,-8.736221818718352,-143.6422141870292,-1.703364413726182,6.573360629192013,27.926372745929143,-16.387589569273675,3.115567585,1.57234252,,,,99.1,2493.0,6.2,823226,666023,664034,665487,592518,593428,657656,701538,592206,54.34,,,,,,,,61,3,4-Seam Fastball,1,5,1,5,5,1,1,5,Standard,Standard,142.0,0.001,0.028,,,,,-0.028,,-4,-4,0.017,0.017,27,24,27,24,1,2,3.0,1.0,3.0,2.0,1.19,0.35,-0.35,44.0,,,,,,Four-seam,False
SI,2026-05-06,99.6,2.6,5.93,"Morejon, Adrian",683679,670970,,foul,,,,,12.0,,R,R,L,SF,SD,S,,,0,1,2026,1.4,0.76,0.9079828484016816,3.2422012152579014,,,,2,8,Bot,,,,,,,-7.885906749436125,-144.93944100203387,-3.690987008605116,21.550280174229304,29.070294716174647,-20.69927010363836,3.115567585,1.57234252,277.0,85.2,29.0,99.7,1549.0,6.0,823226,666023,664034,665487,592518,593428,657656,701538,592206,54.49,,,,,,,,61,2,Sinker,1,5,1,5,5,1,1,5,Standard,Standard,161.0,-0.001,-0.062,66.5,6.1,,,0.062,88.0,-4,-4,0.018,0.018,27,24,27,24,1,2,3.0,1.0,3.0,2.0,1.51,1.4,-1.4,41.1,-4.788598965536984,32.504103093023865,27.297665943468324,46.31932319039405,7.5218038471216095,Sinker,False
SI,2026-05-06,98.9,2.35,5.89,"Morejon, Adrian",683679,670970,,called_strike,,,,,2.0,,R,R,L,SF,SD,S,,,0,0,2026,1.41,0.84,0.0714427052224899,2.8197972283007946,,,,2,8,Bot,,,,,,,-9.457115953085228,-143.93828394836387,-4.862107849319032,21.697120402531898,26.117209631011452,-19.46965603688982,3.115567585,1.57234252,,,,99.7,2744.0,6.2,823226,666023,664034,665487,592518,593428,657656,701538,592206,54.27,,,,,,,,61,1,Sinker,1,5,1,5,5,1,1,5,Standard,Standard,169.0,-0.001,-0.045,,,,,0.045,,-4,-4,0.019,0.019,27,24,27,24,1,2,3.0,1.0,3.0,2.0,1.44,1.41,-1.41,40.4,,,,,,Sinker,False
SL,2026-05-06,87.6,2.94,5.82,"Morejon, Adrian",805811,670970,strikeout,swinging_strike,,,,,9.0,Bryce Eldridge strikes out swinging.,R,L,L,SF,SD,S,2.0,,0,2,2026,-0.57,-0.14,0.3807169110685843,1.6903708475039263,,,,1,8,Bot,,,,,,,-4.884962330647223,-127.69812244572428,-3.4298563848674366,-5.462708636594531,21.81445569901813,-33.31887246412852,3.541215551,1.787155512,,,,88.0,2965.0,6.1,823226,666023,664034,665487,592518,593428,657656,701538,592206,54.43,,0.0,0.0,1.0,0.0,0.0,,60,4,Slider,1,5,1,5,5,1,1,5,Infield shade,Standard,262.0,-0.005,-0.163,72.9,8.5,2.504393928,,0.163,,-4,-4,0.024,0.024,27,21,27,22,1,2,3.0,1.0,3.0,3.0,3.06,-0.57,-0.57,41.2,31.567894437872702,-33.51028448915123,41.24908772240428,30.54852507289652,46.09370987900593,Slider,True
FF,2026-05-06,98.4,2.59,6.03,"Morejon, Adrian",805811,670970,,foul,,,,,3.0,,R,L,L,SF,SD,S,,,0,2,2026,0.53,1.15,0.6781125427788154,3.35882509975442,,,,1,8,Bot,,,,,,,-6.344708528780724,-143.2607634591812,-4.357183695793334,8.673132553347532,30.359952567339516,-15.431545114970769,3.541215551,1.787155512,4.0,66.3,-38.0,98.4,2381.0,6.1,823226,666023,664034,665487,592518,593428,657656,701538,592206,54.43,,,,,,,,60,3,4-Seam Fastball,1,5,1,5,5,1,1,5,Infield shade,Standard,146.0,0.0,0.0,67.6,7.3,,,0.0,88.0,-4,-4,0.024,0.024,27,21,27,22,1,2,3.0,1.0,3.0,3.0,1.18,0.53,0.53,47.3,35.40841835303505,-15.5999983439328,32.662384214141525,28.263871679069617,32.055472333022244,Four-seam,False
SI,2026-05-06,99.0,2.58,5.93,"Morejon, Adrian",805811,670970,,swinging_strike,,,,,14.0,,R,L,L,SF,SD,S,,,0,1,2026,1.4,0.6,1.295751466535999,2.523457180215104,,,,1,8,Bot,,,,,,,-6.7462207590097565,-144.0850955055442,-5.08807440118657,21.12779379311195,31.94713138289312,-22.860405051546465,3.541215551,1.787155512,,,,98.6,2476.0,5.9,823226,666023,664034,665487,592518,593428,657656,701538,592206,54.56,,,,,,,,60,2,Sinker,1,5,1,5,5,1,1,5,Infield shade,Standard,134.0,-0.003,-0.057,76.0,8.0,1.08141408,,0.057,,-4,-4,0.027,0.027,27,21,27,22,1,2,3.0,1.0,3.0,3.0,1.72,1.4,1.4,38.4,26.53866481404175,-25.88268924189947,40.32960547972088,21.259035880084355,30.790145880045323,Sinker,False
SI,2026-05-06,99.1,2.45,5.92,"Morejon, Adrian",805811,670970,,foul,,,,,4.0,,R,L,L,SF,SD,S,,,0,0,2026,1.26,0.88,-0.3023636148936053,2.334908872724215,,,,1,8,Bot,,,,,,,-10.35146135783743,-143.94291308333808,-6.242187834822628,19.772288362253956,30.02727938349068,-18.68996809425149,3.541215551,1.787155512,3.0,60.3,-42.0,99.1,2571.0,6.2,823226,666023,664034,665487,592518,593428,657656,701538,592206,54.32,,,,,,,,60,1,Sinker,1,5,1,5,5,1,1,5,Infield shade,Standard,141.0,-0.001,-0.041,74.0,7.7,,,0.041,88.0,-4,-4,0.028,0.028,27,21,27,22,1,2,3.0,1.0,3.0,3.0,1.43,1.26,1.26,39.4,15.419330322715377,-4.063079150770956,34.416610151602434,42.28968614098008,28.800703410241617,Sinker,False
CH,2026-05-06,89.5,2.65,6.04,"Morejon, Adrian",642715,670970,strikeout,swinging_strike,,,,,13.0,Willy Adames strikes out swinging.,R,R,L,SF,SD,S,2.0,,2,2,2026,0.73,-0.14,-0.4809921389049737,1.3459333695097642,,,,0,8,Bot,,,,,,,-9.15124724688346,-130.09073540632087,-5.118450658251734,9.990524536482996,22.093217245398023,-33.00777984875997,3.22351542,1.626820866,,,,89.7,1053.0,6.1,823226,666023,664034,665487,592518,593428,657656,701538,592206,54.42,,0.0,0.0,1.0,0.0,0.0,,59,5,Changeup,1,5,1,5,5,1,1,5,Standard,Standard,112.0,-0.014,-0.232,73.5,8.6,1.270139532,,0.232,,-4,-4,0.042,0.042,27,30,27,31,1,2,3.0,1.0,3.0,2.0,2.95,0.73,-0.73,41.8,17.79494102416804,-13.03980500170882,37.2067235271044,32.638300468201734,34.361733770473734,Changeup,True
SI,2026-05-06,97.5,2.4,6.09,"Morejon, Adrian",642715,670970,,ball,,,,,11.0,,R,R,L,SF,SD,B,,,1,2,2026,1.32,1.04,-0.2448364307225441,3.7835306781320854,,,,0,8,Bot,,,,,,,-10.034538827672076,-141.84840238075697,-3.008537494714684,20.00909225266627,27.60295824758421,-17.569748705525285,3.22351542,1.626820866,,,,97.5,2471.0,6.0,823226,666023,664034,665487,592518,593428,657656,701538,592206,54.51,,,,,,,,59,4,Sinker,1,5,1,5,5,1,1,5,Standard,Standard,143.0,0.003,0.046,,,,,-0.046,,-4,-4,0.039,0.039,27,30,27,31,1,2,3.0,1.0,3.0,2.0,1.33,1.32,-1.32,42.5,,,,,,Sinker,False
FF,2026-05-06,97.8,2.21,6.16,"Morejon, Adrian",642715,670970,,ball,,,,,11.0,,R,R,L,SF,SD,B,,,0,2,2026,0.35,1.32,-0.6685853860469082,4.082134098866422,,,,0,8,Bot,,,,,,,-8.461054941586827,-142.36636445602585,-3.130365555072495,6.428969641032324,26.98372081393405,-13.549342560921012,3.22351542,1.626820866,,,,98.3,2524.0,6.2,823226,666023,664034,665487,592518,593428,657656,701538,592206,54.33,,,,,,,,59,3,4-Seam Fastball,1,5,1,5,5,1,1,5,Standard,Standard,146.0,0.001,0.022,,,,,-0.022,,-4,-4,0.038,0.038,27,30,27,31,1,2,3.0,1.0,3.0,2.0,1.03,0.35,-0.35,51.0,,,,,,Four-seam,False
FF,2026-05-06,97.3,2.53,6.14,"Morejon, Adrian",642715,670970,,swinging_strike,,,,,12.0,,R,R,L,SF,SD,S,,,0,1,2026,0.66,1.53,0.4629547886129431,3.9757943380805623,,,,0,8,Bot,,,,,,,-6.961430625454008,-141.6917665875726,-3.7445756558969903,10.343549826284658,27.620315331380866,-10.745321526876458,3.22351542,1.626820866,,,,97.4,2481.0,6.0,823226,666023,664034,665487,592518,593428,657656,701538,592206,54.54,,,,,,,,59,2,4-Seam Fastball,1,5,1,5,5,1,1,5,Standard,Standard,146.0,-0.004,-0.054,65.3,6.6,2.376840396,,0.054,,-4,-4,0.042,0.042,27,30,27,31,1,2,3.0,1.0,3.0,2.0,0.84,0.66,-0.66,46.2,1.005739601280794,34.01564089166403,21.86609219967257,42.34707267976004,7.205010535783357,Four-seam,False
SI,2026-05-06,97.1,2.51,6.08,"Morejon, Adrian",642715,670970,,called_strike,,,,,6.0,,R,R,L,SF,SD,S,,,0,0,2026,1.27,1.01,0.5677231504596356,2.607595513820175,,,,0,8,Bot,,,,,,,-8.03501413254107,-141.36916150613976,-5.996043913862218,18.71241884066145,25.712782879919292,-17.460141389355492,3.22351542,1.626820866,,,,97.6,2544.0,6.1,823226,666023,664034,665487,592518,593428,657656,701538,592206,54.4,,,,,,,,59,1,Sinker,1,5,1,5,5,1,1,5,Standard,Standard,144.0,-0.002,-0.041,,,,,0.041,,-4,-4,0.044,0.044,27,30,27,31,1,2,3.0,1.0,3.0,2.0,1.37,1.27,-1.27,43.4,,,,,,Sinker,False
SL,2026-05-06,90.0,2.85,5.79,"Morejon, Adrian",646240,670970,strikeout,swinging_strike,,,,,13.0,Rafael Devers strikes out swinging.,R,L,L,SF,SD,S,2.0,,2,2,2026,-0.18,0.02,-0.7720915024702224,0.8417107711498826,,,,2,7,Bot,,,,,,,-8.473421652047197,-130.87832432585586,-6.166881796070843,-0.628528121654365,23.183514808855172,-31.016711097893022,3.217372047,1.623720472,,,,90.6,3000.0,6.3,823226,666023,664034,665487,592518,593428,657656,701538,592206,54.15,,0.0,0.0,1.0,0.0,0.0,,51,5,Slider,1,3,1,3,3,1,1,3,Infield shade,Standard,255.0,-0.014,-0.223,67.7,8.2,1.355622792,,0.223,,-2,-2,0.152,0.152,27,29,27,30,1,2,3.0,1.0,3.0,2.0,2.76,-0.18,-0.18,40.5,10.329532326089923,-9.278460814690431,32.23746788190677,45.49324838395421,40.983636165308354,Slider,True
SI,2026-05-06,99.5,2.44,6.02,"Morejon, Adrian",646240,670970,,foul,,,,,12.0,,R,L,L,SF,SD,S,,,2,1,2026,1.32,1.05,1.2980041598080754,2.469159330978473,,,,2,7,Bot,,,,,,,-6.200302162587917,-144.84501882896933,-6.690356557939962,20.007507400022245,29.629020335885805,-15.991930413339963,3.217372047,1.623720472,,,,99.7,2273.0,6.1,823226,666023,664034,665487,592518,593428,657656,701538,592206,54.38,,,,,,,,51,4,Sinker,1,3,1,3,3,1,1,3,Infield shade,Standard,140.0,-0.004,-0.079,68.3,7.3,,,0.079,,-2,-2,0.156,0.156,27,29,27,30,1,2,3.0,1.0,3.0,2.0,1.22,1.32,1.32,40.1,9.1738797448682,5.14929313392439,41.51312886356161,22.81059838600285,20.019450064388845,Sinker,False
SI,2026-05-06,100.0,2.57,6.01,"Morejon, Adrian",646240,670970,,ball,,,,,11.0,,R,L,L,SF,SD,B,,,1,1,2026,1.29,1.08,-0.0217579045778997,4.035192777342802,,,,2,7,Bot,,,,,,,-10.10069057402352,-145.3841528740962,-2.5158570356348124,20.62153947807349,32.46263494336166,-16.43343397721526,3.217372047,1.623720472,,,,99.8,2413.0,6.1,823226,666023,664034,665487,592518,593428,657656,701538,592206,54.38,,,,,,,,51,3,Sinker,1,3,1,3,3,1,1,3,Strategic,Standard,143.0,0.003,0.055,,,,,-0.055,,-2,-2,0.153,0.153,27,29,27,30,1,2,3.0,1.0,3.0,2.0,1.2,1.29,1.29,39.2,,,,,,Sinker,False
SI,2026-05-06,99.1,2.52,5.96,"Morejon, Adrian",646240,670970,,called_strike,,,,,7.0,,R,L,L,SF,SD,S,,,1,0,2026,1.4,0.99,-0.4194677924646177,2.114200639567019,,,,2,7,Bot,,,,,,,-11.196340947267196,-143.87358000519984,-7.205470921620053,22.00511607716428,31.22859758225937,-16.85590189359877,3.217372047,1.623720472,,,,98.9,2319.0,6.2,823226,666023,664034,665487,592518,593428,657656,701538,592206,54.33,,,,,,,,51,2,Sinker,1,3,1,3,3,1,1,3,Infield shade,Standard,141.0,-0.003,-0.056,,,,,0.056,,-2,-2,0.156,0.156,27,29,27,30,1,2,3.0,1.0,3.0,2.0,1.33,1.4,1.4,38.8,,,,,,Sinker,False
SI,2026-05-06,100.5,2.66,5.99,"Morejon, Adrian",646240,670970,,ball,,,,,3.0,,R,L,L,SF,SD,B,,,0,0,2026,1.24,1.01,0.7187652897065011,3.2760154098826035,,,,2,7,Bot,,,,,,,-8.262546680568144,-146.1820037081764,-4.460696084460729,19.709014018242456,30.648743917754437,-16.779557288243204,3.217372047,1.623720472,,,,100.6,2311.0,6.1,823226,666023,664034,665487,592518,593428,657656,701538,592206,54.38,,,,,,,,51,1,Sinker,1,3,1,3,3,1,1,3,Infield shade,Standard,145.0,0.002,0.041,,,,,-0.041,,-2,-2,0.154,0.154,27,29,27,30,1,2,3.0,1.0,3.0,2.0,1.23,1.24,1.24,39.9,,,,,,Sinker,False
SI,2026-05-06,99.9,2.52,6.04,"Morejon, Adrian",656305,670970,field_out,hit_into_play,,,,,2.0,"Matt Chapman grounds out, third baseman Manny Machado to first baseman Ty France.",R,R,L,SF,SD,X,5.0,ground_ball,0,1,2026,1.04,0.47,0.0072215511452859,3.029921960741122,,,,1,7,Bot,103.67,165.87,,,,,-9.278039786532968,-145.3416518194073,-3.90968373137364,16.71483439661039,28.729075147517065,-24.824918037771074,3.250721785,1.640551181,4.0,90.4,-36.0,100.2,2410.0,6.1,823226,666023,664034,665487,592518,593428,657656,701538,592206,54.38,0.055,0.052,0.0,1.0,0.0,0.0,2.0,50,2,Sinker,1,3,1,3,3,1,1,3,Standard,Standard,143.0,-0.023,-0.22,74.8,7.0,,0.059,0.22,90.4,-2,-2,0.177,0.177,27,33,27,33,1,2,3.0,1.0,3.0,2.0,1.79,1.04,-1.04,45.6,8.042119451055582,-3.26544594982855,19.90768449506697,35.643057525419195,23.767102491779184,Sinker,True
SL,2026-05-06,90.4,3.06,5.88,"Morejon, Adrian",656305,670970,,swinging_strike,,,,,7.0,,R,R,L,SF,SD,S,,,0,0,2026,-0.24,-0.11,-0.2945703777425763,1.5443323488127407,,,,1,7,Bot,,,,,,,-7.710779353018143,-131.6284032699404,-4.4704946873776255,-1.4473198962017344,23.61965276525824,-32.79123730633744,3.250721785,1.640551181,,,,90.8,2917.0,6.1,823226,666023,664034,665487,592518,593428,657656,701538,592206,54.35,,,,,,,,50,1,Slider,1,3,1,3,3,1,1,3,Standard,Standard,265.0,-0.004,-0.041,79.0,8.7,0.802709064,,0.041,,-2,-2,0.181,0.181,27,33,27,33,1,2,3.0,1.0,3.0,2.0,2.86,-0.24,0.24,38.0,15.587076069264192,-29.42349243300099,29.89065345809767,33.849952953392766,40.2761601487847,Slider,False
CH,2026-05-06,90.9,2.74,6.01,"Morejon, Adrian",669477,670970,field_out,hit_into_play,,,,,14.0,"Casey Schmitt grounds out, pitcher Adrian Morejon to first baseman Ty France.",R,R,L,SF,SD,X,1.0,ground_ball,0,1,2026,1.22,0.09,0.4227662311504878,1.0942313441780525,,,,0,7,Bot,127.49,180.06,,,,,-8.346614497639264,-132.17634368397768,-6.416401181943417,15.952291137866508,23.96602578708794,-30.046284189828853,3.196309055,1.613090551,2.0,73.7,-40.0,91.1,1028.0,6.1,823226,666023,664034,665487,592518,593428,657656,701538,592206,54.41,0.076,0.068,0.0,1.0,0.0,0.0,2.0,49,2,Changeup,1,3,1,3,3,1,1,3,Standard,Standard,112.0,-0.034,-0.218,79.3,8.7,,0.077,0.218,88.0,-2,-2,0.215,0.215,27,27,27,27,1,2,3.0,1.0,3.0,2.0,2.64,1.22,-1.22,42.9,13.830683778184012,-19.578095500689688,39.72115285101036,37.58351223325309,38.26127587771755,Changeup,True
CH,2026-05-06,90.5,2.68,6.13,"Morejon, Adrian",669477,670970,,called_strike,,,,,5.0,,R,R,L,SF,SD,S,,,0,0,2026,1.3,0.07,0.2664215554270752,2.2961264098011687,,,,0,7,Bot,,,,,,,-8.724963009155099,-131.55691158962762,-3.6167486745743465,16.852880561767016,24.090702563245124,-30.836068421592135,3.196309055,1.613090551,,,,90.6,1009.0,6.1,823226,666023,664034,665487,592518,593428,657656,701538,592206,54.39,,,,,,,,49,1,Changeup,1,3,1,3,3,1,1,3,Standard,Standard,112.0,-0.006,-0.041,,,,,0.041,,-2,-2,0.221,0.221,27,27,27,27,1,2,3.0,1.0,3.0,2.0,2.69,1.3,-1.3,43.3,,,,,,Changeup,False
CH,2026-05-03,91.9,2.7,5.9,"Morejon, Adrian",691011,670970,strikeout,swinging_strike,,,,,14.0,Drew Romo strikes out swinging.,R,R,L,SD,CWS,S,2.0,,0,2,2026,1.08,-0.26,0.6504268883580699,1.2043503818223766,,,,2,7,Top,,,,,,,-7.468314089677483,-133.4128529086058,-5.07962449250426,14.564907763771188,33.733181071674856,-34.18462012329506,3.215616798,1.622834646,,,,91.0,1264.0,6.3,823307,666023,664034,630105,592518,593428,657656,701538,592206,54.23,,0.0,0.0,1.0,0.0,0.0,,51,3,Changeup,3,3,3,3,3,3,3,3,Standard,Standard,112.0,0.012,-0.155,69.6,7.9,1.652932272,,0.155,,0,0,0.576,0.424,27,24,27,25,1,2,4.0,2.0,3.0,1.0,3.01,1.08,-1.08,41.5,20.16592745895055,-10.39927156703039,36.62438098819689,45.36495033039816,36.269130721642505,Changeup,True
CH,2026-05-03,92.0,2.8,5.89,"Morejon, Adrian",691011,670970,,swinging_strike,,,,,8.0,,R,R,L,SD,CWS,S,,,0,1,2026,0.97,-0.23,0.1007305970128096,1.9369592671174345,,,,2,7,Top,,,,,,,-8.8560068603607,-133.56108318710216,-3.3104150965469405,13.637546992877514,33.39224046337256,-34.33674992959396,3.215616798,1.622834646,,,,91.2,1294.0,6.3,823307,666023,664034,630105,592518,593428,657656,701538,592206,54.23,,,,,,,,51,2,Changeup,3,3,3,3,3,3,3,3,Standard,Standard,116.0,0.005,-0.062,70.7,7.6,2.357332824,,0.062,,0,0,0.571,0.429,27,24,27,25,1,2,4.0,2.0,3.0,1.0,2.98,0.97,-0.97,43.6,24.717536961641983,-18.222163926042068,33.90928120352923,38.988696868126894,43.972839960213165,Changeup,False
CH,2026-05-03,91.9,2.72,5.92,"Morejon, Adrian",691011,670970,,swinging_strike,,,,,7.0,,R,R,L,SD,CWS,S,,,0,0,2026,0.72,-0.09,-0.3289540343725745,2.024075080265235,,,,2,7,Top,,,,,,,-9.191010075031588,-133.38653947842235,-3.4552524709646457,10.7360972839543,32.89732576232465,-32.64193034724394,3.215616798,1.622834646,,,,91.1,1195.0,6.3,823307,666023,664034,630105,592518,593428,657656,701538,592206,54.22,,,,,,,,51,1,Changeup,3,3,3,3,3,3,3,3,Standard,Standard,114.0,0.003,-0.045,72.0,6.8,0.892579416,,0.045,,0,0,0.568,0.432,27,24,27,25,1,2,4.0,2.0,3.0,1.0,2.84,0.72,-0.72,41.3,11.42766029735932,-5.671267371246441,34.20272652222976,33.931881894701924,32.41512995968119,Changeup,False
SI,2026-05-03,98.7,2.41,5.91,"Morejon, Adrian",682668,670970,field_out,hit_into_play,,,,,12.0,"Luisangel Acuña grounds out, shortstop Xander Bogaerts to first baseman Ty France.",R,R,L,SD,CWS,X,6.0,ground_ball,3,2,2026,1.32,0.63,0.0265021501127129,3.3381068003891756,,,,1,7,Top,110.72,148.98,,,,,-9.497040345567369,-143.31355338331483,-2.7666011457780417,20.51430246547092,38.05187167052949,-23.063862207045048,3.008497375,1.518307087,146.0,105.8,7.0,97.8,2469.0,6.2,823307,666023,664034,630105,592518,593428,657656,701538,592206,54.27,0.694,0.666,0.0,1.0,0.0,0.0,4.0,50,6,Sinker,3,3,3,3,3,3,3,3,Standard,Strategic,148.0,0.035,-0.345,74.4,6.9,,0.804,0.345,105.8,0,0,0.533,0.467,27,24,27,24,1,2,4.0,2.0,3.0,2.0,1.75,1.32,-1.32,42.2,9.04552535211052,2.4888740471194284,14.736395886313275,34.58028277931259,31.095787866103997,Sinker,True
CH,2026-05-03,92.3,2.83,5.82,"Morejon, Adrian",682668,670970,,ball,,,,,13.0,,R,R,L,SD,CWS,B,,,2,2,2026,1.15,0.07,-0.973593290518544,1.1461246185930487,,,,1,7,Top,,,,,,,-12.02213148115204,-133.68760294843568,-5.861121626182239,16.474806629241158,31.572345574984215,-30.05019421868005,3.008497375,1.518307087,,,,91.5,1178.0,6.3,823307,666023,664034,630105,592518,593428,657656,701538,592206,54.23,,,,,,,,50,5,Changeup,3,3,3,3,3,3,3,3,Standard,Strategic,114.0,-0.01,0.112,,,,,-0.112,,0,0,0.543,0.457,27,24,27,24,1,2,4.0,2.0,3.0,2.0,2.65,1.15,-1.15,45.7,,,,,,Changeup,False
SI,2026-05-03,98.4,2.51,5.85,"Morejon, Adrian",682668,670970,,foul,,,,,5.0,,R,R,L,SD,CWS,S,,,2,1,2026,1.41,0.73,0.2338214532049536,1.9971129615549337,,,,1,7,Top,,,,,,,-9.396755613594006,-142.81721932043686,-6.415023040994885,21.557166493798796,34.8128478640578,-20.780283107649204,3.008497375,1.518307087,,,,97.8,2358.0,6.2,823307,666023,664034,630105,592518,593428,657656,701538,592206,54.26,,,,,,,,50,4,Sinker,3,3,3,3,3,3,3,3,Standard,Strategic,141.0,0.008,-0.075,76.1,7.9,,,0.075,,0,0,0.535,0.465,27,24,27,24,1,2,4.0,2.0,3.0,2.0,1.64,1.41,-1.41,43.0,12.644299015662488,-3.3448078378990567,26.11172312739263,37.94678396224385,33.224147850478644,Sinker,False
SI,2026-05-03,98.7,2.46,5.91,"Morejon, Adrian",682668,670970,,ball,,,,,11.0,,R,R,L,SD,CWS,B,,,1,1,2026,1.31,0.56,-0.4286328981798608,3.37657046590755,,,,1,7,Top,,,,,,,-10.82167138343087,-143.28263900436025,-2.519183377076502,20.641625289357624,34.682613868711876,-24.12899412755587,3.008497375,1.518307087,,,,98.1,2348.0,6.2,823307,666023,664034,630105,592518,593428,657656,701538,592206,54.3,,,,,,,,50,3,Sinker,3,3,3,3,3,3,3,3,Standard,Strategic,139.0,-0.005,0.056,,,,,-0.056,,0,0,0.54,0.46,27,24,27,24,1,2,4.0,2.0,3.0,2.0,1.8,1.31,-1.31,41.8,,,,,,Sinker,False
CH,2026-05-03,92.0,2.71,5.88,"Morejon, Adrian",682668,670970,,swinging_strike,,,,,14.0,,R,R,L,SD,CWS,S,,,1,0,2026,1.07,-0.41,1.2136411398933715,1.0744952667359855,,,,1,7,Top,,,,,,,-6.080844527253995,-133.83985617811152,-5.130961177599063,14.133990734590157,30.19124267526199,-36.16370350072032,3.008497375,1.518307087,,,,91.6,1133.0,6.2,823307,666023,664034,630105,592518,593428,657656,701538,592206,54.33,,,,,,,,50,2,Changeup,3,3,3,3,3,3,3,3,Standard,Strategic,111.0,0.005,-0.05,69.6,8.6,8.956667232,,0.05,,0,0,0.535,0.465,27,24,27,24,1,2,4.0,2.0,3.0,2.0,3.12,1.07,-1.07,42.9,14.400735483311443,-12.916197578548488,23.67707184347124,49.65632463923112,42.483593439407855,Changeup,False
SL,2026-05-03,89.7,3.07,5.74,"Morejon, Adrian",682668,670970,,ball,,,,,12.0,,R,R,L,SD,CWS,B,,,0,0,2026,-0.51,-0.21,1.2718820085479097,2.337483233118395,,,,1,7,Top,,,,,,,-3.275576786210654,-130.68078635969832,-1.7510373562569628,-5.096903207437295,28.64576452280189,-34.401615656976375,3.008497375,1.518307087,,,,89.4,2877.0,6.1,823307,666023,664034,630105,592518,593428,657656,701538,592206,54.35,,,,,,,,50,1,Slider,3,3,3,3,3,3,3,3,Standard,Strategic,282.0,-0.004,0.041,,,,,-0.041,,0,0,0.539,0.461,27,24,27,24,1,2,4.0,2.0,3.0,2.0,3.04,-0.51,0.51,36.7,,,,,,Slider,False
SI,2026-05-03,99.5,2.67,5.89,"Morejon, Adrian",671976,670970,field_out,hit_into_play,,,,,6.0,Tristan Peters pops out to third baseman Manny Machado.,R,L,L,SD,CWS,X,5.0,popup,0,1,2026,1.25,0.7,0.4714062652814705,2.339599242414874,,,,0,7,Top,114.26,175.86,,,,,-8.906302081279192,-144.48855733576178,-5.704296399189256,19.70736073554809,36.60867173337802,-21.122301887405193,3.19718668,1.613533465,92.0,65.9,68.0,98.7,2395.0,6.1,823307,666023,664034,630105,592518,593428,657656,701538,592206,54.36,0.001,0.0,0.0,1.0,0.0,0.0,3.0,49,2,Sinker,3,3,3,3,3,3,3,3,Infield shade,Standard,142.0,0.033,-0.218,72.8,6.8,,0.001,0.218,88.0,0,0,0.506,0.494,27,26,27,26,1,2,4.0,1.0,3.0,1.0,1.63,1.25,1.25,39.5,9.918486511915882,4.473628383694717,30.412936306699933,31.614361119923466,29.45833195440953,Sinker,True
SI,2026-05-03,99.6,2.52,5.92,"Morejon, Adrian",671976,670970,,called_strike,,,,,1.0,,R,L,L,SD,CWS,S,,,0,0,2026,1.3,0.73,-0.4667087780779093,3.062644945440632,,,,0,7,Top,,,,,,,-11.155544343508945,-144.5580841543013,-3.9253188186665016,20.952214569939155,36.90592744949968,-21.159668403685114,3.19718668,1.613533465,,,,98.9,2391.0,6.2,823307,666023,664034,630105,592518,593428,657656,701538,592206,54.26,,,,,,,,49,1,Sinker,3,3,3,3,3,3,3,3,Infield shade,Standard,143.0,0.006,-0.041,,,,,0.041,,0,0,0.5,0.5,27,26,27,26,1,2,4.0,1.0,3.0,1.0,1.6,1.3,1.3,41.8,,,,,,Sinker,False
FF,2026-05-03,98.8,2.52,5.92,"Morejon, Adrian",656537,670970,home_run,hit_into_play,,,,,5.0,Derek Hill homers (2) on a fly ball to center field. Chase Meidroth scores.,R,R,L,SD,CWS,X,,fly_ball,0,2,2026,0.59,1.2,-0.0549888303390089,2.6961191240994657,,,805367.0,0,7,Top,94.84,36.55,,,,,-8.318195332513058,-143.5824791708327,-5.926145295271927,10.21136723568609,34.93143461506068,-14.39816778838759,3.215616798,1.622834646,409.0,103.4,26.0,98.4,2513.0,6.2,823307,666023,664034,630105,592518,593428,657656,701538,592206,54.26,0.797,1.48,2.0,1.0,0.0,3.0,6.0,48,3,4-Seam Fastball,3,1,1,3,3,3,3,3,Standard,Standard,143.0,-0.276,1.146,75.6,6.7,,2.816,-1.146,103.4,2,-2,0.776,0.224,27,30,27,31,1,0,4.0,4.0,3.0,1.0,1.15,0.59,-0.59,43.1,16.87017103813707,14.607722873580402,35.48209355543695,35.422747953934085,28.280204272296025,Four-seam,True
CH,2026-05-03,91.5,2.77,5.95,"Morejon, Adrian",656537,670970,,swinging_strike,,,,,14.0,,R,R,L,SD,CWS,S,,,0,1,2026,1.26,-0.35,1.0342935932333088,1.8506882945824208,,,805367.0,0,7,Top,,,,,,,-7.049592612891053,-132.99115662605666,-3.3896502538907463,16.46010233210366,30.630743775605655,-35.75247199977834,3.215616798,1.622834646,,,,90.9,1170.0,6.1,823307,666023,664034,630105,592518,593428,657656,701538,592206,54.36,,,,,,,,48,2,Changeup,3,1,1,3,1,3,1,3,Standard,Standard,111.0,0.014,-0.05,71.8,7.8,3.444635316,,0.05,,2,-2,0.762,0.238,27,30,27,31,1,0,4.0,4.0,3.0,1.0,3.1,1.26,-1.26,43.6,26.17606379226573,2.5220688351656264,35.094072787381066,48.23350793151782,33.7593903251937,Changeup,False
SI,2026-05-03,99.5,2.52,5.95,"Morejon, Adrian",656537,670970,,foul_bunt,,,,,4.0,,R,R,L,SD,CWS,S,,,0,0,2026,1.37,0.61,-0.6556231447291412,2.5454090228809223,,,805367.0,0,7,Top,,,,,,,-11.846075915131404,-144.22384852342455,-5.085593178440844,22.062357480246877,36.63668070371321,-22.553653982916444,3.215616798,1.622834646,,,,98.8,2278.0,6.3,823307,666023,664034,630105,592518,593428,657656,701538,592206,54.16,,,,,,,,48,1,Sinker,3,1,1,3,1,3,1,3,Standard,Standard,144.0,0.008,-0.04,,,,,0.04,88.0,2,-2,0.754,0.246,27,30,27,31,1,0,4.0,4.0,3.0,1.0,1.73,1.37,-1.37,43.9,,,,,,Sinker,False
SI,2026-05-03,99.0,2.63,5.96,"Morejon, Adrian",805367,670970,single,hit_into_play,,,,,8.0,Chase Meidroth singles on a ground ball to left fielder Ramón Laureano.,R,R,L,SD,CWS,X,7.0,ground_ball,0,0,2026,1.42,0.62,0.0236931844458105,1.8305317547015447,,,,0,7,Top,76.23,100.3,,,,,-10.33928322053131,-143.58689327695407,-6.924387299061104,22.158559399229443,39.18759898926848,-21.928543855239266,3.068175853,1.548425197,42.0,80.2,1.0,97.9,2376.0,6.3,823307,666023,664034,630105,592518,593428,657656,701538,592206,54.25,0.184,0.179,0.9,1.0,1.0,0.0,2.0,47,1,Sinker,3,1,1,3,1,3,1,3,Standard,Standard,141.0,-0.061,0.445,73.6,7.2,,0.226,-0.445,88.0,2,-2,0.815,0.185,27,24,27,25,1,2,4.0,1.0,3.0,1.0,1.75,1.42,-1.42,43.3,19.596438398933973,0.7458949530348469,35.576950697980024,39.299603847336456,32.937729166839695,Sinker,True
FF,2026-05-03,99.0,2.66,5.89,"Morejon, Adrian",695657,670970,strikeout,swinging_strike,,,,,2.0,Colson Montgomery strikes out swinging.,R,L,L,SD,CWS,S,2.0,,0,2,2026,0.43,1.27,-0.1971489192883757,3.04736662370723,,,,2,6,Top,,,,,,,-8.712041995054815,-143.9766409760055,-5.208428159230936,7.814354791830057,30.477877044913857,-13.430655474581924,3.340239501,1.685728347,,,,99.5,2432.0,6.4,823307,666023,664034,630105,592518,593428,657656,701538,592206,54.11,,0.0,0.0,1.0,0.0,0.0,,43,3,4-Seam Fastball,3,1,1,3,1,3,1,3,Infield shade,Standard,141.0,0.008,-0.155,74.1,7.3,0.38912856,,0.155,,2,-2,0.837,0.163,27,24,27,24,1,2,4.0,1.0,3.0,1.0,1.04,0.43,0.43,42.3,6.776708815083169,7.1889503994522554,31.19746523627905,40.208792304067615,26.030879447311165,Four-seam,True
SI,2026-05-03,100.4,2.82,5.89,"Morejon, Adrian",695657,670970,,swinging_strike,,,,,3.0,,R,L,L,SD,CWS,S,,,0,1,2026,1.11,0.69,0.8120235531997104,2.9345228048066163,,,,2,6,Top,,,,,,,-8.14793243991899,-145.99027232618417,-4.303305893659403,17.763409164040745,31.688387476999136,-21.499497739590527,3.340239501,1.685728347,,,,100.5,2432.0,6.2,823307,666023,664034,630105,592518,593428,657656,701538,592206,54.28,,,,,,,,43,2,Sinker,3,1,1,3,1,3,1,3,Infield shade,Standard,143.0,0.003,-0.062,72.9,6.4,1.3950345,,0.062,,2,-2,0.834,0.166,27,24,27,24,1,2,4.0,1.0,3.0,1.0,1.56,1.11,1.11,40.4,-3.772804894101275,17.811443337545306,35.703251363458044,27.986968423086047,21.01354995237138,Sinker,False
SI,2026-05-03,100.0,2.57,5.89,"Morejon, Adrian",695657,670970,,called_strike,,,,,2.0,,R,L,L,SD,CWS,S,,,0,0,2026,1.12,0.64,0.1987044806371625,3.1192820002240635,,,,2,6,Top,,,,,,,-9.112392834304025,-145.4035419410893,-3.6005071883049298,18.09976048452836,34.23077609886125,-22.367693382824264,3.340239501,1.685728347,,,,99.7,2393.0,6.2,823307,666023,664034,630105,592518,593428,657656,701538,592206,54.31,,,,,,,,43,1,Sinker,3,1,1,3,1,3,1,3,Infield shade,Standard,138.0,0.002,-0.045,,,,,0.045,,2,-2,0.832,0.168,27,24,27,24,1,2,4.0,1.0,3.0,1.0,1.64,1.12,1.12,43.5,,,,,,Sinker,False
FF,2026-05-03,99.3,2.54,5.99,"Morejon, Adrian",678246,670970,strikeout,swinging_strike,,,,,2.0,Miguel Vargas strikes out swinging.,R,R,L,SD,CWS,S,2.0,,3,2,2026,0.52,1.47,0.0232850380787584,3.1780910527588,,,,1,6,Top,,,,,,,-8.03526016822922,-144.35674817113815,-5.54631581427194,9.215696921677129,34.557644618745705,-10.552850790800708,3.290214895,1.660482283,,,,99.0,2431.0,6.3,823307,666023,664034,630105,592518,593428,657656,701538,592206,54.25,,0.0,0.0,1.0,0.0,0.0,,42,8,4-Seam Fastball,3,1,1,3,1,3,1,3,Standard,Standard,145.0,0.027,-0.345,76.8,7.6,0.1,,0.345,,2,-2,0.805,0.195,27,26,27,27,1,0,4.0,1.0,3.0,1.0,0.85,0.52,-0.52,49.8,18.14491833704057,-5.354710409801569,30.031052669691626,36.490364138993435,33.38970000248373,Four-seam,True
SI,2026-05-03,100.4,2.55,5.94,"Morejon, Adrian",678246,670970,,ball,,,,,11.0,,R,R,L,SD,CWS,B,,,2,2,2026,1.27,0.62,-0.5331806758036024,3.541364169069925,,,,1,6,Top,,,,,,,-11.42461515813973,-145.67883040660337,-2.508131478631002,20.851900680267832,37.857051978076754,-23.014015732084417,3.290214895,1.660482283,,,,99.7,2354.0,6.3,823307,666023,664034,630105,592518,593428,657656,701538,592206,54.22,,,,,,,,42,7,Sinker,3,1,1,3,1,3,1,3,Standard,Standard,145.0,-0.008,0.112,,,,,-0.112,,2,-2,0.813,0.187,27,26,27,27,1,0,4.0,1.0,3.0,1.0,1.68,1.27,-1.27,41.8,,,,,,Sinker,False
CH,2026-05-03,92.8,2.77,5.93,"Morejon, Adrian",678246,670970,,foul,,,,,14.0,,R,R,L,SD,CWS,S,,,2,2,2026,1.18,-0.44,0.3651125161377344,1.488902264896443,,,,1,6,Top,,,,,,,-8.672086528977845,-134.74385499666016,-4.212168123718327,16.357690047747976,33.68885409731081,-36.64914929885319,3.290214895,1.660482283,,,,91.9,1215.0,6.2,823307,666023,664034,630105,592518,593428,657656,701538,592206,54.27,,,,,,,,42,6,Changeup,3,1,1,3,1,3,1,3,Standard,Standard,114.0,0.0,0.0,75.1,8.2,,,0.0,,2,-2,0.813,0.187,27,26,27,27,1,0,4.0,1.0,3.0,1.0,3.13,1.18,-1.18,46.5,18.2259502093139,-6.025154719918422,38.49242659053808,41.25458228522305,39.5640943263444,Changeup,False
FF,2026-05-03,99.5,2.57,6.02,"Morejon, Adrian",678246,670970,,foul,,,,,1.0,,R,R,L,SD,CWS,S,,,2,2,2026,0.35,1.33,-0.5868789544796946,3.1704273889450016,,,,1,6,Top,,,,,,,-9.339421415781114,-144.5163562827913,-5.327057515266477,7.226958599557249,36.298702895755774,-12.47061224430831,3.290214895,1.660482283,,,,98.9,2466.0,6.2,823307,666023,664034,630105,592518,593428,657656,701538,592206,54.27,,,,,,,,42,5,4-Seam Fastball,3,1,1,3,1,3,1,3,Standard,Standard,149.0,0.0,0.0,77.2,7.8,,,0.0,,2,-2,0.813,0.187,27,26,27,27,1,0,4.0,1.0,3.0,1.0,0.99,0.35,-0.35,45.3,27.033731765881505,-22.364414127698172,31.983322374855646,30.62484877329648,42.76572201238172,Four-seam,False
CH,2026-05-03,91.8,2.87,5.97,"Morejon, Adrian",678246,670970,,ball,,,,,12.0,,R,R,L,SD,CWS,B,,,1,2,2026,0.79,-0.47,1.558465266729144,3.0082472333450747,,,,1,6,Top,,,,,,,-5.0006852024285875,-133.59067388293997,-0.3328165361798131,10.632323012610184,32.50155507694433,-37.93221020247699,3.290214895,1.660482283,,,,91.0,898.0,6.1,823307,666023,664034,630105,592518,593428,657656,701538,592206,54.44,,,,,,,,42,4,Changeup,3,1,1,3,1,3,1,3,Standard,Standard,106.0,-0.004,0.051,,,,,-0.051,,2,-2,0.817,0.183,27,26,27,27,1,0,4.0,1.0,3.0,1.0,3.2,0.79,-0.79,41.9,,,,,,Changeup,False
CH,2026-05-03,92.5,2.82,5.96,"Morejon, Adrian",678246,670970,,foul,,,,,3.0,,R,R,L,SD,CWS,S,,,1,1,2026,0.96,0.14,0.4267869969923058,3.0153912868786747,,,,1,6,Top,,,,,,,-8.12744717419983,-134.45702872269965,-1.7323685951203869,13.51560581206385,32.0708043009074,-30.342649844281993,3.290214895,1.660482283,202.0,72.2,25.0,91.8,919.0,6.2,823307,666023,664034,630105,592518,593428,657656,701538,592206,54.31,,,,,,,,42,3,Changeup,3,1,1,3,1,3,1,3,Standard,Standard,111.0,0.006,-0.07,70.3,7.1,,,0.07,88.0,2,-2,0.811,0.189,27,26,27,27,1,0,4.0,1.0,3.0,1.0,2.56,0.96,-0.96,42.7,-0.006760555774871,21.011154050240975,30.1380406717704,42.17206891384076,20.45515253643853,Changeup,False
FF,2026-05-03,99.2,2.56,6.01,"Morejon, Adrian",678246,670970,,foul,,,,,7.0,,R,R,L,SD,CWS,S,,,1,0,2026,0.33,1.32,-0.7164236141905025,1.9955760698071952,,,,1,6,Top,,,,,,,-9.58595461493547,-143.87611896570738,-8.341225782086436,7.011237837782481,36.752333340972555,-12.05333788537871,3.290214895,1.660482283,265.0,78.8,36.0,98.5,2562.0,6.3,823307,666023,664034,630105,592518,593428,657656,701538,592206,54.2,,,,,,,,42,2,4-Seam Fastball,3,1,1,3,1,3,1,3,Standard,Standard,148.0,0.005,-0.05,78.8,8.4,,,0.05,88.0,2,-2,0.806,0.194,27,26,27,27,1,0,4.0,1.0,3.0,1.0,1.04,0.33,-0.33,44.0,19.947212833706644,-14.691278159090375,42.51486946336183,28.881372429902704,42.072892694460485,Four-seam,False
SL,2026-05-03,89.6,3.15,5.85,"Morejon, Adrian",678246,670970,,ball,,,,,12.0,,R,R,L,SD,CWS,B,,,0,0,2026,-0.53,-0.02,0.970053415758289,3.2774975029434117,,,,1,6,Top,,,,,,,-4.158273776934043,-130.50127782687093,-0.1501133306990267,-5.214280058080841,26.959436937155026,-32.53706025777407,3.290214895,1.660482283,,,,89.5,2929.0,6.1,823307,666023,664034,630105,592518,593428,657656,701538,592206,54.39,,,,,,,,42,1,Slider,3,1,1,3,1,3,1,3,Standard,Standard,288.0,-0.004,0.041,,,,,-0.041,,2,-2,0.81,0.19,27,26,27,27,1,0,4.0,1.0,3.0,1.0,2.85,-0.53,0.53,38.2,,,,,,Slider,False
SL,2026-05-03,89.8,2.91,5.84,"Morejon, Adrian",808959,670970,strikeout,called_strike,,,,,4.0,"Freddy Fermin challenged (pitch result), call on the field was overturned: Munetaka Murakami called out on strikes.",R,L,L,SD,CWS,S,2.0,,2,2,2026,-0.41,0.08,-0.6976464683874308,2.5061429864172924,,,,0,6,Top,,,,,,,-7.920984112478639,-130.50468192474978,-2.1606579406342536,-2.819305820898086,30.064731712046484,-30.93889820549011,3.296358268,1.663582677,,,,89.2,2985.0,6.2,823307,666023,664034,630105,592518,593428,657656,701538,592206,54.27,,0.0,0.0,1.0,0.0,0.0,,41,5,Slider,3,1,1,3,1,3,1,3,Infield shade,Standard,289.0,0.026,-0.232,,,,,0.232,,2,-2,0.784,0.216,27,26,27,26,1,2,4.0,1.0,3.0,1.0,2.77,-0.41,-0.41,38.3,,,,,,Slider,True
SI,2026-05-03,99.3,2.7,5.92,"Morejon, Adrian",808959,670970,,foul,,,,,9.0,,R,L,L,SD,CWS,S,,,2,1,2026,1.62,0.77,0.5380932362491126,2.0239029652420237,,,,0,6,Top,,,,,,,-9.666629502507918,-144.0431546519656,-6.680346482739322,24.882386242145696,40.6612822182682,-19.941474351478256,3.296358268,1.663582677,,,,98.0,2317.0,6.2,823307,666023,664034,630105,592518,593428,657656,701538,592206,54.28,,,,,,,,41,4,Sinker,3,1,1,3,1,3,1,3,Infield shade,Standard,141.0,0.01,-0.078,78.6,8.4,,,0.078,,2,-2,0.774,0.226,27,26,27,26,1,2,4.0,1.0,3.0,1.0,1.6,1.62,1.62,41.9,20.76911499674883,-7.584577564663506,35.27390763649481,30.659257281237803,35.930891880639784,Sinker,False
SI,2026-05-03,99.3,2.6,5.96,"Morejon, Adrian",808959,670970,,foul,,,,,3.0,,R,L,L,SD,CWS,S,,,2,0,2026,1.37,0.78,0.5961067825854425,3.181987580244164,,,,0,6,Top,,,,,,,-8.640187571996238,-144.28244979806252,-3.777517714660407,21.202775673400303,37.85043573932237,-20.588359281263827,3.296358268,1.663582677,238.0,78.2,28.0,98.3,2386.0,6.1,823307,666023,664034,630105,592518,593428,657656,701538,592206,54.39,,,,,,,,41,3,Sinker,3,1,1,3,1,3,1,3,Infield shade,Standard,139.0,0.012,-0.073,63.5,6.4,,,0.073,88.0,2,-2,0.762,0.238,27,26,27,26,1,2,4.0,1.0,3.0,1.0,1.56,1.37,1.37,43.6,4.604180375961728,28.847256566747703,27.420254778953804,31.13354472939502,17.006718634479608,Sinker,False
SI,2026-05-03,98.6,2.82,5.94,"Morejon, Adrian",808959,670970,,ball,,,,,14.0,,R,L,L,SD,CWS,B,,,1,0,2026,1.41,0.78,1.8653840821207976,2.4608611060288546,,,,0,6,Top,,,,,,,-5.87040672136688,-143.32399187977788,-5.5347795434346905,20.775582443301676,37.690519860851985,-20.33614193091542,3.296358268,1.663582677,,,,97.6,2436.0,6.1,823307,666023,664034,630105,592518,593428,657656,701538,592206,54.39,,,,,,,,41,2,Sinker,3,1,1,3,1,3,1,3,Infield shade,Standard,138.0,-0.012,0.082,,,,,-0.082,,2,-2,0.774,0.226,27,26,27,26,1,2,4.0,1.0,3.0,1.0,1.6,1.41,1.41,45.1,,,,,,Sinker,False
SL,2026-05-03,88.8,2.92,5.89,"Morejon, Adrian",808959,670970,,ball,,,,,13.0,,R,L,L,SD,CWS,B,,,0,0,2026,-0.48,-0.06,-0.4002243805622658,1.2745152204338273,,,,0,6,Top,,,,,,,-6.967063080372203,-129.16485501062417,-4.848445669785858,-3.958930244810312,26.65906549125496,-32.076463705610166,3.296358268,1.663582677,,,,88.6,2941.0,6.1,823307,666023,664034,630105,592518,593428,657656,701538,592206,54.36,,,,,,,,41,1,Slider,3,1,1,3,1,3,1,3,Infield shade,Standard,288.0,-0.005,0.042,,,,,-0.042,,2,-2,0.779,0.221,27,26,27,26,1,2,4.0,1.0,3.0,1.0,2.95,-0.48,-0.48,42.9,,,,,,Slider,False
FF,2026-04-29,98.3,2.55,5.89,"Morejon, Adrian",691718,670970,field_out,hit_into_play,,,,,5.0,Pete Crow-Armstrong grounds out to first baseman Ty France. Michael Conforto scores. Matt Shaw to 3rd.,R,L,L,SD,CHC,X,3.0,ground_ball,1,2,2026,0.34,1.0,-0.2370759886546314,2.574615772505857,624424.0,807713.0,,1,6,Top,151.75,173.89,,,,,-8.289474186457387,-142.8110817209203,-5.612420783917612,6.792935018427293,36.57004849173673,-17.307587548050005,3.202452428,1.616190945,6.0,90.6,-24.0,98.0,2288.0,6.5,823312,669134,664034,630105,609280,593428,592206,701538,665487,54.02,0.083,0.075,0.0,1.0,0.0,0.0,2.0,44,5,4-Seam Fastball,3,3,3,3,4,3,4,3,Strategic,Standard,151.0,-0.055,-0.148,75.4,7.0,,0.094,0.148,90.6,0,0,0.406,0.594,27,24,27,24,1,2,2.0,1.0,4.0,2.0,1.38,0.34,0.34,48.3,15.722505648180585,-4.8525196829269355,27.981847369722978,36.22153774251752,39.400046475030294,Four-seam,True
FF,2026-04-29,98.5,2.63,5.9,"Morejon, Adrian",691718,670970,,foul,,,,,1.0,,R,L,L,SD,CHC,S,,,1,2,2026,0.23,1.59,-0.616579810938001,3.2774292001712517,624424.0,807713.0,,1,6,Top,,,,,,,-9.234635701387967,-142.89588629108758,-5.102030589211574,5.610850757085172,39.80138232969639,-9.525594364267407,3.202452428,1.616190945,147.0,85.3,73.0,97.7,2543.0,6.5,823312,669134,664034,630105,609280,593428,592206,701538,665487,54.02,,,,,,,,44,4,4-Seam Fastball,3,3,3,3,3,3,3,3,Strategic,Standard,150.0,0.0,0.0,71.7,6.9,,,0.0,88.0,0,0,0.406,0.594,27,24,27,24,1,2,2.0,1.0,4.0,2.0,0.82,0.23,0.23,44.2,16.485555729751606,-0.9120580641889222,23.76685093103488,42.03770383791437,32.64866246227513,Four-seam,False
FF,2026-04-29,97.5,2.49,5.87,"Morejon, Adrian",691718,670970,,swinging_strike,,,,,5.0,,R,L,L,SD,CHC,S,,,1,1,2026,0.65,1.55,-0.2444935895834911,2.4881583445493365,624424.0,807713.0,,1,6,Top,,,,,,,-8.782672260331294,-141.40759195376933,-6.838476665739753,11.04473071558099,38.89056670228237,-10.038453211808685,3.202452428,1.616190945,,,,96.6,2472.0,6.5,823312,669134,664034,630105,609280,593428,592206,701538,665487,54.04,,,,,,,,44,3,4-Seam Fastball,3,3,3,3,3,3,3,3,Strategic,Standard,153.0,0.029,-0.075,69.6,6.7,0.870495432,,0.075,,0,0,0.377,0.623,27,24,27,24,1,2,2.0,1.0,4.0,2.0,0.91,0.65,0.65,45.0,4.027681436942516,12.0349279734086,34.22621636873309,37.18710098131089,26.10424856076758,Four-seam,False
FF,2026-04-29,99.2,2.52,5.93,"Morejon, Adrian",691718,670970,,ball,,,,,12.0,,R,L,L,SD,CHC,B,,,0,1,2026,0.68,1.5,1.4176240380650906,3.218551607311766,624424.0,807713.0,,1,6,Top,,,,,,,-4.596848829017934,-144.10974843555044,-5.237023462579997,10.606300844088365,40.77211060334731,-10.428988403782569,3.202452428,1.616190945,,,,98.4,2555.0,6.4,823312,669134,664034,630105,609280,593428,592206,701538,665487,54.06,,,,,,,,44,2,4-Seam Fastball,3,3,3,3,3,3,3,3,Strategic,Standard,148.0,-0.012,0.028,,,,,-0.028,,0,0,0.389,0.611,27,24,27,24,1,2,2.0,1.0,4.0,2.0,0.87,0.68,0.68,47.2,,,,,,Four-seam,False
SI,2026-04-29,100.3,2.6,5.84,"Morejon, Adrian",691718,670970,,called_strike,,,,,4.0,,R,L,L,SD,CHC,S,,,0,0,2026,1.42,1.05,-0.3731210759346801,2.541434768410868,624424.0,807713.0,,1,6,Top,,,,,,,-11.536521850993305,-145.28062588959253,-5.951618226605089,23.03003851146531,41.2871561645367,-15.953813584284545,3.202452428,1.616190945,,,,99.5,2476.0,6.6,823312,669134,664034,630105,609280,593428,592206,701538,665487,53.91,,,,,,,,44,1,Sinker,3,3,3,3,3,3,3,3,Strategic,Standard,147.0,0.018,-0.058,,,,,0.058,,0,0,0.371,0.629,27,24,27,24,1,2,2.0,1.0,4.0,2.0,1.27,1.42,1.42,50.0,,,,,,Sinker,False
SL,2026-04-29,87.4,3.06,5.76,"Morejon, Adrian",807713,670970,double,hit_into_play,,,,,7.0,Matt Shaw doubles (6) on a line drive to left fielder Nick Castellanos. Michael Conforto to 3rd.,R,R,L,SD,CHC,X,7.0,line_drive,1,2,2026,-0.8,0.01,-0.3376291595010587,1.6369417640866843,,,624424.0,1,6,Top,64.05,103.93,,,,,-6.37989938451997,-127.0177021633285,-3.4128935928462494,-6.853168031734058,32.05352414700722,-31.4661938288026,3.105036089,1.567027559,257.0,100.6,16.0,86.4,2807.0,6.2,823312,669134,664034,630105,609280,593428,592206,701538,665487,54.25,0.594,0.632,1.25,1.0,1.0,1.0,4.0,43,4,Slider,3,3,3,3,3,3,3,3,Standard,Standard,293.0,-0.139,0.871,74.0,7.2,,0.881,-0.871,100.6,0,0,0.51,0.49,27,24,27,25,1,2,2.0,1.0,4.0,2.0,3.04,-0.8,0.8,37.2,11.848451264815523,-4.7291199012623535,34.56024433517249,31.067343296228415,37.605305680482545,Slider,True
FF,2026-04-29,96.9,2.68,5.95,"Morejon, Adrian",807713,670970,,foul,,,,,11.0,,R,R,L,SD,CHC,S,,,1,1,2026,0.39,1.53,-0.2821595697969688,3.2438290481204772,,,624424.0,1,6,Top,,,,,,,-8.707166643331313,-140.68448803596016,-4.9521942571158535,7.338761934147925,36.043460408336145,-11.022695973988442,3.105036089,1.567027559,207.0,74.3,47.0,96.3,2493.0,6.4,823312,669134,664034,630105,609280,593428,592206,701538,665487,54.13,,,,,,,,43,3,4-Seam Fastball,3,3,3,3,3,3,3,3,Standard,Standard,148.0,0.011,-0.067,69.2,6.6,,,0.067,88.0,0,0,0.499,0.501,27,24,27,25,1,2,2.0,1.0,4.0,2.0,0.94,0.39,-0.39,43.4,9.990395718184525,1.0473968454967737,20.27794139509596,31.96986341885688,28.671650401888343,Four-seam,False
FF,2026-04-29,99.1,2.55,5.95,"Morejon, Adrian",807713,670970,,ball,,,,,11.0,,R,R,L,SD,CHC,B,,,0,1,2026,0.39,1.48,-0.6425959383522738,3.995353540936008,,,624424.0,1,6,Top,,,,,,,-9.507019116554565,-143.85713847567715,-3.1695337432409403,7.923787040557904,39.87590563853568,-11.21808949137472,3.105036089,1.567027559,,,,98.2,2553.0,6.4,823312,669134,664034,630105,609280,593428,592206,701538,665487,54.14,,,,,,,,43,2,4-Seam Fastball,3,3,3,3,3,3,3,3,Standard,Standard,147.0,-0.004,0.026,,,,,-0.026,,0,0,0.503,0.497,27,24,27,25,1,2,2.0,1.0,4.0,2.0,0.89,0.39,-0.39,48.0,,,,,,Four-seam,False
SL,2026-04-29,89.0,3.0,5.67,"Morejon, Adrian",807713,670970,,called_strike,,,,,8.0,,R,R,L,SD,CHC,S,,,0,0,2026,-0.43,0.1,0.1318971619397377,1.6261349363029591,,,624424.0,1,6,Top,,,,,,,-6.021552575714077,-129.41522067626573,-3.801409483389538,-3.427339549866778,29.368789695318867,-30.39780874908388,3.105036089,1.567027559,,,,88.6,2777.0,6.3,823312,669134,664034,630105,609280,593428,592206,701538,665487,54.22,,,,,,,,43,1,Slider,3,3,3,3,3,3,3,3,Standard,Standard,282.0,0.006,-0.037,,,,,0.037,,0,0,0.497,0.503,27,24,27,25,1,2,2.0,1.0,4.0,2.0,2.8,-0.43,0.43,37.7,,,,,,Slider,False
SL,2026-04-29,89.6,2.91,5.67,"Morejon, Adrian",624424,670970,force_out,hit_into_play,,,,,8.0,"Michael Conforto grounds into a force out, second baseman Jake Cronenworth to shortstop Xander Bogaerts. Michael Busch out at 2nd. Michael Conforto to 1st.",R,L,L,SD,CHC,X,4.0,ground_ball,0,1,2026,-0.64,0.06,-0.0349287262158115,1.8683568596790712,,,683737.0,0,6,Top,157.33,158.68,,,,,-5.804512344005533,-130.21839774859092,-3.1751075572708425,-5.793127056913523,31.976294101669485,-30.985918865517068,3.181389436,1.605561024,30.0,94.7,-2.0,89.0,2852.0,6.4,823312,669134,664034,630105,609280,593428,592206,701538,665487,54.11,0.309,0.278,0.0,1.0,0.0,0.0,2.0,42,2,Slider,3,3,3,3,3,3,3,3,Infield shade,Standard,294.0,0.042,-0.303,72.0,7.1,,0.342,0.303,94.7,0,0,0.455,0.545,27,33,27,33,1,2,2.0,2.0,4.0,5.0,2.83,-0.64,-0.64,37.9,10.525896521036904,-2.249527753068341,33.86913061772629,38.1404326260128,32.82409227024573,Slider,True
SL,2026-04-29,90.2,3.0,5.68,"Morejon, Adrian",624424,670970,,swinging_strike,,,,,7.0,,R,L,L,SD,CHC,S,,,0,0,2026,-0.53,0.0,-0.6804978534313306,1.6892367491122142,,,683737.0,0,6,Top,,,,,,,-7.891442549240604,-130.9530248308446,-3.5982071575990204,-4.04315854276937,32.73088206076076,-31.541076733984397,3.181389436,1.605561024,,,,89.5,2891.0,6.4,823312,669134,664034,630105,609280,593428,592206,701538,665487,54.08,,,,,,,,42,1,Slider,3,3,3,3,3,3,3,3,Standard,Standard,277.0,0.008,-0.04,62.2,8.4,6.03500394,,0.04,,0,0,0.447,0.553,27,33,27,33,1,2,2.0,2.0,4.0,5.0,2.86,-0.53,-0.53,37.6,27.78923601040183,-34.845288640985636,28.33836624159778,44.52455862567009,48.96333579769644,Slider,False
SI,2026-04-29,98.8,2.61,5.87,"Morejon, Adrian",683737,670970,walk,ball,,,,,12.0,"Luis Campusano challenged (pitch result), call on the field was confirmed: Michael Busch walks.",R,L,L,SD,CHC,B,,,3,1,2026,1.47,0.61,0.8698725170430459,2.5183626202155285,,,,0,6,Top,,,,,,,-8.172592605281917,-143.49367634829488,-4.826122750488438,22.21773721840501,38.43760984663804,-22.780874448959526,3.166469816,1.598031496,,,,98.2,2414.0,6.4,823312,669134,664034,630105,609280,593428,592206,701538,665487,54.1,,0.698418,0.7,1.0,0.0,0.0,,41,5,Sinker,3,3,3,3,3,3,3,3,Infield shade,Standard,145.0,-0.032,0.258,,,,,-0.258,,0,0,0.479,0.521,27,28,27,29,1,2,2.0,1.0,4.0,2.0,1.77,1.47,1.47,45.1,,,,,,Sinker,True
SI,2026-04-29,99.4,2.69,5.91,"Morejon, Adrian",683737,670970,,called_strike,,,,,8.0,,R,L,L,SD,CHC,S,,,3,0,2026,1.61,0.68,0.1475514358227836,1.9601910740316004,,,,0,6,Top,,,,,,,-10.689824057174231,-144.11272450754387,-6.654208944128194,25.01613285759239,39.79464022871896,-21.20617948835475,3.166469816,1.598031496,,,,98.4,2434.0,6.4,823312,669134,664034,630105,609280,593428,592206,701538,665487,54.12,,,,,,,,41,4,Sinker,3,3,3,3,3,3,3,3,Standard,Standard,148.0,0.011,-0.084,,,,,0.084,,0,0,0.468,0.532,27,28,27,29,1,2,2.0,1.0,4.0,2.0,1.68,1.61,1.61,39.3,,,,,,Sinker,False
SL,2026-04-29,89.7,3.1,5.71,"Morejon, Adrian",683737,670970,,ball,,,,,14.0,,R,L,L,SD,CHC,B,,,2,0,2026,-0.47,0.13,0.270680820733228,1.119655890384328,,,,0,6,Top,,,,,,,-5.883854342755165,-130.4781202558683,-5.311228639191005,-3.984733737465572,30.11258318889237,-29.744665361107355,3.166469816,1.598031496,,,,89.4,2916.0,6.3,823312,669134,664034,630105,609280,593428,592206,701538,665487,54.19,,,,,,,,41,3,Slider,3,3,3,3,3,3,3,3,Standard,Standard,279.0,-0.016,0.148,,,,,-0.148,,0,0,0.484,0.516,27,28,27,29,1,2,2.0,1.0,4.0,2.0,2.73,-0.47,-0.47,37.1,,,,,,Slider,False
SI,2026-04-29,98.8,2.63,5.94,"Morejon, Adrian",683737,670970,,ball,,,,,14.0,,R,L,L,SD,CHC,B,,,1,0,2026,1.62,0.65,0.5119495747451186,1.3058882417662243,,,,0,6,Top,,,,,,,-9.52312560173861,-143.2276087623376,-8.285377888717417,24.630662828652827,39.39402138733455,-21.290277352760494,3.166469816,1.598031496,,,,97.7,2341.0,6.3,823312,669134,664034,630105,609280,593428,592206,701538,665487,54.18,,,,,,,,41,2,Sinker,3,3,3,3,3,3,3,3,Standard,Standard,147.0,-0.011,0.082,,,,,-0.082,,0,0,0.495,0.505,27,28,27,29,1,2,2.0,1.0,4.0,2.0,1.74,1.62,1.62,40.4,,,,,,Sinker,False
SI,2026-04-29,99.6,2.7,5.87,"Morejon, Adrian",683737,670970,,ball,,,,,13.0,,R,L,L,SD,CHC,B,,,0,0,2026,1.42,0.73,-0.277588754735981,0.4851648030830624,,,,0,6,Top,,,,,,,-11.412998620984473,-144.04621132016882,-10.687471184402192,22.553272801703415,39.00458761622482,-19.327065734484915,3.166469816,1.598031496,,,,98.6,2409.0,6.4,823312,669134,664034,630105,609280,593428,592206,701538,665487,54.08,,,,,,,,41,1,Sinker,3,3,3,3,3,3,3,3,Strategic,Standard,141.0,-0.005,0.042,,,,,-0.042,,0,0,0.5,0.5,27,28,27,29,1,2,2.0,1.0,4.0,2.0,1.63,1.42,1.42,43.2,,,,,,Sinker,False
FF,2026-04-27,99.4,2.3,5.86,"Morejon, Adrian",683737,670970,strikeout,called_strike,,,,,1.0,"Freddy Fermin challenged (pitch result), call on the field was overturned: Michael Busch called out on strikes.",R,L,L,SD,CHC,S,2.0,,0,2,2026,0.41,1.26,-0.7508284656648854,3.227463232433211,691718.0,,,1,7,Top,,,,,,,-9.25150245153518,-144.36156058763538,-4.556789663151946,8.061962726455766,36.342335327925255,-13.766366400446094,3.166469816,1.598031496,,,,99.4,2549.0,6.6,823311,666023,657757,665487,664034,593428,657656,701538,592206,53.93,,0.0,0.0,1.0,0.0,0.0,,60,3,4-Seam Fastball,6,5,5,6,5,6,5,6,Strategic,Standard,142.0,0.069,-0.304,,,,,0.304,,1,-1,0.645,0.355,27,28,27,29,1,3,2.0,1.0,2.0,1.0,1.08,0.41,0.41,44.2,,,,,,Four-seam,True
SI,2026-04-27,99.7,2.44,5.83,"Morejon, Adrian",683737,670970,,foul,,,,,6.0,,R,L,L,SD,CHC,S,,,0,1,2026,1.56,0.62,0.3529679789619198,2.2772534636717117,691718.0,,,1,7,Top,,,,,,,-9.399422570302493,-144.76736447220543,-5.574672348315386,24.134488756977063,37.32347391502435,-22.302550155688067,3.166469816,1.598031496,,,,99.5,2230.0,6.5,823311,666023,657757,665487,664034,593428,657656,701538,592206,53.96,,,,,,,,60,2,Sinker,6,5,5,6,5,6,5,6,Strategic,Standard,140.0,0.029,-0.085,27.7,4.4,,,0.085,,1,-1,0.616,0.384,27,28,27,29,1,3,2.0,1.0,2.0,1.0,1.71,1.56,1.56,45.0,-14.616930143012087,59.059048471541715,30.23131534944357,32.01695019902013,-3.94667601762774,Sinker,False
SI,2026-04-27,99.1,2.41,5.93,"Morejon, Adrian",683737,670970,,foul,,,,,12.0,,R,L,L,SD,CHC,S,,,0,0,2026,1.57,0.68,1.2053419315815976,3.3176037372217313,691718.0,,,1,7,Top,,,,,,,-7.0033078146189185,-144.00396207743884,-3.0174741148446755,23.481455422390223,40.83864743643841,-22.190019524795566,3.166469816,1.598031496,171.0,72.0,18.0,98.3,2518.0,6.4,823311,666023,657757,665487,664034,593428,657656,701538,592206,54.08,,,,,,,,60,1,Sinker,6,5,5,6,5,6,5,6,Strategic,Standard,149.0,0.017,-0.05,51.3,4.8,,,0.05,88.0,1,-1,0.599,0.401,27,28,27,29,1,3,2.0,1.0,2.0,1.0,1.69,1.57,1.57,44.0,-4.366084726779941,32.24357476591353,30.38049899959982,21.90916127099719,17.455049679419094,Sinker,False
CH,2026-04-27,91.9,2.51,5.91,"Morejon, Adrian",663538,670970,strikeout,swinging_strike_blocked,,,,,13.0,"Nico Hoerner strikes out swinging, catcher Freddy Fermin to first baseman Gavin Sheets. Pete Crow-Armstrong to 3rd.",R,R,L,SD,CHC,S,2.0,,1,2,2026,0.62,-0.21,-0.6054721835485276,0.5785836418270249,,691718.0,,0,7,Top,,,,,,,-9.19080468562499,-133.40118155274482,-6.905600144874712,9.398644167623416,29.863541585318465,-33.23902277673998,3.185777559,1.607775591,,,,92.0,1010.0,6.6,823311,666023,657757,665487,664034,593428,657656,701538,592206,53.9,,0.0,0.0,1.0,0.0,0.0,,59,4,Changeup,6,5,5,6,5,6,5,6,Standard,Standard,108.0,0.0,-0.254,63.7,8.2,0.89625768,,0.254,,1,-1,0.599,0.401,27,29,27,29,1,3,2.0,1.0,2.0,1.0,2.93,0.62,-0.62,47.9,15.09915373033868,-16.386642541145545,45.21307809173535,30.260809052875317,29.467994465312096,Changeup,True
FF,2026-04-27,98.7,2.34,5.98,"Morejon, Adrian",663538,670970,,ball,,,,,11.0,,R,R,L,SD,CHC,B,,,0,2,2026,0.33,1.58,-0.8342175079850749,5.0337112603218594,,691718.0,,0,7,Top,,,,,,,-9.341736614042532,-143.4922276807806,-0.6902742977903719,6.809747124022736,35.49121323243665,-10.524276427241084,3.185777559,1.607775591,,,,98.8,2417.0,6.5,823311,666023,657757,665487,664034,593428,657656,701538,592206,53.96,,,,,,,,59,3,4-Seam Fastball,6,5,5,6,5,6,5,6,Standard,Standard,155.0,-0.008,0.019,,,,,-0.019,,1,-1,0.607,0.393,27,29,27,29,1,3,2.0,1.0,2.0,1.0,0.78,0.33,-0.33,48.0,,,,,,Four-seam,False
SI,2026-04-27,99.1,2.37,5.84,"Morejon, Adrian",663538,670970,,called_strike,,,,,5.0,,R,R,L,SD,CHC,S,,,0,1,2026,1.23,0.72,-0.1101794171785426,2.118239541348294,,,691718.0,0,7,Top,,,,,,,-9.636233103566983,-143.9113641499153,-6.2029067035975345,19.370240984568184,35.74186574095949,-20.792423272615416,3.185777559,1.607775591,,,,99.0,2304.0,6.5,823311,666023,657757,665487,664034,593428,657656,701538,592206,53.98,,,,,,,,59,2,Sinker,6,5,5,6,5,6,5,6,Standard,Standard,143.0,-0.024,-0.05,,,,,0.05,,1,-1,0.631,0.369,27,29,27,29,1,3,2.0,1.0,2.0,1.0,1.62,1.23,-1.23,41.1,,,,,,Sinker,False
SL,2026-04-27,87.0,2.86,5.75,"Morejon, Adrian",663538,670970,,called_strike,,,,,3.0,,R,R,L,SD,CHC,S,,,0,0,2026,-0.57,-0.3,0.2994895123698198,2.828052185378864,,,691718.0,0,7,Top,,,,,,,-4.864322449690648,-126.59714692779303,0.0240847977155784,-5.08803373993768,27.15527014143101,-35.63025844625778,3.185777559,1.607775591,,,,86.9,2754.0,6.4,823311,666023,657757,665487,664034,593428,657656,701538,592206,54.15,,,,,,,,59,1,Slider,6,5,5,6,5,6,5,6,Standard,Standard,286.0,0.01,-0.04,,,,,0.04,,1,-1,0.621,0.379,27,29,27,29,1,3,2.0,1.0,2.0,1.0,3.32,-0.57,0.57,38.6,,,,,,Slider,False
CH,2026-04-27,92.0,2.48,5.86,"Morejon, Adrian",691718,670970,walk,ball,,,,,12.0,Pete Crow-Armstrong walks.,R,L,L,SD,CHC,B,,,3,2,2026,1.16,0.41,1.148718112365619,2.6905299818881145,,,,0,7,Top,,,,,,,-5.911710134346725,-133.77732620893957,-2.816904311386488,15.197548877848446,32.097723881843685,-26.848092624139326,3.202452428,1.616190945,,,,91.8,994.0,6.5,823311,666023,657757,665487,664034,593428,657656,701538,592206,54.01,,0.698418,0.7,1.0,0.0,0.0,,58,7,Changeup,6,5,5,6,5,6,5,6,Infield shade,Standard,112.0,-0.06,0.36,,,,,-0.36,,1,-1,0.681,0.319,27,24,27,24,1,2,2.0,1.0,2.0,1.0,2.31,1.16,1.16,46.7,,,,,,Changeup,True
SI,2026-04-27,99.6,2.36,5.83,"Morejon, Adrian",691718,670970,,foul,,,,,6.0,,R,L,L,SD,CHC,S,,,3,2,2026,1.4,0.41,0.3425857491548394,2.494472477775809,,,,0,7,Top,,,,,,,-8.836006836846126,-144.67362528623684,-4.430044520821879,21.836773971617227,39.502946391174056,-25.55946744821347,3.202452428,1.616190945,,,,99.2,2237.0,6.5,823311,666023,657757,665487,664034,593428,657656,701538,592206,53.96,,,,,,,,58,6,Sinker,6,5,5,6,5,6,5,6,Infield shade,Standard,145.0,0.0,0.0,79.5,7.0,,,0.0,,1,-1,0.681,0.319,27,24,27,24,1,2,2.0,1.0,2.0,1.0,1.93,1.4,1.4,38.4,18.05406520507091,-6.777811826530472,28.69049239500064,30.258397148304265,37.07346011310144,Sinker,False
FF,2026-04-27,99.2,2.39,6.01,"Morejon, Adrian",691718,670970,,ball,,,,,11.0,,R,L,L,SD,CHC,B,,,2,2,2026,0.28,1.3,-0.0534633722305094,4.351634654433515,,,,0,7,Top,,,,,,,-7.282688900296274,-144.25378979984717,-2.0062251306002823,5.708555480668043,36.9457026847885,-13.818455880244436,3.202452428,1.616190945,,,,99.1,2422.0,6.5,823311,666023,657757,665487,664034,593428,657656,701538,592206,53.97,,,,,,,,58,5,4-Seam Fastball,6,5,5,6,5,6,5,6,Infield shade,Standard,151.0,-0.018,0.113,,,,,-0.113,,1,-1,0.699,0.301,27,24,27,24,1,2,2.0,1.0,2.0,1.0,1.03,0.28,0.28,46.0,,,,,,Four-seam,False
SI,2026-04-27,98.3,2.47,5.9,"Morejon, Adrian",691718,670970,,foul,,,,,6.0,,R,L,L,SD,CHC,S,,,2,1,2026,1.4,0.46,0.7627775768009211,2.558175950665433,,,,0,7,Top,,,,,,,-7.895964575950041,-142.7549260706579,-4.333370142106517,21.080380798143743,38.51254071526597,-25.058081872591593,3.202452428,1.616190945,37.0,107.3,-3.0,97.7,2276.0,6.4,823311,666023,657757,665487,664034,593428,657656,701538,592206,54.06,,,,,,,,58,4,Sinker,6,5,5,6,5,6,5,6,Infield shade,Standard,148.0,0.014,-0.078,77.0,6.6,,,0.078,107.3,1,-1,0.685,0.315,27,24,27,24,1,2,2.0,1.0,2.0,1.0,1.95,1.4,1.4,39.1,16.966311750558674,-13.392594457669752,27.073481530148793,25.53796089190589,42.424679431477784,Sinker,False
SL,2026-04-27,88.3,2.72,5.79,"Morejon, Adrian",691718,670970,,ball,,,,,11.0,,R,L,L,SD,CHC,B,,,1,1,2026,-0.37,0.07,-1.238769610800922,3.054369813687371,,,,0,7,Top,,,,,,,-8.73254013869864,-128.23748850299646,-0.4225447487992233,-2.03402565980963,29.955524857723137,-31.589506646759578,3.202452428,1.616190945,,,,88.0,2840.0,6.5,823311,666023,657757,665487,664034,593428,657656,701538,592206,54.02,,,,,,,,58,3,Slider,6,5,5,6,5,6,5,6,Infield shade,Standard,278.0,-0.009,0.063,,,,,-0.063,,1,-1,0.694,0.306,27,24,27,24,1,2,2.0,1.0,2.0,1.0,2.9,-0.37,-0.37,39.7,,,,,,Slider,False
SI,2026-04-27,97.9,2.43,5.96,"Morejon, Adrian",691718,670970,,ball,,,,,14.0,,R,L,L,SD,CHC,B,,,0,1,2026,1.34,0.78,1.3745680618833918,2.3413029327191888,,,,0,7,Top,,,,,,,-5.981695429662255,-142.234604041577,-5.778751070804649,19.583374079401697,39.441050715213855,-20.351222530413036,3.202452428,1.616190945,,,,97.1,2147.0,6.4,823311,666023,657757,665487,664034,593428,657656,701538,592206,54.11,,,,,,,,58,2,Sinker,6,5,5,6,5,6,5,6,Infield shade,Standard,148.0,-0.005,0.029,,,,,-0.029,,1,-1,0.699,0.301,27,24,27,24,1,2,2.0,1.0,2.0,1.0,1.65,1.34,1.34,45.8,,,,,,Sinker,False
SI,2026-04-27,99.0,2.57,6.03,"Morejon, Adrian",691718,670970,,foul_tip,,,,,4.0,,R,L,L,SD,CHC,S,,,0,0,2026,1.28,0.86,-0.3112818275380165,2.257000393640656,,,,0,7,Top,,,,,,,-10.79342728110542,-143.50509410435478,-6.549600742997796,20.395666049856494,38.81352184699118,-18.8804192763037,3.202452428,1.616190945,,,,98.1,2211.0,6.4,823311,666023,657757,665487,664034,593428,657656,701538,592206,54.13,,,,,,,,58,1,Sinker,6,5,5,6,5,6,5,6,Infield shade,Standard,158.0,0.007,-0.041,76.1,7.8,,,0.041,,1,-1,0.692,0.308,27,24,27,24,1,2,2.0,1.0,2.0,1.0,1.52,1.28,1.28,46.0,22.131354254832797,-15.52116215938682,26.25476324566664,38.25483688995752,40.279225117211965,Sinker,False
SI,2026-04-27,98.9,2.28,5.97,"Morejon, Adrian",621020,670970,field_out,hit_into_play,,,,,2.0,"Dansby Swanson grounds out, shortstop Xander Bogaerts to first baseman Ty France.",R,R,L,SD,CHC,X,6.0,ground_ball,0,1,2026,1.27,0.67,0.0670552787721541,2.963310814677362,,,,2,6,Top,116.34,144.59,,,,,-8.983962366513385,-143.61645997651632,-4.030223307056583,19.78359356465007,39.73943013348038,-22.19550594806611,3.218249672,1.624163386,15.0,88.6,-11.0,98.2,2307.0,6.5,823311,666023,664034,665487,592518,593428,657656,701538,592206,54.02,0.143,0.129,0.0,1.0,0.0,0.0,2.0,53,2,Sinker,6,5,5,6,5,6,5,6,Standard,Standard,146.0,0.014,-0.217,65.6,6.4,,0.166,0.217,88.6,1,-1,0.726,0.274,27,32,27,32,1,2,2.0,1.0,2.0,1.0,1.71,1.27,-1.27,44.0,10.369996130632831,12.721436735199903,27.74993819704814,36.25732642622871,29.48491890881858,Sinker,True
SL,2026-04-27,88.3,2.96,5.79,"Morejon, Adrian",621020,670970,,called_strike,,,,,6.0,,R,R,L,SD,CHC,S,,,0,0,2026,-0.79,-0.25,0.3105595483087252,2.1232529304165912,,,,2,6,Top,,,,,,,-4.69339909621265,-128.5378106926349,-2.1019448483113594,-7.84577598793584,26.391226061693935,-34.71476153625956,3.218249672,1.624163386,,,,88.5,2850.0,6.4,823311,666023,664034,665487,592518,593428,657656,701538,592206,54.14,,,,,,,,53,1,Slider,6,5,5,6,5,6,5,6,Standard,Standard,288.0,0.003,-0.045,,,,,0.045,,1,-1,0.723,0.277,27,32,27,32,1,2,2.0,1.0,2.0,1.0,3.17,-0.79,0.79,40.3,,,,,,Slider,False
CH,2026-04-27,92.8,2.54,5.91,"Morejon, Adrian",807713,670970,field_out,hit_into_play,,,,,14.0,"Matt Shaw grounds out, shortstop Xander Bogaerts to first baseman Ty France.",R,R,L,SD,CHC,X,6.0,ground_ball,0,1,2026,1.35,0.04,0.9630374919613818,1.5998743074743955,,,,1,6,Top,115.88,162.93,,,,,-7.012861418491925,-134.84810880378188,-4.985886489758127,18.03866032344162,32.80477760805743,-30.746402381173137,3.105036089,1.567027559,4.0,68.5,-22.0,92.5,1141.0,6.4,823311,666023,664034,665487,592518,593428,657656,701538,592206,54.06,0.042,0.038,0.0,1.0,0.0,0.0,2.0,52,2,Changeup,6,5,5,6,5,6,5,6,Standard,Standard,112.0,0.023,-0.22,65.2,7.5,,0.045,0.22,88.0,1,-1,0.7,0.3,27,24,27,25,1,0,2.0,1.0,2.0,1.0,2.65,1.35,-1.35,45.1,13.909456922029356,2.05214676670559,28.342647414535435,45.7414202215363,32.13686587336072,Changeup,True
SL,2026-04-27,88.8,2.9,5.82,"Morejon, Adrian",807713,670970,,called_strike,,,,,5.0,,R,R,L,SD,CHC,S,,,0,0,2026,-0.59,-0.32,0.2060513831016996,2.3683168199137317,,,,1,6,Top,,,,,,,-5.238571179066052,-129.27830024205394,-1.4646046289655013,-5.418668852721553,28.930030304829543,-35.61521957681577,3.105036089,1.567027559,,,,88.6,2901.0,6.3,823311,666023,664034,665487,592518,593428,657656,701538,592206,54.21,,,,,,,,52,1,Slider,6,5,5,6,5,6,5,6,Standard,Standard,280.0,0.004,-0.041,,,,,0.041,,1,-1,0.696,0.304,27,24,27,25,1,0,2.0,1.0,2.0,1.0,3.22,-0.59,0.59,35.4,,,,,,Slider,False
SI,2026-04-27,99.0,2.42,5.86,"Morejon, Adrian",694208,670970,field_out,hit_into_play,,,,,2.0,"Moisés Ballesteros grounds out, shortstop Xander Bogaerts to first baseman Ty France.",R,L,L,SD,CHC,X,6.0,ground_ball,3,2,2026,1.39,1.09,-0.0702679540597595,2.690591397465047,,,,0,6,Top,117.35,143.57,,,,,-10.042503085933149,-143.60417278081852,-5.504498130686308,21.69160679834265,38.77622268243553,-15.98006877157895,3.040091864,1.534251969,137.0,96.4,7.0,98.6,2268.0,6.6,823311,666023,664034,665487,592518,593428,657656,701538,592206,53.86,0.58,0.533,0.0,1.0,0.0,0.0,4.0,51,9,Sinker,6,5,5,6,5,6,5,6,Infield shade,Standard,140.0,0.045,-0.346,70.2,6.9,,0.639,0.346,96.4,1,-1,0.651,0.349,27,22,27,23,1,2,2.0,2.0,2.0,1.0,1.28,1.39,1.39,40.8,8.490180876737647,11.706155041633876,23.973290999061177,39.6906263267977,29.92984488190148,Sinker,True
SI,2026-04-27,99.3,2.33,5.9,"Morejon, Adrian",694208,670970,,foul,,,,,2.0,,R,L,L,SD,CHC,S,,,3,2,2026,1.45,0.83,-0.1852531708176727,2.9512355379233544,,,,0,6,Top,,,,,,,-10.265394338997664,-144.04441378525777,-4.326015716619762,22.774154917688776,38.813626165154325,-19.771796166625112,3.040091864,1.534251969,233.0,83.1,52.0,98.7,2307.0,6.5,823311,666023,664034,665487,592518,593428,657656,701538,592206,54.02,,,,,,,,51,8,Sinker,6,5,5,6,5,6,5,6,Infield shade,Standard,148.0,0.0,0.0,68.6,6.5,,,0.0,88.0,1,-1,0.651,0.349,27,22,27,23,1,2,2.0,2.0,2.0,1.0,1.53,1.45,1.45,41.5,1.965633739777109,15.960222261001835,26.62065751984772,40.14472296813898,27.094548635999583,Sinker,False
SI,2026-04-27,98.8,2.32,5.97,"Morejon, Adrian",694208,670970,,foul,,,,,12.0,,R,L,L,SD,CHC,S,,,3,2,2026,1.55,0.71,0.237603836425263,3.501318265889682,,,,0,6,Top,,,,,,,-9.27761424279469,-143.46734781037094,-2.6657138949342447,23.673200797869736,38.00454806753837,-22.05301506937268,3.040091864,1.534251969,8.0,88.3,-23.0,98.2,2434.0,6.4,823311,666023,664034,665487,592518,593428,657656,701538,592206,54.1,,,,,,,,51,7,Sinker,6,5,5,6,5,6,5,6,Infield shade,Standard,150.0,0.0,0.0,51.2,4.6,,,0.0,88.3,1,-1,0.651,0.349,27,22,27,23,1,2,2.0,2.0,2.0,1.0,1.67,1.55,1.55,46.9,-12.346845320463286,60.42661498089953,20.654528651809947,34.52427594098063,5.15443117132685,Sinker,False
SI,2026-04-27,99.9,2.43,5.95,"Morejon, Adrian",694208,670970,,foul,,,,,12.0,,R,L,L,SD,CHC,S,,,3,2,2026,1.4,0.85,1.025039093233722,3.620334187883867,,,,0,6,Top,,,,,,,-7.195637286341891,-145.16322775758064,-2.772459644710643,21.518367612569826,40.057276507137765,-19.833047971415347,3.040091864,1.534251969,247.0,77.7,29.0,99.2,2415.0,6.4,823311,666023,664034,665487,592518,593428,657656,701538,592206,54.12,,,,,,,,51,6,Sinker,6,5,5,6,5,6,5,6,Infield shade,Standard,146.0,0.0,0.0,52.3,4.5,,,0.0,88.0,1,-1,0.651,0.349,27,22,27,23,1,2,2.0,2.0,2.0,1.0,1.48,1.4,1.4,41.1,-13.362314574087195,47.26259551686813,24.54775774564885,25.891974776367647,17.754892902537485,Sinker,False
SI,2026-04-27,98.8,2.38,5.95,"Morejon, Adrian",694208,670970,,called_strike,,,,,6.0,,R,L,L,SD,CHC,S,,,3,1,2026,1.44,0.85,0.541283066412863,2.473880767897747,,,,0,6,Top,,,,,,,-8.36357843395641,-143.48430047999054,-5.72540220556534,21.889099410383384,38.111985504018946,-19.188847685385845,3.040091864,1.534251969,,,,98.1,2420.0,6.4,823311,666023,664034,665487,592518,593428,657656,701538,592206,54.15,,,,,,,,51,5,Sinker,6,5,5,6,5,6,5,6,Infield shade,Standard,142.0,0.015,-0.101,,,,,0.101,,1,-1,0.636,0.364,27,22,27,23,1,2,2.0,2.0,2.0,1.0,1.52,1.44,1.44,39.7,,,,,,Sinker,False
SI,2026-04-27,98.7,2.38,5.91,"Morejon, Adrian",694208,670970,,called_strike,,,,,2.0,,R,L,L,SD,CHC,S,,,3,0,2026,1.45,0.87,-0.2146802164908736,2.8002286350502263,,,,0,6,Top,,,,,,,-10.405017382502749,-143.19220509861665,-4.754021977448544,22.529033415218223,38.54650156884016,-19.249825762518572,3.040091864,1.534251969,,,,98.0,2364.0,6.5,823311,666023,664034,665487,592518,593428,657656,701538,592206,54.04,,,,,,,,51,4,Sinker,6,5,5,6,5,6,5,6,Infield shade,Standard,144.0,0.012,-0.084,,,,,0.084,,1,-1,0.624,0.376,27,22,27,23,1,2,2.0,2.0,2.0,1.0,1.52,1.45,1.45,39.9,,,,,,Sinker,False
SI,2026-04-27,98.6,2.62,5.95,"Morejon, Adrian",694208,670970,,ball,,,,,12.0,,R,L,L,SD,CHC,B,,,2,0,2026,1.4,0.81,1.36776564972435,3.000176726438512,,,,0,6,Top,,,,,,,-6.651122641702112,-143.25080267240568,-4.194406955448454,20.77312123537534,37.62822252606154,-20.27077729130565,3.040091864,1.534251969,,,,97.7,2418.0,6.2,823311,666023,664034,665487,592518,593428,657656,701538,592206,54.3,,,,,,,,51,3,Sinker,6,5,5,6,5,6,5,6,Infield shade,Standard,145.0,-0.018,0.148,,,,,-0.148,,1,-1,0.642,0.358,27,22,27,23,1,2,2.0,2.0,2.0,1.0,1.57,1.4,1.4,39.7,,,,,,Sinker,False
SI,2026-04-27,97.9,2.56,5.92,"Morejon, Adrian",694208,670970,,ball,,,,,14.0,,R,L,L,SD,CHC,B,,,1,0,2026,1.46,0.84,1.1243525770589329,1.669270920088384,,,,0,6,Top,,,,,,,-7.2674076270743715,-142.05604558117116,-7.61730777748649,21.48313869113845,37.431772979617065,-19.06411772325253,3.040091864,1.534251969,,,,97.2,2353.0,6.4,823311,666023,664034,665487,592518,593428,657656,701538,592206,54.11,,,,,,,,51,2,Sinker,6,5,5,6,5,6,5,6,Infield shade,Standard,145.0,-0.012,0.082,,,,,-0.082,,1,-1,0.654,0.346,27,22,27,23,1,2,2.0,2.0,2.0,1.0,1.58,1.46,1.46,40.8,,,,,,Sinker,False
SI,2026-04-27,98.8,2.41,6.02,"Morejon, Adrian",694208,670970,,ball,,,,,12.0,,R,L,L,SD,CHC,B,,,0,0,2026,1.41,0.82,0.1803917746471102,3.396201123823026,,,,0,6,Top,,,,,,,-9.339397284955789,-143.4631573224692,-3.3627179486937218,21.686943365838076,37.57007135932317,-20.29027386203175,3.040091864,1.534251969,,,,98.2,2361.0,6.4,823311,666023,664034,665487,592518,593428,657656,701538,592206,54.12,,,,,,,,51,1,Sinker,6,5,5,6,5,6,5,6,Infield shade,Standard,145.0,-0.006,0.042,,,,,-0.042,,1,-1,0.66,0.34,27,22,27,23,1,2,2.0,2.0,2.0,1.0,1.55,1.41,1.41,40.7,,,,,,Sinker,False
SL,2026-04-25,89.2,2.8,5.77,"Morejon, Adrian",680728,670970,strikeout,called_strike,,,,,12.0,Adrian Del Castillo called out on strikes.,R,L,L,AZ,SD,S,2.0,,1,2,2026,-0.55,-0.28,0.8845205954365185,2.5585475988963364,,606466.0,682998.0,2,7,Bot,,,,,,,-3.5009284,-129.86478,-1.3394816,-5.312385,20.82969,-34.733543,3.091,1.56,,,,88.3,3102.0,5.2,825093,666023,664034,630105,592518,593428,657656,701538,665487,55.34,,0.0,0.0,1.0,0.0,0.0,,61,5,Slider,4,5,4,5,5,4,4,5,,,302.0,-0.068,-0.208,,,,,0.208,,-1,-1,0.323,0.323,27,26,27,27,1,3,2.0,2.0,2.0,1.0,3.21,-0.55,-0.55,,,,,,,Slider,True
SL,2026-04-25,89.4,2.74,5.81,"Morejon, Adrian",680728,670970,,blocked_ball,,,,,13.0,,R,L,L,AZ,SD,B,,,0,2,2026,-0.38,-0.17,-0.1205530834959502,0.1954844247450493,,606466.0,682998.0,2,7,Bot,,,,,,,-6.0738583,-129.76334,-7.211214,-2.9576805,22.686443,-32.562595,3.091,1.56,,,,88.1,3036.0,5.2,825093,666023,664034,630105,592518,593428,657656,701538,665487,55.29,,,,,,,,61,4,Slider,4,5,4,5,5,4,4,5,,,303.0,0.01,0.012,,,,,-0.012,,-1,-1,0.313,0.313,27,26,27,27,1,3,2.0,2.0,2.0,1.0,3.12,-0.38,-0.38,,,,,,,Slider,False
FF,2026-04-25,99.6,2.41,6.01,"Morejon, Adrian",680728,670970,,foul,,,,,1.0,,R,L,L,AZ,SD,S,,,0,2,2026,0.07,0.92,-0.3390485608555005,2.755676852970658,,606466.0,682998.0,2,7,Bot,,,,,,,-7.5224676,-144.6702,-5.486962,2.4343636,27.466137,-18.465971,3.091,1.56,,82.9,22.0,,2474.0,5.8,825093,666023,664034,630105,592518,593428,657656,701538,665487,54.69,,,,,,,,61,3,4-Seam Fastball,4,5,4,5,5,4,4,5,,,175.0,0.0,0.0,,,,,0.0,88.0,-1,-1,0.313,0.313,27,26,27,27,1,3,2.0,2.0,2.0,1.0,1.39,0.07,0.07,,,,,,,Four-seam,False
SI,2026-04-25,99.9,2.48,5.9,"Morejon, Adrian",680728,670970,,swinging_strike,,,,,8.0,,R,L,L,AZ,SD,S,,,0,1,2026,0.82,0.52,-0.0901753959568967,1.6899013252402098,,606466.0,682998.0,2,7,Bot,,,,,,,-8.756975,-145.09216,-7.2212734,12.834393,27.850256,-23.58672,3.091,1.56,,,,99.7,2389.0,5.9,825093,666023,664034,630105,592518,593428,657656,701538,665487,54.64,,,,,,,,61,2,Sinker,4,5,4,5,5,4,4,5,,,119.0,-0.024,-0.056,,,,,0.056,,-1,-1,0.337,0.337,27,26,27,27,1,3,2.0,2.0,2.0,1.0,1.79,0.82,0.82,,,,,,,Sinker,False
SI,2026-04-25,101.3,2.44,5.9,"Morejon, Adrian",680728,670970,,foul,,,,,6.0,,R,L,L,AZ,SD,S,,,0,0,2026,0.9,0.52,0.6487135317544522,2.3647502784868477,,606466.0,682998.0,2,7,Bot,,,,,,,-6.9424376,-147.15697,-5.6031466,13.934494,30.1502,-23.615332,3.091,1.56,,81.4,19.0,,2396.0,6.0,825093,666023,664034,630105,592518,593428,657656,701538,665487,54.54,,,,,,,,61,1,Sinker,4,5,4,5,5,4,4,5,,,117.0,-0.015,-0.032,,,,,0.032,88.0,-1,-1,0.352,0.352,27,26,27,27,1,3,2.0,2.0,2.0,1.0,1.72,0.9,0.9,,,,,,,Sinker,False
FF,2026-04-25,101.0,2.53,5.99,"Morejon, Adrian",682998,670970,walk,ball,,,,,13.0,Corbin Carroll walks. Ketel Marte to 2nd.,R,L,L,AZ,SD,B,,,3,2,2026,0.22,0.78,-0.7673718236121996,1.3266404663367195,,,606466.0,2,7,Bot,,,,,,,-9.4968405,-146.55855,-9.275243,4.866125,26.405365,-19.37418,3.103,1.566,,,,101.3,2447.0,6.1,825093,666023,664034,630105,592518,593428,657656,701538,665487,54.43,,0.698418,0.7,1.0,0.0,0.0,,60,9,4-Seam Fastball,4,5,4,5,5,4,4,5,,,163.0,0.038,0.215,,,,,-0.215,,-1,-1,0.314,0.314,27,25,27,26,1,3,2.0,2.0,2.0,1.0,1.45,0.22,0.22,,,,,,,Four-seam,True
SL,2026-04-25,89.5,2.82,5.78,"Morejon, Adrian",682998,670970,,foul,,,,,13.0,,R,L,L,AZ,SD,S,,,3,2,2026,-0.49,-0.35,-0.863789173521156,2.0388297810433973,,,606466.0,2,7,Bot,,,,,,,-7.8518143,-130.073,-2.4693732,-4.07501,20.64043,-35.458473,3.103,1.566,,,,88.8,2999.0,5.4,825093,666023,664034,630105,592518,593428,657656,701538,665487,55.14,,,,,,,,60,8,Slider,4,5,4,5,5,4,4,5,,,310.0,0.0,0.0,,,,,0.0,,-1,-1,0.314,0.314,27,25,27,26,1,3,2.0,2.0,2.0,1.0,3.26,-0.49,-0.49,,,,,,,Slider,False
SI,2026-04-25,101.7,2.66,5.89,"Morejon, Adrian",682998,670970,,foul,,,,,6.0,,R,L,L,AZ,SD,S,,,3,2,2026,1.07,0.56,0.3118195043668651,2.3780673732544293,,,606466.0,2,7,Bot,,,,,,,-8.819158,-147.64496,-5.6781855,16.65172,31.129082,-22.904305,3.103,1.566,,78.9,36.0,,2401.0,5.8,825093,666023,664034,630105,592518,593428,657656,701538,665487,54.74,,,,,,,,60,7,Sinker,4,5,4,5,5,4,4,5,,,115.0,0.0,0.0,,,,,0.0,88.0,-1,-1,0.314,0.314,27,25,27,26,1,3,2.0,2.0,2.0,1.0,1.68,1.07,1.07,,,,,,,Sinker,False
FF,2026-04-25,100.0,2.43,6.06,"Morejon, Adrian",682998,670970,,ball,,,,,12.0,,R,L,L,AZ,SD,B,,,2,2,2026,0.18,1.03,0.4712124849072295,3.687932119787405,,,606466.0,2,7,Bot,,,,,,,-5.662946,-145.44778,-3.4199834,3.5588713,27.629534,-17.32342,3.103,1.566,,,,99.7,2504.0,5.7,825093,666023,664034,630105,592518,593428,657656,701538,665487,54.79,,,,,,,,60,6,4-Seam Fastball,4,5,4,5,5,4,4,5,,,169.0,0.015,0.081,,,,,-0.081,,-1,-1,0.299,0.299,27,25,27,26,1,3,2.0,2.0,2.0,1.0,1.27,0.18,0.18,,,,,,,Four-seam,False
SI,2026-04-25,100.9,2.52,5.93,"Morejon, Adrian",682998,670970,,foul,,,,,3.0,,R,L,L,AZ,SD,S,,,2,2,2026,1.05,0.57,0.3950888437583246,2.6464873246645677,,,606466.0,2,7,Bot,,,,,,,-8.114822,-146.59482,-4.968169,16.002064,29.594973,-23.143822,3.103,1.566,,94.1,34.0,,2528.0,5.8,825093,666023,664034,630105,592518,593428,657656,701538,665487,54.72,,,,,,,,60,5,Sinker,4,5,4,5,5,4,4,5,,,116.0,0.0,0.0,,,,,0.0,94.1,-1,-1,0.299,0.299,27,25,27,26,1,3,2.0,2.0,2.0,1.0,1.7,1.05,1.05,,,,,,,Sinker,False
SI,2026-04-25,100.0,2.69,5.95,"Morejon, Adrian",682998,670970,,called_strike,,,,,5.0,,R,L,L,AZ,SD,S,,,2,1,2026,0.96,0.7,-0.2623176672533953,2.389796158138815,,,606466.0,2,7,Bot,,,,,,,-10.04235,-145.06099,-5.8555417,14.900811,28.998041,-21.330397,3.103,1.566,,,,99.4,2452.0,5.8,825093,666023,664034,630105,592518,593428,657656,701538,665487,54.72,,,,,,,,60,4,Sinker,4,5,4,5,5,4,4,5,,,124.0,-0.012,-0.071,,,,,0.071,,-1,-1,0.311,0.311,27,25,27,26,1,3,2.0,2.0,2.0,1.0,1.61,0.96,0.96,,,,,,,Sinker,False
SI,2026-04-25,100.0,2.58,5.92,"Morejon, Adrian",682998,670970,,ball,,,,,12.0,,R,L,L,AZ,SD,B,,,1,1,2026,0.84,0.73,1.3500134853424306,2.4932815577239062,,,606466.0,2,7,Bot,,,,,,,-5.1426244,-145.3641,-5.58645,12.296142,28.78901,-20.98506,3.103,1.566,,,,99.5,2410.0,5.7,825093,666023,664034,630105,592518,593428,657656,701538,665487,54.77,,,,,,,,60,3,Sinker,4,5,4,5,5,4,4,5,,,128.0,0.007,0.054,,,,,-0.054,,-1,-1,0.304,0.304,27,25,27,26,1,3,2.0,2.0,2.0,1.0,1.58,0.84,0.84,,,,,,,Sinker,False
SI,2026-04-25,100.4,2.68,5.93,"Morejon, Adrian",682998,670970,,swinging_strike,,,,,2.0,,R,L,L,AZ,SD,S,,,1,0,2026,0.92,0.84,0.076601869703002,2.6620301432700995,,,606466.0,2,7,Bot,,,,,,,-9.073744,-145.79147,-5.4773426,14.272261,27.323116,-19.492077,3.103,1.566,,,,100.2,2370.0,5.8,825093,666023,664034,630105,592518,593428,657656,701538,665487,54.68,,,,,,,,60,2,Sinker,4,5,4,5,5,4,4,5,,,130.0,-0.007,-0.05,,,,,0.05,,-1,-1,0.311,0.311,27,25,27,26,1,3,2.0,2.0,2.0,1.0,1.44,0.92,0.92,,,,,,,Sinker,False
SI,2026-04-25,100.9,2.52,6.01,"Morejon, Adrian",682998,670970,,ball,,,,,12.0,,R,L,L,AZ,SD,B,,,0,0,2026,1.02,0.61,0.849037654411031,3.778892845579313,,,606466.0,2,7,Bot,,,,,,,-6.8119326,-146.62021,-2.1980839,15.319092,30.62943,-23.07514,3.103,1.566,,,,100.5,2317.0,5.9,825093,666023,664034,630105,592518,593428,657656,701538,665487,54.62,,,,,,,,60,1,Sinker,4,5,4,5,5,4,4,5,,,118.0,0.004,0.038,,,,,-0.038,,-1,-1,0.307,0.307,27,25,27,26,1,3,2.0,2.0,2.0,1.0,1.65,1.02,1.02,,,,,,,Sinker,False
FF,2026-04-25,100.9,2.4,6.03,"Morejon, Adrian",606466,670970,single,hit_into_play,,,,,2.0,"Ketel Marte singles on a ground ball to left fielder Ramón Laureano, deflected by third baseman Manny Machado.",R,R,L,AZ,SD,X,5.0,ground_ball,1,2,2026,0.21,0.81,-0.1070640689276692,3.2127439412728585,,,,2,7,Bot,75.96,127.25,,,,,-7.269262,-146.58447,-4.240413,4.337024,28.354359,-19.969692,3.218,1.624,7.0,80.1,-26.0,100.2,2450.0,5.6,825093,666023,664034,630105,592518,593428,657656,701538,665487,54.89,0.038,0.034,0.9,1.0,1.0,0.0,2.0,59,4,4-Seam Fastball,4,5,4,5,5,4,4,5,,,164.0,0.035,0.407,,,,0.039,-0.407,88.0,-1,-1,0.272,0.272,27,32,27,33,1,3,2.0,2.0,2.0,1.0,1.46,0.21,-0.21,,,,,,,Four-seam,True
CH,2026-04-25,93.2,2.61,5.97,"Morejon, Adrian",606466,670970,,swinging_strike,,,,,13.0,,R,R,L,AZ,SD,S,,,1,1,2026,0.4,0.26,-1.1960007840818256,1.567861287466612,,,,2,7,Bot,,,,,,,-10.267608,-135.13019,-5.872956,6.4711385,24.652477,-27.832306,3.218,1.624,,,,92.1,1077.0,5.4,825093,666023,664034,630105,592518,593428,657656,701538,665487,55.07,,,,,,,,59,3,Changeup,4,5,4,5,5,4,4,5,,,116.0,-0.006,-0.064,,,,,0.064,,-1,-1,0.278,0.278,27,32,27,33,1,3,2.0,2.0,2.0,1.0,2.43,0.4,-0.4,,,,,,,Changeup,False
CH,2026-04-25,93.9,2.63,5.92,"Morejon, Adrian",606466,670970,,ball,,,,,13.0,,R,R,L,AZ,SD,B,,,0,1,2026,0.3,0.19,-0.7029173609011377,-0.1539112603859389,,,,2,7,Bot,,,,,,,-9.02187,-135.98174,-10.020666,5.3398356,26.62021,-27.849617,3.218,1.624,,,,93.1,1032.0,5.8,825093,666023,664034,630105,592518,593428,657656,701538,665487,54.7,,,,,,,,59,2,Changeup,4,5,4,5,5,4,4,5,,,111.0,0.003,0.03,,,,,-0.03,,-1,-1,0.275,0.275,27,32,27,33,1,3,2.0,2.0,2.0,1.0,2.45,0.3,-0.3,,,,,,,Changeup,False
SL,2026-04-25,91.0,3.03,5.88,"Morejon, Adrian",606466,670970,,foul,,,,,3.0,,R,R,L,AZ,SD,S,,,0,0,2026,-0.43,-0.21,0.3521860795948108,2.7562877793414327,,,,2,7,Bot,,,,,,,-5.6438484,-132.41109,-1.5093931,-3.8461022,21.919006,-34.06526,3.218,1.624,,,,89.8,2913.0,5.1,825093,666023,664034,630105,592518,593428,657656,701538,665487,55.43,,,,,,,,59,1,Slider,4,5,4,5,5,4,4,5,,,303.0,-0.004,-0.045,,,,,0.045,,-1,-1,0.279,0.279,27,32,27,33,1,3,2.0,2.0,2.0,1.0,3.04,-0.43,0.43,,,,,,,Slider,False
SL,2026-04-25,86.6,2.98,5.78,"Morejon, Adrian",694374,670970,strikeout,swinging_strike,,,,,14.0,Tim Tawa strikes out swinging.,R,R,L,AZ,SD,S,2.0,,1,2,2026,-0.57,-0.29,0.2040122213730071,1.0421216284432413,,,,1,7,Bot,,,,,,,-5.349344,-125.89107,-4.4175034,-4.848166,20.238228,-34.156376,3.163,1.596,,,,85.6,2899.0,5.3,825093,666023,664034,630105,592518,593428,657656,701538,665487,55.25,,0.0,0.0,1.0,0.0,0.0,,58,4,Slider,4,5,4,5,5,4,4,5,,,303.0,-0.026,-0.182,,,,,0.182,,-1,-1,0.305,0.305,27,27,27,27,1,0,2.0,6.0,2.0,1.0,3.41,-0.57,0.57,,,,,,,Slider,True
SI,2026-04-25,101.7,2.4,5.98,"Morejon, Adrian",694374,670970,,ball,,,,,13.0,,R,R,L,AZ,SD,B,,,0,2,2026,0.91,0.57,-1.213598859754922,1.617665834365673,,,,1,7,Bot,,,,,,,-11.936017,-147.40118,-8.055206,15.045319,28.795746,-22.334074,3.163,1.596,,,,101.3,2371.0,5.9,825093,666023,664034,630105,592518,593428,657656,701538,665487,54.6,,,,,,,,58,3,Sinker,4,5,4,5,5,4,4,5,,,119.0,0.004,0.019,,,,,-0.019,,-1,-1,0.301,0.301,27,27,27,27,1,0,2.0,6.0,2.0,1.0,1.65,0.91,-0.91,,,,,,,Sinker,False
FF,2026-04-25,100.6,2.5,6.1,"Morejon, Adrian",694374,670970,,foul,,,,,9.0,,R,R,L,AZ,SD,S,,,0,1,2026,0.29,1.1,0.3801388242970564,1.9882255598566163,,,,1,7,Bot,,,,,,,-6.367182,-146.10475,-8.360587,5.1645174,27.338017,-15.3445215,3.163,1.596,,80.9,69.0,,2557.0,5.7,825093,666023,664034,630105,592518,593428,657656,701538,665487,54.8,,,,,,,,58,2,4-Seam Fastball,4,5,4,5,5,4,4,5,,,164.0,-0.009,-0.057,,,,,0.057,88.0,-1,-1,0.31,0.31,27,27,27,27,1,0,2.0,6.0,2.0,1.0,1.18,0.29,-0.29,,,,,,,Four-seam,False
SL,2026-04-25,89.7,2.9,5.88,"Morejon, Adrian",694374,670970,,called_strike,,,,,14.0,,R,R,L,AZ,SD,S,,,0,0,2026,-0.33,-0.05,0.6831975542833657,1.3687036482997348,,,,1,7,Bot,,,,,,,-4.6551933,-130.47939,-4.937887,-2.7322605,21.85999,-31.655083,3.163,1.596,,,,88.6,3079.0,5.2,825093,666023,664034,630105,592518,593428,657656,701538,665487,55.32,,,,,,,,58,1,Slider,4,5,4,5,5,4,4,5,,,290.0,-0.006,-0.041,,,,,0.041,,-1,-1,0.316,0.316,27,27,27,27,1,0,2.0,6.0,2.0,1.0,2.96,-0.33,0.33,,,,,,,Slider,False
SI,2026-04-25,101.3,2.5,6.0,"Morejon, Adrian",677950,670970,field_out,hit_into_play,,,,,2.0,"Alek Thomas grounds out, third baseman Manny Machado to first baseman Ty France.",R,L,L,AZ,SD,X,5.0,ground_ball,2,2,2026,0.93,0.56,-0.2316237826315345,2.8304789799577685,,,,0,7,Bot,103.85,157.66,,,,,-9.5085,-147.1005,-4.704662,14.722933,27.529144,-23.395449,3.073,1.551,9.0,97.2,-17.0,100.7,2462.0,5.6,825093,666023,664034,630105,592518,593428,657656,701538,665487,54.88,0.193,0.174,0.0,1.0,0.0,0.0,2.0,57,7,Sinker,4,5,4,5,5,4,4,5,,,118.0,-0.041,-0.232,,,,0.21,0.232,97.2,-1,-1,0.357,0.357,27,26,27,26,1,2,2.0,2.0,2.0,1.0,1.7,0.93,0.93,,,,,,,Sinker,True
SL,2026-04-25,89.2,2.87,5.83,"Morejon, Adrian",677950,670970,,foul,,,,,8.0,,R,L,L,AZ,SD,S,,,2,2,2026,-0.45,-0.26,0.0139071451954685,1.9653221040392703,,,,0,7,Bot,,,,,,,-5.937159,-129.8314,-2.9076576,-3.892759,20.883553,-34.36869,3.073,1.551,,,,88.5,3030.0,5.3,825093,666023,664034,630105,592518,593428,657656,701538,665487,55.19,,,,,,,,57,6,Slider,4,5,4,5,5,4,4,5,,,306.0,0.0,0.0,,,,,0.0,,-1,-1,0.357,0.357,27,26,27,26,1,2,2.0,2.0,2.0,1.0,3.18,-0.45,-0.45,,,,,,,Slider,False
SL,2026-04-25,89.6,2.89,5.79,"Morejon, Adrian",677950,670970,,ball,,,,,13.0,,R,L,L,AZ,SD,B,,,1,2,2026,-0.37,-0.2,-1.514952887158285,0.163475077651868,,,,0,7,Bot,,,,,,,-9.796861,-129.97926,-7.216493,-2.2723293,22.157627,-32.943836,3.073,1.551,,,,88.3,2890.0,5.3,825093,666023,664034,630105,592518,593428,657656,701538,665487,55.24,,,,,,,,57,5,Slider,4,5,4,5,5,4,4,5,,,306.0,0.007,0.046,,,,,-0.046,,-1,-1,0.35,0.35,27,26,27,26,1,2,2.0,2.0,2.0,1.0,3.12,-0.37,-0.37,,,,,,,Slider,False
SI,2026-04-25,101.0,2.51,6.04,"Morejon, Adrian",677950,670970,,foul,,,,,12.0,,R,L,L,AZ,SD,S,,,1,2,2026,0.84,0.83,0.0009026975486766,3.4418259155864295,,,,0,7,Bot,,,,,,,-8.777149,-146.816,-3.7803347,13.446584,28.495602,-19.525354,3.073,1.551,,87.2,40.0,,2439.0,6.1,825093,666023,664034,630105,592518,593428,657656,701538,665487,54.38,,,,,,,,57,4,Sinker,4,5,4,5,5,4,4,5,,,133.0,0.0,0.0,,,,,0.0,88.0,-1,-1,0.35,0.35,27,26,27,26,1,2,2.0,2.0,2.0,1.0,1.39,0.84,0.84,,,,,,,Sinker,False
SI,2026-04-25,100.5,2.62,5.98,"Morejon, Adrian",677950,670970,,swinging_strike,,,,,12.0,,R,L,L,AZ,SD,S,,,1,1,2026,0.81,0.93,1.319707746519891,2.998572223302784,,,,0,7,Bot,,,,,,,-5.3925853,-146.14969,-4.9915485,12.273619,28.653242,-18.042547,3.073,1.551,,,,100.9,2503.0,6.2,825093,666023,664034,630105,592518,593428,657656,701538,665487,54.35,,,,,,,,57,3,Sinker,4,5,4,5,5,4,4,5,,,137.0,-0.012,-0.06,,,,,0.06,,-1,-1,0.362,0.362,27,26,27,26,1,2,2.0,2.0,2.0,1.0,1.31,0.81,0.81,,,,,,,Sinker,False
SI,2026-04-25,100.8,2.62,5.98,"Morejon, Adrian",677950,670970,,swinging_strike,,,,,3.0,,R,L,L,AZ,SD,S,,,1,0,2026,0.96,0.81,0.570167940882519,3.146612215087746,,,,0,7,Bot,,,,,,,-7.7361417,-146.51117,-4.3051343,14.715232,29.805956,-19.828382,3.073,1.551,,,,100.7,2447.0,6.0,825093,666023,664034,630105,592518,593428,657656,701538,665487,54.53,,,,,,,,57,2,Sinker,4,5,4,5,5,4,4,5,,,128.0,-0.01,-0.055,,,,,0.055,,-1,-1,0.372,0.372,27,26,27,26,1,2,2.0,2.0,2.0,1.0,1.44,0.96,0.96,,,,,,,Sinker,False
SL,2026-04-25,89.2,2.82,5.87,"Morejon, Adrian",677950,670970,,ball,,,,,13.0,,R,L,L,AZ,SD,B,,,0,0,2026,-0.37,-0.25,-1.3513846689673443,2.189984356740867,,,,0,7,Bot,,,,,,,-9.211056,-129.50769,-2.43813,-2.4070244,21.8544,-34.246277,3.073,1.551,,,,88.2,3014.0,5.3,825093,666023,664034,630105,592518,593428,657656,701538,665487,55.16,,,,,,,,57,1,Slider,4,5,4,5,5,4,4,5,,,311.0,0.008,0.042,,,,,-0.042,,-1,-1,0.364,0.364,27,26,27,26,1,2,2.0,2.0,2.0,1.0,3.19,-0.37,-0.37,,,,,,,Slider,False
SI,2026-04-23,100.6,2.61,5.82,"Morejon, Adrian",681198,670970,field_out,hit_into_play,,,,,6.0,"TJ Rumfield grounds out, third baseman Manny Machado to first baseman Ty France.",R,L,L,COL,SD,X,5.0,ground_ball,1,0,2026,1.38,0.78,0.4924549317071884,2.7231129416393167,,,,2,6,Bot,113.32,164.09,,,,,-9.120355474138698,-146.27167981651945,-4.948725844159834,21.983564613762667,31.73687839624308,-19.987062924158828,3.422736221,1.727362205,42.0,55.3,2.0,100.9,2416.0,6.3,824368,666023,664034,630105,592518,593428,657656,701538,665487,54.18,0.078,0.07,0.0,1.0,0.0,0.0,1.0,58,2,Sinker,7,4,7,4,4,7,7,4,Infield shade,Standard,144.0,-0.005,-0.303,66.1,5.5,,0.09,0.303,88.0,3,3,0.898,0.898,27,26,27,26,1,3,2.0,1.0,2.0,1.0,1.46,1.38,1.38,39.3,-6.64011959138405,19.184819300288115,33.801903675860466,28.28901010977,23.38610651374352,Sinker,True
SI,2026-04-23,99.9,2.35,5.83,"Morejon, Adrian",681198,670970,,ball,,,,,13.0,,R,L,L,COL,SD,B,,,0,0,2026,1.47,0.61,-0.944104056866006,1.6103063102886082,,,,2,6,Bot,,,,,,,-12.454026010121211,-144.95914713259793,-7.515723812851747,23.437872242883955,29.883992690082746,-21.98555818139092,3.422736221,1.727362205,,,,100.4,2327.0,6.4,824368,666023,664034,630105,592518,593428,657656,701538,665487,54.07,,,,,,,,58,1,Sinker,7,4,7,4,4,7,7,4,Infield shade,Standard,146.0,0.0,0.041,,,,,-0.041,,3,3,0.898,0.898,27,26,27,26,1,3,2.0,1.0,2.0,1.0,1.66,1.47,1.47,43.5,,,,,,Sinker,False
SL,2026-04-23,89.1,2.91,5.69,"Morejon, Adrian",666160,670970,home_run,hit_into_play,,,,,6.0,Mickey Moniak homers (8) on a fly ball to center field.,R,L,L,COL,SD,X,,fly_ball,2,2,2026,-0.1,0.15,0.375266635658883,2.2679494168906573,,,,2,6,Bot,170.47,30.96,,,,,-5.933209883317073,-129.80699397237743,-2.603614814715144,-0.0859463182345397,22.62666644607616,-30.1772955355096,3.254232283,1.642322835,429.0,106.2,28.0,89.6,2777.0,6.2,824368,666023,664034,630105,592518,593428,657656,701538,665487,54.35,0.923,1.857,2.0,1.0,0.0,3.0,6.0,57,6,Slider,6,4,6,4,4,7,7,4,Infield shade,Standard,290.0,0.077,2.634,76.6,7.4,,3.622,-2.634,106.2,2,2,0.821,0.821,27,28,27,28,1,3,2.0,1.0,2.0,1.0,2.68,-0.1,-0.1,40.6,9.944843620896547,-6.532439186454833,34.44220503198584,35.299111637031984,31.703782046361923,Slider,True
CH,2026-04-23,92.3,2.74,5.84,"Morejon, Adrian",666160,670970,,foul,,,,,14.0,,R,L,L,COL,SD,S,,,2,2,2026,0.77,0.13,1.379761142311109,0.8945475819886375,,,,2,6,Bot,,,,,,,-5.129042268926387,-134.36805371078952,-6.885944130726676,10.374559749983224,24.205799096617756,-29.490242298701833,3.254232283,1.642322835,14.0,93.5,-5.0,93.0,1056.0,6.3,824368,666023,664034,630105,592518,593428,657656,701538,665487,54.17,,,,,,,,57,5,Changeup,6,4,6,4,4,6,6,4,Infield shade,Standard,116.0,0.0,0.0,70.6,8.6,,,0.0,93.5,2,2,0.821,0.821,27,28,27,28,1,3,2.0,1.0,2.0,1.0,2.51,0.77,0.77,41.0,19.565448760178857,-22.969357116827148,48.342108210110155,24.41717779297636,32.750286143624926,Changeup,False
SI,2026-04-23,99.3,2.47,5.88,"Morejon, Adrian",666160,670970,,foul,,,,,3.0,,R,L,L,COL,SD,S,,,2,1,2026,1.03,0.64,0.3030369076352119,3.0654963042732533,,,,2,6,Bot,,,,,,,-8.29457921291091,-144.5702428776992,-3.6820425510751313,16.255814866977726,29.294745601378427,-22.568634023678655,3.254232283,1.642322835,243.0,78.2,45.0,99.9,2431.0,6.3,824368,666023,664034,630105,592518,593428,657656,701538,665487,54.19,,,,,,,,57,4,Sinker,6,4,6,4,4,6,6,4,Infield shade,Standard,143.0,-0.002,-0.079,70.9,6.5,,,0.079,88.0,2,2,0.823,0.823,27,28,27,28,1,3,2.0,1.0,2.0,1.0,1.65,1.03,1.03,42.9,-3.1662941178583717,19.95441056862948,25.982137982949222,38.01242922051884,15.915668767957822,Sinker,False
SI,2026-04-23,98.9,2.58,5.84,"Morejon, Adrian",666160,670970,,ball,,,,,4.0,,R,L,L,COL,SD,B,,,1,1,2026,0.97,0.63,-0.555609192097568,2.172801934401859,,,,2,6,Bot,,,,,,,-10.72189472327892,-143.7028920786613,-5.927497307722579,15.622151221017877,26.999239083468257,-22.359540811868577,3.254232283,1.642322835,,,,99.7,2498.0,6.4,824368,666023,664034,630105,592518,593428,657656,701538,665487,54.09,,,,,,,,57,3,Sinker,6,4,6,4,4,6,6,4,Infield shade,Standard,142.0,0.001,0.055,,,,,-0.055,,2,2,0.822,0.822,27,28,27,28,1,3,2.0,1.0,2.0,1.0,1.68,0.97,0.97,39.8,,,,,,Sinker,False
SL,2026-04-23,87.8,2.84,5.73,"Morejon, Adrian",666160,670970,,swinging_strike,,,,,5.0,,R,L,L,COL,SD,S,,,1,0,2026,-0.52,-0.08,0.2689368982092313,2.228104000364001,,,,2,6,Bot,,,,,,,-5.052804256623096,-127.99596370604569,-2.1508915158488704,-5.062069124556122,19.325228461283732,-32.86703667550926,3.254232283,1.642322835,,,,88.8,2888.0,6.2,824368,666023,664034,630105,592518,593428,657656,701538,665487,54.26,,,,,,,,57,2,Slider,6,4,6,4,4,6,6,4,Standard,Standard,290.0,-0.001,-0.056,71.8,7.6,0.445381884,,0.056,,2,2,0.823,0.823,27,28,27,28,1,3,2.0,1.0,2.0,1.0,2.96,-0.52,-0.52,37.9,7.674504522806314,0.1554574248819509,38.83678563361795,36.224742494752,23.9160424671408,Slider,False
SL,2026-04-23,90.1,2.84,5.8,"Morejon, Adrian",666160,670970,,ball,,,,,1.0,,R,L,L,COL,SD,B,,,0,0,2026,-0.37,0.1,-0.620096789757391,3.075736838993691,,,,2,6,Bot,,,,,,,-7.673431067710445,-131.39971806088013,-1.025572742344042,-3.310954191456951,19.214180308306027,-31.005439197612624,3.254232283,1.642322835,,,,91.3,2925.0,6.2,824368,666023,664034,630105,592518,593428,657656,701538,665487,54.27,,,,,,,,57,1,Slider,6,4,6,4,4,6,6,4,Standard,Standard,279.0,0.001,0.041,,,,,-0.041,,2,2,0.822,0.822,27,28,27,28,1,3,2.0,1.0,2.0,1.0,2.63,-0.37,-0.37,38.7,,,,,,Slider,False
FF,2026-04-23,98.4,2.44,5.96,"Morejon, Adrian",666397,670970,strikeout,swinging_strike,,,,,11.0,Edouard Julien strikes out swinging.,R,L,L,COL,SD,S,2.0,,1,2,2026,0.19,0.91,-0.2668543434031227,3.487543208617919,,,,1,6,Bot,,,,,,,-7.692294447061871,-143.37263898451562,-3.371316482333397,3.961102251342465,24.85304427506688,-18.928185895426232,3.234924541,1.63257874,,,,99.6,2491.0,6.3,824368,666023,664034,630105,592518,593428,657656,701538,665487,54.19,,0.0,0.0,1.0,0.0,0.0,,56,4,4-Seam Fastball,6,4,6,4,4,6,6,4,Infield shade,Standard,148.0,-0.007,-0.182,62.3,5.3,0.659200248,,0.182,,2,2,0.829,0.829,27,27,27,27,1,3,2.0,1.0,2.0,3.0,1.39,0.19,0.19,47.4,-7.509587706784678,38.3416893331519,31.7844908582618,42.97145464695824,-0.7364243108335664,Four-seam,True
SI,2026-04-23,98.7,2.55,5.91,"Morejon, Adrian",666397,670970,,ball,,,,,11.0,,R,L,L,COL,SD,B,,,0,2,2026,1.01,0.6,-0.4522784089243299,3.440518546802868,,,,1,6,Bot,,,,,,,-10.428711876411114,-143.6121826532048,-2.6040279974206566,16.10508153542804,26.18248452204633,-23.43972915624324,3.234924541,1.63257874,,,,99.4,2417.0,6.2,824368,666023,664034,630105,592518,593428,657656,701538,665487,54.27,,,,,,,,56,3,Sinker,6,4,6,4,4,6,6,4,Infield shade,Standard,145.0,0.001,0.019,,,,,-0.019,,2,2,0.828,0.828,27,27,27,27,1,3,2.0,1.0,2.0,3.0,1.7,1.01,1.01,40.7,,,,,,Sinker,False
SL,2026-04-23,86.8,2.87,5.78,"Morejon, Adrian",666397,670970,,called_strike,,,,,3.0,,R,L,L,COL,SD,S,,,0,1,2026,-0.74,-0.18,0.7746565761480724,3.237471543197857,,,,1,6,Bot,,,,,,,-3.4189417851562007,-126.62008964861482,0.502464438316671,-7.522503775743667,19.684770893379337,-34.39764363102462,3.234924541,1.63257874,,,,87.7,2937.0,6.2,824368,666023,664034,630105,592518,593428,657656,701538,665487,54.34,,,,,,,,56,2,Slider,6,4,6,4,4,6,6,4,Infield shade,Standard,294.0,-0.002,-0.057,,,,,0.057,,2,2,0.83,0.83,27,27,27,27,1,3,2.0,1.0,2.0,3.0,3.13,-0.74,-0.74,37.5,,,,,,Slider,False
SL,2026-04-23,88.9,2.63,5.76,"Morejon, Adrian",666397,670970,,swinging_strike,,,,,11.0,,R,L,L,COL,SD,S,,,0,0,2026,-0.34,0.06,-1.1424950934013307,2.4900035361655566,,,,1,6,Bot,,,,,,,-8.377405728063566,-129.55447274030433,-2.075775636994592,-2.7326660931824547,18.612801483449203,-31.36551855616934,3.234924541,1.63257874,,,,89.9,2943.0,6.2,824368,666023,664034,630105,592518,593428,657656,701538,665487,54.35,,,,,,,,56,1,Slider,6,4,6,4,4,6,6,4,Infield shade,Standard,292.0,-0.002,-0.041,42.1,6.5,8.388451044,,0.041,,2,2,0.832,0.832,27,27,27,27,1,3,2.0,1.0,2.0,3.0,2.75,-0.34,-0.34,37.3,8.938813020807828,8.178671520914959,39.623292539561504,53.35428422936915,23.22851133315858,Slider,False
SI,2026-04-23,97.4,2.51,5.92,"Morejon, Adrian",686668,670970,field_out,hit_into_play,,,,,7.0,"Brenton Doyle grounds out, pitcher Adrian Morejon to first baseman Ty France.",R,R,L,COL,SD,X,1.0,ground_ball,0,1,2026,1.19,0.69,-0.3847854501836805,2.195314949074696,,,,0,6,Bot,127.49,180.57,,,,,-10.445297816637364,-141.54119611059454,-5.931323089531169,18.28629620997026,29.18484285294741,-21.709928496353164,3.349893373,1.690600394,8.0,104.2,-14.0,97.9,2405.0,6.4,824368,666023,664034,630105,592518,593428,657656,701538,665487,54.1,0.314,0.283,0.0,1.0,0.0,0.0,2.0,55,2,Sinker,6,4,6,4,4,6,6,4,Standard,Standard,149.0,-0.011,-0.218,68.3,6.3,,0.334,0.218,104.2,2,2,0.843,0.843,27,28,27,28,1,0,2.0,1.0,2.0,1.0,1.7,1.19,-1.19,42.8,-6.887207360311277,20.13581637748873,38.36430260595181,32.93281558227041,16.658166247736496,Sinker,True
SL,2026-04-23,88.7,2.95,5.8,"Morejon, Adrian",686668,670970,,called_strike,,,,,12.0,,R,R,L,COL,SD,S,,,0,0,2026,-0.44,0.1,1.057379759975313,2.8380123228000387,,,,0,6,Bot,,,,,,,-3.6341693480294226,-129.2691046001116,-1.254029580396362,-4.224031872585011,24.843569291390228,-31.041124349554305,3.349893373,1.690600394,,,,88.7,2895.0,6.0,824368,666023,664034,630105,592518,593428,657656,701538,665487,54.48,,,,,,,,55,1,Slider,6,4,6,4,4,6,6,4,Standard,Standard,288.0,-0.002,-0.041,,,,,0.041,,2,2,0.845,0.845,27,28,27,28,1,0,2.0,1.0,2.0,1.0,2.77,-0.44,0.44,34.5,,,,,,Slider,False
FF,2026-04-21,100.7,2.44,5.94,"Morejon, Adrian",696100,670970,field_out,hit_into_play,,,,,4.0,Hunter Goodman flies out to center fielder Jackson Merrill.,R,R,L,COL,SD,X,8.0,fly_ball,0,0,2026,0.34,1.01,-0.3386296849435956,2.574153305698242,,,,2,9,Bot,110.12,52.7,,,,,-8.427067447725875,-146.46413641254557,-6.327468407476977,6.517529349478361,28.23197069115024,-16.275189860022085,3.178756562,1.604232283,363.0,91.1,34.0,101.5,2475.0,6.3,824369,666023,664034,630105,592518,593428,657656,701538,665487,54.17,0.029,0.035,0.0,1.0,0.0,0.0,3.0,66,1,4-Seam Fastball,0,1,0,1,1,0,0,1,Standard,Standard,151.0,-0.047,-0.262,,,,0.063,0.262,91.1,-1,-1,0.047,0.047,27,26,27,27,1,3,3.0,1.0,2.0,1.0,1.2,0.34,-0.34,42.6,,,,,,Four-seam,True
FF,2026-04-21,99.4,2.48,5.95,"Morejon, Adrian",666160,670970,strikeout,swinging_strike,,,,,12.0,Mickey Moniak strikes out swinging.,R,L,L,COL,SD,S,2.0,,0,2,2026,0.33,1.12,1.291445311201762,3.032975709508596,,,,1,9,Bot,,,,,,,-3.9904606778664298,-144.8740556705114,-5.198521666478199,5.3821065947729,25.774158798918396,-15.375667188168032,3.254232283,1.642322835,,,,100.4,2513.0,6.2,824369,666023,664034,630105,592518,593428,657656,701538,665487,54.25,,0.0,0.0,1.0,0.0,0.0,,65,3,4-Seam Fastball,0,1,0,1,1,0,0,1,Infield shade,Standard,146.0,-0.041,-0.163,65.6,6.2,0.292431252,,0.163,,-1,-1,0.088,0.088,27,28,27,28,1,3,3.0,2.0,2.0,1.0,1.14,0.33,0.33,41.7,-8.70453112383473,15.728846753561845,37.78100042566218,25.661537675775353,15.006701018497935,Four-seam,True
SI,2026-04-21,99.9,2.54,5.91,"Morejon, Adrian",666160,670970,,swinging_strike,,,,,3.0,,R,L,L,COL,SD,S,,,0,1,2026,1.04,0.62,0.5420380112090901,2.928757088656714,,,,1,9,Bot,,,,,,,-7.90276413874428,-145.50102218824762,-4.2263859540530255,16.405715594379057,27.09440149576881,-22.56786254369991,3.254232283,1.642322835,,,,100.8,2420.0,6.3,824369,666023,664034,630105,592518,593428,657656,701538,665487,54.21,,,,,,,,65,2,Sinker,0,1,0,1,1,0,0,1,Infield shade,Standard,143.0,-0.017,-0.057,72.4,6.1,0.1,,0.057,,-1,-1,0.105,0.105,27,28,27,28,1,3,3.0,2.0,2.0,1.0,1.62,1.04,1.04,38.8,-12.172218878746174,32.3041810426605,31.129372339674372,33.564040427960904,10.876898085540846,Sinker,False
SL,2026-04-21,89.1,2.88,5.71,"Morejon, Adrian",666160,670970,,called_strike,,,,,7.0,,R,L,L,COL,SD,S,,,0,0,2026,-0.4,-0.04,-0.4368848433864798,1.869624868387836,,,,1,9,Bot,,,,,,,-7.190881939137167,-129.84567224812946,-3.242570476301278,-3.413461205130717,20.892409370011496,-32.26661230245358,3.254232283,1.642322835,,,,89.9,2988.0,6.2,824369,666023,664034,630105,592518,593428,657656,701538,665487,54.32,,,,,,,,65,1,Slider,0,1,0,1,1,0,0,1,Infield shade,Standard,300.0,-0.01,-0.041,,,,,0.041,,-1,-1,0.115,0.115,27,28,27,28,1,3,3.0,2.0,2.0,1.0,2.85,-0.4,-0.4,35.6,,,,,,Slider,False
SL,2026-04-21,88.8,2.98,5.77,"Morejon, Adrian",666397,670970,strikeout,swinging_strike,,,,,2.0,Edouard Julien strikes out swinging.,R,L,L,COL,SD,S,2.0,,1,2,2026,-0.37,-0.02,0.0057679692721107,2.9789704662757073,,,,0,9,Bot,,,,,,,-6.418400500314362,-129.402575631937,-0.7039003956549084,-3.1410660747849835,20.9657796974285,-32.45169983456279,3.234924541,1.63257874,,,,89.7,2952.0,6.2,824369,666023,664034,630105,592518,593428,657656,701538,665487,54.25,,0.0,0.0,1.0,0.0,0.0,,64,4,Slider,0,1,0,1,1,0,0,1,Infield shade,Standard,292.0,-0.062,-0.187,60.4,5.7,1.63752444,,0.187,,-1,-1,0.177,0.177,27,27,27,27,1,3,3.0,2.0,2.0,1.0,2.85,-0.37,-0.37,37.2,-5.703230465774386,41.14401245563853,34.3436898593702,39.77375795907298,0.6722828422188947,Slider,True
SL,2026-04-21,88.9,2.82,5.72,"Morejon, Adrian",666397,670970,,ball,,,,,13.0,,R,L,L,COL,SD,B,,,0,2,2026,-0.31,-0.15,-0.6369690778825658,0.0592753861559032,,,,0,9,Bot,,,,,,,-7.693374612517461,-129.22445774147442,-7.320146761843819,-2.1320267074237855,23.415929479812263,-32.63396207490243,3.234924541,1.63257874,,,,89.5,2866.0,6.4,824369,666023,664034,630105,592518,593428,657656,701538,665487,54.1,,,,,,,,64,3,Slider,0,1,0,1,1,0,0,1,Infield shade,Standard,301.0,0.009,0.022,,,,,-0.022,,-1,-1,0.168,0.168,27,27,27,27,1,3,3.0,2.0,2.0,1.0,3.01,-0.31,-0.31,37.3,,,,,,Slider,False
SI,2026-04-21,99.3,2.53,5.9,"Morejon, Adrian",666397,670970,,called_strike,,,,,2.0,,R,L,L,COL,SD,S,,,0,1,2026,1.13,0.63,-0.0151502680707058,2.9139114016335848,,,,0,9,Bot,,,,,,,-9.562165093155238,-144.31149692532532,-4.0913243463596585,17.959677161306402,30.61716924055839,-22.654915999082487,3.234924541,1.63257874,,,,99.5,2492.0,6.3,824369,666023,664034,630105,592518,593428,657656,701538,665487,54.2,,,,,,,,64,2,Sinker,0,1,0,1,1,0,0,1,Infield shade,Standard,137.0,-0.023,-0.054,,,,,0.054,,-1,-1,0.191,0.191,27,27,27,27,1,3,3.0,2.0,2.0,1.0,1.68,1.13,1.13,40.4,,,,,,Sinker,False
SI,2026-04-21,98.9,2.51,5.91,"Morejon, Adrian",666397,670970,,called_strike,,,,,2.0,,R,L,L,COL,SD,S,,,0,0,2026,1.02,0.68,-0.051514958096007,2.8927133714984556,,,,0,9,Bot,,,,,,,-9.308391280154954,-143.8122222489771,-4.279822403216217,16.18380318160999,29.762169808932285,-21.87740621876571,3.234924541,1.63257874,,,,99.4,2431.0,6.4,824369,666023,664034,630105,592518,593428,657656,701538,665487,54.12,,,,,,,,64,1,Sinker,0,1,0,1,1,0,0,1,Standard,Standard,173.0,-0.013,-0.041,,,,,0.041,,-1,-1,0.204,0.204,27,27,27,27,1,3,3.0,2.0,2.0,1.0,1.63,1.02,1.02,39.0,,,,,,Sinker,False
CH,2026-04-18,93.0,2.55,6.0,"Morejon, Adrian",687093,670970,force_out,hit_into_play,,,,,9.0,"Vaughn Grissom grounds into a force out, shortstop Xander Bogaerts to second baseman Jake Cronenworth. Jo Adell out at 2nd.",R,R,L,LAA,SD,X,6.0,ground_ball,2,2,2026,1.12,0.56,0.6241940406205888,1.5484990307022803,,,666176.0,2,7,Bot,104.28,153.55,,,,,-7.3565579589154195,-135.06841177290764,-6.611421115048886,15.31338997691132,29.833125567176364,-24.010494066793814,3.301624016,1.666240158,16.0,81.1,-4.0,92.9,1522.0,6.3,824049,666023,657757,630105,592518,593428,657656,701538,665487,54.16,0.136,0.128,0.0,1.0,0.0,0.0,2.0,50,5,Changeup,0,0,0,0,0,0,0,0,Standard,Standard,125.0,-0.035,-0.246,71.1,8.2,,0.149,0.246,88.0,0,0,0.535,0.535,27,25,27,25,1,0,2.0,2.0,3.0,1.0,2.09,1.12,-1.12,45.1,14.8247250077437,-0.6444040312578369,42.13744306325176,43.60286210429874,28.428257015913836,Changeup,True
FF,2026-04-18,99.2,2.38,5.99,"Morejon, Adrian",687093,670970,,swinging_strike,,,,,11.0,,R,R,L,LAA,SD,S,,,2,1,2026,0.15,1.14,-1.0724061288626054,2.9139718395262366,,,666176.0,2,7,Bot,,,,,,,-9.659474699627845,-144.0531255777669,-5.457648570862631,4.334246168948545,33.86677001632025,-15.245854477382853,3.301624016,1.666240158,,,,99.0,2452.0,6.3,824049,666023,657757,630105,592518,593428,657656,701538,665487,54.18,,,,,,,,50,4,4-Seam Fastball,0,0,0,0,0,0,0,0,Standard,Standard,152.0,-0.01,-0.071,40.0,5.0,2.570846124,,0.071,,0,0,0.545,0.545,27,25,27,25,1,0,2.0,2.0,3.0,1.0,1.19,0.15,-0.15,45.9,-14.748639724409555,43.26360244942949,37.06410587115476,22.261058887875723,8.23713216138596,Four-seam,False
SI,2026-04-18,100.4,2.38,5.97,"Morejon, Adrian",687093,670970,,ball,,,,,12.0,,R,R,L,LAA,SD,B,,,1,1,2026,1.32,0.67,0.2242061348283681,3.61426409450885,,,666176.0,2,7,Bot,,,,,,,-9.049502095849045,-145.83912926713234,-2.5320088337729336,21.0071768194409,37.43394615253858,-22.205930833178567,3.301624016,1.666240158,,,,99.9,2483.0,6.3,824049,666023,657757,630105,592518,593428,657656,701538,665487,54.19,,,,,,,,50,3,Sinker,0,0,0,0,0,0,0,0,Standard,Standard,149.0,0.006,0.054,,,,,-0.054,,0,0,0.539,0.539,27,25,27,25,1,0,2.0,2.0,3.0,1.0,1.61,1.32,-1.32,43.3,,,,,,Sinker,False
CH,2026-04-18,92.6,2.5,5.98,"Morejon, Adrian",687093,670970,,called_strike,,,,,6.0,,R,R,L,LAA,SD,S,,,1,0,2026,1.43,0.2,0.6664982776986599,2.176770658986563,,,666176.0,2,7,Bot,,,,,,,-7.788483445785086,-134.58184286231,-4.047829801877137,19.099655966739977,32.19411772130273,-29.05041568782993,3.301624016,1.666240158,,,,92.3,1450.0,6.4,824049,666023,657757,630105,592518,593428,657656,701538,665487,54.12,,,,,,,,50,2,Changeup,0,0,0,0,0,0,0,0,Standard,Standard,114.0,-0.006,-0.05,,,,,0.05,,0,0,0.545,0.545,27,25,27,25,1,0,2.0,2.0,3.0,1.0,2.49,1.43,-1.43,47.4,,,,,,Changeup,False
CH,2026-04-18,92.7,2.73,6.01,"Morejon, Adrian",687093,670970,,ball,,,,,14.0,,R,R,L,LAA,SD,B,,,0,0,2026,1.33,0.0,1.1745615547169137,1.7742343315110465,,,666176.0,2,7,Bot,,,,,,,-6.880173746452581,-134.70451663422224,-4.711443622500772,17.720945675921186,31.448828354676937,-31.29529254271196,3.301624016,1.666240158,,,,92.3,1179.0,6.3,824049,666023,657757,630105,592518,593428,657656,701538,665487,54.2,,,,,,,,50,1,Changeup,0,0,0,0,0,0,0,0,Standard,Standard,109.0,0.004,0.038,,,,,-0.038,,0,0,0.541,0.541,27,25,27,25,1,0,2.0,2.0,3.0,1.0,2.68,1.33,-1.33,43.9,,,,,,Changeup,False
CH,2026-04-18,92.8,2.5,5.9,"Morejon, Adrian",672724,670970,strikeout,swinging_strike,,,,,14.0,Oswald Peraza strikes out swinging.,R,R,L,LAA,SD,S,2.0,,3,2,2026,1.24,-0.16,0.8454475971826687,0.9866952453496508,,,666176.0,1,7,Bot,,,,,,,-6.951537498622191,-134.8994642362681,-6.115114046415199,16.680046510200732,31.336725932629296,-32.925882178657595,3.186655184,1.608218504,,,,92.8,1086.0,6.5,824049,666023,657757,630105,592518,593428,657656,701538,665487,53.99,,0.0,0.0,1.0,0.0,0.0,,49,7,Changeup,0,0,0,0,0,0,0,0,Standard,Standard,108.0,-0.058,-0.302,71.2,8.2,2.67113052,,0.302,,0,0,0.599,0.599,27,26,27,26,1,2,2.0,1.0,3.0,1.0,2.83,1.24,-1.24,48.6,8.521268870938785,-8.246995807375049,32.59863231469144,48.08346750122135,29.33512060412808,Changeup,True
FF,2026-04-18,100.5,2.42,6.07,"Morejon, Adrian",672724,670970,,ball,,,,,11.0,,R,R,L,LAA,SD,B,,,2,2,2026,0.29,1.02,-0.4877403719321334,4.404379505288336,,,666176.0,1,7,Bot,,,,,,,-8.633299521483888,-145.9649629885037,-1.469623054324857,6.441988002957941,39.479802574711066,-17.60699044916122,3.186655184,1.608218504,,,,99.8,2371.0,6.3,824049,666023,657757,630105,592518,593428,657656,701538,665487,54.17,,,,,,,,49,6,4-Seam Fastball,0,0,0,0,0,0,0,0,Standard,Standard,131.0,0.016,0.072,,,,,-0.072,,0,0,0.583,0.583,27,26,27,26,1,2,2.0,1.0,3.0,1.0,1.27,0.29,-0.29,48.7,,,,,,Four-seam,False
SL,2026-04-18,89.2,2.69,5.83,"Morejon, Adrian",672724,670970,,foul,,,,,6.0,,R,R,L,LAA,SD,S,,,2,2,2026,-0.7,0.02,0.4854155518937091,2.3012136037188102,,,666176.0,1,7,Bot,,,,,,,-3.874172275398947,-129.96458583044898,-2.526197733601558,-7.141699844468887,25.799498186671578,-31.689221948546088,3.186655184,1.608218504,2.0,66.9,-48.0,89.5,2935.0,6.3,824049,666023,657757,630105,592518,593428,657656,701538,665487,54.22,,,,,,,,49,5,Slider,0,0,0,0,0,0,0,0,Standard,Standard,285.0,0.0,0.0,74.0,7.9,,,0.0,88.0,0,0,0.583,0.583,27,26,27,26,1,2,2.0,1.0,3.0,1.0,2.83,-0.7,0.7,39.8,7.712364847156208,-0.2427226360765048,23.18575930906311,43.729741482237465,28.441484915051507,Slider,False
FF,2026-04-18,99.8,2.41,6.0,"Morejon, Adrian",672724,670970,,ball,,,,,11.0,,R,R,L,LAA,SD,B,,,1,2,2026,0.44,1.34,-1.0904706300952831,2.4578115343323024,,,666176.0,1,7,Bot,,,,,,,-10.52379464162938,-144.80364125958835,-7.302370973016837,8.697582854176446,35.24749297836449,-11.757360796536318,3.186655184,1.608218504,,,,99.4,2393.0,6.3,824049,666023,657757,630105,592518,593428,657656,701538,665487,54.16,,,,,,,,49,4,4-Seam Fastball,0,0,0,0,0,0,0,0,Standard,Standard,116.0,0.008,0.052,,,,,-0.052,,0,0,0.575,0.575,27,26,27,26,1,2,2.0,1.0,3.0,1.0,0.97,0.44,-0.44,44.3,,,,,,Four-seam,False
SI,2026-04-18,99.4,2.34,5.94,"Morejon, Adrian",672724,670970,,called_strike,,,,,1.0,,R,R,L,LAA,SD,S,,,1,1,2026,1.24,1.05,-0.4636780317233615,2.8690874286129935,,,666176.0,1,7,Bot,,,,,,,-10.553593453291734,-144.31428863029646,-5.253966434422225,19.838465703955332,35.22074165251691,-16.491532178461014,3.186655184,1.608218504,,,,99.2,2398.0,6.4,824049,666023,657757,630105,592518,593428,657656,701538,665487,54.08,,,,,,,,49,3,Sinker,0,0,0,0,0,0,0,0,Standard,Standard,146.0,-0.013,-0.067,,,,,0.067,,0,0,0.588,0.588,27,26,27,26,1,2,2.0,1.0,3.0,1.0,1.28,1.24,-1.24,44.8,,,,,,Sinker,False
SI,2026-04-18,100.7,2.49,5.98,"Morejon, Adrian",672724,670970,,ball,,,,,12.0,,R,R,L,LAA,SD,B,,,0,1,2026,1.25,0.89,0.8372704288784858,4.132530913080566,,,666176.0,1,7,Bot,,,,,,,-7.532885431942653,-146.4072159772726,-1.7473535021096738,19.729933647972658,36.47539860362398,-19.22295718630601,3.186655184,1.608218504,,,,100.4,2385.0,6.3,824049,666023,657757,630105,592518,593428,657656,701538,665487,54.18,,,,,,,,49,2,Sinker,0,0,0,0,0,0,0,0,Standard,Standard,136.0,0.005,0.026,,,,,-0.026,,0,0,0.583,0.583,27,26,27,26,1,2,2.0,1.0,3.0,1.0,1.37,1.25,-1.25,41.8,,,,,,Sinker,False
CH,2026-04-18,93.1,2.38,5.91,"Morejon, Adrian",672724,670970,,swinging_strike,,,,,14.0,,R,R,L,LAA,SD,S,,,0,0,2026,1.08,0.09,0.5083766714981539,1.1466476261603926,,,666176.0,1,7,Bot,,,,,,,-7.139090594946376,-135.28683472821527,-6.375652432505538,14.791460988587048,29.59041654647771,-29.866465879688455,3.186655184,1.608218504,,,,93.1,1246.0,6.4,824049,666023,657757,630105,592518,593428,657656,701538,665487,54.1,,,,,,,,49,1,Changeup,0,0,0,0,0,0,0,0,Standard,Standard,110.0,-0.007,-0.037,73.6,7.4,1.837236312,,0.037,,0,0,0.59,0.59,27,26,27,26,1,2,2.0,1.0,3.0,1.0,2.55,1.08,-1.08,41.4,-1.8107945639063128,13.538606800601103,32.15214068665831,43.307542475586274,18.493855503579702,Changeup,False
SI,2026-04-18,100.0,2.41,5.99,"Morejon, Adrian",660162,670970,strikeout,swinging_strike,,,,,2.0,Yoán Moncada strikes out swinging.,R,R,L,LAA,SD,S,2.0,,0,2,2026,1.17,1.11,0.1666750683381039,3.3267434517372,,,666176.0,0,7,Bot,,,,,,,-8.893804901152018,-145.3083588898979,-4.404837847395926,18.645983851071374,35.65395196473901,-15.573631512464049,3.217372047,1.623720472,,,,99.8,2431.0,6.3,824049,666023,657757,630105,592518,593428,657656,701538,665487,54.16,,0.0,0.0,1.0,0.0,0.0,,48,3,Sinker,0,0,0,0,0,0,0,0,Standard,Standard,152.0,-0.032,-0.152,68.2,7.3,2.357880048,,0.152,,0,0,0.622,0.622,27,31,27,31,1,2,2.0,1.0,3.0,1.0,1.18,1.17,-1.17,48.7,3.9792328645343553,7.366898098007427,30.720823389080557,37.72362047953725,24.1548691301845,Sinker,True
FF,2026-04-18,99.7,2.61,6.03,"Morejon, Adrian",660162,670970,,swinging_strike,,,,,12.0,,R,R,L,LAA,SD,S,,,0,1,2026,0.51,1.27,0.7202953775203869,3.442983979162761,,,666176.0,0,7,Bot,,,,,,,-6.34035725999977,-144.95204779724185,-4.541605349201604,8.696430215077811,35.32297684811568,-13.44278622306155,3.217372047,1.623720472,,,,99.7,2439.0,6.4,824049,666023,657757,630105,592518,593428,657656,701538,665487,54.08,,,,,,,,48,2,4-Seam Fastball,0,0,0,0,0,0,0,0,Standard,Standard,141.0,-0.014,-0.05,68.8,7.0,2.5070895,,0.05,,0,0,0.636,0.636,27,31,27,31,1,2,2.0,1.0,3.0,1.0,1.04,0.51,-0.51,45.9,-3.0658813116355277,22.94654213134355,29.665172511661034,44.03641255081159,14.656155617417554,Four-seam,False
SL,2026-04-18,87.6,2.99,5.73,"Morejon, Adrian",660162,670970,,called_strike,,,,,4.0,,R,R,L,LAA,SD,S,,,0,0,2026,-0.39,0.2,-0.3334432127141266,2.171855463789896,,,666176.0,0,7,Bot,,,,,,,-7.10113964983493,-127.53229500297664,-2.6970779959011546,-2.8944838740814163,24.70347996331884,-29.652836540556812,3.217372047,1.623720472,,,,87.8,2699.0,6.3,824049,666023,657757,630105,592518,593428,657656,701538,665487,54.23,,,,,,,,48,1,Slider,0,0,0,0,0,0,0,0,Standard,Standard,245.0,-0.008,-0.04,,,,,0.04,,0,0,0.644,0.644,27,31,27,31,1,2,2.0,1.0,3.0,1.0,2.75,-0.39,0.39,40.9,,,,,,Slider,False
SI,2026-04-18,100.1,2.55,6.01,"Morejon, Adrian",666176,670970,walk,ball,,,,,12.0,Jo Adell walks.,R,R,L,LAA,SD,B,,,3,1,2026,1.27,0.97,0.6342039797192958,3.984291828446606,,,,0,7,Bot,,,,,,,-8.240861677017467,-145.45021081616787,-2.327522547084467,19.994033933794537,37.305649869109224,-18.112765009325045,3.305134514,1.668011811,,,,99.6,2379.0,6.3,824049,666023,657757,630105,592518,593428,657656,701538,665487,54.2,,0.698418,0.7,1.0,0.0,0.0,,47,5,Sinker,0,0,0,0,0,0,0,0,Standard,Standard,148.0,0.034,0.258,,,,,-0.258,,0,0,0.61,0.61,27,27,27,27,1,2,2.0,1.0,3.0,1.0,1.33,1.27,-1.27,44.1,,,,,,Sinker,True
SI,2026-04-18,100.7,2.56,6.02,"Morejon, Adrian",666176,670970,,ball,,,,,12.0,,R,R,L,LAA,SD,B,,,2,1,2026,1.31,0.99,0.2885552514669693,4.562236773684859,,,,0,7,Bot,,,,,,,-9.349060196166436,-146.30186371046204,-0.9079973122969732,21.047141895393786,36.167398802575015,-17.992650459025757,3.305134514,1.668011811,,,,100.2,2411.0,6.2,824049,666023,657757,630105,592518,593428,657656,701538,665487,54.29,,,,,,,,47,4,Sinker,0,0,0,0,0,0,0,0,Standard,Standard,149.0,0.016,0.137,,,,,-0.137,,0,0,0.594,0.594,27,27,27,27,1,2,2.0,1.0,3.0,1.0,1.27,1.31,-1.31,44.5,,,,,,Sinker,False
CH,2026-04-18,92.3,2.6,6.11,"Morejon, Adrian",666176,670970,,swinging_strike,,,,,13.0,,R,R,L,LAA,SD,S,,,2,0,2026,1.05,0.11,-0.1004978197947361,1.0969730408451506,,,,0,7,Bot,,,,,,,-9.049351465459692,-134.0153404387743,-6.896490072054815,14.520555414022786,28.05629755964241,-29.500958428480352,3.305134514,1.668011811,,,,92.0,1208.0,6.2,824049,666023,657757,630105,592518,593428,657656,701538,665487,54.35,,,,,,,,47,3,Changeup,0,0,0,0,0,0,0,0,Standard,Standard,115.0,-0.011,-0.073,78.3,8.4,2.072332248,,0.073,,0,0,0.605,0.605,27,27,27,27,1,2,2.0,1.0,3.0,1.0,2.57,1.05,-1.05,44.0,17.92701614077966,-13.258181326402578,37.435242961771415,36.13274523927007,34.895920930254796,Changeup,False
SI,2026-04-18,99.4,2.47,6.07,"Morejon, Adrian",666176,670970,,ball,,,,,12.0,,R,R,L,LAA,SD,B,,,1,0,2026,1.19,1.04,0.808448136143312,3.9197740375328554,,,,0,7,Bot,,,,,,,-7.307814610556406,-144.5059327044576,-2.7420211815199043,18.40807531889458,35.55247051498459,-17.26241606676212,3.305134514,1.668011811,,,,99.0,2359.0,6.3,824049,666023,657757,630105,592518,593428,657656,701538,665487,54.24,,,,,,,,47,2,Sinker,0,0,0,0,0,0,0,0,Standard,Standard,134.0,0.011,0.082,,,,,-0.082,,0,0,0.594,0.594,27,27,27,27,1,2,2.0,1.0,3.0,1.0,1.29,1.19,-1.19,46.0,,,,,,Sinker,False
SI,2026-04-18,99.9,2.38,6.12,"Morejon, Adrian",666176,670970,,ball,,,,,11.0,,R,R,L,LAA,SD,B,,,0,0,2026,1.19,1.12,-0.2648451967851546,4.597316907993051,,,,0,7,Bot,,,,,,,-10.023392106176088,-145.04434935626784,-1.2573561889640643,19.255659793513455,37.29898564732486,-16.418167609479127,3.305134514,1.668011811,,,,99.3,2355.0,6.3,824049,666023,657757,630105,592518,593428,657656,701538,665487,54.22,,,,,,,,47,1,Sinker,0,0,0,0,0,0,0,0,Standard,Standard,148.0,0.006,0.042,,,,,-0.042,,0,0,0.588,0.588,27,27,27,27,1,2,2.0,1.0,3.0,1.0,1.2,1.19,-1.19,44.7,,,,,,Sinker,False
SI,2026-04-18,100.0,2.43,6.02,"Morejon, Adrian",694384,670970,field_out,hit_into_play,,,,,6.0,Nolan Schanuel grounds out to first baseman Ty France.,R,L,L,LAA,SD,X,3.0,ground_ball,0,1,2026,1.24,0.57,0.4576452645753284,2.5590387329682383,,545361.0,,2,6,Bot,162.42,167.48,,,,,-8.32119786142483,-145.2884004865543,-5.227278787927723,19.635429244061612,37.83252914685358,-22.994800559620035,3.290214895,1.660482283,3.0,71.5,-41.0,99.3,2443.0,6.3,824049,666023,664034,630105,592518,593428,657656,701538,665487,54.23,0.102,0.092,0.0,1.0,0.0,0.0,2.0,43,2,Sinker,0,0,0,0,0,0,0,0,Strategic,Standard,151.0,-0.046,-0.245,66.9,6.6,,0.102,0.245,88.0,0,0,0.546,0.546,27,24,27,24,1,2,2.0,1.0,3.0,1.0,1.74,1.24,1.24,40.9,-4.639364787320315,1.853163609873459,35.17228666668713,30.72373708527897,26.46656734367621,Sinker,True
SI,2026-04-18,99.6,2.66,6.03,"Morejon, Adrian",694384,670970,,foul,,,,,9.0,,R,L,L,LAA,SD,S,,,0,0,2026,1.18,0.61,0.60718799598269,2.0611224059354094,,545361.0,,2,6,Bot,,,,,,,-8.37448356205989,-144.76721928898775,-6.728503186415691,18.5947497485931,34.06941664085534,-22.105545305077374,3.290214895,1.660482283,3.0,72.0,-34.0,99.5,1582.0,6.3,824049,666023,664034,630105,592518,593428,657656,701538,665487,54.17,,,,,,,,43,1,Sinker,0,0,0,0,0,0,0,0,Strategic,Standard,149.0,-0.008,-0.04,66.6,6.6,,,0.04,88.0,0,0,0.554,0.554,27,24,27,24,1,2,2.0,1.0,3.0,1.0,1.69,1.18,1.18,42.2,6.485450657250264,4.679643376406132,37.924445398165375,27.236211227347933,29.20273887622262,Sinker,False
SL,2026-04-16,88.0,2.75,5.85,"Morejon, Adrian",680977,670970,field_out,hit_into_play,,,,,7.0,"Brendan Donovan grounds out softly, pitcher Adrian Morejon to first baseman Gavin Sheets.",R,L,L,SD,SEA,X,1.0,ground_ball,0,0,2026,-0.58,-0.31,-0.4925879090088417,1.6872039794536366,,,,2,7,Top,129.23,184.01,,,,,-6.53273118484322,-128.0329213224038,-3.117027362152609,-5.045572821813731,26.21532567636611,-35.098001905416965,3.159448819,1.594488189,2.0,42.0,-49.0,88.0,2908.0,6.3,823313,669134,657757,630105,592518,593428,657656,701538,665487,54.23,0.263,0.237,0.0,1.0,0.0,0.0,1.0,56,1,Slider,4,2,2,4,2,4,2,4,Standard,Standard,297.0,0.014,-0.262,69.4,7.3,,0.263,0.262,88.0,2,-2,0.873,0.127,27,29,27,29,1,3,2.0,1.0,2.0,1.0,3.25,-0.58,-0.58,39.0,12.650849438009,-8.15403989701747,29.892501361446467,42.03272462772112,32.38426192765165,Slider,True
SI,2026-04-16,99.8,2.53,5.94,"Morejon, Adrian",702284,670970,field_out,hit_into_play,,,,,6.0,"Cole Young grounds out, second baseman Jake Cronenworth to first baseman Gavin Sheets.",R,L,L,SD,SEA,X,4.0,ground_ball,1,1,2026,1.38,0.73,0.8047911769759963,2.5545466026963592,,,,1,7,Top,136.12,165.12,,,,,-7.999604170180572,-144.9786050456054,-5.391908028339622,21.378479274165738,37.80100775157618,-20.71783462895521,3.133120079,1.581200787,4.0,53.1,-31.0,99.3,2417.0,6.4,823313,669134,657757,630105,592518,593428,657656,701538,665487,54.15,0.137,0.13,0.0,1.0,0.0,0.0,1.0,55,3,Sinker,4,2,2,4,2,4,2,4,Standard,Standard,146.0,0.023,-0.252,64.6,6.3,,0.141,0.252,88.0,2,-2,0.85,0.15,27,22,27,23,1,2,2.0,1.0,2.0,1.0,1.59,1.38,1.38,46.1,1.5713966083710311,9.847253642450692,27.36582973546163,21.85290246808068,23.62315918023306,Sinker,True
FF,2026-04-16,98.3,2.53,6.0,"Morejon, Adrian",702284,670970,,swinging_strike,,,,,3.0,,R,L,L,SD,SEA,S,,,1,0,2026,0.58,1.38,0.5879677971050243,2.968133283105517,,,,1,7,Top,,,,,,,-6.544224489041448,-142.961277640281,-5.793504820583913,9.46546562851451,34.652718666491175,-12.048844859687929,3.133120079,1.581200787,,,,98.1,2468.0,6.3,823313,669134,657757,630105,592518,593428,657656,701538,665487,54.17,,,,,,,,55,2,4-Seam Fastball,4,2,2,4,2,4,2,4,Standard,Standard,143.0,0.005,-0.05,62.9,6.0,0.770063052,,0.05,,2,-2,0.845,0.155,27,22,27,23,1,2,2.0,1.0,2.0,1.0,0.99,0.58,0.58,43.8,2.588439153886281,13.939618505292447,32.61517936403591,23.872682175901343,19.38230729669524,Four-seam,False
SL,2026-04-16,87.8,2.97,5.87,"Morejon, Adrian",702284,670970,,ball,,,,,13.0,,R,L,L,SD,SEA,B,,,0,0,2026,-0.59,-0.23,-0.4215423713470873,1.3603491654394673,,,,1,7,Top,,,,,,,-6.846365961825766,-127.58767709848928,-3.963878981569353,-4.837156979970232,29.716796785743213,-33.98966241123299,3.133120079,1.581200787,,,,87.2,2855.0,6.3,823313,669134,657757,630105,592518,593428,657656,701538,665487,54.18,,,,,,,,55,1,Slider,4,2,2,4,2,4,2,4,Standard,Standard,290.0,-0.004,0.041,,,,,-0.041,,2,-2,0.849,0.151,27,22,27,23,1,2,2.0,1.0,2.0,1.0,3.23,-0.59,-0.59,40.3,,,,,,Slider,False
FF,2026-04-16,99.1,2.37,6.02,"Morejon, Adrian",641598,670970,strikeout,swinging_strike,,,,,2.0,Mitch Garver strikes out swinging.,R,R,L,SD,SEA,S,2.0,,3,2,2026,0.48,1.36,0.0026311788996031,3.1338934423411775,,,,0,7,Top,,,,,,,-7.525771329189543,-144.09426829627884,-5.459886953815703,8.476892476338993,34.88400088192412,-12.182345128596303,3.248966535,1.639665354,,,,99.0,2494.0,6.4,823313,669134,657757,630105,592518,593428,657656,701538,665487,54.12,,0.0,0.0,1.0,0.0,0.0,,54,7,4-Seam Fastball,4,2,2,4,2,4,2,4,Standard,Standard,146.0,0.043,-0.346,75.1,7.3,1.619050716,,0.346,,2,-2,0.806,0.194,27,35,27,35,1,0,2.0,3.0,2.0,1.0,0.97,0.48,-0.48,42.8,16.109594598407483,-7.291094657741885,22.99429572612372,38.4954254147854,28.815272640624556,Four-seam,True
SL,2026-04-16,87.2,2.82,5.82,"Morejon, Adrian",641598,670970,,ball,,,,,13.0,,R,R,L,SD,SEA,B,,,2,2,2026,-0.63,-0.23,-1.3895147040846314,0.8268951467322481,,,,0,7,Top,,,,,,,-8.657401096965355,-126.62578276372685,-4.973863195374445,-4.631604228085481,30.002234088745205,-33.619972760601684,3.248966535,1.639665354,,,,86.6,2876.0,6.4,823313,669134,657757,630105,592518,593428,657656,701538,665487,54.11,,,,,,,,54,6,Slider,4,2,2,4,2,4,2,4,Standard,Standard,289.0,-0.014,0.113,,,,,-0.113,,2,-2,0.82,0.18,27,35,27,35,1,0,2.0,3.0,2.0,1.0,3.28,-0.63,0.63,40.7,,,,,,Slider,False
FF,2026-04-16,98.4,2.45,6.16,"Morejon, Adrian",641598,670970,,ball,,,,,12.0,,R,R,L,SD,SEA,B,,,1,2,2026,0.56,1.3,0.4607368521035794,4.150629437538654,,,,0,7,Top,,,,,,,-6.638158541675594,-143.14768527304923,-2.851271577772056,9.3296660800054,35.6815625402684,-13.845160078428655,3.248966535,1.639665354,,,,97.8,2443.0,6.2,823313,669134,657757,630105,592518,593428,657656,701538,665487,54.35,,,,,,,,54,5,4-Seam Fastball,4,2,2,4,2,4,2,4,Standard,Standard,148.0,-0.005,0.046,,,,,-0.046,,2,-2,0.825,0.175,27,35,27,35,1,0,2.0,3.0,2.0,1.0,1.07,0.56,-0.56,47.2,,,,,,Four-seam,False
SL,2026-04-16,86.8,2.87,5.92,"Morejon, Adrian",641598,670970,,ball,,,,,13.0,,R,R,L,SD,SEA,B,,,0,2,2026,-0.63,-0.24,-0.0367047959711772,0.8707252425035366,,,,0,7,Top,,,,,,,-5.5153204828719815,-126.08875236815406,-4.986529041524493,-5.342711398240556,30.175900566382683,-33.700327032623335,3.248966535,1.639665354,,,,85.8,2936.0,6.2,823313,669134,657757,630105,592518,593428,657656,701538,665487,54.33,,,,,,,,54,4,Slider,4,2,2,4,2,4,2,4,Standard,Standard,298.0,-0.004,0.022,,,,,-0.022,,2,-2,0.829,0.171,27,35,27,35,1,0,2.0,3.0,2.0,1.0,3.32,-0.63,0.63,40.0,,,,,,Slider,False
FF,2026-04-16,97.8,2.36,6.1,"Morejon, Adrian",641598,670970,,foul,,,,,11.0,,R,R,L,SD,SEA,S,,,0,2,2026,0.21,1.2,-1.0861607790315264,2.995236505805127,,,,0,7,Top,,,,,,,-9.655545940853356,-142.06817402831948,-5.473106068850735,5.007546943734671,31.52287135964867,-14.860439826601135,3.248966535,1.639665354,,,,97.8,2467.0,6.3,823313,669134,657757,630105,592518,593428,657656,701538,665487,54.21,,,,,,,,54,3,4-Seam Fastball,4,2,2,4,2,4,2,4,Standard,Standard,148.0,0.0,0.0,71.7,6.9,,,0.0,,2,-2,0.829,0.171,27,35,27,35,1,0,2.0,3.0,2.0,1.0,1.19,0.21,-0.21,44.5,10.64268798663746,-7.4365067507798,24.45178236705045,24.647301213841715,28.024966213375997,Four-seam,False
SL,2026-04-16,88.3,2.92,5.92,"Morejon, Adrian",641598,670970,,swinging_strike,,,,,7.0,,R,R,L,SD,SEA,S,,,0,1,2026,-0.37,0.02,-0.4227582643121679,1.9015002836606412,,,,0,7,Top,,,,,,,-7.212526344700426,-128.43515041579897,-3.468680039716384,-2.534602749853289,28.28740904243557,-31.358012169123995,3.248966535,1.639665354,,,,87.9,2840.0,6.2,823313,669134,657757,630105,592518,593428,657656,701538,665487,54.29,,,,,,,,54,2,Slider,4,2,2,4,2,4,2,4,Standard,Standard,281.0,0.009,-0.054,72.6,8.7,12.430465668,,0.054,,2,-2,0.82,0.18,27,35,27,35,1,0,2.0,3.0,2.0,1.0,2.92,-0.37,0.37,41.7,23.504672731392027,-56.21229618096629,24.558403987415424,36.13541622136328,60.365058683953734,Slider,False
SL,2026-04-16,87.9,3.04,5.92,"Morejon, Adrian",641598,670970,,called_strike,,,,,6.0,,R,R,L,SD,SEA,S,,,0,0,2026,-0.38,-0.03,0.7010872307258064,2.530731030156787,,,,0,7,Top,,,,,,,-4.7708247435939715,-127.87379727349295,-1.7805305341730455,-3.1629145393738183,27.64768440529286,-32.32337102157608,3.248966535,1.639665354,,,,87.5,2689.0,6.2,823313,669134,657757,630105,592518,593428,657656,701538,665487,54.35,,,,,,,,54,1,Slider,4,2,2,4,2,4,2,4,Standard,Standard,282.0,0.005,-0.041,,,,,0.041,,2,-2,0.815,0.185,27,35,27,35,1,0,2.0,3.0,2.0,1.0,2.99,-0.38,0.38,39.9,,,,,,Slider,False
SL,2026-04-16,90.4,2.88,5.77,"Morejon, Adrian",641487,670970,field_out,hit_into_play,,,,,8.0,"J.P. Crawford grounds out, second baseman Jake Cronenworth to first baseman Gavin Sheets.",R,L,L,SD,SEA,X,4.0,ground_ball,1,1,2026,-0.27,0.32,-0.2319890752751489,1.928199373322279,663728.0,647304.0,668227.0,2,6,Top,151.81,155.74,,,,,-7.062590661604086,-131.41748494754248,-4.081212996706454,-1.5960302570576064,28.3228877842987,-27.755623921025354,3.219127297,1.624606299,,,,90.4,2830.0,6.4,823313,669134,657757,630105,592518,593428,657656,701538,665487,54.13,,,0.0,,0.0,0.0,,49,3,Slider,4,2,2,4,2,4,2,4,Standard,Standard,264.0,0.103,-0.238,66.1,6.9,,,0.238,,2,-2,0.742,0.258,27,31,27,31,1,2,2.0,2.0,2.0,1.0,2.48,-0.27,-0.27,39.6,1.245237937259252,8.306684264242692,32.450635509253175,38.68396151987533,35.41945415761606,Slider,True
SI,2026-04-16,99.5,2.52,5.97,"Morejon, Adrian",641487,670970,,ball,,,,,14.0,,R,L,L,SD,SEA,B,,,0,1,2026,1.31,0.92,0.9293594381595908,2.081796157728264,663728.0,647304.0,668227.0,2,6,Top,,,,,,,-7.411509352115144,-144.44989737901955,-7.110647923687589,20.08497013535418,38.64658746132857,-17.75342847082083,3.219127297,1.624606299,,,,98.6,2418.0,6.2,823313,669134,657757,630105,592518,593428,657656,701538,665487,54.27,,,,,,,,49,2,Sinker,4,2,2,4,2,4,2,4,Standard,Standard,149.0,-0.011,0.028,,,,,-0.028,,2,-2,0.753,0.247,27,31,27,31,1,2,2.0,2.0,2.0,1.0,1.42,1.31,1.31,45.4,,,,,,Sinker,False
SL,2026-04-16,90.5,2.83,5.84,"Morejon, Adrian",641487,670970,,swinging_strike,,,,,13.0,,R,L,L,SD,SEA,S,,,0,0,2026,-0.29,0.33,-0.3159736195042708,1.311759335757558,663728.0,647304.0,668227.0,2,6,Top,,,,,,,-7.115246182115094,-131.47448121842822,-5.762496278711032,-1.741988234847211,29.86102368952216,-27.30729221292225,3.219127297,1.624606299,,,,90.2,2708.0,6.4,823313,669134,657757,630105,592518,593428,657656,701538,665487,54.13,,,,,,,,49,1,Slider,4,2,2,4,2,4,2,4,Standard,Standard,268.0,0.016,-0.04,67.5,8.5,1.49289462,,0.04,,2,-2,0.737,0.263,27,31,27,31,1,2,2.0,2.0,2.0,1.0,2.48,-0.29,-0.29,39.0,25.02036645591188,-29.25185166955224,37.86655139627421,38.335108154356774,57.099635162033906,Slider,False
FF,2026-04-16,99.6,2.41,6.1,"Morejon, Adrian",656582,670970,strikeout,swinging_strike,,,,,11.0,Connor Joe strikes out swinging.,R,R,L,SD,SEA,S,2.0,,0,2,2026,0.46,1.48,-0.3556765741817989,3.590377835494978,663728.0,647304.0,668227.0,1,6,Top,,,,,,,-8.580512149523837,-144.59926448510453,-4.7565958842210705,8.703651370168117,38.34575321500373,-10.515852909182664,3.173490814,1.601574803,,,,99.0,2491.0,6.4,823313,669134,657757,630105,592518,593428,657656,701538,665487,54.13,,0.0,0.0,1.0,0.0,0.0,,48,3,4-Seam Fastball,4,2,2,4,2,4,2,4,Standard,Standard,147.0,0.066,-0.191,68.5,5.5,0.324327348,,0.191,,2,-2,0.671,0.329,27,33,27,34,1,0,2.0,8.0,2.0,3.0,0.85,0.46,-0.46,46.0,-7.882987994672684,23.122243633470767,27.983819238384612,35.12213614614805,15.77610049651696,Four-seam,True
CH,2026-04-16,92.8,2.49,5.93,"Morejon, Adrian",656582,670970,,swinging_strike_blocked,,,,,14.0,,R,R,L,SD,SEA,S,,,0,1,2026,0.67,-0.04,0.0036328278391315,0.6340004008708182,663728.0,647304.0,668227.0,1,6,Top,,,,,,,-7.764860544660764,-134.85345694419215,-7.3742482785556,9.90653039447569,30.42083600423684,-31.13540703220825,3.173490814,1.601574803,,,,92.6,880.0,6.3,823313,669134,657757,630105,592518,593428,657656,701538,665487,54.16,,,,,,,,48,2,Changeup,4,2,2,4,2,4,2,4,Standard,Standard,103.0,0.027,-0.09,40.7,6.7,5.53656258,,0.09,,2,-2,0.644,0.356,27,33,27,34,1,0,2.0,8.0,2.0,3.0,2.7,0.67,-0.67,44.2,-6.623707688085535,22.856217735989436,42.15276466467789,40.338080469677735,19.060008050555915,Changeup,False
SI,2026-04-16,99.1,2.5,6.07,"Morejon, Adrian",656582,670970,,called_strike,,,,,1.0,,R,R,L,SD,SEA,S,,,0,0,2026,1.34,0.89,-0.5731714221237014,3.033063146780332,663728.0,647304.0,668227.0,1,6,Top,,,,,,,-11.455510351719049,-143.8042248573926,-4.73401977080281,21.29969899011111,35.31095755207569,-18.908748641618786,3.173490814,1.601574803,,,,98.7,2384.0,6.3,823313,669134,657757,630105,592518,593428,657656,701538,665487,54.15,,,,,,,,48,1,Sinker,4,2,2,4,2,4,2,4,Standard,Standard,152.0,0.017,-0.048,,,,,0.048,,2,-2,0.627,0.373,27,33,27,34,1,0,2.0,8.0,2.0,3.0,1.46,1.34,-1.34,46.3,,,,,,Sinker,False
SL,2026-04-14,87.5,2.92,5.75,"Morejon, Adrian",680977,670970,field_out,hit_into_play,,,,,8.0,Brendan Donovan flies out to center fielder Jackson Merrill.,R,L,L,SD,SEA,X,8.0,fly_ball,1,1,2026,-0.54,-0.15,-0.2291923001883725,1.7608291107338965,,,,2,7,Top,88.7,68.95,,,,,-6.359036477330893,-127.20439425700802,-2.8731513354659803,-4.428458528951292,28.284629549181595,-33.36159119851142,3.159448819,1.594488189,335.0,96.9,28.0,87.3,2901.0,6.4,823315,669134,664034,630105,592518,593428,657656,701538,665487,54.08,0.266,0.399,0.0,1.0,0.0,0.0,5.0,53,3,Slider,3,1,1,3,1,3,1,3,Strategic,Standard,280.0,0.013,-0.247,67.7,7.0,,0.72,0.247,96.9,2,-2,0.874,0.126,27,29,27,29,1,3,4.0,1.0,2.0,1.0,3.15,-0.54,-0.54,37.6,7.916655108903933,1.443044991528817,31.326038071798216,38.50502210239885,26.82179298036057,Slider,True
SI,2026-04-14,98.3,2.56,5.92,"Morejon, Adrian",680977,670970,,ball,,,,,14.0,,R,L,L,SD,SEA,B,,,0,1,2026,1.44,0.63,1.4579473084165686,2.186924435750039,,,,2,7,Top,,,,,,,-6.350053088102641,-142.92170172457975,-5.841180167407462,21.267162997962792,35.86924066687766,-22.33806470854044,3.159448819,1.594488189,,,,97.8,2349.0,6.3,823315,669134,664034,630105,592518,593428,657656,701538,665487,54.25,,,,,,,,53,2,Sinker,3,1,1,3,1,3,1,3,Strategic,Standard,149.0,-0.001,0.03,,,,,-0.03,,2,-2,0.875,0.125,27,29,27,29,1,3,4.0,1.0,2.0,1.0,1.75,1.44,1.44,42.6,,,,,,Sinker,False
SL,2026-04-14,88.3,2.87,5.83,"Morejon, Adrian",680977,670970,,called_strike,,,,,12.0,,R,L,L,SD,SEA,S,,,0,0,2026,-0.66,-0.18,0.5153594364658941,3.296978563514248,,,,2,7,Top,,,,,,,-4.273003261226983,-128.57676765986392,0.4824415931165084,-6.39148385815631,26.727083455552226,-34.51924347631086,3.159448819,1.594488189,,,,88.4,2915.0,6.3,823315,669134,664034,630105,592518,593428,657656,701538,665487,54.2,,,,,,,,53,1,Slider,3,1,1,3,1,3,1,3,Strategic,Standard,281.0,0.002,-0.045,,,,,0.045,,2,-2,0.873,0.127,27,29,27,29,1,3,4.0,1.0,2.0,1.0,3.1,-0.66,-0.66,39.6,,,,,,Slider,False
SL,2026-04-14,88.1,2.94,5.75,"Morejon, Adrian",702284,670970,field_out,hit_into_play,,,,,13.0,Cole Young lines out to first baseman Ty France.,R,L,L,SD,SEA,X,3.0,line_drive,1,1,2026,-0.77,-0.12,-0.1805734630886207,1.444588616167828,,,,1,7,Top,165.97,157.42,,,,,-5.875300188018406,-128.2178285419246,-3.848136180887802,-7.218063288916683,26.700308701227957,-32.92203422189762,3.133120079,1.581200787,146.0,84.1,12.0,88.2,2916.0,6.4,823315,669134,664034,630105,592518,593428,657656,701538,665487,54.14,0.617,0.612,0.0,1.0,0.0,0.0,4.0,52,3,Slider,3,1,1,3,1,3,1,3,Infield shade,Standard,282.0,0.023,-0.252,74.6,7.7,,0.739,0.252,88.0,2,-2,0.85,0.15,27,22,27,23,1,2,4.0,1.0,2.0,1.0,3.06,-0.77,-0.77,42.5,15.44213616607666,-12.619149956877733,34.77217834531581,31.73026208176576,40.65946668355056,Slider,True
FF,2026-04-14,98.6,2.53,6.04,"Morejon, Adrian",702284,670970,,ball,,,,,12.0,,R,L,L,SD,SEA,B,,,0,1,2026,0.24,1.36,0.4396639157573808,3.878514322158484,,,,1,7,Top,,,,,,,-6.180658067804901,-143.45657686424008,-3.440590898385743,4.8019944730426785,34.34187953170642,-12.886714120916334,3.133120079,1.581200787,,,,98.5,2451.0,6.3,823315,669134,664034,630105,592518,593428,657656,701538,665487,54.19,,,,,,,,52,2,4-Seam Fastball,3,1,1,3,1,3,1,3,Infield shade,Standard,151.0,-0.003,0.032,,,,,-0.032,,2,-2,0.853,0.147,27,22,27,23,1,2,4.0,1.0,2.0,1.0,1.0,0.24,0.24,44.2,,,,,,Four-seam,False
SI,2026-04-14,99.2,2.35,5.98,"Morejon, Adrian",702284,670970,,foul,,,,,9.0,,R,L,L,SD,SEA,S,,,0,0,2026,1.41,0.9,0.8117591409378933,1.6141038012196338,,,,1,7,Top,,,,,,,-7.492514435364885,-143.9609154675882,-8.326179339091949,21.37194897024472,36.851602817824386,-17.74430274628832,3.133120079,1.581200787,,,,98.6,2559.0,6.4,823315,669134,664034,630105,592518,593428,657656,701538,665487,54.14,,,,,,,,52,1,Sinker,3,1,1,3,1,3,1,3,Strategic,Standard,150.0,0.004,-0.041,73.4,6.6,,,0.041,,2,-2,0.849,0.151,27,22,27,23,1,2,4.0,1.0,2.0,1.0,1.44,1.41,1.41,42.6,-6.61407000173796,14.529830954098102,39.84182929764415,19.70222331455248,21.435393824374536,Sinker,False
FF,2026-04-14,98.1,2.56,6.08,"Morejon, Adrian",621550,670970,strikeout,foul_tip,,,,,11.0,Patrick Wisdom strikes out on a foul tip.,R,R,L,SD,SEA,S,2.0,,0,2,2026,0.36,1.49,-0.379789109857602,3.6800235895973,,,,0,7,Top,,,,,,,-8.661300163262073,-142.6040989519174,-4.307557849547059,6.920534136167254,34.15017150354275,-11.00702588869951,3.28933727,1.66003937,,,,97.8,2521.0,6.3,823315,669134,664034,630105,592518,593428,657656,701538,665487,54.22,,0.0,0.0,1.0,0.0,0.0,,51,3,4-Seam Fastball,3,1,1,3,1,3,1,3,Standard,Standard,155.0,0.02,-0.164,74.0,6.9,,,0.164,,2,-2,0.829,0.171,27,34,27,35,1,0,4.0,,2.0,35.0,0.89,0.36,-0.36,48.2,14.177774511801736,5.99483471731457,22.40147356449523,29.736138498945593,23.105727786748368,Four-seam,True
FF,2026-04-14,98.4,2.44,6.13,"Morejon, Adrian",621550,670970,,swinging_strike,,,,,11.0,,R,R,L,SD,SEA,S,,,0,1,2026,0.15,1.51,-0.3132732608955704,3.517609339073082,,,,0,7,Top,,,,,,,-7.701489331163507,-143.09179510626575,-4.991054791876867,3.8521656080453406,33.30333639437757,-10.467414691119105,3.28933727,1.66003937,,,,98.1,2531.0,6.2,823315,669134,664034,630105,592518,593428,657656,701538,665487,54.34,,,,,,,,51,2,4-Seam Fastball,3,1,1,3,1,3,1,3,Standard,Standard,158.0,0.009,-0.054,75.8,7.3,1.309620036,,0.054,,2,-2,0.82,0.18,27,34,27,35,1,0,4.0,,2.0,35.0,0.85,0.15,-0.15,47.2,16.662227618903234,8.71952534006464,26.734465034570572,30.075940341928153,21.44957547084761,Four-seam,False
SI,2026-04-14,98.8,2.56,6.0,"Morejon, Adrian",621550,670970,,called_strike,,,,,4.0,,R,R,L,SD,SEA,S,,,0,0,2026,1.45,0.82,-0.7751569939408445,2.274802339041975,,,,0,7,Top,,,,,,,-12.357372832378667,-143.12982939924856,-6.313623854543783,22.9878112110489,36.49784193660906,-19.555055434631893,3.28933727,1.66003937,,,,98.0,2489.0,6.3,823315,669134,664034,630105,592518,593428,657656,701538,665487,54.16,,,,,,,,51,1,Sinker,3,1,1,3,1,3,1,3,Standard,Standard,151.0,0.005,-0.041,,,,,0.041,,2,-2,0.815,0.185,27,34,27,35,1,0,4.0,,2.0,35.0,1.56,1.45,-1.45,43.2,,,,,,Sinker,False
SI,2026-04-10,100.1,2.31,5.97,"Morejon, Adrian",687597,670970,single,hit_into_play,,,,,4.0,Jordan Beck singles on a line drive to right fielder Fernando Tatis Jr. Hunter Goodman scores. Tyler Freeman to 3rd.,R,R,L,SD,COL,X,9.0,line_drive,0,1,2026,1.22,1.04,-0.7767757972593423,2.5306148826460637,,696100.0,671289.0,2,8,Top,175.23,126.18,,,,,-11.36792299257478,-145.19919465520746,-6.372498572807533,19.971573743326218,35.16136924385782,-16.094610100390266,3.316543635,1.673769685,177.0,76.5,16.0,100.1,2546.0,6.6,823318,669134,657757,630105,592518,593428,657656,701538,665487,53.94,0.823,0.765,0.9,1.0,1.0,0.0,4.0,55,2,Sinker,2,1,1,2,2,2,2,2,Standard,Standard,156.0,-0.274,0.583,69.6,6.6,,0.905,-0.583,88.0,1,-1,0.774,0.226,27,25,27,25,1,1,1.0,3.0,4.0,1.0,1.26,1.22,-1.22,43.8,0.3194439911895351,21.890894872601404,36.37888091734473,31.300833562740113,15.83402643281396,Sinker,True
SI,2026-04-10,99.9,2.35,5.99,"Morejon, Adrian",687597,670970,,called_strike,,,,,7.0,,R,R,L,SD,COL,S,,,0,0,2026,1.23,1.06,-0.6849624105152907,2.175105540106002,,696100.0,671289.0,2,8,Top,,,,,,,-11.21284074439422,-144.83860743925564,-7.364040894679905,20.09063898786771,38.00895446853155,-15.532755778121302,3.316543635,1.673769685,,,,99.5,2498.0,6.6,823318,669134,657757,630105,592518,593428,657656,701538,665487,53.94,,,,,,,,55,1,Sinker,2,1,1,2,1,2,1,2,Standard,Standard,157.0,0.016,-0.032,,,,,0.032,,1,-1,0.758,0.242,27,25,27,25,1,1,1.0,3.0,4.0,1.0,1.26,1.23,-1.23,43.0,,,,,,Sinker,False
SL,2026-04-10,88.6,2.86,5.93,"Morejon, Adrian",671289,670970,single,hit_into_play,,,,,5.0,Tyler Freeman singles on a line drive to center fielder Jackson Merrill. Hunter Goodman to 2nd.,R,R,L,SD,COL,X,8.0,line_drive,1,2,2026,-0.4,0.17,0.2676803110842386,2.165616393877304,,,696100.0,2,8,Top,115.78,112.43,,,,,-5.404284455625708,-128.9989798534872,-3.309080315901954,-3.3817710333414817,25.466849531827293,-29.803935503864267,3.150672572,1.590059055,176.0,92.7,10.0,88.7,2965.0,6.2,823318,669134,657757,630105,592518,593428,657656,701538,665487,54.3,0.669,0.619,0.9,1.0,1.0,0.0,4.0,54,4,Slider,2,1,1,2,1,2,1,2,Standard,Strategic,290.0,-0.068,0.424,71.8,7.4,,0.738,-0.424,92.7,1,-1,0.826,0.174,27,27,27,27,1,3,1.0,1.0,4.0,1.0,2.72,-0.4,0.4,43.8,5.494987354442828,-0.1070012262014951,37.98331036588858,39.803326798020066,26.800103140624778,Slider,True
CH,2026-04-10,92.1,2.76,6.02,"Morejon, Adrian",671289,670970,,ball,,,,,14.0,,R,R,L,SD,COL,B,,,0,2,2026,0.96,0.52,1.6690786539151838,1.9771448008832628,,,696100.0,2,8,Top,,,,,,,-4.854156110676069,-133.94075278327978,-5.285847441433247,12.60486507022302,30.52672175938001,-24.962374666508264,3.150672572,1.590059055,,,,91.7,1241.0,6.2,823318,669134,657757,630105,592518,593428,657656,701538,665487,54.27,,,,,,,,54,3,Changeup,2,1,1,2,1,2,1,2,Standard,Strategic,114.0,-0.006,0.021,,,,,-0.021,,1,-1,0.832,0.168,27,27,27,27,1,3,1.0,1.0,4.0,1.0,2.18,0.96,-0.96,41.1,,,,,,Changeup,False
CH,2026-04-10,90.9,2.62,5.99,"Morejon, Adrian",671289,670970,,swinging_strike,,,,,14.0,,R,R,L,SD,COL,S,,,0,1,2026,0.68,0.08,0.8004691054526463,1.072844977350898,,,696100.0,2,8,Top,,,,,,,-5.979128667128262,-132.18012091142998,-6.281045626348268,9.247419661926358,29.314413321477236,-30.066744791147904,3.150672572,1.590059055,,,,90.7,1011.0,6.3,823318,669134,657757,630105,592518,593428,657656,701538,665487,54.22,,,,,,,,54,2,Changeup,2,1,1,2,1,2,1,2,Standard,Strategic,111.0,0.014,-0.061,,,,,0.061,,1,-1,0.818,0.182,27,27,27,27,1,3,1.0,1.0,4.0,1.0,2.69,0.68,-0.68,41.8,,,,,,Changeup,False
SI,2026-04-10,99.3,2.38,6.01,"Morejon, Adrian",671289,670970,,foul,,,,,11.0,,R,R,L,SD,COL,S,,,0,0,2026,1.18,0.88,-0.1742924281483335,3.453977490866161,,,696100.0,2,8,Top,,,,,,,-9.694939928919329,-144.23330839556397,-3.4464937369830815,18.71530765534784,34.968531104104564,-19.33902112940304,3.150672572,1.590059055,185.0,72.8,56.0,99.1,2399.0,6.4,823318,669134,657757,630105,592518,593428,657656,701538,665487,54.13,,,,,,,,54,1,Sinker,2,1,1,2,1,2,1,2,Standard,Strategic,159.0,0.009,-0.041,58.8,5.6,,,0.041,88.0,1,-1,0.809,0.191,27,27,27,27,1,3,1.0,1.0,4.0,1.0,1.45,1.18,-1.18,44.3,-6.027921695319727,16.281218303530018,25.66721303988195,34.39891319795814,19.692112002110775,Sinker,False
CH,2026-04-10,92.2,2.72,6.03,"Morejon, Adrian",696100,670970,single,hit_into_play,,,,,6.0,Hunter Goodman singles on a line drive to left fielder Ramón Laureano. Brenton Doyle scores.,R,R,L,SD,COL,X,7.0,line_drive,2,2,2026,0.73,-0.28,0.5388832603569855,2.4282259519511102,686668.0,,,2,8,Top,106.68,119.23,,,,,-7.060310507815896,-134.02185769849368,-2.4356980976010885,10.3743027394996,30.45754196357232,-35.18106715504453,3.178756562,1.604232283,144.0,109.0,7.0,91.8,1118.0,6.2,823318,669134,657757,630105,592518,593428,657656,701538,665487,54.27,0.683,0.643,0.9,1.0,1.0,0.0,4.0,53,6,Changeup,2,0,0,2,1,2,1,2,Standard,Standard,110.0,-0.089,0.732,74.9,7.6,,0.788,-0.732,109.0,2,-2,0.898,0.102,27,26,27,27,1,0,1.0,1.0,4.0,1.0,2.98,0.73,-0.73,46.3,12.531738633271528,0.0323086409606395,18.5695303133347,44.39334316238646,36.860660413819744,Changeup,True
SL,2026-04-10,87.1,3.0,5.91,"Morejon, Adrian",696100,670970,,foul,,,,,9.0,,R,R,L,SD,COL,S,,,2,2,2026,-0.79,-0.11,0.6825971938950293,1.792814417828979,686668.0,,,2,8,Top,,,,,,,-3.8376201176284144,-126.70483614390824,-3.161706146180129,-7.547674873036549,29.219008623411217,-32.85084261138821,3.178756562,1.604232283,162.0,71.7,65.0,86.4,2848.0,6.2,823318,669134,657757,630105,592518,593428,657656,701538,665487,54.32,,,,,,,,53,5,Slider,2,0,0,2,0,2,0,2,Standard,Standard,279.0,0.0,0.0,69.9,7.8,,,0.0,88.0,2,-2,0.898,0.102,27,26,27,27,1,0,1.0,1.0,4.0,1.0,3.15,-0.79,0.79,41.3,3.9471697576237466,-3.9822119412542665,26.678579872871563,45.33326989406929,39.26298257888942,Slider,False
SI,2026-04-10,99.6,2.44,6.05,"Morejon, Adrian",696100,670970,,swinging_strike,,,,,1.0,,R,R,L,SD,COL,S,,,2,1,2026,1.2,1.02,-0.3762014147870649,3.096136844167308,686668.0,,,2,8,Top,,,,,,,-10.481035494140745,-144.57741885556834,-4.878856878580098,19.35233901043403,35.346657776512515,-16.938166219109842,3.178756562,1.604232283,,,,99.2,2018.0,6.3,823318,669134,657757,630105,592518,593428,657656,701538,665487,54.2,,,,,,,,53,4,Sinker,2,0,0,2,0,2,0,2,Standard,Standard,84.0,0.01,-0.056,75.3,6.6,2.346291108,,0.056,,2,-2,0.888,0.112,27,26,27,27,1,0,1.0,1.0,4.0,1.0,1.3,1.2,-1.2,44.3,4.0008896354639205,8.35141439495139,21.685537928627017,34.05853244459577,25.76569490017951,Sinker,False
SL,2026-04-10,86.7,3.02,5.86,"Morejon, Adrian",696100,670970,,ball,,,,,14.0,,R,R,L,SD,COL,B,,,1,1,2026,-0.69,-0.12,0.9494906191310428,2.101687860589531,686668.0,,,2,8,Top,,,,,,,-3.435771810445814,-126.24104880224614,-2.2928140862203903,-6.703117876358275,26.275768189335555,-33.2216821132627,3.178756562,1.604232283,,,,86.6,2887.0,6.2,823318,669134,657757,630105,592518,593428,657656,701538,665487,54.27,,,,,,,,53,3,Slider,2,0,0,2,0,2,0,2,Standard,Standard,292.0,-0.005,0.031,,,,,-0.031,,2,-2,0.893,0.107,27,26,27,27,1,0,1.0,1.0,4.0,1.0,3.16,-0.69,0.69,42.0,,,,,,Slider,False
SI,2026-04-10,99.8,2.38,5.99,"Morejon, Adrian",696100,670970,,swinging_strike,,,,,2.0,,R,R,L,SD,COL,S,,,1,0,2026,1.19,1.03,-0.0583502291516853,3.212866444851148,686668.0,,,2,8,Top,,,,,,,-9.501847783644076,-144.88151166482191,-4.482581183720877,18.988591465521687,36.27246596219867,-16.871648623414533,3.178756562,1.604232283,,,,99.8,2760.0,6.6,823318,669134,657757,630105,592518,593428,657656,701538,665487,53.93,,,,,,,,53,2,Sinker,2,0,0,2,0,2,0,2,Standard,Standard,159.0,0.005,-0.034,75.9,6.7,0.456918264,,0.034,,2,-2,0.888,0.112,27,26,27,27,1,0,1.0,1.0,4.0,1.0,1.29,1.19,-1.19,45.9,11.525911377938378,5.215020918659877,19.8487507256031,38.6943174799877,32.20629205765036,Sinker,False
SI,2026-04-10,99.8,2.4,5.99,"Morejon, Adrian",696100,670970,,ball,,,,,11.0,,R,R,L,SD,COL,B,,,0,0,2026,1.23,0.83,-1.1592371469348683,3.172201911710319,686668.0,,,2,8,Top,,,,,,,-12.594432647998474,-144.7468574222063,-4.096604180489876,20.402772388341127,36.028241555865435,-19.731615837212978,3.178756562,1.604232283,,,,99.3,2481.0,6.4,823318,669134,657757,630105,592518,593428,657656,701538,665487,54.13,,,,,,,,53,1,Sinker,2,0,0,2,0,2,0,2,Standard,Standard,150.0,-0.003,0.03,,,,,-0.03,,2,-2,0.891,0.109,27,26,27,27,1,0,1.0,1.0,4.0,1.0,1.49,1.23,-1.23,44.1,,,,,,Sinker,False
SI,2026-04-10,99.6,2.5,5.98,"Morejon, Adrian",691720,670970,field_out,hit_into_play,,,,,6.0,"Kyle Karros grounds out, second baseman Jake Cronenworth to first baseman Gavin Sheets. Brenton Doyle to 3rd.",R,R,L,SD,COL,X,4.0,ground_ball,2,1,2026,1.42,0.66,0.4405040105893272,2.8487502677796575,,686668.0,,1,8,Top,130.57,142.39,,,,,-8.956690010106454,-144.62594758776552,-4.471453527410168,22.054146437436145,38.5781836440617,-22.031808465207376,3.431512467,1.731791339,7.0,99.2,-21.0,98.8,2453.0,6.3,823318,669134,657757,630105,592518,593428,657656,701538,665487,54.21,0.142,0.129,0.0,1.0,0.0,0.0,2.0,52,4,Sinker,2,0,0,2,0,2,0,2,Standard,Standard,144.0,0.06,-0.273,67.3,6.3,,0.142,0.273,99.2,2,-2,0.831,0.169,27,23,27,24,1,2,1.0,1.0,4.0,1.0,1.68,1.42,-1.42,42.0,-10.554999216793204,13.054553930934892,33.26915366841781,42.180417654744346,15.978198730461806,Sinker,True
CH,2026-04-10,92.4,2.6,6.04,"Morejon, Adrian",691720,670970,,ball,,,,,13.0,,R,R,L,SD,COL,B,,,1,1,2026,0.98,0.15,-0.723111691061382,1.5149769972766274,,686668.0,,1,8,Top,,,,,,,-10.513042862399557,-134.08753680346163,-5.720034778993264,14.22985107457114,30.83038643906587,-29.215388904418155,3.431512467,1.731791339,,,,92.1,1030.0,6.4,823318,669134,657757,630105,592518,593428,657656,701538,665487,54.12,,,,,,,,52,3,Changeup,2,0,0,2,0,2,0,2,Standard,Standard,119.0,-0.009,0.036,,,,,-0.036,,2,-2,0.84,0.16,27,23,27,24,1,2,1.0,1.0,4.0,1.0,2.55,0.98,-0.98,43.3,,,,,,Changeup,False
SI,2026-04-10,98.8,2.28,6.1,"Morejon, Adrian",691720,670970,,swinging_strike,,,,,11.0,,R,R,L,SD,COL,S,,,1,0,2026,1.35,0.89,-0.055902714883363,3.652735990833198,,686668.0,,1,8,Top,,,,,,,-9.471555535334526,-143.4627330971231,-3.0907489561544055,20.910740803987615,36.170612510241945,-19.344099201974544,3.431512467,1.731791339,,,,98.4,2449.0,6.4,823318,669134,657757,630105,592518,593428,657656,701538,665487,54.13,,,,,,,,52,2,Sinker,2,0,0,2,0,2,0,2,Standard,Standard,153.0,0.009,-0.052,66.2,6.2,0.362891832,,0.052,,2,-2,0.831,0.169,27,23,27,24,1,2,1.0,1.0,4.0,1.0,1.47,1.35,-1.35,44.9,1.1206063677252385,6.26113049762363,30.60955075908505,35.87442753309468,18.87827935147558,Sinker,False
SI,2026-04-10,98.8,2.23,6.1,"Morejon, Adrian",691720,670970,,ball,,,,,11.0,,R,R,L,SD,COL,B,,,0,0,2026,1.38,0.9,-0.8250483106851965,4.060889766108847,,686668.0,,1,8,Top,,,,,,,-11.4765696293518,-143.37758293421277,-2.0273733579171527,21.73485687427317,34.93060897050858,-19.44517157309657,3.431512467,1.731791339,,,,98.6,2365.0,6.4,823318,669134,657757,630105,592518,593428,657656,701538,665487,54.05,,,,,,,,52,1,Sinker,2,0,0,2,0,2,0,2,Standard,Standard,154.0,-0.006,0.04,,,,,-0.04,,2,-2,0.837,0.163,27,23,27,24,1,2,1.0,1.0,4.0,1.0,1.45,1.38,-1.38,46.4,,,,,,Sinker,False
SI,2026-04-10,99.8,2.67,5.99,"Morejon, Adrian",664954,670970,field_out,hit_into_play,,,,,12.0,"Brett Sullivan grounds out, second baseman Jake Cronenworth to first baseman Gavin Sheets. Brenton Doyle to 2nd.",R,L,L,SD,COL,X,4.0,ground_ball,0,1,2026,1.5,0.65,1.2579218433414778,2.5245867662698696,,,686668.0,0,8,Top,138.23,160.26,,,,,-7.399260349575138,-145.10347449974705,-5.447705527235213,22.869479333913223,36.51422902372898,-21.811923004130804,3.174368438,1.602017717,79.0,44.0,18.0,99.2,2350.0,6.2,823318,669134,657757,630105,592518,593428,657656,701538,665487,54.31,0.146,0.131,0.0,1.0,0.0,0.0,1.0,51,2,Sinker,2,0,0,2,0,2,0,2,Infield shade,Standard,139.0,0.035,-0.303,62.8,6.7,,0.161,0.303,88.0,2,-2,0.802,0.198,27,32,27,32,1,2,1.0,1.0,4.0,1.0,1.65,1.5,1.5,40.6,2.1940870163676323,-2.827215213563967,35.57914234027822,24.322649622012182,20.963089831443092,Sinker,True
SI,2026-04-10,100.4,2.48,6.01,"Morejon, Adrian",664954,670970,,called_strike,,,,,8.0,,R,L,L,SD,COL,S,,,0,0,2026,1.43,0.55,-0.1144167089507957,1.960304525003737,,,686668.0,0,8,Top,,,,,,,-10.534693338451037,-145.5999215549846,-6.860903198427865,22.94347123078289,37.341098883834896,-22.78442269243437,3.174368438,1.602017717,,,,99.9,2258.0,6.4,823318,669134,657757,630105,592518,593428,657656,701538,665487,54.09,,,,,,,,51,1,Sinker,2,0,0,2,0,2,0,2,Infield shade,Standard,155.0,0.009,-0.04,,,,,0.04,,2,-2,0.793,0.207,27,32,27,32,1,2,1.0,1.0,4.0,1.0,1.74,1.43,1.43,42.1,,,,,,Sinker,False
CH,2026-04-10,92.5,2.64,6.08,"Morejon, Adrian",686668,670970,single,hit_into_play,,,,,6.0,Brenton Doyle singles on a soft ground ball to third baseman Manny Machado.,R,R,L,SD,COL,X,5.0,ground_ball,1,1,2026,1.06,0.1,0.7758717242806588,2.708299607189787,,,,0,8,Top,115.31,180.67,,,,,-7.040373181584453,-134.44932324492686,-2.721091585910283,14.479981819985465,31.46207483396415,-30.576348447086698,3.349893373,1.690600394,1.0,52.4,-65.0,92.0,1031.0,6.2,823318,669134,657757,630105,592518,593428,657656,701538,665487,54.27,0.242,0.218,0.9,1.0,1.0,0.0,1.0,50,3,Changeup,2,0,0,2,0,2,0,2,Standard,Standard,115.0,-0.071,0.457,67.6,7.2,,0.247,-0.457,88.0,2,-2,0.864,0.136,27,28,27,28,1,2,1.0,1.0,4.0,2.0,2.59,1.06,-1.06,44.8,4.609367410921409,8.652685746698145,23.441408149111144,47.44197100815664,26.159022706032204,Changeup,True
SI,2026-04-10,99.0,2.66,6.08,"Morejon, Adrian",686668,670970,,foul,,,,,6.0,,R,R,L,SD,COL,S,,,1,0,2026,1.45,0.69,0.336831468637438,2.4884410532005736,,,,0,8,Top,,,,,,,-9.632136825266835,-143.66889662739425,-5.667006467791531,22.341955289001675,37.09887604508534,-21.469695080471535,3.349893373,1.690600394,113.0,83.0,7.0,98.0,2469.0,6.2,823318,669134,657757,630105,592518,593428,657656,701538,665487,54.34,,,,,,,,50,2,Sinker,2,0,0,2,0,2,0,2,Standard,Standard,145.0,0.009,-0.055,70.9,6.8,,,0.055,88.0,2,-2,0.855,0.145,27,28,27,28,1,2,1.0,1.0,4.0,2.0,1.67,1.45,-1.45,43.2,3.91237125653328,14.092940878166113,33.347305724536106,40.78391211452449,18.913054951544993,Sinker,False
SI,2026-04-10,99.5,2.47,6.11,"Morejon, Adrian",686668,670970,,ball,,,,,13.0,,R,R,L,SD,COL,B,,,0,0,2026,1.19,0.66,-0.8849562411319232,2.5175488343911017,,,,0,8,Top,,,,,,,-11.926073155254462,-144.22936087580325,-5.739497271862018,19.524772998950247,35.318170031360864,-21.761479905642084,3.349893373,1.690600394,,,,99.2,2393.0,6.4,823318,669134,657757,630105,592518,593428,657656,701538,665487,54.07,,,,,,,,50,1,Sinker,2,0,0,2,0,2,0,2,Standard,Standard,160.0,-0.007,0.042,,,,,-0.042,,2,-2,0.862,0.138,27,28,27,28,1,2,1.0,1.0,4.0,2.0,1.67,1.19,-1.19,42.2,,,,,,Sinker,False
SI,2026-04-09,100.3,2.57,5.9,"Morejon, Adrian",687859,670970,field_out,hit_into_play,,,,,5.0,"Troy Johnston grounds out, third baseman Manny Machado to first baseman Ty France.",R,L,L,SD,COL,X,5.0,ground_ball,3,2,2026,1.4,0.8,-0.2251610095912966,2.6596317616635012,,,691720.0,2,8,Top,106.2,163.84,,,,,-11.002909321823571,-145.5488599314766,-5.233717731517725,22.650182989147392,38.32114716985887,-19.715358497074373,3.159448819,1.594488189,17.0,92.7,-8.0,99.7,2521.0,6.4,823319,666023,664034,630105,592518,593428,657757,701538,665487,54.12,0.177,0.159,0.0,1.0,0.0,0.0,2.0,59,6,Sinker,1,1,1,1,1,1,1,1,Infield shade,Standard,152.0,0.057,-0.327,67.7,5.9,,0.198,0.327,92.7,0,0,0.551,0.449,27,29,27,29,1,3,2.0,1.0,1.0,2.0,1.5,1.4,1.4,47.2,-2.396570747788566,26.479121990623415,27.82506507991666,38.38590200626457,19.425617737778715,Sinker,True
SI,2026-04-09,99.8,2.58,5.88,"Morejon, Adrian",687859,670970,,called_strike,,,,,5.0,,R,L,L,SD,COL,S,,,3,1,2026,1.29,0.76,-0.1139462299072142,2.457234524967848,,,691720.0,2,8,Top,,,,,,,-10.371713694070683,-144.73169906538277,-5.533252026289796,20.70471708184482,38.232250429870994,-20.277305488343785,3.159448819,1.594488189,,,,99.0,2526.0,6.3,823319,666023,664034,630105,592518,593428,657757,701538,665487,54.16,,,,,,,,59,5,Sinker,1,1,1,1,1,1,1,1,Infield shade,Standard,149.0,0.011,-0.088,,,,,0.088,,0,0,0.54,0.46,27,29,27,29,1,3,2.0,1.0,1.0,2.0,1.57,1.29,1.29,39.6,,,,,,Sinker,False
SL,2026-04-09,88.3,2.76,5.82,"Morejon, Adrian",687859,670970,,ball,,,,,13.0,,R,L,L,SD,COL,B,,,2,1,2026,-0.54,-0.24,-1.0248071904296197,1.1555044360042208,,,691720.0,2,8,Top,,,,,,,-7.944483594148298,-128.36702027434444,-4.468229896416705,-4.280232020389856,26.76155824575241,-34.12033210008929,3.159448819,1.594488189,,,,88.1,2918.0,6.3,823319,666023,664034,630105,592518,593428,657757,701538,665487,54.25,,,,,,,,59,4,Slider,1,1,1,1,1,1,1,1,Infield shade,Standard,287.0,-0.013,0.098,,,,,-0.098,,0,0,0.553,0.447,27,29,27,29,1,3,2.0,1.0,1.0,2.0,3.17,-0.54,-0.54,37.5,,,,,,Slider,False
SL,2026-04-09,86.9,2.68,5.78,"Morejon, Adrian",687859,670970,,blocked_ball,,,,,14.0,,R,L,L,SD,COL,B,,,1,1,2026,-0.78,-0.38,1.040670425797667,0.502779225512807,,,691720.0,2,8,Top,,,,,,,-2.2391202888222344,-126.48089296961156,-5.369832688672841,-7.8898384750584,27.338845729907952,-35.251184055069224,3.159448819,1.594488189,,,,86.8,3061.0,6.4,823319,666023,664034,630105,592518,593428,657757,701538,665487,54.12,,,,,,,,59,3,Slider,1,1,1,1,1,1,1,1,Infield shade,Standard,293.0,-0.007,0.054,,,,,-0.054,,0,0,0.56,0.44,27,29,27,29,1,3,2.0,1.0,1.0,2.0,3.41,-0.78,-0.78,39.0,,,,,,Slider,False
SI,2026-04-09,99.5,2.52,5.86,"Morejon, Adrian",687859,670970,,ball,,,,,1.0,,R,L,L,SD,COL,B,,,0,1,2026,1.15,0.65,-0.5516218036479503,2.9041799419315515,,,691720.0,2,8,Top,,,,,,,-11.050981594569436,-144.36731912097935,-3.975830695586821,18.82631978118896,36.96888529678355,-22.37201877609976,3.159448819,1.594488189,,,,99.0,2514.0,6.4,823319,666023,664034,630105,592518,593428,657757,701538,665487,54.11,,,,,,,,59,2,Sinker,1,1,1,1,1,1,1,1,Infield shade,Standard,139.0,-0.005,0.028,,,,,-0.028,,0,0,0.565,0.435,27,29,27,29,1,3,2.0,1.0,1.0,2.0,1.69,1.15,1.15,37.8,,,,,,Sinker,False
SL,2026-04-09,89.9,2.78,5.9,"Morejon, Adrian",687859,670970,,foul,,,,,3.0,,R,L,L,SD,COL,S,,,0,0,2026,-0.47,0.2,0.4140878206946797,2.7265593688459044,,,691720.0,2,8,Top,,,,,,,-4.782499341857561,-130.9362777767797,-2.1198310239203506,-4.313525352165421,28.552242154817534,-29.5963697151496,3.159448819,1.594488189,,,,89.9,2984.0,6.3,823319,666023,664034,630105,592518,593428,657757,701538,665487,54.19,,,,,,,,59,1,Slider,1,1,1,1,1,1,1,1,Infield shade,Standard,262.0,0.008,-0.041,69.1,5.9,,,0.041,,0,0,0.557,0.443,27,29,27,29,1,3,2.0,1.0,1.0,2.0,2.62,-0.47,-0.47,38.5,1.5103756122952212,8.20073160733928,34.69018349304957,30.748238575798432,30.963160724671205,Slider,False
SI,2026-04-09,99.8,2.46,5.92,"Morejon, Adrian",664954,670970,field_out,hit_into_play,,,,,6.0,Brett Sullivan lines out to left fielder Gavin Sheets.,R,L,L,SD,COL,X,7.0,line_drive,0,0,2026,1.25,0.8,0.3310084185500883,2.3301219758631566,,,691720.0,1,8,Top,86.54,99.64,,,,,-8.77790646695201,-144.976177404636,-6.1220248224346685,19.738173789416344,36.886865001263416,-19.563780550228262,3.174368438,1.602017717,268.0,85.1,20.0,99.4,2437.0,6.3,823319,666023,664034,630105,592518,593428,657757,701538,665487,54.15,0.651,0.609,0.0,1.0,0.0,0.0,4.0,58,1,Sinker,1,1,1,1,1,1,1,1,Infield shade,Standard,158.0,0.059,-0.261,65.3,6.6,,0.756,0.261,88.0,0,0,0.498,0.502,27,32,27,32,1,0,2.0,2.0,1.0,1.0,1.51,1.25,1.25,43.9,0.7489227789450164,13.696643781131776,30.518983689724347,35.45878429287343,24.45342554621344,Sinker,True
CH,2026-04-09,92.3,2.79,5.96,"Morejon, Adrian",691720,670970,single,hit_into_play,,,,,2.0,Kyle Karros singles on a sharp line drive to left fielder Gavin Sheets.,R,R,L,SD,COL,X,7.0,line_drive,1,0,2026,0.49,0.12,0.1601692245195985,3.069758650901454,,,,1,8,Top,83.56,89.7,,,,,-7.671706805767693,-134.19087882841342,-1.5445865945802513,7.617626662594303,30.96536215555663,-30.64243528557927,3.431512467,1.731791339,291.0,108.4,15.0,92.0,1151.0,6.3,823319,666023,664034,630105,592518,593428,657757,701538,665487,54.21,0.686,0.748,0.9,1.0,1.0,0.0,5.0,57,2,Changeup,1,1,1,1,1,1,1,1,Standard,Standard,111.0,-0.043,0.378,73.7,7.1,,1.077,-0.378,108.4,0,0,0.541,0.459,27,23,27,24,1,0,2.0,1.0,1.0,1.0,2.58,0.49,-0.49,41.6,8.911040699729632,-4.991008826314211,31.076235969907287,40.12836825862576,28.48007973712352,Changeup,True
SI,2026-04-09,100.4,2.39,6.02,"Morejon, Adrian",691720,670970,,ball,,,,,13.0,,R,R,L,SD,COL,B,,,0,0,2026,1.29,0.59,-1.835548478087678,2.5161191516885832,,,,1,8,Top,,,,,,,-14.589965467158484,-145.31748825078824,-5.422670633042607,21.945924717058777,37.25931537005808,-22.603251204327428,3.431512467,1.731791339,,,,99.6,2462.0,6.4,823319,666023,664034,630105,592518,593428,657757,701538,665487,54.15,,,,,,,,57,1,Sinker,1,1,1,1,1,1,1,1,Standard,Standard,153.0,-0.005,0.041,,,,,-0.041,,0,0,0.546,0.454,27,23,27,24,1,0,2.0,1.0,1.0,1.0,1.71,1.29,-1.29,43.9,,,,,,Sinker,False
SI,2026-04-09,98.7,2.48,5.97,"Morejon, Adrian",671289,670970,field_out,hit_into_play,,,,,5.0,Tyler Freeman lines out sharply to left fielder Gavin Sheets.,R,R,L,SD,COL,X,7.0,line_drive,1,0,2026,1.25,0.79,-0.2153809520569456,2.5016149899155007,,,,0,8,Top,87.8,63.81,,,,,-10.171516708707534,-143.3431032360102,-5.618278441706645,19.569352429149713,33.885487204803674,-20.11143550125253,3.150672572,1.590059055,347.0,101.9,19.0,98.4,2532.0,6.3,823319,666023,664034,630105,592518,593428,657757,701538,665487,54.2,0.391,0.489,0.0,1.0,0.0,0.0,5.0,56,2,Sinker,1,1,1,1,1,1,1,1,Standard,Standard,149.0,0.053,-0.302,71.8,6.7,,0.786,0.302,101.9,0,0,0.493,0.507,27,27,27,27,1,0,2.0,1.0,1.0,1.0,1.56,1.25,-1.25,41.4,0.5618568410438506,-3.7497893934717097,30.990836852595873,36.1300908861558,33.19453100835344,Sinker,True
SL,2026-04-09,88.3,3.05,5.86,"Morejon, Adrian",671289,670970,,ball,,,,,14.0,,R,R,L,SD,COL,B,,,0,0,2026,-0.51,-0.13,0.937517182437756,2.045373976596747,,,,0,8,Top,,,,,,,-3.9884343741516255,-128.55712377188487,-2.689799750516502,-4.812007604339652,27.416316092181017,-33.2785744973306,3.150672572,1.590059055,,,,88.1,3012.0,6.2,823319,666023,664034,630105,592518,593428,657757,701538,665487,54.33,,,,,,,,56,1,Slider,1,1,1,1,1,1,1,1,Standard,Standard,288.0,-0.007,0.042,,,,,-0.042,,0,0,0.5,0.5,27,27,27,27,1,0,2.0,1.0,1.0,1.0,3.06,-0.51,0.51,39.1,,,,,,Slider,False
SI,2026-04-07,99.0,2.33,5.84,"Morejon, Adrian",804606,670970,single,hit_into_play,,,,,6.0,Konnor Griffin singles on a ground ball to left fielder Ramón Laureano. Nick Gonzales scores. Jake Mangum scores.,R,R,L,PIT,SD,X,7.0,ground_ball,1,1,2026,1.28,0.79,0.4623611647892438,2.335039528609751,693304.0,663968.0,,1,8,Bot,102.15,91.38,,,,,-8.052558055171998,-143.8321605052049,-5.726887235281409,19.676208596902818,35.05519067654601,-20.071101116890848,3.334973753,1.683070866,139.0,113.2,6.0,98.5,2491.0,6.2,823402,666023,657757,630105,592518,593428,657656,701538,665487,54.28,0.689,0.645,0.9,1.0,1.0,0.0,5.0,64,3,Sinker,5,1,5,1,1,7,7,1,Standard,Standard,148.0,0.005,0.536,73.5,7.8,,0.813,-0.536,113.2,4,4,0.993,0.993,27,20,27,20,1,3,3.0,1.0,2.0,1.0,1.56,1.28,-1.28,49.3,4.053493425877714,-6.868920401428991,29.610681728487283,43.646957487915735,31.052708957082785,Sinker,True
SI,2026-04-07,99.0,2.48,5.85,"Morejon, Adrian",804606,670970,,ball,,,,,12.0,,R,R,L,PIT,SD,B,,,0,1,2026,1.43,0.67,0.5852999834116748,3.9136111241473577,693304.0,,663968.0,1,8,Bot,,,,,,,-8.438418589310382,-143.88130217096833,-1.2288966241604005,21.865362999838784,35.80177552455345,-22.82811041716142,3.334973753,1.683070866,,,,98.1,2424.0,6.0,823402,666023,657757,630105,592518,593428,657656,701538,665487,54.48,,,,,,,,64,2,Sinker,5,1,5,1,1,5,5,1,Standard,Standard,146.0,0.002,0.009,,,,,-0.009,,4,4,0.991,0.991,27,20,27,20,1,3,3.0,1.0,2.0,1.0,1.67,1.43,-1.43,41.6,,,,,,Sinker,False
SI,2026-04-07,99.7,2.21,5.94,"Morejon, Adrian",804606,670970,,called_strike,,,,,4.0,,R,R,L,PIT,SD,S,,,0,0,2026,1.15,0.71,-0.7128196540244962,2.385754475505512,693304.0,,663968.0,1,8,Bot,,,,,,,-10.627505916752304,-144.63429506605655,-5.748869369710517,18.719854295827275,37.65848694815848,-20.932457879999554,3.334973753,1.683070866,,,,98.8,2383.0,6.2,823402,666023,657757,630105,592518,593428,657656,701538,665487,54.25,,,,,,,,64,1,Sinker,5,1,5,1,1,5,5,1,Standard,Standard,148.0,-0.001,-0.049,,,,,0.049,,4,4,0.992,0.992,27,20,27,20,1,3,3.0,1.0,2.0,1.0,1.62,1.15,-1.15,45.0,,,,,,Sinker,False
CH,2026-04-07,91.2,2.6,5.93,"Morejon, Adrian",663968,670970,single,hit_into_play,,,,,9.0,Jake Mangum singles on a line drive to right fielder Fernando Tatis Jr. Nick Yorke scores. Nick Gonzales to 3rd.,R,R,L,PIT,SD,X,9.0,line_drive,1,1,2026,0.85,-0.45,0.7305308598298778,1.9661197135472044,694377.0,,693304.0,1,8,Bot,181.2,112.66,,,,,-6.459690411019681,-132.60196774268832,-2.804659933719585,11.405085678762925,30.269451424446142,-36.98469454434723,3.179634186,1.604675197,199.0,89.6,12.0,90.4,1064.0,6.0,823402,666023,657757,630105,592518,593428,657656,701538,665487,54.49,0.854,0.808,0.9,1.0,1.0,0.0,4.0,63,3,Changeup,4,1,4,1,1,5,5,1,Standard,Standard,108.0,0.011,0.501,63.7,6.6,,0.982,-0.501,89.6,3,3,0.981,0.981,27,30,27,30,1,0,3.0,1.0,2.0,1.0,3.21,0.85,-0.85,43.6,5.440897301747958,20.485980956646245,25.655101992387937,43.98767519458389,19.11381853446755,Changeup,True
SI,2026-04-07,99.1,2.58,5.82,"Morejon, Adrian",663968,670970,,swinging_strike,,,,,14.0,,R,R,L,PIT,SD,S,,,1,0,2026,1.51,0.84,1.389905152324435,1.95817935089129,694377.0,,693304.0,1,8,Bot,,,,,,,-6.784428148395853,-144.03852327721154,-6.832064716602357,22.655994356761436,35.79327811970943,-19.012766723516332,3.179634186,1.604675197,,,,98.6,2344.0,6.2,823402,666023,657757,630105,592518,593428,657656,701538,665487,54.28,,,,,,,,63,2,Sinker,4,1,4,1,1,4,4,1,Standard,Standard,146.0,0.0,-0.061,55.1,6.7,3.78690126,,0.061,,3,3,0.981,0.981,27,30,27,30,1,0,3.0,1.0,2.0,1.0,1.5,1.51,-1.51,46.2,-8.233317761186225,33.78937718814196,37.20554834440369,52.27679903789112,4.130565887631627,Sinker,False
SL,2026-04-07,87.9,2.91,5.79,"Morejon, Adrian",663968,670970,,ball,,,,,14.0,,R,R,L,PIT,SD,B,,,0,0,2026,-0.52,0.04,1.382625704029546,1.8222794987762407,694377.0,,693304.0,1,8,Bot,,,,,,,-2.533511517223329,-127.8815393261576,-3.271314148980962,-5.1086867128158495,29.598391366885547,-31.208355888906592,3.179634186,1.604675197,,,,87.0,2814.0,6.0,823402,666023,657757,630105,592518,593428,657656,701538,665487,54.52,,,,,,,,63,1,Slider,4,1,4,1,1,4,4,1,Standard,Standard,262.0,0.0,0.021,,,,,-0.021,,3,3,0.981,0.981,27,30,27,30,1,0,3.0,1.0,2.0,1.0,2.94,-0.52,0.52,36.9,,,,,,Slider,False
SI,2026-04-07,99.5,2.28,5.89,"Morejon, Adrian",693304,670970,single,hit_into_play,,,,,5.0,Nick Gonzales singles on a ground ball to right fielder Fernando Tatis Jr. Bryan Reynolds scores. Ryan O'Hearn scores. Nick Yorke to 3rd.,R,R,L,PIT,SD,X,9.0,ground_ball,0,1,2026,1.37,1.11,-0.1218196324591673,2.455871034074911,668804.0,656811.0,694377.0,1,8,Bot,190.32,127.87,,,,,-9.73668303331528,-144.4719952514292,-6.3922836612617555,21.514775875692045,34.02326706625263,-15.336555964947609,3.05062336,1.539566929,121.0,82.9,6.0,99.1,2378.0,6.2,823402,666023,657757,630105,592518,593428,657656,701538,665487,54.27,0.36,0.348,0.9,1.0,1.0,0.0,4.0,62,2,Sinker,2,1,2,1,1,4,4,1,Strategic,Standard,151.0,0.068,0.494,61.6,6.0,,0.426,-0.494,88.0,1,1,0.913,0.913,27,27,27,27,1,3,3.0,1.0,2.0,1.0,1.21,1.37,-1.37,43.9,-13.029769801786504,25.708132310648686,44.93825906771354,33.03425840948742,14.518470621117014,Sinker,True
SI,2026-04-07,100.1,2.38,5.91,"Morejon, Adrian",693304,670970,,foul,,,,,12.0,,R,R,L,PIT,SD,S,,,0,0,2026,1.45,0.96,0.4011223851189511,3.224262813130943,668804.0,656811.0,694377.0,1,8,Bot,,,,,,,-8.85112786229256,-145.33703258857466,-4.04650102886204,22.719805450685975,38.516929666680134,-17.869285961808643,3.05062336,1.539566929,227.0,78.8,42.0,99.2,2296.0,6.2,823402,666023,657757,630105,592518,593428,657656,701538,665487,54.31,,,,,,,,62,1,Sinker,2,1,2,1,1,2,2,1,Strategic,Standard,149.0,-0.006,-0.048,61.7,6.2,,,0.048,88.0,1,1,0.919,0.919,27,27,27,27,1,3,3.0,1.0,2.0,1.0,1.35,1.45,-1.45,45.3,-3.5801377103065497,19.63103605452279,28.610468374655955,38.960363022250775,12.916361759046085,Sinker,False
SI,2026-04-07,99.0,2.47,5.84,"Morejon, Adrian",694377,670970,fielders_choice,hit_into_play,,,,,8.0,"Nick Yorke reaches on a fielder's choice, fielded by shortstop Xander Bogaerts. Bryan Reynolds to 3rd. Ryan O'Hearn to 2nd. Fielding error by shortstop Xander Bogaerts.",R,R,L,PIT,SD,X,6.0,ground_ball,0,0,2026,1.37,0.65,-0.1017089672277355,1.9248134301093764,,668804.0,656811.0,1,8,Bot,116.66,148.9,,,,,-10.149830829023765,-143.5822075007238,-6.4382666583801464,21.42194562242528,38.60863424769897,-21.705860645997088,3.185777559,1.607775591,2.0,85.7,-39.0,98.0,2393.0,6.3,823402,666023,657757,630105,592518,593428,657656,701538,665487,54.24,0.057,0.051,0.9,1.0,0.0,0.0,2.0,61,1,Sinker,2,1,2,1,1,2,2,1,Standard,Strategic,148.0,0.032,0.497,73.5,7.1,,0.058,-0.497,88.0,1,1,0.887,0.887,27,24,27,24,1,3,3.0,2.0,2.0,1.0,1.72,1.37,-1.37,42.2,-18.724537719794828,7.710189964615854,39.980590364138955,33.521978947540894,18.411409254428385,Sinker,True
SI,2026-04-07,98.5,2.38,5.85,"Morejon, Adrian",656811,670970,single,hit_into_play,,,,,3.0,Ryan O'Hearn singles on a line drive to left fielder Ramón Laureano. Bryan Reynolds to 2nd.,R,L,L,PIT,SD,X,7.0,line_drive,0,1,2026,1.32,0.87,0.7833753428987653,2.886428484384739,,,668804.0,1,8,Bot,57.91,117.07,,,,,-7.370401598917996,-143.1497397164783,-4.3700217615618975,19.876952951371575,35.730430056401204,-19.3840345655341,3.28933727,1.66003937,224.0,96.2,12.0,97.7,2511.0,6.1,823402,666023,657757,630105,592518,593428,657656,701538,665487,54.39,0.934,0.9,0.9,1.0,1.0,0.0,4.0,60,2,Sinker,2,1,2,1,1,2,2,1,Infield shade,Standard,146.0,0.023,0.447,66.2,5.9,,1.113,-0.447,96.2,1,1,0.864,0.864,27,32,27,33,1,3,3.0,1.0,2.0,1.0,1.5,1.32,1.32,47.9,-4.649360943124159,25.147987989600058,27.830449964520923,34.100660251942536,13.32498782198108,Sinker,True
SI,2026-04-07,99.0,2.45,5.85,"Morejon, Adrian",656811,670970,,called_strike,,,,,3.0,,R,L,L,PIT,SD,S,,,0,0,2026,1.35,0.68,0.7438517693129392,3.074529928051273,,,668804.0,1,8,Bot,,,,,,,-7.764251666488727,-143.94758330961815,-3.535503841549805,20.597118129888983,34.82982888937972,-22.095872204556933,3.28933727,1.66003937,,,,98.4,2490.0,6.1,823402,666023,657757,630105,592518,593428,657656,701538,665487,54.38,,,,,,,,60,1,Sinker,2,1,2,1,1,2,2,1,Infield shade,Standard,149.0,-0.003,-0.037,,,,,0.037,,1,1,0.867,0.867,27,32,27,33,1,3,3.0,1.0,2.0,1.0,1.66,1.35,1.35,43.9,,,,,,Sinker,False
SL,2026-04-07,88.7,2.81,5.73,"Morejon, Adrian",668804,670970,single,hit_into_play,,,,,6.0,Bryan Reynolds singles on a ground ball to right fielder Fernando Tatis Jr.,R,R,L,PIT,SD,X,9.0,ground_ball,2,2,2026,-0.34,0.09,0.6494766074295557,2.352132384739552,,,,1,8,Bot,178.16,116.72,,,,,-4.44999935787244,-129.04083047691796,-2.110519991527395,-2.821017821166272,29.00494940184615,-30.982424589429733,3.284071522,1.65738189,8.0,105.8,-14.0,88.0,2788.0,6.1,823402,666023,657757,630105,592518,593428,657656,701538,665487,54.43,0.258,0.232,0.9,1.0,1.0,0.0,2.0,59,6,Slider,2,1,2,1,1,2,2,1,Standard,Standard,270.0,0.016,0.447,,,,0.265,-0.447,105.8,1,1,0.851,0.851,27,31,27,31,1,3,3.0,1.0,2.0,1.0,2.83,-0.34,0.34,38.2,,,,,,Slider,True
SI,2026-04-07,99.0,2.39,5.91,"Morejon, Adrian",668804,670970,,foul,,,,,2.0,,R,R,L,PIT,SD,S,,,2,2,2026,1.16,0.79,0.0790108060873526,3.2979263242512937,,,,1,8,Bot,,,,,,,-8.940797248558226,-143.87395915831823,-3.3466512749000765,18.161737693537447,34.27373650050995,-20.63945749671839,3.284071522,1.65738189,,,,98.5,2529.0,6.1,823402,666023,657757,630105,592518,593428,657656,701538,665487,54.37,,,,,,,,59,5,Sinker,2,1,2,1,1,2,2,1,Standard,Standard,148.0,0.0,0.0,77.1,6.7,,,0.0,,1,1,0.851,0.851,27,31,27,31,1,3,3.0,1.0,2.0,1.0,1.55,1.16,-1.16,40.3,7.637587668400702,11.757896106538542,29.78497777712082,40.83442338132752,21.902056080941136,Sinker,False
CH,2026-04-07,92.1,2.51,5.86,"Morejon, Adrian",668804,670970,,ball,,,,,13.0,,R,R,L,PIT,SD,B,,,1,2,2026,1.2,-0.22,-0.1425849105866319,0.609301656592379,,,,1,8,Bot,,,,,,,-9.248909525355185,-133.60021134051692,-6.608670481271723,16.505361704161256,31.366246148388377,-33.37500242509609,3.284071522,1.65738189,,,,91.1,964.0,6.1,823402,666023,657757,630105,592518,593428,657656,701538,665487,54.41,,,,,,,,59,4,Changeup,2,1,2,1,1,2,2,1,Standard,Standard,115.0,0.001,0.051,,,,,-0.051,,1,1,0.85,0.85,27,31,27,31,1,3,3.0,1.0,2.0,1.0,2.94,1.2,-1.2,43.2,,,,,,Changeup,False
CH,2026-04-07,91.9,2.64,5.84,"Morejon, Adrian",668804,670970,,ball,,,,,14.0,,R,R,L,PIT,SD,B,,,0,2,2026,0.69,-0.35,0.7328202539111605,1.0331109256189444,,,,1,8,Bot,,,,,,,-6.244238861511153,-133.60434680876642,-5.1994569739265675,9.662090729817978,31.49693530156648,-35.3721793614312,3.284071522,1.65738189,,,,91.0,897.0,6.0,823402,666023,657757,630105,592518,593428,657656,701538,665487,54.47,,,,,,,,59,3,Changeup,2,1,2,1,1,2,2,1,Standard,Standard,107.0,0.001,0.019,,,,,-0.019,,1,1,0.849,0.849,27,31,27,31,1,3,3.0,1.0,2.0,1.0,3.08,0.69,-0.69,41.2,,,,,,Changeup,False
SI,2026-04-07,100.0,2.42,5.85,"Morejon, Adrian",668804,670970,,called_strike,,,,,4.0,,R,R,L,PIT,SD,S,,,0,1,2026,1.07,0.83,-0.4272791233696755,2.353575206526968,,,,1,8,Bot,,,,,,,-10.24702754544871,-145.15908933168183,-5.947872752271078,17.64885614464441,36.545363496752216,-19.15185094023715,3.284071522,1.65738189,,,,99.1,2352.0,6.1,823402,666023,657757,630105,592518,593428,657656,701538,665487,54.38,,,,,,,,59,2,Sinker,2,1,2,1,1,2,2,1,Standard,Standard,146.0,-0.002,-0.057,,,,,0.057,,1,1,0.851,0.851,27,31,27,31,1,3,3.0,1.0,2.0,1.0,1.47,1.07,-1.07,41.6,,,,,,Sinker,False
SI,2026-04-07,98.6,2.48,5.85,"Morejon, Adrian",668804,670970,,foul,,,,,1.0,,R,R,L,PIT,SD,S,,,0,0,2026,1.09,0.83,-0.2855378787852314,2.906832605937465,,,,1,8,Bot,,,,,,,-9.931862610955951,-143.2370819795578,-4.235550791452422,17.351653046375933,35.4238890371712,-19.970945411061532,3.284071522,1.65738189,53.0,74.4,29.0,97.8,2452.0,6.1,823402,666023,657757,630105,592518,593428,657656,701538,665487,54.42,,,,,,,,59,1,Sinker,2,1,2,1,1,2,2,1,Standard,Standard,149.0,-0.002,-0.041,68.5,5.9,,,0.041,88.0,1,1,0.853,0.853,27,31,27,31,1,3,3.0,1.0,2.0,1.0,1.54,1.09,-1.09,41.2,-14.59851993760429,24.645153043881383,41.61270694192785,34.0676528517138,9.95371141399974,Sinker,False
SL,2026-04-07,89.3,2.73,5.71,"Morejon, Adrian",664040,670970,strikeout,swinging_strike,,,,,13.0,Brandon Lowe strikes out swinging.,R,L,L,PIT,SD,S,2.0,,0,2,2026,-0.45,-0.05,-1.2658338512601013,0.9388896666262384,,,,0,8,Bot,,,,,,,-8.701259743797328,-129.66394734529078,-5.203128864015597,-2.831694716329014,32.13085662369746,-31.63043367485179,3.088361221,1.558612205,,,,88.2,2866.0,6.1,823402,666023,657757,630105,592518,593428,657656,701538,665487,54.36,,0.0,0.0,1.0,0.0,0.0,,58,3,Slider,2,1,2,1,1,2,2,1,Infield shade,Standard,284.0,-0.008,-0.164,60.3,8.5,10.114775244,,0.164,,1,1,0.861,0.861,27,31,27,32,1,3,3.0,1.0,2.0,1.0,2.96,-0.45,-0.45,36.7,28.902669030607743,-35.22007741917002,34.77462447553338,48.74665556814217,52.37052456255672,Slider,True
SI,2026-04-07,97.6,2.37,5.89,"Morejon, Adrian",664040,670970,,called_strike,,,,,1.0,,R,L,L,PIT,SD,S,,,0,1,2026,1.22,0.82,-0.4955065772724771,2.903538107232583,,,,0,8,Bot,,,,,,,-10.388072264766372,-141.70290909545582,-4.19138764048368,18.867606253677614,33.81897226028065,-20.3313456413467,3.088361221,1.558612205,,,,96.8,2492.0,6.0,823402,666023,657757,630105,592518,593428,657656,701538,665487,54.46,,,,,,,,58,2,Sinker,2,1,2,1,1,2,2,1,Infield shade,Standard,150.0,-0.004,-0.054,,,,,0.054,,1,1,0.865,0.865,27,31,27,32,1,3,3.0,1.0,2.0,1.0,1.59,1.22,1.22,39.5,,,,,,Sinker,False
SL,2026-04-07,87.9,2.64,5.8,"Morejon, Adrian",664040,670970,,called_strike,,,,,5.0,,R,L,L,PIT,SD,S,,,0,0,2026,-0.49,-0.08,-0.0290188595274012,2.583249791027839,,,,0,8,Bot,,,,,,,-5.32748740200264,-127.89063892626298,-1.238774633003839,-4.135494617378591,29.35956255854219,-32.9999079874769,3.088361221,1.558612205,,,,87.2,2849.0,6.1,823402,666023,657757,630105,592518,593428,657656,701538,665487,54.41,,,,,,,,58,1,Slider,2,1,2,1,1,2,2,1,Infield shade,Standard,282.0,-0.002,-0.041,,,,,0.041,,1,1,0.867,0.867,27,31,27,32,1,3,3.0,1.0,2.0,1.0,3.06,-0.49,-0.49,40.9,,,,,,Slider,False
CH,2026-04-04,91.7,2.56,5.89,"Morejon, Adrian",575929,670970,strikeout,swinging_strike,,,,,14.0,Willson Contreras strikes out swinging.,R,R,L,BOS,SD,S,2.0,,3,2,2026,1.24,-0.16,0.380658865899754,1.4775060899165933,,,655316.0,2,8,Bot,,,,,,,-8.164647382518725,-133.28196808874685,-4.653233767701776,16.520286168404986,29.96980043527894,-33.25912052648314,3.229658793,1.62992126,,,,91.6,1387.0,6.4,824782,666023,664034,630105,592518,593428,657656,669369,665487,54.09,,0.0,0.0,1.0,0.0,0.0,,65,6,Changeup,2,2,2,2,2,2,2,2,Standard,Standard,118.0,-0.056,-0.328,74.4,8.4,0.824764464,,0.328,,0,0,0.556,0.556,27,34,27,34,1,3,3.0,1.0,3.0,1.0,2.89,1.24,-1.24,42.4,10.618461661162176,-14.57507294960397,28.840154050656437,43.82467226962095,36.363183223683606,Changeup,True
CH,2026-04-04,92.4,2.75,5.87,"Morejon, Adrian",575929,670970,,ball,,,,,14.0,,R,R,L,BOS,SD,B,,,2,2,2026,1.31,0.05,2.578222270525369,1.94858831546506,,,655316.0,2,8,Bot,,,,,,,-3.3297579533199215,-134.4780916689108,-4.007544661666076,16.55691074372123,30.97018550122611,-30.901981978050785,3.229658793,1.62992126,,,,92.3,1205.0,6.3,824782,666023,664034,630105,592518,593428,657656,669369,665487,54.16,,,,,,,,65,5,Changeup,2,2,2,2,2,2,2,2,Standard,Standard,111.0,0.014,0.081,,,,,-0.081,,0,0,0.542,0.542,27,34,27,34,1,3,3.0,1.0,3.0,1.0,2.64,1.31,-1.31,39.8,,,,,,Changeup,False
SI,2026-04-04,99.8,2.09,5.95,"Morejon, Adrian",575929,670970,,ball,,,,,11.0,,R,R,L,BOS,SD,B,,,1,2,2026,1.64,0.88,-1.0721478342487831,3.6016344294333527,,,655316.0,2,8,Bot,,,,,,,-12.487288726697038,-144.62774685013312,-2.851435887730582,26.0877794918786,39.642719585128845,-19.454156307032125,3.229658793,1.62992126,,,,98.8,2407.0,6.4,824782,666023,664034,630105,592518,593428,657656,669369,665487,54.12,,,,,,,,65,4,Sinker,2,2,2,2,2,2,2,2,Standard,Standard,169.0,0.007,0.052,,,,,-0.052,,0,0,0.535,0.535,27,34,27,34,1,3,3.0,1.0,3.0,1.0,1.46,1.64,-1.64,50.3,,,,,,Sinker,False
CH,2026-04-04,91.6,2.72,5.91,"Morejon, Adrian",575929,670970,,foul,,,,,6.0,,R,R,L,BOS,SD,S,,,1,1,2026,1.3,0.27,0.6675540734857035,2.5510419302256815,,,655316.0,2,8,Bot,,,,,,,-7.960870407935509,-133.0950497618318,-2.919976053603219,17.260590388164445,31.098867705218893,-28.52340238717829,3.229658793,1.62992126,179.0,73.9,63.0,91.1,1357.0,6.3,824782,666023,664034,630105,592518,593428,657656,669369,665487,54.25,,,,,,,,65,3,Changeup,2,2,2,2,2,2,2,2,Standard,Standard,124.0,-0.012,-0.069,73.1,7.9,,,0.069,88.0,0,0,0.547,0.547,27,34,27,34,1,3,3.0,1.0,3.0,1.0,2.48,1.3,-1.3,44.6,8.702210553717006,1.5008798628360638,30.699579452150054,47.876695772906054,28.193048154128352,Changeup,False
CH,2026-04-04,91.1,2.75,5.9,"Morejon, Adrian",575929,670970,,ball,,,,,12.0,,R,R,L,BOS,SD,B,,,0,1,2026,1.26,0.34,1.810356208302784,2.6193187321806777,,,655316.0,2,8,Bot,,,,,,,-5.062744159092107,-132.51657823262278,-2.784622285461775,15.887469825364642,31.48213756413561,-27.81819874424093,3.229658793,1.62992126,,,,90.5,1411.0,6.2,824782,666023,664034,630105,592518,593428,657656,669369,665487,54.29,,,,,,,,65,2,Changeup,2,2,2,2,2,2,2,2,Standard,Standard,121.0,0.005,0.028,,,,,-0.028,,0,0,0.542,0.542,27,34,27,34,1,3,3.0,1.0,3.0,1.0,2.44,1.26,-1.26,40.3,,,,,,Changeup,False
CH,2026-04-04,92.0,2.56,5.9,"Morejon, Adrian",575929,670970,,called_strike,,,,,6.0,,R,R,L,BOS,SD,S,,,0,0,2026,1.1,0.15,0.4651658105436229,2.714344519370582,,,655316.0,2,8,Bot,,,,,,,-7.650130641693253,-133.6404244542172,-2.277032379763841,14.881508914957076,31.796418293385106,-30.121423051441933,3.229658793,1.62992126,,,,91.4,1249.0,6.3,824782,666023,664034,630105,592518,593428,657656,669369,665487,54.23,,,,,,,,65,1,Changeup,2,2,2,2,2,2,2,2,Standard,Standard,115.0,-0.008,-0.041,,,,,0.041,,0,0,0.55,0.55,27,34,27,34,1,3,3.0,1.0,3.0,1.0,2.58,1.1,-1.1,42.8,,,,,,Changeup,False
SL,2026-04-04,90.5,2.91,5.75,"Morejon, Adrian",655316,670970,force_out,hit_into_play,,,,,3.0,"Andruw Monasterio grounds into a force out, pitcher Adrian Morejon to second baseman Jake Cronenworth. Ceddanne Rafaela scores. Roman Anthony out at 2nd. Andruw Monasterio to 1st.",R,R,L,BOS,SD,X,1.0,ground_ball,2,2,2026,-0.44,0.05,0.3346878247029479,3.078916246908879,678882.0,,701350.0,1,8,Bot,126.12,179.62,,,,,-5.388698997110567,-131.65937551719836,-0.6137962084228548,-3.880624157321076,29.797799428531853,-31.670631799797636,3.148039698,1.588730315,14.0,90.7,-12.0,90.2,2859.0,6.3,824782,666023,664034,630105,592518,593428,657656,669369,665487,54.22,0.165,0.162,0.0,1.0,0.0,0.0,2.0,64,9,Slider,1,2,1,2,2,2,2,2,Strategic,Standard,272.0,0.083,-0.214,64.4,6.1,,0.2,0.214,90.7,-1,-1,0.467,0.467,27,29,27,29,1,0,3.0,4.0,3.0,2.0,2.75,-0.44,0.44,40.8,7.608271829417241,11.369030720039628,25.97198342141988,37.8434861674817,26.68168368293164,Slider,True
SI,2026-04-04,99.3,2.5,5.83,"Morejon, Adrian",655316,670970,,foul,,,,,14.0,,R,R,L,BOS,SD,S,,,2,2,2026,1.46,0.72,1.1800158914483203,1.687804341567979,678882.0,,701350.0,1,8,Bot,,,,,,,-7.066743170303393,-144.23509546519446,-7.319781057601423,22.06457693597915,37.488786745565335,-20.5316092269522,3.148039698,1.588730315,178.0,66.6,37.0,98.9,2386.0,6.4,824782,666023,664034,630105,592518,593428,657656,669369,665487,54.05,,,,,,,,64,8,Sinker,1,2,1,2,2,1,1,2,Strategic,Standard,154.0,0.0,0.0,63.9,7.1,,,0.0,88.0,-1,-1,0.467,0.467,27,29,27,29,1,0,3.0,4.0,3.0,2.0,1.62,1.46,-1.46,41.9,1.1413868058893974,11.4739834244884,37.568858043125225,48.548308286213334,18.449392312141896,Sinker,False
CH,2026-04-04,93.1,2.53,5.86,"Morejon, Adrian",655316,670970,,foul,,,,,9.0,,R,R,L,BOS,SD,S,,,2,2,2026,1.32,0.22,0.5107834855001687,1.6379833493901663,678882.0,,701350.0,1,8,Bot,,,,,,,-8.049339816612694,-135.18918948098167,-5.235357876098692,17.973041477217947,32.51610616297761,-28.400291008417348,3.148039698,1.588730315,,,,92.7,1265.0,6.4,824782,666023,664034,630105,592518,593428,657656,669369,665487,54.09,,,,,,,,64,7,Changeup,1,2,1,2,2,1,1,2,Strategic,Standard,117.0,0.0,0.0,65.3,6.8,,,0.0,,-1,-1,0.467,0.467,27,29,27,29,1,0,3.0,4.0,3.0,2.0,2.44,1.32,-1.32,42.0,7.836289058052558,7.355496309171477,37.08515116423915,39.55919489047899,29.014539775165787,Changeup,False
SI,2026-04-04,99.2,2.31,5.91,"Morejon, Adrian",655316,670970,,foul,,,,,13.0,,R,R,L,BOS,SD,S,,,2,2,2026,1.38,0.67,-0.9196422577125696,2.2033514792383047,678882.0,,701350.0,1,8,Bot,,,,,,,-11.997212761321244,-143.716344285918,-5.941359936026622,22.150252018131365,39.7523955718534,-21.50744193097479,3.148039698,1.588730315,2.0,36.7,-46.0,98.3,2478.0,6.5,824782,666023,664034,630105,592518,593428,657656,669369,665487,54.0,,,,,,,,64,6,Sinker,1,2,1,2,2,1,1,2,Strategic,Standard,151.0,0.0,0.0,60.4,5.7,,,0.0,88.0,-1,-1,0.467,0.467,27,29,27,29,1,0,3.0,4.0,3.0,2.0,1.7,1.38,-1.38,43.8,-6.429274473631828,8.336395955903436,43.18314404823492,21.828983852498176,21.470794054980413,Sinker,False
SI,2026-04-04,99.6,2.38,5.89,"Morejon, Adrian",655316,670970,,ball,,,,,11.0,,R,R,L,BOS,SD,B,,,1,2,2026,1.4,0.6,-0.5242763243302324,3.563399717258659,678882.0,,701350.0,1,8,Bot,,,,,,,-11.229983217140967,-144.42619778699176,-2.1146207555138643,22.45706054985446,39.37974678186607,-23.574099403190484,3.148039698,1.588730315,,,,98.8,2438.0,6.4,824782,666023,664034,630105,592518,593428,657656,669369,665487,54.09,,,,,,,,64,5,Sinker,1,2,1,2,2,1,1,2,Strategic,Standard,151.0,0.028,0.022,,,,,-0.022,,-1,-1,0.439,0.439,27,29,27,29,1,0,3.0,4.0,3.0,2.0,1.75,1.4,-1.4,43.9,,,,,,Sinker,False
CH,2026-04-04,92.0,2.66,5.87,"Morejon, Adrian",655316,670970,,foul,,,,,14.0,,R,R,L,BOS,SD,S,,,1,2,2026,0.93,0.03,1.225278677414395,2.2511855031037005,678882.0,,701350.0,1,8,Bot,,,,,,,-5.6629755921476965,-133.91683284781155,-3.1496714457615997,12.464100577538517,29.824747384170266,-31.38145265904397,3.148039698,1.588730315,187.0,69.2,26.0,92.0,1238.0,6.3,824782,666023,664034,630105,592518,593428,657656,669369,665487,54.17,,,,,,,,64,4,Changeup,1,2,1,2,2,1,1,2,Strategic,Standard,115.0,0.0,0.0,63.5,6.3,,,0.0,88.0,-1,-1,0.439,0.439,27,29,27,29,1,0,3.0,4.0,3.0,2.0,2.67,0.93,-0.93,41.9,-3.2484499765971533,18.169625479375405,33.04835439540269,47.979898778421784,20.134208463053533,Changeup,False
SI,2026-04-04,99.1,2.32,5.92,"Morejon, Adrian",655316,670970,,foul,,,,,6.0,,R,R,L,BOS,SD,S,,,1,1,2026,1.52,0.84,0.2832020600549538,2.275777496313943,678882.0,,701350.0,1,8,Bot,,,,,,,-9.119021737346976,-143.82873452558354,-6.219717348946514,23.27845884483419,37.38010289497392,-19.127713640559563,3.148039698,1.588730315,281.0,88.9,35.0,98.6,2424.0,6.4,824782,666023,664034,630105,592518,593428,657656,669369,665487,54.05,,,,,,,,64,3,Sinker,1,2,1,2,2,1,1,2,Strategic,Standard,149.0,-0.047,-0.074,70.5,6.6,,,0.074,88.9,-1,-1,0.486,0.486,27,29,27,29,1,0,3.0,4.0,3.0,2.0,1.51,1.52,-1.52,45.7,0.1893332146708126,4.017945796411616,36.851588228699306,36.26941052991559,25.7070956640822,Sinker,False
CH,2026-04-04,91.5,2.63,5.89,"Morejon, Adrian",655316,670970,,swinging_strike,,,,,14.0,,R,R,L,BOS,SD,S,,,1,0,2026,1.45,-0.08,1.1546801945755627,1.1381379977446051,678882.0,,701350.0,1,8,Bot,,,,,,,-6.858777288113444,-132.9540739518115,-5.642026547836006,18.653446246776756,30.599699612773264,-31.964044549094776,3.148039698,1.588730315,,,,91.2,1130.0,6.4,824782,666023,664034,630105,592518,593428,657656,669369,665487,54.13,,,,,,,,64,2,Changeup,1,2,1,2,2,1,1,2,Strategic,Standard,116.0,-0.016,-0.061,70.7,7.7,4.25079906,,0.061,,-1,-1,0.502,0.502,27,29,27,29,1,0,3.0,4.0,3.0,2.0,2.82,1.45,-1.45,40.8,9.671326712684497,-4.881215804147555,33.660455976121405,46.92340498197033,35.40331527805106,Changeup,False
SI,2026-04-04,99.4,2.26,5.93,"Morejon, Adrian",655316,670970,,ball,,,,,13.0,,R,R,L,BOS,SD,B,,,0,0,2026,1.6,0.72,-1.601688670448088,1.6745422913242465,678882.0,,701350.0,1,8,Bot,,,,,,,-14.260694443789848,-143.81071712680216,-7.608833042776297,25.715137844412386,37.93312422893374,-20.328421348907085,3.148039698,1.588730315,,,,98.8,2434.0,6.6,824782,666023,664034,630105,592518,593428,657656,669369,665487,53.92,,,,,,,,64,1,Sinker,1,2,1,2,2,1,1,2,Strategic,Standard,147.0,0.007,0.021,,,,,-0.021,,-1,-1,0.495,0.495,27,29,27,29,1,0,3.0,4.0,3.0,2.0,1.64,1.6,-1.6,45.6,,,,,,Sinker,False
SL,2026-04-04,89.1,2.84,5.76,"Morejon, Adrian",596115,670970,strikeout,swinging_strike,,,,,13.0,Trevor Story strikes out swinging.,R,R,L,BOS,SD,S,2.0,,2,2,2026,-0.43,-0.05,-0.8500852142436136,1.44226587371822,678882.0,,701350.0,0,8,Bot,,,,,,,-8.038533571117167,-129.56712603662257,-4.243172619530177,-3.18398976200148,26.176374064350973,-32.106402230836494,3.241945538,1.636122047,,,,89.2,2921.0,6.3,824782,666023,664034,630105,592518,593428,657656,669369,665487,54.18,,0.0,0.0,1.0,0.0,0.0,,63,6,Slider,1,2,1,2,2,1,1,2,Standard,Standard,287.0,-0.114,-0.28,71.7,8.6,2.254988988,,0.28,,-1,-1,0.609,0.609,27,33,27,34,1,3,3.0,1.0,3.0,1.0,2.92,-0.43,0.43,38.1,28.69373381941769,-35.75107090851965,31.70053933130578,28.342540365255996,51.73512349547445,Slider,True
SI,2026-04-04,99.4,2.3,5.92,"Morejon, Adrian",596115,670970,,ball,,,,,11.0,,R,R,L,BOS,SD,B,,,1,2,2026,1.38,0.7,-1.3196493597934815,2.9607141756751743,678882.0,,701350.0,0,8,Bot,,,,,,,-13.083084613649596,-144.18959215347726,-4.15848229327443,22.269513607298695,32.0398376222319,-21.61035303681287,3.241945538,1.636122047,,,,99.7,2331.0,6.5,824782,666023,664034,630105,592518,593428,657656,669369,665487,54.0,,,,,,,,63,5,Sinker,1,2,1,2,2,1,1,2,Standard,Standard,150.0,0.02,0.047,,,,,-0.047,,-1,-1,0.589,0.589,27,33,27,34,1,3,3.0,1.0,3.0,1.0,1.62,1.38,-1.38,47.0,,,,,,Sinker,False
CH,2026-04-04,92.2,2.75,5.91,"Morejon, Adrian",596115,670970,,foul,,,,,14.0,,R,R,L,BOS,SD,S,,,1,2,2026,1.32,-0.35,1.1782609598113416,1.5391321304861356,678882.0,,701350.0,0,8,Bot,,,,,,,-6.8699428037755625,-134.08977415479254,-4.252414170474653,17.45053865758016,29.44033308766637,-35.694883025496495,3.241945538,1.636122047,,,,92.2,1391.0,6.3,824782,666023,664034,630105,592518,593428,657656,669369,665487,54.17,,,,,,,,63,4,Changeup,1,2,1,2,2,1,1,2,Standard,Standard,116.0,0.0,0.0,67.6,7.9,,,0.0,,-1,-1,0.589,0.589,27,33,27,34,1,3,3.0,1.0,3.0,1.0,3.04,1.32,-1.32,46.0,11.95476172414948,-6.780662741414755,28.329965031575966,50.514718754841454,34.877687050748285,Changeup,False
CH,2026-04-04,92.0,2.55,5.9,"Morejon, Adrian",596115,670970,,blocked_ball,,,,,14.0,,R,R,L,BOS,SD,B,,,0,2,2026,1.05,-0.13,0.8977365696596846,0.5885374282010405,678882.0,,701350.0,0,8,Bot,,,,,,,-6.446801696261579,-133.79815322330316,-7.065123304799988,13.935545047311384,27.96717693578754,-32.47460897954886,3.241945538,1.636122047,,,,92.2,1062.0,6.4,824782,666023,664034,630105,592518,593428,657656,669369,665487,54.15,,,,,,,,63,3,Changeup,1,2,1,2,2,1,1,2,Standard,Standard,111.0,0.014,0.015,,,,,-0.015,,-1,-1,0.575,0.575,27,33,27,34,1,3,3.0,1.0,3.0,1.0,2.82,1.05,-1.05,42.9,,,,,,Changeup,False
SI,2026-04-04,99.6,2.43,5.9,"Morejon, Adrian",596115,670970,,foul,,,,,6.0,,R,R,L,BOS,SD,S,,,0,1,2026,1.31,0.89,0.3662036483166768,2.6197309928702097,678882.0,,701350.0,0,8,Bot,,,,,,,-8.711626030406606,-144.64131273962045,-5.427210308846534,20.513997610912543,38.53477964918636,-18.531939218099534,3.241945538,1.636122047,216.0,77.9,23.0,98.8,2462.0,6.3,824782,666023,664034,630105,592518,593428,657656,669369,665487,54.2,,,,,,,,63,2,Sinker,1,2,1,2,2,1,1,2,Standard,Standard,157.0,-0.034,-0.057,68.5,7.1,,,0.057,88.0,-1,-1,0.609,0.609,27,33,27,34,1,3,3.0,1.0,3.0,1.0,1.44,1.31,-1.31,43.2,3.140680753854766,-1.5986017779197377,27.895615162911405,41.705312308961325,28.012045149904814,Sinker,False
SI,2026-04-04,99.3,2.35,5.95,"Morejon, Adrian",596115,670970,,swinging_strike,,,,,2.0,,R,R,L,BOS,SD,S,,,0,0,2026,1.27,0.74,0.1531928796521682,3.1857787607862154,678882.0,,701350.0,0,8,Bot,,,,,,,-8.964825092318428,-144.23948222643335,-3.6115121037621094,19.939790114167543,38.84588825976156,-21.237861248247217,3.241945538,1.636122047,,,,98.7,2396.0,6.4,824782,666023,664034,630105,592518,593428,657656,669369,665487,54.08,,,,,,,,63,1,Sinker,1,2,1,2,2,1,1,2,Standard,Standard,144.0,-0.02,-0.041,71.5,6.6,0.682292208,,0.041,,-1,-1,0.629,0.629,27,33,27,34,1,3,3.0,1.0,3.0,1.0,1.61,1.27,-1.27,42.5,3.729006348055111,10.215452962986172,21.848588707528837,38.57702041249189,26.501983597152247,Sinker,False
SL,2026-04-04,88.0,2.8,5.8,"Morejon, Adrian",701350,670970,single,hit_into_play,,,,,8.0,Roman Anthony singles on a ground ball to right fielder Fernando Tatis Jr. Ceddanne Rafaela to 3rd.,R,L,L,BOS,SD,X,9.0,ground_ball,1,2,2026,-0.38,0.05,0.026148822884192,2.11038214005092,,,678882.0,0,8,Bot,185.39,109.21,,,,,-5.855785448026241,-128.07182897903922,-2.744269274910872,-3.002515503735334,26.281075002188388,-31.231816296871894,3.326197507,1.678641732,75.0,103.9,4.0,88.3,2944.0,6.4,824782,666023,664034,630105,592518,593428,657656,669369,665487,54.07,0.563,0.519,0.9,1.0,1.0,0.0,4.0,62,4,Slider,1,2,1,2,2,1,1,2,Infield shade,Standard,281.0,0.25,0.537,74.7,7.6,,0.625,-0.537,103.9,-1,-1,0.379,0.379,27,22,27,22,1,3,3.0,1.0,3.0,1.0,2.89,-0.38,-0.38,39.5,12.55278430452836,-7.336064646448669,34.482899211513725,32.421981552586566,44.20249982324107,Slider,True
SL,2026-04-04,88.3,2.83,5.77,"Morejon, Adrian",701350,670970,,called_strike,,,,,5.0,,R,L,L,BOS,SD,S,,,1,1,2026,-0.37,0.09,-0.1367297280667767,2.567211406581421,,,678882.0,0,8,Bot,,,,,,,-6.329396521926743,-128.4671679001694,-1.693980458609623,-2.8102481796404746,26.44139493030769,-31.065733939042556,3.326197507,1.678641732,,,,88.3,2946.0,6.3,824782,666023,664034,630105,592518,593428,657656,669369,665487,54.25,,,,,,,,62,3,Slider,1,2,1,2,2,1,1,2,Infield shade,Standard,280.0,-0.022,-0.054,,,,,0.054,,-1,-1,0.401,0.401,27,22,27,22,1,3,3.0,1.0,3.0,1.0,2.84,-0.37,-0.37,38.4,,,,,,Slider,False
SI,2026-04-04,98.6,2.31,5.99,"Morejon, Adrian",701350,670970,,ball,,,,,12.0,,R,L,L,BOS,SD,B,,,0,1,2026,1.48,0.94,0.4121727507899366,3.8299476891141615,,,678882.0,0,8,Bot,,,,,,,-8.569262369894894,-143.20567318602167,-2.370296590401945,22.401722616597493,38.05714491796219,-18.986104472386614,3.326197507,1.678641732,,,,97.7,2485.0,6.3,824782,666023,664034,630105,592518,593428,657656,669369,665487,54.25,,,,,,,,62,2,Sinker,1,2,1,2,2,1,1,2,Infield shade,Standard,151.0,0.008,0.026,,,,,-0.026,,-1,-1,0.393,0.393,27,22,27,22,1,3,3.0,1.0,3.0,1.0,1.44,1.48,1.48,43.1,,,,,,Sinker,False
SI,2026-04-04,99.7,2.48,5.92,"Morejon, Adrian",701350,670970,,called_strike,,,,,4.0,,R,L,L,BOS,SD,S,,,0,0,2026,1.41,0.82,-0.4967130348830764,2.219611042458428,,,678882.0,0,8,Bot,,,,,,,-11.428833369437418,-144.5248958780709,-6.443640539970366,22.42923020370675,35.52918312047548,-19.28795262059977,3.326197507,1.678641732,,,,99.4,2436.0,6.4,824782,666023,664034,630105,592518,593428,657656,669369,665487,54.07,,,,,,,,62,1,Sinker,1,2,1,2,2,1,1,2,Infield shade,Standard,148.0,-0.013,-0.04,,,,,0.04,,-1,-1,0.406,0.406,27,22,27,22,1,3,3.0,1.0,3.0,1.0,1.5,1.41,1.41,41.8,,,,,,Sinker,False
CH,2026-04-04,92.1,2.74,5.94,"Morejon, Adrian",678882,670970,single,hit_into_play,,,,,14.0,Ceddanne Rafaela singles on a ground ball to shortstop Xander Bogaerts.,R,R,L,BOS,SD,X,6.0,ground_ball,1,2,2026,1.13,0.23,0.8623909443399542,1.3302984070728687,,,,0,8,Bot,117.0,158.86,,,,,-7.182839173465561,-133.8121362512715,-6.0980520254406265,15.086100786030888,29.526899866144287,-28.260670511934087,3.110301837,1.569685039,2.0,69.1,-31.0,91.9,1071.0,6.3,824782,666023,664034,630105,592518,593428,657656,669369,665487,54.18,0.061,0.055,0.9,1.0,1.0,0.0,2.0,61,4,Changeup,1,2,1,2,2,1,1,2,Standard,Standard,117.0,0.117,0.517,62.9,7.4,,0.067,-0.517,88.0,-1,-1,0.289,0.289,27,25,27,26,1,2,3.0,1.0,3.0,2.0,2.47,1.13,-1.13,45.4,0.844700900552943,9.50663880776364,35.120017778030885,44.62844216936254,26.31049381699774,Changeup,True
CH,2026-04-04,92.3,2.58,5.87,"Morejon, Adrian",678882,670970,,ball,,,,,14.0,,R,R,L,BOS,SD,B,,,0,2,2026,1.29,0.03,0.5509124584452427,-0.7119724427645031,,,,0,8,Bot,,,,,,,-7.942132051764891,-133.81956612866878,-10.5525202683981,17.302723585176906,31.916476439510383,-29.46793879453651,3.110301837,1.569685039,,,,91.7,888.0,6.4,824782,666023,664034,630105,592518,593428,657656,669369,665487,54.11,,,,,,,,61,3,Changeup,1,2,1,2,2,1,1,2,Standard,Standard,117.0,0.006,0.022,,,,,-0.022,,-1,-1,0.283,0.283,27,25,27,26,1,2,3.0,1.0,3.0,2.0,2.69,1.29,-1.29,42.9,,,,,,Changeup,False
CH,2026-04-04,91.5,2.74,5.94,"Morejon, Adrian",678882,670970,,swinging_strike,,,,,14.0,,R,R,L,BOS,SD,S,,,0,1,2026,1.44,-0.05,1.3789588283257428,1.8593523354388135,,,,0,8,Bot,,,,,,,-6.556227363357827,-132.97984304489248,-3.9487274633438263,18.542476163353477,33.03894991282079,-32.00444844653855,3.110301837,1.569685039,,,,90.7,912.0,6.2,824782,666023,664034,630105,592518,593428,657656,669369,665487,54.26,,,,,,,,61,2,Changeup,1,2,1,2,2,1,1,2,Standard,Standard,116.0,-0.016,-0.054,64.4,7.7,0.444475272,,0.054,,-1,-1,0.299,0.299,27,25,27,26,1,2,3.0,1.0,3.0,2.0,2.82,1.44,-1.44,40.6,9.280031845878227,6.715368467231448,30.13857584491275,52.200142634675814,27.54300378685405,Changeup,False
SL,2026-04-04,86.9,3.1,5.9,"Morejon, Adrian",678882,670970,,called_strike,,,,,3.0,,R,R,L,BOS,SD,S,,,0,0,2026,-0.51,-0.18,0.5840765942863352,3.0912154072424847,,,,0,8,Bot,,,,,,,-4.850187992526301,-126.29941214365816,0.1762643147595182,-4.203838125294549,31.173322722978465,-34.37605452007088,3.110301837,1.569685039,,,,85.7,2848.0,6.1,824782,666023,664034,630105,592518,593428,657656,669369,665487,54.4,,,,,,,,61,1,Slider,1,2,1,2,2,1,1,2,Standard,Standard,285.0,-0.009,-0.041,,,,,0.041,,-1,-1,0.308,0.308,27,25,27,26,1,2,3.0,1.0,3.0,2.0,3.26,-0.51,0.51,39.3,,,,,,Slider,False
SI,2026-04-01,97.1,2.41,5.92,"Morejon, Adrian",646240,670970,walk,ball,,,,,11.0,Rafael Devers walks.,R,L,L,SD,SF,B,,,3,1,2026,1.48,0.68,-0.104491909626732,4.231768825660416,,,,2,8,Top,,,,,,,-10.07469819145564,-140.94908183383475,-0.3217130082924349,22.14555756606058,35.37742896391227,-23.35517952155141,3.217372047,1.623720472,,,,96.5,2536.0,6.3,823321,666023,657757,630105,592518,593428,669369,701538,665487,54.17,,0.698418,0.7,1.0,0.0,0.0,,59,5,Sinker,3,1,1,3,1,3,1,3,Infield shade,Standard,152.0,-0.013,0.192,,,,,-0.192,,2,-2,0.916,0.084,27,29,27,30,1,3,5.0,1.0,3.0,1.0,1.77,1.48,1.48,48.2,,,,,,Sinker,True
SI,2026-04-01,97.8,2.73,5.88,"Morejon, Adrian",646240,670970,,ball,,,,,12.0,,R,L,L,SD,SF,B,,,2,1,2026,1.6,0.64,1.5798405800243525,3.69871474026606,,,,2,8,Top,,,,,,,-6.815084799780959,-142.28710076929002,-1.6561215285810849,23.34343730811152,35.42617742060049,-23.352812962082115,3.217372047,1.623720472,,,,97.3,2486.0,6.2,823321,666023,657757,630105,592518,593428,669369,701538,665487,54.27,,,,,,,,59,4,Sinker,3,1,1,3,1,3,1,3,Infield shade,Standard,150.0,-0.007,0.101,,,,,-0.101,,2,-2,0.923,0.077,27,29,27,30,1,3,5.0,1.0,3.0,1.0,1.76,1.6,1.6,42.2,,,,,,Sinker,False
SI,2026-04-01,97.6,2.38,5.94,"Morejon, Adrian",646240,670970,,ball,,,,,12.0,,R,L,L,SD,SF,B,,,1,1,2026,1.52,0.59,0.0821627277538479,3.9040485912317497,,,,2,8,Top,,,,,,,-9.635814975140786,-141.81385721846803,-1.14421805416539,22.788790608671594,34.973705148804505,-24.140057791757716,3.217372047,1.623720472,,,,97.1,2477.0,6.2,823321,666023,657757,630105,592518,593428,669369,701538,665487,54.26,,,,,,,,59,3,Sinker,3,1,1,3,1,3,1,3,Infield shade,Standard,153.0,-0.003,0.055,,,,,-0.055,,2,-2,0.926,0.074,27,29,27,30,1,3,5.0,1.0,3.0,1.0,1.82,1.52,1.52,47.7,,,,,,Sinker,False
SI,2026-04-01,98.5,2.51,5.83,"Morejon, Adrian",646240,670970,,foul,,,,,12.0,,R,L,L,SD,SF,S,,,1,0,2026,1.4,0.7,1.4582152334714324,2.9509872244956075,,,,2,8,Top,,,,,,,-6.125758762299882,-143.23511161165348,-3.7529640998120617,20.652372042264407,37.93630811763235,-21.831598202341223,3.217372047,1.623720472,135.0,65.1,68.0,97.8,2412.0,6.3,823321,666023,657757,630105,592518,593428,669369,701538,665487,54.23,,,,,,,,59,2,Sinker,3,1,1,3,1,3,1,3,Infield shade,Standard,138.0,0.003,-0.056,69.0,7.9,,,0.056,88.0,2,-2,0.923,0.077,27,29,27,30,1,3,5.0,1.0,3.0,1.0,1.68,1.4,1.4,44.1,17.997019706360664,-11.837856622275046,34.08739575510751,18.323934007313767,30.541737236765247,Sinker,False
SI,2026-04-01,99.1,2.52,5.97,"Morejon, Adrian",646240,670970,,ball,,,,,12.0,,R,L,L,SD,SF,B,,,0,0,2026,1.32,0.7,1.009927158093558,3.468457552191964,,,,2,8,Top,,,,,,,-7.183084052792346,-144.08511484496728,-2.793615491871093,20.054878112411185,38.22697650643357,-22.01028166584226,3.217372047,1.623720472,,,,98.3,2477.0,6.2,823321,666023,657757,630105,592518,593428,669369,701538,665487,54.28,,,,,,,,59,1,Sinker,3,1,1,3,1,3,1,3,Infield shade,Standard,150.0,-0.002,0.041,,,,,-0.041,,2,-2,0.925,0.075,27,29,27,30,1,3,5.0,1.0,3.0,1.0,1.65,1.32,1.32,46.7,,,,,,Sinker,False
SI,2026-04-01,98.4,2.41,5.92,"Morejon, Adrian",642715,670970,field_out,hit_into_play,,,,,1.0,Willy Adames flies out to center fielder Jackson Merrill.,R,R,L,SD,SF,X,8.0,fly_ball,1,1,2026,1.41,0.72,-0.4989929905767345,2.951553154232858,,,,1,8,Top,106.48,74.18,,,,,-11.087700299864256,-142.78976519083966,-3.996772155021491,21.894393247029427,36.02588078602196,-21.59991590483991,3.22351542,1.626820866,314.0,85.8,31.0,97.8,2510.0,6.3,823321,666023,657757,630105,592518,593428,669369,701538,665487,54.19,0.031,0.044,0.0,1.0,0.0,0.0,3.0,58,3,Sinker,3,1,1,3,1,3,1,3,Standard,Standard,149.0,0.024,-0.252,69.6,7.4,,0.073,0.252,88.0,2,-2,0.901,0.099,27,30,27,31,1,3,5.0,1.0,3.0,1.0,1.67,1.41,-1.41,45.4,7.51208911177684,2.7348828598951616,35.80878809425565,32.25828486733278,26.71329997889891,Sinker,True
SI,2026-04-01,98.6,2.36,5.96,"Morejon, Adrian",642715,670970,,called_strike,,,,,1.0,,R,R,L,SD,SF,S,,,1,0,2026,1.44,0.8,-0.3638923928921869,2.784513770637917,,,,1,8,Top,,,,,,,-10.68379139048573,-143.08688063013125,-4.7789558453599135,22.301709407141047,36.61356887798007,-20.19911631060038,3.22351542,1.626820866,,,,97.9,2508.0,6.3,823321,666023,657757,630105,592518,593428,669369,701538,665487,54.19,,,,,,,,58,2,Sinker,3,1,1,3,1,3,1,3,Standard,Standard,149.0,0.006,-0.05,,,,,0.05,,2,-2,0.895,0.105,27,30,27,31,1,3,5.0,1.0,3.0,1.0,1.58,1.44,-1.44,47.8,,,,,,Sinker,False
SL,2026-04-01,88.0,2.88,5.9,"Morejon, Adrian",642715,670970,,ball,,,,,12.0,,R,R,L,SD,SF,B,,,0,0,2026,-0.45,-0.19,1.238721054212451,3.344386074043211,,,,1,8,Top,,,,,,,-2.965781854552963,-128.058970001661,0.5427802529888481,-4.27689286622202,28.31295163919675,-34.614294671906414,3.22351542,1.626820866,,,,87.4,2861.0,6.1,823321,666023,657757,630105,592518,593428,669369,701538,665487,54.43,,,,,,,,58,1,Slider,3,1,1,3,1,3,1,3,Standard,Standard,280.0,-0.005,0.041,,,,,-0.041,,2,-2,0.9,0.1,27,30,27,31,1,3,5.0,1.0,3.0,1.0,3.15,-0.45,0.45,41.0,,,,,,Slider,False
SI,2026-04-01,98.5,2.51,5.96,"Morejon, Adrian",669477,670970,field_out,hit_into_play,,,,,3.0,Casey Schmitt flies out to right fielder Fernando Tatis Jr.,R,R,L,SD,SF,X,9.0,fly_ball,2,2,2026,1.32,0.72,0.7405655526673525,2.9139060745692977,,,,0,8,Top,202.39,92.57,,,,,-7.84955668774437,-143.1023008863927,-4.208431768304045,20.014813425999368,37.83765823656515,-21.53948832314444,3.196309055,1.613090551,323.0,94.5,29.0,97.8,2393.0,6.3,823321,666023,657757,630105,592518,593428,669369,701538,665487,54.18,0.137,0.201,0.0,1.0,0.0,0.0,3.0,57,5,Sinker,3,1,1,3,1,3,1,3,Standard,Standard,152.0,0.032,-0.232,70.3,6.5,,0.355,0.232,94.5,2,-2,0.868,0.132,27,27,27,27,1,2,5.0,1.0,3.0,1.0,1.67,1.32,-1.32,44.1,1.7439066615704544,18.45901064537725,29.757154789904316,38.23802154275717,22.481222831564992,Sinker,True
CH,2026-04-01,91.0,2.7,5.97,"Morejon, Adrian",669477,670970,,foul,,,,,9.0,,R,R,L,SD,SF,S,,,2,1,2026,1.07,0.38,0.3814042209343311,1.9194817831588251,,,,0,8,Top,,,,,,,-8.053123661025413,-132.15869134644376,-4.7870549569709295,14.243090249617133,29.39234395959654,-26.851872059175413,3.196309055,1.613090551,3.0,74.0,-30.0,90.6,1581.0,6.3,823321,666023,657757,630105,592518,593428,669369,701538,665487,54.24,,,,,,,,57,4,Changeup,3,1,1,3,1,3,1,3,Standard,Standard,122.0,0.013,-0.078,75.7,8.5,,,0.078,88.0,2,-2,0.855,0.145,27,27,27,27,1,2,5.0,1.0,3.0,1.0,2.39,1.07,-1.07,44.5,31.04858287662163,-20.493340737844782,31.462366456598975,34.9519293828623,43.25667002246075,Changeup,False
CH,2026-04-01,90.9,2.75,6.0,"Morejon, Adrian",669477,670970,,swinging_strike,,,,,14.0,,R,R,L,SD,SF,S,,,2,0,2026,1.14,0.05,0.8336907148566952,1.7440968272229953,,,,0,8,Top,,,,,,,-7.205902720937336,-132.13632948291408,-4.565801423255429,14.95417180024599,29.585174712990774,-30.777621349959126,3.196309055,1.613090551,,,,90.5,1334.0,6.2,823321,666023,657757,630105,592518,593428,669369,701538,665487,54.29,,,,,,,,57,3,Changeup,3,1,1,3,1,3,1,3,Standard,Standard,131.0,0.014,-0.073,75.9,8.5,5.204968116,,0.073,,2,-2,0.841,0.159,27,27,27,27,1,2,5.0,1.0,3.0,1.0,2.73,1.14,-1.14,45.0,21.767797033751116,-22.916280774395048,27.847201426737776,40.5195963860334,46.885791600058106,Changeup,False
SL,2026-04-01,88.3,2.92,5.8,"Morejon, Adrian",669477,670970,,ball,,,,,13.0,,R,R,L,SD,SF,B,,,1,0,2026,-0.61,-0.32,-0.2199869200711169,1.2941759464314568,,,,0,8,Top,,,,,,,-6.233588445259033,-128.52521506330646,-4.003445613516405,-5.678080319605215,24.38956793381609,-35.182656888286296,3.196309055,1.613090551,,,,88.7,2937.0,6.3,823321,666023,657757,630105,592518,593428,669369,701538,665487,54.2,,,,,,,,57,2,Slider,3,1,1,3,1,3,1,3,Standard,Standard,309.0,-0.014,0.082,,,,,-0.082,,2,-2,0.855,0.145,27,27,27,27,1,2,5.0,1.0,3.0,1.0,3.22,-0.61,0.61,41.0,,,,,,Slider,False
SL,2026-04-01,86.5,3.08,5.92,"Morejon, Adrian",669477,670970,,ball,,,,,14.0,,R,R,L,SD,SF,B,,,0,0,2026,-0.7,-0.42,1.1176544210278363,1.8612102077568795,,,,0,8,Top,,,,,,,-3.1484876465520895,-125.95608400235528,-2.385407175525306,-6.817487604828048,24.984397653747468,-36.405098883443614,3.196309055,1.613090551,,,,86.3,2963.0,6.1,823321,666023,657757,630105,592518,593428,669369,701538,665487,54.45,,,,,,,,57,1,Slider,3,1,1,3,1,3,1,3,Standard,Standard,290.0,-0.007,0.042,,,,,-0.042,,2,-2,0.862,0.138,27,27,27,27,1,2,5.0,1.0,3.0,1.0,3.46,-0.7,0.7,40.0,,,,,,Slider,False
CH,2026-04-01,92.2,2.48,5.97,"Morejon, Adrian",666464,670970,field_out,hit_into_play,,,,,6.0,"Jerar Encarnacion grounds out, second baseman Jake Cronenworth to first baseman Gavin Sheets.",R,R,L,SD,SF,X,4.0,ground_ball,3,1,2026,1.41,0.04,0.4252263141826795,2.588798456420394,,,664056.0,2,7,Top,150.74,157.16,,,,,-8.241948625859013,-133.8690135795732,-2.4693398968653364,18.796411213151625,35.29783147884623,-31.29235361986092,3.400795604,1.71628937,7.0,74.9,-21.0,91.1,1555.0,6.2,823321,666023,657757,630105,592518,593428,669369,701538,665487,54.26,0.043,0.039,0.0,1.0,0.0,0.0,2.0,53,5,Changeup,3,1,1,3,1,3,1,3,Standard,Standard,122.0,0.047,-0.415,85.2,7.5,,0.043,0.415,88.0,2,-2,0.84,0.16,27,28,27,29,1,0,5.0,,3.0,2.0,2.7,1.41,-1.41,46.1,7.170672370765221,6.338658086840377,32.56097935277875,43.93490310225634,29.84887801127399,Changeup,True
CH,2026-04-01,91.7,2.6,5.94,"Morejon, Adrian",666464,670970,,ball,,,,,12.0,,R,R,L,SD,SF,B,,,2,1,2026,1.09,-0.32,1.296275885553601,2.83608861208328,,,664056.0,2,7,Top,,,,,,,-5.640411330657872,-133.21774649496342,-0.8938224473137384,14.280188735495903,36.07751910949661,-35.95549253607821,3.400795604,1.71628937,,,,90.5,1233.0,6.3,823321,666023,657757,630105,592518,593428,669369,701538,665487,54.24,,,,,,,,53,4,Changeup,3,1,1,3,1,3,1,3,Standard,Strategic,114.0,-0.011,0.098,,,,,-0.098,,2,-2,0.851,0.149,27,28,27,29,1,0,5.0,,3.0,2.0,3.1,1.09,-1.09,41.5,,,,,,Changeup,False
SL,2026-04-01,89.1,2.79,5.83,"Morejon, Adrian",666464,670970,,called_strike,,,,,6.0,,R,R,L,SD,SF,S,,,2,0,2026,-0.56,-0.05,0.628235855137093,2.58476322402785,,,664056.0,2,7,Top,,,,,,,-4.046933509519665,-129.65000107811957,-1.5634184694176874,-5.325610661415149,29.280914325498205,-32.661542311072594,3.400795604,1.71628937,,,,88.7,2926.0,6.2,823321,666023,657757,630105,592518,593428,669369,701538,665487,54.28,,,,,,,,53,3,Slider,3,1,1,3,1,3,1,3,Standard,Strategic,277.0,0.007,-0.052,,,,,0.052,,2,-2,0.844,0.156,27,28,27,29,1,0,5.0,,3.0,2.0,2.94,-0.56,0.56,39.8,,,,,,Slider,False
SI,2026-04-01,97.4,2.6,5.97,"Morejon, Adrian",666464,670970,,ball,,,,,12.0,,R,R,L,SD,SF,B,,,1,0,2026,1.37,0.9,1.8740602449260273,3.61273710830715,,,664056.0,2,7,Top,,,,,,,-5.135693549127061,-141.30683300563868,-2.446332915794865,19.472298947073103,46.81115510563486,-20.06019193254033,3.400795604,1.71628937,,,,95.0,2482.0,6.2,823321,666023,657757,630105,592518,593428,669369,701538,665487,54.34,,,,,,,,53,2,Sinker,3,1,1,3,1,3,1,3,Standard,Standard,149.0,-0.007,0.056,,,,,-0.056,,2,-2,0.851,0.149,27,28,27,29,1,0,5.0,,3.0,2.0,1.61,1.37,-1.37,45.6,,,,,,Sinker,False
SI,2026-04-01,99.1,2.28,5.97,"Morejon, Adrian",666464,670970,,ball,,,,,11.0,,R,R,L,SD,SF,B,,,0,0,2026,1.31,0.85,-0.6362251361206748,4.48791593108223,,,664056.0,2,7,Top,,,,,,,-10.9615301292153,-143.6169698781211,-0.2828374554672068,21.082356720917954,43.33736149828662,-20.895040065305615,3.400795604,1.71628937,,,,97.5,2501.0,6.3,823321,666023,657757,630105,592518,593428,669369,701538,665487,54.21,,,,,,,,53,1,Sinker,3,1,1,3,1,3,1,3,Standard,Standard,151.0,-0.003,0.038,,,,,-0.038,,2,-2,0.854,0.146,27,28,27,29,1,0,5.0,,3.0,2.0,1.55,1.31,-1.31,43.8,,,,,,Sinker,False
SI,2026-04-01,98.4,2.36,5.99,"Morejon, Adrian",664056,670970,single,hit_into_play,,,,,3.0,Harrison Bader singles on a line drive to left fielder Bryce Johnson. Luis Arraez scores.,R,R,L,SD,SF,X,7.0,line_drive,0,1,2026,1.32,0.77,0.6850443800777652,3.1450878707520107,650333.0,,,2,7,Top,75.8,108.23,,,,,-7.585782678970513,-142.81930743970022,-3.700123036858301,19.924180604766345,42.02863963164313,-20.99709524759121,3.161204068,1.595374016,207.0,92.2,15.0,96.9,2510.0,6.2,823321,666023,657757,630105,592518,593428,669369,701538,665487,54.29,0.94,0.886,0.9,1.0,1.0,0.0,4.0,52,2,Sinker,3,0,0,3,1,3,1,3,Standard,Standard,154.0,-0.062,0.738,72.5,7.3,,1.113,-0.738,92.2,3,-3,0.916,0.084,27,32,27,32,1,2,5.0,1.0,3.0,1.0,1.65,1.32,-1.32,43.1,18.76013553314244,-5.406656885010211,14.74520461862722,44.55542369978773,33.95409061998105,Sinker,True
SL,2026-04-01,89.3,2.89,5.77,"Morejon, Adrian",664056,670970,,called_strike,,,,,6.0,,R,R,L,SD,SF,S,,,0,0,2026,-0.46,0.04,0.7878695476960529,2.529891542107552,650333.0,,,2,7,Top,,,,,,,-4.129265019620123,-129.9330925423633,-1.8078765480274344,-4.242359074089214,29.11390078195613,-31.51062250229168,3.161204068,1.595374016,,,,89.1,2915.0,6.3,823321,666023,657757,630105,592518,593428,669369,701538,665487,54.2,,,,,,,,52,1,Slider,3,0,0,3,0,3,0,3,Standard,Standard,273.0,0.004,-0.034,,,,,0.034,,3,-3,0.912,0.088,27,32,27,32,1,2,5.0,1.0,3.0,1.0,2.83,-0.46,0.46,38.5,,,,,,Slider,False
SI,2026-04-01,98.3,2.54,5.93,"Morejon, Adrian",808982,670970,field_out,hit_into_play,,,,,3.0,"Jung Hoo Lee grounds out, shortstop Xander Bogaerts to first baseman Gavin Sheets. Luis Arraez to 3rd.",R,L,L,SD,SF,X,6.0,ground_ball,0,1,2026,1.06,0.87,0.6384990669068529,3.265618568425861,,650333.0,,1,7,Top,121.95,141.41,,,,,-7.584084313553653,-142.9265810066843,-3.558512323507307,16.36505873204372,36.165289526920795,-19.71269887277735,3.22351542,1.626820866,102.0,90.9,6.0,97.9,2492.0,6.4,823321,666023,657757,630105,592518,593428,669369,701538,665487,54.15,0.466,0.432,0.0,1.0,0.0,0.0,4.0,51,2,Sinker,3,0,0,3,0,3,0,3,Standard,Standard,149.0,0.028,-0.205,59.5,6.4,,0.511,0.205,90.9,3,-3,0.884,0.116,27,27,27,28,1,2,5.0,1.0,3.0,1.0,1.52,1.06,1.06,43.0,19.841655673382245,6.0503316570482895,36.59052988710032,23.341080478026868,23.57074781012738,Sinker,True
SL,2026-04-01,87.5,2.71,5.77,"Morejon, Adrian",808982,670970,,called_strike,,,,,6.0,,R,L,L,SD,SF,S,,,0,0,2026,-0.56,-0.17,0.2915353408786472,2.389535545191714,,650333.0,,1,7,Top,,,,,,,-4.591336259516313,-127.39990594999593,-1.448754565880967,-5.069994884194285,26.874266690952,-33.894284648387924,3.22351542,1.626820866,,,,87.4,2837.0,6.2,823321,666023,657757,630105,592518,593428,669369,701538,665487,54.27,,,,,,,,51,1,Slider,3,0,0,3,0,3,0,3,Standard,Standard,287.0,0.006,-0.045,,,,,0.045,,3,-3,0.878,0.122,27,27,27,28,1,2,5.0,1.0,3.0,1.0,3.15,-0.56,-0.56,38.1,,,,,,Slider,False
CH,2026-04-01,91.8,2.65,5.99,"Morejon, Adrian",656305,670970,strikeout,swinging_strike,,,,,13.0,Matt Chapman strikes out swinging.,R,R,L,SD,SF,S,2.0,,2,2,2026,1.04,-0.07,-0.4938493150929373,0.9390097784153192,,650333.0,,0,7,Top,,,,,,,-10.118994025822005,-133.15330453432492,-6.450998682380926,14.52661547759523,29.098822425046365,-31.73297792763763,3.250721785,1.640551181,,,,91.6,1128.0,6.4,823321,666023,657757,630105,592518,593428,669369,701538,665487,54.11,,0.0,0.0,1.0,0.0,0.0,,50,5,Changeup,3,0,0,3,0,3,0,3,Standard,Standard,117.0,0.039,-0.282,74.1,7.9,1.061871012,,0.282,,3,-3,0.839,0.161,27,33,27,33,1,2,5.0,1.0,3.0,1.0,2.8,1.04,-1.04,44.0,13.093839898740525,-19.23926100661893,42.37443229442292,32.18318923085299,36.797379771784215,Changeup,True
SI,2026-04-01,98.8,2.38,5.96,"Morejon, Adrian",656305,670970,,called_strike,,,,,1.0,,R,R,L,SD,SF,S,,,2,1,2026,1.17,0.98,-0.6829872398827257,3.2044435806252523,,650333.0,,0,7,Top,,,,,,,-10.976560418763182,-143.37456838110225,-4.115711747554367,18.797832235493853,35.35177505277847,-17.922314051804914,3.250721785,1.640551181,,,,98.3,2495.0,6.3,823321,666023,657757,630105,592518,593428,669369,701538,665487,54.2,,,,,,,,50,4,Sinker,3,0,0,3,0,3,0,3,Standard,Standard,152.0,0.013,-0.066,,,,,0.066,,3,-3,0.826,0.174,27,33,27,33,1,2,5.0,1.0,3.0,1.0,1.38,1.17,-1.17,44.5,,,,,,Sinker,False
SI,2026-04-01,98.9,2.67,5.9,"Morejon, Adrian",656305,670970,,called_strike,,,,,4.0,,R,R,L,SD,SF,S,,,2,0,2026,1.17,0.82,-0.5750008249288141,2.42785718107244,,650333.0,,0,7,Top,,,,,,,-11.490771657019284,-143.3514196918891,-5.65488483796611,18.922516766292468,37.59059293863532,-19.649656944947733,3.250721785,1.640551181,,,,98.3,2473.0,6.5,823321,666023,657757,630105,592518,593428,669369,701538,665487,54.04,,,,,,,,50,3,Sinker,3,0,0,3,0,3,0,3,Standard,Standard,147.0,0.011,-0.067,,,,,0.067,,3,-3,0.815,0.185,27,33,27,33,1,2,5.0,1.0,3.0,1.0,1.55,1.17,-1.17,48.1,,,,,,Sinker,False
SI,2026-04-01,97.4,2.51,6.0,"Morejon, Adrian",656305,670970,,ball,,,,,11.0,,R,R,L,SD,SF,B,,,1,0,2026,1.03,0.89,-0.8981269868512503,2.9996827922856637,,650333.0,,0,7,Top,,,,,,,-11.428821760272507,-141.41353016954872,-4.398568582561152,16.484220653836413,32.074224531350126,-19.32731845500529,3.250721785,1.640551181,,,,97.4,2388.0,6.4,823321,666023,657757,630105,592518,593428,669369,701538,665487,54.11,,,,,,,,50,2,Sinker,3,0,0,3,0,3,0,3,Standard,Standard,152.0,-0.011,0.049,,,,,-0.049,,3,-3,0.826,0.174,27,33,27,33,1,2,5.0,1.0,3.0,1.0,1.52,1.03,-1.03,50.6,,,,,,Sinker,False
SI,2026-04-01,98.7,2.31,6.01,"Morejon, Adrian",656305,670970,,ball,,,,,11.0,,R,R,L,SD,SF,B,,,0,0,2026,0.92,0.89,-1.2657042378262329,3.507256556903126,,650333.0,,0,7,Top,,,,,,,-11.774407628433217,-143.19299361392416,-3.271785221635861,15.426028638776996,33.12243316883555,-19.312362906624067,3.250721785,1.640551181,,,,98.6,2091.0,6.4,823321,666023,657757,630105,592518,593428,669369,701538,665487,54.11,,,,,,,,50,1,Sinker,3,0,0,3,0,3,0,3,Standard,Standard,145.0,-0.006,0.033,,,,,-0.033,,3,-3,0.832,0.168,27,33,27,33,1,2,5.0,1.0,3.0,1.0,1.46,0.92,-0.92,45.7,,,,,,Sinker,False
SI,2026-04-01,98.7,2.65,6.0,"Morejon, Adrian",650333,670970,double,hit_into_play,,,,,14.0,Luis Arraez doubles (1) on a ground ball to right fielder Fernando Tatis Jr.,R,L,L,SD,SF,X,9.0,ground_ball,2,2,2026,1.17,0.64,1.233310892713536,2.229768796320639,,,,0,7,Top,210.05,117.11,,,,,-6.567822144974051,-143.60224456028783,-6.103049097746105,17.651470144744867,32.58616000166134,-22.11122110940219,3.124343832,1.576771654,30.0,80.3,-3.0,98.9,2492.0,6.4,823321,666023,657757,630105,592518,593428,669369,701538,665487,54.14,0.092,0.083,1.25,1.0,1.0,1.0,2.0,49,5,Sinker,3,0,0,3,0,3,0,3,Standard,Standard,146.0,-0.065,0.74,60.7,5.5,,0.111,-0.74,88.0,3,-3,0.897,0.103,27,29,27,29,1,2,5.0,1.0,3.0,1.0,1.7,1.17,1.17,44.7,9.20856691135566,-4.751248236922044,43.903196407922714,19.21484708610588,32.98033611366425,Sinker,True
SI,2026-04-01,99.2,2.58,6.02,"Morejon, Adrian",650333,670970,,ball,,,,,12.0,,R,L,L,SD,SF,B,,,1,2,2026,1.02,0.57,0.616622531474234,4.34898192813757,,,,0,7,Top,,,,,,,-7.705403003817847,-144.35211706975554,-0.4232688093715306,15.9726247713077,29.731784633325105,-24.179255925427434,3.124343832,1.576771654,,,,99.5,2442.0,6.2,823321,666023,657757,630105,592518,593428,669369,701538,665487,54.28,,,,,,,,49,4,Sinker,3,0,0,3,0,3,0,3,Standard,Standard,150.0,-0.003,0.046,,,,,-0.046,,3,-3,0.9,0.1,27,29,27,29,1,2,5.0,1.0,3.0,1.0,1.72,1.02,1.02,48.8,,,,,,Sinker,False
SL,2026-04-01,89.0,2.99,5.91,"Morejon, Adrian",650333,670970,,foul,,,,,2.0,,R,L,L,SD,SF,S,,,1,1,2026,-0.36,0.17,-0.1837681644414586,2.985092542339426,,,,0,7,Top,,,,,,,-6.902935107887525,-129.47944984367354,-1.3236112322745903,-2.652167171363337,25.933486727066928,-30.14646859480159,3.124343832,1.576771654,270.0,81.9,33.0,89.1,2867.0,6.2,823321,666023,657757,630105,592518,593428,669369,701538,665487,54.26,,,,,,,,49,3,Slider,3,0,0,3,0,3,0,3,Standard,Standard,279.0,0.006,-0.06,52.9,4.7,,,0.06,88.0,3,-3,0.894,0.106,27,29,27,29,1,2,5.0,1.0,3.0,1.0,2.7,-0.36,-0.36,41.0,3.423543671925518,32.06569355373132,29.088270606473383,36.9755018698018,19.23851645019645,Slider,False
SI,2026-04-01,99.4,2.53,6.05,"Morejon, Adrian",650333,670970,,ball,,,,,12.0,,R,L,L,SD,SF,B,,,0,1,2026,1.16,0.67,0.7302028480907141,3.3086615360427913,,,,0,7,Top,,,,,,,-7.618351475042347,-144.62122393672135,-3.535838303991254,17.987463870239118,32.62644696582568,-22.129434732518643,3.124343832,1.576771654,,,,99.4,2445.0,6.2,823321,666023,657757,630105,592518,593428,669369,701538,665487,54.26,,,,,,,,49,2,Sinker,3,0,0,3,0,3,0,3,Standard,Standard,148.0,-0.003,0.029,,,,,-0.029,,3,-3,0.897,0.103,27,29,27,29,1,2,5.0,1.0,3.0,1.0,1.63,1.16,1.16,43.5,,,,,,Sinker,False
SI,2026-04-01,99.2,2.52,6.12,"Morejon, Adrian",650333,670970,,called_strike,,,,,6.0,,R,L,L,SD,SF,S,,,0,0,2026,1.14,0.75,0.6896094174769882,2.547903259109755,,,,0,7,Top,,,,,,,-7.63946994128481,-144.2194352229552,-5.899254686288256,17.712128954720832,33.03074575701148,-20.492585973971043,3.124343832,1.576771654,,,,99.0,2506.0,6.2,823321,666023,657757,630105,592518,593428,669369,701538,665487,54.31,,,,,,,,49,1,Sinker,3,0,0,3,0,3,0,3,Standard,Standard,159.0,0.004,-0.041,,,,,0.041,,3,-3,0.893,0.107,27,29,27,29,1,2,5.0,1.0,3.0,1.0,1.57,1.14,1.14,42.9,,,,,,Sinker,False
SI,2026-03-27,98.2,2.32,5.94,"Morejon, Adrian",663837,670970,field_out,hit_into_play,,,,,6.0,"Matt Vierling grounds out, pitcher Adrian Morejon to first baseman Ty France.",R,R,L,SD,DET,X,1.0,ground_ball,1,0,2026,1.13,0.86,0.5262297519097578,2.4912877479072097,,,,2,7,Top,114.49,178.45,,,,,-7.448170451646582,-142.64776511379006,-5.593583325591918,17.2393706290755,37.336868789162814,-19.274372696962622,3.273540026,1.652066929,2.0,67.9,-51.0,97.6,2429.0,6.4,823324,669134,664034,630105,592518,593428,657656,701538,665487,54.14,0.289,0.26,0.0,1.0,0.0,0.0,2.0,52,2,Sinker,2,1,1,2,1,2,1,2,Standard,Strategic,152.0,0.023,-0.303,67.0,7.4,,0.292,0.303,88.0,1,-1,0.766,0.234,27,29,27,30,1,0,,,5.0,1.0,1.54,1.13,-1.13,41.8,13.697212858232096,10.756849762496325,28.88070812735986,40.453241924841706,26.5162619073495,Sinker,True
SI,2026-03-27,98.8,2.36,6.04,"Morejon, Adrian",663837,670970,,ball,,,,,12.0,,R,R,L,SD,DET,B,,,0,0,2026,1.23,0.92,0.0177780894351164,3.8402115098415415,,,,2,7,Top,,,,,,,-9.196166084252557,-143.3828057734234,-2.437769106189761,19.19414244801622,39.4906779960405,-19.170202216039904,3.273540026,1.652066929,,,,97.8,2429.0,6.3,823324,669134,664034,630105,592518,593428,657656,701538,665487,54.17,,,,,,,,52,1,Sinker,2,1,1,2,1,2,1,2,Standard,Standard,153.0,-0.002,0.041,,,,,-0.041,,1,-1,0.768,0.232,27,29,27,30,1,0,,,5.0,1.0,1.46,1.23,-1.23,44.8,,,,,,Sinker,False
CH,2026-03-27,92.1,2.64,6.04,"Morejon, Adrian",693307,670970,strikeout,swinging_strike,,,,,6.0,Dillon Dingler strikes out swinging.,R,R,L,SD,DET,S,2.0,,1,2,2026,1.18,-0.23,0.7947784848095341,2.171406812236894,,,,1,7,Top,,,,,,,-7.224001611043209,-133.84426644990256,-3.180187367979918,15.80577012131695,31.737364606975436,-34.32715584714168,3.271784777,1.651181102,,,,91.5,1248.0,6.2,823324,669134,664034,630105,592518,593428,657656,701538,665487,54.28,,0.0,0.0,1.0,0.0,0.0,,51,4,Changeup,2,1,1,2,1,2,1,2,Standard,Standard,115.0,0.022,-0.182,72.9,7.8,1.200297276,,0.182,,1,-1,0.746,0.254,27,27,27,28,1,2,,1.0,5.0,1.0,2.94,1.18,-1.18,41.9,18.01987024475083,-3.88407795104274,35.961644636414164,46.58063988944761,33.836384701311644,Changeup,True
SL,2026-03-27,87.7,2.8,5.86,"Morejon, Adrian",693307,670970,,called_strike,,,,,5.0,,R,R,L,SD,DET,S,,,1,1,2026,-0.46,-0.19,0.2531482191962661,2.567583090442599,,,,1,7,Top,,,,,,,-5.097677336199792,-127.68779704403188,-1.2577880534196555,-4.013391909375661,25.81969839854665,-34.18822242866199,3.271784777,1.651181102,,,,87.6,2897.0,6.2,823324,669134,664034,630105,592518,593428,657656,701538,665487,54.34,,,,,,,,51,3,Slider,2,1,1,2,1,2,1,2,Standard,Standard,283.0,0.008,-0.07,,,,,0.07,,1,-1,0.738,0.262,27,27,27,28,1,2,,1.0,5.0,1.0,3.14,-0.46,0.46,43.0,,,,,,Slider,False
CH,2026-03-27,92.3,2.58,5.99,"Morejon, Adrian",693307,670970,,swinging_strike,,,,,14.0,,R,R,L,SD,DET,S,,,1,0,2026,1.31,0.15,0.4022261268657363,0.3192236419504937,,,,1,7,Top,,,,,,,-8.369721985461851,-133.97063120044052,-8.606749649811308,17.60980756534496,29.65573893748134,-28.607895708226575,3.271784777,1.651181102,,,,92.1,1358.0,6.4,823324,669134,664034,630105,592518,593428,657656,701538,665487,54.14,,,,,,,,51,2,Changeup,2,1,1,2,1,2,1,2,Standard,Standard,125.0,0.007,-0.05,70.8,8.7,9.103819152,,0.05,,1,-1,0.731,0.269,27,27,27,28,1,2,,1.0,5.0,1.0,2.54,1.31,-1.31,46.2,21.79733197061712,-12.387814884916915,49.16901483019921,42.61501553787254,41.84249410988309,Changeup,False
SL,2026-03-27,89.1,2.88,5.88,"Morejon, Adrian",693307,670970,,ball,,,,,12.0,,R,R,L,SD,DET,B,,,0,0,2026,-0.44,0.01,1.6466052703288048,2.794819505680597,,,,1,7,Top,,,,,,,-2.044034545535479,-129.81819409466118,-1.4042964451575446,-4.54214503394315,26.195352821140578,-31.930952925089912,3.271784777,1.651181102,,,,89.0,2932.0,6.0,823324,669134,664034,630105,592518,593428,657656,701538,665487,54.45,,,,,,,,51,1,Slider,2,1,1,2,1,2,1,2,Standard,Standard,255.0,-0.005,0.041,,,,,-0.041,,1,-1,0.736,0.264,27,27,27,28,1,2,,1.0,5.0,1.0,2.84,-0.44,0.44,39.0,,,,,,Slider,False
SI,2026-03-27,98.4,2.42,6.06,"Morejon, Adrian",805808,670970,field_out,hit_into_play,,,,,3.0,Kevin McGonigle grounds out to first baseman Ty France.,R,L,L,SD,DET,X,3.0,ground_ball,0,0,2026,1.32,0.85,0.8125308677948639,2.8469206981881863,,,,0,7,Top,150.44,175.41,,,,,-7.408188068769623,-143.0388444752407,-4.970624199412749,19.833462936785377,36.9495732537014,-19.52603994155778,3.085728346,1.557283465,7.0,50.5,-21.0,97.8,2539.0,6.3,823324,669134,664034,630105,592518,593428,657656,701538,665487,54.19,0.114,0.103,0.0,1.0,0.0,0.0,1.0,50,1,Sinker,2,1,1,2,1,2,1,2,Infield shade,Standard,141.0,0.044,-0.259,73.6,6.5,,0.118,0.259,88.0,1,-1,0.692,0.308,27,21,27,22,1,2,,1.0,5.0,1.0,1.53,1.32,1.32,47.7,12.552486637671016,3.4120378922956855,33.20803091966533,27.171647413765054,31.467772131151296,Sinker,True
SL,2026-03-27,89.2,2.67,5.87,"Morejon, Adrian",805808,670970,truncated_pa,ball,,,,,13.0,,R,L,L,SD,DET,B,2.0,,2,2,2026,-0.49,-0.09,-0.5888748124199907,1.4351313470136624,,,679529.0,2,6,Top,,,,,,,-6.874622091080679,-129.71010224601488,-4.4048499953957165,-3.9742182544536697,28.229862618949788,-32.475599748126086,3.085728346,1.557283465,,,,89.1,3023.0,6.3,823324,669134,664034,630105,592518,593428,657656,701538,665487,54.16,,,0.0,0.0,0.0,0.0,,44,5,Slider,1,1,1,1,1,1,1,1,Infield shade,Standard,281.0,0.031,-0.247,,,,,0.247,,0,0,0.545,0.455,27,21,27,22,1,2,,1.0,5.0,1.0,2.97,-0.49,-0.49,41.7,,,,,,Slider,False
SL,2026-03-27,89.2,2.78,5.87,"Morejon, Adrian",805808,670970,,called_strike,,,,,6.0,,R,L,L,SD,DET,S,,,2,1,2026,-0.41,0.03,0.4925471714780487,2.613384319641971,,,679529.0,2,6,Top,,,,,,,-4.664756575231934,-129.95791637100473,-1.8873764562490003,-3.737739182024192,26.676230532622228,-31.614889963568174,3.085728346,1.557283465,,,,89.4,2949.0,6.3,823324,669134,664034,630105,592518,593428,657656,701538,665487,54.21,,,,,,,,44,4,Slider,1,1,1,1,1,1,1,1,Infield shade,Standard,267.0,0.008,-0.071,,,,,0.071,,0,0,0.537,0.463,27,21,27,22,1,2,,1.0,5.0,1.0,2.82,-0.41,-0.41,41.2,,,,,,Slider,False
SI,2026-03-27,98.6,2.41,5.97,"Morejon, Adrian",805808,670970,,called_strike,,,,,5.0,,R,L,L,SD,DET,S,,,2,0,2026,1.14,0.83,-0.2373392611606157,2.4100396441285223,,,679529.0,2,6,Top,,,,,,,-9.78569612524742,-143.18623685244407,-5.915159690803389,17.997839038243114,35.727210576907424,-19.536542031446977,3.085728346,1.557283465,,,,98.2,2505.0,6.4,823324,669134,664034,630105,592518,593428,657656,701538,665487,54.14,,,,,,,,44,3,Sinker,1,1,1,1,1,1,1,1,Infield shade,Standard,142.0,0.006,-0.052,,,,,0.052,,0,0,0.531,0.469,27,21,27,22,1,2,,1.0,5.0,1.0,1.54,1.14,1.14,45.7,,,,,,Sinker,False
SL,2026-03-27,89.3,2.8,5.96,"Morejon, Adrian",805808,670970,,ball,,,,,14.0,,R,L,L,SD,DET,B,,,1,0,2026,-0.41,0.0,1.4302760692174044,2.014330820776173,,,679529.0,2,6,Top,,,,,,,-2.4386891064243357,-130.03295122253294,-3.46170726746144,-4.178693245339709,26.970960813005572,-31.68707376757136,3.085728346,1.557283465,,,,89.2,2888.0,6.2,823324,669134,664034,630105,592518,593428,657656,701538,665487,54.31,,,,,,,,44,2,Slider,1,1,1,1,1,1,1,1,Infield shade,Standard,271.0,-0.006,0.056,,,,,-0.056,,0,0,0.537,0.463,27,21,27,22,1,2,,1.0,5.0,1.0,2.85,-0.41,-0.41,42.0,,,,,,Slider,False
SI,2026-03-27,100.5,2.3,6.06,"Morejon, Adrian",805808,670970,,ball,,,,,12.0,,R,L,L,SD,DET,B,,,0,0,2026,1.19,0.82,0.4136169511843626,3.747310484790793,,,679529.0,2,6,Top,,,,,,,-8.044923693821815,-146.02784646426775,-2.759565011012377,19.068314085362005,39.40193351034322,-20.07321895206692,3.085728346,1.557283465,,,,99.8,2486.0,6.3,823324,669134,664034,630105,592518,593428,657656,701538,665487,54.19,,,,,,,,44,1,Sinker,1,1,1,1,1,1,1,1,Infield shade,Standard,152.0,-0.003,0.038,,,,,-0.038,,0,0,0.54,0.46,27,21,27,22,1,2,,1.0,5.0,1.0,1.47,1.19,1.19,43.6,,,,,,Sinker,False
SI,2026-03-27,99.1,2.44,6.03,"Morejon, Adrian",679529,670970,single,hit_into_play,,,,,3.0,Spencer Torkelson singles on a line drive to left fielder Ramón Laureano. Gleyber Torres scores.,R,R,L,SD,DET,X,7.0,line_drive,3,2,2026,1.58,0.79,0.6028951276733687,2.920997074359345,650402.0,,,2,6,Top,85.37,106.52,,,,,-8.713194523076575,-143.92657747341133,-4.633862633681414,24.001659631534373,38.45463483515971,-20.333334898410943,3.232291667,1.63125,253.0,82.2,21.0,98.5,2547.0,6.4,823324,669134,664034,630105,592518,593428,657656,701538,665487,54.07,0.763,0.695,0.9,1.0,1.0,0.0,4.0,43,6,Sinker,1,0,0,1,1,1,1,1,Standard,Standard,156.0,-0.136,0.677,71.3,7.5,,0.851,-0.677,88.0,1,-1,0.676,0.324,27,26,27,27,1,2,,1.0,5.0,1.0,1.57,1.58,-1.58,44.2,9.137701129897769,-8.846453834568088,28.590367425260293,42.717686396944366,32.21247806123168,Sinker,True
FF,2026-03-27,99.8,2.38,6.1,"Morejon, Adrian",679529,670970,,ball,,,,,11.0,,R,R,L,SD,DET,B,,,2,2,2026,0.31,1.31,-0.0648733750359131,5.108438849592757,650402.0,,,2,6,Top,,,,,,,-7.383920360427463,-145.1299383752413,-0.311235040236968,6.247959696728573,37.19784312483477,-13.888850167982158,3.232291667,1.63125,,,,99.3,2482.0,6.3,823324,669134,664034,630105,592518,593428,657656,701538,665487,54.21,,,,,,,,43,5,4-Seam Fastball,1,0,0,1,0,1,0,1,Standard,Standard,155.0,-0.012,0.056,,,,,-0.056,,1,-1,0.688,0.312,27,26,27,27,1,2,,1.0,5.0,1.0,1.0,0.31,-0.31,47.3,,,,,,Four-seam,False
FF,2026-03-27,99.4,2.36,6.11,"Morejon, Adrian",679529,670970,,swinging_strike,,,,,11.0,,R,R,L,SD,DET,S,,,2,1,2026,0.44,1.4,-0.0925776455637313,3.546791595522563,650402.0,,,2,6,Top,,,,,,,-7.6523655472020335,-144.4303942664218,-4.7120472715153525,8.00565602987683,36.495439683052474,-11.724211319074117,3.232291667,1.63125,,,,98.9,2444.0,6.3,823324,669134,664034,630105,592518,593428,657656,701538,665487,54.2,,,,,,,,43,4,4-Seam Fastball,1,0,0,1,0,1,0,1,Standard,Standard,144.0,0.011,-0.056,78.1,6.6,1.373017332,,0.056,,1,-1,0.677,0.323,27,26,27,27,1,2,,1.0,5.0,1.0,0.93,0.44,-0.44,51.8,-1.8078368283916313,20.958449213799515,34.95358392191948,33.669922855574754,17.142935114771024,Four-seam,False
SI,2026-03-27,99.7,2.33,6.04,"Morejon, Adrian",679529,670970,,called_strike,,,,,2.0,,R,R,L,SD,DET,S,,,2,0,2026,1.54,0.66,0.242735286514375,2.825835212666528,650402.0,,,2,6,Top,,,,,,,-9.343764689207903,-144.6414062805749,-4.7014961960515045,23.88423597881983,39.798387264596286,-21.929099763310536,3.232291667,1.63125,,,,98.8,2505.0,6.4,823324,669134,664034,630105,592518,593428,657656,701538,665487,54.12,,,,,,,,43,3,Sinker,1,0,0,1,0,1,0,1,Standard,Standard,157.0,0.004,-0.024,,,,,0.024,,1,-1,0.673,0.327,27,26,27,27,1,2,,1.0,5.0,1.0,1.68,1.54,-1.54,43.1,,,,,,Sinker,False
SI,2026-03-27,100.0,2.39,6.02,"Morejon, Adrian",679529,670970,,ball,,,,,12.0,,R,R,L,SD,DET,B,,,1,0,2026,1.47,0.74,0.970872381669343,3.498100078920571,650402.0,,,2,6,Top,,,,,,,-7.368578676578483,-145.33490704957092,-3.084106895715838,22.56023405983047,38.60798287734129,-21.19773062108664,3.232291667,1.63125,,,,99.2,2400.0,6.2,823324,669134,664034,630105,592518,593428,657656,701538,665487,54.28,,,,,,,,43,2,Sinker,1,0,0,1,0,1,0,1,Standard,Standard,153.0,-0.004,0.021,,,,,-0.021,,1,-1,0.677,0.323,27,26,27,27,1,2,,1.0,5.0,1.0,1.57,1.47,-1.47,43.9,,,,,,Sinker,False
SI,2026-03-27,101.1,2.35,6.06,"Morejon, Adrian",679529,670970,,ball,,,,,12.0,,R,R,L,SD,DET,B,,,0,0,2026,1.52,0.65,0.4519200093007425,3.6252574255654944,650402.0,,,2,6,Top,,,,,,,-8.904868708064845,-146.87663241208668,-2.7785219111155466,24.228488183744005,39.58722428747095,-22.28321960600424,3.232291667,1.63125,,,,100.5,2424.0,6.3,823324,669134,664034,630105,592518,593428,657656,701538,665487,54.16,,,,,,,,43,1,Sinker,1,0,0,1,0,1,0,1,Standard,Standard,156.0,-0.002,0.03,,,,,-0.03,,1,-1,0.679,0.321,27,26,27,27,1,2,,1.0,5.0,1.0,1.61,1.52,-1.52,42.1,,,,,,Sinker,False
SL,2026-03-27,89.2,2.64,5.97,"Morejon, Adrian",682985,670970,grounded_into_double_play,hit_into_play,,,,,7.0,"Riley Greene grounds into a double play, pitcher Adrian Morejon to shortstop Xander Bogaerts to first baseman Ty France. Gleyber Torres to 3rd. Jahmai Jones out at 2nd. Riley Greene out at 1st.",R,L,L,SD,DET,X,1.0,ground_ball,0,0,2026,-0.52,-0.05,-0.3206917493986126,1.917578459108881,,650402.0,663330.0,0,6,Top,121.45,175.45,,,,,-6.053991924866702,-129.71831495419684,-3.5724017888019137,-4.5641857843871625,28.189087737638975,-32.17156915635144,3.303379265,1.667125984,3.0,61.8,-37.0,88.9,2902.0,6.2,823324,669134,664034,630105,592518,593428,657656,701538,665487,54.26,0.086,0.077,0.0,1.0,0.0,0.0,2.0,42,1,Slider,1,0,0,1,0,1,0,1,Infield shade,Standard,282.0,0.168,-0.33,79.0,8.1,,0.086,0.33,88.0,1,-1,0.511,0.489,27,25,27,26,1,2,,1.0,5.0,1.0,2.93,-0.52,-0.52,43.5,22.09347088819898,-8.850432592066879,44.57123985596704,36.76965949963965,40.75615793989997,Slider,True
SL,2026-03-27,89.2,2.83,5.96,"Morejon, Adrian",663330,670970,fielders_choice,hit_into_play,,,,,8.0,"Jahmai Jones reaches on a fielder's choice. Gleyber Torres to 2nd. Gleyber Torres advances to 2nd, on a fielding error by third baseman Manny Machado.",R,R,L,SD,DET,X,5.0,ground_ball,1,2,2026,-0.51,0.05,0.0617966692390836,2.000502015101382,,,650402.0,0,6,Top,104.86,163.24,,,,,-5.608591069582888,-129.7830126849159,-3.5424276794711673,-4.495289644943452,29.617882098347803,-31.00381900793885,3.138385827,1.583858268,6.0,98.7,-19.0,88.7,2946.0,6.2,823324,669134,664034,630105,592518,593428,657656,701538,665487,54.32,0.165,0.149,0.9,1.0,0.0,0.0,2.0,41,4,Slider,1,0,0,1,0,1,0,1,Standard,Standard,284.0,-0.106,0.55,69.8,7.1,,0.166,-0.55,98.7,1,-1,0.617,0.383,27,28,27,29,1,0,,,5.0,1.0,2.83,-0.51,0.51,43.5,10.012614631119952,3.659281853841217,29.65142928422828,37.61493299402943,31.9771463644614,Slider,True
SI,2026-03-27,99.7,2.53,6.0,"Morejon, Adrian",663330,670970,,swinging_strike,,,,,2.0,,R,R,L,SD,DET,S,,,1,1,2026,1.43,1.35,0.0840401741530016,3.1546490922959087,,,650402.0,0,6,Top,,,,,,,-10.030441456324542,-144.60770874471336,-5.336751857909825,22.57780225289342,39.07183420422172,-12.21923804682042,3.138385827,1.583858268,,,,98.7,2605.0,6.3,823324,669134,664034,630105,592518,593428,657656,701538,665487,54.24,,,,,,,,41,3,Sinker,1,0,0,1,0,1,0,1,Standard,Standard,152.0,0.014,-0.054,67.5,5.6,2.114178792,,0.054,,1,-1,0.603,0.397,27,28,27,29,1,0,,,5.0,1.0,0.99,1.43,-1.43,42.1,-9.952623175784996,35.46111484387507,31.96774180799049,37.91999164315781,10.869036883398532,Sinker,False
SI,2026-03-27,99.5,2.38,6.08,"Morejon, Adrian",663330,670970,,ball,,,,,11.0,,R,R,L,SD,DET,B,,,0,1,2026,1.25,1.28,-0.1230875723519053,3.776838400451808,,,650402.0,0,6,Top,,,,,,,-9.721667376139568,-144.47082021723614,-3.682304322108824,19.89839755616533,37.66969806187032,-13.707153942956593,3.138385827,1.583858268,,,,98.7,2601.0,6.2,823324,669134,664034,630105,592518,593428,657656,701538,665487,54.28,,,,,,,,41,2,Sinker,1,0,0,1,0,1,0,1,Standard,Standard,156.0,-0.005,0.026,,,,,-0.026,,1,-1,0.608,0.392,27,28,27,29,1,0,,,5.0,1.0,1.06,1.25,-1.25,44.6,,,,,,Sinker,False
SL,2026-03-27,89.7,2.85,5.93,"Morejon, Adrian",663330,670970,,called_strike,,,,,7.0,,R,R,L,SD,DET,S,,,0,0,2026,-0.37,0.23,-0.7490794732732454,2.053105692471235,,,650402.0,0,6,Top,,,,,,,-7.945541199778486,-130.41758936380904,-3.7979382440857608,-2.4737112991823356,29.201869984858128,-28.91602842733493,3.138385827,1.583858268,,,,89.2,2816.0,6.2,823324,669134,664034,630105,592518,593428,657656,701538,665487,54.32,,,,,,,,41,1,Slider,1,0,0,1,0,1,0,1,Standard,Standard,282.0,0.008,-0.04,,,,,0.04,,1,-1,0.6,0.4,27,28,27,29,1,0,,,5.0,1.0,2.62,-0.37,0.37,42.1,,,,,,Slider,False
