pitch_type,game_date,release_speed,release_pos_x,release_pos_z,player_name,batter,pitcher,events,description,spin_dir,spin_rate_deprecated,break_angle_deprecated,break_length_deprecated,zone,des,game_type,stand,p_throws,home_team,away_team,type,hit_location,bb_type,balls,strikes,game_year,pfx_x,pfx_z,plate_x,plate_z,on_3b,on_2b,on_1b,outs_when_up,inning,inning_topbot,hc_x,hc_y,tfs_deprecated,tfs_zulu_deprecated,umpire,sv_id,vx0,vy0,vz0,ax,ay,az,sz_top,sz_bot,hit_distance_sc,launch_speed,launch_angle,effective_speed,release_spin_rate,release_extension,game_pk,fielder_2,fielder_3,fielder_4,fielder_5,fielder_6,fielder_7,fielder_8,fielder_9,release_pos_y,estimated_ba_using_speedangle,estimated_woba_using_speedangle,woba_value,woba_denom,babip_value,iso_value,launch_speed_angle,at_bat_number,pitch_number,pitch_name,home_score,away_score,bat_score,fld_score,post_away_score,post_home_score,post_bat_score,post_fld_score,if_fielding_alignment,of_fielding_alignment,spin_axis,delta_home_win_exp,delta_run_exp,bat_speed,swing_length,miss_distance,estimated_slg_using_speedangle,delta_pitcher_run_exp,hyper_speed,home_score_diff,bat_score_diff,home_win_exp,bat_win_exp,age_pit_legacy,age_bat_legacy,age_pit,age_bat,n_thruorder_pitcher,n_priorpa_thisgame_player_at_bat,pitcher_days_since_prev_game,batter_days_since_prev_game,pitcher_days_until_next_game,batter_days_until_next_game,api_break_z_with_gravity,api_break_x_arm,api_break_x_batter_in,arm_angle,attack_angle,attack_direction,swing_path_tilt,intercept_ball_minus_batter_pos_x_inches,intercept_ball_minus_batter_pos_y_inches
SI,2026-07-19,95.5,0.57,6.08,"Peralta, Wandy",686475,593974,,ball,,,,,12.0,,R,R,L,KC,SD,B,,,0,0,2026,1.04,0.6,0.6482623266707868,3.843955117758779,,,,0,9,Bot,,,,,,,-2.135443044711534,-139.32627021929946,-1.575541678197915,14.060335925009408,26.03333722976691,-24.08436755923375,3.126099081,1.57765748,,,,95.1,1784,5.5,824086,666023,609280,650859,664034,823550,657757,701538,687749,54.97,,,,,,,,90,1,Sinker,2,19,2,19,19,2,2,19,Standard,Standard,128,0.0,0.042,,,,,-0.042,,-17,-17,0.001,0.001,34,28,35,28,1,3,9,10,1.0,1.0,1.85,1.04,-1.04,40.5,,,,,
SI,2026-07-19,94.9,0.59,6.02,"Peralta, Wandy",686475,593974,field_out,hit_into_play,,,,,3.0,Tyler Tolbert lines out to right fielder Jase Bowen.,R,R,L,KC,SD,X,9.0,line_drive,1,0,2026,1.28,0.41,0.5914254759065773,2.919861557092201,,,,0,9,Bot,179.79,107.78,,,,,-2.8647329621553475,-138.26973696252256,-3.234537415500979,17.110708830709655,27.028527333317395,-26.376420591754737,3.126099081,1.57765748,264.0,86.2,19.0,94.4,1793,5.6,824086,666023,609280,650859,664034,823550,657757,701538,687749,54.88,0.794,0.719,0.0,1.0,0.0,0.0,4.0,90,2,Sinker,2,19,2,19,19,2,2,19,Standard,Standard,123,0.0,-0.302,68.3,6.2,,0.892,0.302,88.0,-17,-17,0.001,0.001,34,28,35,28,1,3,9,10,1.0,1.0,2.09,1.28,-1.28,43.5,4.839316854084065,14.021596232510198,20.755739776476396,41.16334819598343,23.92313189766421
SI,2026-07-19,95.1,0.67,6.05,"Peralta, Wandy",571912,593974,,ball,,,,,12.0,,R,R,L,KC,SD,B,,,0,0,2026,1.13,0.49,1.7302187719091933,4.1777989224419585,,,,1,9,Bot,,,,,,,0.174192304889252,-138.53288056925177,-0.2533627423713288,14.536860190940414,30.224983486192272,-25.95899641814933,3.321809383,1.676427165,,,,93.9,1741,5.5,824086,666023,609280,650859,664034,823550,657757,701538,687749,55.03,,,,,,,,91,1,Sinker,2,19,2,19,19,2,2,19,Infield shade,Standard,125,0.0,0.041,,,,,-0.041,,-17,-17,0.001,0.001,34,35,35,35,1,3,9,10,1.0,7.0,2.02,1.13,-1.13,40.1,,,,,
CH,2026-07-19,87.4,0.63,5.64,"Peralta, Wandy",571912,593974,,foul_tip,,,,,9.0,,R,R,L,KC,SD,S,,,1,0,2026,1.21,0.39,0.3145210176897282,1.892305408942676,,,,1,9,Bot,,,,,,,-3.236829585643191,-127.38783109979892,-3.5244067903021445,13.859058131079028,24.18235169886924,-27.41095045544647,3.321809383,1.676427165,,,,86.9,1979,5.7,824086,666023,609280,650859,664034,823550,657757,701538,687749,54.78,,,,,,,,91,2,Changeup,2,19,2,19,19,2,2,19,Standard,Standard,118,0.0,-0.05,73.4,7.6,,,0.05,,-17,-17,0.001,0.001,34,35,35,35,1,3,9,10,1.0,7.0,2.56,1.21,-1.21,33.6,24.257207315508374,-20.03768901567416,33.258420849260816,38.40683746644772,47.33397459320187
CH,2026-07-19,87.6,0.85,5.66,"Peralta, Wandy",571912,593974,,foul,,,,,14.0,,R,R,L,KC,SD,S,,,1,1,2026,1.22,0.4,0.9073315041830368,1.4920965345424442,,,,1,9,Bot,,,,,,,-2.392289502046819,-127.63607772141212,-4.581683561001724,13.884868756941453,23.283045964129983,-27.097187075379033,3.321809383,1.676427165,8.0,59.4,-11.0,87.0,1951,5.6,824086,666023,609280,650859,664034,823550,657757,701538,687749,54.94,,,,,,,,91,3,Changeup,2,19,2,19,19,2,2,19,Standard,Standard,117,0.0,-0.07,65.8,7.5,,,0.07,88.0,-17,-17,0.001,0.001,34,35,35,35,1,3,9,10,1.0,7.0,2.53,1.22,-1.22,34.4,24.38525398266464,-3.670241538112418,35.960353287309424,44.376142101121594,42.88928730226199
SI,2026-07-19,95.4,0.46,6.07,"Peralta, Wandy",571912,593974,field_out,hit_into_play,,,,,4.0,Luke Maile pops out to second baseman Luis Rengifo.,R,R,L,KC,SD,X,4.0,popup,1,2,2026,1.12,0.46,-0.6683819733437903,2.537621723227078,,,,1,9,Bot,131.41,138.39,,,,,-5.404860127265269,-138.97787128678462,-4.571268918678378,15.697933562649611,25.268445896042905,-25.4181991031947,3.321809383,1.676427165,157.0,59.8,53.0,95.1,2038,5.6,824086,666023,609280,650859,664034,823550,657757,701538,687749,54.88,0.029,0.03,0.0,1.0,0.0,0.0,3.0,91,4,Sinker,2,19,2,19,19,2,2,19,Standard,Standard,128,0.0,-0.182,65.3,6.4,,0.037,0.182,88.0,-17,-17,0.001,0.001,34,35,35,35,1,3,9,10,1.0,7.0,2.0,1.12,-1.12,42.6,10.297786890549316,-1.481316841354483,31.32779992446551,26.279668542615724,31.397909619951587
SI,2026-07-19,94.5,0.27,6.23,"Peralta, Wandy",686681,593974,,ball,,,,,12.0,,R,L,L,KC,SD,B,,,0,0,2026,1.18,0.58,1.0145829668192838,3.323859683184283,,,,2,9,Bot,,,,,,,-0.7467805989072289,-137.761077801199,-3.065492877398541,15.321358351089428,27.02342698784912,-24.245854217297147,3.199819554,1.614862205,,,,93.7,1969,5.5,824086,666023,609280,650859,664034,823550,657757,701538,687749,55.04,,,,,,,,92,1,Sinker,2,19,2,19,19,2,2,19,Infield shade,Standard,130,0.0,0.041,,,,,-0.041,,-17,-17,0.001,0.001,34,28,35,28,1,0,9,1,1.0,1.0,1.93,1.18,1.18,44.0,,,,,
SI,2026-07-19,95.6,0.2,6.18,"Peralta, Wandy",686681,593974,,swinging_strike,,,,,13.0,,R,L,L,KC,SD,S,,,1,0,2026,1.07,0.55,-0.5622337295583677,1.203626618250636,,,,2,9,Bot,,,,,,,-4.387907616625482,-139.10931038092613,-8.449695763403922,14.935358680175913,26.856564062009117,-23.53052826672463,3.199819554,1.614862205,,,,95.0,2002,5.6,824086,666023,609280,650859,664034,823550,657757,701538,687749,54.87,,,,,,,,92,2,Sinker,2,19,2,19,19,2,2,19,Infield shade,Standard,128,0.0,-0.056,73.4,7.3,0.518189892,,0.056,,-17,-17,0.001,0.001,34,28,35,28,1,0,9,1,1.0,1.0,1.92,1.07,1.07,44.6,10.341352584197494,15.396833168866545,36.14866214688512,45.59181998359416,21.311824668866716
SI,2026-07-19,95.3,0.4,6.16,"Peralta, Wandy",686681,593974,,ball,,,,,12.0,,R,L,L,KC,SD,B,,,1,1,2026,1.13,0.58,0.7967227534227683,3.469491201603878,,,,2,9,Bot,,,,,,,-1.5197041305368266,-139.00676460684292,-2.638022997731997,15.101223788101596,27.353746004379033,-24.30673499393999,3.199819554,1.614862205,,,,94.8,2040,5.6,824086,666023,609280,650859,664034,823550,657757,701538,687749,54.89,,,,,,,,92,3,Sinker,2,19,2,19,19,2,2,19,Infield shade,Standard,131,0.0,0.055,,,,,-0.055,,-17,-17,0.001,0.001,34,28,35,28,1,0,9,1,1.0,1.0,1.9,1.13,1.13,43.0,,,,,
SI,2026-07-19,94.2,0.36,6.19,"Peralta, Wandy",686681,593974,field_out,hit_into_play,,,,,5.0,"Michael Massey grounds out, first baseman Miguel Andujar to pitcher Wandy Peralta.",R,L,L,KC,SD,X,3.0,ground_ball,2,1,2026,1.18,0.54,-0.0359862976525107,2.618251241610369,,,,2,9,Bot,147.45,166.28,,,,,-3.631714732476306,-137.2795870508719,-4.593350624366845,15.756531552113966,26.860036022501347,-24.628592179860323,3.199819554,1.614862205,4.0,81.5,-32.0,93.6,2055,5.6,824086,666023,609280,650859,664034,823550,657757,701538,687749,54.89,0.054,0.054,0.0,1.0,0.0,0.0,2.0,92,4,Sinker,2,19,2,19,19,2,2,19,Infield shade,Standard,127,-0.001,-0.302,71.7,6.6,,0.059,0.302,88.0,-17,-17,0.001,0.001,34,28,35,28,1,0,9,1,1.0,1.0,2.0,1.18,1.18,42.5,15.101322705651862,7.054653264596869,31.04072471649214,39.61080580450359,25.405160229625857
SL,2026-07-20,86.5,0.91,5.89,"Peralta, Wandy",686948,593974,,called_strike,,,,,6.0,,R,L,L,ATL,SD,S,,,0,0,2026,-0.21,0.41,0.3525415592870736,2.4366455787832506,,,,0,6,Bot,,,,,,,-0.8550579773017624,-126.00432465816682,-2.677585131420881,-2.1058070233713404,25.135315463057537,-27.490525301364592,3.205962927,1.617962598,,,,86.2,2005,6.0,824898,666023,664034,630105,592518,823550,657757,701538,665487,54.53,,,,,,,,40,1,Slider,2,1,2,1,1,2,2,1,Infield shade,Standard,139,-0.003,-0.041,,,,,0.041,,1,1,0.74,0.74,34,25,35,25,1,2,1,1,2.0,1.0,2.63,-0.21,-0.21,38.9,,,,,
SL,2026-07-20,87.1,0.89,5.74,"Peralta, Wandy",686948,593974,,swinging_strike,,,,,13.0,,R,L,L,ATL,SD,S,,,0,1,2026,-0.1,0.32,-0.3149444297683568,0.5587998936558716,,,,0,6,Bot,,,,,,,-2.6403880241123763,-126.90261151538296,-6.734611372739365,-0.5830511026988454,22.689578724499913,-27.611345714243345,3.205962927,1.617962598,,,,87.2,2046,6.0,824898,666023,664034,630105,592518,823550,657757,701538,665487,54.53,,,,,,,,40,2,Slider,2,1,2,1,1,2,2,1,Infield shade,Standard,134,-0.005,-0.054,71.4,9.0,11.615174556,,0.054,,1,1,0.737,0.737,34,25,35,25,1,2,1,1,2.0,1.0,2.64,-0.1,-0.1,38.3,34.40979075457593,-28.837859611690792,39.29971966520707,43.38894790185857,51.45085559508077
SL,2026-07-20,87.4,0.75,5.81,"Peralta, Wandy",686948,593974,strikeout,swinging_strike_blocked,,,,,13.0,Drake Baldwin strikes out swinging.,R,L,L,ATL,SD,S,2.0,,0,2,2026,-0.16,0.16,-1.2400620977508423,0.5044205797074777,,,,0,6,Bot,,,,,,,-4.362665048719522,-127.1904357174542,-6.656233105564002,-0.857481755695771,26.08510471653614,-29.311595091708075,3.205962927,1.617962598,,,,87.0,2174,6.0,824898,666023,664034,630105,592518,823550,657757,701538,665487,54.45,,0.0,0.0,1.0,0.0,0.0,,40,3,Slider,2,1,2,1,1,2,2,1,Infield shade,Standard,145,-0.013,-0.164,64.0,9.0,10.51218798,,0.164,,1,1,0.732,0.732,34,25,35,25,1,2,1,1,2.0,1.0,2.83,-0.16,-0.16,43.1,23.88923551899386,-20.939066402617303,33.045644657165745,53.00441456078122,43.54787562726777
CH,2026-07-20,87.3,0.93,5.64,"Peralta, Wandy",645277,593974,,foul,,,,,14.0,,R,R,L,ATL,SD,S,,,0,0,2026,1.02,0.1,0.5431138894052117,0.6762734679664941,,,,1,6,Bot,,,,,,,-3.035462768495624,-127.14044236408584,-5.718558140195598,11.721532621536603,25.716741611808956,-30.17123593545521,2.984801509,1.506348425,0.0,39.8,-69.0,86.8,2068,5.9,824898,666023,664034,630105,592518,823550,657757,701538,665487,54.63,,,,,,,,41,1,Changeup,2,1,2,1,1,2,2,1,Standard,Standard,125,-0.002,-0.041,62.8,8.5,,,0.041,88.0,1,1,0.719,0.719,34,29,35,29,1,2,1,1,2.0,1.0,2.89,1.02,-1.02,37.0,28.476337018340132,-27.59708765805857,33.22285287919474,29.956123548255935,55.659490970648775
CH,2026-07-20,88.3,0.85,5.65,"Peralta, Wandy",645277,593974,,foul,,,,,14.0,,R,R,L,ATL,SD,S,,,0,1,2026,1.3,0.52,0.1290743474079045,0.9704375637867084,,,,1,6,Bot,,,,,,,-4.452967461532792,-128.40982854986652,-6.096025060055835,15.34024302180728,27.28205304171983,-25.32034571108648,2.984801509,1.506348425,7.0,77.7,-12.0,87.5,2151,5.9,824898,666023,664034,630105,592518,823550,657757,701538,665487,54.63,,,,,,,,41,2,Changeup,2,1,2,1,1,2,2,1,Standard,Standard,128,-0.004,-0.057,58.9,8.1,,,0.057,88.0,1,1,0.717,0.717,34,29,35,29,1,2,1,1,2.0,1.0,2.41,1.3,-1.3,38.7,23.497514850499485,-26.205363558844446,38.083702444381274,24.738276638724663,54.341709151454026
CH,2026-07-20,88.5,0.88,5.72,"Peralta, Wandy",645277,593974,,ball,,,,,14.0,,R,R,L,ATL,SD,B,,,0,2,2026,1.03,0.15,2.1791304339325337,1.9239955494097667,,,,1,6,Bot,,,,,,,0.9302783993967578,-128.92413787118062,-3.3109997462418237,11.417979536402358,24.439361853614233,-30.103344010039656,2.984801509,1.506348425,,,,88.0,2010,5.7,824898,666023,664034,630105,592518,823550,657757,701538,665487,54.78,,,,,,,,41,3,Changeup,2,1,2,1,1,2,2,1,Standard,Standard,122,0.001,0.019,,,,,-0.019,,1,1,0.713,0.713,34,29,35,29,1,2,1,1,2.0,1.0,2.74,1.03,-1.03,32.3,,,,,
SI,2026-07-20,95.5,0.37,6.22,"Peralta, Wandy",645277,593974,home_run,hit_into_play,,,,,12.0,Ozzie Albies homers (15) on a fly ball to left field.,R,R,L,ATL,SD,X,,fly_ball,1,2,2026,1.18,0.51,0.4997840838019983,3.192921371702366,,,,1,6,Bot,28.58,72.55,,,,,-2.338038879840482,-139.26911301160774,-3.384807077977568,15.934691228692882,26.59196472314279,-25.03496058012342,2.984801509,1.506348425,393.0,101.2,34.0,95.3,2038,5.7,824898,666023,664034,630105,592518,823550,657757,701538,665487,54.78,0.411,0.836,2.0,1.0,0.0,3.0,6.0,41,4,Sinker,2,1,2,1,1,3,3,1,Standard,Standard,132,0.118,1.662,70.3,7.1,,1.605,-1.662,101.2,1,1,0.714,0.714,34,29,35,29,1,2,1,1,2.0,1.0,1.95,1.18,-1.18,41.5,12.644039098506044,-11.877910009327556,22.428743523412553,30.04687549726914,40.92518100704426
SL,2026-07-20,88.1,0.8,5.79,"Peralta, Wandy",621566,593974,,called_strike,,,,,8.0,,R,L,L,ATL,SD,S,,,0,0,2026,-0.13,0.43,0.2269583710220923,1.6723081271287357,,,,1,6,Bot,,,,,,,-1.0979734249581998,-128.28880111254475,-4.544312250748643,-1.180332735769989,27.081271928187142,-26.688151238952887,3.37183399,1.701673228,,,,87.5,2132,5.9,824898,666023,664034,630105,592518,823550,657757,701538,665487,54.58,,,,,,,,42,1,Slider,3,1,3,1,1,3,3,1,Infield shade,Standard,144,-0.002,-0.041,,,,,0.041,,2,2,0.832,0.832,34,32,35,32,1,2,1,1,2.0,1.0,2.51,-0.13,-0.13,39.8,,,,,
SL,2026-07-20,87.0,0.74,5.78,"Peralta, Wandy",621566,593974,,ball,,,,,14.0,,R,L,L,ATL,SD,B,,,0,1,2026,-0.12,0.14,0.7156395032864076,0.7985447718052305,,,,1,6,Bot,,,,,,,0.1850494757749903,-126.67787220576449,-5.825696727480954,-1.3491932665955553,24.6663169773408,-29.67700988408164,3.37183399,1.701673228,,,,86.7,2224,5.9,824898,666023,664034,630105,592518,823550,657757,701538,665487,54.57,,,,,,,,42,2,Slider,3,1,3,1,1,3,3,1,Infield shade,Standard,160,0.001,0.032,,,,,-0.032,,2,2,0.83,0.83,34,32,35,32,1,2,1,1,2.0,1.0,2.85,-0.12,-0.12,37.5,,,,,
SI,2026-07-20,95.9,0.38,6.18,"Peralta, Wandy",621566,593974,field_out,hit_into_play,,,,,12.0,"Matt Olson grounds out softly, shortstop Sung-Mun Song to first baseman Ty France.",R,L,L,ATL,SD,X,6.0,ground_ball,1,1,2026,1.23,0.56,1.0617724227576697,2.856038341540364,,,,1,6,Bot,127.66,148.57,,,,,-1.030798949118497,-139.82912950284776,-4.315227479588651,16.43348709768129,28.129289733816897,-24.06162397620815,3.37183399,1.701673228,101.0,59.7,12.0,95.5,2107,5.7,824898,666023,664034,630105,592518,823550,657757,701538,665487,54.79,0.147,0.132,0.0,1.0,0.0,0.0,2.0,42,3,Sinker,3,1,3,1,1,3,3,1,Infield shade,Standard,133,-0.009,-0.252,73.6,6.5,,0.174,0.252,88.0,2,2,0.831,0.831,34,32,35,32,1,2,1,1,2.0,1.0,1.88,1.23,1.23,43.8,2.9999778746819157,8.23596403864036,32.992280416294115,25.78313274680276,30.157836924621456
SL,2026-07-20,88.0,0.73,5.88,"Peralta, Wandy",663586,593974,,ball,,,,,14.0,,R,R,L,ATL,SD,B,,,0,0,2026,0.23,0.25,0.7033231238662643,0.5576121984908982,,,,2,6,Bot,,,,,,,-0.5456851969597012,-128.11468976038887,-7.080783764690547,2.6462414906535265,23.591203678231903,-28.304407962804294,3.273540026,1.652066929,,,,87.8,2175,5.9,824898,666023,664034,630105,592518,823550,657757,701538,665487,54.58,,,,,,,,43,1,Slider,3,1,3,1,1,3,3,1,Strategic,Standard,147,0.001,0.041,,,,,-0.041,,2,2,0.822,0.822,34,29,35,29,1,2,1,1,2.0,1.0,2.67,0.23,-0.23,46.4,,,,,
CH,2026-07-20,88.9,0.59,5.84,"Peralta, Wandy",663586,593974,,ball,,,,,14.0,,R,R,L,ATL,SD,B,,,1,0,2026,1.45,0.42,1.6454309265120552,2.1688951958046156,,,,2,6,Bot,,,,,,,-0.5162084699934871,-129.4212391983203,-3.6099298097976704,16.360883572753742,27.008233362823127,-26.903075495158895,3.273540026,1.652066929,,,,87.9,2166,5.6,824898,666023,664034,630105,592518,823550,657757,701538,665487,54.86,,,,,,,,43,2,Changeup,3,1,3,1,1,3,3,1,Strategic,Standard,124,0.001,0.064,,,,,-0.064,,2,2,0.823,0.823,34,29,35,29,1,2,1,1,2.0,1.0,2.46,1.45,-1.45,34.3,,,,,
CH,2026-07-20,89.5,0.72,5.79,"Peralta, Wandy",663586,593974,,ball,,,,,14.0,,R,R,L,ATL,SD,B,,,2,0,2026,1.46,0.42,1.230590108446092,0.9670447039293916,,,,2,6,Bot,,,,,,,-1.8766364051366624,-130.21259121669388,-6.478536032148693,17.004226314248186,27.598376719947435,-26.216788449932913,3.273540026,1.652066929,,,,88.6,2181,5.8,824898,666023,664034,630105,592518,823550,657757,701538,665487,54.73,,,,,,,,43,3,Changeup,3,1,3,1,1,3,3,1,Strategic,Standard,127,0.002,0.102,,,,,-0.102,,2,2,0.824,0.824,34,29,35,29,1,2,1,1,2.0,1.0,2.43,1.46,-1.46,39.1,,,,,
SI,2026-07-20,95.3,0.23,6.13,"Peralta, Wandy",663586,593974,walk,ball,,,,,13.0,Austin Riley walks.,R,R,L,ATL,SD,B,,,3,0,2026,1.34,0.78,-0.1542408531599142,0.9659667167184482,,,,2,6,Bot,,,,,,,-4.024301101311035,-138.60350687582138,-9.380474706427586,18.207463498976065,29.284063601078604,-20.244321573654208,3.273540026,1.652066929,,,,94.7,2049,5.9,824898,666023,664034,630105,592518,823550,657757,701538,665487,54.64,,0.698418,0.7,1.0,0.0,0.0,,43,4,Sinker,3,1,3,1,1,3,3,1,Strategic,Standard,133,0.003,0.126,,,,,-0.126,,2,2,0.826,0.826,34,29,35,29,1,2,1,1,2.0,1.0,1.72,1.34,-1.34,47.9,,,,,
SI,2026-07-20,95.8,0.39,6.12,"Peralta, Wandy",671739,593974,,ball,,,,,13.0,,R,L,L,ATL,SD,B,,,0,0,2026,1.29,0.7,-0.1684359833803956,1.303880536141716,,,663586.0,2,6,Bot,,,,,,,-4.3826174327459695,-139.28943027365358,-8.424626537971058,17.793807245720398,28.81642228885819,-21.441707450894704,3.181389436,1.605561024,,,,95.3,2061,5.9,824898,666023,664034,630105,592518,823550,657757,701538,665487,54.65,,,,,,,,44,1,Sinker,3,1,3,1,1,3,3,1,Infield shade,Standard,133,0.001,0.038,,,,,-0.038,,2,2,0.829,0.829,34,25,35,25,1,2,1,1,2.0,1.0,1.77,1.29,1.29,47.4,,,,,
SI,2026-07-20,95.1,0.41,6.09,"Peralta, Wandy",671739,593974,,ball,,,,,14.0,,R,L,L,ATL,SD,B,,,1,0,2026,1.35,0.71,1.097263232868591,2.003547863135596,,,663586.0,2,6,Bot,,,,,,,-1.279208514573556,-138.43371537677203,-6.425765864091577,17.70104381112397,28.870387333649653,-21.85540392293933,3.181389436,1.605561024,,,,94.5,2134,5.8,824898,666023,664034,630105,592518,823550,657757,701538,665487,54.73,,,,,,,,44,2,Sinker,3,1,3,1,1,3,3,1,Infield shade,Standard,131,0.003,0.056,,,,,-0.056,,2,2,0.83,0.83,34,25,35,25,1,2,1,1,2.0,1.0,1.8,1.35,1.35,43.9,,,,,
SI,2026-07-20,95.1,0.25,6.19,"Peralta, Wandy",671739,593974,,called_strike,,,,,4.0,,R,L,L,ATL,SD,S,,,2,0,2026,1.24,0.56,-0.3669198499430779,2.642744116620254,,,663586.0,2,6,Bot,,,,,,,-4.365171844901117,-138.49082301928263,-4.748341842885445,16.92260815864691,27.16749737762082,-24.141611063551995,3.181389436,1.605561024,,,,94.7,2084,5.8,824898,666023,664034,630105,592518,823550,657757,701538,665487,54.75,,,,,,,,44,3,Sinker,3,1,3,1,1,3,3,1,Infield shade,Standard,133,-0.003,-0.052,,,,,0.052,,2,2,0.833,0.833,34,25,35,25,1,2,1,1,2.0,1.0,1.93,1.24,1.24,41.3,,,,,
CH,2026-07-20,89.8,0.7,5.85,"Peralta, Wandy",671739,593974,,foul,,,,,9.0,,R,L,L,ATL,SD,S,,,2,1,2026,1.43,0.41,0.6850002775400374,1.490022990301526,,,663586.0,2,6,Bot,,,,,,,-3.068120243506957,-130.7652058115567,-5.410286130137342,17.025478031497546,27.784616437613444,-26.559598951351465,3.181389436,1.605561024,213.0,83.1,17.0,89.0,2158,5.8,824898,666023,664034,630105,592518,823550,657757,701538,665487,54.7,,,,,,,,44,4,Changeup,3,1,3,1,1,3,3,1,Infield shade,Standard,122,-0.003,-0.071,70.3,8.4,,,0.071,88.0,2,2,0.83,0.83,34,25,35,25,1,2,1,1,2.0,1.0,2.42,1.43,1.43,38.3,13.287657978877512,-22.525492220448925,34.99277794367149,28.93654759596333,41.87448043733459
SL,2026-07-20,88.6,0.55,5.85,"Peralta, Wandy",671739,593974,,foul,,,,,13.0,,R,L,L,ATL,SD,S,,,2,2,2026,0.0,0.32,-0.5974129741019917,1.3561360530749922,,,663586.0,2,6,Bot,,,,,,,-2.758093732992589,-129.00131700395025,-5.328272867312362,0.561924154396066,25.923143690717183,-27.76645805653018,3.181389436,1.605561024,2.0,58.1,-42.0,88.3,2119,6.0,824898,666023,664034,630105,592518,823550,657757,701538,665487,54.51,,,,,,,,44,5,Slider,3,1,3,1,1,3,3,1,Infield shade,Standard,137,0.0,0.0,73.1,8.8,,,0.0,88.0,2,2,0.827,0.827,34,25,35,25,1,2,1,1,2.0,1.0,2.58,0.0,0.0,40.6,13.69473687199893,-9.490122953719936,32.857036826624615,42.718213121111816,39.3418235788752
SI,2026-07-20,95.5,0.21,6.24,"Peralta, Wandy",671739,593974,,foul,,,,,8.0,,R,L,L,ATL,SD,S,,,2,2,2026,1.27,0.72,0.0409024424711443,1.5334074265763702,,,663586.0,2,6,Bot,,,,,,,-3.2982912595270277,-138.9498575261635,-8.125745914827958,17.16324993623099,29.243939699163413,-21.248184687792275,3.181389436,1.605561024,2.0,83.1,-44.0,94.9,2025,5.8,824898,666023,664034,630105,592518,823550,657757,701538,665487,54.71,,,,,,,,44,6,Sinker,3,1,3,1,1,3,3,1,Infield shade,Standard,132,0.0,0.0,74.5,8.3,,,0.0,88.0,2,2,0.827,0.827,34,25,35,25,1,2,1,1,2.0,1.0,1.76,1.27,1.27,48.8,5.391635473290094,-0.720609812101512,37.52400831057147,35.942479358738865,28.941843885439773
SI,2026-07-20,95.6,0.35,6.19,"Peralta, Wandy",671739,593974,,foul,,,,,14.0,,R,L,L,ATL,SD,S,,,2,2,2026,1.3,0.82,0.7274648938711483,1.226392197898987,,,663586.0,2,6,Bot,,,,,,,-1.9778800922679851,-139.01605029582458,-9.045524604043244,17.369789917988314,28.94001219199466,-19.72887310696178,3.181389436,1.605561024,3.0,98.3,-21.0,95.1,2064,5.9,824898,666023,664034,630105,592518,823550,657757,701538,665487,54.6,,,,,,,,44,7,Sinker,3,1,3,1,1,3,3,1,Infield shade,Standard,133,0.0,0.0,81.9,8.8,,,0.0,98.3,2,2,0.827,0.827,34,25,35,25,1,2,1,1,2.0,1.0,1.66,1.3,1.3,47.8,12.15603890707838,-14.589541148329612,43.76975569164963,27.90598150645729,32.74076583595753
SI,2026-07-20,95.2,0.02,6.27,"Peralta, Wandy",671739,593974,field_out,hit_into_play,,,,,12.0,"Michael Harris II grounds out, second baseman Jake Cronenworth to first baseman Ty France.",R,L,L,ATL,SD,X,4.0,ground_ball,2,2,2026,1.3,0.65,0.997470460558899,2.456630046830144,,,663586.0,2,6,Bot,154.29,151.04,,,,,-0.4319614427737015,-138.64829135761735,-5.6205378417181215,17.005326776606044,28.53091474339991,-22.748163477238553,3.181389436,1.605561024,16.0,70.9,-7.0,94.5,2060,5.6,824898,666023,664034,630105,592518,823550,657757,701538,665487,54.87,0.087,0.084,0.0,1.0,0.0,0.0,2.0,44,8,Sinker,3,1,3,1,1,3,3,1,Infield shade,Standard,135,-0.012,-0.246,66.8,7.1,,0.093,0.246,88.0,2,2,0.827,0.827,34,25,35,25,1,2,1,1,2.0,1.0,1.84,1.3,1.3,45.1,0.402926200568732,0.3213995515431088,33.60236305691023,24.02131213014245,24.35251342346907
CH,2026-07-22,87.2,0.84,5.89,"Peralta, Wandy",642201,593974,field_out,hit_into_play,,,,,9.0,"Eli White grounds out, shortstop Xander Bogaerts to first baseman Ty France.",R,R,L,ATL,SD,X,6.0,ground_ball,0,0,2026,1.18,0.08,0.6796604104309405,1.8103418790777024,,,,0,8,Bot,101.37,136.93,,,,,-2.827570710467184,-127.06800453255195,-3.5913151664159457,13.424605512169926,25.010116316451708,-30.758663402109796,3.315666011,1.673326772,4.0,85.5,-24.0,86.5,1898,5.7,824896,669134,664034,630105,592518,593428,657757,701538,665487,54.85,0.093,0.086,0.0,1.0,0.0,0.0,2.0,65,1,Changeup,1,1,1,1,1,1,1,1,Standard,Standard,122,-0.046,-0.259,73.0,7.5,,0.101,0.259,88.0,0,0,0.608,0.608,34,32,35,32,1,0,2,2,2.0,2.0,2.9,1.18,-1.18,35.1,4.748138678374995,5.874960926967259,35.182807948632814,42.85138705164319,29.94720562937069
CH,2026-07-22,86.8,1.07,5.78,"Peralta, Wandy",643289,593974,,ball,,,,,14.0,,R,R,L,ATL,SD,B,,,0,0,2026,1.24,0.16,0.9311793322624216,1.3715845146962726,,,,1,8,Bot,,,,,,,-2.879399211640441,-126.3996538103223,-4.410954896379271,13.916304185387029,25.72762134325224,-29.775464391439108,3.17085794,1.600246063,,,,85.9,1948,5.7,824896,669134,664034,630105,592518,593428,657757,701538,665487,54.8,,,,,,,,66,1,Changeup,1,1,1,1,1,1,1,1,Standard,Standard,118,0.005,0.041,,,,,-0.041,,0,0,0.562,0.562,34,31,35,32,1,3,2,1,2.0,1.0,2.86,1.24,-1.24,33.1,,,,,
SI,2026-07-22,96.4,0.4,6.19,"Peralta, Wandy",643289,593974,single,hit_into_play,,,,,3.0,Mauricio Dubón singles on a line drive to right fielder Fernando Tatis Jr.,R,R,L,ATL,SD,X,9.0,line_drive,1,0,2026,1.29,0.5,0.4895471917009426,3.1307017968274895,,,,1,8,Bot,192.91,111.73,,,,,-2.70870492029375,-140.3772786499434,-3.4749868048243164,17.62967639018301,31.705439253504505,-25.030678123846272,3.17085794,1.600246063,203.0,97.3,11.0,95.4,1953,5.7,824896,669134,664034,630105,592518,593428,657757,701538,665487,54.85,0.883,0.838,0.9,1.0,1.0,0.0,4.0,66,2,Sinker,1,1,1,1,1,1,1,1,Standard,Standard,132,0.041,0.378,68.0,7.0,,1.031,-0.378,97.3,0,0,0.567,0.567,34,31,35,32,1,3,2,1,2.0,1.0,1.95,1.29,-1.29,44.4,-6.8678313524057435,19.032754596747797,22.819044502722846,39.866140586652,15.386439248536174
SI,2026-07-22,96.4,0.39,6.13,"Peralta, Wandy",805347,593974,,called_strike,,,,,6.0,,R,L,L,ATL,SD,S,,,0,0,2026,1.35,0.73,0.2989039363496157,2.4907763534349927,,,643289.0,1,8,Bot,,,,,,,-3.3258488648387674,-140.4043419260473,-5.530788935647576,18.628680984009367,31.215435506016025,-21.47282346547298,3.091871719,1.560383858,,,,95.6,2055,5.8,824896,669134,664034,630105,592518,593428,657757,701538,665487,54.74,,,,,,,,67,1,Sinker,1,1,1,1,1,1,1,1,Standard,Standard,135,-0.009,-0.037,,,,,0.037,,0,0,0.608,0.608,34,25,35,26,1,3,2,1,2.0,1.0,1.71,1.35,1.35,40.8,,,,,
SL,2026-07-22,88.1,0.74,5.79,"Peralta, Wandy",805347,593974,double,hit_into_play,,,,,9.0,Jim Jarvis doubles (4) on a line drive to right fielder Fernando Tatis Jr. Mauricio Dubón scores.,R,L,L,ATL,SD,X,9.0,line_drive,0,1,2026,0.09,0.35,0.3851689159733349,1.629026565151927,,,643289.0,1,8,Bot,203.91,125.1,,,,,-1.033982567076262,-128.2202522568135,-4.441566726998951,1.2267165655390997,28.293592887362458,-27.619485481240623,3.091871719,1.560383858,226.0,80.6,16.0,87.2,2152,5.9,824896,669134,664034,630105,592518,593428,657757,701538,665487,54.65,0.954,0.898,1.25,1.0,1.0,1.0,4.0,67,2,Slider,1,1,1,1,1,2,2,1,Standard,Standard,128,0.281,0.83,73.8,7.9,,1.081,-0.83,88.0,0,0,0.599,0.599,34,25,35,26,1,3,2,1,2.0,1.0,2.61,0.09,0.09,36.8,14.376991094566243,-25.75703164758091,28.468578734057314,30.75048836233371,45.4380826946439
CH,2026-07-22,89.5,0.82,5.79,"Peralta, Wandy",676551,593974,,ball,,,,,14.0,,R,R,L,ATL,SD,B,,,0,0,2026,1.63,0.57,1.3934937652738666,1.7103188156773297,,805347.0,,1,8,Bot,,,,,,,-2.08787729134278,-130.32278506419408,-5.026844156842101,19.05691806901604,27.092023153872997,-24.81096712864604,3.282316273,1.656496063,,,,88.7,2187,5.8,824896,669134,664034,630105,592518,593428,657757,701538,665487,54.74,,,,,,,,68,1,Changeup,2,1,2,1,1,2,2,1,Infield shade,Standard,124,0.001,0.04,,,,,-0.04,,1,1,0.88,0.88,34,30,35,30,1,3,2,1,2.0,3.0,2.27,1.63,-1.63,35.1,,,,,
CH,2026-07-22,89.9,0.81,5.74,"Peralta, Wandy",676551,593974,,ball,,,,,14.0,,R,R,L,ATL,SD,B,,,1,0,2026,1.61,0.5,0.0819509859465457,0.6327008292009613,,805347.0,,1,8,Bot,,,,,,,-5.1877066252739255,-130.7905051673728,-7.448113471638625,19.558903750975965,26.433251228898794,-25.108516039339612,3.282316273,1.656496063,,,,89.3,2299,5.8,824896,669134,664034,630105,592518,593428,657757,701538,665487,54.67,,,,,,,,68,2,Changeup,2,1,2,1,1,2,2,1,Infield shade,Standard,119,0.001,0.024,,,,,-0.024,,1,1,0.881,0.881,34,30,35,30,1,3,2,1,2.0,3.0,2.31,1.61,-1.61,38.0,,,,,
SI,2026-07-22,95.3,0.23,6.04,"Peralta, Wandy",676551,593974,,blocked_ball,,,,,13.0,,R,R,L,ATL,SD,B,,,2,0,2026,1.46,0.8,-1.1456684704236162,0.2786344659996693,,805347.0,,1,8,Bot,,,,,,,-6.808048635979354,-138.3404990057022,-10.916054300712574,20.29732953146795,28.542008767139436,-19.706585486814795,3.282316273,1.656496063,,,,94.3,2142,5.7,824896,669134,664034,630105,592518,593428,657757,701538,665487,54.85,,,,,,,,68,3,Sinker,2,1,2,1,1,2,2,1,Standard,Standard,129,0.002,0.08,,,,,-0.08,,1,1,0.882,0.882,34,30,35,30,1,3,2,1,2.0,3.0,1.71,1.46,-1.46,42.2,,,,,
SI,2026-07-22,96.2,0.43,6.13,"Peralta, Wandy",676551,593974,,called_strike,,,,,12.0,,R,R,L,ATL,SD,S,,,3,0,2026,1.36,0.64,0.3264296502063118,3.4452278624541783,,805347.0,,1,8,Bot,,,,,,,-3.339681801414613,-140.1077237020041,-2.8404457566798995,18.66316563894166,30.49641044065591,-23.28196077374001,3.282316273,1.656496063,,,,95.1,1964,5.5,824896,669134,664034,630105,592518,593428,657757,701538,665487,54.96,,,,,,,,68,4,Sinker,2,1,2,1,1,2,2,1,Standard,Standard,133,-0.001,-0.046,,,,,0.046,,1,1,0.884,0.884,34,30,35,30,1,3,2,1,2.0,3.0,1.81,1.36,-1.36,39.6,,,,,
CH,2026-07-22,89.6,0.44,5.82,"Peralta, Wandy",676551,593974,double,hit_into_play,,,,,5.0,Brewer Hicklen doubles (4) on a sharp line drive to left fielder Gavin Sheets. Jim Jarvis scores.,R,R,L,ATL,SD,X,7.0,line_drive,3,1,2026,1.37,0.37,-0.0371053239834429,2.4041677211259795,,805347.0,,1,8,Bot,51.4,116.52,,,,,-4.054228037395411,-130.47012773311505,-3.0011828265992535,16.460917541064493,27.502726931219726,-27.546898514934508,3.282316273,1.656496063,222.0,104.4,12.0,88.6,2042,5.6,824896,669134,664034,630105,592518,593428,657757,701538,665487,54.88,0.94,0.942,1.25,1.0,1.0,1.0,4.0,68,5,Changeup,2,1,2,1,1,3,3,1,Standard,Standard,124,0.062,0.704,72.2,7.7,,1.246,-0.704,104.4,1,1,0.883,0.883,34,30,35,30,1,3,2,1,2.0,3.0,2.47,1.37,-1.37,34.2,15.21585849188394,-9.545530197936476,30.237314743749764,35.53605065887185,38.92506039027951
SL,2026-07-22,87.3,0.74,5.99,"Peralta, Wandy",686948,593974,,swinging_strike,,,,,13.0,,R,L,L,ATL,SD,S,,,0,0,2026,-0.08,0.48,-0.4605458102009521,0.8333004812314462,,676551.0,,1,8,Bot,,,,,,,-2.652596302676388,-127.04490434726932,-6.939830843735358,-0.3365756016039569,26.407700868750428,-25.715771973413773,3.205962927,1.617962598,,,,86.7,2088,5.9,824896,669134,664034,630105,592518,593428,657757,701538,665487,54.58,,,,,,,,69,1,Slider,3,1,3,1,1,3,3,1,Strategic,Standard,143,-0.002,-0.045,71.3,8.5,2.933209416,,0.045,,2,2,0.945,0.945,34,25,35,25,1,4,2,1,2.0,1.0,2.51,-0.08,-0.08,39.4,19.58198582426247,-7.512881529148712,36.937106868128936,44.526441540855295,36.184077817051666
SL,2026-07-22,86.7,0.7,5.88,"Peralta, Wandy",686948,593974,,ball,,,,,13.0,,R,L,L,ATL,SD,B,,,0,1,2026,-0.18,0.54,-0.5278179063396952,0.8066080702387284,,676551.0,,1,8,Bot,,,,,,,-2.49796673967127,-126.15515672615427,-6.755417283638622,-1.4927854104626217,24.141602375070267,-25.31460836876398,3.205962927,1.617962598,,,,86.0,2138,5.7,824896,669134,664034,630105,592518,593428,657757,701538,665487,54.78,,,,,,,,69,2,Slider,3,1,3,1,1,3,3,1,Strategic,Standard,140,0.001,0.032,,,,,-0.032,,2,2,0.943,0.943,34,25,35,25,1,4,2,1,2.0,1.0,2.48,-0.18,-0.18,42.0,,,,,
SI,2026-07-22,95.4,0.42,6.1,"Peralta, Wandy",686948,593974,,swinging_strike,,,,,9.0,,R,L,L,ATL,SD,S,,,1,1,2026,1.27,0.73,0.4611361359836948,1.6415972399389465,,676551.0,,1,8,Bot,,,,,,,-2.7792244377284874,-138.8072764162961,-7.452878727441279,17.100228614750453,29.926278866213835,-21.28300338483072,3.205962927,1.617962598,,,,94.6,2138,5.8,824896,669134,664034,630105,592518,593428,657757,701538,665487,54.74,,,,,,,,69,3,Sinker,3,1,3,1,1,3,3,1,Strategic,Standard,134,-0.002,-0.071,76.2,7.0,0.980797968,,0.071,,2,2,0.944,0.944,34,25,35,25,1,4,2,1,2.0,1.0,1.77,1.27,1.27,43.2,10.843645855169695,7.386053714608224,34.418097160147944,32.44727998798413,27.101200398085965
CH,2026-07-22,89.4,0.78,5.79,"Peralta, Wandy",686948,593974,,ball,,,,,14.0,,R,L,L,ATL,SD,B,,,1,2,2026,1.46,0.52,2.0117739203927423,2.253885355760423,,676551.0,,1,8,Bot,,,,,,,-0.1286634875913489,-130.1848250666712,-3.6252189141167936,16.658753988036366,26.243316783527593,-25.673109564521123,3.205962927,1.617962598,,,,88.7,2198,5.7,824896,669134,664034,630105,592518,593428,657757,701538,665487,54.77,,,,,,,,69,4,Changeup,3,1,3,1,1,3,3,1,Strategic,Standard,124,0.001,0.029,,,,,-0.029,,2,2,0.942,0.942,34,25,35,25,1,4,2,1,2.0,1.0,2.31,1.46,1.46,37.8,,,,,
SL,2026-07-22,89.0,0.58,5.92,"Peralta, Wandy",686948,593974,,ball,,,,,13.0,,R,L,L,ATL,SD,B,,,2,2,2026,-0.07,0.53,-1.2360593133309836,0.8647853234075402,,676551.0,,1,8,Bot,,,,,,,-4.220409676859144,-129.4457626546662,-7.214034149524426,0.0114499282774968,25.241915494638555,-24.945596043684848,3.205962927,1.617962598,,,,88.6,2209,5.9,824896,669134,664034,630105,592518,593428,657757,701538,665487,54.6,,,,,,,,69,5,Slider,3,1,3,1,1,3,3,1,Strategic,Standard,134,0.002,0.084,,,,,-0.084,,2,2,0.943,0.943,34,25,35,25,1,4,2,1,2.0,1.0,2.33,-0.07,-0.07,40.3,,,,,
SI,2026-07-22,95.6,0.31,6.19,"Peralta, Wandy",686948,593974,,foul,,,,,14.0,,R,L,L,ATL,SD,S,,,3,2,2026,1.38,0.92,0.8982283361400935,1.3958268630372823,,676551.0,,1,8,Bot,,,,,,,-1.6068643468700534,-139.06854870250865,-8.743288455082384,18.30329846562906,32.13480206242162,-18.418022235455027,3.205962927,1.617962598,,,,94.3,2164,5.6,824896,669134,664034,630105,592518,593428,657757,701538,665487,54.86,,,,,,,,69,6,Sinker,3,1,3,1,1,3,3,1,Standard,Standard,133,0.0,0.0,67.1,7.8,,,0.0,,2,2,0.945,0.945,34,25,35,25,1,4,2,1,2.0,1.0,1.58,1.38,1.38,42.1,21.93684113465799,-1.9195223123234495,44.123044246505195,27.086654026980028,30.17882659724592
CH,2026-07-22,89.8,0.59,5.84,"Peralta, Wandy",686948,593974,walk,ball,,,,,14.0,Drake Baldwin walks.,R,L,L,ATL,SD,B,,,3,2,2026,1.1,0.31,2.306184269694258,1.9789452597869217,,676551.0,,1,8,Bot,,,,,,,1.8125401924040985,-130.78145036185748,-3.9856894805466943,12.191658639567134,27.72919184282993,-27.949892705752102,3.205962927,1.617962598,,,,88.8,2059,5.6,824896,669134,664034,630105,592518,593428,657757,701538,665487,54.85,,0.698418,0.7,1.0,0.0,0.0,,69,7,Changeup,3,1,3,1,1,3,3,1,Strategic,Standard,125,0.003,0.193,,,,,-0.193,,2,2,0.945,0.945,34,25,35,25,1,4,2,1,2.0,1.0,2.51,1.1,1.1,35.1,,,,,
SI,2026-07-24,97.4,0.37,6.1,"Peralta, Wandy",681715,593974,,called_strike,,,,,7.0,,R,R,L,MIA,SD,S,,,0,0,2026,1.33,0.55,-0.5368552483047229,2.013510681125259,,,,1,5,Bot,,,,,,,-5.41540550294423,-141.68722151937243,-6.376591163895391,19.08812492963195,34.2429918580808,-23.432559207588007,3.178756562,1.604232283,,,,95.7,2037,5.5,823843,669134,664034,630105,823550,593428,657757,701538,665487,55.05,,,,,,,,43,1,Sinker,1,2,1,2,2,1,1,2,Standard,Standard,133,-0.004,-0.041,,,,,0.041,,-1,-1,0.382,0.382,34,26,35,27,1,2,2,2,2.0,1.0,1.86,1.33,-1.33,43.6,,,,,
CH,2026-07-24,90.0,0.67,5.75,"Peralta, Wandy",681715,593974,home_run,hit_into_play,,,,,8.0,Heriberto Hernández homers (14) on a line drive to center field.,R,R,L,MIA,SD,X,,line_drive,0,1,2026,1.15,0.36,0.251546244134874,2.08104680167749,,,,1,5,Bot,142.23,28.41,,,,,-3.498029941326395,-130.99906946026775,-3.659287550375641,14.020496754879726,28.91377695286546,-27.395304496688517,3.178756562,1.604232283,423.0,110.8,20.0,89.3,2255,6.0,823843,669134,664034,630105,823550,593428,657757,701538,665487,54.54,0.906,1.491,2.0,1.0,0.0,3.0,6.0,43,2,Changeup,1,2,1,2,2,2,2,2,Standard,Standard,126,0.159,1.624,76.7,7.8,,2.725,-1.624,110.8,-1,-1,0.378,0.378,34,26,35,27,1,2,2,2,2.0,1.0,2.46,1.15,-1.15,37.0,6.7363707494050065,5.6142856693904335,29.60890276879185,38.478115030389006,31.508439480667455
SI,2026-07-24,96.3,0.45,6.04,"Peralta, Wandy",669364,593974,,called_strike,,,,,1.0,,R,R,L,MIA,SD,S,,,0,0,2026,1.44,0.81,-0.403779470356846,2.62729014765042,,,,1,5,Bot,,,,,,,-5.492442457782539,-140.03210962748946,-5.0355275734785,20.209546911805095,33.520745959529464,-20.5658577598533,3.055011483,1.541781496,,,,94.8,2172,5.6,823843,669134,664034,630105,823550,593428,657757,701538,665487,54.89,,,,,,,,44,1,Sinker,2,2,2,2,2,2,2,2,Standard,Standard,134,-0.003,-0.041,,,,,0.041,,0,0,0.537,0.537,34,26,35,27,1,2,2,2,2.0,1.0,1.66,1.44,-1.44,44.7,,,,,
SI,2026-07-24,96.8,0.29,6.18,"Peralta, Wandy",669364,593974,,foul_tip,,,,,12.0,,R,R,L,MIA,SD,S,,,0,1,2026,1.36,1.0,1.1768383008168133,2.4165749625042467,,,,1,5,Bot,,,,,,,-0.8119543604653877,-140.88431557294314,-6.460716519967544,18.229763784161097,34.521610880165504,-17.600986594130095,3.055011483,1.541781496,,,,95.0,2284,5.4,823843,669134,664034,630105,823550,593428,657757,701538,665487,55.06,,,,,,,,44,2,Sinker,2,2,2,2,2,2,2,2,Standard,Standard,134,-0.006,-0.057,65.4,6.3,,,0.057,,0,0,0.534,0.534,34,26,35,27,1,2,2,2,2.0,1.0,1.45,1.36,-1.36,47.0,-3.615172618573512,16.18001884645585,22.57970007697897,44.52477992795448,19.81782464681788
CH,2026-07-24,89.3,0.66,5.6,"Peralta, Wandy",669364,593974,,ball,,,,,14.0,,R,R,L,MIA,SD,B,,,0,2,2026,1.59,0.41,1.6601344564756988,1.1192212439893838,,,,1,5,Bot,,,,,,,-0.9699650307422668,-129.96525889740204,-5.570468241654947,18.074601412335632,29.665664256581657,-26.529127810749884,3.055011483,1.541781496,,,,88.6,2264,6.1,823843,669134,664034,630105,823550,593428,657757,701538,665487,54.44,,,,,,,,44,3,Changeup,2,2,2,2,2,2,2,2,Standard,Standard,124,0.002,0.019,,,,,-0.019,,0,0,0.528,0.528,34,26,35,27,1,2,2,2,2.0,1.0,2.47,1.59,-1.59,36.3,,,,,
CH,2026-07-24,89.8,0.54,5.72,"Peralta, Wandy",669364,593974,strikeout,swinging_strike,,,,,14.0,Xavier Edwards strikes out swinging.,R,R,L,MIA,SD,S,2.0,,1,2,2026,1.65,0.43,0.8811074421680105,1.5728600292939745,,,,1,5,Bot,,,,,,,-2.671287971723384,-130.66901990632311,-4.8510248876104045,19.398479771409047,30.01927167489437,-26.414290659572487,3.055011483,1.541781496,,,,88.2,2296,5.5,823843,669134,664034,630105,823550,593428,657757,701538,665487,55.01,,0.0,0.0,1.0,0.0,0.0,,44,4,Changeup,2,2,2,2,2,2,2,2,Standard,Standard,126,-0.015,-0.182,66.6,7.6,1.72285398,,0.182,,0,0,0.53,0.53,34,26,35,27,1,2,2,2,2.0,1.0,2.42,1.65,-1.65,34.5,18.14975045322539,-18.33740348449953,27.18027723201618,40.94103864243792,42.46676811986548
SI,2026-07-24,95.9,0.31,6.18,"Peralta, Wandy",689414,593974,field_out,hit_into_play,,,,,3.0,"Liam Hicks grounds out, second baseman Jake Cronenworth to first baseman Ty France.",R,L,L,MIA,SD,X,4.0,ground_ball,0,0,2026,1.4,1.1,0.7756727087173603,3.14911801326551,,,,2,5,Bot,147.78,148.5,,,,,-1.9993923060170524,-139.49438151665626,-4.652301809435577,18.689823214238775,34.029608021589006,-17.026811096410757,3.085728346,1.557283465,116.0,50.6,21.0,95.0,2292,6.0,823843,669134,664034,630105,823550,593428,657757,701538,665487,54.54,0.163,0.155,0.0,1.0,0.0,0.0,1.0,45,1,Sinker,2,2,2,2,2,2,2,2,Infield shade,Standard,134,-0.015,-0.262,62.4,6.1,,0.186,0.262,88.0,0,0,0.515,0.515,34,27,35,27,1,2,2,2,2.0,1.0,1.4,1.4,1.4,45.9,5.090590486139253,-3.332671632788709,27.64083499886628,26.05926820694218,24.90394997344393
SI,2026-07-24,96.1,0.28,6.16,"Peralta, Wandy",665052,593974,,called_strike,,,,,1.0,,R,L,L,MIA,SD,S,,,0,0,2026,1.5,0.83,-0.5224202453842344,2.999736556985752,,,,0,6,Bot,,,,,,,-5.450914097152833,-139.82109624373385,-4.38238657051758,20.902920511044176,32.9585033896023,-20.544119008596393,3.234046916,1.632135827,,,,94.2,2120,5.3,823843,669134,664034,630105,823550,593428,657757,701538,665487,55.21,,,,,,,,49,1,Sinker,2,2,2,2,2,2,2,2,Infield shade,Standard,133,-0.005,-0.041,,,,,0.041,,0,0,0.576,0.576,34,28,35,29,1,2,2,2,2.0,1.0,1.65,1.5,1.5,42.6,,,,,
CH,2026-07-24,89.2,0.86,5.63,"Peralta, Wandy",665052,593974,,foul,,,,,14.0,,R,L,L,MIA,SD,S,,,0,1,2026,1.62,0.37,0.1445641544998519,1.1878050313326698,,,,0,6,Bot,,,,,,,-5.114145220071507,-129.7225585936122,-5.324820754550194,19.357050899689455,29.01487813346788,-27.011550284630484,3.234046916,1.632135827,,,,87.4,2246,5.4,823843,669134,664034,630105,823550,593428,657757,701538,665487,55.15,,,,,,,,49,2,Changeup,2,2,2,2,2,2,2,2,Infield shade,Standard,127,-0.009,-0.054,77.3,8.6,,,0.054,,0,0,0.571,0.571,34,28,35,29,1,2,2,2,2.0,1.0,2.51,1.62,1.62,36.5,22.818642895990347,-19.185391018190153,31.091462135375984,37.60574106532384,41.17698083437104
CH,2026-07-24,89.8,0.71,5.59,"Peralta, Wandy",665052,593974,,ball,,,,,13.0,,R,L,L,MIA,SD,B,,,0,2,2026,1.54,0.28,-0.390303352417199,0.056296457496848,,,,0,6,Bot,,,,,,,-5.88917886156655,-130.46464033591488,-7.894443265499559,18.82035422009833,27.864483279858582,-27.452562027426385,3.234046916,1.632135827,,,,88.3,2164,5.5,823843,669134,664034,630105,823550,593428,657757,701538,665487,55.0,,,,,,,,49,3,Changeup,2,2,2,2,2,2,2,2,Infield shade,Standard,127,0.004,0.022,,,,,-0.022,,0,0,0.562,0.562,34,28,35,29,1,2,2,2,2.0,1.0,2.56,1.54,1.54,33.1,,,,,
FF,2026-07-24,96.2,0.23,6.15,"Peralta, Wandy",665052,593974,,foul,,,,,5.0,,R,L,L,MIA,SD,S,,,1,2,2026,1.08,1.14,-0.2675767872873276,2.3216594641122907,,,,0,6,Bot,,,,,,,-3.735591366958111,-139.8500719855298,-6.824150570092309,15.016946393519495,33.65120584472776,-15.814225849835635,3.234046916,1.632135827,6.0,69.7,-24.0,94.3,2200,5.4,823843,669134,664034,630105,823550,593428,657757,701538,665487,55.12,,,,,,,,49,4,4-Seam Fastball,2,2,2,2,2,2,2,2,Infield shade,Standard,130,0.0,0.0,76.9,8.2,,,0.0,88.0,0,0,0.566,0.566,34,28,35,29,1,2,2,2,2.0,1.0,1.34,1.08,1.08,44.2,23.891501832082422,-12.914717970754468,24.543098682409425,42.6104963563544,41.61683490756563
CH,2026-07-24,90.6,0.76,5.66,"Peralta, Wandy",665052,593974,,ball,,,,,13.0,,R,L,L,MIA,SD,B,,,1,2,2026,1.63,0.38,-0.1254829249191007,-0.1486767209243673,,,,0,6,Bot,,,,,,,-5.615392583368918,-131.54245551053876,-8.876971369132711,20.116550668039977,30.20531455164282,-25.97537202105153,3.234046916,1.632135827,,,,88.6,2187,5.3,823843,669134,664034,630105,823550,593428,657757,701538,665487,55.16,,,,,,,,49,5,Changeup,2,2,2,2,2,2,2,2,Infield shade,Standard,125,0.005,0.046,,,,,-0.046,,0,0,0.566,0.566,34,28,35,29,1,2,2,2,2.0,1.0,2.43,1.63,1.63,36.3,,,,,
SI,2026-07-24,96.0,0.01,6.24,"Peralta, Wandy",665052,593974,field_out,hit_into_play,,,,,5.0,"Griffin Conine grounds out sharply, second baseman Jake Cronenworth to first baseman Ty France.",R,L,L,MIA,SD,X,4.0,ground_ball,2,2,2026,1.39,0.79,0.1593949253138007,2.306938819100994,,,,0,6,Bot,148.24,160.12,,,,,-2.755807938326942,-139.73618778598453,-6.266163552273143,18.849738074788785,33.272768160186445,-20.65769931471059,3.234046916,1.632135827,111.0,102.6,6.0,94.2,2124,5.4,823843,669134,664034,630105,823550,593428,657757,701538,665487,55.15,0.649,0.603,0.0,1.0,0.0,0.0,4.0,49,6,Sinker,2,2,2,2,2,2,2,2,Infield shade,Standard,132,-0.029,-0.232,82.2,8.0,,0.732,0.232,102.6,0,0,0.571,0.571,34,28,35,29,1,2,2,2,2.0,1.0,1.7,1.39,1.39,45.4,22.916599025358643,-0.0457532548486959,28.33860617164045,38.123407010277006,32.89380186608602
SI,2026-07-24,95.5,0.35,6.15,"Peralta, Wandy",805300,593974,,ball,,,,,12.0,,R,L,L,MIA,SD,B,,,0,0,2026,1.47,0.77,1.492258801174112,4.613960838707741,,,,1,6,Bot,,,,,,,-0.3760893661102171,-139.05837413305022,0.018876268499566,18.973403817064696,34.98282062384799,-22.562661439098637,3.212106299,1.621062992,,,,93.2,2029,5.2,823843,669134,664034,630105,823550,593428,657757,701538,665487,55.33,,,,,,,,50,1,Sinker,2,2,2,2,2,2,2,2,Infield shade,Standard,131,0.004,0.041,,,,,-0.041,,0,0,0.542,0.542,34,25,35,25,1,2,2,3,2.0,1.0,1.75,1.47,1.47,48.8,,,,,
SI,2026-07-24,96.3,0.37,6.15,"Peralta, Wandy",805300,593974,single,hit_into_play,,,,,14.0,Jakob Marsee singles on a ground ball to second baseman Jake Cronenworth.,R,L,L,MIA,SD,X,4.0,ground_ball,1,0,2026,1.39,0.93,0.328964876727003,1.4766507949431131,,,,1,6,Bot,133.11,145.59,,,,,-3.2567284630612576,-140.0051408461463,-8.525780780029217,18.984858530321997,34.71102376291465,-18.0836783630853,3.212106299,1.621062992,39.0,76.4,1.0,94.2,2109,5.3,823843,669134,664034,630105,823550,593428,657757,701538,665487,55.16,0.186,0.181,0.9,1.0,1.0,0.0,2.0,50,2,Sinker,2,2,2,2,2,2,2,2,Strategic,Standard,131,0.032,0.378,72.8,7.6,,0.201,-0.378,88.0,0,0,0.546,0.546,34,25,35,25,1,2,2,3,2.0,1.0,1.55,1.39,1.39,43.8,4.80579066702657,-21.441173224690424,42.531214339926855,36.0600456445041,40.229459724450905
,2026-07-24,94.9,0.33,6.05,"Peralta, Wandy",691594,593974,,automatic_ball,,,,,,,R,R,L,MIA,SD,B,,,0,0,2026,1.45,0.73,,,,,805300.0,1,6,Bot,,,,,,,-6.896941978119979,-137.82621508379165,-8.924273940926899,20.0429632127704,32.71752779701809,-21.01840826983596,,,,,,93.3,2155,5.6,823843,669134,664034,630105,823550,593428,657757,701538,665487,54.92,,,,,,,,51,1,,2,2,2,2,2,2,2,2,,,132,0.005,,,,,,,,0,0,0.578,0.578,34,23,35,24,1,2,2,2,2.0,1.0,1.83,1.45,-1.45,,,,,,
CH,2026-07-24,90.1,0.56,5.7,"Peralta, Wandy",691594,593974,,swinging_strike,,,,,14.0,,R,R,L,MIA,SD,S,,,1,0,2026,1.72,0.29,0.9890568792638814,0.5471719953980143,,,805300.0,1,6,Bot,,,,,,,-2.604184419669239,-130.92145115810706,-6.9539272817201265,20.22247618517451,31.881190262743196,-27.422877196180384,2.995333005,1.511663386,,,,87.9,2307,5.3,823843,669134,664034,630105,823550,593428,657757,701538,665487,55.19,,,,,,,,51,2,Changeup,2,2,2,2,2,2,2,2,Standard,Standard,121,-0.007,-0.045,67.7,9.1,5.125148652,,0.045,,0,0,0.583,0.583,34,23,35,24,1,2,2,2,2.0,1.0,2.56,1.72,-1.72,40.8,16.114877133665107,-28.65484777406651,30.27229773509817,44.9397408718423,38.30502166254442
CH,2026-07-24,89.2,0.56,5.76,"Peralta, Wandy",691594,593974,,foul_bunt,,,,,14.0,,R,R,L,MIA,SD,S,,,1,1,2026,1.57,0.13,0.8816002103392564,1.82202072485555,,,805300.0,1,6,Bot,,,,,,,-2.5231888581854314,-129.8081174515336,-3.5514307593467405,18.11595882100788,32.127774138929674,-30.065931270823665,2.995333005,1.511663386,,,,87.2,2277,5.4,823843,669134,664034,630105,823550,593428,657757,701538,665487,55.09,,,,,,,,51,3,Changeup,2,2,2,2,2,2,2,2,Standard,Standard,125,-0.011,-0.067,,,,,0.067,88.0,0,0,0.576,0.576,34,23,35,24,1,2,2,2,2.0,1.0,2.78,1.57,-1.57,38.6,,,,,
CH,2026-07-24,88.4,0.66,5.73,"Peralta, Wandy",691594,593974,field_out,hit_into_play,,,,,14.0,Javier Sanoja flies out to second baseman Jake Cronenworth.,R,R,L,MIA,SD,X,4.0,fly_ball,1,2,2026,1.57,0.27,0.920047368649156,0.6355206215927058,,,805300.0,1,6,Bot,156.11,143.17,,,,,-2.6350461245671566,-128.5630090542711,-6.434507445298922,17.86316535399152,29.81619246375455,-27.96841057867369,2.995333005,1.511663386,181.0,62.9,49.0,86.2,2110,5.2,823843,669134,664034,630105,823550,593428,657757,701538,665487,55.29,0.109,0.098,0.0,1.0,0.0,0.0,3.0,51,4,Changeup,2,2,2,2,2,2,2,2,Standard,Standard,122,-0.03,-0.183,71.9,8.1,,0.123,0.183,88.0,0,0,0.565,0.565,34,23,35,24,1,2,2,2,2.0,1.0,2.68,1.57,-1.57,34.8,14.43576054442261,-9.350757075310645,28.008342684922056,43.828988342104424,37.30176551684133
SL,2026-07-24,89.3,0.7,5.81,"Peralta, Wandy",691788,593974,,ball,,,,,13.0,,R,L,L,MIA,SD,B,,,0,0,2026,0.13,0.73,-1.2165163239450627,1.0028706115465535,,,805300.0,2,6,Bot,,,,,,,-4.869515086032495,-129.78229676965864,-7.010281836797694,2.4937867816193635,27.818104380682936,-22.596444724395297,3.220882546,1.625492126,,,,88.1,2198,5.7,823843,669134,664034,630105,823550,593428,657757,701538,665487,54.83,,,,,,,,52,1,Slider,2,2,2,2,2,2,2,2,Standard,Standard,142,0.003,0.038,,,,,-0.038,,0,0,0.535,0.535,34,23,35,24,1,2,2,2,2.0,2.0,2.14,0.13,0.13,41.4,,,,,
SI,2026-07-24,95.6,0.05,6.18,"Peralta, Wandy",691788,593974,truncated_pa,swinging_strike,,,,,14.0,,R,L,L,MIA,SD,S,2.0,,1,0,2026,1.42,0.94,0.1683221374278651,1.044305392676752,,,805300.0,2,6,Bot,,,,,,,-2.9062184375152453,-138.8865120788408,-9.5604788530491,19.020327070932577,33.72466369902212,-17.97771605152432,3.220882546,1.625492126,,,,93.6,2240,5.4,823843,669134,664034,630105,823550,593428,657757,701538,665487,55.13,,,0.0,0.0,0.0,0.0,,52,2,Sinker,2,2,2,2,2,2,2,2,Standard,Standard,131,-0.038,-0.313,75.1,7.8,4.198527096,,0.313,,0,0,0.538,0.538,34,23,35,24,1,2,2,2,2.0,2.0,1.58,1.42,1.42,44.9,16.723832851668902,-2.8378913729088366,37.31930814944854,35.382620938670094,32.67919367231001
SI,2026-07-26,96.4,0.3,6.2,"Peralta, Wandy",691594,593974,,called_strike,,,,,3.0,,R,R,L,MIA,SD,S,,,0,0,2026,1.4,1.04,0.7254699641104481,2.86061548424836,,,,0,7,Bot,,,,,,,-2.066943958710456,-140.3187694484054,-5.353982463128913,18.95157565045595,33.68215636934199,-17.4887442470406,2.995333005,1.511663386,,,,94.4,2200,5.2,823840,669134,664034,630105,650859,823550,657757,701538,665487,55.27,,,,,,,,54,1,Sinker,3,1,3,1,1,3,3,1,Standard,Standard,135,-0.002,-0.041,,,,,0.041,,2,2,0.887,0.887,34,23,35,24,1,0,2,1,3.0,1.0,1.43,1.4,-1.4,46.8,,,,,
SI,2026-07-26,96.0,0.09,6.13,"Peralta, Wandy",691594,593974,,ball,,,,,11.0,,R,R,L,MIA,SD,B,,,0,1,2026,1.46,1.05,-0.879069653098981,2.2662486905510004,,,,0,7,Bot,,,,,,,-5.768884075354389,-139.59385802716298,-6.664670123434757,20.35957563900067,33.247515554243606,-17.16602531284879,2.995333005,1.511663386,,,,94.2,2248,5.4,823840,669134,664034,630105,650859,823550,657757,701538,665487,55.09,,,,,,,,54,2,Sinker,3,1,3,1,1,3,3,1,Standard,Standard,132,0.001,0.029,,,,,-0.029,,2,2,0.885,0.885,34,23,35,24,1,0,2,1,3.0,1.0,1.44,1.46,-1.46,50.1,,,,,
CH,2026-07-26,89.2,0.57,5.66,"Peralta, Wandy",691594,593974,single,hit_into_play,,,,,9.0,Javier Sanoja singles on a ground ball to center fielder Jackson Merrill.,R,R,L,MIA,SD,X,8.0,ground_ball,1,1,2026,1.65,0.28,0.768929613060403,1.8004803066963553,,,,0,7,Bot,121.42,105.61,,,,,-3.001362538925207,-129.8617813634535,-3.763066289513499,19.205663141264473,29.410101693108732,-28.382848273688413,2.995333005,1.511663386,40.0,100.0,-1.0,88.1,2319,5.8,823840,669134,664034,630105,650859,823550,657757,701538,665487,54.72,0.394,0.361,0.9,1.0,1.0,0.0,2.0,54,3,Changeup,3,1,3,1,1,3,3,1,Standard,Standard,124,0.016,0.457,72.9,7.5,,0.442,-0.457,100.0,2,2,0.886,0.886,34,23,35,24,1,0,2,1,3.0,1.0,2.6,1.65,-1.65,35.4,5.725004320619038,3.467599021275483,20.057789488913055,42.945444069561866,29.064644032593193
SI,2026-07-26,96.4,0.56,6.06,"Peralta, Wandy",691788,593974,sac_bunt,hit_into_play,,,,,12.0,"Joe Mack out on a sacrifice bunt, third baseman Luis Rengifo to first baseman Ty France. Javier Sanoja to 2nd.",R,L,L,MIA,SD,X,5.0,ground_ball,0,0,2026,1.52,0.71,1.0436986376505104,3.214355022934141,,,691594.0,0,7,Bot,118.49,188.76,,,,,-2.220076156752553,-140.3467282369139,-3.380367391202897,20.507626704117087,33.96770202226362,-22.243222838319255,3.220882546,1.625492126,3.0,37.0,-45.0,94.9,2041,5.6,823840,669134,664034,630105,650859,823550,657757,701538,665487,54.94,,,0.2,0.0,0.0,0.0,1.0,55,1,Sinker,3,1,3,1,1,3,3,1,Standard,Standard,131,-0.005,-0.024,4.4,1.3,,,0.024,88.0,2,2,0.902,0.902,34,23,35,24,1,2,2,2,3.0,1.0,1.75,1.52,1.52,44.0,-46.10435753413091,-170.65224818861935,10.97702723820268,30.076804046577895,23.22947282364879
CH,2026-07-26,89.6,0.59,5.78,"Peralta, Wandy",672640,593974,,ball,,,,,14.0,,R,R,L,MIA,SD,B,,,0,0,2026,1.45,0.11,0.8569239989288105,1.8724195064906144,,691594.0,,1,7,Bot,,,,,,,-2.435227235401942,-130.35997566481868,-3.5658113260449653,17.022689624970816,29.80883280086981,-30.319710411552656,3.136630577,1.582972441,,,,87.9,2153,5.4,823840,669134,664034,630105,650859,823550,657757,701538,665487,55.07,,,,,,,,56,1,Changeup,3,1,3,1,1,3,3,1,Standard,Standard,125,0.001,0.04,,,,,-0.04,,2,2,0.897,0.897,34,27,35,28,1,3,2,1,3.0,1.0,2.75,1.45,-1.45,40.8,,,,,
CH,2026-07-26,89.3,0.53,5.68,"Peralta, Wandy",672640,593974,,ball,,,,,14.0,,R,R,L,MIA,SD,B,,,1,0,2026,1.65,0.25,1.4172033344235522,1.3810135970042916,,691594.0,,1,7,Bot,,,,,,,-1.346770352124211,-129.89574533879585,-4.747493736696869,18.8571506354276,29.644168440418273,-28.51721101491596,3.136630577,1.582972441,,,,87.7,2229,5.5,823840,669134,664034,630105,650859,823550,657757,701538,665487,54.97,,,,,,,,56,2,Changeup,3,1,3,1,1,3,3,1,Standard,Standard,120,0.001,0.024,,,,,-0.024,,2,2,0.898,0.898,34,27,35,28,1,3,2,1,3.0,1.0,2.63,1.65,-1.65,36.1,,,,,
CH,2026-07-26,88.4,0.52,5.7,"Peralta, Wandy",672640,593974,fielders_choice_out,hit_into_play,,,,,6.0,"Otto Lopez reaches on a fielder's choice out, shortstop Sung-Mun Song to third baseman Luis Rengifo. Javier Sanoja out at 3rd.",R,R,L,MIA,SD,X,6.0,ground_ball,2,0,2026,1.42,0.18,0.4508596930524766,2.220412068088866,,691594.0,,1,7,Bot,104.66,156.0,,,,,-3.1357879210805333,-128.71161278123705,-2.528261888689456,16.42115577176943,28.782508719504943,-29.79144035126808,3.136630577,1.582972441,31.0,81.4,-2.0,86.9,2225,5.5,823840,669134,664034,630105,650859,823550,657757,701538,665487,55.04,0.157,0.152,0.0,1.0,0.0,0.0,2.0,56,3,Changeup,3,1,3,1,1,3,3,1,Standard,Standard,124,-0.025,-0.313,73.3,6.5,,0.174,0.313,88.0,2,2,0.899,0.899,34,27,35,28,1,3,2,1,3.0,1.0,2.75,1.42,-1.42,41.0,5.171449085690075,0.0048580122996004,28.309591101420157,41.88307070917145,35.934935481722874
SI,2026-07-26,95.3,0.32,6.04,"Peralta, Wandy",669065,593974,,swinging_strike,,,,,14.0,,R,L,L,MIA,SD,S,,,0,0,2026,1.54,0.71,1.3030074634322424,1.606082533079233,,,672640.0,2,7,Bot,,,,,,,-0.9622125645717274,-138.61638254908476,-7.224197903707775,20.023762351397902,33.377859452685676,-21.522593597203272,3.295480643,1.663139764,,,,93.2,2091,5.2,823840,669134,664034,630105,650859,823550,657757,701538,665487,55.26,,,,,,,,57,1,Sinker,3,1,3,1,1,3,3,1,Infield shade,Standard,129,-0.002,-0.041,76.0,7.2,1.826158284,,0.041,,2,2,0.874,0.874,34,28,35,28,1,3,2,1,3.0,1.0,1.81,1.54,1.54,46.0,23.427337579019483,-11.044920959163363,38.371664727848106,24.110547637934545,36.066628310715984
SI,2026-07-26,96.6,0.06,6.2,"Peralta, Wandy",669065,593974,,swinging_strike,,,,,2.0,,R,L,L,MIA,SD,S,,,0,1,2026,1.48,0.95,0.2315211368058098,3.1386018607754496,,,672640.0,2,7,Bot,,,,,,,-2.9279415812606233,-140.5101768594328,-4.469457033824278,20.2481067129736,34.51905486059889,-18.732918037549165,3.295480643,1.663139764,,,,94.6,2237,5.3,823840,669134,664034,630105,650859,823550,657757,701538,665487,55.16,,,,,,,,57,2,Sinker,3,1,3,1,1,3,3,1,Infield shade,Standard,138,-0.003,-0.061,77.7,6.1,0.557530284,,0.061,,2,2,0.872,0.872,34,28,35,28,1,3,2,1,3.0,1.0,1.51,1.48,1.48,47.6,17.981444699743008,10.546198656987954,30.3597610239026,35.74451737432022,26.329816503964548
SI,2026-07-26,96.4,0.3,6.12,"Peralta, Wandy",669065,593974,,blocked_ball,,,,,14.0,,R,L,L,MIA,SD,B,,,0,2,2026,1.47,0.75,0.7658448348812233,0.5279898439411677,,,672640.0,2,7,Bot,,,,,,,-2.134937210148486,-140.07288674920497,-10.52058267977818,19.82202053390359,33.60830651792989,-20.04260103425569,3.295480643,1.663139764,,,,94.8,2139,5.6,823840,669134,664034,630105,650859,823550,657757,701538,665487,54.95,,,,,,,,57,3,Sinker,3,1,3,1,1,3,3,1,Infield shade,Standard,130,0.001,0.021,,,,,-0.021,,2,2,0.869,0.869,34,28,35,28,1,3,2,1,3.0,1.0,1.72,1.47,1.47,42.7,,,,,
FF,2026-07-26,95.8,-0.01,6.24,"Peralta, Wandy",669065,593974,,ball,,,,,13.0,,R,L,L,MIA,SD,B,,,1,2,2026,1.0,1.41,-1.3822444265119915,0.931060721103718,,,672640.0,2,7,Bot,,,,,,,-5.758203660471588,-138.98251072966377,-11.088010369377823,14.328670235133544,33.750131139123184,-11.49311081671249,3.295480643,1.663139764,,,,93.6,2179,5.4,823840,669134,664034,630105,650859,823550,657757,701538,665487,55.12,,,,,,,,57,4,4-Seam Fastball,3,1,3,1,1,3,3,1,Infield shade,Standard,130,0.002,0.052,,,,,-0.052,,2,2,0.87,0.87,34,28,35,28,1,3,2,1,3.0,1.0,1.11,1.0,1.0,46.2,,,,,
SI,2026-07-26,96.5,0.2,6.23,"Peralta, Wandy",669065,593974,field_out,hit_into_play,,,,,8.0,Kyle Stowers grounds out to first baseman Ty France.,R,L,L,MIA,SD,X,3.0,ground_ball,2,2,2026,1.38,1.07,0.2723404475614597,1.8010980940630965,,,672640.0,2,7,Bot,158.0,171.27,,,,,-2.9435640385447965,-140.33051389223394,-8.259963856225754,18.87734174696593,33.57103477835461,-16.270203701751765,3.295480643,1.663139764,6.0,85.8,-18.0,94.5,2205,5.3,823840,669134,664034,630105,650859,823550,657757,701538,665487,55.21,0.066,0.062,0.0,1.0,0.0,0.0,2.0,57,5,Sinker,3,1,3,1,1,3,3,1,Infield shade,Standard,135,-0.01,-0.246,75.6,6.8,,0.079,0.246,88.0,2,2,0.872,0.872,34,28,35,28,1,3,2,1,3.0,1.0,1.39,1.38,1.38,48.9,11.784821421117297,4.76020501718244,39.79376500708307,35.09865786237316,31.581586239571152
SI,2026-07-29,96.5,0.46,6.26,"Peralta, Wandy",681198,593974,,ball,,,,,12.0,,R,L,L,SD,COL,B,,,0,0,2026,1.23,0.6,1.0111284410365604,4.120986320067399,,,,2,6,Top,,,,,,,-1.3774066816133024,-140.69403623032758,-1.399014217515445,16.66311599364019,30.02855027347675,-24.06925378870164,3.422736221,1.727362205,,,,95.9,2141,5.7,823273,666023,664034,630105,592518,593428,650859,701538,665487,54.81,,,,,,,,43,1,Sinker,3,0,0,3,0,3,0,3,Infield shade,Standard,138,-0.001,0.041,,,,,-0.041,,3,-3,0.902,0.098,34,26,35,26,1,2,3,1,1.0,2.0,1.83,1.23,1.23,43.0,,,,,
SL,2026-07-29,88.6,0.74,5.87,"Peralta, Wandy",681198,593974,,called_strike,,,,,3.0,,R,L,L,SD,COL,S,,,1,0,2026,-0.21,0.29,0.5521519077043102,3.0301422638017517,,,,2,6,Top,,,,,,,-0.0154536350695125,-129.0884887392546,-1.3377553410102685,-2.369964161816512,25.457240325059804,-28.815102650542737,3.422736221,1.727362205,,,,88.6,2144,6.1,823273,666023,664034,630105,592518,593428,650859,701538,665487,54.41,,,,,,,,43,2,Slider,3,0,0,3,0,3,0,3,Infield shade,Standard,147,0.001,-0.056,,,,,0.056,,3,-3,0.901,0.099,34,26,35,26,1,2,3,1,1.0,2.0,2.59,-0.21,-0.21,40.6,,,,,
SI,2026-07-29,96.0,0.38,6.11,"Peralta, Wandy",681198,593974,,swinging_strike,,,,,14.0,,R,L,L,SD,COL,S,,,1,1,2026,1.33,0.7,1.3172519877901503,2.2695425834751317,,,,2,6,Top,,,,,,,-0.5981097214974441,-139.67762676941393,-5.865534489840055,17.463177926448978,32.746591628988206,-21.881070695816167,3.422736221,1.727362205,,,,95.0,2103,5.8,823273,666023,664034,630105,592518,593428,650859,701538,665487,54.71,,,,,,,,43,3,Sinker,3,0,0,3,0,3,0,3,Infield shade,Standard,134,0.003,-0.064,72.4,7.2,1.574962236,,0.064,,3,-3,0.902,0.098,34,26,35,26,1,2,3,1,1.0,2.0,1.78,1.33,1.33,47.2,19.66920042155753,-12.761312766195188,44.473224088791426,14.4575771977347,29.284097210288444
SI,2026-07-29,97.0,0.23,6.22,"Peralta, Wandy",681198,593974,strikeout,foul_tip,,,,,14.0,TJ Rumfield strikes out on a foul tip.,R,L,L,SD,COL,S,2.0,,1,2,2026,1.55,0.67,0.1008382850535913,1.1501584201353212,,,,2,6,Top,,,,,,,-3.894833915431357,-140.86317372233802,-9.155228643771157,21.42404074330663,34.26177533568923,-21.264721833613855,3.422736221,1.727362205,,,,95.8,2084,5.9,823273,666023,664034,630105,592518,593428,650859,701538,665487,54.61,,0.0,0.0,1.0,0.0,0.0,,43,4,Sinker,3,0,0,3,0,3,0,3,Infield shade,Standard,141,0.006,-0.183,69.0,6.8,,,0.183,,3,-3,0.905,0.095,34,26,35,26,1,2,3,1,1.0,2.0,1.78,1.55,1.55,47.0,1.9683520477398535,5.972150867608751,45.8164688265117,28.177364971252175,25.74593196792791
SL,2026-07-29,87.6,1.07,5.81,"Peralta, Wandy",650489,593974,single,hit_into_play,,,,,12.0,Willi Castro singles on a soft bunt ground ball to pitcher Wandy Peralta.,R,R,L,SD,COL,X,1.0,ground_ball,0,0,2026,-0.23,0.43,1.2117458245762531,2.615475626199705,,,,0,7,Top,119.49,194.36,,,,,0.8207230400707546,-127.59076685499166,-2.227862831617708,-2.650864098998359,28.88746046804146,-27.242991972589845,3.203330053,1.616633858,2.0,35.4,-52.0,86.8,2013,5.9,823273,666023,664034,630105,592518,593428,687749,701538,665487,54.55,0.293,0.264,0.9,1.0,1.0,0.0,1.0,48,1,Slider,3,0,0,3,0,3,0,3,Standard,Standard,156,-0.044,0.142,9.6,1.6,,0.294,-0.142,88.0,3,-3,0.893,0.107,34,29,35,29,1,2,3,1,1.0,3.0,2.56,-0.23,0.23,37.6,-49.66038869232721,-21.982651134319635,22.949074803108697,47.02740432881674,27.737105264612985
SI,2026-07-29,95.3,0.78,6.14,"Peralta, Wandy",671289,593974,,ball,,,,,12.0,,R,R,L,SD,COL,B,,,0,0,2026,1.18,0.74,0.5800164876399444,4.403781889179953,,,650489.0,0,7,Top,,,,,,,-3.1815088162972223,-138.84614969331875,-0.4595297857372587,15.999181152800029,31.40810848365731,-22.74297742731497,3.150672572,1.590059055,,,,94.3,2087,5.7,823273,666023,664034,630105,592518,593428,687749,701538,665487,54.82,,,,,,,,49,1,Sinker,3,0,0,3,0,3,0,3,Standard,Standard,130,-0.007,0.037,,,,,-0.037,,3,-3,0.849,0.151,34,27,35,27,1,2,3,1,1.0,2.0,1.77,1.18,-1.18,41.2,,,,,
SI,2026-07-29,94.6,0.63,6.02,"Peralta, Wandy",671289,593974,,foul,,,,,6.0,,R,R,L,SD,COL,S,,,1,0,2026,1.05,0.76,0.5362897799077558,2.3539740469469814,,,650489.0,0,7,Top,,,,,,,-2.6075714738859643,-137.77831724526465,-5.3342271005379,14.015104458994957,30.51757867040659,-21.54809447153612,3.150672572,1.590059055,256.0,82.6,40.0,93.8,2138,5.7,823273,666023,664034,630105,592518,593428,687749,701538,665487,54.75,,,,,,,,49,2,Sinker,3,0,0,3,0,3,0,3,Standard,Standard,129,0.009,-0.052,69.3,6.5,,,0.052,88.0,3,-3,0.842,0.158,34,27,35,27,1,2,3,1,1.0,2.0,1.78,1.05,-1.05,39.5,-5.542316101358304,20.804164045286612,32.9078321595271,42.843959790713114,21.623886022022575
SI,2026-07-29,96.0,0.27,6.24,"Peralta, Wandy",671289,593974,,called_strike,,,,,12.0,,R,R,L,SD,COL,S,,,1,1,2026,1.27,0.63,0.2075615811830393,3.519024582884322,,,650489.0,0,7,Top,,,,,,,-3.05998643907399,-139.76465292873107,-2.81589964841531,17.342565308020802,32.75973291534705,-23.532111673396496,3.150672572,1.590059055,,,,95.0,1989,5.8,823273,666023,664034,630105,592518,593428,687749,701538,665487,54.74,,,,,,,,49,3,Sinker,3,0,0,3,0,3,0,3,Standard,Standard,133,0.01,-0.054,,,,,0.054,,3,-3,0.851,0.149,34,27,35,27,1,2,3,1,1.0,2.0,1.85,1.27,-1.27,45.1,,,,,
FF,2026-07-29,97.3,0.25,6.19,"Peralta, Wandy",671289,593974,single,hit_into_play,,,,,1.0,Tyler Freeman singles on a soft line drive to right fielder Fernando Tatis Jr. Willi Castro to 2nd.,R,R,L,SD,COL,X,9.0,line_drive,1,2,2026,0.77,0.83,-0.6692006872578224,3.030257649916635,,,650489.0,0,7,Top,180.46,157.3,,,,,-4.177685116483543,-141.63782894812934,-4.630117197951923,11.375415730056815,33.66826124912073,-20.12575173321252,3.150672572,1.590059055,115.0,49.1,26.0,96.1,1973,5.7,823273,666023,664034,630105,592518,593428,687749,701538,665487,54.81,0.131,0.118,0.9,1.0,1.0,0.0,1.0,49,4,4-Seam Fastball,3,0,0,3,0,3,0,3,Standard,Standard,133,-0.086,0.537,57.1,5.8,,0.141,-0.537,88.0,3,-3,0.861,0.139,34,27,35,27,1,2,3,1,1.0,2.0,1.58,0.77,-0.77,45.7,-7.537366669058923,11.066276345919537,35.840045513748386,27.91418385672923,20.399156429876157
SI,2026-07-29,96.6,0.35,6.17,"Peralta, Wandy",666160,593974,,ball,,,,,13.0,,R,L,L,SD,COL,B,,,0,0,2026,1.01,0.74,-0.1520032615357927,1.1698658448072814,,650489.0,671289.0,0,7,Top,,,,,,,-3.6074871446182417,-140.4958709423723,-9.109553396836116,14.221264357751911,31.200986442836612,-20.552650704155702,3.254232283,1.642322835,,,,95.7,2054,5.7,823273,666023,664034,630105,592518,593428,687749,701538,665487,54.76,,,,,,,,50,1,Sinker,3,0,0,3,0,3,0,3,Strategic,Standard,134,-0.011,0.051,,,,,-0.051,,3,-3,0.775,0.225,34,28,35,28,1,2,3,1,1.0,2.0,1.7,1.01,1.01,44.4,,,,,
SI,2026-07-29,96.3,0.32,6.18,"Peralta, Wandy",666160,593974,field_out,hit_into_play,,,,,6.0,Mickey Moniak pops out to third baseman Manny Machado on the infield fly rule.,R,L,L,SD,COL,X,5.0,popup,1,0,2026,1.06,0.74,0.4443682282172224,2.3643383884783016,,650489.0,671289.0,0,7,Top,98.27,163.24,,,,,-2.1007730224500665,-140.2117695859457,-5.994508966787714,14.4036515537677,31.41204063049921,-21.269984293419707,3.254232283,1.642322835,106.0,79.3,68.0,95.7,2074,5.9,823273,666023,664034,630105,592518,593428,687749,701538,665487,54.64,0.003,0.005,0.0,1.0,0.0,0.0,3.0,50,2,Sinker,3,0,0,3,0,3,0,3,Strategic,Standard,130,0.076,-0.306,79.0,7.8,,0.007,0.306,88.0,3,-3,0.764,0.236,34,28,35,28,1,2,3,1,1.0,2.0,1.71,1.06,1.06,43.5,13.61781995653016,-6.364168696559233,36.149399721238424,34.77611853729652,28.636006975163355
SI,2026-07-30,93.8,0.89,6.09,"Peralta, Wandy",805811,593974,,called_strike,,,,,8.0,,R,L,L,SD,SF,S,,,0,0,2026,1.24,0.84,0.0522260362275297,1.823843341435546,687529.0,683766.0,650333.0,2,4,Top,,,,,,,-4.864075973433999,-136.44301411897234,-6.897744582302288,16.558388399511855,29.169167768857328,-20.34316655694997,3.541215551,1.787155512,,,,92.9,1960,5.7,823271,669134,664034,630105,592518,593428,687749,701538,665487,54.77,,,,,,,,33,1,Sinker,1,3,3,1,3,1,3,1,Infield shade,Standard,126,0.009,-0.04,,,,,0.04,,-2,2,0.253,0.747,34,21,35,22,1,2,1,1,2.0,1.0,1.74,1.24,1.24,46.9,,,,,
CH,2026-07-30,86.9,0.94,5.65,"Peralta, Wandy",805811,593974,,blocked_ball,,,,,13.0,,R,L,L,SD,SF,B,,,0,1,2026,1.32,0.48,-0.5182633774187808,0.1909127340833469,687529.0,683766.0,650333.0,2,4,Top,,,,,,,-6.126391496286923,-126.33797337698245,-7.561304451661726,15.351956554212004,25.071021917216775,-25.72603578431131,3.541215551,1.787155512,,,,86.2,2197,5.8,823271,669134,664034,630105,592518,593428,687749,701538,665487,54.68,,,,,,,,33,2,Changeup,1,3,3,1,3,1,3,1,Infield shade,Standard,122,-0.006,0.028,,,,,-0.028,,-2,2,0.262,0.738,34,21,35,22,1,2,1,1,2.0,1.0,2.54,1.32,1.32,33.3,,,,,
SI,2026-07-30,94.3,0.78,6.18,"Peralta, Wandy",805811,593974,,foul,,,,,8.0,,R,L,L,SD,SF,S,,,1,1,2026,1.33,0.91,0.103813636464441,1.723670552977466,687529.0,683766.0,650333.0,2,4,Top,,,,,,,-4.657577089493073,-137.1652992825043,-7.64657702015927,17.774628445539214,29.233899525318417,-19.153900212569564,3.541215551,1.787155512,5.0,77.2,-20.0,93.3,2132,5.7,823271,669134,664034,630105,592518,593428,687749,701538,665487,54.85,,,,,,,,33,3,Sinker,1,3,3,1,3,1,3,1,Infield shade,Standard,127,0.014,-0.064,73.6,8.0,,,0.064,88.0,-2,2,0.256,0.744,34,21,35,22,1,2,1,1,2.0,1.0,1.64,1.33,1.33,43.1,6.378454614213903,-21.729697111999393,43.25264946123741,35.44092892888627,36.94603254630878
FF,2026-07-30,94.7,0.51,6.26,"Peralta, Wandy",805811,593974,,ball,,,,,12.0,,R,L,L,SD,SF,B,,,1,2,2026,0.8,0.99,0.2737595989447003,3.850147852894698,687529.0,683766.0,650333.0,2,4,Top,,,,,,,-2.3961512577993567,-137.91211509857325,-2.657355091375359,10.735841624598944,31.14871660640569,-19.209183886722748,3.541215551,1.787155512,,,,93.5,2027,5.6,823271,669134,664034,630105,592518,593428,687749,701538,665487,54.94,,,,,,,,33,4,4-Seam Fastball,1,3,3,1,3,1,3,1,Infield shade,Standard,130,-0.008,0.027,,,,,-0.027,,-2,2,0.27,0.73,34,21,35,22,1,2,1,1,2.0,1.0,1.55,0.8,0.8,45.4,,,,,
SI,2026-07-30,94.8,0.38,6.23,"Peralta, Wandy",805811,593974,,ball,,,,,14.0,,R,L,L,SD,SF,B,,,2,2,2026,1.1,0.76,1.267842086800031,1.8404497365421764,687529.0,683766.0,650333.0,2,4,Top,,,,,,,-0.1898864263174781,-137.94199982720573,-7.1938153935715965,14.027978335593351,30.95001129861506,-21.054270453321973,3.541215551,1.787155512,,,,93.7,2038,5.7,823271,669134,664034,630105,592518,593428,687749,701538,665487,54.82,,,,,,,,33,5,Sinker,1,3,3,1,3,1,3,1,Infield shade,Standard,130,-0.021,0.082,,,,,-0.082,,-2,2,0.262,0.738,34,21,35,22,1,2,1,1,2.0,1.0,1.78,1.1,1.1,42.9,,,,,
SI,2026-07-30,95.1,0.39,6.3,"Peralta, Wandy",805811,593974,,foul,,,,,8.0,,R,L,L,SD,SF,S,,,3,2,2026,1.27,0.87,-0.143511508896942,1.714274876406222,687529.0,683766.0,650333.0,2,4,Top,,,,,,,-4.242458112510312,-138.2907992273873,-8.060278477532588,17.300571126897726,30.187599942973097,-19.41297560780099,3.541215551,1.787155512,,,,94.5,2067,5.9,823271,669134,664034,630105,592518,593428,687749,701538,665487,54.6,,,,,,,,33,6,Sinker,1,3,3,1,3,1,3,1,Infield shade,Standard,130,0.0,0.0,70.8,8.1,,,0.0,,-2,2,0.241,0.759,34,21,35,22,1,2,1,1,2.0,1.0,1.65,1.27,1.27,48.0,19.513190151477907,-9.346098192337571,39.854545707924295,37.37691160304521,32.34693720701617
SI,2026-07-30,94.8,0.22,6.31,"Peralta, Wandy",805811,593974,strikeout,called_strike,,,,,7.0,"Luis Campusano challenged (pitch result), call on the field was overturned: Bryce Eldridge called out on strikes.",R,L,L,SD,SF,S,2.0,,3,2,2026,1.21,0.96,-0.7887801501631921,1.820376499791781,687529.0,683766.0,650333.0,2,4,Top,,,,,,,-5.274600626826311,-137.79804485353793,-7.9192978928885,16.56161327543355,29.94019350103002,-18.330656637010343,3.541215551,1.787155512,,,,93.8,2030,5.7,823271,669134,664034,630105,592518,593428,687749,701538,665487,54.79,,0.0,0.0,1.0,0.0,0.0,,33,7,Sinker,1,3,3,1,3,1,3,1,Infield shade,Standard,134,0.07,-0.281,,,,,0.281,,-2,2,0.241,0.759,34,21,35,22,1,2,1,1,2.0,1.0,1.57,1.21,1.21,51.7,,,,,
SI,2026-07-30,93.7,0.54,6.08,"Peralta, Wandy",646240,593974,single,hit_into_play,,,,,5.0,Rafael Devers singles on a soft bunt ground ball to third baseman Manny Machado.,R,L,L,SD,SF,X,5.0,ground_ball,0,0,2026,1.22,0.68,0.1042548806070349,2.531458169163732,,,,0,5,Top,105.18,181.84,,,,,-3.830650987100974,-136.38190902599794,-4.720112822706705,16.10009648746835,29.01037420613556,-22.889856242791485,3.217372047,1.623720472,9.0,49.7,-15.0,93.1,1975,5.8,823271,669134,664034,630105,592518,593428,687749,701538,665487,54.66,0.092,0.083,0.9,1.0,1.0,0.0,1.0,37,1,Sinker,1,3,3,1,3,1,3,1,Infield shade,Standard,129,-0.027,0.142,22.7,1.8,,0.092,-0.142,88.0,-2,2,0.249,0.751,34,29,35,30,1,2,1,1,2.0,1.0,1.91,1.22,1.22,43.7,-10.776502152301385,31.834501359653004,30.12062101477477,37.94982878299757,27.63392943128443
CH,2026-07-30,92.5,0.64,6.18,"Peralta, Wandy",808982,593974,,called_strike,,,,,5.0,,R,L,L,SD,SF,S,,,0,0,2026,1.32,0.55,0.2754987280718891,2.3953737197265017,,,646240.0,0,5,Top,,,,,,,-3.822343525996627,-134.69220477650916,-4.810531417824784,16.93773656156793,28.488718550802716,-24.674412023978796,3.22351542,1.626820866,,,,91.9,1814,5.8,823271,669134,664034,630105,592518,593428,687749,701538,665487,54.67,,,,,,,,38,1,Changeup,1,3,3,1,3,1,3,1,Standard,Standard,126,0.004,-0.04,,,,,0.04,,-2,2,0.222,0.778,34,27,35,28,1,2,1,1,2.0,1.0,2.11,1.32,1.32,43.4,,,,,
CH,2026-07-30,87.1,0.76,5.82,"Peralta, Wandy",808982,593974,,ball,,,,,14.0,,R,L,L,SD,SF,B,,,0,1,2026,1.27,0.23,0.3199262929095988,0.6782470323601495,,,646240.0,0,5,Top,,,,,,,-3.646778974937653,-126.67637281749836,-6.310811517626175,14.412670860352526,26.28910215625826,-28.6041974890602,3.22351542,1.626820866,,,,85.9,2116,5.6,823271,669134,664034,630105,592518,593428,687749,701538,665487,54.89,,,,,,,,38,2,Changeup,1,3,3,1,3,1,3,1,Standard,Standard,117,-0.003,0.026,,,,,-0.026,,-2,2,0.226,0.774,34,27,35,28,1,2,1,1,2.0,1.0,2.78,1.27,1.27,34.8,,,,,
CH,2026-07-30,87.8,0.65,5.76,"Peralta, Wandy",808982,593974,,ball,,,,,14.0,,R,L,L,SD,SF,B,,,1,1,2026,1.52,0.25,1.149615428128154,0.9406951518963472,,,646240.0,0,5,Top,,,,,,,-1.9536198089617811,-127.8133261064176,-5.74379236534021,16.99660582115999,27.05739411359102,-28.40415976148173,3.22351542,1.626820866,,,,86.6,2109,5.6,823271,669134,664034,630105,592518,593428,687749,701538,665487,54.94,,,,,,,,38,3,Changeup,1,3,3,1,3,1,3,1,Standard,Standard,124,-0.005,0.059,,,,,-0.059,,-2,2,0.223,0.777,34,27,35,28,1,2,1,1,2.0,1.0,2.71,1.52,1.52,34.5,,,,,
SI,2026-07-30,94.5,0.29,6.24,"Peralta, Wandy",808982,593974,,swinging_strike,,,,,6.0,,R,L,L,SD,SF,S,,,2,1,2026,1.34,0.82,0.3586082559246214,2.1253813063649214,,,646240.0,0,5,Top,,,,,,,-2.8294030624280837,-137.49084784626183,-6.613992866235096,17.57553611486214,30.368108271270223,-20.48048862280549,3.22351542,1.626820866,,,,93.7,1950,5.8,823271,669134,664034,630105,592518,593428,687749,701538,665487,54.67,,,,,,,,38,4,Sinker,1,3,3,1,3,1,3,1,Standard,Standard,131,0.008,-0.07,,,,,0.07,,-2,2,0.218,0.782,34,27,35,28,1,2,1,1,2.0,1.0,1.73,1.34,1.34,50.2,,,,,
FF,2026-07-30,95.6,0.21,6.24,"Peralta, Wandy",808982,593974,,ball,,,,,12.0,,R,L,L,SD,SF,B,,,2,2,2026,0.57,1.14,0.6226266140823731,4.338593933063832,,,646240.0,0,5,Top,,,,,,,-0.234853095773454,-139.3155789159235,-1.8451491350457316,7.526740331087127,31.297676956598572,-17.06702715453875,3.22351542,1.626820866,,,,94.4,2063,5.5,823271,669134,664034,630105,592518,593428,687749,701538,665487,54.98,,,,,,,,38,5,4-Seam Fastball,1,3,3,1,3,1,3,1,Infield shade,Standard,128,-0.01,0.093,,,,,-0.093,,-2,2,0.226,0.774,34,27,35,28,1,2,1,1,2.0,1.0,1.34,0.57,0.57,49.2,,,,,
SI,2026-07-30,95.1,0.34,6.29,"Peralta, Wandy",808982,593974,,foul,,,,,1.0,,R,L,L,SD,SF,S,,,3,2,2026,1.22,1.23,-0.7337763275430549,2.789930014565178,,,646240.0,0,5,Top,,,,,,,-5.523710208940453,-138.2955304922003,-6.053439364857642,16.90440329346812,31.45517692856655,-15.23999800226373,3.22351542,1.626820866,248.0,79.2,34.0,94.5,1973,6.0,823271,669134,664034,630105,592518,593428,687749,701538,665487,54.49,,,,,,,,38,6,Sinker,1,3,3,1,3,1,3,1,Infield shade,Standard,53,0.0,0.0,67.6,6.9,,,0.0,88.0,-2,2,0.216,0.784,34,27,35,28,1,2,1,1,2.0,1.0,1.3,1.22,1.22,45.9,-4.984055316029548,17.031063235585254,34.86217645704114,35.39253103961596,18.288830156294186
SI,2026-07-30,95.7,0.33,6.14,"Peralta, Wandy",808982,593974,walk,ball,,,,,13.0,Jung Hoo Lee walks. Rafael Devers to 2nd.,R,L,L,SD,SF,B,,,3,2,2026,1.15,0.91,-0.3164515814878277,1.0415519304165874,,,646240.0,0,5,Top,,,,,,,-4.261973668420867,-139.14012153763608,-9.56532119135589,15.837253224392754,30.55202963922131,-18.479958103219463,3.22351542,1.626820866,,,,94.9,1955,5.8,823271,669134,664034,630105,592518,593428,687749,701538,665487,54.67,,0.698418,0.7,1.0,0.0,0.0,,38,7,Sinker,1,3,3,1,3,1,3,1,Infield shade,Standard,134,-0.034,0.346,,,,,-0.346,,-2,2,0.216,0.784,34,27,35,28,1,2,1,1,2.0,1.0,1.58,1.15,1.15,41.9,,,,,
SL,2026-07-30,89.2,0.38,6.12,"Peralta, Wandy",642715,593974,,swinging_strike,,,,,14.0,,R,R,L,SD,SF,S,,,0,0,2026,0.09,0.43,0.0340634291313552,1.4738636388708586,,646240.0,808982.0,0,5,Top,,,,,,,-1.0235967439266156,-129.80186003782794,-6.028041692185922,1.2061114271980609,26.821297461480604,-26.24610782189703,3.22351542,1.626820866,,,,88.5,2022,5.8,823271,669134,664034,630105,592518,593428,687749,701538,665487,54.7,,,,,,,,39,1,Slider,1,3,3,1,3,1,3,1,Infield shade,Standard,129,0.006,-0.057,73.8,9.0,2.049995088,,0.057,,-2,2,0.182,0.818,34,30,35,31,1,2,1,1,2.0,1.0,2.43,0.09,-0.09,42.2,25.37285163133744,-19.824734606398955,35.56660322668034,38.37914430173673,43.33242560053762
CH,2026-07-30,89.9,0.45,5.89,"Peralta, Wandy",642715,593974,,swinging_strike,,,,,14.0,,R,R,L,SD,SF,S,,,0,1,2026,1.37,0.45,1.1774123916996349,1.360328629821863,,646240.0,808982.0,0,5,Top,,,,,,,-1.1733501665049997,-130.80762676497775,-5.928635383120293,16.007298601535588,27.657345159225716,-25.949829927872777,3.22351542,1.626820866,,,,89.2,2186,5.9,823271,669134,664034,630105,592518,593428,687749,701538,665487,54.62,,,,,,,,39,2,Changeup,1,3,3,1,3,1,3,1,Infield shade,Standard,124,0.009,-0.056,66.6,8.8,1.341666504,,0.056,,-2,2,0.188,0.812,34,30,35,31,1,2,1,1,2.0,1.0,2.37,1.37,-1.37,38.8,21.205639839237097,-4.896066530913267,31.176789099034192,51.246857293996555,34.663605086963635
CH,2026-07-30,90.5,0.4,5.95,"Peralta, Wandy",642715,593974,,foul,,,,,5.0,,R,R,L,SD,SF,S,,,0,2,2026,1.36,0.5,0.1565813538170906,2.420694823738388,,646240.0,808982.0,0,5,Top,,,,,,,-3.519609145374703,-131.70911333402307,-3.6838091990524298,16.53560593068079,29.576525548022545,-25.748394350201263,3.22351542,1.626820866,245.0,76.1,33.0,89.8,2211,6.0,823271,669134,664034,630105,592518,593428,687749,701538,665487,54.53,,,,,,,,39,3,Changeup,1,3,3,1,3,1,3,1,Standard,Standard,131,0.0,0.0,83.0,8.3,,,0.0,88.0,-2,2,0.197,0.803,34,30,35,31,1,2,1,1,2.0,1.0,2.29,1.36,-1.36,38.7,28.218826214048786,13.10938246080729,29.82829089840344,39.84196911183514,31.06155136132064
FF,2026-07-30,96.0,0.01,6.21,"Peralta, Wandy",642715,593974,,ball,,,,,11.0,,R,R,L,SD,SF,B,,,0,2,2026,0.64,1.38,-2.772896886869625,2.527154469770688,,646240.0,808982.0,0,5,Top,,,,,,,-8.678238928796299,-139.43714816222771,-7.034702021893159,10.33785868620192,31.521066475645835,-12.676490257825051,3.22351542,1.626820866,,,,95.2,2109,6.0,823271,669134,664034,630105,592518,593428,687749,701538,665487,54.55,,,,,,,,39,4,4-Seam Fastball,1,3,3,1,3,1,3,1,Infield shade,Standard,132,-0.041,0.034,,,,,-0.034,,-2,2,0.197,0.803,34,30,35,31,1,2,1,1,2.0,1.0,1.1,0.64,-0.64,47.8,,,,,
CH,2026-07-30,89.8,0.36,5.89,"Peralta, Wandy",642715,593974,,foul,,,,,14.0,,R,R,L,SD,SF,S,,,1,2,2026,1.22,0.48,1.191111610804802,1.5729143715985163,646240.0,808982.0,,0,5,Top,,,,,,,-0.594668400112073,-130.7114776264308,-5.418591709944709,14.11380055717994,28.587043988128,-25.71945386620714,3.22351542,1.626820866,,,,88.8,2288,5.7,823271,669134,664034,630105,592518,593428,687749,701538,665487,54.78,,,,,,,,39,5,Changeup,1,3,3,1,3,1,3,1,Strategic,Standard,133,0.0,0.0,65.0,9.2,,,0.0,,-2,2,0.156,0.844,34,30,35,31,1,2,1,1,2.0,1.0,2.35,1.22,-1.22,42.9,23.367516503847884,-15.649943532217678,31.5715690854743,51.247428562165155,37.70908457869247
CH,2026-07-30,89.9,0.38,5.81,"Peralta, Wandy",642715,593974,,ball,,,,,14.0,,R,R,L,SD,SF,B,,,1,2,2026,1.39,0.65,0.1497546583297984,1.1420166153358964,646240.0,808982.0,,0,5,Top,,,,,,,-3.512084899640791,-130.82714458670253,-6.641255114170631,16.704618135227662,28.55117849857925,-23.531785533560065,3.22351542,1.626820866,,,,88.9,2171,5.7,823271,669134,664034,630105,592518,593428,687749,701538,665487,54.78,,,,,,,,39,6,Changeup,1,3,3,1,3,1,3,1,Strategic,Standard,123,-0.005,0.031,,,,,-0.031,,-2,2,0.156,0.844,34,30,35,31,1,2,1,1,2.0,1.0,2.18,1.39,-1.39,37.1,,,,,
SI,2026-07-30,95.3,0.07,6.26,"Peralta, Wandy",642715,593974,,foul,,,,,4.0,,R,R,L,SD,SF,S,,,2,2,2026,1.25,0.92,-0.3307122655474073,2.7056817561623343,646240.0,808982.0,,0,5,Top,,,,,,,-3.8454108807165377,-138.67952650332532,-5.53552878883406,16.984185501206795,31.79909877523285,-19.201109271081226,3.22351542,1.626820866,168.0,65.0,53.0,94.3,2169,5.8,823271,669134,664034,630105,592518,593428,687749,701538,665487,54.74,,,,,,,,39,7,Sinker,1,3,3,1,3,1,3,1,Strategic,Standard,132,0.0,0.0,70.1,7.5,,,0.0,88.0,-2,2,0.151,0.849,34,30,35,31,1,2,1,1,2.0,1.0,1.59,1.25,-1.25,49.4,4.880219946017379,-3.9633213803369896,38.09050243590174,33.62886320079811,29.882235845871904
CH,2026-07-30,89.8,0.32,5.79,"Peralta, Wandy",642715,593974,field_out,hit_into_play,,,,,14.0,Willy Adames lines out to third baseman Manny Machado.,R,R,L,SD,SF,X,5.0,line_drive,2,2,2026,1.2,0.06,0.5022283772319193,1.1402703579748894,646240.0,808982.0,,0,5,Top,86.87,155.99,,,,,-2.127147981515519,-130.78920210116448,-5.358662939819415,14.23832571741026,28.111430198675556,-30.54741700756039,3.22351542,1.626820866,148.0,81.6,12.0,89.1,2152,5.8,823271,669134,664034,630105,592518,593428,687749,701538,665487,54.68,0.551,0.518,0.0,1.0,0.0,0.0,4.0,39,8,Changeup,1,3,3,1,3,1,3,1,Strategic,Standard,125,0.03,-0.161,69.8,9.0,,0.609,0.161,88.0,-2,2,0.151,0.849,34,30,35,31,1,2,1,1,2.0,1.0,2.77,1.2,-1.2,44.8,19.631965070542737,-15.160135863504674,40.039932482891665,42.41596307206718,40.631815625746015
SI,2026-08-01,97.2,0.74,6.18,"Peralta, Wandy",646240,593974,field_out,hit_into_play,,,,,8.0,Rafael Devers lines out to left fielder Jase Bowen.,R,L,L,SD,SF,X,7.0,line_drive,0,0,2026,1.3,0.74,0.1528375006329039,1.82994932094812,,805811.0,671218.0,1,5,Top,68.26,85.78,,,,,-4.511322477661511,-141.37784103151404,-7.497790790767396,18.399876180392624,33.27087921711585,-20.713721397560654,3.217372047,1.623720472,315.0,95.7,20.0,96.0,2170,5.7,823269,666023,664034,630105,592518,593428,687749,701538,665487,54.78,0.297,0.36,0.0,1.0,0.0,0.0,4.0,41,1,Sinker,4,3,3,4,3,4,3,4,Standard,Standard,135,0.066,-0.24,73.6,7.8,,0.568,0.24,95.7,1,-1,0.579,0.421,34,29,35,30,1,2,2,1,2.0,1.0,1.68,1.3,1.3,42.5,8.036062527432339,21.667108393070727,35.57626146506309,32.577303677461174,23.810083357777504
CH,2026-08-01,88.3,1.09,5.79,"Peralta, Wandy",642715,593974,force_out,hit_into_play,,,,,14.0,"Willy Adames grounds into a force out, shortstop Xander Bogaerts to second baseman Jake Cronenworth. Heliot Ramos out at 2nd.",R,R,L,SD,SF,X,6.0,ground_ball,0,0,2026,1.01,0.48,0.8313718271352072,2.130462062876423,,805811.0,671218.0,2,5,Top,109.42,153.1,,,,,-2.7480068344857833,-128.5972166540687,-3.626814055512913,11.762130806001156,25.9407701778208,-26.320167512456845,3.22351542,1.626820866,15.0,75.3,-7.0,87.9,2153,6.0,823269,666023,664034,630105,592518,593428,687749,701538,665487,54.54,0.092,0.089,0.0,1.0,0.0,0.0,2.0,42,1,Changeup,4,3,3,4,3,4,3,4,Standard,Standard,123,0.063,-0.285,71.5,8.2,,0.099,0.285,88.0,1,-1,0.645,0.355,34,30,35,31,1,2,2,1,2.0,1.0,2.43,1.01,-1.01,38.0,18.91546446178031,3.633876836839535,33.463438441790906,46.51027802509543,30.34105414208206
SL,2026-08-01,86.4,1.07,5.81,"Peralta, Wandy",691740,593974,,ball,,,,,13.0,,R,R,L,SD,SF,B,,,0,0,2026,-0.2,0.16,-0.616730998685694,0.7119216558352979,,,,0,6,Top,,,,,,,-3.5585479749351943,-125.62942773253847,-5.838462770836681,-1.177289374195618,30.665484501451743,-29.313651588112677,3.418348097,1.725147638,,,,85.5,2087,6.2,823269,666023,664034,630105,592518,593428,687749,701538,665487,54.31,,,,,,,,46,1,Slider,4,3,3,4,3,4,3,4,Standard,Standard,132,-0.006,0.042,,,,,-0.042,,1,-1,0.66,0.34,34,25,35,25,1,2,2,2,2.0,1.0,2.95,-0.2,0.2,39.0,,,,,
CH,2026-08-01,88.8,0.83,5.79,"Peralta, Wandy",691740,593974,,ball,,,,,14.0,,R,R,L,SD,SF,B,,,1,0,2026,1.36,0.18,0.4129299897778287,0.3379366201618814,,,,0,6,Top,,,,,,,-3.858946356457815,-129.10622755232149,-7.251350336320189,15.98232035109634,29.56791758654062,-28.767239230516104,3.418348097,1.725147638,,,,87.6,2097,5.8,823269,666023,664034,630105,592518,593428,687749,701538,665487,54.69,,,,,,,,46,2,Changeup,4,3,3,4,3,4,3,4,Standard,Standard,122,-0.012,0.082,,,,,-0.082,,1,-1,0.654,0.346,34,25,35,25,1,2,2,2,2.0,1.0,2.74,1.36,-1.36,37.8,,,,,
CH,2026-08-01,89.6,0.91,5.79,"Peralta, Wandy",691740,593974,,swinging_strike,,,,,7.0,,R,R,L,SD,SF,S,,,2,0,2026,1.26,0.05,-0.3045752636971031,2.0437370038481,,,,0,6,Top,,,,,,,-5.640410119575143,-130.41677658405675,-3.0978839243631024,15.551247094413378,28.743906285666903,-31.171966565841245,3.418348097,1.725147638,,,,89.0,1999,6.0,823269,666023,664034,630105,592518,593428,687749,701538,665487,54.51,,,,,,,,46,3,Changeup,4,3,3,4,3,4,3,4,Standard,Standard,125,0.012,-0.073,68.9,8.8,4.199752032,,0.073,,1,-1,0.642,0.358,34,25,35,25,1,2,2,2,2.0,1.0,2.8,1.26,-1.26,35.9,36.91065232047371,-42.28334180680838,39.20255189169341,33.47040053418734,58.53030180081874
CH,2026-08-01,90.2,1.0,5.85,"Peralta, Wandy",691740,593974,,swinging_strike,,,,,14.0,,R,R,L,SD,SF,S,,,2,1,2026,1.39,0.21,1.020369372292263,1.7271317811868825,,,,0,6,Top,,,,,,,-2.9121112342808178,-131.25628990721853,-4.450885536382595,16.60184382748626,29.113330705213087,-29.02198753095007,3.418348097,1.725147638,,,,89.4,2043,5.9,823269,666023,664034,630105,592518,593428,687749,701538,665487,54.62,,,,,,,,46,4,Changeup,4,3,3,4,3,4,3,4,Standard,Standard,120,0.011,-0.078,74.0,8.4,1.511266944,,0.078,,1,-1,0.654,0.346,34,25,35,25,1,2,2,2,2.0,1.0,2.61,1.39,-1.39,35.6,17.666087430514793,-17.788069263671588,38.32722356259981,48.15683518711991,44.959629386888984
CH,2026-08-01,89.8,0.81,5.76,"Peralta, Wandy",691740,593974,,ball,,,,,14.0,,R,R,L,SD,SF,B,,,2,2,2026,1.32,0.04,1.5295207631381538,1.9635246463121392,,,,0,6,Top,,,,,,,-1.08076542947855,-130.71718476735916,-3.2223251113728697,15.315210373194136,29.835145301512043,-31.193613894247893,3.418348097,1.725147638,,,,88.7,2122,5.7,823269,666023,664034,630105,592518,593428,687749,701538,665487,54.75,,,,,,,,46,5,Changeup,4,3,3,4,3,4,3,4,Standard,Standard,128,-0.014,0.113,,,,,-0.113,,1,-1,0.665,0.335,34,25,35,25,1,2,2,2,2.0,1.0,2.8,1.32,-1.32,37.3,,,,,
SI,2026-08-01,96.3,0.4,6.22,"Peralta, Wandy",691740,593974,double,hit_into_play,,,,,3.0,Daniel Susac doubles (7) on a line drive to center fielder Jackson Merrill.,R,R,L,SD,SF,X,8.0,line_drive,3,2,2026,1.28,0.35,0.3528703656999628,3.28327900038244,,,,0,6,Top,166.12,74.74,,,,,-3.0580813138446787,-140.1995433535259,-2.765659902982694,17.502458014070637,33.60719853944716,-27.17255447687135,3.418348097,1.725147638,324.0,99.0,20.0,95.3,1934,5.8,823269,666023,664034,630105,592518,593428,687749,701538,665487,54.65,0.331,0.401,1.25,1.0,1.0,1.0,5.0,46,6,Sinker,4,3,3,4,3,4,3,4,Standard,Standard,132,-0.09,0.627,74.3,6.4,,0.619,-0.627,99.0,1,-1,0.651,0.349,34,25,35,25,1,2,2,2,2.0,1.0,2.12,1.28,-1.28,44.1,8.003655765935642,10.910829109576897,29.22272733156176,41.44872894210401,30.09416445939231
SI,2026-08-01,95.8,0.55,6.15,"Peralta, Wandy",687551,593974,,foul_bunt,,,,,12.0,,R,L,L,SD,SF,S,,,0,0,2026,1.19,0.83,0.0420801889260693,3.220770401965605,,691740.0,,0,6,Top,,,,,,,-4.026974426457389,-139.52181829118254,-3.8203607234415777,16.429105911029847,30.92724456481692,-20.71565263410362,3.059399606,1.543996063,,,,95.4,1930,6.0,823269,666023,664034,630105,592518,593428,687749,701538,665487,54.5,,,,,,,,47,1,Sinker,4,3,3,4,3,4,3,4,Strategic,Standard,135,0.01,-0.035,8.4,1.4,,,0.035,,1,-1,0.561,0.439,34,25,35,26,1,2,2,1,2.0,1.0,1.65,1.19,1.19,45.7,-40.80802610725873,-11.499893219609708,36.01020025092499,33.31762425079514,25.16643053860693
FF,2026-08-01,96.0,0.59,6.2,"Peralta, Wandy",687551,593974,,called_strike,,,,,7.0,,R,L,L,SD,SF,S,,,0,1,2026,0.93,0.88,-0.5442595905577429,1.6543285407446446,,691740.0,,0,6,Top,,,,,,,-5.051032639975245,-139.51341280727866,-8.156202339646246,13.221024649616789,31.0458488076572,-19.005965880638687,3.059399606,1.543996063,,,,95.3,1992,6.0,823269,666023,664034,630105,592518,593428,687749,701538,665487,54.54,,,,,,,,47,2,4-Seam Fastball,4,3,3,4,3,4,3,4,Strategic,Standard,128,0.017,-0.064,,,,,0.064,,1,-1,0.571,0.429,34,25,35,26,1,2,2,1,2.0,1.0,1.59,0.93,0.93,48.5,,,,,
SI,2026-08-01,97.6,0.36,6.29,"Peralta, Wandy",687551,593974,field_out,hit_into_play,,,,,8.0,Drew Gilbert grounds out to first baseman Ty France. Daniel Susac to 3rd.,R,L,L,SD,SF,X,3.0,ground_ball,0,2,2026,1.37,0.68,-0.0097098348805189,1.490086657874513,,691740.0,,0,6,Top,153.02,171.86,,,,,-4.146397095421292,-141.83772986032525,-8.658979621322178,19.38922693219251,33.99977701228971,-21.13787802490284,3.059399606,1.543996063,2.0,88.9,-33.0,96.8,2038,6.0,823269,666023,664034,630105,592518,593428,687749,701538,665487,54.48,0.048,0.043,0.0,1.0,0.0,0.0,2.0,47,3,Sinker,4,3,3,4,3,4,3,4,Standard,Standard,133,-0.005,-0.103,70.7,7.9,,0.055,0.103,88.9,1,-1,0.588,0.412,34,25,35,26,1,2,2,1,2.0,1.0,1.73,1.37,1.37,46.0,0.4246957289696718,-2.5462660782800413,32.65163410139866,38.264619973572366,22.943654226240323
CH,2026-08-01,90.4,0.64,5.84,"Peralta, Wandy",683766,593974,,swinging_strike,,,,,14.0,,R,R,L,SD,SF,S,,,0,0,2026,1.47,0.31,0.1985746342822454,0.8256290762648826,691740.0,,,1,6,Top,,,,,,,-4.251158072345033,-131.43379739033998,-6.841060156011594,17.878411176406622,31.417296795900977,-27.19057342175854,3.254232283,1.642322835,,,,89.3,2148,6.0,823269,666023,664034,630105,592518,593428,687749,701538,665487,54.54,,,,,,,,48,1,Changeup,4,3,3,4,3,4,3,4,Strategic,Standard,131,0.014,-0.05,59.8,7.8,2.035703484,,0.05,,1,-1,0.583,0.417,34,28,35,28,1,2,2,1,2.0,1.0,2.51,1.47,-1.47,38.3,16.75977657212278,-7.717807159138086,38.84639465201624,42.424492586255624,31.56909901870577
CH,2026-08-01,90.1,0.63,5.85,"Peralta, Wandy",683766,593974,,foul,,,,,14.0,,R,R,L,SD,SF,S,,,0,1,2026,1.39,0.42,1.182825901436829,2.3378455272469565,691740.0,,,1,6,Top,,,,,,,-1.6268761674390126,-131.19317978166177,-3.3662976863647955,16.26037900345656,30.845389872496376,-26.865454881008652,3.254232283,1.642322835,181.0,68.6,24.0,89.1,2139,5.9,823269,666023,664034,630105,592518,593428,687749,701538,665487,54.61,,,,,,,,48,2,Changeup,4,3,3,4,3,4,3,4,Strategic,Standard,128,0.024,-0.085,70.3,6.9,,,0.085,88.0,1,-1,0.597,0.403,34,28,35,28,1,2,2,1,2.0,1.0,2.42,1.39,-1.39,38.7,8.1006818470507,24.7797689286919,22.750469853201633,53.55135727259282,15.867412611755816
FF,2026-08-01,96.6,0.14,6.32,"Peralta, Wandy",683766,593974,,ball,,,,,11.0,,R,R,L,SD,SF,B,,,0,2,2026,0.78,1.29,-1.207215106829644,3.9198401446260087,691740.0,,,1,6,Top,,,,,,,-5.301881043856894,-140.510481732966,-3.5875048295978935,11.614887615522182,33.65773781822788,-14.50851520392572,3.254232283,1.642322835,,,,95.7,2128,5.9,823269,666023,664034,630105,592518,593428,687749,701538,665487,54.6,,,,,,,,48,3,4-Seam Fastball,4,3,3,4,3,4,3,4,Strategic,Standard,132,-0.009,-0.002,,,,,0.002,,1,-1,0.621,0.379,34,28,35,28,1,2,2,1,2.0,1.0,1.17,0.78,-0.78,48.6,,,,,
SI,2026-08-01,96.5,0.13,6.32,"Peralta, Wandy",683766,593974,,ball,,,,,11.0,,R,R,L,SD,SF,B,,,1,2,2026,1.45,0.93,-0.9095501770800172,2.8247343612022684,691740.0,,,1,6,Top,,,,,,,-6.004017370757103,-140.25813485080803,-5.550879811165473,20.491713111391338,34.833400072474085,-18.84895130215677,3.254232283,1.642322835,,,,95.1,2182,5.8,823269,666023,664034,630105,592518,593428,687749,701538,665487,54.73,,,,,,,,48,4,Sinker,4,3,3,4,3,4,3,4,Strategic,Standard,135,-0.015,0.014,,,,,-0.014,,1,-1,0.612,0.388,34,28,35,28,1,2,2,1,2.0,1.0,1.55,1.45,-1.45,53.5,,,,,
SL,2026-08-01,90.4,0.64,5.88,"Peralta, Wandy",683766,593974,,blocked_ball,,,,,13.0,,R,R,L,SD,SF,B,,,2,2,2026,-0.13,0.27,-0.8111152000590273,-0.0027801601154808,691740.0,,,1,6,Top,,,,,,,-3.2755381259557885,-131.44275127809937,-8.954606095938168,-0.8182225862470018,28.68085589273032,-27.315365303878043,3.254232283,1.642322835,,,,90.1,2264,6.2,823269,666023,664034,630105,592518,593428,687749,701538,665487,54.29,,,,,,,,48,5,Slider,4,3,3,4,3,4,3,4,Strategic,Standard,140,-0.019,0.092,,,,,-0.092,,1,-1,0.597,0.403,34,28,35,28,1,2,2,1,2.0,1.0,2.53,-0.13,0.13,39.9,,,,,
CH,2026-08-01,91.3,0.58,5.85,"Peralta, Wandy",683766,593974,strikeout,swinging_strike,,,,,14.0,Christian Koss strikes out swinging.,R,R,L,SD,SF,S,2.0,,3,2,2026,1.17,0.2,0.7929226832359391,1.156285754601829,691740.0,,,1,6,Top,,,,,,,-2.012965346389584,-132.87014725740514,-6.081422870170607,14.25682326197261,28.31615450675759,-28.65755847194305,3.254232283,1.642322835,,,,90.7,2107,5.9,823269,666023,664034,630105,592518,593428,687749,701538,665487,54.58,,0.0,0.0,1.0,0.0,0.0,,48,6,Changeup,4,3,3,4,3,4,3,4,Strategic,Standard,123,0.101,-0.408,64.8,8.0,1.618109712,,0.408,,1,-1,0.578,0.422,34,28,35,28,1,2,2,1,2.0,1.0,2.53,1.17,-1.17,35.9,17.068006738057875,-4.756488446234281,30.356888390971154,48.079293052573995,30.519638639702173
SI,2026-08-03,96.2,0.57,6.31,"Peralta, Wandy",571448,593974,,ball,,,,,12.0,,R,R,L,AZ,SD,B,,,0,0,2026,1.31,0.71,1.3832181900712284,4.251933022575672,,,,0,8,Bot,,,,,,,-0.8695248346631858,-140.1460063867874,-1.3495642702546324,17.4662651842664,30.61686570542221,-22.74383895408264,3.277050525,1.653838583,,,,94.9,2086,5.4,825095,669134,664034,630105,823550,593428,650859,701538,665487,55.13,,,,,,,,62,1,Sinker,3,1,3,1,1,3,3,1,Standard,Standard,136,0.001,0.042,,,,,-0.042,,2,2,0.938,0.938,34,35,35,35,1,3,2,1,2.0,1.0,1.74,1.31,-1.31,43.3,,,,,
CH,2026-08-03,87.8,0.82,5.81,"Peralta, Wandy",571448,593974,,ball,,,,,14.0,,R,R,L,AZ,SD,B,,,1,0,2026,1.33,0.27,0.5683716439427199,0.7212531631354491,,,,0,8,Bot,,,,,,,-3.3704995771578248,-127.7702051217836,-6.43347520664688,15.25482546340968,26.86868223740221,-28.040406272534295,3.277050525,1.653838583,,,,86.8,2014,5.7,825095,669134,664034,630105,823550,593428,650859,701538,665487,54.8,,,,,,,,62,2,Changeup,3,1,3,1,1,3,3,1,Standard,Standard,122,0.002,0.082,,,,,-0.082,,2,2,0.939,0.939,34,35,35,35,1,3,2,1,2.0,1.0,2.69,1.33,-1.33,38.6,,,,,
SI,2026-08-03,96.3,0.43,6.31,"Peralta, Wandy",571448,593974,,called_strike,,,,,12.0,,R,R,L,AZ,SD,S,,,2,0,2026,1.24,0.8,1.098856793245914,2.525619446075972,,,,0,8,Bot,,,,,,,-1.103926901053287,-140.18287994105216,-6.018898579045848,16.674767010449067,30.927483201028117,-20.506030247414536,3.277050525,1.653838583,,,,95.2,2001,5.6,825095,669134,664034,630105,823550,593428,650859,701538,665487,54.91,,,,,,,,62,3,Sinker,3,1,3,1,1,3,3,1,Standard,Standard,137,-0.002,-0.073,,,,,0.073,,2,2,0.941,0.941,34,35,35,35,1,3,2,1,2.0,1.0,1.65,1.24,-1.24,42.6,,,,,
SI,2026-08-03,97.0,0.27,6.32,"Peralta, Wandy",571448,593974,single,hit_into_play,,,,,6.0,Nolan Arenado singles on a ground ball to right fielder Fernando Tatis Jr.,R,R,L,AZ,SD,X,9.0,ground_ball,2,1,2026,1.24,0.84,0.5055140749691514,2.565002661521502,,,,0,8,Bot,154.85,116.98,,,,,-2.241374484727346,-141.18335840124527,-6.190629413020933,17.169654950862455,30.47146811313088,-19.698797049106407,3.277050525,1.653838583,154.0,101.6,7.0,96.0,1990,5.6,825095,669134,664034,630105,823550,593428,650859,701538,665487,54.91,0.683,0.63,0.9,1.0,1.0,0.0,4.0,62,4,Sinker,3,1,3,1,1,3,3,1,Strategic,Standard,135,0.009,0.394,72.9,7.3,,0.752,-0.394,101.6,2,2,0.939,0.939,34,35,35,35,1,3,2,1,2.0,1.0,1.57,1.24,-1.24,48.4,-3.190156838577003,11.904783344045947,32.27067836330104,43.67034461472545,21.035051403505033
SL,2026-08-03,87.2,0.84,6.15,"Peralta, Wandy",680728,593974,sac_bunt,hit_into_play,,,,,1.0,"Adrian Del Castillo out on a sacrifice bunt, pitcher Wandy Peralta to first baseman Ty France. Nolan Arenado to 2nd.",R,L,L,AZ,SD,X,1.0,ground_ball,0,0,2026,-0.13,0.36,-0.3432467324161504,2.8846145536565033,,,571448.0,0,8,Bot,128.92,196.25,,,,,-2.517426955881514,-127.1429957710344,-2.295928989019651,-0.9950251458918687,23.87264441031984,-27.982427065236315,3.090994095,1.559940945,3.0,26.0,-39.0,86.9,2013,5.8,825095,669134,664034,630105,823550,593428,650859,701538,665487,54.72,,,0.2,0.0,0.0,0.0,1.0,63,1,Slider,3,1,3,1,1,3,3,1,Standard,Standard,153,-0.003,-0.024,6.6,1.0,,,0.024,88.0,2,2,0.948,0.948,34,26,35,27,1,3,2,1,2.0,35.0,2.6,-0.13,-0.13,42.8,-86.8846059985206,-64.66328479209294,30.17878712660036,39.37553003291084,32.756528990736754
CH,2026-08-03,89.0,0.86,5.92,"Peralta, Wandy",694374,593974,,called_strike,,,,,8.0,,R,R,L,AZ,SD,S,,,0,0,2026,1.27,0.35,0.1273582181463517,2.0674234539933396,,571448.0,,1,8,Bot,,,,,,,-4.41640540224783,-129.59190892051035,-3.912497135396312,15.261230869505653,26.564519525684418,-27.645020885233425,3.162959318,1.596259843,,,,88.0,2043,5.6,825095,669134,664034,630105,823550,593428,650859,701538,665487,54.94,,,,,,,,64,1,Changeup,3,1,3,1,1,3,3,1,Standard,Standard,124,-0.002,-0.045,,,,,0.045,,2,2,0.945,0.945,34,27,35,27,1,3,2,1,2.0,1.0,2.52,1.27,-1.27,37.7,,,,,
CH,2026-08-03,89.0,0.73,5.83,"Peralta, Wandy",694374,593974,,ball,,,,,14.0,,R,R,L,AZ,SD,B,,,0,1,2026,1.18,0.54,0.2268371592295454,0.8467594059715093,,571448.0,,1,8,Bot,,,,,,,-3.6641574731185544,-129.4316253261713,-6.964170170242031,14.02753550695584,27.41629927169692,-24.85256363703729,3.162959318,1.596259843,,,,87.7,2238,5.5,825095,669134,664034,630105,823550,593428,650859,701538,665487,54.97,,,,,,,,64,2,Changeup,3,1,3,1,1,3,3,1,Standard,Standard,122,0.001,0.032,,,,,-0.032,,2,2,0.943,0.943,34,27,35,27,1,3,2,1,2.0,1.0,2.35,1.18,-1.18,37.4,,,,,
CH,2026-08-03,90.0,0.63,5.91,"Peralta, Wandy",694374,593974,,swinging_strike,,,,,14.0,,R,R,L,AZ,SD,S,,,1,1,2026,1.24,0.34,0.2309084699594892,0.8535909298651458,,571448.0,,1,8,Bot,,,,,,,-3.596313275474383,-130.87309701970645,-6.96664928437086,14.969858517962418,28.05082531408826,-26.92599057841429,3.162959318,1.596259843,,,,88.9,2243,5.7,825095,669134,664034,630105,823550,593428,650859,701538,665487,54.82,,,,,,,,64,3,Changeup,3,1,3,1,1,3,3,1,Standard,Standard,125,-0.002,-0.071,71.9,7.9,3.910660164,,0.071,,2,2,0.944,0.944,34,27,35,27,1,3,2,1,2.0,1.0,2.48,1.24,-1.24,37.3,19.664472988448765,-20.375858711624712,42.53041339429153,36.279572906508136,45.042222523928146
CH,2026-08-03,90.6,0.63,5.87,"Peralta, Wandy",694374,593974,,ball,,,,,14.0,,R,R,L,AZ,SD,B,,,1,2,2026,1.32,0.33,0.5690673203213716,0.9150929814543524,,571448.0,,1,8,Bot,,,,,,,-2.965183751717768,-131.79801988242875,-6.803822070038663,16.000222294366623,28.499278887621944,-27.11991970881285,3.162959318,1.596259843,,,,89.4,2203,5.6,825095,669134,664034,630105,823550,593428,650859,701538,665487,54.9,,,,,,,,64,4,Changeup,3,1,3,1,1,3,3,1,Standard,Standard,125,0.001,0.029,,,,,-0.029,,2,2,0.942,0.942,34,27,35,27,1,3,2,1,2.0,1.0,2.46,1.32,-1.32,35.1,,,,,
SL,2026-08-03,90.9,0.47,5.97,"Peralta, Wandy",694374,593974,,blocked_ball,,,,,13.0,,R,R,L,AZ,SD,B,,,2,2,2026,-0.08,0.25,-0.5957036097045342,0.21264954086416,,571448.0,,1,8,Bot,,,,,,,-2.439814149443313,-132.11617080566697,-8.663879674211534,-0.4410040948204162,29.01501057945977,-27.61794346697279,3.162959318,1.596259843,,,,90.1,2145,5.9,825095,669134,664034,630105,823550,593428,650859,701538,665487,54.57,,,,,,,,64,5,Slider,3,1,3,1,1,3,3,1,Standard,Standard,138,0.002,0.084,,,,,-0.084,,2,2,0.943,0.943,34,27,35,27,1,3,2,1,2.0,1.0,2.53,-0.08,0.08,44.1,,,,,
SI,2026-08-03,97.0,0.39,6.28,"Peralta, Wandy",694374,593974,single,hit_into_play,,,,,6.0,Tim Tawa singles on a ground ball to shortstop Xander Bogaerts. Nolan Arenado to 3rd.,R,R,L,AZ,SD,X,6.0,ground_ball,3,2,2026,1.05,0.67,0.3783327927312579,2.3379678555115664,,571448.0,,1,8,Bot,112.98,145.43,,,,,-2.4271770140040863,-141.2476640248902,-6.277048740900751,14.580922043645456,32.08699148017661,-21.949221710869462,3.162959318,1.596259843,13.0,98.8,-10.0,95.9,1984,5.6,825095,669134,664034,630105,823550,593428,650859,701538,665487,54.9,0.258,0.232,0.9,1.0,1.0,0.0,2.0,64,6,Sinker,3,1,3,1,1,3,3,1,Standard,Standard,137,0.013,0.52,77.3,6.7,,0.279,-0.52,98.8,2,2,0.945,0.945,34,27,35,27,1,3,2,1,2.0,1.0,1.75,1.05,-1.05,44.2,5.069906460736108,4.42202310806139,30.123061265362207,38.62261984025517,27.849847157722294
SI,2026-08-03,96.4,0.46,6.32,"Peralta, Wandy",543510,593974,,called_strike,,,,,8.0,,R,R,L,AZ,SD,S,,,0,0,2026,1.35,0.67,-0.1830647013049231,1.8072610689932016,571448.0,,694374.0,1,8,Bot,,,,,,,-4.735925859348505,-140.16854873187583,-7.617342248744018,18.89805288187112,31.223825098453876,-21.83905111061905,3.280561024,1.655610236,,,,95.3,1956,5.7,825095,669134,664034,630105,823550,593428,650859,701538,665487,54.84,,,,,,,,65,1,Sinker,3,1,3,1,1,3,3,1,Standard,Standard,132,-0.003,-0.049,,,,,0.049,,2,2,0.958,0.958,34,36,35,36,1,3,2,2,2.0,1.0,1.79,1.35,-1.35,42.8,,,,,
CH,2026-08-03,90.3,0.51,5.95,"Peralta, Wandy",543510,593974,double,hit_into_play,,,,,8.0,James McCann doubles (5) on a sharp line drive to left fielder Luis Rengifo. Nolan Arenado scores. Tim Tawa to 3rd.,R,R,L,AZ,SD,X,7.0,line_drive,0,1,2026,1.41,0.4,0.0092750518988053,1.6870333562314097,571448.0,,694374.0,1,8,Bot,73.79,128.23,,,,,-4.231677285529872,-131.38678732895912,-5.190540977638299,17.232824830566802,28.84109201959096,-26.660141456470843,3.280561024,1.655610236,152.0,104.3,8.0,89.0,2208,5.6,825095,669134,664034,630105,823550,593428,650859,701538,665487,54.93,0.709,0.672,1.25,1.0,1.0,1.0,4.0,65,2,Changeup,3,1,3,1,1,4,4,1,Standard,Standard,129,0.028,0.761,74.9,7.6,,0.837,-0.761,104.3,2,2,0.955,0.955,34,36,35,36,1,3,2,2,2.0,1.0,2.41,1.41,-1.41,37.3,14.713118267776744,-9.558081337795818,41.61039392329315,34.78381792867893,42.86083804372777
CH,2026-08-03,89.2,0.73,5.85,"Peralta, Wandy",678489,593974,,foul_bunt,,,,,5.0,,R,R,L,AZ,SD,S,,,0,0,2026,1.49,0.4,0.0937910769565091,2.1225853872892726,694374.0,543510.0,,1,8,Bot,,,,,,,-4.683045400346772,-129.8831508863292,-3.7565728156828606,17.895897192957886,27.444609817691124,-27.01800667442317,2.958472769,1.493061024,,,,88.2,2122,5.7,825095,669134,664034,630105,823550,593428,650859,701538,665487,54.83,,,,,,,,66,1,Changeup,4,1,4,1,1,4,4,1,Infield shade,Standard,125,-0.001,-0.058,11.6,1.5,,,0.058,88.0,3,3,0.983,0.983,34,25,35,25,1,0,2,2,2.0,1.0,2.46,1.49,-1.49,34.5,-75.36399573029266,-98.86492415101496,51.14021797139744,32.536220169153026,29.014206089525743
SI,2026-08-03,96.4,0.33,6.34,"Peralta, Wandy",678489,593974,,ball,,,,,11.0,,R,R,L,AZ,SD,B,,,0,1,2026,1.19,0.75,-0.4216001355028094,3.618277427575525,694374.0,543510.0,,1,8,Bot,,,,,,,-4.669507341640438,-140.41590343684075,-3.205610734144992,16.838057009684942,31.44955923479212,-21.714135832141576,2.958472769,1.493061024,,,,95.4,1999,5.6,825095,669134,664034,630105,823550,593428,650859,701538,665487,54.89,,,,,,,,66,2,Sinker,4,1,4,1,1,4,4,1,Strategic,Standard,129,0.0,0.028,,,,,-0.028,,3,3,0.982,0.982,34,25,35,25,1,0,2,2,2.0,1.0,1.69,1.19,-1.19,46.2,,,,,
CH,2026-08-03,88.7,0.53,5.94,"Peralta, Wandy",678489,593974,,foul_bunt,,,,,12.0,,R,R,L,AZ,SD,S,,,1,1,2026,1.37,0.4,0.9504675283289528,2.4010246481694604,694374.0,543510.0,,1,8,Bot,,,,,,,-1.84850630981025,-129.12510549505967,-3.1853244984084785,15.63629427129618,28.023138643513043,-27.254894945573945,2.958472769,1.493061024,,,,87.4,2170,5.5,825095,669134,664034,630105,823550,593428,650859,701538,665487,54.97,,,,,,,,66,3,Changeup,4,1,4,1,1,4,4,1,Strategic,Standard,126,-0.002,-0.075,10.7,1.5,,,0.075,88.0,3,3,0.982,0.982,34,25,35,25,1,0,2,2,2.0,1.0,2.51,1.37,-1.37,36.9,-68.66635118825648,-17.040441823725857,32.8620142442376,43.82184309928316,27.760803928947688
CH,2026-08-03,89.6,0.66,5.87,"Peralta, Wandy",678489,593974,,ball,,,,,14.0,,R,R,L,AZ,SD,B,,,1,2,2026,1.29,0.31,2.2044854885537157,1.5845085971580746,694374.0,543510.0,,1,8,Bot,,,,,,,0.9673096085084536,-130.54915429206264,-4.984415017829958,14.596380368853389,27.570584838937876,-27.806959402703864,2.958472769,1.493061024,,,,88.6,2146,5.6,825095,669134,664034,630105,823550,593428,650859,701538,665487,54.92,,,,,,,,66,4,Changeup,4,1,4,1,1,4,4,1,Strategic,Standard,125,0.002,0.016,,,,,-0.016,,3,3,0.98,0.98,34,25,35,25,1,0,2,2,2.0,1.0,2.52,1.29,-1.29,34.4,,,,,
CH,2026-08-03,89.3,0.51,5.85,"Peralta, Wandy",678489,593974,sac_fly,hit_into_play,,,,,3.0,Jorge Barrosa out on a sacrifice fly to center fielder Jackson Merrill. Tim Tawa scores. James McCann to 3rd.,R,R,L,AZ,SD,X,8.0,fly_ball,2,2,2026,1.29,0.13,0.8066340050065943,2.618889342392037,694374.0,543510.0,,1,8,Bot,126.48,50.87,,,,,-2.025001690072541,-130.08902880967597,-1.991920674131196,15.09968431311681,27.706660683511227,-30.517134177155068,2.958472769,1.493061024,366.0,92.2,31.0,88.4,2186,5.7,825095,669134,664034,630105,823550,593428,650859,701538,665487,54.83,,0.146,0.0,1.0,0.0,0.0,3.0,66,5,Changeup,4,1,4,1,1,5,5,1,Strategic,Standard,124,0.006,-0.128,63.2,7.7,,,0.128,92.2,3,3,0.982,0.982,34,25,35,25,1,0,2,2,2.0,1.0,2.73,1.29,-1.29,38.5,10.636594123557105,-1.9558366828747855,20.89273176472317,43.91567278319776,33.37436753413667
SI,2026-08-03,96.8,0.35,6.26,"Peralta, Wandy",682998,593974,,called_strike,,,,,3.0,,R,L,L,AZ,SD,S,,,0,0,2026,1.26,0.58,0.3065593099813678,2.9600143171432793,543510.0,,,2,8,Bot,,,,,,,-2.9994075485819445,-140.9058378518153,-4.363687481111176,17.551599340509526,31.003343463360476,-23.66969520005548,3.10328084,1.566141732,,,,95.7,1920,5.5,825095,669134,664034,630105,823550,593428,650859,701538,665487,54.96,,,,,,,,67,1,Sinker,5,1,5,1,1,5,5,1,Strategic,Standard,130,0.0,-0.034,,,,,0.034,,4,4,0.988,0.988,34,25,35,26,1,4,2,1,2.0,1.0,1.84,1.26,1.26,41.1,,,,,
SI,2026-08-03,96.9,0.26,6.3,"Peralta, Wandy",682998,593974,,ball,,,,,13.0,,R,L,L,AZ,SD,B,,,0,1,2026,1.27,0.74,-0.4656274386735544,1.0691415849260673,543510.0,,,2,8,Bot,,,,,,,-4.799011215823722,-140.85641122940842,-9.772246607639586,18.050475517203537,30.471895713471756,-20.294461945539325,3.10328084,1.566141732,,,,95.9,1988,5.7,825095,669134,664034,630105,823550,593428,650859,701538,665487,54.81,,,,,,,,67,2,Sinker,5,1,5,1,1,5,5,1,Infield shade,Standard,130,0.0,0.03,,,,,-0.03,,4,4,0.988,0.988,34,25,35,26,1,4,2,1,2.0,1.0,1.68,1.27,1.27,46.4,,,,,
SI,2026-08-03,97.3,0.04,6.39,"Peralta, Wandy",682998,593974,,foul,,,,,14.0,,R,L,L,AZ,SD,S,,,1,1,2026,1.15,0.93,1.0699152407579025,2.156945750721034,543510.0,,,2,8,Bot,,,,,,,0.0382865019426936,-141.57417741055582,-7.670038600350837,15.537951877094606,31.798785508420675,-18.09327807428968,3.10328084,1.566141732,1.0,37.5,-61.0,96.2,1985,5.6,825095,669134,664034,630105,823550,593428,650859,701538,665487,54.87,,,,,,,,67,3,Sinker,5,1,5,1,1,5,5,1,Infield shade,Standard,137,-0.001,-0.061,75.4,7.0,,,0.061,88.0,4,4,0.988,0.988,34,25,35,26,1,4,2,1,2.0,1.0,1.47,1.15,1.15,51.4,7.238309746126791,3.0400046835953725,28.981647772971726,27.60525544616205,30.548366574607257
SL,2026-08-03,89.2,0.61,5.96,"Peralta, Wandy",682998,593974,,ball,,,,,14.0,,R,L,L,AZ,SD,B,,,1,2,2026,0.02,0.34,1.0496329398296824,2.2148516595557717,543510.0,,,2,8,Bot,,,,,,,1.0212137610993963,-129.86075539769524,-3.625217870328494,0.0194023508136684,29.041595560739697,-27.79104456380909,3.10328084,1.566141732,,,,88.2,2122,5.8,825095,669134,664034,630105,823550,593428,650859,701538,665487,54.68,,,,,,,,67,4,Slider,5,1,5,1,1,5,5,1,Infield shade,Standard,145,0.001,0.037,,,,,-0.037,,4,4,0.987,0.987,34,25,35,26,1,4,2,1,2.0,1.0,2.54,0.02,0.02,40.2,,,,,
SL,2026-08-03,89.4,0.62,5.91,"Peralta, Wandy",682998,593974,,foul,,,,,8.0,,R,L,L,AZ,SD,S,,,2,2,2026,-0.09,0.21,-0.1694963059405928,1.5886479365253183,543510.0,,,2,8,Bot,,,,,,,-1.696574211375911,-130.15828814024331,-4.792036601852443,-0.6924577804977949,29.103588585015377,-28.96148951756481,3.10328084,1.566141732,4.0,74.7,-23.0,88.7,2193,6.0,825095,669134,664034,630105,823550,593428,650859,701538,665487,54.51,,,,,,,,67,5,Slider,5,1,5,1,1,5,5,1,Infield shade,Standard,145,0.0,0.0,77.0,8.2,,,0.0,88.0,4,4,0.988,0.988,34,25,35,26,1,4,2,1,2.0,1.0,2.65,-0.09,-0.09,38.3,20.08378123423415,-14.00795509559684,28.19283469796617,41.59386423177221,43.975030797255286
SI,2026-08-03,96.0,-0.04,6.38,"Peralta, Wandy",682998,593974,,ball,,,,,12.0,,R,L,L,AZ,SD,B,,,2,2,2026,1.2,0.88,1.2132699814397991,2.8174999806660166,543510.0,,,2,8,Bot,,,,,,,0.5313790701336506,-139.80641614691044,-5.611514318398552,15.631658236390091,30.179188434786873,-19.619987596394584,3.10328084,1.566141732,,,,95.1,2061,5.6,825095,669134,664034,630105,823550,593428,650859,701538,665487,54.87,,,,,,,,67,6,Sinker,5,1,5,1,1,5,5,1,Infield shade,Standard,140,0.0,0.056,,,,,-0.056,,4,4,0.988,0.988,34,25,35,26,1,4,2,1,2.0,1.0,1.58,1.2,1.2,50.0,,,,,
SI,2026-08-03,96.5,0.15,6.33,"Peralta, Wandy",682998,593974,field_out,hit_into_play,,,,,14.0,"Corbin Carroll grounds out, shortstop Xander Bogaerts to first baseman Ty France.",R,L,L,AZ,SD,X,6.0,ground_ball,3,2,2026,1.2,0.93,1.2789577893598474,1.654291080568823,543510.0,,,2,8,Bot,134.28,145.94,,,,,0.2021634777128898,-140.3505166784615,-8.657835048751114,15.832815697638503,31.565410116207065,-18.19383245912508,3.10328084,1.566141732,23.0,60.2,-1.0,95.4,2217,5.7,825095,669134,664034,630105,823550,593428,650859,701538,665487,54.81,0.097,0.087,0.0,1.0,0.0,0.0,2.0,67,7,Sinker,5,1,5,1,1,5,5,1,Infield shade,Standard,132,-0.003,-0.332,70.8,6.4,,0.111,0.332,88.0,4,4,0.988,0.988,34,25,35,26,1,4,2,1,2.0,1.0,1.52,1.2,1.2,46.5,-7.364146054257616,8.778535800512705,40.29476069818411,23.970296392371484,25.929855066414753
SL,2026-08-05,87.4,0.82,5.99,"Peralta, Wandy",543510,593974,,ball,,,,,13.0,,R,R,L,AZ,SD,B,,,0,0,2026,-0.23,0.44,-0.0580874686285653,0.4054149095227597,,,,0,7,Bot,,,,,,,-1.5889563898057704,-127.0341951447232,-7.832257631801262,-2.185337373888862,27.358434876865356,-25.96665661052521,3.280561024,1.655610236,,,,86.5,2066,5.9,825052,669134,664034,665487,669398,823550,650859,701538,687749,54.61,,,,,,,,58,1,Slider,8,0,8,0,0,8,8,0,Standard,Standard,136,0.0,0.042,,,,,-0.042,,8,8,0.998,0.998,34,36,35,36,1,3,2,1,2.0,3.0,2.56,-0.23,0.23,43.7,,,,,
SI,2026-08-05,97.0,0.61,6.2,"Peralta, Wandy",543510,593974,,foul,,,,,7.0,,R,R,L,AZ,SD,S,,,1,0,2026,1.16,0.71,-0.289103584418823,2.0399710782484455,,,,0,7,Bot,,,,,,,-5.005002898188962,-141.1700356134904,-6.941917008376141,16.67053474633173,30.526652680898632,-21.381682226471195,3.280561024,1.655610236,205.0,79.8,16.0,96.1,2023,5.6,825052,669134,664034,665487,669398,823550,650859,701538,687749,54.86,,,,,,,,58,2,Sinker,8,0,8,0,0,8,8,0,Standard,Standard,133,0.0,-0.055,71.7,5.9,,,0.055,88.0,8,8,0.998,0.998,34,36,35,36,1,3,2,1,2.0,3.0,1.71,1.16,-1.16,40.4,-14.65699538236947,18.503441823797985,45.10644062496315,31.54156229731223,21.44918973781082
FF,2026-08-05,96.5,0.5,6.18,"Peralta, Wandy",543510,593974,,ball,,,,,11.0,,R,R,L,AZ,SD,B,,,1,1,2026,1.01,1.13,-1.146059279252969,2.495430425523291,,,,0,7,Bot,,,,,,,-6.573660001802542,-140.2918322632228,-6.510496951960383,14.87630638234501,32.482827281927776,-16.011859088231965,3.280561024,1.655610236,,,,95.2,2203,5.7,825052,669134,664034,665487,669398,823550,650859,701538,687749,54.84,,,,,,,,58,3,4-Seam Fastball,8,0,8,0,0,8,8,0,Standard,Standard,132,0.0,0.063,,,,,-0.063,,8,8,0.998,0.998,34,36,35,36,1,3,2,1,2.0,3.0,1.33,1.01,-1.01,40.9,,,,,
SI,2026-08-05,95.9,0.11,6.34,"Peralta, Wandy",543510,593974,,swinging_strike,,,,,6.0,,R,R,L,AZ,SD,S,,,2,1,2026,1.38,0.8,0.8196198792727565,2.32549775215056,,,,0,7,Bot,,,,,,,-1.2824907705259994,-139.55408428896175,-6.516345852730665,18.26549871702928,31.919621622688876,-20.48445075872232,3.280561024,1.655610236,,,,94.6,2026,5.6,825052,669134,664034,665487,669398,823550,650859,701538,687749,54.92,,,,,,,,58,4,Sinker,8,0,8,0,0,8,8,0,Standard,Standard,133,0.0,-0.078,69.8,6.4,0.639353064,,0.078,,8,8,0.998,0.998,34,36,35,36,1,3,2,1,2.0,3.0,1.68,1.38,-1.38,49.5,-3.367423132702598,19.03620488997921,36.70753380711171,45.71240364308269,17.98391533814789
CH,2026-08-05,89.3,0.52,5.85,"Peralta, Wandy",543510,593974,strikeout,swinging_strike,,,,,14.0,James McCann strikes out swinging.,R,R,L,AZ,SD,S,2.0,,2,2,2026,1.48,0.35,1.1327842111926552,1.349897908107931,,,,0,7,Bot,,,,,,,-1.665259408717374,-130.01370012010392,-5.466730255579185,17.109328866434183,29.164270024093707,-27.17900391157713,3.280561024,1.655610236,,,,87.9,2187,5.6,825052,669134,664034,665487,669398,823550,650859,701538,687749,54.94,,0.0,0.0,1.0,0.0,0.0,,58,5,Changeup,8,0,8,0,0,8,8,0,Standard,Standard,125,0.0,-0.232,68.8,7.6,0.57660678,,0.232,,8,8,0.998,0.998,34,36,35,36,1,3,2,1,2.0,3.0,2.52,1.48,-1.48,38.0,12.183083419694894,-7.235255605484589,34.138127591022496,47.82463053846125,40.72861880096454
SL,2026-08-05,88.6,0.66,6.06,"Peralta, Wandy",682988,593974,,called_strike,,,,,2.0,,R,R,L,AZ,SD,S,,,0,0,2026,-0.31,0.34,0.1860741583707905,2.837703247927215,,,,1,7,Bot,,,,,,,-0.4842110704977008,-128.9658900421964,-2.2812745929130673,-3.3548099587557942,28.607886730062003,-28.106961172265112,3.283193898,1.656938976,,,,87.5,2154,5.7,825052,669134,664034,665487,669398,823550,650859,701538,687749,54.77,,,,,,,,59,1,Slider,8,0,8,0,0,8,8,0,Standard,Standard,151,0.0,-0.041,,,,,0.041,,8,8,0.998,0.998,34,25,35,26,1,3,2,3,2.0,4.0,2.58,-0.31,0.31,44.2,,,,,
CH,2026-08-05,89.3,0.5,5.86,"Peralta, Wandy",682988,593974,,foul,,,,,6.0,,R,R,L,AZ,SD,S,,,0,1,2026,1.48,0.27,0.6127454687199503,2.5950598206576485,,,,1,7,Bot,,,,,,,-2.8307772678624064,-129.9385781959254,-2.332768053402814,17.29298204064727,28.8738644539738,-28.86724353223189,3.283193898,1.656938976,289.0,90.1,43.0,87.8,2188,5.5,825052,669134,664034,665487,669398,823550,650859,701538,687749,54.99,,,,,,,,59,2,Changeup,8,0,8,0,0,8,8,0,Standard,Standard,122,0.0,-0.057,73.5,6.7,,,0.057,90.1,8,8,0.998,0.998,34,25,35,26,1,3,2,3,2.0,4.0,2.61,1.48,-1.48,37.3,7.963167443603869,13.01629570198371,32.54602156435525,48.86307404023681,24.707870841939872
FF,2026-08-05,96.0,0.03,6.3,"Peralta, Wandy",682988,593974,,ball,,,,,11.0,,R,R,L,AZ,SD,B,,,0,2,2026,0.75,1.15,-0.593852598103468,4.656270487339239,,,,1,7,Bot,,,,,,,-3.287235200906755,-139.79532327761865,-1.2509373786159703,10.522079624697287,31.60800024725411,-16.994809218317343,3.283193898,1.656938976,,,,94.7,2037,5.5,825052,669134,664034,665487,669398,823550,650859,701538,687749,55.01,,,,,,,,59,3,4-Seam Fastball,8,0,8,0,0,8,8,0,Standard,Standard,132,0.0,0.019,,,,,-0.019,,8,8,0.998,0.998,34,25,35,26,1,3,2,3,2.0,4.0,1.32,0.75,-0.75,47.0,,,,,
CH,2026-08-05,90.5,0.49,5.83,"Peralta, Wandy",682988,593974,,ball,,,,,14.0,,R,R,L,AZ,SD,B,,,1,2,2026,1.28,-0.05,2.0332518430541437,1.9061637053629648,,,,1,7,Bot,,,,,,,1.0240485405207145,-131.84345351952015,-3.497073015939277,14.647507408385694,28.55066287073089,-32.15920314365572,3.283193898,1.656938976,,,,89.5,2144,5.6,825052,669134,664034,665487,669398,823550,650859,701538,687749,54.88,,,,,,,,59,4,Changeup,8,0,8,0,0,8,8,0,Standard,Standard,126,0.0,0.051,,,,,-0.051,,8,8,0.998,0.998,34,25,35,26,1,3,2,3,2.0,4.0,2.83,1.28,-1.28,37.9,,,,,
SI,2026-08-05,96.4,-0.09,6.33,"Peralta, Wandy",682988,593974,,foul,,,,,2.0,,R,R,L,AZ,SD,S,,,2,2,2026,1.31,0.6,-0.1276385075631665,3.1779718079883077,,,,1,7,Bot,,,,,,,-3.0653966524722915,-140.38937406753976,-3.934671002599438,17.973006638354498,31.648342604415877,-23.60132336885223,3.283193898,1.656938976,266.0,79.2,35.0,95.2,2022,5.6,825052,669134,664034,665487,669398,823550,650859,701538,687749,54.94,,,,,,,,59,5,Sinker,8,0,8,0,0,8,8,0,Standard,Standard,138,0.0,0.0,66.4,5.6,,,0.0,88.0,8,8,0.998,0.998,34,25,35,26,1,3,2,3,2.0,4.0,1.85,1.31,-1.31,47.3,-2.409306564630472,19.423220810339178,32.78700780134941,40.009038442682346,15.198359858926224
CH,2026-08-05,89.9,0.42,5.84,"Peralta, Wandy",682988,593974,field_out,hit_into_play,,,,,9.0,"Tyler Locklear grounds out, shortstop Sung-Mun Song to first baseman Ty France.",R,R,L,AZ,SD,X,6.0,ground_ball,2,2,2026,1.36,0.21,0.5091918513463913,1.7938924341067946,,,,1,7,Bot,103.82,155.6,,,,,-2.686515605196784,-130.93792348964035,-4.220345699395844,16.156206801716568,28.80119951753328,-29.05193138667708,3.283193898,1.656938976,11.0,79.0,-10.0,88.9,2051,5.7,825052,669134,664034,665487,669398,823550,650859,701538,687749,54.77,0.077,0.075,0.0,1.0,0.0,0.0,2.0,59,6,Changeup,8,0,8,0,0,8,8,0,Standard,Standard,124,0.0,-0.233,75.7,7.5,,0.093,0.233,88.0,8,8,0.998,0.998,34,25,35,26,1,3,2,3,2.0,4.0,2.61,1.36,-1.36,35.6,13.957719375511225,-2.9309544407262487,34.50856755013169,47.385988744871824,35.07209891623694
SI,2026-08-05,96.1,0.19,6.22,"Peralta, Wandy",814439,593974,,foul,,,,,8.0,,R,R,L,AZ,SD,S,,,0,0,2026,1.4,0.4,0.2133344030636292,1.572166187445748,,,,2,7,Bot,,,,,,,-3.114743508607823,-139.83398188845356,-7.272857053727197,19.061055453312132,32.3887609167187,-25.52209915182969,3.201574803,1.615748032,3.0,59.3,-27.0,94.9,2019,5.6,825052,669134,664034,665487,669398,823550,650859,701538,687749,54.85,,,,,,,,60,1,Sinker,8,0,8,0,0,8,8,0,Standard,Standard,132,0.0,-0.045,75.6,7.1,,,0.045,88.0,8,8,0.998,0.998,34,23,35,24,1,3,2,1,2.0,1.0,2.08,1.4,-1.4,45.7,11.327505839763043,-5.775895067681437,44.55654472783956,36.03854703055369,27.93051625868852
CH,2026-08-05,89.8,0.44,5.87,"Peralta, Wandy",814439,593974,single,hit_into_play,,,,,8.0,Ryan Waldschmidt singles on a ground ball to right fielder Jase Bowen.,R,R,L,AZ,SD,X,9.0,ground_ball,0,1,2026,1.19,0.03,0.1677825776995574,1.662087045192131,,,,2,7,Bot,139.72,175.69,,,,,-3.183599352495204,-130.71826379242316,-4.217647100382503,14.30882007712412,27.99620995553905,-31.183228530733473,3.201574803,1.615748032,76.0,98.3,3.0,88.7,1958,5.6,825052,669134,664034,665487,669398,823550,650859,701538,687749,54.89,0.469,0.422,0.9,1.0,1.0,0.0,4.0,60,2,Changeup,8,0,8,0,0,8,8,0,Standard,Standard,122,0.0,0.374,62.0,5.9,,0.5,-0.374,98.3,8,8,0.998,0.998,34,23,35,24,1,3,2,1,2.0,1.0,2.8,1.19,-1.19,36.0,-18.288573041769897,11.81124381106755,44.419783758239696,36.25463006971653,11.903997438093276
SI,2026-08-05,96.5,0.31,6.2,"Peralta, Wandy",663457,593974,,called_strike,,,,,3.0,,R,L,L,AZ,SD,S,,,0,0,2026,1.35,0.67,0.4210605401332173,3.1771773050670458,,,814439.0,2,7,Bot,,,,,,,-2.771029978009204,-140.5147176483841,-3.8045718881478976,18.466578298823737,31.251423124025624,-22.68685541065924,3.259498032,1.644980315,,,,95.4,1917,5.6,825052,669134,664034,665487,669398,823550,650859,701538,687749,54.91,,,,,,,,61,1,Sinker,8,0,8,0,0,8,8,0,Infield shade,Standard,130,0.0,-0.041,,,,,0.041,,8,8,0.998,0.998,34,28,35,29,1,4,2,1,2.0,1.0,1.77,1.35,1.35,41.3,,,,,
SI,2026-08-05,96.4,0.17,6.24,"Peralta, Wandy",663457,593974,,foul,,,,,4.0,,R,L,L,AZ,SD,S,,,0,1,2026,1.34,0.7,-0.2828255985190044,2.7490770462523217,,,814439.0,2,7,Bot,,,,,,,-4.220503877488339,-140.3432251197837,-5.071906778129253,18.64218307141707,31.277307333522923,-22.014262514717796,3.259498032,1.644980315,325.0,95.8,39.0,95.6,2093,5.7,825052,669134,664034,665487,669398,823550,650859,701538,687749,54.76,,,,,,,,61,2,Sinker,8,0,8,0,0,8,8,0,Infield shade,Standard,131,0.0,-0.061,73.7,6.5,,,0.061,95.8,8,8,0.998,0.998,34,28,35,29,1,4,2,1,2.0,1.0,1.75,1.34,1.34,47.8,1.1384556960301897,7.8163379615816115,29.964452553817832,42.367485028570826,23.06071935682509
FF,2026-08-05,96.7,-0.06,6.29,"Peralta, Wandy",663457,593974,,ball,,,,,11.0,,R,L,L,AZ,SD,B,,,0,2,2026,0.82,1.28,-1.1377726936544943,3.7856003867936834,,,814439.0,2,7,Bot,,,,,,,-4.668675643379574,-140.7358502627745,-3.843030370747753,11.912073853498583,32.22321839937972,-14.526501552741143,3.259498032,1.644980315,,,,95.4,1986,5.6,825052,669134,664034,665487,669398,823550,650859,701538,687749,54.92,,,,,,,,61,3,4-Seam Fastball,8,0,8,0,0,8,8,0,Infield shade,Standard,133,0.0,0.021,,,,,-0.021,,8,8,0.998,0.998,34,28,35,29,1,4,2,1,2.0,1.0,1.16,0.82,0.82,44.7,,,,,
CH,2026-08-05,90.2,0.36,5.84,"Peralta, Wandy",663457,593974,field_out,hit_into_play,,,,,14.0,Lars Nootbaar flies out to center fielder Jackson Merrill.,R,L,L,AZ,SD,X,8.0,fly_ball,1,2,2026,1.27,0.38,0.2385469312822788,1.5077296903814688,,,814439.0,2,7,Bot,135.66,62.18,,,,,-2.996053347135477,-131.29262213516452,-5.345377678145357,15.281408730731794,28.417729057560035,-26.837245526723464,3.259498032,1.644980315,339.0,89.5,31.0,89.3,2138,5.7,825052,669134,664034,665487,669398,823550,650859,701538,687749,54.76,0.06,0.082,0.0,1.0,0.0,0.0,3.0,61,4,Changeup,8,0,8,0,0,8,8,0,Infield shade,Standard,124,0.0,-0.194,74.2,7.5,,0.136,0.194,89.5,8,8,0.998,0.998,34,28,35,29,1,4,2,1,2.0,1.0,2.42,1.27,1.27,40.4,7.470754332821975,-7.448318850118552,37.18725197247815,37.54566978693502,38.00722723295084
SI,2026-08-07,96.4,0.3,6.32,"Peralta, Wandy",673237,593974,,foul,,,,,14.0,,R,R,L,SD,HOU,S,,,0,0,2026,1.26,0.86,1.0376896624569618,1.888095567210071,,,,0,8,Top,,,,,,,-0.9565723886929216,-140.24098968124164,-7.8221398751408895,16.780334359018642,31.92344983654808,-19.25843876452454,3.161204068,1.595374016,1.0,62.2,-60.0,95.0,2062,5.5,823266,669134,630105,650859,592518,593428,687749,701538,665487,54.98,,,,,,,,65,1,Sinker,3,5,5,3,5,3,5,3,Standard,Standard,133,0.002,-0.041,83.9,7.6,,,0.041,88.0,-2,2,0.138,0.862,34,27,35,28,1,3,2,2,4.0,1.0,1.6,1.26,-1.26,51.1,-2.3385034001335754,15.769292076021092,28.431485386236083,48.692093270198896,28.69092708179612
CH,2026-08-07,88.6,0.68,5.82,"Peralta, Wandy",673237,593974,,foul,,,,,14.0,,R,R,L,SD,HOU,S,,,0,1,2026,1.31,0.37,0.475324381370569,1.4682836189556068,,,,0,8,Top,,,,,,,-3.247812408173681,-129.04496367914308,-5.082542648610073,15.292592775211672,26.50297622015979,-27.229313984581243,3.161204068,1.595374016,2.0,59.9,-44.0,87.9,2049,5.8,823266,669134,630105,650859,592518,593428,687749,701538,665487,54.74,,,,,,,,65,2,Changeup,3,5,5,3,5,3,5,3,Standard,Standard,125,0.003,-0.054,73.3,8.5,,,0.054,88.0,-2,2,0.14,0.86,34,27,35,28,1,3,2,2,4.0,1.0,2.53,1.31,-1.31,37.5,23.699042917898332,-26.993041326650538,32.38918040082123,41.202341721180424,46.35103523469336
CH,2026-08-07,88.0,0.62,5.78,"Peralta, Wandy",673237,593974,strikeout,swinging_strike,,,,,14.0,Yainer Diaz strikes out swinging.,R,R,L,SD,HOU,S,2.0,,0,2,2026,1.36,0.32,1.4991537212999777,1.1945601253155638,,,,0,8,Top,,,,,,,-0.7587717549632018,-128.05353819288635,-5.372862455999105,15.02762797133942,28.300975926646064,-27.698801122890956,3.161204068,1.595374016,,,,87.1,2148,5.8,823266,669134,630105,650859,592518,593428,687749,701538,665487,54.65,,0.0,0.0,1.0,0.0,0.0,,65,3,Changeup,3,5,5,3,5,3,5,3,Standard,Standard,121,0.007,-0.164,86.2,8.4,0.874628736,,0.164,,-2,2,0.143,0.857,34,27,35,28,1,3,2,2,4.0,1.0,2.64,1.36,-1.36,36.6,7.149950047601667,-2.9494835049393395,30.225845011163617,52.2234221327267,44.25958468268444
SL,2026-08-07,88.2,0.57,5.99,"Peralta, Wandy",701358,593974,,foul,,,,,8.0,,R,R,L,SD,HOU,S,,,0,0,2026,-0.28,0.3,0.0393561436113851,1.9305530215451077,,,,1,8,Top,,,,,,,-0.6808727113157844,-128.51533890735612,-4.150295886548854,-2.9794030619050247,27.123699821423653,-28.182321638177292,3.348138123,1.689714567,,,,87.5,2086,5.8,823266,669134,630105,650859,592518,593428,687749,701538,665487,54.71,,,,,,,,66,1,Slider,3,5,5,3,5,3,5,3,Standard,Standard,158,0.001,-0.041,75.4,8.2,,,0.041,,-2,2,0.15,0.85,34,23,35,23,1,3,2,3,4.0,1.0,2.63,-0.28,0.28,41.0,11.598380091716724,-15.97365034363555,37.09251891425255,38.38590515451566,37.51073033987712
SI,2026-08-07,96.3,0.33,6.14,"Peralta, Wandy",701358,593974,,ball,,,,,11.0,,R,R,L,SD,HOU,B,,,0,1,2026,1.28,0.79,-1.1427628055016783,2.767304745049029,,,,1,8,Top,,,,,,,-6.727601868437434,-140.04356963134796,-4.99353828307708,18.284500056103905,29.677883192631143,-20.78270579715542,3.348138123,1.689714567,,,,95.7,1967,5.9,823266,669134,630105,650859,592518,593428,687749,701538,665487,54.65,,,,,,,,66,2,Sinker,3,5,5,3,5,3,5,3,Standard,Standard,130,-0.001,0.032,,,,,-0.032,,-2,2,0.151,0.849,34,23,35,23,1,3,2,3,4.0,1.0,1.65,1.28,-1.28,44.0,,,,,
CH,2026-08-07,90.4,0.43,5.86,"Peralta, Wandy",701358,593974,,ball,,,,,14.0,,R,R,L,SD,HOU,B,,,1,1,2026,1.19,0.37,1.5617165603216765,1.8240026220353311,,,,1,8,Top,,,,,,,0.2121148919463621,-131.63555114577633,-4.6461009434913905,13.78678824242986,27.323612883472613,-27.143381188075026,3.348138123,1.689714567,,,,89.4,2020,5.6,823266,669134,630105,650859,592518,593428,687749,701538,665487,54.91,,,,,,,,66,3,Changeup,3,5,5,3,5,3,5,3,Standard,Standard,126,-0.001,0.056,,,,,-0.056,,-2,2,0.15,0.85,34,23,35,23,1,3,2,3,4.0,1.0,2.41,1.19,-1.19,36.9,,,,,
CH,2026-08-07,90.4,0.37,5.83,"Peralta, Wandy",701358,593974,single,hit_into_play,,,,,14.0,Cam Smith singles on a fly ball to right fielder Fernando Tatis Jr.,R,R,L,SD,HOU,X,9.0,fly_ball,2,1,2026,1.2,0.39,1.1344645991556492,1.9739571353016605,,,,1,8,Top,177.18,131.61,,,,,-0.6998390527862604,-131.6670314805655,-4.247794134911001,14.055307275138649,29.009941206002583,-26.950474606748113,3.348138123,1.689714567,194.0,64.0,37.0,89.5,2090,5.8,823266,669134,630105,650859,592518,593428,687749,701538,665487,54.74,0.531,0.478,0.9,1.0,1.0,0.0,4.0,66,4,Changeup,3,5,5,3,5,3,5,3,Standard,Standard,122,-0.012,0.372,74.3,7.6,,0.553,-0.372,88.0,-2,2,0.149,0.851,34,23,35,23,1,3,2,3,4.0,1.0,2.4,1.2,-1.2,35.4,2.085935138024808,-0.6624157853227705,28.65058939419258,51.6977917442658,30.552843457773772
SL,2026-08-07,89.0,0.37,5.95,"Peralta, Wandy",676694,593974,,foul,,,,,5.0,,R,R,L,SD,HOU,S,,,0,0,2026,-0.18,0.47,-0.246117415108173,2.666578771615572,,,701358.0,1,8,Top,,,,,,,-1.1129272041376004,-129.69676164823412,-2.798103280429328,-1.7853408484891735,27.918022776423527,-26.534091978748098,3.21035105,1.620177165,,,,88.5,1968,5.9,823266,669134,630105,650859,592518,593428,687749,701538,665487,54.56,,,,,,,,67,1,Slider,3,5,5,3,5,3,5,3,Standard,Standard,170,0.002,-0.037,66.7,6.9,,,0.037,,-2,2,0.137,0.863,34,30,35,30,1,3,2,35,4.0,1.0,2.41,-0.18,0.18,38.7,10.838699734767951,-0.1572314389419132,36.69701582529722,36.856054252604665,32.76392089181564
CH,2026-08-07,89.7,0.28,5.93,"Peralta, Wandy",676694,593974,single,hit_into_play,,,,,6.0,Jake Meyers singles on a line drive to right fielder Fernando Tatis Jr. Cam Smith to 3rd.,R,R,L,SD,HOU,X,9.0,line_drive,0,1,2026,1.19,0.23,0.5425815758075538,2.645327364281074,,,701358.0,1,8,Top,152.94,108.59,,,,,-1.8953084416138477,-130.5435703023494,-2.3567800447131546,13.980014200694573,29.548564088946108,-29.23551287373829,3.21035105,1.620177165,238.0,95.1,13.0,88.3,1926,5.6,823266,669134,630105,650859,592518,593428,687749,701538,665487,54.9,0.951,0.924,0.9,1.0,1.0,0.0,4.0,67,2,Changeup,3,5,5,3,5,3,5,3,Standard,Standard,124,-0.04,0.447,68.1,6.8,,1.16,-0.447,95.1,-2,2,0.139,0.861,34,30,35,30,1,3,2,35,4.0,1.0,2.62,1.19,-1.19,37.5,-1.4133645602919322,3.6998872912409846,27.28691277369458,46.30470183869019,21.99823512779108
SI,2026-08-07,95.3,0.18,6.25,"Peralta, Wandy",665161,593974,,swinging_strike,,,,,14.0,,R,R,L,SD,HOU,S,,,0,0,2026,1.47,0.71,0.7348564930589615,1.0698693099291774,701358.0,,676694.0,1,8,Top,,,,,,,-1.887193626012389,-138.55565632165715,-9.2107004437798,19.33371217817993,31.603916446959875,-21.096702573067112,3.19718668,1.613533465,,,,94.3,2042,5.8,823266,669134,630105,650859,592518,593428,687749,701538,665487,54.71,,,,,,,,68,1,Sinker,3,5,5,3,5,3,5,3,Strategic,Standard,130,0.006,-0.049,74.0,7.7,1.943820948,,0.049,,-2,2,0.099,0.901,34,28,35,29,1,4,2,2,4.0,1.0,1.8,1.47,-1.47,46.3,6.859727422142795,4.4302791170917715,39.349555321609735,45.53548440709365,27.770778412094497
SI,2026-08-07,95.2,-0.06,6.25,"Peralta, Wandy",665161,593974,,blocked_ball,,,,,14.0,,R,R,L,SD,HOU,B,,,0,1,2026,1.23,0.78,0.652401432472816,0.3086617142934298,701358.0,,676694.0,1,8,Top,,,,,,,-0.9398389985240656,-138.36121372620582,-11.265169895090672,16.010207433558705,30.749030338242743,-19.85548943073737,3.19718668,1.613533465,,,,94.0,2144,5.6,823266,669134,630105,650859,592518,593428,687749,701538,665487,54.85,,,,,,,,68,2,Sinker,3,5,5,3,5,3,5,3,Strategic,Standard,129,-0.004,0.009,,,,,-0.009,,-2,2,0.105,0.895,34,28,35,29,1,4,2,2,4.0,1.0,1.74,1.23,-1.23,42.4,,,,,
CH,2026-08-07,90.1,0.45,5.88,"Peralta, Wandy",665161,593974,grounded_into_double_play,hit_into_play,,,,,13.0,"Jeremy Peña grounds into a double play, second baseman Luis Rengifo to first baseman Jake Cronenworth to shortstop Xander Bogaerts. Cam Smith scores. Jake Meyers out at 2nd. Jeremy Peña out at 1st.",R,R,L,SD,HOU,X,4.0,ground_ball,1,1,2026,1.3,0.33,-0.2832941893155822,1.1728169962569135,701358.0,,676694.0,1,8,Top,143.31,160.65,,,,,-4.529127921722799,-131.00084658658116,-6.0747394213958605,15.901028407131108,28.97973233402073,-27.218874207898548,3.19718668,1.613533465,2.0,70.8,-33.0,88.8,2206,5.6,823266,669134,630105,650859,592518,593428,687749,701538,665487,54.87,0.083,0.078,0.0,1.0,0.0,0.0,2.0,68,3,Changeup,3,5,5,3,6,3,6,3,Strategic,Standard,127,-0.014,-0.266,72.9,8.3,,0.091,0.266,88.0,-2,2,0.101,0.899,34,28,35,29,1,4,2,2,4.0,1.0,2.49,1.3,-1.3,39.9,16.567694966349904,-23.55476673453404,42.089238392220224,33.41691078812173,44.70405049213405
SL,2026-08-07,88.2,0.56,5.96,"Peralta, Wandy",670541,593974,,called_strike,,,,,7.0,,R,L,L,SD,HOU,S,,,0,0,2026,-0.18,0.29,-0.5716720202687571,2.0134904739320234,,,,0,9,Top,,,,,,,-2.3273429376322365,-128.5185082395546,-3.906229798571085,-1.5881512377678495,25.44420273942699,-28.378623177048617,3.392019357,1.711860236,,,,88.0,2169,6.0,823266,669134,630105,650859,592518,593428,687749,701538,665487,54.51,,,,,,,,72,1,Slider,3,6,6,3,6,3,6,3,Infield shade,Standard,169,0.001,-0.041,,,,,0.041,,-3,3,0.034,0.966,34,29,35,29,1,4,2,2,4.0,1.0,2.62,-0.18,-0.18,43.5,,,,,
SI,2026-08-07,96.4,0.15,6.23,"Peralta, Wandy",670541,593974,,called_strike,,,,,4.0,,R,L,L,SD,HOU,S,,,0,1,2026,1.31,0.65,-0.4014328075794748,2.3391180874249486,,,,0,9,Top,,,,,,,-4.429830670934763,-140.39300644951334,-6.036472037369611,18.343257156106908,29.568275172129898,-22.445194540844735,3.392019357,1.711860236,,,,95.8,2225,5.7,823266,669134,630105,650859,592518,593428,687749,701538,665487,54.76,,,,,,,,72,2,Sinker,3,6,6,3,6,3,6,3,Infield shade,Standard,134,0.001,-0.054,,,,,0.054,,-3,3,0.035,0.965,34,29,35,29,1,4,2,2,4.0,1.0,1.78,1.31,1.31,43.9,,,,,
FF,2026-08-07,96.1,0.06,6.32,"Peralta, Wandy",670541,593974,,foul,,,,,11.0,,R,L,L,SD,HOU,S,,,0,2,2026,0.89,1.31,-0.9253011021476896,3.7002526797538793,,,,0,9,Top,,,,,,,-4.577119566981599,-139.87767128247248,-4.157854402445144,12.719740894856924,30.663667501084948,-14.244096225236582,3.392019357,1.711860236,235.0,78.6,26.0,95.1,2126,5.6,823266,669134,630105,650859,592518,593428,687749,701538,665487,54.87,,,,,,,,72,3,4-Seam Fastball,3,6,6,3,6,3,6,3,Infield shade,Standard,131,0.0,0.0,68.1,6.6,,,0.0,88.0,-3,3,0.036,0.964,34,29,35,29,1,4,2,2,4.0,1.0,1.15,0.89,0.89,44.1,-8.196520741502935,19.032549286821062,23.935273277208804,46.482396602314,14.20283423020969
SI,2026-08-07,95.9,-0.03,6.35,"Peralta, Wandy",670541,593974,,ball,,,,,12.0,,R,L,L,SD,HOU,B,,,0,2,2026,1.13,0.66,0.61451889880453,3.638968116575016,,,,0,9,Top,,,,,,,-0.91449781545139,-139.6760098734349,-2.8835810862980784,15.059080956213114,30.86260406431644,-23.100953813383818,3.392019357,1.711860236,,,,94.9,2062,5.6,823266,669134,630105,650859,592518,593428,687749,701538,665487,54.9,,,,,,,,72,4,Sinker,3,6,6,3,6,3,6,3,Infield shade,Standard,130,-0.001,0.022,,,,,-0.022,,-3,3,0.036,0.964,34,29,35,29,1,4,2,2,4.0,1.0,1.81,1.13,1.13,46.9,,,,,
FF,2026-08-07,96.1,-0.2,6.36,"Peralta, Wandy",670541,593974,,foul,,,,,2.0,,R,L,L,SD,HOU,S,,,1,2,2026,0.57,1.3,0.0304946245483806,3.508470193341073,,,,0,9,Top,,,,,,,-0.6864618900910479,-139.95369574873982,-4.720432702620958,7.652394315897288,31.001260114109417,-14.181630091987012,3.392019357,1.711860236,191.0,80.4,68.0,94.6,2165,5.3,823266,669134,630105,650859,592518,593428,687749,701538,665487,55.2,,,,,,,,72,5,4-Seam Fastball,3,6,6,3,6,3,6,3,Infield shade,Standard,137,0.0,0.0,68.8,6.5,,,0.0,88.0,-3,3,0.035,0.965,34,29,35,29,1,4,2,2,4.0,1.0,1.16,0.57,0.57,48.9,0.7793989985251308,3.1044501774176796,30.902231517721624,34.66561951102297,29.292609398579916
SL,2026-08-07,89.6,0.42,5.98,"Peralta, Wandy",670541,593974,,foul,,,,,5.0,,R,L,L,SD,HOU,S,,,1,2,2026,-0.21,0.41,0.1391319419648161,2.3447056314215717,,,,0,9,Top,,,,,,,-0.2265390990719829,-130.52450784442695,-3.637863952678847,-2.400986005075525,27.97597734643724,-26.876593828407874,3.392019357,1.711860236,189.0,63.2,34.0,89.3,2034,6.1,823266,669134,630105,650859,592518,593428,687749,701538,665487,54.39,,,,,,,,72,6,Slider,3,6,6,3,6,3,6,3,Infield shade,Standard,145,0.0,0.0,81.5,7.6,,,0.0,88.0,-3,3,0.035,0.965,34,29,35,29,1,4,2,2,4.0,1.0,2.42,-0.21,-0.21,43.7,1.382022634089193,-1.603721164112743,39.61873195584428,33.12021249902052,36.213522955123615
FF,2026-08-07,96.3,-0.23,6.26,"Peralta, Wandy",670541,593974,,foul,,,,,13.0,,R,L,L,SD,HOU,S,,,1,2,2026,0.58,1.38,-0.982313819235055,2.0153234884584896,,,,0,9,Top,,,,,,,-3.263560857637086,-139.94463915654853,-8.5268968579803,8.309817769551387,32.07978343541501,-12.332621485563644,3.392019357,1.711860236,189.0,70.8,55.0,95.5,2220,5.9,823266,669134,630105,650859,592518,593428,687749,701538,665487,54.56,,,,,,,,72,7,4-Seam Fastball,3,6,6,3,6,3,6,3,Infield shade,Standard,128,0.0,0.0,81.2,7.9,,,0.0,88.0,-3,3,0.035,0.965,34,29,35,29,1,4,2,2,4.0,1.0,1.09,0.58,0.58,47.0,3.6233197820411727,2.170022495234046,37.291887682479405,46.529419037054154,27.064370099503464
FF,2026-08-07,95.8,-0.05,6.3,"Peralta, Wandy",670541,593974,,ball,,,,,11.0,,R,L,L,SD,HOU,B,,,1,2,2026,0.64,1.31,-2.014263762957353,3.3241755949985805,,,,0,9,Top,,,,,,,-6.508577175577159,-139.35922577715735,-5.028974630060595,9.74431021901088,30.46664965910177,-14.14735904256151,3.392019357,1.711860236,,,,95.0,1983,5.8,823266,669134,630105,650859,592518,593428,687749,701538,665487,54.74,,,,,,,,72,8,4-Seam Fastball,3,6,6,3,6,3,6,3,Infield shade,Standard,128,0.0,0.046,,,,,-0.046,,-3,3,0.035,0.965,34,29,35,29,1,4,2,2,4.0,1.0,1.17,0.64,0.64,45.2,,,,,
SI,2026-08-07,95.9,-0.38,6.35,"Peralta, Wandy",670541,593974,field_out,hit_into_play,,,,,13.0,Yordan Alvarez grounds out to first baseman Jake Cronenworth.,R,L,L,SD,HOU,X,3.0,ground_ball,2,2,2026,1.15,0.89,-0.4417514612735793,1.476743725115085,,,,0,9,Top,158.0,171.3,,,,,-2.7796189279094756,-139.39505986818526,-8.948122880956802,15.627729929792483,31.53207537912897,-18.705697697331708,3.392019357,1.711860236,3.0,88.7,-28.0,94.8,2126,5.7,823266,669134,630105,650859,592518,593428,687749,701538,665487,54.77,0.045,0.04,0.0,1.0,0.0,0.0,2.0,72,9,Sinker,3,6,6,3,6,3,6,3,Infield shade,Standard,138,0.003,-0.232,81.4,7.8,,0.054,0.232,88.7,-3,3,0.035,0.965,34,29,35,29,1,4,2,2,4.0,1.0,1.59,1.15,1.15,53.6,1.4672936067015867,0.9025403105429116,42.63161332817228,40.45147211610639,32.18159002229209
SI,2026-08-07,95.7,0.02,6.21,"Peralta, Wandy",670623,593974,,ball,,,,,11.0,,R,R,L,SD,HOU,B,,,0,0,2026,1.22,0.75,-0.3539658557627978,3.749296521345672,,,,1,9,Top,,,,,,,-3.7521350418528,-139.43907242863602,-2.4381631158806525,16.761256201261382,29.867483348014225,-22.037660852305375,3.180511811,1.60511811,,,,95.4,2053,5.9,823266,669134,630105,650859,592518,593428,687749,701538,665487,54.58,,,,,,,,73,1,Sinker,3,6,6,3,6,3,6,3,Infield shade,Strategic,130,0.0,0.041,,,,,-0.041,,-3,3,0.038,0.962,34,27,35,27,1,4,2,2,4.0,1.0,1.72,1.22,-1.22,43.8,,,,,
FF,2026-08-07,96.0,-0.16,6.26,"Peralta, Wandy",670623,593974,,called_strike,,,,,1.0,,R,R,L,SD,HOU,S,,,1,0,2026,0.76,1.29,-0.4722940782148117,3.1030538658212214,,,,1,9,Top,,,,,,,-2.540103084887072,-139.75398526629297,-5.497163048531933,10.496776185884045,30.687196129688655,-14.216381556011918,3.180511811,1.60511811,,,,95.4,2088,5.8,823266,669134,630105,650859,592518,593428,687749,701538,665487,54.65,,,,,,,,73,2,4-Seam Fastball,3,6,6,3,6,3,6,3,Infield shade,Strategic,138,0.0,-0.05,,,,,0.05,,-3,3,0.038,0.962,34,27,35,27,1,4,2,2,4.0,1.0,1.17,0.76,-0.76,49.1,,,,,
CH,2026-08-07,89.7,0.11,5.9,"Peralta, Wandy",670623,593974,single,hit_into_play,,,,,14.0,Isaac Paredes singles on a line drive to center fielder Jackson Merrill.,R,R,L,SD,HOU,X,8.0,line_drive,1,1,2026,1.24,0.56,0.8276313155798946,1.54799382478598,,,,1,9,Top,112.4,109.05,,,,,-0.906840627004854,-130.64496395618616,-5.752310192437985,14.451006427296605,26.2565754789757,-24.774791087567028,3.180511811,1.60511811,178.0,71.4,15.0,89.5,2192,6.0,823266,669134,630105,650859,592518,593428,687749,701538,665487,54.47,0.434,0.391,0.9,1.0,1.0,0.0,4.0,73,3,Changeup,3,6,6,3,6,3,6,3,Infield shade,Strategic,127,-0.004,0.428,69.3,8.0,,0.439,-0.428,88.0,-3,3,0.038,0.962,34,27,35,27,1,4,2,2,4.0,1.0,2.26,1.24,-1.24,40.1,13.65330293649306,-10.315978963396985,30.964264875721625,43.66530051433764,36.10991706356017
SI,2026-08-07,95.8,-0.2,6.3,"Peralta, Wandy",514888,593974,,called_strike,,,,,3.0,,R,R,L,SD,HOU,S,,,0,0,2026,1.32,0.5,0.4887453810587876,3.034907578695252,,,670623.0,1,9,Top,,,,,,,-1.220414471190754,-139.459759225277,-3.9485832298344494,17.48006151844088,32.3436056280666,-24.913831856514307,2.926000656,1.476673228,,,,95.3,1964,6.0,823266,669134,630105,650859,592518,593428,687749,701538,665487,54.46,,,,,,,,74,1,Sinker,3,6,6,3,6,3,6,3,Standard,Standard,133,0.001,-0.037,,,,,0.037,,-3,3,0.034,0.966,34,36,35,36,1,4,2,2,4.0,1.0,1.98,1.32,-1.32,50.6,,,,,
CH,2026-08-07,90.1,0.27,5.88,"Peralta, Wandy",514888,593974,,ball,,,,,14.0,,R,R,L,SD,HOU,B,,,0,1,2026,1.27,0.07,1.047148913094841,1.451474356067402,,,670623.0,1,9,Top,,,,,,,-0.8366092944087057,-131.22625841010185,-4.919339607833554,14.901233975138531,27.90152953163468,-30.54454139482721,2.926000656,1.476673228,,,,89.4,2030,5.8,823266,669134,630105,650859,592518,593428,687749,701538,665487,54.71,,,,,,,,74,2,Changeup,3,6,6,3,6,3,6,3,Infield shade,Standard,121,-0.001,0.026,,,,,-0.026,,-3,3,0.035,0.965,34,36,35,36,1,4,2,2,4.0,1.0,2.73,1.27,-1.27,37.5,,,,,
SI,2026-08-07,95.8,-0.29,6.26,"Peralta, Wandy",514888,593974,,ball,,,,,12.0,,R,R,L,SD,HOU,B,,,1,1,2026,1.42,0.61,0.0396643538799366,3.4027299423537265,,,670623.0,1,9,Top,,,,,,,-2.3705129563606007,-139.56921914559155,-3.106701949240873,19.009270160212985,32.36028687996662,-23.735854051934716,2.926000656,1.476673228,,,,94.8,2029,5.7,823266,669134,630105,650859,592518,593428,687749,701538,665487,54.78,,,,,,,,74,3,Sinker,3,6,6,3,6,3,6,3,Infield shade,Standard,133,0.0,0.063,,,,,-0.063,,-3,3,0.034,0.966,34,36,35,36,1,4,2,2,4.0,1.0,1.88,1.42,-1.42,46.2,,,,,
CH,2026-08-07,89.7,0.17,5.84,"Peralta, Wandy",514888,593974,field_out,hit_into_play,,,,,8.0,Jose Altuve pops out to third baseman Manny Machado in foul territory.,R,R,L,SD,HOU,X,5.0,popup,2,1,2026,1.31,0.14,-0.2008028018766219,1.5092012761468845,,,670623.0,1,9,Top,80.85,180.93,,,,,-3.676960398078956,-130.49256075248886,-4.70566428031592,15.719164668229672,28.57446996788662,-29.805504337135982,2.926000656,1.476673228,119.0,87.0,69.0,88.7,2029,5.8,823266,669134,630105,650859,592518,593428,687749,701538,665487,54.75,0.006,0.005,0.0,1.0,0.0,0.0,3.0,74,4,Changeup,3,6,6,3,6,3,6,3,Infield shade,Standard,126,0.005,-0.313,68.6,8.4,,0.006,0.313,88.0,-3,3,0.034,0.966,34,36,35,36,1,4,2,2,4.0,1.0,2.71,1.31,-1.31,37.5,18.01027426571098,-19.680328192371565,28.805810440582004,36.81408318485329,37.04207653968689
SI,2026-08-07,95.4,-0.16,6.26,"Peralta, Wandy",572233,593974,,called_strike,,,,,1.0,,R,R,L,SD,HOU,S,,,0,0,2026,1.45,0.44,-0.701814134199777,2.7392004973552515,,,670623.0,2,9,Top,,,,,,,-4.687326357694467,-138.8198592057664,-4.340168349024392,19.826992491414607,33.72663312435792,-25.70562725107388,3.178756562,1.604232283,,,,94.4,1879,5.9,823266,669134,630105,650859,592518,593428,687749,701538,665487,54.61,,,,,,,,75,1,Sinker,3,6,6,3,6,3,6,3,Standard,Standard,131,0.001,-0.041,,,,,0.041,,-3,3,0.039,0.961,34,35,35,35,1,4,2,2,4.0,1.0,2.08,1.45,-1.45,46.1,,,,,
SI,2026-08-07,95.5,-0.11,6.17,"Peralta, Wandy",572233,593974,,ball,,,,,14.0,,R,R,L,SD,HOU,B,,,0,1,2026,1.43,0.53,1.3581160008980582,1.7673762446467358,,,670623.0,2,9,Top,,,,,,,0.5372744901221189,-138.90785657983312,-6.8215240716510435,18.23505739278792,34.101610984130794,-23.883078092966553,3.178756562,1.604232283,,,,94.2,1968,5.7,823266,669134,630105,650859,592518,593428,687749,701538,665487,54.76,,,,,,,,75,2,Sinker,3,6,6,3,6,3,6,3,Standard,Standard,130,-0.001,0.028,,,,,-0.028,,-3,3,0.04,0.96,34,35,35,35,1,4,2,2,4.0,1.0,1.99,1.43,-1.43,44.7,,,,,
SI,2026-08-07,95.1,-0.19,6.29,"Peralta, Wandy",572233,593974,field_out,hit_into_play,,,,,12.0,Christian Walker grounds out softly to pitcher Wandy Peralta.,R,R,L,SD,HOU,X,1.0,ground_ball,1,1,2026,1.38,0.54,1.0833226141314856,2.536333537063917,,,670623.0,2,9,Top,130.19,176.87,,,,,0.1485834775392239,-138.42226018164845,-5.127668360851194,17.6622480117076,32.26446863828179,-24.32638543857045,3.178756562,1.604232283,1.0,69.7,-62.0,94.2,1967,5.9,823266,669134,630105,650859,592518,593428,687749,701538,665487,54.65,0.268,0.241,0.0,1.0,0.0,0.0,2.0,75,3,Sinker,3,6,6,3,6,3,6,3,Standard,Standard,126,0.004,-0.262,76.2,7.0,,0.268,0.262,88.0,-3,3,0.039,0.961,34,35,35,35,1,4,2,2,4.0,1.0,1.99,1.38,-1.38,47.6,0.1821301426249394,12.892716269915432,17.379530209782793,48.34679252699344,21.52396647207315
SI,2026-08-11,94.6,0.54,6.14,"Peralta, Wandy",800325,593974,,ball,,,,,12.0,,R,R,L,SD,MIL,B,,,0,0,2026,1.42,0.8,0.3134656490015044,3.7959849190419863,,,,0,7,Top,,,,,,,-3.754004381202537,-137.70087093946594,-2.0097377408653596,18.82728776964393,32.56048260256941,-21.822624171408364,3.004986877,1.516535433,,,,93.5,2015,5.8,823264,669134,664034,630105,823550,593428,669720,687749,657757,54.73,,,,,,,,60,1,Sinker,11,1,1,11,1,11,1,11,Standard,Standard,134,0.0,0.042,,,,,-0.042,,10,-10,0.999,0.001,34,21,35,22,1,2,4,1,4.0,1.0,1.76,1.42,-1.42,44.9,,,,,
SI,2026-08-11,95.6,0.4,6.1,"Peralta, Wandy",800325,593974,,foul,,,,,6.0,,R,R,L,SD,MIL,S,,,1,0,2026,1.4,0.83,0.5536304419805382,2.4966577583157132,,,,0,7,Top,,,,,,,-2.774590994081465,-139.12736888783593,-5.465953549730935,18.78632830145187,33.01559782843205,-20.363124149567817,3.004986877,1.516535433,198.0,90.8,11.0,94.4,1961,5.7,823264,669134,664034,630105,823550,593428,669720,687749,657757,54.78,,,,,,,,60,2,Sinker,11,1,1,11,1,11,1,11,Standard,Standard,134,0.0,-0.055,66.4,6.1,,,0.055,90.8,10,-10,0.999,0.001,34,21,35,22,1,2,4,1,4.0,1.0,1.68,1.4,-1.4,43.2,-9.04618074404773,34.115517092273784,21.13916918879621,42.06193217073596,11.479503106212462
FF,2026-08-11,95.7,0.39,6.14,"Peralta, Wandy",800325,593974,,ball,,,,,7.0,,R,R,L,SD,MIL,B,,,1,1,2026,0.9,1.13,-0.7626493547943302,1.5896419569786788,,,,0,7,Top,,,,,,,-4.9968746150142165,-139.0462342450517,-8.590872689774391,12.852833067690728,32.83500910289149,-15.700187066663952,3.004986877,1.516535433,,,,94.4,2116,5.7,823264,669134,664034,630105,823550,593428,669720,687749,657757,54.78,,,,,,,,60,3,4-Seam Fastball,11,1,1,11,1,11,1,11,Standard,Standard,126,0.0,0.063,,,,,-0.063,,10,-10,0.999,0.001,34,21,35,22,1,2,4,1,4.0,1.0,1.37,0.9,-0.9,45.0,,,,,
SI,2026-08-11,95.3,0.23,6.14,"Peralta, Wandy",800325,593974,field_out,hit_into_play,,,,,3.0,Luis Lara lines out to center fielder Jase Bowen.,R,R,L,SD,MIL,X,8.0,line_drive,2,1,2026,1.33,0.69,0.2939653409240096,2.827951202485848,,,,0,7,Top,138.81,64.93,,,,,-2.8227048766407163,-138.71853272028218,-4.362046084800273,17.75164705442686,33.265020655507506,-22.4300330883222,3.004986877,1.516535433,334.0,99.1,17.0,93.7,1978,5.5,823264,669134,664034,630105,823550,593428,669720,687749,657757,55.02,0.486,0.535,0.0,1.0,0.0,0.0,4.0,60,4,Sinker,11,1,1,11,1,11,1,11,Standard,Standard,132,0.0,-0.31,71.1,6.8,,0.782,0.31,99.1,10,-10,0.999,0.001,34,21,35,22,1,2,4,1,4.0,1.0,1.83,1.33,-1.33,42.2,4.162437937508157,8.536596962305536,15.892062508598634,38.299655736560496,31.547875899669062
SI,2026-08-11,95.6,0.45,6.2,"Peralta, Wandy",666152,593974,field_out,hit_into_play,,,,,12.0,David Hamilton lines out to shortstop Xander Bogaerts.,R,L,L,SD,MIL,X,6.0,line_drive,0,0,2026,1.42,0.83,1.1150920205198298,2.6013524974396405,,,,1,7,Top,108.23,151.68,,,,,-1.497359165120109,-139.13326700100876,-5.439785851830292,18.73929644415504,33.797962396307575,-20.310390542640366,3.134875328,1.582086614,159.0,61.9,22.0,94.0,2049,5.5,823264,669134,664034,630105,823550,593428,669720,687749,657757,54.98,0.44,0.396,0.0,1.0,0.0,0.0,4.0,61,1,Sinker,11,1,1,11,1,11,1,11,Strategic,Standard,133,0.0,-0.261,63.1,6.1,,0.478,0.261,88.0,10,-10,0.999,0.001,34,28,35,29,1,2,4,1,4.0,1.0,1.68,1.42,1.42,41.6,-6.275592986013484,12.817091127116951,38.44463172439154,26.649099487694848,21.452381837600164
SI,2026-08-11,95.9,0.29,6.37,"Peralta, Wandy",683734,593974,,ball,,,,,12.0,,R,R,L,SD,MIL,B,,,0,0,2026,1.26,0.93,1.2476377055074777,4.319434461953881,,,,2,7,Top,,,,,,,-0.3981838358761786,-139.65454939247823,-1.7293716799474543,16.45102753945805,35.18583479086409,-19.87563730715243,3.127854331,1.578543307,,,,93.9,1959,5.3,823264,669134,664034,630105,823550,593428,669720,687749,657757,55.18,,,,,,,,62,1,Sinker,11,1,1,11,1,11,1,11,Standard,Standard,135,0.0,0.041,,,,,-0.041,,10,-10,0.999,0.001,34,28,35,28,1,0,4,1,4.0,1.0,1.57,1.26,-1.26,48.8,,,,,
SI,2026-08-11,95.5,0.04,6.28,"Peralta, Wandy",683734,593974,double,hit_into_play,,,,,14.0,Andrew Vaughn doubles (16) on a ground ball to right fielder Gavin Sheets.,R,R,L,SD,MIL,X,9.0,ground_ball,1,0,2026,1.4,0.81,1.0720547682748356,2.0624712925456525,,,,2,7,Top,187.28,139.52,,,,,-0.5091428899013702,-138.88391185988087,-6.9185158675085106,18.10252498426672,33.95990054878396,-20.35209094607796,3.127854331,1.578543307,37.0,67.1,1.0,93.6,1999,5.4,823264,669134,664034,630105,823550,593428,669720,687749,657757,55.06,0.113,0.102,1.25,1.0,1.0,1.0,2.0,62,2,Sinker,11,1,1,11,1,11,1,11,Standard,Standard,131,0.0,0.526,72.3,7.6,,0.119,-0.526,88.0,10,-10,0.999,0.001,34,28,35,28,1,0,4,1,4.0,1.0,1.71,1.4,-1.4,45.9,8.07769903572354,-3.469250471729829,27.52166601245166,47.92959588425915,32.24940080301659
SI,2026-08-11,96.5,0.11,6.3,"Peralta, Wandy",668930,593974,,called_strike,,,,,2.0,,R,L,L,SD,MIL,S,,,0,0,2026,1.31,0.64,-0.1857867182160912,3.298939798216773,,683734.0,,2,7,Top,,,,,,,-3.7495816010775505,-140.43548932478987,-3.642157627558933,18.14491846189009,32.16227562103269,-23.11295173499652,3.21035105,1.620177165,,,,95.3,2019,5.6,823264,669134,664034,630105,823550,593428,669720,687749,657757,54.87,,,,,,,,63,1,Sinker,11,1,1,11,1,11,1,11,Strategic,Standard,135,0.0,-0.04,,,,,0.04,,10,-10,0.999,0.001,34,26,35,27,1,3,4,1,4.0,1.0,1.81,1.31,1.31,45.9,,,,,
SI,2026-08-11,95.2,0.25,6.11,"Peralta, Wandy",668930,593974,,foul,,,,,14.0,,R,L,L,SD,MIL,S,,,0,1,2026,1.23,0.86,0.9298216359912034,2.1587319655359267,,683734.0,,2,7,Top,,,,,,,-1.036712065065598,-138.57382488729658,-6.421974208789705,16.106643737881686,31.66035304478764,-19.89480281861632,3.21035105,1.620177165,112.0,79.8,8.0,94.7,2026,6.0,823264,669134,664034,630105,823550,593428,669720,687749,657757,54.49,,,,,,,,63,2,Sinker,11,1,1,11,1,11,1,11,Strategic,Standard,128,0.0,-0.063,65.0,6.0,,,0.063,88.0,10,-10,0.999,0.001,34,26,35,27,1,3,4,1,4.0,1.0,1.66,1.23,1.23,42.1,-6.498738053547943,20.57771899028323,42.74060447407059,25.06680848245624,24.46018708157731
FF,2026-08-11,95.7,0.16,6.41,"Peralta, Wandy",668930,593974,,ball,,,,,12.0,,R,L,L,SD,MIL,B,,,0,2,2026,0.99,1.35,0.4754869398008916,5.091236639882351,,683734.0,,2,7,Top,,,,,,,-1.4268649897167922,-139.45105612556415,-0.8094772947716222,13.168069535767904,32.49177560009669,-14.642191752584246,3.21035105,1.620177165,,,,94.3,2212,5.4,823264,669134,664034,630105,823550,593428,669720,687749,657757,55.05,,,,,,,,63,3,4-Seam Fastball,11,1,1,11,1,11,1,11,Strategic,Standard,132,0.0,0.01,,,,,-0.01,,10,-10,0.999,0.001,34,26,35,27,1,3,4,1,4.0,1.0,1.14,0.99,0.99,46.9,,,,,
SI,2026-08-11,95.6,0.28,6.16,"Peralta, Wandy",668930,593974,,ball,,,,,14.0,,R,L,L,SD,MIL,B,,,1,2,2026,1.43,1.03,2.335847335139944,1.6544267703101574,,683734.0,,2,7,Top,,,,,,,2.050850919357214,-139.08683605871622,-8.283369770628601,18.06521529441443,31.561133695464353,-17.13729260966176,3.21035105,1.620177165,,,,94.6,2218,5.7,823264,669134,664034,630105,823550,593428,669720,687749,657757,54.78,,,,,,,,63,4,Sinker,11,1,1,11,1,11,1,11,Strategic,Standard,140,0.0,0.028,,,,,-0.028,,10,-10,0.999,0.001,34,26,35,27,1,3,4,1,4.0,1.0,1.47,1.43,1.43,41.9,,,,,
FF,2026-08-11,96.5,0.42,6.23,"Peralta, Wandy",668930,593974,,foul,,,,,3.0,,R,L,L,SD,MIL,S,,,2,2,2026,0.97,1.07,0.4666499388562178,3.216208872994979,,683734.0,,2,7,Top,,,,,,,-2.065283919594868,-140.43568863371704,-4.636067469501477,13.222925921839918,33.56621090785491,-17.22440571266837,3.21035105,1.620177165,223.0,79.1,48.0,95.0,2109,5.5,823264,669134,664034,630105,823550,593428,669720,687749,657757,54.99,,,,,,,,63,5,4-Seam Fastball,11,1,1,11,1,11,1,11,Strategic,Standard,128,0.0,0.0,60.2,6.0,,,0.0,88.0,10,-10,0.999,0.001,34,26,35,27,1,3,4,1,4.0,1.0,1.39,0.97,0.97,43.9,2.9096036044731166,21.316019988309097,30.28823671371425,31.592799221893504,22.43668309942287
SL,2026-08-11,89.1,0.37,5.92,"Peralta, Wandy",668930,593974,,blocked_ball,,,,,13.0,,R,L,L,SD,MIL,B,,,2,2,2026,0.08,0.3,-0.6039185382591932,-0.6481093466779728,,683734.0,,2,7,Top,,,,,,,-2.530988136733147,-129.3590956382213,-10.25666662546191,1.5233212639761116,30.633209474744703,-26.646116879449607,3.21035105,1.620177165,,,,88.1,2074,6.1,823264,669134,664034,630105,823550,593428,669720,687749,657757,54.41,,,,,,,,63,6,Slider,11,1,1,11,1,11,1,11,Strategic,Standard,128,0.0,0.057,,,,,-0.057,,10,-10,0.999,0.001,34,26,35,27,1,3,4,1,4.0,1.0,2.62,0.08,0.08,44.7,,,,,
SI,2026-08-11,96.2,0.04,6.33,"Peralta, Wandy",668930,593974,field_out,hit_into_play,,,,,6.0,Brice Turang lines out to center fielder Jase Bowen.,R,L,L,SD,MIL,X,8.0,line_drive,3,2,2026,1.34,0.99,0.2860010288419427,2.6557379697422325,,683734.0,,2,7,Top,111.48,84.23,,,,,-2.418318871860146,-139.92235293859588,-6.136956130414499,18.049065710810204,33.28423298615438,-17.94284468521703,3.21035105,1.620177165,288.0,87.2,22.0,95.0,2043,5.8,823264,669134,664034,630105,823550,593428,669720,687749,657757,54.74,0.36,0.327,0.0,1.0,0.0,0.0,3.0,63,7,Sinker,11,1,1,11,1,11,1,11,Strategic,Standard,133,0.0,-0.278,70.5,7.0,,0.444,0.278,88.0,10,-10,0.999,0.001,34,26,35,27,1,3,4,1,4.0,1.0,1.48,1.34,1.34,49.5,10.084454239079417,8.96303212397215,32.42788288153479,33.821860038142376,32.19514530912244
SI,2026-08-23,95.0,0.35,6.19,"Peralta, Wandy",605137,593974,,ball,,,,,12.0,,R,R,L,SD,MIN,B,,,0,0,2026,1.41,0.49,1.7350866513572996,4.089970065036933,,,,0,7,Top,,,,,,,0.3774132745244344,-138.30487953422704,-0.780323626208613,17.94617926904107,32.247339254121414,-25.95077656299498,3.334973753,1.683070866,,,,93.4,1965,5.4,823258,669134,664034,630105,592518,593428,687749,701538,665487,55.08,,,,,,,,51,1,Sinker,5,1,1,5,1,5,1,5,Standard,Standard,134,-0.003,0.042,,,,,-0.042,,4,-4,0.941,0.059,34,33,35,34,1,2,8,1,5.0,1.0,2.04,1.41,-1.41,42.2,,,,,
SI,2026-08-23,95.3,0.43,6.2,"Peralta, Wandy",605137,593974,,ball,,,,,12.0,,R,R,L,SD,MIN,B,,,1,0,2026,1.29,0.58,1.5334247564131307,3.4041917698505175,,,,0,7,Top,,,,,,,-0.0692144361316477,-138.80546166609713,-2.838039342044527,16.68863198099275,30.695998113279447,-24.28462998031876,3.334973753,1.683070866,,,,94.3,2070,5.6,823258,669134,664034,630105,592518,593428,687749,701538,665487,54.89,,,,,,,,51,2,Sinker,5,1,1,5,1,5,1,5,Strategic,Standard,134,-0.006,0.082,,,,,-0.082,,4,-4,0.938,0.062,34,33,35,34,1,2,8,1,5.0,1.0,1.93,1.29,-1.29,42.1,,,,,
SI,2026-08-23,95.1,0.39,6.06,"Peralta, Wandy",605137,593974,,ball,,,,,12.0,,R,R,L,SD,MIN,B,,,2,0,2026,1.2,0.71,0.976446190592312,2.700321026318554,,,,0,7,Top,,,,,,,-1.2098786215342967,-138.52821828116228,-4.567425675833301,15.750180717506929,29.537253572138667,-22.29010023732473,3.334973753,1.683070866,,,,94.5,2095,5.8,823258,669134,664034,630105,592518,593428,687749,701538,665487,54.74,,,,,,,,51,3,Sinker,5,1,1,5,1,5,1,5,Strategic,Standard,131,-0.008,0.148,,,,,-0.148,,4,-4,0.932,0.068,34,33,35,34,1,2,8,1,5.0,1.0,1.8,1.2,-1.2,43.5,,,,,
SI,2026-08-23,95.7,0.33,6.15,"Peralta, Wandy",605137,593974,,called_strike,,,,,6.0,,R,R,L,SD,MIN,S,,,3,0,2026,1.2,0.63,0.521310592111812,2.285171710821694,,,,0,7,Top,,,,,,,-2.2286986962231463,-139.33625894067274,-5.783495419956928,16.15196116519361,30.30939164967055,-22.88541847632058,3.334973753,1.683070866,,,,95.1,1986,5.8,823258,669134,664034,630105,592518,593428,687749,701538,665487,54.65,,,,,,,,51,4,Sinker,5,1,1,5,1,5,1,5,Strategic,Standard,132,0.005,-0.084,,,,,0.084,,4,-4,0.924,0.076,34,33,35,34,1,2,8,1,5.0,1.0,1.85,1.2,-1.2,45.3,,,,,
SI,2026-08-23,95.6,0.17,6.18,"Peralta, Wandy",605137,593974,field_out,hit_into_play,,,,,8.0,Josh Bell pops out to second baseman Jake Cronenworth.,R,R,L,SD,MIN,X,4.0,popup,3,1,2026,1.18,0.64,0.1144496393354684,1.8050420825569815,,,,0,7,Top,151.39,131.6,,,,,-2.799026725395134,-139.09435540287592,-7.062530403571868,15.987207006282848,29.41665236478916,-22.593016990982235,3.334973753,1.683070866,183.0,76.9,60.0,94.7,2052,5.6,823258,669134,664034,630105,592518,593428,687749,701538,665487,54.88,0.023,0.024,0.0,1.0,0.0,0.0,3.0,51,5,Sinker,5,1,1,5,1,5,1,5,Strategic,Standard,130,0.027,-0.447,74.3,8.5,,0.03,0.447,88.0,4,-4,0.929,0.071,34,33,35,34,1,2,8,1,5.0,1.0,1.85,1.18,-1.18,44.7,16.4643651686222,-18.937882772675025,43.02902577531073,36.691856347610894,35.68217112149603
SI,2026-08-23,96.0,0.29,6.22,"Peralta, Wandy",665019,593974,,called_strike,,,,,3.0,,R,L,L,SD,MIN,S,,,0,0,2026,1.34,0.74,0.6498115738432894,2.84580053454658,,,,1,7,Top,,,,,,,-2.109320082971585,-139.82758389171693,-4.774867149748232,17.995265166880436,32.26715081088544,-21.60842777468948,3.211228675,1.620620079,,,,95.2,2028,5.8,823258,669134,664034,630105,592518,593428,687749,701538,665487,54.69,,,,,,,,52,1,Sinker,5,1,1,5,1,5,1,5,Infield shade,Standard,134,0.002,-0.041,,,,,0.041,,4,-4,0.956,0.044,34,30,35,30,1,2,8,1,5.0,1.0,1.73,1.34,1.34,46.9,,,,,
FF,2026-08-23,95.8,0.21,6.22,"Peralta, Wandy",665019,593974,,ball,,,,,13.0,,R,L,L,SD,MIN,B,,,0,1,2026,0.85,1.23,-1.5702560414517803,2.035044648092017,,,,1,7,Top,,,,,,,-6.504625211461624,-139.16700734723193,-7.929421795217189,12.496684511886356,30.544849503785265,-14.582038396185244,3.211228675,1.620620079,,,,94.7,2061,5.7,823258,669134,664034,630105,592518,593428,687749,701538,665487,54.82,,,,,,,,52,2,4-Seam Fastball,5,1,1,5,1,5,1,5,Infield shade,Standard,132,-0.002,0.032,,,,,-0.032,,4,-4,0.958,0.042,34,30,35,30,1,2,8,1,5.0,1.0,1.26,0.85,0.85,42.7,,,,,
SI,2026-08-23,96.0,0.18,6.27,"Peralta, Wandy",665019,593974,,foul,,,,,9.0,,R,L,L,SD,MIN,S,,,1,1,2026,1.34,0.76,0.4823125116379921,1.875638292034754,,,,1,7,Top,,,,,,,-2.2884038145325274,-139.70688171099235,-7.445422191662475,18.096487446698767,32.70664737864691,-20.753352372301208,3.211228675,1.620620079,3.0,87.2,-33.0,95.0,2161,5.8,823258,669134,664034,630105,592518,593428,687749,701538,665487,54.69,,,,,,,,52,3,Sinker,5,1,1,5,1,5,1,5,Infield shade,Standard,138,0.003,-0.07,77.0,7.7,,,0.07,88.0,4,-4,0.956,0.044,34,30,35,30,1,2,8,1,5.0,1.0,1.72,1.34,1.34,48.3,14.667093896092986,-16.62960455560607,32.93262900420575,30.167072795361687,39.48538748513667
FF,2026-08-23,95.8,-0.01,6.35,"Peralta, Wandy",665019,593974,,ball,,,,,12.0,,R,L,L,SD,MIN,B,,,1,2,2026,0.81,1.34,0.3974122271990871,4.288270903759586,,,,1,7,Top,,,,,,,-0.774435355203408,-139.44561450479193,-2.6757775789914255,10.679314945288086,32.76704705723305,-14.376750978390596,3.211228675,1.620620079,,,,94.2,2019,5.5,823258,669134,664034,630105,592518,593428,687749,701538,665487,55.04,,,,,,,,52,4,4-Seam Fastball,5,1,1,5,1,5,1,5,Infield shade,Standard,136,-0.001,0.051,,,,,-0.051,,4,-4,0.959,0.041,34,30,35,30,1,2,8,1,5.0,1.0,1.15,0.81,0.81,45.4,,,,,
SI,2026-08-23,96.7,0.16,6.23,"Peralta, Wandy",665019,593974,field_out,hit_into_play,,,,,8.0,Kody Clemens grounds out sharply to first baseman Ty France.,R,L,L,SD,MIN,X,3.0,ground_ball,2,2,2026,1.38,0.83,0.2634163341718156,1.826346738897605,,,,1,7,Top,160.93,162.32,,,,,-2.9072242737916443,-140.57035589220624,-7.728494076041348,18.966479068152083,34.131601309061246,-19.549596656898284,3.211228675,1.620620079,38.0,101.7,-1.0,95.4,1985,5.8,823258,669134,664034,630105,592518,593428,687749,701538,665487,54.74,0.46,0.428,0.0,1.0,0.0,0.0,4.0,52,5,Sinker,5,1,1,5,1,5,1,5,Infield shade,Standard,138,0.008,-0.233,73.6,7.6,,0.508,0.233,101.7,4,-4,0.958,0.042,34,30,35,30,1,2,8,1,5.0,1.0,1.63,1.38,1.38,49.4,12.338196911601356,-8.414132324514268,32.699012486744515,32.04155768249598,38.90498576440028
SL,2026-08-23,89.0,0.3,5.88,"Peralta, Wandy",668904,593974,,foul,,,,,5.0,,R,R,L,SD,MIN,S,,,0,0,2026,-0.03,0.39,0.0004129617284163,2.2491119066112635,,,,2,7,Top,,,,,,,-0.6569496962092493,-129.75886544860137,-3.549034266435822,-0.1986444856554884,25.006989722697412,-27.262023112676513,3.205085302,1.617519685,132.0,75.0,76.0,89.1,1860,6.1,823258,669134,664034,630105,592518,593428,687749,701538,665487,54.43,,,,,,,,53,1,Slider,5,1,1,5,1,5,1,5,Strategic,Standard,134,0.001,-0.045,78.2,8.5,,,0.045,88.0,4,-4,0.966,0.034,34,27,35,27,1,2,8,1,5.0,1.0,2.46,-0.03,0.03,40.9,3.419001484863898,-12.855784898233768,23.80295447755942,38.061215590338506,34.45018260076899
SI,2026-08-23,96.2,0.27,6.25,"Peralta, Wandy",668904,593974,,ball,,,,,12.0,,R,R,L,SD,MIN,B,,,0,1,2026,1.03,0.3,1.204622798669355,4.070067221582068,,,,2,7,Top,,,,,,,0.0645009219745517,-140.29756388488323,-0.8066245358372635,13.751236075419486,28.692478565796012,-28.215620968484753,3.205085302,1.617519685,,,,95.9,1658,5.8,823258,669134,664034,630105,592518,593428,687749,701538,665487,54.7,,,,,,,,53,2,Sinker,5,1,1,5,1,5,1,5,Strategic,Standard,129,-0.001,0.03,,,,,-0.03,,4,-4,0.967,0.033,34,27,35,27,1,2,8,1,5.0,1.0,2.13,1.03,-1.03,52.1,,,,,
SI,2026-08-23,94.5,-0.02,6.31,"Peralta, Wandy",668904,593974,field_out,hit_into_play,,,,,3.0,Royce Lewis flies out sharply to right fielder Fernando Tatis Jr.,R,R,L,SD,MIN,X,9.0,fly_ball,1,1,2026,0.99,0.3,0.6285134648239543,2.9805898955171277,,,,2,7,Top,188.66,65.68,,,,,-0.5623826381832402,-137.78688308636325,-3.475806561778277,12.85076216624779,28.354858458265472,-27.864313336802947,3.205085302,1.617519685,363.0,101.3,23.0,94.0,1615,5.7,823258,669134,664034,630105,592518,593428,687749,701538,665487,54.79,0.549,0.794,0.0,1.0,0.0,0.0,6.0,53,3,Sinker,5,1,1,5,1,5,1,5,Strategic,Standard,124,0.005,-0.247,70.3,7.3,,1.355,0.247,101.3,4,-4,0.966,0.034,34,27,35,27,1,2,8,1,5.0,1.0,2.23,0.99,-0.99,47.1,9.272669993714745,18.21788138533003,19.26025477910667,45.1777483226682,22.22561246901004
SI,2026-08-23,95.8,0.41,6.17,"Peralta, Wandy",686797,593974,,ball,,,,,12.0,,R,R,L,SD,MIN,B,,,0,0,2026,1.07,1.27,0.6334284644968002,3.556688599367873,,,,0,8,Top,,,,,,,-1.8601246932324151,-139.48042331072287,-3.9764726943322786,14.375289631949522,32.833932222514726,-14.984334007877814,3.208595801,1.619291339,,,,94.9,1917,5.8,823258,669134,664034,630105,592518,593428,687749,701538,665487,54.68,,,,,,,,60,1,Sinker,7,1,1,7,1,7,1,7,Standard,Standard,131,-0.001,0.042,,,,,-0.042,,6,-6,0.992,0.008,34,25,35,25,1,2,8,1,5.0,1.0,1.22,1.07,-1.07,41.5,,,,,
SI,2026-08-23,96.0,0.15,6.26,"Peralta, Wandy",686797,593974,,foul,,,,,11.0,,R,R,L,SD,MIN,S,,,1,0,2026,0.92,1.44,-0.9106302164905606,3.3454722825312975,,,,0,8,Top,,,,,,,-4.82608457443226,-139.63969549333615,-5.139233991409834,13.11117169657181,33.42823475654473,-12.400532938957015,3.208595801,1.619291339,80.0,66.9,82.0,94.7,1967,5.7,823258,669134,664034,630105,592518,593428,687749,701538,665487,54.8,,,,,,,,60,2,Sinker,7,1,1,7,1,7,1,7,Standard,Standard,134,0.001,-0.055,60.7,6.2,,,0.055,88.0,6,-6,0.991,0.009,34,25,35,25,1,2,8,1,5.0,1.0,1.05,0.92,-0.92,49.3,12.994408134923574,2.4923822069153267,34.00325030427035,27.87114164837468,21.19991858135152
SI,2026-08-23,96.1,0.18,6.23,"Peralta, Wandy",686797,593974,,foul,,,,,4.0,,R,R,L,SD,MIN,S,,,1,1,2026,1.37,0.49,-0.4389112788367253,2.590153034554395,,,,0,8,Top,,,,,,,-4.734513949352035,-139.94501585352214,-4.974502606206209,19.072822565620505,30.00521982104597,-24.859589137704372,3.208595801,1.619291339,4.0,85.7,-32.0,95.7,1812,5.9,823258,669134,664034,630105,592518,593428,687749,701538,665487,54.57,,,,,,,,60,3,Sinker,7,1,1,7,1,7,1,7,Standard,Standard,132,0.001,-0.06,75.8,7.4,,,0.06,88.0,6,-6,0.992,0.008,34,25,35,25,1,2,8,1,5.0,1.0,1.97,1.37,-1.37,50.4,18.0952735207709,-19.66895119695988,30.645738508771316,33.55129274330935,37.00228614493894
CH,2026-08-23,89.5,0.65,5.74,"Peralta, Wandy",686797,593974,,ball,,,,,13.0,,R,R,L,SD,MIN,B,,,1,2,2026,1.02,-0.03,-1.014356842378594,0.3685103932349518,,,,0,8,Top,,,,,,,-6.194638996912046,-130.03087933317158,-6.829436305599765,12.872531237522756,27.598813229100745,-31.24287449254245,3.208595801,1.619291339,,,,88.7,1858,5.9,823258,669134,664034,630105,592518,593428,687749,701538,665487,54.58,,,,,,,,60,4,Changeup,7,1,1,7,1,7,1,7,Standard,Standard,117,-0.001,0.046,,,,,-0.046,,6,-6,0.993,0.007,34,25,35,25,1,2,8,1,5.0,1.0,2.89,1.02,-1.02,38.5,,,,,
CH,2026-08-23,91.3,0.49,5.82,"Peralta, Wandy",686797,593974,,ball,,,,,13.0,,R,R,L,SD,MIN,B,,,2,2,2026,1.17,0.11,-0.1182163892179934,0.4631963875053828,,,,0,8,Top,,,,,,,-4.019977562520108,-132.789316869669,-7.508866711083803,14.728888388725974,27.22778439725816,-29.55119293811405,3.208595801,1.619291339,,,,90.7,1986,5.8,823258,669134,664034,630105,592518,593428,687749,701538,665487,54.67,,,,,,,,60,5,Changeup,7,1,1,7,1,7,1,7,Standard,Standard,126,-0.001,0.113,,,,,-0.113,,6,-6,0.992,0.008,34,25,35,25,1,2,8,1,5.0,1.0,2.62,1.17,-1.17,40.1,,,,,
SI,2026-08-23,96.3,0.07,6.25,"Peralta, Wandy",686797,593974,,foul,,,,,9.0,,R,R,L,SD,MIN,S,,,3,2,2026,1.24,0.46,0.3823375040790473,1.7050990762809295,,,,0,8,Top,,,,,,,-2.0251193045936495,-139.98168804159204,-7.151020620661686,16.70979468774136,34.54505608533226,-24.64062358216995,3.208595801,1.619291339,2.0,78.6,-45.0,94.8,1763,5.7,823258,669134,664034,630105,592518,593428,687749,701538,665487,54.82,,,,,,,,60,6,Sinker,7,1,1,7,1,7,1,7,Standard,Standard,130,0.0,0.0,75.6,7.6,,,0.0,88.0,6,-6,0.991,0.009,34,25,35,25,1,2,8,1,5.0,1.0,2.02,1.24,-1.24,46.8,20.450331635831933,-3.0993977721162693,29.923210552555645,42.32725036280942,31.80136901147189
SI,2026-08-23,95.7,-0.12,6.26,"Peralta, Wandy",686797,593974,strikeout,swinging_strike,,,,,4.0,Brooks Lee strikes out swinging.,R,R,L,SD,MIN,S,2.0,,3,2,2026,1.08,0.44,-0.3260706352957652,2.4137496090715707,,,,0,8,Top,,,,,,,-2.953779471006062,-139.20900421590326,-5.211245777397767,14.72071141654106,33.016600722784695,-25.44219526245513,3.208595801,1.619291339,,,,93.9,1734,5.4,823258,669134,664034,630105,592518,593428,687749,701538,665487,55.1,,0.0,0.0,1.0,0.0,0.0,,60,7,Sinker,7,1,1,7,1,7,1,7,Standard,Standard,128,0.004,-0.346,77.3,7.9,0.58112694,,0.346,,6,-6,0.991,0.009,34,25,35,25,1,2,8,1,5.0,1.0,2.06,1.08,-1.08,49.2,28.107884675733708,-33.57685289592688,30.95317164101884,33.24912082908703,44.715071494407134
SI,2026-08-23,96.2,0.11,6.27,"Peralta, Wandy",702176,593974,single,hit_into_play,,,,,5.0,Alan Roden singles on a sharp ground ball to center fielder Jackson Merrill.,R,L,L,SD,MIN,X,8.0,ground_ball,0,0,2026,1.17,0.37,-0.227315900268088,2.2615151068623907,,,,1,8,Top,143.41,93.27,,,,,-3.5663938868292493,-140.03335890900712,-5.682905589754484,16.173863702098707,30.880116432711223,-26.176654267301277,3.159448819,1.594488189,144.0,104.5,7.0,96.1,1779,6.1,823258,669134,664034,630105,592518,593428,687749,701538,665487,54.36,0.646,0.597,0.9,1.0,1.0,0.0,4.0,61,1,Sinker,7,1,1,7,1,7,1,7,Infield shade,Standard,129,-0.003,0.419,69.9,7.0,,0.716,-0.419,104.5,6,-6,0.995,0.005,34,26,35,27,1,2,8,5,5.0,3.0,2.08,1.17,1.17,46.2,8.817871934296758,3.781227828900096,30.833699421563825,40.45878405573241,28.970931273220693
SI,2026-08-23,95.5,-0.02,6.22,"Peralta, Wandy",605170,593974,,ball,,,,,11.0,,R,R,L,SD,MIN,B,,,0,0,2026,0.87,0.84,-0.99011194278062,2.964139421767653,,,702176.0,1,8,Top,,,,,,,-4.470644883071126,-139.00349584166446,-4.624074208575702,12.306165286364571,32.34810774305345,-20.41168759096368,3.200697179,1.615305118,,,,94.5,1807,5.8,823258,669134,664034,630105,592518,593428,687749,701538,665487,54.73,,,,,,,,62,1,Sinker,7,1,1,7,1,7,1,7,Standard,Standard,127,-0.001,0.034,,,,,-0.034,,6,-6,0.992,0.008,34,32,35,33,1,2,8,4,5.0,2.0,1.66,0.87,-0.87,49.8,,,,,
CH,2026-08-23,90.5,0.39,5.81,"Peralta, Wandy",605170,593974,,ball,,,,,13.0,,R,R,L,SD,MIN,B,,,1,0,2026,1.15,0.82,-0.5980605334949807,1.2663550995778805,,,702176.0,1,8,Top,,,,,,,-4.892236503211239,-131.53502019380042,-6.835689704122442,14.358894132467617,30.077102906342944,-21.36326510479918,3.200697179,1.615305118,,,,89.7,2161,6.0,823258,669134,664034,630105,592518,593428,687749,701538,665487,54.47,,,,,,,,62,2,Changeup,7,1,1,7,1,7,1,7,Standard,Standard,124,-0.001,0.066,,,,,-0.066,,6,-6,0.991,0.009,34,32,35,33,1,2,8,4,5.0,2.0,1.99,1.15,-1.15,39.9,,,,,
SI,2026-08-23,95.8,0.01,6.21,"Peralta, Wandy",605170,593974,,ball,,,,,12.0,,R,R,L,SD,MIN,B,,,2,0,2026,0.82,1.07,1.0848107633961908,3.77634635814376,,,702176.0,1,8,Top,,,,,,,0.919617669971531,-139.58249096926423,-3.091706981307022,10.528106900792784,32.34902870503236,-17.673146979644372,3.200697179,1.615305118,,,,95.4,1921,6.1,823258,669134,664034,630105,592518,593428,687749,701538,665487,54.45,,,,,,,,62,3,Sinker,7,1,1,7,1,7,1,7,Standard,Standard,131,-0.003,0.096,,,,,-0.096,,6,-6,0.99,0.01,34,32,35,33,1,2,8,4,5.0,2.0,1.41,0.82,-0.82,43.7,,,,,
SI,2026-08-23,95.9,0.09,6.17,"Peralta, Wandy",605170,593974,,called_strike,,,,,2.0,,R,R,L,SD,MIN,S,,,3,0,2026,0.8,1.0,0.0317016854249216,2.891268136215374,,,702176.0,1,8,Top,,,,,,,-1.9345727467152771,-139.7003935975218,-5.102106658729539,10.860606162366429,31.165170609436498,-18.16948967817554,3.200697179,1.615305118,,,,94.4,1979,5.3,823258,669134,664034,630105,592518,593428,687749,701538,665487,55.18,,,,,,,,62,4,Sinker,7,1,1,7,1,7,1,7,Standard,Standard,131,0.002,-0.048,,,,,0.048,,6,-6,0.987,0.013,34,32,35,33,1,2,8,4,5.0,2.0,1.47,0.8,-0.8,47.1,,,,,
SI,2026-08-23,95.1,-0.01,6.2,"Peralta, Wandy",605170,593974,,called_strike,,,,,7.0,,R,R,L,SD,MIN,S,,,3,1,2026,1.12,0.89,-0.581158745093697,1.8021373463824548,,,702176.0,1,8,Top,,,,,,,-3.9781467192561863,-138.3140901896697,-7.547265173675275,15.250648244860896,31.722550685630942,-19.29559870222027,3.200697179,1.615305118,,,,93.8,1797,5.6,823258,669134,664034,630105,592518,593428,687749,701538,665487,54.89,,,,,,,,62,5,Sinker,7,1,1,7,1,7,1,7,Standard,Standard,130,0.002,-0.104,,,,,0.104,,6,-6,0.989,0.011,34,32,35,33,1,2,8,4,5.0,2.0,1.64,1.12,-1.12,49.4,,,,,
SI,2026-08-23,95.6,-0.02,6.15,"Peralta, Wandy",605170,593974,grounded_into_double_play,hit_into_play,,,,,6.0,"Victor Caratini grounds into a double play, third baseman Manny Machado to second baseman Jake Cronenworth to first baseman Ty France. Alan Roden out at 2nd. Victor Caratini out at 1st.",R,R,L,SD,MIN,X,5.0,ground_ball,3,2,2026,0.93,0.77,0.3782147326769404,2.5005381536974345,,,702176.0,1,8,Top,106.71,162.83,,,,,-1.0913944746236166,-139.18209625658352,-5.511400986355827,12.362707718338264,31.698711042286583,-21.088787219254897,3.200697179,1.615305118,15.0,95.5,-9.0,94.7,1708,5.8,823258,669134,664034,630105,592518,593428,687749,701538,665487,54.74,0.154,0.151,0.0,1.0,0.0,0.0,2.0,62,6,Sinker,7,1,1,7,1,7,1,7,Standard,Standard,125,0.007,-0.365,72.9,7.3,,0.181,0.365,95.5,6,-6,0.991,0.009,34,32,35,33,1,2,8,4,5.0,2.0,1.72,0.93,-0.93,45.6,13.620554358877923,2.1073282777830946,35.59934668058057,37.70003077843936,33.196026442827005
SL,2026-08-28,88.7,0.82,6.11,"Peralta, Wandy",668723,593974,field_out,hit_into_play,,,,,8.0,Ryan Vilade flies out sharply to left fielder Luis Rengifo.,R,R,L,TB,SD,X,7.0,fly_ball,0,0,2026,-0.24,0.66,-0.0049251329076319,2.1224931464818897,666018.0,,691406.0,2,6,Bot,94.54,55.29,,,,,-1.4755197578448431,-129.10679257049077,-4.817070512760454,-2.3645987854239103,27.205956945331835,-24.03602005007132,3.275295276,1.652952756,363.0,102.7,38.0,87.8,2223,5.7,822935,666023,664034,630105,592518,593428,650859,701538,665487,54.77,0.397,0.818,0.0,1.0,0.0,0.0,5.0,55,1,Slider,8,4,8,4,4,8,8,4,Standard,Standard,153,-0.01,-0.299,,,,1.565,0.299,102.7,4,4,0.951,0.951,34,27,35,27,1,0,5,4,3.0,1.0,2.24,-0.24,0.24,40.2,,,,,
SI,2026-08-28,95.7,0.28,6.23,"Peralta, Wandy",802415,593974,,ball,,,,,14.0,,R,L,L,TB,SD,B,,,0,0,2026,1.63,0.76,0.6419621311576607,1.1791163966558198,,,,0,7,Bot,,,,,,,-2.745560064794929,-139.13015895750596,-9.069419604708132,21.703906973950655,32.250665316172274,-20.3733900133093,3.177878937,1.60378937,,,,94.7,2136,5.8,822935,666023,664034,630105,592518,593428,650859,701538,665487,54.69,,,,,,,,61,1,Sinker,8,4,8,4,4,8,8,4,Strategic,Strategic,134,0.0,0.042,,,,,-0.042,,4,4,0.971,0.971,34,25,35,26,1,3,5,2,3.0,1.0,1.74,1.63,1.63,41.1,,,,,
SI,2026-08-28,96.3,0.33,6.2,"Peralta, Wandy",802415,593974,,swinging_strike,,,,,14.0,,R,L,L,TB,SD,S,,,1,0,2026,1.62,0.79,0.1840250398080392,1.4806964725578489,,,,0,7,Bot,,,,,,,-4.083257502134241,-139.9544167140301,-8.40385348922167,22.161310024631927,33.07103111466934,-20.016059574493458,3.177878937,1.60378937,,,,95.1,2241,5.8,822935,666023,664034,630105,592518,593428,650859,701538,665487,54.72,,,,,,,,61,2,Sinker,8,4,8,4,4,8,8,4,Strategic,Strategic,135,0.0,-0.055,65.9,7.8,0.7311396,,0.055,,4,4,0.971,0.971,34,25,35,26,1,3,5,2,3.0,1.0,1.68,1.62,1.62,45.2,9.303667886745329,-4.202724442744039,32.23906151388899,37.70667360019431,21.087136250151083
SL,2026-08-28,88.9,0.48,6.02,"Peralta, Wandy",802415,593974,,ball,,,,,13.0,,R,L,L,TB,SD,B,,,1,1,2026,-0.01,0.59,-1.1397998491188166,2.124959282545872,,,,0,7,Bot,,,,,,,-3.8755554582431455,-129.3647000537288,-4.539691532838817,0.6497980665177553,26.370396759117604,-24.763813650010672,3.177878937,1.60378937,,,,88.5,2248,6.0,822935,666023,664034,630105,592518,593428,650859,701538,665487,54.5,,,,,,,,61,3,Slider,8,4,8,4,4,8,8,4,Strategic,Strategic,144,0.0,0.063,,,,,-0.063,,4,4,0.971,0.971,34,25,35,26,1,3,5,2,3.0,1.0,2.28,-0.01,-0.01,40.8,,,,,
SI,2026-08-28,95.8,0.11,6.22,"Peralta, Wandy",802415,593974,,foul,,,,,14.0,,R,L,L,TB,SD,S,,,2,1,2026,1.5,0.83,1.2920573812642928,1.1932554969487787,,,,0,7,Bot,,,,,,,-0.3745496170622712,-139.2869280379273,-9.17142927747058,19.60814130206282,32.50526105867715,-19.46494139488848,3.177878937,1.60378937,3.0,102.5,-22.0,94.6,2275,5.7,822935,666023,664034,630105,592518,593428,650859,701538,665487,54.78,,,,,,,,61,4,Sinker,8,4,8,4,4,8,8,4,Strategic,Strategic,137,0.0,-0.078,64.7,7.5,,,0.078,102.5,4,4,0.971,0.971,34,25,35,26,1,3,5,2,3.0,1.0,1.66,1.5,1.5,46.0,12.230171275450871,-12.362294675189236,43.69459674358761,25.30486827729814,27.500771377717356
CH,2026-08-28,90.5,0.43,5.87,"Peralta, Wandy",802415,593974,,foul,,,,,14.0,,R,L,L,TB,SD,S,,,2,2,2026,1.54,0.28,0.362433515002575,0.6181059092062999,,,,0,7,Bot,,,,,,,-3.459506506431922,-131.60996568722462,-7.404633399547739,18.56836751726577,28.4542898485223,-27.53929521172124,3.177878937,1.60378937,2.0,75.6,-22.0,89.5,2035,5.8,822935,666023,664034,630105,592518,593428,650859,701538,665487,54.74,,,,,,,,61,5,Changeup,8,4,8,4,4,8,8,4,Standard,Strategic,123,0.0,0.0,50.4,8.1,,,0.0,88.0,4,4,0.971,0.971,34,25,35,26,1,3,5,2,3.0,1.0,2.51,1.54,1.54,38.7,15.34669951048824,-10.4235678039642,43.019072052454,35.75062442639129,27.284851348706983
SI,2026-08-28,96.7,-0.03,6.33,"Peralta, Wandy",802415,593974,field_out,hit_into_play,,,,,6.0,"Chandler Simpson grounds out, second baseman Jake Cronenworth to first baseman Ty France.",R,L,L,TB,SD,X,4.0,ground_ball,2,2,2026,1.45,0.93,0.402083047102714,2.5638902715290035,,,,0,7,Bot,150.29,150.16,,,,,-2.199836814697789,-140.72698709588738,-6.330319931703405,19.712108392658973,33.02137131461221,-18.601112293939323,3.177878937,1.60378937,10.0,97.2,-15.0,95.4,2004,5.6,822935,666023,664034,630105,592518,593428,650859,701538,665487,54.88,0.252,0.236,0.0,1.0,0.0,0.0,2.0,61,6,Sinker,8,4,8,4,4,8,8,4,Standard,Strategic,132,-0.003,-0.232,67.7,6.6,,0.263,0.232,97.2,4,4,0.971,0.971,34,25,35,26,1,3,5,2,3.0,1.0,1.52,1.45,1.45,46.6,2.691234605633982,3.114662498511228,31.557903703896383,34.91478902783601,24.296532639266033
SI,2026-08-28,96.4,0.02,6.32,"Peralta, Wandy",676356,593974,,called_strike,,,,,2.0,,R,R,L,TB,SD,S,,,0,0,2026,1.5,0.68,-0.1303100023548007,2.775641930464898,,,,1,7,Bot,,,,,,,-3.81166527319702,-140.33466262112722,-5.128856013979253,20.648257726940553,32.63749700330938,-22.24050927690697,3.133120079,1.581200787,,,,95.1,1949,5.6,822935,666023,664034,630105,592518,593428,650859,701538,665487,54.91,,,,,,,,62,1,Sinker,8,4,8,4,4,8,8,4,Standard,Standard,132,0.0,-0.041,,,,,0.041,,4,4,0.968,0.968,34,27,35,28,1,3,5,2,3.0,1.0,1.78,1.5,-1.5,45.6,,,,,
FF,2026-08-28,96.6,0.16,6.18,"Peralta, Wandy",676356,593974,,foul,,,,,11.0,,R,R,L,TB,SD,S,,,0,1,2026,0.97,1.22,-0.5223618978629117,3.3071356193647317,,,,1,7,Bot,,,,,,,-3.998248996335557,-140.5206433764877,-4.638252984062893,13.790206618158054,33.179334072548464,-15.16759158777266,3.133120079,1.581200787,233.0,76.2,28.0,95.3,2196,5.7,822935,666023,664034,630105,592518,593428,650859,701538,665487,54.83,,,,,,,,62,2,4-Seam Fastball,8,4,8,4,4,8,8,4,Standard,Standard,128,-0.001,-0.057,71.5,7.0,,,0.057,88.0,4,4,0.968,0.968,34,27,35,28,1,3,5,2,3.0,1.0,1.23,0.97,-0.97,40.9,10.743622773075485,-3.3317661993370273,16.11753333174382,30.339468812205535,30.22911006411585
CH,2026-08-28,90.6,0.3,5.88,"Peralta, Wandy",676356,593974,,ball,,,,,14.0,,R,R,L,TB,SD,B,,,0,2,2026,1.4,0.36,0.6133733765172751,0.6157141406326301,,,,1,7,Bot,,,,,,,-2.2278791420626325,-131.66657640787838,-7.583660547659625,16.67700197667192,30.258901726859108,-26.488721930323553,3.133120079,1.581200787,,,,89.3,2196,5.8,822935,666023,664034,630105,592518,593428,650859,701538,665487,54.75,,,,,,,,62,3,Changeup,8,4,8,4,4,8,8,4,Standard,Standard,123,0.0,0.019,,,,,-0.019,,4,4,0.967,0.967,34,27,35,28,1,3,5,2,3.0,1.0,2.44,1.4,-1.4,36.0,,,,,
CH,2026-08-28,90.5,0.32,5.85,"Peralta, Wandy",676356,593974,strikeout,swinging_strike,,,,,14.0,Jonny DeLuca strikes out swinging.,R,R,L,TB,SD,S,2.0,,1,2,2026,1.33,0.49,1.4824141044573242,1.8558560362810863,,,,1,7,Bot,,,,,,,-0.0358625920218682,-131.83709609508645,-4.840497254169744,15.522974489967323,28.695041548298313,-25.57975424260907,3.133120079,1.581200787,,,,89.6,2185,5.7,822935,666023,664034,630105,592518,593428,650859,701538,665487,54.78,,0.0,0.0,1.0,0.0,0.0,,62,4,Changeup,8,4,8,4,4,8,8,4,Standard,Standard,124,-0.001,-0.182,70.6,8.6,2.796580944,,0.182,,4,4,0.967,0.967,34,27,35,28,1,3,5,2,3.0,1.0,2.29,1.33,-1.33,38.6,13.57352739839546,-18.09872835721351,19.931340453069087,53.97428510193307,39.11335061755568
SI,2026-08-28,94.9,0.11,6.41,"Peralta, Wandy",656775,593974,,called_strike,,,,,5.0,,R,L,L,TB,SD,S,,,0,0,2026,1.37,0.92,-0.0138154153173382,2.1793245653147464,,,,2,7,Bot,,,,,,,-3.3913557508541397,-138.06676967873142,-7.151325457751639,18.2580425771085,31.07868220365597,-19.067350610052024,3.004986877,1.516535433,,,,93.8,2051,5.7,822935,666023,664034,630105,592518,593428,650859,701538,665487,54.83,,,,,,,,63,1,Sinker,8,4,8,4,4,8,8,4,Standard,Standard,132,0.0,-0.045,,,,,0.045,,4,4,0.966,0.966,34,31,35,32,1,3,5,2,3.0,1.0,1.62,1.37,1.37,48.5,,,,,
SI,2026-08-28,95.9,-0.04,6.28,"Peralta, Wandy",656775,593974,,foul,,,,,6.0,,R,L,L,TB,SD,S,,,0,1,2026,1.37,0.91,0.6479850417924343,2.21382259823504,,,,2,7,Bot,,,,,,,-1.3322006324663187,-139.48967871424145,-6.924604121070128,18.10625171932818,32.057170372976806,-18.876155340947168,3.004986877,1.516535433,308.0,74.1,14.0,94.7,2124,5.7,822935,666023,664034,630105,592518,593428,650859,701538,665487,54.85,,,,,,,,63,2,Sinker,8,4,8,4,4,8,8,4,Standard,Standard,133,-0.001,-0.062,70.9,7.5,,,0.062,88.0,4,4,0.966,0.966,34,31,35,32,1,3,5,2,3.0,1.0,1.57,1.37,1.37,46.9,6.153074618657683,4.573304257597913,37.174191692956065,25.36059506090032,18.862609800880072
SI,2026-08-28,95.7,-0.15,6.32,"Peralta, Wandy",656775,593974,,foul,,,,,12.0,,R,L,L,TB,SD,S,,,0,2,2026,1.58,0.73,1.073380585853297,2.353152199327803,,,,2,7,Bot,,,,,,,-0.4099260372757506,-139.22894840618383,-6.211728760923542,20.55012273652316,31.98346062487436,-21.45457131358676,3.004986877,1.516535433,26.0,58.4,-1.0,94.7,2027,5.8,822935,666023,664034,630105,592518,593428,650859,701538,665487,54.74,,,,,,,,63,3,Sinker,8,4,8,4,4,8,8,4,Infield shade,Standard,134,0.0,0.0,69.0,7.1,,,0.0,88.0,4,4,0.965,0.965,34,31,35,32,1,3,5,2,3.0,1.0,1.76,1.58,1.58,45.1,8.12319791880098,-3.886465179354001,34.78415066679619,20.653212994933448,23.942453692141207
FF,2026-08-28,95.7,-0.22,6.31,"Peralta, Wandy",656775,593974,,ball,,,,,11.0,,R,L,L,TB,SD,B,,,0,2,2026,0.9,1.15,-1.1006211020671617,3.7722727580640263,,,,2,7,Bot,,,,,,,-4.2998356380653995,-139.31868510219047,-3.4885328955438686,12.71020575898639,31.96386324052879,-16.5782374246544,3.004986877,1.516535433,,,,94.4,2011,5.6,822935,666023,664034,630105,592518,593428,650859,701538,665487,54.93,,,,,,,,63,4,4-Seam Fastball,8,4,8,4,4,8,8,4,Infield shade,Standard,126,0.0,0.028,,,,,-0.028,,4,4,0.965,0.965,34,31,35,32,1,3,5,2,3.0,1.0,1.34,0.9,0.9,47.1,,,,,
SL,2026-08-28,89.0,0.3,5.97,"Peralta, Wandy",656775,593974,home_run,hit_into_play,,,,,5.0,"Umpire reviewed (fan interference), call on the field was upheld: Cedric Mullins homers (14) on a fly ball to right field.",R,L,L,TB,SD,X,,fly_ball,1,2,2026,-0.11,0.52,-0.0281590345620315,2.2269605584825984,,,,2,7,Bot,206.66,77.55,,,,,-0.548572354127348,-129.64941830398547,-4.027770498925494,-1.1526699339067796,27.658397871103503,-25.64773451666598,3.004986877,1.516535433,360.0,94.3,33.0,88.6,2082,6.0,822935,666023,664034,630105,592518,593428,650859,701538,665487,54.48,0.094,0.163,2.0,1.0,0.0,3.0,3.0,63,5,Slider,8,4,8,4,4,9,9,4,Infield shade,Standard,145,0.018,2.674,73.7,7.7,,0.305,-2.674,94.3,4,4,0.965,0.965,34,31,35,32,1,3,5,2,3.0,1.0,2.35,-0.11,-0.11,44.1,13.337703124950725,-8.58298233982862,24.791300699765387,33.70603738030619,30.96912667012758
SI,2026-08-31,96.0,0.32,6.09,"Peralta, Wandy",680574,593974,,foul,,,,,5.0,,R,R,L,CIN,SD,S,,,0,0,2026,1.33,0.64,0.1873151784387146,2.2391100238291792,,,,0,9,Bot,,,,,,,-3.356953749696401,-139.60443777585823,-5.748098471158518,18.146842884163128,33.12361419618718,-22.659041416138063,3.047112861,1.537795276,224.0,79.5,53.0,94.5,1963,5.6,824473,669134,664034,630105,592518,823550,687957,701538,665487,54.91,,,,,,,,77,1,Sinker,0,5,0,5,5,0,0,5,Standard,Standard,127,-0.001,-0.041,76.9,6.7,,,0.041,88.0,-5,-5,0.008,0.008,34,26,35,27,1,3,3,1,2.0,1.0,1.85,1.33,-1.33,40.5,16.193243713344973,8.834701053239023,33.58903015834796,38.707508370263504,26.184217423489116
CH,2026-08-31,89.1,0.84,5.66,"Peralta, Wandy",680574,593974,,ball,,,,,14.0,,R,R,L,CIN,SD,B,,,0,1,2026,1.38,0.21,1.296371244960023,0.9226504045531648,,,,0,9,Bot,,,,,,,-1.810315440116955,-129.64404514588824,-5.727341985895652,15.907754647179807,27.847486986130928,-28.813011485314217,3.047112861,1.537795276,,,,88.3,2161,5.8,824473,669134,664034,630105,592518,823550,687957,701538,665487,54.66,,,,,,,,77,2,Changeup,0,5,0,5,5,0,0,5,Standard,Standard,125,0.001,0.029,,,,,-0.029,,-5,-5,0.007,0.007,34,26,35,27,1,3,3,1,2.0,1.0,2.67,1.38,-1.38,31.7,,,,,
SI,2026-08-31,96.7,0.21,6.13,"Peralta, Wandy",680574,593974,,foul,,,,,5.0,,R,R,L,CIN,SD,S,,,1,1,2026,1.39,0.46,-0.0618337880600043,2.1358420608299236,,,,0,9,Bot,,,,,,,-3.8958503325061407,-140.72755647268684,-5.866754083426779,19.39211139565601,31.44018408992873,-24.96466918941699,3.047112861,1.537795276,246.0,80.7,29.0,95.6,2027,5.6,824473,669134,664034,630105,592518,823550,687957,701538,665487,54.86,,,,,,,,77,3,Sinker,0,5,0,5,5,0,0,5,Standard,Standard,136,-0.002,-0.06,64.1,5.8,,,0.06,88.0,-5,-5,0.008,0.008,34,26,35,27,1,3,3,1,2.0,1.0,1.98,1.39,-1.39,46.7,-13.078115879551456,20.810659975089205,38.888287057829864,36.48072197994381,13.883593048733092
CH,2026-08-31,89.8,0.66,5.69,"Peralta, Wandy",680574,593974,,foul,,,,,14.0,,R,R,L,CIN,SD,S,,,1,2,2026,1.3,0.12,1.1808075344498308,1.7887046890116118,,,,0,9,Bot,,,,,,,-1.502750544473396,-130.75727499451236,-3.666211583450446,15.187405401401968,28.504724541354506,-30.23352261384495,3.047112861,1.537795276,174.0,63.5,49.0,88.9,2104,5.8,824473,669134,664034,630105,592518,823550,687957,701538,665487,54.74,,,,,,,,77,4,Changeup,0,5,0,5,5,0,0,5,Standard,Standard,123,0.0,0.0,68.2,7.0,,,0.0,88.0,-5,-5,0.006,0.006,34,26,35,27,1,3,3,1,2.0,1.0,2.71,1.3,-1.3,34.2,3.565514684322876,14.391887263377278,31.013923984163704,50.50690574164109,21.571563253850904
SI,2026-08-31,95.7,0.18,6.18,"Peralta, Wandy",680574,593974,,ball,,,,,12.0,,R,R,L,CIN,SD,B,,,1,2,2026,1.29,0.52,1.4150054424408438,3.6132333448084815,,,,0,9,Bot,,,,,,,0.2677973928820037,-139.43441541585028,-2.1408476712969997,16.682250188917674,31.913763493421495,-25.1670006123047,3.047112861,1.537795276,,,,94.5,1885,5.5,824473,669134,664034,630105,592518,823550,687957,701538,665487,54.97,,,,,,,,77,5,Sinker,0,5,0,5,5,0,0,5,Standard,Standard,128,0.001,0.046,,,,,-0.046,,-5,-5,0.006,0.006,34,26,35,27,1,3,3,1,2.0,1.0,1.97,1.29,-1.29,43.9,,,,,
SI,2026-08-31,96.8,0.16,6.19,"Peralta, Wandy",680574,593974,,foul,,,,,1.0,,R,R,L,CIN,SD,S,,,2,2,2026,1.25,0.58,-0.4700217030361107,2.624265618155309,,,,0,9,Bot,,,,,,,-4.511881753064512,-140.8952361732354,-5.036812771058396,17.65534022175516,32.30808805942623,-23.469208838553374,3.047112861,1.537795276,120.0,70.8,72.0,95.8,2052,5.7,824473,669134,664034,630105,592518,823550,687957,701538,665487,54.81,,,,,,,,77,6,Sinker,0,5,0,5,5,0,0,5,Standard,Standard,134,0.0,0.0,66.2,6.5,,,0.0,88.0,-5,-5,0.007,0.007,34,26,35,27,1,3,3,1,2.0,1.0,1.85,1.25,-1.25,43.4,7.422662707320655,-0.9342969532116576,33.46385930451496,30.306152884339387,31.33365650994437
FF,2026-08-31,96.9,0.03,6.24,"Peralta, Wandy",680574,593974,,foul,,,,,12.0,,R,R,L,CIN,SD,S,,,2,2,2026,0.92,1.27,0.4941285508231183,3.2554862735568104,,,,0,9,Bot,,,,,,,-0.9108954567405896,-141.03529225303416,-5.109188932808223,12.545973158572863,32.04941346530274,-14.338075081827323,3.047112861,1.537795276,131.0,89.4,73.0,95.7,2089,5.6,824473,669134,664034,630105,592518,823550,687957,701538,665487,54.94,,,,,,,,77,7,4-Seam Fastball,0,5,0,5,5,0,0,5,Standard,Standard,133,0.0,0.0,71.2,6.6,,,0.0,89.4,-5,-5,0.007,0.007,34,26,35,27,1,3,3,1,2.0,1.0,1.16,0.92,-0.92,46.7,13.565451172595145,7.525918020222973,23.23486303470668,42.37315257261288,28.758699758108182
SI,2026-08-31,96.3,0.02,6.22,"Peralta, Wandy",680574,593974,field_out,hit_into_play,,,,,2.0,Matt McLain flies out to right fielder Fernando Tatis Jr.,R,R,L,CIN,SD,X,9.0,fly_ball,2,2,2026,1.39,0.53,-0.2181810546566727,2.711463857521719,,,,0,9,Bot,183.82,124.36,,,,,-3.777046306591317,-140.17153617223423,-4.701964116067381,19.195180187971257,31.149581467503584,-24.360407575278415,3.047112861,1.537795276,236.0,89.1,55.0,95.3,1937,5.7,824473,669134,664034,630105,592518,823550,687957,701538,665487,54.85,0.011,0.014,0.0,1.0,0.0,0.0,3.0,77,8,Sinker,0,5,0,5,5,0,0,5,Standard,Standard,125,-0.004,-0.232,70.9,6.2,,0.021,0.232,89.1,-5,-5,0.007,0.007,34,26,35,27,1,3,3,1,2.0,1.0,1.93,1.39,-1.39,42.5,7.514568859179415,7.924124638685591,30.152305745244902,33.29351937823559,31.0095736858043
CH,2026-08-31,90.2,0.52,5.79,"Peralta, Wandy",667472,593974,,ball,,,,,12.0,,R,R,L,CIN,SD,B,,,0,0,2026,1.34,0.21,1.8297035024830444,2.8357429554535005,,,,1,9,Bot,,,,,,,0.3106114999432315,-131.2699473492107,-1.5828057474562298,15.324430659516176,30.317083648273098,-29.618364289564543,3.213861549,1.621948819,,,,89.0,2030,5.7,824473,669134,664034,630105,592518,823550,687957,701538,665487,54.78,,,,,,,,78,1,Changeup,0,5,0,5,5,0,0,5,Standard,Standard,123,0.0,0.041,,,,,-0.041,,-5,-5,0.003,0.003,34,30,35,30,1,0,3,1,2.0,1.0,2.61,1.34,-1.34,37.7,,,,,
CH,2026-08-31,89.5,0.4,5.81,"Peralta, Wandy",667472,593974,,swinging_strike,,,,,9.0,,R,R,L,CIN,SD,S,,,1,0,2026,1.37,0.22,0.8094325576889123,1.727260097849704,,,,1,9,Bot,,,,,,,-1.9186970557027,-130.26741992959083,-4.201128746110187,15.933409630491044,29.79297990257094,-28.96789273827405,3.213861549,1.621948819,,,,88.1,2142,5.6,824473,669134,664034,630105,592518,823550,687957,701538,665487,54.93,,,,,,,,78,2,Changeup,0,5,0,5,5,0,0,5,Standard,Standard,124,0.0,-0.05,74.4,9.1,11.093566788,,0.05,,-5,-5,0.003,0.003,34,30,35,30,1,0,3,1,2.0,1.0,2.65,1.37,-1.37,37.4,26.806166535663746,-32.77956049318937,30.526663817831345,47.65658317271535,48.82587776473146
CH,2026-08-31,89.4,0.28,5.79,"Peralta, Wandy",667472,593974,single,hit_into_play,,,,,9.0,Dane Myers singles on a line drive to center fielder Jackson Merrill.,R,R,L,CIN,SD,X,8.0,line_drive,1,1,2026,1.44,0.23,0.5978485265176618,1.9141593193730664,,,,1,9,Bot,119.46,95.51,,,,,-2.2936379478198186,-130.1550503919251,-3.73235208457387,16.84089108986859,29.313023832811172,-29.003140528715765,3.213861549,1.621948819,222.0,74.3,21.0,88.2,2185,5.7,824473,669134,664034,630105,592518,823550,687957,701538,665487,54.81,0.986,0.892,0.9,1.0,1.0,0.0,4.0,78,3,Changeup,0,5,0,5,5,0,0,5,Standard,Standard,120,0.004,0.428,80.3,8.1,,1.039,-0.428,88.0,-5,-5,0.003,0.003,34,30,35,30,1,0,3,1,2.0,1.0,2.64,1.44,-1.44,38.4,6.576188208988875,-6.638967506913324,33.955222791188845,45.54925439175159,31.75520665996668
SI,2026-08-31,96.4,0.29,6.11,"Peralta, Wandy",695490,593974,,foul,,,,,4.0,,R,R,L,CIN,SD,S,,,0,0,2026,1.32,0.72,-0.6408272763100513,2.632305778270516,,,667472.0,1,9,Bot,,,,,,,-5.412398305429417,-140.25277017071804,-5.045774854366429,18.580108414060813,32.887813637259825,-21.769995032290115,3.163836942,1.596702756,173.0,79.9,15.0,95.2,2104,5.7,824473,669134,664034,630105,592518,823550,687957,701538,665487,54.79,,,,,,,,79,1,Sinker,0,5,0,5,5,0,0,5,Standard,Standard,128,-0.001,-0.037,56.8,4.7,,,0.037,88.0,-5,-5,0.007,0.007,34,22,35,23,1,3,3,1,2.0,1.0,1.75,1.32,-1.32,46.8,-29.005004076124273,31.054680799920128,45.81391840182337,31.212829340270503,4.591312148854087
CH,2026-08-31,90.0,0.63,5.75,"Peralta, Wandy",695490,593974,,ball,,,,,12.0,,R,R,L,CIN,SD,B,,,0,1,2026,1.24,0.1,1.659142423388433,2.479841128354174,,,667472.0,1,9,Bot,,,,,,,-0.1647015257293185,-131.01757543553106,-2.1165340794552026,14.33178967856032,28.80889251038617,-30.761828682285113,3.163836942,1.596702756,,,,88.8,2144,5.6,824473,669134,664034,630105,592518,823550,687957,701538,665487,54.88,,,,,,,,79,2,Changeup,0,5,0,5,5,0,0,5,Standard,Standard,122,0.001,0.026,,,,,-0.026,,-5,-5,0.006,0.006,34,22,35,23,1,3,3,1,2.0,1.0,2.72,1.24,-1.24,33.9,,,,,
SI,2026-08-31,96.0,0.08,6.16,"Peralta, Wandy",695490,593974,,swinging_strike,,,,,14.0,,R,R,L,CIN,SD,S,,,1,1,2026,1.3,0.61,0.8767070698809095,1.332208309290544,,,667472.0,1,9,Bot,,,,,,,-0.8723228425034572,-139.68888351574785,-8.204674213132696,17.169591183868906,31.50445631702921,-22.61219598259059,3.163836942,1.596702756,,,,94.8,1987,5.6,824473,669134,664034,630105,592518,823550,687957,701538,665487,54.92,,,,,,,,79,3,Sinker,0,5,0,5,5,0,0,5,Standard,Standard,130,-0.002,-0.067,70.5,7.4,1.482155616,,0.067,,-5,-5,0.007,0.007,34,22,35,23,1,3,3,1,2.0,1.0,1.87,1.3,-1.3,44.0,8.105869030157265,0.5810477075593987,32.65339114908321,49.15496933508129,27.835587692769927
SI,2026-08-31,96.5,-0.02,6.27,"Peralta, Wandy",695490,593974,,ball,,,,,1.0,,R,R,L,CIN,SD,B,,,1,2,2026,1.34,0.63,-0.7908879381033098,2.895390247216335,,,667472.0,1,9,Bot,,,,,,,-5.036554218905669,-140.4233553334978,-4.6239443900138415,18.88697028736615,30.86930026692607,-23.024270304933637,3.163836942,1.596702756,,,,95.4,2067,5.6,824473,669134,664034,630105,592518,823550,687957,701538,665487,54.93,,,,,,,,79,4,Sinker,0,5,0,5,5,0,0,5,Standard,Standard,132,0.001,0.052,,,,,-0.052,,-5,-5,0.005,0.005,34,22,35,23,1,3,3,1,2.0,1.0,1.81,1.34,-1.34,48.9,,,,,
CH,2026-08-31,90.6,0.19,5.82,"Peralta, Wandy",695490,593974,strikeout,swinging_strike,,,,,14.0,Edwin Arroyo strikes out swinging.,R,R,L,CIN,SD,S,2.0,,2,2,2026,1.44,0.36,0.6790842086471486,1.2367738197808502,,,667472.0,1,9,Bot,,,,,,,-1.8970593857460307,-131.8642938298292,-5.964354962956248,17.209294983481122,28.334630524842908,-26.93524342711113,3.163836942,1.596702756,,,,89.5,2265,5.6,824473,669134,664034,630105,592518,823550,687957,701538,665487,54.9,,0.0,0.0,1.0,0.0,0.0,,79,5,Changeup,0,5,0,5,5,0,0,5,Standard,Standard,125,-0.005,-0.23,72.9,8.1,3.455923368,,0.23,,-5,-5,0.006,0.006,34,22,35,23,1,3,3,1,2.0,1.0,2.42,1.44,-1.44,38.2,18.14619858464502,-19.98760854945104,33.41938265415021,46.16000088324491,44.6323514422303
SI,2026-08-31,96.2,-0.11,6.25,"Peralta, Wandy",699302,593974,,called_strike,,,,,1.0,,R,L,L,CIN,SD,S,,,0,0,2026,1.33,0.79,-0.3821435183624855,2.8841139783577794,,,667472.0,2,9,Bot,,,,,,,-3.726737282315596,-139.9872424038137,-4.911748309849816,18.30954966399448,31.067494429894666,-20.89176336614176,3.110301837,1.569685039,,,,95.1,2125,5.6,824473,669134,664034,630105,592518,823550,687957,701538,665487,54.89,,,,,,,,80,1,Sinker,0,5,0,5,5,0,0,5,Infield shade,Standard,137,0.0,-0.041,,,,,0.041,,-5,-5,0.001,0.001,34,22,35,22,1,4,3,1,2.0,1.0,1.67,1.33,1.33,48.0,,,,,
SI,2026-08-31,95.8,0.05,6.15,"Peralta, Wandy",699302,593974,,ball,,,,,13.0,,R,L,L,CIN,SD,B,,,0,1,2026,1.36,0.59,-1.1349048842701437,1.6749180747420744,,,667472.0,2,9,Bot,,,,,,,-6.168506745679173,-139.29832880264735,-7.262160511418434,19.138293274601494,30.974329128467417,-23.00158423801815,3.110301837,1.569685039,,,,95.0,2125,5.8,824473,669134,664034,630105,592518,823550,687957,701538,665487,54.66,,,,,,,,80,2,Sinker,0,5,0,5,5,0,0,5,Infield shade,Standard,134,0.0,0.028,,,,,-0.028,,-5,-5,0.001,0.001,34,22,35,22,1,4,3,1,2.0,1.0,1.89,1.36,1.36,45.0,,,,,
SI,2026-08-31,95.2,-0.06,6.18,"Peralta, Wandy",699302,593974,,swinging_strike,,,,,9.0,,R,L,L,CIN,SD,S,,,1,1,2026,1.36,0.7,0.3510176143828731,1.6744810190484725,,,667472.0,2,9,Bot,,,,,,,-2.0047351087381298,-138.54893099464996,-7.444172518158034,17.957092620245614,30.973577874835556,-21.744031172002423,3.110301837,1.569685039,,,,94.2,2143,5.7,824473,669134,664034,630105,592518,823550,687957,701538,665487,54.82,,,,,,,,80,3,Sinker,0,5,0,5,5,0,0,5,Infield shade,Standard,132,0.0,-0.069,78.0,8.7,2.95976364,,0.069,,-5,-5,0.001,0.001,34,22,35,22,1,4,3,1,2.0,1.0,1.82,1.36,1.36,46.2,22.277131789713746,-24.414838284287864,33.210981859572414,34.88358346929198,43.37358741124358
FF,2026-08-31,95.6,0.05,6.26,"Peralta, Wandy",699302,593974,field_out,hit_into_play,,,,,1.0,Héctor Rodríguez pops out to shortstop Sung-Mun Song.,R,L,L,CIN,SD,X,6.0,popup,1,2,2026,0.96,1.17,-0.8117600208678434,2.9961251138621448,,,667472.0,2,9,Bot,120.39,151.68,,,,,-4.387388171873376,-139.07059041379435,-5.374301192319132,13.49587572876133,31.97431275861025,-15.947260908706015,3.110301837,1.569685039,130.0,76.1,66.0,94.2,2193,5.5,824473,669134,664034,630105,592518,823550,687957,701538,665487,54.96,0.006,0.007,0.0,1.0,0.0,0.0,3.0,80,4,4-Seam Fastball,0,5,0,5,5,0,0,5,Infield shade,Standard,131,-0.001,-0.194,74.5,7.9,,0.008,0.194,88.0,-5,-5,0.001,0.001,34,22,35,22,1,4,3,1,2.0,1.0,1.33,0.96,0.96,47.4,14.328219910384338,-9.274902912999442,23.588927397993228,48.22368683335078,34.587244404579764
SI,2026-09-02,97.0,0.43,6.15,"Peralta, Wandy",699302,593974,,swinging_strike,,,,,6.0,,R,L,L,CIN,SD,S,,,0,0,2026,1.4,0.6,0.6459885606617275,2.0755214654687455,,,,0,5,Bot,,,,,,,-2.635847578679959,-141.23489120139575,-6.496801278170122,19.343221366671862,31.375927879651204,-22.824543740271608,3.110301837,1.569685039,,,,96.2,2041,5.7,824470,806956,664034,665487,630105,593428,669392,701538,669720,54.78,,,,,,,,40,1,Sinker,4,3,4,3,3,4,4,3,Standard,Standard,133,-0.003,-0.041,77.9,7.8,1.643338524,,0.041,,1,1,0.708,0.708,34,22,35,22,1,2,2,1,3.0,2.0,1.81,1.4,1.4,42.6,13.38486065427574,-3.8915830402630553,38.13480801433872,28.288029943764613,28.31927764122353
SI,2026-09-02,96.4,0.37,6.08,"Peralta, Wandy",699302,593974,,ball,,,,,14.0,,R,L,L,CIN,SD,B,,,0,1,2026,1.28,0.63,1.062164509599509,1.7533635785516624,,,,0,5,Bot,,,,,,,-1.1198353734425663,-140.30538749196123,-7.0851506450066175,17.19045551341478,30.502521412942848,-22.46987817838387,3.110301837,1.569685039,,,,95.7,1906,5.8,824470,806956,664034,665487,630105,593428,669392,701538,669720,54.74,,,,,,,,40,2,Sinker,4,3,4,3,3,4,4,3,Standard,Standard,136,0.002,0.029,,,,,-0.029,,1,1,0.705,0.705,34,22,35,22,1,2,2,1,3.0,2.0,1.81,1.28,1.28,39.8,,,,,
SI,2026-09-02,95.7,0.41,6.28,"Peralta, Wandy",699302,593974,,called_strike,,,,,2.0,,R,L,L,CIN,SD,S,,,1,1,2026,1.38,0.55,0.1956875046765249,2.664125060987293,,,,0,5,Bot,,,,,,,-3.6797451780457022,-139.31809348588564,-4.925167985464715,18.803606275293856,30.76457239384976,-24.141765384410803,3.110301837,1.569685039,,,,94.7,2047,5.7,824470,806956,664034,665487,630105,593428,669392,701538,669720,54.84,,,,,,,,40,3,Sinker,4,3,4,3,3,4,4,3,Strategic,Standard,131,-0.005,-0.06,,,,,0.06,,1,1,0.707,0.707,34,22,35,22,1,2,2,1,3.0,2.0,1.94,1.38,1.38,42.5,,,,,
FF,2026-09-02,96.0,0.03,6.23,"Peralta, Wandy",699302,593974,,foul,,,,,1.0,,R,L,L,CIN,SD,S,,,1,2,2026,0.71,1.1,-0.4244377919734968,3.1955051309393196,,,,0,5,Bot,,,,,,,-2.7923551072719546,-139.70605368361177,-4.7126674530812505,9.988382532820276,32.22238323233552,-16.915522798985776,3.110301837,1.569685039,207.0,88.1,61.0,94.8,2034,5.7,824470,806956,664034,665487,630105,593428,669392,701538,669720,54.84,,,,,,,,40,4,4-Seam Fastball,4,3,4,3,3,4,4,3,Infield shade,Standard,137,0.0,0.0,71.6,7.0,,,0.0,88.1,1,1,0.702,0.702,34,22,35,22,1,2,2,1,3.0,2.0,1.38,0.71,0.71,44.1,8.282522774223589,11.071653468854947,27.155528324299823,40.24369695847316,27.497880462598413
CH,2026-09-02,90.7,0.68,5.7,"Peralta, Wandy",699302,593974,,ball,,,,,14.0,,R,L,L,CIN,SD,B,,,1,2,2026,1.23,0.15,0.5159482167957703,-0.1966450225889167,,,,0,5,Bot,,,,,,,-3.049095368316509,-131.88497505109797,-8.780653748295906,15.035796803786344,28.414777724540297,-28.721083254935696,3.110301837,1.569685039,,,,90.0,2139,5.9,824470,806956,664034,665487,630105,593428,669392,701538,669720,54.6,,,,,,,,40,5,Changeup,4,3,4,3,3,4,4,3,Infield shade,Standard,129,0.003,0.046,,,,,-0.046,,1,1,0.702,0.702,34,22,35,22,1,2,2,1,3.0,2.0,2.63,1.23,1.23,40.9,,,,,
CH,2026-09-02,91.0,0.62,5.82,"Peralta, Wandy",699302,593974,strikeout,swinging_strike,,,,,9.0,Héctor Rodríguez strikes out swinging.,R,L,L,CIN,SD,S,2.0,,2,2,2026,1.15,0.15,0.5035766824499015,1.6426770361476493,,,,0,5,Bot,,,,,,,-2.761477137618873,-132.5604583040477,-4.671549421676845,14.13602788743706,27.231585973936888,-29.600519349598073,3.110301837,1.569685039,,,,90.5,2116,5.9,824470,806956,664034,665487,630105,593428,669392,701538,669720,54.64,,0.0,0.0,1.0,0.0,0.0,,40,6,Changeup,4,3,4,3,3,4,4,3,Infield shade,Standard,128,-0.018,-0.232,70.3,7.6,1.932508476,,0.232,,1,1,0.705,0.705,34,22,35,22,1,2,2,1,3.0,2.0,2.58,1.15,1.15,38.5,1.5901787829983045,-1.1194065827332107,31.27566860674028,29.76533331525815,26.864472188508746
SL,2026-09-02,88.6,0.48,6.01,"Peralta, Wandy",682829,593974,,ball,,,,,12.0,,R,R,L,CIN,SD,B,,,0,0,2026,-0.2,0.23,1.4109692949304715,2.8280541928828007,,,,1,5,Bot,,,,,,,2.64148781700479,-128.9937697897136,-1.9351260438498303,-2.8681265652623864,29.57929285812641,-29.424672655639387,3.460474081,1.74640748,,,,87.4,2164,5.7,824470,806956,664034,665487,630105,593428,669392,701538,669720,54.78,,,,,,,,41,1,Slider,4,3,4,3,3,4,4,3,Standard,Standard,165,0.002,0.041,,,,,-0.041,,1,1,0.687,0.687,34,24,35,24,1,2,2,1,3.0,2.0,2.7,-0.2,0.2,45.0,,,,,
SI,2026-09-02,93.6,-0.14,6.32,"Peralta, Wandy",682829,593974,field_out,hit_into_play,,,,,9.0,Elly De La Cruz lines out to center fielder Jackson Merrill.,R,R,L,CIN,SD,X,8.0,line_drive,1,0,2026,1.25,0.76,0.4651403805352412,1.993311172457601,,,,1,5,Bot,165.73,77.78,,,,,-1.2545218184461275,-136.21464422580283,-6.830010699616713,15.947178425421466,28.033581240134392,-21.46752737388966,3.460474081,1.74640748,316.0,85.6,28.0,92.7,2006,5.6,824470,806956,664034,665487,630105,593428,669392,701538,669720,54.89,0.069,0.087,0.0,1.0,0.0,0.0,3.0,41,2,Sinker,4,3,4,3,3,4,4,3,Standard,Standard,133,-0.018,-0.302,81.1,7.5,,0.139,0.302,88.0,1,1,0.689,0.689,34,24,35,24,1,2,2,1,3.0,2.0,1.83,1.25,-1.25,48.9,1.582218102142544,-0.9924108681651128,35.33309480053977,44.15443484517775,35.86301781639591
CH,2026-09-02,90.1,0.46,5.81,"Peralta, Wandy",701398,593974,,ball,,,,,14.0,,R,R,L,CIN,SD,B,,,0,0,2026,1.44,0.2,1.3143263595095955,1.958687746195923,,,,2,5,Bot,,,,,,,-0.994117113335792,-131.1812424980608,-3.819636914833005,16.8026338057971,27.420143795273123,-29.219889985024217,3.239312664,1.634793307,,,,89.5,2124,5.8,824470,806956,664034,665487,630105,593428,669392,701538,669720,54.66,,,,,,,,42,1,Changeup,4,3,4,3,3,4,4,3,Standard,Standard,129,0.001,0.041,,,,,-0.041,,1,1,0.671,0.671,34,22,35,23,1,2,2,1,3.0,2.0,2.6,1.44,-1.44,35.4,,,,,
CH,2026-09-02,90.1,0.3,5.81,"Peralta, Wandy",701398,593974,,ball,,,,,13.0,,R,R,L,CIN,SD,B,,,1,0,2026,1.32,0.24,-0.1629172839469808,1.254600068526439,,,,2,5,Bot,,,,,,,-3.948036478251619,-131.08492448333016,-5.5550166111951285,16.0685631777793,27.513704147305095,-28.46489420727054,3.239312664,1.634793307,,,,89.2,2139,5.7,824470,806956,664034,665487,630105,593428,669392,701538,669720,54.8,,,,,,,,42,2,Changeup,4,3,4,3,3,4,4,3,Standard,Standard,127,0.002,0.064,,,,,-0.064,,1,1,0.672,0.672,34,22,35,23,1,2,2,1,3.0,2.0,2.57,1.32,-1.32,36.3,,,,,
CH,2026-09-02,91.1,0.36,5.93,"Peralta, Wandy",701398,593974,,swinging_strike,,,,,14.0,,R,R,L,CIN,SD,S,,,2,0,2026,1.28,0.11,0.6656396632268998,1.3397762109216047,,,,2,5,Bot,,,,,,,-2.0035710246797787,-132.64353719467016,-5.5693150502817055,15.494240282780192,28.32914593311111,-29.869606469604825,3.239312664,1.634793307,,,,90.1,2054,5.6,824470,806956,664034,665487,630105,593428,669392,701538,669720,54.87,,,,,,,,42,3,Changeup,4,3,4,3,3,4,4,3,Standard,Standard,124,-0.002,-0.065,71.1,8.8,2.3234358,,0.065,,1,1,0.674,0.674,34,22,35,23,1,2,2,1,3.0,2.0,2.63,1.28,-1.28,37.7,24.25897241952815,-12.49826971004136,36.08967021239123,46.42951271202418,37.25533036398011
SI,2026-09-02,94.8,-0.25,6.3,"Peralta, Wandy",701398,593974,,foul,,,,,4.0,,R,R,L,CIN,SD,S,,,2,1,2026,1.23,0.49,-0.281960013409853,2.4724694424527396,,,,2,5,Bot,,,,,,,-2.85143679883104,-138.0474526189922,-5.205604927854656,16.426798368366754,29.146063049848692,-24.91897760336837,3.239312664,1.634793307,1.0,45.2,-62.0,93.9,1901,5.6,824470,806956,664034,665487,630105,593428,669392,701538,669720,54.91,,,,,,,,42,4,Sinker,4,3,4,3,3,4,4,3,Standard,Standard,134,-0.003,-0.079,70.5,7.5,,,0.079,88.0,1,1,0.672,0.672,34,22,35,23,1,2,2,1,3.0,2.0,2.03,1.23,-1.23,51.7,24.591823489545032,-3.1856950695489905,29.770608518881502,35.772415901620704,35.31001776342287
CH,2026-09-02,90.8,0.23,5.91,"Peralta, Wandy",701398,593974,,ball,,,,,14.0,,R,R,L,CIN,SD,B,,,2,2,2026,1.35,0.5,0.925285076372656,1.4021739293763558,,,,2,5,Bot,,,,,,,-1.2011453729424837,-132.32626928123062,-6.257480753005568,16.2276502744411,24.86938123518306,-25.2706532447961,3.239312664,1.634793307,,,,90.6,2216,5.8,824470,806956,664034,665487,630105,593428,669392,701538,669720,54.7,,,,,,,,42,5,Changeup,4,3,4,3,3,4,4,3,Standard,Standard,132,0.004,0.082,,,,,-0.082,,1,1,0.669,0.669,34,22,35,23,1,2,2,1,3.0,2.0,2.23,1.35,-1.35,40.4,,,,,
CH,2026-09-02,90.7,0.34,5.96,"Peralta, Wandy",701398,593974,field_out,hit_into_play,,,,,14.0,"Sal Stewart grounds out, shortstop Xander Bogaerts to first baseman Ty France.",R,R,L,CIN,SD,X,6.0,ground_ball,3,2,2026,1.27,0.26,1.0501999730744913,2.2326645936876655,,,,2,5,Bot,107.15,152.09,,,,,-0.9972974020767696,-132.19997701542363,-3.767904685600203,15.199491328293924,26.416855546943697,-28.529753598809005,3.239312664,1.634793307,10.0,72.4,-12.0,90.1,2120,5.7,824470,806956,664034,665487,630105,593428,669392,701538,669720,54.83,0.041,0.037,0.0,1.0,0.0,0.0,2.0,42,6,Changeup,4,3,4,3,3,4,4,3,Standard,Standard,129,-0.013,-0.306,70.5,8.0,,0.046,0.306,88.0,1,1,0.673,0.673,34,22,35,23,1,2,2,1,3.0,2.0,2.49,1.27,-1.27,39.8,13.958913922478027,5.442834265691076,26.7160858956398,50.981713509777464,31.819344264574102
SI,2026-09-02,95.6,0.45,6.17,"Peralta, Wandy",668709,593974,single,hit_into_play,,,,,6.0,JJ Bleday singles on a bunt ground ball to second baseman Fernando Tatis Jr.,R,L,L,CIN,SD,X,4.0,ground_ball,0,0,2026,1.3,0.77,0.3953202805931533,2.2665433778454016,,,,0,6,Bot,137.15,173.38,,,,,-3.0928319674393663,-139.22369741767167,-6.1688786471243,17.673263887275017,29.173765206291296,-21.056549425526825,3.286704396,1.65871063,5.0,47.4,-27.0,94.9,2155,5.7,824470,806956,664034,665487,630105,593428,669392,701538,687957,54.8,0.179,0.161,0.9,1.0,1.0,0.0,1.0,48,1,Sinker,4,3,4,3,3,4,4,3,Infield shade,Standard,131,0.032,0.142,22.5,2.9,,0.179,-0.142,88.0,1,1,0.74,0.74,34,28,35,29,1,2,2,1,3.0,2.0,1.71,1.3,1.3,41.6,-31.47958051410309,-19.551459951654888,23.788891658770172,35.45209009283458,41.99427954482952
SI,2026-09-02,95.8,0.52,6.15,"Peralta, Wandy",663886,593974,,ball,,,,,12.0,,R,R,L,CIN,SD,B,,,0,0,2026,1.21,0.5,1.6689909150533675,4.029961916804737,,,668709.0,0,6,Bot,,,,,,,0.2282309072030595,-139.64133644853828,-1.0518091699800616,15.940791571699044,27.935401550900696,-25.52777900909484,3.359547244,1.695472441,,,,95.4,2147,5.7,824470,806956,664034,665487,630105,593428,669392,701538,687957,54.78,,,,,,,,49,1,Sinker,4,3,4,3,3,4,4,3,Standard,Standard,133,0.005,0.037,,,,,-0.037,,1,1,0.772,0.772,34,29,35,30,1,2,2,2,3.0,2.0,1.95,1.21,-1.21,43.2,,,,,
CH,2026-09-02,89.1,0.46,5.76,"Peralta, Wandy",663886,593974,,called_strike,,,,,9.0,,R,R,L,CIN,SD,S,,,1,0,2026,1.23,0.35,0.2992491794866594,2.06101733001464,,,668709.0,0,6,Bot,,,,,,,-2.992568095120008,-129.82224824911117,-3.619915037937682,14.57341010926969,24.52733406363301,-27.71746221312642,3.359547244,1.695472441,,,,88.8,2257,5.8,824470,806956,664034,665487,630105,593428,669392,701538,687957,54.66,,,,,,,,49,2,Changeup,4,3,4,3,3,4,4,3,Standard,Standard,129,-0.007,-0.052,,,,,0.052,,1,1,0.777,0.777,34,29,35,30,1,2,2,2,3.0,2.0,2.49,1.23,-1.23,37.3,,,,,
SI,2026-09-02,95.9,0.01,6.28,"Peralta, Wandy",663886,593974,,ball,,,,,11.0,,R,R,L,CIN,SD,B,,,1,1,2026,1.2,0.71,-0.499376916323466,3.635820566148792,,,668709.0,0,6,Bot,,,,,,,-4.021465001712125,-139.67161682103222,-2.8604613264391956,16.66385117231202,28.36521828290713,-22.47579651572313,3.359547244,1.695472441,,,,95.2,2194,5.6,824470,806956,664034,665487,630105,593428,669392,701538,687957,54.91,,,,,,,,49,3,Sinker,4,3,4,3,3,4,4,3,Standard,Standard,135,0.007,0.059,,,,,-0.059,,1,1,0.77,0.77,34,29,35,30,1,2,2,2,3.0,2.0,1.75,1.2,-1.2,44.9,,,,,
CH,2026-09-02,90.0,0.38,5.77,"Peralta, Wandy",663886,593974,,foul,,,,,6.0,,R,R,L,CIN,SD,S,,,2,1,2026,1.27,0.5,0.4868602467408121,2.528941930614736,,,668709.0,0,6,Bot,,,,,,,-2.449241052396463,-131.1140142909115,-2.952839729733803,15.181576146779545,26.97022258662311,-25.999279568029586,3.359547244,1.695472441,208.0,78.1,56.0,89.3,2317,5.7,824470,806956,664034,665487,630105,593428,669392,701538,687957,54.78,,,,,,,,49,4,Changeup,4,3,4,3,3,4,4,3,Standard,Standard,125,-0.01,-0.07,71.1,7.4,,,0.07,88.0,1,1,0.777,0.777,34,29,35,30,1,2,2,2,3.0,2.0,2.3,1.27,-1.27,39.9,15.09774427444644,12.705494367222654,36.22095830425451,43.58325855962565,27.91715375236675
CH,2026-09-02,90.1,0.39,5.76,"Peralta, Wandy",663886,593974,field_out,hit_into_play,,,,,5.0,Tyler Stephenson lines out to third baseman Jake Cronenworth.,R,R,L,CIN,SD,X,5.0,line_drive,2,2,2026,1.32,0.31,0.0063567808442492,2.4725266380800277,,,668709.0,0,6,Bot,100.47,162.73,,,,,-3.74192040978776,-131.1839162056267,-2.648582912054156,16.07022879338037,27.551896646521097,-28.23128824994362,3.359547244,1.695472441,152.0,87.6,12.0,89.2,2027,5.7,824470,806956,664034,665487,630105,593428,669392,701538,687957,54.82,0.711,0.701,0.0,1.0,0.0,0.0,4.0,49,5,Changeup,4,3,4,3,3,4,4,3,Standard,Standard,127,-0.025,-0.22,73.3,7.5,,0.84,0.22,88.0,1,1,0.767,0.767,34,29,35,30,1,2,2,2,3.0,2.0,2.49,1.32,-1.32,39.2,18.283176651106547,-8.908972889655455,37.76361523817025,36.798846257277766,44.24592020992914
SL,2026-09-05,87.3,0.68,5.84,"Peralta, Wandy",669224,593974,,called_strike,,,,,5.0,,R,L,L,SD,NYY,S,,,0,0,2026,-0.33,0.66,0.1337419915537324,2.538728905801754,,,,0,6,Top,,,,,,,-0.61108278982728,-127.19261749697112,-2.9891097558732533,-3.420522499752823,25.938521349437693,-24.568368088972743,3.254232283,1.642322835,,,,87.0,2142,6.0,823257,666023,664034,630105,592518,593428,669392,701538,665487,54.51,,,,,,,,47,1,Slider,1,5,5,1,5,1,5,1,Infield shade,Standard,128,0.001,-0.041,,,,,0.041,,-4,4,0.082,0.918,34,26,35,27,1,2,3,1,4.0,1.0,2.32,-0.33,-0.33,40.0,,,,,
SI,2026-09-05,96.0,0.12,6.14,"Peralta, Wandy",669224,593974,,ball,,,,,11.0,,R,L,L,SD,NYY,B,,,0,1,2026,1.22,0.75,-0.9149509150278952,3.1221913348136408,,,,0,6,Top,,,,,,,-5.463127622667622,-139.64998402350844,-3.88433306211285,17.245601128532144,32.12072911135064,-21.661413060471173,3.254232283,1.642322835,,,,95.0,2275,5.8,823257,666023,664034,630105,592518,593428,669392,701538,665487,54.72,,,,,,,,47,2,Sinker,1,5,5,1,5,1,5,1,Infield shade,Standard,136,-0.001,0.029,,,,,-0.029,,-4,4,0.083,0.917,34,26,35,27,1,2,3,1,4.0,1.0,1.73,1.22,1.22,45.1,,,,,
SI,2026-09-05,96.0,0.12,6.34,"Peralta, Wandy",669224,593974,,swinging_strike,,,,,12.0,,R,L,L,SD,NYY,S,,,1,1,2026,1.34,0.87,0.0852181036385817,3.7368164641902535,,,,0,6,Top,,,,,,,-3.1294040188226635,-139.73514336343203,-3.044672099714975,18.196370115231247,32.97268447364626,-20.374659570681725,3.254232283,1.642322835,,,,94.8,2241,5.7,823257,666023,664034,630105,592518,593428,669392,701538,665487,54.85,,,,,,,,47,3,Sinker,1,5,5,1,5,1,5,1,Infield shade,Standard,138,0.002,-0.06,55.6,5.9,0.1,,0.06,,-4,4,0.082,0.918,34,26,35,27,1,2,3,1,4.0,1.0,1.62,1.34,1.34,46.9,7.488720873621646,32.746444275452866,24.869292636354217,30.936556462758,9.695575500124631
SI,2026-09-05,96.2,0.17,6.22,"Peralta, Wandy",669224,593974,,ball,,,,,12.0,,R,L,L,SD,NYY,B,,,1,2,2026,1.15,0.81,0.5508091790327636,3.869366328359307,,,,0,6,Top,,,,,,,-1.6504810567551178,-140.13364810860085,-2.307844521481589,15.519043991880196,33.21517839976412,-21.20844416906573,3.254232283,1.642322835,,,,95.4,2211,5.9,823257,666023,664034,630105,592518,593428,669392,701538,665487,54.64,,,,,,,,47,4,Sinker,1,5,5,1,5,1,5,1,Infield shade,Standard,131,-0.001,0.046,,,,,-0.046,,-4,4,0.084,0.916,34,26,35,27,1,2,3,1,4.0,1.0,1.66,1.15,1.15,42.9,,,,,
CH,2026-09-05,88.6,0.43,5.66,"Peralta, Wandy",669224,593974,,ball,,,,,14.0,,R,L,L,SD,NYY,B,,,2,2,2026,1.37,0.47,1.0461943665412166,0.0860206312420617,,,,0,6,Top,,,,,,,-1.4102657635558369,-128.81517594791163,-8.157653896814946,15.521593458084984,28.861136951777624,-25.35520310856502,3.254232283,1.642322835,,,,87.6,2273,5.9,823257,666023,664034,630105,592518,593428,669392,701538,665487,54.61,,,,,,,,47,5,Changeup,1,5,5,1,5,1,5,1,Infield shade,Standard,123,-0.002,0.113,,,,,-0.113,,-4,4,0.083,0.917,34,26,35,27,1,2,3,1,4.0,1.0,2.46,1.37,1.37,34.4,,,,,
SI,2026-09-05,96.0,0.11,6.15,"Peralta, Wandy",669224,593974,,foul,,,,,5.0,,R,L,L,SD,NYY,S,,,3,2,2026,1.42,0.77,0.0074371556257923,2.435460608341447,,,,0,6,Top,,,,,,,-3.504008026062748,-139.61347084191797,-5.704025480723994,19.376042291410176,32.97126018397875,-20.97089342994641,3.254232283,1.642322835,,,,94.9,2067,5.8,823257,666023,664034,630105,592518,593428,669392,701538,665487,54.7,,,,,,,,47,6,Sinker,1,5,5,1,5,1,5,1,Infield shade,Standard,132,0.0,0.0,65.7,6.1,,,0.0,,-4,4,0.081,0.919,34,26,35,27,1,2,3,1,4.0,1.0,1.71,1.42,1.42,42.2,-7.400937754532051,30.577509799052446,37.09572943098465,32.351997999246095,8.235149219464063
SI,2026-09-05,96.4,0.14,6.17,"Peralta, Wandy",669224,593974,strikeout,foul_tip,,,,,12.0,Austin Wells strikes out on a foul tip.,R,L,L,SD,NYY,S,2.0,,3,2,2026,1.19,0.69,0.8887195283129374,2.5444882967422258,,,,0,6,Top,,,,,,,-0.7739060110476763,-140.37183633780992,-5.372140403883909,15.83014667099788,32.55142220944984,-22.071226050980847,3.254232283,1.642322835,,,,95.4,1991,5.7,823257,666023,664034,630105,592518,593428,669392,701538,665487,54.79,,0.0,0.0,1.0,0.0,0.0,,47,7,Sinker,1,5,5,1,5,1,5,1,Infield shade,Standard,131,0.008,-0.346,75.3,7.2,,,0.346,,-4,4,0.081,0.919,34,26,35,27,1,2,3,1,4.0,1.0,1.77,1.19,1.19,42.6,14.02748313065304,-6.823229135154264,39.77645782182288,21.965900687841344,26.699670261773697
SI,2026-09-05,96.1,0.07,6.2,"Peralta, Wandy",502671,593974,,called_strike,,,,,3.0,,R,R,L,SD,NYY,S,,,0,0,2026,1.21,0.78,0.3478592575533099,3.1284574853975826,,,,1,6,Top,,,,,,,-2.025049563815136,-139.94797518301397,-4.128512732173138,16.357565316830854,31.372109391184345,-21.177064140192453,3.30250164,1.666683071,,,,95.2,2172,5.7,823257,666023,664034,630105,592518,593428,669392,701538,665487,54.81,,,,,,,,48,1,Sinker,1,5,5,1,5,1,5,1,Standard,Standard,129,0.001,-0.041,,,,,0.041,,-4,4,0.089,0.911,34,38,35,39,1,3,3,1,4.0,1.0,1.68,1.21,-1.21,46.3,,,,,
CH,2026-09-05,89.6,0.35,5.69,"Peralta, Wandy",502671,593974,,foul,,,,,14.0,,R,R,L,SD,NYY,S,,,0,1,2026,1.25,0.24,0.4774422747376777,1.1116355764848422,,,,1,6,Top,,,,,,,-2.3519202439712217,-130.46502149588417,-5.534378109701303,14.762734946456264,28.371011248418647,-28.44675795276811,3.30250164,1.666683071,,,,88.8,2121,5.8,823257,666023,664034,630105,592518,593428,669392,701538,665487,54.66,,,,,,,,48,2,Changeup,1,5,5,1,5,1,5,1,Standard,Standard,116,0.001,-0.057,70.6,8.2,,,0.057,,-4,4,0.09,0.91,34,38,35,39,1,3,3,1,4.0,1.0,2.6,1.25,-1.25,34.1,13.627849645204488,1.4113481628089954,34.588202367224554,48.19450903296403,16.45364268445591
CH,2026-09-05,89.8,0.24,5.72,"Peralta, Wandy",502671,593974,single,hit_into_play,,,,,14.0,Paul Goldschmidt singles on a line drive to right fielder Fernando Tatis Jr.,R,R,L,SD,NYY,X,9.0,line_drive,0,2,2026,1.12,0.32,0.6025207011194926,1.340607392862244,,,,1,6,Top,170.99,126.31,,,,,-1.5186367582882097,-130.7663002040092,-5.279933864735092,13.207070291932974,27.637647435030424,-27.600167012086644,3.30250164,1.666683071,162.0,93.0,9.0,89.1,2032,5.8,823257,666023,664034,630105,592518,593428,669392,701538,665487,54.67,0.629,0.568,0.9,1.0,1.0,0.0,4.0,48,3,Changeup,1,5,5,1,5,1,5,1,Standard,Standard,120,-0.009,0.517,67.0,7.6,,0.674,-0.517,93.0,-4,4,0.091,0.909,34,38,35,39,1,3,3,1,4.0,1.0,2.5,1.12,-1.12,35.7,3.655788991226568,17.303278266463945,29.89589618248972,50.297198209672615,8.256454076186635
SI,2026-09-05,96.0,-0.2,6.25,"Peralta, Wandy",641355,593974,force_out,hit_into_play,,,,,2.0,"Cody Bellinger grounds into a force out, second baseman Jake Cronenworth to shortstop Xander Bogaerts. Paul Goldschmidt out at 2nd. Cody Bellinger to 1st.",R,L,L,SD,NYY,X,4.0,ground_ball,0,0,2026,1.14,0.74,-0.0691834023359869,3.3115950826050904,,,502671.0,1,6,Top,155.54,156.08,,,,,-2.254537996064923,-139.81033807634418,-3.647687604327143,15.488449889003174,31.38687451266832,-21.91337144289388,3.344627625,1.687942913,9.0,95.4,-19.0,95.0,2219,5.7,823257,666023,664034,630105,592518,593428,669392,701538,665487,54.84,0.13,0.117,0.0,1.0,0.0,0.0,2.0,49,1,Sinker,1,5,5,1,5,1,5,1,Infield shade,Standard,133,0.008,-0.32,73.9,7.7,,0.14,0.32,95.4,-4,4,0.082,0.918,34,30,35,31,1,3,3,1,4.0,1.0,1.73,1.14,1.14,47.3,18.837692824510135,-7.933629231476817,24.277877782336976,30.70318282473007,32.522445303143876
SI,2026-09-05,95.6,0.02,6.13,"Peralta, Wandy",641857,593974,,called_strike,,,,,6.0,,R,L,L,SD,NYY,S,,,0,0,2026,1.35,0.77,0.4631374731675381,2.421459560705229,,,641355.0,2,6,Top,,,,,,,-1.9175094320393888,-139.05820782136806,-5.608256977607443,17.860114732912205,33.004123051342425,-21.06639663366294,3.31742126,1.674212598,,,,94.5,1897,5.8,823257,666023,664034,630105,592518,593428,669392,701538,665487,54.69,,,,,,,,50,1,Sinker,1,5,5,1,5,1,5,1,Infield shade,Standard,125,0.001,-0.041,,,,,0.041,,-4,4,0.09,0.91,34,31,35,32,1,0,3,1,4.0,1.0,1.73,1.35,1.35,41.9,,,,,
SI,2026-09-05,95.2,-0.2,6.26,"Peralta, Wandy",641857,593974,,foul,,,,,6.0,,R,L,L,SD,NYY,S,,,0,1,2026,1.37,0.82,0.3547657861484223,2.63992662625133,,,641355.0,2,6,Top,,,,,,,-1.664477520901151,-138.58428720123752,-5.4184554729674295,17.89840077898063,33.29951107981967,-20.614428187542007,3.31742126,1.674212598,170.0,68.8,55.0,93.9,1967,5.7,823257,666023,664034,630105,592518,593428,669392,701538,665487,54.81,,,,,,,,50,2,Sinker,1,5,5,1,5,1,5,1,Infield shade,Standard,131,0.002,-0.061,76.6,6.9,,,0.061,88.0,-4,4,0.091,0.909,34,31,35,32,1,0,3,1,4.0,1.0,1.71,1.37,1.37,44.9,9.291880259301909,8.839749066626151,39.77149431086002,31.83096078452706,18.44047215747105
SI,2026-09-05,96.1,0.09,6.21,"Peralta, Wandy",641857,593974,single,hit_into_play,,,,,6.0,Ryan McMahon singles on a line drive to center fielder Jackson Merrill. Cody Bellinger to 2nd.,R,L,L,SD,NYY,X,8.0,line_drive,0,2,2026,1.26,0.93,0.7973136392058813,2.4975477348713793,,,641355.0,2,6,Top,98.23,99.4,,,,,-1.0385230500323992,-139.94464821992867,-6.110672314787599,16.7639793744632,31.273144387366127,-18.82004457030824,3.31742126,1.674212598,224.0,80.3,19.0,95.3,2043,5.8,823257,666023,664034,630105,592518,593428,669392,701538,665487,54.72,0.983,0.901,0.9,1.0,1.0,0.0,4.0,50,3,Sinker,1,5,5,1,5,1,5,1,Infield shade,Standard,132,-0.009,0.445,68.6,6.1,,1.078,-0.445,88.0,-4,4,0.093,0.907,34,31,35,32,1,0,3,1,4.0,1.0,1.53,1.26,1.26,49.6,2.4860149992043907,13.923615761332949,44.875104389228646,26.82426504631023,17.2607452964776
SI,2026-09-05,95.9,0.08,6.2,"Peralta, Wandy",700250,593974,,ball,,,,,13.0,,R,L,L,SD,NYY,B,,,0,0,2026,1.15,0.76,-0.9908299499118512,1.8610107018500248,,641355.0,641857.0,2,6,Top,,,,,,,-5.366402164789242,-139.43740899795776,-7.33922576672314,16.186470848004543,29.163359171664087,-20.84000487150568,3.280561024,1.655610236,,,,95.3,2158,5.8,823257,666023,664034,630105,592518,593428,669392,701538,665487,54.69,,,,,,,,51,1,Sinker,1,5,5,1,5,1,5,1,Infield shade,Standard,130,-0.001,0.029,,,,,-0.029,,-4,4,0.084,0.916,34,27,35,27,1,3,3,1,4.0,1.0,1.71,1.15,1.15,42.1,,,,,
SI,2026-09-05,95.3,-0.32,6.17,"Peralta, Wandy",700250,593974,,ball,,,,,13.0,,R,L,L,SD,NYY,B,,,1,0,2026,1.1,0.92,-0.8708558345389281,1.2361714847823324,,641355.0,641857.0,2,6,Top,,,,,,,-3.893711154495539,-138.65673324288986,-9.145912942623603,15.026297545733426,28.442550769498563,-18.472236401610235,3.280561024,1.655610236,,,,94.8,2217,5.8,823257,666023,664034,630105,592518,593428,669392,701538,665487,54.66,,,,,,,,51,2,Sinker,1,5,5,1,5,1,5,1,Infield shade,Standard,128,-0.001,0.033,,,,,-0.033,,-4,4,0.083,0.917,34,27,35,27,1,3,3,1,4.0,1.0,1.57,1.1,1.1,45.0,,,,,
CH,2026-09-05,91.2,0.18,5.88,"Peralta, Wandy",700250,593974,,ball,,,,,14.0,,R,L,L,SD,NYY,B,,,2,0,2026,1.29,0.43,0.1047348426845231,1.059697221665178,,641355.0,641857.0,2,6,Top,,,,,,,-2.9777176419097713,-132.6404543204768,-6.869289004876754,15.920747923326566,28.01719233818472,-25.788356826570563,3.280561024,1.655610236,,,,90.4,2314,5.8,823257,666023,664034,630105,592518,593428,669392,701538,665487,54.7,,,,,,,,51,3,Changeup,1,5,5,1,5,1,5,1,Infield shade,Standard,123,-0.003,0.063,,,,,-0.063,,-4,4,0.082,0.918,34,27,35,27,1,3,3,1,4.0,1.0,2.31,1.29,1.29,37.8,,,,,
SI,2026-09-05,95.4,0.08,6.13,"Peralta, Wandy",700250,593974,walk,ball,,,,,13.0,Ben Rice walks. Cody Bellinger to 3rd. Ryan McMahon to 2nd.,R,L,L,SD,NYY,B,,,3,0,2026,1.2,0.9,-0.9516922007016388,1.0757732662837804,,641355.0,641857.0,2,6,Top,,,,,,,-5.370443215370033,-138.5734909145823,-9.331808434555231,16.644954469735005,32.44788116098833,-18.599541203283795,3.280561024,1.655610236,,,,94.4,2247,5.9,823257,666023,664034,630105,592518,593428,669392,701538,665487,54.58,,0.698418,0.7,1.0,0.0,0.0,,51,4,Sinker,1,5,5,1,5,1,5,1,Infield shade,Standard,133,-0.003,0.058,,,,,-0.058,,-4,4,0.079,0.921,34,27,35,27,1,3,3,1,4.0,1.0,1.62,1.2,1.2,44.1,,,,,
SI,2026-09-09,95.9,0.33,6.19,"Peralta, Wandy",660688,593974,,ball,,,,,12.0,,R,R,L,SD,WSH,B,,,0,0,2026,1.14,0.58,0.0909974422013671,4.670935977352938,,,,0,7,Top,,,,,,,-3.1810598993531123,-139.69316863020077,0.389805467393458,15.591271054219924,32.056459068742505,-24.86273863726121,3.175246063,1.60246063,,,,94.6,2245,5.5,823251,669134,664034,665487,592518,593428,669392,701538,687749,54.97,,,,,,,,56,1,Sinker,7,2,2,7,2,7,2,7,Standard,Standard,135,-0.002,0.042,,,,,-0.042,,5,-5,0.968,0.032,34,27,35,28,1,2,4,2,4.0,3.0,1.89,1.14,-1.14,42.2,,,,,
SI,2026-09-09,96.1,0.3,6.21,"Peralta, Wandy",660688,593974,,called_strike,,,,,3.0,,R,R,L,SD,WSH,S,,,1,0,2026,1.09,0.82,0.7656817738329758,2.9405079603684445,,,,0,7,Top,,,,,,,-1.2651730857422503,-139.97667394157497,-4.692793477476413,14.569476570118198,31.97330543566125,-20.6087759729788,3.175246063,1.60246063,,,,94.9,2264,5.6,823251,669134,664034,665487,592518,593428,669392,701538,687749,54.93,,,,,,,,56,2,Sinker,7,2,2,7,2,7,2,7,Standard,Standard,138,0.002,-0.055,,,,,0.055,,5,-5,0.966,0.034,34,27,35,28,1,2,4,2,4.0,3.0,1.65,1.09,-1.09,46.6,,,,,
SI,2026-09-09,95.8,0.13,6.17,"Peralta, Wandy",660688,593974,field_out,hit_into_play,,,,,2.0,"Keibert Ruiz grounds out, third baseman Manny Machado to first baseman Ty France.",R,R,L,SD,WSH,X,5.0,ground_ball,1,1,2026,1.08,0.61,-0.2388999052945353,2.944308932064361,,,,0,7,Top,92.5,159.39,,,,,-3.397404873835616,-139.4621185982764,-4.093140215371125,14.844966108824012,30.541173645200377,-23.48132922592414,3.175246063,1.60246063,41.0,87.6,-1.0,94.7,2246,5.6,823251,669134,664034,665487,592518,593428,669392,701538,687749,54.93,0.243,0.268,0.0,1.0,0.0,0.0,2.0,56,3,Sinker,7,2,2,7,2,7,2,7,Standard,Standard,132,0.01,-0.247,63.9,6.3,,0.272,0.247,88.0,5,-5,0.968,0.032,34,27,35,28,1,2,4,2,4.0,3.0,1.86,1.08,-1.08,41.9,7.614329833837595,-5.512599760130235,24.886966512225115,34.06251394288536,34.35167908050342
CH,2026-09-09,89.1,0.57,5.81,"Peralta, Wandy",691781,593974,field_out,hit_into_play,,,,,6.0,Brady House lines out to shortstop Xander Bogaerts.,R,R,L,SD,WSH,X,6.0,line_drive,0,0,2026,1.26,0.24,0.488198509354623,2.2978979889449747,,,,1,7,Top,100.33,149.46,,,,,-2.871507400625259,-129.69790537128708,-2.814858469676966,14.779787420212804,29.70735423892656,-29.042594436499662,3.370956365,1.701230315,143.0,74.6,14.0,87.9,2002,5.7,823251,669134,664034,665487,592518,593428,669392,701538,687749,54.76,0.5,0.45,0.0,1.0,0.0,0.0,4.0,57,1,Changeup,7,2,2,7,2,7,2,7,Standard,Standard,123,0.005,-0.261,72.3,8.3,,0.518,0.261,88.0,5,-5,0.978,0.022,34,23,35,23,1,0,4,1,4.0,2.0,2.65,1.26,-1.26,35.5,23.289766254491948,-3.35709781443324,37.89502483131558,42.79118061733364,40.323840519901125
SI,2026-09-09,95.9,0.19,6.18,"Peralta, Wandy",696285,593974,,called_strike,,,,,2.0,,R,R,L,SD,WSH,S,,,0,0,2026,1.3,0.47,0.247848562555736,3.1889530857427166,,,,2,7,Top,,,,,,,-2.811630773051522,-139.67221826448926,-3.141535615161626,17.640476106246748,31.83708071810611,-25.573699677412332,3.187532808,1.608661417,,,,94.9,2077,5.7,823251,669134,664034,665487,592518,593428,669392,701538,687749,54.84,,,,,,,,58,1,Sinker,7,2,2,7,2,7,2,7,Standard,Standard,132,0.0,-0.045,,,,,0.045,,5,-5,0.983,0.017,34,26,35,27,1,2,4,1,4.0,2.0,2.01,1.3,-1.3,42.1,,,,,
SI,2026-09-09,95.5,0.24,6.37,"Peralta, Wandy",696285,593974,,called_strike,,,,,3.0,,R,R,L,SD,WSH,S,,,0,1,2026,1.4,0.64,0.4841806155494859,3.073740634957878,,,,2,7,Top,,,,,,,-2.5242787109634675,-138.99957760013004,-4.219478677394179,18.72440814254443,32.09362779858367,-23.196803753362268,3.187532808,1.608661417,,,,94.0,2090,5.5,823251,669134,664034,665487,592518,593428,669392,701538,687749,55.02,,,,,,,,58,2,Sinker,7,2,2,7,2,7,2,7,Standard,Standard,133,0.001,-0.062,,,,,0.062,,5,-5,0.983,0.017,34,26,35,27,1,2,4,1,4.0,2.0,1.87,1.4,-1.4,48.1,,,,,
CH,2026-09-09,88.6,0.52,5.74,"Peralta, Wandy",696285,593974,,ball,,,,,14.0,,R,R,L,SD,WSH,B,,,0,2,2026,1.09,0.13,0.8503754101434159,1.2520531597386877,,,,2,7,Top,,,,,,,-1.511989064149268,-128.97673787842916,-4.863976883814991,12.516990903609422,27.68157696431351,-29.90167976676913,3.187532808,1.608661417,,,,87.6,2101,5.7,823251,669134,664034,665487,592518,593428,669392,701538,687749,54.8,,,,,,,,58,3,Changeup,7,2,2,7,2,7,2,7,Standard,Standard,118,0.0,0.028,,,,,-0.028,,5,-5,0.984,0.016,34,26,35,27,1,2,4,1,4.0,2.0,2.78,1.09,-1.09,34.5,,,,,
CH,2026-09-09,90.0,0.34,5.82,"Peralta, Wandy",696285,593974,,foul,,,,,14.0,,R,R,L,SD,WSH,S,,,1,2,2026,1.41,0.15,0.8346104468799678,1.6657639692351052,,,,2,7,Top,,,,,,,-1.8101518801937977,-131.04696674702754,-4.322484286512191,16.535862765496304,30.547747770983293,-29.696067951435108,3.187532808,1.608661417,2.0,77.2,-39.0,88.8,2063,5.7,823251,669134,664034,665487,592518,593428,669392,701538,687749,54.78,,,,,,,,58,4,Changeup,7,2,2,7,2,7,2,7,Standard,Standard,118,0.0,0.0,74.1,7.7,,,0.0,88.0,5,-5,0.984,0.016,34,26,35,27,1,2,4,1,4.0,2.0,2.69,1.41,-1.41,38.0,4.864618575402008,-10.432787506263804,31.090673377945564,45.560599289746705,33.14147729591662
CH,2026-09-09,87.9,0.54,5.83,"Peralta, Wandy",696285,593974,,ball,,,,,14.0,,R,R,L,SD,WSH,B,,,1,2,2026,0.94,0.25,1.104445264367959,1.4075503233361322,,,,2,7,Top,,,,,,,-0.6251927595853732,-128.0042767380109,-4.86531362696741,10.462240757312602,26.247759642557796,-28.663572413783164,3.187532808,1.608661417,,,,87.2,1871,5.8,823251,669134,664034,665487,592518,593428,669392,701538,687749,54.71,,,,,,,,58,5,Changeup,7,2,2,7,2,7,2,7,Standard,Standard,118,-0.001,0.041,,,,,-0.041,,5,-5,0.984,0.016,34,26,35,27,1,2,4,1,4.0,2.0,2.7,0.94,-0.94,40.5,,,,,
SI,2026-09-09,95.7,-0.13,6.23,"Peralta, Wandy",696285,593974,field_out,hit_into_play,,,,,4.0,"Jacob Young grounds out, third baseman Manny Machado to first baseman Ty France.",R,R,L,SD,WSH,X,5.0,ground_ball,2,2,2026,1.21,0.67,-0.4193938710879312,2.398996760828919,,,,2,7,Top,96.36,161.57,,,,,-3.4732775891119654,-139.35590098444777,-5.769623963948431,16.589241145808742,31.21315835453436,-22.28739780394547,3.187532808,1.608661417,11.0,94.2,-13.0,94.5,2123,5.6,823251,669134,664034,665487,592518,593428,669392,701538,687749,54.94,0.179,0.161,0.0,1.0,0.0,0.0,2.0,58,6,Sinker,7,2,2,7,2,7,2,7,Standard,Standard,130,0.003,-0.223,68.1,6.5,,0.19,0.223,94.2,5,-5,0.983,0.017,34,26,35,27,1,2,4,1,4.0,2.0,1.81,1.21,-1.21,41.9,12.97438718463746,-10.772836027167452,25.336091891271593,30.58843574167787,29.28084664252723
SI,2026-09-09,95.2,0.45,6.15,"Peralta, Wandy",695578,593974,,called_strike,,,,,3.0,,R,L,L,SD,WSH,S,,,0,0,2026,1.18,0.51,0.4230745756186691,3.5118174811534306,,,,0,8,Top,,,,,,,-2.7147882342699265,-138.66396092602915,-2.2490811298595075,15.790598508397668,31.47870803884816,-25.24627956153289,3.488558071,1.760580709,,,,93.8,1815,5.4,823251,669134,664034,665487,592518,593428,669392,701538,687749,55.06,,,,,,,,64,1,Sinker,8,2,2,8,2,8,2,8,Infield shade,Standard,125,0.0,-0.041,,,,,0.041,,6,-6,0.992,0.008,34,23,35,24,1,3,4,1,4.0,2.0,2.0,1.18,1.18,42.2,,,,,
SL,2026-09-09,87.5,0.79,5.73,"Peralta, Wandy",695578,593974,,ball,,,,,13.0,,R,L,L,SD,WSH,B,,,0,1,2026,0.0,0.11,-0.1940518130577696,0.6583358799996017,,,,0,8,Top,,,,,,,-2.328272806756458,-127.31153461574549,-6.030248572018607,0.5138691768204682,25.909792359141008,-30.003935071416674,3.488558071,1.760580709,,,,87.0,1863,6.0,823251,669134,664034,665487,592518,593428,669392,701538,687749,54.53,,,,,,,,64,2,Slider,8,2,2,8,2,8,2,8,Infield shade,Standard,108,0.0,0.029,,,,,-0.029,,6,-6,0.992,0.008,34,23,35,24,1,3,4,1,4.0,2.0,2.87,0.0,0.0,39.8,,,,,
SI,2026-09-09,95.1,0.27,6.13,"Peralta, Wandy",695578,593974,,ball,,,,,12.0,,R,L,L,SD,WSH,B,,,1,1,2026,1.21,0.4,1.5068062985327826,3.31653109683296,,,,0,8,Top,,,,,,,0.431204874820718,-138.4461442302508,-2.380214675451936,15.392215875594331,32.93219506654268,-26.76255822057485,3.488558071,1.760580709,,,,93.7,1827,5.6,823251,669134,664034,665487,592518,593428,669392,701538,687749,54.9,,,,,,,,64,3,Sinker,8,2,2,8,2,8,2,8,Infield shade,Standard,124,-0.001,0.063,,,,,-0.063,,6,-6,0.992,0.008,34,23,35,24,1,3,4,1,4.0,2.0,2.14,1.21,1.21,45.7,,,,,
SI,2026-09-09,95.3,0.2,6.28,"Peralta, Wandy",695578,593974,,foul,,,,,14.0,,R,L,L,SD,WSH,S,,,2,1,2026,1.21,0.41,0.8717465651215003,2.039593078408832,,,,0,8,Top,,,,,,,-0.9955369867629448,-138.77053465691085,-6.121414242276774,15.787321038240014,31.87439911281744,-25.65872092412968,3.488558071,1.760580709,5.0,82.5,-25.0,94.1,1795,5.6,823251,669134,664034,665487,592518,593428,669392,701538,687749,54.88,,,,,,,,64,4,Sinker,8,2,2,8,2,8,2,8,Infield shade,Standard,129,0.001,-0.078,78.1,7.6,,,0.078,88.0,6,-6,0.991,0.009,34,23,35,24,1,3,4,1,4.0,2.0,2.1,1.21,1.21,45.6,15.678525874740515,-9.613935911445992,41.81451328614447,28.20485357063284,37.217042959630675
CH,2026-09-09,89.2,0.49,5.76,"Peralta, Wandy",695578,593974,,ball,,,,,14.0,,R,L,L,SD,WSH,B,,,2,2,2026,1.25,0.18,1.2932952419299228,1.7929337931812697,,,,0,8,Top,,,,,,,-0.7242177222854739,-129.9460365904427,-3.893966503546896,14.339299113493055,26.523689381749808,-29.52568965584568,3.488558071,1.760580709,,,,88.6,1947,5.8,823251,669134,664034,665487,592518,593428,669392,701538,687749,54.7,,,,,,,,64,5,Changeup,8,2,2,8,2,8,2,8,Infield shade,Standard,119,-0.001,0.113,,,,,-0.113,,6,-6,0.992,0.008,34,23,35,24,1,3,4,1,4.0,2.0,2.67,1.25,1.25,38.3,,,,,
SI,2026-09-09,95.8,0.05,6.26,"Peralta, Wandy",695578,593974,single,hit_into_play,,,,,9.0,James Wood singles on a ground ball to right fielder Jase Bowen.,R,L,L,SD,WSH,X,9.0,ground_ball,3,2,2026,1.29,0.75,0.4202126423477387,1.989990806582588,,,,0,8,Top,176.0,101.0,,,,,-1.954394908749282,-139.4169487198701,-7.064819677195845,17.223914096238524,30.92565250742304,-20.96959598888189,3.488558071,1.760580709,11.0,105.6,-10.0,94.6,2044,5.5,823251,669134,664034,665487,592518,593428,669392,701538,687749,54.97,0.338,0.304,0.9,1.0,1.0,0.0,2.0,64,6,Sinker,8,2,2,8,2,8,2,8,Infield shade,Standard,130,-0.007,0.358,78.3,7.6,,0.351,-0.358,105.6,6,-6,0.991,0.009,34,23,35,24,1,3,4,1,4.0,2.0,1.73,1.29,1.29,46.3,7.594454957177931,2.3816320063462157,41.965322834840315,33.279315499471004,33.93204573005766
CH,2026-09-09,90.5,0.39,5.85,"Peralta, Wandy",686611,593974,field_out,hit_into_play,,,,,2.0,Dylan Crews lines out to right fielder Jase Bowen.,R,R,L,SD,WSH,X,9.0,line_drive,0,0,2026,1.29,0.24,0.1940034757563382,2.9012774820533536,,,695578.0,0,8,Top,201.38,105.51,,,,,-3.252825670451061,-131.69433421192645,-1.7017023087058711,15.669304813247177,29.47809661245489,-29.214573413982105,3.165592192,1.597588583,297.0,99.4,18.0,89.7,2078,5.9,823251,669134,664034,665487,592518,593428,669392,701538,687749,54.61,0.354,0.393,0.0,1.0,0.0,0.0,4.0,65,1,Changeup,8,2,2,8,2,8,2,8,Standard,Standard,113,0.008,-0.246,71.1,6.5,,0.579,0.246,99.4,6,-6,0.984,0.016,34,24,35,24,1,3,4,1,4.0,2.0,2.55,1.29,-1.29,37.3,-2.4904753816202376,22.340978951718277,21.70377020529846,39.97806221132392,17.80592774078183
CH,2026-09-09,89.5,0.48,5.82,"Peralta, Wandy",665953,593974,,foul,,,,,14.0,,R,R,L,SD,WSH,S,,,0,0,2026,1.41,0.36,0.2063315939733705,1.3448596569742983,,,695578.0,1,8,Top,,,,,,,-3.6439157602328622,-130.25703889252384,-5.511071589935116,16.783257164463727,28.56285399812456,-27.03594792829528,3.205085302,1.617519685,1.0,57.3,-69.0,88.5,2064,5.7,823251,669134,664034,665487,592518,593428,669392,701538,687749,54.78,,,,,,,,66,1,Changeup,8,2,2,8,2,8,2,8,Standard,Standard,121,0.001,-0.037,72.7,7.8,,,0.037,88.0,6,-6,0.992,0.008,34,27,35,27,1,3,4,1,4.0,2.0,2.49,1.41,-1.41,37.9,19.700003415985577,-9.23364955712158,37.15140048565793,37.34791663476401,36.60684014800745
CH,2026-09-09,88.6,0.35,5.85,"Peralta, Wandy",665953,593974,,swinging_strike,,,,,14.0,,R,R,L,SD,WSH,S,,,0,1,2026,1.33,0.05,1.2207411776284034,2.3382457107471595,,,695578.0,1,8,Top,,,,,,,-0.7057610805969483,-129.10723978062103,-2.389683500639869,14.989910373603712,27.738977087865056,-31.281402863023107,3.205085302,1.617519685,,,,87.8,2025,5.8,823251,669134,664034,665487,592518,593428,669392,701538,687749,54.75,,,,,,,,66,2,Changeup,8,2,2,8,2,8,2,8,Standard,Standard,121,0.001,-0.058,71.3,7.6,3.092689668,,0.058,,6,-6,0.993,0.007,34,27,35,27,1,3,4,1,4.0,2.0,2.85,1.33,-1.33,39.3,16.852055347319784,-17.815353128291562,20.782984933524684,48.6979839577108,40.37033986863312
CH,2026-09-09,89.1,0.31,5.7,"Peralta, Wandy",665953,593974,strikeout,swinging_strike,,,,,14.0,Andrés Chaparro strikes out swinging.,R,R,L,SD,WSH,S,2.0,,0,2,2026,1.38,0.2,0.5106934111468511,1.2395940622255108,,,695578.0,1,8,Top,,,,,,,-2.4388915624906593,-129.7479620557803,-5.10530179644707,16.094403018799078,27.15217999556066,-29.022703465632496,3.205085302,1.617519685,,,,88.7,2123,6.0,823251,669134,664034,665487,592518,593428,669392,701538,687749,54.53,,0.0,0.0,1.0,0.0,0.0,,66,3,Changeup,8,2,2,8,2,8,2,8,Standard,Standard,120,0.002,-0.161,82.1,8.5,3.771395856,,0.161,,6,-6,0.994,0.006,34,27,35,27,1,3,4,1,4.0,2.0,2.66,1.38,-1.38,35.7,35.53627752663637,-23.019317677263295,34.29182430889629,39.05733581156606,50.73014859291974
SI,2026-09-09,95.9,-0.02,6.22,"Peralta, Wandy",682928,593974,,foul,,,,,3.0,,R,L,L,SD,WSH,S,,,0,0,2026,1.39,0.62,0.6709295622889355,3.265038212536802,,,695578.0,2,8,Top,,,,,,,-1.3731444741418743,-139.64958897899018,-3.3889221264416483,18.505001908651135,32.279767438377476,-23.552096535576144,3.222637795,1.626377953,249.0,74.6,38.0,94.5,2080,5.5,823251,669134,664034,665487,592518,593428,669392,701538,687749,55.0,,,,,,,,67,1,Sinker,8,2,2,8,2,8,2,8,Infield shade,Standard,130,0.0,-0.041,72.0,6.8,,,0.041,88.0,6,-6,0.996,0.004,34,25,35,26,1,3,4,1,4.0,2.0,1.86,1.39,1.39,43.5,13.582825356044603,2.1054398241411434,28.930726204559512,31.897113124572407,29.27117284626182
CH,2026-09-09,88.8,0.28,5.74,"Peralta, Wandy",682928,593974,,swinging_strike,,,,,14.0,,R,L,L,SD,WSH,S,,,0,1,2026,1.15,0.12,0.8484665486624186,1.8823302135755056,,,695578.0,2,8,Top,,,,,,,-1.0693207959748836,-129.36262753672654,-3.3932741490924014,13.148692540309264,28.00060429376999,-30.27060050096704,3.222637795,1.626377953,,,,87.9,2109,5.8,823251,669134,664034,665487,592518,593428,669392,701538,687749,54.75,,,,,,,,67,2,Changeup,8,2,2,8,2,8,2,8,Infield shade,Standard,119,0.001,-0.061,74.5,8.2,2.273426016,,0.061,,6,-6,0.996,0.004,34,25,35,26,1,3,4,1,4.0,2.0,2.77,1.15,1.15,39.3,28.3287359542449,-35.239011385445735,31.7969466379945,28.76049391991541,49.49550689180105
CH,2026-09-09,90.0,0.37,5.79,"Peralta, Wandy",682928,593974,,ball,,,,,14.0,,R,L,L,SD,WSH,B,,,0,2,2026,1.29,0.14,1.6958054248003844,1.0117993333000652,,,695578.0,2,8,Top,,,,,,,0.4525157458611658,-130.8904513913353,-5.818521896464998,14.647455275389008,30.607559642326624,-29.47756811817734,3.222637795,1.626377953,,,,89.0,2152,6.0,823251,669134,664034,665487,592518,593428,669392,701538,687749,54.55,,,,,,,,67,3,Changeup,8,2,2,8,2,8,2,8,Infield shade,Standard,125,0.0,0.021,,,,,-0.021,,6,-6,0.997,0.003,34,25,35,26,1,3,4,1,4.0,2.0,2.7,1.29,1.29,35.5,,,,,
CH,2026-09-09,89.6,0.35,5.68,"Peralta, Wandy",682928,593974,strikeout,swinging_strike,,,,,14.0,CJ Abrams strikes out swinging.,R,L,L,SD,WSH,S,2.0,,1,2,2026,1.32,0.05,0.7615332630361682,1.206238037129046,,,695578.0,2,8,Top,,,,,,,-1.828417822868245,-130.31909018059434,-4.820484489119433,15.380086571463783,30.00012623479861,-30.700248863303266,3.222637795,1.626377953,,,,88.4,2186,5.8,823251,669134,664034,665487,592518,593428,669392,701538,687749,54.73,,0.0,0.0,1.0,0.0,0.0,,67,4,Changeup,8,2,2,8,2,8,2,8,Infield shade,Standard,121,0.001,-0.194,73.9,8.3,3.069700152,,0.194,,6,-6,0.997,0.003,34,25,35,26,1,3,4,1,4.0,2.0,2.81,1.32,1.32,34.4,27.61364504016162,-30.55061287465693,36.23136698885611,29.73357626063003,51.30819870226931
CH,2026-09-13,87.8,0.52,5.84,"Peralta, Wandy",678545,593974,,swinging_strike,,,,,13.0,,R,R,L,SF,SD,S,,,0,0,2026,1.62,0.3,-0.0770628652767961,1.028571382190016,,701852.0,683766.0,2,6,Bot,,,,,,,-4.824241895779507,-127.60289411563274,-5.83652078240789,18.640433405545547,27.517109982949915,-27.88777105572258,3.18402231,1.606889764,,,,87.4,2089,6.2,823171,666023,630105,665487,592518,593428,669392,701538,687957,54.27,,,,,,,,55,1,Changeup,4,6,4,6,6,4,4,6,Standard,Standard,115,-0.01,-0.032,75.8,8.6,7.388511852,,0.032,,-2,-2,0.254,0.254,34,25,35,26,1,0,4,2,2.0,2.0,2.68,1.62,-1.62,39.0,20.21077224828141,-38.90390746812068,32.03486626206606,36.36661850283248,45.625402368467704
CH,2026-09-13,88.4,0.51,5.82,"Peralta, Wandy",678545,593974,,blocked_ball,,,,,14.0,,R,R,L,SF,SD,B,,,0,1,2026,1.55,0.32,0.4991570718992781,0.1596361150567333,,701852.0,683766.0,2,6,Bot,,,,,,,-3.258458559458173,-128.43608360461445,-7.9445232587936365,17.746293133737925,29.02470627567937,-27.11051640202237,3.18402231,1.606889764,,,,87.2,2220,5.8,823171,666023,630105,665487,592518,593428,669392,701538,687957,54.69,,,,,,,,55,2,Changeup,4,6,4,6,6,4,4,6,Standard,Standard,130,0.007,0.017,,,,,-0.017,,-2,-2,0.244,0.244,34,25,35,26,1,0,4,2,2.0,2.0,2.63,1.55,-1.55,36.1,,,,,
FF,2026-09-13,96.4,0.12,6.3,"Peralta, Wandy",678545,593974,,ball,,,,,12.0,,R,R,L,SF,SD,B,,,1,1,2026,0.88,0.91,0.440267039178583,4.486565755914485,,701852.0,683766.0,2,6,Bot,,,,,,,-1.1756940826010325,-140.55012080127378,-1.2597173593169355,11.986506306090542,28.906434268895996,-19.89971722940014,3.18402231,1.606889764,,,,95.4,2104,5.4,823171,666023,630105,665487,592518,593428,669392,701538,687957,55.11,,,,,,,,55,3,4-Seam Fastball,4,6,4,6,6,4,4,6,Standard,Standard,139,0.008,0.038,,,,,-0.038,,-2,-2,0.251,0.251,34,25,35,26,1,0,4,2,2.0,2.0,1.51,0.88,-0.88,44.0,,,,,
SI,2026-09-13,96.2,0.18,6.23,"Peralta, Wandy",678545,593974,,foul,,,,,13.0,,R,R,L,SF,SD,S,,,2,1,2026,1.25,0.54,-0.2796458790026368,1.388074718849814,,701852.0,683766.0,2,6,Bot,,,,,,,-4.041055628250228,-139.97012771282897,-8.227584041572609,17.379135073813462,27.641213493378693,-23.5647437622861,3.18402231,1.606889764,2.0,85.4,-37.0,95.7,1954,5.7,823171,666023,630105,665487,592518,593428,669392,701538,687957,54.75,,,,,,,,55,4,Sinker,4,6,4,6,6,4,4,6,Standard,Standard,130,-0.015,-0.074,77.3,7.7,,,0.074,88.0,-2,-2,0.259,0.259,34,25,35,26,1,0,4,2,2.0,2.0,1.9,1.25,-1.25,44.7,9.17768167306675,-10.045211129121787,28.567993395025603,34.419780246293755,30.72313994885726
CH,2026-09-13,89.4,0.43,5.9,"Peralta, Wandy",678545,593974,fielders_choice_out,hit_into_play,,,,,14.0,"Osleivis Basabe reaches on a fielder's choice out, shortstop Xander Bogaerts to second baseman Fernando Tatis Jr. to catcher Freddy Fermin to third baseman Manny Machado to first baseman Jake Cronenworth. Drew Cavanaugh out at home. Christian Koss to 2nd.",R,R,L,SF,SD,X,6.0,ground_ball,2,2,2026,1.28,0.26,1.2372249112276692,2.181299821307374,,701852.0,683766.0,2,6,Bot,109.91,175.34,,,,,-0.7613969924155094,-130.32271437493984,-3.5239697639208023,14.745759921684858,26.20871901851652,-28.688517154601424,3.18402231,1.606889764,7.0,86.8,-17.0,88.8,2006,5.7,823171,666023,630105,665487,592518,593428,669392,701538,687957,54.76,0.098,0.094,0.0,1.0,0.0,0.0,2.0,55,5,Changeup,4,6,4,6,6,4,4,6,Standard,Standard,124,-0.059,-0.233,65.5,8.0,,0.108,0.233,88.0,-2,-2,0.244,0.244,34,25,35,26,1,0,4,2,2.0,2.0,2.57,1.28,-1.28,38.1,12.238342095769356,1.6911570842024082,15.236850991387085,52.6039839949062,24.686827809503775
SL,2026-09-13,87.8,0.66,6.03,"Peralta, Wandy",808982,593974,,ball,,,,,13.0,,R,L,L,SF,SD,B,,,0,0,2026,0.14,0.23,-0.3551378879257114,0.8437685169522235,,,,0,7,Bot,,,,,,,-2.6927314631080965,-127.85098292133767,-6.690568258086583,2.0099384489566265,23.938076837759816,-28.51579094331511,3.22351542,1.626820866,,,,87.8,2134,6.1,823171,666023,630105,665487,592518,593428,669392,701538,687957,54.43,,,,,,,,59,1,Slider,4,6,4,6,6,4,4,6,Standard,Standard,147,0.007,0.042,,,,,-0.042,,-2,-2,0.221,0.221,34,27,35,28,1,3,4,1,2.0,1.0,2.7,0.14,0.14,40.4,,,,,
SL,2026-09-13,88.5,0.52,5.97,"Peralta, Wandy",808982,593974,field_out,hit_into_play,,,,,7.0,"Jung Hoo Lee grounds out, second baseman Fernando Tatis Jr. to first baseman Jake Cronenworth.",R,L,L,SF,SD,X,4.0,ground_ball,1,0,2026,0.22,0.4,-0.7231161541959628,1.5968852562121114,,,,0,7,Bot,150.41,152.05,,,,,-3.446612353786984,-128.8959304946464,-5.206775744683497,3.2002255088206537,25.937020061005324,-26.87404595015493,3.22351542,1.626820866,70.0,72.9,5.0,88.2,2176,6.0,823171,666023,630105,665487,592518,593428,669392,701538,687957,54.53,0.228,0.219,0.0,1.0,0.0,0.0,2.0,59,2,Slider,4,6,4,6,6,4,4,6,Standard,Standard,139,-0.047,-0.302,66.2,7.9,,0.257,0.302,88.0,-2,-2,0.228,0.228,34,27,35,28,1,3,4,1,2.0,1.0,2.5,0.22,0.22,38.5,2.860260635802187,-4.208433163380645,41.96058813480256,37.718969221439366,33.79288110908782
SI,2026-09-13,95.0,0.32,6.32,"Peralta, Wandy",805811,593974,,ball,,,,,11.0,,R,L,L,SF,SD,B,,,0,0,2026,1.54,0.66,-1.176753761991354,2.7512886620728394,,,,1,7,Bot,,,,,,,-7.316947514008329,-138.07346325643908,-4.920591549434868,21.39289051144295,31.38599679892413,-22.776281506720895,3.541215551,1.787155512,,,,94.0,2014,5.8,823171,666023,630105,665487,592518,593428,669392,701538,687957,54.67,,,,,,,,60,1,Sinker,4,6,4,6,6,4,4,6,Infield shade,Standard,127,0.005,0.041,,,,,-0.041,,-2,-2,0.181,0.181,34,21,35,22,1,3,4,1,2.0,1.0,1.87,1.54,1.54,42.7,,,,,
SI,2026-09-13,94.7,0.09,6.31,"Peralta, Wandy",805811,593974,,foul,,,,,9.0,,R,L,L,SF,SD,S,,,1,0,2026,1.38,0.89,0.480317386804127,2.159006636312726,,,,1,7,Bot,,,,,,,-2.1130781113412596,-137.88711459254012,-6.904464822552493,18.103823881397613,29.860361746787845,-19.54374596467981,3.541215551,1.787155512,17.0,88.1,-6.0,94.1,2074,5.8,823171,666023,630105,665487,592518,593428,669392,701538,687957,54.66,,,,,,,,60,2,Sinker,4,6,4,6,6,4,4,6,Infield shade,Standard,133,-0.006,-0.05,74.4,7.7,,,0.05,88.1,-2,-2,0.186,0.186,34,21,35,22,1,3,4,1,2.0,1.0,1.65,1.38,1.38,43.9,15.891738612112748,-13.948876729058568,44.23742512715093,33.99878651286058,32.73423273922796
SI,2026-09-13,95.7,0.3,6.26,"Peralta, Wandy",805811,593974,,foul,,,,,8.0,,R,L,L,SF,SD,S,,,1,1,2026,1.18,0.81,-0.1569453550779789,1.8081169721923032,,,,1,7,Bot,,,,,,,-3.8722189836595486,-139.29195050270295,-7.699296211094468,16.27422043752643,29.946567090799668,-20.10322318009677,3.541215551,1.787155512,3.0,71.6,-29.0,95.1,2041,5.8,823171,666023,630105,665487,592518,593428,669392,701538,687957,54.65,,,,,,,,60,3,Sinker,4,6,4,6,6,4,4,6,Infield shade,Standard,134,-0.007,-0.07,75.4,7.9,,,0.07,88.0,-2,-2,0.18,0.18,34,21,35,22,1,3,4,1,2.0,1.0,1.67,1.18,1.18,43.7,15.51164727072858,-4.586950686541206,42.118934434644906,39.984119585626175,28.977984103058425
CH,2026-09-13,88.5,0.33,5.86,"Peralta, Wandy",805811,593974,field_out,hit_into_play,,,,,6.0,"Bryce Eldridge grounds out, second baseman Fernando Tatis Jr. to first baseman Jake Cronenworth.",R,L,L,SF,SD,X,4.0,ground_ball,1,2,2026,1.23,0.2,0.6334225071665964,2.4813053558634004,,,,1,7,Bot,153.95,149.52,,,,,-1.8752831998055517,-128.86676440986707,-2.345451497223246,14.104797052815387,28.234742584593796,-29.698990341955877,3.541215551,1.787155512,81.0,103.3,3.0,87.5,2078,5.8,823171,666023,630105,665487,592518,593428,669392,701538,687957,54.74,0.551,0.534,0.0,1.0,0.0,0.0,4.0,60,4,Changeup,4,6,4,6,6,4,4,6,Infield shade,Standard,125,-0.019,-0.182,,,,0.673,0.182,103.3,-2,-2,0.173,0.173,34,21,35,22,1,3,4,1,2.0,1.0,2.72,1.23,1.23,37.9,,,,,
SI,2026-09-13,95.0,0.31,6.32,"Peralta, Wandy",813841,593974,,foul,,,,,6.0,,R,R,L,SF,SD,S,,,0,0,2026,1.24,0.69,0.6656383186052401,2.7124855634388467,,,,2,7,Bot,,,,,,,-1.8926748783265477,-138.2934140053055,-5.127002292340845,16.33176403432662,30.39269760256892,-22.37596907846673,3.29109252,1.660925197,210.0,76.9,22.0,94.2,1917,5.8,823171,666023,630105,665487,592518,593428,669392,701538,687957,54.71,,,,,,,,61,1,Sinker,4,6,4,6,6,4,4,6,Standard,Strategic,129,-0.002,-0.045,68.9,6.8,,,0.045,88.0,-2,-2,0.154,0.154,34,24,35,25,1,3,4,1,2.0,1.0,1.83,1.24,-1.24,45.5,6.7202474204602405,17.24941538460516,31.437951419786337,41.29206060832944,19.941863969477172
CH,2026-09-13,89.7,0.32,5.92,"Peralta, Wandy",813841,593974,,foul,,,,,8.0,,R,R,L,SF,SD,S,,,0,1,2026,1.24,0.25,0.2642683967102617,2.07137612904792,,,,2,7,Bot,,,,,,,-2.763229193325362,-130.6647104476239,-3.838082237879809,14.788654935990548,26.398277748227073,-28.77060934902363,3.29109252,1.660925197,5.0,72.0,-25.0,88.9,2057,5.7,823171,666023,630105,665487,592518,593428,669392,701538,687957,54.83,,,,,,,,61,2,Changeup,4,6,4,6,6,4,4,6,Standard,Strategic,123,-0.004,-0.062,73.3,7.5,,,0.062,88.0,-2,-2,0.152,0.152,34,24,35,25,1,3,4,1,2.0,1.0,2.57,1.24,-1.24,41.2,22.70841868149276,-14.336352063374026,34.471814019783636,33.07213571640865,39.003107346595165
CH,2026-09-13,88.2,0.32,5.78,"Peralta, Wandy",813841,593974,,ball,,,,,14.0,,R,R,L,SF,SD,B,,,0,2,2026,1.22,0.31,0.3562084852061065,0.7777775511483997,,,,2,7,Bot,,,,,,,-2.4738059858083243,-128.38139855134315,-6.473123571574013,14.011486756843926,24.18692004532293,-27.72269453332443,3.29109252,1.660925197,,,,88.1,2056,6.0,823171,666023,630105,665487,592518,593428,669392,701538,687957,54.5,,,,,,,,61,3,Changeup,4,6,4,6,6,4,4,6,Standard,Strategic,120,0.001,0.028,,,,,-0.028,,-2,-2,0.148,0.148,34,24,35,25,1,3,4,1,2.0,1.0,2.6,1.22,-1.22,38.8,,,,,
CH,2026-09-13,89.5,0.26,5.92,"Peralta, Wandy",813841,593974,strikeout,swinging_strike,,,,,8.0,Jonah Cox strikes out swinging.,R,R,L,SF,SD,S,2.0,,1,2,2026,1.1,0.43,0.0186571431347724,2.022618858447949,,,,2,7,Bot,,,,,,,-2.9406017504572795,-130.40375874330937,-4.354525471822981,13.247351491118634,25.64825704106081,-26.5866592999572,3.29109252,1.660925197,,,,89.3,2037,6.0,823171,666023,630105,665487,592518,593428,669392,701538,687957,54.53,,0.0,0.0,1.0,0.0,0.0,,61,4,Changeup,4,6,4,6,6,4,4,6,Standard,Strategic,121,-0.011,-0.183,74.9,7.1,0.688773036,,0.183,,-2,-2,0.149,0.149,34,24,35,25,1,3,4,1,2.0,1.0,2.39,1.1,-1.1,39.7,20.042624834638083,-16.35696385904408,36.38375012420707,31.429093823849616,37.714388715176355
SI,2026-09-15,95.7,0.62,6.03,"Peralta, Wandy",681198,593974,hit_by_pitch,hit_by_pitch,,,,,12.0,TJ Rumfield hit by pitch.,R,L,L,COL,SD,B,,,0,0,2026,1.04,0.62,1.5120810135573466,3.8031482620725674,,694249.0,,2,5,Bot,,,,,,,-0.0392598040726081,-139.54683230700343,-1.5859476237521013,13.715910584393376,27.36534946049518,-23.90972027535941,3.422736221,1.727362205,,,,94.8,1944,5.4,824307,669134,664034,630105,592518,593428,669392,701538,665487,55.11,,0.729366,0.7,1.0,0.0,0.0,,47,1,Sinker,2,3,2,3,3,2,2,3,Strategic,Standard,128,0.016,0.126,,,,,-0.126,,-1,-1,0.391,0.391,34,26,35,26,1,2,2,1,3.0,2.0,1.84,1.04,1.04,42.3,,,,,
CH,2026-09-15,88.4,0.54,5.82,"Peralta, Wandy",691720,593974,,ball,,,,,13.0,,R,R,L,COL,SD,B,,,0,0,2026,1.19,0.27,-0.0950989641528952,1.052710647631535,,694249.0,681198.0,2,5,Bot,,,,,,,-3.975829467020096,-128.80603307516012,-5.879004361041725,14.1444265588538,23.130067868840587,-28.198517610624325,3.431512467,1.731791339,,,,87.6,2077,5.4,824307,669134,664034,630105,592518,593428,669392,701538,665487,55.08,,,,,,,,48,1,Changeup,2,3,2,3,3,2,2,3,Standard,Standard,120,0.005,0.029,,,,,-0.029,,-1,-1,0.407,0.407,34,23,35,24,1,2,2,1,3.0,1.0,2.6,1.19,-1.19,38.9,,,,,
CH,2026-09-15,89.9,0.46,5.75,"Peralta, Wandy",691720,593974,,swinging_strike,,,,,9.0,,R,R,L,COL,SD,S,,,1,0,2026,1.11,0.29,0.5533136173332266,1.657739131334961,,694249.0,681198.0,2,5,Bot,,,,,,,-2.136764011140653,-131.0337747947371,-4.629747234066359,13.367472212696551,22.046258692830417,-28.210569169786805,3.431512467,1.731791339,,,,89.5,2071,5.5,824307,669134,664034,630105,592518,593428,669392,701538,665487,55.01,,,,,,,,48,2,Changeup,2,3,2,3,3,2,2,3,Standard,Standard,122,-0.008,-0.044,69.3,8.0,2.769176064,,0.044,,-1,-1,0.412,0.412,34,23,35,24,1,2,2,1,3.0,1.0,2.48,1.11,-1.11,34.0,23.119693764106064,-23.875292918866094,42.351697770505496,40.51169632869408,40.00039052752418
CH,2026-09-15,89.0,0.34,5.69,"Peralta, Wandy",691720,593974,,ball,,,,,14.0,,R,R,L,COL,SD,B,,,1,1,2026,1.12,0.43,0.4724788224086773,0.9264405055495456,,694249.0,681198.0,2,5,Bot,,,,,,,-2.0152562277479396,-129.76274617070567,-6.376912334110674,13.178602729310322,21.68287926338711,-26.38012659508542,3.431512467,1.731791339,,,,88.6,2205,5.5,824307,669134,664034,630105,592518,593428,669392,701538,665487,55.04,,,,,,,,48,3,Changeup,2,3,2,3,3,2,2,3,Standard,Standard,123,0.008,0.038,,,,,-0.038,,-1,-1,0.404,0.404,34,23,35,24,1,2,2,1,3.0,1.0,2.39,1.12,-1.12,34.8,,,,,
CH,2026-09-15,88.6,0.43,5.72,"Peralta, Wandy",691720,593974,,ball,,,,,13.0,,R,R,L,COL,SD,B,,,2,1,2026,1.18,0.4,-0.7167623874666564,1.3385065210267817,,694249.0,681198.0,2,5,Bot,,,,,,,-5.199336041499515,-129.07657746844816,-5.298931014343154,14.28677869591858,22.04999106407977,-26.939226798039048,3.431512467,1.731791339,,,,88.1,2154,5.5,824307,669134,664034,630105,592518,593428,669392,701538,665487,54.97,,,,,,,,48,4,Changeup,2,3,2,3,3,2,2,3,Standard,Standard,122,0.013,0.051,,,,,-0.051,,-1,-1,0.412,0.412,34,23,35,24,1,2,2,1,3.0,1.0,2.46,1.18,-1.18,41.1,,,,,
CH,2026-09-15,89.3,0.45,5.74,"Peralta, Wandy",691720,593974,,swinging_strike,,,,,14.0,,R,R,L,COL,SD,S,,,3,1,2026,1.11,0.36,0.2613174160502365,1.4246022239082765,,694249.0,681198.0,2,5,Bot,,,,,,,-2.7893441736126983,-130.13766847968634,-5.178788341685863,13.23953526659996,22.783830295121028,-27.33901587364191,3.431512467,1.731791339,,,,88.7,2175,5.5,824307,669134,664034,630105,592518,593428,669392,701538,665487,55.01,,,,,,,,48,5,Changeup,2,3,2,3,3,2,2,3,Standard,Standard,123,-0.011,-0.07,72.2,8.3,4.84818378,,0.07,,-1,-1,0.425,0.425,34,23,35,24,1,2,2,1,3.0,1.0,2.46,1.11,-1.11,37.5,30.34650219681894,-31.640690403799425,46.49559503650395,36.90610254511719,43.29773954206004
CH,2026-09-15,89.3,0.41,5.73,"Peralta, Wandy",691720,593974,field_out,hit_into_play,,,,,9.0,Kyle Karros lines out to shortstop Xander Bogaerts.,R,R,L,COL,SD,X,6.0,line_drive,3,2,2026,1.25,0.32,0.415233133691965,1.931399009246442,,694249.0,681198.0,2,5,Bot,100.64,141.05,,,,,-2.622192068383334,-130.18751669147298,-3.8445620535327008,14.786515718983653,24.4640601112886,-27.926549245146862,3.431512467,1.731791339,162.0,98.6,9.0,88.7,2121,5.6,824307,669134,664034,630105,592518,593428,669392,701538,665487,54.93,0.617,0.564,0.0,1.0,0.0,0.0,4.0,48,6,Changeup,2,3,2,3,3,2,2,3,Standard,Standard,119,-0.074,-0.289,71.2,7.4,,0.674,0.289,98.6,-1,-1,0.414,0.414,34,23,35,24,1,2,2,1,3.0,1.0,2.5,1.25,-1.25,38.0,11.314919031732757,-8.602852764519962,44.1092324253815,38.554218321441454,26.99188995233677
SI,2026-09-15,95.7,0.36,6.07,"Peralta, Wandy",666160,593974,,called_strike,,,,,3.0,,R,L,L,COL,SD,S,,,0,0,2026,1.08,0.75,0.4074333267642102,2.972028195380801,,,,0,6,Bot,,,,,,,-2.3045204798010017,-139.53062550309767,-4.138996979754419,14.687128077864086,26.0346194627693,-21.69881195428379,3.254232283,1.642322835,,,,95.2,2043,5.5,824307,669134,664034,630105,592518,593428,687957,701538,665487,54.99,,,,,,,,53,1,Sinker,2,3,2,3,3,2,2,3,Strategic,Standard,132,-0.006,-0.041,,,,,0.041,,-1,-1,0.396,0.396,34,28,35,28,1,2,2,1,3.0,2.0,1.7,1.08,1.08,45.7,,,,,
SI,2026-09-15,95.6,0.34,6.06,"Peralta, Wandy",666160,593974,triple,hit_into_play,,,,,12.0,Mickey Moniak triples (5) on a line drive to right fielder Fernando Tatis Jr.,R,L,L,COL,SD,X,9.0,line_drive,0,1,2026,1.1,0.74,0.8381503074952508,3.122873693350427,,,,0,6,Bot,224.0,94.0,,,,,-1.200582444473605,-139.37140991173186,-3.6724805396041775,14.75023194887043,26.794081462446243,-21.88733297760397,3.254232283,1.642322835,228.0,99.9,13.0,94.9,1999,5.4,824307,669134,664034,630105,592518,593428,687957,701538,665487,55.05,0.926,0.889,1.6,1.0,1.0,2.0,4.0,53,2,Sinker,2,3,2,3,3,2,2,3,Strategic,Standard,128,0.158,1.031,73.4,7.3,,1.122,-1.031,99.9,-1,-1,0.39,0.39,34,28,35,28,1,2,2,1,3.0,2.0,1.71,1.1,1.1,44.3,17.758860997367623,-5.976855510416974,28.079101749855376,29.573689243653895,30.34840115096536
CH,2026-09-15,89.3,0.62,5.79,"Peralta, Wandy",687859,593974,,ball,,,,,12.0,,R,L,L,COL,SD,B,,,0,0,2026,0.99,0.3,1.1225707814531265,3.292828914828516,666160.0,,,0,6,Bot,,,,,,,-0.8731522289783699,-130.2500666103346,-0.7075895323591709,11.576749863191056,22.890941615611617,-28.755038393322053,3.159448819,1.594488189,,,,88.8,1983,5.5,824307,669134,664034,630105,592518,593428,687957,701538,665487,55.0,,,,,,,,54,1,Changeup,2,3,2,3,3,2,2,3,Standard,Standard,122,0.006,0.028,,,,,-0.028,,-1,-1,0.548,0.548,34,29,35,29,1,2,2,2,3.0,1.0,2.51,0.99,0.99,37.0,,,,,
SI,2026-09-15,96.0,0.43,6.01,"Peralta, Wandy",687859,593974,,ball,,,,,12.0,,R,L,L,COL,SD,B,,,1,0,2026,1.11,0.62,1.5988785807623316,2.6452957204326237,666160.0,,,0,6,Bot,,,,,,,0.5009883161287587,-139.99833043904113,-4.622177277744767,14.74047682673996,25.26722795445536,-23.17348280663383,3.159448819,1.594488189,,,,95.6,1930,5.5,824307,669134,664034,630105,592518,593428,687957,701538,665487,55.01,,,,,,,,54,2,Sinker,2,3,2,3,3,2,2,3,Standard,Standard,129,0.011,0.075,,,,,-0.075,,-1,-1,0.554,0.554,34,29,35,29,1,2,2,2,3.0,1.0,1.8,1.11,1.11,45.1,,,,,
SI,2026-09-15,96.4,0.36,6.06,"Peralta, Wandy",687859,593974,double,hit_into_play,,,,,5.0,Troy Johnston doubles (30) on a sharp line drive to center fielder Jackson Merrill. Mickey Moniak scores.,R,L,L,COL,SD,X,8.0,line_drive,2,0,2026,1.01,0.63,-0.1439323488490486,2.1783326879275364,666160.0,,,0,6,Bot,72.0,46.0,,,,,-3.5915758163166545,-140.4394815799447,-6.019125748897877,14.222417877789203,25.082750138869176,-22.803737585822457,3.159448819,1.594488189,265.0,106.0,12.0,96.1,2090,5.6,824307,669134,664034,630105,592518,593428,687957,701538,665487,54.93,0.957,0.965,1.25,1.0,1.0,1.0,4.0,54,3,Sinker,2,3,2,3,3,3,3,3,Standard,Standard,128,0.102,0.49,75.1,6.3,,1.282,-0.49,106.0,-1,-1,0.565,0.565,34,29,35,29,1,2,2,2,3.0,1.0,1.78,1.01,1.01,44.6,-0.020527086478065,10.361236419444891,37.5630258119931,34.930774715530816,25.89097752120285
SI,2026-09-15,94.4,0.3,6.15,"Peralta, Wandy",664954,593974,,foul_bunt,,,,,6.0,,R,L,L,COL,SD,S,,,0,0,2026,1.13,0.56,0.4699105672452163,2.1031007007182954,,687859.0,,0,6,Bot,,,,,,,-2.0753341741916413,-137.68864707096236,-5.943222142412952,14.948996095150385,23.80300980110027,-24.03129036270946,3.174368438,1.602017717,,,,94.0,2119,5.5,824307,669134,664034,630105,592518,593428,687957,701538,665487,55.04,,,,,,,,55,1,Sinker,3,3,3,3,3,3,3,3,Strategic,Standard,127,-0.009,-0.035,11.3,1.9,,,0.035,88.0,0,0,0.667,0.667,34,32,35,32,1,2,2,1,3.0,2.0,1.94,1.13,1.13,44.6,25.18348119809694,22.268708339023913,9.042891001280331,41.71444401322495,23.06814221161897
SI,2026-09-15,95.6,0.19,6.14,"Peralta, Wandy",664954,593974,,foul,,,,,8.0,,R,L,L,COL,SD,S,,,0,1,2026,1.01,0.85,-0.1011301850035528,1.9582670367353123,,687859.0,,0,6,Bot,,,,,,,-3.032186147882382,-139.25091831793233,-7.148976653898589,13.91053739794734,24.945896303026274,-19.854661318354037,3.174368438,1.602017717,220.0,74.4,47.0,95.3,2155,5.6,824307,669134,664034,630105,592518,593428,687957,701538,665487,54.88,,,,,,,,55,2,Sinker,3,3,3,3,3,3,3,3,Strategic,Standard,129,-0.015,-0.064,72.3,7.1,,,0.064,88.0,0,0,0.658,0.658,34,32,35,32,1,2,2,1,3.0,2.0,1.6,1.01,1.01,42.8,-4.201969932675708,3.64511632365477,31.237706584012628,39.85002818937113,23.64251305871911
SL,2026-09-15,89.6,0.53,5.79,"Peralta, Wandy",664954,593974,,blocked_ball,,,,,13.0,,R,L,L,COL,SD,B,,,0,2,2026,-0.04,0.67,-1.5476785633323078,0.6915892880380112,,687859.0,,0,6,Bot,,,,,,,-4.921496500065275,-130.40304600639826,-7.801573663121201,0.4292422046560882,23.417503239006052,-23.17178666836977,3.174368438,1.602017717,,,,89.3,2169,5.8,824307,669134,664034,630105,592518,593428,687957,701538,665487,54.74,,,,,,,,55,3,Slider,3,3,3,3,3,3,3,3,Standard,Standard,129,0.006,0.019,,,,,-0.019,,0,0,0.643,0.643,34,32,35,32,1,2,2,1,3.0,2.0,2.13,-0.04,-0.04,39.6,,,,,
CH,2026-09-15,89.3,0.33,5.71,"Peralta, Wandy",664954,593974,single,hit_into_play,,,,,6.0,Brett Sullivan singles on a ground ball to right fielder Fernando Tatis Jr. Troy Johnston scores.,R,L,L,COL,SD,X,9.0,ground_ball,1,2,2026,1.22,0.39,0.3010959150515752,2.2945795835970064,,687859.0,,0,6,Bot,193.0,112.0,,,,,-2.6345463787090138,-130.1263374956463,-3.077432980286659,14.442253657090156,22.92904407009566,-27.359025325730133,3.174368438,1.602017717,131.0,97.0,6.0,88.8,2089,5.5,824307,669134,664034,630105,592518,593428,687957,701538,665487,54.96,0.649,0.614,0.9,1.0,1.0,0.0,4.0,55,4,Changeup,3,3,3,3,3,4,4,3,Standard,Standard,121,0.123,0.568,68.6,7.5,,0.734,-0.568,97.0,0,0,0.649,0.649,34,32,35,32,1,2,2,1,3.0,2.0,2.43,1.22,1.22,35.8,9.540415505669246,-12.203829256678675,28.459651653009065,34.65794700981657,36.228762385021966
SI,2026-09-15,94.4,0.02,6.11,"Peralta, Wandy",691728,593974,,blocked_ball,,,,,13.0,,R,L,L,COL,SD,B,,,0,0,2026,1.12,0.61,-1.5606082109599884,0.3904223822758685,,,664954.0,0,6,Bot,,,,,,,-6.51544724973802,-137.16994319939954,-10.262234479890743,15.55689806875066,24.029878304170985,-22.650175512958615,3.363057743,1.697244095,,,,94.0,2020,5.7,824307,669134,664034,630105,592518,593428,687957,701538,665487,54.81,,,,,,,,56,1,Sinker,4,3,4,3,3,4,4,3,Strategic,Standard,129,0.005,0.037,,,,,-0.037,,1,1,0.772,0.772,34,24,35,25,1,2,2,2,3.0,2.0,1.91,1.12,1.12,43.1,,,,,
SI,2026-09-15,95.3,0.29,6.1,"Peralta, Wandy",691728,593974,,ball,,,,,13.0,,R,L,L,COL,SD,B,,,1,0,2026,1.25,0.79,-0.7638231415508356,0.9906955284231084,,,664954.0,0,6,Bot,,,,,,,-5.5027977918977555,-138.64699373989455,-9.31948099288966,17.33852281670473,24.658245069295894,-20.25574384080662,3.363057743,1.697244095,,,,94.8,2160,5.6,824307,669134,664034,630105,592518,593428,687957,701538,665487,54.94,,,,,,,,56,2,Sinker,4,3,4,3,3,4,4,3,Strategic,Standard,127,0.009,0.074,,,,,-0.074,,1,1,0.777,0.777,34,24,35,25,1,2,2,2,3.0,2.0,1.68,1.25,1.25,47.3,,,,,
CH,2026-09-15,89.8,0.47,5.83,"Peralta, Wandy",691728,593974,,swinging_strike,,,,,13.0,,R,L,L,COL,SD,S,,,2,0,2026,1.27,0.42,-0.3144476029782894,1.228857655774045,,,664954.0,0,6,Bot,,,,,,,-4.590675769050187,-130.84411409274483,-6.150994730286406,15.545717117344996,21.813655494675157,-26.387363545803325,3.363057743,1.697244095,,,,89.6,2198,5.7,824307,669134,664034,630105,592518,593428,687957,701538,665487,54.84,,,,,,,,56,3,Changeup,4,3,4,3,3,4,4,3,Strategic,Standard,121,-0.009,-0.067,47.1,8.1,2.368719156,,0.067,,1,1,0.786,0.786,34,24,35,25,1,2,2,2,3.0,2.0,2.35,1.27,1.27,41.0,11.793712469949076,-17.84570721949704,35.41160862718031,40.39369297708906,43.34805605064823
CH,2026-09-15,89.3,0.33,5.7,"Peralta, Wandy",691728,593974,,swinging_strike,,,,,7.0,,R,L,L,COL,SD,S,,,2,1,2026,1.08,0.59,-0.5483496580405767,1.9608929704294953,,,664954.0,0,6,Bot,,,,,,,-4.392494551051817,-130.1670159410765,-4.343657579139722,13.22953664616369,21.399745931406496,-24.79536909196755,3.363057743,1.697244095,,,,89.1,2200,5.6,824307,669134,664034,630105,592518,593428,687957,701538,665487,54.92,,,,,,,,56,4,Changeup,4,3,4,3,3,4,4,3,Strategic,Standard,123,-0.01,-0.07,,,,,0.07,,1,1,0.777,0.777,34,24,35,25,1,2,2,2,3.0,2.0,2.21,1.08,1.08,37.3,,,,,
CH,2026-09-15,88.0,0.42,5.66,"Peralta, Wandy",691728,593974,,ball,,,,,13.0,,R,L,L,COL,SD,B,,,2,2,2026,1.25,0.47,-1.0085364264158825,1.0945003296346614,,,664954.0,0,6,Bot,,,,,,,-5.962351232313843,-128.09526382369756,-5.767816535225523,14.938908756558222,21.243803872250137,-26.10223896800297,3.363057743,1.697244095,,,,87.7,2113,5.6,824307,669134,664034,630105,592518,593428,687957,701538,665487,54.89,,,,,,,,56,5,Changeup,4,3,4,3,3,4,4,3,Infield shade,Standard,114,0.012,0.093,,,,,-0.093,,1,1,0.767,0.767,34,24,35,25,1,2,2,2,3.0,2.0,2.42,1.25,1.25,37.1,,,,,
SI,2026-09-15,95.4,0.02,6.05,"Peralta, Wandy",691728,593974,strikeout,foul_tip,,,,,5.0,Zac Veen strikes out on a foul tip.,R,L,L,COL,SD,S,2.0,,3,2,2026,1.22,0.63,0.1765832729075789,2.3005388346425244,,,664954.0,0,6,Bot,,,,,,,-2.3635876914594993,-139.0869985548881,-5.510389181307784,16.54177772026524,25.445965442577947,-23.02306006293193,3.363057743,1.697244095,,,,95.1,2067,5.6,824307,669134,664034,630105,592518,593428,687957,701538,665487,54.93,,0.0,0.0,1.0,0.0,0.0,,56,6,Sinker,4,3,4,3,3,4,4,3,Infield shade,Standard,129,-0.037,-0.309,76.4,7.6,,,0.309,,1,1,0.779,0.779,34,24,35,25,1,2,2,2,3.0,2.0,1.83,1.22,1.22,43.8,14.382353229837232,-10.861517742066306,33.831663792910916,31.62626556033752,34.614245871902824
CH,2026-09-15,88.9,0.37,5.79,"Peralta, Wandy",664983,593974,,foul,,,,,5.0,,R,L,L,COL,SD,S,,,0,0,2026,1.14,0.47,-0.2030867938987275,2.1405782837608687,,,664954.0,1,6,Bot,,,,,,,-3.74472254949431,-129.5870679521006,-3.770066059511227,13.615630318584495,21.79464802497804,-26.356113557266525,3.228781168,1.629478347,2.0,86.3,-47.0,88.6,2158,5.6,824307,669134,664034,630105,592518,593428,687957,701538,665487,54.94,,,,,,,,57,1,Changeup,4,3,4,3,3,4,4,3,Strategic,Standard,120,-0.004,-0.037,70.5,7.4,,,0.037,88.0,1,1,0.742,0.742,34,28,35,29,1,3,2,1,3.0,1.0,2.36,1.14,1.14,36.2,6.569699427526495,-5.656639759823011,27.926535354170248,40.879905583164586,30.73265081921422
SI,2026-09-15,94.6,0.01,6.01,"Peralta, Wandy",664983,593974,single,hit_into_play,,,,,6.0,Jake McCarthy singles on a ground ball to right fielder Fernando Tatis Jr. Brett Sullivan to 2nd.,R,L,L,COL,SD,X,9.0,ground_ball,0,1,2026,1.04,0.56,0.7120768282956018,2.6634963071833315,,,664954.0,1,6,Bot,172.59,120.77,,,,,-0.5387825780389597,-137.87562830131495,-4.188537427848129,13.50305114706492,25.72833888601989,-24.283976041655947,3.228781168,1.629478347,116.0,85.2,8.0,94.3,1989,5.7,824307,669134,664034,630105,592518,593428,687957,701538,665487,54.84,0.454,0.421,0.9,1.0,1.0,0.0,4.0,57,2,Sinker,4,3,4,3,3,4,4,3,Standard,Standard,130,0.036,0.447,74.1,7.0,,0.5,-0.447,88.0,1,1,0.738,0.738,34,28,35,29,1,3,2,1,3.0,1.0,1.94,1.04,1.04,43.7,11.012506217483663,-8.018405469200719,31.021110017192058,30.556388071210243,29.31585720229272
SI,2026-09-18,96.2,0.23,6.14,"Peralta, Wandy",672640,593974,,ball,,,,,12.0,,R,R,L,SD,MIA,B,,,0,0,2026,1.29,0.86,1.8310351498707855,3.656755946006432,,,,0,6,Top,,,,,,,1.187486808246612,-140.02430112931177,-2.766041766443251,16.681946293269903,33.29947934942526,-20.446079844459092,3.136630577,1.582972441,,,,95.2,2120,5.8,823252,806956,664034,665487,630105,593428,669392,701538,687957,54.71,,,,,,,,44,1,Sinker,6,1,1,6,1,6,1,6,Standard,Standard,135,-0.002,0.042,,,,,-0.042,,5,-5,0.952,0.048,34,27,35,28,1,2,3,2,4.0,1.0,1.61,1.29,-1.29,50.5,,,,,
FF,2026-09-18,97.5,0.09,6.17,"Peralta, Wandy",672640,593974,,called_strike,,,,,4.0,,R,R,L,SD,MIA,S,,,1,0,2026,0.64,1.25,-0.6616911125944956,2.6042068341949265,,,,0,6,Top,,,,,,,-3.461530203395263,-141.7739760384363,-6.67960509320301,9.459856953984206,33.28187898408173,-14.043660392435584,3.136630577,1.582972441,,,,96.6,2107,5.9,823252,806956,664034,665487,630105,593428,669392,701538,687957,54.64,,,,,,,,44,2,4-Seam Fastball,6,1,1,6,1,6,1,6,Standard,Standard,131,0.003,-0.055,,,,,0.055,,5,-5,0.95,0.05,34,27,35,28,1,2,3,2,4.0,1.0,1.16,0.64,-0.64,44.1,,,,,
CH,2026-09-18,89.2,0.55,5.67,"Peralta, Wandy",672640,593974,,ball,,,,,14.0,,R,R,L,SD,MIA,B,,,1,1,2026,1.37,0.34,0.926227754333358,1.2967994205835471,,,,0,6,Top,,,,,,,-2.0066147668336662,-129.73510952244865,-5.124795790835783,15.831344498727578,29.488386253108924,-27.41099940517203,3.136630577,1.582972441,,,,88.2,2109,5.9,823252,806956,664034,665487,630105,593428,669392,701538,687957,54.62,,,,,,,,44,3,Changeup,6,1,1,6,1,6,1,6,Standard,Standard,125,-0.003,0.063,,,,,-0.063,,5,-5,0.953,0.047,34,27,35,28,1,2,3,2,4.0,1.0,2.55,1.37,-1.37,37.7,,,,,
FF,2026-09-18,97.3,0.0,6.16,"Peralta, Wandy",672640,593974,field_out,hit_into_play,,,,,4.0,Otto Lopez flies out to right fielder Dustin Harris.,R,R,L,SD,MIA,X,9.0,fly_ball,2,1,2026,0.93,1.1,-0.4891537638689541,2.551486982217771,,,,0,6,Top,185.68,133.68,,,,,-3.4203172382653766,-141.62061718238314,-6.437206780748608,13.254357309433503,31.977890646098796,-16.094333142042903,3.136630577,1.582972441,221.0,91.2,59.0,96.3,2052,5.7,823252,806956,664034,665487,630105,593428,669392,701538,687957,54.83,0.023,0.031,0.0,1.0,0.0,0.0,3.0,44,4,4-Seam Fastball,6,1,1,6,1,6,1,6,Standard,Standard,131,0.013,-0.31,75.1,6.3,,0.045,0.31,91.2,5,-5,0.95,0.05,34,27,35,28,1,2,3,2,4.0,1.0,1.3,0.93,-0.93,48.5,2.1241819188006925,-1.625559251258245,31.999701898437095,31.169879967999012,32.880255357999374
SL,2026-09-18,88.4,0.48,5.88,"Peralta, Wandy",665052,593974,,swinging_strike,,,,,8.0,,R,L,L,SD,MIA,S,,,0,0,2026,-0.28,0.34,0.2365905713410374,1.5420731140774824,,,,1,6,Top,,,,,,,-0.0015057269493665,-128.59086293086827,-4.862917152458646,-3.0609524878643932,30.49331567323514,-27.500673494702436,3.234046916,1.632135827,,,,87.2,2326,5.9,823252,806956,664034,665487,630105,593428,669392,701538,687957,54.59,,,,,,,,45,1,Slider,6,1,1,6,1,6,1,6,Infield shade,Standard,191,0.001,-0.041,72.0,8.8,2.347418988,,0.041,,5,-5,0.963,0.037,34,28,35,29,1,2,3,2,4.0,1.0,2.61,-0.28,-0.28,40.7,26.566830210069075,-38.96893169759131,30.46156142310404,32.25195062636978,51.65975438191924
SI,2026-09-18,96.2,0.08,6.19,"Peralta, Wandy",665052,593974,,foul,,,,,2.0,,R,L,L,SD,MIA,S,,,0,1,2026,1.23,0.69,0.2062242315276437,2.809958771765888,,,,1,6,Top,,,,,,,-2.459989197662493,-139.91002976807138,-4.635986401839377,16.61821284781487,35.06076659236916,-22.25747575956433,3.234046916,1.632135827,,,,94.7,2182,5.7,823252,806956,664034,665487,630105,593428,669392,701538,687957,54.83,,,,,,,,45,2,Sinker,6,1,1,6,1,6,1,6,Infield shade,Standard,135,0.002,-0.057,76.6,7.6,,,0.057,,5,-5,0.964,0.036,34,28,35,29,1,2,3,2,4.0,1.0,1.8,1.23,1.23,51.0,19.259285264939535,-9.55585511049187,23.732932094686607,32.9858319136655,34.33403311227802
CH,2026-09-18,89.9,0.47,5.73,"Peralta, Wandy",665052,593974,,foul,,,,,14.0,,R,L,L,SD,MIA,S,,,0,2,2026,1.42,0.01,0.8478471855243328,1.767366129132598,,,,1,6,Top,,,,,,,-2.125453156472793,-130.8080524612837,-3.4828724273222824,16.59665659844913,32.937035303257,-31.46712121391976,3.234046916,1.632135827,4.0,77.0,-28.0,88.5,2043,5.9,823252,806956,664034,665487,630105,593428,669392,701538,687957,54.63,,,,,,,,45,3,Changeup,6,1,1,6,1,6,1,6,Infield shade,Standard,124,0.0,0.0,73.7,8.1,,,0.0,88.0,5,-5,0.966,0.034,34,28,35,29,1,2,3,2,4.0,1.0,2.86,1.42,1.42,40.6,19.607695276102195,-12.567384369969153,35.39666973071915,26.52752177260109,37.156967228094274
FF,2026-09-18,96.0,0.1,6.22,"Peralta, Wandy",665052,593974,,ball,,,,,11.0,,R,L,L,SD,MIA,B,,,0,2,2026,0.8,1.52,-0.7785698077006932,4.1131756053183,,,,1,6,Top,,,,,,,-4.073650061299805,-139.39047315853455,-3.0745376926759693,11.373376869069409,42.30074681418078,-12.195878724070026,3.234046916,1.632135827,,,,93.4,2157,5.7,823252,806956,664034,665487,630105,593428,669392,701538,687957,54.8,,,,,,,,45,4,4-Seam Fastball,6,1,1,6,1,6,1,6,Infield shade,Standard,132,-0.001,0.019,,,,,-0.019,,5,-5,0.966,0.034,34,28,35,29,1,2,3,2,4.0,1.0,1.04,0.8,0.8,47.5,,,,,
SI,2026-09-18,95.6,-0.47,6.28,"Peralta, Wandy",665052,593974,,ball,,,,,13.0,,R,L,L,SD,MIA,B,,,1,2,2026,1.28,1.01,-0.8623848297994987,0.7571642293637433,,,,1,6,Top,,,,,,,-3.919962747516673,-138.75962119845113,-10.72674812347746,17.370618126499693,35.447671954227516,-16.78244098757684,3.234046916,1.632135827,,,,93.9,2002,5.8,823252,806956,664034,665487,630105,593428,669392,701538,687957,54.74,,,,,,,,45,5,Sinker,6,1,1,6,1,6,1,6,Infield shade,Standard,134,-0.001,0.051,,,,,-0.051,,5,-5,0.965,0.035,34,28,35,29,1,2,3,2,4.0,1.0,1.53,1.28,1.28,48.9,,,,,
CH,2026-09-18,91.6,0.32,5.71,"Peralta, Wandy",665052,593974,,ball,,,,,14.0,,R,L,L,SD,MIA,B,,,2,2,2026,1.38,0.3,0.0257970052083338,1.093295381370293,,,,1,6,Top,,,,,,,-3.7276254818793353,-133.09306101861702,-6.053832476478639,17.147181071019148,32.70497990314378,-27.389818289324214,3.234046916,1.632135827,,,,90.2,2100,5.9,823252,806956,664034,665487,630105,593428,669392,701538,687957,54.65,,,,,,,,45,6,Changeup,6,1,1,6,1,6,1,6,Infield shade,Standard,123,-0.003,0.112,,,,,-0.112,,5,-5,0.964,0.036,34,28,35,29,1,2,3,2,4.0,1.0,2.46,1.38,1.38,35.8,,,,,
SI,2026-09-18,95.1,-0.31,6.23,"Peralta, Wandy",665052,593974,,foul,,,,,12.0,,R,L,L,SD,MIA,S,,,3,2,2026,1.33,0.73,1.113669048015658,2.5426448364172316,,,,1,6,Top,,,,,,,0.6355152578919674,-138.3659684407444,-5.296750177422622,16.686166177477066,35.97736153232213,-21.748055159787295,3.234046916,1.632135827,,,,93.1,1945,5.5,823252,806956,664034,665487,630105,593428,669392,701538,687957,55.04,,,,,,,,45,7,Sinker,6,1,1,6,1,6,1,6,Infield shade,Standard,137,0.0,0.0,75.5,7.6,,,0.0,,5,-5,0.961,0.039,34,28,35,29,1,2,3,2,4.0,1.0,1.82,1.33,1.33,50.2,21.68009334716735,-21.957899353408703,31.71366369851905,24.19183243327872,39.10782297497123
FF,2026-09-18,96.2,-0.2,6.21,"Peralta, Wandy",665052,593974,field_out,hit_into_play,,,,,2.0,Griffin Conine lines out to center fielder Jackson Merrill.,R,L,L,SD,MIA,X,8.0,line_drive,3,2,2026,0.94,1.18,-0.1667877461782529,3.3234435545947334,,,,1,6,Top,132.05,76.69,,,,,-2.07335449505039,-140.04468824146255,-4.561376956003438,12.876939255210798,32.58041407617876,-15.79763016279217,3.234046916,1.632135827,302.0,98.0,18.0,95.3,1956,5.8,823252,806956,664034,665487,630105,593428,669392,701538,687957,54.68,0.38,0.408,0.0,1.0,0.0,0.0,4.0,45,8,4-Seam Fastball,6,1,1,6,1,6,1,6,Infield shade,Standard,142,0.009,-0.345,,,,0.597,0.345,98.0,5,-5,0.961,0.039,34,28,35,29,1,2,3,2,4.0,1.0,1.28,0.94,0.94,47.7,,,,,
FF,2026-09-18,96.1,-0.17,6.2,"Peralta, Wandy",691594,593974,,ball,,,,,13.0,,R,R,L,SD,MIA,B,,,0,0,2026,0.9,1.06,-0.7515917343830022,1.1999575122143475,,,,2,6,Top,,,,,,,-3.5332197015286377,-139.53460909575657,-9.646885433264062,12.496615261490687,33.701952606415496,-16.292598763446577,2.995333005,1.511663386,,,,94.6,1947,5.7,823252,806956,664034,665487,630105,593428,669392,701538,687957,54.78,,,,,,,,46,1,4-Seam Fastball,6,1,1,6,1,6,1,6,Standard,Standard,128,0.0,0.041,,,,,-0.041,,5,-5,0.97,0.03,34,23,35,24,1,2,3,2,4.0,1.0,1.43,0.9,-0.9,46.3,,,,,
SI,2026-09-18,96.3,-0.18,6.17,"Peralta, Wandy",691594,593974,,foul,,,,,7.0,,R,R,L,SD,MIA,S,,,1,0,2026,1.52,0.9,-0.7557281742685755,1.9527419392506145,,,,2,6,Top,,,,,,,-4.943715984868937,-139.93939091359846,-7.334923324090831,21.020087236452813,33.7113808312437,-18.803594555907132,2.995333005,1.511663386,112.0,78.8,8.0,94.9,2123,5.7,823252,806956,664034,665487,630105,593428,669392,701538,687957,54.78,,,,,,,,46,2,Sinker,6,1,1,6,1,6,1,6,Standard,Standard,130,0.0,-0.056,74.3,7.1,,,0.056,88.0,5,-5,0.97,0.03,34,23,35,24,1,2,3,2,4.0,1.0,1.58,1.52,-1.52,45.7,-1.1986928784986213,-7.573015178830597,31.87573325665603,25.04242310679839,29.32964044301893
SI,2026-09-18,96.2,-0.29,6.32,"Peralta, Wandy",691594,593974,double,hit_into_play,,,,,13.0,Javier Sanoja doubles (31) on a ground ball to left fielder Samad Taylor.,R,R,L,SD,MIA,X,7.0,ground_ball,1,1,2026,1.27,0.97,-0.4965157758247998,1.3767152880628708,,,,2,6,Top,109.72,186.47,,,,,-3.4239840868887295,-139.86276803130062,-9.32406041696943,17.420202004363603,32.57899289299267,-17.56532152253407,2.995333005,1.511663386,56.0,99.5,1.0,94.7,2180,5.6,823252,806956,664034,665487,630105,593428,669392,701538,687957,54.95,0.483,0.446,1.25,1.0,1.0,1.0,4.0,46,3,Sinker,6,1,1,6,1,6,1,6,Standard,Standard,133,-0.007,0.582,,,,0.524,-0.582,99.5,5,-5,0.97,0.03,34,23,35,24,1,2,3,2,4.0,1.0,1.51,1.27,-1.27,47.8,,,,,
SL,2026-09-18,90.6,0.38,5.93,"Peralta, Wandy",805300,593974,,ball,,,,,14.0,,R,L,L,SD,MIA,B,,,0,0,2026,-0.13,0.36,0.0045273769654114,0.9798880422105224,,691594.0,,2,6,Top,,,,,,,-0.6279332428271784,-131.8456599329169,-6.920491282255378,-1.41829183926885,27.012288965766757,-26.756352168899767,3.212106299,1.621062992,,,,90.2,2254,5.9,823252,806956,664034,665487,630105,593428,669392,701538,687957,54.56,,,,,,,,47,1,Slider,6,1,1,6,1,6,1,6,Strategic,Standard,140,-0.001,0.021,,,,,-0.021,,5,-5,0.963,0.037,34,25,35,25,1,2,3,2,4.0,1.0,2.41,-0.13,-0.13,44.1,,,,,
SI,2026-09-18,96.9,-0.02,6.19,"Peralta, Wandy",805300,593974,field_out,hit_into_play,,,,,6.0,"Jakob Marsee grounds out, first baseman Ty France to pitcher Wandy Peralta.",R,L,L,SD,MIA,X,3.0,ground_ball,1,0,2026,1.22,1.2,0.3696287995808848,2.490033427847598,,691594.0,,2,6,Top,148.77,170.94,,,,,-1.7947648482512326,-140.9289688449849,-6.8015208155275015,16.604345592866395,34.21393376034327,-14.806821415369528,3.212106299,1.621062992,19.0,88.1,-7.0,95.9,2283,5.9,823252,806956,664034,665487,630105,593428,669392,701538,687957,54.63,0.174,0.168,0.0,1.0,0.0,0.0,2.0,47,2,Sinker,6,1,1,6,1,6,1,6,Standard,Standard,140,0.012,-0.306,69.4,6.4,,0.195,0.306,88.1,5,-5,0.962,0.038,34,25,35,25,1,2,3,2,4.0,1.0,1.24,1.22,1.22,46.1,-11.288703410595248,-11.926750356841218,44.40977086866504,32.16885845783055,27.478246282279105
FF,2026-09-18,95.9,0.16,6.27,"Peralta, Wandy",669364,593974,,called_strike,,,,,12.0,,R,R,L,SD,MIA,S,,,0,0,2026,0.82,0.97,0.4961933971184383,3.250025363010209,,,,0,7,Top,,,,,,,-0.9985087839696336,-139.67716389510525,-4.407552079899977,10.95543894027579,31.004574386870868,-18.630122332383237,3.055011483,1.541781496,,,,95.0,1927,5.7,823252,806956,664034,665487,630105,593428,669392,701538,687957,54.85,,,,,,,,53,1,4-Seam Fastball,6,1,1,6,1,6,1,6,Standard,Standard,135,0.002,-0.041,,,,,0.041,,5,-5,0.968,0.032,34,26,35,27,1,2,3,2,4.0,1.0,1.5,0.82,-0.82,51.4,,,,,
CH,2026-09-18,88.5,0.5,5.64,"Peralta, Wandy",669364,593974,,ball,,,,,14.0,,R,R,L,SD,MIA,B,,,0,1,2026,1.59,0.34,0.8983353861782708,0.2575072727595495,,,,0,7,Top,,,,,,,-2.3950633536126236,-128.74489781178556,-7.433373518878867,18.102930536528003,28.383743648403343,-27.028543442036337,3.055011483,1.541781496,,,,87.9,2063,6.1,823252,806956,664034,665487,630105,593428,669392,701538,687957,54.41,,,,,,,,53,2,Changeup,6,1,1,6,1,6,1,6,Standard,Standard,124,-0.002,0.029,,,,,-0.029,,5,-5,0.97,0.03,34,26,35,27,1,2,3,2,4.0,1.0,2.59,1.59,-1.59,34.7,,,,,
SI,2026-09-18,95.8,0.08,6.19,"Peralta, Wandy",669364,593974,,ball,,,,,12.0,,R,R,L,SD,MIA,B,,,1,1,2026,1.46,0.6,0.4001666150135314,3.291850814613616,,,,0,7,Top,,,,,,,-2.4964222341570417,-139.48380995177897,-3.169397517872885,19.552119030904343,33.448362210042895,-23.853315242061917,3.055011483,1.541781496,,,,94.6,1970,5.7,823252,806956,664034,665487,630105,593428,669392,701538,687957,54.8,,,,,,,,53,3,Sinker,6,1,1,6,1,6,1,6,Standard,Standard,134,-0.002,0.063,,,,,-0.063,,5,-5,0.968,0.032,34,26,35,27,1,2,3,2,4.0,1.0,1.89,1.46,-1.46,44.6,,,,,
SI,2026-09-18,95.9,-0.02,6.21,"Peralta, Wandy",669364,593974,field_out,hit_into_play,,,,,6.0,Xavier Edwards grounds out to first baseman Ty France.,R,R,L,SD,MIA,X,3.0,ground_ball,2,1,2026,1.31,0.77,0.7021779428886854,2.336707936552406,,,,0,7,Top,158.4,162.83,,,,,-1.1166352349022126,-139.53846948838805,-6.11456896477027,17.37592956037983,31.530679315852208,-20.943821450077756,3.055011483,1.541781496,104.0,93.8,4.0,95.1,1950,5.8,823252,806956,664034,665487,630105,593428,669392,701538,687957,54.66,0.466,0.433,0.0,1.0,0.0,0.0,4.0,53,4,Sinker,6,1,1,6,1,6,1,6,Standard,Standard,138,0.012,-0.31,68.5,5.9,,0.526,0.31,93.8,5,-5,0.966,0.034,34,26,35,27,1,2,3,2,4.0,1.0,1.71,1.31,-1.31,50.2,-30.844461606373414,8.242822388597103,28.911593503169808,37.09834470799385,22.771684330237733
SI,2026-09-22,96.3,0.32,6.17,"Peralta, Wandy",571970,593974,,called_strike,,,,,1.0,,R,L,L,LAD,SD,S,,,0,0,2026,1.26,1.06,-0.4817768974402086,2.9983534805251586,,,,0,5,Bot,,,,,,,-4.9346979876433785,-140.168311523528,-5.035167698779439,17.749838914309606,31.177145631523317,-17.320598401124425,3.127854331,1.578543307,,,,95.3,2102,5.6,823897,669134,664034,630105,592518,593428,687957,701538,665487,54.86,,,,,,,,43,1,Sinker,5,0,5,0,0,5,5,0,Infield shade,Standard,135,0.0,-0.041,,,,,0.041,,5,5,0.96,0.96,34,35,35,36,1,2,4,2,,,1.4,1.26,1.26,44.9,,,,,
CH,2026-09-22,90.0,0.45,5.77,"Peralta, Wandy",571970,593974,,ball,,,,,7.0,,R,L,L,LAD,SD,B,,,0,1,2026,1.41,0.66,-0.6052556595076075,1.4865835051522018,,,,0,5,Bot,,,,,,,-5.55446861465289,-130.8798508335746,-5.748270916639988,17.42505132759899,28.900039835659836,-23.570030345888934,3.127854331,1.578543307,,,,88.8,2231,5.7,823897,669134,664034,630105,592518,593428,687957,701538,665487,54.81,,,,,,,,43,2,Changeup,5,0,5,0,0,5,5,0,Infield shade,Standard,127,0.0,0.029,,,,,-0.029,,5,5,0.96,0.96,34,35,35,36,1,2,4,2,,,2.17,1.41,1.41,37.5,,,,,
SI,2026-09-22,96.9,0.11,6.13,"Peralta, Wandy",571970,593974,,called_strike,,,,,9.0,,R,L,L,LAD,SD,S,,,1,1,2026,1.24,1.09,0.3655254601677848,1.7983431784033974,,,,0,5,Bot,,,,,,,-2.1970539863252365,-140.9803866067679,-8.206729024531027,17.026128928874574,33.29204571208776,-15.954412355061985,3.127854331,1.578543307,,,,95.9,2176,5.8,823897,669134,664034,630105,592518,593428,687957,701538,665487,54.69,,,,,,,,43,3,Sinker,5,0,5,0,0,5,5,0,Infield shade,Standard,140,-0.001,-0.06,,,,,0.06,,5,5,0.96,0.96,34,35,35,36,1,2,4,2,,,1.35,1.24,1.24,46.4,,,,,
FF,2026-09-22,97.5,0.1,6.24,"Peralta, Wandy",571970,593974,,ball,,,,,11.0,,R,L,L,LAD,SD,B,,,1,2,2026,0.88,1.32,-1.225320721189552,3.991851861557054,,,,0,5,Bot,,,,,,,-5.482769273174063,-141.77158051260972,-3.342342877469698,13.21038422942808,34.9902938023781,-13.92321343150464,3.127854331,1.578543307,,,,95.7,2261,5.5,823897,669134,664034,630105,592518,593428,687957,701538,665487,55.02,,,,,,,,43,4,4-Seam Fastball,5,0,5,0,0,5,5,0,Infield shade,Standard,131,0.001,0.046,,,,,-0.046,,5,5,0.959,0.959,34,35,35,36,1,2,4,2,,,1.1,0.88,0.88,48.0,,,,,
CH,2026-09-22,89.8,0.28,5.84,"Peralta, Wandy",571970,593974,,foul,,,,,7.0,,R,L,L,LAD,SD,S,,,2,2,2026,1.32,0.48,-0.3174258889387817,1.5922561469502383,,,,0,5,Bot,,,,,,,-4.244189119848493,-130.69659099619253,-5.254974449528832,16.00097158400381,28.225026639515175,-25.76842918231365,3.127854331,1.578543307,58.0,71.8,5.0,88.6,2240,5.6,823897,669134,664034,630105,592518,593428,687957,701538,665487,54.88,,,,,,,,43,5,Changeup,5,0,5,0,0,5,5,0,Infield shade,Standard,125,0.0,0.0,65.2,7.6,,,0.0,88.0,5,5,0.96,0.96,34,35,35,36,1,2,4,2,,,2.35,1.32,1.32,40.6,26.121171188732696,-19.597354876060464,37.88939131108639,39.910893994936224,51.73480014685318
SL,2026-09-22,91.0,0.44,6.0,"Peralta, Wandy",571970,593974,strikeout,swinging_strike,,,,,7.0,Max Muncy strikes out swinging.,R,L,L,LAD,SD,S,2.0,,2,2,2026,-0.3,0.64,-0.7377073008103063,1.5301818228647348,,,,0,5,Bot,,,,,,,-2.246244576058632,-132.4164235333569,-6.418841436921164,-3.062400306731678,27.42357607946113,-23.547698146349916,3.127854331,1.578543307,,,,90.5,2234,5.9,823897,669134,664034,630105,592518,593428,687957,701538,665487,54.59,,0.0,0.0,1.0,0.0,0.0,,43,6,Slider,5,0,5,0,0,5,5,0,Infield shade,Strategic,143,-0.003,-0.232,73.5,7.9,5.023189572,,0.232,,5,5,0.96,0.96,34,35,35,36,1,2,4,2,,,2.11,-0.3,-0.3,47.5,29.808140724040303,-31.441254137726485,35.97417731137077,43.238423983227506,52.6856304411115
SI,2026-09-22,97.3,0.13,6.29,"Peralta, Wandy",663656,593974,field_out,hit_into_play,,,,,2.0,Kyle Tucker flies out to left fielder Dustin Harris.,R,L,L,LAD,SD,X,7.0,fly_ball,0,0,2026,1.28,0.81,-0.0576209303799462,2.919224192137209,,,,1,5,Bot,57.99,97.42,,,,,-3.430074367331014,-141.69882278217128,-5.16193302148687,17.993975418643938,31.47507937650598,-20.27303063243418,3.350770997,1.691043307,303.0,91.5,39.0,96.2,2188,5.6,823897,669134,664034,630105,592518,593428,687957,701538,665487,54.92,0.023,0.028,0.0,1.0,0.0,0.0,3.0,44,1,Sinker,5,0,5,0,0,5,5,0,Infield shade,Standard,134,-0.003,-0.261,77.4,6.7,,0.045,0.261,91.5,5,5,0.957,0.957,34,29,35,29,1,2,4,2,,,1.59,1.28,1.28,43.3,2.304819654105908,-0.7090655944542729,34.38919341764427,37.11633574180959,23.107887059938435
SI,2026-09-22,97.1,-0.08,6.3,"Peralta, Wandy",606192,593974,,called_strike,,,,,1.0,,R,R,L,LAD,SD,S,,,0,0,2026,1.21,0.76,-0.6780168627056253,2.778140813459346,,,,2,5,Bot,,,,,,,-4.326982398078161,-141.31841269072444,-5.421401883119915,17.185552758894172,31.183097335384524,-20.929894749102623,3.199819554,1.614862205,,,,96.1,2208,5.6,823897,669134,664034,630105,592518,593428,687957,701538,665487,54.9,,,,,,,,45,1,Sinker,5,0,5,0,0,5,5,0,Strategic,Standard,134,0.0,-0.045,,,,,0.045,,5,5,0.954,0.954,34,33,35,34,1,2,4,2,,,1.65,1.21,-1.21,47.5,,,,,
SI,2026-09-22,96.8,0.04,6.31,"Peralta, Wandy",606192,593974,,ball,,,,,14.0,,R,R,L,LAD,SD,B,,,0,1,2026,1.24,0.96,1.378499110502998,2.0437449158818692,,,,2,5,Bot,,,,,,,0.6462108139510829,-140.84867361154645,-7.753024580512787,16.337166557594323,31.380637491674232,-17.795889628224906,3.199819554,1.614862205,,,,95.6,2266,5.6,823897,669134,664034,630105,592518,593428,687957,701538,665487,54.92,,,,,,,,45,2,Sinker,5,0,5,0,0,5,5,0,Standard,Standard,135,0.0,0.03,,,,,-0.03,,5,5,0.954,0.954,34,33,35,34,1,2,4,2,,,1.46,1.24,-1.24,47.0,,,,,
CH,2026-09-22,89.6,0.28,5.84,"Peralta, Wandy",606192,593974,field_out,hit_into_play,,,,,6.0,Teoscar Hernández flies out to right fielder Fernando Tatis Jr.,R,R,L,LAD,SD,X,9.0,fly_ball,1,1,2026,1.43,0.6,0.7225326777930619,2.4920275973829913,,,,2,5,Bot,216.01,103.94,,,,,-1.95410131042376,-130.5376252386578,-3.3041695613902773,16.73629196167122,28.084984618793097,-24.882782378901716,3.199819554,1.614862205,322.0,93.5,37.0,88.5,2322,5.6,823897,669134,664034,630105,592518,593428,687957,701538,665487,54.91,0.066,0.111,0.0,1.0,0.0,0.0,3.0,45,3,Changeup,5,0,5,0,0,5,5,0,Standard,Standard,122,-0.002,-0.247,74.0,8.0,,0.207,0.247,93.5,5,5,0.954,0.954,34,33,35,34,1,2,4,2,,,2.24,1.43,-1.43,38.6,12.85655480565796,15.223510620055404,30.535818090487982,47.51879586120587,23.600480924631228
SI,2026-09-22,97.7,0.01,6.24,"Peralta, Wandy",800543,593974,,called_strike,,,,,4.0,,R,L,L,LAD,SD,S,,,0,0,2026,1.42,0.71,-0.3965769526570151,2.5985365584578988,,,,0,6,Bot,,,,,,,-4.340090434040388,-142.1291504798574,-5.642308791529282,20.16628551809147,33.920199789715554,-21.480163027321424,3.351648622,1.691486221,,,,96.3,2095,5.6,823897,669134,664034,630105,592518,593428,687957,701538,665487,54.94,,,,,,,,50,1,Sinker,5,0,5,0,0,5,5,0,Infield shade,Standard,132,0.0,-0.041,,,,,0.041,,5,5,0.974,0.974,34,21,35,21,1,2,4,2,,,1.69,1.42,1.42,45.9,,,,,
CH,2026-09-22,89.2,0.51,5.65,"Peralta, Wandy",800543,593974,,ball,,,,,13.0,,R,L,L,LAD,SD,B,,,0,1,2026,1.37,0.12,-0.913306312070102,0.3801414874062865,,,,0,6,Bot,,,,,,,-6.28611408584027,-129.64327873844388,-6.808286536860561,16.74802881211571,28.134215670615912,-29.49997674491099,3.351648622,1.691486221,,,,88.0,2083,5.7,823897,669134,664034,630105,592518,593428,687957,701538,665487,54.83,,,,,,,,50,2,Changeup,5,0,5,0,0,5,5,0,Infield shade,Standard,120,0.0,0.029,,,,,-0.029,,5,5,0.974,0.974,34,21,35,21,1,2,4,2,,,2.76,1.37,1.37,34.7,,,,,
SI,2026-09-22,97.6,0.17,6.28,"Peralta, Wandy",800543,593974,,ball,,,,,11.0,,R,L,L,LAD,SD,B,,,1,1,2026,1.3,0.72,-1.4590871007717945,3.9044511418044663,,,,0,6,Bot,,,,,,,-7.270110017325081,-141.9582420957312,-2.387226572507193,19.223911082706135,30.744586870388716,-22.086968733058104,3.351648622,1.691486221,,,,96.7,2085,5.7,823897,669134,664034,630105,592518,593428,687957,701538,665487,54.79,,,,,,,,50,3,Sinker,5,0,5,0,0,5,5,0,Infield shade,Standard,133,0.0,0.063,,,,,-0.063,,5,5,0.974,0.974,34,21,35,21,1,2,4,2,,,1.67,1.3,1.3,45.6,,,,,
CH,2026-09-22,90.3,0.37,5.73,"Peralta, Wandy",800543,593974,triple,hit_into_play,,,,,14.0,Josue De Paula triples (1) on a line drive to right fielder Fernando Tatis Jr.,R,L,L,LAD,SD,X,9.0,line_drive,2,1,2026,1.24,0.47,0.135315003201957,1.5406069876040172,,,,0,6,Bot,195.55,89.64,,,,,-3.2184032367632356,-131.55842566261595,-5.266853159099566,15.05552530860428,26.338027162999357,-25.854183135631487,3.351648622,1.691486221,263.0,97.4,17.0,89.7,2142,5.7,823897,669134,664034,630105,592518,593428,687957,701538,665487,54.76,0.523,0.557,1.6,1.0,1.0,2.0,4.0,50,4,Changeup,5,0,5,0,0,5,5,0,Infield shade,Standard,123,0.01,0.94,70.1,8.1,,0.79,-0.94,97.4,5,5,0.974,0.974,34,21,35,21,1,2,4,2,,,2.31,1.24,1.24,38.5,14.788704396819565,-15.300681852510216,45.396525928875135,33.67408897911352,37.756770467382594
CH,2026-09-22,90.7,0.48,5.8,"Peralta, Wandy",681624,593974,,called_strike,,,,,9.0,,R,R,L,LAD,SD,S,,,0,0,2026,1.39,0.29,0.5401620299499288,1.65893481776882,800543.0,,,0,6,Bot,,,,,,,-2.833621104838476,-132.03203419400964,-4.81402750314171,16.900676998540067,27.3747944868988,-27.976664216824833,3.23667979,1.633464567,,,,89.9,2018,5.7,823897,669134,664034,630105,592518,593428,687957,701538,665487,54.75,,,,,,,,51,1,Changeup,5,0,5,0,0,5,5,0,Strategic,Standard,122,-0.001,-0.061,,,,,0.061,,5,5,0.984,0.984,34,25,35,26,1,2,4,32,,,2.47,1.39,-1.39,39.4,,,,,
SI,2026-09-22,97.6,-0.04,6.13,"Peralta, Wandy",681624,593974,,called_strike,,,,,2.0,,R,R,L,LAD,SD,S,,,0,1,2026,1.3,0.84,0.007761698216226,2.9352741084625116,800543.0,,,0,6,Bot,,,,,,,-2.8718377726114865,-142.09233201168854,-4.815876508953725,18.2326986492764,31.820500847811093,-19.887106170025767,3.23667979,1.633464567,,,,96.5,2052,5.6,823897,669134,664034,630105,592518,593428,687957,701538,665487,54.95,,,,,,,,51,2,Sinker,5,0,5,0,0,5,5,0,Strategic,Standard,131,-0.001,-0.093,,,,,0.093,,5,5,0.983,0.983,34,25,35,26,1,2,4,32,,,1.55,1.3,-1.3,44.8,,,,,
CH,2026-09-22,90.5,0.27,5.69,"Peralta, Wandy",681624,593974,,ball,,,,,14.0,,R,R,L,LAD,SD,B,,,0,2,2026,1.49,0.48,0.3990395883431942,1.022953555604031,800543.0,,,0,6,Bot,,,,,,,-2.887793462400504,-131.61675064981148,-6.397831925170026,17.9291380641652,28.780057786425896,-25.473740006686608,3.23667979,1.633464567,,,,89.5,2146,5.8,823897,669134,664034,630105,592518,593428,687957,701538,665487,54.72,,,,,,,,51,3,Changeup,5,0,5,0,0,5,5,0,Strategic,Standard,125,0.001,0.083,,,,,-0.083,,5,5,0.982,0.982,34,25,35,26,1,2,4,32,,,2.32,1.49,-1.49,40.5,,,,,
SL,2026-09-22,90.7,0.03,5.85,"Peralta, Wandy",681624,593974,,blocked_ball,,,,,13.0,,R,R,L,LAD,SD,B,,,1,2,2026,0.06,0.21,-1.3349008307942278,0.4035734893539398,800543.0,,,0,6,Bot,,,,,,,-3.454490212730658,-131.90691131544477,-7.807549687221867,1.42174543527853,27.80723524454323,-28.229192738375772,3.23667979,1.633464567,,,,89.9,2133,5.8,823897,669134,664034,630105,592518,593428,687957,701538,665487,54.67,,,,,,,,51,4,Slider,5,0,5,0,0,5,5,0,Strategic,Standard,142,0.0,0.024,,,,,-0.024,,5,5,0.983,0.983,34,25,35,26,1,2,4,32,,,2.56,0.06,-0.06,44.5,,,,,
CH,2026-09-22,90.1,0.34,5.66,"Peralta, Wandy",681624,593974,double_play,hit_into_play,,,,,8.0,"Andy Pages flies into a double play, left fielder Dustin Harris to catcher Luis Campusano. Josue De Paula out at home.",R,R,L,LAD,SD,X,7.0,fly_ball,2,2,2026,1.3,0.26,0.2746057892697675,1.8187353016655092,800543.0,,,0,6,Bot,81.72,112.05,,,,,-2.9345829705083455,-131.20161106371555,-3.9250709221028046,15.635471651448103,26.266536758077834,-28.61892764526837,3.23667979,1.633464567,243.0,72.0,29.0,89.5,2029,5.8,823897,669134,664034,630105,592518,593428,687957,701538,665487,54.72,0.789,0.71,0.0,1.0,0.0,0.0,4.0,51,5,Changeup,5,0,5,0,0,5,5,0,Strategic,Standard,120,-0.014,-0.157,73.0,8.9,,0.813,0.157,88.0,5,5,0.983,0.983,34,25,35,26,1,2,4,32,,,2.54,1.3,-1.3,41.1,21.21822537064204,-23.285898989756863,41.50233218017553,37.98907925720816,43.70018405893518
CH,2026-09-22,90.1,0.33,5.78,"Peralta, Wandy",669242,593974,,ball,,,,,14.0,,R,R,L,LAD,SD,B,,,0,0,2026,1.18,0.42,0.9576059880625902,0.6526705428699109,,,,2,6,Bot,,,,,,,-0.9962605443879842,-131.15483423089535,-7.372495668150766,13.91939114960596,25.969381313186545,-26.06010205801784,3.102403215,1.565698819,,,,89.4,2101,5.7,823897,669134,664034,630105,592518,593428,687957,701538,665487,54.8,,,,,,,,52,1,Changeup,5,0,5,0,0,5,5,0,Standard,Standard,122,0.0,0.041,,,,,-0.041,,5,5,0.969,0.969,34,31,35,31,1,2,4,2,,,2.37,1.18,-1.18,39.5,,,,,
SI,2026-09-22,96.7,-0.1,6.17,"Peralta, Wandy",669242,593974,home_run,hit_into_play,,,,,5.0,Tommy Edman homers (8) on a line drive to left center field.,R,R,L,LAD,SD,X,,line_drive,1,0,2026,1.19,0.89,-0.2257273044210337,2.204218014024748,,,,2,6,Bot,70.85,51.43,,,,,-3.0457430019574967,-140.70620485969988,-6.798945462131296,16.59172984401587,30.105319468645963,-19.013885095527176,3.102403215,1.565698819,390.0,106.8,19.0,95.8,2106,5.6,823897,669134,664034,630105,592518,593428,687957,701538,665487,54.87,0.646,0.884,2.0,1.0,0.0,3.0,6.0,52,2,Sinker,5,0,5,0,0,6,6,0,Standard,Standard,133,0.015,2.554,73.7,7.5,,1.469,-2.554,106.8,5,5,0.969,0.969,34,31,35,31,1,2,4,2,,,1.53,1.19,-1.19,48.4,7.697141724899137,-8.0514453176028,27.676908587997072,34.91349534573299,25.92641493627496
SI,2026-09-22,97.6,-0.04,6.25,"Peralta, Wandy",605141,593974,,foul,,,,,3.0,,R,R,L,LAD,SD,S,,,0,0,2026,1.26,0.7,0.3754028230869433,2.903639515707346,,,,2,6,Bot,,,,,,,-1.7999686696589228,-142.2113255205245,-4.893995087427142,17.496926151634078,30.841911186933487,-21.79509827121983,3.096259843,1.562598425,195.0,81.8,64.0,96.2,2016,5.3,823897,669134,664034,630105,592518,593428,687957,701538,665487,55.2,,,,,,,,53,1,Sinker,6,0,6,0,0,6,6,0,Standard,Standard,130,0.0,-0.045,67.9,6.5,,,0.045,88.0,6,6,0.984,0.984,34,33,35,34,1,3,4,2,,,1.68,1.26,-1.26,48.0,8.461679338111598,4.1809035565838855,27.316379522625017,42.51053510256392,25.85225525512957
SI,2026-09-22,96.4,-0.21,6.23,"Peralta, Wandy",605141,593974,,ball,,,,,12.0,,R,R,L,LAD,SD,B,,,0,1,2026,1.24,0.85,0.2181120686068773,4.149435577859848,,,,2,6,Bot,,,,,,,-1.7207600169693644,-140.4740302365403,-1.781575298514397,16.866110334952655,30.302129741094344,-20.664356407884636,3.096259843,1.562598425,,,,95.5,2167,5.6,823897,669134,664034,630105,592518,593428,687957,701538,665487,54.91,,,,,,,,53,2,Sinker,6,0,6,0,0,6,6,0,Standard,Standard,138,0.0,0.03,,,,,-0.03,,6,6,0.984,0.984,34,33,35,34,1,3,4,2,,,1.58,1.24,-1.24,44.7,,,,,
CH,2026-09-22,90.7,0.17,5.77,"Peralta, Wandy",605141,593974,field_out,hit_into_play,,,,,5.0,Mookie Betts flies out to left fielder Dustin Harris.,R,R,L,LAD,SD,X,7.0,fly_ball,1,1,2026,1.41,0.53,-0.2741679828795873,2.1862571658620507,,,,2,6,Bot,126.12,193.47,,,,,-4.121468474933269,-132.06296429080226,-3.98698556496285,17.421863843543637,26.3241067315317,-25.394324882070872,3.096259843,1.562598425,299.0,81.4,31.0,90.2,2184,5.8,823897,669134,664034,630105,592518,593428,687957,701538,665487,54.68,0.08,0.093,0.0,1.0,0.0,0.0,3.0,53,3,Changeup,6,0,6,0,0,6,6,0,Standard,Standard,126,-0.001,-0.247,72.8,7.1,,0.142,0.247,88.0,6,6,0.984,0.984,34,33,35,34,1,3,4,2,,,2.23,1.41,-1.41,38.9,20.084367882110012,-17.83901811316835,36.60061025740024,34.2016716088669,40.7200539414273
