pitch_type,game_date,release_speed,release_pos_x,release_pos_z,player_name,batter,pitcher,events,description,spin_dir,spin_rate_deprecated,break_angle_deprecated,break_length_deprecated,zone,des,game_type,stand,p_throws,home_team,away_team,type,hit_location,bb_type,balls,strikes,game_year,pfx_x,pfx_z,plate_x,plate_z,on_3b,on_2b,on_1b,outs_when_up,inning,inning_topbot,hc_x,hc_y,tfs_deprecated,tfs_zulu_deprecated,umpire,sv_id,vx0,vy0,vz0,ax,ay,az,sz_top,sz_bot,hit_distance_sc,launch_speed,launch_angle,effective_speed,release_spin_rate,release_extension,game_pk,fielder_2,fielder_3,fielder_4,fielder_5,fielder_6,fielder_7,fielder_8,fielder_9,release_pos_y,estimated_ba_using_speedangle,estimated_woba_using_speedangle,woba_value,woba_denom,babip_value,iso_value,launch_speed_angle,at_bat_number,pitch_number,pitch_name,home_score,away_score,bat_score,fld_score,post_away_score,post_home_score,post_bat_score,post_fld_score,if_fielding_alignment,of_fielding_alignment,spin_axis,delta_home_win_exp,delta_run_exp,bat_speed,swing_length,miss_distance,estimated_slg_using_speedangle,delta_pitcher_run_exp,hyper_speed,home_score_diff,bat_score_diff,home_win_exp,bat_win_exp,age_pit_legacy,age_bat_legacy,age_pit,age_bat,n_thruorder_pitcher,n_priorpa_thisgame_player_at_bat,pitcher_days_since_prev_game,batter_days_since_prev_game,pitcher_days_until_next_game,batter_days_until_next_game,api_break_z_with_gravity,api_break_x_arm,api_break_x_batter_in,arm_angle,attack_angle,attack_direction,swing_path_tilt,intercept_ball_minus_batter_pos_x_inches,intercept_ball_minus_batter_pos_y_inches,bucket,is_pa
SI,2026-09-19,95.6,-1.46,6.02,"Vásquez, Randy",691788,681190,field_out,hit_into_play,,,,,5.0,"Joe Mack grounds out, second baseman Fernando Tatis Jr. to first baseman Ty France.",R,L,R,SD,MIA,X,4.0,ground_ball,1,2,2026,-1.3,1.27,0.0986702814374202,2.368036158204758,,,805300.0,2,5,Top,152.82,152.7,,,,,6.9883487382746985,-138.83936858306654,-6.563278278055849,-18.41037748168757,34.86926190736471,-14.508879790450427,3.220882546,1.625492126,88.0,74.4,8.0,94.6,2388.0,6.1,823249,666023,664034,665487,592518,630105,669392,701538,687957,54.4,0.237,0.217,0.0,1.0,0.0,0.0,2.0,49,5,Sinker,5,5,5,5,5,5,5,5,Infield shade,Standard,215.0,0.022,-0.194,,,,0.27,0.194,88.0,0,0,0.545,0.455,27,23,28,24,1,2,4.0,1.0,,1.0,1.26,1.3,-1.3,35.3,,,,,,Sinker,True
CH,2026-09-19,89.6,-1.5,5.96,"Vásquez, Randy",691788,681190,,blocked_ball,,,,,14.0,,R,L,R,SD,MIA,B,,,0,2,2026,-1.33,0.81,0.28158897966581,0.1927574036294888,,,805300.0,2,5,Top,,,,,,,7.1944700719266965,-129.91303155953185,-9.587389743535136,-16.56703886971983,30.741495939571745,-20.997137763283977,3.220882546,1.625492126,,,,89.1,1898.0,6.5,823249,666023,664034,665487,592518,630105,669392,701538,687957,54.05,,,,,,,,49,4,Changeup,5,5,5,5,5,5,5,5,Infield shade,Standard,214.0,-0.003,0.021,,,,,-0.021,,0,0,0.548,0.452,27,23,28,24,1,2,4.0,1.0,,1.0,2.08,1.33,-1.33,40.2,,,,,,Changeup,False
FF,2026-09-19,94.6,-1.69,6.01,"Vásquez, Randy",691788,681190,,foul,,,,,1.0,,R,L,R,SD,MIA,S,,,0,2,2026,-0.85,1.47,-0.5868455248785878,3.2663772422736956,,,805300.0,2,5,Top,,,,,,,4.742545419747856,-137.63878764617826,-4.547449865612673,-11.858232223157517,33.75236140188479,-12.729035103304794,3.220882546,1.625492126,264.0,77.7,45.0,93.6,2309.0,6.0,823249,666023,664034,665487,592518,630105,669392,701538,687957,54.54,,,,,,,,49,3,4-Seam Fastball,5,5,5,5,5,5,5,5,Infield shade,Standard,220.0,0.0,0.0,69.9,7.1,,,0.0,88.0,0,0,0.548,0.452,27,23,28,24,1,2,4.0,1.0,,1.0,1.1,0.85,-0.85,40.4,8.019626038884518,6.928635825682654,27.46663023634843,42.12671272495251,22.37099984924842,Four-seam,False
FF,2026-09-19,95.1,-1.64,5.99,"Vásquez, Randy",691788,681190,,foul,,,,,2.0,,R,L,R,SD,MIA,S,,,0,1,2026,-0.72,1.36,0.1229233874199164,3.0564588424303376,,,805300.0,2,5,Top,,,,,,,6.164362175751933,-138.29623855532233,-4.851752829636251,-10.651520558115331,34.50864216871837,-13.841466288101394,3.220882546,1.625492126,110.0,82.5,80.0,94.1,2284.0,6.0,823249,666023,664034,665487,592518,630105,669392,701538,687957,54.51,,,,,,,,49,2,4-Seam Fastball,5,5,5,5,5,5,5,5,Infield shade,Standard,213.0,0.007,-0.061,73.9,7.2,,,0.061,88.0,0,0,0.541,0.459,27,23,28,24,1,2,4.0,1.0,,1.0,1.19,0.72,-0.72,34.1,14.560492235161496,0.2578079401784696,32.66383455155521,33.05733690426696,29.02623207763162,Four-seam,False
FC,2026-09-19,92.9,-1.76,5.88,"Vásquez, Randy",691788,681190,,foul,,,,,6.0,,R,L,R,SD,MIA,S,,,0,0,2026,0.04,0.96,0.4476597720029119,2.402175147090035,,,805300.0,2,5,Top,,,,,,,5.4718560235349445,-135.0825305379853,-4.947427121205812,-0.8473878948583592,33.25600896716794,-19.50858443750396,3.220882546,1.625492126,6.0,105.6,-20.0,92.1,2553.0,6.1,823249,666023,664034,665487,592518,630105,669392,701538,687957,54.35,,,,,,,,49,1,Cutter,5,5,5,5,5,5,5,5,Standard,Standard,207.0,0.005,-0.041,77.0,7.5,,,0.041,105.6,0,0,0.536,0.464,27,23,28,24,1,2,4.0,1.0,,1.0,1.71,-0.04,0.04,35.0,-2.4397899099352696,-5.907514712247876,50.17411831937942,29.449662287352663,28.957819656207924,Cutter,False
FF,2026-09-19,95.6,-1.49,6.06,"Vásquez, Randy",682663,681190,strikeout,swinging_strike,,,,,1.0,Agustín Ramírez strikes out swinging.,R,R,R,SD,MIA,S,2.0,,1,2,2026,-0.74,1.47,-0.5129990516146976,3.184556385085102,,,805300.0,1,5,Top,,,,,,,4.22284195861997,-139.06747985120964,-5.028738505437202,-10.562327267987586,35.914121190520696,-12.260387723099903,3.256865158,1.643651575,,,,94.7,2372.0,6.1,823249,666023,664034,665487,592518,630105,669392,701538,687957,54.39,,0.0,0.0,1.0,0.0,0.0,,48,4,4-Seam Fastball,5,5,5,5,5,5,5,5,Standard,Standard,222.0,0.027,-0.179,78.9,7.3,0.309015744,,0.179,,0,0,0.509,0.491,27,24,28,25,1,2,4.0,1.0,,1.0,1.06,0.74,0.74,35.3,15.495395549513308,-11.041595662701685,16.640975072455156,33.8100124305969,35.6800331071036,Four-seam,True
FF,2026-09-19,96.0,-1.3,5.93,"Vásquez, Randy",682663,681190,,ball,,,,,14.0,,R,R,R,SD,MIA,B,,,0,2,2026,-0.67,1.51,1.2413111454062578,1.6591508491732117,,,805300.0,1,5,Top,,,,,,,8.162619330666603,-139.21047887519995,-8.837746778689583,-10.710205062354474,34.370130860697245,-10.684773629871769,3.256865158,1.643651575,,,,95.3,2401.0,6.3,823249,666023,664034,665487,592518,630105,669392,701538,687957,54.19,,,,,,,,48,3,4-Seam Fastball,5,5,5,5,5,5,5,5,Standard,Standard,218.0,-0.004,0.018,,,,,-0.018,,0,0,0.513,0.487,27,24,28,25,1,2,4.0,1.0,,1.0,1.0,0.67,0.67,35.4,,,,,,Four-seam,False
SI,2026-09-19,96.8,-1.33,5.99,"Vásquez, Randy",682663,681190,,called_strike,,,,,9.0,,R,R,R,SD,MIA,S,,,0,1,2026,-1.24,1.05,0.810620122257105,2.123173800170268,,,805300.0,1,5,Top,,,,,,,8.477305662674109,-140.70065956228456,-6.961402509344466,-18.32015693173069,30.713308119315,-16.851357838940842,3.256865158,1.643651575,,,,96.7,2451.0,6.2,823249,666023,664034,665487,592518,630105,669392,701538,687957,54.31,,,,,,,,48,2,Sinker,5,5,5,5,5,5,5,5,Standard,Standard,215.0,0.01,-0.058,,,,,0.058,,0,0,0.503,0.497,27,24,28,25,1,2,4.0,1.0,,1.0,1.38,1.24,1.24,35.7,,,,,,Sinker,False
FC,2026-09-19,93.1,-1.5,5.96,"Vásquez, Randy",682663,681190,,called_strike,,,,,6.0,,R,R,R,SD,MIA,S,,,0,0,2026,0.05,0.93,0.3470068348529648,2.51526068487371,,,805300.0,1,5,Top,,,,,,,4.552425922032992,-135.43921033243055,-4.888749930807376,-0.4327470946247668,30.798459180957614,-19.897296251945377,3.256865158,1.643651575,,,,92.6,2651.0,6.1,823249,666023,664034,665487,592518,630105,669392,701538,687957,54.4,,,,,,,,48,1,Cutter,5,5,5,5,5,5,5,5,Standard,Standard,203.0,0.006,-0.037,,,,,0.037,,0,0,0.497,0.503,27,24,28,25,1,2,4.0,1.0,,1.0,1.71,-0.05,-0.05,33.3,,,,,,Cutter,False
FF,2026-09-19,95.9,-1.75,5.93,"Vásquez, Randy",805300,681190,single,hit_into_play,,,,,5.0,Jakob Marsee singles on a line drive to left fielder Samad Taylor.,R,L,R,SD,MIA,X,7.0,line_drive,0,0,2026,-0.59,1.43,0.0426758223819808,2.5879747217243203,,,,1,5,Top,88.46,81.73,,,,,5.976546148685957,-139.33091036512093,-6.217431854002956,-9.032718517297786,33.49539123996315,-12.321606258661324,3.212106299,1.621062992,218.0,94.7,11.0,94.9,2423.0,6.0,823249,666023,664034,665487,592518,630105,669392,701538,687957,54.55,0.834,0.802,0.9,1.0,1.0,0.0,4.0,47,1,4-Seam Fastball,5,5,5,5,5,5,5,5,Standard,Standard,217.0,-0.033,0.419,66.6,6.2,,0.967,-0.419,94.7,0,0,0.53,0.47,27,25,28,25,1,2,4.0,1.0,,1.0,1.07,0.59,-0.59,33.0,3.4920038728207845,11.834152308254268,35.0307090932746,37.48081951464907,17.834101917050734,Four-seam,True
SI,2026-09-19,95.0,-1.53,5.99,"Vásquez, Randy",669364,681190,strikeout,called_strike,,,,,6.0,Xavier Edwards called out on strikes.,R,L,R,SD,MIA,S,2.0,,3,2,2026,-1.27,1.04,0.4915515767658938,2.3154208549642084,,,,0,5,Top,,,,,,,8.056615408377283,-137.98130080658368,-6.031228003286557,-18.02288082246005,31.795311062445823,-17.74777994892231,3.055011483,1.541781496,,,,94.3,2312.0,6.1,823249,666023,664034,665487,592518,630105,669392,701538,687957,54.42,,0.0,0.0,1.0,0.0,0.0,,46,9,Sinker,5,5,5,5,5,5,5,5,Infield shade,Standard,219.0,0.037,-0.346,,,,,0.346,,0,0,0.493,0.507,27,26,28,27,1,2,4.0,1.0,,,1.51,1.27,-1.27,34.8,,,,,,Sinker,True
FC,2026-09-19,92.6,-1.6,5.95,"Vásquez, Randy",669364,681190,,foul,,,,,14.0,,R,L,R,SD,MIA,S,,,3,2,2026,0.11,0.82,0.8069868170859695,1.4313777833644568,,,,0,5,Top,,,,,,,5.7888298674125584,-134.68527901994383,-7.282657978282873,0.1234979218903674,28.02091566243524,-20.83895627421065,3.055011483,1.541781496,,,,92.3,2669.0,6.1,823249,666023,664034,665487,592518,630105,669392,701538,687957,54.43,,,,,,,,46,8,Cutter,5,5,5,5,5,5,5,5,Infield shade,Standard,213.0,0.0,0.0,66.3,6.9,,,0.0,,0,0,0.493,0.507,27,26,28,27,1,2,4.0,1.0,,,1.83,-0.11,0.11,34.0,9.27646697314706,-10.926386702440723,34.29385427430262,21.72243632660228,34.73759731795084,Cutter,False
CH,2026-09-19,86.5,-1.45,6.02,"Vásquez, Randy",669364,681190,,ball,,,,,14.0,,R,L,R,SD,MIA,B,,,2,2,2026,-1.34,0.46,0.2109174460276497,1.3304884529355565,,,,0,5,Top,,,,,,,6.66451448913342,-125.6875719988806,-5.612943367031097,-15.542855042174573,26.159319429185743,-26.3731487484776,3.055011483,1.541781496,,,,86.2,1846.0,6.2,823249,666023,664034,665487,592518,630105,669392,701538,687957,54.28,,,,,,,,46,7,Changeup,5,5,5,5,5,5,5,5,Infield shade,Standard,219.0,-0.011,0.113,,,,,-0.113,,0,0,0.504,0.496,27,26,28,27,1,2,4.0,1.0,,,2.61,1.34,-1.34,39.8,,,,,,Changeup,False
CH,2026-09-19,88.5,-1.58,5.93,"Vásquez, Randy",669364,681190,,ball,,,,,7.0,,R,L,R,SD,MIA,B,,,1,2,2026,-1.34,0.99,-0.603297362031141,1.5193481665682076,,,,0,5,Top,,,,,,,5.175976854294438,-128.64617276913393,-6.474725358481862,-15.989554646683237,28.21675645405691,-20.035508283148264,3.055011483,1.541781496,,,,88.0,1952.0,6.2,823249,666023,664034,665487,592518,630105,669392,701538,687957,54.31,,,,,,,,46,6,Changeup,5,5,5,5,5,5,5,5,Infield shade,Standard,221.0,-0.005,0.046,,,,,-0.046,,0,0,0.509,0.491,27,26,28,27,1,2,4.0,1.0,,,1.94,1.34,-1.34,36.5,,,,,,Changeup,False
SI,2026-09-19,95.6,-1.78,5.87,"Vásquez, Randy",669364,681190,,foul,,,,,11.0,,R,L,R,SD,MIA,S,,,1,2,2026,-1.55,0.98,-1.3117572510917097,2.688897388363684,,,,0,5,Top,,,,,,,4.737646037896926,-139.04008774207088,-4.6961314357902095,-21.10323471289751,34.289805544474966,-18.68280920929007,3.055011483,1.541781496,201.0,68.3,32.0,94.4,2353.0,5.9,823249,666023,664034,665487,592518,630105,669392,701538,687957,54.64,,,,,,,,46,5,Sinker,5,5,5,5,5,5,5,5,Infield shade,Standard,221.0,0.0,0.0,57.2,5.9,,,0.0,88.0,0,0,0.509,0.491,27,26,28,27,1,2,4.0,1.0,,,1.54,1.55,-1.55,29.3,6.553555982437085,21.7874472811054,14.703583011450933,47.30779944511443,13.939975575326264,Sinker,False
FF,2026-09-19,95.1,-1.7,6.05,"Vásquez, Randy",669364,681190,,foul,,,,,11.0,,R,L,R,SD,MIA,S,,,1,2,2026,-0.91,1.4,-1.0939444596914507,3.125758643368379,,,,0,5,Top,,,,,,,3.618245709684619,-138.2473094724905,-4.901854368825412,-12.466939152927043,35.32795668943841,-13.398878173216335,3.055011483,1.541781496,230.0,73.6,45.0,93.9,2435.0,6.0,823249,666023,664034,665487,592518,630105,669392,701538,687957,54.51,,,,,,,,46,4,4-Seam Fastball,5,5,5,5,5,5,5,5,Infield shade,Standard,219.0,0.0,0.0,57.8,5.9,,,0.0,88.0,0,0,0.509,0.491,27,26,28,27,1,2,4.0,1.0,,,1.16,0.91,-0.91,35.1,-5.4579474567492,15.128940188173932,14.697162841418072,44.24704229581316,16.55427347672552,Four-seam,False
SI,2026-09-19,94.6,-1.66,6.01,"Vásquez, Randy",669364,681190,,foul_tip,,,,,1.0,,R,L,R,SD,MIA,S,,,1,1,2026,-1.39,1.26,-0.6357929906384765,3.034610694816063,,,,0,5,Top,,,,,,,5.716271996827192,-137.4946489726301,-4.619177054597432,-18.874739016110382,35.277233478737394,-15.375538027501127,3.055011483,1.541781496,,,,93.0,2484.0,5.8,823249,666023,664034,665487,592518,630105,669392,701538,687957,54.72,,,,,,,,46,3,Sinker,5,5,5,5,5,5,5,5,Standard,Standard,216.0,0.008,-0.06,66.0,5.4,,,0.06,,0,0,0.501,0.499,27,26,28,27,1,2,4.0,1.0,,,1.32,1.39,-1.39,32.8,-16.692475152246598,19.17625349642311,26.06781927727691,38.17004379069192,16.395100832706564,Sinker,False
FC,2026-09-19,91.3,-1.8,6.05,"Vásquez, Randy",669364,681190,,swinging_strike,,,,,11.0,,R,L,R,SD,MIA,S,,,1,0,2026,-0.03,0.85,-0.1025499430214229,3.4277575425484264,,,,0,5,Top,,,,,,,4.231763707161163,-132.87450006328007,-2.3407891196109305,-1.292587512904547,30.711276945988295,-21.793526831920392,3.055011483,1.541781496,,,,90.2,2644.0,5.8,823249,666023,664034,665487,592518,630105,669392,701538,687957,54.7,,,,,,,,46,2,Cutter,5,5,5,5,5,5,5,5,Strategic,Standard,204.0,0.006,-0.055,60.3,4.9,0.461492496,,0.055,,0,0,0.495,0.505,27,26,28,27,1,2,4.0,1.0,,,1.9,0.03,-0.03,33.7,-3.256000758023851,28.960045918083253,22.754018395082102,31.75860260103054,15.693523478925124,Cutter,False
FC,2026-09-19,91.9,-1.93,5.94,"Vásquez, Randy",669364,681190,,ball,,,,,11.0,,R,L,R,SD,MIA,B,,,0,0,2026,-0.08,0.84,-1.2974165647060691,3.722028430434132,,,,0,5,Top,,,,,,,1.7239290715033986,-133.72978264589236,-1.3858880043266577,-1.3114179135725406,31.770229428718437,-22.072959851021036,3.055011483,1.541781496,,,,90.6,2597.0,5.7,823249,666023,664034,665487,592518,630105,669392,701538,687957,54.79,,,,,,,,46,1,Cutter,5,5,5,5,5,5,5,5,Strategic,Standard,207.0,-0.005,0.042,,,,,-0.042,,0,0,0.5,0.5,27,26,28,27,1,2,4.0,1.0,,,1.88,0.08,-0.08,30.8,,,,,,Cutter,False
FF,2026-09-19,95.4,-1.64,5.94,"Vásquez, Randy",691594,681190,double_play,hit_into_play,,,,,12.0,"Padres challenged (tag-up play), call on the field was overturned: Javier Sanoja lines into an unassisted double play, first baseman Ty France. Kyle Stowers out at 1st.",R,R,R,SD,MIA,X,3.0,line_drive,0,1,2026,-0.68,1.45,1.05996739557495,2.7819937280728153,681715.0,,669065.0,1,4,Top,146.24,170.94,,,,,8.536373121969806,-138.48455599913183,-5.704679109813332,-10.803635296938236,33.488296880284715,-12.439650137214826,2.995333005,1.511663386,143.0,90.3,7.0,94.6,2344.0,6.2,823249,666023,664034,665487,592518,630105,669392,701538,687957,54.34,0.466,0.422,0.0,1.0,0.0,0.0,4.0,41,2,4-Seam Fastball,4,5,5,4,5,4,5,4,Standard,Standard,210.0,0.11,-0.1,59.0,6.8,,0.508,0.1,90.3,-1,1,0.318,0.682,27,23,28,24,1,2,4.0,1.0,,1.0,1.08,0.68,0.68,35.0,4.8556183485483215,29.30037607433376,18.61996285146945,47.39330685921512,8.078247266472673,Four-seam,True
SI,2026-09-19,95.2,-1.6,5.96,"Vásquez, Randy",691594,681190,,called_strike,,,,,6.0,,R,R,R,SD,MIA,S,,,0,0,2026,-1.31,1.04,0.4446818737201916,2.470123372321506,681715.0,,669065.0,1,4,Top,,,,,,,8.272769041428797,-138.22933764195426,-5.54142814323282,-18.709905078790293,35.37743644583263,-17.825265478612174,2.995333005,1.511663386,,,,94.4,2296.0,6.3,823249,666023,664034,665487,592518,630105,669392,701538,687957,54.21,,,,,,,,41,1,Sinker,4,5,5,4,5,4,5,4,Standard,Standard,215.0,0.01,-0.049,,,,,0.049,,-1,1,0.308,0.692,27,23,28,24,1,2,4.0,1.0,,1.0,1.52,1.31,1.31,36.2,,,,,,Sinker,False
FC,2026-09-19,91.8,-1.81,5.85,"Vásquez, Randy",669065,681190,single,hit_into_play,,,,,8.0,"Kyle Stowers singles on a ground ball to right fielder Dustin Harris, deflected by second baseman Fernando Tatis Jr. Heriberto Hernández to 3rd.",R,L,R,SD,MIA,X,4.0,ground_ball,0,0,2026,0.17,1.04,0.1210869824934217,1.5792447754823749,,,681715.0,1,4,Top,185.25,130.4,,,,,4.4129653187330975,-133.52565128012378,-7.023965090726976,1.187233648691302,27.04936650953172,-18.389674785105424,3.295480643,1.663139764,6.0,95.3,-13.0,91.7,2573.0,6.1,823249,666023,664034,665487,592518,630105,669392,701538,687957,54.39,0.187,0.168,0.9,1.0,1.0,0.0,2.0,40,1,Cutter,4,5,5,4,5,4,5,4,Standard,Standard,195.0,-0.067,0.409,76.6,6.6,,0.2,-0.409,95.3,-1,1,0.375,0.625,27,28,28,28,1,2,4.0,1.0,,1.0,1.65,-0.17,0.17,34.1,7.504871127428911,7.580196359117027,44.11420936662067,32.88889901744653,29.3965818851095,Cutter,True
FF,2026-09-19,94.8,-1.71,5.9,"Vásquez, Randy",681715,681190,single,hit_into_play,,,,,6.0,Heriberto Hernández singles on a fly ball to left fielder Samad Taylor.,R,R,R,SD,MIA,X,7.0,fly_ball,3,2,2026,-0.57,1.47,0.6782495282356643,2.443727651492378,,,,1,4,Top,91.01,105.01,,,,,7.409117576134353,-137.7056741778105,-6.417637530921109,-8.945743806637777,32.645013987616615,-12.21143084869126,3.178756562,1.604232283,250.0,72.3,35.0,94.0,2354.0,6.1,823249,666023,664034,665487,592518,630105,669392,701538,687957,54.44,0.494,0.481,0.9,1.0,1.0,0.0,3.0,39,8,4-Seam Fastball,4,5,5,4,5,4,5,4,Standard,Standard,218.0,-0.021,0.335,72.5,8.0,,0.587,-0.335,88.0,-1,1,0.396,0.604,27,26,28,27,1,2,4.0,1.0,,1.0,1.09,0.57,0.57,34.4,21.771317340613805,-9.2889076142124,25.797923352071603,46.1344683642679,40.52658701965455,Four-seam,True
FF,2026-09-19,95.2,-1.69,6.0,"Vásquez, Randy",681715,681190,,foul,,,,,11.0,,R,R,R,SD,MIA,S,,,3,2,2026,-0.79,1.47,-0.8855398990142609,2.61145511038573,,,,1,4,Top,,,,,,,3.8707424943415463,-138.5874532346655,-6.370215356529891,-11.076712892755095,30.5537537871003,-12.01850910929617,3.178756562,1.604232283,4.0,80.5,-32.0,94.8,2387.0,6.0,823249,666023,664034,665487,592518,630105,669392,701538,687957,54.48,,,,,,,,39,7,4-Seam Fastball,4,5,5,4,5,4,5,4,Standard,Standard,214.0,0.0,0.0,45.8,5.1,,,0.0,88.0,-1,1,0.396,0.604,27,26,28,27,1,2,4.0,1.0,,1.0,1.04,0.79,0.79,34.1,-8.496936313441562,48.84768786655042,26.333391003312418,28.084634852292048,10.087037274279863,Four-seam,False
FF,2026-09-19,94.3,-1.73,5.95,"Vásquez, Randy",681715,681190,,foul,,,,,4.0,,R,R,R,SD,MIA,S,,,3,2,2026,-0.82,1.24,-0.5328303508863508,2.5760705116884974,,,,1,4,Top,,,,,,,4.918650580335548,-137.18949879077158,-5.614484747197548,-11.515448592617764,31.121144500128185,-15.503164649542937,3.178756562,1.604232283,180.0,86.7,10.0,93.9,2376.0,6.1,823249,666023,664034,665487,592518,630105,669392,701538,687957,54.4,,,,,,,,39,6,4-Seam Fastball,4,5,5,4,5,4,5,4,Standard,Standard,217.0,0.0,0.0,53.2,5.5,,,0.0,88.0,-1,1,0.396,0.604,27,26,28,27,1,2,4.0,1.0,,1.0,1.33,0.82,0.82,34.2,-10.192728585546847,48.79673401672124,27.548299796695215,31.869482985438367,11.30093665021324,Four-seam,False
FF,2026-09-19,95.3,-1.66,6.0,"Vásquez, Randy",681715,681190,,ball,,,,,11.0,,R,R,R,SD,MIA,B,,,2,2,2026,-0.74,1.3,-0.3957682557633361,3.8539944866658247,,,,1,4,Top,,,,,,,4.928578150880609,-138.6935755507479,-2.768304191671944,-10.659478897075,32.450613911930944,-15.012697931125656,3.178756562,1.604232283,,,,94.4,2486.0,5.9,823249,666023,664034,665487,592518,630105,669392,701538,687957,54.63,,,,,,,,39,5,4-Seam Fastball,4,5,5,4,5,4,5,4,Standard,Standard,215.0,-0.007,0.112,,,,,-0.112,,-1,1,0.403,0.597,27,26,28,27,1,2,4.0,1.0,,1.0,1.22,0.74,0.74,34.5,,,,,,Four-seam,False
FF,2026-09-19,95.1,-1.73,5.97,"Vásquez, Randy",681715,681190,,swinging_strike,,,,,12.0,,R,R,R,SD,MIA,S,,,2,1,2026,-0.5,1.42,0.0713404023412316,3.3583073758295554,,,,1,4,Top,,,,,,,5.761088983594648,-138.2874328113238,-4.174068716199106,-7.737746646806767,33.35721317193661,-13.227444115765834,3.178756562,1.604232283,,,,94.2,2460.0,6.0,823249,666023,664034,665487,592518,630105,669392,701538,687957,54.51,,,,,,,,39,4,4-Seam Fastball,4,5,5,4,5,4,5,4,Standard,Standard,218.0,0.005,-0.075,74.8,7.3,0.375710352,,0.075,,-1,1,0.398,0.602,27,26,28,27,1,2,4.0,1.0,,1.0,1.12,0.5,0.5,33.8,13.215043223981027,6.581138750674129,17.812443032214418,39.4720826669257,25.815233259445986,Four-seam,False
FC,2026-09-19,92.3,-1.81,5.94,"Vásquez, Randy",681715,681190,,ball,,,,,12.0,,R,R,R,SD,MIA,B,,,1,1,2026,0.17,0.87,1.2709204416405289,3.747591206373413,,,,1,4,Top,,,,,,,7.316650787753726,-134.33005599571865,-1.4912887171933489,0.3912213531362856,29.581357278468513,-21.513084656267644,3.178756562,1.604232283,,,,91.7,2686.0,6.0,823249,666023,664034,665487,592518,630105,669392,701538,687957,54.55,,,,,,,,39,3,Cutter,4,5,5,4,5,4,5,4,Standard,Standard,198.0,-0.003,0.056,,,,,-0.056,,-1,1,0.401,0.599,27,26,28,27,1,2,4.0,1.0,,1.0,1.81,-0.17,-0.17,33.4,,,,,,Cutter,False
SI,2026-09-19,95.0,-1.57,5.97,"Vásquez, Randy",681715,681190,,ball,,,,,14.0,,R,R,R,SD,MIA,B,,,0,1,2026,-1.27,1.14,1.589032247850037,2.068208646384881,,,,1,4,Top,,,,,,,10.9620813158931,-137.74720054010604,-6.816625389357211,-18.736339892358497,32.401031088189924,-16.20096508271479,3.178756562,1.604232283,,,,93.9,2415.0,6.0,823249,666023,664034,665487,592518,630105,669392,701538,687957,54.53,,,,,,,,39,2,Sinker,4,5,5,4,5,4,5,4,Standard,Standard,216.0,-0.002,0.032,,,,,-0.032,,-1,1,0.403,0.597,27,26,28,27,1,2,4.0,1.0,,1.0,1.41,1.27,1.27,33.8,,,,,,Sinker,False
FC,2026-09-19,92.1,-1.89,5.88,"Vásquez, Randy",681715,681190,,called_strike,,,,,9.0,,R,R,R,SD,MIA,S,,,0,0,2026,0.01,0.8,0.3783109084649872,1.7763885892883169,,,,1,4,Top,,,,,,,5.612851026169339,-133.98597959247604,-6.062936128952878,-1.119073680863169,28.9561849643592,-21.47271289072356,3.178756562,1.604232283,,,,91.4,2511.0,5.9,823249,666023,664034,665487,592518,630105,669392,701538,687957,54.6,,,,,,,,39,1,Cutter,4,5,5,4,5,4,5,4,Standard,Standard,201.0,0.003,-0.041,,,,,0.041,,-1,1,0.4,0.6,27,26,28,27,1,2,4.0,1.0,,1.0,1.89,-0.01,-0.01,38.8,,,,,,Cutter,False
SI,2026-09-19,95.7,-1.63,6.06,"Vásquez, Randy",672640,681190,field_out,hit_into_play,,,,,1.0,Otto Lopez lines out to shortstop Jake Cronenworth.,R,R,R,SD,MIA,X,6.0,line_drive,2,2,2026,-1.29,1.11,-0.3711533968861309,2.7161433612418957,,,,0,4,Top,109.75,147.63,,,,,6.215503292041559,-139.07154069474706,-5.455672352584469,-18.177289344580405,33.94430878127616,-16.798965978310363,3.136630577,1.582972441,148.0,103.1,7.0,95.0,2429.0,6.1,823249,666023,664034,665487,592518,630105,669392,701538,687957,54.35,0.637,0.591,0.0,1.0,0.0,0.0,4.0,38,6,Sinker,4,5,5,4,5,4,5,4,Standard,Standard,213.0,0.02,-0.232,72.8,6.4,,0.716,0.232,103.1,-1,1,0.38,0.62,27,27,28,28,1,2,4.0,1.0,,1.0,1.41,1.29,1.29,36.1,3.5673598251112097,-3.70425915339245,24.888336226341583,33.065089975150705,31.14337385405362,Sinker,True
FC,2026-09-19,94.0,-1.72,5.96,"Vásquez, Randy",672640,681190,,foul,,,,,12.0,,R,R,R,SD,MIA,S,,,2,2,2026,-0.1,0.96,0.931860311252708,2.6736910698360727,,,,0,4,Top,,,,,,,6.983705579161607,-136.63834525728646,-4.71330455589504,-2.8060268217782114,31.1566605921738,-19.30312145563667,3.136630577,1.582972441,4.0,65.7,-33.0,93.5,2664.0,6.2,823249,666023,664034,665487,592518,630105,669392,701538,687957,54.35,,,,,,,,38,5,Cutter,4,5,5,4,5,4,5,4,Standard,Standard,206.0,0.0,0.0,70.9,6.6,,,0.0,88.0,-1,1,0.38,0.62,27,27,28,28,1,2,4.0,1.0,,1.0,1.63,0.1,0.1,34.0,6.656454646290637,0.170672938178349,23.085031761390535,47.56090613668263,27.79898239569022,Cutter,False
SL,2026-09-19,87.2,-1.68,5.97,"Vásquez, Randy",672640,681190,,ball,,,,,12.0,,R,R,R,SD,MIA,B,,,1,2,2026,0.77,0.37,1.9408505625921009,2.426427804087616,,,,0,4,Top,,,,,,,6.919368497777168,-126.89422442729158,-2.8795721670311205,6.83882931603754,26.495581933958334,-27.81251411761469,3.136630577,1.582972441,,,,86.5,3039.0,5.9,823249,666023,664034,665487,592518,630105,669392,701538,687957,54.64,,,,,,,,38,4,Slider,4,5,5,4,5,4,5,4,Standard,Standard,108.0,-0.004,0.046,,,,,-0.046,,-1,1,0.384,0.616,27,27,28,28,1,2,4.0,1.0,,1.0,2.63,-0.77,-0.77,35.1,,,,,,Slider,False
FF,2026-09-19,94.6,-1.68,5.96,"Vásquez, Randy",672640,681190,,swinging_strike,,,,,3.0,,R,R,R,SD,MIA,S,,,1,1,2026,-0.79,1.6,0.7999013246670129,2.9078880816732138,,,,0,4,Top,,,,,,,8.113988153492395,-137.47419779753614,-5.654050607827061,-11.8550069774016,32.00336719055334,-10.795704747834147,3.136630577,1.582972441,,,,93.9,2481.0,6.1,823249,666023,664034,665487,592518,630105,669392,701538,687957,54.43,,,,,,,,38,3,4-Seam Fastball,4,5,5,4,5,4,5,4,Standard,Standard,224.0,0.006,-0.06,71.0,6.1,0.145797036,,0.06,,-1,1,0.378,0.622,27,27,28,28,1,2,4.0,1.0,,1.0,0.96,0.79,0.79,31.2,-1.6416427758050516,16.882053994958117,28.509210508416757,46.38945589028292,13.990569493985102,Four-seam,False
FC,2026-09-19,93.1,-1.75,5.93,"Vásquez, Randy",672640,681190,,ball,,,,,12.0,,R,R,R,SD,MIA,B,,,0,1,2026,-0.01,0.94,1.3985464986365042,2.8176899197241543,,,,0,4,Top,,,,,,,7.96182188651315,-135.35862108923467,-4.092410960037423,-1.8436500412619328,28.75991622230546,-19.908804234258422,3.136630577,1.582972441,,,,92.7,2723.0,6.1,823249,666023,664034,665487,592518,630105,669392,701538,687957,54.45,,,,,,,,38,2,Cutter,4,5,5,4,5,4,5,4,Standard,Standard,198.0,-0.002,0.029,,,,,-0.029,,-1,1,0.38,0.62,27,27,28,28,1,2,4.0,1.0,,1.0,1.69,0.01,0.01,33.9,,,,,,Cutter,False
FC,2026-09-19,93.4,-1.99,5.88,"Vásquez, Randy",672640,681190,,called_strike,,,,,2.0,,R,R,R,SD,MIA,S,,,0,0,2026,-0.13,1.01,0.1968314187412139,2.806162849022085,,,,0,4,Top,,,,,,,5.79788007196516,-135.83884570760927,-4.160705543522327,-2.9573548314196167,31.052841015826292,-18.954795672995253,3.136630577,1.582972441,,,,92.5,2539.0,5.9,823249,666023,664034,665487,592518,630105,669392,701538,687957,54.64,,,,,,,,38,1,Cutter,4,5,5,4,5,4,5,4,Standard,Standard,215.0,0.003,-0.041,,,,,0.041,,-1,1,0.377,0.623,27,27,28,28,1,2,4.0,1.0,,1.0,1.61,0.13,0.13,31.5,,,,,,Cutter,False
SL,2026-09-15,85.8,-1.61,5.89,"Vásquez, Randy",691720,681190,field_out,hit_into_play,,,,,14.0,Kyle Karros lines out to shortstop Xander Bogaerts.,R,R,R,COL,SD,X,6.0,line_drive,0,1,2026,0.48,-0.02,0.2545372798758923,1.5961903795949786,,,,2,8,Bot,106.48,132.78,,,,,3.3566833385135366,-125.11902444760412,-3.785771151934772,4.665325651586692,18.871351708100644,-32.02205560636175,3.431512467,1.731791339,176.0,80.8,13.0,86.7,2913.0,6.2,824307,669134,664034,630105,823550,593428,687749,687957,665487,54.34,0.569,0.527,0.0,1.0,0.0,0.0,4.0,77,2,Slider,9,3,9,3,3,9,9,3,Standard,Standard,113.0,0.0,-0.217,60.8,7.4,,0.642,0.217,88.0,6,6,0.997,0.997,27,23,28,24,2,4,2.0,1.0,4.0,1.0,3.05,-0.48,-0.48,35.5,12.565832847784645,-8.91119381576476,45.24214485868344,38.11439279239862,28.881154509588107,Slider,True
FC,2026-09-15,92.8,-1.77,5.96,"Vásquez, Randy",691720,681190,,foul,,,,,7.0,,R,R,R,COL,SD,S,,,0,0,2026,0.14,0.58,-0.3889800202392273,1.722874473525572,,,,2,8,Bot,,,,,,,3.175770421399201,-135.396907770713,-6.271513272811683,1.3189208922129094,20.735059452390356,-24.07330760568738,3.431512467,1.731791339,158.0,71.1,16.0,93.8,2526.0,6.1,824307,669134,664034,630105,823550,593428,687749,687957,665487,54.43,,,,,,,,77,1,Cutter,9,3,9,3,3,9,9,3,Standard,Standard,210.0,0.0,-0.045,73.1,6.8,,,0.045,88.0,6,6,0.997,0.997,27,23,28,24,2,4,2.0,1.0,4.0,1.0,1.99,-0.14,-0.14,35.5,1.2472389698551023,-9.107569431845588,53.838348403520925,31.774698773408367,23.840766421495296,Cutter,False
FF,2026-09-15,94.5,-1.64,5.87,"Vásquez, Randy",681198,681190,field_out,hit_into_play,,,,,12.0,"TJ Rumfield grounds out, second baseman Jake Cronenworth to first baseman Ty France.",R,L,R,COL,SD,X,4.0,ground_ball,1,2,2026,-0.45,0.99,0.8880521821117742,2.866059020954366,,,,1,8,Bot,157.22,142.68,,,,,7.486864542284802,-137.62079269770746,-4.283932285983663,-7.109756017217333,24.3207306587343,-18.793486306740313,3.422736221,1.727362205,122.0,63.4,15.0,95.0,2307.0,6.1,824307,669134,664034,630105,823550,593428,687749,687957,665487,54.42,0.223,0.201,0.0,1.0,0.0,0.0,2.0,76,4,4-Seam Fastball,9,3,9,3,3,9,9,3,Infield shade,Standard,222.0,-0.001,-0.182,62.0,5.2,,0.226,0.182,88.0,6,6,0.998,0.998,27,26,28,26,2,4,2.0,1.0,4.0,2.0,1.52,0.45,-0.45,33.6,1.9868048349786915,1.6015559386813667,36.06491230773241,22.39821513388167,25.16982834238905,Four-seam,True
CH,2026-09-15,88.7,-1.6,6.02,"Vásquez, Randy",681198,681190,,foul,,,,,4.0,,R,L,R,COL,SD,S,,,1,1,2026,-1.0,0.93,-0.5231258806796187,2.3762435339470036,,,,1,8,Bot,,,,,,,4.702519774246878,-129.14818098464528,-4.666797772199666,-12.135990379343482,23.64025403650212,-21.032038783661807,3.422736221,1.727362205,185.0,72.8,65.0,88.9,1928.0,6.1,824307,669134,664034,630105,823550,593428,687749,687957,665487,54.39,,,,,,,,76,3,Changeup,9,3,9,3,3,9,9,3,Infield shade,Standard,218.0,0.0,-0.07,72.8,6.7,,,0.07,88.0,6,6,0.998,0.998,27,26,28,26,2,4,2.0,1.0,4.0,2.0,1.94,1.0,-1.0,38.8,10.111757526140163,-5.150544209555223,33.380837159814234,38.897351757660246,38.25323343170024,Changeup,False
FF,2026-09-15,94.1,-1.73,6.04,"Vásquez, Randy",681198,681190,,ball,,,,,11.0,,R,L,R,COL,SD,B,,,0,1,2026,-0.73,1.1,-2.0414072907219207,3.2790112892274266,,,,1,8,Bot,,,,,,,0.8413326099616495,-137.16725287481086,-3.831446213039228,-9.445062715704106,25.42674414286288,-17.568165097524997,3.422736221,1.727362205,,,,94.4,2424.0,6.0,824307,669134,664034,630105,823550,593428,687749,687957,665487,54.51,,,,,,,,76,2,4-Seam Fastball,9,3,9,3,3,9,9,3,Infield shade,Standard,219.0,0.0,0.032,,,,,-0.032,,6,6,0.998,0.998,27,26,28,26,2,4,2.0,1.0,4.0,2.0,1.43,0.73,-0.73,35.5,,,,,,Four-seam,False
FF,2026-09-15,94.6,-1.83,5.95,"Vásquez, Randy",681198,681190,,foul,,,,,7.0,,R,L,R,COL,SD,S,,,0,0,2026,-0.65,0.99,-0.3228134079604128,2.164470252261375,,,,1,8,Bot,,,,,,,5.322108693275343,-137.76995720649228,-6.290161749548263,-9.36417524217952,26.660242301011788,-18.366558312236556,3.422736221,1.727362205,226.0,83.8,61.0,94.9,2411.0,6.1,824307,669134,664034,630105,823550,593428,687749,687957,665487,54.36,,,,,,,,76,1,4-Seam Fastball,9,3,9,3,3,9,9,3,Infield shade,Strategic,218.0,0.0,-0.041,75.7,6.7,,,0.041,88.0,6,6,0.998,0.998,27,26,28,26,2,4,2.0,1.0,4.0,2.0,1.52,0.65,-0.65,32.9,5.1714351773251295,-2.413336320889742,39.63725843533761,36.94831818024216,29.873582371764925,Four-seam,False
FC,2026-09-15,90.7,-1.93,5.96,"Vásquez, Randy",694249,681190,strikeout,called_strike,,,,,7.0,"Cole Carrigg challenged (pitch result), call on the field was confirmed: Cole Carrigg called out on strikes.",R,L,R,COL,SD,S,2.0,,1,2,2026,0.27,0.68,-0.595825172836122,1.965744295634623,,,,0,8,Bot,,,,,,,2.7027025200687387,-132.26118493277534,-5.428690541397845,2.7455851840472345,22.449292540554513,-23.338171692862023,3.284949147,1.657824803,,,,91.0,2635.0,5.9,824307,669134,664034,630105,823550,593428,687749,687957,665487,54.63,,0.0,0.0,1.0,0.0,0.0,,75,4,Cutter,9,3,9,3,3,9,9,3,Infield shade,Standard,196.0,0.0,-0.187,,,,,0.187,,6,6,0.998,0.998,27,24,28,24,2,4,2.0,1.0,4.0,1.0,2.04,-0.27,0.27,31.4,,,,,,Cutter,True
CH,2026-09-15,87.5,-1.63,6.13,"Vásquez, Randy",694249,681190,,ball,,,,,11.0,,R,L,R,COL,SD,B,,,0,2,2026,-0.82,0.21,-2.5296829322460685,3.97089647435676,,,,0,8,Bot,,,,,,,-0.4101853185920047,-127.61898063857426,0.5411264352852402,-9.016432292891812,22.099796830489463,-30.1304445083337,3.284949147,1.657824803,,,,87.5,1712.0,5.8,824307,669134,664034,630105,823550,593428,687749,687957,665487,54.71,,,,,,,,75,3,Changeup,9,3,9,3,3,9,9,3,Infield shade,Standard,215.0,0.0,0.022,,,,,-0.022,,6,6,0.998,0.998,27,24,28,24,2,4,2.0,1.0,4.0,1.0,2.72,0.82,-0.82,36.8,,,,,,Changeup,False
CH,2026-09-15,88.1,-1.86,5.96,"Vásquez, Randy",694249,681190,,swinging_strike,,,,,7.0,,R,L,R,COL,SD,S,,,0,1,2026,-0.81,0.19,-0.2992517650907447,1.672565598325599,,,,0,8,Bot,,,,,,,5.427379588542237,-128.35656002094728,-4.594129129255837,-9.946260774847309,21.623645001573134,-29.430694877108404,3.284949147,1.657824803,,,,88.7,1925.0,6.2,824307,669134,664034,630105,823550,593428,687749,687957,665487,54.31,,,,,,,,75,2,Changeup,9,3,9,3,3,9,9,3,Infield shade,Standard,221.0,0.0,-0.054,73.7,7.5,0.591459144,,0.054,,6,6,0.998,0.998,27,24,28,24,2,4,2.0,1.0,4.0,1.0,2.7,0.81,-0.81,37.3,18.3625434492208,-7.962189075928727,40.476465386594555,37.04240463301224,37.34159513897306,Changeup,False
FC,2026-09-15,90.2,-1.89,6.03,"Vásquez, Randy",694249,681190,,called_strike,,,,,11.0,,R,L,R,COL,SD,S,,,0,0,2026,0.22,0.64,-0.581642294444285,3.462798871409567,,,,0,8,Bot,,,,,,,2.7300415203607593,-131.554845593075,-1.7500608704431255,2.0870249640493173,22.310378267552338,-24.545500927369662,3.284949147,1.657824803,,,,90.4,2546.0,5.8,824307,669134,664034,630105,823550,593428,687749,687957,665487,54.69,,,,,,,,75,1,Cutter,9,3,9,3,3,9,9,3,Infield shade,Standard,195.0,0.0,-0.041,,,,,0.041,,6,6,0.998,0.998,27,24,28,24,2,4,2.0,1.0,4.0,1.0,2.11,-0.22,0.22,35.4,,,,,,Cutter,False
FF,2026-09-15,94.9,-1.73,5.92,"Vásquez, Randy",691182,681190,force_out,hit_into_play,,,,,5.0,"Adael Amador grounds into a force out, fielded by shortstop Xander Bogaerts. Jake McCarthy out at 2nd.",R,L,R,COL,SD,X,6.0,ground_ball,0,1,2026,-0.54,0.97,0.1143231202116317,2.3323178973288874,,691728.0,664983.0,2,7,Bot,128.75,129.2,,,,,5.985643063396173,-138.1147959506579,-5.796820955270768,-8.173466844031125,25.87330672926242,-18.645180985516458,3.172613189,1.60113189,5.0,90.4,-26.0,95.3,2261.0,6.2,824307,669134,664034,630105,592518,593428,687957,701538,665487,54.32,0.049,0.044,0.0,1.0,0.0,0.0,2.0,71,2,4-Seam Fastball,9,3,9,3,3,9,9,3,Infield shade,Standard,223.0,-0.001,-0.252,64.6,5.5,,0.06,0.252,90.4,6,6,0.993,0.993,27,23,28,23,2,4,2.0,1.0,4.0,1.0,1.53,0.54,-0.54,34.8,-12.153775475582082,19.474948441160116,38.04041054801456,31.6806686507008,21.790465006403,Four-seam,True
FC,2026-09-15,92.5,-1.77,5.99,"Vásquez, Randy",691182,681190,,foul_tip,,,,,8.0,,R,L,R,COL,SD,S,,,0,0,2026,0.16,0.49,0.2069939514232452,1.8141431059764903,,691728.0,664983.0,2,7,Bot,,,,,,,4.590719334345233,-134.80937232570574,-5.791129895847379,1.2053518581925082,23.075316004659665,-25.269547847574028,3.172613189,1.60113189,,,,92.9,2515.0,6.0,824307,669134,664034,630105,592518,593428,687957,701538,665487,54.51,,,,,,,,71,1,Cutter,9,3,9,3,3,9,9,3,Infield shade,Standard,205.0,0.0,-0.032,69.2,6.7,,,0.032,,6,6,0.993,0.993,27,23,28,23,2,4,2.0,1.0,4.0,1.0,2.12,-0.16,0.16,35.0,4.5292615292015475,-5.570570701507811,29.697964751518395,31.176056259867742,35.11769685577538,Cutter,False
FF,2026-09-15,95.7,-1.7,5.93,"Vásquez, Randy",664983,681190,single,hit_into_play,,,,,8.0,Jake McCarthy singles on a line drive to center fielder Jackson Merrill. Zac Veen to 2nd.,R,L,R,COL,SD,X,8.0,line_drive,0,0,2026,-0.62,0.98,-0.0084772484960913,1.874309331662905,,,691728.0,2,7,Bot,108.84,81.45,,,,,5.8387429098121855,-139.30782577338857,-7.172658674686427,-9.35095540487347,27.610169314429815,-18.05795289013154,3.228781168,1.629478347,250.0,95.4,13.0,96.2,2355.0,6.3,824307,669134,664034,630105,592518,593428,687957,701538,665487,54.18,0.951,0.924,0.9,1.0,1.0,0.0,4.0,70,1,4-Seam Fastball,9,3,9,3,3,9,9,3,Standard,Standard,214.0,0.001,0.343,75.1,7.0,,1.16,-0.343,95.4,6,6,0.992,0.992,27,28,28,29,1,4,2.0,1.0,4.0,1.0,1.48,0.62,-0.62,35.5,1.4104174847171638,7.094740926768276,40.10551804639958,40.591481305782,22.67279699205542,Four-seam,True
SL,2026-09-15,87.1,-1.79,5.8,"Vásquez, Randy",691728,681190,single,hit_into_play,,,,,14.0,Zac Veen singles on a sharp line drive to right fielder Fernando Tatis Jr. Ezequiel Tovar scores.,R,L,R,COL,SD,X,9.0,line_drive,1,2,2026,0.55,-0.05,0.354984463746686,1.4946748453820748,678662.0,,,2,7,Bot,180.12,110.87,,,,,3.920620425765073,-126.9347629749816,-3.960885419324344,5.3781630242697975,21.328741724421384,-32.17706780932406,3.363057743,1.697244095,257.0,106.8,13.0,87.5,2906.0,6.1,824307,669134,664034,630105,592518,593428,687957,701538,665487,54.41,0.863,0.863,0.9,1.0,1.0,0.0,5.0,69,4,Slider,8,3,8,3,3,9,9,3,Infield shade,Standard,99.0,0.008,0.769,71.8,7.8,,1.162,-0.769,106.8,5,5,0.984,0.984,27,24,28,25,1,3,2.0,2.0,4.0,2.0,3.0,-0.55,0.55,31.0,19.82108632684974,-5.114502848379335,36.953392986379654,34.583503611592874,36.63946926904315,Slider,True
SI,2026-09-15,93.9,-1.62,5.97,"Vásquez, Randy",691728,681190,,foul,,,,,14.0,,R,L,R,COL,SD,S,,,1,1,2026,-1.03,0.6,0.8697066813379142,2.3030370090423125,678662.0,,,2,7,Bot,,,,,,,8.649050366020647,-136.5898995984576,-4.943059642241051,-14.744551641581957,27.167991255631716,-23.826731781858484,3.363057743,1.697244095,423.0,110.4,42.0,94.1,2346.0,6.2,824307,669134,664034,630105,592518,593428,687957,701538,665487,54.3,,,,,,,,69,3,Sinker,8,3,8,3,3,8,8,3,Standard,Standard,218.0,-0.001,-0.061,80.1,7.6,,,0.061,110.4,5,5,0.985,0.985,27,24,28,25,1,3,2.0,2.0,4.0,2.0,1.97,1.03,-1.03,35.5,17.377889740302138,-17.84169808460407,36.91760503484323,28.159337711345895,48.171333426112184,Sinker,False
FF,2026-09-15,95.3,-1.64,5.93,"Vásquez, Randy",691728,681190,,ball,,,,,12.0,,R,L,R,COL,SD,B,,,0,1,2026,-0.59,1.05,1.482252878595366,2.5833114051380246,678662.0,,,2,7,Bot,,,,,,,9.42206239403578,-138.52674050299075,-5.40243121447398,-9.52708989894554,26.177132679202888,-17.633916348902726,3.363057743,1.697244095,,,,95.6,2411.0,6.2,824307,669134,664034,630105,592518,593428,687957,701538,665487,54.34,,,,,,,,69,2,4-Seam Fastball,8,3,8,3,3,8,8,3,Strategic,Standard,215.0,0.0,0.03,,,,,-0.03,,5,5,0.985,0.985,27,24,28,25,1,3,2.0,2.0,4.0,2.0,1.44,0.59,-0.59,33.8,,,,,,Four-seam,False
FF,2026-09-15,95.1,-1.68,5.93,"Vásquez, Randy",691728,681190,,foul,,,,,9.0,,R,L,R,COL,SD,S,,,0,0,2026,-0.5,1.17,0.5990980492710744,2.071113572887728,678662.0,,,2,7,Bot,,,,,,,7.015291847855757,-138.25541671055856,-6.91665205848066,-7.971476670600679,29.283921675536597,-15.814666628732953,3.363057743,1.697244095,131.0,72.8,72.0,95.1,2413.0,6.2,824307,669134,664034,630105,592518,593428,687957,701538,665487,54.29,,,,,,,,69,1,4-Seam Fastball,8,3,8,3,3,8,8,3,Strategic,Standard,212.0,0.0,-0.034,73.8,7.4,,,0.034,88.0,5,5,0.985,0.985,27,24,28,25,1,3,2.0,2.0,4.0,2.0,1.35,0.5,-0.5,34.0,10.835167712579995,-6.273773313898271,41.51635363781786,31.89344391459461,32.97092587300051,Four-seam,False
FF,2026-09-15,95.1,-1.74,5.99,"Vásquez, Randy",664954,681190,field_out,hit_into_play,,,,,5.0,"Brett Sullivan grounds out, second baseman Jake Cronenworth to first baseman Ty France. Ezequiel Tovar to 3rd.",R,L,R,COL,SD,X,4.0,ground_ball,0,0,2026,-0.4,1.2,-0.1659972841061749,2.4977499555938953,,678662.0,,1,7,Bot,156.88,158.78,,,,,4.982141767478773,-138.36800625143746,-6.039272254861629,-6.244379477333611,27.95838583822237,-15.639374485071649,3.174368438,1.602017717,36.0,100.7,-3.0,95.1,2341.0,6.1,824307,669134,664034,630105,592518,593428,687957,701538,665487,54.4,0.381,0.357,0.0,1.0,0.0,0.0,2.0,68,1,4-Seam Fastball,8,3,8,3,3,8,8,3,Infield shade,Standard,215.0,-0.002,-0.249,73.3,7.1,,0.432,0.249,100.7,5,5,0.987,0.987,27,32,28,32,1,3,2.0,1.0,4.0,2.0,1.3,0.4,-0.4,34.5,7.24072823276784,-3.369146997482457,28.285016132842983,39.17337722163165,26.987456599398083,Four-seam,True
SI,2026-09-15,94.6,-1.44,5.98,"Vásquez, Randy",687859,681190,double,hit_into_play,,,,,5.0,Troy Johnston doubles (31) on a line drive to left fielder Dustin Harris. Kyle Karros scores.,R,L,R,COL,SD,X,7.0,line_drive,0,2,2026,-1.07,0.69,0.212107525640776,2.6227187269725567,,,691720.0,1,7,Bot,83.94,70.88,,,,,6.62691592394507,-137.69151974505053,-4.438681952708466,-15.052166330249692,29.134269274952427,-22.54908578871003,3.159448819,1.594488189,285.0,94.6,16.0,94.3,2368.0,6.0,824307,669134,664034,630105,592518,593428,687957,701538,665487,54.49,0.691,0.636,1.25,1.0,1.0,1.0,4.0,67,3,Sinker,7,3,7,3,3,8,8,3,Infield shade,Standard,211.0,0.018,0.888,69.4,5.7,,0.831,-0.888,94.6,4,4,0.969,0.969,27,29,28,29,1,3,2.0,2.0,4.0,1.0,1.84,1.07,-1.07,36.0,-1.997605121033395,0.2629384379185779,35.08374922177686,30.207012776904023,24.450640521885127,Sinker,True
CH,2026-09-15,89.7,-1.68,6.0,"Vásquez, Randy",687859,681190,,swinging_strike,,,,,11.0,,R,L,R,COL,SD,S,,,0,1,2026,-0.99,0.67,-1.1137737632051894,2.9034142008315977,,,691720.0,1,7,Bot,,,,,,,3.4925619056143056,-130.73877404488437,-2.956369851093662,-12.061605800640006,24.819794046121217,-24.09388371509535,3.159448819,1.594488189,,,,89.7,1969.0,6.0,824307,669134,664034,630105,592518,593428,687957,701538,665487,54.51,,,,,,,,67,2,Changeup,7,3,7,3,3,7,7,3,Standard,Standard,214.0,-0.001,-0.058,70.8,6.9,0.569901624,,0.058,,4,4,0.97,0.97,27,29,28,29,1,3,2.0,2.0,4.0,1.0,2.13,0.99,-0.99,39.1,15.187040608899716,-7.762250741411316,20.52376046059552,46.919183139744455,33.02260608444374,Changeup,False
SI,2026-09-15,94.4,-1.56,6.0,"Vásquez, Randy",687859,681190,,called_strike,,,,,5.0,,R,L,R,COL,SD,S,,,0,0,2026,-0.97,0.81,0.259241180035301,2.571956626916891,,,691720.0,1,7,Bot,,,,,,,6.828037452641642,-137.3118541012698,-4.838085087228252,-13.799954197648429,29.318983379286824,-21.023074063220232,3.159448819,1.594488189,,,,94.0,2325.0,6.0,824307,669134,664034,630105,592518,593428,687957,701538,665487,54.51,,,,,,,,67,1,Sinker,7,3,7,3,3,7,7,3,Infield shade,Standard,216.0,-0.001,-0.037,,,,,0.037,,4,4,0.971,0.971,27,29,28,29,1,3,2.0,2.0,4.0,1.0,1.74,0.97,-0.97,34.5,,,,,,Sinker,False
SI,2026-09-15,94.8,-1.7,6.01,"Vásquez, Randy",666160,681190,field_out,hit_into_play,,,,,4.0,Mickey Moniak flies out to center fielder Jackson Merrill.,R,L,R,COL,SD,X,8.0,fly_ball,0,1,2026,-1.02,0.64,-0.4253016040627377,2.736975791489236,,,691720.0,0,7,Bot,118.54,70.65,,,,,5.5619025208214,-137.99163051644558,-4.143113215033935,-14.206989489967029,28.96437136115004,-23.256122099748374,3.254232283,1.642322835,320.0,84.2,30.0,94.6,2289.0,6.0,824307,669134,664034,630105,592518,593428,687957,701538,665487,54.48,0.049,0.055,0.0,1.0,0.0,0.0,3.0,66,2,Sinker,7,3,7,3,3,7,7,3,Standard,Standard,213.0,-0.003,-0.205,72.7,7.5,,0.089,0.205,88.0,4,4,0.974,0.974,27,28,28,28,1,3,2.0,1.0,4.0,2.0,1.88,1.02,-1.02,36.0,5.9291228411887795,-9.5344422187661,33.95552496358163,43.36779669809476,26.795497909531615,Sinker,True
SL,2026-09-15,86.8,-1.87,5.82,"Vásquez, Randy",666160,681190,,foul,,,,,5.0,,R,L,R,COL,SD,S,,,0,0,2026,0.57,0.35,-0.125137917899793,2.6328104694785854,,,691720.0,0,7,Bot,,,,,,,2.943884329719521,-126.6808308554281,-2.1489928622028303,5.796836967246773,19.560110529087215,-28.166065862963837,3.254232283,1.642322835,174.0,69.7,22.0,87.8,2800.0,6.2,824307,669134,664034,630105,592518,593428,687957,701538,665487,54.31,,,,,,,,66,1,Slider,7,3,7,3,3,7,7,3,Standard,Standard,135.0,-0.001,-0.04,75.8,7.2,,,0.04,88.0,4,4,0.975,0.975,27,28,28,28,1,3,2.0,1.0,4.0,2.0,2.6,-0.57,0.57,31.6,1.5566710935603345,6.94190939650228,33.10276713403407,39.5745212008507,21.54342525076207,Slider,False
SI,2026-09-15,94.4,-1.74,6.06,"Vásquez, Randy",691720,681190,single,hit_into_play,,,,,4.0,Kyle Karros singles on a ground ball to left fielder Dustin Harris.,R,R,R,COL,SD,X,7.0,ground_ball,2,1,2026,-1.03,0.71,-0.4469827212819048,2.5870477867114516,,,,0,7,Bot,89.13,127.02,,,,,5.618143317515146,-137.4187462941878,-4.78321273107078,-14.28665027245766,27.146583644814033,-22.36188637597473,3.431512467,1.731791339,100.0,91.7,5.0,94.4,2375.0,6.0,824307,669134,664034,630105,592518,593428,687957,701538,665487,54.46,0.503,0.468,0.9,1.0,1.0,0.0,4.0,65,4,Sinker,7,3,7,3,3,7,7,3,Standard,Standard,212.0,0.004,0.394,71.0,6.7,,0.572,-0.394,91.7,4,4,0.971,0.971,27,23,28,24,1,3,2.0,1.0,4.0,1.0,1.83,1.03,1.03,34.9,7.288120082439195,-3.8993011025486695,41.91263296822683,30.27549771126938,23.947740182942077,Sinker,True
FC,2026-09-15,92.1,-1.77,5.94,"Vásquez, Randy",691720,681190,,ball,,,,,14.0,,R,R,R,COL,SD,B,,,1,1,2026,0.25,0.68,1.2048356086522978,2.159872500274046,,,,0,7,Bot,,,,,,,6.888775464164047,-134.04876508500013,-5.148664532196097,1.7960840978248196,23.366115795124365,-23.10623049123378,3.431512467,1.731791339,,,,92.6,2605.0,6.1,824307,669134,664034,630105,592518,593428,687957,701538,665487,54.37,,,,,,,,65,3,Cutter,7,3,7,3,3,7,7,3,Standard,Standard,198.0,0.0,0.063,,,,,-0.063,,4,4,0.971,0.971,27,23,28,24,1,3,2.0,1.0,4.0,1.0,1.96,-0.25,-0.25,34.5,,,,,,Cutter,False
SI,2026-09-15,93.9,-1.67,5.94,"Vásquez, Randy",691720,681190,,called_strike,,,,,8.0,,R,R,R,COL,SD,S,,,1,0,2026,-0.93,0.89,0.1878329066528515,1.784345895158611,,,,0,7,Bot,,,,,,,6.811471802874996,-136.58069953345256,-6.857928518112192,-13.069334385254924,25.91695721705708,-19.742318830470285,3.431512467,1.731791339,,,,94.0,2377.0,6.1,824307,669134,664034,630105,592518,593428,687957,701538,665487,54.41,,,,,,,,65,2,Sinker,7,3,7,3,3,7,7,3,Standard,Standard,216.0,0.0,-0.055,,,,,0.055,,4,4,0.971,0.971,27,23,28,24,1,3,2.0,1.0,4.0,1.0,1.67,0.93,0.93,34.8,,,,,,Sinker,False
FF,2026-09-15,95.2,-1.72,6.0,"Vásquez, Randy",691720,681190,,ball,,,,,12.0,,R,R,R,COL,SD,B,,,0,0,2026,-0.63,1.27,0.350517443942443,4.2773660358637535,,,,0,7,Bot,,,,,,,6.759910262396132,-138.63069430618577,-1.6789902213800292,-9.491800887021252,27.97102616769143,-15.49097617460746,3.431512467,1.731791339,,,,95.3,2427.0,6.1,824307,669134,664034,630105,592518,593428,687957,701538,665487,54.42,,,,,,,,65,1,4-Seam Fastball,7,3,7,3,3,7,7,3,Standard,Standard,219.0,0.0,0.042,,,,,-0.042,,4,4,0.971,0.971,27,23,28,24,1,3,2.0,1.0,4.0,1.0,1.22,0.63,0.63,34.5,,,,,,Four-seam,False
FF,2026-09-15,95.9,-1.77,5.88,"Vásquez, Randy",681198,681190,field_out,hit_into_play,,,,,9.0,TJ Rumfield flies out to center fielder Jackson Merrill.,R,L,R,COL,SD,X,8.0,fly_ball,0,0,2026,-0.61,1.0,0.4182882049414294,2.2188759775917104,,,,2,6,Bot,106.04,60.87,,,,,7.077216013303876,-139.5384339245892,-6.214183792440647,-9.365408073316887,27.017599236707532,-17.950715152462525,3.422736221,1.727362205,346.0,89.8,35.0,96.3,2341.0,6.2,824307,669134,664034,630105,592518,593428,687957,701538,665487,54.27,0.017,0.017,0.0,1.0,0.0,0.0,3.0,60,1,4-Seam Fastball,7,3,7,3,3,7,7,3,Infield shade,Standard,221.0,-0.002,-0.262,71.9,6.4,,0.03,0.262,89.8,4,4,0.943,0.943,27,26,28,26,1,3,2.0,1.0,4.0,2.0,1.45,0.61,-0.61,33.2,5.243614049364426,-1.426320374768251,40.46150973417174,28.619844631356894,31.387732680506577,Four-seam,True
FF,2026-09-15,96.1,-1.68,5.95,"Vásquez, Randy",694249,681190,home_run,hit_into_play,,,,,2.0,Cole Carrigg homers (10) on a fly ball to right field. Brett Sullivan scores. Jake McCarthy scores.,R,L,R,COL,SD,X,,fly_ball,2,2,2026,-0.58,1.11,-0.2139852959355984,3.328294850209702,,664954.0,664983.0,2,6,Bot,220.73,56.92,,,,,5.153183658413756,-139.92001125208347,-3.7886191240440223,-8.662711734125597,28.14538422253556,-16.864594176618944,3.284949147,1.657824803,415.0,105.5,34.0,96.3,2443.0,6.1,824307,669134,664034,630105,592518,593428,687957,701538,665487,54.37,0.726,1.44,2.0,1.0,0.0,3.0,6.0,59,13,4-Seam Fastball,4,3,4,3,3,7,7,3,Infield shade,Standard,213.0,0.215,1.712,,,,2.825,-1.712,105.5,1,1,0.728,0.728,27,24,28,24,1,3,2.0,1.0,4.0,1.0,1.33,0.58,-0.58,35.2,,,,,,Four-seam,True
CH,2026-09-15,90.2,-1.62,5.99,"Vásquez, Randy",694249,681190,,foul,,,,,13.0,,R,L,R,COL,SD,S,,,2,2,2026,-0.82,0.51,-0.6853470250965867,0.6632645818201364,,664954.0,664983.0,2,6,Bot,,,,,,,4.065932654053922,-131.24025526981518,-8.209194187755191,-10.36833165396352,22.70407541149458,-24.94694235049414,3.284949147,1.657824803,,,,90.7,2003.0,6.2,824307,669134,664034,630105,592518,593428,687957,701538,665487,54.29,,,,,,,,59,12,Changeup,4,3,4,3,3,4,4,3,Infield shade,Standard,216.0,0.0,0.0,67.5,8.3,,,0.0,,1,1,0.728,0.728,27,24,28,24,1,3,2.0,1.0,4.0,1.0,2.25,0.82,-0.82,38.8,9.14449928368978,-10.812421132451504,48.04578062664465,40.3079386139527,36.111991435118966,Changeup,False
SI,2026-09-15,95.8,-1.67,5.87,"Vásquez, Randy",694249,681190,,foul,,,,,9.0,,R,L,R,COL,SD,S,,,2,2,2026,-0.98,0.58,0.6988954531389127,1.871396464039783,,664954.0,664983.0,2,6,Bot,,,,,,,8.408042220662118,-139.3538518065613,-6.155291281847948,-14.46776895103202,25.721196344480425,-23.487810094166925,3.284949147,1.657824803,5.0,80.7,-21.0,96.5,2302.0,6.3,824307,669134,664034,630105,592518,593428,687957,701538,665487,54.19,,,,,,,,59,11,Sinker,4,3,4,3,3,4,4,3,Infield shade,Standard,216.0,0.0,0.0,73.8,7.8,,,0.0,88.0,1,1,0.728,0.728,27,24,28,24,1,3,2.0,1.0,4.0,1.0,1.87,0.98,-0.98,34.2,26.30250714860853,-15.228338779649407,45.292923645454465,23.843184633237115,37.825433911635926,Sinker,False
ST,2026-09-15,86.0,-1.97,5.77,"Vásquez, Randy",694249,681190,,foul,,,,,9.0,,R,L,R,COL,SD,S,,,2,2,2026,0.83,0.04,0.5596227230688031,1.616522414093926,,664954.0,664983.0,2,6,Bot,,,,,,,4.220134563358574,-125.39906856618836,-3.5996774309030073,8.166176786128128,20.189315716609837,-31.2843689700616,3.284949147,1.657824803,10.0,85.6,-11.0,86.7,2958.0,6.2,824307,669134,664034,630105,592518,593428,687957,701538,665487,54.34,,,,,,,,59,10,Sweeper,4,3,4,3,3,4,4,3,Infield shade,Standard,88.0,0.0,0.0,70.2,8.4,,,0.0,88.0,1,1,0.728,0.728,27,24,28,24,1,3,2.0,1.0,4.0,1.0,2.98,-0.83,0.83,31.2,33.23115599872971,-13.102125191715556,41.88867975442364,27.327080856589696,46.38812205594982,Sweeper,False
CH,2026-09-15,92.0,-1.7,5.96,"Vásquez, Randy",694249,681190,,blocked_ball,,,,,14.0,,R,L,R,COL,SD,B,,,1,2,2026,-0.96,1.04,0.5174943463183994,-0.6371327037651551,,664954.0,664983.0,2,6,Bot,,,,,,,7.629071354268296,-133.39774729589357,-12.870714077242743,-12.932606006452412,24.29507684008657,-17.349567926871895,3.284949147,1.657824803,,,,92.2,2074.0,6.3,824307,669134,664034,630105,592518,593428,687957,701538,665487,54.22,,,,,,,,59,9,Changeup,4,3,4,3,3,4,4,3,Infield shade,Standard,210.0,0.007,0.025,,,,,-0.025,,1,1,0.721,0.721,27,24,28,24,1,3,2.0,1.0,4.0,1.0,1.64,0.96,-0.96,38.3,,,,,,Changeup,False
CH,2026-09-15,89.6,-1.69,5.97,"Vásquez, Randy",694249,681190,,foul,,,,,13.0,,R,L,R,COL,SD,S,,,1,2,2026,-1.08,0.58,-0.2420153105611449,0.9198451721833524,,664954.0,664983.0,2,6,Bot,,,,,,,5.840324672209832,-130.36005454407842,-7.507578711398938,-13.535648841382146,25.184024060796094,-24.189819621108494,3.284949147,1.657824803,180.0,64.1,45.0,89.7,1882.0,6.2,824307,669134,664034,630105,592518,593428,687957,701538,665487,54.33,,,,,,,,59,8,Changeup,4,3,4,3,3,4,4,3,Infield shade,Standard,214.0,0.0,0.0,76.5,7.8,,,0.0,88.0,1,1,0.721,0.721,27,24,28,24,1,3,2.0,1.0,4.0,1.0,2.24,1.08,-1.08,39.6,15.069014814358368,-7.526257120645005,56.28602522215225,35.27407844395097,37.70432002207163,Changeup,False
FC,2026-09-15,88.3,-1.71,5.84,"Vásquez, Randy",694249,681190,,foul,,,,,9.0,,R,L,R,COL,SD,S,,,1,2,2026,0.35,0.15,0.4197405017037877,2.119844101645036,,664954.0,664983.0,2,6,Bot,,,,,,,4.367953411803164,-128.6519543247803,-3.1670849806015147,3.108385061329928,23.327080322740017,-30.081928930983864,3.284949147,1.657824803,192.0,103.2,11.0,88.6,3129.0,6.2,824307,669134,664034,630105,592518,593428,687957,701538,665487,54.35,,,,,,,,59,7,Cutter,4,3,4,3,3,4,4,3,Infield shade,Standard,117.0,0.0,0.0,74.1,7.7,,,0.0,103.2,1,1,0.721,0.721,27,24,28,24,1,3,2.0,1.0,4.0,1.0,2.73,-0.35,0.35,32.2,16.987729859240225,-15.531618638479246,44.45351775630258,28.693283287247667,41.68612835396543,Cutter,False
FF,2026-09-15,96.5,-1.6,5.98,"Vásquez, Randy",694249,681190,,foul,,,,,14.0,,R,L,R,COL,SD,S,,,1,2,2026,-0.58,1.25,0.8781131909233867,2.306878470920779,,664954.0,664983.0,2,6,Bot,,,,,,,7.808293608868974,-140.21365208939247,-6.8497112404709215,-9.360075920924082,30.577107230948418,-14.26111455828799,3.284949147,1.657824803,390.0,101.4,42.0,96.2,2470.0,6.1,824307,669134,664034,630105,592518,593428,687957,701538,665487,54.38,,,,,,,,59,6,4-Seam Fastball,4,3,4,3,3,4,4,3,Infield shade,Standard,217.0,0.0,0.0,76.9,8.2,,,0.0,101.4,1,1,0.721,0.721,27,24,28,24,1,3,2.0,1.0,4.0,1.0,1.19,0.58,-0.58,33.9,35.19500352849691,-16.437296184232185,44.38867048845552,22.64804247854827,39.387158374367786,Four-seam,False
FC,2026-09-15,93.8,-1.75,5.93,"Vásquez, Randy",694249,681190,,foul,,,,,9.0,,R,L,R,COL,SD,S,,,1,2,2026,0.24,0.75,0.3364564450706833,1.7259121603007268,,664954.0,664983.0,2,6,Bot,,,,,,,4.770626711947903,-136.5326774986503,-6.630245438022516,2.0951379356232747,27.269092177906572,-21.595917429380535,3.284949147,1.657824803,,,,93.8,2637.0,6.1,824307,669134,664034,630105,592518,593428,687957,701538,665487,54.42,,,,,,,,59,5,Cutter,4,3,4,3,3,4,4,3,Infield shade,Standard,203.0,0.0,0.0,72.8,8.3,,,0.0,,1,1,0.721,0.721,27,24,28,24,1,3,2.0,1.0,4.0,1.0,1.82,-0.24,0.24,32.2,21.205853945709432,-12.52695622581862,43.16711722330368,29.750841759389992,36.83336029854941,Cutter,False
FF,2026-09-15,95.5,-1.74,5.9,"Vásquez, Randy",694249,681190,,foul,,,,,6.0,,R,L,R,COL,SD,S,,,1,2,2026,-0.51,1.01,0.5332525312567971,2.6920074582836686,,664954.0,664983.0,2,6,Bot,,,,,,,7.06650439876108,-139.0449267192572,-5.048153456058929,-7.965386344393544,25.12235590420252,-18.0523140947753,3.284949147,1.657824803,187.0,103.5,11.0,96.1,2372.0,6.2,824307,669134,664034,630105,592518,593428,687957,701538,665487,54.32,,,,,,,,59,4,4-Seam Fastball,4,3,4,3,3,4,4,3,Infield shade,Standard,219.0,0.0,0.0,73.8,7.3,,,0.0,103.5,1,1,0.721,0.721,27,24,28,24,1,3,2.0,1.0,4.0,1.0,1.44,0.51,-0.51,34.7,18.431072945964925,-17.898880957363176,40.07820400582817,26.78266162320239,36.92676454316788,Four-seam,False
FF,2026-09-15,95.6,-1.71,5.91,"Vásquez, Randy",694249,681190,,foul,,,,,6.0,,R,L,R,COL,SD,S,,,1,1,2026,-0.51,0.98,0.8186766011632829,2.4014992587410555,,664954.0,664983.0,2,6,Bot,,,,,,,7.734851172239076,-139.13369998022532,-5.762086831885058,-8.167314296647442,25.914982933429847,-18.283773063840123,3.284949147,1.657824803,171.0,80.4,16.0,96.1,2308.0,6.2,824307,669134,664034,630105,592518,593428,687957,701538,665487,54.32,,,,,,,,59,3,4-Seam Fastball,4,3,4,3,3,4,4,3,Infield shade,Standard,219.0,-0.011,-0.061,76.1,7.6,,,0.061,88.0,1,1,0.732,0.732,27,24,28,24,1,3,2.0,1.0,4.0,1.0,1.47,0.51,-0.51,32.6,16.023158815441224,-8.143816374265569,46.481218658955456,24.425160595454255,36.85487299701791,Four-seam,False
FF,2026-09-15,95.5,-1.71,5.92,"Vásquez, Randy",694249,681190,,ball,,,,,14.0,,R,L,R,COL,SD,B,,,0,1,2026,-0.59,1.06,1.1749994781084223,2.255428564090185,,664954.0,664983.0,2,6,Bot,,,,,,,8.805377160684852,-138.93478133211127,-6.315735603587018,-9.377538088360003,25.044118594886367,-17.204666444741036,3.284949147,1.657824803,,,,95.9,2381.0,6.1,824307,669134,664034,630105,592518,593428,687957,701538,665487,54.38,,,,,,,,59,2,4-Seam Fastball,4,3,4,3,3,4,4,3,Standard,Standard,222.0,0.004,0.017,,,,,-0.017,,1,1,0.728,0.728,27,24,28,24,1,3,2.0,1.0,4.0,1.0,1.4,0.59,-0.59,33.1,,,,,,Four-seam,False
FF,2026-09-15,95.5,-1.79,5.97,"Vásquez, Randy",694249,681190,,foul,,,,,3.0,,R,L,R,COL,SD,S,,,0,0,2026,-0.52,1.15,0.3121966770632038,3.124199688793322,,664954.0,664983.0,2,6,Bot,,,,,,,6.611770858666631,-139.0761661417188,-4.3628332616182295,-8.135460213880398,26.40572108863603,-16.45816191112043,3.284949147,1.657824803,173.0,70.0,62.0,95.5,2346.0,5.9,824307,669134,664034,630105,592518,593428,687957,701538,665487,54.58,,,,,,,,59,1,4-Seam Fastball,4,3,4,3,3,4,4,3,Infield shade,Standard,212.0,-0.006,-0.032,73.0,6.6,,,0.032,88.0,1,1,0.734,0.734,27,24,28,24,1,3,2.0,1.0,4.0,1.0,1.32,0.52,-0.52,33.8,3.631241936764909,-7.744029062456468,49.87852531299966,28.89906013848914,26.437332744788367,Four-seam,False
FF,2026-09-15,95.0,-1.8,5.9,"Vásquez, Randy",691182,681190,field_out,hit_into_play,,,,,2.0,Adael Amador flies out sharply to right fielder Fernando Tatis Jr.,R,L,R,COL,SD,X,9.0,fly_ball,2,0,2026,-0.83,0.95,0.0254595752114695,3.032213177913599,,664954.0,664983.0,1,6,Bot,159.25,76.39,,,,,6.563581760823441,-138.3930907304558,-3.881902610991081,-12.020400978659469,26.709396295880456,-19.286278652673577,3.172613189,1.60113189,315.0,84.2,33.0,95.2,2362.0,6.0,824307,669134,664034,630105,592518,593428,687957,701538,665487,54.46,0.009,0.008,0.0,1.0,0.0,0.0,3.0,58,3,4-Seam Fastball,4,3,4,3,3,4,4,3,Infield shade,Standard,219.0,-0.056,-0.347,68.3,6.5,,0.009,0.347,88.0,1,1,0.79,0.79,27,23,28,23,1,3,2.0,1.0,4.0,1.0,1.54,0.83,-0.83,32.4,6.225421345579928,2.2133882111733096,25.273235527025143,32.13389985439946,34.003738747354305,Four-seam,True
CH,2026-09-15,88.6,-1.74,5.92,"Vásquez, Randy",691182,681190,,ball,,,,,14.0,,R,L,R,COL,SD,B,,,1,0,2026,-1.12,0.75,0.8006406465498355,1.2651317707633043,,664954.0,664983.0,1,6,Bot,,,,,,,8.434623143800804,-128.8492149066276,-6.710695487080266,-14.117505242948102,22.319608970030895,-22.614314362162467,3.172613189,1.60113189,,,,88.7,2083.0,6.0,824307,669134,664034,630105,592518,593428,687957,701538,665487,54.51,,,,,,,,58,2,Changeup,4,3,4,3,3,4,4,3,Infield shade,Standard,214.0,0.011,0.067,,,,,-0.067,,1,1,0.779,0.779,27,23,28,23,1,3,2.0,1.0,4.0,1.0,2.11,1.12,-1.12,35.4,,,,,,Changeup,False
FF,2026-09-15,95.2,-1.79,5.98,"Vásquez, Randy",691182,681190,,ball,,,,,11.0,,R,L,R,COL,SD,B,,,0,0,2026,-0.67,1.04,-1.099330825689653,3.735043254451223,,664954.0,664983.0,1,6,Bot,,,,,,,3.277971154966691,-138.737709699988,-2.519038143642873,-9.332089705158491,26.87640583131263,-18.324582367532432,3.172613189,1.60113189,,,,95.3,2413.0,6.0,824307,669134,664034,630105,592518,593428,687957,701538,665487,54.54,,,,,,,,58,1,4-Seam Fastball,4,3,4,3,3,4,4,3,Infield shade,Standard,218.0,0.005,0.04,,,,,-0.04,,1,1,0.774,0.774,27,23,28,23,1,3,2.0,1.0,4.0,1.0,1.44,0.67,-0.67,33.4,,,,,,Four-seam,False
SI,2026-09-13,94.6,-1.49,6.02,"Vásquez, Randy",683766,681190,field_out,hit_into_play,,,,,8.0,Christian Koss flies out to center fielder Jackson Merrill.,R,R,R,SF,SD,X,8.0,fly_ball,1,0,2026,-1.44,0.95,-0.2173180985796889,2.0466846757990353,,814154.0,806367.0,2,8,Bot,133.86,78.97,,,,,6.550641259380069,-137.6181431326779,-6.669615271329338,-19.715616332144595,28.11610626185144,-18.78467831291121,3.254232283,1.642322835,300.0,83.1,30.0,95.1,2358.0,6.4,823171,666023,630105,823550,592518,593428,687749,701538,665487,54.07,0.063,0.066,0.0,1.0,0.0,0.0,3.0,69,2,Sinker,4,6,4,6,6,4,4,6,Standard,Standard,214.0,-0.095,-0.314,75.6,7.7,,0.105,0.314,88.0,-2,-2,0.171,0.171,27,28,28,28,1,3,5.0,1.0,2.0,1.0,1.58,1.44,1.44,36.9,15.60799497452862,4.6932380831062375,28.43132441352159,36.282853725314055,24.020575175673713,Sinker,True
FC,2026-09-13,91.4,-1.76,5.96,"Vásquez, Randy",683766,681190,,ball,,,,,14.0,,R,R,R,SF,SD,B,,,0,0,2026,-0.02,0.89,1.314877782644262,0.9209914014387042,,814154.0,806367.0,2,8,Bot,,,,,,,7.677205117649321,-132.79702397207382,-8.548544877108553,-1.748854517947122,25.894412102421704,-20.02418077550328,3.254232283,1.642322835,,,,91.7,2541.0,6.4,823171,666023,630105,823550,592518,593428,687749,701538,665487,54.14,,,,,,,,69,1,Cutter,4,6,4,6,6,4,4,6,Standard,Standard,205.0,0.007,0.029,,,,,-0.029,,-2,-2,0.164,0.164,27,28,28,28,1,3,5.0,1.0,2.0,1.0,1.83,0.02,0.02,36.0,,,,,,Cutter,False
SI,2026-09-13,95.4,-1.4,5.99,"Vásquez, Randy",806367,681190,walk,ball,,,,,14.0,Turner Hill walks. Scott Bandura to 2nd.,R,L,R,SF,SD,B,,,3,2,2026,-1.35,0.95,1.3236603654451735,1.8640793425669313,,,814154.0,2,8,Bot,,,,,,,10.214580743473476,-138.46235233944964,-7.202977360295446,-19.6255070732092,29.17112564391455,-18.431993501105076,3.136630577,1.582972441,,,,96.0,2375.0,6.6,823171,666023,630105,823550,592518,593428,687749,701538,665487,53.85,,0.698418,0.7,1.0,0.0,0.0,,68,9,Sinker,4,6,4,6,6,4,4,6,Infield shade,Standard,211.0,0.038,0.215,,,,,-0.215,,-2,-2,0.126,0.126,27,27,28,27,1,1,5.0,1.0,2.0,1.0,1.55,1.35,-1.35,34.8,,,,,,Sinker,True
SI,2026-09-13,94.8,-1.52,5.96,"Vásquez, Randy",806367,681190,,foul,,,,,4.0,,R,L,R,SF,SD,S,,,3,2,2026,-1.4,1.06,-0.8126608533428383,2.393180658666126,,,814154.0,2,8,Bot,,,,,,,5.01228070877761,-137.7853551170827,-5.790609321016448,-18.909223946603323,33.19942127901497,-17.542006546334196,3.136630577,1.582972441,260.0,80.3,40.0,94.7,2252.0,6.5,823171,666023,630105,823550,592518,593428,687749,701538,665487,54.02,,,,,,,,68,8,Sinker,4,6,4,6,6,4,4,6,Infield shade,Standard,217.0,0.0,0.0,56.1,5.9,,,0.0,88.0,-2,-2,0.126,0.126,27,27,28,27,1,1,5.0,1.0,2.0,1.0,1.5,1.4,-1.4,34.9,0.0790576817311612,12.521708938778737,34.35718931227752,46.17794900886528,25.56447514577148,Sinker,False
SI,2026-09-13,93.5,-1.6,5.97,"Vásquez, Randy",806367,681190,,foul,,,,,5.0,,R,L,R,SF,SD,S,,,3,2,2026,-0.93,1.01,-0.0037641803056128,2.439246660876055,,,814154.0,2,8,Bot,,,,,,,6.167003250585932,-136.02123189993077,-5.433871545951698,-12.923645256199627,28.845708653880816,-18.63556752573388,3.136630577,1.582972441,183.0,72.9,61.0,93.9,2353.0,6.5,823171,666023,630105,823550,592518,593428,687749,701538,665487,54.01,,,,,,,,68,7,Sinker,4,6,4,6,6,4,4,6,Infield shade,Standard,211.0,0.0,0.0,62.3,6.2,,,0.0,88.0,-2,-2,0.126,0.126,27,27,28,27,1,1,5.0,1.0,2.0,1.0,1.59,0.93,-0.93,35.3,2.2318021918506945,-5.122169389225045,34.21423619817041,36.79735153320018,28.126481373454165,Sinker,False
CH,2026-09-13,89.2,-1.56,6.0,"Vásquez, Randy",806367,681190,,blocked_ball,,,,,14.0,,R,L,R,SF,SD,B,,,2,2,2026,-1.18,0.42,0.6015993569191753,-0.6149485126869518,,,814154.0,2,8,Bot,,,,,,,7.777941768262878,-129.3486136317505,-10.832100267958912,-14.89168675658718,25.574214193640593,-25.377384268590383,3.136630577,1.582972441,,,,89.5,1756.0,6.6,823171,666023,630105,823550,592518,593428,687749,701538,665487,53.94,,,,,,,,68,6,Changeup,4,6,4,6,6,4,4,6,Infield shade,Standard,226.0,0.013,0.081,,,,,-0.081,,-2,-2,0.113,0.113,27,27,28,27,1,1,5.0,1.0,2.0,1.0,2.45,1.18,-1.18,38.2,,,,,,Changeup,False
SI,2026-09-13,94.8,-1.48,6.09,"Vásquez, Randy",806367,681190,,foul,,,,,2.0,,R,L,R,SF,SD,S,,,2,2,2026,-1.3,0.9,-0.2387971688868473,2.732050086111168,,,814154.0,2,8,Bot,,,,,,,6.140403397356221,-137.8492516255354,-4.911756741962143,-17.925901167371155,32.45469029933224,-19.73288845980909,3.136630577,1.582972441,238.0,75.9,30.0,94.5,2322.0,6.3,823171,666023,630105,823550,592518,593428,687749,701538,665487,54.19,,,,,,,,68,5,Sinker,4,6,4,6,6,4,4,6,Infield shade,Standard,214.0,0.0,0.0,63.3,6.6,,,0.0,88.0,-2,-2,0.113,0.113,27,27,28,27,1,1,5.0,1.0,2.0,1.0,1.65,1.3,-1.3,35.4,17.43020673500122,-2.948921953710004,35.407377243609325,39.68250090861097,31.839962380414775,Sinker,False
FF,2026-09-13,94.4,-1.66,5.98,"Vásquez, Randy",806367,681190,,ball,,,,,13.0,,R,L,R,SF,SD,B,,,1,2,2026,-0.56,1.44,-1.4341672212479946,1.8215913688401704,,,814154.0,2,8,Bot,,,,,,,1.8372995800062168,-137.28726426816226,-8.111869433772585,-7.460741105463641,32.911321927207354,-12.305681153277993,3.136630577,1.582972441,,,,94.1,2374.0,6.3,823171,666023,630105,823550,592518,593428,687749,701538,665487,54.15,,,,,,,,68,4,4-Seam Fastball,4,6,4,6,6,4,4,6,Infield shade,Standard,219.0,0.007,0.052,,,,,-0.052,,-2,-2,0.106,0.106,27,27,28,27,1,1,5.0,1.0,2.0,1.0,1.13,0.56,-0.56,34.6,,,,,,Four-seam,False
FC,2026-09-13,91.0,-1.6,6.04,"Vásquez, Randy",806367,681190,,called_strike,,,,,1.0,,R,L,R,SF,SD,S,,,1,1,2026,0.35,0.79,-0.7021201285338954,3.0524285668874445,,,814154.0,2,8,Bot,,,,,,,1.4740215793507914,-132.68348499992342,-3.1981216914125876,3.8224854687109127,25.97851997724054,-22.2992926106595,3.136630577,1.582972441,,,,91.3,2637.0,6.2,823171,666023,630105,823550,592518,593428,687749,701538,665487,54.32,,,,,,,,68,3,Cutter,4,6,4,6,6,4,4,6,Standard,Standard,192.0,-0.011,-0.069,,,,,0.069,,-2,-2,0.117,0.117,27,27,28,27,1,1,5.0,1.0,2.0,1.0,1.93,-0.35,0.35,35.6,,,,,,Cutter,False
SI,2026-09-13,94.3,-1.61,5.99,"Vásquez, Randy",806367,681190,,ball,,,,,13.0,,R,L,R,SF,SD,B,,,0,1,2026,-1.47,0.88,-0.989542361705565,1.7506162838493753,,,814154.0,2,8,Bot,,,,,,,4.910701579851164,-136.99060768898875,-6.99902878307852,-19.534277461651605,33.389122473261864,-19.65594327653053,3.136630577,1.582972441,,,,93.9,2378.0,6.4,823171,666023,630105,823550,592518,593428,687749,701538,665487,54.13,,,,,,,,68,2,Sinker,4,6,4,6,6,4,4,6,Standard,Standard,216.0,0.004,0.028,,,,,-0.028,,-2,-2,0.113,0.113,27,27,28,27,1,1,5.0,1.0,2.0,1.0,1.71,1.47,-1.47,34.3,,,,,,Sinker,False
SI,2026-09-13,94.4,-1.59,5.97,"Vásquez, Randy",806367,681190,,foul_tip,,,,,2.0,,R,L,R,SF,SD,S,,,0,0,2026,-1.43,0.86,-0.1765022857464393,2.8302113329244967,,,814154.0,2,8,Bot,,,,,,,6.872453297963042,-137.26021248204017,-4.178383835555994,-19.61570377825896,32.227531061099306,-20.59339674702791,3.136630577,1.582972441,,,,94.3,2282.0,6.4,823171,666023,630105,823550,592518,593428,687749,701538,665487,54.09,,,,,,,,68,1,Sinker,4,6,4,6,6,4,4,6,Standard,Standard,218.0,-0.006,-0.041,64.4,5.6,,,0.041,,-2,-2,0.119,0.119,27,27,28,27,1,1,5.0,1.0,2.0,1.0,1.72,1.43,-1.43,34.2,3.256480264152563,15.206212151459091,36.12573831164974,39.655530101693586,19.417189034950187,Sinker,False
FF,2026-09-13,94.4,-1.75,6.06,"Vásquez, Randy",701852,681190,strikeout,swinging_strike,,,,,12.0,Drew Cavanaugh strikes out swinging.,R,L,R,SF,SD,S,2.0,,1,2,2026,-0.66,1.36,0.1675416478824141,3.6400056447275526,,,814154.0,1,8,Bot,,,,,,,6.411092601127403,-137.35495963929986,-3.4690419543928184,-9.87929596895462,32.14065591874391,-14.38270829592701,3.203330053,1.616633858,,,,94.0,2371.0,6.2,823171,666023,630105,823550,592518,593428,687749,701538,665487,54.34,,0.0,0.0,1.0,0.0,0.0,,67,5,4-Seam Fastball,4,6,4,6,6,4,4,6,Infield shade,Standard,213.0,-0.041,-0.179,60.6,5.1,0.97127694,,0.179,,-2,-2,0.16,0.16,27,24,28,24,1,1,5.0,1.0,2.0,1.0,1.21,0.66,-0.66,33.0,-2.2906677464028347,23.618472993149343,35.245707397819636,32.325747838307336,15.291028618509376,Four-seam,True
CH,2026-09-13,87.9,-1.59,6.1,"Vásquez, Randy",701852,681190,,foul,,,,,11.0,,R,L,R,SF,SD,S,,,1,2,2026,-1.18,0.74,-0.8946303243208706,2.842493470834017,,,814154.0,1,8,Bot,,,,,,,4.1710274200089525,-128.04449900020148,-3.1607295447764185,-13.86787154714892,26.12650430956746,-23.5771836093812,3.203330053,1.616633858,245.0,85.0,52.0,88.2,1869.0,6.4,823171,666023,630105,823550,592518,593428,687749,701538,665487,54.13,,,,,,,,67,4,Changeup,4,6,4,6,6,4,4,6,Infield shade,Standard,215.0,0.0,0.0,66.1,6.5,,,0.0,88.0,-2,-2,0.16,0.16,27,24,28,24,1,1,5.0,1.0,2.0,1.0,2.2,1.18,-1.18,38.0,-4.10026583938546,1.5814506446315062,35.98831139541428,45.59744661590267,22.98312808465511,Changeup,False
FF,2026-09-13,93.7,-1.6,6.03,"Vásquez, Randy",701852,681190,,ball,,,,,12.0,,R,L,R,SF,SD,B,,,0,2,2026,-0.59,1.29,0.869213291317403,3.386879798646839,,,814154.0,1,8,Bot,,,,,,,7.616068253111062,-136.28300592072273,-3.8070513292470056,-9.02628387461318,29.86206125347836,-15.461524791357146,3.203330053,1.616633858,,,,93.8,2441.0,6.4,823171,666023,630105,823550,592518,593428,687749,701538,665487,54.13,,,,,,,,67,3,4-Seam Fastball,4,6,4,6,6,4,4,6,Infield shade,Standard,219.0,0.006,0.018,,,,,-0.018,,-2,-2,0.154,0.154,27,24,28,24,1,1,5.0,1.0,2.0,1.0,1.31,0.59,-0.59,33.4,,,,,,Four-seam,False
FC,2026-09-13,91.6,-1.75,6.04,"Vásquez, Randy",701852,681190,,foul,,,,,9.0,,R,L,R,SF,SD,S,,,0,1,2026,0.06,0.82,0.5287773779896333,1.9083001925674004,,,814154.0,1,8,Bot,,,,,,,5.569362385180934,-133.36736369729087,-6.191322478589443,-0.4402173794093362,26.491707088031855,-21.24051292030196,3.203330053,1.616633858,54.0,86.9,1.0,91.9,2655.0,6.3,823171,666023,630105,823550,592518,593428,687749,701538,665487,54.21,,,,,,,,67,2,Cutter,4,6,4,6,6,4,4,6,Standard,Standard,198.0,-0.015,-0.058,73.6,7.2,,,0.058,88.0,-2,-2,0.169,0.169,27,24,28,24,1,1,5.0,1.0,2.0,1.0,1.87,-0.06,0.06,34.3,16.693544516929585,-3.899675679687505,44.009575121884616,28.67693491472208,30.43286556127601,Cutter,False
FF,2026-09-13,94.0,-1.69,6.07,"Vásquez, Randy",701852,681190,,called_strike,,,,,4.0,,R,L,R,SF,SD,S,,,0,0,2026,-0.72,1.31,-0.7242444397525208,2.5795747308652563,,,814154.0,1,8,Bot,,,,,,,4.079922069724395,-136.71467143901248,-6.008117267541788,-9.919063477797913,31.302081047956435,-14.660856454410458,3.203330053,1.616633858,,,,93.6,2312.0,6.2,823171,666023,630105,823550,592518,593428,687749,701538,665487,54.33,,,,,,,,67,1,4-Seam Fastball,4,6,4,6,6,4,4,6,Standard,Standard,220.0,-0.009,-0.037,,,,,0.037,,-2,-2,0.178,0.178,27,24,28,24,1,1,5.0,1.0,2.0,1.0,1.28,0.72,-0.72,34.0,,,,,,Four-seam,False
FF,2026-09-13,95.0,-1.66,6.09,"Vásquez, Randy",694376,681190,field_out,hit_into_play,,,,,3.0,Shay Whitcomb flies out to second baseman Sung-Mun Song.,R,R,R,SF,SD,X,4.0,fly_ball,0,2,2026,-0.72,1.38,0.3529095133348816,2.750566119870132,,,814154.0,0,8,Bot,155.47,134.84,,,,,6.844107426639955,-138.07201892284377,-5.993780287947708,-10.73204173925016,31.49566817865275,-13.329539633687908,3.229658793,1.62992126,177.0,91.1,62.0,94.9,2416.0,6.3,823171,666023,630105,823550,592518,593428,687749,701538,665487,54.16,0.011,0.012,0.0,1.0,0.0,0.0,3.0,66,3,4-Seam Fastball,4,6,4,6,6,4,4,6,Standard,Standard,223.0,-0.043,-0.156,73.8,7.6,,0.017,0.156,91.1,-2,-2,0.221,0.221,27,27,28,28,1,3,5.0,1.0,2.0,1.0,1.15,0.72,0.72,35.1,9.691273804249972,1.6383367028104543,27.85225544409429,42.51019491238177,26.10696267806526,Four-seam,True
SI,2026-09-13,95.2,-1.65,6.1,"Vásquez, Randy",694376,681190,,foul,,,,,9.0,,R,R,R,SF,SD,S,,,0,1,2026,-1.4,1.1,0.4738537249753114,1.8227980890590032,,,814154.0,0,8,Bot,,,,,,,8.674238576446033,-138.12446471628124,-7.78231769797292,-19.837898151118537,32.53876489007116,-16.409918971643616,3.229658793,1.62992126,197.0,81.5,17.0,94.8,2477.0,6.4,823171,666023,630105,823550,592518,593428,687749,701538,665487,54.14,,,,,,,,66,2,Sinker,4,6,4,6,6,4,4,6,Standard,Standard,212.0,-0.017,-0.05,80.2,7.0,,,0.05,88.0,-2,-2,0.238,0.238,27,27,28,28,1,3,5.0,1.0,2.0,1.0,1.44,1.4,1.4,33.7,9.574847455071632,41.45714916771851,30.05674272286687,45.292595322512426,9.997889545081378,Sinker,False
FC,2026-09-13,92.6,-1.74,5.97,"Vásquez, Randy",694376,681190,,called_strike,,,,,14.0,,R,R,R,SF,SD,S,,,0,0,2026,-0.15,1.25,0.8658897087579498,2.169849772497508,,,814154.0,0,8,Bot,,,,,,,6.893501894237327,-134.65029563785677,-6.434962314133955,-3.330573042960683,29.703152099385917,-15.74252504234428,3.229658793,1.62992126,,,,92.4,2574.0,6.2,823171,666023,630105,823550,592518,593428,687749,701538,665487,54.27,,,,,,,,66,1,Cutter,4,6,4,6,6,4,4,6,Standard,Standard,204.0,-0.011,-0.04,,,,,0.04,,-2,-2,0.249,0.249,27,27,28,28,1,3,5.0,1.0,2.0,1.0,1.42,0.15,0.15,32.0,,,,,,Cutter,False
FF,2026-09-13,93.5,-1.76,6.04,"Vásquez, Randy",814154,681190,walk,ball,,,,,14.0,Scott Bandura walks.,R,L,R,SF,SD,B,,,3,0,2026,-1.14,1.37,1.3088840980027354,1.5524358700113448,,,,0,8,Bot,,,,,,,10.321104979669812,-135.4906919201751,-8.563015542097585,-16.311073133580088,30.156281680138473,-13.551659432583657,3.357791995,1.694586614,,,,93.0,2428.0,6.3,823171,666023,630105,823550,592518,593428,687749,701538,665487,54.22,,0.698418,0.7,1.0,0.0,0.0,,65,4,4-Seam Fastball,4,6,4,6,6,4,4,6,Infield shade,Standard,220.0,0.033,0.175,,,,,-0.175,,-2,-2,0.216,0.216,27,24,28,25,1,3,5.0,,2.0,1.0,1.27,1.14,-1.14,34.0,,,,,,Four-seam,True
SI,2026-09-13,94.3,-1.65,6.08,"Vásquez, Randy",814154,681190,,ball,,,,,14.0,,R,L,R,SF,SD,B,,,2,0,2026,-1.56,1.32,1.522911974943166,1.9157741243398676,,,,0,8,Bot,,,,,,,11.59574421511354,-136.68606187777726,-7.828915948361488,-22.028044219716357,29.3700248948554,-13.957431070045788,3.357791995,1.694586614,,,,93.9,2410.0,6.2,823171,666023,630105,823550,592518,593428,687749,701538,665487,54.26,,,,,,,,65,3,Sinker,4,6,4,6,6,4,4,6,Infield shade,Standard,220.0,0.024,0.148,,,,,-0.148,,-2,-2,0.192,0.192,27,24,28,25,1,3,5.0,,2.0,1.0,1.26,1.56,-1.56,33.6,,,,,,Sinker,False
FF,2026-09-13,93.5,-1.85,6.07,"Vásquez, Randy",814154,681190,,ball,,,,,14.0,,R,L,R,SF,SD,B,,,1,0,2026,-1.16,1.24,0.937689203284297,1.7920289604083366,,,,0,8,Bot,,,,,,,9.65646087987301,-135.6463099975402,-7.800383296362549,-16.402271721118094,28.978116511592287,-15.22003756095422,3.357791995,1.694586614,,,,93.2,2381.0,6.2,823171,666023,630105,823550,592518,593428,687749,701538,665487,54.27,,,,,,,,65,2,4-Seam Fastball,4,6,4,6,6,4,4,6,Infield shade,Standard,223.0,0.017,0.082,,,,,-0.082,,-2,-2,0.175,0.175,27,24,28,25,1,3,5.0,,2.0,1.0,1.37,1.16,-1.16,34.0,,,,,,Four-seam,False
FF,2026-09-13,95.0,-1.81,6.09,"Vásquez, Randy",814154,681190,,ball,,,,,14.0,,R,L,R,SF,SD,B,,,0,0,2026,-0.92,1.27,0.2628063068292476,1.4235078997819754,,,,0,8,Bot,,,,,,,7.41856626558688,-137.97948343038755,-9.163444273570216,-13.442246566561492,29.759736874556516,-14.059992106380756,3.357791995,1.694586614,,,,94.7,2378.0,6.2,823171,666023,630105,823550,592518,593428,687749,701538,665487,54.33,,,,,,,,65,1,4-Seam Fastball,4,6,4,6,6,4,4,6,Standard,Standard,220.0,0.008,0.042,,,,,-0.042,,-2,-2,0.167,0.167,27,24,28,25,1,3,5.0,,2.0,1.0,1.26,0.92,-0.92,33.5,,,,,,Four-seam,False
FF,2026-09-08,95.4,-1.55,5.96,"Vásquez, Randy",695670,681190,field_out,hit_into_play,,,,,2.0,Harry Ford pops out to first baseman Ty France in foul territory.,R,R,R,SD,WSH,X,3.0,popup,1,2,2026,-1.02,1.24,-0.0260220235303276,3.0272324666692114,,,,2,7,Top,169.82,161.04,,,,,6.262504974260305,-138.80543412416736,-4.692228772827799,-14.614132232297443,31.154381661863912,-15.303226098422469,3.122588583,1.575885827,147.0,67.3,59.0,95.1,2521.0,6.1,823250,666023,664034,630105,592518,593428,687957,701538,665487,54.37,0.011,0.011,0.0,1.0,0.0,0.0,3.0,47,4,4-Seam Fastball,0,3,3,0,3,0,3,0,Standard,Standard,213.0,0.004,-0.183,67.7,5.8,,0.013,0.183,88.0,-3,3,0.124,0.876,27,23,28,23,1,2,7.0,2.0,5.0,3.0,1.27,1.02,1.02,33.8,11.882096551762444,11.289855666987544,31.10424609320919,30.481702093426353,32.70604252510667,Four-seam,True
FC,2026-09-08,93.3,-1.7,5.86,"Vásquez, Randy",695670,681190,,called_strike,,,,,5.0,,R,R,R,SD,WSH,S,,,1,1,2026,-0.12,0.99,0.0718510741025099,2.101143771918192,,,,2,7,Top,,,,,,,4.726641788682722,-135.72312153745537,-5.8765114485885395,-2.42493048393602,28.56601856865015,-18.912402020496128,3.122588583,1.575885827,,,,92.8,2669.0,5.9,823250,666023,664034,630105,592518,593428,687957,701538,665487,54.59,,,,,,,,47,3,Cutter,0,3,3,0,3,0,3,0,Standard,Standard,210.0,0.001,-0.064,,,,,0.064,,-3,3,0.123,0.877,27,23,28,23,1,2,7.0,2.0,5.0,3.0,1.63,0.12,0.12,31.0,,,,,,Cutter,False
FF,2026-09-08,95.1,-1.63,5.88,"Vásquez, Randy",695670,681190,,swinging_strike,,,,,6.0,,R,R,R,SD,WSH,S,,,1,0,2026,-0.95,1.53,0.6316177750727751,2.5377290982291796,,,,2,7,Top,,,,,,,7.973036046946756,-138.06764784239533,-6.294260251589627,-14.004045156226104,32.3810393442926,-11.351368601464351,3.122588583,1.575885827,,,,94.2,2535.0,6.0,823250,666023,664034,630105,592518,593428,687957,701538,665487,54.47,,,,,,,,47,2,4-Seam Fastball,0,3,3,0,3,0,3,0,Standard,Standard,218.0,0.0,-0.056,73.7,6.5,0.71221356,,0.056,,-3,3,0.123,0.877,27,23,28,23,1,2,7.0,2.0,5.0,3.0,1.01,0.95,0.95,32.5,13.452276707512723,6.340335557531397,36.05799064735196,40.39249430173804,30.44945948390371,Four-seam,False
SI,2026-09-08,95.2,-1.56,5.91,"Vásquez, Randy",695670,681190,,ball,,,,,6.0,,R,R,R,SD,WSH,B,,,0,0,2026,-1.31,1.11,0.8235189304070627,2.3419659011305365,,,,2,7,Top,,,,,,,9.099694033345852,-138.2274384384717,-5.941586815959088,-18.89727501951629,31.655533287519734,-16.823491651652322,3.122588583,1.575885827,,,,94.4,2491.0,6.0,823250,666023,664034,630105,592518,593428,687957,701538,665487,54.5,,,,,,,,47,1,Sinker,0,3,3,0,3,0,3,0,Standard,Standard,216.0,0.0,0.041,,,,,-0.041,,-3,3,0.123,0.877,27,23,28,23,1,2,7.0,2.0,5.0,3.0,1.43,1.31,1.31,33.2,,,,,,Sinker,False
FF,2026-09-08,95.5,-1.69,5.91,"Vásquez, Randy",678391,681190,strikeout,swinging_strike,,,,,3.0,Jorbit Vivas strikes out swinging.,R,L,R,SD,WSH,S,2.0,,0,2,2026,-0.93,1.56,0.4041940196525568,2.75586287713353,,,,1,7,Top,,,,,,,7.546559831713775,-138.62119697856778,-5.899951727302657,-13.86173476116566,36.61113464596763,-11.013319841662964,3.060277231,1.544438976,,,,94.3,2534.0,6.1,823250,666023,664034,630105,592518,593428,687957,701538,665487,54.38,,0.0,0.0,1.0,0.0,0.0,,46,3,4-Seam Fastball,0,3,3,0,3,0,3,0,Infield shade,Standard,216.0,0.004,-0.163,69.6,6.5,0.518032416,,0.163,,-3,3,0.119,0.881,27,25,28,25,1,2,7.0,1.0,5.0,3.0,0.99,0.93,-0.93,32.2,-2.3976840970550404,1.8258957409944852,37.467288035737994,27.688124866196475,22.96562347294985,Four-seam,True
FC,2026-09-08,92.0,-1.72,5.94,"Vásquez, Randy",678391,681190,,foul,,,,,12.0,,R,L,R,SD,WSH,S,,,0,1,2026,0.35,0.82,0.655092172841785,3.263842646680762,,,,1,7,Top,,,,,,,5.148574293971886,-134.02209881432617,-2.6184841086875377,3.3016323068255713,25.59171296419768,-21.92239649302341,3.060277231,1.544438976,4.0,46.5,-39.0,92.0,2648.0,6.0,823250,666023,664034,630105,592518,593428,687957,701538,665487,54.5,,,,,,,,46,2,Cutter,0,3,3,0,3,0,3,0,Standard,Standard,189.0,0.002,-0.057,56.9,5.3,,,0.057,88.0,-3,3,0.117,0.883,27,25,28,25,1,2,7.0,1.0,5.0,3.0,1.84,-0.35,0.35,33.2,-11.075084803916605,36.585631746771064,28.18917854308813,25.065871291969945,15.93972794416822,Cutter,False
FC,2026-09-08,92.2,-1.84,5.8,"Vásquez, Randy",678391,681190,,called_strike,,,,,4.0,,R,L,R,SD,WSH,S,,,0,0,2026,0.03,0.88,-0.7039261690826821,2.5510596869215414,,,,1,7,Top,,,,,,,2.7617929316952483,-134.36950153484662,-4.229529035781833,-0.1953169506616234,25.72806317998479,-20.785568680639905,3.060277231,1.544438976,,,,92.1,2669.0,5.9,823250,666023,664034,630105,592518,593428,687957,701538,665487,54.62,,,,,,,,46,1,Cutter,0,3,3,0,3,0,3,0,Standard,Standard,204.0,0.001,-0.041,,,,,0.041,,-3,3,0.116,0.884,27,25,28,25,1,2,7.0,1.0,5.0,3.0,1.77,-0.03,0.03,32.1,,,,,,Cutter,False
SI,2026-09-08,95.0,-1.59,6.0,"Vásquez, Randy",691002,681190,strikeout,foul_tip,,,,,3.0,Yohandy Morales strikes out on a foul tip.,R,R,R,SD,WSH,S,2.0,,0,2,2026,-1.24,0.87,0.287971170682411,3.1386646802714786,,,,0,7,Top,,,,,,,7.643810921997946,-138.22150854670073,-3.643429943717627,-17.57978555715136,29.131004124452893,-20.38401926455376,3.348138123,1.689714567,,,,94.7,2293.0,6.0,823250,666023,664034,630105,592518,593428,687957,701538,665487,54.48,,0.0,0.0,1.0,0.0,0.0,,45,4,Sinker,0,3,3,0,3,0,3,0,Standard,Standard,217.0,0.005,-0.164,70.9,6.6,,,0.164,,-3,3,0.111,0.889,27,24,28,25,1,2,7.0,1.0,5.0,1.0,1.65,1.24,1.24,33.7,3.921572019062022,31.732237769811935,27.98965011085586,40.04877374150075,13.33133887735734,Sinker,True
FF,2026-09-08,94.8,-1.57,5.94,"Vásquez, Randy",691002,681190,,foul,,,,,2.0,,R,R,R,SD,WSH,S,,,0,2,2026,-0.92,1.11,0.2034157287736333,3.2724359883718988,,,,0,7,Top,,,,,,,6.618160040280046,-137.94138016034535,-3.629924281602141,-13.231416414657764,30.091013234166624,-17.395527898697846,3.348138123,1.689714567,321.0,99.7,42.0,94.3,2395.0,5.9,823250,666023,664034,630105,592518,593428,687957,701538,665487,54.56,,,,,,,,45,3,4-Seam Fastball,0,3,3,0,3,0,3,0,Standard,Standard,220.0,0.0,0.0,72.5,6.9,,,0.0,99.7,-3,3,0.111,0.889,27,24,28,25,1,2,7.0,1.0,5.0,1.0,1.42,0.92,0.92,32.7,11.71677929329838,19.399584048444897,25.237999197283184,39.49033526875032,24.40472044281339,Four-seam,False
SL,2026-09-08,84.4,-1.86,5.84,"Vásquez, Randy",691002,681190,,foul,,,,,5.0,,R,R,R,SD,WSH,S,,,0,1,2026,0.42,0.06,-0.2213223448381834,2.499394200744338,,,,0,7,Top,,,,,,,2.8895662560166944,-123.00398391140224,-1.3370818894690513,3.707708789129272,23.85202988517694,-31.55678293277085,3.348138123,1.689714567,3.0,69.3,-45.0,83.9,3064.0,5.8,823250,666023,664034,630105,592518,593428,687957,701538,665487,54.66,,,,,,,,45,2,Slider,0,3,3,0,3,0,3,0,Standard,Standard,96.0,0.003,-0.054,73.8,8.2,,,0.054,88.0,-3,3,0.108,0.892,27,24,28,25,1,2,7.0,1.0,5.0,1.0,3.13,-0.42,-0.42,32.3,27.89642232198408,-20.170759031500836,33.38664516911814,33.12301858617316,46.160856832876874,Slider,False
FC,2026-09-08,91.8,-1.87,5.87,"Vásquez, Randy",691002,681190,,called_strike,,,,,3.0,,R,R,R,SD,WSH,S,,,0,0,2026,0.15,0.91,0.7726305460003458,3.110393023618599,,,,0,7,Top,,,,,,,6.195655142232402,-133.63371345877664,-2.974294930576659,0.6410878861627611,26.45527361757381,-20.830888359223938,3.348138123,1.689714567,,,,91.4,2629.0,5.8,823250,666023,664034,630105,592518,593428,687957,701538,665487,54.67,,,,,,,,45,1,Cutter,0,3,3,0,3,0,3,0,Standard,Standard,202.0,0.001,-0.041,,,,,0.041,,-3,3,0.107,0.893,27,24,28,25,1,2,7.0,1.0,5.0,1.0,1.78,-0.15,-0.15,33.4,,,,,,Cutter,False
FF,2026-09-08,95.0,-1.69,5.92,"Vásquez, Randy",695734,681190,field_out,hit_into_play,,,,,6.0,Daylen Lile flies out to right fielder Fernando Tatis Jr.,R,L,R,SD,WSH,X,9.0,fly_ball,0,1,2026,-0.95,1.33,0.4553080572653717,2.3108164644934264,,691781.0,,2,6,Top,184.57,139.48,,,,,7.658971957380196,-138.02202750650142,-6.551307270245995,-13.885779418846584,31.146935930887235,-13.932212085424032,3.180511811,1.60511811,208.0,96.0,60.0,94.4,2386.0,6.1,823250,666023,664034,630105,592518,593428,687957,701538,665487,54.43,0.02,0.02,0.0,1.0,0.0,0.0,3.0,41,2,4-Seam Fastball,0,3,3,0,3,0,3,0,Infield shade,Standard,224.0,0.016,-0.245,,,,0.026,0.245,96.0,-3,3,0.147,0.853,27,23,28,24,1,2,7.0,1.0,5.0,1.0,1.21,0.95,-0.95,32.6,,,,,,Four-seam,True
CH,2026-09-08,86.9,-1.88,5.9,"Vásquez, Randy",695734,681190,,swinging_strike,,,,,13.0,,R,L,R,SD,WSH,S,,,0,0,2026,-1.14,0.52,-0.2182942845007662,1.434179113039554,,691781.0,,2,6,Top,,,,,,,6.274325556136874,-126.47187432544212,-5.3912499736610835,-13.447005965579455,24.437215872504787,-25.657161313204902,3.180511811,1.60511811,,,,86.9,1799.0,6.2,823250,666023,664034,630105,592518,593428,687957,701538,665487,54.32,,,,,,,,41,1,Changeup,0,3,3,0,3,0,3,0,Strategic,Standard,222.0,0.003,-0.04,70.9,8.6,4.02140766,,0.04,,-3,3,0.144,0.856,27,23,28,24,1,2,7.0,1.0,5.0,1.0,2.48,1.14,-1.14,36.3,29.18174219016651,-29.55286940878593,41.36528712726555,35.163128914023915,48.23006074146774,Changeup,False
SI,2026-09-08,95.3,-1.66,5.97,"Vásquez, Randy",691781,681190,double,hit_into_play,,,,,1.0,Brady House doubles (15) on a sharp line drive to center fielder Jackson Merrill. Abimelec Ortiz scores. CJ Abrams scores.,R,R,R,SD,WSH,X,8.0,line_drive,0,1,2026,-1.25,1.03,-0.4975881798355825,3.1949753329376165,,694673.0,682928.0,2,6,Top,174.57,67.67,,,,,5.843202018605381,-138.63062324374528,-3.814852137527163,-17.45661861093911,30.271581133626885,-18.231619698657298,3.370956365,1.701230315,280.0,100.4,15.0,95.0,2502.0,6.1,823250,666023,664034,630105,592518,593428,687957,701538,665487,54.4,0.706,0.716,1.25,1.0,1.0,1.0,4.0,40,2,Sinker,0,1,1,0,3,0,3,0,Standard,Standard,221.0,-0.21,0.995,71.1,6.3,,0.972,-0.995,100.4,-1,1,0.354,0.646,27,23,28,23,1,2,7.0,1.0,5.0,1.0,1.48,1.25,1.25,34.4,0.1199667669520392,15.79440917472542,31.21050597315624,31.880701068080917,22.597901986160352,Sinker,True
SI,2026-09-08,95.1,-1.64,5.96,"Vásquez, Randy",691781,681190,,called_strike,,,,,7.0,,R,R,R,SD,WSH,S,,,0,0,2026,-1.13,1.31,-0.2765075908434602,2.063488876495538,,694673.0,682928.0,2,6,Top,,,,,,,6.076347589427003,-138.33828850412283,-7.340189089519202,-15.879386269059411,29.10067552597614,-13.9023475352061,3.370956365,1.701230315,,,,95.0,2412.0,6.1,823250,666023,664034,630105,592518,593428,687957,701538,665487,54.35,,,,,,,,40,1,Sinker,0,1,1,0,1,0,1,0,Standard,Standard,216.0,0.007,-0.032,,,,,0.032,,-1,1,0.347,0.653,27,23,28,23,1,2,7.0,1.0,5.0,1.0,1.2,1.13,1.13,34.3,,,,,,Sinker,False
SI,2026-08-15,95.7,-1.55,5.94,"Vásquez, Randy",694197,681190,field_out,hit_into_play,,,,,4.0,"Angel Genao grounds out, second baseman Jake Cronenworth to first baseman Ty France.",R,L,R,CLE,SD,X,4.0,ground_ball,0,2,2026,-1.1,0.78,-0.6536811625834968,2.4191517974820833,682657.0,,,2,7,Bot,139.16,146.2,,,,,4.837547455830066,-139.39876511236866,-5.309457968939244,-15.39845591738178,28.90244444032701,-21.02400811610563,3.177001312,1.603346457,4.0,92.9,-28.0,96.1,2386.0,6.3,824400,666023,664034,630105,592518,593428,669720,701538,665487,54.24,0.088,0.081,0.0,1.0,0.0,0.0,2.0,58,4,Sinker,6,1,6,1,1,6,6,1,Infield shade,Standard,217.0,-0.002,-0.211,58.5,7.0,,0.098,0.211,92.9,5,5,0.984,0.984,27,22,28,22,3,3,6.0,1.0,6.0,3.0,1.69,1.1,-1.1,36.6,8.375994132139214,19.87951913196203,26.775711088148565,42.824462267268814,22.969663453261543,Sinker,True
FC,2026-08-15,94.0,-1.79,5.85,"Vásquez, Randy",694197,681190,,foul,,,,,6.0,,R,L,R,CLE,SD,S,,,0,2,2026,0.05,0.71,0.3500082207061382,2.646907145273261,682657.0,,,2,7,Bot,,,,,,,5.333647602136743,-136.96864045832592,-4.033321489206701,-0.4230808812713564,27.046209133002844,-22.527064392600774,3.177001312,1.603346457,,,,94.1,2607.0,6.0,824400,666023,664034,630105,592518,593428,669720,701538,665487,54.45,,,,,,,,58,3,Cutter,6,1,6,1,1,6,6,1,Infield shade,Standard,191.0,0.0,0.0,69.5,6.2,,,0.0,,5,5,0.984,0.984,27,22,28,22,3,3,6.0,1.0,6.0,3.0,1.84,-0.05,0.05,34.2,-3.0817623072054743,18.50454238598344,34.28360243640152,30.976088614318183,20.931744315916955,Cutter,False
SI,2026-08-15,95.4,-1.66,5.88,"Vásquez, Randy",694197,681190,,called_strike,,,,,12.0,,R,L,R,CLE,SD,S,,,0,1,2026,-1.44,0.66,0.8484506969105228,2.4549600945911143,682657.0,,,2,7,Bot,,,,,,,9.793927020365787,-138.6425918259971,-4.680373609139705,-20.75903230604646,29.955263114671677,-22.78209183375193,3.177001312,1.603346457,,,,95.5,2413.0,6.4,824400,666023,664034,630105,592518,593428,669720,701538,665487,54.15,,,,,,,,58,2,Sinker,6,1,6,1,1,6,6,1,Strategic,Standard,226.0,-0.001,-0.06,,,,,0.06,,5,5,0.985,0.985,27,22,28,22,3,3,6.0,1.0,6.0,3.0,1.84,1.44,-1.44,35.3,,,,,,Sinker,False
FC,2026-08-15,94.5,-1.75,5.87,"Vásquez, Randy",694197,681190,,swinging_strike,,,,,3.0,,R,L,R,CLE,SD,S,,,0,0,2026,-0.19,0.6,0.593060068553367,2.9647724146768373,682657.0,,,2,7,Bot,,,,,,,6.3935655317402444,-137.52677092277963,-3.04521738737371,-3.750476628495204,30.035919855419124,-24.10211398690955,3.177001312,1.603346457,,,,94.0,2578.0,5.9,824400,666023,664034,630105,592518,593428,669720,701538,665487,54.56,,,,,,,,58,1,Cutter,6,1,6,1,1,6,6,1,Standard,Standard,201.0,0.0,-0.034,73.5,6.3,0.1,,0.034,,5,5,0.985,0.985,27,22,28,22,3,3,6.0,1.0,6.0,3.0,1.95,0.19,-0.19,33.7,-1.7255683966077329,14.149995096528617,30.174059588975723,27.793422729093074,22.39066413061982,Cutter,False
CH,2026-08-15,91.4,-1.68,5.8,"Vásquez, Randy",663993,681190,field_out,hit_into_play,,,,,13.0,"Nathaniel Lowe grounds out, second baseman Jake Cronenworth to first baseman Ty France. Angel Martínez to 3rd.",R,L,R,CLE,SD,X,4.0,ground_ball,0,1,2026,-1.37,0.1,-0.2550213114035553,1.56996486278135,,682657.0,,1,7,Bot,150.06,150.43,,,,,6.536314521729589,-132.89891956918046,-4.774465323593307,-17.5792453077228,27.28631419063588,-30.19645299223396,3.366568242,1.699015748,17.0,77.2,-4.0,91.5,1913.0,6.3,824400,666023,664034,630105,592518,593428,669720,701538,665487,54.22,0.104,0.095,0.0,1.0,0.0,0.0,2.0,57,2,Changeup,6,1,6,1,1,6,6,1,Infield shade,Standard,246.0,-0.002,-0.205,71.3,8.1,,0.115,0.205,88.0,5,5,0.987,0.987,27,30,28,31,3,3,6.0,1.0,6.0,1.0,2.62,1.37,-1.37,33.5,12.309457309578764,-5.599930878012168,33.737418107405375,40.89470076320211,38.36683974365543,Changeup,True
FF,2026-08-15,94.7,-1.62,5.94,"Vásquez, Randy",663993,681190,,foul,,,,,12.0,,R,L,R,CLE,SD,S,,,0,0,2026,-0.82,1.2,0.8456620221765434,3.067065123273628,,682657.0,,1,7,Bot,,,,,,,8.177217330022772,-137.69499254029475,-4.373230335143495,-12.1598773780594,27.53986331271583,-16.127608755437848,3.366568242,1.699015748,206.0,75.8,22.0,94.7,2370.0,6.1,824400,666023,664034,630105,592518,593428,669720,701538,665487,54.42,,,,,,,,57,1,4-Seam Fastball,6,1,6,1,1,6,6,1,Infield shade,Standard,219.0,0.0,-0.045,76.6,7.8,,,0.045,88.0,5,5,0.987,0.987,27,30,28,31,3,3,6.0,1.0,6.0,1.0,1.33,0.82,-0.82,33.4,13.214523425376136,-11.075339908851603,28.3857550515699,28.51328823109875,33.56733697280406,Four-seam,False
SI,2026-08-15,95.7,-1.74,5.95,"Vásquez, Randy",666176,681190,double,hit_into_play,,,,,13.0,Jo Adell doubles (20) on a sharp line drive to left fielder Austin Hays.,R,R,R,CLE,SD,X,7.0,line_drive,0,1,2026,-1.1,0.82,-0.7884615787687035,1.5633434657539365,,,,1,7,Bot,29.54,105.86,,,,,4.9831328973103775,-139.20716745872667,-7.613000612279597,-15.360455737079526,29.594493799758396,-19.98422624193794,3.305134514,1.668011811,328.0,110.8,18.0,95.7,2412.0,6.2,824400,666023,664034,630105,592518,593428,669720,701538,665487,54.33,0.82,1.181,1.25,1.0,1.0,1.0,6.0,56,2,Sinker,6,1,6,1,1,6,6,1,Standard,Standard,213.0,0.003,0.693,80.8,8.2,,1.965,-0.693,110.8,5,5,0.984,0.984,27,27,28,27,3,3,6.0,1.0,6.0,1.0,1.66,1.1,1.1,37.9,15.85166346922978,-18.63427717303323,45.68000572420447,27.288931269518,32.0613476353103,Sinker,True
FC,2026-08-15,94.3,-1.68,5.92,"Vásquez, Randy",666176,681190,,swinging_strike,,,,,6.0,,R,R,R,CLE,SD,S,,,0,0,2026,-0.27,0.85,0.6398468718594543,2.6155394263272056,680757.0,,800050.0,1,7,Bot,,,,,,,6.531138491831264,-137.32559916308372,-4.663777554905485,-4.662772970885888,26.35304294646303,-20.556566076294423,3.305134514,1.668011811,,,,94.5,2665.0,6.1,824400,666023,664034,630105,592518,593428,669720,701538,665487,54.44,,,,,,,,56,1,Cutter,4,1,4,1,1,6,6,1,Standard,Standard,203.0,0.025,-0.049,74.3,7.3,0.71254908,,0.049,,3,3,0.959,0.959,27,27,28,27,3,3,6.0,1.0,6.0,1.0,1.68,0.27,0.27,35.6,5.316361489372267,4.34766935612381,34.884596789369354,45.328287433809706,22.0080447253356,Cutter,False
FC,2026-08-15,92.3,-1.73,5.8,"Vásquez, Randy",608070,681190,strikeout,swinging_strike,,,,,14.0,José Ramírez strikes out swinging.,R,L,R,CLE,SD,S,2.0,,2,2,2026,0.26,0.62,0.2759349963431805,0.686920727570919,680757.0,,800050.0,0,7,Bot,,,,,,,4.446341582593144,-134.27910682460967,-8.354118010226854,2.36636624005451,24.46752465838644,-23.220029552633616,3.034826116,1.531594488,,,,92.8,2787.0,6.2,824400,666023,664034,630105,592518,593428,669720,701538,665487,54.26,,0.0,0.0,1.0,0.0,0.0,,55,5,Cutter,4,1,4,1,1,4,4,1,Infield shade,Standard,181.0,-0.009,-0.28,72.0,7.4,0.613608012,,0.28,,3,3,0.968,0.968,27,33,28,34,3,3,6.0,2.0,6.0,1.0,2.02,-0.26,0.26,30.7,2.58799328531684,-9.87266995124901,42.99332517923067,26.512257849963255,29.327175215512145,Cutter,True
SL,2026-08-15,87.6,-1.74,5.77,"Vásquez, Randy",608070,681190,,blocked_ball,,,,,14.0,,R,L,R,CLE,SD,B,,,1,2,2026,0.58,-0.22,0.8702045332750776,0.0470010709146264,680757.0,,800050.0,0,7,Bot,,,,,,,5.001809237935549,-127.52805668983105,-7.01002116009769,5.492169402995107,22.822288608857896,-33.53244479136108,3.034826116,1.531594488,,,,87.8,3155.0,6.1,824400,666023,664034,630105,592518,593428,669720,701538,665487,54.38,,,,,,,,55,4,Slider,4,1,4,1,1,4,4,1,Strategic,Standard,77.0,0.001,0.047,,,,,-0.047,,3,3,0.967,0.967,27,33,28,34,3,3,6.0,2.0,6.0,1.0,3.16,-0.58,0.58,32.3,,,,,,Slider,False
SI,2026-08-15,96.1,-1.74,5.88,"Vásquez, Randy",608070,681190,,foul,,,,,2.0,,R,L,R,CLE,SD,S,,,1,1,2026,-1.09,0.78,-0.2622066848426849,2.7469438743587076,680757.0,,800050.0,0,7,Bot,,,,,,,6.377906155093372,-139.869437557034,-4.366143928660965,-15.742905580070811,27.952486761440323,-21.18033683440891,3.034826116,1.531594488,,,,96.4,2381.0,6.2,824400,666023,664034,630105,592518,593428,669720,701538,665487,54.29,,,,,,,,55,3,Sinker,4,1,4,1,1,4,4,1,Standard,Standard,218.0,-0.002,-0.075,70.4,7.4,,,0.075,,3,3,0.969,0.969,27,33,28,34,3,3,6.0,2.0,6.0,1.0,1.67,1.09,-1.09,34.7,10.407695312497252,-11.50133999288845,27.226038160313344,33.90258763506954,30.58543583762743,Sinker,False
FC,2026-08-15,93.0,-1.78,5.9,"Vásquez, Randy",608070,681190,,called_strike,,,,,4.0,,R,L,R,CLE,SD,S,,,1,0,2026,0.18,0.67,-0.6767816071790013,2.219803267697243,680757.0,,800050.0,0,7,Bot,,,,,,,2.379063316619422,-135.47560449082192,-5.017713602871445,1.780921379583179,25.087669375205017,-23.080479570663297,3.034826116,1.531594488,,,,93.3,2551.0,6.1,824400,666023,664034,630105,592518,593428,669720,701538,665487,54.44,,,,,,,,55,2,Cutter,4,1,4,1,1,4,4,1,Infield shade,Standard,206.0,-0.002,-0.024,,,,,0.024,,3,3,0.971,0.971,27,33,28,34,3,3,6.0,2.0,6.0,1.0,1.93,-0.18,0.18,33.1,,,,,,Cutter,False
CH,2026-08-15,91.7,-1.8,5.82,"Vásquez, Randy",608070,681190,,ball,,,,,13.0,,R,L,R,CLE,SD,B,,,0,0,2026,-1.29,0.39,-0.7214924053273712,1.2232966042675273,680757.0,,800050.0,0,7,Bot,,,,,,,5.483211622174584,-133.3268386378842,-6.344843886696492,-16.56092902285428,28.042789204300007,-26.324996488425704,3.034826116,1.531594488,,,,91.3,2035.0,6.1,824400,666023,664034,630105,592518,593428,669720,701538,665487,54.43,,,,,,,,55,1,Changeup,4,1,4,1,1,4,4,1,Standard,Standard,248.0,0.001,0.016,,,,,-0.016,,3,3,0.97,0.97,27,33,28,34,3,3,6.0,2.0,6.0,1.0,2.32,1.29,-1.29,32.2,,,,,,Changeup,False
CH,2026-08-15,91.0,-1.75,5.79,"Vásquez, Randy",800050,681190,single,hit_into_play,,,,,13.0,Chase DeLauter singles on a ground ball to center fielder Jackson Merrill. Steven Kwan to 3rd.,R,L,R,CLE,SD,X,8.0,ground_ball,1,2,2026,-1.44,0.08,-1.0285962195305949,2.0032276919517917,,,680757.0,0,7,Bot,132.51,94.76,,,,,4.882788092562155,-132.48360923197671,-3.550509918783078,-17.99384346691607,27.060676376263658,-30.70365975438799,3.339361877,1.685285433,8.0,92.1,-15.0,90.6,1940.0,5.9,824400,666023,664034,630105,592518,593428,669720,701538,665487,54.55,0.164,0.148,0.9,1.0,1.0,0.0,2.0,54,4,Changeup,4,1,4,1,1,4,4,1,Infield shade,Standard,251.0,0.022,0.537,63.4,7.6,,0.18,-0.537,92.1,3,3,0.948,0.948,27,24,28,25,3,3,6.0,1.0,6.0,1.0,2.66,1.44,-1.44,30.5,7.213590430120555,6.874733194223032,21.837594708173366,49.481101232346475,25.90561201028736,Changeup,True
FC,2026-08-15,92.8,-1.78,5.88,"Vásquez, Randy",800050,681190,,called_strike,,,,,7.0,,R,L,R,CLE,SD,S,,,1,1,2026,0.29,0.7,-0.5716182393350479,2.052110478649629,,,680757.0,0,7,Bot,,,,,,,2.3896661798155776,-135.16427922063951,-5.384017143986518,3.130920709513598,25.353796776596237,-22.716647389299222,3.339361877,1.685285433,,,,93.0,2610.0,6.0,824400,666023,664034,630105,592518,593428,669720,701538,665487,54.48,,,,,,,,54,3,Cutter,4,1,4,1,1,4,4,1,Infield shade,Standard,196.0,-0.002,-0.054,,,,,0.054,,3,3,0.95,0.95,27,24,28,25,3,3,6.0,1.0,6.0,1.0,1.92,-0.29,0.29,33.0,,,,,,Cutter,False
FF,2026-08-15,95.8,-1.78,5.91,"Vásquez, Randy",800050,681190,,ball,,,,,11.0,,R,L,R,CLE,SD,B,,,0,1,2026,-0.71,1.14,-1.3364213625088448,3.9331384731014785,,,680757.0,0,7,Bot,,,,,,,2.748514173834948,-139.5180441030023,-2.104682614592157,-9.86653125535042,30.125861769477336,-16.93024605850477,3.339361877,1.685285433,,,,95.3,2442.0,5.9,824400,666023,664034,630105,592518,593428,669720,701538,665487,54.62,,,,,,,,54,2,4-Seam Fastball,4,1,4,1,1,4,4,1,Infield shade,Standard,218.0,0.001,0.026,,,,,-0.026,,3,3,0.949,0.949,27,24,28,25,3,3,6.0,1.0,6.0,1.0,1.33,0.71,-0.71,33.4,,,,,,Four-seam,False
SI,2026-08-15,95.6,-1.85,5.89,"Vásquez, Randy",800050,681190,,called_strike,,,,,7.0,,R,L,R,CLE,SD,S,,,0,0,2026,-1.18,0.79,-0.3814886098017929,1.9252836460645768,,,680757.0,0,7,Bot,,,,,,,6.491880601643096,-138.99880195813176,-6.419962784645225,-16.789592849624725,28.73488782546437,-20.712072464347077,3.339361877,1.685285433,,,,95.5,2380.0,6.1,824400,666023,664034,630105,592518,593428,669720,701538,665487,54.42,,,,,,,,54,1,Sinker,4,1,4,1,1,4,4,1,Infield shade,Standard,219.0,-0.001,-0.04,,,,,0.04,,3,3,0.95,0.95,27,24,28,25,3,3,6.0,1.0,6.0,1.0,1.69,1.18,-1.18,33.2,,,,,,Sinker,False
ST,2026-08-15,85.3,-1.79,5.86,"Vásquez, Randy",680757,681190,single,hit_into_play,,,,,13.0,Steven Kwan singles on a ground ball to second baseman Jake Cronenworth.,R,L,R,CLE,SD,X,4.0,ground_ball,1,2,2026,0.95,-0.23,-0.1310301673394232,1.0616545708880016,,,,0,7,Bot,159.13,151.04,,,,,1.914646436642756,-124.26295758240924,-4.292569070426106,9.501366454449142,23.36143229566772,-33.953618878433204,3.02253937,1.525393701,143.0,88.5,7.0,85.1,3200.0,6.0,824400,666023,664034,630105,592518,593428,669720,701538,665487,54.52,0.52,0.489,0.9,1.0,1.0,0.0,4.0,53,4,Sweeper,4,1,4,1,1,4,4,1,Infield shade,Standard,68.0,0.01,0.517,59.8,7.2,,0.586,-0.517,88.5,3,3,0.94,0.94,27,28,28,29,2,3,6.0,1.0,6.0,1.0,3.34,-0.95,0.95,36.8,7.84437801528639,-10.416925914981189,47.01512409744576,32.94991518235386,31.059218052943173,Sweeper,True
SI,2026-08-15,95.1,-1.76,5.91,"Vásquez, Randy",680757,681190,,foul,,,,,4.0,,R,L,R,CLE,SD,S,,,1,1,2026,-1.26,0.75,-0.3945625872012539,2.3765892331946623,,,,0,7,Bot,,,,,,,6.346387266040417,-138.3695807259586,-5.097088730346275,-17.564342737879567,29.91084514227707,-21.545239157679344,3.02253937,1.525393701,230.0,78.5,48.0,94.6,2517.0,5.9,824400,666023,664034,630105,592518,593428,669720,701538,665487,54.56,,,,,,,,53,3,Sinker,4,1,4,1,1,4,4,1,Standard,Standard,213.0,-0.001,-0.06,64.1,6.2,,,0.06,88.0,3,3,0.941,0.941,27,28,28,29,2,3,6.0,1.0,6.0,1.0,1.76,1.26,-1.26,32.5,-3.8059077223534,0.3576731672198144,39.24586244228161,34.66378639812571,24.499201265500982,Sinker,False
FC,2026-08-15,91.9,-1.79,5.91,"Vásquez, Randy",680757,681190,,called_strike,,,,,9.0,,R,L,R,CLE,SD,S,,,1,0,2026,0.1,0.89,0.7356406670440417,1.6652766268283408,,,,0,7,Bot,,,,,,,6.046888723439601,-133.72382635411307,-6.629511199643925,0.0285988446196953,26.433067353403622,-20.24352874075447,3.02253937,1.525393701,,,,91.6,2648.0,5.9,824400,666023,664034,630105,592518,593428,669720,701538,665487,54.59,,,,,,,,53,2,Cutter,4,1,4,1,1,4,4,1,Standard,Standard,203.0,-0.001,-0.055,,,,,0.055,,3,3,0.942,0.942,27,28,28,29,2,3,6.0,1.0,6.0,1.0,1.79,-0.1,0.1,33.4,,,,,,Cutter,False
SI,2026-08-15,94.8,-1.92,5.93,"Vásquez, Randy",680757,681190,,ball,,,,,11.0,,R,L,R,CLE,SD,B,,,0,0,2026,-1.22,0.87,-1.513402241727451,2.4575957656930405,,,,0,7,Bot,,,,,,,3.772307665137388,-138.0135096067387,-5.138455091320185,-16.39885533262631,30.740753225979315,-20.109071925569825,3.02253937,1.525393701,,,,94.1,2424.0,5.9,824400,666023,664034,630105,592518,593428,669720,701538,665487,54.64,,,,,,,,53,1,Sinker,4,1,4,1,1,4,4,1,Standard,Standard,221.0,0.001,0.042,,,,,-0.042,,3,3,0.941,0.941,27,28,28,29,2,3,6.0,1.0,6.0,1.0,1.66,1.22,-1.22,31.5,,,,,,Sinker,False
SL,2026-08-15,87.2,-1.87,5.85,"Vásquez, Randy",690984,681190,force_out,hit_into_play,,,,,8.0,"Petey Halpin grounds into a force out, fielded by shortstop Xander Bogaerts. Travis Bazzana out at 2nd.",R,L,R,CLE,SD,X,6.0,ground_ball,0,0,2026,0.45,0.15,0.0781955184331505,1.982510952351118,,663993.0,683953.0,2,6,Bot,124.04,146.2,,,,,3.67024776216141,-127.08558669979014,-3.3004397158208194,4.274621023412116,23.20170597276354,-30.153182729120783,3.18402231,1.606889764,53.0,95.2,2.0,87.6,3102.0,6.2,824400,666023,664034,630105,592518,593428,669720,701538,665487,54.26,0.429,0.415,0.0,1.0,0.0,0.0,4.0,48,1,Slider,4,1,4,1,1,4,4,1,Standard,Standard,105.0,-0.016,-0.285,72.2,6.7,,0.507,0.285,95.2,3,3,0.909,0.909,27,24,28,24,2,2,6.0,1.0,6.0,3.0,2.81,-0.45,0.45,37.2,2.068482490939925,12.165014673652577,36.72546355276994,33.29900879830478,24.095659612442887,Slider,True
SI,2026-08-15,96.2,-1.69,5.86,"Vásquez, Randy",672275,681190,strikeout,called_strike,,,,,9.0,Patrick Bailey called out on strikes.,R,L,R,CLE,SD,S,2.0,,1,2,2026,-1.31,0.66,0.5637966946298589,1.9181616872598164,,663993.0,683953.0,1,6,Bot,,,,,,,8.871469169182127,-139.73661507866456,-6.142740728651127,-19.087818896846716,30.688695072149095,-22.25867737787115,3.22351542,1.626820866,,,,96.0,2442.0,6.2,824400,666023,664034,630105,592518,593428,669720,701538,665487,54.27,,0.0,0.0,1.0,0.0,0.0,,47,6,Sinker,4,1,4,1,1,4,4,1,Standard,Standard,217.0,-0.01,-0.164,,,,,0.164,,3,3,0.919,0.919,27,27,28,27,2,2,6.0,1.0,6.0,3.0,1.8,1.31,-1.31,34.7,,,,,,Sinker,True
CH,2026-08-15,92.8,-1.79,5.82,"Vásquez, Randy",672275,681190,,blocked_ball,,,,,14.0,,R,L,R,CLE,SD,B,,,0,2,2026,-1.48,0.04,0.1491608676735523,0.1318168107478166,,663993.0,683953.0,1,6,Bot,,,,,,,8.153159948652283,-134.79420916144892,-8.523708956299256,-19.80590022499175,28.91757938600269,-30.03141851367264,3.22351542,1.626820866,,,,92.5,2004.0,6.2,824400,666023,664034,630105,592518,593428,669720,701538,665487,54.3,,,,,,,,47,5,Changeup,4,1,4,1,1,4,4,1,Standard,Standard,247.0,0.001,0.025,,,,,-0.025,,3,3,0.918,0.918,27,27,28,27,2,2,6.0,1.0,6.0,3.0,2.62,1.48,-1.48,34.6,,,,,,Changeup,False
SL,2026-08-15,87.1,-1.94,5.89,"Vásquez, Randy",672275,681190,,foul,,,,,8.0,,R,L,R,CLE,SD,S,,,0,2,2026,0.62,0.29,-0.1559878476879773,1.7184585275574342,,663993.0,683953.0,1,6,Bot,,,,,,,2.9206300867971575,-126.89619369520672,-4.2503796648819625,6.158436718853932,24.849776666027378,-28.419360557692578,3.22351542,1.626820866,222.0,78.1,33.0,87.0,3162.0,6.1,824400,666023,664034,630105,592518,593428,669720,701538,665487,54.41,,,,,,,,47,4,Slider,4,1,4,1,1,4,4,1,Standard,Standard,90.0,0.0,0.0,68.0,7.0,,,0.0,88.0,3,3,0.918,0.918,27,27,28,27,2,2,6.0,1.0,6.0,3.0,2.7,-0.62,0.62,36.9,-6.996342280045153,10.475141484901462,38.0139158703355,39.4552106640821,21.86696482575653,Slider,False
FF,2026-08-15,96.5,-1.86,5.91,"Vásquez, Randy",672275,681190,,foul,,,,,8.0,,R,L,R,CLE,SD,S,,,0,2,2026,-1.04,0.94,-0.2315804694122287,1.9817703229317836,,663993.0,683953.0,1,6,Bot,,,,,,,6.651166322074063,-140.3435738903138,-6.8179129222044255,-15.24729181142801,29.907627570824953,-18.37118652201301,3.22351542,1.626820866,258.0,82.5,36.0,96.3,2426.0,6.1,824400,666023,664034,630105,592518,593428,669720,701538,665487,54.44,,,,,,,,47,3,4-Seam Fastball,4,1,4,1,1,4,4,1,Standard,Standard,218.0,0.0,0.0,67.9,6.9,,,0.0,88.0,3,3,0.918,0.918,27,27,28,27,2,2,6.0,1.0,6.0,3.0,1.5,1.04,-1.04,32.7,-1.860908056783943,14.415837670880729,39.57144417298994,40.41085303932845,20.108369612696357,Four-seam,False
SI,2026-08-15,96.8,-1.78,5.9,"Vásquez, Randy",672275,681190,,foul,,,,,1.0,,R,L,R,CLE,SD,S,,,0,1,2026,-1.29,0.78,-0.6886854787032786,2.759549475945986,,663993.0,683953.0,1,6,Bot,,,,,,,5.82232888670993,-140.833007062291,-4.447543594312825,-18.44277700200568,30.16815567233127,-20.951091605586015,3.22351542,1.626820866,269.0,82.9,40.0,96.5,2419.0,6.0,824400,666023,664034,630105,592518,593428,669720,701538,665487,54.49,,,,,,,,47,2,Sinker,4,1,4,1,1,4,4,1,Standard,Standard,211.0,-0.004,-0.062,67.5,6.5,,,0.062,88.0,3,3,0.922,0.922,27,27,28,27,2,2,6.0,1.0,6.0,3.0,1.64,1.29,-1.29,33.7,-4.594101719534656,24.63747448908388,31.14037241273887,45.83277124739918,14.117867575911449,Sinker,False
FC,2026-08-15,92.7,-1.94,5.92,"Vásquez, Randy",672275,681190,,foul,,,,,4.0,,R,L,R,CLE,SD,S,,,0,0,2026,0.1,0.71,-0.2931697718682259,2.6311046005214553,,663993.0,683953.0,1,6,Bot,,,,,,,3.928671724021637,-135.07151939993898,-4.01586255769154,0.3786485502497493,28.054930925135732,-22.804437541546736,3.22351542,1.626820866,234.0,80.4,37.0,92.7,2651.0,6.1,824400,666023,664034,630105,592518,593428,669720,701538,665487,54.38,,,,,,,,47,1,Cutter,4,1,4,1,1,4,4,1,Infield shade,Standard,202.0,-0.002,-0.041,72.0,6.5,,,0.041,88.0,3,3,0.924,0.924,27,27,28,27,2,2,6.0,1.0,6.0,3.0,1.92,-0.1,0.1,33.2,-4.039006809955103,22.230281295823072,35.03749604410744,40.54699531550929,15.177485923057738,Cutter,False
SI,2026-08-15,96.6,-1.78,5.92,"Vásquez, Randy",683953,681190,walk,ball,,,,,11.0,Travis Bazzana walks. Nathaniel Lowe to 2nd.,R,L,R,CLE,SD,B,,,3,2,2026,-1.34,0.66,-1.350192750496596,2.556797919754401,,,663993.0,1,6,Bot,,,,,,,4.233342254713437,-140.54117869022565,-4.679635389006196,-18.770012460973785,32.864540339396875,-22.57586171137355,3.178756562,1.604232283,,,,96.0,2456.0,6.0,824400,666023,664034,630105,592518,593428,669720,701538,665487,54.45,,0.698418,0.7,1.0,0.0,0.0,,46,6,Sinker,4,1,4,1,1,4,4,1,Infield shade,Standard,218.0,0.01,0.268,,,,,-0.268,,3,3,0.914,0.914,27,23,28,24,2,2,6.0,1.0,6.0,1.0,1.79,1.34,-1.34,34.2,,,,,,Sinker,True
SL,2026-08-15,86.3,-1.98,5.92,"Vásquez, Randy",683953,681190,,ball,,,,,13.0,,R,L,R,CLE,SD,B,,,2,2,2026,0.82,0.16,-0.9169612799374736,1.369374031272463,,,663993.0,1,6,Bot,,,,,,,0.8017084179416989,-125.7645543386828,-4.726641974843571,8.646636237306394,23.055214468263003,-29.79632006348236,3.178756562,1.604232283,,,,86.2,3252.0,5.9,824400,666023,664034,630105,592518,593428,669720,701538,665487,54.57,,,,,,,,46,5,Slider,4,1,4,1,1,4,4,1,Infield shade,Standard,89.0,0.004,0.072,,,,,-0.072,,3,3,0.91,0.91,27,23,28,24,2,2,6.0,1.0,6.0,1.0,2.87,-0.82,0.82,34.3,,,,,,Slider,False
CH,2026-08-15,90.9,-1.8,5.76,"Vásquez, Randy",683953,681190,,ball,,,,,13.0,,R,L,R,CLE,SD,B,,,1,2,2026,-1.28,0.48,-0.3150060160871493,1.1237879235186732,,,663993.0,1,6,Bot,,,,,,,6.437486441052618,-132.20654031303982,-6.480852060172226,-16.391512080103194,27.60405619809733,-25.40352547607799,3.178756562,1.604232283,,,,90.7,1875.0,6.2,824400,666023,664034,630105,592518,593428,669720,701538,665487,54.34,,,,,,,,46,4,Changeup,4,1,4,1,1,4,4,1,Infield shade,Standard,248.0,0.001,0.052,,,,,-0.052,,3,3,0.909,0.909,27,23,28,24,2,2,6.0,1.0,6.0,1.0,2.28,1.28,-1.28,30.9,,,,,,Changeup,False
SL,2026-08-15,88.2,-1.83,5.93,"Vásquez, Randy",683953,681190,,ball,,,,,13.0,,R,L,R,CLE,SD,B,,,0,2,2026,0.64,-0.06,-1.6709023468202595,2.104864071851252,,,663993.0,1,6,Bot,,,,,,,-0.9783951439696446,-128.5098449788117,-2.8867498597938086,7.332764209603749,25.659528959667583,-32.43454281193338,3.178756562,1.604232283,,,,87.8,3084.0,5.9,824400,666023,664034,630105,592518,593428,669720,701538,665487,54.62,,,,,,,,46,3,Slider,4,1,4,1,1,4,4,1,Infield shade,Standard,101.0,0.001,0.018,,,,,-0.018,,3,3,0.908,0.908,27,23,28,24,2,2,6.0,1.0,6.0,1.0,2.97,-0.64,0.64,34.2,,,,,,Slider,False
FC,2026-08-15,93.3,-1.88,5.93,"Vásquez, Randy",683953,681190,,swinging_strike,,,,,14.0,,R,L,R,CLE,SD,S,,,0,1,2026,0.25,0.68,0.2377068296633914,1.1568362089159137,,,663993.0,1,6,Bot,,,,,,,4.763716226180047,-135.75885742117984,-7.791628826746833,2.2597495073181224,26.1047675532496,-22.402813781342477,3.178756562,1.604232283,,,,93.1,2711.0,5.9,824400,666023,664034,630105,592518,593428,669720,701538,665487,54.57,,,,,,,,46,2,Cutter,4,1,4,1,1,4,4,1,Infield shade,Standard,207.0,-0.002,-0.058,75.3,7.6,0.947793552,,0.058,,3,3,0.91,0.91,27,23,28,24,2,2,6.0,1.0,6.0,1.0,1.92,-0.25,0.25,34.9,10.821838896184625,-4.888034927485879,42.07426758777878,33.21144309299716,32.55336604905207,Cutter,False
SL,2026-08-15,86.5,-2.11,5.9,"Vásquez, Randy",683953,681190,,called_strike,,,,,13.0,,R,L,R,CLE,SD,S,,,0,0,2026,0.81,0.01,-0.2752548189819341,1.4711383162685747,,,663993.0,1,6,Bot,,,,,,,2.608120177591353,-125.94218788696068,-4.132684565874747,8.190245385438345,24.490162354919335,-31.517762242109036,3.178756562,1.604232283,,,,86.1,3016.0,5.9,824400,666023,664034,630105,592518,593428,669720,701538,665487,54.63,,,,,,,,46,1,Slider,4,1,4,1,1,4,4,1,Infield shade,Standard,95.0,-0.002,-0.037,,,,,0.037,,3,3,0.912,0.912,27,23,28,24,2,2,6.0,1.0,6.0,1.0,3.03,-0.81,0.81,36.4,,,,,,Slider,False
FC,2026-08-15,93.3,-1.82,5.95,"Vásquez, Randy",694197,681190,strikeout,swinging_strike,,,,,5.0,Angel Genao strikes out swinging.,R,L,R,CLE,SD,S,2.0,,0,2,2026,0.09,0.69,0.1035570376410821,2.3390961204451077,,,663993.0,0,6,Bot,,,,,,,4.670103578070979,-135.84513017393323,-4.878662661243518,0.1206592563052354,28.018099811022037,-22.74506584311871,3.177001312,1.603346457,,,,93.1,2671.0,6.0,824400,666023,664034,630105,592518,593428,669720,701538,665487,54.48,,0.0,0.0,1.0,0.0,0.0,,45,3,Cutter,4,1,4,1,1,4,4,1,Infield shade,Standard,197.0,-0.007,-0.152,74.5,7.1,0.304328004,,0.152,,3,3,0.919,0.919,27,22,28,22,2,2,6.0,1.0,6.0,3.0,1.91,-0.09,0.09,33.6,1.505741597252515,7.365358298798202,34.99160475384846,32.87104681364032,24.23400529056083,Cutter,True
FC,2026-08-15,92.3,-1.8,5.95,"Vásquez, Randy",694197,681190,,swinging_strike,,,,,12.0,,R,L,R,CLE,SD,S,,,0,1,2026,0.14,0.71,0.1880271400704476,3.329360957276708,,,663993.0,0,6,Bot,,,,,,,4.661190593667621,-134.51423824051722,-2.2842812483876913,0.7628891003280844,26.0590924293731,-23.27274560436996,3.177001312,1.603346457,,,,92.1,2616.0,5.8,824400,666023,664034,630105,592518,593428,669720,701538,665487,54.65,,,,,,,,45,2,Cutter,4,1,4,1,1,4,4,1,Infield shade,Standard,200.0,-0.002,-0.05,71.3,5.9,1.536704688,,0.05,,3,3,0.921,0.921,27,22,28,22,2,2,6.0,1.0,6.0,3.0,1.94,-0.14,0.14,32.4,-4.035576548731395,27.93429910602177,25.83922087867658,33.136858458864296,19.995222189477783,Cutter,False
SI,2026-08-15,96.0,-1.79,5.87,"Vásquez, Randy",694197,681190,,foul,,,,,4.0,,R,L,R,CLE,SD,S,,,0,0,2026,-1.37,0.74,-0.5997959454828339,2.4485609159494772,,,663993.0,0,6,Bot,,,,,,,6.186556869423523,-139.658849054437,-4.912848038881609,-19.343944231485807,31.532828618386485,-21.569097118813293,3.177001312,1.603346457,242.0,81.9,48.0,95.0,2332.0,5.8,824400,666023,664034,630105,592518,593428,669720,701538,665487,54.75,,,,,,,,45,1,Sinker,4,1,4,1,1,4,4,1,Infield shade,Standard,217.0,-0.002,-0.04,72.6,6.8,,,0.04,88.0,3,3,0.923,0.923,27,22,28,22,2,2,6.0,1.0,6.0,3.0,1.73,1.37,-1.37,32.6,-1.6958468000266644,15.966280548959658,31.685633382888422,42.04813995407115,20.872948685032966,Sinker,False
FF,2026-08-15,95.4,-1.83,5.89,"Vásquez, Randy",663993,681190,single,hit_into_play,,,,,2.0,Nathaniel Lowe singles on a ground ball to center fielder Jackson Merrill.,R,L,R,CLE,SD,X,8.0,ground_ball,2,0,2026,-1.07,0.89,0.0734090979283834,3.275868172641994,,,,0,6,Bot,146.73,107.2,,,,,7.324520458663342,-138.82279190420928,-3.0766604389601753,-15.428618271130212,31.16829995067449,-20.107481745182913,3.366568242,1.699015748,128.0,92.0,9.0,94.7,2500.0,5.9,824400,666023,664034,630105,592518,593428,669720,701538,665487,54.62,0.626,0.58,0.9,1.0,1.0,0.0,4.0,44,3,4-Seam Fastball,4,1,4,1,1,4,4,1,Infield shade,Standard,218.0,0.008,0.321,75.4,7.4,,0.704,-0.321,92.0,3,3,0.915,0.915,27,30,28,31,2,2,6.0,1.0,6.0,1.0,1.61,1.07,-1.07,31.4,13.597973858903504,7.793685552418116,23.703219904399273,35.84621938125294,28.442117526499892,Four-seam,True
FC,2026-08-15,92.7,-1.98,5.87,"Vásquez, Randy",663993,681190,,ball,,,,,11.0,,R,L,R,CLE,SD,B,,,1,0,2026,-0.05,0.94,-1.214231850921208,3.1226131874932452,,,,0,6,Bot,,,,,,,2.0152321828985538,-135.03647991735403,-3.151343560499679,-1.0519113176650354,27.32258267318779,-20.142070791723903,3.366568242,1.699015748,,,,92.1,2610.0,5.7,824400,666023,664034,630105,592518,593428,669720,701538,665487,54.8,,,,,,,,44,2,Cutter,4,1,4,1,1,4,4,1,Infield shade,Standard,193.0,0.003,0.082,,,,,-0.082,,3,3,0.912,0.912,27,30,28,31,2,2,6.0,1.0,6.0,1.0,1.69,0.05,-0.05,32.6,,,,,,Cutter,False
FC,2026-08-15,92.0,-2.1,5.94,"Vásquez, Randy",663993,681190,,ball,,,,,13.0,,R,L,R,CLE,SD,B,,,0,0,2026,0.17,0.9,-0.0727828128735543,1.0426348335188873,,,,0,6,Bot,,,,,,,4.661795624980318,-133.8966500442209,-8.275225502700597,1.081973267907923,26.390597103950952,-19.86164483000745,3.366568242,1.699015748,,,,91.4,2691.0,5.7,824400,666023,664034,630105,592518,593428,669720,701538,665487,54.8,,,,,,,,44,1,Cutter,4,1,4,1,1,4,4,1,Infield shade,Standard,196.0,0.001,0.042,,,,,-0.042,,3,3,0.911,0.911,27,30,28,31,2,2,6.0,1.0,6.0,1.0,1.78,-0.17,0.17,33.0,,,,,,Cutter,False
SL,2026-08-15,87.6,-1.66,5.96,"Vásquez, Randy",666176,681190,strikeout,swinging_strike,,,,,14.0,Jo Adell strikes out swinging.,R,R,R,CLE,SD,S,2.0,,1,2,2026,0.73,0.02,1.578880650383533,1.5269522774118798,,,,2,5,Bot,,,,,,,6.158568425129978,-127.53549454381452,-4.432785807550868,6.966581112802536,23.234797581997817,-31.286978045739396,3.305134514,1.668011811,,,,87.6,3127.0,6.0,824400,666023,664034,630105,592518,593428,669720,701538,665487,54.51,,0.0,0.0,1.0,0.0,0.0,,40,4,Slider,4,1,4,1,1,4,4,1,Standard,Standard,85.0,-0.003,-0.183,69.1,8.3,3.835879224,,0.183,,3,3,0.866,0.866,27,27,28,27,2,2,6.0,1.0,6.0,1.0,2.92,-0.73,-0.73,35.3,17.384701103404613,-11.650673474073477,32.49355399871403,53.8504653057383,32.02328790545491,Slider,True
SI,2026-08-15,96.4,-1.69,5.98,"Vásquez, Randy",666176,681190,,swinging_strike,,,,,5.0,,R,R,R,CLE,SD,S,,,1,1,2026,-1.04,0.93,-0.1823391661164759,2.477640492608482,,,,2,5,Bot,,,,,,,6.333442655163685,-140.33928733140047,-5.697950949505341,-15.140732979841731,28.82965329128071,-18.836062949927243,3.305134514,1.668011811,,,,96.3,2473.0,6.0,824400,666023,664034,630105,592518,593428,669720,701538,665487,54.48,,,,,,,,40,3,Sinker,4,1,4,1,1,4,4,1,Strategic,Standard,214.0,-0.002,-0.064,79.1,7.1,0.463056816,,0.064,,3,3,0.868,0.868,27,27,28,27,2,2,6.0,1.0,6.0,1.0,1.51,1.04,1.04,35.5,5.255951898526111,-4.022318209610225,37.56983307202811,34.53672117513451,22.252152157449288,Sinker,False
SI,2026-08-15,96.5,-1.74,5.92,"Vásquez, Randy",666176,681190,,ball,,,,,11.0,,R,R,R,CLE,SD,B,,,0,1,2026,-1.34,0.53,-1.6351803515300278,3.141756421459709,,,,2,5,Bot,,,,,,,3.3380676445840205,-140.5310381717468,-2.8766142861006285,-18.55389809865912,31.085194337809273,-24.67620098819165,3.305134514,1.668011811,,,,95.9,2473.0,5.8,824400,666023,664034,630105,592518,593428,669720,701538,665487,54.66,,,,,,,,40,2,Sinker,4,1,4,1,1,4,4,1,Strategic,Standard,221.0,0.001,0.03,,,,,-0.03,,3,3,0.867,0.867,27,27,28,27,2,2,6.0,1.0,6.0,1.0,1.91,1.34,1.34,33.5,,,,,,Sinker,False
SL,2026-08-15,87.1,-1.82,5.8,"Vásquez, Randy",666176,681190,,called_strike,,,,,14.0,,R,R,R,CLE,SD,S,,,0,0,2026,0.62,0.23,0.9164435817702592,1.7781257006214817,,,,2,5,Bot,,,,,,,5.164739301656551,-126.789238641267,-3.753156111762638,5.6970319010353165,24.770294260903828,-29.16621387447407,3.305134514,1.668011811,,,,87.0,2953.0,6.1,824400,666023,664034,630105,592518,593428,669720,701538,665487,54.41,,,,,,,,40,1,Slider,4,1,4,1,1,4,4,1,Standard,Standard,102.0,-0.001,-0.045,,,,,0.045,,3,3,0.868,0.868,27,27,28,27,2,2,6.0,1.0,6.0,1.0,2.76,-0.62,-0.62,33.4,,,,,,Slider,False
CH,2026-08-15,90.8,-2.04,5.76,"Vásquez, Randy",608070,681190,sac_fly,hit_into_play,,,,,8.0,José Ramírez out on a sacrifice fly to center fielder Jackson Merrill. Steven Kwan scores.,R,L,R,CLE,SD,X,8.0,fly_ball,1,0,2026,-1.32,0.04,0.0538611627193721,1.8680123979256849,680757.0,,,1,5,Bot,162.63,67.47,,,,,7.998517072397193,-132.1244020538657,-3.714214029070208,-17.081044468667734,26.274918810765755,-31.087186508982548,3.034826116,1.531594488,338.0,93.0,36.0,90.6,2029.0,6.0,824400,666023,664034,630105,592518,593428,669720,701538,665487,54.45,,0.073,0.0,1.0,0.0,0.0,3.0,39,2,Changeup,3,1,3,1,1,4,4,1,Strategic,Strategic,246.0,0.019,-0.155,72.7,7.4,,,0.155,93.0,2,2,0.849,0.849,27,33,28,34,2,2,6.0,2.0,6.0,1.0,2.71,1.32,-1.32,30.8,10.207824884056262,-15.293628864682686,35.43230583696244,29.363200181023583,36.95038087918553,Changeup,True
FC,2026-08-15,94.6,-2.07,5.88,"Vásquez, Randy",608070,681190,,ball,,,,,13.0,,R,L,R,CLE,SD,B,,,0,0,2026,-0.04,0.69,-1.2551799853552288,0.9727067239643524,680757.0,,,1,5,Bot,,,,,,,2.184886891728778,-137.64534355262214,-8.443410229109045,-0.925064645905576,26.55464486670697,-21.87864522769367,3.034826116,1.531594488,,,,94.6,2604.0,6.0,824400,666023,664034,630105,592518,593428,669720,701538,665487,54.47,,,,,,,,39,1,Cutter,3,1,3,1,1,3,3,1,Strategic,Strategic,210.0,0.001,0.023,,,,,-0.023,,2,2,0.848,0.848,27,33,28,34,2,2,6.0,2.0,6.0,1.0,1.83,0.04,-0.04,33.8,,,,,,Cutter,False
CH,2026-08-15,90.3,-1.94,5.77,"Vásquez, Randy",800050,681190,field_out,hit_into_play,,,,,7.0,"Chase DeLauter grounds out, second baseman Jake Cronenworth to first baseman Ty France. Steven Kwan to 3rd.",R,L,R,CLE,SD,X,4.0,ground_ball,2,2,2026,-1.41,0.15,-0.5330967566172966,2.1666950579620576,,680757.0,,0,5,Bot,149.45,152.25,,,,,6.458295131498096,-131.42434829051604,-3.1351172343992895,-17.702004665823964,26.687232637558985,-29.965572086199625,3.339361877,1.685285433,44.0,97.9,-1.0,90.0,1887.0,6.0,824400,666023,664034,630105,592518,593428,669720,701538,665487,54.52,0.405,0.365,0.0,1.0,0.0,0.0,2.0,38,5,Changeup,3,1,3,1,1,3,3,1,Infield shade,Standard,247.0,0.0,-0.15,70.5,7.6,,0.444,0.15,97.9,2,2,0.848,0.848,27,24,28,25,2,2,6.0,1.0,6.0,1.0,2.63,1.41,-1.41,31.5,8.727550450746019,1.4165345898198056,23.857874323920186,44.72298726989078,32.61832797550665,Changeup,True
FC,2026-08-15,93.2,-1.98,5.92,"Vásquez, Randy",800050,681190,,ball,,,,,11.0,,R,L,R,CLE,SD,B,,,1,2,2026,0.06,0.8,-1.651441059898547,2.6094681632000007,,680757.0,,0,5,Bot,,,,,,,0.6906477083401762,-135.8899073526779,-4.396420781971054,0.6326172922555334,26.549028614812727,-21.504620726776395,3.339361877,1.685285433,,,,93.2,2662.0,6.0,824400,666023,664034,630105,592518,593428,669720,701538,665487,54.53,,,,,,,,38,4,Cutter,3,1,3,1,1,3,3,1,Standard,Standard,198.0,0.004,0.028,,,,,-0.028,,2,2,0.844,0.844,27,24,28,25,2,2,6.0,1.0,6.0,1.0,1.79,-0.06,0.06,33.6,,,,,,Cutter,False
FF,2026-08-15,96.0,-1.92,6.02,"Vásquez, Randy",800050,681190,,ball,,,,,11.0,,R,L,R,CLE,SD,B,,,0,2,2026,-0.62,1.4,-1.8182575226304472,3.1022723243270156,,680757.0,,0,5,Bot,,,,,,,1.6913727454227263,-139.8977107539672,-5.155123785624439,-8.515417116461425,29.87825144894886,-12.872849762316989,3.339361877,1.685285433,,,,95.9,2397.0,6.0,824400,666023,664034,630105,592518,593428,669720,701538,665487,54.5,,,,,,,,38,3,4-Seam Fastball,3,1,3,1,1,3,3,1,Standard,Standard,218.0,0.002,0.019,,,,,-0.019,,2,2,0.842,0.842,27,24,28,25,2,2,6.0,1.0,6.0,1.0,1.06,0.62,-0.62,34.4,,,,,,Four-seam,False
FC,2026-08-15,93.5,-1.94,5.96,"Vásquez, Randy",800050,681190,,called_strike,,,,,1.0,,R,L,R,CLE,SD,S,,,0,1,2026,0.1,0.79,-0.3410741796500419,3.094849340476805,,680757.0,,0,5,Bot,,,,,,,3.81743438809627,-136.24684490208563,-3.246746590225082,0.5438267112931743,27.516843259594108,-21.835247562657106,3.339361877,1.685285433,,,,93.3,2647.0,5.9,824400,666023,664034,630105,592518,593428,669720,701538,665487,54.59,,,,,,,,38,2,Cutter,3,1,3,1,1,3,3,1,Strategic,Standard,203.0,-0.006,-0.064,,,,,0.064,,2,2,0.848,0.848,27,24,28,25,2,2,6.0,1.0,6.0,1.0,1.8,-0.1,0.1,34.5,,,,,,Cutter,False
SI,2026-08-15,96.4,-1.78,5.93,"Vásquez, Randy",800050,681190,,foul,,,,,8.0,,R,L,R,CLE,SD,S,,,0,0,2026,-1.04,0.77,-0.2013593376006075,2.1534797672188155,,680757.0,,0,5,Bot,,,,,,,6.5376827544210245,-140.28812457938562,-6.0595199826165,-15.208934518638593,29.175595819333257,-20.86654411354571,3.339361877,1.685285433,190.0,71.2,55.0,96.6,2368.0,6.2,824400,666023,664034,630105,592518,593428,669720,701538,665487,54.3,,,,,,,,38,1,Sinker,3,1,3,1,1,3,3,1,Standard,Standard,221.0,-0.004,-0.035,73.6,7.4,,,0.035,88.0,2,2,0.852,0.852,27,24,28,25,2,2,6.0,1.0,6.0,1.0,1.67,1.04,-1.04,33.0,-2.574343118945614,2.205579708917743,29.750408211346535,41.45002723303976,26.49374344908772,Sinker,False
FF,2026-08-15,95.2,-1.82,5.91,"Vásquez, Randy",680757,681190,double,hit_into_play,,,,,3.0,Steven Kwan doubles (15) on a fly ball to right fielder Fernando Tatis Jr. Petey Halpin scores.,R,L,R,CLE,SD,X,9.0,fly_ball,3,1,2026,-0.42,1.19,0.5620196269814346,2.784998730565042,,690984.0,,0,5,Bot,204.52,88.71,,,,,7.060485471320164,-138.43381390873623,-5.069769863642923,-6.854134455330622,28.833816675743428,-15.93687620823252,3.02253937,1.525393701,313.0,86.4,27.0,94.8,2468.0,5.9,824400,666023,664034,630105,592518,593428,669720,701538,665487,54.57,0.069,0.079,1.25,1.0,1.0,1.0,3.0,37,5,4-Seam Fastball,2,1,2,1,1,3,3,1,Strategic,Standard,217.0,0.077,0.607,67.4,6.3,,0.127,-0.607,88.0,1,1,0.775,0.775,27,28,28,29,1,2,6.0,1.0,6.0,1.0,1.32,0.42,-0.42,33.2,9.421534136051298,-20.62898009074858,33.84721944573737,24.580047681404334,31.410512911053456,Four-seam,True
SI,2026-08-15,95.2,-2.11,5.92,"Vásquez, Randy",680757,681190,,ball,,,,,11.0,,R,L,R,CLE,SD,B,,,2,1,2026,-1.31,0.63,-2.252099375191743,2.5687017154383898,,690984.0,,0,5,Bot,,,,,,,2.5740886688887,-138.7364935288871,-4.377272544742998,-17.50197323343971,29.596482485630812,-23.288562236054105,3.02253937,1.525393701,,,,94.5,2356.0,5.7,824400,666023,664034,630105,592518,593428,669720,701538,665487,54.79,,,,,,,,37,4,Sinker,2,1,2,1,1,2,2,1,Infield shade,Standard,223.0,0.006,0.11,,,,,-0.11,,1,1,0.769,0.769,27,28,28,29,1,2,6.0,1.0,6.0,1.0,1.87,1.31,-1.31,32.7,,,,,,Sinker,False
FC,2026-08-15,93.0,-2.04,5.94,"Vásquez, Randy",680757,681190,,ball,,,,,14.0,,R,L,R,CLE,SD,B,,,1,1,2026,0.2,0.83,1.0548090751221113,2.1317700067373924,,690984.0,,0,5,Bot,,,,,,,7.300871732971458,-135.3473025531882,-5.618805330928708,1.127435161371837,25.75126541061843,-20.999912170447494,3.02253937,1.525393701,,,,92.6,2555.0,5.7,824400,666023,664034,630105,592518,593428,669720,701538,665487,54.76,,,,,,,,37,3,Cutter,2,1,2,1,1,2,2,1,Strategic,Standard,198.0,0.004,0.039,,,,,-0.039,,1,1,0.765,0.765,27,28,28,29,1,2,6.0,1.0,6.0,1.0,1.78,-0.2,0.2,35.1,,,,,,Cutter,False
SI,2026-08-15,95.4,-1.99,5.95,"Vásquez, Randy",680757,681190,,ball,,,,,11.0,,R,L,R,CLE,SD,B,,,0,1,2026,-1.02,0.68,-1.4180207478728764,3.281910192932396,,,690984.0,0,5,Bot,,,,,,,3.7904702492682376,-138.9785674065323,-2.7959570650248486,-14.059244768856592,28.834940811234787,-22.889795951467637,3.02253937,1.525393701,,,,95.1,2333.0,5.9,824400,666023,664034,630105,592518,593428,669720,701538,665487,54.63,,,,,,,,37,2,Sinker,2,1,2,1,1,2,2,1,Strategic,Standard,224.0,0.029,0.026,,,,,-0.026,,1,1,0.736,0.736,27,28,28,29,1,2,6.0,1.0,6.0,1.0,1.8,1.02,-1.02,30.8,,,,,,Sinker,False
FC,2026-08-15,92.0,-2.03,5.89,"Vásquez, Randy",680757,681190,,called_strike,,,,,8.0,,R,L,R,CLE,SD,S,,,0,0,2026,0.29,0.67,-0.1622893842972851,1.7665921207613466,,,690984.0,0,5,Bot,,,,,,,4.010140081115452,-134.01062467633324,-5.92616916875834,2.81127948432636,24.939284594038057,-23.03454769912241,3.02253937,1.525393701,,,,92.0,2594.0,5.9,824400,666023,664034,630105,592518,593428,669720,701538,665487,54.6,,,,,,,,37,1,Cutter,2,1,2,1,1,2,2,1,Strategic,Standard,206.0,-0.005,-0.04,,,,,0.04,,1,1,0.741,0.741,27,28,28,29,1,2,6.0,1.0,6.0,1.0,1.98,-0.29,0.29,32.4,,,,,,Cutter,False
FC,2026-08-15,92.4,-1.89,5.93,"Vásquez, Randy",690984,681190,single,hit_into_play,,,,,12.0,Petey Halpin singles on a soft bunt pop to pitcher Randy Vásquez.,R,L,R,CLE,SD,X,1.0,popup,0,1,2026,0.2,0.64,1.10553973315121,2.4998859012202965,,,,0,5,Bot,132.67,168.99,,,,,7.023640430062724,-134.50605531011934,-4.18288909844793,1.1124046896166888,25.122503251597845,-23.715036252385268,3.18402231,1.606889764,81.0,36.4,39.0,92.1,2691.0,5.8,824400,666023,664034,630105,592518,593428,669720,701538,665487,54.7,0.251,0.233,0.9,1.0,1.0,0.0,1.0,36,2,Cutter,2,1,2,1,1,2,2,1,Infield shade,Standard,206.0,0.036,0.184,19.3,2.5,,0.254,-0.184,88.0,1,1,0.705,0.705,27,24,28,24,1,1,6.0,1.0,6.0,3.0,2.0,-0.2,0.2,34.5,-48.37613036798664,-30.691828248402828,36.83383753682349,21.608777796238194,26.99690358483917,Cutter,True
FC,2026-08-15,92.3,-2.07,5.96,"Vásquez, Randy",690984,681190,,foul,,,,,4.0,,R,L,R,CLE,SD,S,,,0,0,2026,-0.14,0.63,-0.4353593748344424,2.5025944324536313,,,,0,5,Bot,,,,,,,4.385442943915316,-134.4867283816805,-4.203071798891339,-2.535410454672193,26.11379980028494,-23.795389925913913,3.18402231,1.606889764,161.0,81.2,76.0,92.0,2749.0,5.8,824400,666023,664034,630105,592518,593428,669720,701538,665487,54.69,,,,,,,,36,1,Cutter,2,1,2,1,1,2,2,1,Infield shade,Standard,199.0,-0.003,-0.041,70.0,7.7,,,0.041,88.0,1,1,0.708,0.708,27,24,28,24,1,1,6.0,1.0,6.0,3.0,2.01,0.14,-0.14,32.7,17.86113625709552,-6.458769255398849,31.887051796934017,36.24619311768867,38.216896352353615,Cutter,False
SI,2026-08-15,95.7,-1.97,5.83,"Vásquez, Randy",672275,681190,field_out,hit_into_play,,,,,4.0,"Patrick Bailey grounds out, second baseman Jake Cronenworth to first baseman Ty France.",R,L,R,CLE,SD,X,4.0,ground_ball,0,0,2026,-1.48,0.48,-0.5527402644844692,2.3428964430397254,,,683953.0,2,4,Bot,139.77,144.99,,,,,7.048974750154194,-139.09607165903114,-4.447520934863267,-20.776817969084377,31.494348482926693,-25.103197677577977,3.22351542,1.626820866,116.0,80.4,9.0,95.3,2434.0,6.1,824400,666023,664034,630105,592518,593428,669720,701538,665487,54.36,0.369,0.356,0.0,1.0,0.0,0.0,4.0,31,1,Sinker,2,1,2,1,1,2,2,1,Infield shade,Standard,216.0,-0.022,-0.275,72.0,7.5,,0.423,0.275,88.0,1,1,0.66,0.66,27,27,28,27,1,1,6.0,1.0,6.0,3.0,2.01,1.48,-1.48,31.5,13.281840760118165,-2.918840129358899,32.77314552922697,43.30428757623516,32.2500483355192,Sinker,True
FF,2026-08-15,96.0,-1.9,5.88,"Vásquez, Randy",683953,681190,single,hit_into_play,,,,,9.0,Travis Bazzana singles on a line drive to center fielder Jackson Merrill.,R,L,R,CLE,SD,X,8.0,line_drive,1,2,2026,-0.59,1.19,0.4051271574828434,2.0001457976995054,,,,2,4,Bot,146.46,104.51,,,,,7.328336770521475,-139.5961152321706,-7.178640160908017,-9.358527153078075,29.300237550639853,-15.141614550715472,3.178756562,1.604232283,187.0,81.0,19.0,95.7,2479.0,6.0,824400,666023,664034,630105,592518,593428,669720,701538,665487,54.5,0.98,0.91,0.9,1.0,1.0,0.0,4.0,30,4,4-Seam Fastball,2,1,2,1,1,2,2,1,Infield shade,Standard,222.0,0.014,0.407,75.0,7.0,,1.102,-0.407,88.0,1,1,0.646,0.646,27,23,28,24,1,1,6.0,1.0,6.0,1.0,1.27,0.59,-0.59,32.8,6.800493071033241,-1.1091325116143471,42.202558932697585,31.335204515553325,31.483594818518824,Four-seam,True
CH,2026-08-15,92.4,-1.76,5.86,"Vásquez, Randy",683953,681190,,ball,,,,,13.0,,R,L,R,CLE,SD,B,,,0,2,2026,-1.48,-0.23,-0.2739856608347313,0.1580802577359046,,,,2,4,Bot,,,,,,,6.979804967587003,-134.27384851826443,-7.887385361136834,-19.361319349970938,27.321312177056484,-33.5268796416484,3.178756562,1.604232283,,,,92.2,1993.0,6.1,824400,666023,664034,630105,592518,593428,669720,701538,665487,54.38,,,,,,,,30,3,Changeup,2,1,2,1,1,2,2,1,Infield shade,Standard,246.0,0.001,0.028,,,,,-0.028,,1,1,0.645,0.645,27,23,28,24,1,1,6.0,1.0,6.0,1.0,2.89,1.48,-1.48,31.0,,,,,,Changeup,False
CH,2026-08-15,91.0,-1.93,5.81,"Vásquez, Randy",683953,681190,,swinging_strike,,,,,13.0,,R,L,R,CLE,SD,S,,,0,1,2026,-1.49,0.04,-0.2185649304454391,1.11220839968367,,,,2,4,Bot,,,,,,,7.42047423487471,-132.2414540151142,-5.692768094664027,-19.053161378910147,26.94232679177021,-30.64988198704939,3.178756562,1.604232283,,,,90.6,2122.0,6.0,824400,666023,664034,630105,592518,593428,669720,701538,665487,54.5,,,,,,,,30,2,Changeup,2,1,2,1,1,2,2,1,Infield shade,Standard,246.0,-0.002,-0.062,75.7,8.0,2.06897994,,0.062,,1,1,0.647,0.647,27,23,28,24,1,1,6.0,1.0,6.0,1.0,2.7,1.49,-1.49,29.6,23.68182573605716,-12.896805188280076,41.00823181309776,38.28157878311186,43.93514510204851,Changeup,False
FC,2026-08-15,93.9,-1.91,5.9,"Vásquez, Randy",683953,681190,,swinging_strike,,,,,9.0,,R,L,R,CLE,SD,S,,,0,0,2026,0.02,0.49,0.6395158566189546,1.7426824351119363,,,,2,4,Bot,,,,,,,6.401369177873897,-136.73223587864146,-5.951916092708539,-0.9220033037184638,25.42892535858974,-25.0126387552412,3.178756562,1.604232283,,,,93.8,2691.0,5.8,824400,666023,664034,630105,592518,593428,669720,701538,665487,54.68,,,,,,,,30,1,Cutter,2,1,2,1,1,2,2,1,Infield shade,Standard,194.0,-0.002,-0.045,78.6,7.2,0.507264408,,0.045,,1,1,0.649,0.649,27,23,28,24,1,1,6.0,1.0,6.0,1.0,2.06,-0.02,0.02,34.8,8.13368226798217,-3.591226637591463,40.00998973192956,27.04980496447019,28.478820997435204,Cutter,False
SI,2026-08-15,96.1,-1.84,5.96,"Vásquez, Randy",694197,681190,field_out,hit_into_play,,,,,4.0,Angel Genao lines out to center fielder Jackson Merrill.,R,L,R,CLE,SD,X,8.0,line_drive,3,2,2026,-1.11,0.88,-0.371186584453997,2.1500989843220166,,,,1,4,Bot,91.19,62.7,,,,,6.363298929436592,-139.7294370826431,-6.294519138200105,-15.948374248396853,30.25714449523274,-19.44381342741446,3.177001312,1.603346457,348.0,98.1,21.0,95.8,2485.0,6.1,824400,666023,664034,630105,592518,593428,669720,701538,665487,54.41,0.294,0.371,0.0,1.0,0.0,0.0,5.0,29,7,Sinker,2,1,2,1,1,2,2,1,Infield shade,Standard,218.0,-0.018,-0.345,72.5,7.4,,0.594,0.345,98.1,1,1,0.667,0.667,27,22,28,22,1,1,6.0,1.0,6.0,3.0,1.59,1.11,-1.11,34.8,5.201608117718354,8.125795883859759,30.80944162103303,39.446403036596536,25.76849195710285,Sinker,True
SI,2026-08-15,94.4,-1.81,5.79,"Vásquez, Randy",694197,681190,,foul,,,,,7.0,,R,L,R,CLE,SD,S,,,3,2,2026,-1.24,0.31,-0.6027157288143581,1.5117280766547676,,,,1,4,Bot,,,,,,,5.8470633106271706,-137.2847329233872,-5.862805728708573,-16.9634319229469,29.017445112608097,-27.21958971668736,3.177001312,1.603346457,,,,93.7,2408.0,5.8,824400,666023,664034,630105,592518,593428,669720,701538,665487,54.69,,,,,,,,29,6,Sinker,2,1,2,1,1,2,2,1,Infield shade,Standard,217.0,0.0,0.0,76.1,7.4,,,0.0,,1,1,0.667,0.667,27,22,28,22,1,1,6.0,1.0,6.0,3.0,2.24,1.24,-1.24,28.1,5.100090785847016,4.214000669752172,31.129301548960424,41.59264507443778,27.47796410304096,Sinker,False
SI,2026-08-15,95.5,-1.93,5.91,"Vásquez, Randy",694197,681190,,ball,,,,,11.0,,R,L,R,CLE,SD,B,,,2,2,2026,-1.13,0.36,-1.465643387388328,3.7221789108988994,,,,1,4,Bot,,,,,,,3.738997701417677,-139.142563545899,-0.8302988374285678,-15.48417009344996,30.10265264097809,-27.49858109516217,3.177001312,1.603346457,,,,94.9,2445.0,5.8,824400,666023,664034,630105,592518,593428,669720,701538,665487,54.73,,,,,,,,29,5,Sinker,2,1,2,1,1,2,2,1,Infield shade,Standard,225.0,0.005,0.112,,,,,-0.112,,1,1,0.662,0.662,27,22,28,22,1,1,6.0,1.0,6.0,3.0,2.12,1.13,-1.13,31.6,,,,,,Sinker,False
FC,2026-08-15,92.2,-2.05,5.95,"Vásquez, Randy",694197,681190,,foul,,,,,1.0,,R,L,R,CLE,SD,S,,,2,1,2026,0.2,0.86,-0.419888377796226,2.924276476997406,,,,1,4,Bot,,,,,,,3.6221196485140994,-134.29749489911325,-3.5984578921648147,1.686232159620929,26.872260543740808,-21.234495570606967,3.177001312,1.603346457,197.0,76.7,30.0,91.9,2652.0,5.9,824400,666023,664034,630105,592518,593428,669720,701538,665487,54.6,,,,,,,,29,4,Cutter,2,1,2,1,1,2,2,1,Infield shade,Standard,205.0,-0.004,-0.075,68.6,6.1,,,0.075,88.0,1,1,0.666,0.666,27,22,28,22,1,1,6.0,1.0,6.0,3.0,1.8,-0.2,0.2,32.8,-10.049773058014985,34.04227226746304,26.299847981130306,40.08518380115741,11.821047956576162,Cutter,False
SI,2026-08-15,96.0,-1.86,5.95,"Vásquez, Randy",694197,681190,,ball,,,,,11.0,,R,L,R,CLE,SD,B,,,1,1,2026,-1.21,0.58,-0.8808268573476596,3.22967100663991,,,,1,4,Bot,,,,,,,5.282524058845684,-139.74470603447318,-2.746772943065363,-17.007592155796093,31.104605168451467,-24.14402617675853,3.177001312,1.603346457,,,,95.2,2432.0,5.7,824400,666023,664034,630105,592518,593428,669720,701538,665487,54.75,,,,,,,,29,3,Sinker,2,1,2,1,1,2,2,1,Infield shade,Standard,219.0,0.003,0.056,,,,,-0.056,,1,1,0.663,0.663,27,22,28,22,1,1,6.0,1.0,6.0,3.0,1.89,1.21,-1.21,32.7,,,,,,Sinker,False
FC,2026-08-15,93.2,-1.91,5.96,"Vásquez, Randy",694197,681190,,ball,,,,,12.0,,R,L,R,CLE,SD,B,,,0,1,2026,0.12,0.78,0.6108179814957072,4.483156156478888,,,,1,4,Bot,,,,,,,6.049985436528944,-135.77289061207065,0.3193441423444458,0.2755443865620242,27.240834094485432,-22.782011247479257,3.177001312,1.603346457,,,,92.6,2662.0,5.7,824400,666023,664034,630105,592518,593428,669720,701538,665487,54.84,,,,,,,,29,2,Cutter,2,1,2,1,1,2,2,1,Infield shade,Standard,208.0,0.001,0.032,,,,,-0.032,,1,1,0.662,0.662,27,22,28,22,1,1,6.0,1.0,6.0,3.0,1.82,-0.12,0.12,33.7,,,,,,Cutter,False
FC,2026-08-15,92.8,-2.07,5.93,"Vásquez, Randy",694197,681190,,called_strike,,,,,1.0,,R,L,R,CLE,SD,S,,,0,0,2026,0.24,0.83,-0.5702050036959789,2.7570252265625417,,,,1,4,Bot,,,,,,,3.213588355707547,-135.2228058437603,-4.052179841312079,2.4152872085665087,25.08085697021625,-21.266208750259313,3.177001312,1.603346457,,,,92.6,2649.0,5.8,824400,666023,664034,630105,592518,593428,669720,701538,665487,54.74,,,,,,,,29,1,Cutter,2,1,2,1,1,2,2,1,Infield shade,Standard,197.0,-0.002,-0.041,,,,,0.041,,1,1,0.664,0.664,27,22,28,22,1,1,6.0,1.0,6.0,3.0,1.77,-0.24,0.24,32.1,,,,,,Cutter,False
FF,2026-08-15,93.6,-1.97,5.96,"Vásquez, Randy",663993,681190,field_out,hit_into_play,,,,,6.0,"Nathaniel Lowe grounds out, shortstop Xander Bogaerts to first baseman Ty France.",R,L,R,CLE,SD,X,6.0,ground_ball,2,0,2026,-0.85,1.31,0.3428884188324269,2.745073729334581,,,,0,4,Bot,120.4,145.59,,,,,7.710342911116686,-136.14551961836256,-5.261777202965601,-12.224570697124143,29.184987642056537,-14.846689135429934,3.366568242,1.699015748,33.0,83.5,-2.0,92.9,2533.0,5.8,824400,666023,664034,630105,592518,593428,669720,701538,665487,54.67,0.173,0.163,0.0,1.0,0.0,0.0,2.0,28,3,4-Seam Fastball,2,1,2,1,1,2,2,1,Infield shade,Standard,219.0,-0.031,-0.383,72.4,6.9,,0.196,0.383,88.0,1,1,0.695,0.695,27,30,28,31,1,1,6.0,1.0,6.0,1.0,1.29,0.85,-0.85,32.6,-5.298998511230208,10.218892982229953,30.640167003855623,33.30907970786737,22.62031182613475,Four-seam,True
FF,2026-08-15,94.5,-1.8,5.95,"Vásquez, Randy",663993,681190,,ball,,,,,12.0,,R,L,R,CLE,SD,B,,,1,0,2026,-0.77,1.32,0.758372850967054,3.854930568992698,,,,0,4,Bot,,,,,,,8.218202314460921,-137.3637299721215,-2.547454448818603,-11.556832008700004,30.603870445953778,-15.118471998238352,3.366568242,1.699015748,,,,93.3,2512.0,5.7,824400,666023,664034,630105,592518,593428,669720,701538,665487,54.85,,,,,,,,28,2,4-Seam Fastball,2,1,2,1,1,2,2,1,Infield shade,Standard,221.0,0.007,0.082,,,,,-0.082,,1,1,0.688,0.688,27,30,28,31,1,1,6.0,1.0,6.0,1.0,1.24,0.77,-0.77,31.4,,,,,,Four-seam,False
SL,2026-08-15,83.9,-2.07,5.98,"Vásquez, Randy",663993,681190,,ball,,,,,11.0,,R,L,R,CLE,SD,B,,,0,0,2026,0.63,-0.11,-1.1666721472822466,2.8560031592926847,,,,0,4,Bot,,,,,,,0.7702830224844446,-122.2742832016713,-0.4238833436155751,6.199201504048933,24.57597935549855,-33.36367779336686,3.366568242,1.699015748,,,,83.2,3041.0,5.8,824400,666023,664034,630105,592518,593428,669720,701538,665487,54.71,,,,,,,,28,1,Slider,2,1,2,1,1,2,2,1,Infield shade,Standard,86.0,0.003,0.042,,,,,-0.042,,1,1,0.685,0.685,27,30,28,31,1,1,6.0,1.0,6.0,1.0,3.34,-0.63,0.63,35.1,,,,,,Slider,False
SL,2026-08-15,86.9,-1.71,5.93,"Vásquez, Randy",666176,681190,strikeout,swinging_strike,,,,,14.0,Jo Adell strikes out swinging.,R,R,R,CLE,SD,S,2.0,,0,2,2026,0.88,0.06,0.878463485973828,1.6402192418302255,,,,2,3,Bot,,,,,,,4.277971854337788,-126.51111834109996,-3.9820778223521063,8.561965653692845,25.31882105157181,-30.960171487667782,3.305134514,1.668011811,,,,86.5,3192.0,6.0,824400,666023,664034,630105,592518,593428,669720,701538,665487,54.54,,0.0,0.0,1.0,0.0,0.0,,24,5,Slider,2,1,2,1,1,2,2,1,Standard,Standard,80.0,-0.006,-0.155,70.5,9.2,0.942318,,0.155,,1,1,0.629,0.629,27,27,28,27,1,1,6.0,1.0,6.0,1.0,2.95,-0.88,-0.88,34.8,27.713904245698167,-36.30574527282779,35.96184608066925,44.96003978275044,44.09612819397594,Slider,True
ST,2026-08-15,84.3,-1.86,5.94,"Vásquez, Randy",666176,681190,,foul,,,,,14.0,,R,R,R,CLE,SD,S,,,0,2,2026,1.05,0.04,0.8745280657573703,2.111271813390717,,,,2,3,Bot,,,,,,,4.117333733809347,-122.84720158278276,-2.4224513125436555,9.914188109249835,23.16990252638689,-31.536377294520772,3.305134514,1.668011811,,,,84.1,3123.0,5.9,824400,666023,664034,630105,592518,593428,669720,701538,665487,54.55,,,,,,,,24,4,Sweeper,2,1,2,1,1,2,2,1,Standard,Standard,77.0,0.0,0.0,63.6,8.4,,,0.0,,1,1,0.629,0.629,27,27,28,27,1,1,6.0,1.0,6.0,1.0,3.15,-1.05,-1.05,35.0,19.955726916495816,-21.98560165532379,28.685905739855357,43.90549984787567,39.72216653103896,Sweeper,False
FF,2026-08-15,95.2,-1.84,6.06,"Vásquez, Randy",666176,681190,,foul,,,,,1.0,,R,R,R,CLE,SD,S,,,0,2,2026,-0.87,1.04,-0.6275304460094723,3.123423394241662,,,,2,3,Bot,,,,,,,5.067040138112543,-138.65152532508836,-4.268117010868169,-12.290041863081871,28.57518276429213,-17.954230438055244,3.305134514,1.668011811,101.0,54.8,63.0,94.7,2443.0,5.8,824400,666023,664034,630105,592518,593428,669720,701538,665487,54.7,,,,,,,,24,3,4-Seam Fastball,2,1,2,1,1,2,2,1,Standard,Standard,215.0,0.0,0.0,66.7,6.5,,,0.0,88.0,1,1,0.629,0.629,27,27,28,27,1,1,6.0,1.0,6.0,1.0,1.45,0.87,0.87,34.1,-1.5043628726620688,-0.0819585248562624,34.46278849098227,28.39787563061042,18.01028235975601,Four-seam,False
SI,2026-08-15,95.9,-1.79,6.0,"Vásquez, Randy",666176,681190,,called_strike,,,,,9.0,,R,R,R,CLE,SD,S,,,0,1,2026,-1.15,0.87,0.4949740128969073,1.704557908141726,,,,2,3,Bot,,,,,,,8.534923810244807,-139.40843614746868,-7.527318039930815,-16.787138108615885,27.782986288526285,-19.283783932145084,3.305134514,1.668011811,,,,95.8,2361.0,6.0,824400,666023,664034,630105,592518,593428,669720,701538,665487,54.48,,,,,,,,24,2,Sinker,2,1,2,1,1,2,2,1,Standard,Standard,216.0,-0.003,-0.062,,,,,0.062,,1,1,0.632,0.632,27,27,28,27,1,1,6.0,1.0,6.0,1.0,1.59,1.15,1.15,34.6,,,,,,Sinker,False
FC,2026-08-15,93.4,-1.91,5.91,"Vásquez, Randy",666176,681190,,foul,,,,,14.0,,R,R,R,CLE,SD,S,,,0,0,2026,0.05,0.76,0.9827909924821948,2.436755916647517,,,,2,3,Bot,,,,,,,7.179706269166101,-135.96812691256994,-4.7533861713558325,-0.682902612498839,24.679845969935425,-21.893389516908385,3.305134514,1.668011811,179.0,73.9,19.0,93.3,2659.0,5.9,824400,666023,664034,630105,592518,593428,669720,701538,665487,54.65,,,,,,,,24,1,Cutter,2,1,2,1,1,2,2,1,Standard,Standard,214.0,-0.001,-0.045,75.1,8.0,,,0.045,88.0,1,1,0.633,0.633,27,27,28,27,1,1,6.0,1.0,6.0,1.0,1.81,-0.05,-0.05,32.3,14.293459696549368,-9.057248042039618,33.742516295696284,48.22191649928317,29.51478952469029,Cutter,False
FC,2026-08-15,92.3,-1.94,5.94,"Vásquez, Randy",608070,681190,field_out,hit_into_play,,,,,6.0,José Ramírez grounds out to first baseman Ty France.,R,L,R,CLE,SD,X,3.0,ground_ball,2,1,2026,0.19,0.77,0.2854454785063948,2.0513965243903356,,,,1,3,Bot,165.88,158.38,,,,,5.126962086943449,-134.38376499056216,-5.589161982741924,1.301482416429383,25.537299833092128,-21.87282376043235,3.034826116,1.531594488,18.0,100.1,-6.0,92.1,2693.0,5.9,824400,666023,664034,630105,592518,593428,669720,701538,665487,54.63,0.32,0.288,0.0,1.0,0.0,0.0,2.0,23,4,Cutter,2,1,2,1,1,2,2,1,Infield shade,Standard,207.0,-0.017,-0.308,74.3,7.3,,0.335,0.308,100.1,1,1,0.65,0.65,27,33,28,34,1,1,6.0,2.0,6.0,1.0,1.88,-0.19,0.19,33.8,10.713476992480576,-14.013574918269176,38.21002781446241,28.929938805045214,31.17990632177949,Cutter,True
FC,2026-08-15,92.0,-1.92,5.95,"Vásquez, Randy",608070,681190,,ball,,,,,11.0,,R,L,R,CLE,SD,B,,,1,1,2026,0.19,0.87,-0.2150295778354512,3.5022371732516424,,,,1,3,Bot,,,,,,,3.7991258775147183,-134.10856371003388,-2.1858418635184367,1.613480285974398,25.450236398777147,-21.350352942993197,3.034826116,1.531594488,,,,91.6,2661.0,5.7,824400,666023,664034,630105,592518,593428,669720,701538,665487,54.81,,,,,,,,23,3,Cutter,2,1,2,1,1,2,2,1,Infield shade,Standard,206.0,0.003,0.056,,,,,-0.056,,1,1,0.647,0.647,27,33,28,34,1,1,6.0,2.0,6.0,1.0,1.79,-0.19,0.19,33.1,,,,,,Cutter,False
CH,2026-08-15,91.7,-1.91,5.76,"Vásquez, Randy",608070,681190,,ball,,,,,13.0,,R,L,R,CLE,SD,B,,,0,1,2026,-1.55,0.2,-0.1717568664186188,1.0085393982059672,,,,1,3,Bot,,,,,,,7.673065780558454,-133.1983328167082,-6.258534748486878,-20.066256000039235,29.604829416344323,-28.59879855974576,3.034826116,1.531594488,,,,91.0,2218.0,6.0,824400,666023,664034,630105,592518,593428,669720,701538,665487,54.47,,,,,,,,23,2,Changeup,2,1,2,1,1,2,2,1,Infield shade,Standard,250.0,0.001,0.032,,,,,-0.032,,1,1,0.646,0.646,27,33,28,34,1,1,6.0,2.0,6.0,1.0,2.53,1.55,-1.55,30.0,,,,,,Changeup,False
SI,2026-08-15,95.2,-1.99,5.88,"Vásquez, Randy",608070,681190,,called_strike,,,,,4.0,,R,L,R,CLE,SD,S,,,0,0,2026,-1.08,0.72,-0.5942218128212962,2.540347081020866,,,,1,3,Bot,,,,,,,6.02232225536721,-138.51872802742832,-4.516718630462883,-15.250501799032596,29.922221512290857,-22.131822656520914,3.034826116,1.531594488,,,,94.5,2511.0,5.8,824400,666023,664034,630105,592518,593428,669720,701538,665487,54.71,,,,,,,,23,1,Sinker,2,1,2,1,1,2,2,1,Infield shade,Standard,215.0,-0.002,-0.041,,,,,0.041,,1,1,0.648,0.648,27,33,28,34,1,1,6.0,2.0,6.0,1.0,1.79,1.08,-1.08,31.5,,,,,,Sinker,False
FF,2026-08-15,95.9,-1.87,5.91,"Vásquez, Randy",800050,681190,field_out,hit_into_play,,,,,4.0,"Chase DeLauter grounds out, second baseman Jake Cronenworth to first baseman Ty France.",R,L,R,CLE,SD,X,4.0,ground_ball,3,2,2026,-0.83,1.09,-0.709881111113649,2.627770380510543,,,,0,3,Bot,151.87,151.64,,,,,4.917393360939816,-139.65357747952612,-5.399010664424328,-11.969753809083365,29.08425713417267,-16.87952163162378,3.339361877,1.685285433,8.0,93.0,-18.0,95.7,2467.0,6.0,824400,666023,664034,630105,592518,593428,669720,701538,665487,54.54,0.118,0.106,0.0,1.0,0.0,0.0,2.0,22,8,4-Seam Fastball,2,1,2,1,1,2,2,1,Infield shade,Standard,215.0,-0.026,-0.346,69.8,7.5,,0.123,0.346,93.0,1,1,0.674,0.674,27,24,28,25,1,1,6.0,1.0,6.0,1.0,1.37,0.83,-0.83,33.8,12.731671696223495,3.6883281085889967,21.048150121862086,47.367192819783966,27.334875909057104,Four-seam,True
SI,2026-08-15,96.1,-1.85,5.92,"Vásquez, Randy",800050,681190,,ball,,,,,13.0,,R,L,R,CLE,SD,B,,,2,2,2026,-1.18,0.89,-0.0162359415298964,0.0910443981195856,,,,0,3,Bot,,,,,,,7.454694458996776,-139.36671179770647,-11.521855195857656,-17.020236858779676,29.741450091569984,-18.157374701088106,3.339361877,1.685285433,,,,95.6,2442.0,6.1,824400,666023,664034,630105,592518,593428,669720,701538,665487,54.43,,,,,,,,22,7,Sinker,2,1,2,1,1,2,2,1,Infield shade,Standard,219.0,0.008,0.113,,,,,-0.113,,1,1,0.666,0.666,27,24,28,25,1,1,6.0,1.0,6.0,1.0,1.58,1.18,-1.18,33.0,,,,,,Sinker,False
FF,2026-08-15,95.9,-1.98,5.95,"Vásquez, Randy",800050,681190,,foul,,,,,11.0,,R,L,R,CLE,SD,S,,,2,2,2026,-0.83,1.14,-0.5439324400097013,3.545486035492993,,,,0,3,Bot,,,,,,,5.621576949495554,-139.68679091413415,-3.253223489911041,-12.032749847703604,27.934834623626244,-16.612632091074758,3.339361877,1.685285433,266.0,85.3,48.0,95.9,2498.0,6.0,824400,666023,664034,630105,592518,593428,669720,701538,665487,54.53,,,,,,,,22,6,4-Seam Fastball,2,1,2,1,1,2,2,1,Infield shade,Standard,216.0,0.0,0.0,69.9,6.7,,,0.0,88.0,1,1,0.666,0.666,27,24,28,25,1,1,6.0,1.0,6.0,1.0,1.31,0.83,-0.83,31.6,3.9775595243338535,23.33787641150019,16.20293984231829,44.544795467748955,16.53594858156979,Four-seam,False
FC,2026-08-15,92.6,-1.98,5.96,"Vásquez, Randy",800050,681190,,foul,,,,,8.0,,R,L,R,CLE,SD,S,,,2,2,2026,0.19,0.63,-0.0754138977104649,1.9813992563674216,,,,0,3,Bot,,,,,,,4.385294081246271,-134.92170363364573,-5.62027208329336,1.506040743726926,24.58781080031951,-23.469984469038756,3.339361877,1.685285433,181.0,74.0,62.0,93.1,2725.0,6.1,824400,666023,664034,630105,592518,593428,669720,701538,665487,54.36,,,,,,,,22,5,Cutter,2,1,2,1,1,2,2,1,Infield shade,Standard,201.0,0.0,0.0,66.8,7.7,,,0.0,88.0,1,1,0.666,0.666,27,24,28,25,1,1,6.0,1.0,6.0,1.0,1.98,-0.19,0.19,34.5,-3.716274527813698,-4.857442165055373,33.00951865246623,40.29664743744035,25.10419729912372,Cutter,False
CH,2026-08-15,91.4,-1.88,5.85,"Vásquez, Randy",800050,681190,,ball,,,,,14.0,,R,L,R,CLE,SD,B,,,1,2,2026,-1.5,-0.15,0.1033477829958104,0.5523580574464311,,,,0,3,Bot,,,,,,,8.127111663514578,-132.8409141849264,-6.824921790398642,-19.440174927724545,27.327813668421392,-32.7234050935378,3.339361877,1.685285433,,,,90.9,1933.0,5.9,824400,666023,664034,630105,592518,593428,669720,701538,665487,54.57,,,,,,,,22,4,Changeup,2,1,2,1,1,2,2,1,Infield shade,Standard,252.0,0.003,0.046,,,,,-0.046,,1,1,0.663,0.663,27,24,28,25,1,1,6.0,1.0,6.0,1.0,2.88,1.5,-1.5,29.2,,,,,,Changeup,False
FF,2026-08-15,94.9,-2.05,5.93,"Vásquez, Randy",800050,681190,,ball,,,,,13.0,,R,L,R,CLE,SD,B,,,0,2,2026,-0.88,1.21,-1.0652324155596091,2.490312760297696,,,,0,3,Bot,,,,,,,4.513722408413287,-138.16823464965543,-5.887599330952164,-12.205721549694388,28.393038037865047,-15.578235409686286,3.339361877,1.685285433,,,,94.7,2397.0,6.0,824400,666023,664034,630105,592518,593428,669720,701538,665487,54.53,,,,,,,,22,3,4-Seam Fastball,2,1,2,1,1,2,2,1,Infield shade,Standard,215.0,0.002,0.022,,,,,-0.022,,1,1,0.661,0.661,27,24,28,25,1,1,6.0,1.0,6.0,1.0,1.3,0.88,-0.88,32.3,,,,,,Four-seam,False
SI,2026-08-15,96.0,-2.01,5.99,"Vásquez, Randy",800050,681190,,foul,,,,,5.0,,R,L,R,CLE,SD,S,,,0,1,2026,-1.33,0.73,-0.272059786354158,2.3236706667758487,,,,0,3,Bot,,,,,,,7.5646917281539725,-139.64053049048894,-5.573529167765584,-19.129057695638327,29.411566416205307,-21.566350925545663,3.339361877,1.685285433,280.0,88.8,23.0,95.7,2450.0,6.0,824400,666023,664034,630105,592518,593428,669720,701538,665487,54.51,,,,,,,,22,2,Sinker,2,1,2,1,1,2,2,1,Infield shade,Standard,218.0,-0.005,-0.054,71.4,7.1,,,0.054,88.8,1,1,0.666,0.666,27,24,28,25,1,1,6.0,1.0,6.0,1.0,1.73,1.33,-1.33,32.2,2.0710918733875205,17.931932935619884,28.84566345565014,41.25472775162693,18.518538368491768,Sinker,False
FC,2026-08-15,92.5,-2.1,5.93,"Vásquez, Randy",800050,681190,,foul,,,,,8.0,,R,L,R,CLE,SD,S,,,0,0,2026,0.16,0.74,-0.1057442416720265,1.9283486350464325,,,,0,3,Bot,,,,,,,4.622956175994388,-134.5949162606007,-5.795009515605053,0.9902273244245586,27.02384642534515,-22.163360428405607,3.339361877,1.685285433,2.0,69.2,-41.0,92.0,2754.0,5.8,824400,666023,664034,630105,592518,593428,669720,701538,665487,54.66,,,,,,,,22,1,Cutter,2,1,2,1,1,2,2,1,Infield shade,Standard,190.0,-0.003,-0.041,33.3,6.2,,,0.041,88.0,1,1,0.669,0.669,27,24,28,25,1,1,6.0,1.0,6.0,1.0,1.91,-0.16,0.16,32.0,-12.237419684478292,40.699061279016966,31.96351071438195,39.44163505416366,7.332638018822723,Cutter,False
FC,2026-07-30,92.8,-1.82,6.07,"Vásquez, Randy",642715,681190,force_out,hit_into_play,,,,,8.0,"Willy Adames grounds into a force out, shortstop Xander Bogaerts to second baseman Jake Cronenworth. Jung Hoo Lee out at 2nd.",R,R,R,SD,SF,X,6.0,ground_ball,2,0,2026,0.2,0.97,0.1909021122330999,1.7843742059697023,,671218.0,808982.0,2,9,Top,113.8,151.68,,,,,4.622963138966693,-135.04007182883552,-7.144659825025464,1.5853512813282424,25.33041733291669,-19.05697032931053,3.22351542,1.626820866,51.0,103.2,1.0,93.3,2589.0,6.3,823271,669134,664034,630105,592518,593428,657757,701538,665487,54.21,0.494,0.453,0.0,1.0,0.0,0.0,4.0,72,3,Cutter,1,4,4,1,4,1,4,1,Standard,Standard,207.0,0.008,-0.347,78.4,8.3,,0.533,0.347,103.2,-3,3,0.035,0.965,27,30,28,31,2,4,5.0,1.0,5.0,1.0,1.65,-0.2,-0.2,37.3,13.864418620073362,-1.4775981251943715,38.786765791113794,39.96700227947428,30.097206258034007,Cutter,True
SI,2026-07-30,94.1,-1.78,5.91,"Vásquez, Randy",642715,681190,,ball,,,,,14.0,,R,R,R,SD,SF,B,,,1,0,2026,-1.23,0.77,0.110301451204408,1.4872337946971812,,671218.0,808982.0,2,9,Top,,,,,,,7.585594023506621,-136.7170470902473,-7.214764512211169,-17.098230651183165,29.97124032516009,-21.083086754755684,3.22351542,1.626820866,,,,93.7,2363.0,6.1,823271,669134,664034,630105,592518,593428,657757,701538,665487,54.4,,,,,,,,72,2,Sinker,1,4,4,1,4,1,4,1,Standard,Standard,218.0,-0.001,0.033,,,,,-0.033,,-3,3,0.036,0.964,27,30,28,31,2,4,5.0,1.0,5.0,1.0,1.81,1.23,1.23,32.1,,,,,,Sinker,False
FC,2026-07-30,91.3,-1.74,6.05,"Vásquez, Randy",642715,681190,,ball,,,,,14.0,,R,R,R,SD,SF,B,,,0,0,2026,0.3,1.0,0.9781197543663508,1.9777491623856016,,671218.0,808982.0,2,9,Top,,,,,,,6.060719024075919,-132.92118525726846,-6.368750187772324,2.3963332680977474,25.232473027520207,-19.149680510293074,3.22351542,1.626820866,,,,91.3,2602.0,6.0,823271,669134,664034,630105,592518,593428,657757,701538,665487,54.5,,,,,,,,72,1,Cutter,1,4,4,1,4,1,4,1,Standard,Standard,207.0,0.0,0.029,,,,,-0.029,,-3,3,0.036,0.964,27,30,28,31,2,4,5.0,1.0,5.0,1.0,1.7,-0.3,-0.3,36.1,,,,,,Cutter,False
SI,2026-07-30,94.6,-1.73,5.84,"Vásquez, Randy",808982,681190,walk,ball,,,,,9.0,Jung Hoo Lee walks.,R,L,R,SD,SF,B,,,3,2,2026,-1.46,0.76,0.7700483688843824,1.7499924195222405,,671218.0,,2,9,Top,,,,,,,9.733445725764051,-137.26946703664964,-6.439139913325444,-20.61846818266074,29.96031722628183,-21.32768619797122,3.22351542,1.626820866,,,,94.4,2241.0,6.3,823271,669134,664034,630105,592518,593428,657757,701538,665487,54.19,,0.698418,0.7,1.0,0.0,0.0,,71,7,Sinker,1,4,4,1,4,1,4,1,Infield shade,Standard,248.0,0.0,0.139,,,,,-0.139,,-3,3,0.036,0.964,27,27,28,28,2,4,5.0,1.0,5.0,1.0,1.8,1.46,-1.46,31.0,,,,,,Sinker,True
SL,2026-07-30,85.5,-1.92,5.97,"Vásquez, Randy",808982,681190,,ball,,,,,13.0,,R,L,R,SD,SF,B,,,2,2,2026,0.64,0.06,-0.0125044791257504,1.2254835190084532,,671218.0,,2,9,Top,,,,,,,3.115721518644362,-124.494460659576,-4.784953900913141,6.056885797091105,24.332162596238017,-30.775300132411264,3.22351542,1.626820866,,,,85.3,2936.0,6.0,823271,669134,664034,630105,592518,593428,657757,701538,665487,54.46,,,,,,,,71,6,Slider,1,4,4,1,4,1,4,1,Infield shade,Standard,106.0,-0.001,0.057,,,,,-0.057,,-3,3,0.037,0.963,27,27,28,28,2,4,5.0,1.0,5.0,1.0,3.04,-0.64,0.64,36.4,,,,,,Slider,False
CU,2026-07-30,83.9,-1.8,6.04,"Vásquez, Randy",808982,681190,,foul,,,,,9.0,,R,L,R,SD,SF,S,,,2,2,2026,0.86,-0.18,0.7067328752742734,1.6725146362671408,,671218.0,,2,9,Top,,,,,,,3.985995138678137,-122.2437640739305,-3.1157486206826364,7.836721597759697,23.498868924769432,-33.60344240065582,3.22351542,1.626820866,4.0,82.2,-23.0,83.8,2875.0,6.1,823271,669134,664034,630105,592518,593428,657757,701538,665487,54.38,,,,,,,,71,5,Curveball,1,4,4,1,4,1,4,1,Infield shade,Standard,52.0,0.0,0.0,69.3,8.4,,,0.0,88.0,-3,3,0.037,0.963,27,27,28,28,2,4,5.0,1.0,5.0,1.0,3.4,-0.86,0.86,42.5,17.087797420245156,-19.34512972400916,42.239369919967,19.854867387799903,37.503897760565486,Curveball,False
SL,2026-07-30,86.7,-1.82,6.0,"Vásquez, Randy",808982,681190,,ball,,,,,14.0,,R,L,R,SD,SF,B,,,1,2,2026,0.74,0.17,0.5912222063672877,0.5287857686246507,,671218.0,,2,9,Top,,,,,,,4.113251451038417,-126.11049603928964,-6.8664867828660245,7.00093493124799,27.3128559198176,-29.065877681249702,3.22351542,1.626820866,,,,85.9,3037.0,6.0,823271,669134,664034,630105,592518,593428,657757,701538,665487,54.55,,,,,,,,71,4,Slider,1,4,4,1,4,1,4,1,Infield shade,Standard,37.0,-0.001,0.028,,,,,-0.028,,-3,3,0.038,0.962,27,27,28,28,2,4,5.0,1.0,5.0,1.0,2.88,-0.74,0.74,36.8,,,,,,Slider,False
FF,2026-07-30,94.5,-1.75,6.12,"Vásquez, Randy",808982,681190,,foul,,,,,1.0,,R,L,R,SD,SF,S,,,1,1,2026,-0.65,1.42,-0.4473770944782458,2.766981608785578,,671218.0,,2,9,Top,,,,,,,4.760545842310172,-137.43957828541568,-6.0222120108929,-9.249447092077734,29.434236770397803,-13.034379012698537,3.22351542,1.626820866,198.0,76.3,58.0,93.8,2467.0,5.8,823271,669134,664034,630105,592518,593428,657757,701538,665487,54.65,,,,,,,,71,3,4-Seam Fastball,1,4,4,1,4,1,4,1,Infield shade,Standard,222.0,0.002,-0.069,70.1,7.7,,,0.069,88.0,-3,3,0.036,0.964,27,27,28,28,2,4,5.0,1.0,5.0,1.0,1.13,0.65,-0.65,35.8,5.397592077086322,1.2322869109361183,35.971024353301395,33.29864423437382,24.4913908267512,Four-seam,False
FC,2026-07-30,90.9,-1.77,6.05,"Vásquez, Randy",808982,681190,,swinging_strike,,,,,12.0,,R,L,R,SD,SF,S,,,1,0,2026,0.11,0.71,1.0898049075163934,2.6038525458550223,,671218.0,,2,9,Top,,,,,,,6.787640280394033,-132.28324536248314,-4.099384554583606,0.0468299019482304,24.810188132286537,-23.204181382705,3.22351542,1.626820866,,,,90.8,2611.0,5.9,823271,669134,664034,630105,592518,593428,657757,701538,665487,54.56,,,,,,,,71,2,Cutter,1,4,4,1,4,1,4,1,Strategic,Standard,194.0,0.0,-0.044,51.8,6.9,1.456366752,,0.044,,-3,3,0.036,0.964,27,27,28,28,2,4,5.0,1.0,5.0,1.0,2.02,-0.11,0.11,37.2,-8.011294912507545,-5.438959836997135,36.15576459297534,14.752724967387152,24.426998042419225,Cutter,False
SI,2026-07-30,95.0,-1.61,5.91,"Vásquez, Randy",808982,681190,,ball,,,,,8.0,,R,L,R,SD,SF,B,,,0,0,2026,-1.5,0.69,-0.0905083927812431,1.5391141353111684,,,671218.0,2,9,Top,,,,,,,7.316636193295187,-138.07616259306707,-7.0881397490424,-20.792557510009463,30.417177265165343,-21.892824512792657,3.22351542,1.626820866,,,,94.7,2273.0,6.2,823271,669134,664034,630105,592518,593428,657757,701538,665487,54.33,,,,,,,,71,1,Sinker,1,4,4,1,4,1,4,1,Standard,Standard,223.0,-0.003,0.038,,,,,-0.038,,-3,3,0.039,0.961,27,27,28,28,2,4,5.0,1.0,5.0,1.0,1.84,1.5,-1.5,35.3,,,,,,Sinker,False
FF,2026-07-30,95.2,-1.69,6.03,"Vásquez, Randy",646240,681190,field_out,hit_into_play,,,,,5.0,Rafael Devers lines out sharply to center fielder Jackson Merrill.,R,L,R,SD,SF,X,8.0,line_drive,1,2,2026,-0.72,1.39,-0.2544653178003406,2.315504436576212,,,671218.0,1,9,Top,97.81,65.21,,,,,5.335158091568529,-138.3513629721619,-6.973764657684993,-10.436513569897189,32.82024959409884,-12.975615392710449,3.217372047,1.623720472,339.0,102.3,17.0,94.6,2293.0,6.1,823271,669134,664034,630105,592518,593428,657757,701538,665487,54.36,0.403,0.459,0.0,1.0,0.0,0.0,5.0,70,6,4-Seam Fastball,1,4,4,1,4,1,4,1,Infield shade,Standard,216.0,0.003,-0.183,73.9,7.2,,0.696,0.183,102.3,-3,3,0.036,0.964,27,29,28,30,2,4,5.0,1.0,5.0,1.0,1.15,0.72,-0.72,36.3,7.055242128574757,13.667460854556913,28.901795898933827,35.086235149202224,26.865225583040296,Four-seam,True
SI,2026-07-30,94.8,-1.58,6.06,"Vásquez, Randy",646240,681190,,foul,,,,,5.0,,R,L,R,SD,SF,S,,,1,2,2026,-1.25,0.67,0.1148251293473003,2.3515809810579817,,,671218.0,1,9,Top,,,,,,,7.1681671735746235,-137.802356633907,-5.2983572425989,-17.516627380023156,30.068701222279135,-22.586832872751373,3.217372047,1.623720472,,,,94.4,2343.0,6.0,823271,669134,664034,630105,592518,593428,657757,701538,665487,54.45,,,,,,,,70,5,Sinker,1,4,4,1,4,1,4,1,Infield shade,Standard,213.0,0.0,0.0,75.1,7.6,,,0.0,,-3,3,0.036,0.964,27,29,28,30,2,4,5.0,1.0,5.0,1.0,1.86,1.25,-1.25,34.7,21.36966493753032,-14.118061005948508,31.626729962085875,30.709547921068765,41.978682467900526,Sinker,False
SL,2026-07-30,83.5,-1.76,6.06,"Vásquez, Randy",646240,681190,,foul,,,,,14.0,,R,L,R,SD,SF,S,,,1,2,2026,0.8,-0.11,1.0069593296560084,1.485381609938185,,,671218.0,1,9,Top,,,,,,,4.676912982444872,-121.63045487998104,-3.654593648267998,7.096741843709394,22.674823906179945,-32.83087486274061,3.217372047,1.623720472,5.0,86.2,-19.0,83.5,2984.0,6.1,823271,669134,664034,630105,592518,593428,657757,701538,665487,54.36,,,,,,,,70,4,Slider,1,4,4,1,4,1,4,1,Infield shade,Standard,58.0,0.0,0.0,71.8,7.5,,,0.0,88.0,-3,3,0.036,0.964,27,29,28,30,2,4,5.0,1.0,5.0,1.0,3.36,-0.8,0.8,39.1,15.463509350861967,-12.791239753477036,36.75693584592897,22.525846119482605,39.77253161202145,Slider,False
FF,2026-07-30,94.3,-1.55,6.1,"Vásquez, Randy",646240,681190,,foul,,,,,2.0,,R,L,R,SD,SF,S,,,1,1,2026,-0.51,1.42,0.036907556739497,3.3268368666811625,,,671218.0,1,9,Top,,,,,,,5.177251006633702,-137.21495390536353,-4.520913463698895,-7.524531052955107,30.105308572985702,-13.409595786941576,3.217372047,1.623720472,98.0,90.0,86.0,93.7,2371.0,5.9,823271,669134,664034,630105,592518,593428,657757,701538,665487,54.56,,,,,,,,70,3,4-Seam Fastball,1,4,4,1,4,1,4,1,Infield shade,Standard,215.0,0.002,-0.067,74.8,7.4,,,0.067,90.0,-3,3,0.034,0.966,27,29,28,30,2,4,5.0,1.0,5.0,1.0,1.14,0.51,-0.51,36.6,21.450532292554755,0.9387118951226916,25.30979898729748,33.74453200451985,32.61805744204645,Four-seam,False
FC,2026-07-30,91.2,-1.78,6.09,"Vásquez, Randy",646240,681190,,ball,,,,,11.0,,R,L,R,SD,SF,B,,,0,1,2026,0.36,0.82,-0.3398738844384965,3.54001369159766,,,671218.0,1,9,Top,,,,,,,2.757885610138179,-132.97190623154427,-2.2196469791735023,3.825667389282444,25.02453588220299,-22.090042360093175,3.217372047,1.623720472,,,,91.2,2664.0,5.9,823271,669134,664034,630105,592518,593428,657757,701538,665487,54.61,,,,,,,,70,2,Cutter,1,4,4,1,4,1,4,1,Infield shade,Standard,191.0,-0.001,0.026,,,,,-0.026,,-3,3,0.035,0.965,27,29,28,30,2,4,5.0,1.0,5.0,1.0,1.88,-0.36,0.36,35.8,,,,,,Cutter,False
SI,2026-07-30,95.5,-1.7,6.02,"Vásquez, Randy",646240,681190,,called_strike,,,,,9.0,,R,L,R,SD,SF,S,,,0,0,2026,-1.24,1.05,0.6742627751105343,1.5613256612544573,,,671218.0,1,9,Top,,,,,,,8.934078580400087,-138.6303617515451,-8.2098542118818,-17.93025914130916,31.090130212177435,-16.898135915924563,3.217372047,1.623720472,,,,95.0,2260.0,6.1,823271,669134,664034,630105,592518,593428,657757,701538,665487,54.37,,,,,,,,70,1,Sinker,1,4,4,1,4,1,4,1,Infield shade,Standard,227.0,0.001,-0.037,,,,,0.037,,-3,3,0.034,0.966,27,29,28,30,2,4,5.0,1.0,5.0,1.0,1.46,1.24,-1.24,35.4,,,,,,Sinker,False
SI,2026-07-30,94.3,-1.65,5.97,"Vásquez, Randy",805811,681190,field_out,hit_into_play,,,,,5.0,Bryce Eldridge flies out to center fielder Jackson Merrill.,R,L,R,SD,SF,X,8.0,fly_ball,3,2,2026,-1.34,0.8,-0.0372095076589831,2.376668994381522,,,671218.0,0,9,Top,103.58,90.12,,,,,7.102444518276564,-137.04526827027004,-5.178144979840323,-18.401194431679144,30.75044595583172,-21.184504809576445,3.541215551,1.787155512,277.0,87.3,42.0,93.6,2335.0,6.0,823271,669134,664034,630105,592518,593428,657757,701538,665487,54.54,0.003,0.003,0.0,1.0,0.0,0.0,3.0,69,6,Sinker,1,4,4,1,4,1,4,1,Infield shade,Standard,224.0,0.006,-0.313,76.5,6.9,,0.005,0.313,88.0,-3,3,0.028,0.972,27,21,28,22,2,4,5.0,1.0,5.0,1.0,1.78,1.34,-1.34,32.6,6.731244057377888,-11.41864233705138,37.66996929933242,35.79366130856721,32.28344841842555,Sinker,True
SL,2026-07-30,84.7,-1.99,6.0,"Vásquez, Randy",805811,681190,,ball,,,,,14.0,,R,L,R,SD,SF,B,,,2,2,2026,0.64,0.03,0.6701768103658733,0.8082524747531323,,,671218.0,0,9,Top,,,,,,,4.795176724971406,-123.26068472490611,-5.520736280292082,5.5611426255161325,25.30640724544936,-30.979728918735677,3.541215551,1.787155512,,,,84.0,2956.0,5.9,823271,669134,664034,630105,592518,593428,657757,701538,665487,54.63,,,,,,,,69,5,Slider,1,4,4,1,4,1,4,1,Infield shade,Standard,88.0,-0.002,0.093,,,,,-0.093,,-3,3,0.03,0.97,27,21,28,22,2,4,5.0,1.0,5.0,1.0,3.16,-0.64,0.64,34.9,,,,,,Slider,False
FC,2026-07-30,91.3,-1.65,6.11,"Vásquez, Randy",805811,681190,,foul,,,,,9.0,,R,L,R,SD,SF,S,,,2,1,2026,-0.01,0.82,0.6648924096792664,2.0583697448676856,,,671218.0,0,9,Top,,,,,,,5.750837437006751,-132.92279730942508,-5.905588949973487,-1.2142605951924716,26.42333312545637,-21.396410610648974,3.541215551,1.787155512,6.0,79.2,-22.0,91.3,2562.0,6.1,823271,669134,664034,630105,592518,593428,657757,701538,665487,54.4,,,,,,,,69,4,Cutter,1,4,4,1,4,1,4,1,Infield shade,Standard,213.0,0.002,-0.07,74.4,8.1,,,0.07,88.0,-3,3,0.028,0.972,27,21,28,22,2,4,5.0,1.0,5.0,1.0,1.9,0.01,-0.01,36.1,31.11189517219204,-21.359531354312423,38.103849245569975,28.31490872101792,43.29685486167929,Cutter,False
ST,2026-07-30,81.4,-1.88,6.09,"Vásquez, Randy",805811,681190,,ball,,,,,13.0,,R,L,R,SD,SF,B,,,1,1,2026,0.95,-0.18,-1.3132095317439074,2.2398692825696753,,,671218.0,0,9,Top,,,,,,,-0.5850949192800576,-118.59847848671818,-1.4995472732292814,9.053932516342453,21.77192201546183,-33.827858561463756,3.541215551,1.787155512,,,,81.0,3003.0,5.9,823271,669134,664034,630105,592518,593428,657757,701538,665487,54.63,,,,,,,,69,3,Sweeper,1,4,4,1,4,1,4,1,Infield shade,Standard,76.0,-0.001,0.059,,,,,-0.059,,-3,3,0.029,0.971,27,21,28,22,2,4,5.0,1.0,5.0,1.0,3.6,-0.95,0.95,38.8,,,,,,Sweeper,False
FC,2026-07-30,91.2,-1.79,6.14,"Vásquez, Randy",805811,681190,,ball,,,,,11.0,,R,L,R,SD,SF,B,,,0,1,2026,0.21,0.73,-0.5594908504469006,4.286271111303964,,,671218.0,0,9,Top,,,,,,,2.579621120435899,-132.86399294630758,-0.2712448470585631,1.9553300029560188,26.087540185180067,-23.571603213958277,3.541215551,1.787155512,,,,90.8,2605.0,5.8,823271,669134,664034,630105,592518,593428,657757,701538,665487,54.68,,,,,,,,69,2,Cutter,1,4,4,1,4,1,4,1,Infield shade,Standard,173.0,-0.001,0.026,,,,,-0.026,,-3,3,0.03,0.97,27,21,28,22,2,4,5.0,1.0,5.0,1.0,1.98,-0.21,0.21,36.4,,,,,,Cutter,False
FC,2026-07-30,90.8,-1.83,6.11,"Vásquez, Randy",805811,681190,,swinging_strike,,,,,11.0,,R,L,R,SD,SF,S,,,0,0,2026,0.02,0.78,-0.4082630354404189,4.011035887029316,,,671218.0,0,9,Top,,,,,,,3.4383498514482405,-132.26038771394866,-0.8994270601624473,-0.4648812086388307,27.366171276184183,-23.010883251333475,3.541215551,1.787155512,,,,90.2,2504.0,5.8,823271,669134,664034,630105,592518,593428,657757,701538,665487,54.68,,,,,,,,69,1,Cutter,1,4,4,1,4,1,4,1,Infield shade,Standard,199.0,0.001,-0.04,37.9,4.3,4.371869448,,0.04,,-3,3,0.029,0.971,27,21,28,22,2,4,5.0,1.0,5.0,1.0,1.97,-0.02,0.02,37.7,-14.63269229326752,53.65977375870057,29.891811616563658,40.32337328291349,-7.167183769002399,Cutter,False
SL,2026-07-30,83.4,-1.6,6.06,"Vásquez, Randy",671218,681190,single,hit_into_play,,,,,14.0,Heliot Ramos singles on a ground ball to second baseman Jake Cronenworth.,R,R,R,SD,SF,X,4.0,ground_ball,0,2,2026,0.73,-0.21,1.0690540575224514,1.6054958879454988,,,,0,9,Top,133.57,144.59,,,,,4.554951630643066,-121.3537513025002,-3.0741444649397653,6.25021252402446,25.316986641736023,-33.84042200577059,3.18402231,1.606889764,73.0,76.4,6.0,82.6,2933.0,5.9,823271,669134,664034,630105,592518,593428,657757,701538,665487,54.6,0.273,0.246,0.9,1.0,1.0,0.0,2.0,68,3,Slider,1,4,4,1,4,1,4,1,Standard,Standard,83.0,-0.007,0.54,84.1,7.9,,0.302,-0.54,88.0,-3,3,0.036,0.964,27,26,28,27,2,4,5.0,1.0,5.0,1.0,3.51,-0.73,-0.73,38.5,2.582441639330662,-11.389140146142845,34.39531456778019,49.2548549868066,36.0357243926894,Slider,True
SI,2026-07-30,94.5,-1.65,6.11,"Vásquez, Randy",671218,681190,,foul,,,,,11.0,,R,R,R,SD,SF,S,,,0,1,2026,-1.31,1.24,-0.2404651434493976,3.3307146423797183,,,,0,9,Top,,,,,,,6.549328312251417,-137.3640969978968,-4.079746463941304,-18.059325899814706,32.97051112733947,-15.83474967592874,3.18402231,1.606889764,,,,93.5,2309.0,5.9,823271,669134,664034,630105,592518,593428,657757,701538,665487,54.56,,,,,,,,68,2,Sinker,1,4,4,1,4,1,4,1,Standard,Standard,212.0,0.001,-0.054,67.4,5.7,,,0.054,,-3,3,0.035,0.965,27,26,28,27,2,4,5.0,1.0,5.0,1.0,1.34,1.31,1.31,35.1,6.215800674768336,25.380596068601815,28.380776500158927,34.94510634290026,18.46151566198541,Sinker,False
FC,2026-07-30,90.0,-1.8,6.06,"Vásquez, Randy",671218,681190,,foul,,,,,9.0,,R,R,R,SD,SF,S,,,0,0,2026,0.16,0.9,0.7226244283269826,1.867491370535366,,,,0,9,Top,,,,,,,5.761568238485807,-130.9279194881832,-6.126993494400108,0.7409173331297387,25.989213226163734,-20.7294906381992,3.18402231,1.606889764,215.0,74.7,43.0,89.4,2478.0,5.8,823271,669134,664034,630105,592518,593428,657757,701538,665487,54.7,,,,,,,,68,1,Cutter,1,4,4,1,4,1,4,1,Standard,Standard,193.0,0.001,-0.041,70.2,7.5,,,0.041,88.0,-3,3,0.034,0.966,27,26,28,27,2,4,5.0,1.0,5.0,1.0,1.9,-0.16,-0.16,36.8,7.343754365616281,6.28676136639201,35.25981569898202,46.641325594370166,25.25995062250044,Cutter,False
FF,2026-07-30,93.6,-1.65,6.04,"Vásquez, Randy",650333,681190,field_out,hit_into_play,,,,,9.0,"Luis Arraez grounds out, second baseman Jake Cronenworth to first baseman Ty France.",R,L,R,SD,SF,X,4.0,ground_ball,2,2,2026,-0.6,1.41,0.3976507602955117,2.005264476045587,,,,2,8,Top,147.76,151.68,,,,,6.491762887344698,-136.0212182688352,-7.522791755966282,-8.832634530785432,29.899915380266535,-13.22876033365564,3.124343832,1.576771654,85.0,93.9,5.0,92.7,2452.0,5.9,823271,669134,664034,630105,592518,593428,687749,701538,665487,54.64,0.494,0.458,0.0,1.0,0.0,0.0,4.0,63,5,4-Seam Fastball,1,4,4,1,4,1,4,1,Strategic,Standard,230.0,0.003,-0.223,64.8,5.7,,0.549,0.223,93.9,-3,3,0.084,0.916,27,29,28,29,2,4,5.0,1.0,5.0,1.0,1.2,0.6,-0.6,36.8,4.799707159489773,-1.0591803599060614,45.76166382624059,28.614500092698503,35.20713732242803,Four-seam,True
SI,2026-07-30,93.5,-1.78,5.92,"Vásquez, Randy",650333,681190,,swinging_strike,,,,,6.0,,R,L,R,SD,SF,S,,,2,1,2026,-1.32,0.63,0.3887274957988615,2.103374500823471,,,,2,8,Top,,,,,,,8.385663086193928,-135.88527081830696,-5.254561336702885,-18.165751148016582,29.09310753909531,-23.35413214123039,3.124343832,1.576771654,,,,92.8,2389.0,5.9,823271,669134,664034,630105,592518,593428,687749,701538,665487,54.61,,,,,,,,63,4,Sinker,1,4,4,1,4,1,4,1,Standard,Standard,228.0,0.0,-0.079,69.5,6.2,0.363241908,,0.079,,-3,3,0.084,0.916,27,29,28,29,2,4,5.0,1.0,5.0,1.0,1.98,1.32,-1.32,32.8,18.458273030755137,-13.60196505870995,35.57869126319047,28.829991679147568,40.4669930731035,Sinker,False
CH,2026-07-30,89.4,-1.88,5.9,"Vásquez, Randy",650333,681190,,ball,,,,,14.0,,R,L,R,SD,SF,B,,,1,1,2026,-1.27,0.67,1.4988856562690611,1.103220384023518,,,,2,8,Top,,,,,,,10.816791790421188,-129.58268561042723,-6.906954962598548,-16.542839136059197,26.39354027043586,-23.259645302995384,3.124343832,1.576771654,,,,88.6,1844.0,6.0,823271,669134,664034,630105,592518,593428,687749,701538,665487,54.52,,,,,,,,63,3,Changeup,1,4,4,1,4,1,4,1,Strategic,Standard,244.0,0.0,0.055,,,,,-0.055,,-3,3,0.084,0.916,27,29,28,29,2,4,5.0,1.0,5.0,1.0,2.19,1.27,-1.27,31.9,,,,,,Changeup,False
FC,2026-07-30,90.2,-1.94,6.03,"Vásquez, Randy",650333,681190,,called_strike,,,,,5.0,,R,L,R,SD,SF,S,,,1,0,2026,0.2,0.64,-0.1918587027999588,2.232402012247543,,,,2,8,Top,,,,,,,3.836222954145635,-131.4100398896538,-4.706683781673693,1.6107386958332313,24.85838139880608,-23.959701882525167,3.124343832,1.576771654,,,,90.0,2704.0,5.9,823271,669134,664034,630105,592518,593428,687749,701538,665487,54.64,,,,,,,,63,2,Cutter,1,4,4,1,4,1,4,1,Standard,Standard,195.0,0.0,-0.056,,,,,0.056,,-3,3,0.084,0.916,27,29,28,29,2,4,5.0,1.0,5.0,1.0,2.13,-0.2,0.2,34.4,,,,,,Cutter,False
SL,2026-07-30,84.6,-1.96,6.01,"Vásquez, Randy",650333,681190,,ball,,,,,14.0,,R,L,R,SD,SF,B,,,0,0,2026,0.66,-0.13,1.050622483743318,1.1959766323753342,,,,2,8,Top,,,,,,,5.540362321855194,-123.11932279191367,-4.357793922099977,5.687183342486539,23.510661801768805,-32.87967554239486,3.124343832,1.576771654,,,,84.0,3047.0,5.8,823271,669134,664034,630105,592518,593428,687749,701538,665487,54.68,,,,,,,,63,1,Slider,1,4,4,1,4,1,4,1,Strategic,Standard,84.0,0.0,0.041,,,,,-0.041,,-3,3,0.084,0.916,27,29,28,29,2,4,5.0,1.0,5.0,1.0,3.31,-0.66,0.66,36.4,,,,,,Slider,False
SI,2026-07-30,94.1,-1.77,6.05,"Vásquez, Randy",683766,681190,field_out,hit_into_play,,,,,8.0,Christian Koss lines out sharply to center fielder Jackson Merrill.,R,R,R,SD,SF,X,8.0,line_drive,1,0,2026,-1.19,0.85,0.0166532540243931,2.003712226574197,,,,1,8,Top,147.72,43.55,,,,,7.190477359013719,-136.8817214135323,-6.489732054755562,-16.44409039282299,26.115213374425764,-20.327380360798376,3.254232283,1.642322835,388.0,107.1,19.0,93.9,2340.0,5.9,823271,669134,664034,630105,592518,593428,687749,701538,665487,54.58,0.646,0.884,0.0,1.0,0.0,0.0,6.0,62,2,Sinker,1,4,4,1,4,1,4,1,Standard,Standard,216.0,0.007,-0.302,81.8,7.6,,1.469,0.302,107.1,-3,3,0.077,0.923,27,28,28,28,2,3,5.0,1.0,5.0,1.0,1.7,1.19,1.19,34.3,12.633013886795036,2.7146713109803047,29.751000303955575,40.3976494542828,25.908429587377064,Sinker,True
FC,2026-07-30,90.6,-1.91,6.05,"Vásquez, Randy",683766,681190,,ball,,,,,11.0,,R,R,R,SD,SF,B,,,0,0,2026,0.17,0.84,-0.0366947247972354,4.171744869051182,,,,1,8,Top,,,,,,,4.206557247763669,-132.04808143869778,-0.53916044717468,1.2615937630300509,23.091024108299106,-22.26369830586439,3.254232283,1.642322835,,,,90.5,2563.0,5.7,823271,669134,664034,630105,592518,593428,687749,701538,665487,54.75,,,,,,,,62,1,Cutter,1,4,4,1,4,1,4,1,Standard,Standard,186.0,-0.001,0.041,,,,,-0.041,,-3,3,0.078,0.922,27,28,28,28,2,3,5.0,1.0,5.0,1.0,1.89,-0.17,-0.17,36.0,,,,,,Cutter,False
FF,2026-07-30,93.6,-1.67,6.11,"Vásquez, Randy",687529,681190,field_out,hit_into_play,,,,,5.0,Grant McCray pops out to shortstop Xander Bogaerts.,R,L,R,SD,SF,X,6.0,popup,1,0,2026,-1.01,1.44,0.0342627590687997,2.5804710353065685,,,,0,8,Top,112.28,130.91,,,,,6.545274658776895,-136.14269037261045,-6.332241703863904,-13.99787554148466,29.74959472601267,-13.050305936067652,3.241945538,1.636122047,165.0,89.3,65.0,92.8,2475.0,5.8,823271,669134,664034,630105,592518,593428,687749,701538,665487,54.66,0.006,0.006,0.0,1.0,0.0,0.0,3.0,61,2,4-Seam Fastball,1,4,4,1,4,1,4,1,Infield shade,Standard,217.0,0.007,-0.302,75.7,7.5,,0.01,0.302,89.3,-3,3,0.071,0.929,27,25,28,26,2,3,5.0,1.0,5.0,1.0,1.16,1.01,-1.01,34.6,16.733643040164992,-10.744661997337204,33.03136380320249,35.94448669107949,37.973560933764816,Four-seam,True
FC,2026-07-30,90.6,-1.85,6.09,"Vásquez, Randy",687529,681190,,ball,,,,,12.0,,R,L,R,SD,SF,B,,,0,0,2026,0.15,0.77,1.1266290960606025,2.6136787433454836,,,,0,8,Top,,,,,,,6.962620775352543,-131.91456577526316,-4.247619639595294,0.472321380272377,24.90760770096039,-22.497341638088415,3.241945538,1.636122047,,,,90.4,2770.0,5.9,823271,669134,664034,630105,592518,593428,687749,701538,665487,54.65,,,,,,,,61,1,Cutter,1,4,4,1,4,1,4,1,Strategic,Standard,197.0,-0.001,0.042,,,,,-0.042,,-3,3,0.072,0.928,27,25,28,26,2,3,5.0,1.0,5.0,1.0,1.98,-0.15,0.15,37.1,,,,,,Cutter,False
FF,2026-07-30,94.9,-1.56,6.15,"Vásquez, Randy",691740,681190,field_out,hit_into_play,,,,,5.0,"Daniel Susac grounds out, shortstop Xander Bogaerts to first baseman Ty France.",R,R,R,SD,SF,X,6.0,ground_ball,1,2,2026,-0.75,1.11,0.1266249578443463,2.4740581158644437,808982.0,642715.0,,2,7,Top,110.26,152.7,,,,,6.023653304247896,-137.93368057918084,-6.198406855462569,-10.965956233794548,31.36854301232784,-16.824195310397954,3.418348097,1.725147638,6.0,82.5,-23.0,94.2,2377.0,6.0,823271,669134,664034,630105,592518,593428,687749,701538,665487,54.52,0.043,0.039,0.0,1.0,0.0,0.0,2.0,56,4,4-Seam Fastball,1,4,4,1,4,1,4,1,Standard,Standard,215.0,0.017,-0.183,,,,0.051,0.183,88.0,-3,3,0.111,0.889,27,25,28,25,2,3,5.0,1.0,5.0,2.0,1.43,0.75,0.75,37.9,,,,,,Four-seam,True
SL,2026-07-30,85.7,-1.83,6.06,"Vásquez, Randy",691740,681190,,foul,,,,,5.0,,R,R,R,SD,SF,S,,,1,1,2026,0.8,0.18,0.0466606687518776,2.528671012728364,808982.0,642715.0,,2,7,Top,,,,,,,2.7291809773660956,-124.90208039283408,-2.265250362477659,7.877557489844651,23.86758370909443,-30.056601508152852,3.418348097,1.725147638,218.0,72.5,52.0,85.5,2969.0,5.9,823271,669134,664034,630105,592518,593428,687749,701538,665487,54.55,,,,,,,,56,3,Slider,1,4,4,1,4,1,4,1,Standard,Standard,82.0,0.006,-0.07,61.6,8.0,,,0.07,88.0,-3,3,0.105,0.895,27,25,28,25,2,3,5.0,1.0,5.0,2.0,2.9,-0.8,-0.8,36.2,19.74270082256421,-23.669840531002873,36.220503713579035,37.44749611557962,49.18495486180868,Slider,False
SL,2026-07-30,86.4,-1.73,6.0,"Vásquez, Randy",691740,681190,,blocked_ball,,,,,14.0,,R,R,R,SD,SF,B,,,0,1,2026,0.63,-0.11,2.1825336423096053,0.389478065948146,808982.0,,642715.0,2,7,Top,,,,,,,7.838606518737754,-125.53409747777738,-6.559000427755128,4.892986269633739,27.39567792599448,-32.03288662292562,3.418348097,1.725147638,,,,85.6,3057.0,6.0,823271,669134,664034,630105,592518,593428,687749,701538,665487,54.46,,,,,,,,56,2,Slider,1,4,4,1,4,1,4,1,Standard,Standard,68.0,-0.005,0.017,,,,,-0.017,,-3,3,0.11,0.89,27,25,28,25,2,3,5.0,1.0,5.0,2.0,3.19,-0.63,-0.63,35.4,,,,,,Slider,False
SL,2026-07-30,87.4,-1.74,6.05,"Vásquez, Randy",691740,681190,,foul,,,,,14.0,,R,R,R,SD,SF,S,,,0,0,2026,0.63,0.45,1.1010373226372732,2.510050364734809,808982.0,,642715.0,2,7,Top,,,,,,,5.412957263422213,-127.2842418213034,-3.1406901237079636,5.887059386811374,24.28661432404789,-26.845536551229102,3.418348097,1.725147638,160.0,74.8,61.0,87.3,2927.0,6.0,823271,669134,664034,630105,592518,593428,687749,701538,665487,54.5,,,,,,,,56,1,Slider,1,4,4,1,4,1,4,1,Standard,Standard,114.0,0.003,-0.029,65.2,7.5,,,0.029,88.0,-3,3,0.107,0.893,27,25,28,25,2,3,5.0,1.0,5.0,2.0,2.51,-0.63,-0.63,36.8,10.573342040045471,-1.4663589331287707,35.54102417158714,49.39859016692144,33.05651767552578,Slider,False
SL,2026-07-30,86.3,-1.76,6.06,"Vásquez, Randy",642715,681190,fielders_choice_out,hit_into_play,,,,,14.0,"Willy Adames reaches on a fielder's choice out, third baseman Manny Machado to catcher Luis Campusano. Rafael Devers out at home. Jung Hoo Lee to 3rd.",R,R,R,SD,SF,X,5.0,ground_ball,0,2,2026,0.81,0.02,1.2552674415175047,1.6911378656586913,646240.0,808982.0,,1,7,Top,98.63,172.45,,,,,5.399825461780045,-125.5422789306454,-3.950356268397573,7.428220327970803,25.48540833593178,-31.321669056464543,3.22351542,1.626820866,4.0,57.7,-21.0,86.0,2927.0,6.1,823271,669134,664034,630105,592518,593428,687749,701538,665487,54.41,0.065,0.058,0.0,1.0,0.0,0.0,1.0,55,4,Slider,1,4,4,1,4,1,4,1,Strategic,Standard,92.0,0.023,-0.123,64.4,8.8,,0.075,0.123,88.0,-3,3,0.084,0.916,27,30,28,31,1,3,5.0,1.0,5.0,1.0,3.04,-0.81,-0.81,37.7,19.09866660344433,-10.550367353081455,31.426274352514568,51.99554227666261,35.821773375273764,Slider,True
SL,2026-07-30,87.0,-1.83,5.89,"Vásquez, Randy",642715,681190,,foul,,,,,14.0,,R,R,R,SD,SF,S,,,0,2,2026,0.62,0.68,1.7102518493798171,2.189894814619872,646240.0,808982.0,,1,7,Top,,,,,,,7.038673704136237,-126.49489568341627,-3.8626816749678903,5.182574470507223,26.33439852681544,-24.263457015430813,3.22351542,1.626820866,6.0,44.9,-21.0,86.3,2926.0,5.9,823271,669134,664034,630105,592518,593428,687749,701538,665487,54.55,,,,,,,,55,3,Slider,1,4,4,1,4,1,4,1,Strategic,Standard,85.0,0.0,0.0,61.2,9.1,,,0.0,88.0,-3,3,0.084,0.916,27,30,28,31,1,3,5.0,1.0,5.0,1.0,2.34,-0.62,-0.62,33.7,21.494153002463865,-14.168342751512771,24.300114430954473,57.918476604336554,30.76030103824228,Slider,False
SL,2026-07-30,86.7,-1.82,6.05,"Vásquez, Randy",642715,681190,,foul,,,,,14.0,,R,R,R,SD,SF,S,,,0,1,2026,0.55,0.21,1.272484688640395,2.1845636007334948,646240.0,808982.0,,1,7,Top,,,,,,,6.094306019259898,-126.0850309372301,-3.2256978592712104,4.604854922730771,25.830666226640528,-29.454804336990403,3.22351542,1.626820866,1.0,53.0,-58.0,86.0,2978.0,5.9,823271,669134,664034,630105,592518,593428,687749,701538,665487,54.62,,,,,,,,55,2,Slider,1,4,4,1,4,1,4,1,Strategic,Standard,90.0,0.008,-0.072,66.6,8.9,,,0.072,88.0,-3,3,0.076,0.924,27,30,28,31,1,3,5.0,1.0,5.0,1.0,2.83,-0.55,-0.55,35.2,20.599653771647507,-9.606738505760369,26.86459126174792,52.89198149647049,33.956530715135884,Slider,False
SI,2026-07-30,95.4,-1.61,6.12,"Vásquez, Randy",642715,681190,,called_strike,,,,,6.0,,R,R,R,SD,SF,S,,,0,0,2026,-1.21,0.78,0.4349497099377788,2.338744901192517,646240.0,808982.0,,1,7,Top,,,,,,,7.996546747075016,-138.60724989682342,-5.835141214736692,-17.32987250950143,30.102865327911218,-20.986751840254584,3.22351542,1.626820866,,,,94.8,2313.0,6.0,823271,669134,664034,630105,592518,593428,687749,701538,665487,54.52,,,,,,,,55,1,Sinker,1,4,4,1,4,1,4,1,Strategic,Standard,220.0,0.005,-0.058,,,,,0.058,,-3,3,0.071,0.929,27,30,28,31,1,3,5.0,1.0,5.0,1.0,1.73,1.21,1.21,35.5,,,,,,Sinker,False
FF,2026-07-30,95.2,-1.82,6.02,"Vásquez, Randy",808982,681190,double,hit_into_play,,,,,8.0,Jung Hoo Lee doubles (24) on a sharp line drive to center fielder Jackson Merrill. Rafael Devers to 3rd.,R,L,R,SD,SF,X,8.0,line_drive,1,1,2026,-0.81,1.25,0.1263718404249728,1.818261726733092,,,646240.0,1,7,Top,148.57,101.36,,,,,6.8616189882541665,-138.32905969778082,-7.934628428527979,-11.945710401079328,30.882645689523056,-14.563323134623984,3.22351542,1.626820866,251.0,100.8,12.0,94.7,2365.0,6.1,823271,669134,664034,630105,592518,593428,687749,701538,665487,54.4,0.957,0.927,1.25,1.0,1.0,1.0,4.0,54,3,4-Seam Fastball,1,4,4,1,4,1,4,1,Standard,Standard,221.0,-0.036,0.804,78.9,7.8,,1.178,-0.804,100.8,-3,3,0.107,0.893,27,27,28,28,1,3,5.0,1.0,5.0,1.0,1.28,0.81,-0.81,34.0,2.781065760706735,2.438135985796116,44.363166197162975,25.631828276526097,26.776201953253963,Four-seam,True
FC,2026-07-30,92.0,-1.87,6.07,"Vásquez, Randy",808982,681190,,foul,,,,,2.0,,R,L,R,SD,SF,S,,,1,0,2026,0.17,1.01,0.1411980573110873,3.0002511614259317,,,646240.0,1,7,Top,,,,,,,4.6446356671984255,-133.98363885040789,-3.988596147736247,1.075000935834557,27.024733658944974,-19.36294819927639,3.22351542,1.626820866,158.0,68.4,61.0,91.7,2492.0,5.9,823271,669134,664034,630105,592518,593428,687749,701538,665487,54.59,,,,,,,,54,2,Cutter,1,4,4,1,4,1,4,1,Standard,Standard,193.0,0.002,-0.045,,,,,0.045,88.0,-3,3,0.105,0.895,27,27,28,28,1,3,5.0,1.0,5.0,1.0,1.67,-0.17,0.17,34.8,,,,,,Cutter,False
FF,2026-07-30,95.4,-1.81,5.98,"Vásquez, Randy",808982,681190,,ball,,,,,14.0,,R,L,R,SD,SF,B,,,0,0,2026,-0.86,1.46,1.2395852785196926,0.7337425716172932,,,646240.0,1,7,Top,,,,,,,9.801307744212874,-138.29373409770614,-11.112166697210691,-13.205650849445302,30.201870821115165,-11.056728466660822,3.22351542,1.626820866,,,,94.7,2406.0,6.0,823271,669134,664034,630105,592518,593428,687749,701538,665487,54.47,,,,,,,,54,1,4-Seam Fastball,1,4,4,1,4,1,4,1,Standard,Standard,219.0,-0.001,0.034,,,,,-0.034,,-3,3,0.106,0.894,27,27,28,28,1,3,5.0,1.0,5.0,1.0,1.06,0.86,-0.86,34.5,,,,,,Four-seam,False
FC,2026-07-30,91.6,-1.84,6.03,"Vásquez, Randy",646240,681190,single,hit_into_play,,,,,2.0,Rafael Devers singles on a ground ball to center fielder Jackson Merrill.,R,L,R,SD,SF,X,8.0,ground_ball,0,0,2026,0.21,1.09,-0.1448917003497128,2.804040812023765,,,,1,7,Top,134.17,137.07,,,,,3.747603440559999,-133.4842352482162,-4.525389003950906,1.8160855572881296,26.766732998333428,-18.328785707018135,3.217372047,1.623720472,43.0,94.3,-1.0,91.6,2699.0,6.1,823271,669134,664034,630105,592518,593428,687749,701538,665487,54.44,0.326,0.293,0.9,1.0,1.0,0.0,2.0,53,1,Cutter,1,4,4,1,4,1,4,1,Infield shade,Standard,198.0,-0.01,0.419,72.5,7.4,,0.349,-0.419,94.3,-3,3,0.116,0.884,27,29,28,30,1,3,5.0,1.0,5.0,1.0,1.6,-0.21,0.21,35.7,12.359886207884635,16.398242236693285,25.054455424644622,35.794374095848056,24.676301568140396,Cutter,True
FC,2026-07-30,91.9,-1.91,6.1,"Vásquez, Randy",805811,681190,strikeout,swinging_strike,,,,,2.0,Bryce Eldridge strikes out swinging.,R,L,R,SD,SF,S,2.0,,0,2,2026,0.16,1.28,-0.1674856646491974,3.2527822192570452,,,,0,7,Top,,,,,,,3.97928550541959,-133.80794220337714,-4.006101672975343,1.12633712402922,26.74076192909633,-16.088079988312973,3.541215551,1.787155512,,,,91.4,2751.0,5.8,823271,669134,664034,630105,592518,593428,687749,701538,665487,54.69,,0.0,0.0,1.0,0.0,0.0,,52,3,Cutter,1,4,4,1,4,1,4,1,Infield shade,Standard,206.0,0.005,-0.164,73.4,6.0,1.016039652,,0.164,,-3,3,0.111,0.889,27,21,28,22,1,3,5.0,1.0,5.0,1.0,1.4,-0.16,0.16,34.3,-5.801509241242393,19.625070162922334,38.02663268811488,35.60990539969726,13.069833534275189,Cutter,True
ST,2026-07-30,83.0,-1.8,6.1,"Vásquez, Randy",805811,681190,,swinging_strike,,,,,14.0,,R,L,R,SD,SF,S,,,0,1,2026,1.15,-0.23,0.7227119553074869,1.4744770481558225,,,,0,7,Top,,,,,,,3.377034680275211,-120.86842956118797,-3.3820568758563554,10.537485836256977,24.35977747155799,-33.94217819438558,3.541215551,1.787155512,,,,82.1,3164.0,5.7,823271,669134,664034,630105,592518,593428,687749,701538,665487,54.8,,,,,,,,52,2,Sweeper,1,4,4,1,4,1,4,1,Infield shade,Standard,71.0,0.003,-0.054,72.2,8.8,3.358863744,,0.054,,-3,3,0.108,0.892,27,21,28,22,1,3,5.0,1.0,5.0,1.0,3.54,-1.15,1.15,37.5,34.57501428823653,-40.1480983942683,42.453783371516806,27.875602919971264,49.29996802376613,Sweeper,False
FF,2026-07-30,94.6,-1.88,6.09,"Vásquez, Randy",805811,681190,,called_strike,,,,,5.0,,R,L,R,SD,SF,S,,,0,0,2026,-0.99,1.5,-0.2427588726310583,2.684426168901858,,,,0,7,Top,,,,,,,6.409241646196207,-137.4640898820031,-6.283201602924831,-14.016356412405182,31.858655520856132,-11.988261673104107,3.541215551,1.787155512,,,,93.6,2503.0,5.9,823271,669134,664034,630105,592518,593428,687749,701538,665487,54.63,,,,,,,,52,1,4-Seam Fastball,1,4,4,1,4,1,4,1,Infield shade,Standard,220.0,0.001,-0.041,,,,,0.041,,-3,3,0.107,0.893,27,21,28,22,1,3,5.0,1.0,5.0,1.0,1.07,0.99,-0.99,35.9,,,,,,Four-seam,False
ST,2026-07-30,84.3,-1.82,6.1,"Vásquez, Randy",671218,681190,field_out,hit_into_play,,,,,9.0,"Heliot Ramos grounds out, shortstop Xander Bogaerts to first baseman Ty France.",R,R,R,SD,SF,X,6.0,ground_ball,0,2,2026,1.0,-0.09,0.4656999228035485,1.7267472250248277,,,,2,6,Top,112.28,155.74,,,,,3.2063065563373505,-122.68264024593716,-3.351680276790722,9.45394239078566,24.752926120526375,-32.58902298650532,3.18402231,1.606889764,5.0,85.4,-19.0,84.0,3187.0,6.1,823271,669134,664034,630105,592518,593428,687749,701538,665487,54.38,0.073,0.08,0.0,1.0,0.0,0.0,2.0,47,4,Sweeper,1,4,4,1,4,1,4,1,Strategic,Standard,87.0,0.004,-0.155,77.1,6.9,,0.091,0.155,88.0,-3,3,0.159,0.841,27,26,28,27,1,3,5.0,1.0,5.0,1.0,3.3,-1.0,-1.0,38.8,9.077674761730352,9.78100641402722,28.10406968240379,43.125705570241905,30.65753056550179,Sweeper,True
SL,2026-07-30,85.5,-1.75,6.07,"Vásquez, Randy",671218,681190,,foul,,,,,4.0,,R,R,R,SD,SF,S,,,0,2,2026,0.74,0.11,-0.5930676583195897,2.5001170168050395,,,,2,6,Top,,,,,,,1.1691824168113014,-124.62478867906049,-2.140269580457119,7.513253212175902,24.77485628298895,-30.86002064144436,3.18402231,1.606889764,194.0,84.6,59.0,84.9,3112.0,5.8,823271,669134,664034,630105,592518,593428,687749,701538,665487,54.74,,,,,,,,47,3,Slider,1,4,4,1,4,1,4,1,Strategic,Standard,97.0,0.0,0.0,67.4,6.0,,,0.0,88.0,-3,3,0.159,0.841,27,26,28,27,1,3,5.0,1.0,5.0,1.0,3.0,-0.74,-0.74,36.0,10.77328850605471,11.45438420480684,30.42828239738359,30.62769454385773,25.21976336080001,Slider,False
FC,2026-07-30,91.5,-1.74,6.1,"Vásquez, Randy",671218,681190,,called_strike,,,,,2.0,,R,R,R,SD,SF,S,,,0,1,2026,0.24,0.82,0.115514422437666,3.008117632692253,,,,2,6,Top,,,,,,,4.079218936344411,-133.32940964489575,-3.5750909013832843,2.0506823777241117,25.765704354606164,-21.81401826978107,3.18402231,1.606889764,,,,91.4,2818.0,5.9,823271,669134,664034,630105,592518,593428,687749,701538,665487,54.6,,,,,,,,47,2,Cutter,1,4,4,1,4,1,4,1,Strategic,Standard,197.0,0.001,-0.062,,,,,0.062,,-3,3,0.158,0.842,27,26,28,27,1,3,5.0,1.0,5.0,1.0,1.87,-0.24,-0.24,35.7,,,,,,Cutter,False
SI,2026-07-30,94.0,-1.81,5.99,"Vásquez, Randy",671218,681190,,called_strike,,,,,6.0,,R,R,R,SD,SF,S,,,0,0,2026,-1.26,0.87,0.4897541132053857,2.5350438470251713,,,,2,6,Top,,,,,,,8.661895513196052,-136.5235413178149,-4.924978357432121,-17.724273734112042,31.142703838218715,-20.337912356412534,3.18402231,1.606889764,,,,93.1,2390.0,6.0,823271,669134,664034,630105,592518,593428,687749,701538,665487,54.55,,,,,,,,47,1,Sinker,1,4,4,1,4,1,4,1,Strategic,Standard,214.0,0.001,-0.045,,,,,0.045,,-3,3,0.157,0.843,27,26,28,27,1,3,5.0,1.0,5.0,1.0,1.72,1.26,1.26,33.4,,,,,,Sinker,False
FF,2026-07-30,95.2,-1.91,6.09,"Vásquez, Randy",650333,681190,field_out,hit_into_play,,,,,11.0,Luis Arraez flies out to left fielder Jase Bowen.,R,L,R,SD,SF,X,7.0,fly_ball,0,2,2026,-0.62,1.31,-0.3260832994108519,3.9674381682832904,,,,1,6,Top,46.75,123.42,,,,,5.492895343299521,-138.49060466062704,-2.7313014704675247,-9.206522949480672,31.10688295571116,-14.92829688485548,3.124343832,1.576771654,271.0,82.6,44.0,94.6,2404.0,6.0,823271,669134,664034,630105,592518,593428,687749,701538,665487,54.52,0.017,0.021,0.0,1.0,0.0,0.0,3.0,46,3,4-Seam Fastball,1,4,4,1,4,1,4,1,Strategic,Standard,214.0,0.005,-0.163,,,,0.032,0.163,88.0,-3,3,0.152,0.848,27,29,28,29,1,3,5.0,1.0,5.0,1.0,1.21,0.62,-0.62,35.9,,,,,,Four-seam,True
FC,2026-07-30,91.5,-2.08,6.05,"Vásquez, Randy",650333,681190,,foul,,,,,2.0,,R,L,R,SD,SF,S,,,0,1,2026,0.23,0.91,0.0356816883205292,2.7914500672798743,,,,1,6,Top,,,,,,,4.75271252946448,-133.26038561218363,-4.187631191855757,1.819572071719344,25.15153183677752,-20.666453888153004,3.124343832,1.576771654,203.0,72.8,50.0,91.7,2677.0,6.1,823271,669134,664034,630105,592518,593428,687749,701538,665487,54.43,,,,,,,,46,2,Cutter,1,4,4,1,4,1,4,1,Strategic,Standard,200.0,0.003,-0.057,62.3,5.4,,,0.057,88.0,-3,3,0.149,0.851,27,29,28,29,1,3,5.0,1.0,5.0,1.0,1.79,-0.23,0.23,34.9,4.426104651828152,5.55559637498617,37.77101522568142,33.28923748984961,30.67435306148475,Cutter,False
FC,2026-07-30,91.6,-1.93,6.06,"Vásquez, Randy",650333,681190,,called_strike,,,,,6.0,,R,L,R,SD,SF,S,,,0,0,2026,0.31,0.71,0.6993101470633089,2.606978434466626,,,,1,6,Top,,,,,,,5.820397246431889,-133.36273898266447,-4.221646926796006,2.620815898520626,26.165622089741262,-23.00115299459373,3.124343832,1.576771654,,,,91.4,2563.0,5.9,823271,669134,664034,630105,592518,593428,687749,701538,665487,54.57,,,,,,,,46,1,Cutter,1,4,4,1,4,1,4,1,Standard,Standard,184.0,0.001,-0.041,,,,,0.041,,-3,3,0.148,0.852,27,29,28,29,1,3,5.0,1.0,5.0,1.0,1.98,-0.31,0.31,35.9,,,,,,Cutter,False
SI,2026-07-30,94.9,-1.86,6.03,"Vásquez, Randy",683766,681190,field_out,hit_into_play,,,,,5.0,"Christian Koss grounds out, shortstop Xander Bogaerts to first baseman Ty France.",R,R,R,SD,SF,X,6.0,ground_ball,0,1,2026,-1.41,0.64,-0.0381565391559008,2.266306261539081,,,,0,6,Top,108.74,151.68,,,,,7.813931176432659,-137.89291194802215,-5.334926351660347,-19.73159161439118,31.5745635492833,-23.03561750367074,3.254232283,1.642322835,5.0,91.6,-24.0,93.8,2386.0,5.8,823271,669134,664034,630105,592518,593428,687749,701538,665487,54.73,0.104,0.101,0.0,1.0,0.0,0.0,2.0,45,2,Sinker,1,4,4,1,4,1,4,1,Standard,Standard,221.0,0.009,-0.218,,,,0.113,0.218,91.6,-3,3,0.139,0.861,27,28,28,28,1,2,5.0,1.0,5.0,1.0,1.91,1.41,1.41,31.7,,,,,,Sinker,True
FC,2026-07-30,91.7,-1.89,6.08,"Vásquez, Randy",683766,681190,,foul,,,,,6.0,,R,R,R,SD,SF,S,,,0,0,2026,0.27,0.93,0.4940741520951054,2.1459584394230293,,,,0,6,Top,,,,,,,5.316741555761212,-133.56082107443422,-5.919297782275806,2.2266108889367695,25.56345713032302,-20.01646027195839,3.254232283,1.642322835,195.0,64.5,34.0,91.5,2626.0,5.9,823271,669134,664034,630105,592518,593428,687749,701538,665487,54.65,,,,,,,,45,1,Cutter,1,4,4,1,4,1,4,1,Standard,Standard,189.0,0.002,-0.041,61.9,7.1,,,0.041,88.0,-3,3,0.137,0.863,27,28,28,28,1,2,5.0,1.0,5.0,1.0,1.75,-0.27,-0.27,33.9,11.475864506691412,8.213648941616814,33.50003894019002,46.85897940273879,22.031050218616308,Cutter,False
FF,2026-07-30,94.7,-1.75,6.12,"Vásquez, Randy",687529,681190,field_out,hit_into_play,,,,,2.0,Grant McCray flies out to right fielder Fernando Tatis Jr.,R,L,R,SD,SF,X,9.0,fly_ball,2,2,2026,-0.57,1.43,0.1839687959550054,2.888955174676526,,808982.0,,2,5,Top,188.2,99.21,,,,,6.229144326448286,-137.77657406634586,-5.761038806930863,-8.693988221426324,31.030160185856847,-12.843061353284495,3.241945538,1.636122047,290.0,93.9,46.0,94.0,2405.0,5.9,823271,669134,664034,630105,592518,593428,687749,701538,665487,54.59,0.003,0.003,0.0,1.0,0.0,0.0,3.0,41,5,4-Seam Fastball,1,4,4,1,4,1,4,1,Standard,Standard,218.0,0.017,-0.221,76.7,7.2,,0.003,0.221,93.9,-3,3,0.175,0.825,27,25,28,26,1,2,5.0,1.0,5.0,1.0,1.11,0.57,-0.57,36.1,15.814708217994603,-16.000955010262995,30.109344810945327,34.67056310525241,40.463070868055894,Four-seam,True
FC,2026-07-30,91.9,-1.85,6.03,"Vásquez, Randy",687529,681190,,swinging_strike,,,,,3.0,,R,L,R,SD,SF,S,,,2,1,2026,0.13,0.82,0.591651123612336,2.8765778399199946,,808982.0,,2,5,Top,,,,,,,5.78949129476577,-133.81448581747043,-3.7870794801291496,0.4413668906491484,25.733135928507764,-21.725744590304817,3.241945538,1.636122047,,,,91.7,2694.0,5.9,823271,669134,664034,630105,592518,593428,687749,701538,665487,54.61,,,,,,,,41,4,Cutter,1,4,4,1,4,1,4,1,Strategic,Standard,193.0,0.004,-0.074,72.9,6.7,0.1,,0.074,,-3,3,0.171,0.829,27,25,28,26,1,2,5.0,1.0,5.0,1.0,1.85,-0.13,0.13,36.4,7.597254161332719,1.4125520986035345,34.7874691087501,29.907535481353033,26.92384850887511,Cutter,False
CH,2026-07-30,88.9,-2.02,5.92,"Vásquez, Randy",687529,681190,,ball,,,,,14.0,,R,L,R,SD,SF,B,,,1,1,2026,-1.43,0.56,0.1190193910591363,0.8174481361467543,,808982.0,,2,5,Top,,,,,,,8.15760277132626,-129.1428848375288,-7.341331071681303,-17.72653581682605,25.93998398361881,-24.6068920070605,3.241945538,1.636122047,,,,88.3,2052.0,5.9,823271,669134,664034,630105,592518,593428,687749,701538,665487,54.56,,,,,,,,41,3,Changeup,1,4,4,1,4,1,4,1,Strategic,Standard,239.0,-0.002,0.034,,,,,-0.034,,-3,3,0.173,0.827,27,25,28,26,1,2,5.0,1.0,5.0,1.0,2.33,1.43,-1.43,31.5,,,,,,Changeup,False
FC,2026-07-30,91.5,-1.86,6.05,"Vásquez, Randy",687529,681190,,foul,,,,,14.0,,R,L,R,SD,SF,S,,,1,0,2026,0.15,0.64,1.462571599578975,2.134459050063622,,808982.0,,2,5,Top,,,,,,,7.881127299704485,-133.15370167706894,-5.2426758074078545,0.4414582847312928,23.678614385336022,-23.72600285874876,3.241945538,1.636122047,6.0,77.5,-20.0,91.6,2571.0,6.0,823271,669134,664034,630105,592518,593428,687749,701538,665487,54.52,,,,,,,,41,2,Cutter,1,4,4,1,4,1,4,1,Strategic,Standard,197.0,0.002,-0.044,72.8,7.6,,,0.044,88.0,-3,3,0.171,0.829,27,25,28,26,1,2,5.0,1.0,5.0,1.0,2.05,-0.15,0.15,35.1,17.45767271064272,-27.46658126963262,35.020984736251656,19.956977611214484,37.3855480820316,Cutter,False
FF,2026-07-30,94.8,-1.95,6.11,"Vásquez, Randy",687529,681190,,ball,,,,,12.0,,R,L,R,SD,SF,B,,,0,0,2026,-0.89,1.4,0.071584705145242,3.66307755048771,,808982.0,,2,5,Top,,,,,,,7.182992023122804,-137.95934110002042,-3.72343953979107,-12.94779196415458,29.303473817688445,-13.647470443268585,3.241945538,1.636122047,,,,94.4,2425.0,5.9,823271,669134,664034,630105,592518,593428,687749,701538,665487,54.57,,,,,,,,41,1,4-Seam Fastball,1,4,4,1,4,1,4,1,Standard,Standard,207.0,-0.001,0.021,,,,,-0.021,,-3,3,0.172,0.828,27,25,28,26,1,2,5.0,1.0,5.0,1.0,1.13,0.89,-0.89,36.2,,,,,,Four-seam,False
SI,2026-07-30,94.5,-1.78,6.11,"Vásquez, Randy",691740,681190,sac_fly,hit_into_play,,,,,1.0,Daniel Susac out on a sacrifice fly to center fielder Jackson Merrill. Rafael Devers scores.,R,R,R,SD,SF,X,8.0,fly_ball,0,1,2026,-1.17,1.14,-0.4313319105910242,3.425082883152097,646240.0,808982.0,,1,5,Top,144.58,86.09,,,,,6.079982982489421,-137.5299276146799,-3.6856389579310953,-16.181713966591786,30.50284703273009,-17.11003690501059,3.418348097,1.725147638,286.0,81.3,38.0,93.9,2432.0,5.9,823271,669134,664034,630105,592518,593428,687749,701538,665487,54.56,,0.024,0.0,1.0,0.0,0.0,3.0,40,2,Sinker,1,3,3,1,4,1,4,1,Strategic,Standard,210.0,-0.018,-0.159,,,,,0.159,88.0,-2,2,0.19,0.81,27,25,28,25,1,2,5.0,1.0,5.0,2.0,1.41,1.17,1.17,35.3,,,,,,Sinker,True
SI,2026-07-30,95.4,-1.76,6.1,"Vásquez, Randy",691740,681190,,called_strike,,,,,1.0,,R,R,R,SD,SF,S,,,0,0,2026,-1.42,1.0,-0.4998065496914343,2.9156683491335444,646240.0,808982.0,,1,5,Top,,,,,,,6.471976995411424,-138.77668999354563,-4.775191044500269,-19.821286357009143,31.85211909101116,-18.361058624802837,3.418348097,1.725147638,,,,94.7,2481.0,6.0,823271,669134,664034,630105,592518,593428,687749,701538,665487,54.55,,,,,,,,40,1,Sinker,1,3,3,1,3,1,3,1,Strategic,Standard,222.0,0.009,-0.058,,,,,0.058,,-2,2,0.181,0.819,27,25,28,25,1,2,5.0,1.0,5.0,2.0,1.51,1.42,1.42,35.4,,,,,,Sinker,False
SI,2026-07-22,96.2,-1.89,6.01,"Vásquez, Randy",643289,681190,field_out,hit_into_play,,,,,4.0,Mauricio Dubón lines out to center fielder Jackson Merrill.,R,R,R,ATL,SD,X,8.0,line_drive,2,0,2026,-1.22,0.88,-0.6115976779646197,2.5619561624978155,663586.0,,642086.0,2,8,Bot,159.99,68.65,,,,,6.119618433123374,-139.958263683651,-5.341097772465912,-17.368631920117537,32.42245829186524,-19.60318218905022,3.17085794,1.600246063,334.0,92.0,23.0,95.8,2463.0,6.1,824896,669134,664034,630105,592518,593428,657757,701538,665487,54.39,0.157,0.185,0.0,1.0,0.0,0.0,3.0,75,3,Sinker,7,1,7,1,1,7,7,1,Standard,Standard,214.0,-0.001,-0.356,71.6,7.3,,0.283,0.356,92.0,6,6,0.998,0.998,27,31,28,32,1,4,3.0,1.0,3.0,1.0,1.59,1.22,1.22,34.1,4.036972161412906,6.953067707193223,31.00280870626379,28.81280093104573,26.792258986600423,Sinker,True
ST,2026-07-22,85.3,-2.07,5.81,"Vásquez, Randy",643289,681190,,ball,,,,,14.0,,R,R,R,ATL,SD,B,,,1,0,2026,0.91,-0.03,1.166734736026397,2.305051612046644,663586.0,,642086.0,2,8,Bot,,,,,,,5.6086977524306185,-124.21589009200493,-1.7026979200689265,8.448963554169168,23.447350661802563,-32.332320583581875,3.17085794,1.600246063,,,,85.1,3079.0,6.0,824896,669134,664034,630105,592518,593428,657757,701538,665487,54.54,,,,,,,,75,2,Sweeper,7,1,7,1,1,7,7,1,Standard,Standard,92.0,0.0,0.041,,,,,-0.041,,6,6,0.998,0.998,27,31,28,32,1,4,3.0,1.0,3.0,1.0,3.14,-0.91,-0.91,29.7,,,,,,Sweeper,False
SL,2026-07-22,87.9,-1.92,5.83,"Vásquez, Randy",643289,681190,,ball,,,,,12.0,,R,R,R,ATL,SD,B,,,0,0,2026,0.83,0.02,1.269569539426815,2.4731337402368476,663586.0,,642086.0,2,8,Bot,,,,,,,5.876854523899873,-128.00237137124478,-1.9322273856762944,8.131886894622898,23.195163719666215,-31.757047170976133,3.17085794,1.600246063,,,,88.2,2984.0,6.2,824896,669134,664034,630105,592518,593428,657757,701538,665487,54.31,,,,,,,,75,1,Slider,7,1,7,1,1,7,7,1,Standard,Standard,107.0,0.0,0.016,,,,,-0.016,,6,6,0.998,0.998,27,31,28,32,1,4,3.0,1.0,3.0,1.0,2.89,-0.83,-0.83,32.3,,,,,,Slider,False
FC,2026-07-22,93.1,-1.82,5.96,"Vásquez, Randy",642086,681190,single,hit_into_play,,,,,2.0,Dominic Smith singles on a ground ball to right fielder Fernando Tatis Jr. Matt Olson scores. Austin Riley to 3rd.,R,L,R,ATL,SD,X,9.0,ground_ball,1,0,2026,0.18,0.77,-0.0511188842311056,3.22885040975186,621566.0,,663586.0,2,8,Bot,201.49,126.23,,,,,4.089244866583634,-135.57105663780584,-2.826584943005974,1.3706168425438998,27.700373510698657,-22.20979338783475,3.176123688,1.602903543,7.0,91.7,-26.0,93.4,2624.0,6.3,824896,669134,664034,630105,592518,593428,657757,701538,665487,54.22,0.083,0.086,0.9,1.0,1.0,0.0,2.0,74,2,Cutter,6,1,6,1,1,7,7,1,Infield shade,Standard,196.0,0.003,0.602,68.6,6.9,,0.097,-0.602,91.7,5,5,0.995,0.995,27,31,28,31,1,0,3.0,3.0,3.0,1.0,1.84,-0.18,0.18,36.6,23.645467408549425,-11.459999457076371,22.373697628315497,34.550347011024485,41.39467878127847,Cutter,True
FF,2026-07-22,96.8,-1.82,5.95,"Vásquez, Randy",642086,681190,,ball,,,,,14.0,,R,L,R,ATL,SD,B,,,0,0,2026,-0.57,1.32,1.3221156179453826,1.6508823904141257,621566.0,,663586.0,2,8,Bot,,,,,,,9.564644024602016,-140.42616205192323,-8.685453876104432,-9.714007335717987,32.45892764015394,-12.870231809377849,3.176123688,1.602903543,,,,96.4,2445.0,6.3,824896,669134,664034,630105,592518,593428,657757,701538,665487,54.22,,,,,,,,74,1,4-Seam Fastball,6,1,6,1,1,6,6,1,Standard,Standard,218.0,0.0,0.016,,,,,-0.016,,5,5,0.995,0.995,27,31,28,31,1,0,3.0,3.0,3.0,1.0,1.13,0.57,-0.57,33.3,,,,,,Four-seam,False
SI,2026-07-22,96.5,-1.74,6.07,"Vásquez, Randy",663586,681190,single,hit_into_play,,,,,4.0,Austin Riley singles on a ground ball to center fielder Jackson Merrill. Ozzie Albies scores. Matt Olson to 3rd.,R,R,R,ATL,SD,X,8.0,ground_ball,1,1,2026,-1.44,1.0,-0.4335298896353861,2.1677160059421237,,645277.0,621566.0,2,8,Bot,113.75,104.44,,,,,6.736605218974582,-140.2704787819724,-6.892839158174045,-20.513607853490186,31.08578517136325,-17.56751038869149,3.273540026,1.652066929,7.0,97.3,-17.0,96.3,2451.0,6.2,824896,669134,664034,630105,592518,593428,657757,701538,665487,54.29,0.177,0.159,0.9,1.0,1.0,0.0,2.0,73,3,Sinker,5,1,5,1,1,6,6,1,Standard,Standard,208.0,0.007,0.566,,,,0.192,-0.566,97.3,4,4,0.988,0.988,27,29,28,29,1,4,3.0,1.0,3.0,1.0,1.45,1.44,1.44,36.5,,,,,,Sinker,True
FC,2026-07-22,93.3,-1.79,5.95,"Vásquez, Randy",663586,681190,,foul,,,,,3.0,,R,R,R,ATL,SD,S,,,1,0,2026,0.33,0.7,0.618199108311558,2.8277340269199733,,645277.0,621566.0,2,8,Bot,,,,,,,5.3441430304198505,-135.9014216135726,-3.70190491017612,3.117495472766844,26.97414737450436,-22.865610888367033,3.273540026,1.652066929,185.0,76.9,64.0,93.4,2837.0,6.1,824896,669134,664034,630105,592518,593428,657757,701538,665487,54.44,,,,,,,,73,2,Cutter,5,1,5,1,1,5,5,1,Standard,Standard,196.0,0.0,-0.044,72.9,7.8,,,0.044,88.0,4,4,0.988,0.988,27,29,28,29,1,4,3.0,1.0,3.0,1.0,1.89,-0.33,-0.33,34.3,16.503747105235657,-8.48438322183164,25.234664448345097,44.22848851696378,39.93535055794022,Cutter,False
FC,2026-07-22,93.4,-1.65,5.95,"Vásquez, Randy",663586,681190,,ball,,,,,14.0,,R,R,R,ATL,SD,B,,,0,0,2026,0.38,0.6,1.768899305628826,1.888807676847704,,645277.0,621566.0,2,8,Bot,,,,,,,7.814172989353672,-135.8145336409555,-5.870667156219931,3.266191016778005,26.07715741119153,-23.675547171563213,3.273540026,1.652066929,,,,93.8,2803.0,6.3,824896,669134,664034,630105,592518,593428,657757,701538,665487,54.23,,,,,,,,73,1,Cutter,5,1,5,1,1,5,5,1,Standard,Standard,177.0,0.0,0.029,,,,,-0.029,,4,4,0.988,0.988,27,29,28,29,1,4,3.0,1.0,3.0,1.0,1.99,-0.38,-0.38,32.9,,,,,,Cutter,False
SL,2026-07-22,86.9,-1.91,5.91,"Vásquez, Randy",671739,681190,strikeout,swinging_strike,,,,,14.0,Michael Harris II strikes out swinging.,R,L,R,ATL,SD,S,2.0,,0,2,2026,0.73,0.69,1.7373712201203384,0.8463886757873735,,645277.0,621566.0,1,8,Bot,,,,,,,7.063459127825991,-126.25198628483987,-7.094212379415998,6.380465255054282,25.02713515875421,-23.489985938526328,3.181389436,1.605561024,,,,86.6,3065.0,6.1,824896,669134,664034,630105,592518,593428,657757,701538,665487,54.4,,0.0,0.0,1.0,0.0,0.0,,72,3,Slider,5,1,5,1,1,5,5,1,Infield shade,Standard,93.0,-0.001,-0.139,35.0,8.2,10.339683228,,0.139,,4,4,0.989,0.989,27,25,28,25,1,4,3.0,1.0,3.0,1.0,2.33,-0.73,0.73,33.2,12.458597548903423,-13.249260939967948,43.872876557121955,16.788389974038992,30.59952963447916,Slider,True
FF,2026-07-22,95.9,-1.77,6.03,"Vásquez, Randy",671739,681190,,foul,,,,,14.0,,R,L,R,ATL,SD,S,,,0,1,2026,-0.6,1.44,0.0380470724714855,1.3527247298241196,,645277.0,621566.0,1,8,Bot,,,,,,,6.057980851213616,-139.3014759048305,-9.792275607056208,-9.110554660206606,29.26335367667873,-11.463286748067263,3.181389436,1.605561024,238.0,80.0,38.0,95.7,2384.0,6.1,824896,669134,664034,630105,592518,593428,657757,701538,665487,54.37,,,,,,,,72,2,4-Seam Fastball,5,1,5,1,1,5,5,1,Infield shade,Standard,216.0,-0.001,-0.062,75.0,8.2,,,0.062,88.0,4,4,0.99,0.99,27,25,28,25,1,4,3.0,1.0,3.0,1.0,1.04,0.6,-0.6,34.2,-4.506256129729874,9.546099708030855,43.70845664750634,36.42094433489123,20.94771263146249,Four-seam,False
FC,2026-07-22,93.8,-1.92,6.0,"Vásquez, Randy",671739,681190,,foul,,,,,5.0,,R,L,R,ATL,SD,S,,,0,0,2026,0.03,0.79,-0.2397283904198739,2.5639422669611545,,645277.0,621566.0,1,8,Bot,,,,,,,4.230419214877162,-136.57520971396977,-4.7763484081324,-0.4597690997161411,28.073802264530812,-21.427220277234227,3.181389436,1.605561024,165.0,87.1,70.0,94.3,2735.0,6.4,824896,669134,664034,630105,592518,593428,657757,701538,665487,54.1,,,,,,,,72,1,Cutter,5,1,5,1,1,5,5,1,Infield shade,Standard,198.0,0.0,-0.041,73.4,8.3,,,0.041,88.0,4,4,0.99,0.99,27,25,28,25,1,4,3.0,1.0,3.0,1.0,1.78,-0.03,0.03,35.9,11.09045538088271,2.922355101815555,30.157394438849664,41.09877514404707,32.81013442411337,Cutter,False
FC,2026-07-22,92.5,-1.78,6.0,"Vásquez, Randy",621566,681190,single,hit_into_play,,,,,2.0,Matt Olson singles on a fly ball to left fielder Gavin Sheets. Drake Baldwin scores. Ozzie Albies to 2nd.,R,L,R,ATL,SD,X,7.0,fly_ball,1,1,2026,0.3,0.52,0.1225155681705277,3.220033540440586,686948.0,,645277.0,1,8,Bot,67.15,140.75,,,,,4.140897488773013,-134.8230602237585,-2.331070180137818,2.845685088111005,26.160872104504097,-25.494788612779463,3.37183399,1.701673228,209.0,91.4,61.0,93.0,2762.0,6.3,824896,669134,664034,630105,592518,593428,657757,701538,665487,54.23,0.017,0.02,0.9,1.0,1.0,0.0,3.0,71,3,Cutter,4,1,4,1,1,5,5,1,Infield shade,Standard,175.0,0.009,0.501,72.3,7.1,,0.03,-0.501,91.4,3,3,0.981,0.981,27,32,28,32,1,4,3.0,1.0,3.0,1.0,2.11,-0.3,0.3,35.8,10.42964327940706,1.5980215437124634,24.86407283961714,37.32629656273539,33.08388437691163,Cutter,True
CH,2026-07-22,90.7,-1.88,5.83,"Vásquez, Randy",621566,681190,,ball,,,,,14.0,,R,L,R,ATL,SD,B,,,0,1,2026,-0.96,1.0,1.1432184282788045,1.2616791030665877,686948.0,,645277.0,1,8,Bot,,,,,,,9.487293193101006,-131.55650548783862,-7.339661878193852,-13.156911649578973,28.66693491242295,-19.130521906174213,3.37183399,1.701673228,,,,90.1,1919.0,6.2,824896,669134,664034,630105,592518,593428,657757,701538,665487,54.32,,,,,,,,71,2,Changeup,4,1,4,1,1,4,4,1,Infield shade,Standard,246.0,0.001,0.009,,,,,-0.009,,3,3,0.98,0.98,27,32,28,32,1,4,3.0,1.0,3.0,1.0,1.8,0.96,-0.96,37.5,,,,,,Changeup,False
FF,2026-07-22,97.0,-1.81,5.99,"Vásquez, Randy",621566,681190,,called_strike,,,,,9.0,,R,L,R,ATL,SD,S,,,0,0,2026,-0.65,1.27,0.5789511977337549,1.8800026035128772,686948.0,,645277.0,1,8,Bot,,,,,,,7.783709082718397,-140.9349250695215,-8.121303462674033,-10.490333951519084,32.76862110477059,-13.517501915121237,3.37183399,1.701673228,,,,96.6,2451.0,6.2,824896,669134,664034,630105,592518,593428,657757,701538,665487,54.31,,,,,,,,71,1,4-Seam Fastball,4,1,4,1,1,4,4,1,Standard,Standard,217.0,-0.001,-0.049,,,,,0.049,,3,3,0.981,0.981,27,32,28,32,1,4,3.0,1.0,3.0,1.0,1.16,0.65,-0.65,34.1,,,,,,Four-seam,False
CU,2026-07-22,85.3,-1.96,6.03,"Vásquez, Randy",645277,681190,single,hit_into_play,,,,,14.0,Ozzie Albies singles on a fly ball to right fielder Fernando Tatis Jr. Brewer Hicklen scores. Drake Baldwin to 3rd.,R,L,R,ATL,SD,X,9.0,fly_ball,2,2,2026,0.82,-0.5,0.9044219839604752,1.649657144331167,,676551.0,686948.0,1,8,Bot,202.35,125.83,,,,,4.962172820972933,-124.2147526248517,-2.7440520329940172,7.552784870167144,24.42105345041206,-37.043357832102274,2.984801509,1.506348425,239.0,70.8,29.0,85.2,3101.0,6.2,824896,669134,664034,630105,592518,593428,657757,701538,665487,54.34,0.86,0.779,0.9,1.0,1.0,0.0,4.0,70,5,Curveball,3,1,3,1,1,4,4,1,Standard,Standard,80.0,0.035,0.496,64.5,6.7,,0.905,-0.496,88.0,2,2,0.946,0.946,27,29,28,29,1,4,3.0,1.0,3.0,1.0,3.62,-0.82,0.82,37.6,8.941052050089272,-12.675193380034548,42.18751094472619,18.07492394730593,39.38673357384289,Curveball,True
SL,2026-07-22,86.9,-2.14,5.85,"Vásquez, Randy",645277,681190,,ball,,,,,14.0,,R,L,R,ATL,SD,B,,,1,2,2026,0.73,0.38,1.3150042522891572,1.50570373891017,,676551.0,686948.0,1,8,Bot,,,,,,,6.610455913949215,-126.34761496010934,-4.733656697397878,6.466155877289976,26.00744305705999,-27.306090492145987,2.984801509,1.506348425,,,,86.4,2970.0,6.1,824896,669134,664034,630105,592518,593428,657757,701538,665487,54.43,,,,,,,,70,4,Slider,3,1,3,1,1,3,3,1,Standard,Standard,88.0,0.002,0.059,,,,,-0.059,,2,2,0.944,0.944,27,29,28,29,1,4,3.0,1.0,3.0,1.0,2.64,-0.73,0.73,30.0,,,,,,Slider,False
SI,2026-07-22,95.9,-1.77,6.02,"Vásquez, Randy",645277,681190,,foul,,,,,5.0,,R,L,R,ATL,SD,S,,,1,1,2026,-1.27,1.05,0.0947952567851964,2.5138928650417283,,676551.0,686948.0,1,8,Bot,,,,,,,7.743139135583509,-139.40198948085262,-5.8471176575039605,-18.275237275828115,30.446150016978347,-17.300036382562176,2.984801509,1.506348425,336.0,99.6,27.0,95.5,2484.0,6.1,824896,669134,664034,630105,592518,593428,657757,701538,665487,54.43,,,,,,,,70,3,Sinker,3,1,3,1,1,3,3,1,Standard,Standard,214.0,-0.003,-0.064,72.1,7.4,,,0.064,99.6,2,2,0.947,0.947,27,29,28,29,1,4,3.0,1.0,3.0,1.0,1.42,1.27,-1.27,34.6,22.90387904082377,-21.96775583350978,33.801395654619164,29.295263532152443,50.24838855556289,Sinker,False
FF,2026-07-22,96.5,-1.89,6.06,"Vásquez, Randy",645277,681190,,swinging_strike,,,,,3.0,,R,L,R,ATL,SD,S,,,1,0,2026,-0.77,1.52,0.3496850822655044,3.0146075643784886,,676551.0,686948.0,1,8,Bot,,,,,,,7.611783909068272,-140.2384919830949,-5.798209839071198,-11.864242099151278,31.100876427019035,-11.009084894106994,2.984801509,1.506348425,,,,95.9,2450.0,6.0,824896,669134,664034,630105,592518,593428,657757,701538,665487,54.5,,,,,,,,70,2,4-Seam Fastball,3,1,3,1,1,3,3,1,Standard,Standard,219.0,-0.003,-0.054,68.6,6.5,0.994517328,,0.054,,2,2,0.95,0.95,27,29,28,29,1,4,3.0,1.0,3.0,1.0,0.93,0.77,-0.77,35.1,14.21609577564531,1.2725526234581337,31.922463632264257,25.506046683466693,28.68014577536786,Four-seam,False
SL,2026-07-22,86.1,-2.15,5.83,"Vásquez, Randy",645277,681190,,ball,,,,,13.0,,R,L,R,ATL,SD,B,,,0,0,2026,0.37,0.45,-1.0784911974426508,2.189865080274974,,676551.0,686948.0,1,8,Bot,,,,,,,1.73207234318846,-125.4034718665676,-3.102034934237012,3.514116481459606,24.92254373771691,-27.0084841956609,2.984801509,1.506348425,,,,85.4,2939.0,5.8,824896,669134,664034,630105,592518,593428,657757,701538,665487,54.75,,,,,,,,70,1,Slider,3,1,3,1,1,3,3,1,Standard,Standard,104.0,0.002,0.04,,,,,-0.04,,2,2,0.948,0.948,27,29,28,29,1,4,3.0,1.0,3.0,1.0,2.61,-0.37,0.37,30.3,,,,,,Slider,False
FF,2026-07-19,95.2,-1.64,5.8,"Vásquez, Randy",668942,681190,field_out,hit_into_play,,,,,11.0,"Josh Rojas grounds out, shortstop Sung-Mun Song to first baseman Ty France.",R,L,R,KC,SD,X,6.0,ground_ball,2,1,2026,-1.03,1.09,-1.0479905606947062,2.858984042014944,,,521692.0,2,8,Bot,121.19,151.23,,,,,3.874869965273911,-138.65642324125866,-4.367356448311792,-14.20367521645776,30.59708047957132,-17.398340216382948,3.233169291,1.631692913,127.0,72.9,10.0,95.0,2439.0,6.1,824086,666023,664034,650859,609280,823550,657757,701538,687749,54.41,0.274,0.247,0.0,1.0,0.0,0.0,2.0,78,4,4-Seam Fastball,2,13,2,13,13,2,2,13,Infield shade,Standard,221.0,0.0,-0.317,67.5,7.3,,0.278,0.317,88.0,-11,-11,0.001,0.001,27,32,28,32,2,3,17.0,2.0,3.0,1.0,1.42,1.03,-1.03,31.4,13.1484531520853,4.610860443525019,22.33278244006701,51.83240279963678,21.179369717722068,Four-seam,True
FF,2026-07-19,94.8,-1.59,5.88,"Vásquez, Randy",668942,681190,,called_strike,,,,,11.0,,R,L,R,KC,SD,S,,,2,0,2026,-0.95,1.24,-0.8533032542085941,2.988699211759629,,,521692.0,2,8,Bot,,,,,,,4.030760223847479,-137.9340226287523,-4.466538976954352,-13.021202403841125,31.350306551993995,-15.612317293499094,3.233169291,1.631692913,,,,94.3,2418.0,6.0,824086,666023,664034,650859,609280,823550,657757,701538,687749,54.45,,,,,,,,78,3,4-Seam Fastball,2,13,2,13,13,2,2,13,Infield shade,Standard,222.0,0.0,-0.052,,,,,0.052,,-11,-11,0.001,0.001,27,32,28,32,2,3,17.0,2.0,3.0,1.0,1.31,0.95,-0.95,32.7,,,,,,Four-seam,False
FF,2026-07-19,94.7,-1.64,5.92,"Vásquez, Randy",668942,681190,,ball,,,,,11.0,,R,L,R,KC,SD,B,,,1,0,2026,-0.74,1.49,-0.8308924457436796,2.85107030079444,,,521692.0,2,8,Bot,,,,,,,3.7529211063944494,-137.70857226763837,-5.432538985951933,-10.30087807626356,32.567081234374626,-12.27232790300039,3.233169291,1.631692913,,,,93.9,2402.0,6.0,824086,666023,664034,650859,609280,823550,657757,701538,687749,54.51,,,,,,,,78,2,4-Seam Fastball,2,13,2,13,13,2,2,13,Infield shade,Standard,213.0,0.0,0.056,,,,,-0.056,,-11,-11,0.001,0.001,27,32,28,32,2,3,17.0,2.0,3.0,1.0,1.07,0.74,-0.74,33.1,,,,,,Four-seam,False
FF,2026-07-19,94.4,-1.78,5.9,"Vásquez, Randy",668942,681190,,ball,,,,,13.0,,R,L,R,KC,SD,B,,,0,0,2026,-0.88,1.1,-1.0836799284604268,1.5122698039567015,,,521692.0,2,8,Bot,,,,,,,3.765117680481691,-137.2847112492169,-7.930767534689317,-11.93509049809066,30.80647793802133,-16.713894204471842,3.233169291,1.631692913,,,,94.1,2318.0,6.1,824086,666023,664034,650859,609280,823550,657757,701538,687749,54.35,,,,,,,,78,1,4-Seam Fastball,2,13,2,13,13,2,2,13,Infield shade,Standard,219.0,0.0,0.038,,,,,-0.038,,-11,-11,0.001,0.001,27,32,28,32,2,3,17.0,2.0,3.0,1.0,1.46,0.88,-0.88,35.7,,,,,,Four-seam,False
SL,2026-07-19,88.0,-1.73,5.83,"Vásquez, Randy",521692,681190,single,hit_into_play,,,,,8.0,Salvador Perez singles on a line drive to left fielder Gavin Sheets.,R,R,R,KC,SD,X,7.0,line_drive,0,1,2026,0.57,0.3,0.2329733666866143,1.709432709945062,,,,2,8,Bot,95.72,91.43,,,,,3.494657922612363,-128.15348930169523,-4.323524001238038,5.583648333928954,25.071765987490046,-28.16216585234728,3.312155512,1.671555118,278.0,78.8,28.0,87.8,2815.0,6.0,824086,666023,664034,650859,609280,823550,657757,701538,687749,54.52,0.214,0.213,0.9,1.0,1.0,0.0,3.0,77,2,Slider,2,13,2,13,13,2,2,13,Infield shade,Standard,131.0,0.0,0.374,75.0,8.3,,0.298,-0.374,88.0,-11,-11,0.001,0.001,27,36,28,36,2,3,17.0,1.0,3.0,1.0,2.62,-0.57,-0.57,32.3,18.105153510803756,-8.852102015324494,41.396286791427144,40.904867822079346,36.045196331946784,Slider,True
FF,2026-07-19,95.7,-1.56,5.98,"Vásquez, Randy",521692,681190,,called_strike,,,,,7.0,,R,R,R,KC,SD,S,,,0,0,2026,-0.77,1.17,-0.3535643519168376,1.899851683242638,,,,2,8,Bot,,,,,,,4.879148454056244,-139.1929760140322,-7.550739279895318,-11.105640877907602,31.21955396306232,-15.50391616984013,3.312155512,1.671555118,,,,95.3,2372.0,6.1,824086,666023,664034,650859,609280,823550,657757,701538,687749,54.44,,,,,,,,77,1,4-Seam Fastball,2,13,2,13,13,2,2,13,Infield shade,Standard,214.0,0.0,-0.045,,,,,0.045,,-11,-11,0.001,0.001,27,36,28,36,2,3,17.0,1.0,3.0,1.0,1.32,0.77,0.77,34.9,,,,,,Four-seam,False
FF,2026-07-19,95.5,-1.63,5.94,"Vásquez, Randy",686555,681190,strikeout,swinging_strike,,,,,1.0,Isaac Collins strikes out swinging.,R,L,R,KC,SD,S,2.0,,0,2,2026,-0.64,1.28,-0.7628139171213462,2.7778483077210105,,,,1,8,Bot,,,,,,,3.686633099577896,-138.9997798527127,-5.409576460161507,-9.129900987611812,30.93496707675804,-14.549012126646884,3.012885499,1.520521654,,,,95.1,2337.0,6.0,824086,666023,664034,650859,609280,823550,657757,701538,687749,54.49,,0.0,0.0,1.0,0.0,0.0,,76,3,4-Seam Fastball,2,13,2,13,13,2,2,13,Infield shade,Standard,210.0,0.0,-0.163,72.7,6.3,0.1,,0.163,,-11,-11,0.001,0.001,27,28,28,29,1,3,17.0,1.0,3.0,1.0,1.22,0.64,-0.64,33.6,-2.7291133996735097,11.43005509387365,24.628043929829857,46.79041596873364,19.588221004136926,Four-seam,True
FF,2026-07-19,95.1,-1.56,5.94,"Vásquez, Randy",686555,681190,,foul,,,,,4.0,,R,L,R,KC,SD,S,,,0,1,2026,-0.96,1.02,-0.2894047038386975,2.4957211766660197,,,,1,8,Bot,,,,,,,5.431407946805541,-138.36481144200937,-5.449586902892464,-13.538242028992295,30.128899956139367,-18.082073342595393,3.012885499,1.520521654,200.0,73.1,42.0,94.5,2458.0,5.9,824086,666023,664034,650859,609280,823550,657757,701538,687749,54.59,,,,,,,,76,2,4-Seam Fastball,2,13,2,13,13,2,2,13,Infield shade,Standard,218.0,0.0,-0.057,68.5,6.4,,,0.057,88.0,-11,-11,0.001,0.001,27,28,28,29,1,3,17.0,1.0,3.0,1.0,1.5,0.96,-0.96,35.4,-5.217060624015246,4.2678012147543525,32.173948365316996,42.11909742049376,19.507441968377805,Four-seam,False
FF,2026-07-19,95.4,-1.62,5.94,"Vásquez, Randy",686555,681190,,called_strike,,,,,5.0,,R,L,R,KC,SD,S,,,0,0,2026,-0.98,1.01,-0.2634975996818018,2.4946552793671968,,,,1,8,Bot,,,,,,,5.73462441751381,-138.78511609721406,-5.496628052484086,-13.93485898686424,30.988998597878187,-18.077418629275737,3.012885499,1.520521654,,,,94.9,2431.0,6.0,824086,666023,664034,650859,609280,823550,657757,701538,687749,54.51,,,,,,,,76,1,4-Seam Fastball,2,13,2,13,13,2,2,13,Infield shade,Standard,214.0,0.0,-0.041,,,,,0.041,,-11,-11,0.001,0.001,27,28,28,29,1,3,17.0,1.0,3.0,1.0,1.5,0.98,-0.98,35.0,,,,,,Four-seam,False
SI,2026-07-19,95.5,-1.59,5.96,"Vásquez, Randy",657041,681190,field_out,hit_into_play,,,,,7.0,Lane Thomas flies out to center fielder Jackson Merrill.,R,R,R,KC,SD,X,8.0,fly_ball,0,0,2026,-1.39,0.94,-0.6371127941720285,1.8408324402756515,,,,0,8,Bot,112.68,93.03,,,,,5.606607890898391,-138.8021238782287,-7.076804338065283,-19.2108391794716,31.61604483636051,-18.611848990511557,3.146284449,1.587844488,267.0,96.4,53.0,94.8,2355.0,6.0,824086,666023,664034,650859,609280,823550,657757,701538,687749,54.49,0.011,0.017,0.0,1.0,0.0,0.0,3.0,75,1,Sinker,2,13,2,13,13,2,2,13,Infield shade,Standard,222.0,0.0,-0.259,75.1,7.3,,0.026,0.259,96.4,-11,-11,0.001,0.001,27,30,28,31,1,3,17.0,1.0,3.0,1.0,1.57,1.39,1.39,34.9,11.03945046459338,-15.018580116063612,35.67251990816707,30.251244553979312,31.74521245888298,Sinker,True
FF,2026-07-19,96.4,-1.54,5.96,"Vásquez, Randy",695506,681190,field_out,hit_into_play,,,,,5.0,"Jac Caglianone grounds out, first baseman Ty France to pitcher Randy Vásquez.",R,L,R,KC,SD,X,3.0,ground_ball,2,2,2026,-0.63,1.31,0.1957156920389927,2.4505337547283643,,695600.0,,2,7,Bot,162.15,168.31,,,,,5.993278961961472,-140.26365216425287,-6.5564993179034055,-9.625169865832282,31.143752803657655,-13.581188337383743,3.401673228,1.716732283,5.0,80.8,-25.0,96.3,2503.0,6.2,824086,669134,664034,650859,592518,593428,687749,701538,665487,54.28,0.054,0.052,0.0,1.0,0.0,0.0,2.0,63,5,4-Seam Fastball,2,8,2,8,8,2,2,8,Infield shade,Standard,219.0,-0.005,-0.221,79.2,7.6,,0.054,0.221,88.0,-6,-6,0.013,0.013,27,23,28,23,1,3,17.0,1.0,3.0,1.0,1.14,0.63,-0.63,35.1,8.500289900201409,3.68519924553261,35.067709628742314,35.36524066162683,25.38559492749196,Four-seam,True
CH,2026-07-19,89.9,-1.71,5.76,"Vásquez, Randy",695506,681190,,swinging_strike,,,,,14.0,,R,L,R,KC,SD,S,,,2,1,2026,-1.5,0.28,0.2664924924420448,1.0496110025013876,,695600.0,,2,7,Bot,,,,,,,8.024506075120536,-130.63964151621343,-6.015926238242279,-18.829605277350804,27.04696438496098,-27.928630742841893,3.401673228,1.716732283,,,,89.7,1839.0,6.2,824086,669134,664034,650859,592518,593428,687749,701538,665487,54.31,,,,,,,,63,4,Changeup,2,8,2,8,8,2,2,8,Infield shade,Standard,250.0,-0.001,-0.074,78.5,8.7,0.34400238,,0.074,,-6,-6,0.014,0.014,27,23,28,23,1,3,17.0,1.0,3.0,1.0,2.55,1.5,-1.5,38.9,19.979796738461527,-16.24778081257827,41.34157917744467,35.507346246191034,39.56159307078132,Changeup,False
FC,2026-07-19,94.0,-1.72,6.02,"Vásquez, Randy",695506,681190,,ball,,,,,11.0,,R,L,R,KC,SD,B,,,1,1,2026,-0.09,0.89,-0.3012504951057405,3.882897349942363,,695600.0,,2,7,Bot,,,,,,,3.8115005174063272,-136.9511302159284,-1.7121407470402148,-1.9212944989922651,28.110887795394262,-20.750993511229147,3.401673228,1.716732283,,,,93.9,2652.0,6.0,824086,669134,664034,650859,592518,593428,687749,701538,665487,54.5,,,,,,,,63,3,Cutter,2,8,2,8,8,2,2,8,Infield shade,Standard,205.0,0.0,0.034,,,,,-0.034,,-6,-6,0.014,0.014,27,23,28,23,1,3,17.0,1.0,3.0,1.0,1.67,0.09,-0.09,36.7,,,,,,Cutter,False
CH,2026-07-19,91.6,-1.71,5.75,"Vásquez, Randy",695506,681190,,blocked_ball,,,,,14.0,,R,L,R,KC,SD,B,,,0,1,2026,-1.4,0.44,0.421225626012399,-0.2739267133627419,,695600.0,,2,7,Bot,,,,,,,8.33915013635232,-132.85592818590158,-9.960692643715698,-18.41163374955831,27.84148765064368,-24.94362460275315,3.401673228,1.716732283,,,,91.2,2152.0,6.2,824086,669134,664034,650859,592518,593428,687749,701538,665487,54.31,,,,,,,,63,2,Changeup,2,8,2,8,8,2,2,8,Infield shade,Standard,241.0,0.001,0.017,,,,,-0.017,,-6,-6,0.013,0.013,27,23,28,23,1,3,17.0,1.0,3.0,1.0,2.29,1.4,-1.4,34.2,,,,,,Changeup,False
CH,2026-07-19,91.0,-1.67,5.75,"Vásquez, Randy",695506,681190,,foul,,,,,13.0,,R,L,R,KC,SD,S,,,0,0,2026,-1.06,0.56,-0.0909321567626848,1.3617259851162902,,695600.0,,2,7,Bot,,,,,,,6.198511642719202,-132.46048112472667,-6.123689274430667,-13.77057850011368,25.930485054562062,-24.535274756376086,3.401673228,1.716732283,3.0,86.6,-26.0,91.1,1891.0,6.2,824086,669134,664034,650859,592518,593428,687749,701538,665487,54.34,,,,,,,,63,1,Changeup,2,8,2,8,8,2,2,8,Infield shade,Standard,247.0,-0.001,-0.04,76.0,8.8,,,0.04,88.0,-6,-6,0.014,0.014,27,23,28,23,1,3,17.0,1.0,3.0,1.0,2.17,1.06,-1.06,34.2,14.135028236654035,-3.779405470365934,38.56954870192632,40.282920038990895,30.06294101833843,Changeup,False
FC,2026-07-19,93.4,-1.83,5.92,"Vásquez, Randy",679845,681190,field_out,hit_into_play,,,,,2.0,Nick Loftin flies out to center fielder Jackson Merrill.,R,R,R,KC,SD,X,8.0,fly_ball,0,1,2026,0.03,0.82,-0.2413778058472508,3.0579415145590723,,695600.0,,1,7,Bot,88.23,47.09,,,,,3.949988754489802,-136.016346077035,-3.300285662238519,-0.4003520139444239,27.292600048506543,-21.46773726674098,3.18226706,1.606003937,386.0,96.8,32.0,93.4,2640.0,6.1,824086,669134,664034,650859,592518,593428,687749,701538,665487,54.42,0.283,0.513,0.0,1.0,0.0,0.0,5.0,62,2,Cutter,2,8,2,8,8,2,2,8,Standard,Standard,198.0,-0.008,-0.227,73.3,6.7,,0.941,0.227,96.8,-6,-6,0.022,0.022,27,27,28,28,1,3,17.0,1.0,3.0,1.0,1.77,-0.03,-0.03,35.9,9.262999948637765,-3.0314553841579133,24.91884731083066,35.39366720117055,31.346747969278304,Cutter,True
SI,2026-07-19,96.2,-1.65,5.96,"Vásquez, Randy",679845,681190,,swinging_strike,,,,,8.0,,R,R,R,KC,SD,S,,,0,0,2026,-1.15,0.75,0.2352129821914208,1.514936875041201,,695600.0,,1,7,Bot,,,,,,,7.522796038340083,-139.9251593668866,-7.72248819776834,-16.664806535893263,27.2010836004307,-20.804767953708396,3.18226706,1.606003937,,,,96.3,2404.0,6.1,824086,669134,664034,650859,592518,593428,687749,701538,665487,54.43,,,,,,,,62,1,Sinker,2,8,2,8,8,2,2,8,Standard,Standard,218.0,-0.001,-0.045,29.2,6.1,3.925176636,,0.045,,-6,-6,0.023,0.023,27,27,28,28,1,3,17.0,1.0,3.0,1.0,1.68,1.15,1.15,36.1,-8.850787266653237,30.05444257285882,33.99653713815087,41.03429146414038,5.468597531960463,Sinker,False
FC,2026-07-19,91.9,-1.79,6.01,"Vásquez, Randy",695600,681190,double,hit_into_play,,,,,5.0,Carter Jensen doubles (22) on a ground ball to right fielder Fernando Tatis Jr.,R,L,R,KC,SD,X,9.0,ground_ball,2,1,2026,0.2,0.66,0.0477393875551132,2.568450518124115,,,,1,7,Bot,209.8,114.57,,,,,4.150499853005536,-133.8609787478412,-4.172814494333118,1.570888107895841,26.279282372887693,-23.50643886475243,3.191043307,1.610433071,17.0,99.3,-8.0,91.9,2712.0,6.0,824086,669134,664034,650859,592518,593428,687749,701538,665487,54.48,0.29,0.261,1.25,1.0,1.0,1.0,2.0,61,4,Cutter,2,8,2,8,8,2,2,8,Infield shade,Standard,199.0,0.008,0.605,77.5,7.3,,0.305,-0.605,99.3,-6,-6,0.015,0.015,27,22,28,23,1,3,17.0,1.0,3.0,1.0,2.01,-0.2,0.2,36.5,12.065471482020715,-9.762350536427078,26.24782535091972,33.98669647375297,40.407588574172,Cutter,True
CH,2026-07-19,88.7,-1.85,5.82,"Vásquez, Randy",695600,681190,,ball,,,,,13.0,,R,L,R,KC,SD,B,,,1,1,2026,-1.34,0.1,-0.1266821561902931,0.2550744425637501,,,,1,7,Bot,,,,,,,6.957922800258816,-128.91960528285247,-7.475506114244412,-16.328176834197613,24.81886673800241,-29.76103299170337,3.191043307,1.610433071,,,,88.5,1935.0,6.0,824086,669134,664034,650859,592518,593428,687749,701538,665487,54.46,,,,,,,,61,3,Changeup,2,8,2,8,8,2,2,8,Infield shade,Standard,247.0,0.001,0.056,,,,,-0.056,,-6,-6,0.014,0.014,27,22,28,23,1,3,17.0,1.0,3.0,1.0,2.79,1.34,-1.34,30.2,,,,,,Changeup,False
ST,2026-07-19,86.7,-1.78,5.77,"Vásquez, Randy",695600,681190,,ball,,,,,13.0,,R,L,R,KC,SD,B,,,0,1,2026,0.79,-0.25,-0.504635691545164,0.6684332278696998,,,,1,7,Bot,,,,,,,1.3711106513328415,-126.2764635405948,-5.258645287024481,8.23126877467114,23.8651379912071,-34.05685242588819,3.191043307,1.610433071,,,,86.6,3072.0,6.0,824086,669134,664034,650859,592518,593428,687749,701538,665487,54.48,,,,,,,,61,2,Sweeper,2,8,2,8,8,2,2,8,Infield shade,Standard,93.0,0.001,0.032,,,,,-0.032,,-6,-6,0.013,0.013,27,22,28,23,1,3,17.0,1.0,3.0,1.0,3.26,-0.79,0.79,37.4,,,,,,Sweeper,False
FC,2026-07-19,92.9,-1.72,5.94,"Vásquez, Randy",695600,681190,,foul,,,,,6.0,,R,L,R,KC,SD,S,,,0,0,2026,0.13,0.74,0.5816684015350839,2.6314754529153888,,,,1,7,Bot,,,,,,,5.517676684488154,-135.34704024698837,-4.212065448437896,0.5729894429671005,25.276456328765207,-22.36154303714452,3.191043307,1.610433071,8.0,80.3,-19.0,93.2,2648.0,6.1,824086,669134,664034,650859,592518,593428,687749,701538,665487,54.45,,,,,,,,61,1,Cutter,2,8,2,8,8,2,2,8,Infield shade,Standard,203.0,-0.001,-0.041,76.6,7.9,,,0.041,88.0,-6,-6,0.014,0.014,27,22,28,23,1,3,17.0,1.0,3.0,1.0,1.86,-0.13,0.13,34.1,22.63874468774181,-30.918006751725013,25.253068598445896,28.63546162306406,45.417410246173375,Cutter,False
SL,2026-07-19,86.5,-1.84,5.74,"Vásquez, Randy",571912,681190,strikeout,called_strike,,,,,2.0,Luke Maile called out on strikes.,R,R,R,KC,SD,S,2.0,,2,2,2026,0.77,0.38,0.2143976398265989,3.0489473414926698,,,,0,7,Bot,,,,,,,3.2072927971836513,-126.18552173805809,-0.9387735574202531,7.813298642803002,21.875686156787168,-28.051422402774087,3.321809383,1.676427165,,,,86.6,2978.0,5.9,824086,669134,664034,650859,592518,593428,687749,701538,665487,54.62,,0.0,0.0,1.0,0.0,0.0,,60,5,Slider,2,8,2,8,8,2,2,8,Infield shade,Standard,98.0,-0.005,-0.232,,,,,0.232,,-6,-6,0.019,0.019,27,35,28,35,1,2,17.0,10.0,3.0,7.0,2.61,-0.77,-0.77,30.3,,,,,,Slider,True
SI,2026-07-19,95.6,-1.71,5.83,"Vásquez, Randy",571912,681190,,foul,,,,,2.0,,R,R,R,KC,SD,S,,,2,1,2026,-1.08,0.93,0.200204978171673,2.8446331585200424,,,,0,7,Bot,,,,,,,7.399715308978668,-139.12222126175308,-4.22357587766124,-15.62216880600941,28.60350706253404,-19.301341730362868,3.321809383,1.676427165,223.0,74.8,47.0,95.5,2434.0,6.0,824086,669134,664034,650859,592518,593428,687749,701538,665487,54.46,,,,,,,,60,4,Sinker,2,8,2,8,8,2,2,8,Standard,Standard,223.0,-0.002,-0.078,69.5,6.3,,,0.078,88.0,-6,-6,0.021,0.021,27,35,28,35,1,2,17.0,10.0,3.0,7.0,1.55,1.08,1.08,33.6,7.230619592298553,15.424851858438382,28.317960287084993,36.815972603139656,24.305922707951016,Sinker,False
SI,2026-07-19,95.6,-1.67,5.95,"Vásquez, Randy",571912,681190,,ball,,,,,11.0,,R,R,R,KC,SD,B,,,1,1,2026,-1.05,0.83,-0.8590501260578353,3.670794175174112,,,,0,7,Bot,,,,,,,4.466814782955129,-139.3068253610788,-2.162554687298668,-14.631109788863858,28.65294689540621,-21.03910895747988,3.321809383,1.676427165,,,,95.4,2460.0,5.9,824086,669134,664034,650859,592518,593428,687749,701538,665487,54.62,,,,,,,,60,3,Sinker,2,8,2,8,8,2,2,8,Standard,Standard,218.0,0.001,0.063,,,,,-0.063,,-6,-6,0.02,0.02,27,35,28,35,1,2,17.0,10.0,3.0,7.0,1.64,1.05,1.05,35.2,,,,,,Sinker,False
SI,2026-07-19,96.3,-1.59,5.95,"Vásquez, Randy",571912,681190,,ball,,,,,11.0,,R,R,R,KC,SD,B,,,0,1,2026,-1.07,0.77,-1.3086576729369537,4.132737043099436,,,,0,7,Bot,,,,,,,3.1617474233672302,-140.3197833352475,-0.9145169461488808,-14.843030198080918,29.642402120742265,-21.89162729603365,3.321809383,1.676427165,,,,95.9,2402.0,5.8,824086,669134,664034,650859,592518,593428,687749,701538,665487,54.68,,,,,,,,60,2,Sinker,2,8,2,8,8,2,2,8,Standard,Standard,220.0,0.001,0.029,,,,,-0.029,,-6,-6,0.019,0.019,27,35,28,35,1,2,17.0,10.0,3.0,7.0,1.66,1.07,1.07,33.1,,,,,,Sinker,False
SI,2026-07-19,96.6,-1.67,5.96,"Vásquez, Randy",571912,681190,,called_strike,,,,,4.0,,R,R,R,KC,SD,S,,,0,0,2026,-1.08,0.77,-0.5868216264541117,2.202805681820471,,,,0,7,Bot,,,,,,,5.291211876205573,-140.66264595766384,-6.045486523815786,-15.46501226149245,27.71592937738932,-20.83720828086228,3.321809383,1.676427165,,,,96.6,2470.0,5.9,824086,669134,664034,650859,592518,593428,687749,701538,665487,54.56,,,,,,,,60,1,Sinker,2,8,2,8,8,2,2,8,Infield shade,Standard,224.0,-0.001,-0.041,,,,,0.041,,-6,-6,0.02,0.02,27,35,28,35,1,2,17.0,10.0,3.0,7.0,1.64,1.08,1.08,35.3,,,,,,Sinker,False
SI,2026-07-19,96.6,-1.78,5.72,"Vásquez, Randy",686475,681190,grounded_into_double_play,hit_into_play,,,,,1.0,"Tyler Tolbert grounds into a double play, third baseman Manny Machado to second baseman Luis Rengifo to first baseman Ty France. Josh Rojas out at 2nd. Tyler Tolbert out at 1st.",R,R,R,KC,SD,X,5.0,ground_ball,0,1,2026,-1.11,0.75,-0.7001997504211652,2.777786454366871,,,668942.0,1,6,Bot,104.86,170.84,,,,,5.394354495527189,-140.70475115606132,-3.8818946100640384,-16.005952131974368,26.806444616739316,-21.575632654798113,3.126099081,1.57765748,10.0,95.9,-16.0,97.1,2408.0,6.2,824086,669134,664034,650859,592518,593428,687749,701538,665487,54.34,0.167,0.162,0.0,1.0,0.0,0.0,2.0,56,2,Sinker,2,8,2,8,8,2,2,8,Standard,Standard,226.0,-0.015,-0.283,67.9,6.2,,0.187,0.283,95.9,-6,-6,0.032,0.032,27,28,28,28,1,2,17.0,10.0,3.0,1.0,1.66,1.11,1.11,32.1,7.038649089227669,-6.2878234645086275,23.52308413008221,27.282631867946332,28.06164022923486,Sinker,True
SI,2026-07-19,97.3,-1.72,5.76,"Vásquez, Randy",686475,681190,,called_strike,,,,,5.0,,R,R,R,KC,SD,S,,,0,0,2026,-1.19,0.75,0.1428115411493331,2.504022640487081,,,668942.0,1,6,Bot,,,,,,,7.653735747119095,-141.53100490734883,-4.779983096548999,-17.69832605331574,28.694408428359527,-21.238226583505416,3.126099081,1.57765748,,,,97.2,2369.0,6.0,824086,669134,664034,650859,592518,593428,687749,701538,665487,54.47,,,,,,,,56,1,Sinker,2,8,2,8,8,2,2,8,Standard,Standard,234.0,-0.001,-0.037,,,,,0.037,,-6,-6,0.033,0.033,27,28,28,28,1,2,17.0,10.0,3.0,1.0,1.64,1.19,1.19,29.8,,,,,,Sinker,False
FF,2026-07-19,96.1,-1.76,5.89,"Vásquez, Randy",668942,681190,single,hit_into_play,,,,,8.0,Josh Rojas singles on a line drive to center fielder Jackson Merrill.,R,L,R,KC,SD,X,8.0,line_drive,0,0,2026,-0.72,1.26,0.0760459129327379,2.029608923127311,,,,1,6,Bot,136.22,102.74,,,,,6.430881720618477,-139.6882368232987,-7.30808417000989,-10.887037554105111,29.160002617818023,-14.223762020303704,3.233169291,1.631692913,171.0,99.8,9.0,95.8,2520.0,6.0,824086,669134,664034,650859,592518,593428,687749,701538,665487,54.47,0.714,0.676,0.9,1.0,1.0,0.0,4.0,55,1,4-Seam Fastball,2,8,2,8,8,2,2,8,Infield shade,Standard,214.0,0.009,0.419,71.4,7.1,,0.822,-0.419,99.8,-6,-6,0.024,0.024,27,32,28,32,1,2,17.0,2.0,3.0,1.0,1.2,0.72,-0.72,35.2,2.858350525199348,1.5857455699712857,38.5164130164191,37.693575375266455,21.91540208099351,Four-seam,True
FF,2026-07-19,95.3,-1.63,6.06,"Vásquez, Randy",521692,681190,field_out,hit_into_play,,,,,11.0,Salvador Perez pops out to first baseman Ty France.,R,R,R,KC,SD,X,3.0,popup,1,1,2026,-0.55,1.25,-0.2042194654379283,3.658424427323377,,,,0,6,Bot,163.67,152.59,,,,,4.924207311154214,-138.88763681868,-3.409028533230926,-8.176386372944583,27.017653325061502,-15.345849573201706,3.312155512,1.671555118,153.0,86.0,66.0,95.4,2519.0,6.0,824086,669134,664034,650859,592518,593428,687749,701538,665487,54.53,0.003,0.003,0.0,1.0,0.0,0.0,3.0,54,3,4-Seam Fastball,2,8,2,8,8,2,2,8,Infield shade,Standard,211.0,-0.008,-0.247,74.1,7.3,,0.003,0.247,88.0,-6,-6,0.032,0.032,27,36,28,36,1,2,17.0,1.0,3.0,1.0,1.23,0.55,0.55,37.5,23.877606869333825,5.588468886826398,24.476396416152255,35.59216540437731,24.988409164173092,Four-seam,True
SI,2026-07-19,96.0,-1.71,6.06,"Vásquez, Randy",521692,681190,,ball,,,,,11.0,,R,R,R,KC,SD,B,,,0,1,2026,-0.93,0.93,-1.3917837347813116,3.303675461480524,,,,0,6,Bot,,,,,,,2.9540745391399277,-139.84519142881484,-3.698009463792688,-12.867997697653989,29.145968885395643,-19.274473539054412,3.312155512,1.671555118,,,,95.7,2404.0,5.9,824086,669134,664034,650859,592518,593428,687749,701538,665487,54.6,,,,,,,,54,2,Sinker,2,8,2,8,8,2,2,8,Infield shade,Standard,214.0,0.001,0.029,,,,,-0.029,,-6,-6,0.031,0.031,27,36,28,36,1,2,17.0,1.0,3.0,1.0,1.52,0.93,0.93,37.5,,,,,,Sinker,False
FF,2026-07-19,95.8,-1.75,5.97,"Vásquez, Randy",521692,681190,,called_strike,,,,,2.0,,R,R,R,KC,SD,S,,,0,0,2026,-0.6,1.18,-0.0669641542897282,3.277437770808529,,,,0,6,Bot,,,,,,,5.72898410382075,-139.4878952144307,-4.082047160516112,-9.03625576686447,27.919479054113356,-15.96311088994022,3.312155512,1.671555118,,,,95.7,2518.0,5.9,824086,669134,664034,650859,592518,593428,687749,701538,665487,54.57,,,,,,,,54,1,4-Seam Fastball,2,8,2,8,8,2,2,8,Infield shade,Standard,208.0,-0.001,-0.041,,,,,0.041,,-6,-6,0.032,0.032,27,36,28,36,1,2,17.0,1.0,3.0,1.0,1.28,0.6,0.6,36.7,,,,,,Four-seam,False
FF,2026-06-27,95.6,-1.69,5.72,"Vásquez, Randy",660271,681190,single,hit_into_play,,,,,9.0,Shohei Ohtani singles on a sharp line drive to right fielder Fernando Tatis Jr. Alex Freeland to 2nd.,R,L,R,SD,LAD,X,9.0,line_drive,2,0,2026,-0.62,1.34,0.5908260476003478,2.120575786681068,,,690976.0,1,6,Top,171.84,101.38,,,,,7.358409719498831,-138.9879331551613,-6.722174825610345,-9.631918947012956,30.292692777986208,-13.4733256256726,3.369201116,1.700344488,188.0,112.3,11.0,95.8,2376.0,6.4,823283,666023,657757,695238,592518,593428,669392,701538,665487,54.09,0.909,0.945,0.9,1.0,1.0,0.0,5.0,46,3,4-Seam Fastball,1,6,6,1,6,1,6,1,Infield shade,Standard,219.0,-0.004,0.309,81.1,7.8,,1.293,-0.309,112.3,-5,5,0.045,0.955,27,31,28,32,3,3,8.0,1.0,5.0,1.0,1.15,0.62,-0.62,32.6,11.780353786819578,5.661078905456944,42.33275131255563,32.652801278217076,25.697875264904475,Four-seam,True
CH,2026-06-27,89.6,-1.78,5.67,"Vásquez, Randy",660271,681190,,blocked_ball,,,,,14.0,,R,L,R,SD,LAD,B,,,1,0,2026,-1.57,0.46,0.3454179596815478,0.4931409673202331,,,690976.0,1,6,Top,,,,,,,8.581986458864488,-130.1414812310156,-7.536312108097219,-19.64825662611152,25.574653061801403,-25.57992915285373,3.369201116,1.700344488,,,,90.0,2033.0,6.5,823283,666023,657757,695238,592518,593428,669392,701538,665487,53.99,,,,,,,,46,2,Changeup,1,6,6,1,6,1,6,1,Infield shade,Standard,244.0,-0.001,0.066,,,,,-0.066,,-5,5,0.046,0.954,27,31,28,32,3,3,8.0,1.0,5.0,1.0,2.38,1.57,-1.57,32.4,,,,,,Changeup,False
FC,2026-06-27,92.6,-1.82,5.79,"Vásquez, Randy",660271,681190,,ball,,,,,11.0,,R,L,R,SD,LAD,B,,,0,0,2026,0.1,0.9,-1.0734717830706475,3.340812398902193,,,690976.0,1,6,Top,,,,,,,1.652164780668434,-134.9988436559717,-2.374582342760875,0.929606164548357,24.965323833934026,-20.8104841011656,3.369201116,1.700344488,,,,93.2,2674.0,6.2,823283,666023,657757,695238,592518,593428,669392,701538,665487,54.3,,,,,,,,46,1,Cutter,1,6,6,1,6,1,6,1,Infield shade,Standard,194.0,-0.001,0.034,,,,,-0.034,,-5,5,0.047,0.953,27,31,28,32,3,3,8.0,1.0,5.0,1.0,1.72,-0.1,0.1,32.0,,,,,,Cutter,False
ST,2026-06-27,85.2,-1.96,5.61,"Vásquez, Randy",690976,681190,walk,ball,,,,,13.0,Alex Freeland walks.,R,L,R,SD,LAD,B,,,3,2,2026,0.63,0.01,-1.6149140683781789,1.0002936031890082,,,,1,6,Top,,,,,,,-0.4734352818944304,-124.17030103761816,-4.360492423127482,6.591846014421964,22.951158555633015,-31.46217940225033,3.184899934,1.607332677,,,,85.3,3059.0,6.1,823283,666023,657757,695238,592518,593428,669392,701538,665487,54.39,,0.698418,0.7,1.0,0.0,0.0,,45,7,Sweeper,1,6,6,1,6,1,6,1,Infield shade,Standard,101.0,-0.004,0.339,,,,,-0.339,,-5,5,0.051,0.949,27,24,28,25,2,2,8.0,1.0,5.0,1.0,3.1,-0.63,0.63,28.1,,,,,,Sweeper,True
CU,2026-06-27,83.1,-1.89,5.87,"Vásquez, Randy",690976,681190,,ball,,,,,11.0,,R,L,R,SD,LAD,B,,,2,2,2026,1.06,-0.5,-1.6205955838121109,2.6165002169189084,,,,1,6,Top,,,,,,,-1.497236590475755,-121.14610945697083,0.1234467663809022,10.826644102266917,21.435696736186394,-37.33763650313345,3.184899934,1.607332677,,,,83.2,3233.0,6.0,823283,666023,657757,695238,592518,593428,669392,701538,665487,54.46,,,,,,,,45,6,Curveball,1,6,6,1,6,1,6,1,Infield shade,Standard,81.0,-0.001,0.112,,,,,-0.112,,-5,5,0.052,0.948,27,24,28,25,2,2,8.0,1.0,5.0,1.0,3.76,-1.06,1.06,34.8,,,,,,Curveball,False
CU,2026-06-27,84.6,-1.78,5.83,"Vásquez, Randy",690976,681190,,foul,,,,,3.0,,R,L,R,SD,LAD,S,,,2,2,2026,0.99,0.06,0.4914573929129349,2.7907497683203455,,,,1,6,Top,,,,,,,3.2396007538397473,-123.35210981003208,-0.7694481379311895,9.602834659896889,21.382481918147064,-31.629323078057077,3.184899934,1.607332677,125.0,71.1,12.0,85.1,3188.0,6.2,823283,666023,657757,695238,592518,593428,669392,701538,665487,54.29,,,,,,,,45,5,Curveball,1,6,6,1,6,1,6,1,Infield shade,Standard,77.0,0.0,0.0,70.3,6.4,,,0.0,88.0,-5,5,0.052,0.948,27,24,28,25,2,2,8.0,1.0,5.0,1.0,3.08,-0.99,0.99,36.9,4.752726164970943,1.86530534671115,25.397050863799542,29.985215636225252,33.072659796374325,Curveball,False
FF,2026-06-27,95.0,-1.89,5.76,"Vásquez, Randy",690976,681190,,foul,,,,,1.0,,R,L,R,SD,LAD,S,,,2,1,2026,-1.0,1.26,-0.4134410282699909,2.778992411033287,,,,1,6,Top,,,,,,,6.092540055413412,-138.22324979964102,-4.8572859944507805,-14.186625766790812,28.221735944592183,-15.131361161782385,3.184899934,1.607332677,173.0,78.6,72.0,95.1,2476.0,6.2,823283,666023,657757,695238,592518,593428,669392,701538,665487,54.34,,,,,,,,45,4,4-Seam Fastball,1,6,6,1,6,1,6,1,Infield shade,Standard,220.0,0.0,-0.075,72.0,7.1,,,0.075,88.0,-5,5,0.052,0.948,27,24,28,25,2,2,8.0,1.0,5.0,1.0,1.25,1.0,-1.0,31.7,13.909852602982012,-1.8197677221234505,24.48956874880187,42.10797038973915,33.177694213306495,Four-seam,False
CH,2026-06-27,89.2,-1.8,5.69,"Vásquez, Randy",690976,681190,,ball,,,,,13.0,,R,L,R,SD,LAD,B,,,1,1,2026,-1.49,0.61,-0.3155429417595088,0.5285939970866722,,,,1,6,Top,,,,,,,6.800573731781545,-129.61639284963843,-7.722179325363125,-18.203985754602908,25.98437677739138,-23.927922619777902,3.184899934,1.607332677,,,,89.5,1966.0,6.4,823283,666023,657757,695238,592518,593428,669392,701538,665487,54.06,,,,,,,,45,3,Changeup,1,6,6,1,6,1,6,1,Infield shade,Standard,241.0,0.0,0.056,,,,,-0.056,,-5,5,0.052,0.948,27,24,28,25,2,2,8.0,1.0,5.0,1.0,2.26,1.49,-1.49,29.4,,,,,,Changeup,False
FF,2026-06-27,94.4,-1.89,5.71,"Vásquez, Randy",690976,681190,,ball,,,,,13.0,,R,L,R,SD,LAD,B,,,0,1,2026,-0.81,1.29,-1.518630153300986,2.348900948242502,,,,1,6,Top,,,,,,,2.788001082605273,-137.5036561049904,-5.8370893217490325,-10.928942537777148,27.990134846073325,-14.67060802637344,3.184899934,1.607332677,,,,94.8,2327.0,6.3,823283,666023,657757,695238,592518,593428,669392,701538,665487,54.23,,,,,,,,45,2,4-Seam Fastball,1,6,6,1,6,1,6,1,Infield shade,Standard,218.0,0.0,0.032,,,,,-0.032,,-5,5,0.052,0.948,27,24,28,25,2,2,8.0,1.0,5.0,1.0,1.24,0.81,-0.81,30.6,,,,,,Four-seam,False
FF,2026-06-27,95.8,-1.9,5.74,"Vásquez, Randy",690976,681190,,called_strike,,,,,7.0,,R,L,R,SD,LAD,S,,,0,0,2026,-0.74,1.47,-0.4115645184604083,2.0734438096087704,,,,1,6,Top,,,,,,,5.585675764585308,-139.2726207273569,-7.265613546118994,-10.856851079939249,29.796750730999808,-11.531598382334838,3.184899934,1.607332677,,,,96.0,2416.0,6.3,823283,666023,657757,695238,592518,593428,669392,701538,665487,54.15,,,,,,,,45,1,4-Seam Fastball,1,6,6,1,6,1,6,1,Infield shade,Standard,216.0,0.0,-0.041,,,,,0.041,,-5,5,0.052,0.948,27,24,28,25,2,2,8.0,1.0,5.0,1.0,1.0,0.74,-0.74,32.1,,,,,,Four-seam,False
FC,2026-06-27,91.0,-1.84,5.79,"Vásquez, Randy",687221,681190,home_run,hit_into_play,,,,,5.0,Dalton Rushing homers (9) on a fly ball to right center field.,R,L,R,SD,LAD,X,,fly_ball,2,2,2026,0.21,0.58,0.0408654689647631,2.1067519275275495,,,,1,6,Top,186.54,49.03,,,,,4.2047877681422685,-132.5949534082806,-4.485138741448455,1.7582938005537274,23.560595250199384,-24.611101394500317,3.191920932,1.610875984,399.0,104.1,35.0,91.5,2691.0,6.2,823283,666023,657757,695238,592518,593428,669392,701538,665487,54.33,0.66,1.323,2.0,1.0,0.0,3.0,6.0,44,6,Cutter,1,5,5,1,6,1,6,1,Infield shade,Standard,176.0,-0.038,1.611,74.6,8.0,,2.583,-1.611,104.1,-4,4,0.09,0.91,27,25,28,25,2,2,8.0,1.0,5.0,2.0,2.13,-0.21,0.21,33.7,15.768897716065922,-12.881324737742382,36.68902181086877,36.01600869464755,37.65378305775661,Cutter,True
CH,2026-06-27,89.5,-1.83,5.75,"Vásquez, Randy",687221,681190,,ball,,,,,14.0,,R,L,R,SD,LAD,B,,,1,2,2026,-1.55,0.44,0.2601855916930224,0.7984225672233003,,,,1,6,Top,,,,,,,8.3665481920753,-129.91926811545972,-6.852742611990497,-19.299745190694537,27.09023013671938,-25.858915965742135,3.191920932,1.610875984,,,,89.2,2101.0,6.2,823283,666023,657757,695238,592518,593428,669392,701538,665487,54.3,,,,,,,,44,5,Changeup,1,5,5,1,5,1,5,1,Infield shade,Standard,240.0,0.0,0.051,,,,,-0.051,,-4,4,0.09,0.91,27,25,28,25,2,2,8.0,1.0,5.0,2.0,2.41,1.55,-1.55,36.7,,,,,,Changeup,False
CU,2026-06-27,84.1,-2.02,5.79,"Vásquez, Randy",687221,681190,,foul,,,,,8.0,,R,L,R,SD,LAD,S,,,1,2,2026,0.84,-0.41,-0.0473961555156764,1.7836995132212348,,,,1,6,Top,,,,,,,2.8111831545383352,-122.58204025567257,-1.8693855512262405,7.948060534707281,23.964731150971247,-36.13854627302762,3.191920932,1.610875984,3.0,64.5,-34.0,84.2,3163.0,6.3,823283,666023,657757,695238,592518,593428,669392,701538,665487,54.24,,,,,,,,44,4,Curveball,1,5,5,1,5,1,5,1,Infield shade,Standard,80.0,0.0,0.0,71.4,8.3,,,0.0,88.0,-4,4,0.09,0.91,27,25,28,25,2,2,8.0,1.0,5.0,2.0,3.62,-0.84,0.84,33.3,25.27800411450679,-10.712369249328036,36.77665374902452,37.25288355727761,39.20980018886467,Curveball,False
FF,2026-06-27,95.6,-1.75,5.75,"Vásquez, Randy",687221,681190,,ball,,,,,12.0,,R,L,R,SD,LAD,B,,,0,2,2026,-0.78,1.26,1.2104676822062677,2.6472999787281086,,,,1,6,Top,,,,,,,9.46938296640139,-138.86698094821904,-5.266753579995059,-12.169891857145716,29.128337614657436,-14.783177081083744,3.191920932,1.610875984,,,,95.6,2416.0,6.3,823283,666023,657757,695238,592518,593428,669392,701538,665487,54.23,,,,,,,,44,3,4-Seam Fastball,1,5,5,1,5,1,5,1,Infield shade,Standard,218.0,-0.001,0.019,,,,,-0.019,,-4,4,0.091,0.909,27,25,28,25,2,2,8.0,1.0,5.0,2.0,1.23,0.78,-0.78,33.6,,,,,,Four-seam,False
FC,2026-06-27,90.1,-1.7,5.85,"Vásquez, Randy",687221,681190,,foul,,,,,5.0,,R,L,R,SD,LAD,S,,,0,1,2026,0.18,0.58,0.0093580804417181,2.6829342272486114,,,,1,6,Top,,,,,,,3.782625753061823,-131.2841889974716,-3.057374121094088,1.448516650411103,23.17029242038967,-25.06786233252043,3.191920932,1.610875984,197.0,76.0,58.0,90.5,2733.0,6.1,823283,666023,657757,695238,592518,593428,669392,701538,665487,54.42,,,,,,,,44,2,Cutter,1,5,5,1,5,1,5,1,Infield shade,Standard,177.0,0.001,-0.057,67.8,6.7,,,0.057,88.0,-4,4,0.09,0.91,27,25,28,25,2,2,8.0,1.0,5.0,2.0,2.19,-0.18,0.18,36.5,4.194361071366188,11.449134190351888,34.66723365449191,35.84210797466784,25.867259933363485,Cutter,False
FF,2026-06-27,94.7,-1.95,5.71,"Vásquez, Randy",687221,681190,,foul,,,,,2.0,,R,L,R,SD,LAD,S,,,0,0,2026,-1.0,1.08,-0.1531625760482906,2.8375263728610474,,,,1,6,Top,,,,,,,6.888750992233386,-137.86780445417205,-4.14232455222119,-14.23727645704477,27.745946642313815,-17.579923812560022,3.191920932,1.610875984,217.0,76.0,24.0,95.1,2421.0,6.3,823283,666023,657757,695238,592518,593428,669392,701538,665487,54.21,,,,,,,,44,1,4-Seam Fastball,1,5,5,1,5,1,5,1,Infield shade,Standard,218.0,0.001,-0.041,71.0,7.0,,,0.041,88.0,-4,4,0.089,0.911,27,25,28,25,2,2,8.0,1.0,5.0,2.0,1.44,1.0,-1.0,31.6,4.810911916368834,11.396691295505592,33.82039292673883,38.32416294485552,19.818652013643245,Four-seam,False
FC,2026-06-27,92.5,-1.89,5.84,"Vásquez, Randy",663656,681190,home_run,hit_into_play,,,,,6.0,Kyle Tucker homers (7) on a fly ball to right field. Tommy Edman scores.,R,L,R,SD,LAD,X,,fly_ball,3,2,2026,0.08,0.52,0.2905071477319867,2.4945850773750218,669242.0,,,1,6,Top,226.7,72.06,,,,,5.30445884015568,-134.69645869664106,-3.7446128279559665,0.0341293011552492,25.047165738502688,-25.241562123902796,3.350770997,1.691043307,398.0,106.7,27.0,92.9,2625.0,6.2,823283,666023,657757,695238,592518,593428,669392,701538,665487,54.33,0.954,1.931,2.0,1.0,0.0,3.0,6.0,43,9,Cutter,1,3,3,1,5,1,5,1,Strategic,Standard,186.0,-0.088,1.021,74.6,7.0,,3.769,-1.021,106.7,-2,2,0.177,0.823,27,29,28,29,2,2,8.0,1.0,5.0,1.0,2.11,-0.08,0.08,34.3,7.721200532636494,-14.852383128139758,36.05297304998277,32.68864029539449,34.68696675301226,Cutter,True
CU,2026-06-27,85.7,-1.85,5.85,"Vásquez, Randy",663656,681190,,foul,,,,,9.0,,R,L,R,SD,LAD,S,,,3,2,2026,0.86,-0.24,0.4588504167930022,1.7116693719654217,669242.0,,,1,6,Top,,,,,,,3.62478075208249,-124.86143626385343,-2.826111830384572,8.306292579372975,23.656740046303504,-34.38582206070068,3.350770997,1.691043307,3.0,76.4,-33.0,85.9,3132.0,6.2,823283,666023,657757,695238,592518,593428,669392,701538,665487,54.27,,,,,,,,43,8,Curveball,1,3,3,1,3,1,3,1,Strategic,Standard,75.0,0.0,0.0,68.8,7.3,,,0.0,88.0,-2,2,0.177,0.823,27,29,28,29,2,2,8.0,1.0,5.0,1.0,3.32,-0.86,0.86,34.5,13.513809101165515,-2.9606893119173647,42.01345029610393,30.143517163697183,30.58746804169706,Curveball,False
CU,2026-06-27,83.7,-1.92,5.9,"Vásquez, Randy",663656,681190,,foul,,,,,13.0,,R,L,R,SD,LAD,S,,,3,2,2026,0.87,-0.27,-0.9201162443370576,2.0969865997281225,669242.0,,,1,6,Top,,,,,,,0.5334334279756534,-121.9961337492911,-1.6194006553048443,8.64975250822679,23.320486615080107,-34.769560799207085,3.350770997,1.691043307,200.0,71.2,49.0,83.7,3156.0,6.1,823283,666023,657757,695238,592518,593428,669392,701538,665487,54.39,,,,,,,,43,7,Curveball,1,3,3,1,3,1,3,1,Strategic,Standard,76.0,0.0,0.0,65.5,7.1,,,0.0,88.0,-2,2,0.177,0.823,27,29,28,29,2,2,8.0,1.0,5.0,1.0,3.5,-0.87,0.87,33.8,-2.261450293354286,11.781935171599883,36.68915579977099,46.11390551762649,18.81068469871606,Curveball,False
FF,2026-06-27,96.2,-1.8,5.86,"Vásquez, Randy",663656,681190,,ball,,,,,14.0,,R,L,R,SD,LAD,B,,,2,2,2026,-1.02,1.15,0.8947065856430818,1.4746978929060484,669242.0,,,1,6,Top,,,,,,,9.396998010697516,-139.68186208218708,-8.490555551856197,-15.342562872575767,28.650423199278773,-15.371778115599083,3.350770997,1.691043307,,,,96.5,2523.0,6.4,823283,666023,657757,695238,592518,593428,669392,701538,665487,54.11,,,,,,,,43,6,4-Seam Fastball,1,3,3,1,3,1,3,1,Strategic,Standard,212.0,-0.009,0.092,,,,,-0.092,,-2,2,0.186,0.814,27,29,28,29,2,2,8.0,1.0,5.0,1.0,1.31,1.02,-1.02,33.9,,,,,,Four-seam,False
FF,2026-06-27,95.9,-1.78,5.92,"Vásquez, Randy",663656,681190,,foul,,,,,2.0,,R,L,R,SD,LAD,S,,,2,2,2026,-0.67,1.37,-0.265326418201567,3.1753653258027783,669242.0,,,1,6,Top,,,,,,,5.483484825885258,-139.60365146478256,-4.62274944235087,-10.027546670386112,30.653054067626456,-13.365438380662916,3.350770997,1.691043307,,,,95.9,2448.0,6.2,823283,666023,657757,695238,592518,593428,669392,701538,665487,54.31,,,,,,,,43,5,4-Seam Fastball,1,3,3,1,3,1,3,1,Strategic,Standard,216.0,0.0,0.0,70.2,6.4,,,0.0,,-2,2,0.186,0.814,27,29,28,29,2,2,8.0,1.0,5.0,1.0,1.1,0.67,-0.67,32.6,3.716529254044566,5.487988680658796,33.23527279039284,38.66459982871388,20.33915860600209,Four-seam,False
FF,2026-06-27,95.5,-1.82,5.84,"Vásquez, Randy",663656,681190,,foul,,,,,9.0,,R,L,R,SD,LAD,S,,,2,1,2026,-0.79,1.42,0.4805885873242533,2.059124513796854,669242.0,,,1,6,Top,,,,,,,7.767263173967624,-138.84086300105642,-7.3678906003685185,-11.909034796273676,28.74993092797343,-12.365164046899531,3.350770997,1.691043307,228.0,72.0,35.0,95.7,2573.0,6.3,823283,666023,657757,695238,592518,593428,669392,701538,665487,54.23,,,,,,,,43,4,4-Seam Fastball,1,3,3,1,3,1,3,1,Strategic,Standard,217.0,0.008,-0.114,73.3,7.5,,,0.114,88.0,-2,2,0.178,0.822,27,29,28,29,2,2,8.0,1.0,5.0,1.0,1.07,0.79,-0.79,30.9,9.844595261104988,-7.237909512861301,47.184054730934825,29.88061145437832,25.39670563218047,Four-seam,False
FF,2026-06-27,95.3,-2.04,5.82,"Vásquez, Randy",663656,681190,,ball,,,,,11.0,,R,L,R,SD,LAD,B,,,1,1,2026,-1.04,1.31,-1.610871340907476,2.6453282519411805,669242.0,,,1,6,Top,,,,,,,3.486322960143222,-138.77826990065884,-5.504941026475457,-14.268154075598533,29.823575721723767,-14.269284481913829,3.350770997,1.691043307,,,,95.2,2522.0,6.1,823283,666023,657757,695238,592518,593428,669392,701538,665487,54.4,,,,,,,,43,3,4-Seam Fastball,1,3,3,1,3,1,3,1,Strategic,Standard,223.0,-0.003,0.019,,,,,-0.019,,-2,2,0.181,0.819,27,29,28,29,2,2,8.0,1.0,5.0,1.0,1.19,1.04,-1.04,31.4,,,,,,Four-seam,False
CH,2026-06-27,89.7,-1.97,5.7,"Vásquez, Randy",663656,681190,,ball,,,,,14.0,,R,L,R,SD,LAD,B,,,0,1,2026,-1.49,0.75,0.352763986911377,1.2393592477737487,669242.0,,,1,6,Top,,,,,,,8.84577335146922,-130.27723356777852,-6.407906013203818,-18.776906799936505,25.564048478091895,-22.51052498404124,3.350770997,1.691043307,,,,89.8,2074.0,6.3,823283,666023,657757,695238,592518,593428,669392,701538,665487,54.19,,,,,,,,43,2,Changeup,1,3,3,1,3,1,3,1,Strategic,Standard,239.0,-0.005,0.023,,,,,-0.023,,-2,2,0.186,0.814,27,29,28,29,2,2,8.0,1.0,5.0,1.0,2.08,1.49,-1.49,30.5,,,,,,Changeup,False
FC,2026-06-27,91.0,-1.88,5.83,"Vásquez, Randy",663656,681190,,foul,,,,,4.0,,R,L,R,SD,LAD,S,,,0,0,2026,0.23,0.56,-0.3327563298658813,2.445718745165653,669242.0,,,1,6,Top,,,,,,,3.338420786274318,-132.63880215695627,-3.682457362827712,2.0785108304753472,24.80039514551634,-24.953129255643876,3.350770997,1.691043307,3.0,69.3,-38.0,91.4,2710.0,6.1,823283,666023,657757,695238,592518,593428,669392,701538,665487,54.35,,,,,,,,43,1,Cutter,1,3,3,1,3,1,3,1,Strategic,Standard,184.0,0.007,-0.05,68.2,7.3,,,0.05,88.0,-2,2,0.179,0.821,27,29,28,29,2,2,8.0,1.0,5.0,1.0,2.15,-0.23,0.23,32.3,19.19215957585896,-1.1642099559234609,31.584546021211356,39.45020911677846,26.20509999608368,Cutter,False
FC,2026-06-27,90.4,-1.87,5.89,"Vásquez, Randy",669242,681190,triple,hit_into_play,,,,,6.0,Tommy Edman triples (1) on a sharp line drive to right fielder Fernando Tatis Jr. Max Muncy scores.,R,L,R,SD,LAD,X,9.0,line_drive,0,1,2026,0.35,0.73,0.3915389040317626,2.534430025401388,,571970.0,,1,6,Top,217.78,101.65,,,,,4.789957261116819,-131.6149051903906,-3.8177452972074577,3.150176540546909,25.677383290881632,-23.08555210276698,3.102403215,1.565698819,329.0,105.0,21.0,90.4,2839.0,6.1,823283,666023,657757,695238,592518,593428,669392,701538,665487,54.42,0.72,1.077,1.6,1.0,1.0,2.0,6.0,42,2,Cutter,1,2,2,1,3,1,3,1,Infield shade,Standard,177.0,-0.144,1.014,70.6,6.9,,1.864,-1.014,105.0,-1,1,0.323,0.677,27,31,28,31,2,2,8.0,1.0,5.0,1.0,2.04,-0.35,0.35,33.1,10.548780000625577,-13.50884110408346,27.714605124210447,31.265573842734685,32.85419031676713,Cutter,True
CU,2026-06-27,83.3,-1.94,5.85,"Vásquez, Randy",669242,681190,,foul,,,,,13.0,,R,L,R,SD,LAD,S,,,0,0,2026,1.0,-0.45,-0.0920867995773428,1.0516491452614227,,571970.0,,1,6,Top,,,,,,,2.178650503136736,-121.34970844955794,-3.411683515530716,9.431100214975377,24.46696757632092,-36.1077903977302,3.102403215,1.565698819,,,,82.9,3189.0,6.1,823283,666023,657757,695238,592518,593428,669392,701538,665487,54.45,,,,,,,,42,1,Curveball,1,2,2,1,2,1,2,1,Infield shade,Standard,84.0,0.006,-0.045,69.0,7.6,,,0.045,,-1,1,0.317,0.683,27,31,28,31,2,2,8.0,1.0,5.0,1.0,3.73,-1.0,1.0,33.9,21.088402637894823,-8.528393661691718,32.836625389038026,38.35662626824079,37.93977910696179,Curveball,False
CU,2026-06-27,83.1,-1.94,5.89,"Vásquez, Randy",571970,681190,field_error,hit_into_play,,,,,7.0,Max Muncy reaches on a fielding error by second baseman Will Wagner. Freddie Freeman scores. Max Muncy to 2nd.,R,L,R,SD,LAD,X,4.0,ground_ball,1,0,2026,0.88,-0.35,-0.5386858442148933,1.9049316407523929,,518692.0,,1,6,Top,151.25,154.12,,,,,1.399129101548371,-121.05826940562822,-1.6831212885213422,8.340044591596692,25.400567267451116,-35.521148159120926,3.127854331,1.578543307,58.0,95.2,2.0,82.5,3181.0,6.0,823283,666023,657757,695238,592518,593428,669392,701538,665487,54.48,0.429,0.415,0.9,1.0,0.0,0.0,4.0,41,2,Curveball,1,1,1,1,2,1,2,1,Standard,Standard,78.0,-0.149,0.458,77.4,7.0,,0.507,-0.458,95.2,0,0,0.466,0.534,27,35,28,36,2,2,8.0,1.0,5.0,1.0,3.67,-0.88,0.88,36.4,14.989067372719642,1.3965530857822048,33.27795825961638,44.17720687475297,41.76713879657187,Curveball,True
CU,2026-06-27,83.0,-1.98,5.88,"Vásquez, Randy",571970,681190,,ball,,,,,14.0,,R,L,R,SD,LAD,B,,,0,0,2026,0.93,-0.31,1.1060855209604323,1.2246191506323283,,518692.0,,1,6,Top,,,,,,,5.105563528378203,-120.86423022009592,-3.3015595618544715,8.085274086856925,23.88522289695971,-34.72984021714196,3.127854331,1.578543307,,,,82.6,3118.0,6.0,823283,666023,657757,695238,592518,593428,669392,701538,665487,54.5,,,,,,,,41,1,Curveball,1,1,1,1,1,1,1,1,Infield shade,Standard,75.0,-0.003,0.04,,,,,-0.04,,0,0,0.469,0.531,27,35,28,36,2,2,8.0,1.0,5.0,1.0,3.61,-0.93,0.93,35.6,,,,,,Curveball,False
SI,2026-06-27,95.9,-1.87,5.87,"Vásquez, Randy",605141,681190,field_out,hit_into_play,,,,,7.0,"Mookie Betts grounds out, third baseman Manny Machado to first baseman Gavin Sheets.",R,R,R,SD,LAD,X,5.0,ground_ball,1,2,2026,-1.6,0.91,-0.8226221802390425,2.0144142292694616,,518692.0,,0,6,Top,97.51,169.32,,,,,6.403754037752156,-139.48139460752128,-6.458248641704001,-22.367435097339477,30.372161649685328,-19.003872297683877,3.096259843,1.562598425,41.0,98.1,-1.0,95.8,2453.0,6.2,823283,666023,657757,695238,592518,593428,669392,701538,665487,54.31,0.432,0.389,0.0,1.0,0.0,0.0,2.0,40,4,Sinker,1,1,1,1,1,1,1,1,Standard,Standard,220.0,0.043,-0.122,83.8,6.8,,0.473,0.122,98.1,0,0,0.426,0.574,27,33,28,34,2,2,8.0,1.0,5.0,1.0,1.56,1.6,1.6,30.8,-0.975369274726041,-41.29824391324725,67.39354934068805,29.54591602043508,35.92060561791885,Sinker,True
SL,2026-06-27,85.6,-1.99,5.77,"Vásquez, Randy",605141,681190,,ball,,,,,14.0,,R,R,R,SD,LAD,B,,,0,2,2026,0.77,0.22,1.4345698754055598,2.004953845194624,,518692.0,,0,6,Top,,,,,,,6.3688925034034,-124.57441941227331,-2.853118828482258,6.840618161526482,23.98262127122808,-29.515919806177468,3.096259843,1.562598425,,,,85.4,3070.0,6.1,823283,666023,657757,695238,592518,593428,669392,701538,665487,54.43,,,,,,,,40,3,Slider,1,1,1,1,1,1,1,1,Standard,Standard,85.0,-0.006,0.019,,,,,-0.019,,0,0,0.432,0.568,27,33,28,34,2,2,8.0,1.0,5.0,1.0,2.88,-0.77,-0.77,29.9,,,,,,Slider,False
SL,2026-06-27,85.5,-2.08,5.74,"Vásquez, Randy",605141,681190,,called_strike,,,,,1.0,,R,R,R,SD,LAD,S,,,0,1,2026,0.64,0.53,-0.3078747628013992,3.1719387018054963,,518692.0,,0,6,Top,,,,,,,2.8103207367335585,-124.65451773501157,-0.726864266330548,6.119861524046849,23.669224307020016,-26.689652855362603,3.096259843,1.562598425,,,,85.5,3042.0,6.1,823283,666023,657757,695238,592518,593428,669392,701538,665487,54.43,,,,,,,,40,2,Slider,1,1,1,1,1,1,1,1,Standard,Standard,97.0,0.015,-0.064,,,,,0.064,,0,0,0.417,0.583,27,33,28,34,2,2,8.0,1.0,5.0,1.0,2.56,-0.64,-0.64,29.8,,,,,,Slider,False
FC,2026-06-27,90.9,-1.99,5.8,"Vásquez, Randy",605141,681190,,called_strike,,,,,14.0,,R,R,R,SD,LAD,S,,,0,0,2026,-0.08,0.92,0.8791084829120481,2.316907383912803,,518692.0,,0,6,Top,,,,,,,7.236545697644015,-132.1923239567477,-4.644960433271847,-2.318738981475509,25.862684877623053,-20.52524582943143,3.096259843,1.562598425,,,,90.8,2694.0,6.1,823283,666023,657757,695238,592518,593428,669392,701538,665487,54.42,,,,,,,,40,1,Cutter,1,1,1,1,1,1,1,1,Standard,Standard,180.0,0.009,-0.035,,,,,0.035,,0,0,0.408,0.592,27,33,28,34,2,2,8.0,1.0,5.0,1.0,1.82,0.08,0.08,29.3,,,,,,Cutter,False
FC,2026-06-27,90.8,-2.07,5.76,"Vásquez, Randy",518692,681190,double,hit_into_play,,,,,8.0,Freddie Freeman doubles (21) on a line drive to center fielder Jackson Merrill.,R,L,R,SD,LAD,X,8.0,line_drive,3,2,2026,0.2,0.77,-0.2289424676517336,2.180084194551174,,,,0,6,Top,163.41,48.16,,,,,4.088612128133767,-132.2682821602869,-4.5530833936895,1.6140241380618985,24.932189229023887,-22.433327427002272,3.382365486,1.706988189,174.0,109.6,10.0,90.9,2764.0,6.0,823283,666023,657757,695238,592518,593428,669392,701538,665487,54.48,0.911,0.941,1.25,1.0,1.0,1.0,5.0,39,6,Cutter,1,1,1,1,1,1,1,1,Infield shade,Standard,180.0,-0.084,0.627,,,,1.244,-0.627,109.6,0,0,0.492,0.508,27,36,28,37,2,2,8.0,1.0,5.0,1.0,1.97,-0.2,0.2,35.5,,,,,,Cutter,True
FF,2026-06-27,95.8,-1.8,5.92,"Vásquez, Randy",518692,681190,,ball,,,,,13.0,,R,L,R,SD,LAD,B,,,2,2,2026,-0.94,1.33,-0.7983411744146987,1.5588140746069252,,,,0,6,Top,,,,,,,4.750749861048692,-139.28172114580343,-8.670895389612445,-13.333810358172554,30.84079924655468,-13.067504333728015,3.382365486,1.706988189,,,,95.2,2474.0,6.0,823283,666023,657757,695238,592518,593428,669392,701538,665487,54.54,,,,,,,,39,5,4-Seam Fastball,1,1,1,1,1,1,1,1,Infield shade,Standard,222.0,-0.013,0.113,,,,,-0.113,,0,0,0.505,0.495,27,36,28,37,2,2,8.0,1.0,5.0,1.0,1.15,0.94,-0.94,33.1,,,,,,Four-seam,False
ST,2026-06-27,85.3,-1.96,5.78,"Vásquez, Randy",518692,681190,,ball,,,,,14.0,,R,L,R,SD,LAD,B,,,1,2,2026,0.81,0.36,1.387487052492729,0.8933914192571248,,,,0,6,Top,,,,,,,6.066886098591673,-124.024715294771,-5.635459243198393,7.181453156107316,24.423694728257793,-27.50747933011019,3.382365486,1.706988189,,,,84.7,2946.0,5.9,823283,666023,657757,695238,592518,593428,669392,701538,665487,54.57,,,,,,,,39,4,Sweeper,1,1,1,1,1,1,1,1,Infield shade,Standard,98.0,-0.005,0.046,,,,,-0.046,,0,0,0.51,0.49,27,36,28,37,2,2,8.0,1.0,5.0,1.0,2.77,-0.81,0.81,30.5,,,,,,Sweeper,False
FC,2026-06-27,90.9,-1.84,5.87,"Vásquez, Randy",518692,681190,,foul,,,,,5.0,,R,L,R,SD,LAD,S,,,1,1,2026,0.17,0.88,0.1335110020059959,2.5539438428689767,,,,0,6,Top,,,,,,,4.466734558770628,-132.4157975406116,-4.174951344744189,1.2711965870989956,23.89643020076793,-21.118421310623223,3.382365486,1.706988189,238.0,83.4,51.0,90.8,2723.0,5.8,823283,666023,657757,695238,592518,593428,669392,701538,665487,54.67,,,,,,,,39,3,Cutter,1,1,1,1,1,1,1,1,Infield shade,Standard,182.0,0.008,-0.06,72.6,6.7,,,0.06,88.0,0,0,0.502,0.498,27,36,28,37,2,2,8.0,1.0,5.0,1.0,1.84,-0.17,0.17,33.4,9.266067936411435,2.5877363631882795,44.93896881867511,36.88655215939612,23.86623312596953,Cutter,False
CU,2026-06-27,83.5,-1.99,5.88,"Vásquez, Randy",518692,681190,,called_strike,,,,,1.0,,R,L,R,SD,LAD,S,,,1,0,2026,0.83,-0.38,-0.6365890534059372,2.891164784091929,,,,0,6,Top,,,,,,,1.4112814813901493,-121.75399792504057,0.4528443778161723,8.04434863803589,22.37483704903728,-36.28220323422714,3.382365486,1.706988189,,,,83.3,3103.0,5.9,823283,666023,657757,695238,592518,593428,669392,701538,665487,54.58,,,,,,,,39,2,Curveball,1,1,1,1,1,1,1,1,Infield shade,Standard,80.0,0.007,-0.055,,,,,0.055,,0,0,0.495,0.505,27,36,28,37,2,2,8.0,1.0,5.0,1.0,3.62,-0.83,0.83,32.5,,,,,,Curveball,False
FC,2026-06-27,91.1,-1.82,5.98,"Vásquez, Randy",518692,681190,,ball,,,,,12.0,,R,L,R,SD,LAD,B,,,0,0,2026,0.34,0.76,1.0667076179258546,4.069388580346895,,,,0,6,Top,,,,,,,6.368221061864381,-132.7109206403376,-0.4719362547024521,2.8587696975808976,25.157541882921787,-23.188346553468705,3.382365486,1.706988189,,,,91.0,2658.0,5.9,823283,666023,657757,695238,592518,593428,669392,701538,665487,54.57,,,,,,,,39,1,Cutter,1,1,1,1,1,1,1,1,Infield shade,Standard,183.0,-0.005,0.042,,,,,-0.042,,0,0,0.5,0.5,27,36,28,37,2,2,8.0,1.0,5.0,1.0,1.95,-0.34,0.34,34.3,,,,,,Cutter,False
ST,2026-06-27,85.7,-1.92,5.79,"Vásquez, Randy",681624,681190,field_out,hit_into_play,,,,,5.0,Andy Pages lines out to right fielder Fernando Tatis Jr.,R,R,R,SD,LAD,X,9.0,line_drive,0,0,2026,0.71,-0.06,-0.2407586017986346,2.179358061234259,,,,2,5,Top,180.9,104.53,,,,,2.4340020328822924,-124.8733798355834,-1.9783864478123996,7.058100728291976,23.286498797534342,-32.586845790914055,3.23667979,1.633464567,273.0,84.3,24.0,85.3,3036.0,5.8,823283,666023,657757,695238,592518,593428,669392,701538,665487,54.68,0.263,0.246,0.0,1.0,0.0,0.0,3.0,33,1,Sweeper,0,1,1,0,1,0,1,0,Standard,Standard,99.0,0.011,-0.262,75.8,7.3,,0.328,0.262,88.0,-1,1,0.404,0.596,27,25,28,26,2,2,8.0,1.0,5.0,1.0,3.13,-0.71,-0.71,35.1,-1.8899413464556405,3.924144947040468,45.64614375467556,34.10739675590521,21.56291016186611,Sweeper,True
FC,2026-06-27,90.1,-1.82,5.91,"Vásquez, Randy",660271,681190,field_out,hit_into_play,,,,,5.0,Shohei Ohtani flies out sharply to left fielder Samad Taylor.,R,L,R,SD,LAD,X,7.0,fly_ball,2,2,2026,0.06,0.57,0.0082278729442722,2.410815408764155,,,,1,5,Top,54.42,95.02,,,,,4.341751765640636,-131.2578566923197,-3.8344111988471337,-0.0698419865665312,24.036122291596644,-24.97392440561979,3.369201116,1.700344488,312.0,104.8,46.0,90.3,2868.0,6.0,823283,666023,657757,695238,592518,593428,669392,701538,665487,54.47,0.083,0.152,0.0,1.0,0.0,0.0,5.0,32,5,Cutter,0,1,1,0,1,0,1,0,Infield shade,Standard,165.0,0.015,-0.233,80.8,8.0,,0.3,0.233,104.8,-1,1,0.389,0.611,27,31,28,32,2,2,8.0,1.0,5.0,1.0,2.2,-0.06,0.06,34.2,26.33028354745856,6.454675819551983,33.09173348762735,39.08964368740839,28.51571113022391,Cutter,True
FC,2026-06-27,92.4,-2.13,5.78,"Vásquez, Randy",660271,681190,,ball,,,,,13.0,,R,L,R,SD,LAD,B,,,1,2,2026,-0.19,0.59,-1.32457360504915,1.7660504922221405,,,,1,5,Top,,,,,,,2.446298675669183,-134.6344312772257,-5.532752135571953,-2.8622313122932623,27.15692748497856,-24.03896277349712,3.369201116,1.700344488,,,,92.4,2658.0,6.1,823283,666023,657757,695238,592518,593428,669392,701538,665487,54.43,,,,,,,,32,4,Cutter,0,1,1,0,1,0,1,0,Infield shade,Standard,193.0,-0.002,0.051,,,,,-0.051,,-1,1,0.391,0.609,27,31,28,32,2,2,8.0,1.0,5.0,1.0,2.06,0.19,-0.19,28.2,,,,,,Cutter,False
CU,2026-06-27,85.0,-1.86,5.93,"Vásquez, Randy",660271,681190,,ball,,,,,14.0,,R,L,R,SD,LAD,B,,,0,2,2026,0.81,-0.4,0.2714320848974925,0.7938903935211172,,,,1,5,Top,,,,,,,3.2789363507782,-123.81445647875178,-4.628624515378497,7.687032697032839,23.8772276414183,-35.65541262161945,3.369201116,1.700344488,,,,84.7,3093.0,5.9,823283,666023,657757,695238,592518,593428,669392,701538,665487,54.56,,,,,,,,32,3,Curveball,0,1,1,0,1,0,1,0,Infield shade,Standard,75.0,-0.002,0.019,,,,,-0.019,,-1,1,0.393,0.607,27,31,28,32,2,2,8.0,1.0,5.0,1.0,3.54,-0.81,0.81,34.6,,,,,,Curveball,False
FF,2026-06-27,94.9,-1.8,5.88,"Vásquez, Randy",660271,681190,,foul,,,,,6.0,,R,L,R,SD,LAD,S,,,0,1,2026,-0.97,1.29,0.3811676080447771,2.4903788839020713,,,,1,5,Top,,,,,,,7.78397765187368,-137.9996996034718,-5.943564938495391,-14.120889974674364,28.24234286133396,-14.462818214163637,3.369201116,1.700344488,228.0,81.5,55.0,94.5,2537.0,5.9,823283,666023,657757,695238,592518,593428,669392,701538,665487,54.61,,,,,,,,32,2,4-Seam Fastball,0,1,1,0,1,0,1,0,Infield shade,Standard,222.0,0.004,-0.057,74.3,7.7,,,0.057,88.0,-1,1,0.389,0.611,27,31,28,32,2,2,8.0,1.0,5.0,1.0,1.22,0.97,-0.97,29.3,8.771932113261917,5.996335566838571,41.29284342303365,34.274782158363195,21.595084888886383,Four-seam,False
SL,2026-06-27,85.3,-2.02,5.67,"Vásquez, Randy",660271,681190,,called_strike,,,,,8.0,,R,L,R,SD,LAD,S,,,0,0,2026,0.67,0.59,-0.2677140288110508,1.770776665637308,,,,1,5,Top,,,,,,,2.7088074105262816,-124.28711452208528,-3.930958726322873,6.497557488371314,21.519075609317035,-25.51137820950334,3.369201116,1.700344488,,,,85.5,3005.0,6.0,823283,666023,657757,695238,592518,593428,669392,701538,665487,54.47,,,,,,,,32,1,Slider,0,1,1,0,1,0,1,0,Infield shade,Standard,92.0,0.003,-0.041,,,,,0.041,,-1,1,0.386,0.614,27,31,28,32,2,2,8.0,1.0,5.0,1.0,2.5,-0.67,0.67,27.7,,,,,,Slider,False
FF,2026-06-27,96.6,-1.83,5.85,"Vásquez, Randy",690976,681190,strikeout,foul_tip,,,,,3.0,Alex Freeland strikes out on a foul tip.,R,L,R,SD,LAD,S,2.0,,1,2,2026,-0.79,1.47,0.4378230674924047,3.1581814874977914,,,,0,5,Top,,,,,,,7.723236753873351,-140.5057483606692,-4.843946573863835,-12.09259428713994,28.348601943114076,-11.732873058152148,3.184899934,1.607332677,,,,96.5,2639.0,6.0,823283,666023,657757,695238,592518,593428,669392,701538,665487,54.51,,0.0,0.0,1.0,0.0,0.0,,31,4,4-Seam Fastball,0,1,1,0,1,0,1,0,Infield shade,Standard,219.0,0.017,-0.187,69.5,5.6,,,0.187,,-1,1,0.369,0.631,27,24,28,25,1,1,8.0,1.0,5.0,1.0,0.95,0.79,-0.79,32.0,-4.615709282790306,24.899617661806953,28.019734861080632,30.739143953375947,19.11639842413581,Four-seam,True
CH,2026-06-27,87.3,-1.99,5.71,"Vásquez, Randy",690976,681190,,called_strike,,,,,7.0,,R,L,R,SD,LAD,S,,,1,1,2026,-1.49,0.33,-0.356069237540934,1.7461735448312847,,,,0,5,Top,,,,,,,6.981867922330917,-127.03984800743378,-3.892365630190589,-17.59728980667592,23.431472944957186,-28.014717084210044,3.184899934,1.607332677,,,,87.3,2046.0,6.1,823283,666023,657757,695238,592518,593428,669392,701538,665487,54.44,,,,,,,,31,3,Changeup,0,1,1,0,1,0,1,0,Infield shade,Standard,242.0,0.006,-0.06,,,,,0.06,,-1,1,0.363,0.637,27,24,28,25,1,1,8.0,1.0,5.0,1.0,2.64,1.49,-1.49,28.6,,,,,,Changeup,False
FC,2026-06-27,91.5,-1.89,5.84,"Vásquez, Randy",690976,681190,,called_strike,,,,,8.0,,R,L,R,SD,LAD,S,,,1,0,2026,0.21,0.97,-0.0866604721139374,1.8468089910821328,,,,0,5,Top,,,,,,,3.9976889240753737,-133.31047085028038,-6.1617314290531375,1.8132075083762895,24.845725007280866,-19.501259592154355,3.184899934,1.607332677,,,,91.5,2742.0,5.9,823283,666023,657757,695238,592518,593428,669392,701538,665487,54.57,,,,,,,,31,2,Cutter,0,1,1,0,1,0,1,0,Infield shade,Standard,195.0,0.005,-0.055,,,,,0.055,,-1,1,0.358,0.642,27,24,28,25,1,1,8.0,1.0,5.0,1.0,1.72,-0.21,0.21,30.6,,,,,,Cutter,False
FC,2026-06-27,90.4,-2.1,5.81,"Vásquez, Randy",690976,681190,,ball,,,,,14.0,,R,L,R,SD,LAD,B,,,0,0,2026,0.28,0.72,0.6475106185786855,1.448747837306003,,,,0,5,Top,,,,,,,6.117106533587496,-131.58303957715904,-6.293276939732969,2.2064869170132506,23.7620213041962,-22.78512786649563,3.184899934,1.607332677,,,,90.6,2761.0,6.1,823283,666023,657757,695238,592518,593428,669392,701538,665487,54.43,,,,,,,,31,1,Cutter,0,1,1,0,1,0,1,0,Infield shade,Standard,194.0,-0.004,0.042,,,,,-0.042,,-1,1,0.362,0.638,27,24,28,25,1,1,8.0,1.0,5.0,1.0,2.04,-0.28,0.28,31.1,,,,,,Cutter,False
FC,2026-06-27,91.7,-1.99,5.73,"Vásquez, Randy",687221,681190,field_out,hit_into_play,,,,,7.0,"Dalton Rushing grounds out, second baseman Will Wagner to first baseman Gavin Sheets.",R,L,R,SD,LAD,X,4.0,ground_ball,3,2,2026,-0.04,0.79,-0.5330530843234343,1.668978547402914,,,663656.0,2,4,Top,148.71,152.59,,,,,3.714063229193069,-133.5786524188505,-5.9789161756020235,-1.2208235125971365,25.70061671394514,-21.64393305489033,3.191920932,1.610875984,86.0,106.8,4.0,91.9,2701.0,6.1,823283,666023,657757,695238,592518,593428,669392,701538,665487,54.4,0.623,0.606,0.0,1.0,0.0,0.0,4.0,26,6,Cutter,0,1,1,0,1,0,1,0,Infield shade,Standard,192.0,0.027,-0.327,72.0,8.2,,0.727,0.327,106.8,-1,1,0.401,0.599,27,25,28,25,1,1,8.0,1.0,5.0,2.0,1.89,0.04,-0.04,29.4,12.876937055455103,-2.4845569983327658,36.66498290719183,42.105138477894535,31.455279746604567,Cutter,True
FC,2026-06-27,93.3,-1.89,5.9,"Vásquez, Randy",687221,681190,,ball,,,,,11.0,,R,L,R,SD,LAD,B,,,2,2,2026,0.07,0.93,-0.2981598473167319,3.572945097125227,,,663656.0,2,4,Top,,,,,,,3.868680827151916,-135.86098974484932,-2.1510886639600812,0.0775960310301083,28.685377642702612,-20.426262243096293,3.191920932,1.610875984,,,,93.1,2736.0,6.1,823283,666023,657757,695238,592518,593428,669392,701538,665487,54.43,,,,,,,,26,5,Cutter,0,1,1,0,1,0,1,0,Infield shade,Standard,197.0,-0.007,0.081,,,,,-0.081,,-1,1,0.408,0.592,27,25,28,25,1,1,8.0,1.0,5.0,2.0,1.68,-0.07,0.07,31.6,,,,,,Cutter,False
FF,2026-06-27,95.9,-1.9,5.9,"Vásquez, Randy",687221,681190,,ball,,,,,13.0,,R,L,R,SD,LAD,B,,,1,2,2026,-0.99,1.32,-1.0908318511345492,1.889917611142172,,,663656.0,2,4,Top,,,,,,,4.366848730353351,-139.53320361319993,-7.785976919102322,-13.87047904584247,30.48400781639086,-13.43382353107086,3.191920932,1.610875984,,,,95.6,2476.0,6.1,823283,666023,657757,695238,592518,593428,669392,701538,665487,54.42,,,,,,,,26,4,4-Seam Fastball,0,1,1,0,1,0,1,0,Infield shade,Standard,220.0,-0.003,0.052,,,,,-0.052,,-1,1,0.411,0.589,27,25,28,25,1,1,8.0,1.0,5.0,2.0,1.16,0.99,-0.99,31.5,,,,,,Four-seam,False
FC,2026-06-27,92.8,-1.87,5.98,"Vásquez, Randy",687221,681190,,ball,,,,,11.0,,R,L,R,SD,LAD,B,,,0,2,2026,0.08,0.88,-0.0297853079244741,3.687483151221346,,,663656.0,2,4,Top,,,,,,,4.44728623212938,-135.24842998636004,-1.929545302163326,0.1184396150933413,26.280122798359464,-21.05936261972835,3.191920932,1.610875984,,,,92.8,2709.0,6.0,823283,666023,657757,695238,592518,593428,669392,701538,665487,54.52,,,,,,,,26,3,Cutter,0,1,1,0,1,0,1,0,Infield shade,Standard,190.0,-0.003,0.021,,,,,-0.021,,-1,1,0.414,0.586,27,25,28,25,1,1,8.0,1.0,5.0,2.0,1.73,-0.08,0.08,31.3,,,,,,Cutter,False
FC,2026-06-27,91.5,-1.85,5.87,"Vásquez, Randy",687221,681190,,swinging_strike,,,,,2.0,,R,L,R,SD,LAD,S,,,0,1,2026,-0.04,0.82,0.0700534098223978,3.1930240943468844,,,663656.0,2,4,Top,,,,,,,4.838282684323483,-133.37415523063802,-2.5756251990521464,-1.392913086479872,24.907858874796545,-22.040160765624176,3.191920932,1.610875984,,,,91.6,2759.0,6.0,823283,666023,657757,695238,592518,593428,669392,701538,665487,54.54,,,,,,,,26,2,Cutter,0,1,1,0,1,0,1,0,Infield shade,Standard,196.0,0.006,-0.061,72.0,6.9,0.360784332,,0.061,,-1,1,0.408,0.592,27,25,28,25,1,1,8.0,1.0,5.0,2.0,1.87,0.04,-0.04,32.5,8.209007510546412,11.085274099482614,32.711115589581716,35.120816555928435,22.52592097957797,Cutter,False
FC,2026-06-27,92.4,-2.0,5.79,"Vásquez, Randy",687221,681190,,foul,,,,,9.0,,R,L,R,SD,LAD,S,,,0,0,2026,-0.13,0.58,0.3320164434812884,1.8501171297752843,,,663656.0,2,4,Top,,,,,,,6.133893781152627,-134.49940721356205,-5.339764602710358,-2.786719127720915,24.77511737916028,-24.23642795963016,3.191920932,1.610875984,2.0,84.2,-41.0,92.5,2667.0,6.0,823283,666023,657757,695238,592518,593428,669392,701538,665487,54.48,,,,,,,,26,1,Cutter,0,1,1,0,1,0,1,0,Infield shade,Standard,204.0,0.004,-0.041,69.5,7.5,,,0.041,88.0,-1,1,0.404,0.596,27,25,28,25,1,1,8.0,1.0,5.0,2.0,2.06,0.13,-0.13,29.1,11.118276211082058,2.5624000773048294,37.49385024530983,32.137331132448594,27.34837202555589,Cutter,False
CU,2026-06-27,84.7,-1.92,5.91,"Vásquez, Randy",663656,681190,single,hit_into_play,,,,,5.0,Kyle Tucker singles on a line drive to left fielder Samad Taylor.,R,L,R,SD,LAD,X,7.0,line_drive,1,0,2026,1.03,-0.6,-0.1796255703305143,2.456924712905429,,,,2,4,Top,83.45,103.35,,,,,1.9286862223521648,-123.41150280675464,-0.324047514853201,10.188824747128482,23.261687459905488,-38.516627170976975,3.350770997,1.691043307,262.0,85.7,19.0,84.6,3202.0,6.0,823283,666023,657757,695238,592518,593428,669392,701538,665487,54.47,0.794,0.719,0.9,1.0,1.0,0.0,4.0,25,2,Curveball,0,1,1,0,1,0,1,0,Infield shade,Standard,81.0,-0.012,0.287,71.0,6.6,,0.892,-0.287,88.0,-1,1,0.416,0.584,27,29,28,29,1,1,8.0,1.0,5.0,1.0,3.76,-1.03,1.03,33.4,-2.332579989399528,14.566177316639433,34.524795936059874,37.64313033553426,20.42852943253663,Curveball,True
FF,2026-06-27,96.7,-2.02,5.83,"Vásquez, Randy",663656,681190,,ball,,,,,13.0,,R,L,R,SD,LAD,B,,,0,0,2026,-0.85,1.35,-1.018843244436227,2.449224154468137,,,,2,4,Top,,,,,,,4.592953864375579,-140.71840738630823,-6.366263652393856,-12.352466650828095,30.79307364184241,-13.03341210899214,3.350770997,1.691043307,,,,96.5,2434.0,6.1,823283,666023,657757,695238,592518,593428,669392,701538,665487,54.4,,,,,,,,25,1,4-Seam Fastball,0,1,1,0,1,0,1,0,Infield shade,Standard,219.0,-0.001,0.041,,,,,-0.041,,-1,1,0.417,0.583,27,29,28,29,1,1,8.0,1.0,5.0,1.0,1.08,0.85,-0.85,31.9,,,,,,Four-seam,False
FC,2026-06-27,93.0,-2.07,5.82,"Vásquez, Randy",669242,681190,field_out,hit_into_play,,,,,5.0,Tommy Edman flies out to left fielder Samad Taylor.,R,L,R,SD,LAD,X,7.0,fly_ball,0,0,2026,-0.14,0.83,-0.0425115495089083,2.2134259999136843,,,,1,4,Top,51.75,110.98,,,,,5.400069510022968,-135.30958759862625,-5.117670758715642,-2.7794472291428316,27.43044257064188,-21.01559566883,3.102403215,1.565698819,285.0,92.8,49.0,92.6,2603.0,5.9,823283,666023,657757,695238,592518,593428,669392,701538,665487,54.61,0.003,0.003,0.0,1.0,0.0,0.0,3.0,24,1,Cutter,0,1,1,0,1,0,1,0,Infield shade,Standard,206.0,0.017,-0.261,68.9,6.6,,0.005,0.261,92.8,-1,1,0.4,0.6,27,31,28,31,1,1,8.0,1.0,5.0,1.0,1.79,0.14,-0.14,38.2,14.729973906362886,5.461893498628655,32.69346625582047,35.916832515538346,26.073962861672907,Cutter,True
FC,2026-06-27,93.0,-2.03,5.82,"Vásquez, Randy",571970,681190,field_out,hit_into_play,,,,,9.0,"Max Muncy grounds out, shortstop Xander Bogaerts to first baseman Gavin Sheets.",R,L,R,SD,LAD,X,6.0,ground_ball,0,1,2026,-0.03,0.98,0.3448900024031971,1.513289644012805,,,,0,4,Top,127.42,147.52,,,,,6.025674313587036,-135.40467989232144,-7.263193696461399,-1.508919978290858,25.04951395397177,-18.733763534164883,3.127854331,1.578543307,16.0,91.7,-4.0,93.0,2742.0,5.9,823283,666023,657757,695238,592518,593428,669392,701538,665487,54.6,0.216,0.195,0.0,1.0,0.0,0.0,2.0,23,2,Cutter,0,1,1,0,1,0,1,0,Infield shade,Standard,209.0,0.02,-0.218,68.3,6.2,,0.229,0.218,91.7,-1,1,0.38,0.62,27,35,28,36,1,1,8.0,1.0,5.0,1.0,1.62,0.03,-0.03,29.4,-7.914348427960824,14.822138511686475,43.15178974060708,32.2874024359126,24.230630637933334,Cutter,True
FF,2026-06-27,95.6,-2.02,5.87,"Vásquez, Randy",571970,681190,,called_strike,,,,,2.0,,R,L,R,SD,LAD,S,,,0,0,2026,-0.95,1.26,0.2472475018595942,2.713177162701145,,,,0,4,Top,,,,,,,8.011160289441458,-139.07683155244246,-5.376257808698554,-14.07015440019187,29.299574813695727,-14.71728207389493,3.127854331,1.578543307,,,,95.1,2555.0,5.9,823283,666023,657757,695238,592518,593428,669392,701538,665487,54.61,,,,,,,,23,1,4-Seam Fastball,0,1,1,0,1,0,1,0,Infield shade,Standard,220.0,0.003,-0.041,,,,,0.041,,-1,1,0.377,0.623,27,35,28,36,1,1,8.0,1.0,5.0,1.0,1.22,0.95,-0.95,31.6,,,,,,Four-seam,False
FC,2026-06-27,91.6,-1.88,5.75,"Vásquez, Randy",605141,681190,force_out,hit_into_play,,,,,8.0,"Mookie Betts grounds into a force out, third baseman Manny Machado to second baseman Will Wagner. Freddie Freeman out at 2nd.",R,R,R,SD,LAD,X,5.0,ground_ball,2,2,2026,0.07,0.54,0.2242792199362434,1.907943541809024,,,518692.0,2,3,Top,99.03,166.28,,,,,5.080459537988621,-133.43568053984885,-4.843388726452206,-0.1378807562026759,26.142074321679253,-24.96918752669018,3.096259843,1.562598425,12.0,96.7,-10.0,91.8,2747.0,6.2,823283,666023,657757,695238,592518,593428,669392,701538,665487,54.34,0.24,0.222,0.0,1.0,0.0,0.0,2.0,19,7,Cutter,0,1,1,0,1,0,1,0,Standard,Standard,194.0,0.02,-0.246,66.6,6.9,,0.265,0.246,96.7,-1,1,0.417,0.583,27,33,28,34,1,1,8.0,1.0,5.0,1.0,2.16,-0.07,-0.07,29.6,7.660042495902169,-7.388754408348563,35.122488224150146,38.72796967850812,37.23477667718068,Cutter,True
FC,2026-06-27,90.8,-1.97,5.75,"Vásquez, Randy",605141,681190,,ball,,,,,14.0,,R,R,R,SD,LAD,B,,,1,2,2026,0.24,0.86,1.5438984189244394,1.1763706533155127,,,518692.0,2,3,Top,,,,,,,8.141839040748408,-132.09602263849845,-7.257021537783404,1.4055265217816917,22.919695455317743,-20.80270442171078,3.096259843,1.562598425,,,,91.3,2742.0,6.2,823283,666023,657757,695238,592518,593428,669392,701538,665487,54.29,,,,,,,,19,6,Cutter,0,1,1,0,1,0,1,0,Standard,Standard,191.0,-0.004,0.052,,,,,-0.052,,-1,1,0.421,0.579,27,33,28,34,1,1,8.0,1.0,5.0,1.0,1.86,-0.24,-0.24,29.0,,,,,,Cutter,False
ST,2026-06-27,86.0,-1.86,5.76,"Vásquez, Randy",605141,681190,,ball,,,,,12.0,,R,R,R,SD,LAD,B,,,0,2,2026,0.95,0.41,1.386116529410942,2.4403913110648734,,,518692.0,2,3,Top,,,,,,,5.625571901447015,-125.25570258510366,-2.3709257620286968,9.184187225625587,21.09364096234319,-27.55944833622733,3.096259843,1.562598425,,,,86.5,2928.0,6.2,823283,666023,657757,695238,592518,593428,669392,701538,665487,54.3,,,,,,,,19,5,Sweeper,0,1,1,0,1,0,1,0,Standard,Standard,103.0,-0.002,0.021,,,,,-0.021,,-1,1,0.423,0.577,27,33,28,34,1,1,8.0,1.0,5.0,1.0,2.62,-0.95,-0.95,34.3,,,,,,Sweeper,False
FF,2026-06-27,96.1,-1.7,5.87,"Vásquez, Randy",605141,681190,,foul,,,,,3.0,,R,R,R,SD,LAD,S,,,0,2,2026,-0.91,1.09,0.4800462320817277,2.6580775410108943,,,518692.0,2,3,Top,,,,,,,7.765043144209213,-139.7809674373687,-5.272954421138482,-13.53169633911504,27.71562582653746,-16.860437443763356,3.096259843,1.562598425,,,,96.4,2424.0,6.2,823283,666023,657757,695238,592518,593428,669392,701538,665487,54.28,,,,,,,,19,4,4-Seam Fastball,0,1,1,0,1,0,1,0,Standard,Standard,218.0,0.0,0.0,72.9,6.9,,,0.0,,-1,1,0.423,0.577,27,33,28,34,1,1,8.0,1.0,5.0,1.0,1.36,0.91,0.91,32.1,11.833117271395516,-6.551232899830494,22.677000663816933,42.63435455723173,32.98919756657114,Four-seam,False
FF,2026-06-27,97.1,-1.8,5.95,"Vásquez, Randy",605141,681190,,foul,,,,,11.0,,R,R,R,SD,LAD,S,,,0,2,2026,-0.83,1.47,-0.252796462676215,3.2968393866503973,,,518692.0,2,3,Top,,,,,,,6.0087310080288505,-141.37670986862403,-4.824377873803741,-12.429199362397355,30.23612434299844,-11.504882578830102,3.096259843,1.562598425,146.0,66.5,62.0,97.1,2478.0,6.1,823283,666023,657757,695238,592518,593428,669392,701538,665487,54.36,,,,,,,,19,3,4-Seam Fastball,0,1,1,0,1,0,1,0,Standard,Standard,217.0,0.0,0.0,57.4,5.5,,,0.0,88.0,-1,1,0.423,0.577,27,33,28,34,1,1,8.0,1.0,5.0,1.0,0.93,0.83,0.83,33.5,-0.9324799601830478,13.421116541059712,26.93987130504042,34.42632903705949,20.890972709741504,Four-seam,False
FF,2026-06-27,96.8,-1.77,5.87,"Vásquez, Randy",605141,681190,,called_strike,,,,,6.0,,R,R,R,SD,LAD,S,,,0,1,2026,-0.98,1.19,0.7333523981976083,2.4824206331660568,,,518692.0,2,3,Top,,,,,,,8.823539100810455,-140.74335637564627,-6.025218684923736,-14.994205980706475,30.31851306806576,-15.165309547484076,3.096259843,1.562598425,,,,96.6,2474.0,6.1,823283,666023,657757,695238,592518,593428,669392,701538,665487,54.37,,,,,,,,19,2,4-Seam Fastball,0,1,1,0,1,0,1,0,Standard,Standard,225.0,0.006,-0.061,,,,,0.061,,-1,1,0.417,0.583,27,33,28,34,1,1,8.0,1.0,5.0,1.0,1.24,0.98,0.98,30.3,,,,,,Four-seam,False
FF,2026-06-27,96.2,-1.81,5.9,"Vásquez, Randy",605141,681190,,foul,,,,,5.0,,R,R,R,SD,LAD,S,,,0,0,2026,-0.81,1.41,0.1110663064045812,2.079465708332068,,,518692.0,2,3,Top,,,,,,,6.8498795675754955,-139.75732309111493,-7.547290939621586,-12.121462340349892,30.375270691779185,-12.129168461526016,3.096259843,1.562598425,207.0,72.9,37.0,95.9,2480.0,6.1,823283,666023,657757,695238,592518,593428,669392,701538,665487,54.36,,,,,,,,19,1,4-Seam Fastball,0,1,1,0,1,0,1,0,Standard,Standard,215.0,0.003,-0.041,68.6,6.6,,,0.041,88.0,-1,1,0.414,0.586,27,33,28,34,1,1,8.0,1.0,5.0,1.0,1.05,0.81,0.81,35.1,-3.6200485468814927,8.174072928217287,36.92862647991864,39.60839854785077,25.292930202084545,Four-seam,False
ST,2026-06-27,86.1,-2.25,5.67,"Vásquez, Randy",518692,681190,single,hit_into_play,,,,,8.0,Freddie Freeman singles on a ground ball to right fielder Fernando Tatis Jr.,R,L,R,SD,LAD,X,9.0,ground_ball,0,1,2026,0.77,0.24,0.0784613420224348,1.8623240278304545,,,,2,3,Top,155.81,87.7,,,,,3.86830646303716,-125.42661832100674,-3.0752480264333704,7.332146097334612,25.132357555482656,-29.220417704924685,3.382365486,1.706988189,130.0,105.2,8.0,85.9,3026.0,6.1,823283,666023,657757,695238,592518,593428,669392,701538,665487,54.39,0.686,0.642,0.9,1.0,1.0,0.0,4.0,18,2,Sweeper,0,1,1,0,1,0,1,0,Infield shade,Standard,98.0,-0.014,0.374,72.8,6.9,,0.792,-0.374,105.2,-1,1,0.428,0.572,27,36,28,37,1,1,8.0,1.0,5.0,1.0,2.82,-0.77,0.77,26.9,2.356882064164895,1.018185167524434,47.744481018617535,37.99034152331211,26.535881799967783,Sweeper,True
FC,2026-06-27,92.1,-2.02,5.82,"Vásquez, Randy",518692,681190,,called_strike,,,,,8.0,,R,L,R,SD,LAD,S,,,0,0,2026,0.14,0.76,0.0464692384721331,2.1270505931247934,,,681624.0,1,3,Top,,,,,,,4.83458048870805,-134.08749038700606,-4.983382891558269,0.6922217491495948,28.833963073124096,-22.07144631388917,3.382365486,1.706988189,,,,91.5,2671.0,5.9,823283,666023,657757,695238,592518,593428,669392,701538,665487,54.59,,,,,,,,18,1,Cutter,0,1,1,0,1,0,1,0,Infield shade,Standard,194.0,0.042,-0.037,,,,,0.037,,-1,1,0.386,0.614,27,36,28,37,1,1,8.0,1.0,5.0,1.0,1.92,-0.14,0.14,35.2,,,,,,Cutter,False
FC,2026-06-27,91.3,-1.91,5.77,"Vásquez, Randy",681624,681190,single,hit_into_play,,,,,8.0,Andy Pages singles on a line drive to center fielder Jackson Merrill.,R,R,R,SD,LAD,X,8.0,line_drive,2,1,2026,0.18,0.83,0.1092490447726984,2.09713800440241,,,,1,3,Top,130.89,100.01,,,,,4.600467416725476,-132.92129322913803,-5.014888723671762,1.271723442844756,24.83519590164596,-21.42358965203938,3.23667979,1.633464567,210.0,83.4,15.0,91.4,2628.0,6.0,823283,666023,657757,695238,592518,593428,669392,701538,665487,54.48,0.963,0.905,0.9,1.0,1.0,0.0,4.0,17,4,Cutter,0,1,1,0,1,0,1,0,Standard,Standard,196.0,-0.022,0.372,76.5,7.6,,1.087,-0.372,88.0,-1,1,0.408,0.592,27,25,28,26,1,1,8.0,1.0,5.0,1.0,1.87,-0.18,-0.18,28.7,-1.1407456918452852,5.924394471922445,43.56798565497986,37.12268390905133,25.421095207483315,Cutter,True
FF,2026-06-27,95.7,-1.82,5.86,"Vásquez, Randy",681624,681190,,ball,,,,,12.0,,R,R,R,SD,LAD,B,,,1,1,2026,-0.85,1.23,0.3183674395599803,3.7549559237860497,,,,1,3,Top,,,,,,,7.490915091576886,-139.2469279987218,-2.6293361588991635,-12.686124844355628,29.5378258221378,-15.681592383294753,3.23667979,1.633464567,,,,95.6,2511.0,6.1,823283,666023,657757,695238,592518,593428,669392,701538,665487,54.41,,,,,,,,17,3,4-Seam Fastball,0,1,1,0,1,0,1,0,Standard,Standard,218.0,-0.003,0.056,,,,,-0.056,,-1,1,0.411,0.589,27,25,28,26,1,1,8.0,1.0,5.0,1.0,1.24,0.85,0.85,30.7,,,,,,Four-seam,False
FF,2026-06-27,95.9,-1.98,5.87,"Vásquez, Randy",681624,681190,,foul,,,,,3.0,,R,R,R,SD,LAD,S,,,1,0,2026,-0.77,1.56,0.3314807511386014,3.2963481662265437,,,,1,3,Top,,,,,,,7.715760875547939,-139.4482296528521,-4.565894859186888,-11.76398585267101,31.635049268690185,-10.949825363121278,3.23667979,1.633464567,,,,95.1,2506.0,5.9,823283,666023,657757,695238,592518,593428,669392,701538,665487,54.62,,,,,,,,17,2,4-Seam Fastball,0,1,1,0,1,0,1,0,Standard,Standard,218.0,0.003,-0.05,75.7,7.2,,,0.05,,-1,1,0.408,0.592,27,25,28,26,1,1,8.0,1.0,5.0,1.0,0.92,0.77,0.77,32.5,5.338963951156451,1.4948314500192288,29.59390635703462,40.51076653478842,24.429042706057764,Four-seam,False
FC,2026-06-27,92.7,-1.92,5.82,"Vásquez, Randy",681624,681190,,ball,,,,,14.0,,R,R,R,SD,LAD,B,,,0,0,2026,-0.05,0.87,1.1978050439446517,1.7739980785064997,,,,1,3,Top,,,,,,,7.959274055455157,-134.81888061701784,-6.289958288716777,-2.111507072693966,25.353903758907823,-20.469077813645686,3.23667979,1.633464567,,,,92.9,2684.0,6.2,823283,666023,657757,695238,592518,593428,669392,701538,665487,54.34,,,,,,,,17,1,Cutter,0,1,1,0,1,0,1,0,Standard,Standard,203.0,-0.002,0.041,,,,,-0.041,,-1,1,0.41,0.59,27,25,28,26,1,1,8.0,1.0,5.0,1.0,1.76,0.05,0.05,30.9,,,,,,Cutter,False
CH,2026-06-27,88.7,-2.01,5.8,"Vásquez, Randy",660271,681190,field_out,hit_into_play,,,,,4.0,Shohei Ohtani pops out to third baseman Manny Machado.,R,L,R,SD,LAD,X,5.0,popup,2,2,2026,-1.5,0.62,-0.5877032677134624,2.824580636860629,,,,0,3,Top,114.33,173.43,,,,,6.600934602726633,-129.1145029674856,-2.345846338035041,-18.175091948202876,25.571635301761503,-24.985094613489014,3.369201116,1.700344488,78.0,92.0,75.0,88.5,1982.0,6.0,823283,666023,657757,695238,592518,593428,669392,701538,665487,54.45,0.001,0.0,0.0,1.0,0.0,0.0,3.0,16,6,Changeup,0,1,1,0,1,0,1,0,Infield shade,Standard,241.0,0.019,-0.232,72.6,8.9,,0.001,0.232,92.0,-1,1,0.391,0.609,27,31,28,32,1,1,8.0,1.0,5.0,1.0,2.27,1.5,-1.5,32.0,22.46565124977611,-10.949326799804554,32.861250046866154,46.618998561470086,30.09544689920857,Changeup,True
CU,2026-06-27,84.0,-1.98,5.89,"Vásquez, Randy",660271,681190,,ball,,,,,14.0,,R,L,R,SD,LAD,B,,,1,2,2026,1.12,-0.37,1.2692075016820354,0.5766955367421809,,,,0,3,Top,,,,,,,5.146899027124354,-122.2201275571142,-4.877761409988216,10.17262794622476,24.1828676708468,-35.093801439316806,3.369201116,1.700344488,,,,83.5,3226.0,6.0,823283,666023,657757,695238,592518,593428,669392,701538,665487,54.53,,,,,,,,16,5,Curveball,0,1,1,0,1,0,1,0,Infield shade,Standard,74.0,-0.004,0.046,,,,,-0.046,,-1,1,0.395,0.605,27,31,28,32,1,1,8.0,1.0,5.0,1.0,3.6,-1.12,1.12,35.6,,,,,,Curveball,False
FF,2026-06-27,95.5,-1.95,5.95,"Vásquez, Randy",660271,681190,,foul,,,,,2.0,,R,L,R,SD,LAD,S,,,1,2,2026,-0.94,1.38,0.0406805822794568,3.42981041632391,,,,0,3,Top,,,,,,,7.268455240815013,-138.9551017495467,-3.956766123311903,-13.808731576789622,31.13611954290827,-13.589167606848552,3.369201116,1.700344488,94.0,77.9,27.0,94.9,2523.0,5.9,823283,666023,657757,695238,592518,593428,669392,701538,665487,54.56,,,,,,,,16,4,4-Seam Fastball,0,1,1,0,1,0,1,0,Infield shade,Standard,218.0,0.0,0.0,72.9,7.3,,,0.0,88.0,-1,1,0.395,0.605,27,31,28,32,1,1,8.0,1.0,5.0,1.0,1.12,0.94,-0.94,31.6,12.93986977274598,4.43950567238694,31.241354778028043,38.969708914394666,20.461389343704887,Four-seam,False
CU,2026-06-27,84.5,-1.97,5.91,"Vásquez, Randy",660271,681190,,swinging_strike,,,,,14.0,,R,L,R,SD,LAD,S,,,1,1,2026,1.06,-0.23,1.4950444008605126,1.6669394447098125,,,,0,3,Top,,,,,,,5.791167380915834,-122.96384962850672,-2.84084680663455,9.67970998910046,23.66819801396119,-34.155454408819715,3.369201116,1.700344488,,,,84.2,3187.0,6.0,823283,666023,657757,695238,592518,593428,669392,701538,665487,54.49,,,,,,,,16,3,Curveball,0,1,1,0,1,0,1,0,Infield shade,Standard,79.0,0.006,-0.06,73.6,8.6,2.732188476,,0.06,,-1,1,0.389,0.611,27,31,28,32,1,1,8.0,1.0,5.0,1.0,3.41,-1.06,1.06,34.1,27.725168031430485,-25.109139635899528,46.773135865098645,22.66017193128212,41.85506789079974,Curveball,False
FC,2026-06-27,91.1,-1.98,5.91,"Vásquez, Randy",660271,681190,,ball,,,,,11.0,,R,L,R,SD,LAD,B,,,0,1,2026,-0.04,0.83,-0.1878772538487958,3.7283409591010663,,,,0,3,Top,,,,,,,4.5141163865648215,-132.71268373952466,-1.3045831887367472,-1.3815256846950967,24.993968546787595,-22.216896501783378,3.369201116,1.700344488,,,,91.0,2792.0,5.9,823283,666023,657757,695238,592518,593428,669392,701538,665487,54.57,,,,,,,,16,2,Cutter,0,1,1,0,1,0,1,0,Infield shade,Standard,191.0,-0.002,0.029,,,,,-0.029,,-1,1,0.391,0.609,27,31,28,32,1,1,8.0,1.0,5.0,1.0,1.88,0.04,-0.04,32.5,,,,,,Cutter,False
FC,2026-06-27,91.7,-2.17,5.84,"Vásquez, Randy",660271,681190,,called_strike,,,,,9.0,,R,L,R,SD,LAD,S,,,0,0,2026,0.15,1.01,0.5628004742097322,1.9821059459946169,,,,0,3,Top,,,,,,,6.45022592530134,-133.53000939101105,-5.956267236739589,0.6122918060175285,24.260699142731685,-18.957057305175063,3.369201116,1.700344488,,,,91.9,2810.0,6.0,823283,666023,657757,695238,592518,593428,669392,701538,665487,54.51,,,,,,,,16,1,Cutter,0,1,1,0,1,0,1,0,Infield shade,Standard,202.0,0.003,-0.041,,,,,0.041,,-1,1,0.388,0.612,27,31,28,32,1,1,8.0,1.0,5.0,1.0,1.66,-0.15,0.15,31.1,,,,,,Cutter,False
